ts_code,trade_time,open,high,low,close,vol,amount
001395.SZ,2026-01-05 09:30:00,43.4,43.41,43.4,43.41,5400,234364.0
001395.SZ,2026-01-05 09:31:00,43.54,43.78,43.41,43.55,7900,343801.0
001395.SZ,2026-01-05 09:32:00,43.51,43.51,43.42,43.42,5400,234794.0
001395.SZ,2026-01-05 09:33:00,43.45,43.48,43.41,43.48,9300,403816.0
001395.SZ,2026-01-05 09:34:00,43.5,43.53,43.41,43.49,3800,165270.0
001395.SZ,2026-01-05 09:35:00,43.45,43.48,43.45,43.48,4300,186955.0
001395.SZ,2026-01-05 09:36:00,43.54,43.57,43.49,43.56,6300,274340.0
001395.SZ,2026-01-05 09:37:00,43.59,43.59,43.52,43.52,3500,152520.0
001395.SZ,2026-01-05 09:38:00,43.56,43.56,43.49,43.49,2200,95739.0
001395.SZ,2026-01-05 09:39:00,43.49,43.49,43.45,43.45,2586,112386.7
001395.SZ,2026-01-05 09:40:00,43.45,43.45,43.4,43.4,8314,360993.3
001395.SZ,2026-01-05 09:41:00,43.43,43.57,43.43,43.57,3800,165298.0
001395.SZ,2026-01-05 09:42:00,43.58,43.59,43.5,43.59,13900,605292.0
001395.SZ,2026-01-05 09:43:00,43.56,43.56,43.41,43.41,10300,448255.0
001395.SZ,2026-01-05 09:44:00,43.5,43.55,43.5,43.55,2300,100150.0
001395.SZ,2026-01-05 09:45:00,43.55,43.55,43.54,43.55,10200,444147.0
001395.SZ,2026-01-05 09:46:00,43.55,43.66,43.5,43.51,24600,1071088.0
001395.SZ,2026-01-05 09:47:00,43.58,43.58,43.51,43.51,6600,287318.0
001395.SZ,2026-01-05 09:48:00,43.51,43.51,43.43,43.43,10600,460881.0
001395.SZ,2026-01-05 09:49:00,43.51,43.51,43.44,43.44,5200,226228.0
001395.SZ,2026-01-05 09:50:00,43.44,43.48,43.44,43.48,500,21736.0
001395.SZ,2026-01-05 09:51:00,43.48,43.48,43.48,43.48,300,13044.0
001395.SZ,2026-01-05 09:52:00,43.46,43.48,43.46,43.48,3900,169542.0
001395.SZ,2026-01-05 09:53:00,43.52,43.6,43.52,43.53,4500,195951.0
001395.SZ,2026-01-05 09:54:00,43.53,43.61,43.53,43.61,2700,117580.0
001395.SZ,2026-01-05 09:55:00,43.66,43.66,43.61,43.61,2400,104714.0
001395.SZ,2026-01-05 09:56:00,43.61,43.69,43.61,43.68,3100,135302.0
001395.SZ,2026-01-05 09:57:00,43.72,43.72,43.68,43.7,8900,388832.0
001395.SZ,2026-01-05 09:58:00,43.74,43.74,43.71,43.71,1300,56841.0
001395.SZ,2026-01-05 09:59:00,43.7,43.73,43.7,43.73,1600,69942.0
001395.SZ,2026-01-05 10:00:00,43.73,43.75,43.72,43.73,6600,288579.0
001395.SZ,2026-01-05 10:01:00,43.73,43.75,43.73,43.74,4400,192493.0
001395.SZ,2026-01-05 10:02:00,43.75,43.76,43.75,43.75,500,21878.0
001395.SZ,2026-01-05 10:03:00,43.77,43.78,43.76,43.76,2900,126945.0
001395.SZ,2026-01-05 10:04:00,43.83,43.83,43.75,43.75,13300,582092.0
001395.SZ,2026-01-05 10:05:00,43.82,43.82,43.77,43.77,1500,65718.0
001395.SZ,2026-01-05 10:06:00,43.77,43.77,43.77,43.77,0,0.0
001395.SZ,2026-01-05 10:07:00,43.77,43.77,43.77,43.77,700,30640.0
001395.SZ,2026-01-05 10:08:00,43.77,43.77,43.76,43.77,2300,100661.0
001395.SZ,2026-01-05 10:09:00,43.77,43.77,43.76,43.76,1800,78773.0
001395.SZ,2026-01-05 10:10:00,43.76,43.76,43.75,43.76,1500,65639.0
001395.SZ,2026-01-05 10:11:00,43.75,43.75,43.74,43.74,3300,144370.0
001395.SZ,2026-01-05 10:12:00,43.73,43.73,43.73,43.73,1300,56849.0
001395.SZ,2026-01-05 10:13:00,43.72,43.74,43.71,43.74,4500,196779.0
001395.SZ,2026-01-05 10:14:00,43.75,43.8,43.75,43.79,9100,398276.0
001395.SZ,2026-01-05 10:15:00,43.79,43.79,43.78,43.79,2200,96333.0
001395.SZ,2026-01-05 10:16:00,43.79,43.79,43.76,43.76,1200,52538.0
001395.SZ,2026-01-05 10:17:00,43.79,43.79,43.76,43.76,1700,74401.0
001395.SZ,2026-01-05 10:18:00,43.79,43.8,43.79,43.8,5700,249624.0
001395.SZ,2026-01-05 10:19:00,43.81,43.89,43.81,43.85,16580,726890.6
001395.SZ,2026-01-05 10:20:00,43.81,43.85,43.79,43.85,1100,48191.0
001395.SZ,2026-01-05 10:21:00,43.8,43.87,43.8,43.87,4400,192907.0
001395.SZ,2026-01-05 10:22:00,43.87,43.89,43.86,43.86,4500,197403.0
001395.SZ,2026-01-05 10:23:00,43.87,43.9,43.86,43.9,7300,320322.0
001395.SZ,2026-01-05 10:24:00,43.94,43.95,43.88,43.88,9100,399835.0
001395.SZ,2026-01-05 10:25:00,43.91,43.95,43.91,43.94,6400,281203.0
001395.SZ,2026-01-05 10:26:00,43.94,43.94,43.92,43.94,5700,250456.0
001395.SZ,2026-01-05 10:27:00,43.93,43.95,43.91,43.95,5200,228486.0
001395.SZ,2026-01-05 10:28:00,43.93,43.95,43.92,43.95,4700,206511.0
001395.SZ,2026-01-05 10:29:00,43.93,43.93,43.89,43.89,2700,118544.0
001395.SZ,2026-01-05 10:30:00,43.92,43.95,43.92,43.95,2400,105426.0
001395.SZ,2026-01-05 10:31:00,43.95,43.95,43.94,43.94,3700,162600.0
001395.SZ,2026-01-05 10:32:00,43.94,43.95,43.9,43.95,5300,232891.0
001395.SZ,2026-01-05 10:33:00,43.96,43.96,43.92,43.93,8900,391048.0
001395.SZ,2026-01-05 10:34:00,43.93,43.93,43.9,43.93,2400,105394.0
001395.SZ,2026-01-05 10:35:00,43.93,43.94,43.91,43.94,4600,202039.0
001395.SZ,2026-01-05 10:36:00,43.91,43.96,43.91,43.96,2668,117247.88
001395.SZ,2026-01-05 10:37:00,43.96,43.97,43.95,43.97,5200,228600.0
001395.SZ,2026-01-05 10:38:00,43.98,43.98,43.95,43.95,3300,145100.0
001395.SZ,2026-01-05 10:39:00,43.98,43.99,43.98,43.98,3900,171530.0
001395.SZ,2026-01-05 10:40:00,43.98,44.0,43.98,43.98,2900,127564.0
001395.SZ,2026-01-05 10:41:00,43.98,44.03,43.98,44.03,4200,184813.0
001395.SZ,2026-01-05 10:42:00,44.04,44.08,44.04,44.04,5900,259976.0
001395.SZ,2026-01-05 10:43:00,44.04,44.09,44.04,44.04,4100,180731.0
001395.SZ,2026-01-05 10:44:00,44.05,44.11,44.05,44.05,7400,326099.0
001395.SZ,2026-01-05 10:45:00,44.06,44.07,44.02,44.07,1200,52869.0
001395.SZ,2026-01-05 10:46:00,44.07,44.1,44.06,44.07,4900,215980.0
001395.SZ,2026-01-05 10:47:00,44.06,44.1,44.06,44.1,2800,123397.0
001395.SZ,2026-01-05 10:48:00,44.1,44.1,44.08,44.1,5500,242538.0
001395.SZ,2026-01-05 10:49:00,44.09,44.1,44.08,44.1,1800,79363.0
001395.SZ,2026-01-05 10:50:00,44.1,44.12,44.08,44.12,5040,222285.2
001395.SZ,2026-01-05 10:51:00,44.12,44.15,44.11,44.14,5800,255988.0
001395.SZ,2026-01-05 10:52:00,44.14,44.14,44.11,44.14,2300,101513.0
001395.SZ,2026-01-05 10:53:00,44.14,44.18,44.14,44.18,5200,229672.0
001395.SZ,2026-01-05 10:54:00,44.18,44.19,44.15,44.16,3600,159019.0
001395.SZ,2026-01-05 10:55:00,44.19,44.19,44.12,44.12,2100,92750.0
001395.SZ,2026-01-05 10:56:00,44.18,44.19,44.18,44.19,4200,185563.0
001395.SZ,2026-01-05 10:57:00,44.18,44.19,44.18,44.19,3600,159079.0
001395.SZ,2026-01-05 10:58:00,44.19,44.24,44.19,44.24,4400,194523.0
001395.SZ,2026-01-05 10:59:00,44.19,44.25,44.16,44.18,5100,225326.0
001395.SZ,2026-01-05 11:00:00,44.19,44.19,44.19,44.19,800,35348.0
001395.SZ,2026-01-05 11:01:00,44.22,44.3,44.22,44.3,13300,588682.0
001395.SZ,2026-01-05 11:02:00,44.33,44.33,44.2,44.2,5600,248014.0
001395.SZ,2026-01-05 11:03:00,44.2,44.26,44.2,44.21,10200,451024.0
001395.SZ,2026-01-05 11:04:00,44.21,44.22,44.18,44.22,3100,137019.0
001395.SZ,2026-01-05 11:05:00,44.21,44.21,44.2,44.2,400,17681.0
001395.SZ,2026-01-05 11:06:00,44.22,44.27,44.21,44.27,10700,473409.0
001395.SZ,2026-01-05 11:07:00,44.26,44.28,44.26,44.27,4000,177094.0
001395.SZ,2026-01-05 11:08:00,44.26,44.27,44.26,44.27,2500,110660.0
001395.SZ,2026-01-05 11:09:00,44.27,44.27,44.26,44.26,400,17707.0
001395.SZ,2026-01-05 11:10:00,44.26,44.27,44.25,44.25,1100,48685.0
001395.SZ,2026-01-05 11:11:00,44.24,44.3,44.24,44.3,9400,416219.0
001395.SZ,2026-01-05 11:12:00,44.33,44.36,44.33,44.34,3500,155179.0
001395.SZ,2026-01-05 11:13:00,44.3,44.3,44.28,44.3,1700,75288.0
001395.SZ,2026-01-05 11:14:00,44.29,44.34,44.29,44.34,1400,62047.0
001395.SZ,2026-01-05 11:15:00,44.34,44.34,44.34,44.34,3600,159625.0
001395.SZ,2026-01-05 11:16:00,44.34,44.38,44.31,44.33,12400,549918.0
001395.SZ,2026-01-05 11:17:00,44.33,44.33,44.32,44.32,800,35461.0
001395.SZ,2026-01-05 11:18:00,44.27,44.27,44.26,44.27,1000,44269.0
001395.SZ,2026-01-05 11:19:00,44.32,44.32,44.29,44.29,2300,101929.0
001395.SZ,2026-01-05 11:20:00,44.3,44.3,44.3,44.3,1200,53160.0
001395.SZ,2026-01-05 11:21:00,44.3,44.33,44.27,44.33,4400,194959.52
001395.SZ,2026-01-05 11:22:00,44.33,44.33,44.33,44.33,1000,44328.0
001395.SZ,2026-01-05 11:23:00,44.31,44.32,44.31,44.31,1000,44318.0
001395.SZ,2026-01-05 11:24:00,44.35,44.39,44.29,44.29,10800,479043.0
001395.SZ,2026-01-05 11:25:00,44.28,44.32,44.28,44.32,800,35448.0
001395.SZ,2026-01-05 11:26:00,44.32,44.32,44.27,44.31,1200,53173.0
001395.SZ,2026-01-05 11:27:00,44.25,44.26,44.25,44.25,1200,53110.0
001395.SZ,2026-01-05 11:28:00,44.29,44.3,44.25,44.3,900,39864.0
001395.SZ,2026-01-05 11:29:00,44.25,44.28,44.23,44.28,5648,249883.05
001395.SZ,2026-01-05 11:30:00,44.26,44.27,44.15,44.2,5652,249806.95
001395.SZ,2026-01-05 13:01:00,44.15,44.31,44.15,44.23,10400,459560.16
001395.SZ,2026-01-05 13:02:00,44.15,44.15,44.11,44.11,1000,44133.0
001395.SZ,2026-01-05 13:03:00,44.12,44.12,44.03,44.06,4900,215991.2
001395.SZ,2026-01-05 13:04:00,44.1,44.15,44.1,44.12,668,29468.48
001395.SZ,2026-01-05 13:05:00,44.15,44.15,44.15,44.15,1000,44150.0
001395.SZ,2026-01-05 13:06:00,44.07,44.3,44.07,44.2,8300,366730.0
001395.SZ,2026-01-05 13:07:00,44.24,44.24,44.24,44.24,800,35384.0
001395.SZ,2026-01-05 13:08:00,44.25,44.29,44.25,44.29,1500,66414.0
001395.SZ,2026-01-05 13:09:00,44.27,44.32,44.27,44.32,2248,99567.88
001395.SZ,2026-01-05 13:10:00,44.3,44.3,44.23,44.28,2852,126285.12
001395.SZ,2026-01-05 13:11:00,44.29,44.29,44.28,44.28,6200,274568.0
001395.SZ,2026-01-05 13:12:00,44.28,44.28,44.24,44.24,3500,154960.0
001395.SZ,2026-01-05 13:13:00,44.24,44.3,44.24,44.3,1500,66420.0
001395.SZ,2026-01-05 13:14:00,44.31,44.34,44.31,44.33,2948,130677.88
001395.SZ,2026-01-05 13:15:00,44.34,44.35,44.33,44.35,2000,88688.0
001395.SZ,2026-01-05 13:16:00,44.35,44.38,44.32,44.38,11600,514543.0
001395.SZ,2026-01-05 13:17:00,44.38,44.39,44.34,44.34,1100,48814.0
001395.SZ,2026-01-05 13:18:00,44.34,44.34,44.34,44.34,4700,208418.0
001395.SZ,2026-01-05 13:19:00,44.34,44.39,44.3,44.38,14100,625354.0
001395.SZ,2026-01-05 13:20:00,44.35,44.4,44.33,44.33,9900,439399.0
001395.SZ,2026-01-05 13:21:00,44.36,44.36,44.33,44.34,600,26610.0
001395.SZ,2026-01-05 13:22:00,44.3,44.4,44.3,44.4,10100,448134.0
001395.SZ,2026-01-05 13:23:00,44.4,44.4,44.38,44.39,1400,62149.0
001395.SZ,2026-01-05 13:24:00,44.39,44.41,44.39,44.41,3000,133214.0
001395.SZ,2026-01-05 13:25:00,44.4,44.41,44.39,44.39,1000,44397.0
001395.SZ,2026-01-05 13:26:00,44.39,44.43,44.39,44.41,5300,235340.0
001395.SZ,2026-01-05 13:27:00,44.39,44.39,44.39,44.39,2800,124298.0
001395.SZ,2026-01-05 13:28:00,44.37,44.37,44.22,44.26,5000,221354.0
001395.SZ,2026-01-05 13:29:00,44.33,44.33,44.33,44.33,100,4433.0
001395.SZ,2026-01-05 13:30:00,44.33,44.35,44.33,44.35,1000,44341.0
001395.SZ,2026-01-05 13:31:00,44.3,44.3,44.28,44.28,1900,84166.0
001395.SZ,2026-01-05 13:32:00,44.29,44.29,44.25,44.26,2800,123960.0
001395.SZ,2026-01-05 13:33:00,44.26,44.26,44.26,44.26,200,8852.0
001395.SZ,2026-01-05 13:34:00,44.27,44.28,44.23,44.28,1000,44257.0
001395.SZ,2026-01-05 13:35:00,44.24,44.27,44.24,44.25,1400,61968.0
001395.SZ,2026-01-05 13:36:00,44.22,44.26,44.22,44.26,2100,92901.0
001395.SZ,2026-01-05 13:37:00,44.26,44.29,44.26,44.29,600,26564.0
001395.SZ,2026-01-05 13:38:00,44.23,44.23,44.23,44.23,600,26548.0
001395.SZ,2026-01-05 13:39:00,44.28,44.28,44.28,44.28,900,39852.0
001395.SZ,2026-01-05 13:40:00,44.29,44.29,44.28,44.28,700,31000.0
001395.SZ,2026-01-05 13:41:00,44.26,44.29,44.26,44.29,700,30996.0
001395.SZ,2026-01-05 13:42:00,44.24,44.28,44.23,44.28,900,39814.0
001395.SZ,2026-01-05 13:43:00,44.23,44.23,44.13,44.18,5600,247482.0
001395.SZ,2026-01-05 13:44:00,44.17,44.17,44.17,44.17,900,39759.0
001395.SZ,2026-01-05 13:45:00,44.17,44.17,44.17,44.17,0,0.0
001395.SZ,2026-01-05 13:46:00,44.17,44.24,44.17,44.24,900,39758.0
001395.SZ,2026-01-05 13:47:00,44.17,44.17,44.07,44.07,3600,158913.0
001395.SZ,2026-01-05 13:48:00,44.07,44.07,44.07,44.07,0,0.0
001395.SZ,2026-01-05 13:49:00,44.14,44.22,44.14,44.22,1000,44180.0
001395.SZ,2026-01-05 13:50:00,44.16,44.17,44.16,44.17,200,8833.0
001395.SZ,2026-01-05 13:51:00,44.17,44.18,44.17,44.18,1100,48588.0
001395.SZ,2026-01-05 13:52:00,44.18,44.18,44.14,44.14,4000,176584.0
001395.SZ,2026-01-05 13:53:00,44.13,44.15,44.13,44.15,1500,66203.0
001395.SZ,2026-01-05 13:54:00,44.1,44.1,44.1,44.1,3100,136727.0
001395.SZ,2026-01-05 13:55:00,44.1,44.1,44.1,44.1,0,0.0
001395.SZ,2026-01-05 13:56:00,44.16,44.16,44.16,44.16,400,17664.0
001395.SZ,2026-01-05 13:57:00,44.12,44.13,44.12,44.13,8900,392883.0
001395.SZ,2026-01-05 13:58:00,44.15,44.15,44.15,44.15,300,13245.0
001395.SZ,2026-01-05 13:59:00,44.15,44.15,44.15,44.15,200,8830.0
001395.SZ,2026-01-05 14:00:00,44.14,44.16,44.14,44.16,1800,79481.0
001395.SZ,2026-01-05 14:01:00,44.14,44.14,44.13,44.13,500,22066.0
001395.SZ,2026-01-05 14:02:00,44.15,44.15,44.13,44.15,700,30900.0
001395.SZ,2026-01-05 14:03:00,44.15,44.15,44.13,44.13,1900,83869.0
001395.SZ,2026-01-05 14:04:00,44.13,44.14,44.13,44.14,1100,48544.0
001395.SZ,2026-01-05 14:05:00,44.14,44.14,44.11,44.11,1000,44128.0
001395.SZ,2026-01-05 14:06:00,44.13,44.13,44.13,44.13,900,39717.0
001395.SZ,2026-01-05 14:07:00,44.15,44.15,44.14,44.14,600,26489.0
001395.SZ,2026-01-05 14:08:00,44.13,44.15,44.13,44.15,5000,220724.0
001395.SZ,2026-01-05 14:09:00,44.15,44.16,44.15,44.16,2280,100680.0
001395.SZ,2026-01-05 14:10:00,44.15,44.17,44.15,44.17,7500,331173.0
001395.SZ,2026-01-05 14:11:00,44.16,44.16,44.16,44.16,2600,114814.0
001395.SZ,2026-01-05 14:12:00,44.16,44.17,44.16,44.17,3600,158986.0
001395.SZ,2026-01-05 14:13:00,44.17,44.17,44.17,44.17,1200,53004.0
001395.SZ,2026-01-05 14:14:00,44.16,44.17,44.16,44.17,900,39749.0
001395.SZ,2026-01-05 14:15:00,44.17,44.17,44.17,44.17,0,0.0
001395.SZ,2026-01-05 14:16:00,44.17,44.17,44.15,44.15,600,26499.0
001395.SZ,2026-01-05 14:17:00,44.15,44.16,44.15,44.15,500,22078.0
001395.SZ,2026-01-05 14:18:00,44.16,44.16,44.14,44.14,4120,181884.0
001395.SZ,2026-01-05 14:19:00,44.12,44.14,44.1,44.12,4200,185250.0
001395.SZ,2026-01-05 14:20:00,44.11,44.11,44.11,44.11,100,4411.0
001395.SZ,2026-01-05 14:21:00,44.11,44.11,44.11,44.11,1400,61752.0
001395.SZ,2026-01-05 14:22:00,44.1,44.12,44.1,44.11,1000,44108.0
001395.SZ,2026-01-05 14:23:00,44.12,44.14,44.12,44.14,1980,87374.2
001395.SZ,2026-01-05 14:24:00,44.12,44.12,44.12,44.12,6120,270106.8
001395.SZ,2026-01-05 14:25:00,44.12,44.12,44.12,44.12,480,21177.6
001395.SZ,2026-01-05 14:26:00,44.12,44.13,44.11,44.13,1100,48533.0
001395.SZ,2026-01-05 14:27:00,44.11,44.13,44.11,44.13,900,39715.0
001395.SZ,2026-01-05 14:28:00,44.14,44.14,44.1,44.1,1700,74983.0
001395.SZ,2026-01-05 14:29:00,44.12,44.14,44.12,44.14,1700,75018.0
001395.SZ,2026-01-05 14:30:00,44.13,44.13,44.1,44.1,2800,123527.0
001395.SZ,2026-01-05 14:31:00,44.14,44.14,44.1,44.11,700,30885.0
001395.SZ,2026-01-05 14:32:00,44.11,44.13,44.1,44.1,2100,92644.0
001395.SZ,2026-01-05 14:33:00,44.1,44.1,44.1,44.1,0,0.0
001395.SZ,2026-01-05 14:34:00,44.12,44.12,44.09,44.09,600,26464.0
001395.SZ,2026-01-05 14:35:00,44.1,44.1,44.09,44.09,700,30867.0
001395.SZ,2026-01-05 14:36:00,44.1,44.12,44.1,44.12,1100,48514.0
001395.SZ,2026-01-05 14:37:00,44.12,44.12,44.1,44.1,1500,66162.0
001395.SZ,2026-01-05 14:38:00,44.1,44.13,44.1,44.13,4300,189655.0
001395.SZ,2026-01-05 14:39:00,44.13,44.13,44.13,44.13,3800,167694.0
001395.SZ,2026-01-05 14:40:00,44.13,44.13,44.13,44.13,1500,66195.0
001395.SZ,2026-01-05 14:41:00,44.14,44.15,44.14,44.15,4400,194217.0
001395.SZ,2026-01-05 14:42:00,44.15,44.15,44.15,44.15,100,4415.0
001395.SZ,2026-01-05 14:43:00,44.15,44.15,44.15,44.15,500,22075.0
001395.SZ,2026-01-05 14:44:00,44.17,44.17,44.17,44.17,900,39753.0
001395.SZ,2026-01-05 14:45:00,44.17,44.17,44.15,44.17,300,13249.0
001395.SZ,2026-01-05 14:46:00,44.15,44.15,44.14,44.14,700,30902.0
001395.SZ,2026-01-05 14:47:00,44.15,44.15,44.14,44.15,1900,83876.0
001395.SZ,2026-01-05 14:48:00,44.17,44.17,44.15,44.15,1100,48575.0
001395.SZ,2026-01-05 14:49:00,44.15,44.15,44.15,44.15,500,22075.0
001395.SZ,2026-01-05 14:50:00,44.16,44.16,44.16,44.16,1400,61824.0
001395.SZ,2026-01-05 14:51:00,44.15,44.15,44.14,44.14,3000,132428.0
001395.SZ,2026-01-05 14:52:00,44.13,44.13,44.13,44.13,6000,264780.0
001395.SZ,2026-01-05 14:53:00,44.15,44.2,44.13,44.2,8500,375302.0
001395.SZ,2026-01-05 14:54:00,44.2,44.21,44.2,44.21,1700,75153.0
001395.SZ,2026-01-05 14:55:00,44.2,44.22,44.2,44.21,5600,247583.0
001395.SZ,2026-01-05 14:56:00,44.22,44.22,44.21,44.22,10380,458942.8
001395.SZ,2026-01-05 14:57:00,44.22,44.22,44.21,44.22,3000,132636.0
001395.SZ,2026-01-05 14:58:00,44.22,44.22,44.22,44.22,0,0.0
001395.SZ,2026-01-05 14:59:00,44.22,44.22,44.22,44.22,0,0.0
001395.SZ,2026-01-05 15:00:00,44.22,44.22,44.22,44.22,6880,304233.6
001395.SZ,2026-01-06 09:30:00,44.25,44.39,44.25,44.39,700,31017.0
001395.SZ,2026-01-06 09:31:00,44.25,44.44,44.23,44.24,13500,597752.0
001395.SZ,2026-01-06 09:32:00,44.43,44.43,44.32,44.32,3300,146068.0
001395.SZ,2026-01-06 09:33:00,44.23,44.27,44.15,44.24,5700,252061.0
001395.SZ,2026-01-06 09:34:00,44.22,44.39,44.22,44.39,4500,199252.0
001395.SZ,2026-01-06 09:35:00,44.27,44.42,44.27,44.42,2200,97617.0
001395.SZ,2026-01-06 09:36:00,44.4,44.4,44.37,44.37,1300,57684.0
001395.SZ,2026-01-06 09:37:00,44.36,44.39,44.36,44.39,1300,57702.0
001395.SZ,2026-01-06 09:38:00,44.4,44.42,44.4,44.42,21600,959040.0
001395.SZ,2026-01-06 09:39:00,44.43,44.43,44.42,44.43,1700,75523.0
001395.SZ,2026-01-06 09:40:00,44.39,44.41,44.35,44.35,13500,598857.0
001395.SZ,2026-01-06 09:41:00,44.35,44.35,44.22,44.23,11300,499789.0
001395.SZ,2026-01-06 09:42:00,44.23,44.23,44.22,44.22,3200,141531.0
001395.SZ,2026-01-06 09:43:00,44.22,44.23,44.16,44.16,13300,587930.0
001395.SZ,2026-01-06 09:44:00,44.15,44.21,44.15,44.21,2200,97156.0
001395.SZ,2026-01-06 09:45:00,44.16,44.21,44.16,44.19,6800,300427.0
001395.SZ,2026-01-06 09:46:00,44.2,44.2,44.17,44.18,3100,136951.0
001395.SZ,2026-01-06 09:47:00,44.17,44.17,44.15,44.15,9500,419518.0
001395.SZ,2026-01-06 09:48:00,44.16,44.16,44.15,44.16,4800,211948.0
001395.SZ,2026-01-06 09:49:00,44.15,44.15,44.1,44.1,8200,361705.0
001395.SZ,2026-01-06 09:50:00,44.1,44.1,44.02,44.06,4800,211357.0
001395.SZ,2026-01-06 09:51:00,44.08,44.12,44.07,44.12,1500,66123.0
001395.SZ,2026-01-06 09:52:00,44.12,44.13,44.1,44.1,2900,127921.0
001395.SZ,2026-01-06 09:53:00,44.16,44.16,44.13,44.13,5600,247025.0
001395.SZ,2026-01-06 09:54:00,44.16,44.16,44.13,44.13,4700,207516.0
001395.SZ,2026-01-06 09:55:00,44.13,44.13,44.11,44.11,1100,48533.0
001395.SZ,2026-01-06 09:56:00,44.12,44.13,44.12,44.13,700,30887.0
001395.SZ,2026-01-06 09:57:00,44.13,44.13,44.1,44.1,6400,282274.0
001395.SZ,2026-01-06 09:58:00,44.09,44.1,44.06,44.06,11000,484903.0
001395.SZ,2026-01-06 09:59:00,44.06,44.08,44.05,44.05,1800,79315.0
001395.SZ,2026-01-06 10:00:00,44.06,44.13,44.04,44.12,27300,1202771.0
001395.SZ,2026-01-06 10:01:00,44.08,44.08,44.06,44.08,13300,586155.0
001395.SZ,2026-01-06 10:02:00,44.06,44.2,44.06,44.2,39900,1759844.0
001395.SZ,2026-01-06 10:03:00,44.2,44.2,44.19,44.19,700,30935.0
001395.SZ,2026-01-06 10:04:00,44.22,44.26,44.22,44.26,3500,154756.0
001395.SZ,2026-01-06 10:05:00,44.29,44.4,44.29,44.4,4100,181635.0
001395.SZ,2026-01-06 10:06:00,44.39,44.39,44.27,44.27,1200,53250.0
001395.SZ,2026-01-06 10:07:00,44.27,44.27,44.27,44.27,1900,84113.0
001395.SZ,2026-01-06 10:08:00,44.26,44.26,44.25,44.25,2400,106218.0
001395.SZ,2026-01-06 10:09:00,44.26,44.26,44.25,44.26,1000,44258.0
001395.SZ,2026-01-06 10:10:00,44.26,44.26,44.26,44.26,3600,159336.0
001395.SZ,2026-01-06 10:11:00,44.27,44.29,44.27,44.29,3600,159378.0
001395.SZ,2026-01-06 10:12:00,44.33,44.33,44.33,44.33,300,13299.0
001395.SZ,2026-01-06 10:13:00,44.3,44.3,44.29,44.29,1400,62012.0
001395.SZ,2026-01-06 10:14:00,44.3,44.3,44.3,44.3,200,8859.0
001395.SZ,2026-01-06 10:15:00,44.3,44.3,44.3,44.3,1800,79740.0
001395.SZ,2026-01-06 10:16:00,44.3,44.3,44.28,44.3,13300,589185.0
001395.SZ,2026-01-06 10:17:00,44.3,44.32,44.27,44.28,6700,296761.0
001395.SZ,2026-01-06 10:18:00,44.26,44.26,44.25,44.25,4700,208009.0
001395.SZ,2026-01-06 10:19:00,44.23,44.23,44.22,44.22,900,39804.0
001395.SZ,2026-01-06 10:20:00,44.22,44.23,44.22,44.23,1600,70762.0
001395.SZ,2026-01-06 10:21:00,44.25,44.25,44.25,44.25,3100,137069.0
001395.SZ,2026-01-06 10:22:00,44.25,44.25,44.22,44.22,2400,106168.0
001395.SZ,2026-01-06 10:23:00,44.24,44.26,44.23,44.23,2500,110616.0
001395.SZ,2026-01-06 10:24:00,44.23,44.23,44.23,44.23,1100,48653.0
001395.SZ,2026-01-06 10:25:00,44.23,44.23,44.23,44.23,800,35384.0
001395.SZ,2026-01-06 10:26:00,44.33,44.33,44.29,44.29,3200,141765.0
001395.SZ,2026-01-06 10:27:00,44.29,44.29,44.29,44.29,0,0.0
001395.SZ,2026-01-06 10:28:00,44.26,44.27,44.22,44.27,2900,128250.0
001395.SZ,2026-01-06 10:29:00,44.23,44.27,44.22,44.22,4200,185738.0
001395.SZ,2026-01-06 10:30:00,44.22,44.22,44.16,44.16,15300,676413.0
001395.SZ,2026-01-06 10:31:00,44.16,44.16,44.16,44.16,0,0.0
001395.SZ,2026-01-06 10:32:00,44.17,44.18,44.16,44.18,1300,57421.0
001395.SZ,2026-01-06 10:33:00,44.18,44.18,44.17,44.17,200,8835.0
001395.SZ,2026-01-06 10:34:00,44.19,44.2,44.18,44.18,600,26512.0
001395.SZ,2026-01-06 10:35:00,44.19,44.2,44.18,44.18,4100,181176.0
001395.SZ,2026-01-06 10:36:00,44.18,44.2,44.17,44.2,6500,287166.0
001395.SZ,2026-01-06 10:37:00,44.19,44.2,44.14,44.14,10300,454858.0
001395.SZ,2026-01-06 10:38:00,44.15,44.15,44.13,44.13,1100,48555.0
001395.SZ,2026-01-06 10:39:00,44.14,44.14,44.09,44.09,12100,533841.0
001395.SZ,2026-01-06 10:40:00,44.09,44.1,44.09,44.1,1900,83773.0
001395.SZ,2026-01-06 10:41:00,44.09,44.11,44.09,44.11,1500,66154.0
001395.SZ,2026-01-06 10:42:00,44.12,44.12,44.11,44.12,2300,101466.0
001395.SZ,2026-01-06 10:43:00,44.11,44.11,44.06,44.06,11600,511485.0
001395.SZ,2026-01-06 10:44:00,44.06,44.06,44.06,44.06,4300,189458.0
001395.SZ,2026-01-06 10:45:00,44.06,44.06,44.06,44.06,900,39654.0
001395.SZ,2026-01-06 10:46:00,44.05,44.05,44.03,44.04,5600,246674.0
001395.SZ,2026-01-06 10:47:00,44.04,44.04,44.02,44.02,10100,444682.0
001395.SZ,2026-01-06 10:48:00,44.02,44.02,43.95,43.98,15800,695213.0
001395.SZ,2026-01-06 10:49:00,43.98,44.02,43.98,44.02,300,13199.0
001395.SZ,2026-01-06 10:50:00,44.02,44.02,43.99,43.99,1500,66015.0
001395.SZ,2026-01-06 10:51:00,43.99,44.0,43.99,44.0,700,30797.0
001395.SZ,2026-01-06 10:52:00,43.98,43.98,43.98,43.98,500,21990.0
001395.SZ,2026-01-06 10:53:00,44.0,44.0,44.0,44.0,600,26400.0
001395.SZ,2026-01-06 10:54:00,44.0,44.02,44.0,44.02,300,13202.0
001395.SZ,2026-01-06 10:55:00,44.03,44.03,44.03,44.03,400,17612.0
001395.SZ,2026-01-06 10:56:00,44.03,44.03,44.03,44.03,0,0.0
001395.SZ,2026-01-06 10:57:00,44.04,44.04,44.04,44.04,200,8808.0
001395.SZ,2026-01-06 10:58:00,44.04,44.04,44.04,44.04,0,0.0
001395.SZ,2026-01-06 10:59:00,44.05,44.05,44.05,44.05,200,8810.0
001395.SZ,2026-01-06 11:00:00,44.07,44.07,44.07,44.07,200,8814.0
001395.SZ,2026-01-06 11:01:00,44.07,44.07,44.07,44.07,500,22035.0
001395.SZ,2026-01-06 11:02:00,44.05,44.05,44.05,44.05,100,4405.0
001395.SZ,2026-01-06 11:03:00,44.05,44.05,44.05,44.05,0,0.0
001395.SZ,2026-01-06 11:04:00,44.05,44.05,44.05,44.05,400,17620.0
001395.SZ,2026-01-06 11:05:00,44.05,44.05,44.05,44.05,1000,44050.0
001395.SZ,2026-01-06 11:06:00,44.05,44.05,44.05,44.05,300,13215.0
001395.SZ,2026-01-06 11:07:00,44.05,44.05,44.05,44.05,0,0.0
001395.SZ,2026-01-06 11:08:00,44.04,44.04,44.04,44.04,600,26424.0
001395.SZ,2026-01-06 11:09:00,44.04,44.04,44.04,44.04,0,0.0
001395.SZ,2026-01-06 11:10:00,44.04,44.04,44.01,44.01,3800,167309.0
001395.SZ,2026-01-06 11:11:00,44.02,44.03,44.02,44.03,1700,74850.0
001395.SZ,2026-01-06 11:12:00,44.02,44.02,44.01,44.01,2800,123236.0
001395.SZ,2026-01-06 11:13:00,44.01,44.03,44.01,44.03,500,22010.0
001395.SZ,2026-01-06 11:14:00,44.02,44.02,44.02,44.02,100,4402.0
001395.SZ,2026-01-06 11:15:00,44.01,44.03,44.0,44.0,4200,184884.0
001395.SZ,2026-01-06 11:16:00,44.01,44.03,44.01,44.03,2700,118853.0
001395.SZ,2026-01-06 11:17:00,44.03,44.03,44.03,44.03,0,0.0
001395.SZ,2026-01-06 11:18:00,44.03,44.03,44.03,44.03,0,0.0
001395.SZ,2026-01-06 11:19:00,44.08,44.08,44.08,44.08,100,4408.0
001395.SZ,2026-01-06 11:20:00,44.08,44.08,44.08,44.08,400,17632.0
001395.SZ,2026-01-06 11:21:00,44.09,44.09,44.09,44.09,600,26454.0
001395.SZ,2026-01-06 11:22:00,44.09,44.1,44.09,44.1,400,17639.0
001395.SZ,2026-01-06 11:23:00,44.08,44.08,44.07,44.07,512,22564.84
001395.SZ,2026-01-06 11:24:00,44.07,44.1,44.07,44.1,1300,57300.0
001395.SZ,2026-01-06 11:25:00,44.11,44.11,44.11,44.11,200,8822.0
001395.SZ,2026-01-06 11:26:00,44.11,44.11,44.11,44.11,0,0.0
001395.SZ,2026-01-06 11:27:00,44.1,44.1,44.1,44.1,5100,224935.0
001395.SZ,2026-01-06 11:28:00,44.1,44.1,44.1,44.1,600,26460.0
001395.SZ,2026-01-06 11:29:00,44.1,44.1,44.1,44.1,1600,70560.0
001395.SZ,2026-01-06 11:30:00,44.11,44.11,44.11,44.11,200,8822.0
001395.SZ,2026-01-06 13:01:00,44.11,44.11,44.08,44.08,4300,189632.0
001395.SZ,2026-01-06 13:02:00,44.08,44.08,44.06,44.06,1888,83202.16
001395.SZ,2026-01-06 13:03:00,44.06,44.06,44.05,44.05,8400,370043.0
001395.SZ,2026-01-06 13:04:00,44.04,44.05,44.04,44.05,2100,92499.0
001395.SZ,2026-01-06 13:05:00,44.05,44.05,44.02,44.02,3800,167344.0
001395.SZ,2026-01-06 13:06:00,44.05,44.05,44.01,44.01,1600,70427.0
001395.SZ,2026-01-06 13:07:00,44.02,44.02,44.0,44.01,6800,299280.0
001395.SZ,2026-01-06 13:08:00,44.01,44.01,43.99,43.99,6300,277209.0
001395.SZ,2026-01-06 13:09:00,43.99,44.0,43.98,43.98,9600,422208.0
001395.SZ,2026-01-06 13:10:00,43.98,43.98,43.98,43.98,32100,1411754.0
001395.SZ,2026-01-06 13:11:00,43.98,43.98,43.98,43.98,6900,303462.0
001395.SZ,2026-01-06 13:12:00,43.98,44.0,43.98,44.0,600,26396.0
001395.SZ,2026-01-06 13:13:00,43.99,44.0,43.99,44.0,1600,70396.0
001395.SZ,2026-01-06 13:14:00,44.02,44.02,44.02,44.02,900,39618.0
001395.SZ,2026-01-06 13:15:00,44.02,44.06,44.02,44.06,700,30831.0
001395.SZ,2026-01-06 13:16:00,44.06,44.06,44.06,44.06,500,22030.0
001395.SZ,2026-01-06 13:17:00,44.1,44.1,44.09,44.1,1000,44095.0
001395.SZ,2026-01-06 13:18:00,44.1,44.1,44.1,44.1,100,4410.0
001395.SZ,2026-01-06 13:19:00,44.1,44.12,44.1,44.12,600,26468.0
001395.SZ,2026-01-06 13:20:00,44.13,44.14,44.13,44.14,19000,838459.0
001395.SZ,2026-01-06 13:21:00,44.1,44.1,44.1,44.1,3200,141117.0
001395.SZ,2026-01-06 13:22:00,44.08,44.08,44.06,44.06,2100,92541.0
001395.SZ,2026-01-06 13:23:00,44.06,44.06,44.05,44.06,4200,185042.0
001395.SZ,2026-01-06 13:24:00,44.05,44.05,44.01,44.01,13300,585494.0
001395.SZ,2026-01-06 13:25:00,44.01,44.02,44.01,44.02,10300,453307.0
001395.SZ,2026-01-06 13:26:00,44.01,44.01,44.0,44.0,7500,330035.0
001395.SZ,2026-01-06 13:27:00,44.0,44.0,43.96,43.96,18200,800554.0
001395.SZ,2026-01-06 13:28:00,43.98,43.98,43.93,43.93,15100,663703.0
001395.SZ,2026-01-06 13:29:00,43.93,43.94,43.84,43.84,20100,882364.0
001395.SZ,2026-01-06 13:30:00,43.86,43.87,43.85,43.85,15300,671012.0
001395.SZ,2026-01-06 13:31:00,43.85,43.87,43.82,43.83,12700,556877.0
001395.SZ,2026-01-06 13:32:00,43.82,43.82,43.78,43.78,22700,994197.0
001395.SZ,2026-01-06 13:33:00,43.79,43.81,43.78,43.8,22400,981095.0
001395.SZ,2026-01-06 13:34:00,43.8,43.8,43.79,43.8,14900,652586.0
001395.SZ,2026-01-06 13:35:00,43.81,43.83,43.81,43.83,4800,210337.0
001395.SZ,2026-01-06 13:36:00,43.83,43.83,43.82,43.83,6200,271720.0
001395.SZ,2026-01-06 13:37:00,43.83,43.83,43.82,43.82,8800,385702.0
001395.SZ,2026-01-06 13:38:00,43.82,43.83,43.82,43.83,2600,113936.0
001395.SZ,2026-01-06 13:39:00,43.82,43.83,43.82,43.82,6900,302357.0
001395.SZ,2026-01-06 13:40:00,43.82,43.82,43.8,43.81,12500,547607.0
001395.SZ,2026-01-06 13:41:00,43.8,43.81,43.8,43.8,15700,687678.0
001395.SZ,2026-01-06 13:42:00,43.8,43.8,43.8,43.8,700,30660.0
001395.SZ,2026-01-06 13:43:00,43.82,43.82,43.78,43.79,12900,564942.0
001395.SZ,2026-01-06 13:44:00,43.77,43.78,43.73,43.75,25000,1094090.0
001395.SZ,2026-01-06 13:45:00,43.72,43.72,43.61,43.66,18600,812702.0
001395.SZ,2026-01-06 13:46:00,43.66,43.66,43.61,43.61,14900,650192.0
001395.SZ,2026-01-06 13:47:00,43.61,43.61,43.59,43.6,15600,680218.0
001395.SZ,2026-01-06 13:48:00,43.6,43.64,43.6,43.64,20500,893842.0
001395.SZ,2026-01-06 13:49:00,43.61,43.64,43.61,43.61,3800,165721.0
001395.SZ,2026-01-06 13:50:00,43.63,43.63,43.62,43.63,1200,52354.0
001395.SZ,2026-01-06 13:51:00,43.63,43.63,43.6,43.6,16700,728429.0
001395.SZ,2026-01-06 13:52:00,43.6,43.61,43.6,43.61,9100,396831.0
001395.SZ,2026-01-06 13:53:00,43.61,43.62,43.61,43.62,9400,409951.0
001395.SZ,2026-01-06 13:54:00,43.63,43.63,43.63,43.63,7300,318486.0
001395.SZ,2026-01-06 13:55:00,43.63,43.63,43.63,43.63,9900,431937.0
001395.SZ,2026-01-06 13:56:00,43.62,43.7,43.62,43.66,25280,1103381.6
001395.SZ,2026-01-06 13:57:00,43.7,43.7,43.67,43.67,1600,69881.0
001395.SZ,2026-01-06 13:58:00,43.69,43.72,43.69,43.72,3900,170428.0
001395.SZ,2026-01-06 13:59:00,43.73,43.75,43.7,43.7,5100,222986.0
001395.SZ,2026-01-06 14:00:00,43.7,43.7,43.69,43.69,3900,170413.0
001395.SZ,2026-01-06 14:01:00,43.71,43.73,43.71,43.73,1600,69953.0
001395.SZ,2026-01-06 14:02:00,43.73,43.77,43.73,43.77,1500,65635.0
001395.SZ,2026-01-06 14:03:00,43.77,43.77,43.77,43.77,200,8754.0
001395.SZ,2026-01-06 14:04:00,43.78,43.8,43.78,43.8,2800,122587.0
001395.SZ,2026-01-06 14:05:00,43.8,43.8,43.78,43.78,1300,56928.0
001395.SZ,2026-01-06 14:06:00,43.78,43.79,43.78,43.79,300,13135.0
001395.SZ,2026-01-06 14:07:00,43.78,43.79,43.78,43.79,1500,65683.0
001395.SZ,2026-01-06 14:08:00,43.79,43.79,43.79,43.79,0,0.0
001395.SZ,2026-01-06 14:09:00,43.8,43.8,43.79,43.79,1000,43793.0
001395.SZ,2026-01-06 14:10:00,43.8,43.81,43.8,43.81,9700,424867.0
001395.SZ,2026-01-06 14:11:00,43.82,43.83,43.82,43.83,2300,100787.0
001395.SZ,2026-01-06 14:12:00,43.83,43.83,43.83,43.83,1200,52596.0
001395.SZ,2026-01-06 14:13:00,43.84,43.85,43.84,43.85,4500,197322.0
001395.SZ,2026-01-06 14:14:00,43.84,43.84,43.83,43.83,1300,56986.0
001395.SZ,2026-01-06 14:15:00,43.82,43.82,43.82,43.82,800,35056.0
001395.SZ,2026-01-06 14:16:00,43.83,43.84,43.83,43.84,2300,100816.0
001395.SZ,2026-01-06 14:17:00,43.84,43.86,43.84,43.86,4400,192959.0
001395.SZ,2026-01-06 14:18:00,43.86,43.87,43.86,43.87,1000,43868.0
001395.SZ,2026-01-06 14:19:00,43.88,43.88,43.87,43.88,4100,179904.0
001395.SZ,2026-01-06 14:20:00,43.87,43.88,43.87,43.88,5000,219388.0
001395.SZ,2026-01-06 14:21:00,43.88,43.88,43.87,43.87,1800,78983.0
001395.SZ,2026-01-06 14:22:00,43.87,43.87,43.85,43.86,2900,127199.0
001395.SZ,2026-01-06 14:23:00,43.85,43.86,43.85,43.86,1500,65778.0
001395.SZ,2026-01-06 14:24:00,43.85,43.85,43.84,43.84,1000,43846.0
001395.SZ,2026-01-06 14:25:00,43.84,43.88,43.83,43.88,3500,153470.0
001395.SZ,2026-01-06 14:26:00,43.88,43.88,43.84,43.84,1200,52616.0
001395.SZ,2026-01-06 14:27:00,43.84,43.84,43.83,43.84,1500,65750.0
001395.SZ,2026-01-06 14:28:00,43.84,43.86,43.84,43.86,1800,78918.0
001395.SZ,2026-01-06 14:29:00,43.84,43.84,43.84,43.84,2900,127136.0
001395.SZ,2026-01-06 14:30:00,43.84,43.84,43.83,43.83,1500,65753.0
001395.SZ,2026-01-06 14:31:00,43.82,43.82,43.82,43.82,600,26292.0
001395.SZ,2026-01-06 14:32:00,43.82,43.82,43.82,43.82,0,0.0
001395.SZ,2026-01-06 14:33:00,43.82,43.82,43.82,43.82,1000,43820.0
001395.SZ,2026-01-06 14:34:00,43.82,43.82,43.82,43.82,300,13146.0
001395.SZ,2026-01-06 14:35:00,43.82,43.82,43.81,43.81,3100,135816.0
001395.SZ,2026-01-06 14:36:00,43.81,43.81,43.81,43.81,1500,65715.0
001395.SZ,2026-01-06 14:37:00,43.81,43.81,43.81,43.81,500,21905.0
001395.SZ,2026-01-06 14:38:00,43.82,43.83,43.82,43.83,1600,70114.0
001395.SZ,2026-01-06 14:39:00,43.84,43.85,43.84,43.85,2000,87694.0
001395.SZ,2026-01-06 14:40:00,43.85,43.86,43.85,43.86,2100,92104.0
001395.SZ,2026-01-06 14:41:00,43.85,43.88,43.85,43.85,2000,87724.0
001395.SZ,2026-01-06 14:42:00,43.85,43.85,43.83,43.83,5200,227968.0
001395.SZ,2026-01-06 14:43:00,43.84,43.84,43.84,43.84,1005,44056.15
001395.SZ,2026-01-06 14:44:00,43.85,43.85,43.85,43.85,1900,83315.0
001395.SZ,2026-01-06 14:45:00,43.84,43.85,43.84,43.85,1200,52611.0
001395.SZ,2026-01-06 14:46:00,43.85,43.86,43.84,43.86,4200,184187.0
001395.SZ,2026-01-06 14:47:00,43.86,43.86,43.86,43.86,2700,118422.0
001395.SZ,2026-01-06 14:48:00,43.86,43.86,43.86,43.86,0,0.0
001395.SZ,2026-01-06 14:49:00,43.86,43.86,43.84,43.86,3100,135939.0
001395.SZ,2026-01-06 14:50:00,43.85,43.86,43.85,43.86,1300,57012.0
001395.SZ,2026-01-06 14:51:00,43.85,43.86,43.85,43.86,2300,100870.0
001395.SZ,2026-01-06 14:52:00,43.86,43.86,43.85,43.86,8700,381551.0
001395.SZ,2026-01-06 14:53:00,43.86,43.86,43.85,43.86,6900,302583.0
001395.SZ,2026-01-06 14:54:00,43.86,43.86,43.84,43.85,3900,171001.0
001395.SZ,2026-01-06 14:55:00,43.85,43.85,43.84,43.85,5600,245546.0
001395.SZ,2026-01-06 14:56:00,43.85,43.86,43.85,43.86,5700,249996.0
001395.SZ,2026-01-06 14:57:00,43.85,43.87,43.85,43.87,6000,263153.0
001395.SZ,2026-01-06 14:58:00,43.87,43.87,43.87,43.87,0,0.0
001395.SZ,2026-01-06 14:59:00,43.87,43.87,43.87,43.87,0,0.0
001395.SZ,2026-01-06 15:00:00,43.87,43.87,43.87,43.87,15600,684372.0
001395.SZ,2026-01-07 09:30:00,43.88,43.88,43.87,43.87,1400,61431.0
001395.SZ,2026-01-07 09:31:00,43.85,43.93,43.77,43.77,18900,828653.0
001395.SZ,2026-01-07 09:32:00,43.69,43.69,43.67,43.67,1700,74251.0
001395.SZ,2026-01-07 09:33:00,43.72,43.72,43.66,43.68,17800,777334.0
001395.SZ,2026-01-07 09:34:00,43.68,43.68,43.67,43.68,8500,371268.0
001395.SZ,2026-01-07 09:35:00,43.68,43.76,43.68,43.76,2300,100555.0
001395.SZ,2026-01-07 09:36:00,43.77,43.77,43.75,43.75,3000,131298.0
001395.SZ,2026-01-07 09:37:00,43.75,43.76,43.75,43.75,1800,78755.0
001395.SZ,2026-01-07 09:38:00,43.75,43.75,43.7,43.7,2200,96181.0
001395.SZ,2026-01-07 09:39:00,43.71,43.71,43.7,43.71,6100,266575.0
001395.SZ,2026-01-07 09:40:00,43.71,43.75,43.71,43.75,3000,131173.0
001395.SZ,2026-01-07 09:41:00,43.75,43.75,43.72,43.72,1400,61244.0
001395.SZ,2026-01-07 09:42:00,43.73,43.88,43.73,43.88,2000,87556.0
001395.SZ,2026-01-07 09:43:00,43.8,43.86,43.78,43.86,3800,166530.0
001395.SZ,2026-01-07 09:44:00,43.83,43.86,43.82,43.82,2600,113961.0
001395.SZ,2026-01-07 09:45:00,43.82,43.82,43.82,43.82,1400,61348.0
001395.SZ,2026-01-07 09:46:00,43.83,43.85,43.83,43.83,2500,109590.0
001395.SZ,2026-01-07 09:47:00,43.84,43.87,43.84,43.87,2200,96490.0
001395.SZ,2026-01-07 09:48:00,43.87,43.87,43.85,43.85,6600,289526.0
001395.SZ,2026-01-07 09:49:00,43.88,43.88,43.83,43.83,4200,184150.0
001395.SZ,2026-01-07 09:50:00,43.83,43.85,43.83,43.85,8900,390217.0
001395.SZ,2026-01-07 09:51:00,43.86,43.88,43.86,43.88,300,13162.0
001395.SZ,2026-01-07 09:52:00,43.91,43.92,43.91,43.91,3000,131731.0
001395.SZ,2026-01-07 09:53:00,43.92,43.93,43.92,43.93,4400,193282.0
001395.SZ,2026-01-07 09:54:00,43.93,43.93,43.9,43.9,18200,799498.0
001395.SZ,2026-01-07 09:55:00,43.91,43.92,43.9,43.92,2100,92215.0
001395.SZ,2026-01-07 09:56:00,43.9,43.9,43.86,43.86,1500,65834.0
001395.SZ,2026-01-07 09:57:00,43.86,43.86,43.86,43.86,100,4386.0
001395.SZ,2026-01-07 09:58:00,43.87,43.87,43.86,43.86,3000,131599.0
001395.SZ,2026-01-07 09:59:00,43.86,43.86,43.85,43.85,13900,609530.0
001395.SZ,2026-01-07 10:00:00,43.85,43.89,43.85,43.86,1400,61399.0
001395.SZ,2026-01-07 10:01:00,43.87,43.87,43.85,43.85,5000,219300.0
001395.SZ,2026-01-07 10:02:00,43.86,43.89,43.86,43.89,2500,109712.0
001395.SZ,2026-01-07 10:03:00,43.88,43.88,43.78,43.84,15400,674823.0
001395.SZ,2026-01-07 10:04:00,43.88,43.91,43.88,43.89,7900,346739.0
001395.SZ,2026-01-07 10:05:00,43.89,43.92,43.87,43.92,1600,70228.0
001395.SZ,2026-01-07 10:06:00,43.87,43.92,43.87,43.92,200,8779.0
001395.SZ,2026-01-07 10:07:00,43.91,43.91,43.91,43.91,2000,87820.0
001395.SZ,2026-01-07 10:08:00,43.91,43.91,43.86,43.86,2100,92121.0
001395.SZ,2026-01-07 10:09:00,43.88,43.9,43.88,43.89,4200,184310.0
001395.SZ,2026-01-07 10:10:00,43.89,43.89,43.89,43.89,400,17556.0
001395.SZ,2026-01-07 10:11:00,43.9,43.91,43.89,43.91,4200,184392.0
001395.SZ,2026-01-07 10:12:00,43.91,43.92,43.91,43.91,3200,140513.0
001395.SZ,2026-01-07 10:13:00,43.91,43.91,43.9,43.9,300,13172.0
001395.SZ,2026-01-07 10:14:00,43.91,43.91,43.9,43.91,1200,52689.0
001395.SZ,2026-01-07 10:15:00,43.91,43.91,43.87,43.88,4300,188764.0
001395.SZ,2026-01-07 10:16:00,43.88,43.88,43.88,43.88,200,8776.0
001395.SZ,2026-01-07 10:17:00,43.89,43.89,43.89,43.89,100,4389.0
001395.SZ,2026-01-07 10:18:00,43.88,43.88,43.83,43.83,17400,763102.0
001395.SZ,2026-01-07 10:19:00,43.83,43.83,43.81,43.81,900,39445.0
001395.SZ,2026-01-07 10:20:00,43.8,43.8,43.73,43.73,2700,118181.0
001395.SZ,2026-01-07 10:21:00,43.73,43.74,43.73,43.73,4800,209905.0
001395.SZ,2026-01-07 10:22:00,43.71,43.71,43.7,43.7,6400,279727.0
001395.SZ,2026-01-07 10:23:00,43.7,43.7,43.67,43.69,8500,371360.0
001395.SZ,2026-01-07 10:24:00,43.61,43.66,43.6,43.63,6800,296615.0
001395.SZ,2026-01-07 10:25:00,43.59,43.59,43.59,43.59,5800,252864.0
001395.SZ,2026-01-07 10:26:00,43.62,43.7,43.62,43.64,6100,266491.0
001395.SZ,2026-01-07 10:27:00,43.65,43.65,43.65,43.65,200,8730.0
001395.SZ,2026-01-07 10:28:00,43.65,43.65,43.65,43.65,1100,48015.0
001395.SZ,2026-01-07 10:29:00,43.65,43.69,43.65,43.69,2000,87340.0
001395.SZ,2026-01-07 10:30:00,43.73,43.74,43.73,43.74,1100,48108.0
001395.SZ,2026-01-07 10:31:00,43.74,43.74,43.74,43.74,800,34992.0
001395.SZ,2026-01-07 10:32:00,43.75,43.75,43.75,43.75,2300,100625.0
001395.SZ,2026-01-07 10:33:00,43.75,43.75,43.73,43.73,2100,91865.0
001395.SZ,2026-01-07 10:34:00,43.72,43.73,43.72,43.73,1300,56847.0
001395.SZ,2026-01-07 10:35:00,43.72,43.72,43.72,43.72,3600,157392.0
001395.SZ,2026-01-07 10:36:00,43.75,43.75,43.75,43.75,100,4375.0
001395.SZ,2026-01-07 10:37:00,43.7,43.7,43.7,43.7,2300,100511.0
001395.SZ,2026-01-07 10:38:00,43.71,43.71,43.71,43.71,100,4371.0
001395.SZ,2026-01-07 10:39:00,43.7,43.7,43.7,43.7,1000,43700.0
001395.SZ,2026-01-07 10:40:00,43.71,43.71,43.7,43.7,1200,52444.0
001395.SZ,2026-01-07 10:41:00,43.73,43.73,43.73,43.73,300,13119.0
001395.SZ,2026-01-07 10:42:00,43.73,43.73,43.73,43.73,0,0.0
001395.SZ,2026-01-07 10:43:00,43.71,43.71,43.71,43.71,300,13113.0
001395.SZ,2026-01-07 10:44:00,43.72,43.72,43.7,43.7,1500,65564.0
001395.SZ,2026-01-07 10:45:00,43.7,43.7,43.7,43.7,1400,61180.0
001395.SZ,2026-01-07 10:46:00,43.65,43.7,43.65,43.7,6200,270711.0
001395.SZ,2026-01-07 10:47:00,43.66,43.7,43.65,43.65,900,39296.0
001395.SZ,2026-01-07 10:48:00,43.69,43.69,43.66,43.66,1300,56791.0
001395.SZ,2026-01-07 10:49:00,43.65,43.73,43.65,43.73,18900,825592.0
001395.SZ,2026-01-07 10:50:00,43.75,43.75,43.74,43.74,2600,113730.0
001395.SZ,2026-01-07 10:51:00,43.71,43.71,43.71,43.71,2400,104904.0
001395.SZ,2026-01-07 10:52:00,43.71,43.71,43.71,43.71,1300,56823.0
001395.SZ,2026-01-07 10:53:00,43.74,43.74,43.74,43.74,200,8748.0
001395.SZ,2026-01-07 10:54:00,43.74,43.74,43.74,43.74,2200,96228.0
001395.SZ,2026-01-07 10:55:00,43.72,43.74,43.72,43.73,4500,196758.0
001395.SZ,2026-01-07 10:56:00,43.73,43.73,43.71,43.71,2100,91798.0
001395.SZ,2026-01-07 10:57:00,43.7,43.7,43.7,43.7,300,13110.0
001395.SZ,2026-01-07 10:58:00,43.7,43.7,43.7,43.7,100,4370.0
001395.SZ,2026-01-07 10:59:00,43.7,43.7,43.7,43.7,700,30590.0
001395.SZ,2026-01-07 11:00:00,43.71,43.71,43.69,43.69,5400,235952.0
001395.SZ,2026-01-07 11:01:00,43.7,43.73,43.7,43.73,11000,481007.0
001395.SZ,2026-01-07 11:02:00,43.73,43.73,43.73,43.73,400,17492.0
001395.SZ,2026-01-07 11:03:00,43.78,43.79,43.78,43.79,400,17515.0
001395.SZ,2026-01-07 11:04:00,43.79,43.83,43.79,43.83,400,17516.0
001395.SZ,2026-01-07 11:05:00,43.84,43.84,43.84,43.84,100,4384.0
001395.SZ,2026-01-07 11:06:00,43.82,43.82,43.82,43.82,100,4382.0
001395.SZ,2026-01-07 11:07:00,43.83,43.83,43.83,43.83,300,13149.0
001395.SZ,2026-01-07 11:08:00,43.83,43.83,43.83,43.83,200,8766.0
001395.SZ,2026-01-07 11:09:00,43.81,43.81,43.81,43.81,400,17524.0
001395.SZ,2026-01-07 11:10:00,43.8,43.8,43.8,43.8,600,26280.0
001395.SZ,2026-01-07 11:11:00,43.8,43.8,43.8,43.8,300,13140.0
001395.SZ,2026-01-07 11:12:00,43.8,43.8,43.8,43.8,100,4380.0
001395.SZ,2026-01-07 11:13:00,43.79,43.79,43.79,43.79,2000,87581.0
001395.SZ,2026-01-07 11:14:00,43.8,43.8,43.77,43.77,2600,113836.0
001395.SZ,2026-01-07 11:15:00,43.77,43.79,43.77,43.79,200,8756.0
001395.SZ,2026-01-07 11:16:00,43.79,43.81,43.79,43.8,2900,127024.0
001395.SZ,2026-01-07 11:17:00,43.8,43.8,43.8,43.8,600,26280.0
001395.SZ,2026-01-07 11:18:00,43.83,43.83,43.83,43.83,800,35064.0
001395.SZ,2026-01-07 11:19:00,43.81,43.81,43.81,43.81,100,4381.0
001395.SZ,2026-01-07 11:20:00,43.8,43.8,43.8,43.8,800,35040.0
001395.SZ,2026-01-07 11:21:00,43.8,43.83,43.8,43.83,200,8763.0
001395.SZ,2026-01-07 11:22:00,43.83,43.83,43.83,43.83,200,8766.0
001395.SZ,2026-01-07 11:23:00,43.82,43.83,43.82,43.83,1100,48203.0
001395.SZ,2026-01-07 11:24:00,43.83,43.83,43.83,43.83,300,13149.0
001395.SZ,2026-01-07 11:25:00,43.83,43.83,43.83,43.83,700,30681.0
001395.SZ,2026-01-07 11:26:00,43.84,43.87,43.84,43.87,8700,381347.0
001395.SZ,2026-01-07 11:27:00,43.85,43.85,43.85,43.85,200,8770.0
001395.SZ,2026-01-07 11:28:00,43.85,43.85,43.85,43.85,0,0.0
001395.SZ,2026-01-07 11:29:00,43.85,43.85,43.85,43.85,800,35080.0
001395.SZ,2026-01-07 11:30:00,43.85,43.85,43.85,43.85,200,8770.0
001395.SZ,2026-01-07 13:01:00,43.87,43.87,43.82,43.85,4600,201657.0
001395.SZ,2026-01-07 13:02:00,43.85,43.85,43.85,43.85,100,4385.0
001395.SZ,2026-01-07 13:03:00,43.85,43.85,43.85,43.85,100,4385.0
001395.SZ,2026-01-07 13:04:00,43.83,43.84,43.83,43.84,3000,131496.0
001395.SZ,2026-01-07 13:05:00,43.84,43.85,43.83,43.84,3000,131503.0
001395.SZ,2026-01-07 13:06:00,43.84,43.84,43.83,43.83,1300,56986.0
001395.SZ,2026-01-07 13:07:00,43.84,43.85,43.84,43.85,1000,43847.0
001395.SZ,2026-01-07 13:08:00,43.85,43.89,43.85,43.89,14300,627134.0
001395.SZ,2026-01-07 13:09:00,43.89,43.91,43.89,43.9,3500,153671.0
001395.SZ,2026-01-07 13:10:00,43.89,43.89,43.87,43.87,1700,74589.0
001395.SZ,2026-01-07 13:11:00,43.87,43.87,43.87,43.87,200,8774.0
001395.SZ,2026-01-07 13:12:00,43.89,43.89,43.87,43.87,2400,105320.0
001395.SZ,2026-01-07 13:13:00,43.86,43.86,43.86,43.86,500,21930.0
001395.SZ,2026-01-07 13:14:00,43.85,43.85,43.85,43.85,400,17540.0
001395.SZ,2026-01-07 13:15:00,43.89,43.89,43.89,43.89,100,4389.0
001395.SZ,2026-01-07 13:16:00,43.89,43.9,43.89,43.9,1600,70236.0
001395.SZ,2026-01-07 13:17:00,43.91,43.92,43.9,43.92,7200,316132.0
001395.SZ,2026-01-07 13:18:00,43.92,43.92,43.92,43.92,5000,219600.0
001395.SZ,2026-01-07 13:19:00,43.92,43.92,43.92,43.92,400,17568.0
001395.SZ,2026-01-07 13:20:00,43.91,43.91,43.9,43.9,900,39513.0
001395.SZ,2026-01-07 13:21:00,43.9,43.9,43.86,43.86,600,26330.0
001395.SZ,2026-01-07 13:22:00,43.86,43.86,43.86,43.86,0,0.0
001395.SZ,2026-01-07 13:23:00,43.88,43.88,43.86,43.86,2400,105272.0
001395.SZ,2026-01-07 13:24:00,43.87,43.87,43.87,43.87,100,4387.0
001395.SZ,2026-01-07 13:25:00,43.86,43.86,43.86,43.86,1700,74562.0
001395.SZ,2026-01-07 13:26:00,43.86,43.86,43.84,43.84,3300,144695.0
001395.SZ,2026-01-07 13:27:00,43.83,43.83,43.8,43.8,6500,284880.0
001395.SZ,2026-01-07 13:28:00,43.8,43.8,43.79,43.79,5800,254028.0
001395.SZ,2026-01-07 13:29:00,43.79,43.79,43.79,43.79,0,0.0
001395.SZ,2026-01-07 13:30:00,43.75,43.8,43.74,43.74,3816,167068.84
001395.SZ,2026-01-07 13:31:00,43.77,43.78,43.77,43.78,400,17509.0
001395.SZ,2026-01-07 13:32:00,43.79,43.79,43.77,43.77,800,35026.0
001395.SZ,2026-01-07 13:33:00,43.77,43.77,43.7,43.7,4300,188050.0
001395.SZ,2026-01-07 13:34:00,43.71,43.77,43.71,43.73,3400,148772.0
001395.SZ,2026-01-07 13:35:00,43.76,43.76,43.76,43.76,300,13128.0
001395.SZ,2026-01-07 13:36:00,43.81,43.81,43.8,43.8,200,8761.0
001395.SZ,2026-01-07 13:37:00,43.8,43.8,43.8,43.8,700,30660.0
001395.SZ,2026-01-07 13:38:00,43.79,43.79,43.79,43.79,200,8758.0
001395.SZ,2026-01-07 13:39:00,43.79,43.79,43.79,43.79,300,13137.0
001395.SZ,2026-01-07 13:40:00,43.79,43.79,43.77,43.78,3100,135712.0
001395.SZ,2026-01-07 13:41:00,43.78,43.78,43.78,43.78,0,0.0
001395.SZ,2026-01-07 13:42:00,43.73,43.73,43.73,43.73,1600,69968.0
001395.SZ,2026-01-07 13:43:00,43.74,43.75,43.72,43.72,4000,174954.0
001395.SZ,2026-01-07 13:44:00,43.71,43.71,43.69,43.69,900,39329.0
001395.SZ,2026-01-07 13:45:00,43.69,43.7,43.69,43.69,1800,78646.0
001395.SZ,2026-01-07 13:46:00,43.68,43.68,43.66,43.66,7700,336219.0
001395.SZ,2026-01-07 13:47:00,43.67,43.67,43.67,43.67,2200,96074.0
001395.SZ,2026-01-07 13:48:00,43.67,43.67,43.67,43.67,500,21835.0
001395.SZ,2026-01-07 13:49:00,43.69,43.69,43.67,43.67,3600,157251.0
001395.SZ,2026-01-07 13:50:00,43.67,43.67,43.67,43.67,300,13101.0
001395.SZ,2026-01-07 13:51:00,43.68,43.69,43.68,43.69,700,30581.0
001395.SZ,2026-01-07 13:52:00,43.68,43.68,43.68,43.68,600,26208.0
001395.SZ,2026-01-07 13:53:00,43.69,43.7,43.69,43.7,700,30589.0
001395.SZ,2026-01-07 13:54:00,43.71,43.71,43.71,43.71,100,4371.0
001395.SZ,2026-01-07 13:55:00,43.74,43.74,43.74,43.74,1300,56862.0
001395.SZ,2026-01-07 13:56:00,43.76,43.77,43.76,43.77,500,21881.0
001395.SZ,2026-01-07 13:57:00,43.76,43.76,43.76,43.76,2000,87520.0
001395.SZ,2026-01-07 13:58:00,43.76,43.77,43.76,43.77,3700,161924.0
001395.SZ,2026-01-07 13:59:00,43.77,43.77,43.77,43.77,0,0.0
001395.SZ,2026-01-07 14:00:00,43.78,43.78,43.78,43.78,200,8756.0
001395.SZ,2026-01-07 14:01:00,43.76,43.78,43.76,43.78,300,13131.0
001395.SZ,2026-01-07 14:02:00,43.78,43.78,43.77,43.77,6900,302025.0
001395.SZ,2026-01-07 14:03:00,43.77,43.8,43.76,43.76,6100,267026.0
001395.SZ,2026-01-07 14:04:00,43.77,43.77,43.75,43.75,2200,96273.0
001395.SZ,2026-01-07 14:05:00,43.75,43.75,43.72,43.72,1000,43726.0
001395.SZ,2026-01-07 14:06:00,43.73,44.0,43.73,43.91,48100,2111172.0
001395.SZ,2026-01-07 14:07:00,43.9,43.91,43.9,43.9,20200,886933.0
001395.SZ,2026-01-07 14:08:00,43.85,43.85,43.85,43.85,300,13155.0
001395.SZ,2026-01-07 14:09:00,43.85,43.85,43.8,43.81,7000,306880.0
001395.SZ,2026-01-07 14:10:00,43.81,43.81,43.8,43.8,2400,105145.0
001395.SZ,2026-01-07 14:11:00,43.81,43.82,43.76,43.76,7800,341712.0
001395.SZ,2026-01-07 14:12:00,43.81,43.86,43.78,43.86,5900,258424.0
001395.SZ,2026-01-07 14:13:00,43.86,43.86,43.76,43.76,3200,140083.0
001395.SZ,2026-01-07 14:14:00,43.73,43.76,43.73,43.76,7100,310563.0
001395.SZ,2026-01-07 14:15:00,43.75,43.76,43.75,43.76,900,39376.0
001395.SZ,2026-01-07 14:16:00,43.78,43.78,43.76,43.76,5600,245121.0
001395.SZ,2026-01-07 14:17:00,43.76,43.76,43.72,43.72,6700,293048.0
001395.SZ,2026-01-07 14:18:00,43.73,43.74,43.71,43.72,6600,288564.0
001395.SZ,2026-01-07 14:19:00,43.77,43.77,43.72,43.72,3000,131170.0
001395.SZ,2026-01-07 14:20:00,43.71,43.71,43.68,43.69,7700,336511.0
001395.SZ,2026-01-07 14:21:00,43.7,43.7,43.7,43.7,400,17480.0
001395.SZ,2026-01-07 14:22:00,43.7,43.73,43.68,43.68,7500,327763.0
001395.SZ,2026-01-07 14:23:00,43.7,43.7,43.68,43.68,700,30583.0
001395.SZ,2026-01-07 14:24:00,43.69,43.69,43.68,43.68,7400,323292.0
001395.SZ,2026-01-07 14:25:00,43.71,43.71,43.68,43.68,5400,235981.0
001395.SZ,2026-01-07 14:26:00,43.69,43.69,43.69,43.69,1000,43690.0
001395.SZ,2026-01-07 14:27:00,43.7,43.71,43.69,43.71,7600,332056.0
001395.SZ,2026-01-07 14:28:00,43.7,43.7,43.69,43.7,2000,87396.0
001395.SZ,2026-01-07 14:29:00,43.7,43.7,43.68,43.7,3400,148551.0
001395.SZ,2026-01-07 14:30:00,43.7,43.7,43.68,43.68,9100,397506.0
001395.SZ,2026-01-07 14:31:00,43.68,43.69,43.66,43.67,29000,1266577.0
001395.SZ,2026-01-07 14:32:00,43.66,43.67,43.66,43.67,3100,135352.0
001395.SZ,2026-01-07 14:33:00,43.68,43.69,43.67,43.67,7200,314449.0
001395.SZ,2026-01-07 14:34:00,43.67,43.67,43.64,43.64,19700,860067.0
001395.SZ,2026-01-07 14:35:00,43.65,43.66,43.65,43.66,1400,61113.0
001395.SZ,2026-01-07 14:36:00,43.66,43.66,43.64,43.65,6100,266257.0
001395.SZ,2026-01-07 14:37:00,43.65,43.65,43.63,43.64,6700,292363.0
001395.SZ,2026-01-07 14:38:00,43.65,43.65,43.62,43.64,3380,147501.2
001395.SZ,2026-01-07 14:39:00,43.65,43.67,43.65,43.67,2800,122251.0
001395.SZ,2026-01-07 14:40:00,43.67,43.67,43.66,43.66,3900,170297.0
001395.SZ,2026-01-07 14:41:00,43.66,43.66,43.64,43.64,2700,117853.0
001395.SZ,2026-01-07 14:42:00,43.64,43.64,43.62,43.62,6320,275735.8
001395.SZ,2026-01-07 14:43:00,43.62,43.62,43.59,43.59,12780,557267.2
001395.SZ,2026-01-07 14:44:00,43.59,43.6,43.59,43.59,5000,217960.0
001395.SZ,2026-01-07 14:45:00,43.6,43.65,43.59,43.6,4400,191954.0
001395.SZ,2026-01-07 14:46:00,43.64,43.64,43.6,43.64,900,39259.0
001395.SZ,2026-01-07 14:47:00,43.63,43.64,43.63,43.63,2000,87265.0
001395.SZ,2026-01-07 14:48:00,43.63,43.64,43.63,43.64,2000,87275.0
001395.SZ,2026-01-07 14:49:00,43.64,43.64,43.62,43.63,1600,69807.0
001395.SZ,2026-01-07 14:50:00,43.62,43.63,43.6,43.6,12900,562624.0
001395.SZ,2026-01-07 14:51:00,43.6,43.62,43.59,43.6,9900,431644.0
001395.SZ,2026-01-07 14:52:00,43.6,43.63,43.59,43.63,3300,143917.0
001395.SZ,2026-01-07 14:53:00,43.66,43.69,43.63,43.63,2000,87331.0
001395.SZ,2026-01-07 14:54:00,43.68,43.68,43.65,43.67,600,26197.0
001395.SZ,2026-01-07 14:55:00,43.65,43.65,43.64,43.65,1900,82939.0
001395.SZ,2026-01-07 14:56:00,43.66,43.68,43.63,43.68,3600,157203.0
001395.SZ,2026-01-07 14:57:00,43.69,43.78,43.69,43.78,3900,170560.0
001395.SZ,2026-01-07 14:58:00,43.78,43.78,43.78,43.78,0,0.0
001395.SZ,2026-01-07 14:59:00,43.78,43.78,43.78,43.78,0,0.0
001395.SZ,2026-01-07 15:00:00,43.78,43.78,43.78,43.78,7300,319594.0
001395.SZ,2026-01-08 09:30:00,43.78,43.78,43.78,43.78,1000,43780.0
001395.SZ,2026-01-08 09:31:00,43.8,43.8,43.63,43.64,3700,161678.0
001395.SZ,2026-01-08 09:32:00,43.62,43.62,43.59,43.59,2400,104655.0
001395.SZ,2026-01-08 09:33:00,43.6,43.7,43.6,43.61,11400,497586.0
001395.SZ,2026-01-08 09:34:00,43.61,43.7,43.61,43.64,2600,113467.0
001395.SZ,2026-01-08 09:35:00,43.7,43.7,43.7,43.7,5400,235954.0
001395.SZ,2026-01-08 09:36:00,43.69,43.78,43.69,43.77,9900,432743.0
001395.SZ,2026-01-08 09:37:00,43.71,43.76,43.71,43.71,7600,332306.0
001395.SZ,2026-01-08 09:38:00,43.7,43.7,43.7,43.7,600,26220.0
001395.SZ,2026-01-08 09:39:00,43.66,43.68,43.65,43.65,16200,707301.0
001395.SZ,2026-01-08 09:40:00,43.58,43.63,43.58,43.59,14400,628051.0
001395.SZ,2026-01-08 09:41:00,43.52,43.63,43.52,43.63,13600,592530.8
001395.SZ,2026-01-08 09:42:00,43.61,43.61,43.61,43.61,400,17444.0
001395.SZ,2026-01-08 09:43:00,43.62,43.62,43.59,43.59,900,39240.0
001395.SZ,2026-01-08 09:44:00,43.59,43.6,43.59,43.6,1900,82827.0
001395.SZ,2026-01-08 09:45:00,43.59,43.59,43.53,43.53,7900,344311.0
001395.SZ,2026-01-08 09:46:00,43.53,43.53,43.53,43.53,11100,483183.0
001395.SZ,2026-01-08 09:47:00,43.53,43.53,43.53,43.53,1100,47883.0
001395.SZ,2026-01-08 09:48:00,43.56,43.6,43.56,43.6,10500,457734.0
001395.SZ,2026-01-08 09:49:00,43.6,43.63,43.6,43.63,2600,113405.0
001395.SZ,2026-01-08 09:50:00,43.65,43.65,43.63,43.63,900,39283.0
001395.SZ,2026-01-08 09:51:00,43.65,43.65,43.65,43.65,400,17460.0
001395.SZ,2026-01-08 09:52:00,43.69,43.69,43.65,43.66,1400,61135.0
001395.SZ,2026-01-08 09:53:00,43.69,43.69,43.66,43.66,900,39297.0
001395.SZ,2026-01-08 09:54:00,43.66,43.7,43.66,43.7,6800,297114.0
001395.SZ,2026-01-08 09:55:00,43.71,43.71,43.7,43.7,1700,74303.0
001395.SZ,2026-01-08 09:56:00,43.7,43.7,43.69,43.69,2800,122359.0
001395.SZ,2026-01-08 09:57:00,43.69,43.69,43.69,43.69,2100,91752.0
001395.SZ,2026-01-08 09:58:00,43.73,43.73,43.69,43.69,500,21855.0
001395.SZ,2026-01-08 09:59:00,43.7,43.73,43.7,43.7,1100,48097.0
001395.SZ,2026-01-08 10:00:00,43.71,43.75,43.71,43.75,2200,96178.0
001395.SZ,2026-01-08 10:01:00,43.75,43.76,43.75,43.76,2400,105001.0
001395.SZ,2026-01-08 10:02:00,43.73,43.75,43.71,43.75,3800,166170.0
001395.SZ,2026-01-08 10:03:00,43.75,43.76,43.75,43.76,800,35003.0
001395.SZ,2026-01-08 10:04:00,43.77,43.81,43.77,43.81,10200,446626.0
001395.SZ,2026-01-08 10:05:00,43.8,43.8,43.8,43.8,2500,109500.0
001395.SZ,2026-01-08 10:06:00,43.78,43.81,43.78,43.8,1100,48182.0
001395.SZ,2026-01-08 10:07:00,43.79,43.79,43.76,43.76,2500,109423.0
001395.SZ,2026-01-08 10:08:00,43.79,43.79,43.79,43.79,100,4379.0
001395.SZ,2026-01-08 10:09:00,43.78,43.81,43.78,43.81,8100,354769.0
001395.SZ,2026-01-08 10:10:00,43.81,43.81,43.8,43.8,200,8761.0
001395.SZ,2026-01-08 10:11:00,43.81,43.82,43.8,43.8,1100,48193.0
001395.SZ,2026-01-08 10:12:00,43.8,43.8,43.8,43.8,1400,61320.0
001395.SZ,2026-01-08 10:13:00,43.78,43.79,43.78,43.79,2300,100704.0
001395.SZ,2026-01-08 10:14:00,43.8,43.81,43.8,43.8,800,35035.0
001395.SZ,2026-01-08 10:15:00,43.79,43.82,43.79,43.8,800,35044.0
001395.SZ,2026-01-08 10:16:00,43.8,43.8,43.79,43.79,2100,91974.0
001395.SZ,2026-01-08 10:17:00,43.79,43.79,43.79,43.79,700,30653.0
001395.SZ,2026-01-08 10:18:00,43.79,43.82,43.76,43.82,9400,411787.0
001395.SZ,2026-01-08 10:19:00,43.83,43.84,43.81,43.83,3200,140244.0
001395.SZ,2026-01-08 10:20:00,43.85,43.85,43.85,43.85,2100,92077.0
001395.SZ,2026-01-08 10:21:00,43.84,43.84,43.82,43.82,1500,65735.0
001395.SZ,2026-01-08 10:22:00,43.81,43.81,43.8,43.8,1000,43809.0
001395.SZ,2026-01-08 10:23:00,43.81,43.85,43.8,43.8,4000,175260.0
001395.SZ,2026-01-08 10:24:00,43.81,43.83,43.81,43.83,300,13147.0
001395.SZ,2026-01-08 10:25:00,43.82,43.84,43.82,43.83,700,30683.0
001395.SZ,2026-01-08 10:26:00,43.83,43.89,43.83,43.89,4200,184214.0
001395.SZ,2026-01-08 10:27:00,43.87,43.87,43.83,43.83,1300,56998.0
001395.SZ,2026-01-08 10:28:00,43.86,43.86,43.84,43.85,2100,92093.0
001395.SZ,2026-01-08 10:29:00,43.84,43.95,43.84,43.93,33678,1477721.1
001395.SZ,2026-01-08 10:30:00,43.9,43.91,43.89,43.9,1600,70238.0
001395.SZ,2026-01-08 10:31:00,43.89,43.9,43.89,43.89,3500,153618.0
001395.SZ,2026-01-08 10:32:00,43.9,43.91,43.9,43.9,1300,57073.0
001395.SZ,2026-01-08 10:33:00,43.92,43.94,43.9,43.94,3600,158079.0
001395.SZ,2026-01-08 10:34:00,43.92,43.95,43.92,43.94,5100,224087.0
001395.SZ,2026-01-08 10:35:00,43.94,43.94,43.92,43.92,1700,74667.0
001395.SZ,2026-01-08 10:36:00,43.91,43.92,43.91,43.91,3000,131732.0
001395.SZ,2026-01-08 10:37:00,43.92,43.94,43.92,43.94,2200,96641.0
001395.SZ,2026-01-08 10:38:00,43.94,43.95,43.92,43.92,2900,127419.0
001395.SZ,2026-01-08 10:39:00,43.91,43.91,43.9,43.9,1600,70253.0
001395.SZ,2026-01-08 10:40:00,43.93,43.93,43.91,43.91,900,39521.0
001395.SZ,2026-01-08 10:41:00,43.91,43.92,43.91,43.92,900,39524.0
001395.SZ,2026-01-08 10:42:00,43.91,43.91,43.9,43.9,600,26341.0
001395.SZ,2026-01-08 10:43:00,43.91,43.93,43.91,43.93,1800,79068.0
001395.SZ,2026-01-08 10:44:00,43.94,43.94,43.91,43.91,3100,136165.0
001395.SZ,2026-01-08 10:45:00,43.91,43.91,43.91,43.91,200,8782.0
001395.SZ,2026-01-08 10:46:00,43.92,43.93,43.9,43.93,7000,307370.0
001395.SZ,2026-01-08 10:47:00,43.93,43.95,43.92,43.95,8200,360330.0
001395.SZ,2026-01-08 10:48:00,43.96,44.0,43.95,44.0,9500,417811.0
001395.SZ,2026-01-08 10:49:00,44.0,44.04,43.95,43.95,8600,378255.0
001395.SZ,2026-01-08 10:50:00,43.97,44.01,43.97,43.97,1000,43974.0
001395.SZ,2026-01-08 10:51:00,43.97,44.0,43.96,43.97,3800,167076.0
001395.SZ,2026-01-08 10:52:00,43.98,43.99,43.97,43.99,1800,79172.0
001395.SZ,2026-01-08 10:53:00,43.97,43.97,43.95,43.95,5800,254969.0
001395.SZ,2026-01-08 10:54:00,43.95,43.96,43.94,43.96,1400,61531.0
001395.SZ,2026-01-08 10:55:00,43.96,43.96,43.92,43.92,2100,92246.0
001395.SZ,2026-01-08 10:56:00,43.91,43.91,43.91,43.91,200,8782.0
001395.SZ,2026-01-08 10:57:00,43.92,43.92,43.91,43.91,1000,43912.0
001395.SZ,2026-01-08 10:58:00,43.9,43.93,43.9,43.91,700,30739.0
001395.SZ,2026-01-08 10:59:00,43.92,43.94,43.92,43.92,3500,153743.0
001395.SZ,2026-01-08 11:00:00,43.93,43.97,43.91,43.91,1400,61508.0
001395.SZ,2026-01-08 11:01:00,43.92,43.93,43.92,43.93,1900,83459.0
001395.SZ,2026-01-08 11:02:00,43.92,43.97,43.91,43.94,4200,184469.0
001395.SZ,2026-01-08 11:03:00,43.96,43.96,43.93,43.96,700,30768.0
001395.SZ,2026-01-08 11:04:00,43.96,43.97,43.94,43.97,2900,127472.0
001395.SZ,2026-01-08 11:05:00,43.97,43.97,43.95,43.95,800,35163.0
001395.SZ,2026-01-08 11:06:00,43.94,43.94,43.9,43.9,10300,452333.0
001395.SZ,2026-01-08 11:07:00,43.9,43.9,43.88,43.88,1500,65837.0
001395.SZ,2026-01-08 11:08:00,43.89,43.91,43.89,43.9,1600,70246.0
001395.SZ,2026-01-08 11:09:00,43.9,43.9,43.86,43.86,10222,448533.9
001395.SZ,2026-01-08 11:10:00,43.86,43.87,43.84,43.86,15378,674467.06
001395.SZ,2026-01-08 11:11:00,43.88,43.89,43.86,43.86,1700,74589.0
001395.SZ,2026-01-08 11:12:00,43.86,43.88,43.86,43.88,2600,114038.0
001395.SZ,2026-01-08 11:13:00,43.86,43.86,43.84,43.84,1400,61399.0
001395.SZ,2026-01-08 11:14:00,43.84,43.84,43.84,43.84,3600,157902.0
001395.SZ,2026-01-08 11:15:00,43.84,43.84,43.84,43.84,2200,96448.0
001395.SZ,2026-01-08 11:16:00,43.84,43.84,43.82,43.83,4400,192838.0
001395.SZ,2026-01-08 11:17:00,43.81,43.84,43.81,43.84,600,26292.0
001395.SZ,2026-01-08 11:18:00,43.84,43.84,43.84,43.84,0,0.0
001395.SZ,2026-01-08 11:19:00,43.83,43.84,43.83,43.84,2000,87672.0
001395.SZ,2026-01-08 11:20:00,43.85,43.96,43.85,43.96,3600,158057.0
001395.SZ,2026-01-08 11:21:00,43.91,43.95,43.91,43.94,8200,360365.0
001395.SZ,2026-01-08 11:22:00,43.93,43.93,43.92,43.92,1300,57099.0
001395.SZ,2026-01-08 11:23:00,43.92,43.92,43.91,43.91,400,17566.0
001395.SZ,2026-01-08 11:24:00,43.89,43.89,43.89,43.89,100,4389.0
001395.SZ,2026-01-08 11:25:00,43.89,43.92,43.89,43.91,2800,122925.0
001395.SZ,2026-01-08 11:26:00,43.91,43.91,43.9,43.9,2300,100988.0
001395.SZ,2026-01-08 11:27:00,43.9,43.91,43.9,43.91,2200,96590.0
001395.SZ,2026-01-08 11:28:00,43.91,43.92,43.91,43.92,900,39527.0
001395.SZ,2026-01-08 11:29:00,43.93,43.93,43.93,43.93,200,8786.0
001395.SZ,2026-01-08 11:30:00,43.92,43.92,43.88,43.91,2300,101005.0
001395.SZ,2026-01-08 13:01:00,43.92,43.92,43.89,43.89,4200,184436.0
001395.SZ,2026-01-08 13:02:00,43.89,43.89,43.89,43.89,400,17556.0
001395.SZ,2026-01-08 13:03:00,43.88,43.88,43.88,43.88,200,8776.0
001395.SZ,2026-01-08 13:04:00,43.88,43.89,43.88,43.89,500,21941.0
001395.SZ,2026-01-08 13:05:00,43.9,43.92,43.9,43.92,2300,101006.0
001395.SZ,2026-01-08 13:06:00,43.91,43.91,43.88,43.88,1900,83408.0
001395.SZ,2026-01-08 13:07:00,43.89,43.9,43.86,43.89,4300,188643.0
001395.SZ,2026-01-08 13:08:00,43.9,43.91,43.9,43.91,1300,57076.0
001395.SZ,2026-01-08 13:09:00,43.9,43.91,43.9,43.91,600,26343.0
001395.SZ,2026-01-08 13:10:00,43.9,43.9,43.9,43.9,200,8780.0
001395.SZ,2026-01-08 13:11:00,43.9,43.9,43.88,43.89,1400,61442.0
001395.SZ,2026-01-08 13:12:00,43.91,43.91,43.9,43.91,3600,158074.0
001395.SZ,2026-01-08 13:13:00,43.9,43.9,43.89,43.89,400,17559.0
001395.SZ,2026-01-08 13:14:00,43.89,43.89,43.89,43.89,1500,65835.0
001395.SZ,2026-01-08 13:15:00,43.9,43.9,43.9,43.9,800,35120.0
001395.SZ,2026-01-08 13:16:00,43.89,43.89,43.88,43.88,1800,78989.0
001395.SZ,2026-01-08 13:17:00,43.88,43.88,43.87,43.87,3200,140415.0
001395.SZ,2026-01-08 13:18:00,43.87,43.87,43.87,43.87,300,13161.0
001395.SZ,2026-01-08 13:19:00,43.88,43.92,43.88,43.91,9100,399395.0
001395.SZ,2026-01-08 13:20:00,43.91,43.92,43.91,43.92,3000,131750.0
001395.SZ,2026-01-08 13:21:00,43.92,43.95,43.9,43.9,5600,245942.0
001395.SZ,2026-01-08 13:22:00,43.91,43.91,43.89,43.9,4648,204023.72
001395.SZ,2026-01-08 13:23:00,43.93,43.95,43.93,43.95,3300,145015.0
001395.SZ,2026-01-08 13:24:00,43.94,43.95,43.94,43.95,500,21973.0
001395.SZ,2026-01-08 13:25:00,43.94,43.94,43.93,43.93,4500,197696.0
001395.SZ,2026-01-08 13:26:00,43.93,43.93,43.93,43.93,1600,70288.0
001395.SZ,2026-01-08 13:27:00,43.92,43.92,43.92,43.92,600,26352.0
001395.SZ,2026-01-08 13:28:00,43.91,43.91,43.9,43.91,3000,131728.0
001395.SZ,2026-01-08 13:29:00,43.91,43.92,43.91,43.92,1500,65867.0
001395.SZ,2026-01-08 13:30:00,43.92,43.92,43.91,43.92,2200,96623.0
001395.SZ,2026-01-08 13:31:00,43.91,43.91,43.89,43.89,952,41793.28
001395.SZ,2026-01-08 13:32:00,43.88,43.89,43.88,43.88,1000,43882.0
001395.SZ,2026-01-08 13:33:00,43.87,43.87,43.83,43.83,11300,495381.0
001395.SZ,2026-01-08 13:34:00,43.81,43.82,43.8,43.82,12700,556301.0
001395.SZ,2026-01-08 13:35:00,43.82,43.84,43.82,43.84,1800,78901.0
001395.SZ,2026-01-08 13:36:00,43.84,43.88,43.84,43.88,2100,92116.0
001395.SZ,2026-01-08 13:37:00,43.84,43.87,43.84,43.86,2500,109609.0
001395.SZ,2026-01-08 13:38:00,43.85,43.85,43.85,43.85,2900,127131.0
001395.SZ,2026-01-08 13:39:00,43.83,43.83,43.81,43.81,7900,346181.0
001395.SZ,2026-01-08 13:40:00,43.84,43.84,43.81,43.81,2100,92015.0
001395.SZ,2026-01-08 13:41:00,43.8,43.84,43.8,43.84,4900,214631.0
001395.SZ,2026-01-08 13:42:00,43.83,43.83,43.83,43.83,100,4383.0
001395.SZ,2026-01-08 13:43:00,43.83,43.83,43.82,43.82,800,35059.0
001395.SZ,2026-01-08 13:44:00,43.82,43.82,43.8,43.81,3400,148954.0
001395.SZ,2026-01-08 13:45:00,43.81,43.82,43.81,43.82,6500,284812.0
001395.SZ,2026-01-08 13:46:00,43.82,43.82,43.81,43.81,2100,92017.0
001395.SZ,2026-01-08 13:47:00,43.82,43.82,43.81,43.82,6648,291274.88
001395.SZ,2026-01-08 13:48:00,43.82,43.83,43.8,43.8,3848,168589.92
001395.SZ,2026-01-08 13:49:00,43.8,43.8,43.8,43.8,100,4380.0
001395.SZ,2026-01-08 13:50:00,43.81,43.81,43.8,43.8,200,8761.0
001395.SZ,2026-01-08 13:51:00,43.8,43.81,43.79,43.79,3504,153477.23
001395.SZ,2026-01-08 13:52:00,43.79,43.79,43.76,43.76,4700,205756.0
001395.SZ,2026-01-08 13:53:00,43.76,43.76,43.75,43.75,5100,223156.0
001395.SZ,2026-01-08 13:54:00,43.76,43.77,43.75,43.77,3800,166294.0
001395.SZ,2026-01-08 13:55:00,43.77,43.78,43.77,43.78,500,21886.0
001395.SZ,2026-01-08 13:56:00,43.77,43.79,43.77,43.79,900,39403.0
001395.SZ,2026-01-08 13:57:00,43.8,43.8,43.8,43.8,1800,78840.0
001395.SZ,2026-01-08 13:58:00,43.81,43.81,43.81,43.81,200,8762.0
001395.SZ,2026-01-08 13:59:00,43.82,43.82,43.82,43.82,1200,52584.0
001395.SZ,2026-01-08 14:00:00,43.82,43.83,43.82,43.83,5200,227826.0
001395.SZ,2026-01-08 14:01:00,43.83,43.83,43.83,43.83,1200,52596.0
001395.SZ,2026-01-08 14:02:00,43.82,43.83,43.82,43.83,4200,184081.0
001395.SZ,2026-01-08 14:03:00,43.83,43.83,43.83,43.83,1100,48213.0
001395.SZ,2026-01-08 14:04:00,43.84,43.85,43.84,43.85,5200,227973.0
001395.SZ,2026-01-08 14:05:00,43.84,43.85,43.81,43.85,4000,175336.0
001395.SZ,2026-01-08 14:06:00,43.81,43.82,43.81,43.81,1400,61335.0
001395.SZ,2026-01-08 14:07:00,43.81,43.81,43.79,43.8,6400,280313.0
001395.SZ,2026-01-08 14:08:00,43.8,43.81,43.8,43.81,7100,310986.0
001395.SZ,2026-01-08 14:09:00,43.81,43.81,43.76,43.76,6300,275875.0
001395.SZ,2026-01-08 14:10:00,43.76,43.76,43.75,43.75,4900,214392.0
001395.SZ,2026-01-08 14:11:00,43.73,43.73,43.7,43.7,10700,467702.0
001395.SZ,2026-01-08 14:12:00,43.71,43.72,43.71,43.71,2480,108412.8
001395.SZ,2026-01-08 14:13:00,43.71,43.71,43.68,43.69,9820,429067.2
001395.SZ,2026-01-08 14:14:00,43.67,43.69,43.64,43.64,9700,423575.0
001395.SZ,2026-01-08 14:15:00,43.62,43.64,43.62,43.63,2300,100342.0
001395.SZ,2026-01-08 14:16:00,43.63,43.67,43.63,43.65,6000,261839.0
001395.SZ,2026-01-08 14:17:00,43.66,43.66,43.66,43.66,3100,135331.0
001395.SZ,2026-01-08 14:18:00,43.67,43.67,43.63,43.63,3900,170201.0
001395.SZ,2026-01-08 14:19:00,43.65,43.67,43.65,43.67,400,17462.0
001395.SZ,2026-01-08 14:20:00,43.66,43.66,43.66,43.66,200,8732.0
001395.SZ,2026-01-08 14:21:00,43.66,43.68,43.66,43.67,2600,113552.0
001395.SZ,2026-01-08 14:22:00,43.68,43.69,43.68,43.69,2580,112715.4
001395.SZ,2026-01-08 14:23:00,43.7,43.7,43.69,43.69,2700,117983.0
001395.SZ,2026-01-08 14:24:00,43.69,43.69,43.69,43.69,0,0.0
001395.SZ,2026-01-08 14:25:00,43.69,43.69,43.69,43.69,0,0.0
001395.SZ,2026-01-08 14:26:00,43.71,43.71,43.71,43.71,600,26226.0
001395.SZ,2026-01-08 14:27:00,43.7,43.7,43.7,43.7,300,13110.0
001395.SZ,2026-01-08 14:28:00,43.71,43.72,43.71,43.72,1700,74311.0
001395.SZ,2026-01-08 14:29:00,43.72,43.73,43.72,43.72,880,38475.6
001395.SZ,2026-01-08 14:30:00,43.73,43.73,43.72,43.72,2800,122424.0
001395.SZ,2026-01-08 14:31:00,43.74,43.74,43.74,43.74,1000,43740.0
001395.SZ,2026-01-08 14:32:00,43.75,43.75,43.72,43.73,2800,122446.0
001395.SZ,2026-01-08 14:33:00,43.73,43.74,43.73,43.74,600,26240.0
001395.SZ,2026-01-08 14:34:00,43.74,43.75,43.73,43.73,6100,266785.0
001395.SZ,2026-01-08 14:35:00,43.73,43.73,43.73,43.73,0,0.0
001395.SZ,2026-01-08 14:36:00,43.75,43.75,43.75,43.75,300,13125.0
001395.SZ,2026-01-08 14:37:00,43.74,43.74,43.73,43.73,1600,69970.0
001395.SZ,2026-01-08 14:38:00,43.72,43.72,43.7,43.7,7820,341843.4
001395.SZ,2026-01-08 14:39:00,43.68,43.69,43.66,43.67,14220,621157.6
001395.SZ,2026-01-08 14:40:00,43.68,43.69,43.66,43.68,6280,274311.8
001395.SZ,2026-01-08 14:41:00,43.67,43.68,43.67,43.68,3100,135386.0
001395.SZ,2026-01-08 14:42:00,43.69,43.69,43.69,43.69,400,17476.0
001395.SZ,2026-01-08 14:43:00,43.68,43.68,43.67,43.67,2400,104832.0
001395.SZ,2026-01-08 14:44:00,43.67,43.67,43.66,43.66,3600,157185.0
001395.SZ,2026-01-08 14:45:00,43.66,43.68,43.66,43.68,200,8734.0
001395.SZ,2026-01-08 14:46:00,43.68,43.69,43.67,43.69,2400,104821.0
001395.SZ,2026-01-08 14:47:00,43.68,43.68,43.67,43.68,3500,152860.0
001395.SZ,2026-01-08 14:48:00,43.69,43.69,43.66,43.66,6200,270799.0
001395.SZ,2026-01-08 14:49:00,43.66,43.67,43.64,43.64,12200,532606.0
001395.SZ,2026-01-08 14:50:00,43.64,43.69,43.64,43.65,1000,43667.0
001395.SZ,2026-01-08 14:51:00,43.66,43.68,43.66,43.68,1000,43674.0
001395.SZ,2026-01-08 14:52:00,43.66,43.69,43.66,43.66,5700,248890.0
001395.SZ,2026-01-08 14:53:00,43.69,43.7,43.67,43.7,4000,174740.0
001395.SZ,2026-01-08 14:54:00,43.66,43.69,43.65,43.65,16000,698467.0
001395.SZ,2026-01-08 14:55:00,43.65,43.65,43.63,43.63,20100,877136.0
001395.SZ,2026-01-08 14:56:00,43.63,43.67,43.61,43.67,6700,292249.0
001395.SZ,2026-01-08 14:57:00,43.62,43.62,43.61,43.62,9600,418729.0
001395.SZ,2026-01-08 14:58:00,43.62,43.62,43.62,43.62,0,0.0
001395.SZ,2026-01-08 14:59:00,43.62,43.62,43.62,43.62,0,0.0
001395.SZ,2026-01-08 15:00:00,43.66,43.66,43.66,43.66,5800,253228.0
001395.SZ,2026-01-09 09:30:00,43.88,43.88,43.88,43.88,700,30716.0
001395.SZ,2026-01-09 09:31:00,43.49,43.81,43.49,43.81,14100,614116.0
001395.SZ,2026-01-09 09:32:00,43.58,43.81,43.57,43.59,10800,470944.0
001395.SZ,2026-01-09 09:33:00,43.6,43.7,43.59,43.64,1900,82927.0
001395.SZ,2026-01-09 09:34:00,43.64,43.64,43.6,43.6,5300,231157.0
001395.SZ,2026-01-09 09:35:00,43.59,43.64,43.5,43.64,23100,1005746.0
001395.SZ,2026-01-09 09:36:00,43.65,43.8,43.65,43.8,6100,267022.0
001395.SZ,2026-01-09 09:37:00,43.81,43.81,43.64,43.64,2600,113641.0
001395.SZ,2026-01-09 09:38:00,43.64,43.64,43.63,43.63,2400,104723.0
001395.SZ,2026-01-09 09:39:00,43.52,43.6,43.52,43.52,25200,1096859.0
001395.SZ,2026-01-09 09:40:00,43.55,43.62,43.55,43.56,1100,47944.0
001395.SZ,2026-01-09 09:41:00,43.59,43.62,43.59,43.61,1200,52331.0
001395.SZ,2026-01-09 09:42:00,43.57,43.57,43.53,43.53,8500,370169.0
001395.SZ,2026-01-09 09:43:00,43.51,43.52,43.48,43.49,52900,2301416.0
001395.SZ,2026-01-09 09:44:00,43.47,43.49,43.45,43.49,13700,595552.0
001395.SZ,2026-01-09 09:45:00,43.5,43.5,43.48,43.5,7600,330509.0
001395.SZ,2026-01-09 09:46:00,43.5,43.5,43.46,43.5,10300,447864.0
001395.SZ,2026-01-09 09:47:00,43.5,43.52,43.44,43.47,36900,1604390.0
001395.SZ,2026-01-09 09:48:00,43.43,43.43,43.4,43.43,16700,724966.0
001395.SZ,2026-01-09 09:49:00,43.43,43.43,43.38,43.4,17700,768208.0
001395.SZ,2026-01-09 09:50:00,43.4,43.41,43.4,43.41,18168,788625.9
001395.SZ,2026-01-09 09:51:00,43.42,43.43,43.39,43.39,16932,734926.1
001395.SZ,2026-01-09 09:52:00,43.38,43.39,43.3,43.31,27000,1170529.0
001395.SZ,2026-01-09 09:53:00,43.31,43.31,43.28,43.29,11700,506540.0
001395.SZ,2026-01-09 09:54:00,43.29,43.35,43.29,43.35,19800,857452.0
001395.SZ,2026-01-09 09:55:00,43.36,43.36,43.28,43.33,25100,1086962.0
001395.SZ,2026-01-09 09:56:00,43.33,43.35,43.3,43.34,15000,649770.0
001395.SZ,2026-01-09 09:57:00,43.34,43.36,43.31,43.31,6400,277344.0
001395.SZ,2026-01-09 09:58:00,43.3,43.31,43.29,43.3,30600,1324941.0
001395.SZ,2026-01-09 09:59:00,43.32,43.34,43.29,43.34,14300,619281.0
001395.SZ,2026-01-09 10:00:00,43.34,43.34,43.32,43.32,3300,143014.0
001395.SZ,2026-01-09 10:01:00,43.34,43.49,43.34,43.49,15768,684441.9
001395.SZ,2026-01-09 10:02:00,43.49,43.55,43.49,43.55,5900,256842.0
001395.SZ,2026-01-09 10:03:00,43.55,43.55,43.54,43.54,2200,95794.0
001395.SZ,2026-01-09 10:04:00,43.54,43.54,43.5,43.53,2100,91377.0
001395.SZ,2026-01-09 10:05:00,43.53,43.53,43.53,43.53,0,0.0
001395.SZ,2026-01-09 10:06:00,43.51,43.52,43.48,43.48,1400,60896.0
001395.SZ,2026-01-09 10:07:00,43.47,43.47,43.47,43.47,1200,52164.0
001395.SZ,2026-01-09 10:08:00,43.48,43.48,43.47,43.48,3300,143460.0
001395.SZ,2026-01-09 10:09:00,43.48,43.48,43.45,43.45,3700,160775.0
001395.SZ,2026-01-09 10:10:00,43.46,43.47,43.45,43.47,17800,773580.0
001395.SZ,2026-01-09 10:11:00,43.47,43.5,43.46,43.5,8200,356413.0
001395.SZ,2026-01-09 10:12:00,43.5,43.51,43.49,43.5,2300,100051.0
001395.SZ,2026-01-09 10:13:00,43.49,43.49,43.48,43.48,3500,152211.0
001395.SZ,2026-01-09 10:14:00,43.48,43.49,43.48,43.49,700,30440.0
001395.SZ,2026-01-09 10:15:00,43.49,43.49,43.48,43.48,1900,82618.0
001395.SZ,2026-01-09 10:16:00,43.49,43.5,43.49,43.5,600,26095.0
001395.SZ,2026-01-09 10:17:00,43.51,43.53,43.5,43.53,7400,322024.0
001395.SZ,2026-01-09 10:18:00,43.53,43.53,43.53,43.53,800,34824.0
001395.SZ,2026-01-09 10:19:00,43.57,43.58,43.57,43.58,600,26143.0
001395.SZ,2026-01-09 10:20:00,43.57,43.58,43.57,43.58,2100,91517.0
001395.SZ,2026-01-09 10:21:00,43.58,43.6,43.58,43.6,3300,143861.0
001395.SZ,2026-01-09 10:22:00,43.6,43.61,43.6,43.6,5700,248526.0
001395.SZ,2026-01-09 10:23:00,43.6,43.61,43.57,43.57,4900,213643.0
001395.SZ,2026-01-09 10:24:00,43.56,43.56,43.56,43.56,400,17424.0
001395.SZ,2026-01-09 10:25:00,43.55,43.55,43.51,43.51,2000,87096.0
001395.SZ,2026-01-09 10:26:00,43.51,43.51,43.5,43.5,3100,134851.0
001395.SZ,2026-01-09 10:27:00,43.49,43.49,43.48,43.48,1200,52186.0
001395.SZ,2026-01-09 10:28:00,43.47,43.49,43.47,43.49,1000,43483.0
001395.SZ,2026-01-09 10:29:00,43.48,43.48,43.48,43.48,900,39132.0
001395.SZ,2026-01-09 10:30:00,43.48,43.48,43.47,43.47,3500,152164.0
001395.SZ,2026-01-09 10:31:00,43.51,43.58,43.51,43.51,5600,243730.0
001395.SZ,2026-01-09 10:32:00,43.51,43.51,43.51,43.51,0,0.0
001395.SZ,2026-01-09 10:33:00,43.55,43.55,43.53,43.53,400,17414.0
001395.SZ,2026-01-09 10:34:00,43.57,43.57,43.57,43.57,2100,91455.0
001395.SZ,2026-01-09 10:35:00,43.56,43.58,43.56,43.56,7700,335499.0
001395.SZ,2026-01-09 10:36:00,43.56,43.58,43.53,43.58,700,30490.0
001395.SZ,2026-01-09 10:37:00,43.55,43.55,43.55,43.55,100,4355.0
001395.SZ,2026-01-09 10:38:00,43.57,43.57,43.57,43.57,500,21785.0
001395.SZ,2026-01-09 10:39:00,43.57,43.58,43.57,43.58,3100,135093.0
001395.SZ,2026-01-09 10:40:00,43.6,43.6,43.58,43.58,2000,87168.0
001395.SZ,2026-01-09 10:41:00,43.58,43.58,43.56,43.56,5600,243952.0
001395.SZ,2026-01-09 10:42:00,43.57,43.57,43.57,43.57,1000,43570.0
001395.SZ,2026-01-09 10:43:00,43.57,43.57,43.56,43.56,500,21783.0
001395.SZ,2026-01-09 10:44:00,43.56,43.57,43.56,43.57,2000,87133.0
001395.SZ,2026-01-09 10:45:00,43.57,43.57,43.56,43.56,600,26140.0
001395.SZ,2026-01-09 10:46:00,43.57,43.62,43.57,43.62,4400,191806.0
001395.SZ,2026-01-09 10:47:00,43.63,43.63,43.62,43.62,2600,113435.0
001395.SZ,2026-01-09 10:48:00,43.62,43.62,43.6,43.6,2300,100312.0
001395.SZ,2026-01-09 10:49:00,43.61,43.61,43.59,43.6,900,39238.0
001395.SZ,2026-01-09 10:50:00,43.6,43.61,43.6,43.61,900,39243.0
001395.SZ,2026-01-09 10:51:00,43.61,43.65,43.61,43.65,3700,161468.0
001395.SZ,2026-01-09 10:52:00,43.65,43.65,43.65,43.65,2500,109125.0
001395.SZ,2026-01-09 10:53:00,43.67,43.7,43.67,43.7,1500,65521.0
001395.SZ,2026-01-09 10:54:00,43.69,43.69,43.67,43.67,1100,48043.0
001395.SZ,2026-01-09 10:55:00,43.66,43.67,43.66,43.67,3000,130975.0
001395.SZ,2026-01-09 10:56:00,43.67,43.67,43.65,43.65,3300,144055.0
001395.SZ,2026-01-09 10:57:00,43.65,43.66,43.65,43.65,1300,56749.0
001395.SZ,2026-01-09 10:58:00,43.65,43.65,43.65,43.65,1300,56745.0
001395.SZ,2026-01-09 10:59:00,43.64,43.64,43.63,43.64,1700,74187.0
001395.SZ,2026-01-09 11:00:00,43.64,43.65,43.64,43.65,500,21824.0
001395.SZ,2026-01-09 11:01:00,43.64,43.65,43.63,43.63,1500,65468.0
001395.SZ,2026-01-09 11:02:00,43.64,43.64,43.63,43.63,1800,78535.0
001395.SZ,2026-01-09 11:03:00,43.6,43.6,43.56,43.56,10300,449044.0
001395.SZ,2026-01-09 11:04:00,43.56,43.56,43.53,43.53,7900,344047.0
001395.SZ,2026-01-09 11:05:00,43.5,43.51,43.5,43.51,4900,213199.0
001395.SZ,2026-01-09 11:06:00,43.55,43.55,43.55,43.55,500,21775.0
001395.SZ,2026-01-09 11:07:00,43.55,43.55,43.51,43.51,300,13059.0
001395.SZ,2026-01-09 11:08:00,43.51,43.51,43.48,43.49,2400,104395.0
001395.SZ,2026-01-09 11:09:00,43.48,43.5,43.48,43.5,2200,95669.0
001395.SZ,2026-01-09 11:10:00,43.74,43.74,43.54,43.54,25300,1104585.0
001395.SZ,2026-01-09 11:11:00,43.63,43.63,43.63,43.63,700,30541.0
001395.SZ,2026-01-09 11:12:00,43.58,43.6,43.58,43.6,400,17434.0
001395.SZ,2026-01-09 11:13:00,43.6,43.6,43.6,43.6,200,8719.0
001395.SZ,2026-01-09 11:14:00,43.58,43.58,43.58,43.58,100,4358.0
001395.SZ,2026-01-09 11:15:00,43.58,43.59,43.58,43.58,700,30509.0
001395.SZ,2026-01-09 11:16:00,43.58,43.58,43.58,43.58,100,4358.0
001395.SZ,2026-01-09 11:17:00,43.58,43.58,43.58,43.58,200,8716.0
001395.SZ,2026-01-09 11:18:00,43.58,43.58,43.57,43.57,800,34861.0
001395.SZ,2026-01-09 11:19:00,43.56,43.56,43.54,43.54,900,39196.0
001395.SZ,2026-01-09 11:20:00,43.53,43.55,43.53,43.55,600,26126.0
001395.SZ,2026-01-09 11:21:00,43.54,43.54,43.54,43.54,100,4354.0
001395.SZ,2026-01-09 11:22:00,43.54,43.54,43.54,43.54,0,0.0
001395.SZ,2026-01-09 11:23:00,43.51,43.52,43.51,43.51,2600,113132.0
001395.SZ,2026-01-09 11:24:00,43.48,43.48,43.44,43.44,4600,199917.0
001395.SZ,2026-01-09 11:25:00,43.44,43.44,43.43,43.43,5200,225846.0
001395.SZ,2026-01-09 11:26:00,43.42,43.42,43.42,43.42,2500,108550.0
001395.SZ,2026-01-09 11:27:00,43.41,43.42,43.39,43.4,5100,221358.0
001395.SZ,2026-01-09 11:28:00,43.4,43.4,43.4,43.4,600,26040.0
001395.SZ,2026-01-09 11:29:00,43.39,43.39,43.39,43.39,3500,151865.0
001395.SZ,2026-01-09 11:30:00,43.39,43.4,43.39,43.4,3900,169248.0
001395.SZ,2026-01-09 13:01:00,43.39,43.4,43.39,43.4,8900,386250.0
001395.SZ,2026-01-09 13:02:00,43.39,43.39,43.38,43.39,22200,963371.0
001395.SZ,2026-01-09 13:03:00,43.39,43.39,43.34,43.34,17700,767715.0
001395.SZ,2026-01-09 13:04:00,43.34,43.34,43.23,43.23,52200,2259942.0
001395.SZ,2026-01-09 13:05:00,43.23,43.24,43.22,43.23,5800,250756.0
001395.SZ,2026-01-09 13:06:00,43.24,43.29,43.24,43.29,1600,69218.0
001395.SZ,2026-01-09 13:07:00,43.29,43.29,43.27,43.27,4000,173113.0
001395.SZ,2026-01-09 13:08:00,43.27,43.28,43.24,43.24,8600,372078.0
001395.SZ,2026-01-09 13:09:00,43.29,43.29,43.25,43.27,1500,64907.0
001395.SZ,2026-01-09 13:10:00,43.3,43.32,43.28,43.32,3000,129906.0
001395.SZ,2026-01-09 13:11:00,43.33,43.33,43.29,43.29,2600,112588.0
001395.SZ,2026-01-09 13:12:00,43.27,43.28,43.26,43.28,3900,168781.0
001395.SZ,2026-01-09 13:13:00,43.28,43.29,43.27,43.29,4200,181774.0
001395.SZ,2026-01-09 13:14:00,43.29,43.29,43.28,43.28,2200,95220.0
001395.SZ,2026-01-09 13:15:00,43.27,43.29,43.27,43.29,4700,203395.0
001395.SZ,2026-01-09 13:16:00,43.3,43.3,43.29,43.29,5100,220820.0
001395.SZ,2026-01-09 13:17:00,43.29,43.29,43.28,43.29,1600,69260.0
001395.SZ,2026-01-09 13:18:00,43.28,43.29,43.28,43.28,3200,138505.0
001395.SZ,2026-01-09 13:19:00,43.29,43.29,43.26,43.28,15400,666369.0
001395.SZ,2026-01-09 13:20:00,43.28,43.29,43.28,43.28,3400,147155.0
001395.SZ,2026-01-09 13:21:00,43.27,43.28,43.26,43.28,3300,142776.0
001395.SZ,2026-01-09 13:22:00,43.23,43.26,43.23,43.24,28700,1241251.0
001395.SZ,2026-01-09 13:23:00,43.24,43.31,43.24,43.31,4400,190447.0
001395.SZ,2026-01-09 13:24:00,43.3,43.31,43.27,43.27,2700,116865.0
001395.SZ,2026-01-09 13:25:00,43.26,43.26,43.25,43.25,2000,86504.0
001395.SZ,2026-01-09 13:26:00,43.25,43.27,43.25,43.25,4300,186028.0
001395.SZ,2026-01-09 13:27:00,43.28,43.28,43.28,43.28,500,21640.0
001395.SZ,2026-01-09 13:28:00,43.28,43.3,43.27,43.29,2300,99533.0
001395.SZ,2026-01-09 13:29:00,43.3,43.31,43.3,43.31,9300,402699.0
001395.SZ,2026-01-09 13:30:00,43.31,43.31,43.31,43.31,0,0.0
001395.SZ,2026-01-09 13:31:00,43.31,43.38,43.31,43.38,1400,60723.0
001395.SZ,2026-01-09 13:32:00,43.38,43.38,43.38,43.38,200,8676.0
001395.SZ,2026-01-09 13:33:00,43.32,43.34,43.32,43.34,1300,56330.0
001395.SZ,2026-01-09 13:34:00,43.34,43.34,43.33,43.33,6600,285995.0
001395.SZ,2026-01-09 13:35:00,43.32,43.32,43.32,43.32,900,38988.0
001395.SZ,2026-01-09 13:36:00,43.33,43.41,43.33,43.41,40300,1747009.0
001395.SZ,2026-01-09 13:37:00,43.42,43.42,43.42,43.42,100,4342.0
001395.SZ,2026-01-09 13:38:00,43.38,43.41,43.38,43.41,400,17361.0
001395.SZ,2026-01-09 13:39:00,43.41,43.41,43.41,43.41,0,0.0
001395.SZ,2026-01-09 13:40:00,43.41,43.41,43.41,43.41,1200,52087.0
001395.SZ,2026-01-09 13:41:00,43.41,43.41,43.4,43.4,1900,82471.0
001395.SZ,2026-01-09 13:42:00,43.4,43.4,43.4,43.4,1300,56420.0
001395.SZ,2026-01-09 13:43:00,43.41,43.41,43.41,43.41,500,21705.0
001395.SZ,2026-01-09 13:44:00,43.41,43.41,43.4,43.41,900,39065.0
001395.SZ,2026-01-09 13:45:00,43.4,43.4,43.4,43.4,200,8680.0
001395.SZ,2026-01-09 13:46:00,43.4,43.4,43.39,43.39,1100,47737.0
001395.SZ,2026-01-09 13:47:00,43.39,43.39,43.38,43.38,2100,91103.0
001395.SZ,2026-01-09 13:48:00,43.39,43.39,43.37,43.38,8500,368718.0
001395.SZ,2026-01-09 13:49:00,43.41,43.41,43.41,43.41,200,8682.0
001395.SZ,2026-01-09 13:50:00,43.41,43.41,43.41,43.41,300,13023.0
001395.SZ,2026-01-09 13:51:00,43.4,43.4,43.4,43.4,1000,43392.0
001395.SZ,2026-01-09 13:52:00,43.4,43.42,43.4,43.42,800,34729.0
001395.SZ,2026-01-09 13:53:00,43.39,43.41,43.38,43.38,1900,82433.0
001395.SZ,2026-01-09 13:54:00,43.38,43.38,43.38,43.38,700,30366.0
001395.SZ,2026-01-09 13:55:00,43.39,43.39,43.39,43.39,100,4339.0
001395.SZ,2026-01-09 13:56:00,43.42,43.42,43.39,43.39,3500,151881.0
001395.SZ,2026-01-09 13:57:00,43.42,43.42,43.42,43.42,100,4342.0
001395.SZ,2026-01-09 13:58:00,43.41,43.42,43.41,43.42,1200,52098.0
001395.SZ,2026-01-09 13:59:00,43.45,43.45,43.45,43.45,2600,112944.0
001395.SZ,2026-01-09 14:00:00,43.45,43.45,43.43,43.43,4000,173750.0
001395.SZ,2026-01-09 14:01:00,43.45,43.45,43.44,43.45,1600,69519.0
001395.SZ,2026-01-09 14:02:00,43.49,43.5,43.49,43.49,5300,230523.0
001395.SZ,2026-01-09 14:03:00,43.5,43.5,43.5,43.5,800,34800.0
001395.SZ,2026-01-09 14:04:00,43.49,43.49,43.47,43.49,4800,208677.0
001395.SZ,2026-01-09 14:05:00,43.5,43.51,43.49,43.49,1600,69604.0
001395.SZ,2026-01-09 14:06:00,43.49,43.5,43.49,43.5,1300,56545.0
001395.SZ,2026-01-09 14:07:00,43.49,43.52,43.49,43.52,4100,178389.0
001395.SZ,2026-01-09 14:08:00,43.52,43.52,43.51,43.51,400,17405.0
001395.SZ,2026-01-09 14:09:00,43.51,43.52,43.51,43.52,4100,178425.0
001395.SZ,2026-01-09 14:10:00,43.52,43.52,43.52,43.52,800,34816.0
001395.SZ,2026-01-09 14:11:00,43.54,43.54,43.54,43.54,1000,43538.0
001395.SZ,2026-01-09 14:12:00,43.53,43.53,43.53,43.53,200,8706.0
001395.SZ,2026-01-09 14:13:00,43.52,43.53,43.52,43.53,600,26116.0
001395.SZ,2026-01-09 14:14:00,43.52,43.54,43.52,43.54,400,17410.0
001395.SZ,2026-01-09 14:15:00,43.54,43.54,43.51,43.51,3100,134896.0
001395.SZ,2026-01-09 14:16:00,43.51,43.51,43.51,43.51,2400,104426.0
001395.SZ,2026-01-09 14:17:00,43.53,43.53,43.53,43.53,100,4353.0
001395.SZ,2026-01-09 14:18:00,43.51,43.51,43.5,43.5,700,30455.0
001395.SZ,2026-01-09 14:19:00,43.5,43.51,43.5,43.51,2500,108751.0
001395.SZ,2026-01-09 14:20:00,43.51,43.51,43.51,43.51,200,8702.0
001395.SZ,2026-01-09 14:21:00,43.52,43.52,43.51,43.51,400,17405.0
001395.SZ,2026-01-09 14:22:00,43.51,43.54,43.5,43.54,10000,435166.0
001395.SZ,2026-01-09 14:23:00,43.55,43.55,43.54,43.54,1600,69665.0
001395.SZ,2026-01-09 14:24:00,43.55,43.56,43.55,43.55,3400,148068.0
001395.SZ,2026-01-09 14:25:00,43.58,43.58,43.58,43.58,2000,87153.0
001395.SZ,2026-01-09 14:26:00,43.59,43.59,43.59,43.59,1700,74103.0
001395.SZ,2026-01-09 14:27:00,43.59,43.61,43.59,43.61,5200,226709.0
001395.SZ,2026-01-09 14:28:00,43.63,43.66,43.63,43.65,4500,196385.0
001395.SZ,2026-01-09 14:29:00,43.63,43.63,43.6,43.6,2300,100337.0
001395.SZ,2026-01-09 14:30:00,43.61,43.61,43.58,43.58,500,21799.0
001395.SZ,2026-01-09 14:31:00,43.57,43.57,43.57,43.57,1100,47927.0
001395.SZ,2026-01-09 14:32:00,43.6,43.6,43.57,43.57,600,26148.0
001395.SZ,2026-01-09 14:33:00,43.6,43.6,43.57,43.57,1600,69718.0
001395.SZ,2026-01-09 14:34:00,43.59,43.61,43.58,43.61,13000,566790.0
001395.SZ,2026-01-09 14:35:00,43.61,43.63,43.61,43.63,2500,109044.0
001395.SZ,2026-01-09 14:36:00,43.63,43.66,43.63,43.64,4100,178940.0
001395.SZ,2026-01-09 14:37:00,43.64,43.64,43.63,43.64,2000,87274.0
001395.SZ,2026-01-09 14:38:00,43.64,43.66,43.64,43.66,3000,130961.0
001395.SZ,2026-01-09 14:39:00,43.65,43.66,43.64,43.64,8500,370963.0
001395.SZ,2026-01-09 14:40:00,43.64,43.64,43.62,43.62,10100,440727.0
001395.SZ,2026-01-09 14:41:00,43.61,43.61,43.59,43.61,19400,845860.0
001395.SZ,2026-01-09 14:42:00,43.61,43.65,43.6,43.6,4600,200603.0
001395.SZ,2026-01-09 14:43:00,43.61,43.63,43.61,43.63,500,21807.0
001395.SZ,2026-01-09 14:44:00,43.63,43.64,43.63,43.64,4900,213807.0
001395.SZ,2026-01-09 14:45:00,43.64,43.64,43.63,43.63,2200,96001.0
001395.SZ,2026-01-09 14:46:00,43.62,43.65,43.62,43.65,3600,157077.0
001395.SZ,2026-01-09 14:47:00,43.65,43.65,43.64,43.65,9900,432127.0
001395.SZ,2026-01-09 14:48:00,43.65,43.65,43.65,43.65,300,13095.0
001395.SZ,2026-01-09 14:49:00,43.64,43.66,43.64,43.66,11500,501931.0
001395.SZ,2026-01-09 14:50:00,43.67,43.67,43.67,43.67,4400,192141.0
001395.SZ,2026-01-09 14:51:00,43.67,43.72,43.67,43.72,17800,777656.0
001395.SZ,2026-01-09 14:52:00,43.72,43.73,43.7,43.7,2100,91783.0
001395.SZ,2026-01-09 14:53:00,43.75,43.75,43.71,43.74,14800,647408.0
001395.SZ,2026-01-09 14:54:00,43.74,43.75,43.73,43.74,6100,266794.0
001395.SZ,2026-01-09 14:55:00,43.74,43.75,43.73,43.73,6800,297414.0
001395.SZ,2026-01-09 14:56:00,43.74,43.75,43.74,43.74,6900,301836.0
001395.SZ,2026-01-09 14:57:00,43.75,43.77,43.74,43.74,7400,323774.0
001395.SZ,2026-01-09 14:58:00,43.74,43.74,43.74,43.74,0,0.0
001395.SZ,2026-01-09 14:59:00,43.74,43.74,43.74,43.74,0,0.0
001395.SZ,2026-01-09 15:00:00,43.73,43.73,43.73,43.73,25300,1106369.0
001395.SZ,2026-01-12 09:30:00,43.73,43.8,43.71,43.8,10600,463525.0
001395.SZ,2026-01-12 09:31:00,43.43,43.87,43.43,43.83,34200,1496147.0
001395.SZ,2026-01-12 09:32:00,43.82,43.82,43.73,43.8,4800,210145.0
001395.SZ,2026-01-12 09:33:00,43.75,43.75,43.63,43.63,5800,253381.0
001395.SZ,2026-01-12 09:34:00,43.65,43.65,43.59,43.59,5100,222418.0
001395.SZ,2026-01-12 09:35:00,43.59,43.63,43.59,43.63,32900,1435227.0
001395.SZ,2026-01-12 09:36:00,43.62,43.63,43.61,43.61,9800,427440.0
001395.SZ,2026-01-12 09:37:00,43.62,43.62,43.61,43.61,7600,331451.0
001395.SZ,2026-01-12 09:38:00,43.62,43.67,43.62,43.67,9200,401506.0
001395.SZ,2026-01-12 09:39:00,43.79,43.8,43.78,43.79,7300,319631.0
001395.SZ,2026-01-12 09:40:00,43.8,43.84,43.8,43.8,14800,648260.0
001395.SZ,2026-01-12 09:41:00,43.81,43.81,43.77,43.8,17200,753259.0
001395.SZ,2026-01-12 09:42:00,43.78,43.81,43.78,43.8,10700,468697.0
001395.SZ,2026-01-12 09:43:00,43.78,43.8,43.75,43.75,6200,271371.0
001395.SZ,2026-01-12 09:44:00,43.73,43.73,43.73,43.73,200,8746.0
001395.SZ,2026-01-12 09:45:00,43.69,43.73,43.67,43.67,3900,170386.0
001395.SZ,2026-01-12 09:46:00,43.67,43.67,43.61,43.61,12500,545193.0
001395.SZ,2026-01-12 09:47:00,43.62,43.63,43.61,43.63,4500,196280.0
001395.SZ,2026-01-12 09:48:00,43.62,43.62,43.55,43.57,21100,920075.0
001395.SZ,2026-01-12 09:49:00,43.55,43.55,43.5,43.53,5800,252395.0
001395.SZ,2026-01-12 09:50:00,43.53,43.55,43.53,43.55,2200,95770.0
001395.SZ,2026-01-12 09:51:00,43.53,43.56,43.53,43.56,1400,60963.0
001395.SZ,2026-01-12 09:52:00,43.56,43.59,43.56,43.59,4200,182973.0
001395.SZ,2026-01-12 09:53:00,43.59,43.62,43.59,43.62,3200,139554.0
001395.SZ,2026-01-12 09:54:00,43.61,43.62,43.61,43.61,2100,91589.0
001395.SZ,2026-01-12 09:55:00,43.61,43.61,43.6,43.6,4100,178796.0
001395.SZ,2026-01-12 09:56:00,43.59,43.59,43.55,43.55,22100,963250.0
001395.SZ,2026-01-12 09:57:00,43.55,43.55,43.53,43.53,4800,208980.0
001395.SZ,2026-01-12 09:58:00,43.54,43.55,43.54,43.55,2996,130467.8
001395.SZ,2026-01-12 09:59:00,43.56,43.59,43.56,43.59,1400,61010.0
001395.SZ,2026-01-12 10:00:00,43.59,43.59,43.55,43.58,7500,326816.0
001395.SZ,2026-01-12 10:01:00,43.51,43.55,43.51,43.51,10200,443866.16
001395.SZ,2026-01-12 10:02:00,43.51,43.51,43.51,43.51,800,34808.0
001395.SZ,2026-01-12 10:03:00,43.54,43.55,43.54,43.55,3000,130629.0
001395.SZ,2026-01-12 10:04:00,43.55,43.65,43.55,43.65,13800,601668.0
001395.SZ,2026-01-12 10:05:00,43.65,43.65,43.6,43.6,5900,257465.0
001395.SZ,2026-01-12 10:06:00,43.6,43.6,43.6,43.6,100,4360.0
001395.SZ,2026-01-12 10:07:00,43.61,43.63,43.61,43.63,32200,1401364.0
001395.SZ,2026-01-12 10:08:00,43.62,43.62,43.61,43.62,1700,74139.0
001395.SZ,2026-01-12 10:09:00,43.62,43.63,43.62,43.63,600,26175.0
001395.SZ,2026-01-12 10:10:00,43.61,43.64,43.61,43.64,900,39260.0
001395.SZ,2026-01-12 10:11:00,43.59,43.67,43.59,43.67,3800,165824.0
001395.SZ,2026-01-12 10:12:00,43.65,43.72,43.65,43.68,4600,200896.0
001395.SZ,2026-01-12 10:13:00,43.68,43.71,43.67,43.67,1700,74290.0
001395.SZ,2026-01-12 10:14:00,43.7,43.7,43.67,43.67,9100,397478.0
001395.SZ,2026-01-12 10:15:00,43.7,43.72,43.7,43.72,1800,78681.0
001395.SZ,2026-01-12 10:16:00,43.73,43.73,43.63,43.63,10300,449766.0
001395.SZ,2026-01-12 10:17:00,43.63,43.63,43.5,43.62,101000,4395392.0
001395.SZ,2026-01-12 10:18:00,43.62,43.63,43.62,43.63,1900,82896.0
001395.SZ,2026-01-12 10:19:00,43.65,43.66,43.64,43.66,1500,65471.0
001395.SZ,2026-01-12 10:20:00,43.66,43.71,43.66,43.71,5600,244649.0
001395.SZ,2026-01-12 10:21:00,43.69,43.69,43.66,43.66,7000,305648.0
001395.SZ,2026-01-12 10:22:00,43.65,43.66,43.64,43.64,2300,100394.0
001395.SZ,2026-01-12 10:23:00,43.64,43.64,43.61,43.61,4300,187554.0
001395.SZ,2026-01-12 10:24:00,43.61,43.61,43.58,43.58,7300,318217.0
001395.SZ,2026-01-12 10:25:00,43.58,43.58,43.58,43.58,2113,92084.54
001395.SZ,2026-01-12 10:26:00,43.61,43.64,43.6,43.62,2700,117748.0
001395.SZ,2026-01-12 10:27:00,43.59,43.59,43.58,43.58,1187,51736.46
001395.SZ,2026-01-12 10:28:00,43.58,43.58,43.56,43.58,1613,70282.54
001395.SZ,2026-01-12 10:29:00,43.59,43.59,43.58,43.59,600,26151.0
001395.SZ,2026-01-12 10:30:00,43.58,43.59,43.55,43.55,3087,134492.33
001395.SZ,2026-01-12 10:31:00,43.54,43.54,43.48,43.48,23200,1009475.0
001395.SZ,2026-01-12 10:32:00,43.48,43.48,43.38,43.42,45500,1976059.0
001395.SZ,2026-01-12 10:33:00,43.39,43.39,43.36,43.37,18200,789458.0
001395.SZ,2026-01-12 10:34:00,43.41,43.42,43.4,43.41,8400,364678.0
001395.SZ,2026-01-12 10:35:00,43.44,43.58,43.44,43.54,3000,130431.0
001395.SZ,2026-01-12 10:36:00,43.48,43.53,43.48,43.53,1300,56549.0
001395.SZ,2026-01-12 10:37:00,43.54,43.55,43.53,43.53,9700,422346.0
001395.SZ,2026-01-12 10:38:00,43.52,43.52,43.49,43.49,1900,82645.0
001395.SZ,2026-01-12 10:39:00,43.49,43.52,43.49,43.5,3400,147934.0
001395.SZ,2026-01-12 10:40:00,43.49,43.49,43.46,43.46,10100,439056.0
001395.SZ,2026-01-12 10:41:00,43.47,43.47,43.44,43.47,9500,412849.0
001395.SZ,2026-01-12 10:42:00,43.5,43.5,43.5,43.5,500,21750.0
001395.SZ,2026-01-12 10:43:00,43.5,43.53,43.5,43.53,2000,87014.0
001395.SZ,2026-01-12 10:44:00,43.53,43.53,43.53,43.53,100,4353.0
001395.SZ,2026-01-12 10:45:00,43.52,43.52,43.51,43.51,3000,130557.0
001395.SZ,2026-01-12 10:46:00,43.51,43.51,43.46,43.46,8800,382799.0
001395.SZ,2026-01-12 10:47:00,43.46,43.49,43.46,43.46,1900,82591.0
001395.SZ,2026-01-12 10:48:00,43.46,43.46,43.46,43.46,8700,378096.0
001395.SZ,2026-01-12 10:49:00,43.46,43.46,43.45,43.46,6100,265067.0
001395.SZ,2026-01-12 10:50:00,43.46,43.46,43.44,43.45,6200,269371.0
001395.SZ,2026-01-12 10:51:00,43.44,43.45,43.41,43.45,14300,621101.0
001395.SZ,2026-01-12 10:52:00,43.46,43.46,43.45,43.46,2600,112979.0
001395.SZ,2026-01-12 10:53:00,43.45,43.46,43.45,43.46,4900,212914.0
001395.SZ,2026-01-12 10:54:00,43.46,43.46,43.46,43.46,2800,121688.0
001395.SZ,2026-01-12 10:55:00,43.45,43.45,43.45,43.45,3800,165116.0
001395.SZ,2026-01-12 10:56:00,43.45,43.45,43.45,43.45,1500,65175.0
001395.SZ,2026-01-12 10:57:00,43.44,43.45,43.44,43.45,4700,204188.0
001395.SZ,2026-01-12 10:58:00,43.45,43.45,43.44,43.44,400,17377.0
001395.SZ,2026-01-12 10:59:00,43.43,43.44,43.43,43.44,2300,99894.0
001395.SZ,2026-01-12 11:00:00,43.44,43.44,43.15,43.31,117900,5108657.0
001395.SZ,2026-01-12 11:01:00,43.31,43.39,43.31,43.39,7700,333652.0
001395.SZ,2026-01-12 11:02:00,43.39,43.39,43.34,43.34,4100,177780.0
001395.SZ,2026-01-12 11:03:00,43.33,43.4,43.33,43.4,2800,121400.0
001395.SZ,2026-01-12 11:04:00,43.4,43.4,43.35,43.35,800,34694.0
001395.SZ,2026-01-12 11:05:00,43.35,43.36,43.35,43.36,200,8671.0
001395.SZ,2026-01-12 11:06:00,43.4,43.4,43.36,43.36,2400,104127.0
001395.SZ,2026-01-12 11:07:00,43.38,43.4,43.38,43.4,2200,95457.0
001395.SZ,2026-01-12 11:08:00,43.39,43.39,43.38,43.39,2400,104131.0
001395.SZ,2026-01-12 11:09:00,43.39,43.39,43.39,43.39,1300,56407.0
001395.SZ,2026-01-12 11:10:00,43.4,43.4,43.39,43.39,4300,186582.0
001395.SZ,2026-01-12 11:11:00,43.38,43.4,43.38,43.38,7400,321066.0
001395.SZ,2026-01-12 11:12:00,43.4,43.4,43.38,43.38,5300,230014.0
001395.SZ,2026-01-12 11:13:00,43.4,43.4,43.38,43.38,200,8678.0
001395.SZ,2026-01-12 11:14:00,43.4,43.44,43.4,43.4,9800,425364.0
001395.SZ,2026-01-12 11:15:00,43.4,43.4,43.4,43.4,3000,130200.0
001395.SZ,2026-01-12 11:16:00,43.4,43.41,43.4,43.41,9800,425344.0
001395.SZ,2026-01-12 11:17:00,43.41,43.5,43.41,43.5,16200,703972.0
001395.SZ,2026-01-12 11:18:00,43.53,43.53,43.46,43.46,3300,143539.0
001395.SZ,2026-01-12 11:19:00,43.46,43.46,43.46,43.46,400,17384.0
001395.SZ,2026-01-12 11:20:00,43.45,43.45,43.45,43.45,100,4345.0
001395.SZ,2026-01-12 11:21:00,43.45,43.46,43.45,43.46,300,13036.0
001395.SZ,2026-01-12 11:22:00,43.45,43.45,43.44,43.44,1300,56478.0
001395.SZ,2026-01-12 11:23:00,43.44,43.45,43.44,43.45,1900,82550.0
001395.SZ,2026-01-12 11:24:00,43.45,43.45,43.44,43.45,1000,43447.0
001395.SZ,2026-01-12 11:25:00,43.44,43.45,43.42,43.42,10500,455987.0
001395.SZ,2026-01-12 11:26:00,43.41,43.42,43.4,43.4,6700,290876.0
001395.SZ,2026-01-12 11:27:00,43.4,43.42,43.4,43.4,4500,195305.0
001395.SZ,2026-01-12 11:28:00,43.42,43.42,43.41,43.42,3200,138928.0
001395.SZ,2026-01-12 11:29:00,43.42,43.45,43.42,43.43,3400,147669.0
001395.SZ,2026-01-12 11:30:00,43.43,43.44,43.4,43.44,31000,1345774.0
001395.SZ,2026-01-12 13:01:00,43.44,43.52,43.44,43.48,15087,655976.25
001395.SZ,2026-01-12 13:02:00,43.48,43.48,43.48,43.48,413,17957.24
001395.SZ,2026-01-12 13:03:00,43.49,43.49,43.45,43.45,500,21733.0
001395.SZ,2026-01-12 13:04:00,43.48,43.5,43.48,43.5,3400,147862.0
001395.SZ,2026-01-12 13:05:00,43.49,43.49,43.48,43.49,3000,130472.0
001395.SZ,2026-01-12 13:06:00,43.5,43.5,43.49,43.49,4700,204420.0
001395.SZ,2026-01-12 13:07:00,43.49,43.5,43.49,43.49,5500,239207.0
001395.SZ,2026-01-12 13:08:00,43.5,43.5,43.5,43.5,4500,195750.0
001395.SZ,2026-01-12 13:09:00,43.5,43.53,43.5,43.53,11600,504669.0
001395.SZ,2026-01-12 13:10:00,43.51,43.51,43.51,43.51,1300,56563.0
001395.SZ,2026-01-12 13:11:00,43.5,43.5,43.46,43.46,6000,260960.0
001395.SZ,2026-01-12 13:12:00,43.48,43.48,43.46,43.46,8400,365076.0
001395.SZ,2026-01-12 13:13:00,43.48,43.5,43.48,43.5,1700,73910.0
001395.SZ,2026-01-12 13:14:00,43.47,43.51,43.47,43.51,400,17400.0
001395.SZ,2026-01-12 13:15:00,43.51,43.51,43.43,43.43,18100,786595.0
001395.SZ,2026-01-12 13:16:00,43.43,43.44,43.33,43.33,39299,1705120.6
001395.SZ,2026-01-12 13:17:00,43.33,43.33,43.32,43.33,9400,407216.0
001395.SZ,2026-01-12 13:18:00,43.36,43.44,43.35,43.35,1400,60718.0
001395.SZ,2026-01-12 13:19:00,43.43,43.43,43.43,43.43,100,4343.0
001395.SZ,2026-01-12 13:20:00,43.37,43.46,43.37,43.43,1000,43422.0
001395.SZ,2026-01-12 13:21:00,43.43,43.43,43.43,43.43,0,0.0
001395.SZ,2026-01-12 13:22:00,43.41,43.41,43.37,43.4,1900,82426.0
001395.SZ,2026-01-12 13:23:00,43.4,43.4,43.4,43.4,2000,86800.0
001395.SZ,2026-01-12 13:24:00,43.42,43.42,43.4,43.4,1200,52100.0
001395.SZ,2026-01-12 13:25:00,43.4,43.41,43.4,43.41,600,26041.0
001395.SZ,2026-01-12 13:26:00,43.42,43.42,43.42,43.42,2500,108550.0
001395.SZ,2026-01-12 13:27:00,43.45,43.45,43.45,43.45,600,26070.0
001395.SZ,2026-01-12 13:28:00,43.45,43.45,43.45,43.45,1500,65175.0
001395.SZ,2026-01-12 13:29:00,43.43,43.46,43.43,43.46,4400,191128.0
001395.SZ,2026-01-12 13:30:00,43.46,43.46,43.43,43.43,1900,82520.0
001395.SZ,2026-01-12 13:31:00,43.42,43.45,43.42,43.45,1200,52128.0
001395.SZ,2026-01-12 13:32:00,43.42,43.46,43.42,43.46,3000,130339.0
001395.SZ,2026-01-12 13:33:00,43.47,43.49,43.47,43.49,300,13043.0
001395.SZ,2026-01-12 13:34:00,43.5,43.51,43.5,43.51,5900,256652.0
001395.SZ,2026-01-12 13:35:00,43.53,43.55,43.53,43.55,500,21769.0
001395.SZ,2026-01-12 13:36:00,43.55,43.57,43.55,43.56,4100,178623.0
001395.SZ,2026-01-12 13:37:00,43.56,43.56,43.56,43.56,1100,47916.0
001395.SZ,2026-01-12 13:38:00,43.58,43.59,43.51,43.51,8900,387508.0
001395.SZ,2026-01-12 13:39:00,43.49,43.49,43.49,43.49,1300,56539.0
001395.SZ,2026-01-12 13:40:00,43.5,43.5,43.5,43.5,1700,73950.0
001395.SZ,2026-01-12 13:41:00,43.5,43.55,43.5,43.55,1400,60953.0
001395.SZ,2026-01-12 13:42:00,43.55,43.55,43.54,43.54,4900,213396.0
001395.SZ,2026-01-12 13:43:00,43.54,43.54,43.54,43.54,0,0.0
001395.SZ,2026-01-12 13:44:00,43.53,43.55,43.5,43.55,800,34813.0
001395.SZ,2026-01-12 13:45:00,43.55,43.55,43.55,43.55,0,0.0
001395.SZ,2026-01-12 13:46:00,43.55,43.55,43.55,43.55,200,8710.0
001395.SZ,2026-01-12 13:47:00,43.55,43.56,43.55,43.56,1500,65325.0
001395.SZ,2026-01-12 13:48:00,43.55,43.56,43.55,43.56,1400,60974.0
001395.SZ,2026-01-12 13:49:00,43.55,43.55,43.55,43.55,4200,182910.0
001395.SZ,2026-01-12 13:50:00,43.55,43.56,43.55,43.56,3400,148090.0
001395.SZ,2026-01-12 13:51:00,43.56,43.56,43.55,43.55,800,34845.0
001395.SZ,2026-01-12 13:52:00,43.56,43.56,43.56,43.56,1000,43560.0
001395.SZ,2026-01-12 13:53:00,43.55,43.56,43.55,43.56,400,17421.0
001395.SZ,2026-01-12 13:54:00,43.55,43.56,43.55,43.56,700,30487.0
001395.SZ,2026-01-12 13:55:00,43.55,43.57,43.55,43.57,1800,78421.0
001395.SZ,2026-01-12 13:56:00,43.56,43.58,43.56,43.58,1300,56652.0
001395.SZ,2026-01-12 13:57:00,43.58,43.58,43.57,43.57,200,8715.0
001395.SZ,2026-01-12 13:58:00,43.57,43.6,43.57,43.6,5613,244640.67
001395.SZ,2026-01-12 13:59:00,43.59,43.61,43.59,43.61,3400,148239.0
001395.SZ,2026-01-12 14:00:00,43.61,43.62,43.61,43.62,400,17447.0
001395.SZ,2026-01-12 14:01:00,43.62,43.65,43.62,43.64,2500,109089.0
001395.SZ,2026-01-12 14:02:00,43.65,43.65,43.64,43.65,2100,91662.0
001395.SZ,2026-01-12 14:03:00,43.65,43.65,43.64,43.64,5400,235688.0
001395.SZ,2026-01-12 14:04:00,43.6,43.6,43.6,43.6,6700,292297.0
001395.SZ,2026-01-12 14:05:00,43.61,43.64,43.61,43.64,500,21812.0
001395.SZ,2026-01-12 14:06:00,43.61,43.61,43.61,43.61,100,4361.0
001395.SZ,2026-01-12 14:07:00,43.63,43.63,43.61,43.61,1200,52338.0
001395.SZ,2026-01-12 14:08:00,43.64,43.66,43.64,43.66,4100,178957.0
001395.SZ,2026-01-12 14:09:00,43.67,43.67,43.66,43.67,2900,126637.0
001395.SZ,2026-01-12 14:10:00,43.67,43.67,43.65,43.65,4000,174664.0
001395.SZ,2026-01-12 14:11:00,43.65,43.66,43.65,43.66,3100,135320.0
001395.SZ,2026-01-12 14:12:00,43.66,43.67,43.66,43.67,900,39297.0
001395.SZ,2026-01-12 14:13:00,43.67,43.68,43.67,43.67,6800,296983.0
001395.SZ,2026-01-12 14:14:00,43.68,43.75,43.68,43.75,22800,996697.0
001395.SZ,2026-01-12 14:15:00,43.75,43.75,43.74,43.74,4700,205592.0
001395.SZ,2026-01-12 14:16:00,43.75,43.75,43.72,43.72,2900,126826.0
001395.SZ,2026-01-12 14:17:00,43.71,43.71,43.7,43.7,1300,56811.0
001395.SZ,2026-01-12 14:18:00,43.7,43.7,43.7,43.7,1000,43700.0
001395.SZ,2026-01-12 14:19:00,43.7,43.71,43.7,43.71,500,21853.0
001395.SZ,2026-01-12 14:20:00,43.71,43.71,43.7,43.7,2100,91774.0
001395.SZ,2026-01-12 14:21:00,43.7,43.71,43.7,43.71,2100,91783.0
001395.SZ,2026-01-12 14:22:00,43.71,43.72,43.71,43.72,1300,56828.0
001395.SZ,2026-01-12 14:23:00,43.71,43.73,43.71,43.73,6200,271063.0
001395.SZ,2026-01-12 14:24:00,43.74,43.75,43.74,43.75,4100,179356.0
001395.SZ,2026-01-12 14:25:00,43.74,43.75,43.73,43.73,6500,284343.0
001395.SZ,2026-01-12 14:26:00,43.75,43.76,43.74,43.74,8200,358754.0
001395.SZ,2026-01-12 14:27:00,43.76,43.76,43.73,43.76,3700,161889.0
001395.SZ,2026-01-12 14:28:00,43.75,43.75,43.75,43.75,1200,52500.0
001395.SZ,2026-01-12 14:29:00,43.75,43.76,43.75,43.76,4200,183753.0
001395.SZ,2026-01-12 14:30:00,43.76,43.77,43.75,43.76,7500,328218.0
001395.SZ,2026-01-12 14:31:00,43.76,43.77,43.75,43.77,6300,275702.0
001395.SZ,2026-01-12 14:32:00,43.77,43.77,43.75,43.75,2600,113785.0
001395.SZ,2026-01-12 14:33:00,43.76,43.77,43.76,43.77,8500,371933.0
001395.SZ,2026-01-12 14:34:00,43.77,43.77,43.73,43.73,16400,717360.0
001395.SZ,2026-01-12 14:35:00,43.73,43.74,43.73,43.74,16200,708554.0
001395.SZ,2026-01-12 14:36:00,43.73,43.74,43.73,43.74,2100,91849.0
001395.SZ,2026-01-12 14:37:00,43.74,43.74,43.72,43.72,29500,1289903.0
001395.SZ,2026-01-12 14:38:00,43.72,43.74,43.72,43.74,5100,223035.0
001395.SZ,2026-01-12 14:39:00,43.73,43.74,43.72,43.73,2800,122450.0
001395.SZ,2026-01-12 14:40:00,43.74,43.74,43.73,43.74,300,13121.0
001395.SZ,2026-01-12 14:41:00,43.73,43.75,43.73,43.75,23700,1036700.0
001395.SZ,2026-01-12 14:42:00,43.75,43.75,43.74,43.75,4900,214362.0
001395.SZ,2026-01-12 14:43:00,43.75,43.75,43.74,43.75,1400,61249.0
001395.SZ,2026-01-12 14:44:00,43.75,43.75,43.74,43.75,5200,227456.0
001395.SZ,2026-01-12 14:45:00,43.75,43.75,43.74,43.75,1800,78742.0
001395.SZ,2026-01-12 14:46:00,43.75,43.76,43.75,43.75,11900,520628.0
001395.SZ,2026-01-12 14:47:00,43.76,43.76,43.75,43.75,3200,140011.0
001395.SZ,2026-01-12 14:48:00,43.74,43.76,43.74,43.76,13500,590697.0
001395.SZ,2026-01-12 14:49:00,43.76,43.76,43.75,43.75,6000,262532.0
001395.SZ,2026-01-12 14:50:00,43.76,43.76,43.75,43.76,6800,297544.0
001395.SZ,2026-01-12 14:51:00,43.75,43.77,43.75,43.77,15100,660836.0
001395.SZ,2026-01-12 14:52:00,43.77,43.8,43.77,43.8,20000,875702.0
001395.SZ,2026-01-12 14:53:00,43.79,43.85,43.79,43.84,18700,819366.0
001395.SZ,2026-01-12 14:54:00,43.85,43.85,43.84,43.84,10700,469149.0
001395.SZ,2026-01-12 14:55:00,43.84,43.84,43.82,43.83,5700,249826.0
001395.SZ,2026-01-12 14:56:00,43.82,43.84,43.82,43.83,6300,276120.0
001395.SZ,2026-01-12 14:57:00,43.83,43.84,43.82,43.84,11900,521593.0
001395.SZ,2026-01-12 14:58:00,43.84,43.84,43.84,43.84,0,0.0
001395.SZ,2026-01-12 14:59:00,43.84,43.84,43.84,43.84,0,0.0
001395.SZ,2026-01-12 15:00:00,43.84,43.84,43.84,43.84,21000,920640.0
001395.SZ,2026-01-13 09:30:00,43.77,43.81,43.75,43.81,7000,306408.0
001395.SZ,2026-01-13 09:31:00,43.77,43.94,43.77,43.94,30000,1316007.0
001395.SZ,2026-01-13 09:32:00,43.95,43.95,43.83,43.83,11900,522569.0
001395.SZ,2026-01-13 09:33:00,43.82,43.82,43.74,43.75,8400,367576.0
001395.SZ,2026-01-13 09:34:00,43.76,43.76,43.71,43.72,6100,266853.0
001395.SZ,2026-01-13 09:35:00,43.74,43.75,43.63,43.63,7000,305817.0
001395.SZ,2026-01-13 09:36:00,43.63,43.63,43.52,43.52,12100,527516.0
001395.SZ,2026-01-13 09:37:00,43.52,43.7,43.5,43.7,28600,1244353.0
001395.SZ,2026-01-13 09:38:00,43.59,43.6,43.59,43.6,3400,148253.0
001395.SZ,2026-01-13 09:39:00,43.68,43.8,43.67,43.8,10400,454506.0
001395.SZ,2026-01-13 09:40:00,43.78,43.85,43.78,43.83,8800,385709.0
001395.SZ,2026-01-13 09:41:00,43.86,43.96,43.86,43.94,27100,1190604.0
001395.SZ,2026-01-13 09:42:00,43.94,44.0,43.93,43.96,40100,1762814.0
001395.SZ,2026-01-13 09:43:00,43.97,43.97,43.81,43.88,9500,417448.0
001395.SZ,2026-01-13 09:44:00,43.88,43.88,43.8,43.8,3400,149006.0
001395.SZ,2026-01-13 09:45:00,43.8,43.81,43.76,43.77,6500,284473.0
001395.SZ,2026-01-13 09:46:00,43.77,43.82,43.77,43.8,5200,227732.0
001395.SZ,2026-01-13 09:47:00,43.81,43.96,43.81,43.85,8400,368922.0
001395.SZ,2026-01-13 09:48:00,43.89,43.9,43.87,43.9,2900,127294.0
001395.SZ,2026-01-13 09:49:00,43.9,43.93,43.9,43.9,5800,254605.0
001395.SZ,2026-01-13 09:50:00,43.9,43.92,43.89,43.92,3400,149239.0
001395.SZ,2026-01-13 09:51:00,43.92,44.04,43.91,43.97,25480,1120357.8
001395.SZ,2026-01-13 09:52:00,44.03,44.03,43.95,43.95,7100,312324.0
001395.SZ,2026-01-13 09:53:00,43.95,44.0,43.95,44.0,4800,211100.0
001395.SZ,2026-01-13 09:54:00,43.99,43.99,43.98,43.98,8200,360702.0
001395.SZ,2026-01-13 09:55:00,43.96,44.05,43.96,44.04,14200,624808.0
001395.SZ,2026-01-13 09:56:00,44.04,44.13,44.04,44.11,18000,793668.0
001395.SZ,2026-01-13 09:57:00,44.12,44.13,44.11,44.12,7300,322086.0
001395.SZ,2026-01-13 09:58:00,44.11,44.15,44.1,44.13,24800,1094322.0
001395.SZ,2026-01-13 09:59:00,44.13,44.31,44.13,44.27,24100,1065921.0
001395.SZ,2026-01-13 10:00:00,44.29,44.4,44.29,44.37,26600,1180200.0
001395.SZ,2026-01-13 10:01:00,44.38,44.46,44.36,44.39,44205,1963126.0
001395.SZ,2026-01-13 10:02:00,44.41,44.41,44.35,44.36,5600,248499.0
001395.SZ,2026-01-13 10:03:00,44.35,44.38,44.33,44.35,21300,944920.0
001395.SZ,2026-01-13 10:04:00,44.37,44.41,44.37,44.4,18900,839157.0
001395.SZ,2026-01-13 10:05:00,44.42,44.45,44.42,44.42,11900,528701.0
001395.SZ,2026-01-13 10:06:00,44.4,44.42,44.35,44.36,10700,474923.0
001395.SZ,2026-01-13 10:07:00,44.36,44.36,44.31,44.31,5800,257218.0
001395.SZ,2026-01-13 10:08:00,44.3,44.35,44.3,44.34,20000,886912.0
001395.SZ,2026-01-13 10:09:00,44.33,44.33,44.26,44.26,2500,110744.0
001395.SZ,2026-01-13 10:10:00,44.27,44.27,44.26,44.26,7600,336432.0
001395.SZ,2026-01-13 10:11:00,44.26,44.27,44.25,44.25,3000,132785.0
001395.SZ,2026-01-13 10:12:00,44.24,44.24,44.18,44.18,8200,362738.0
001395.SZ,2026-01-13 10:13:00,44.19,44.19,44.18,44.19,3200,141383.0
001395.SZ,2026-01-13 10:14:00,44.19,44.19,44.18,44.18,3100,136975.0
001395.SZ,2026-01-13 10:15:00,44.19,44.19,44.16,44.16,13400,591831.0
001395.SZ,2026-01-13 10:16:00,44.15,44.15,44.11,44.11,6500,286848.0
001395.SZ,2026-01-13 10:17:00,44.1,44.11,44.1,44.1,3100,136712.0
001395.SZ,2026-01-13 10:18:00,44.11,44.11,44.08,44.08,3400,149893.0
001395.SZ,2026-01-13 10:19:00,44.09,44.09,44.08,44.09,6000,264518.0
001395.SZ,2026-01-13 10:20:00,44.1,44.11,44.09,44.09,3500,154350.0
001395.SZ,2026-01-13 10:21:00,44.09,44.1,44.08,44.1,6300,277804.0
001395.SZ,2026-01-13 10:22:00,44.1,44.1,43.97,43.97,18900,832360.0
001395.SZ,2026-01-13 10:23:00,43.99,43.99,43.96,43.97,10400,457290.0
001395.SZ,2026-01-13 10:24:00,43.97,43.97,43.95,43.96,4500,197807.0
001395.SZ,2026-01-13 10:25:00,43.96,44.0,43.96,44.0,7500,329838.0
001395.SZ,2026-01-13 10:26:00,44.03,44.08,44.03,44.03,4500,198181.0
001395.SZ,2026-01-13 10:27:00,44.08,44.11,44.08,44.11,2600,114677.0
001395.SZ,2026-01-13 10:28:00,44.12,44.18,44.12,44.15,4400,194305.0
001395.SZ,2026-01-13 10:29:00,44.15,44.22,44.15,44.21,8800,388919.0
001395.SZ,2026-01-13 10:30:00,44.23,44.23,44.17,44.17,19700,871072.0
001395.SZ,2026-01-13 10:31:00,44.17,44.17,44.1,44.16,2700,119220.0
001395.SZ,2026-01-13 10:32:00,44.09,44.12,44.09,44.09,4800,211684.0
001395.SZ,2026-01-13 10:33:00,44.09,44.09,44.05,44.05,14000,616979.0
001395.SZ,2026-01-13 10:34:00,44.05,44.06,44.03,44.03,4600,202596.0
001395.SZ,2026-01-13 10:35:00,44.03,44.03,44.01,44.01,4500,198105.0
001395.SZ,2026-01-13 10:36:00,44.01,44.06,44.01,44.06,2600,114492.0
001395.SZ,2026-01-13 10:37:00,44.06,44.1,44.05,44.1,6000,264523.0
001395.SZ,2026-01-13 10:38:00,44.11,44.12,44.1,44.1,2100,92613.0
001395.SZ,2026-01-13 10:39:00,44.1,44.1,44.09,44.09,1400,61737.0
001395.SZ,2026-01-13 10:40:00,44.09,44.09,44.06,44.09,700,30857.0
001395.SZ,2026-01-13 10:41:00,44.09,44.09,44.09,44.09,500,22043.0
001395.SZ,2026-01-13 10:42:00,44.09,44.1,44.09,44.09,500,22046.0
001395.SZ,2026-01-13 10:43:00,44.09,44.09,44.09,44.09,300,13227.0
001395.SZ,2026-01-13 10:44:00,44.1,44.12,44.1,44.12,3600,158803.0
001395.SZ,2026-01-13 10:45:00,44.15,44.15,44.12,44.12,1000,44128.0
001395.SZ,2026-01-13 10:46:00,44.12,44.13,44.11,44.13,3100,136783.0
001395.SZ,2026-01-13 10:47:00,44.13,44.15,44.13,44.14,2300,101506.0
001395.SZ,2026-01-13 10:48:00,44.14,44.14,44.13,44.13,1700,75022.0
001395.SZ,2026-01-13 10:49:00,44.13,44.15,44.13,44.13,4300,189795.0
001395.SZ,2026-01-13 10:50:00,44.13,44.13,44.13,44.13,900,39717.0
001395.SZ,2026-01-13 10:51:00,44.14,44.14,44.14,44.14,1400,61796.0
001395.SZ,2026-01-13 10:52:00,44.14,44.14,44.14,44.14,200,8828.0
001395.SZ,2026-01-13 10:53:00,44.1,44.1,44.09,44.09,10800,476363.0
001395.SZ,2026-01-13 10:54:00,44.05,44.06,44.03,44.03,6200,273039.0
001395.SZ,2026-01-13 10:55:00,44.02,44.06,44.02,44.06,300,13210.0
001395.SZ,2026-01-13 10:56:00,44.06,44.06,44.04,44.06,1800,79276.0
001395.SZ,2026-01-13 10:57:00,44.05,44.05,44.04,44.04,3400,149741.0
001395.SZ,2026-01-13 10:58:00,44.04,44.04,44.04,44.04,2400,105691.0
001395.SZ,2026-01-13 10:59:00,44.04,44.04,44.02,44.02,3900,171715.0
001395.SZ,2026-01-13 11:00:00,44.02,44.02,44.01,44.01,2800,123251.0
001395.SZ,2026-01-13 11:01:00,44.02,44.05,44.02,44.05,1700,74845.0
001395.SZ,2026-01-13 11:02:00,44.07,44.1,44.07,44.1,1500,66138.0
001395.SZ,2026-01-13 11:03:00,44.1,44.13,44.07,44.07,1000,44095.0
001395.SZ,2026-01-13 11:04:00,44.06,44.07,44.05,44.05,1100,48470.0
001395.SZ,2026-01-13 11:05:00,44.08,44.08,44.08,44.08,200,8816.0
001395.SZ,2026-01-13 11:06:00,44.08,44.09,44.08,44.09,1300,57310.0
001395.SZ,2026-01-13 11:07:00,44.11,44.14,44.11,44.14,5100,225063.0
001395.SZ,2026-01-13 11:08:00,44.12,44.12,44.05,44.05,5700,251145.0
001395.SZ,2026-01-13 11:09:00,44.11,44.11,44.11,44.11,2100,92622.0
001395.SZ,2026-01-13 11:10:00,44.13,44.13,44.11,44.11,1200,52938.0
001395.SZ,2026-01-13 11:11:00,44.06,44.07,44.06,44.07,5300,233522.0
001395.SZ,2026-01-13 11:12:00,44.12,44.14,44.12,44.14,3700,163265.0
001395.SZ,2026-01-13 11:13:00,44.13,44.13,44.12,44.12,2800,123567.0
001395.SZ,2026-01-13 11:14:00,44.12,44.12,44.12,44.12,0,0.0
001395.SZ,2026-01-13 11:15:00,44.12,44.12,44.06,44.06,2500,110174.0
001395.SZ,2026-01-13 11:16:00,44.07,44.07,44.05,44.05,6800,299572.0
001395.SZ,2026-01-13 11:17:00,44.05,44.07,44.05,44.06,1996,87945.8
001395.SZ,2026-01-13 11:18:00,44.06,44.06,44.06,44.06,400,17624.0
001395.SZ,2026-01-13 11:19:00,44.06,44.06,44.06,44.06,1100,48466.0
001395.SZ,2026-01-13 11:20:00,44.06,44.08,44.04,44.04,6904,304221.2
001395.SZ,2026-01-13 11:21:00,44.04,44.05,44.04,44.05,3896,171583.8
001395.SZ,2026-01-13 11:22:00,44.05,44.05,44.05,44.05,0,0.0
001395.SZ,2026-01-13 11:23:00,44.08,44.08,44.04,44.05,1400,61679.0
001395.SZ,2026-01-13 11:24:00,44.05,44.05,44.05,44.05,1204,53036.2
001395.SZ,2026-01-13 11:25:00,44.05,44.05,44.03,44.05,6100,268632.0
001395.SZ,2026-01-13 11:26:00,44.01,44.01,44.0,44.01,10300,453372.0
001395.SZ,2026-01-13 11:27:00,44.01,44.01,44.01,44.01,0,0.0
001395.SZ,2026-01-13 11:28:00,44.01,44.01,44.01,44.01,0,0.0
001395.SZ,2026-01-13 11:29:00,44.04,44.06,44.04,44.06,1500,66086.0
001395.SZ,2026-01-13 11:30:00,44.04,44.04,44.01,44.04,2000,88042.0
001395.SZ,2026-01-13 13:01:00,44.06,44.06,44.04,44.04,9300,409622.0
001395.SZ,2026-01-13 13:02:00,44.08,44.08,44.08,44.08,3500,154280.0
001395.SZ,2026-01-13 13:03:00,44.08,44.09,44.08,44.09,3200,141063.0
001395.SZ,2026-01-13 13:04:00,44.09,44.09,44.07,44.07,500,22042.0
001395.SZ,2026-01-13 13:05:00,44.07,44.07,44.07,44.07,100,4407.0
001395.SZ,2026-01-13 13:06:00,44.05,44.05,43.99,43.99,13300,585431.0
001395.SZ,2026-01-13 13:07:00,43.99,44.01,43.99,43.99,5000,219982.0
001395.SZ,2026-01-13 13:08:00,44.01,44.02,43.99,44.02,1900,83622.0
001395.SZ,2026-01-13 13:09:00,44.02,44.02,44.02,44.02,1000,44022.0
001395.SZ,2026-01-13 13:10:00,44.02,44.02,43.99,44.02,6900,303677.0
001395.SZ,2026-01-13 13:11:00,44.01,44.02,43.99,43.99,2200,96819.0
001395.SZ,2026-01-13 13:12:00,44.0,44.0,43.98,43.98,8700,382678.0
001395.SZ,2026-01-13 13:13:00,43.99,43.99,43.99,43.99,300,13197.0
001395.SZ,2026-01-13 13:14:00,44.02,44.02,43.97,43.97,2800,123200.0
001395.SZ,2026-01-13 13:15:00,43.96,43.99,43.93,43.94,5400,237349.0
001395.SZ,2026-01-13 13:16:00,43.92,43.93,43.91,43.92,3000,131760.0
001395.SZ,2026-01-13 13:17:00,43.93,43.93,43.93,43.93,1000,43930.0
001395.SZ,2026-01-13 13:18:00,43.92,43.95,43.92,43.94,1300,57115.0
001395.SZ,2026-01-13 13:19:00,43.92,43.92,43.91,43.92,4600,202019.0
001395.SZ,2026-01-13 13:20:00,43.9,43.9,43.87,43.89,8800,386265.0
001395.SZ,2026-01-13 13:21:00,43.89,43.89,43.89,43.89,1700,74627.0
001395.SZ,2026-01-13 13:22:00,43.9,43.91,43.89,43.91,3800,166814.0
001395.SZ,2026-01-13 13:23:00,43.92,43.92,43.92,43.92,1100,48308.0
001395.SZ,2026-01-13 13:24:00,43.92,43.92,43.91,43.91,700,30741.0
001395.SZ,2026-01-13 13:25:00,43.92,43.92,43.89,43.91,4500,197585.0
001395.SZ,2026-01-13 13:26:00,43.88,43.88,43.87,43.88,4100,179905.0
001395.SZ,2026-01-13 13:27:00,43.88,43.88,43.86,43.87,1900,83352.0
001395.SZ,2026-01-13 13:28:00,43.87,43.87,43.86,43.86,800,35095.0
001395.SZ,2026-01-13 13:29:00,43.86,43.87,43.86,43.87,1200,52635.0
001395.SZ,2026-01-13 13:30:00,43.87,43.87,43.86,43.86,400,17547.0
001395.SZ,2026-01-13 13:31:00,43.86,43.87,43.86,43.87,1500,65796.0
001395.SZ,2026-01-13 13:32:00,43.87,43.87,43.84,43.84,3300,144710.0
001395.SZ,2026-01-13 13:33:00,43.84,43.85,43.8,43.81,10600,464456.0
001395.SZ,2026-01-13 13:34:00,43.82,43.85,43.82,43.82,1600,70130.0
001395.SZ,2026-01-13 13:35:00,43.84,43.84,43.83,43.83,5500,241070.0
001395.SZ,2026-01-13 13:36:00,43.82,43.85,43.82,43.85,2900,127142.0
001395.SZ,2026-01-13 13:37:00,43.87,43.9,43.83,43.9,3100,135921.0
001395.SZ,2026-01-13 13:38:00,43.91,43.91,43.85,43.9,1000,43869.0
001395.SZ,2026-01-13 13:39:00,43.88,43.88,43.86,43.86,3400,149207.0
001395.SZ,2026-01-13 13:40:00,43.89,43.95,43.89,43.95,2000,87822.0
001395.SZ,2026-01-13 13:41:00,43.95,43.95,43.93,43.94,2400,105467.0
001395.SZ,2026-01-13 13:42:00,43.94,43.95,43.94,43.95,900,39554.0
001395.SZ,2026-01-13 13:43:00,43.96,44.0,43.96,43.99,2600,114325.0
001395.SZ,2026-01-13 13:44:00,43.99,44.0,43.99,44.0,2200,96776.0
001395.SZ,2026-01-13 13:45:00,44.0,44.0,44.0,44.0,100,4400.0
001395.SZ,2026-01-13 13:46:00,43.98,44.0,43.96,43.96,3700,162712.0
001395.SZ,2026-01-13 13:47:00,43.95,43.95,43.93,43.95,3700,162576.0
001395.SZ,2026-01-13 13:48:00,43.92,43.92,43.92,43.92,800,35136.0
001395.SZ,2026-01-13 13:49:00,43.92,43.92,43.92,43.92,900,39528.0
001395.SZ,2026-01-13 13:50:00,43.94,43.94,43.94,43.94,4400,193254.0
001395.SZ,2026-01-13 13:51:00,43.95,44.0,43.94,44.0,2800,123051.0
001395.SZ,2026-01-13 13:52:00,44.0,44.01,44.0,44.0,6400,281606.0
001395.SZ,2026-01-13 13:53:00,44.01,44.01,43.99,43.99,1300,57201.0
001395.SZ,2026-01-13 13:54:00,44.0,44.01,43.99,43.99,1800,79200.0
001395.SZ,2026-01-13 13:55:00,44.0,44.01,44.0,44.01,4500,198034.0
001395.SZ,2026-01-13 13:56:00,44.01,44.01,44.01,44.01,1000,44010.0
001395.SZ,2026-01-13 13:57:00,44.01,44.02,44.01,44.02,2700,118835.0
001395.SZ,2026-01-13 13:58:00,44.02,44.02,44.01,44.01,400,17606.0
001395.SZ,2026-01-13 13:59:00,44.02,44.02,44.02,44.02,300,13206.0
001395.SZ,2026-01-13 14:00:00,44.02,44.05,44.02,44.04,3800,167312.0
001395.SZ,2026-01-13 14:01:00,44.04,44.06,44.04,44.06,5499,242234.95
001395.SZ,2026-01-13 14:02:00,44.06,44.06,44.05,44.05,3100,136558.0
001395.SZ,2026-01-13 14:03:00,44.05,44.05,44.05,44.05,301,13259.05
001395.SZ,2026-01-13 14:04:00,44.03,44.05,44.03,44.04,1800,79278.0
001395.SZ,2026-01-13 14:05:00,44.03,44.06,44.03,44.06,16000,704651.0
001395.SZ,2026-01-13 14:06:00,44.06,44.06,44.05,44.05,1600,70489.0
001395.SZ,2026-01-13 14:07:00,44.06,44.06,44.05,44.05,1300,57266.0
001395.SZ,2026-01-13 14:08:00,44.05,44.06,44.05,44.06,1200,52862.0
001395.SZ,2026-01-13 14:09:00,44.06,44.06,44.06,44.06,2299,101293.94
001395.SZ,2026-01-13 14:10:00,44.06,44.07,44.05,44.05,2501,110190.07
001395.SZ,2026-01-13 14:11:00,44.05,44.05,43.99,43.99,6200,272880.0
001395.SZ,2026-01-13 14:12:00,43.96,44.01,43.96,44.01,1600,70356.0
001395.SZ,2026-01-13 14:13:00,44.01,44.02,44.01,44.02,3100,136436.0
001395.SZ,2026-01-13 14:14:00,43.94,43.94,43.94,43.94,500,21974.0
001395.SZ,2026-01-13 14:15:00,43.94,44.0,43.94,43.94,3900,171431.0
001395.SZ,2026-01-13 14:16:00,43.94,43.95,43.94,43.94,2200,96684.0
001395.SZ,2026-01-13 14:17:00,43.93,43.94,43.91,43.91,3300,144932.0
001395.SZ,2026-01-13 14:18:00,43.91,43.91,43.9,43.9,2400,105361.0
001395.SZ,2026-01-13 14:19:00,43.91,43.91,43.9,43.9,2000,87802.0
001395.SZ,2026-01-13 14:20:00,43.9,43.9,43.9,43.9,8400,368759.0
001395.SZ,2026-01-13 14:21:00,43.91,43.95,43.89,43.95,16700,733027.0
001395.SZ,2026-01-13 14:22:00,43.91,43.91,43.91,43.91,900,39519.0
001395.SZ,2026-01-13 14:23:00,43.9,43.9,43.9,43.9,2100,92195.0
001395.SZ,2026-01-13 14:24:00,43.93,43.93,43.9,43.9,2600,114179.0
001395.SZ,2026-01-13 14:25:00,43.96,43.96,43.9,43.9,2800,122982.0
001395.SZ,2026-01-13 14:26:00,43.9,43.97,43.9,43.97,900,39524.0
001395.SZ,2026-01-13 14:27:00,43.91,43.95,43.91,43.92,2300,100998.0
001395.SZ,2026-01-13 14:28:00,43.9,43.92,43.9,43.91,20000,878102.0
001395.SZ,2026-01-13 14:29:00,43.91,43.91,43.9,43.9,4800,210730.0
001395.SZ,2026-01-13 14:30:00,43.89,43.89,43.86,43.87,10500,460775.0
001395.SZ,2026-01-13 14:31:00,43.87,43.87,43.82,43.87,12400,543704.0
001395.SZ,2026-01-13 14:32:00,43.88,43.95,43.85,43.85,8500,373056.0
001395.SZ,2026-01-13 14:33:00,43.88,43.98,43.85,43.95,9200,404066.0
001395.SZ,2026-01-13 14:34:00,43.94,43.94,43.85,43.86,3800,166749.0
001395.SZ,2026-01-13 14:35:00,43.93,43.93,43.93,43.93,2600,114068.0
001395.SZ,2026-01-13 14:36:00,43.86,43.86,43.86,43.86,2300,100921.0
001395.SZ,2026-01-13 14:37:00,43.92,43.93,43.92,43.92,4600,202034.0
001395.SZ,2026-01-13 14:38:00,43.93,43.93,43.87,43.87,3000,131716.0
001395.SZ,2026-01-13 14:39:00,43.87,43.87,43.84,43.84,13500,592073.0
001395.SZ,2026-01-13 14:40:00,43.83,43.83,43.75,43.77,76100,3334354.0
001395.SZ,2026-01-13 14:41:00,43.77,43.77,43.75,43.76,3100,135654.0
001395.SZ,2026-01-13 14:42:00,43.77,43.77,43.72,43.72,12600,551395.0
001395.SZ,2026-01-13 14:43:00,43.73,43.76,43.73,43.76,3100,135638.0
001395.SZ,2026-01-13 14:44:00,43.83,43.83,43.83,43.83,600,26297.0
001395.SZ,2026-01-13 14:45:00,43.83,43.83,43.76,43.77,1900,83236.0
001395.SZ,2026-01-13 14:46:00,43.77,43.78,43.74,43.75,11400,498823.0
001395.SZ,2026-01-13 14:47:00,43.74,43.75,43.73,43.73,9600,419910.0
001395.SZ,2026-01-13 14:48:00,43.73,43.74,43.73,43.74,6100,266792.0
001395.SZ,2026-01-13 14:49:00,43.71,43.71,43.7,43.7,19000,830680.0
001395.SZ,2026-01-13 14:50:00,43.71,43.71,43.71,43.71,1400,61193.0
001395.SZ,2026-01-13 14:51:00,43.72,43.76,43.71,43.76,4500,196768.0
001395.SZ,2026-01-13 14:52:00,43.76,43.81,43.75,43.8,2600,113817.0
001395.SZ,2026-01-13 14:53:00,43.78,43.8,43.75,43.77,10600,463994.0
001395.SZ,2026-01-13 14:54:00,43.77,43.78,43.75,43.75,3500,153175.0
001395.SZ,2026-01-13 14:55:00,43.75,43.75,43.74,43.74,4900,214337.0
001395.SZ,2026-01-13 14:56:00,43.76,43.78,43.76,43.77,3400,148800.0
001395.SZ,2026-01-13 14:57:00,43.77,43.79,43.76,43.79,7900,345827.0
001395.SZ,2026-01-13 14:58:00,43.79,43.79,43.79,43.79,0,0.0
001395.SZ,2026-01-13 14:59:00,43.79,43.79,43.79,43.79,0,0.0
001395.SZ,2026-01-13 15:00:00,43.82,43.82,43.82,43.82,7500,328650.0
001395.SZ,2026-01-14 09:30:00,43.78,43.78,43.7,43.7,6000,262610.0
001395.SZ,2026-01-14 09:31:00,43.64,43.7,43.51,43.54,29400,1281861.0
001395.SZ,2026-01-14 09:32:00,43.54,43.55,43.48,43.48,41200,1792783.0
001395.SZ,2026-01-14 09:33:00,43.47,43.51,43.45,43.5,21600,939126.0
001395.SZ,2026-01-14 09:34:00,43.51,43.53,43.5,43.53,8000,348050.0
001395.SZ,2026-01-14 09:35:00,43.54,43.69,43.54,43.69,23400,1020688.0
001395.SZ,2026-01-14 09:36:00,43.7,43.91,43.69,43.84,23500,1029243.0
001395.SZ,2026-01-14 09:37:00,43.77,43.77,43.71,43.72,13300,581683.0
001395.SZ,2026-01-14 09:38:00,43.73,43.73,43.68,43.68,9200,402085.0
001395.SZ,2026-01-14 09:39:00,43.63,43.67,43.59,43.67,1900,82880.0
001395.SZ,2026-01-14 09:40:00,43.67,43.76,43.63,43.76,8000,349222.0
001395.SZ,2026-01-14 09:41:00,43.76,43.77,43.64,43.64,5400,236165.0
001395.SZ,2026-01-14 09:42:00,43.68,43.68,43.62,43.63,3400,148440.0
001395.SZ,2026-01-14 09:43:00,43.63,43.63,43.62,43.62,12600,549756.0
001395.SZ,2026-01-14 09:44:00,43.62,43.67,43.62,43.62,13000,567212.0
001395.SZ,2026-01-14 09:45:00,43.62,43.64,43.61,43.62,8100,353440.0
001395.SZ,2026-01-14 09:46:00,43.62,43.64,43.62,43.64,14300,623806.0
001395.SZ,2026-01-14 09:47:00,43.63,43.64,43.63,43.63,16500,719931.0
001395.SZ,2026-01-14 09:48:00,43.63,43.68,43.63,43.68,6300,274922.0
001395.SZ,2026-01-14 09:49:00,43.67,43.67,43.58,43.58,21500,937803.0
001395.SZ,2026-01-14 09:50:00,43.56,43.56,43.55,43.56,14900,649023.0
001395.SZ,2026-01-14 09:51:00,43.6,43.6,43.54,43.6,18700,814637.0
001395.SZ,2026-01-14 09:52:00,43.6,43.65,43.6,43.63,9800,427425.0
001395.SZ,2026-01-14 09:53:00,43.65,43.69,43.65,43.66,2900,126613.0
001395.SZ,2026-01-14 09:54:00,43.65,43.65,43.53,43.53,49400,2153176.0
001395.SZ,2026-01-14 09:55:00,43.52,43.54,43.51,43.53,8200,356919.0
001395.SZ,2026-01-14 09:56:00,43.53,43.54,43.52,43.52,15600,679113.0
001395.SZ,2026-01-14 09:57:00,43.52,43.52,43.5,43.52,21400,931088.0
001395.SZ,2026-01-14 09:58:00,43.52,43.64,43.49,43.61,72000,3133500.0
001395.SZ,2026-01-14 09:59:00,43.65,43.73,43.57,43.6,3600,157275.0
001395.SZ,2026-01-14 10:00:00,43.58,43.73,43.58,43.73,1300,56758.0
001395.SZ,2026-01-14 10:01:00,43.7,43.8,43.58,43.8,47400,2072661.0
001395.SZ,2026-01-14 10:02:00,43.8,43.98,43.8,43.83,13200,578997.0
001395.SZ,2026-01-14 10:03:00,43.8,43.82,43.75,43.75,2600,113885.0
001395.SZ,2026-01-14 10:04:00,43.75,43.75,43.75,43.75,0,0.0
001395.SZ,2026-01-14 10:05:00,43.76,43.8,43.76,43.8,700,30636.0
001395.SZ,2026-01-14 10:06:00,43.78,43.8,43.77,43.8,3000,131339.0
001395.SZ,2026-01-14 10:07:00,43.8,43.82,43.8,43.82,3200,140203.0
001395.SZ,2026-01-14 10:08:00,43.82,43.85,43.79,43.85,2600,113961.0
001395.SZ,2026-01-14 10:09:00,43.85,43.85,43.78,43.81,10600,464149.0
001395.SZ,2026-01-14 10:10:00,43.8,43.81,43.78,43.78,4600,201471.0
001395.SZ,2026-01-14 10:11:00,43.75,43.81,43.75,43.76,11600,507762.0
001395.SZ,2026-01-14 10:12:00,43.8,43.8,43.77,43.77,4600,201414.0
001395.SZ,2026-01-14 10:13:00,43.78,43.81,43.78,43.79,10300,450947.0
001395.SZ,2026-01-14 10:14:00,43.78,43.82,43.77,43.82,5500,240877.0
001395.SZ,2026-01-14 10:15:00,43.82,43.82,43.78,43.8,3800,166413.0
001395.SZ,2026-01-14 10:16:00,43.8,43.8,43.78,43.8,6900,302129.0
001395.SZ,2026-01-14 10:17:00,43.79,43.81,43.79,43.81,1200,52564.0
001395.SZ,2026-01-14 10:18:00,43.81,43.84,43.81,43.84,2200,96425.0
001395.SZ,2026-01-14 10:19:00,43.83,43.85,43.83,43.83,3200,140283.0
001395.SZ,2026-01-14 10:20:00,43.82,43.83,43.82,43.83,2000,87659.0
001395.SZ,2026-01-14 10:21:00,43.82,43.82,43.82,43.82,800,35056.0
001395.SZ,2026-01-14 10:22:00,43.82,43.83,43.82,43.82,5400,236657.0
001395.SZ,2026-01-14 10:23:00,43.83,43.83,43.82,43.83,2600,113948.0
001395.SZ,2026-01-14 10:24:00,43.84,43.87,43.84,43.87,6600,289394.0
001395.SZ,2026-01-14 10:25:00,43.92,43.92,43.91,43.91,6600,289774.0
001395.SZ,2026-01-14 10:26:00,43.92,43.93,43.92,43.92,6600,289884.0
001395.SZ,2026-01-14 10:27:00,43.92,43.92,43.92,43.92,2100,92222.0
001395.SZ,2026-01-14 10:28:00,43.89,43.94,43.89,43.91,4700,206426.0
001395.SZ,2026-01-14 10:29:00,43.93,43.93,43.93,43.93,8500,373395.0
001395.SZ,2026-01-14 10:30:00,43.93,43.93,43.91,43.91,6400,281146.0
001395.SZ,2026-01-14 10:31:00,43.93,43.98,43.93,43.95,21400,940363.0
001395.SZ,2026-01-14 10:32:00,43.95,43.96,43.94,43.94,7300,320837.0
001395.SZ,2026-01-14 10:33:00,43.94,43.94,43.94,43.94,1200,52728.0
001395.SZ,2026-01-14 10:34:00,43.92,43.94,43.92,43.94,1600,70296.0
001395.SZ,2026-01-14 10:35:00,43.93,43.95,43.93,43.94,2500,109854.0
001395.SZ,2026-01-14 10:36:00,43.94,43.95,43.92,43.92,2200,96660.0
001395.SZ,2026-01-14 10:37:00,43.95,43.96,43.95,43.95,7100,312053.0
001395.SZ,2026-01-14 10:38:00,43.95,43.95,43.93,43.93,5300,232924.0
001395.SZ,2026-01-14 10:39:00,43.96,43.96,43.95,43.96,17800,782359.0
001395.SZ,2026-01-14 10:40:00,43.96,43.97,43.96,43.97,2900,127504.0
001395.SZ,2026-01-14 10:41:00,43.97,43.97,43.95,43.95,2800,123093.0
001395.SZ,2026-01-14 10:42:00,43.95,43.95,43.94,43.94,6000,263678.0
001395.SZ,2026-01-14 10:43:00,43.93,43.93,43.93,43.93,2000,87854.0
001395.SZ,2026-01-14 10:44:00,43.94,43.95,43.93,43.93,7600,333907.0
001395.SZ,2026-01-14 10:45:00,43.94,43.95,43.94,43.95,1500,65912.0
001395.SZ,2026-01-14 10:46:00,43.95,43.96,43.95,43.96,5700,250542.0
001395.SZ,2026-01-14 10:47:00,43.96,43.96,43.94,43.96,3200,140633.0
001395.SZ,2026-01-14 10:48:00,43.96,43.96,43.94,43.96,4800,210940.0
001395.SZ,2026-01-14 10:49:00,43.97,43.97,43.96,43.96,3700,162687.0
001395.SZ,2026-01-14 10:50:00,43.96,43.96,43.95,43.95,6700,294525.0
001395.SZ,2026-01-14 10:51:00,43.97,44.09,43.97,44.09,37100,1631710.0
001395.SZ,2026-01-14 10:52:00,44.06,44.15,44.05,44.15,18500,816174.0
001395.SZ,2026-01-14 10:53:00,44.15,44.15,44.11,44.14,8700,384009.0
001395.SZ,2026-01-14 10:54:00,44.14,44.2,44.13,44.19,14000,618347.0
001395.SZ,2026-01-14 10:55:00,44.18,44.28,44.18,44.26,16100,712024.0
001395.SZ,2026-01-14 10:56:00,44.24,44.24,44.21,44.23,2500,110570.0
001395.SZ,2026-01-14 10:57:00,44.21,44.27,44.2,44.27,12900,570673.94
001395.SZ,2026-01-14 10:58:00,44.21,44.25,44.21,44.23,4300,190172.0
001395.SZ,2026-01-14 10:59:00,44.21,44.23,44.2,44.2,2500,110526.0
001395.SZ,2026-01-14 11:00:00,44.2,44.2,44.15,44.15,4900,216463.0
001395.SZ,2026-01-14 11:01:00,44.15,44.19,44.15,44.19,4300,189903.0
001395.SZ,2026-01-14 11:02:00,44.18,44.18,44.16,44.16,3600,158988.0
001395.SZ,2026-01-14 11:03:00,44.17,44.17,44.15,44.15,3900,172209.0
001395.SZ,2026-01-14 11:04:00,44.14,44.14,44.12,44.14,3300,145660.0
001395.SZ,2026-01-14 11:05:00,44.16,44.16,44.15,44.16,2000,88315.0
001395.SZ,2026-01-14 11:06:00,44.17,44.19,44.16,44.19,3400,150229.0
001395.SZ,2026-01-14 11:07:00,44.19,44.19,44.16,44.16,2800,123720.0
001395.SZ,2026-01-14 11:08:00,44.16,44.18,44.16,44.16,5500,242887.0
001395.SZ,2026-01-14 11:09:00,44.17,44.17,44.15,44.15,4800,211962.0
001395.SZ,2026-01-14 11:10:00,44.14,44.14,44.12,44.13,3200,141195.0
001395.SZ,2026-01-14 11:11:00,44.12,44.13,44.11,44.12,6600,291180.0
001395.SZ,2026-01-14 11:12:00,44.12,44.13,44.12,44.13,1800,79419.0
001395.SZ,2026-01-14 11:13:00,44.12,44.12,44.06,44.1,7100,312984.0
001395.SZ,2026-01-14 11:14:00,44.1,44.1,44.1,44.1,100,4410.0
001395.SZ,2026-01-14 11:15:00,44.1,44.1,44.1,44.1,1300,57330.0
001395.SZ,2026-01-14 11:16:00,44.1,44.1,44.08,44.08,1800,79360.0
001395.SZ,2026-01-14 11:17:00,44.08,44.1,44.08,44.1,8700,383504.0
001395.SZ,2026-01-14 11:18:00,44.08,44.13,44.08,44.13,5200,229369.0
001395.SZ,2026-01-14 11:19:00,44.15,44.16,44.15,44.16,7999,353127.88
001395.SZ,2026-01-14 11:20:00,44.16,44.16,44.16,44.16,2500,110400.0
001395.SZ,2026-01-14 11:21:00,44.16,44.17,44.16,44.16,4900,216392.0
001395.SZ,2026-01-14 11:22:00,44.18,44.18,44.15,44.15,1000,44170.0
001395.SZ,2026-01-14 11:23:00,44.15,44.15,44.15,44.15,3000,132450.0
001395.SZ,2026-01-14 11:24:00,44.16,44.16,44.15,44.16,3900,172206.0
001395.SZ,2026-01-14 11:25:00,44.15,44.15,44.15,44.15,1700,75055.0
001395.SZ,2026-01-14 11:26:00,44.14,44.15,44.14,44.14,1300,57383.0
001395.SZ,2026-01-14 11:27:00,44.13,44.13,44.13,44.13,2200,97086.0
001395.SZ,2026-01-14 11:28:00,44.13,44.18,44.13,44.18,26100,1151256.0
001395.SZ,2026-01-14 11:29:00,44.18,44.2,44.17,44.2,7300,322572.0
001395.SZ,2026-01-14 11:30:00,44.2,44.2,44.2,44.2,2500,110500.0
001395.SZ,2026-01-14 13:01:00,44.21,44.23,44.2,44.2,26400,1167195.0
001395.SZ,2026-01-14 13:02:00,44.19,44.19,44.09,44.09,11800,521270.0
001395.SZ,2026-01-14 13:03:00,44.09,44.19,44.09,44.17,21678,956159.0
001395.SZ,2026-01-14 13:04:00,44.18,44.18,44.17,44.18,700,30923.0
001395.SZ,2026-01-14 13:05:00,44.09,44.12,44.09,44.12,1100,48523.0
001395.SZ,2026-01-14 13:06:00,44.11,44.11,44.11,44.11,200,8824.0
001395.SZ,2026-01-14 13:07:00,44.12,44.12,44.05,44.05,7100,313151.0
001395.SZ,2026-01-14 13:08:00,44.1,44.1,43.93,43.93,7300,321126.0
001395.SZ,2026-01-14 13:09:00,43.93,43.93,43.87,43.87,15200,667337.0
001395.SZ,2026-01-14 13:10:00,43.86,43.86,43.78,43.85,35700,1564658.0
001395.SZ,2026-01-14 13:11:00,43.82,43.85,43.82,43.85,7000,306922.0
001395.SZ,2026-01-14 13:12:00,43.85,43.92,43.85,43.92,12101,530918.9
001395.SZ,2026-01-14 13:13:00,43.92,43.92,43.86,43.86,2700,118521.0
001395.SZ,2026-01-14 13:14:00,43.85,43.86,43.82,43.82,2800,122750.0
001395.SZ,2026-01-14 13:15:00,43.82,43.82,43.79,43.79,3900,170844.0
001395.SZ,2026-01-14 13:16:00,43.79,43.79,43.7,43.72,32000,1398837.0
001395.SZ,2026-01-14 13:17:00,43.72,43.72,43.66,43.66,25200,1101112.0
001395.SZ,2026-01-14 13:18:00,43.65,43.65,43.61,43.65,14600,636948.0
001395.SZ,2026-01-14 13:19:00,43.65,43.72,43.65,43.72,3200,139766.0
001395.SZ,2026-01-14 13:20:00,43.72,43.75,43.72,43.75,1400,61242.0
001395.SZ,2026-01-14 13:21:00,43.74,43.8,43.74,43.8,8300,363152.0
001395.SZ,2026-01-14 13:22:00,43.8,43.81,43.8,43.81,1000,43811.0
001395.SZ,2026-01-14 13:23:00,43.8,43.8,43.75,43.75,6700,293334.0
001395.SZ,2026-01-14 13:24:00,43.76,43.76,43.75,43.75,5500,240651.0
001395.SZ,2026-01-14 13:25:00,43.78,43.78,43.76,43.76,2100,91917.0
001395.SZ,2026-01-14 13:26:00,43.75,43.77,43.75,43.77,8400,367541.0
001395.SZ,2026-01-14 13:27:00,43.75,43.77,43.75,43.76,3300,144384.0
001395.SZ,2026-01-14 13:28:00,43.76,43.77,43.76,43.76,400,17506.0
001395.SZ,2026-01-14 13:29:00,43.77,43.8,43.77,43.8,4800,210163.0
001395.SZ,2026-01-14 13:30:00,43.8,43.8,43.78,43.8,2300,100734.0
001395.SZ,2026-01-14 13:31:00,43.85,43.91,43.85,43.91,3400,149101.0
001395.SZ,2026-01-14 13:32:00,43.91,43.98,43.87,43.9,2900,127353.0
001395.SZ,2026-01-14 13:33:00,43.9,43.91,43.86,43.86,5500,241359.0
001395.SZ,2026-01-14 13:34:00,43.86,43.86,43.86,43.86,200,8771.0
001395.SZ,2026-01-14 13:35:00,43.82,43.83,43.82,43.83,1600,70115.0
001395.SZ,2026-01-14 13:36:00,43.8,43.81,43.79,43.8,8000,350389.0
001395.SZ,2026-01-14 13:37:00,43.8,43.8,43.78,43.8,1000,43798.0
001395.SZ,2026-01-14 13:38:00,43.8,43.88,43.8,43.88,1100,48199.0
001395.SZ,2026-01-14 13:39:00,43.88,43.89,43.88,43.89,700,30719.0
001395.SZ,2026-01-14 13:40:00,43.88,43.89,43.83,43.83,3800,166748.0
001395.SZ,2026-01-14 13:41:00,43.82,43.82,43.78,43.8,15000,656820.0
001395.SZ,2026-01-14 13:42:00,43.8,43.82,43.8,43.82,400,17524.0
001395.SZ,2026-01-14 13:43:00,43.82,43.82,43.8,43.8,3100,135837.0
001395.SZ,2026-01-14 13:44:00,43.81,43.81,43.79,43.79,3600,157689.0
001395.SZ,2026-01-14 13:45:00,43.79,43.82,43.79,43.82,1500,65697.0
001395.SZ,2026-01-14 13:46:00,43.8,43.82,43.79,43.79,5500,240925.0
001395.SZ,2026-01-14 13:47:00,43.8,43.8,43.8,43.8,1500,65697.0
001395.SZ,2026-01-14 13:48:00,43.8,43.81,43.78,43.81,4100,179558.0
001395.SZ,2026-01-14 13:49:00,43.81,43.99,43.8,43.92,12587,552666.06
001395.SZ,2026-01-14 13:50:00,43.92,44.0,43.87,44.0,3600,158195.0
001395.SZ,2026-01-14 13:51:00,44.0,44.0,44.0,44.0,8400,369592.0
001395.SZ,2026-01-14 13:52:00,43.96,43.96,43.96,43.96,400,17584.0
001395.SZ,2026-01-14 13:53:00,43.95,43.95,43.91,43.94,600,26364.0
001395.SZ,2026-01-14 13:54:00,43.88,43.91,43.88,43.89,1200,52675.0
001395.SZ,2026-01-14 13:55:00,43.88,43.88,43.88,43.88,100,4388.0
001395.SZ,2026-01-14 13:56:00,43.93,43.93,43.89,43.89,2400,105362.0
001395.SZ,2026-01-14 13:57:00,43.83,43.83,43.83,43.83,1100,48213.0
001395.SZ,2026-01-14 13:58:00,43.82,43.82,43.8,43.8,9000,394293.0
001395.SZ,2026-01-14 13:59:00,43.81,43.82,43.65,43.65,49000,2145394.0
001395.SZ,2026-01-14 14:00:00,43.66,43.66,43.65,43.66,3300,144067.0
001395.SZ,2026-01-14 14:01:00,43.65,43.65,43.58,43.6,18900,824336.0
001395.SZ,2026-01-14 14:02:00,43.55,43.6,43.55,43.6,9000,392093.0
001395.SZ,2026-01-14 14:03:00,43.59,43.66,43.59,43.61,12500,545235.0
001395.SZ,2026-01-14 14:04:00,43.64,43.7,43.64,43.7,1500,65480.0
001395.SZ,2026-01-14 14:05:00,43.69,43.7,43.69,43.7,2100,91756.0
001395.SZ,2026-01-14 14:06:00,43.7,43.7,43.65,43.66,4300,187782.0
001395.SZ,2026-01-14 14:07:00,43.64,43.64,43.58,43.58,15200,662914.0
001395.SZ,2026-01-14 14:08:00,43.57,43.57,43.5,43.51,28000,1218936.0
001395.SZ,2026-01-14 14:09:00,43.51,43.59,43.5,43.59,11800,513409.0
001395.SZ,2026-01-14 14:10:00,43.59,43.59,43.58,43.59,10300,448978.0
001395.SZ,2026-01-14 14:11:00,43.58,43.63,43.58,43.63,900,39244.0
001395.SZ,2026-01-14 14:12:00,43.64,43.7,43.64,43.7,3200,139658.0
001395.SZ,2026-01-14 14:13:00,43.7,43.73,43.7,43.73,3700,161694.0
001395.SZ,2026-01-14 14:14:00,43.73,43.73,43.65,43.65,3000,131071.0
001395.SZ,2026-01-14 14:15:00,43.65,43.65,43.6,43.6,2600,113448.0
001395.SZ,2026-01-14 14:16:00,43.68,43.68,43.67,43.67,4100,178925.0
001395.SZ,2026-01-14 14:17:00,43.61,43.67,43.61,43.61,600,26173.0
001395.SZ,2026-01-14 14:18:00,43.68,43.73,43.62,43.73,10800,471184.0
001395.SZ,2026-01-14 14:19:00,43.69,43.69,43.64,43.64,1600,69876.0
001395.SZ,2026-01-14 14:20:00,43.66,43.66,43.66,43.66,400,17464.0
001395.SZ,2026-01-14 14:21:00,43.67,43.67,43.62,43.64,4600,200736.0
001395.SZ,2026-01-14 14:22:00,43.64,43.64,43.63,43.63,2800,122176.0
001395.SZ,2026-01-14 14:23:00,43.64,43.64,43.64,43.64,300,13092.0
001395.SZ,2026-01-14 14:24:00,43.64,43.66,43.64,43.66,3700,161483.0
001395.SZ,2026-01-14 14:25:00,43.67,43.67,43.67,43.67,2900,126643.0
001395.SZ,2026-01-14 14:26:00,43.72,43.89,43.72,43.84,6800,297968.0
001395.SZ,2026-01-14 14:27:00,43.83,43.83,43.73,43.75,300,13131.0
001395.SZ,2026-01-14 14:28:00,43.82,43.82,43.73,43.75,2200,96266.0
001395.SZ,2026-01-14 14:29:00,43.8,43.81,43.76,43.78,2500,109415.0
001395.SZ,2026-01-14 14:30:00,43.76,43.79,43.75,43.75,1200,52521.0
001395.SZ,2026-01-14 14:31:00,43.85,43.85,43.81,43.85,5200,227896.0
001395.SZ,2026-01-14 14:32:00,43.84,43.92,43.84,43.91,5200,228175.0
001395.SZ,2026-01-14 14:33:00,43.91,43.92,43.85,43.89,2200,96555.0
001395.SZ,2026-01-14 14:34:00,43.89,43.89,43.84,43.88,1800,78979.0
001395.SZ,2026-01-14 14:35:00,43.88,43.9,43.88,43.9,5100,223859.0
001395.SZ,2026-01-14 14:36:00,43.9,43.94,43.9,43.93,7000,307424.0
001395.SZ,2026-01-14 14:37:00,43.92,43.94,43.91,43.93,4500,197672.0
001395.SZ,2026-01-14 14:38:00,43.94,43.94,43.91,43.91,8700,382208.0
001395.SZ,2026-01-14 14:39:00,43.92,43.93,43.9,43.93,6200,272231.0
001395.SZ,2026-01-14 14:40:00,43.92,43.93,43.92,43.92,1600,70276.0
001395.SZ,2026-01-14 14:41:00,43.94,43.94,43.92,43.94,8100,355816.0
001395.SZ,2026-01-14 14:42:00,43.91,43.94,43.91,43.94,4300,188869.0
001395.SZ,2026-01-14 14:43:00,43.93,43.94,43.93,43.94,3800,166969.0
001395.SZ,2026-01-14 14:44:00,43.93,43.94,43.93,43.93,3900,171352.0
001395.SZ,2026-01-14 14:45:00,43.94,43.94,43.92,43.93,4100,180117.0
001395.SZ,2026-01-14 14:46:00,43.94,43.95,43.94,43.95,7400,325174.0
001395.SZ,2026-01-14 14:47:00,43.96,43.96,43.94,43.94,4800,210971.0
001395.SZ,2026-01-14 14:48:00,43.94,43.94,43.93,43.93,4300,188932.0
001395.SZ,2026-01-14 14:49:00,43.94,43.94,43.94,43.94,2913,127996.22
001395.SZ,2026-01-14 14:50:00,43.94,43.95,43.94,43.95,6900,303232.0
001395.SZ,2026-01-14 14:51:00,43.95,43.97,43.95,43.97,5700,250571.0
001395.SZ,2026-01-14 14:52:00,43.97,44.0,43.97,44.0,16700,734626.0
001395.SZ,2026-01-14 14:53:00,44.01,44.02,44.0,44.02,5100,224463.0
001395.SZ,2026-01-14 14:54:00,44.02,44.05,44.02,44.05,8000,352213.0
001395.SZ,2026-01-14 14:55:00,44.06,44.07,44.04,44.06,6000,264341.0
001395.SZ,2026-01-14 14:56:00,44.06,44.09,44.06,44.09,31400,1384513.0
001395.SZ,2026-01-14 14:57:00,44.1,44.1,44.08,44.09,8700,383610.0
001395.SZ,2026-01-14 14:58:00,44.09,44.09,44.09,44.09,0,0.0
001395.SZ,2026-01-14 14:59:00,44.09,44.09,44.09,44.09,0,0.0
001395.SZ,2026-01-14 15:00:00,44.09,44.09,44.09,44.09,26000,1146340.0
001395.SZ,2026-01-15 09:30:00,43.86,43.94,43.86,43.94,7800,342124.0
001395.SZ,2026-01-15 09:31:00,43.99,43.99,43.86,43.88,14000,614423.0
001395.SZ,2026-01-15 09:32:00,43.88,43.97,43.88,43.97,8100,355855.0
001395.SZ,2026-01-15 09:33:00,43.99,44.37,43.99,44.3,42800,1890534.0
001395.SZ,2026-01-15 09:34:00,44.3,44.42,44.3,44.32,19300,855411.0
001395.SZ,2026-01-15 09:35:00,44.33,44.6,44.33,44.52,73000,3244423.0
001395.SZ,2026-01-15 09:36:00,44.58,44.7,44.58,44.69,63200,2820342.0
001395.SZ,2026-01-15 09:37:00,44.7,44.78,44.66,44.77,52200,2333810.0
001395.SZ,2026-01-15 09:38:00,44.77,44.85,44.74,44.75,43400,1943654.0
001395.SZ,2026-01-15 09:39:00,44.75,44.75,44.66,44.7,24000,1072920.0
001395.SZ,2026-01-15 09:40:00,44.75,44.75,44.69,44.69,29900,1337295.0
001395.SZ,2026-01-15 09:41:00,44.69,44.7,44.59,44.59,15100,674368.0
001395.SZ,2026-01-15 09:42:00,44.65,44.69,44.63,44.69,38300,1709611.0
001395.SZ,2026-01-15 09:43:00,44.69,44.7,44.68,44.7,15600,697203.0
001395.SZ,2026-01-15 09:44:00,44.7,44.72,44.69,44.72,12600,563320.0
001395.SZ,2026-01-15 09:45:00,44.72,44.72,44.68,44.68,28800,1287326.0
001395.SZ,2026-01-15 09:46:00,44.67,44.68,44.65,44.68,28900,1290666.0
001395.SZ,2026-01-15 09:47:00,44.66,44.69,44.66,44.68,6600,294881.0
001395.SZ,2026-01-15 09:48:00,44.67,44.68,44.6,44.6,9500,424058.0
001395.SZ,2026-01-15 09:49:00,44.6,44.61,44.59,44.59,1700,75830.0
001395.SZ,2026-01-15 09:50:00,44.6,44.6,44.58,44.58,9800,436993.0
001395.SZ,2026-01-15 09:51:00,44.58,44.59,44.58,44.58,6800,303197.0
001395.SZ,2026-01-15 09:52:00,44.58,44.6,44.58,44.6,11100,494886.0
001395.SZ,2026-01-15 09:53:00,44.59,44.6,44.59,44.6,11300,503921.0
001395.SZ,2026-01-15 09:54:00,44.59,44.66,44.59,44.66,20700,923868.0
001395.SZ,2026-01-15 09:55:00,44.66,44.67,44.64,44.66,5400,241190.0
001395.SZ,2026-01-15 09:56:00,44.65,44.66,44.64,44.64,2100,93771.0
001395.SZ,2026-01-15 09:57:00,44.64,44.65,44.63,44.63,7600,339281.0
001395.SZ,2026-01-15 09:58:00,44.65,44.65,44.62,44.65,5400,241042.0
001395.SZ,2026-01-15 09:59:00,44.63,44.63,44.63,44.63,400,17852.0
001395.SZ,2026-01-15 10:00:00,44.63,44.65,44.63,44.64,2664,118919.96
001395.SZ,2026-01-15 10:01:00,44.62,44.65,44.6,44.61,9500,423942.72
001395.SZ,2026-01-15 10:02:00,44.61,44.64,44.6,44.64,12800,571121.0
001395.SZ,2026-01-15 10:03:00,44.63,44.63,44.6,44.6,5100,227479.0
001395.SZ,2026-01-15 10:04:00,44.59,44.61,44.59,44.61,3700,165049.0
001395.SZ,2026-01-15 10:05:00,44.62,44.62,44.61,44.61,6800,303400.0
001395.SZ,2026-01-15 10:06:00,44.6,44.6,44.51,44.51,20200,900208.0
001395.SZ,2026-01-15 10:07:00,44.51,44.51,44.48,44.48,25200,1120983.0
001395.SZ,2026-01-15 10:08:00,44.45,44.45,44.42,44.42,6200,275564.0
001395.SZ,2026-01-15 10:09:00,44.43,44.43,44.4,44.4,7400,328635.0
001395.SZ,2026-01-15 10:10:00,44.4,44.48,44.4,44.45,3700,164390.0
001395.SZ,2026-01-15 10:11:00,44.45,44.47,44.45,44.47,2100,93381.0
001395.SZ,2026-01-15 10:12:00,44.48,44.48,44.46,44.46,700,31131.0
001395.SZ,2026-01-15 10:13:00,44.43,44.45,44.4,44.41,14700,653060.0
001395.SZ,2026-01-15 10:14:00,44.41,44.41,44.41,44.41,5000,222050.0
001395.SZ,2026-01-15 10:15:00,44.41,44.48,44.41,44.46,5400,240060.0
001395.SZ,2026-01-15 10:16:00,44.46,44.49,44.46,44.49,5500,244623.0
001395.SZ,2026-01-15 10:17:00,44.5,44.51,44.5,44.5,1300,57846.0
001395.SZ,2026-01-15 10:18:00,44.5,44.53,44.5,44.51,2000,89016.0
001395.SZ,2026-01-15 10:19:00,44.51,44.51,44.49,44.49,3500,155757.0
001395.SZ,2026-01-15 10:20:00,44.49,44.49,44.49,44.49,100,4449.0
001395.SZ,2026-01-15 10:21:00,44.48,44.5,44.48,44.5,5100,226886.0
001395.SZ,2026-01-15 10:22:00,44.49,44.49,44.48,44.48,8200,364779.0
001395.SZ,2026-01-15 10:23:00,44.5,44.5,44.48,44.49,1000,44487.0
001395.SZ,2026-01-15 10:24:00,44.5,44.5,44.48,44.48,2800,124558.0
001395.SZ,2026-01-15 10:25:00,44.48,44.48,44.48,44.48,3300,146784.0
001395.SZ,2026-01-15 10:26:00,44.48,44.48,44.48,44.48,700,31136.0
001395.SZ,2026-01-15 10:27:00,44.48,44.48,44.48,44.48,2500,111200.0
001395.SZ,2026-01-15 10:28:00,44.48,44.48,44.46,44.48,3500,155668.0
001395.SZ,2026-01-15 10:29:00,44.47,44.47,44.46,44.46,2800,124487.0
001395.SZ,2026-01-15 10:30:00,44.42,44.42,44.41,44.41,2600,115470.0
001395.SZ,2026-01-15 10:31:00,44.41,44.42,44.41,44.42,3600,159894.0
001395.SZ,2026-01-15 10:32:00,44.42,44.46,44.41,44.46,6099,270911.6
001395.SZ,2026-01-15 10:33:00,44.45,44.45,44.44,44.44,300,13334.0
001395.SZ,2026-01-15 10:34:00,44.42,44.44,44.42,44.42,1100,48866.0
001395.SZ,2026-01-15 10:35:00,44.42,44.43,44.4,44.43,5900,262045.0
001395.SZ,2026-01-15 10:36:00,44.43,44.43,44.43,44.43,2700,119961.0
001395.SZ,2026-01-15 10:37:00,44.43,44.43,44.43,44.43,300,13329.0
001395.SZ,2026-01-15 10:38:00,44.44,44.46,44.44,44.46,3200,142248.0
001395.SZ,2026-01-15 10:39:00,44.46,44.46,44.46,44.46,500,22230.0
001395.SZ,2026-01-15 10:40:00,44.46,44.48,44.46,44.48,5900,262411.0
001395.SZ,2026-01-15 10:41:00,44.48,44.48,44.48,44.48,2900,128992.0
001395.SZ,2026-01-15 10:42:00,44.48,44.48,44.46,44.48,1900,84505.0
001395.SZ,2026-01-15 10:43:00,44.48,44.48,44.46,44.46,600,26686.0
001395.SZ,2026-01-15 10:44:00,44.45,44.45,44.43,44.43,2900,128878.0
001395.SZ,2026-01-15 10:45:00,44.43,44.43,44.43,44.43,800,35544.0
001395.SZ,2026-01-15 10:46:00,44.43,44.43,44.43,44.43,0,0.0
001395.SZ,2026-01-15 10:47:00,44.43,44.43,44.42,44.42,3300,146598.0
001395.SZ,2026-01-15 10:48:00,44.43,44.43,44.43,44.43,3300,146619.0
001395.SZ,2026-01-15 10:49:00,44.42,44.43,44.42,44.43,1500,66639.0
001395.SZ,2026-01-15 10:50:00,44.43,44.43,44.41,44.41,1700,75522.0
001395.SZ,2026-01-15 10:51:00,44.42,44.42,44.42,44.42,500,22210.0
001395.SZ,2026-01-15 10:52:00,44.42,44.42,44.42,44.42,1200,53304.0
001395.SZ,2026-01-15 10:53:00,44.43,44.43,44.42,44.43,1600,71085.0
001395.SZ,2026-01-15 10:54:00,44.43,44.44,44.42,44.44,4700,208823.0
001395.SZ,2026-01-15 10:55:00,44.42,44.44,44.42,44.44,1400,62191.0
001395.SZ,2026-01-15 10:56:00,44.45,44.46,44.45,44.45,1300,57786.0
001395.SZ,2026-01-15 10:57:00,44.46,44.46,44.45,44.46,1800,80027.0
001395.SZ,2026-01-15 10:58:00,44.45,44.45,44.42,44.42,10600,471050.0
001395.SZ,2026-01-15 10:59:00,44.45,44.45,44.42,44.42,2300,102193.0
001395.SZ,2026-01-15 11:00:00,44.42,44.42,44.31,44.31,49100,2179289.0
001395.SZ,2026-01-15 11:01:00,44.31,44.32,44.31,44.31,1900,84199.0
001395.SZ,2026-01-15 11:02:00,44.28,44.28,44.25,44.25,3500,154893.0
001395.SZ,2026-01-15 11:03:00,44.25,44.25,44.25,44.25,6500,287629.0
001395.SZ,2026-01-15 11:04:00,44.25,44.27,44.24,44.27,3000,132734.0
001395.SZ,2026-01-15 11:05:00,44.29,44.3,44.29,44.3,3600,159404.0
001395.SZ,2026-01-15 11:06:00,44.3,44.3,44.29,44.29,4900,217068.0
001395.SZ,2026-01-15 11:07:00,44.3,44.3,44.29,44.3,3100,137322.0
001395.SZ,2026-01-15 11:08:00,44.3,44.49,44.3,44.49,11140,494507.8
001395.SZ,2026-01-15 11:09:00,44.49,44.49,44.45,44.45,1300,57823.0
001395.SZ,2026-01-15 11:10:00,44.45,44.45,44.45,44.45,400,17780.0
001395.SZ,2026-01-15 11:11:00,44.46,44.48,44.45,44.48,1300,57802.0
001395.SZ,2026-01-15 11:12:00,44.47,44.47,44.45,44.45,1300,57809.0
001395.SZ,2026-01-15 11:13:00,44.45,44.45,44.44,44.44,800,35558.0
001395.SZ,2026-01-15 11:14:00,44.44,44.44,44.4,44.4,2700,119908.0
001395.SZ,2026-01-15 11:15:00,44.43,44.43,44.43,44.43,700,31101.0
001395.SZ,2026-01-15 11:16:00,44.4,44.4,44.39,44.39,300,13319.0
001395.SZ,2026-01-15 11:17:00,44.33,44.37,44.33,44.37,2100,93133.0
001395.SZ,2026-01-15 11:18:00,44.36,44.36,44.34,44.34,1600,70955.0
001395.SZ,2026-01-15 11:19:00,44.31,44.31,44.27,44.27,4900,217124.0
001395.SZ,2026-01-15 11:20:00,44.28,44.28,44.26,44.26,2600,115126.0
001395.SZ,2026-01-15 11:21:00,44.28,44.29,44.28,44.29,2100,92992.0
001395.SZ,2026-01-15 11:22:00,44.29,44.3,44.29,44.29,2500,110726.0
001395.SZ,2026-01-15 11:23:00,44.29,44.3,44.29,44.29,2000,88583.0
001395.SZ,2026-01-15 11:24:00,44.29,44.3,44.28,44.29,4400,194889.0
001395.SZ,2026-01-15 11:25:00,44.29,44.29,44.27,44.28,1700,75287.0
001395.SZ,2026-01-15 11:26:00,44.28,44.28,44.25,44.25,6000,265573.0
001395.SZ,2026-01-15 11:27:00,44.26,44.26,44.25,44.25,1400,61951.0
001395.SZ,2026-01-15 11:28:00,44.26,44.26,44.26,44.26,300,13278.0
001395.SZ,2026-01-15 11:29:00,44.25,44.26,44.25,44.25,7700,340728.0
001395.SZ,2026-01-15 11:30:00,44.25,44.25,44.24,44.25,1700,75210.0
001395.SZ,2026-01-15 13:01:00,44.26,44.26,44.22,44.22,6200,274323.0
001395.SZ,2026-01-15 13:02:00,44.22,44.22,44.15,44.15,14100,623143.0
001395.SZ,2026-01-15 13:03:00,44.15,44.24,44.15,44.24,3600,159078.0
001395.SZ,2026-01-15 13:04:00,44.24,44.24,44.24,44.24,2300,101749.0
001395.SZ,2026-01-15 13:05:00,44.24,44.24,44.18,44.18,1300,57447.0
001395.SZ,2026-01-15 13:06:00,44.16,44.18,44.16,44.18,600,26503.0
001395.SZ,2026-01-15 13:07:00,44.18,44.24,44.17,44.24,4300,189990.0
001395.SZ,2026-01-15 13:08:00,44.2,44.24,44.2,44.24,7000,309665.0
001395.SZ,2026-01-15 13:09:00,44.24,44.24,44.19,44.2,1000,44199.0
001395.SZ,2026-01-15 13:10:00,44.2,44.2,44.18,44.19,1200,53026.0
001395.SZ,2026-01-15 13:11:00,44.19,44.19,44.19,44.19,500,22095.0
001395.SZ,2026-01-15 13:12:00,44.23,44.23,44.23,44.23,500,22112.0
001395.SZ,2026-01-15 13:13:00,44.25,44.28,44.25,44.28,1900,84112.0
001395.SZ,2026-01-15 13:14:00,44.29,44.29,44.28,44.28,2900,128443.0
001395.SZ,2026-01-15 13:15:00,44.3,44.3,44.28,44.3,1300,57584.0
001395.SZ,2026-01-15 13:16:00,44.3,44.3,44.28,44.28,2400,106312.0
001395.SZ,2026-01-15 13:17:00,44.3,44.3,44.3,44.3,300,13290.0
001395.SZ,2026-01-15 13:18:00,44.29,44.29,44.25,44.25,3000,132824.0
001395.SZ,2026-01-15 13:19:00,44.25,44.25,44.25,44.25,1700,75225.0
001395.SZ,2026-01-15 13:20:00,44.24,44.25,44.23,44.25,900,39818.0
001395.SZ,2026-01-15 13:21:00,44.24,44.25,44.24,44.25,1800,79649.0
001395.SZ,2026-01-15 13:22:00,44.25,44.27,44.25,44.27,900,39830.0
001395.SZ,2026-01-15 13:23:00,44.27,44.28,44.27,44.28,3500,154947.0
001395.SZ,2026-01-15 13:24:00,44.28,44.28,44.27,44.27,900,39844.0
001395.SZ,2026-01-15 13:25:00,44.28,44.29,44.28,44.29,800,35429.0
001395.SZ,2026-01-15 13:26:00,44.29,44.32,44.29,44.32,5700,252535.0
001395.SZ,2026-01-15 13:27:00,44.32,44.34,44.32,44.34,1900,84231.0
001395.SZ,2026-01-15 13:28:00,44.34,44.39,44.34,44.39,12400,550386.0
001395.SZ,2026-01-15 13:29:00,44.39,44.39,44.34,44.35,3400,150877.0
001395.SZ,2026-01-15 13:30:00,44.36,44.37,44.35,44.35,1800,79848.0
001395.SZ,2026-01-15 13:31:00,44.36,44.37,44.35,44.35,3300,146377.0
001395.SZ,2026-01-15 13:32:00,44.35,44.35,44.34,44.34,1700,75392.0
001395.SZ,2026-01-15 13:33:00,44.34,44.36,44.34,44.36,1200,53222.0
001395.SZ,2026-01-15 13:34:00,44.37,44.37,44.37,44.37,200,8874.0
001395.SZ,2026-01-15 13:35:00,44.37,44.37,44.37,44.37,900,39933.0
001395.SZ,2026-01-15 13:36:00,44.38,44.4,44.38,44.4,7100,315116.0
001395.SZ,2026-01-15 13:37:00,44.4,44.45,44.4,44.45,2700,119952.0
001395.SZ,2026-01-15 13:38:00,44.47,44.48,44.46,44.47,3200,142296.0
001395.SZ,2026-01-15 13:39:00,44.47,44.48,44.44,44.44,6400,284605.0
001395.SZ,2026-01-15 13:40:00,44.43,44.44,44.41,44.44,2100,93286.0
001395.SZ,2026-01-15 13:41:00,44.45,44.45,44.45,44.45,900,40005.0
001395.SZ,2026-01-15 13:42:00,44.43,44.43,44.43,44.43,100,4443.0
001395.SZ,2026-01-15 13:43:00,44.41,44.41,44.4,44.4,600,26645.0
001395.SZ,2026-01-15 13:44:00,44.4,44.4,44.4,44.4,600,26640.0
001395.SZ,2026-01-15 13:45:00,44.4,44.4,44.4,44.4,2400,106560.0
001395.SZ,2026-01-15 13:46:00,44.4,44.4,44.4,44.4,1600,71040.0
001395.SZ,2026-01-15 13:47:00,44.42,44.42,44.42,44.42,700,31094.0
001395.SZ,2026-01-15 13:48:00,44.42,44.44,44.42,44.44,900,39992.0
001395.SZ,2026-01-15 13:49:00,44.44,44.48,44.44,44.48,9700,431373.0
001395.SZ,2026-01-15 13:50:00,44.49,44.5,44.49,44.49,3600,160167.0
001395.SZ,2026-01-15 13:51:00,44.48,44.48,44.47,44.47,5400,240139.0
001395.SZ,2026-01-15 13:52:00,44.48,44.49,44.48,44.49,3800,169051.0
001395.SZ,2026-01-15 13:53:00,44.51,44.51,44.49,44.5,12500,556274.0
001395.SZ,2026-01-15 13:54:00,44.5,44.5,44.5,44.5,800,35600.0
001395.SZ,2026-01-15 13:55:00,44.51,44.51,44.51,44.51,1100,48961.0
001395.SZ,2026-01-15 13:56:00,44.5,44.5,44.5,44.5,5700,253650.0
001395.SZ,2026-01-15 13:57:00,44.5,44.5,44.43,44.43,17500,778279.0
001395.SZ,2026-01-15 13:58:00,44.42,44.42,44.42,44.42,300,13326.0
001395.SZ,2026-01-15 13:59:00,44.42,44.44,44.42,44.44,1900,84416.0
001395.SZ,2026-01-15 14:00:00,44.43,44.5,44.43,44.5,6900,306731.0
001395.SZ,2026-01-15 14:01:00,44.5,44.5,44.5,44.5,1500,66747.0
001395.SZ,2026-01-15 14:02:00,44.47,44.47,44.46,44.46,400,17786.0
001395.SZ,2026-01-15 14:03:00,44.45,44.45,44.45,44.45,1000,44450.0
001395.SZ,2026-01-15 14:04:00,44.44,44.44,44.42,44.42,12400,550927.0
001395.SZ,2026-01-15 14:05:00,44.4,44.4,44.4,44.4,600,26640.0
001395.SZ,2026-01-15 14:06:00,44.42,44.42,44.41,44.42,900,39973.0
001395.SZ,2026-01-15 14:07:00,44.42,44.44,44.42,44.44,2600,115513.0
001395.SZ,2026-01-15 14:08:00,44.44,44.46,44.44,44.46,1800,80016.0
001395.SZ,2026-01-15 14:09:00,44.46,44.49,44.44,44.44,3600,160084.0
001395.SZ,2026-01-15 14:10:00,44.43,44.43,44.4,44.4,2700,119941.0
001395.SZ,2026-01-15 14:11:00,44.4,44.4,44.38,44.39,3800,168668.0
001395.SZ,2026-01-15 14:12:00,44.37,44.4,44.37,44.39,3100,137609.0
001395.SZ,2026-01-15 14:13:00,44.4,44.4,44.4,44.4,900,39960.0
001395.SZ,2026-01-15 14:14:00,44.4,44.4,44.39,44.4,6000,266390.0
001395.SZ,2026-01-15 14:15:00,44.39,44.4,44.39,44.4,1800,79918.0
001395.SZ,2026-01-15 14:16:00,44.4,44.41,44.4,44.41,2100,93246.0
001395.SZ,2026-01-15 14:17:00,44.4,44.41,44.4,44.41,2500,111019.0
001395.SZ,2026-01-15 14:18:00,44.42,44.42,44.39,44.41,1500,66604.0
001395.SZ,2026-01-15 14:19:00,44.41,44.43,44.41,44.43,1700,75519.0
001395.SZ,2026-01-15 14:20:00,44.41,44.42,44.4,44.42,16000,710721.0
001395.SZ,2026-01-15 14:21:00,44.42,44.44,44.39,44.39,2800,124356.0
001395.SZ,2026-01-15 14:22:00,44.39,44.39,44.36,44.36,6700,297277.0
001395.SZ,2026-01-15 14:23:00,44.34,44.34,44.33,44.33,5500,243888.0
001395.SZ,2026-01-15 14:24:00,44.32,44.33,44.31,44.33,6700,296946.0
001395.SZ,2026-01-15 14:25:00,44.33,44.33,44.31,44.31,12000,531754.0
001395.SZ,2026-01-15 14:26:00,44.31,44.34,44.31,44.31,500,22164.0
001395.SZ,2026-01-15 14:27:00,44.38,44.39,44.38,44.39,500,22191.0
001395.SZ,2026-01-15 14:28:00,44.39,44.46,44.39,44.46,6200,275322.0
001395.SZ,2026-01-15 14:29:00,44.46,44.48,44.46,44.46,20487,910896.0
001395.SZ,2026-01-15 14:30:00,44.46,44.46,44.4,44.4,5713,253885.98
001395.SZ,2026-01-15 14:31:00,44.4,44.45,44.4,44.45,4887,217146.55
001395.SZ,2026-01-15 14:32:00,44.45,44.45,44.41,44.44,2600,115531.0
001395.SZ,2026-01-15 14:33:00,44.44,44.44,44.39,44.39,24800,1101588.0
001395.SZ,2026-01-15 14:34:00,44.42,44.42,44.36,44.36,3600,159834.0
001395.SZ,2026-01-15 14:35:00,44.36,44.37,44.35,44.37,600,26615.0
001395.SZ,2026-01-15 14:36:00,44.36,44.37,44.35,44.37,800,35489.0
001395.SZ,2026-01-15 14:37:00,44.38,44.4,44.36,44.4,1900,84332.0
001395.SZ,2026-01-15 14:38:00,44.4,44.42,44.4,44.4,4700,208694.0
001395.SZ,2026-01-15 14:39:00,44.42,44.45,44.42,44.45,2000,88855.0
001395.SZ,2026-01-15 14:40:00,44.45,44.46,44.45,44.45,1900,84467.0
001395.SZ,2026-01-15 14:41:00,44.45,44.46,44.44,44.46,6000,266752.0
001395.SZ,2026-01-15 14:42:00,44.47,44.47,44.46,44.46,3800,168963.0
001395.SZ,2026-01-15 14:43:00,44.46,44.48,44.46,44.47,8800,391328.0
001395.SZ,2026-01-15 14:44:00,44.47,44.47,44.46,44.46,3700,164517.0
001395.SZ,2026-01-15 14:45:00,44.46,44.46,44.45,44.46,1200,53348.0
001395.SZ,2026-01-15 14:46:00,44.46,44.49,44.46,44.49,9700,431370.0
001395.SZ,2026-01-15 14:47:00,44.49,44.5,44.49,44.49,5013,223057.38
001395.SZ,2026-01-15 14:48:00,44.5,44.5,44.48,44.48,7687,341944.62
001395.SZ,2026-01-15 14:49:00,44.48,44.49,44.48,44.49,4400,195733.0
001395.SZ,2026-01-15 14:50:00,44.49,44.51,44.49,44.51,7700,342674.0
001395.SZ,2026-01-15 14:51:00,44.51,44.52,44.51,44.52,8900,396219.0
001395.SZ,2026-01-15 14:52:00,44.53,44.54,44.52,44.54,5200,231560.0
001395.SZ,2026-01-15 14:53:00,44.53,44.55,44.53,44.54,7100,316223.0
001395.SZ,2026-01-15 14:54:00,44.54,44.54,44.47,44.47,32700,1455467.0
001395.SZ,2026-01-15 14:55:00,44.48,44.5,44.44,44.5,17800,791646.0
001395.SZ,2026-01-15 14:56:00,44.5,44.54,44.5,44.51,12800,569927.0
001395.SZ,2026-01-15 14:57:00,44.51,44.54,44.51,44.54,15300,681245.0
001395.SZ,2026-01-15 14:58:00,44.54,44.54,44.54,44.54,0,0.0
001395.SZ,2026-01-15 14:59:00,44.54,44.54,44.54,44.54,0,0.0
001395.SZ,2026-01-15 15:00:00,44.56,44.56,44.56,44.56,31880,1420572.8
001395.SZ,2026-01-16 09:30:00,44.68,44.78,44.59,44.78,10900,487089.0
001395.SZ,2026-01-16 09:31:00,44.68,44.8,44.68,44.72,22000,983469.0
001395.SZ,2026-01-16 09:32:00,44.69,44.7,44.51,44.55,42600,1901721.0
001395.SZ,2026-01-16 09:33:00,44.55,44.68,44.55,44.64,15100,673381.0
001395.SZ,2026-01-16 09:34:00,44.59,44.7,44.59,44.66,21100,942471.0
001395.SZ,2026-01-16 09:35:00,44.66,44.67,44.6,44.65,8100,361716.0
001395.SZ,2026-01-16 09:36:00,44.65,44.65,44.5,44.5,29100,1296751.0
001395.SZ,2026-01-16 09:37:00,44.56,44.84,44.55,44.84,38100,1702062.0
001395.SZ,2026-01-16 09:38:00,44.77,45.25,44.77,45.06,107100,4823167.0
001395.SZ,2026-01-16 09:39:00,45.02,45.07,45.02,45.06,24500,1103879.0
001395.SZ,2026-01-16 09:40:00,45.05,45.05,44.94,44.97,12500,562856.0
001395.SZ,2026-01-16 09:41:00,44.95,45.03,44.94,45.01,21800,980740.0
001395.SZ,2026-01-16 09:42:00,45.0,45.0,44.93,44.93,28200,1268432.0
001395.SZ,2026-01-16 09:43:00,44.93,44.93,44.8,44.8,5600,251398.0
001395.SZ,2026-01-16 09:44:00,44.8,44.86,44.8,44.8,2400,107578.0
001395.SZ,2026-01-16 09:45:00,44.85,44.85,44.75,44.75,11300,506269.0
001395.SZ,2026-01-16 09:46:00,44.75,44.76,44.7,44.76,11700,523334.0
001395.SZ,2026-01-16 09:47:00,44.76,44.78,44.75,44.76,16000,716216.0
001395.SZ,2026-01-16 09:48:00,44.76,44.77,44.66,44.66,16900,755881.0
001395.SZ,2026-01-16 09:49:00,44.6,44.63,44.56,44.63,19300,860429.0
001395.SZ,2026-01-16 09:50:00,44.61,44.61,44.58,44.58,18600,829611.0
001395.SZ,2026-01-16 09:51:00,44.57,44.58,44.57,44.57,11000,490367.0
001395.SZ,2026-01-16 09:52:00,44.57,44.6,44.55,44.55,20600,918121.0
001395.SZ,2026-01-16 09:53:00,44.51,44.55,44.51,44.55,7800,347355.0
001395.SZ,2026-01-16 09:54:00,44.57,44.61,44.57,44.61,700,31214.0
001395.SZ,2026-01-16 09:55:00,44.61,44.61,44.54,44.54,7500,334345.0
001395.SZ,2026-01-16 09:56:00,44.54,44.54,44.4,44.43,37700,1676241.0
001395.SZ,2026-01-16 09:57:00,44.37,44.38,44.3,44.36,9600,425805.0
001395.SZ,2026-01-16 09:58:00,44.36,44.36,44.3,44.34,6900,305839.0
001395.SZ,2026-01-16 09:59:00,44.34,44.35,44.31,44.31,16600,735757.0
001395.SZ,2026-01-16 10:00:00,44.31,44.31,44.3,44.3,10100,447500.0
001395.SZ,2026-01-16 10:01:00,44.3,44.3,44.24,44.24,15000,664072.0
001395.SZ,2026-01-16 10:02:00,44.25,44.26,44.23,44.26,17800,787420.0
001395.SZ,2026-01-16 10:03:00,44.26,44.29,44.26,44.29,3800,168275.0
001395.SZ,2026-01-16 10:04:00,44.29,44.35,44.29,44.32,2800,124119.0
001395.SZ,2026-01-16 10:05:00,44.32,44.34,44.3,44.34,7100,314729.0
001395.SZ,2026-01-16 10:06:00,44.3,44.31,44.3,44.3,6100,270306.0
001395.SZ,2026-01-16 10:07:00,44.3,44.3,44.29,44.3,3300,146165.0
001395.SZ,2026-01-16 10:08:00,44.3,44.3,44.24,44.24,11300,500209.0
001395.SZ,2026-01-16 10:09:00,44.25,44.25,44.18,44.2,34800,1538671.0
001395.SZ,2026-01-16 10:10:00,44.17,44.17,44.15,44.15,12400,547653.0
001395.SZ,2026-01-16 10:11:00,44.15,44.15,44.14,44.15,3200,141279.0
001395.SZ,2026-01-16 10:12:00,44.14,44.17,44.14,44.17,4300,189861.0
001395.SZ,2026-01-16 10:13:00,44.18,44.2,44.17,44.2,4200,185573.0
001395.SZ,2026-01-16 10:14:00,44.2,44.21,44.2,44.21,18200,804596.0
001395.SZ,2026-01-16 10:15:00,44.21,44.21,44.21,44.21,5200,229892.0
001395.SZ,2026-01-16 10:16:00,44.22,44.22,44.21,44.22,3600,159160.0
001395.SZ,2026-01-16 10:17:00,44.22,44.26,44.22,44.26,4400,194681.0
001395.SZ,2026-01-16 10:18:00,44.26,44.27,44.26,44.26,2900,128376.0
001395.SZ,2026-01-16 10:19:00,44.26,44.28,44.26,44.28,3900,172649.0
001395.SZ,2026-01-16 10:20:00,44.28,44.28,44.25,44.26,6200,274467.0
001395.SZ,2026-01-16 10:21:00,44.24,44.25,44.24,44.25,1700,75219.0
001395.SZ,2026-01-16 10:22:00,44.25,44.29,44.25,44.29,1300,57569.0
001395.SZ,2026-01-16 10:23:00,44.3,44.3,44.29,44.29,2700,119597.0
001395.SZ,2026-01-16 10:24:00,44.29,44.29,44.23,44.23,5300,234531.0
001395.SZ,2026-01-16 10:25:00,44.22,44.24,44.18,44.18,9300,411137.0
001395.SZ,2026-01-16 10:26:00,44.21,44.21,44.18,44.18,500,22096.0
001395.SZ,2026-01-16 10:27:00,44.18,44.18,44.17,44.18,4200,185550.0
001395.SZ,2026-01-16 10:28:00,44.18,44.19,44.18,44.18,1600,70691.0
001395.SZ,2026-01-16 10:29:00,44.2,44.2,44.18,44.2,1400,61871.0
001395.SZ,2026-01-16 10:30:00,44.2,44.2,44.18,44.18,2000,88396.0
001395.SZ,2026-01-16 10:31:00,44.19,44.22,44.19,44.22,1100,48624.0
001395.SZ,2026-01-16 10:32:00,44.22,44.22,44.15,44.15,19300,852568.0
001395.SZ,2026-01-16 10:33:00,44.15,44.16,44.15,44.16,2900,128042.0
001395.SZ,2026-01-16 10:34:00,44.16,44.16,44.15,44.15,3800,167785.0
001395.SZ,2026-01-16 10:35:00,44.15,44.16,44.15,44.16,900,39740.0
001395.SZ,2026-01-16 10:36:00,44.16,44.2,44.16,44.2,3900,172351.0
001395.SZ,2026-01-16 10:37:00,44.2,44.2,44.2,44.2,1300,57460.0
001395.SZ,2026-01-16 10:38:00,44.2,44.2,44.2,44.2,1900,83972.0
001395.SZ,2026-01-16 10:39:00,44.18,44.2,44.18,44.19,6400,282857.0
001395.SZ,2026-01-16 10:40:00,44.19,44.19,44.19,44.19,1000,44190.0
001395.SZ,2026-01-16 10:41:00,44.19,44.2,44.19,44.19,6100,269596.0
001395.SZ,2026-01-16 10:42:00,44.2,44.23,44.19,44.23,31600,1396771.0
001395.SZ,2026-01-16 10:43:00,44.23,44.31,44.23,44.31,2100,93022.0
001395.SZ,2026-01-16 10:44:00,44.24,44.24,44.24,44.24,800,35392.0
001395.SZ,2026-01-16 10:45:00,44.24,44.24,44.22,44.22,6300,278671.0
001395.SZ,2026-01-16 10:46:00,44.22,44.23,44.22,44.23,8112,358786.75
001395.SZ,2026-01-16 10:47:00,44.25,44.27,44.24,44.25,5700,252193.0
001395.SZ,2026-01-16 10:48:00,44.25,44.26,44.23,44.23,7288,322381.25
001395.SZ,2026-01-16 10:49:00,44.22,44.22,44.21,44.22,2100,92857.0
001395.SZ,2026-01-16 10:50:00,44.21,44.21,44.18,44.18,5700,251902.0
001395.SZ,2026-01-16 10:51:00,44.18,44.19,44.16,44.16,2800,123677.0
001395.SZ,2026-01-16 10:52:00,44.19,44.19,44.16,44.18,600,26510.0
001395.SZ,2026-01-16 10:53:00,44.17,44.18,44.17,44.17,5000,220858.0
001395.SZ,2026-01-16 10:54:00,44.17,44.18,44.17,44.18,1400,61844.0
001395.SZ,2026-01-16 10:55:00,44.19,44.19,44.18,44.18,1800,79526.0
001395.SZ,2026-01-16 10:56:00,44.18,44.18,44.16,44.16,8800,388658.0
001395.SZ,2026-01-16 10:57:00,44.16,44.16,44.14,44.14,14000,618020.0
001395.SZ,2026-01-16 10:58:00,44.14,44.14,44.13,44.14,5200,229518.0
001395.SZ,2026-01-16 10:59:00,44.14,44.14,44.11,44.11,8400,370634.0
001395.SZ,2026-01-16 11:00:00,44.11,44.11,44.07,44.08,7412,326821.84
001395.SZ,2026-01-16 11:01:00,44.07,44.16,44.07,44.16,5300,233709.0
001395.SZ,2026-01-16 11:02:00,44.18,44.18,44.18,44.18,16500,728968.0
001395.SZ,2026-01-16 11:03:00,44.08,44.18,44.08,44.13,6000,264755.0
001395.SZ,2026-01-16 11:04:00,44.14,44.16,44.14,44.16,1300,57384.0
001395.SZ,2026-01-16 11:05:00,44.15,44.15,44.1,44.1,5400,238220.0
001395.SZ,2026-01-16 11:06:00,44.12,44.13,44.12,44.12,1800,79426.0
001395.SZ,2026-01-16 11:07:00,44.12,44.13,44.12,44.13,3100,136784.0
001395.SZ,2026-01-16 11:08:00,44.12,44.12,44.1,44.1,8000,352825.0
001395.SZ,2026-01-16 11:09:00,44.12,44.12,44.12,44.12,100,4412.0
001395.SZ,2026-01-16 11:10:00,44.14,44.18,44.14,44.18,1500,66232.0
001395.SZ,2026-01-16 11:11:00,44.18,44.18,44.18,44.18,1800,79524.0
001395.SZ,2026-01-16 11:12:00,44.16,44.16,44.14,44.14,5000,220750.0
001395.SZ,2026-01-16 11:13:00,44.14,44.14,44.12,44.12,2200,97086.0
001395.SZ,2026-01-16 11:14:00,44.12,44.12,44.11,44.12,6600,291174.0
001395.SZ,2026-01-16 11:15:00,44.11,44.12,44.11,44.11,2400,105871.0
001395.SZ,2026-01-16 11:16:00,44.12,44.12,44.11,44.11,700,30883.0
001395.SZ,2026-01-16 11:17:00,44.12,44.12,44.11,44.11,6100,269084.0
001395.SZ,2026-01-16 11:18:00,44.11,44.11,44.11,44.11,0,0.0
001395.SZ,2026-01-16 11:19:00,44.11,44.11,44.09,44.09,6800,299864.0
001395.SZ,2026-01-16 11:20:00,44.06,44.06,44.02,44.06,11588,510616.16
001395.SZ,2026-01-16 11:21:00,44.07,44.08,44.07,44.08,10300,454023.0
001395.SZ,2026-01-16 11:22:00,44.08,44.09,44.08,44.08,7000,308605.0
001395.SZ,2026-01-16 11:23:00,44.08,44.08,44.08,44.08,100,4408.0
001395.SZ,2026-01-16 11:24:00,44.08,44.09,44.06,44.07,7300,321696.0
001395.SZ,2026-01-16 11:25:00,44.07,44.07,44.05,44.07,1200,52880.0
001395.SZ,2026-01-16 11:26:00,44.09,44.09,44.07,44.07,7600,334958.0
001395.SZ,2026-01-16 11:27:00,44.07,44.07,44.07,44.07,700,30849.0
001395.SZ,2026-01-16 11:28:00,44.05,44.06,43.97,43.97,51900,2283888.0
001395.SZ,2026-01-16 11:29:00,43.98,43.99,43.97,43.98,1900,83571.0
001395.SZ,2026-01-16 11:30:00,43.99,44.0,43.99,43.99,3460,152211.4
001395.SZ,2026-01-16 13:01:00,43.99,43.99,43.92,43.93,21740,955632.6
001395.SZ,2026-01-16 13:02:00,43.92,43.95,43.92,43.93,14428,633724.75
001395.SZ,2026-01-16 13:03:00,43.93,43.93,43.85,43.88,18772,823849.25
001395.SZ,2026-01-16 13:04:00,43.88,43.9,43.88,43.9,3400,149199.0
001395.SZ,2026-01-16 13:05:00,43.9,43.91,43.9,43.91,1000,43904.0
001395.SZ,2026-01-16 13:06:00,43.91,43.91,43.85,43.88,8000,351016.0
001395.SZ,2026-01-16 13:07:00,43.9,43.9,43.89,43.9,4100,179981.0
001395.SZ,2026-01-16 13:08:00,43.9,43.91,43.9,43.91,900,39512.0
001395.SZ,2026-01-16 13:09:00,43.91,43.93,43.91,43.93,900,39525.0
001395.SZ,2026-01-16 13:10:00,43.95,43.95,43.92,43.92,1700,74691.0
001395.SZ,2026-01-16 13:11:00,43.92,43.92,43.9,43.91,5000,219559.0
001395.SZ,2026-01-16 13:12:00,43.92,43.93,43.92,43.93,3700,162509.0
001395.SZ,2026-01-16 13:13:00,43.93,43.94,43.93,43.94,800,35148.0
001395.SZ,2026-01-16 13:14:00,43.95,43.96,43.95,43.96,1800,79108.0
001395.SZ,2026-01-16 13:15:00,43.95,43.96,43.94,43.96,4400,193375.0
001395.SZ,2026-01-16 13:16:00,43.95,43.95,43.95,43.95,1100,48345.0
001395.SZ,2026-01-16 13:17:00,43.94,43.96,43.94,43.95,2900,127454.0
001395.SZ,2026-01-16 13:18:00,43.94,43.94,43.91,43.91,3600,158131.0
001395.SZ,2026-01-16 13:19:00,43.9,43.91,43.9,43.91,3700,162432.0
001395.SZ,2026-01-16 13:20:00,43.92,43.93,43.92,43.93,200,8785.0
001395.SZ,2026-01-16 13:21:00,43.93,43.93,43.92,43.92,800,35138.0
001395.SZ,2026-01-16 13:22:00,43.92,43.93,43.91,43.92,1300,57096.0
001395.SZ,2026-01-16 13:23:00,43.91,43.91,43.91,43.91,3600,158086.0
001395.SZ,2026-01-16 13:24:00,43.92,43.92,43.91,43.92,3100,136149.0
001395.SZ,2026-01-16 13:25:00,43.92,43.94,43.92,43.94,3200,140556.0
001395.SZ,2026-01-16 13:26:00,43.94,43.99,43.94,43.99,4660,204898.4
001395.SZ,2026-01-16 13:27:00,44.0,44.0,43.99,43.99,7400,325556.0
001395.SZ,2026-01-16 13:28:00,43.99,44.0,43.99,44.0,3000,131996.0
001395.SZ,2026-01-16 13:29:00,44.02,44.03,44.02,44.03,2100,92452.0
001395.SZ,2026-01-16 13:30:00,44.03,44.05,44.03,44.05,3400,149749.0
001395.SZ,2026-01-16 13:31:00,44.05,44.09,44.05,44.09,700,30846.0
001395.SZ,2026-01-16 13:32:00,44.1,44.1,44.1,44.1,3700,163170.0
001395.SZ,2026-01-16 13:33:00,44.1,44.11,44.05,44.1,6200,273241.0
001395.SZ,2026-01-16 13:34:00,44.06,44.1,44.06,44.06,3000,132194.0
001395.SZ,2026-01-16 13:35:00,44.07,44.12,44.07,44.12,2900,127887.0
001395.SZ,2026-01-16 13:36:00,44.11,44.12,44.11,44.11,2400,105869.0
001395.SZ,2026-01-16 13:37:00,44.12,44.12,44.1,44.1,2200,97036.0
001395.SZ,2026-01-16 13:38:00,44.11,44.11,44.11,44.11,200,8822.0
001395.SZ,2026-01-16 13:39:00,44.11,44.12,44.11,44.11,3800,167628.0
001395.SZ,2026-01-16 13:40:00,44.11,44.13,44.11,44.11,3200,141156.0
001395.SZ,2026-01-16 13:41:00,44.16,44.16,44.16,44.16,4200,185498.0
001395.SZ,2026-01-16 13:42:00,44.19,44.2,44.19,44.2,3500,154695.0
001395.SZ,2026-01-16 13:43:00,44.2,44.22,44.19,44.2,3300,145882.0
001395.SZ,2026-01-16 13:44:00,44.21,44.24,44.2,44.2,4800,212208.0
001395.SZ,2026-01-16 13:45:00,44.21,44.25,44.2,44.2,3400,150300.0
001395.SZ,2026-01-16 13:46:00,44.24,44.25,44.2,44.24,4100,181326.0
001395.SZ,2026-01-16 13:47:00,44.22,44.23,44.22,44.22,1100,48646.0
001395.SZ,2026-01-16 13:48:00,44.22,44.24,44.22,44.22,900,39807.0
001395.SZ,2026-01-16 13:49:00,44.21,44.22,44.2,44.21,5900,260844.0
001395.SZ,2026-01-16 13:50:00,44.21,44.25,44.21,44.25,2300,101745.0
001395.SZ,2026-01-16 13:51:00,44.23,44.23,44.2,44.2,3200,141477.0
001395.SZ,2026-01-16 13:52:00,44.2,44.2,44.19,44.19,3900,172369.0
001395.SZ,2026-01-16 13:53:00,44.19,44.19,44.15,44.15,16500,728937.0
001395.SZ,2026-01-16 13:54:00,44.15,44.15,44.13,44.13,1800,79450.0
001395.SZ,2026-01-16 13:55:00,44.13,44.18,44.13,44.14,11500,507631.0
001395.SZ,2026-01-16 13:56:00,44.14,44.17,43.99,43.99,82084,3613142.2
001395.SZ,2026-01-16 13:57:00,44.0,44.0,44.0,44.0,19200,844800.0
001395.SZ,2026-01-16 13:58:00,44.0,44.0,43.99,43.99,11716,515495.84
001395.SZ,2026-01-16 13:59:00,43.99,43.99,43.94,43.94,14200,624287.0
001395.SZ,2026-01-16 14:00:00,43.99,43.99,43.96,43.99,12400,545467.0
001395.SZ,2026-01-16 14:01:00,44.01,44.15,44.01,44.01,3384,149121.16
001395.SZ,2026-01-16 14:02:00,44.01,44.02,44.01,44.02,3900,171670.0
001395.SZ,2026-01-16 14:03:00,44.01,44.02,43.98,43.98,14716,647516.8
001395.SZ,2026-01-16 14:04:00,43.99,43.99,43.99,43.99,2200,96778.0
001395.SZ,2026-01-16 14:05:00,43.99,43.99,43.98,43.98,1800,79178.0
001395.SZ,2026-01-16 14:06:00,43.98,43.98,43.97,43.97,3600,158300.0
001395.SZ,2026-01-16 14:07:00,43.96,43.97,43.96,43.97,2700,118699.0
001395.SZ,2026-01-16 14:08:00,43.97,44.0,43.97,44.0,2600,114351.0
001395.SZ,2026-01-16 14:09:00,44.02,44.04,44.02,44.04,800,35225.0
001395.SZ,2026-01-16 14:10:00,44.03,44.03,44.0,44.0,3000,132026.0
001395.SZ,2026-01-16 14:11:00,43.99,44.0,43.99,43.99,1900,83584.0
001395.SZ,2026-01-16 14:12:00,43.99,43.99,43.99,43.99,1000,43990.0
001395.SZ,2026-01-16 14:13:00,44.01,44.01,44.01,44.01,900,39609.0
001395.SZ,2026-01-16 14:14:00,44.0,44.01,43.99,44.0,2900,127579.0
001395.SZ,2026-01-16 14:15:00,44.0,44.02,44.0,44.02,3300,145238.0
001395.SZ,2026-01-16 14:16:00,44.01,44.02,43.98,43.98,6900,303650.0
001395.SZ,2026-01-16 14:17:00,43.98,44.01,43.98,44.01,2900,127598.0
001395.SZ,2026-01-16 14:18:00,44.01,44.01,44.01,44.01,1000,44010.0
001395.SZ,2026-01-16 14:19:00,44.01,44.01,44.0,44.01,4600,202442.0
001395.SZ,2026-01-16 14:20:00,44.01,44.03,44.01,44.03,3200,140893.0
001395.SZ,2026-01-16 14:21:00,44.02,44.02,44.0,44.0,7300,321248.0
001395.SZ,2026-01-16 14:22:00,44.0,44.0,43.98,43.98,12100,532332.0
001395.SZ,2026-01-16 14:23:00,43.99,43.99,43.99,43.99,200,8798.0
001395.SZ,2026-01-16 14:24:00,43.99,43.99,43.98,43.99,1400,61583.0
001395.SZ,2026-01-16 14:25:00,43.98,43.98,43.98,43.98,2000,87960.0
001395.SZ,2026-01-16 14:26:00,43.99,43.99,43.98,43.99,1500,65977.0
001395.SZ,2026-01-16 14:27:00,43.99,43.99,43.99,43.99,1100,48389.0
001395.SZ,2026-01-16 14:28:00,43.99,44.0,43.99,44.0,3200,140788.0
001395.SZ,2026-01-16 14:29:00,44.0,44.01,44.0,44.0,4000,176004.0
001395.SZ,2026-01-16 14:30:00,43.99,43.99,43.99,43.99,3200,140768.0
001395.SZ,2026-01-16 14:31:00,43.97,44.0,43.96,43.96,9600,422137.0
001395.SZ,2026-01-16 14:32:00,43.91,43.92,43.91,43.92,30000,1318280.0
001395.SZ,2026-01-16 14:33:00,43.92,43.92,43.91,43.91,1500,65875.0
001395.SZ,2026-01-16 14:34:00,43.91,43.93,43.91,43.93,5500,241542.0
001395.SZ,2026-01-16 14:35:00,43.95,43.97,43.95,43.97,3560,156495.2
001395.SZ,2026-01-16 14:36:00,43.98,44.01,43.98,44.01,4400,193544.0
001395.SZ,2026-01-16 14:37:00,44.01,44.01,43.96,43.96,7440,327183.8
001395.SZ,2026-01-16 14:38:00,43.95,43.96,43.92,43.92,6900,303178.0
001395.SZ,2026-01-16 14:39:00,43.93,43.93,43.9,43.92,7900,346892.0
001395.SZ,2026-01-16 14:40:00,43.91,43.91,43.89,43.89,7100,311706.0
001395.SZ,2026-01-16 14:41:00,43.89,43.9,43.88,43.88,11300,495894.0
001395.SZ,2026-01-16 14:42:00,43.88,43.89,43.87,43.89,4200,184291.0
001395.SZ,2026-01-16 14:43:00,43.88,43.91,43.88,43.91,4000,175589.0
001395.SZ,2026-01-16 14:44:00,43.91,43.97,43.91,43.92,2500,109793.0
001395.SZ,2026-01-16 14:45:00,43.91,43.93,43.91,43.92,4200,184464.0
001395.SZ,2026-01-16 14:46:00,43.92,43.94,43.92,43.92,3400,149356.84
001395.SZ,2026-01-16 14:47:00,43.91,43.91,43.91,43.91,2100,92211.0
001395.SZ,2026-01-16 14:48:00,43.91,43.91,43.9,43.9,5500,241455.0
001395.SZ,2026-01-16 14:49:00,43.9,43.92,43.88,43.88,29400,1290486.0
001395.SZ,2026-01-16 14:50:00,43.88,43.88,43.84,43.85,24980,1095630.0
001395.SZ,2026-01-16 14:51:00,43.85,43.87,43.84,43.87,15100,662137.0
001395.SZ,2026-01-16 14:52:00,43.87,43.87,43.85,43.85,6820,299073.0
001395.SZ,2026-01-16 14:53:00,43.84,43.85,43.83,43.83,13400,587380.0
001395.SZ,2026-01-16 14:54:00,43.83,43.83,43.82,43.83,5900,258577.0
001395.SZ,2026-01-16 14:55:00,43.83,43.87,43.83,43.87,7800,341943.0
001395.SZ,2026-01-16 14:56:00,43.85,43.86,43.84,43.84,10600,464886.0
001395.SZ,2026-01-16 14:57:00,43.84,43.88,43.83,43.88,23400,1025989.0
001395.SZ,2026-01-16 14:58:00,43.88,43.88,43.88,43.88,0,0.0
001395.SZ,2026-01-16 14:59:00,43.88,43.88,43.88,43.88,0,0.0
001395.SZ,2026-01-16 15:00:00,43.9,43.9,43.9,43.9,8200,359980.0
001395.SZ,2026-01-19 09:30:00,43.92,43.95,43.8,43.8,13100,575081.0
001395.SZ,2026-01-19 09:31:00,43.8,43.97,43.7,43.8,23300,1020928.0
001395.SZ,2026-01-19 09:32:00,43.98,44.25,43.98,44.19,40700,1796384.0
001395.SZ,2026-01-19 09:33:00,44.19,44.57,44.19,44.39,87400,3875711.0
001395.SZ,2026-01-19 09:34:00,44.36,44.36,44.12,44.12,14400,638089.0
001395.SZ,2026-01-19 09:35:00,44.1,44.14,44.04,44.09,9900,436652.0
001395.SZ,2026-01-19 09:36:00,44.05,44.1,44.04,44.07,2600,114545.0
001395.SZ,2026-01-19 09:37:00,44.07,44.07,44.01,44.04,13300,585764.0
001395.SZ,2026-01-19 09:38:00,44.05,44.07,44.02,44.02,5300,233520.0
001395.SZ,2026-01-19 09:39:00,44.02,44.02,43.99,43.99,8700,382884.0
001395.SZ,2026-01-19 09:40:00,43.98,43.99,43.95,43.99,7200,316530.0
001395.SZ,2026-01-19 09:41:00,44.06,44.18,44.05,44.18,7200,317341.0
001395.SZ,2026-01-19 09:42:00,44.2,44.2,44.17,44.2,6200,273915.0
001395.SZ,2026-01-19 09:43:00,44.09,44.09,44.01,44.01,1800,79280.0
001395.SZ,2026-01-19 09:44:00,44.0,44.08,43.99,44.0,9000,396091.0
001395.SZ,2026-01-19 09:45:00,44.02,44.07,44.02,44.07,1300,57274.0
001395.SZ,2026-01-19 09:46:00,44.07,44.07,44.01,44.01,4800,211331.0
001395.SZ,2026-01-19 09:47:00,44.02,44.07,44.02,44.07,4700,207050.0
001395.SZ,2026-01-19 09:48:00,44.06,44.1,44.03,44.06,10200,449627.0
001395.SZ,2026-01-19 09:49:00,44.03,44.06,44.03,44.03,3300,145302.0
001395.SZ,2026-01-19 09:50:00,44.03,44.04,44.03,44.04,5000,220153.0
001395.SZ,2026-01-19 09:51:00,44.06,44.12,44.06,44.12,1100,48501.0
001395.SZ,2026-01-19 09:52:00,44.12,44.13,44.12,44.13,500,22063.0
001395.SZ,2026-01-19 09:53:00,44.13,44.13,44.13,44.13,1500,66195.0
001395.SZ,2026-01-19 09:54:00,44.13,44.19,44.13,44.19,1600,70692.0
001395.SZ,2026-01-19 09:55:00,44.19,44.19,44.14,44.15,5300,233995.0
001395.SZ,2026-01-19 09:56:00,44.15,44.15,44.13,44.13,2800,123579.0
001395.SZ,2026-01-19 09:57:00,44.14,44.15,44.11,44.11,9800,432489.0
001395.SZ,2026-01-19 09:58:00,44.08,44.08,44.08,44.08,1200,52896.0
001395.SZ,2026-01-19 09:59:00,44.06,44.13,44.04,44.06,1000,44071.0
001395.SZ,2026-01-19 10:00:00,44.06,44.06,44.04,44.05,6400,281943.0
001395.SZ,2026-01-19 10:01:00,44.05,44.07,44.04,44.05,11700,515459.0
001395.SZ,2026-01-19 10:02:00,44.05,44.07,44.05,44.07,2900,127768.0
001395.SZ,2026-01-19 10:03:00,44.07,44.07,44.05,44.07,2300,101351.0
001395.SZ,2026-01-19 10:04:00,44.07,44.1,44.07,44.1,2100,92607.0
001395.SZ,2026-01-19 10:05:00,44.09,44.1,44.05,44.05,9400,414271.0
001395.SZ,2026-01-19 10:06:00,44.05,44.06,44.05,44.06,4900,215883.0
001395.SZ,2026-01-19 10:07:00,44.05,44.05,44.01,44.02,27300,1202247.0
001395.SZ,2026-01-19 10:08:00,44.02,44.02,44.01,44.01,5900,259661.0
001395.SZ,2026-01-19 10:09:00,44.01,44.02,44.01,44.02,13500,594247.0
001395.SZ,2026-01-19 10:10:00,44.02,44.05,44.02,44.02,5000,220126.0
001395.SZ,2026-01-19 10:11:00,44.02,44.09,44.02,44.09,4900,215847.0
001395.SZ,2026-01-19 10:12:00,44.1,44.19,44.1,44.19,11900,525247.0
001395.SZ,2026-01-19 10:13:00,44.2,44.2,44.15,44.15,3700,163469.0
001395.SZ,2026-01-19 10:14:00,44.15,44.24,44.13,44.22,35900,1586683.0
001395.SZ,2026-01-19 10:15:00,44.23,44.23,44.16,44.18,1300,57472.0
001395.SZ,2026-01-19 10:16:00,44.2,44.2,44.18,44.18,2900,128152.0
001395.SZ,2026-01-19 10:17:00,44.18,44.18,44.15,44.15,2200,97164.0
001395.SZ,2026-01-19 10:18:00,44.18,44.18,44.12,44.12,3100,136830.0
001395.SZ,2026-01-19 10:19:00,44.12,44.14,44.12,44.13,2800,123540.0
001395.SZ,2026-01-19 10:20:00,44.13,44.13,44.12,44.12,3600,158838.0
001395.SZ,2026-01-19 10:21:00,44.13,44.18,44.13,44.18,8700,384214.0
001395.SZ,2026-01-19 10:22:00,44.18,44.18,44.16,44.16,1200,52999.0
001395.SZ,2026-01-19 10:23:00,44.15,44.16,44.15,44.16,2100,92721.0
001395.SZ,2026-01-19 10:24:00,44.15,44.17,44.15,44.17,300,13248.0
001395.SZ,2026-01-19 10:25:00,44.16,44.16,44.14,44.15,3000,132440.0
001395.SZ,2026-01-19 10:26:00,44.15,44.16,44.15,44.15,5000,220794.0
001395.SZ,2026-01-19 10:27:00,44.16,44.16,44.15,44.15,5900,260528.0
001395.SZ,2026-01-19 10:28:00,44.15,44.17,44.15,44.16,12600,556476.0
001395.SZ,2026-01-19 10:29:00,44.17,44.2,44.17,44.2,5100,225326.0
001395.SZ,2026-01-19 10:30:00,44.18,44.18,44.17,44.17,1300,57416.0
001395.SZ,2026-01-19 10:31:00,44.17,44.17,44.12,44.12,2700,119185.0
001395.SZ,2026-01-19 10:32:00,44.16,44.16,44.16,44.16,100,4416.0
001395.SZ,2026-01-19 10:33:00,44.14,44.14,44.1,44.1,6700,295579.0
001395.SZ,2026-01-19 10:34:00,44.1,44.1,44.05,44.05,9000,396597.0
001395.SZ,2026-01-19 10:35:00,44.04,44.04,43.98,43.98,10000,440082.0
001395.SZ,2026-01-19 10:36:00,43.98,44.0,43.98,43.98,26200,1152636.0
001395.SZ,2026-01-19 10:37:00,43.99,43.99,43.99,43.99,1600,70384.0
001395.SZ,2026-01-19 10:38:00,43.99,44.0,43.98,44.0,5700,250705.0
001395.SZ,2026-01-19 10:39:00,43.99,43.99,43.99,43.99,2000,87978.0
001395.SZ,2026-01-19 10:40:00,43.99,43.99,43.95,43.95,5100,224266.0
001395.SZ,2026-01-19 10:41:00,43.95,43.95,43.94,43.95,2800,123055.0
001395.SZ,2026-01-19 10:42:00,43.94,43.94,43.89,43.89,5100,223971.0
001395.SZ,2026-01-19 10:43:00,43.88,43.89,43.86,43.86,4900,214985.0
001395.SZ,2026-01-19 10:44:00,43.86,43.99,43.86,43.99,13300,583551.0
001395.SZ,2026-01-19 10:45:00,43.99,43.99,43.99,43.99,2700,118773.0
001395.SZ,2026-01-19 10:46:00,43.99,43.99,43.99,43.99,6100,268339.0
001395.SZ,2026-01-19 10:47:00,44.0,44.09,44.0,44.09,15500,682006.0
001395.SZ,2026-01-19 10:48:00,44.09,44.09,44.07,44.08,2300,101396.0
001395.SZ,2026-01-19 10:49:00,44.07,44.08,44.07,44.07,2200,96983.0
001395.SZ,2026-01-19 10:50:00,44.07,44.09,44.07,44.09,1900,83743.0
001395.SZ,2026-01-19 10:51:00,44.09,44.1,44.09,44.09,4800,211653.0
001395.SZ,2026-01-19 10:52:00,44.08,44.09,44.08,44.08,2400,105809.0
001395.SZ,2026-01-19 10:53:00,44.08,44.08,44.08,44.08,1300,57304.0
001395.SZ,2026-01-19 10:54:00,44.08,44.08,44.08,44.08,0,0.0
001395.SZ,2026-01-19 10:55:00,44.08,44.08,44.08,44.08,1500,66120.0
001395.SZ,2026-01-19 10:56:00,44.03,44.15,44.03,44.12,19600,864107.0
001395.SZ,2026-01-19 10:57:00,44.12,44.12,44.11,44.12,1500,66178.0
001395.SZ,2026-01-19 10:58:00,44.1,44.12,44.1,44.12,1000,44114.0
001395.SZ,2026-01-19 10:59:00,44.12,44.12,44.11,44.11,900,39703.0
001395.SZ,2026-01-19 11:00:00,44.1,44.1,44.1,44.1,7300,321930.0
001395.SZ,2026-01-19 11:01:00,44.1,44.1,44.09,44.09,300,13228.0
001395.SZ,2026-01-19 11:02:00,44.08,44.09,44.08,44.09,1500,66129.0
001395.SZ,2026-01-19 11:03:00,44.09,44.09,44.09,44.09,1200,52908.0
001395.SZ,2026-01-19 11:04:00,44.08,44.08,44.08,44.08,9500,418356.0
001395.SZ,2026-01-19 11:05:00,44.09,44.1,44.08,44.09,5500,242493.0
001395.SZ,2026-01-19 11:06:00,44.09,44.09,44.09,44.09,800,35272.0
001395.SZ,2026-01-19 11:07:00,44.08,44.08,44.08,44.08,1500,66120.0
001395.SZ,2026-01-19 11:08:00,44.08,44.09,44.08,44.09,2900,127850.0
001395.SZ,2026-01-19 11:09:00,44.07,44.08,44.07,44.07,1500,66120.0
001395.SZ,2026-01-19 11:10:00,44.06,44.07,44.01,44.01,7000,308260.0
001395.SZ,2026-01-19 11:11:00,44.05,44.08,44.04,44.05,6560,288879.6
001395.SZ,2026-01-19 11:12:00,44.05,44.05,44.05,44.05,0,0.0
001395.SZ,2026-01-19 11:13:00,44.04,44.04,44.04,44.04,500,22020.0
001395.SZ,2026-01-19 11:14:00,44.04,44.05,44.04,44.05,5200,229016.0
001395.SZ,2026-01-19 11:15:00,44.06,44.06,44.04,44.04,1800,79281.0
001395.SZ,2026-01-19 11:16:00,44.02,44.05,44.02,44.05,2100,92487.0
001395.SZ,2026-01-19 11:17:00,44.04,44.05,44.04,44.05,700,30830.0
001395.SZ,2026-01-19 11:18:00,44.05,44.05,44.05,44.05,100,4405.0
001395.SZ,2026-01-19 11:19:00,44.05,44.05,44.04,44.04,11100,488886.0
001395.SZ,2026-01-19 11:20:00,44.05,44.05,44.05,44.05,15800,695863.0
001395.SZ,2026-01-19 11:21:00,44.05,44.1,44.05,44.1,500,22040.0
001395.SZ,2026-01-19 11:22:00,44.06,44.06,44.02,44.02,3000,132150.0
001395.SZ,2026-01-19 11:23:00,44.02,44.02,44.01,44.01,800,35214.0
001395.SZ,2026-01-19 11:24:00,44.01,44.02,44.01,44.01,3100,136440.0
001395.SZ,2026-01-19 11:25:00,44.01,44.02,44.01,44.02,3500,154045.0
001395.SZ,2026-01-19 11:26:00,44.01,44.02,44.01,44.01,700,30808.0
001395.SZ,2026-01-19 11:27:00,44.0,44.0,44.0,44.0,100,4400.0
001395.SZ,2026-01-19 11:28:00,44.01,44.03,44.01,44.01,12000,528127.0
001395.SZ,2026-01-19 11:29:00,44.0,44.0,43.96,43.96,5000,219819.0
001395.SZ,2026-01-19 11:30:00,43.96,43.96,43.96,43.96,2700,118692.0
001395.SZ,2026-01-19 13:01:00,43.96,43.97,43.96,43.97,6600,290137.0
001395.SZ,2026-01-19 13:02:00,43.96,43.98,43.95,43.95,2100,92306.0
001395.SZ,2026-01-19 13:03:00,43.95,43.96,43.95,43.95,2500,109885.0
001395.SZ,2026-01-19 13:04:00,43.95,43.95,43.93,43.93,4300,188963.0
001395.SZ,2026-01-19 13:05:00,43.91,43.91,43.9,43.91,30400,1334887.0
001395.SZ,2026-01-19 13:06:00,43.91,43.93,43.91,43.93,8800,386422.0
001395.SZ,2026-01-19 13:07:00,43.93,43.95,43.93,43.95,1000,43940.0
001395.SZ,2026-01-19 13:08:00,43.93,43.95,43.93,43.94,2000,87892.0
001395.SZ,2026-01-19 13:09:00,43.94,43.94,43.93,43.94,1000,43934.0
001395.SZ,2026-01-19 13:10:00,43.95,43.95,43.93,43.93,4700,206513.0
001395.SZ,2026-01-19 13:11:00,43.93,43.93,43.92,43.92,2300,101034.0
001395.SZ,2026-01-19 13:12:00,43.9,43.9,43.9,43.9,11100,487325.0
001395.SZ,2026-01-19 13:13:00,43.9,43.91,43.9,43.91,16100,706872.0
001395.SZ,2026-01-19 13:14:00,43.92,43.92,43.92,43.92,4500,197640.0
001395.SZ,2026-01-19 13:15:00,43.92,43.95,43.92,43.95,2000,87891.0
001395.SZ,2026-01-19 13:16:00,43.95,43.98,43.95,43.98,1700,74721.0
001395.SZ,2026-01-19 13:17:00,43.94,43.94,43.94,43.94,200,8788.0
001395.SZ,2026-01-19 13:18:00,43.94,43.94,43.94,43.94,0,0.0
001395.SZ,2026-01-19 13:19:00,43.95,43.98,43.95,43.96,2100,92337.0
001395.SZ,2026-01-19 13:20:00,43.96,43.96,43.96,43.96,900,39564.0
001395.SZ,2026-01-19 13:21:00,43.98,43.98,43.98,43.98,5400,237492.0
001395.SZ,2026-01-19 13:22:00,44.0,44.0,44.0,44.0,1700,74800.0
001395.SZ,2026-01-19 13:23:00,43.98,43.99,43.95,43.99,4700,206676.0
001395.SZ,2026-01-19 13:24:00,43.98,43.98,43.97,43.97,500,21986.0
001395.SZ,2026-01-19 13:25:00,43.98,43.98,43.98,43.98,100,4398.0
001395.SZ,2026-01-19 13:26:00,43.96,43.98,43.96,43.98,900,39576.0
001395.SZ,2026-01-19 13:27:00,43.97,43.98,43.97,43.98,900,39578.0
001395.SZ,2026-01-19 13:28:00,43.97,43.97,43.96,43.96,1600,70341.0
001395.SZ,2026-01-19 13:29:00,43.96,43.96,43.96,43.96,400,17584.0
001395.SZ,2026-01-19 13:30:00,43.96,43.96,43.96,43.96,100,4396.0
001395.SZ,2026-01-19 13:31:00,43.97,43.97,43.97,43.97,600,26382.0
001395.SZ,2026-01-19 13:32:00,43.98,43.98,43.98,43.98,3700,162726.0
001395.SZ,2026-01-19 13:33:00,43.97,43.97,43.96,43.96,2100,92332.0
001395.SZ,2026-01-19 13:34:00,43.95,43.95,43.95,43.95,5200,228541.0
001395.SZ,2026-01-19 13:35:00,43.95,43.96,43.95,43.95,2900,127472.0
001395.SZ,2026-01-19 13:36:00,43.95,43.95,43.93,43.93,4100,180141.0
001395.SZ,2026-01-19 13:37:00,43.94,43.94,43.92,43.92,9200,404107.0
001395.SZ,2026-01-19 13:38:00,43.93,43.94,43.87,43.87,63500,2787696.0
001395.SZ,2026-01-19 13:39:00,43.88,43.88,43.86,43.86,7300,320310.0
001395.SZ,2026-01-19 13:40:00,43.86,43.9,43.86,43.88,2800,122882.0
001395.SZ,2026-01-19 13:41:00,43.9,43.9,43.88,43.88,4600,201919.0
001395.SZ,2026-01-19 13:42:00,43.88,43.88,43.84,43.84,20000,877060.0
001395.SZ,2026-01-19 13:43:00,43.84,43.85,43.84,43.85,2400,105236.0
001395.SZ,2026-01-19 13:44:00,43.88,43.88,43.86,43.86,1500,65796.0
001395.SZ,2026-01-19 13:45:00,43.88,43.88,43.88,43.88,1600,70182.0
001395.SZ,2026-01-19 13:46:00,43.85,43.88,43.85,43.88,1100,48256.0
001395.SZ,2026-01-19 13:47:00,43.86,43.86,43.86,43.86,400,17544.0
001395.SZ,2026-01-19 13:48:00,43.88,43.88,43.87,43.87,1300,57032.0
001395.SZ,2026-01-19 13:49:00,43.88,43.89,43.88,43.89,2300,100929.0
001395.SZ,2026-01-19 13:50:00,43.89,43.89,43.86,43.87,11700,513307.0
001395.SZ,2026-01-19 13:51:00,43.85,43.87,43.84,43.84,8100,355210.0
001395.SZ,2026-01-19 13:52:00,43.83,43.83,43.8,43.8,5600,245362.0
001395.SZ,2026-01-19 13:53:00,43.8,43.8,43.78,43.78,14500,635043.0
001395.SZ,2026-01-19 13:54:00,43.79,43.8,43.78,43.78,1600,70055.0
001395.SZ,2026-01-19 13:55:00,43.78,43.8,43.77,43.77,8800,385271.0
001395.SZ,2026-01-19 13:56:00,43.78,43.81,43.78,43.81,1200,52550.0
001395.SZ,2026-01-19 13:57:00,43.81,43.81,43.78,43.79,7400,324064.6
001395.SZ,2026-01-19 13:58:00,43.77,43.77,43.76,43.76,7721,337923.97
001395.SZ,2026-01-19 13:59:00,43.75,43.75,43.73,43.75,11700,511886.78
001395.SZ,2026-01-19 14:00:00,43.76,43.76,43.76,43.76,1100,48137.0
001395.SZ,2026-01-19 14:01:00,43.76,43.76,43.72,43.73,10579,462683.25
001395.SZ,2026-01-19 14:02:00,43.74,43.74,43.74,43.74,100,4374.0
001395.SZ,2026-01-19 14:03:00,43.74,43.75,43.74,43.75,1100,48119.0
001395.SZ,2026-01-19 14:04:00,43.77,43.78,43.76,43.78,1100,48143.0
001395.SZ,2026-01-19 14:05:00,43.79,43.8,43.79,43.8,1500,65693.0
001395.SZ,2026-01-19 14:06:00,43.8,43.8,43.8,43.8,2400,105097.0
001395.SZ,2026-01-19 14:07:00,43.8,43.8,43.8,43.8,0,0.0
001395.SZ,2026-01-19 14:08:00,43.79,43.79,43.78,43.78,2900,126969.0
001395.SZ,2026-01-19 14:09:00,43.78,43.78,43.75,43.77,4800,210080.0
001395.SZ,2026-01-19 14:10:00,43.78,43.79,43.76,43.78,2300,100683.0
001395.SZ,2026-01-19 14:11:00,43.79,43.81,43.78,43.81,11680,511420.4
001395.SZ,2026-01-19 14:12:00,43.81,43.82,43.74,43.74,12200,534081.8
001395.SZ,2026-01-19 14:13:00,43.82,43.82,43.82,43.82,800,35056.0
001395.SZ,2026-01-19 14:14:00,43.82,43.82,43.82,43.82,600,26292.0
001395.SZ,2026-01-19 14:15:00,43.8,43.83,43.8,43.83,3700,162102.0
001395.SZ,2026-01-19 14:16:00,43.81,43.85,43.8,43.85,5100,223522.0
001395.SZ,2026-01-19 14:17:00,43.86,43.86,43.86,43.86,600,26316.0
001395.SZ,2026-01-19 14:18:00,43.86,43.86,43.86,43.86,0,0.0
001395.SZ,2026-01-19 14:19:00,43.86,43.86,43.86,43.86,0,0.0
001395.SZ,2026-01-19 14:20:00,43.87,43.92,43.87,43.92,1300,57086.0
001395.SZ,2026-01-19 14:21:00,43.92,43.92,43.92,43.92,200,8784.0
001395.SZ,2026-01-19 14:22:00,43.91,43.91,43.91,43.91,200,8782.0
001395.SZ,2026-01-19 14:23:00,43.9,43.9,43.9,43.9,100,4390.0
001395.SZ,2026-01-19 14:24:00,43.9,43.9,43.9,43.9,800,35120.0
001395.SZ,2026-01-19 14:25:00,43.91,43.91,43.89,43.89,1000,43900.0
001395.SZ,2026-01-19 14:26:00,43.88,43.88,43.88,43.88,1000,43880.0
001395.SZ,2026-01-19 14:27:00,43.86,43.87,43.86,43.87,8200,359694.0
001395.SZ,2026-01-19 14:28:00,43.9,43.92,43.87,43.88,17000,745950.0
001395.SZ,2026-01-19 14:29:00,43.87,43.87,43.86,43.86,7300,320187.0
001395.SZ,2026-01-19 14:30:00,43.85,43.86,43.85,43.86,9721,426272.84
001395.SZ,2026-01-19 14:31:00,43.87,43.89,43.86,43.89,4400,193010.0
001395.SZ,2026-01-19 14:32:00,43.89,43.89,43.87,43.87,2000,87742.0
001395.SZ,2026-01-19 14:33:00,43.86,43.86,43.84,43.84,6700,293834.78
001395.SZ,2026-01-19 14:34:00,43.86,43.86,43.85,43.85,2600,114017.0
001395.SZ,2026-01-19 14:35:00,43.84,43.86,43.83,43.86,4500,197293.8
001395.SZ,2026-01-19 14:36:00,43.87,43.87,43.84,43.84,9200,403348.0
001395.SZ,2026-01-19 14:37:00,43.83,43.84,43.81,43.81,7400,324232.0
001395.SZ,2026-01-19 14:38:00,43.85,43.85,43.81,43.81,600,26298.0
001395.SZ,2026-01-19 14:39:00,43.82,43.83,43.82,43.83,1200,52586.0
001395.SZ,2026-01-19 14:40:00,43.85,43.85,43.83,43.83,25300,1108322.0
001395.SZ,2026-01-19 14:41:00,43.83,43.85,43.81,43.85,3700,162181.0
001395.SZ,2026-01-19 14:42:00,43.83,43.83,43.83,43.83,3600,157788.0
001395.SZ,2026-01-19 14:43:00,43.85,43.9,43.84,43.85,12600,552521.0
001395.SZ,2026-01-19 14:44:00,43.9,43.9,43.9,43.9,200,8780.0
001395.SZ,2026-01-19 14:45:00,43.88,43.9,43.84,43.9,6400,280871.0
001395.SZ,2026-01-19 14:46:00,43.91,43.91,43.88,43.88,1200,52675.0
001395.SZ,2026-01-19 14:47:00,43.95,43.95,43.91,43.94,8600,377886.0
001395.SZ,2026-01-19 14:48:00,43.96,44.0,43.96,44.0,6000,263827.0
001395.SZ,2026-01-19 14:49:00,44.04,44.1,44.02,44.1,6700,295162.0
001395.SZ,2026-01-19 14:50:00,44.11,44.11,44.05,44.06,11700,515866.0
001395.SZ,2026-01-19 14:51:00,44.06,44.08,44.06,44.06,5600,246786.0
001395.SZ,2026-01-19 14:52:00,44.06,44.09,44.05,44.09,4100,180701.0
001395.SZ,2026-01-19 14:53:00,44.07,44.09,44.07,44.09,3100,136674.0
001395.SZ,2026-01-19 14:54:00,44.09,44.1,44.09,44.1,8100,357130.0
001395.SZ,2026-01-19 14:55:00,44.1,44.1,44.09,44.1,11200,493904.0
001395.SZ,2026-01-19 14:56:00,44.1,44.1,44.09,44.09,3900,171974.0
001395.SZ,2026-01-19 14:57:00,44.1,44.15,44.09,44.15,9800,432214.0
001395.SZ,2026-01-19 14:58:00,44.15,44.15,44.15,44.15,0,0.0
001395.SZ,2026-01-19 14:59:00,44.15,44.15,44.15,44.15,0,0.0
001395.SZ,2026-01-19 15:00:00,44.15,44.15,44.15,44.15,11300,498895.0
001395.SZ,2026-01-20 09:30:00,44.15,44.15,44.0,44.15,14800,653361.0
001395.SZ,2026-01-20 09:31:00,44.07,44.15,44.01,44.1,22800,1006012.0
001395.SZ,2026-01-20 09:32:00,44.1,44.1,43.92,44.0,7100,312385.0
001395.SZ,2026-01-20 09:33:00,43.93,44.1,43.93,44.01,8000,352195.0
001395.SZ,2026-01-20 09:34:00,44.01,44.1,44.01,44.06,4200,185016.0
001395.SZ,2026-01-20 09:35:00,44.07,44.1,44.07,44.1,2900,127887.0
001395.SZ,2026-01-20 09:36:00,44.1,44.1,44.05,44.05,2800,123416.0
001395.SZ,2026-01-20 09:37:00,44.05,44.05,43.98,43.98,3300,145223.0
001395.SZ,2026-01-20 09:38:00,43.97,43.97,43.9,43.9,8900,390859.0
001395.SZ,2026-01-20 09:39:00,43.93,43.93,43.91,43.93,1800,79048.0
001395.SZ,2026-01-20 09:40:00,43.92,43.93,43.9,43.91,6100,267868.0
001395.SZ,2026-01-20 09:41:00,43.9,43.9,43.8,43.8,18000,789125.0
001395.SZ,2026-01-20 09:42:00,43.82,43.89,43.8,43.87,13500,591615.0
001395.SZ,2026-01-20 09:43:00,43.88,43.88,43.81,43.82,4800,210396.0
001395.SZ,2026-01-20 09:44:00,43.92,43.92,43.88,43.92,27700,1215054.0
001395.SZ,2026-01-20 09:45:00,43.92,43.93,43.92,43.93,5000,219618.0
001395.SZ,2026-01-20 09:46:00,43.93,43.99,43.93,43.96,1800,79134.0
001395.SZ,2026-01-20 09:47:00,43.99,43.99,43.96,43.96,2300,101111.0
001395.SZ,2026-01-20 09:48:00,43.96,43.99,43.95,43.99,2500,109897.0
001395.SZ,2026-01-20 09:49:00,43.95,44.0,43.95,43.99,2300,101147.0
001395.SZ,2026-01-20 09:50:00,43.99,44.0,43.94,44.0,15900,699372.0
001395.SZ,2026-01-20 09:51:00,44.03,44.04,43.99,44.01,4000,176107.0
001395.SZ,2026-01-20 09:52:00,44.0,44.0,43.97,43.98,2700,118733.0
001395.SZ,2026-01-20 09:53:00,43.93,43.93,43.93,43.93,7500,329487.0
001395.SZ,2026-01-20 09:54:00,43.93,43.99,43.92,43.93,6100,267950.0
001395.SZ,2026-01-20 09:55:00,43.91,43.95,43.91,43.95,1100,48337.0
001395.SZ,2026-01-20 09:56:00,43.91,43.98,43.9,43.98,9100,399744.0
001395.SZ,2026-01-20 09:57:00,44.0,44.01,44.0,44.01,3000,132009.0
001395.SZ,2026-01-20 09:58:00,44.04,44.04,43.97,43.97,1300,57240.0
001395.SZ,2026-01-20 09:59:00,43.97,43.97,43.97,43.97,800,35176.0
001395.SZ,2026-01-20 10:00:00,43.97,43.97,43.97,43.97,200,8794.0
001395.SZ,2026-01-20 10:01:00,43.96,43.96,43.92,43.92,3000,131808.0
001395.SZ,2026-01-20 10:02:00,43.92,43.92,43.9,43.92,5100,223995.0
001395.SZ,2026-01-20 10:03:00,43.95,43.99,43.94,43.94,3900,171410.0
001395.SZ,2026-01-20 10:04:00,44.0,44.0,43.99,43.99,4300,189136.0
001395.SZ,2026-01-20 10:05:00,43.99,44.01,43.98,44.01,2000,87978.0
001395.SZ,2026-01-20 10:06:00,43.98,43.98,43.96,43.96,1900,83566.0
001395.SZ,2026-01-20 10:07:00,43.96,44.0,43.96,44.0,1000,43968.0
001395.SZ,2026-01-20 10:08:00,44.0,44.0,44.0,44.0,400,17600.0
001395.SZ,2026-01-20 10:09:00,43.96,43.96,43.9,43.9,4400,193392.0
001395.SZ,2026-01-20 10:10:00,43.92,43.92,43.91,43.91,200,8783.0
001395.SZ,2026-01-20 10:11:00,43.91,43.91,43.9,43.9,3000,131705.0
001395.SZ,2026-01-20 10:12:00,43.91,43.91,43.88,43.88,5200,228192.0
001395.SZ,2026-01-20 10:13:00,43.88,43.88,43.87,43.87,3300,144792.0
001395.SZ,2026-01-20 10:14:00,43.86,43.86,43.85,43.85,3600,157886.0
001395.SZ,2026-01-20 10:15:00,43.86,43.86,43.85,43.86,3100,135960.0
001395.SZ,2026-01-20 10:16:00,43.86,43.86,43.85,43.86,3300,144709.0
001395.SZ,2026-01-20 10:17:00,43.85,43.86,43.85,43.86,13800,605156.0
001395.SZ,2026-01-20 10:18:00,43.9,43.9,43.86,43.86,3700,162314.0
001395.SZ,2026-01-20 10:19:00,43.85,43.85,43.85,43.85,13500,591975.0
001395.SZ,2026-01-20 10:20:00,43.85,43.85,43.82,43.82,7521,329695.22
001395.SZ,2026-01-20 10:21:00,43.82,43.82,43.81,43.81,9500,416242.0
001395.SZ,2026-01-20 10:22:00,43.8,43.8,43.71,43.72,17700,774876.0
001395.SZ,2026-01-20 10:23:00,43.77,43.78,43.77,43.78,8800,385110.0
001395.SZ,2026-01-20 10:24:00,43.77,43.77,43.73,43.74,3268,142956.31
001395.SZ,2026-01-20 10:25:00,43.78,43.84,43.74,43.84,6700,293176.0
001395.SZ,2026-01-20 10:26:00,43.81,43.81,43.75,43.75,4100,179544.0
001395.SZ,2026-01-20 10:27:00,43.75,43.75,43.65,43.65,41000,1791847.0
001395.SZ,2026-01-20 10:28:00,43.65,43.65,43.63,43.65,10000,436491.0
001395.SZ,2026-01-20 10:29:00,43.65,43.65,43.64,43.65,6900,301187.0
001395.SZ,2026-01-20 10:30:00,43.65,43.68,43.65,43.68,2300,100414.0
001395.SZ,2026-01-20 10:31:00,43.7,43.7,43.62,43.63,17728,773925.6
001395.SZ,2026-01-20 10:32:00,43.66,43.66,43.66,43.66,6100,266178.72
001395.SZ,2026-01-20 10:33:00,43.66,43.67,43.63,43.63,8300,362359.0
001395.SZ,2026-01-20 10:34:00,43.63,43.68,43.63,43.68,5400,235687.0
001395.SZ,2026-01-20 10:35:00,43.65,43.66,43.65,43.66,3700,161550.0
001395.SZ,2026-01-20 10:36:00,43.69,43.7,43.69,43.7,2500,109173.0
001395.SZ,2026-01-20 10:37:00,43.65,43.7,43.65,43.7,7300,318804.0
001395.SZ,2026-01-20 10:38:00,43.7,43.8,43.7,43.8,18700,818813.0
001395.SZ,2026-01-20 10:39:00,43.74,43.74,43.74,43.74,400,17496.0
001395.SZ,2026-01-20 10:40:00,43.77,43.79,43.77,43.79,700,30641.0
001395.SZ,2026-01-20 10:41:00,43.81,43.81,43.78,43.78,2400,105107.0
001395.SZ,2026-01-20 10:42:00,43.73,43.73,43.73,43.73,4500,196862.0
001395.SZ,2026-01-20 10:43:00,43.72,43.73,43.72,43.72,4700,205518.0
001395.SZ,2026-01-20 10:44:00,43.72,43.72,43.72,43.72,700,30604.0
001395.SZ,2026-01-20 10:45:00,43.73,43.76,43.73,43.76,1500,65619.0
001395.SZ,2026-01-20 10:46:00,43.76,43.76,43.72,43.72,1400,61240.0
001395.SZ,2026-01-20 10:47:00,43.72,43.72,43.72,43.72,2300,100555.0
001395.SZ,2026-01-20 10:48:00,43.72,43.75,43.71,43.72,3500,153013.0
001395.SZ,2026-01-20 10:49:00,43.7,43.7,43.67,43.68,3100,135446.0
001395.SZ,2026-01-20 10:50:00,43.68,43.69,43.67,43.67,2000,87345.0
001395.SZ,2026-01-20 10:51:00,43.68,43.68,43.67,43.67,8500,371277.0
001395.SZ,2026-01-20 10:52:00,43.68,43.68,43.68,43.68,2500,109200.0
001395.SZ,2026-01-20 10:53:00,43.68,43.68,43.67,43.67,3400,148496.0
001395.SZ,2026-01-20 10:54:00,43.67,43.68,43.67,43.68,4100,179060.0
001395.SZ,2026-01-20 10:55:00,43.67,43.67,43.67,43.67,3600,157212.0
001395.SZ,2026-01-20 10:56:00,43.67,43.69,43.67,43.67,980,42810.6
001395.SZ,2026-01-20 10:57:00,43.65,43.65,43.63,43.63,16320,712410.4
001395.SZ,2026-01-20 10:58:00,43.63,43.63,43.62,43.62,6680,291413.6
001395.SZ,2026-01-20 10:59:00,43.61,43.61,43.58,43.58,10092,439999.03
001395.SZ,2026-01-20 11:00:00,43.58,43.62,43.58,43.62,3480,151711.4
001395.SZ,2026-01-20 11:01:00,43.65,43.65,43.62,43.62,4500,196391.0
001395.SZ,2026-01-20 11:02:00,43.65,43.65,43.62,43.62,3180,138722.6
001395.SZ,2026-01-20 11:03:00,43.61,43.61,43.59,43.6,11120,484817.4
001395.SZ,2026-01-20 11:04:00,43.63,43.63,43.63,43.63,1300,56719.0
001395.SZ,2026-01-20 11:05:00,43.63,43.63,43.6,43.6,2200,95932.0
001395.SZ,2026-01-20 11:06:00,43.6,43.6,43.58,43.58,5900,257205.0
001395.SZ,2026-01-20 11:07:00,43.57,43.57,43.56,43.57,8620,375569.6
001395.SZ,2026-01-20 11:08:00,43.56,43.56,43.5,43.5,18100,787795.0
001395.SZ,2026-01-20 11:09:00,43.51,43.53,43.51,43.53,500,21760.0
001395.SZ,2026-01-20 11:10:00,43.52,43.52,43.51,43.51,7000,304614.0
001395.SZ,2026-01-20 11:11:00,43.52,43.52,43.46,43.47,24300,1056971.0
001395.SZ,2026-01-20 11:12:00,43.47,43.51,43.45,43.51,19380,842396.8
001395.SZ,2026-01-20 11:13:00,43.52,43.53,43.5,43.5,500,21775.0
001395.SZ,2026-01-20 11:14:00,43.52,43.52,43.48,43.48,5200,226185.0
001395.SZ,2026-01-20 11:15:00,43.59,43.6,43.59,43.6,300,13078.0
001395.SZ,2026-01-20 11:16:00,43.66,43.66,43.65,43.65,800,34921.0
001395.SZ,2026-01-20 11:17:00,43.58,43.63,43.58,43.63,400,17447.0
001395.SZ,2026-01-20 11:18:00,43.63,43.63,43.63,43.63,100,4363.0
001395.SZ,2026-01-20 11:19:00,43.64,43.66,43.64,43.65,2200,96020.0
001395.SZ,2026-01-20 11:20:00,43.64,43.64,43.64,43.64,100,4364.0
001395.SZ,2026-01-20 11:21:00,43.64,43.64,43.6,43.6,500,21818.0
001395.SZ,2026-01-20 11:22:00,43.62,43.64,43.62,43.64,1200,52356.0
001395.SZ,2026-01-20 11:23:00,43.67,43.67,43.67,43.67,300,13101.0
001395.SZ,2026-01-20 11:24:00,43.65,43.67,43.6,43.6,4900,213758.0
001395.SZ,2026-01-20 11:25:00,43.6,43.6,43.55,43.58,3800,165600.0
001395.SZ,2026-01-20 11:26:00,43.55,43.55,43.55,43.55,400,17422.0
001395.SZ,2026-01-20 11:27:00,43.58,43.58,43.58,43.58,700,30502.0
001395.SZ,2026-01-20 11:28:00,43.55,43.55,43.53,43.53,3300,143706.0
001395.SZ,2026-01-20 11:29:00,43.52,43.55,43.5,43.55,6200,269809.0
001395.SZ,2026-01-20 11:30:00,43.5,43.51,43.43,43.44,20600,895433.0
001395.SZ,2026-01-20 13:01:00,43.45,43.47,43.43,43.44,9500,412691.0
001395.SZ,2026-01-20 13:02:00,43.44,43.45,43.44,43.44,1100,47791.0
001395.SZ,2026-01-20 13:03:00,43.45,43.45,43.44,43.45,2900,125984.0
001395.SZ,2026-01-20 13:04:00,43.44,43.45,43.44,43.44,1700,73849.0
001395.SZ,2026-01-20 13:05:00,43.45,43.47,43.45,43.47,2500,108634.0
001395.SZ,2026-01-20 13:06:00,43.47,43.48,43.47,43.47,3500,152146.0
001395.SZ,2026-01-20 13:07:00,43.47,43.52,43.47,43.48,1200,52184.0
001395.SZ,2026-01-20 13:08:00,43.47,43.5,43.47,43.5,1300,56514.0
001395.SZ,2026-01-20 13:09:00,43.44,43.45,43.44,43.44,3700,160751.0
001395.SZ,2026-01-20 13:10:00,43.45,43.46,43.45,43.46,1200,52150.0
001395.SZ,2026-01-20 13:11:00,43.45,43.47,43.45,43.45,3600,156470.0
001395.SZ,2026-01-20 13:12:00,43.45,43.45,43.43,43.43,5500,238957.0
001395.SZ,2026-01-20 13:13:00,43.44,43.45,43.44,43.45,900,39098.0
001395.SZ,2026-01-20 13:14:00,43.45,43.46,43.45,43.46,2700,117333.0
001395.SZ,2026-01-20 13:15:00,43.46,43.47,43.42,43.43,12600,547395.0
001395.SZ,2026-01-20 13:16:00,43.42,43.43,43.33,43.34,26900,1167388.0
001395.SZ,2026-01-20 13:17:00,43.33,43.35,43.33,43.35,2300,99684.0
001395.SZ,2026-01-20 13:18:00,43.35,43.36,43.35,43.36,400,17343.0
001395.SZ,2026-01-20 13:19:00,43.41,43.42,43.41,43.42,1100,47759.0
001395.SZ,2026-01-20 13:20:00,43.42,43.44,43.42,43.44,900,39084.0
001395.SZ,2026-01-20 13:21:00,43.42,43.44,43.42,43.44,400,17371.0
001395.SZ,2026-01-20 13:22:00,43.37,43.37,43.36,43.37,6100,264670.0
001395.SZ,2026-01-20 13:23:00,43.38,43.39,43.37,43.37,1400,60722.0
001395.SZ,2026-01-20 13:24:00,43.37,43.4,43.37,43.4,1500,65070.0
001395.SZ,2026-01-20 13:25:00,43.4,43.43,43.4,43.43,2500,108556.0
001395.SZ,2026-01-20 13:26:00,43.41,43.41,43.4,43.41,2200,95494.0
001395.SZ,2026-01-20 13:27:00,43.44,43.44,43.4,43.44,2200,95560.0
001395.SZ,2026-01-20 13:28:00,43.45,43.45,43.45,43.45,900,39105.0
001395.SZ,2026-01-20 13:29:00,43.45,43.47,43.45,43.46,1300,56491.0
001395.SZ,2026-01-20 13:30:00,43.47,43.47,43.47,43.47,4500,195549.0
001395.SZ,2026-01-20 13:31:00,43.46,43.46,43.46,43.46,200,8692.0
001395.SZ,2026-01-20 13:32:00,43.45,43.45,43.45,43.45,4700,204219.0
001395.SZ,2026-01-20 13:33:00,43.46,43.46,43.44,43.44,2500,108631.0
001395.SZ,2026-01-20 13:34:00,43.44,43.44,43.43,43.43,1200,52127.0
001395.SZ,2026-01-20 13:35:00,43.42,43.47,43.42,43.47,1500,65155.0
001395.SZ,2026-01-20 13:36:00,43.4,43.4,43.4,43.4,2500,108510.0
001395.SZ,2026-01-20 13:37:00,43.39,43.4,43.39,43.39,1900,82453.0
001395.SZ,2026-01-20 13:38:00,43.39,43.39,43.38,43.38,1900,82440.0
001395.SZ,2026-01-20 13:39:00,43.39,43.41,43.38,43.38,1100,47732.0
001395.SZ,2026-01-20 13:40:00,43.38,43.4,43.38,43.4,200,8678.0
001395.SZ,2026-01-20 13:41:00,43.4,43.4,43.4,43.4,900,39051.0
001395.SZ,2026-01-20 13:42:00,43.38,43.49,43.38,43.48,2000,86938.0
001395.SZ,2026-01-20 13:43:00,43.48,43.48,43.48,43.48,0,0.0
001395.SZ,2026-01-20 13:44:00,43.48,43.48,43.48,43.48,100,4348.0
001395.SZ,2026-01-20 13:45:00,43.45,43.46,43.45,43.46,2300,99936.0
001395.SZ,2026-01-20 13:46:00,43.46,43.46,43.46,43.46,400,17384.0
001395.SZ,2026-01-20 13:47:00,43.47,43.5,43.47,43.5,2300,100023.0
001395.SZ,2026-01-20 13:48:00,43.49,43.49,43.49,43.49,300,13047.0
001395.SZ,2026-01-20 13:49:00,43.49,43.49,43.48,43.48,600,26093.0
001395.SZ,2026-01-20 13:50:00,43.48,43.49,43.48,43.49,2300,100018.0
001395.SZ,2026-01-20 13:51:00,43.54,43.54,43.47,43.47,700,30442.0
001395.SZ,2026-01-20 13:52:00,43.47,43.48,43.47,43.48,2000,86944.0
001395.SZ,2026-01-20 13:53:00,43.49,43.49,43.48,43.49,1100,47838.0
001395.SZ,2026-01-20 13:54:00,43.49,43.5,43.49,43.5,1400,60891.0
001395.SZ,2026-01-20 13:55:00,43.5,43.5,43.5,43.5,2800,121800.0
001395.SZ,2026-01-20 13:56:00,43.5,43.5,43.5,43.5,1500,65250.0
001395.SZ,2026-01-20 13:57:00,43.5,43.51,43.5,43.51,600,26101.0
001395.SZ,2026-01-20 13:58:00,43.51,43.51,43.51,43.51,200,8702.0
001395.SZ,2026-01-20 13:59:00,43.51,43.52,43.49,43.49,4000,174007.0
001395.SZ,2026-01-20 14:00:00,43.48,43.51,43.48,43.48,3000,130446.0
001395.SZ,2026-01-20 14:01:00,43.46,43.46,43.45,43.45,4900,212927.0
001395.SZ,2026-01-20 14:02:00,43.45,43.45,43.43,43.45,3600,156382.0
001395.SZ,2026-01-20 14:03:00,43.43,43.55,43.43,43.51,1700,73970.0
001395.SZ,2026-01-20 14:04:00,43.44,43.51,43.44,43.51,1000,43496.0
001395.SZ,2026-01-20 14:05:00,43.45,43.55,43.45,43.55,400,17400.0
001395.SZ,2026-01-20 14:06:00,43.44,43.44,43.44,43.44,500,21724.0
001395.SZ,2026-01-20 14:07:00,43.45,43.45,43.45,43.45,700,30415.0
001395.SZ,2026-01-20 14:08:00,43.47,43.47,43.44,43.44,2100,91244.0
001395.SZ,2026-01-20 14:09:00,43.44,43.45,43.43,43.44,6900,299744.0
001395.SZ,2026-01-20 14:10:00,43.43,43.43,43.43,43.43,400,17372.0
001395.SZ,2026-01-20 14:11:00,43.43,43.44,43.43,43.44,2200,95554.0
001395.SZ,2026-01-20 14:12:00,43.44,43.44,43.44,43.44,300,13032.0
001395.SZ,2026-01-20 14:13:00,43.48,43.48,43.48,43.48,200,8696.0
001395.SZ,2026-01-20 14:14:00,43.48,43.52,43.48,43.52,3100,134808.0
001395.SZ,2026-01-20 14:15:00,43.53,43.53,43.53,43.53,1000,43530.0
001395.SZ,2026-01-20 14:16:00,43.48,43.48,43.48,43.48,100,4348.0
001395.SZ,2026-01-20 14:17:00,43.49,43.49,43.49,43.49,500,21745.0
001395.SZ,2026-01-20 14:18:00,43.5,43.5,43.45,43.45,4300,186953.0
001395.SZ,2026-01-20 14:19:00,43.45,43.45,43.42,43.42,11200,486503.0
001395.SZ,2026-01-20 14:20:00,43.42,43.42,43.41,43.41,3400,147608.0
001395.SZ,2026-01-20 14:21:00,43.41,43.47,43.41,43.47,7900,343293.0
001395.SZ,2026-01-20 14:22:00,43.47,43.49,43.47,43.48,2700,117377.0
001395.SZ,2026-01-20 14:23:00,43.49,43.49,43.48,43.48,700,30438.0
001395.SZ,2026-01-20 14:24:00,43.49,43.49,43.49,43.49,500,21745.0
001395.SZ,2026-01-20 14:25:00,43.5,43.51,43.48,43.5,5200,226166.0
001395.SZ,2026-01-20 14:26:00,43.48,43.48,43.46,43.46,1700,73913.0
001395.SZ,2026-01-20 14:27:00,43.5,43.5,43.46,43.46,3900,169609.0
001395.SZ,2026-01-20 14:28:00,43.47,43.47,43.47,43.47,500,21735.0
001395.SZ,2026-01-20 14:29:00,43.49,43.49,43.47,43.47,700,30433.0
001395.SZ,2026-01-20 14:30:00,43.47,43.47,43.47,43.47,300,13041.0
001395.SZ,2026-01-20 14:31:00,43.47,43.5,43.45,43.45,5234,227524.3
001395.SZ,2026-01-20 14:32:00,43.44,43.47,43.44,43.46,3700,160771.0
001395.SZ,2026-01-20 14:33:00,43.45,43.45,43.43,43.43,4366,189678.02
001395.SZ,2026-01-20 14:34:00,43.43,43.45,43.43,43.43,4200,182412.0
001395.SZ,2026-01-20 14:35:00,43.43,43.44,43.42,43.42,2300,99886.0
001395.SZ,2026-01-20 14:36:00,43.45,43.45,43.45,43.45,1100,47790.0
001395.SZ,2026-01-20 14:37:00,43.45,43.45,43.43,43.44,2300,99912.0
001395.SZ,2026-01-20 14:38:00,43.44,43.44,43.43,43.43,1420,61672.6
001395.SZ,2026-01-20 14:39:00,43.44,43.44,43.43,43.43,1400,60809.0
001395.SZ,2026-01-20 14:40:00,43.44,43.44,43.44,43.44,2100,91224.0
001395.SZ,2026-01-20 14:41:00,43.43,43.43,43.43,43.43,2200,95573.0
001395.SZ,2026-01-20 14:42:00,43.45,43.46,43.44,43.44,1800,78205.0
001395.SZ,2026-01-20 14:43:00,43.44,43.45,43.44,43.44,1800,78193.0
001395.SZ,2026-01-20 14:44:00,43.43,43.46,43.43,43.46,4668,202782.23
001395.SZ,2026-01-20 14:45:00,43.43,43.43,43.43,43.43,5900,256245.0
001395.SZ,2026-01-20 14:46:00,43.4,43.4,43.38,43.38,30400,1319366.0
001395.SZ,2026-01-20 14:47:00,43.39,43.46,43.39,43.46,12400,538201.0
001395.SZ,2026-01-20 14:48:00,43.46,43.46,43.45,43.45,1500,65189.0
001395.SZ,2026-01-20 14:49:00,43.45,43.46,43.45,43.46,2000,86909.0
001395.SZ,2026-01-20 14:50:00,43.46,43.46,43.46,43.46,6600,286836.0
001395.SZ,2026-01-20 14:51:00,43.47,43.47,43.47,43.47,1700,73899.0
001395.SZ,2026-01-20 14:52:00,43.47,43.49,43.47,43.49,2400,104318.0
001395.SZ,2026-01-20 14:53:00,43.5,43.52,43.5,43.5,6900,300212.0
001395.SZ,2026-01-20 14:54:00,43.51,43.51,43.5,43.5,4200,182729.0
001395.SZ,2026-01-20 14:55:00,43.49,43.49,43.48,43.49,4100,178306.0
001395.SZ,2026-01-20 14:56:00,43.49,43.49,43.48,43.49,2700,117417.0
001395.SZ,2026-01-20 14:57:00,43.48,43.52,43.48,43.51,4300,187042.0
001395.SZ,2026-01-20 14:58:00,43.51,43.51,43.51,43.51,0,0.0
001395.SZ,2026-01-20 14:59:00,43.51,43.51,43.51,43.51,0,0.0
001395.SZ,2026-01-20 15:00:00,43.51,43.51,43.51,43.51,5700,248007.0
001395.SZ,2026-01-21 09:30:00,43.5,43.5,43.31,43.5,9200,400024.0
001395.SZ,2026-01-21 09:31:00,43.49,43.49,43.26,43.35,12600,546205.0
001395.SZ,2026-01-21 09:32:00,43.34,43.42,43.32,43.4,5000,216967.0
001395.SZ,2026-01-21 09:33:00,43.4,43.41,43.39,43.39,8000,347161.0
001395.SZ,2026-01-21 09:34:00,43.35,43.35,43.25,43.27,15300,662240.0
001395.SZ,2026-01-21 09:35:00,43.27,43.37,43.26,43.26,14500,627777.0
001395.SZ,2026-01-21 09:36:00,43.2,43.26,43.15,43.26,28900,1248820.0
001395.SZ,2026-01-21 09:37:00,43.24,43.35,43.2,43.35,10300,445557.0
001395.SZ,2026-01-21 09:38:00,43.23,43.35,43.23,43.25,7600,328634.0
001395.SZ,2026-01-21 09:39:00,43.31,43.35,43.31,43.35,8200,355310.0
001395.SZ,2026-01-21 09:40:00,43.36,43.49,43.36,43.49,8400,364826.2
001395.SZ,2026-01-21 09:41:00,43.51,43.67,43.5,43.67,18880,822101.2
001395.SZ,2026-01-21 09:42:00,43.66,43.66,43.6,43.6,3100,135312.0
001395.SZ,2026-01-21 09:43:00,43.6,43.6,43.57,43.57,3100,135141.0
001395.SZ,2026-01-21 09:44:00,43.57,43.6,43.57,43.57,3800,165616.0
001395.SZ,2026-01-21 09:45:00,43.57,43.62,43.57,43.6,6200,270247.0
001395.SZ,2026-01-21 09:46:00,43.59,43.59,43.58,43.58,1200,52308.0
001395.SZ,2026-01-21 09:47:00,43.58,43.6,43.57,43.6,5600,244060.0
001395.SZ,2026-01-21 09:48:00,43.59,43.59,43.51,43.53,5400,235155.0
001395.SZ,2026-01-21 09:49:00,43.54,43.59,43.54,43.59,1600,69709.0
001395.SZ,2026-01-21 09:50:00,43.58,43.58,43.51,43.52,4400,191578.0
001395.SZ,2026-01-21 09:51:00,43.52,43.55,43.52,43.55,2400,104481.0
001395.SZ,2026-01-21 09:52:00,43.55,43.55,43.53,43.54,3000,130619.0
001395.SZ,2026-01-21 09:53:00,43.55,43.55,43.54,43.55,500,21773.0
001395.SZ,2026-01-21 09:54:00,43.55,43.55,43.54,43.54,3700,161125.0
001395.SZ,2026-01-21 09:55:00,43.54,43.54,43.53,43.53,9900,430997.0
001395.SZ,2026-01-21 09:56:00,43.52,43.52,43.51,43.51,2800,121840.0
001395.SZ,2026-01-21 09:57:00,43.53,43.55,43.53,43.53,1800,78368.0
001395.SZ,2026-01-21 09:58:00,43.59,43.64,43.59,43.64,13200,575281.0
001395.SZ,2026-01-21 09:59:00,43.64,43.76,43.62,43.75,23200,1013950.0
001395.SZ,2026-01-21 10:00:00,43.75,43.79,43.73,43.74,4200,183771.0
001395.SZ,2026-01-21 10:01:00,43.74,43.75,43.71,43.75,8800,384812.0
001395.SZ,2026-01-21 10:02:00,43.75,43.84,43.74,43.8,29000,1269585.0
001395.SZ,2026-01-21 10:03:00,43.8,43.9,43.79,43.9,22800,999382.0
001395.SZ,2026-01-21 10:04:00,43.88,43.9,43.85,43.87,5700,250075.0
001395.SZ,2026-01-21 10:05:00,43.84,43.84,43.77,43.77,1500,65687.0
001395.SZ,2026-01-21 10:06:00,43.77,43.82,43.71,43.71,7100,310685.0
001395.SZ,2026-01-21 10:07:00,43.75,43.83,43.75,43.83,3800,166457.0
001395.SZ,2026-01-21 10:08:00,43.82,43.82,43.77,43.77,10700,468867.0
001395.SZ,2026-01-21 10:09:00,43.76,43.87,43.76,43.81,26500,1161501.0
001395.SZ,2026-01-21 10:10:00,43.83,43.9,43.83,43.9,8000,350953.0
001395.SZ,2026-01-21 10:11:00,43.9,43.9,43.87,43.88,5000,219425.0
001395.SZ,2026-01-21 10:12:00,43.87,43.88,43.87,43.88,6000,263237.0
001395.SZ,2026-01-21 10:13:00,43.88,43.88,43.84,43.84,1900,83337.0
001395.SZ,2026-01-21 10:14:00,43.84,43.85,43.81,43.81,5500,241045.0
001395.SZ,2026-01-21 10:15:00,43.86,43.87,43.83,43.87,16900,740741.0
001395.SZ,2026-01-21 10:16:00,43.91,43.93,43.87,43.9,10500,460899.0
001395.SZ,2026-01-21 10:17:00,43.88,43.89,43.84,43.89,4700,206228.0
001395.SZ,2026-01-21 10:18:00,43.9,43.9,43.83,43.84,6400,280713.0
001395.SZ,2026-01-21 10:19:00,43.84,43.84,43.82,43.83,3200,140269.0
001395.SZ,2026-01-21 10:20:00,43.84,43.9,43.82,43.88,7000,307194.0
001395.SZ,2026-01-21 10:21:00,43.88,43.88,43.86,43.86,3500,153523.0
001395.SZ,2026-01-21 10:22:00,43.86,43.86,43.84,43.84,400,17542.0
001395.SZ,2026-01-21 10:23:00,43.85,43.88,43.84,43.88,3888,170511.8
001395.SZ,2026-01-21 10:24:00,43.89,43.89,43.87,43.87,2612,114617.68
001395.SZ,2026-01-21 10:25:00,43.92,43.94,43.92,43.93,10688,469354.56
001395.SZ,2026-01-21 10:26:00,43.92,43.93,43.92,43.92,5500,241588.0
001395.SZ,2026-01-21 10:27:00,43.93,43.94,43.91,43.91,4800,210831.0
001395.SZ,2026-01-21 10:28:00,43.91,43.91,43.89,43.89,3500,153640.0
001395.SZ,2026-01-21 10:29:00,43.91,43.93,43.9,43.9,11900,522526.0
001395.SZ,2026-01-21 10:30:00,43.93,43.95,43.93,43.95,12200,536035.0
001395.SZ,2026-01-21 10:31:00,43.95,43.96,43.94,43.95,11500,505427.0
001395.SZ,2026-01-21 10:32:00,43.96,43.98,43.94,43.96,8400,369296.0
001395.SZ,2026-01-21 10:33:00,43.97,43.97,43.97,43.97,8400,369297.0
001395.SZ,2026-01-21 10:34:00,43.97,43.98,43.97,43.98,23100,1015759.0
001395.SZ,2026-01-21 10:35:00,43.96,43.97,43.91,43.97,4000,175792.0
001395.SZ,2026-01-21 10:36:00,43.96,43.96,43.96,43.96,1000,43960.0
001395.SZ,2026-01-21 10:37:00,43.95,43.95,43.91,43.91,2800,122994.0
001395.SZ,2026-01-21 10:38:00,43.91,43.91,43.88,43.88,1400,61441.0
001395.SZ,2026-01-21 10:39:00,43.9,43.97,43.9,43.97,18000,790733.0
001395.SZ,2026-01-21 10:40:00,43.96,44.1,43.95,44.07,34800,1531175.0
001395.SZ,2026-01-21 10:41:00,44.1,44.15,44.1,44.13,16200,714478.0
001395.SZ,2026-01-21 10:42:00,44.13,44.13,44.08,44.08,3900,172012.0
001395.SZ,2026-01-21 10:43:00,44.09,44.09,44.05,44.08,2700,119018.0
001395.SZ,2026-01-21 10:44:00,44.03,44.07,44.03,44.03,2000,88114.0
001395.SZ,2026-01-21 10:45:00,44.03,44.04,44.02,44.02,1700,74859.0
001395.SZ,2026-01-21 10:46:00,44.02,44.02,44.01,44.01,2500,110027.0
001395.SZ,2026-01-21 10:47:00,44.01,44.01,43.98,44.0,2900,127595.0
001395.SZ,2026-01-21 10:48:00,43.98,43.98,43.96,43.96,1600,70354.0
001395.SZ,2026-01-21 10:49:00,43.96,43.99,43.95,43.99,13500,593476.0
001395.SZ,2026-01-21 10:50:00,43.99,43.99,43.94,43.94,5500,241722.0
001395.SZ,2026-01-21 10:51:00,43.93,43.93,43.76,43.89,9800,429949.0
001395.SZ,2026-01-21 10:52:00,43.9,43.91,43.9,43.91,2100,92219.0
001395.SZ,2026-01-21 10:53:00,43.94,43.94,43.93,43.93,600,26362.0
001395.SZ,2026-01-21 10:54:00,43.91,43.92,43.91,43.92,2600,114187.0
001395.SZ,2026-01-21 10:55:00,43.93,43.93,43.91,43.91,1800,79052.0
001395.SZ,2026-01-21 10:56:00,43.91,43.91,43.9,43.9,3600,158076.0
001395.SZ,2026-01-21 10:57:00,43.91,43.94,43.91,43.94,700,30746.0
001395.SZ,2026-01-21 10:58:00,43.95,43.96,43.94,43.95,400,17580.0
001395.SZ,2026-01-21 10:59:00,43.95,43.96,43.95,43.95,1100,48346.0
001395.SZ,2026-01-21 11:00:00,43.96,43.96,43.96,43.96,1500,65939.0
001395.SZ,2026-01-21 11:01:00,43.95,43.95,43.94,43.94,1500,65918.0
001395.SZ,2026-01-21 11:02:00,43.94,43.94,43.94,43.94,100,4394.0
001395.SZ,2026-01-21 11:03:00,43.92,43.95,43.92,43.95,2100,92277.0
001395.SZ,2026-01-21 11:04:00,43.95,43.98,43.95,43.98,3500,153858.0
001395.SZ,2026-01-21 11:05:00,43.98,44.0,43.98,44.0,5200,228716.0
001395.SZ,2026-01-21 11:06:00,44.0,44.0,44.0,44.0,500,22000.0
001395.SZ,2026-01-21 11:07:00,44.0,44.0,43.99,44.0,2800,123192.0
001395.SZ,2026-01-21 11:08:00,43.99,43.99,43.98,43.98,1000,43984.0
001395.SZ,2026-01-21 11:09:00,43.97,43.97,43.94,43.94,1200,52741.0
001395.SZ,2026-01-21 11:10:00,43.96,43.96,43.95,43.96,5100,224158.0
001395.SZ,2026-01-21 11:11:00,43.97,43.97,43.96,43.97,1600,70341.0
001395.SZ,2026-01-21 11:12:00,43.96,43.97,43.96,43.97,2800,123114.0
001395.SZ,2026-01-21 11:13:00,43.98,43.98,43.97,43.97,2700,118736.0
001395.SZ,2026-01-21 11:14:00,43.98,44.05,43.98,44.05,14000,616100.0
001395.SZ,2026-01-21 11:15:00,44.05,44.07,44.05,44.05,6700,295197.0
001395.SZ,2026-01-21 11:16:00,44.05,44.05,44.02,44.02,1200,52843.0
001395.SZ,2026-01-21 11:17:00,44.03,44.05,44.02,44.05,4000,176119.0
001395.SZ,2026-01-21 11:18:00,44.05,44.05,44.05,44.05,500,22022.0
001395.SZ,2026-01-21 11:19:00,44.04,44.04,44.01,44.01,3300,145315.0
001395.SZ,2026-01-21 11:20:00,44.01,44.01,44.01,44.01,800,35208.0
001395.SZ,2026-01-21 11:21:00,44.02,44.02,44.0,44.0,10600,466412.0
001395.SZ,2026-01-21 11:22:00,44.02,44.02,44.02,44.02,600,26412.0
001395.SZ,2026-01-21 11:23:00,44.02,44.04,44.02,44.04,5000,220135.0
001395.SZ,2026-01-21 11:24:00,44.04,44.04,44.02,44.02,1700,74856.0
001395.SZ,2026-01-21 11:25:00,44.01,44.01,44.0,44.0,1600,70411.0
001395.SZ,2026-01-21 11:26:00,44.0,44.0,44.0,44.0,0,0.0
001395.SZ,2026-01-21 11:27:00,44.0,44.0,43.98,43.98,1300,57189.0
001395.SZ,2026-01-21 11:28:00,43.98,43.98,43.95,43.95,1800,79119.0
001395.SZ,2026-01-21 11:29:00,43.97,43.97,43.97,43.97,300,13191.0
001395.SZ,2026-01-21 11:30:00,43.98,44.0,43.96,43.96,7900,347376.0
001395.SZ,2026-01-21 13:01:00,43.96,44.0,43.96,43.99,6900,303454.0
001395.SZ,2026-01-21 13:02:00,43.99,43.99,43.99,43.99,0,0.0
001395.SZ,2026-01-21 13:03:00,43.95,43.95,43.93,43.93,3200,140645.0
001395.SZ,2026-01-21 13:04:00,43.95,43.95,43.93,43.93,1700,74673.0
001395.SZ,2026-01-21 13:05:00,43.94,43.94,43.94,43.94,1312,57649.28
001395.SZ,2026-01-21 13:06:00,43.94,43.94,43.94,43.94,88,3866.72
001395.SZ,2026-01-21 13:07:00,43.97,44.0,43.96,44.0,45212,1987393.1
001395.SZ,2026-01-21 13:08:00,44.01,44.02,44.01,44.02,4600,202453.0
001395.SZ,2026-01-21 13:09:00,44.01,44.01,44.0,44.0,1300,57211.0
001395.SZ,2026-01-21 13:10:00,44.0,44.0,44.0,44.0,400,17600.0
001395.SZ,2026-01-21 13:11:00,44.01,44.02,44.01,44.02,2400,105633.0
001395.SZ,2026-01-21 13:12:00,44.02,44.03,44.02,44.02,2100,92447.0
001395.SZ,2026-01-21 13:13:00,44.02,44.02,44.0,44.0,1900,83613.0
001395.SZ,2026-01-21 13:14:00,43.96,43.96,43.96,43.96,300,13196.0
001395.SZ,2026-01-21 13:15:00,43.97,44.0,43.97,43.99,600,26396.0
001395.SZ,2026-01-21 13:16:00,43.99,43.99,43.98,43.98,1000,43989.0
001395.SZ,2026-01-21 13:17:00,43.98,44.04,43.98,44.04,13490,593567.9
001395.SZ,2026-01-21 13:18:00,44.04,44.04,44.03,44.03,800,35225.0
001395.SZ,2026-01-21 13:19:00,44.03,44.03,44.03,44.03,310,13649.3
001395.SZ,2026-01-21 13:20:00,44.03,44.03,44.03,44.03,0,0.0
001395.SZ,2026-01-21 13:21:00,43.98,43.98,43.98,43.98,1000,43996.0
001395.SZ,2026-01-21 13:22:00,44.0,44.0,43.97,43.97,300,13195.0
001395.SZ,2026-01-21 13:23:00,43.99,44.02,43.99,44.01,1600,70420.0
001395.SZ,2026-01-21 13:24:00,44.03,44.03,44.02,44.03,2900,127663.0
001395.SZ,2026-01-21 13:25:00,44.03,44.13,44.03,44.13,30090,1326424.8
001395.SZ,2026-01-21 13:26:00,44.14,44.14,44.1,44.1,7600,335376.0
001395.SZ,2026-01-21 13:27:00,44.1,44.1,44.08,44.08,2200,97016.0
001395.SZ,2026-01-21 13:28:00,44.08,44.09,44.08,44.08,5500,242441.0
001395.SZ,2026-01-21 13:29:00,44.07,44.07,44.04,44.07,1600,70498.0
001395.SZ,2026-01-21 13:30:00,44.09,44.09,44.08,44.08,2300,101399.0
001395.SZ,2026-01-21 13:31:00,44.08,44.08,44.06,44.06,2500,110156.0
001395.SZ,2026-01-21 13:32:00,44.06,44.06,44.05,44.05,700,30837.0
001395.SZ,2026-01-21 13:33:00,44.04,44.08,44.04,44.05,6600,290846.0
001395.SZ,2026-01-21 13:34:00,44.08,44.08,44.08,44.08,800,35264.0
001395.SZ,2026-01-21 13:35:00,44.07,44.07,44.06,44.06,900,39655.0
001395.SZ,2026-01-21 13:36:00,44.07,44.08,44.05,44.08,4300,189482.0
001395.SZ,2026-01-21 13:37:00,44.14,44.14,44.07,44.13,25600,1129087.0
001395.SZ,2026-01-21 13:38:00,44.13,44.13,44.09,44.09,1600,70604.0
001395.SZ,2026-01-21 13:39:00,44.09,44.09,44.09,44.09,700,30863.0
001395.SZ,2026-01-21 13:40:00,44.09,44.09,44.09,44.09,4100,180769.0
001395.SZ,2026-01-21 13:41:00,44.09,44.12,44.09,44.11,6000,264671.0
001395.SZ,2026-01-21 13:42:00,44.13,44.13,44.12,44.12,1400,61773.0
001395.SZ,2026-01-21 13:43:00,44.13,44.15,44.12,44.15,22900,1010575.0
001395.SZ,2026-01-21 13:44:00,44.12,44.14,44.12,44.14,2900,127992.0
001395.SZ,2026-01-21 13:45:00,44.15,44.15,44.14,44.14,8300,366425.0
001395.SZ,2026-01-21 13:46:00,44.14,44.14,44.13,44.13,1500,66202.0
001395.SZ,2026-01-21 13:47:00,44.14,44.14,44.11,44.11,2100,92649.0
001395.SZ,2026-01-21 13:48:00,44.14,44.14,44.11,44.14,4000,176526.0
001395.SZ,2026-01-21 13:49:00,44.14,44.14,44.14,44.14,400,17656.0
001395.SZ,2026-01-21 13:50:00,44.13,44.14,44.12,44.13,3300,145626.0
001395.SZ,2026-01-21 13:51:00,44.13,44.14,44.12,44.13,2600,114741.0
001395.SZ,2026-01-21 13:52:00,44.14,44.15,44.13,44.15,12600,556187.0
001395.SZ,2026-01-21 13:53:00,44.15,44.15,44.14,44.15,9100,401758.0
001395.SZ,2026-01-21 13:54:00,44.15,44.15,44.14,44.14,6500,286931.0
001395.SZ,2026-01-21 13:55:00,44.15,44.15,44.14,44.14,600,26487.0
001395.SZ,2026-01-21 13:56:00,44.15,44.15,44.13,44.13,3400,150081.0
001395.SZ,2026-01-21 13:57:00,44.13,44.14,44.13,44.14,1900,83857.0
001395.SZ,2026-01-21 13:58:00,44.14,44.14,44.13,44.13,2100,92687.0
001395.SZ,2026-01-21 13:59:00,44.13,44.14,44.13,44.13,1200,52958.0
001395.SZ,2026-01-21 14:00:00,44.13,44.14,44.13,44.14,1700,75029.0
001395.SZ,2026-01-21 14:01:00,44.14,44.14,44.1,44.1,4500,198551.0
001395.SZ,2026-01-21 14:02:00,44.12,44.12,44.1,44.1,3400,149969.0
001395.SZ,2026-01-21 14:03:00,44.1,44.1,44.05,44.05,2900,127784.0
001395.SZ,2026-01-21 14:04:00,44.03,44.03,44.02,44.02,1100,48425.0
001395.SZ,2026-01-21 14:05:00,44.03,44.04,44.02,44.02,700,30817.0
001395.SZ,2026-01-21 14:06:00,44.03,44.04,44.03,44.04,300,13210.0
001395.SZ,2026-01-21 14:07:00,44.05,44.05,44.05,44.05,1600,70491.0
001395.SZ,2026-01-21 14:08:00,44.05,44.07,44.05,44.07,1800,79305.0
001395.SZ,2026-01-21 14:09:00,44.08,44.08,44.08,44.08,1000,44080.0
001395.SZ,2026-01-21 14:10:00,44.09,44.11,44.09,44.11,8800,388047.0
001395.SZ,2026-01-21 14:11:00,44.11,44.13,44.11,44.13,5800,255887.0
001395.SZ,2026-01-21 14:12:00,44.12,44.12,44.11,44.11,1300,57345.0
001395.SZ,2026-01-21 14:13:00,44.1,44.1,44.1,44.1,1800,79380.0
001395.SZ,2026-01-21 14:14:00,44.09,44.09,44.09,44.09,400,17636.0
001395.SZ,2026-01-21 14:15:00,44.09,44.11,44.08,44.08,2300,101412.0
001395.SZ,2026-01-21 14:16:00,44.09,44.09,44.09,44.09,500,22045.0
001395.SZ,2026-01-21 14:17:00,44.09,44.09,44.08,44.08,800,35268.0
001395.SZ,2026-01-21 14:18:00,44.07,44.07,44.07,44.07,1300,57291.0
001395.SZ,2026-01-21 14:19:00,44.07,44.07,44.06,44.06,1700,74909.0
001395.SZ,2026-01-21 14:20:00,44.07,44.07,44.06,44.06,900,39655.0
001395.SZ,2026-01-21 14:21:00,44.06,44.07,44.06,44.06,1300,57281.0
001395.SZ,2026-01-21 14:22:00,44.05,44.06,44.05,44.06,1300,57275.0
001395.SZ,2026-01-21 14:23:00,44.05,44.07,44.05,44.07,1300,57274.0
001395.SZ,2026-01-21 14:24:00,44.05,44.16,44.05,44.16,172400,7609347.0
001395.SZ,2026-01-21 14:25:00,44.16,44.26,44.16,44.21,19100,844232.0
001395.SZ,2026-01-21 14:26:00,44.21,44.21,44.16,44.18,1300,57441.0
001395.SZ,2026-01-21 14:27:00,44.18,44.18,44.16,44.16,1300,57431.0
001395.SZ,2026-01-21 14:28:00,44.16,44.17,44.16,44.17,1900,83908.0
001395.SZ,2026-01-21 14:29:00,44.16,44.16,44.15,44.15,8900,392960.0
001395.SZ,2026-01-21 14:30:00,44.15,44.15,44.14,44.14,2000,88295.0
001395.SZ,2026-01-21 14:31:00,44.14,44.16,44.14,44.14,6600,291371.0
001395.SZ,2026-01-21 14:32:00,44.14,44.16,44.14,44.15,4000,176595.0
001395.SZ,2026-01-21 14:33:00,44.15,44.16,44.14,44.14,5600,247285.0
001395.SZ,2026-01-21 14:34:00,44.16,44.16,44.15,44.15,2100,92721.0
001395.SZ,2026-01-21 14:35:00,44.16,44.16,44.15,44.16,4300,189878.0
001395.SZ,2026-01-21 14:36:00,44.16,44.17,44.16,44.16,900,39748.0
001395.SZ,2026-01-21 14:37:00,44.16,44.18,44.16,44.18,4800,212035.0
001395.SZ,2026-01-21 14:38:00,44.17,44.18,44.17,44.18,8500,375477.0
001395.SZ,2026-01-21 14:39:00,44.18,44.18,44.17,44.17,5100,225275.0
001395.SZ,2026-01-21 14:40:00,44.18,44.18,44.15,44.15,4300,189881.0
001395.SZ,2026-01-21 14:41:00,44.15,44.15,44.14,44.14,4200,185391.0
001395.SZ,2026-01-21 14:42:00,44.14,44.14,44.14,44.14,200,8828.0
001395.SZ,2026-01-21 14:43:00,44.15,44.15,44.15,44.15,20100,887230.0
001395.SZ,2026-01-21 14:44:00,44.15,44.15,44.15,44.15,4200,185431.0
001395.SZ,2026-01-21 14:45:00,44.16,44.16,44.15,44.15,6000,264934.0
001395.SZ,2026-01-21 14:46:00,44.16,44.16,44.15,44.15,3000,132474.0
001395.SZ,2026-01-21 14:47:00,44.15,44.16,44.14,44.14,4800,211927.0
001395.SZ,2026-01-21 14:48:00,44.15,44.15,44.14,44.14,2200,97120.0
001395.SZ,2026-01-21 14:49:00,44.15,44.16,44.14,44.15,7800,344380.0
001395.SZ,2026-01-21 14:50:00,44.14,44.14,44.13,44.14,4500,198634.0
001395.SZ,2026-01-21 14:51:00,44.14,44.14,44.14,44.14,2400,105936.0
001395.SZ,2026-01-21 14:52:00,44.14,44.14,44.13,44.14,4100,180964.0
001395.SZ,2026-01-21 14:53:00,44.14,44.14,44.11,44.11,13500,595746.0
001395.SZ,2026-01-21 14:54:00,44.11,44.18,44.1,44.18,16300,719540.0
001395.SZ,2026-01-21 14:55:00,44.15,44.18,44.15,44.18,5000,220855.0
001395.SZ,2026-01-21 14:56:00,44.18,44.18,44.17,44.17,6300,278295.0
001395.SZ,2026-01-21 14:57:00,44.16,44.18,44.16,44.18,7100,313650.0
001395.SZ,2026-01-21 14:58:00,44.18,44.18,44.18,44.18,0,0.0
001395.SZ,2026-01-21 14:59:00,44.18,44.18,44.18,44.18,0,0.0
001395.SZ,2026-01-21 15:00:00,44.18,44.18,44.18,44.18,20400,901272.0
001395.SZ,2026-01-22 09:30:00,44.04,44.12,44.04,44.04,9600,422864.0
001395.SZ,2026-01-22 09:31:00,44.03,44.16,44.01,44.05,15400,678747.0
001395.SZ,2026-01-22 09:32:00,44.14,44.14,44.09,44.12,2300,101443.0
001395.SZ,2026-01-22 09:33:00,44.11,44.12,44.07,44.1,21800,961311.0
001395.SZ,2026-01-22 09:34:00,44.08,44.08,44.0,44.0,26300,1158311.0
001395.SZ,2026-01-22 09:35:00,44.01,44.04,43.94,43.99,12100,532341.0
001395.SZ,2026-01-22 09:36:00,44.01,44.03,43.94,44.0,12200,536735.0
001395.SZ,2026-01-22 09:37:00,43.95,43.99,43.9,43.91,16100,707280.0
001395.SZ,2026-01-22 09:38:00,43.91,43.91,43.7,43.81,38900,1704696.0
001395.SZ,2026-01-22 09:39:00,43.72,43.87,43.72,43.87,8100,354606.0
001395.SZ,2026-01-22 09:40:00,43.8,43.87,43.8,43.87,7480,327803.8
001395.SZ,2026-01-22 09:41:00,43.81,43.86,43.76,43.81,9520,416916.4
001395.SZ,2026-01-22 09:42:00,43.81,43.81,43.81,43.81,1700,74475.0
001395.SZ,2026-01-22 09:43:00,43.81,43.81,43.66,43.71,36200,1583372.0
001395.SZ,2026-01-22 09:44:00,43.72,43.75,43.7,43.71,6400,279849.0
001395.SZ,2026-01-22 09:45:00,43.7,43.71,43.6,43.61,43700,1906993.0
001395.SZ,2026-01-22 09:46:00,43.61,43.66,43.61,43.66,5500,240029.0
001395.SZ,2026-01-22 09:47:00,43.66,43.69,43.65,43.68,23200,1013009.0
001395.SZ,2026-01-22 09:48:00,43.67,43.67,43.63,43.64,8300,362409.0
001395.SZ,2026-01-22 09:49:00,43.64,43.65,43.58,43.58,45100,1967016.0
001395.SZ,2026-01-22 09:50:00,43.59,43.6,43.55,43.58,20600,897708.0
001395.SZ,2026-01-22 09:51:00,43.58,43.58,43.57,43.58,10200,444463.0
001395.SZ,2026-01-22 09:52:00,43.58,43.6,43.58,43.59,20200,880646.0
001395.SZ,2026-01-22 09:53:00,43.6,43.6,43.58,43.58,10700,466456.0
001395.SZ,2026-01-22 09:54:00,43.56,43.6,43.55,43.55,17200,749238.0
001395.SZ,2026-01-22 09:55:00,43.55,43.55,43.5,43.5,49500,2154611.0
001395.SZ,2026-01-22 09:56:00,43.5,43.51,43.47,43.47,14400,626190.0
001395.SZ,2026-01-22 09:57:00,43.47,43.47,43.43,43.43,15700,682109.0
001395.SZ,2026-01-22 09:58:00,43.43,43.43,43.4,43.4,34000,1476142.0
001395.SZ,2026-01-22 09:59:00,43.4,43.43,43.38,43.43,106340,4615864.0
001395.SZ,2026-01-22 10:00:00,43.43,43.48,43.43,43.48,11400,495494.0
001395.SZ,2026-01-22 10:01:00,43.48,43.51,43.48,43.51,7900,343609.0
001395.SZ,2026-01-22 10:02:00,43.51,43.52,43.49,43.52,11480,499305.2
001395.SZ,2026-01-22 10:03:00,43.52,43.6,43.52,43.58,4500,196011.0
001395.SZ,2026-01-22 10:04:00,43.61,43.61,43.58,43.58,900,39234.0
001395.SZ,2026-01-22 10:05:00,43.58,43.58,43.55,43.56,1100,47933.0
001395.SZ,2026-01-22 10:06:00,43.61,43.61,43.58,43.58,8700,379269.0
001395.SZ,2026-01-22 10:07:00,43.57,43.58,43.57,43.58,400,17430.0
001395.SZ,2026-01-22 10:08:00,43.59,43.62,43.59,43.62,2300,100304.0
001395.SZ,2026-01-22 10:09:00,43.62,43.64,43.61,43.61,6900,301039.0
001395.SZ,2026-01-22 10:10:00,43.61,43.63,43.61,43.63,4400,191913.0
001395.SZ,2026-01-22 10:11:00,43.64,43.64,43.63,43.63,2100,91635.0
001395.SZ,2026-01-22 10:12:00,43.62,43.63,43.59,43.59,11400,497244.0
001395.SZ,2026-01-22 10:13:00,43.59,43.59,43.58,43.59,1600,69741.0
001395.SZ,2026-01-22 10:14:00,43.59,43.59,43.58,43.59,3700,161281.0
001395.SZ,2026-01-22 10:15:00,43.58,43.58,43.56,43.56,16168,704608.06
001395.SZ,2026-01-22 10:16:00,43.55,43.56,43.54,43.54,9332,406415.9
001395.SZ,2026-01-22 10:17:00,43.54,43.56,43.54,43.55,2800,121938.0
001395.SZ,2026-01-22 10:18:00,43.55,43.56,43.54,43.56,3800,165462.0
001395.SZ,2026-01-22 10:19:00,43.55,43.56,43.55,43.55,21868,952404.4
001395.SZ,2026-01-22 10:20:00,43.55,43.6,43.55,43.6,2800,121998.0
001395.SZ,2026-01-22 10:21:00,43.61,43.62,43.6,43.6,1900,82862.0
001395.SZ,2026-01-22 10:22:00,43.6,43.64,43.6,43.64,15100,658430.0
001395.SZ,2026-01-22 10:23:00,43.64,43.64,43.62,43.62,300,13088.0
001395.SZ,2026-01-22 10:24:00,43.63,43.65,43.63,43.65,2300,100373.0
001395.SZ,2026-01-22 10:25:00,43.64,43.65,43.64,43.65,1200,52378.0
001395.SZ,2026-01-22 10:26:00,43.65,43.67,43.65,43.67,3100,135319.0
001395.SZ,2026-01-22 10:27:00,43.67,43.67,43.67,43.67,0,0.0
001395.SZ,2026-01-22 10:28:00,43.73,43.73,43.7,43.72,3000,131145.0
001395.SZ,2026-01-22 10:29:00,43.71,43.72,43.71,43.71,2300,100538.0
001395.SZ,2026-01-22 10:30:00,43.71,43.71,43.7,43.7,4700,205395.0
001395.SZ,2026-01-22 10:31:00,43.68,43.68,43.67,43.67,2100,91718.0
001395.SZ,2026-01-22 10:32:00,43.68,43.69,43.68,43.69,1300,56785.0
001395.SZ,2026-01-22 10:33:00,43.7,43.7,43.7,43.7,4600,201021.0
001395.SZ,2026-01-22 10:34:00,43.71,43.71,43.7,43.7,900,39335.0
001395.SZ,2026-01-22 10:35:00,43.71,43.72,43.71,43.72,2000,87428.0
001395.SZ,2026-01-22 10:36:00,43.79,43.8,43.79,43.8,5900,258288.0
001395.SZ,2026-01-22 10:37:00,43.84,43.84,43.84,43.84,3000,131515.0
001395.SZ,2026-01-22 10:38:00,43.83,43.95,43.83,43.95,16300,715023.0
001395.SZ,2026-01-22 10:39:00,43.93,43.93,43.91,43.92,4600,202019.0
001395.SZ,2026-01-22 10:40:00,43.9,43.94,43.9,43.94,6900,302914.0
001395.SZ,2026-01-22 10:41:00,43.94,43.94,43.9,43.9,900,39538.0
001395.SZ,2026-01-22 10:42:00,43.92,43.96,43.92,43.96,7500,329613.0
001395.SZ,2026-01-22 10:43:00,43.96,43.96,43.9,43.9,4200,184551.0
001395.SZ,2026-01-22 10:44:00,43.9,43.9,43.9,43.9,1000,43900.0
001395.SZ,2026-01-22 10:45:00,43.9,43.9,43.88,43.88,1300,57053.0
001395.SZ,2026-01-22 10:46:00,43.89,43.89,43.83,43.83,2100,92091.0
001395.SZ,2026-01-22 10:47:00,43.83,43.85,43.83,43.85,2212,96986.2
001395.SZ,2026-01-22 10:48:00,43.87,43.87,43.87,43.87,500,21933.0
001395.SZ,2026-01-22 10:49:00,43.88,43.88,43.88,43.88,100,4388.0
001395.SZ,2026-01-22 10:50:00,43.88,43.88,43.88,43.88,200,8776.0
001395.SZ,2026-01-22 10:51:00,43.88,43.88,43.88,43.88,400,17550.0
001395.SZ,2026-01-22 10:52:00,43.86,43.88,43.86,43.88,700,30704.0
001395.SZ,2026-01-22 10:53:00,43.88,43.88,43.88,43.88,0,0.0
001395.SZ,2026-01-22 10:54:00,43.88,43.88,43.88,43.88,1400,61432.0
001395.SZ,2026-01-22 10:55:00,43.88,43.88,43.88,43.88,600,26328.0
001395.SZ,2026-01-22 10:56:00,43.88,43.88,43.88,43.88,0,0.0
001395.SZ,2026-01-22 10:57:00,43.88,43.88,43.88,43.88,0,0.0
001395.SZ,2026-01-22 10:58:00,43.88,43.88,43.88,43.88,800,35104.0
001395.SZ,2026-01-22 10:59:00,43.88,43.88,43.88,43.88,600,26328.0
001395.SZ,2026-01-22 11:00:00,43.89,43.89,43.89,43.89,200,8778.0
001395.SZ,2026-01-22 11:01:00,43.87,43.89,43.87,43.88,1700,74591.0
001395.SZ,2026-01-22 11:02:00,43.88,43.88,43.87,43.87,400,17549.0
001395.SZ,2026-01-22 11:03:00,43.87,43.87,43.87,43.87,100,4387.0
001395.SZ,2026-01-22 11:04:00,43.87,43.87,43.85,43.87,800,35094.0
001395.SZ,2026-01-22 11:05:00,43.83,43.85,43.82,43.85,3936,172520.6
001395.SZ,2026-01-22 11:06:00,43.85,43.85,43.85,43.85,500,21925.0
001395.SZ,2026-01-22 11:07:00,43.85,43.87,43.85,43.86,1000,43859.0
001395.SZ,2026-01-22 11:08:00,43.86,43.86,43.85,43.86,2100,92094.0
001395.SZ,2026-01-22 11:09:00,43.84,43.84,43.82,43.83,1752,76812.2
001395.SZ,2026-01-22 11:10:00,43.83,43.83,43.83,43.83,400,17532.0
001395.SZ,2026-01-22 11:11:00,43.84,43.84,43.84,43.84,900,39456.0
001395.SZ,2026-01-22 11:12:00,43.82,43.86,43.82,43.86,1600,70122.0
001395.SZ,2026-01-22 11:13:00,43.83,43.83,43.83,43.83,100,4383.0
001395.SZ,2026-01-22 11:14:00,43.82,43.88,43.82,43.88,2600,113969.0
001395.SZ,2026-01-22 11:15:00,43.85,43.85,43.85,43.85,800,35084.0
001395.SZ,2026-01-22 11:16:00,43.85,43.85,43.82,43.82,1600,70134.0
001395.SZ,2026-01-22 11:17:00,43.82,43.82,43.8,43.8,5200,227803.0
001395.SZ,2026-01-22 11:18:00,43.8,43.8,43.77,43.77,1100,48170.0
001395.SZ,2026-01-22 11:19:00,43.77,43.77,43.77,43.77,0,0.0
001395.SZ,2026-01-22 11:20:00,43.77,43.77,43.77,43.77,700,30639.0
001395.SZ,2026-01-22 11:21:00,43.74,43.74,43.74,43.74,2600,113724.0
001395.SZ,2026-01-22 11:22:00,43.74,43.82,43.74,43.82,9400,411499.0
001395.SZ,2026-01-22 11:23:00,43.82,43.82,43.82,43.82,0,0.0
001395.SZ,2026-01-22 11:24:00,43.86,43.86,43.86,43.86,400,17544.0
001395.SZ,2026-01-22 11:25:00,43.86,43.86,43.83,43.83,1200,52620.0
001395.SZ,2026-01-22 11:26:00,43.86,43.86,43.86,43.86,1200,52632.0
001395.SZ,2026-01-22 11:27:00,43.87,43.88,43.87,43.88,1300,57032.0
001395.SZ,2026-01-22 11:28:00,43.88,43.89,43.88,43.89,1300,57053.0
001395.SZ,2026-01-22 11:29:00,43.88,43.88,43.88,43.88,200,8776.0
001395.SZ,2026-01-22 11:30:00,43.89,43.89,43.86,43.86,700,30705.0
001395.SZ,2026-01-22 13:01:00,43.86,43.86,43.86,43.86,500,21930.0
001395.SZ,2026-01-22 13:02:00,43.84,43.84,43.84,43.84,500,21920.0
001395.SZ,2026-01-22 13:03:00,43.83,43.83,43.83,43.83,1000,43830.0
001395.SZ,2026-01-22 13:04:00,43.82,43.82,43.82,43.82,2500,109550.0
001395.SZ,2026-01-22 13:05:00,43.82,43.82,43.82,43.82,1000,43817.0
001395.SZ,2026-01-22 13:06:00,43.8,43.8,43.8,43.8,200,8760.0
001395.SZ,2026-01-22 13:07:00,43.8,43.8,43.8,43.8,500,21900.0
001395.SZ,2026-01-22 13:08:00,43.79,43.79,43.79,43.79,200,8758.0
001395.SZ,2026-01-22 13:09:00,43.79,43.8,43.79,43.8,1600,70072.0
001395.SZ,2026-01-22 13:10:00,43.8,43.8,43.8,43.8,700,30660.0
001395.SZ,2026-01-22 13:11:00,43.8,43.8,43.75,43.75,4800,210110.0
001395.SZ,2026-01-22 13:12:00,43.75,43.76,43.75,43.76,3300,144380.0
001395.SZ,2026-01-22 13:13:00,43.76,43.76,43.76,43.76,0,0.0
001395.SZ,2026-01-22 13:14:00,43.77,43.79,43.77,43.79,700,30649.0
001395.SZ,2026-01-22 13:15:00,43.77,43.77,43.77,43.77,200,8754.0
001395.SZ,2026-01-22 13:16:00,43.79,43.79,43.75,43.75,19400,848789.0
001395.SZ,2026-01-22 13:17:00,43.77,43.77,43.76,43.76,300,13130.0
001395.SZ,2026-01-22 13:18:00,43.79,43.79,43.79,43.79,100,4379.0
001395.SZ,2026-01-22 13:19:00,43.79,43.79,43.78,43.78,1600,70056.0
001395.SZ,2026-01-22 13:20:00,43.78,43.78,43.78,43.78,2400,105087.0
001395.SZ,2026-01-22 13:21:00,43.78,43.78,43.78,43.78,0,0.0
001395.SZ,2026-01-22 13:22:00,43.8,43.8,43.78,43.78,5200,227681.0
001395.SZ,2026-01-22 13:23:00,43.77,43.77,43.77,43.77,100,4377.0
001395.SZ,2026-01-22 13:24:00,43.77,43.79,43.77,43.78,5600,245203.0
001395.SZ,2026-01-22 13:25:00,43.78,43.8,43.78,43.8,600,26278.0
001395.SZ,2026-01-22 13:26:00,43.8,43.8,43.8,43.8,200,8760.0
001395.SZ,2026-01-22 13:27:00,43.77,43.81,43.77,43.81,5100,223357.0
001395.SZ,2026-01-22 13:28:00,43.8,43.8,43.8,43.8,1900,83248.0
001395.SZ,2026-01-22 13:29:00,43.8,43.8,43.8,43.8,721,31579.8
001395.SZ,2026-01-22 13:30:00,43.8,43.8,43.8,43.8,200,8761.0
001395.SZ,2026-01-22 13:31:00,43.81,43.81,43.81,43.81,2600,113906.0
001395.SZ,2026-01-22 13:32:00,43.81,43.81,43.8,43.81,1800,78852.0
001395.SZ,2026-01-22 13:33:00,43.81,43.81,43.81,43.81,1200,52572.0
001395.SZ,2026-01-22 13:34:00,43.8,43.89,43.8,43.89,7300,320208.0
001395.SZ,2026-01-22 13:35:00,43.88,43.93,43.88,43.93,3700,162412.0
001395.SZ,2026-01-22 13:36:00,43.91,43.95,43.91,43.95,4400,193289.0
001395.SZ,2026-01-22 13:37:00,43.96,44.0,43.94,43.95,7100,312295.0
001395.SZ,2026-01-22 13:38:00,43.92,43.92,43.88,43.89,4700,206413.0
001395.SZ,2026-01-22 13:39:00,43.87,43.87,43.85,43.85,1800,78955.0
001395.SZ,2026-01-22 13:40:00,43.9,43.9,43.9,43.9,1600,70256.0
001395.SZ,2026-01-22 13:41:00,43.85,43.89,43.85,43.85,3400,149157.0
001395.SZ,2026-01-22 13:42:00,43.85,43.86,43.84,43.84,3200,140313.0
001395.SZ,2026-01-22 13:43:00,43.77,43.83,43.77,43.83,500,21897.0
001395.SZ,2026-01-22 13:44:00,43.83,43.83,43.83,43.83,300,13149.0
001395.SZ,2026-01-22 13:45:00,43.81,43.83,43.8,43.83,1100,48206.0
001395.SZ,2026-01-22 13:46:00,43.8,43.8,43.8,43.8,400,17520.0
001395.SZ,2026-01-22 13:47:00,43.8,43.81,43.8,43.81,1000,43807.0
001395.SZ,2026-01-22 13:48:00,43.8,43.8,43.8,43.8,4900,214620.0
001395.SZ,2026-01-22 13:49:00,43.78,43.78,43.78,43.78,700,30648.0
001395.SZ,2026-01-22 13:50:00,43.76,43.76,43.76,43.76,1000,43762.0
001395.SZ,2026-01-22 13:51:00,43.76,43.76,43.76,43.76,200,8752.0
001395.SZ,2026-01-22 13:52:00,43.76,43.77,43.76,43.77,500,21883.0
001395.SZ,2026-01-22 13:53:00,43.78,43.79,43.77,43.77,2300,100700.0
001395.SZ,2026-01-22 13:54:00,43.78,43.78,43.78,43.78,500,21890.0
001395.SZ,2026-01-22 13:55:00,43.78,43.78,43.77,43.77,3100,135702.0
001395.SZ,2026-01-22 13:56:00,43.79,43.79,43.78,43.78,500,21891.0
001395.SZ,2026-01-22 13:57:00,43.77,43.78,43.77,43.78,800,35022.0
001395.SZ,2026-01-22 13:58:00,43.78,43.78,43.78,43.78,1300,56914.0
001395.SZ,2026-01-22 13:59:00,43.78,43.78,43.78,43.78,100,4378.0
001395.SZ,2026-01-22 14:00:00,43.78,43.8,43.78,43.8,2600,113870.0
001395.SZ,2026-01-22 14:01:00,43.8,43.81,43.8,43.81,500,21901.0
001395.SZ,2026-01-22 14:02:00,43.79,43.79,43.79,43.79,1700,74454.0
001395.SZ,2026-01-22 14:03:00,43.8,43.8,43.8,43.8,100,4380.0
001395.SZ,2026-01-22 14:04:00,43.8,43.8,43.8,43.8,600,26280.0
001395.SZ,2026-01-22 14:05:00,43.8,43.81,43.8,43.81,2800,122667.0
001395.SZ,2026-01-22 14:06:00,43.82,43.82,43.81,43.81,3300,144586.0
001395.SZ,2026-01-22 14:07:00,43.8,43.82,43.8,43.8,2900,127028.0
001395.SZ,2026-01-22 14:08:00,43.8,43.8,43.79,43.8,5700,249645.0
001395.SZ,2026-01-22 14:09:00,43.78,43.8,43.78,43.79,700,30655.0
001395.SZ,2026-01-22 14:10:00,43.79,43.79,43.79,43.79,0,0.0
001395.SZ,2026-01-22 14:11:00,43.79,43.79,43.75,43.75,13900,608449.0
001395.SZ,2026-01-22 14:12:00,43.73,43.73,43.72,43.72,3100,135548.0
001395.SZ,2026-01-22 14:13:00,43.73,43.75,43.73,43.75,700,30617.0
001395.SZ,2026-01-22 14:14:00,43.73,43.73,43.72,43.72,5800,253585.0
001395.SZ,2026-01-22 14:15:00,43.72,43.72,43.72,43.72,700,30604.0
001395.SZ,2026-01-22 14:16:00,43.72,43.72,43.72,43.72,500,21860.0
001395.SZ,2026-01-22 14:17:00,43.72,43.76,43.72,43.76,2500,109325.0
001395.SZ,2026-01-22 14:18:00,43.71,43.74,43.71,43.74,1800,78698.0
001395.SZ,2026-01-22 14:19:00,43.74,43.75,43.74,43.75,200,8749.0
001395.SZ,2026-01-22 14:20:00,43.76,43.76,43.76,43.76,500,21880.0
001395.SZ,2026-01-22 14:21:00,43.73,43.73,43.73,43.73,700,30611.0
001395.SZ,2026-01-22 14:22:00,43.73,43.73,43.73,43.73,0,0.0
001395.SZ,2026-01-22 14:23:00,43.74,43.76,43.73,43.76,2000,87485.0
001395.SZ,2026-01-22 14:24:00,43.76,43.77,43.72,43.72,700,30624.0
001395.SZ,2026-01-22 14:25:00,43.73,43.73,43.73,43.73,200,8746.0
001395.SZ,2026-01-22 14:26:00,43.76,43.76,43.76,43.76,500,21880.0
001395.SZ,2026-01-22 14:27:00,43.76,43.77,43.76,43.77,1200,52514.0
001395.SZ,2026-01-22 14:28:00,43.77,43.77,43.77,43.77,200,8754.0
001395.SZ,2026-01-22 14:29:00,43.76,43.76,43.76,43.76,900,39384.0
001395.SZ,2026-01-22 14:30:00,43.75,43.77,43.74,43.74,3700,161895.0
001395.SZ,2026-01-22 14:31:00,43.75,43.76,43.74,43.75,1000,43751.0
001395.SZ,2026-01-22 14:32:00,43.73,43.74,43.72,43.74,4700,205549.0
001395.SZ,2026-01-22 14:33:00,43.75,43.75,43.74,43.75,1800,78737.0
001395.SZ,2026-01-22 14:34:00,43.74,43.75,43.73,43.73,2600,113712.0
001395.SZ,2026-01-22 14:35:00,43.72,43.72,43.7,43.7,15300,668880.0
001395.SZ,2026-01-22 14:36:00,43.7,43.72,43.7,43.7,1200,52449.0
001395.SZ,2026-01-22 14:37:00,43.7,43.7,43.6,43.6,58900,2572973.0
001395.SZ,2026-01-22 14:38:00,43.62,43.65,43.62,43.62,1800,78528.0
001395.SZ,2026-01-22 14:39:00,43.62,43.62,43.58,43.58,6300,274690.0
001395.SZ,2026-01-22 14:40:00,43.6,43.62,43.6,43.62,2700,117743.0
001395.SZ,2026-01-22 14:41:00,43.62,43.62,43.61,43.62,1700,74145.0
001395.SZ,2026-01-22 14:42:00,43.62,43.62,43.61,43.62,2300,100321.0
001395.SZ,2026-01-22 14:43:00,43.62,43.62,43.61,43.62,6800,296570.0
001395.SZ,2026-01-22 14:44:00,43.62,43.62,43.61,43.62,7800,340213.0
001395.SZ,2026-01-22 14:45:00,43.61,43.62,43.6,43.6,3900,170079.0
001395.SZ,2026-01-22 14:46:00,43.61,43.62,43.61,43.61,2500,109028.0
001395.SZ,2026-01-22 14:47:00,43.62,43.63,43.6,43.6,13800,601963.0
001395.SZ,2026-01-22 14:48:00,43.6,43.6,43.55,43.59,17900,780232.0
001395.SZ,2026-01-22 14:49:00,43.57,43.57,43.57,43.57,2300,100211.0
001395.SZ,2026-01-22 14:50:00,43.57,43.58,43.57,43.58,900,39221.0
001395.SZ,2026-01-22 14:51:00,43.59,43.63,43.58,43.63,3400,148223.0
001395.SZ,2026-01-22 14:52:00,43.61,43.62,43.61,43.62,800,34888.0
001395.SZ,2026-01-22 14:53:00,43.62,43.63,43.62,43.63,5100,222480.0
001395.SZ,2026-01-22 14:54:00,43.63,43.66,43.63,43.65,7700,336017.0
001395.SZ,2026-01-22 14:55:00,43.65,43.66,43.63,43.64,4100,178954.6
001395.SZ,2026-01-22 14:56:00,43.64,43.66,43.64,43.66,4700,205156.0
001395.SZ,2026-01-22 14:57:00,43.66,43.71,43.66,43.71,11500,502228.0
001395.SZ,2026-01-22 14:58:00,43.71,43.71,43.71,43.71,0,0.0
001395.SZ,2026-01-22 14:59:00,43.71,43.71,43.71,43.71,0,0.0
001395.SZ,2026-01-22 15:00:00,43.7,43.7,43.7,43.7,17600,769120.0
001395.SZ,2026-01-23 09:30:00,43.69,43.69,43.69,43.69,11200,489328.0
001395.SZ,2026-01-23 09:31:00,43.7,43.74,43.52,43.53,31900,1392696.0
001395.SZ,2026-01-23 09:32:00,43.55,43.64,43.55,43.58,12700,553211.0
001395.SZ,2026-01-23 09:33:00,43.58,43.77,43.58,43.77,6400,279570.0
001395.SZ,2026-01-23 09:34:00,43.76,43.76,43.73,43.73,1700,74361.0
001395.SZ,2026-01-23 09:35:00,43.73,43.73,43.71,43.71,7000,306000.0
001395.SZ,2026-01-23 09:36:00,43.72,43.76,43.72,43.73,2600,113723.0
001395.SZ,2026-01-23 09:37:00,43.76,43.76,43.75,43.75,700,30620.0
001395.SZ,2026-01-23 09:38:00,43.73,43.76,43.71,43.73,14100,616575.0
001395.SZ,2026-01-23 09:39:00,43.73,43.73,43.71,43.71,7400,323504.0
001395.SZ,2026-01-23 09:40:00,43.71,43.87,43.69,43.87,14400,629909.0
001395.SZ,2026-01-23 09:41:00,43.77,43.8,43.76,43.8,3500,153216.0
001395.SZ,2026-01-23 09:42:00,43.83,43.84,43.76,43.84,7900,345989.0
001395.SZ,2026-01-23 09:43:00,43.83,43.83,43.81,43.81,200,8764.0
001395.SZ,2026-01-23 09:44:00,43.81,43.87,43.81,43.87,10500,460259.0
001395.SZ,2026-01-23 09:45:00,43.84,43.86,43.84,43.84,3000,131534.0
001395.SZ,2026-01-23 09:46:00,43.84,43.84,43.82,43.84,5200,227947.0
001395.SZ,2026-01-23 09:47:00,43.86,43.94,43.83,43.93,22200,973768.0
001395.SZ,2026-01-23 09:48:00,43.95,43.95,43.9,43.9,4700,206469.0
001395.SZ,2026-01-23 09:49:00,43.87,43.89,43.85,43.89,5500,241190.0
001395.SZ,2026-01-23 09:50:00,43.89,43.94,43.89,43.92,6900,303003.0
001395.SZ,2026-01-23 09:51:00,43.93,43.96,43.93,43.95,21700,953581.0
001395.SZ,2026-01-23 09:52:00,43.95,44.0,43.95,44.0,22100,971778.0
001395.SZ,2026-01-23 09:53:00,44.0,44.08,43.99,44.0,18100,796489.0
001395.SZ,2026-01-23 09:54:00,44.0,44.0,43.98,43.98,3800,167168.0
001395.SZ,2026-01-23 09:55:00,43.98,44.0,43.98,44.0,5200,228733.0
001395.SZ,2026-01-23 09:56:00,43.99,43.99,43.97,43.97,1300,57172.0
001395.SZ,2026-01-23 09:57:00,43.96,43.97,43.95,43.95,8900,391199.0
001395.SZ,2026-01-23 09:58:00,43.95,43.95,43.92,43.92,2400,105455.0
001395.SZ,2026-01-23 09:59:00,43.88,43.9,43.88,43.9,3200,140430.0
001395.SZ,2026-01-23 10:00:00,43.88,43.94,43.88,43.91,7000,307462.0
001395.SZ,2026-01-23 10:01:00,43.88,43.88,43.79,43.8,14900,653375.0
001395.SZ,2026-01-23 10:02:00,43.8,43.82,43.79,43.82,3600,157698.0
001395.SZ,2026-01-23 10:03:00,43.84,43.84,43.84,43.84,300,13152.0
001395.SZ,2026-01-23 10:04:00,43.88,43.88,43.86,43.86,900,39488.0
001395.SZ,2026-01-23 10:05:00,43.88,43.88,43.85,43.87,4400,193007.0
001395.SZ,2026-01-23 10:06:00,43.83,43.87,43.82,43.82,5600,245465.0
001395.SZ,2026-01-23 10:07:00,43.82,43.82,43.82,43.82,400,17528.0
001395.SZ,2026-01-23 10:08:00,43.82,43.87,43.82,43.87,1300,56999.0
001395.SZ,2026-01-23 10:09:00,43.84,43.89,43.84,43.89,1200,52653.0
001395.SZ,2026-01-23 10:10:00,43.89,43.89,43.88,43.89,10300,451969.0
001395.SZ,2026-01-23 10:11:00,43.91,43.93,43.91,43.91,5900,258985.0
001395.SZ,2026-01-23 10:12:00,43.9,43.91,43.88,43.91,3000,131716.0
001395.SZ,2026-01-23 10:13:00,43.89,44.01,43.89,44.01,68740,3018737.5
001395.SZ,2026-01-23 10:14:00,44.01,44.02,44.0,44.02,7700,338860.0
001395.SZ,2026-01-23 10:15:00,44.08,44.18,44.08,44.18,32800,1446832.0
001395.SZ,2026-01-23 10:16:00,44.17,44.19,44.06,44.06,6500,286725.0
001395.SZ,2026-01-23 10:17:00,44.02,44.06,44.02,44.06,1000,44044.0
001395.SZ,2026-01-23 10:18:00,44.07,44.07,44.05,44.05,6000,264370.0
001395.SZ,2026-01-23 10:19:00,44.04,44.06,44.02,44.06,3500,154161.0
001395.SZ,2026-01-23 10:20:00,44.05,44.16,44.05,44.12,14500,639810.0
001395.SZ,2026-01-23 10:21:00,44.13,44.13,44.05,44.09,2500,110275.0
001395.SZ,2026-01-23 10:22:00,44.09,44.09,44.08,44.08,4300,189550.0
001395.SZ,2026-01-23 10:23:00,44.08,44.08,44.05,44.05,8000,352615.0
001395.SZ,2026-01-23 10:24:00,44.05,44.06,44.03,44.03,2300,101305.0
001395.SZ,2026-01-23 10:25:00,44.01,44.04,44.01,44.02,2900,127636.0
001395.SZ,2026-01-23 10:26:00,44.02,44.03,44.02,44.03,1700,74837.0
001395.SZ,2026-01-23 10:27:00,44.08,44.08,44.08,44.08,700,30834.0
001395.SZ,2026-01-23 10:28:00,44.08,44.09,44.08,44.09,2700,119015.0
001395.SZ,2026-01-23 10:29:00,44.08,44.08,43.88,43.97,12200,536649.0
001395.SZ,2026-01-23 10:30:00,44.05,44.05,44.05,44.05,100,4405.0
001395.SZ,2026-01-23 10:31:00,44.03,44.03,44.03,44.03,200,8806.0
001395.SZ,2026-01-23 10:32:00,44.03,44.03,44.0,44.0,900,39612.0
001395.SZ,2026-01-23 10:33:00,44.03,44.04,43.99,43.99,4800,211303.0
001395.SZ,2026-01-23 10:34:00,43.96,43.96,43.95,43.95,3000,131865.0
001395.SZ,2026-01-23 10:35:00,43.96,44.01,43.95,44.01,800,35181.0
001395.SZ,2026-01-23 10:36:00,44.01,44.02,43.91,43.91,13900,610753.0
001395.SZ,2026-01-23 10:37:00,44.01,44.02,44.01,44.02,1600,70418.0
001395.SZ,2026-01-23 10:38:00,43.95,43.95,43.95,43.95,200,8790.0
001395.SZ,2026-01-23 10:39:00,44.01,44.01,44.0,44.0,800,35204.0
001395.SZ,2026-01-23 10:40:00,44.0,44.0,44.0,44.0,300,13200.0
001395.SZ,2026-01-23 10:41:00,44.0,44.0,44.0,44.0,400,17600.0
001395.SZ,2026-01-23 10:42:00,44.0,44.0,44.0,44.0,200,8800.0
001395.SZ,2026-01-23 10:43:00,44.0,44.0,43.99,43.99,2300,101150.0
001395.SZ,2026-01-23 10:44:00,43.99,43.99,43.99,43.99,0,0.0
001395.SZ,2026-01-23 10:45:00,43.99,43.99,43.96,43.96,2900,127511.0
001395.SZ,2026-01-23 10:46:00,43.99,43.99,43.97,43.97,1100,48369.0
001395.SZ,2026-01-23 10:47:00,43.97,43.97,43.96,43.96,1000,43969.0
001395.SZ,2026-01-23 10:48:00,43.96,43.96,43.95,43.95,1700,74728.0
001395.SZ,2026-01-23 10:49:00,43.96,43.96,43.96,43.96,400,17584.0
001395.SZ,2026-01-23 10:50:00,43.96,43.96,43.95,43.95,2300,101092.0
001395.SZ,2026-01-23 10:51:00,43.95,43.95,43.86,43.86,3000,131779.0
001395.SZ,2026-01-23 10:52:00,43.88,43.88,43.88,43.88,300,13164.0
001395.SZ,2026-01-23 10:53:00,43.9,43.9,43.9,43.9,100,4390.0
001395.SZ,2026-01-23 10:54:00,43.9,43.9,43.9,43.9,200,8780.0
001395.SZ,2026-01-23 10:55:00,43.9,43.9,43.9,43.9,0,0.0
001395.SZ,2026-01-23 10:56:00,43.9,43.9,43.9,43.9,0,0.0
001395.SZ,2026-01-23 10:57:00,43.81,43.82,43.8,43.8,14700,644460.0
001395.SZ,2026-01-23 10:58:00,43.8,43.82,43.8,43.81,5400,236573.0
001395.SZ,2026-01-23 10:59:00,43.83,43.85,43.83,43.83,400,17536.0
001395.SZ,2026-01-23 11:00:00,43.83,43.83,43.83,43.83,400,17532.0
001395.SZ,2026-01-23 11:01:00,43.86,43.86,43.86,43.86,300,13158.0
001395.SZ,2026-01-23 11:02:00,43.86,43.86,43.85,43.85,1200,52625.0
001395.SZ,2026-01-23 11:03:00,43.85,43.85,43.84,43.84,4600,201713.0
001395.SZ,2026-01-23 11:04:00,43.83,43.84,43.83,43.84,1100,48222.0
001395.SZ,2026-01-23 11:05:00,43.84,43.85,43.84,43.84,1500,65763.0
001395.SZ,2026-01-23 11:06:00,43.84,43.85,43.84,43.84,2700,118376.0
001395.SZ,2026-01-23 11:07:00,43.84,43.87,43.84,43.87,900,39477.0
001395.SZ,2026-01-23 11:08:00,43.85,43.85,43.84,43.84,1900,83314.0
001395.SZ,2026-01-23 11:09:00,43.84,43.85,43.83,43.83,3900,170975.0
001395.SZ,2026-01-23 11:10:00,43.83,43.84,43.83,43.84,800,35071.0
001395.SZ,2026-01-23 11:11:00,43.84,43.85,43.82,43.82,6600,289308.0
001395.SZ,2026-01-23 11:12:00,43.81,43.81,43.77,43.77,7000,306587.0
001395.SZ,2026-01-23 11:13:00,43.77,43.77,43.77,43.77,1500,65655.0
001395.SZ,2026-01-23 11:14:00,43.79,43.81,43.79,43.81,400,17518.0
001395.SZ,2026-01-23 11:15:00,43.81,43.81,43.78,43.78,3100,135762.0
001395.SZ,2026-01-23 11:16:00,43.78,43.79,43.78,43.78,3400,148878.0
001395.SZ,2026-01-23 11:17:00,43.79,43.79,43.77,43.77,3200,140126.0
001395.SZ,2026-01-23 11:18:00,43.78,43.79,43.78,43.79,1100,48162.0
001395.SZ,2026-01-23 11:19:00,43.79,43.79,43.79,43.79,2200,96338.0
001395.SZ,2026-01-23 11:20:00,43.79,43.79,43.78,43.78,1200,52539.0
001395.SZ,2026-01-23 11:21:00,43.79,43.8,43.79,43.8,1200,52550.0
001395.SZ,2026-01-23 11:22:00,43.84,43.84,43.84,43.84,100,4384.0
001395.SZ,2026-01-23 11:23:00,43.8,43.81,43.8,43.81,1800,78857.0
001395.SZ,2026-01-23 11:24:00,43.81,43.81,43.81,43.81,200,8762.0
001395.SZ,2026-01-23 11:25:00,43.81,43.85,43.81,43.85,2700,118335.0
001395.SZ,2026-01-23 11:26:00,43.85,43.85,43.85,43.85,2100,92085.0
001395.SZ,2026-01-23 11:27:00,43.86,43.87,43.86,43.87,300,13160.0
001395.SZ,2026-01-23 11:28:00,43.87,43.87,43.87,43.87,0,0.0
001395.SZ,2026-01-23 11:29:00,43.87,43.87,43.87,43.87,1300,57031.0
001395.SZ,2026-01-23 11:30:00,43.87,43.88,43.87,43.88,1400,61422.0
001395.SZ,2026-01-23 13:01:00,43.88,43.9,43.88,43.9,4400,193106.0
001395.SZ,2026-01-23 13:02:00,43.89,43.89,43.89,43.89,1800,79003.0
001395.SZ,2026-01-23 13:03:00,43.89,43.89,43.89,43.89,0,0.0
001395.SZ,2026-01-23 13:04:00,43.88,43.88,43.88,43.88,100,4388.0
001395.SZ,2026-01-23 13:05:00,43.87,43.9,43.87,43.89,1900,83385.0
001395.SZ,2026-01-23 13:06:00,43.88,43.89,43.88,43.89,2600,114090.0
001395.SZ,2026-01-23 13:07:00,43.89,43.92,43.88,43.92,3000,131670.0
001395.SZ,2026-01-23 13:08:00,43.92,43.99,43.92,43.98,6800,298770.0
001395.SZ,2026-01-23 13:09:00,43.98,44.0,43.98,44.0,5200,228767.0
001395.SZ,2026-01-23 13:10:00,43.99,43.99,43.98,43.99,2300,101157.0
001395.SZ,2026-01-23 13:11:00,43.99,43.99,43.97,43.97,300,13194.0
001395.SZ,2026-01-23 13:12:00,43.96,43.97,43.96,43.97,1100,48357.0
001395.SZ,2026-01-23 13:13:00,43.96,43.97,43.96,43.97,1300,57160.0
001395.SZ,2026-01-23 13:14:00,43.97,44.13,43.97,44.11,31900,1405022.0
001395.SZ,2026-01-23 13:15:00,44.1,44.16,44.1,44.16,20300,895893.0
001395.SZ,2026-01-23 13:16:00,44.19,44.19,44.14,44.17,20700,914325.0
001395.SZ,2026-01-23 13:17:00,44.15,44.16,44.09,44.09,4700,207447.0
001395.SZ,2026-01-23 13:18:00,44.08,44.08,44.08,44.08,1300,57304.0
001395.SZ,2026-01-23 13:19:00,44.08,44.08,44.05,44.07,5400,238023.0
001395.SZ,2026-01-23 13:20:00,44.08,44.08,44.07,44.08,3600,158663.0
001395.SZ,2026-01-23 13:21:00,44.09,44.09,44.09,44.09,600,26454.0
001395.SZ,2026-01-23 13:22:00,44.09,44.1,44.09,44.09,4400,193988.0
001395.SZ,2026-01-23 13:23:00,44.09,44.09,44.08,44.08,2500,110212.0
001395.SZ,2026-01-23 13:24:00,44.07,44.08,44.07,44.07,2300,101372.0
001395.SZ,2026-01-23 13:25:00,44.08,44.08,44.05,44.05,7300,321705.0
001395.SZ,2026-01-23 13:26:00,44.04,44.05,44.04,44.04,3800,167355.0
001395.SZ,2026-01-23 13:27:00,44.04,44.11,44.03,44.07,19300,850152.0
001395.SZ,2026-01-23 13:28:00,44.08,44.08,44.08,44.08,600,26448.0
001395.SZ,2026-01-23 13:29:00,44.08,44.08,44.08,44.08,0,0.0
001395.SZ,2026-01-23 13:30:00,44.06,44.11,44.06,44.1,7100,313020.0
001395.SZ,2026-01-23 13:31:00,44.1,44.1,43.99,43.99,13500,594434.0
001395.SZ,2026-01-23 13:32:00,43.99,44.01,43.99,44.01,8500,373980.0
001395.SZ,2026-01-23 13:33:00,44.03,44.06,44.03,44.03,1300,57245.0
001395.SZ,2026-01-23 13:34:00,44.05,44.08,44.05,44.08,1200,52869.0
001395.SZ,2026-01-23 13:35:00,44.08,44.08,44.08,44.08,0,0.0
001395.SZ,2026-01-23 13:36:00,44.07,44.07,44.05,44.06,2200,96944.0
001395.SZ,2026-01-23 13:37:00,44.05,44.05,44.05,44.05,300,13215.0
001395.SZ,2026-01-23 13:38:00,44.04,44.07,44.04,44.07,5700,251081.0
001395.SZ,2026-01-23 13:39:00,44.07,44.08,44.07,44.08,1000,44074.0
001395.SZ,2026-01-23 13:40:00,44.08,44.08,44.06,44.06,1200,52885.0
001395.SZ,2026-01-23 13:41:00,44.07,44.11,44.07,44.11,19800,872700.0
001395.SZ,2026-01-23 13:42:00,44.09,44.09,44.06,44.06,3500,154233.0
001395.SZ,2026-01-23 13:43:00,44.05,44.06,44.05,44.05,2300,101316.0
001395.SZ,2026-01-23 13:44:00,44.03,44.03,44.0,44.0,9500,418100.0
001395.SZ,2026-01-23 13:45:00,44.0,44.01,44.0,44.0,1100,48407.0
001395.SZ,2026-01-23 13:46:00,44.0,44.0,43.97,43.97,1300,57182.0
001395.SZ,2026-01-23 13:47:00,43.99,44.0,43.99,44.0,1200,52793.0
001395.SZ,2026-01-23 13:48:00,44.0,44.0,44.0,44.0,2700,118800.0
001395.SZ,2026-01-23 13:49:00,44.0,44.0,44.0,44.0,1100,48400.0
001395.SZ,2026-01-23 13:50:00,44.0,44.0,44.0,44.0,7100,312400.0
001395.SZ,2026-01-23 13:51:00,44.0,44.0,44.0,44.0,0,0.0
001395.SZ,2026-01-23 13:52:00,44.08,44.08,44.08,44.08,700,30856.0
001395.SZ,2026-01-23 13:53:00,44.08,44.08,44.08,44.08,0,0.0
001395.SZ,2026-01-23 13:54:00,44.06,44.06,44.06,44.06,300,13218.0
001395.SZ,2026-01-23 13:55:00,44.06,44.07,44.06,44.07,1200,52874.0
001395.SZ,2026-01-23 13:56:00,44.07,44.07,44.07,44.07,200,8814.0
001395.SZ,2026-01-23 13:57:00,44.06,44.07,44.06,44.06,2200,96941.0
001395.SZ,2026-01-23 13:58:00,44.05,44.06,44.05,44.06,1000,44051.0
001395.SZ,2026-01-23 13:59:00,44.05,44.05,44.04,44.04,1300,57255.0
001395.SZ,2026-01-23 14:00:00,44.05,44.06,44.05,44.06,3100,136561.0
001395.SZ,2026-01-23 14:01:00,44.06,44.06,44.06,44.06,7200,317232.0
001395.SZ,2026-01-23 14:02:00,44.07,44.07,44.07,44.07,2200,96954.0
001395.SZ,2026-01-23 14:03:00,44.06,44.06,44.06,44.06,1700,74902.0
001395.SZ,2026-01-23 14:04:00,44.05,44.06,44.05,44.05,1700,74889.0
001395.SZ,2026-01-23 14:05:00,44.05,44.07,44.05,44.06,3700,163009.0
001395.SZ,2026-01-23 14:06:00,44.08,44.08,44.07,44.07,1300,57300.0
001395.SZ,2026-01-23 14:07:00,44.06,44.08,44.06,44.08,11500,506747.0
001395.SZ,2026-01-23 14:08:00,44.08,44.1,44.08,44.1,4500,198393.0
001395.SZ,2026-01-23 14:09:00,44.09,44.14,44.09,44.14,21200,935076.0
001395.SZ,2026-01-23 14:10:00,44.14,44.15,44.13,44.13,5500,242741.0
001395.SZ,2026-01-23 14:11:00,44.13,44.13,44.11,44.11,2600,114715.0
001395.SZ,2026-01-23 14:12:00,44.11,44.13,44.09,44.11,2100,92634.0
001395.SZ,2026-01-23 14:13:00,44.11,44.11,44.09,44.09,1000,44104.0
001395.SZ,2026-01-23 14:14:00,44.08,44.1,44.08,44.1,1700,74960.0
001395.SZ,2026-01-23 14:15:00,44.11,44.12,44.08,44.08,1400,61745.0
001395.SZ,2026-01-23 14:16:00,44.12,44.14,44.12,44.14,7600,335352.0
001395.SZ,2026-01-23 14:17:00,44.14,44.14,44.13,44.14,6100,269245.0
001395.SZ,2026-01-23 14:18:00,44.14,44.14,44.13,44.13,4700,207446.0
001395.SZ,2026-01-23 14:19:00,44.15,44.24,44.14,44.24,77800,3437980.0
001395.SZ,2026-01-23 14:20:00,44.23,44.27,44.23,44.24,9900,438067.0
001395.SZ,2026-01-23 14:21:00,44.24,44.34,44.24,44.34,38900,1722619.0
001395.SZ,2026-01-23 14:22:00,44.34,44.34,44.31,44.31,6000,265920.0
001395.SZ,2026-01-23 14:23:00,44.31,44.31,44.28,44.3,6300,279102.0
001395.SZ,2026-01-23 14:24:00,44.31,44.32,44.29,44.31,21200,939240.0
001395.SZ,2026-01-23 14:25:00,44.31,44.31,44.29,44.3,6700,296829.0
001395.SZ,2026-01-23 14:26:00,44.31,44.4,44.3,44.38,22700,1006506.0
001395.SZ,2026-01-23 14:27:00,44.42,44.42,44.4,44.4,10800,479555.0
001395.SZ,2026-01-23 14:28:00,44.41,44.5,44.41,44.5,45191,2009684.2
001395.SZ,2026-01-23 14:29:00,44.48,44.48,44.43,44.43,17200,764788.0
001395.SZ,2026-01-23 14:30:00,44.43,44.43,44.4,44.41,2300,102153.0
001395.SZ,2026-01-23 14:31:00,44.41,44.43,44.41,44.43,3600,159903.0
001395.SZ,2026-01-23 14:32:00,44.42,44.45,44.41,44.45,8100,359879.0
001395.SZ,2026-01-23 14:33:00,44.44,44.45,44.43,44.44,4200,186651.0
001395.SZ,2026-01-23 14:34:00,44.44,44.44,44.43,44.43,20700,919762.0
001395.SZ,2026-01-23 14:35:00,44.43,44.43,44.4,44.4,2700,119923.0
001395.SZ,2026-01-23 14:36:00,44.4,44.4,44.36,44.38,4000,177561.0
001395.SZ,2026-01-23 14:37:00,44.38,44.39,44.35,44.37,8300,368264.0
001395.SZ,2026-01-23 14:38:00,44.36,44.36,44.33,44.33,4400,195184.0
001395.SZ,2026-01-23 14:39:00,44.33,44.33,44.31,44.31,7900,350115.0
001395.SZ,2026-01-23 14:40:00,44.31,44.36,44.3,44.36,7800,345813.0
001395.SZ,2026-01-23 14:41:00,44.37,44.4,44.36,44.4,6400,284064.0
001395.SZ,2026-01-23 14:42:00,44.4,44.4,44.37,44.38,5600,248574.0
001395.SZ,2026-01-23 14:43:00,44.37,44.38,44.36,44.37,2700,119799.0
001395.SZ,2026-01-23 14:44:00,44.38,44.38,44.37,44.38,5200,230759.0
001395.SZ,2026-01-23 14:45:00,44.38,44.38,44.37,44.37,1800,79869.0
001395.SZ,2026-01-23 14:46:00,44.38,44.38,44.37,44.38,7700,341711.0
001395.SZ,2026-01-23 14:47:00,44.38,44.38,44.37,44.38,6100,270696.0
001395.SZ,2026-01-23 14:48:00,44.38,44.38,44.37,44.38,4300,190819.0
001395.SZ,2026-01-23 14:49:00,44.38,44.38,44.36,44.36,5800,257341.0
001395.SZ,2026-01-23 14:50:00,44.36,44.38,44.35,44.38,14500,643287.0
001395.SZ,2026-01-23 14:51:00,44.38,44.38,44.37,44.38,10500,465923.0
001395.SZ,2026-01-23 14:52:00,44.38,44.39,44.38,44.39,16800,745644.0
001395.SZ,2026-01-23 14:53:00,44.37,44.39,44.37,44.39,8400,372810.0
001395.SZ,2026-01-23 14:54:00,44.4,44.4,44.38,44.38,5800,257482.0
001395.SZ,2026-01-23 14:55:00,44.38,44.4,44.38,44.39,14600,648040.0
001395.SZ,2026-01-23 14:56:00,44.39,44.39,44.37,44.37,14100,625679.0
001395.SZ,2026-01-23 14:57:00,44.39,44.4,44.39,44.39,12300,546006.0
001395.SZ,2026-01-23 14:58:00,44.39,44.39,44.39,44.39,0,0.0
001395.SZ,2026-01-23 14:59:00,44.39,44.39,44.39,44.39,0,0.0
001395.SZ,2026-01-23 15:00:00,44.39,44.39,44.39,44.39,25700,1140823.0
001395.SZ,2026-01-26 09:30:00,44.88,44.92,44.88,44.92,84200,3779986.0
001395.SZ,2026-01-26 09:31:00,44.93,45.88,44.93,45.67,168200,7638570.0
001395.SZ,2026-01-26 09:32:00,45.76,46.25,45.76,46.08,116400,5358703.0
001395.SZ,2026-01-26 09:33:00,45.94,45.96,45.39,45.48,56900,2602878.0
001395.SZ,2026-01-26 09:34:00,45.5,45.5,45.36,45.5,43300,1967086.0
001395.SZ,2026-01-26 09:35:00,45.49,45.58,45.21,45.28,33200,1506338.0
001395.SZ,2026-01-26 09:36:00,45.28,45.28,45.11,45.12,30200,1364354.0
001395.SZ,2026-01-26 09:37:00,45.1,45.28,45.1,45.24,37800,1709256.0
001395.SZ,2026-01-26 09:38:00,45.23,45.3,45.2,45.3,24100,1090277.0
001395.SZ,2026-01-26 09:39:00,45.27,45.27,45.11,45.12,25600,1156491.0
001395.SZ,2026-01-26 09:40:00,45.07,45.13,45.06,45.1,34200,1542375.0
001395.SZ,2026-01-26 09:41:00,45.1,45.2,45.1,45.19,21000,948597.0
001395.SZ,2026-01-26 09:42:00,45.19,45.19,45.09,45.12,9600,433129.0
001395.SZ,2026-01-26 09:43:00,45.12,45.13,45.09,45.09,12700,572899.0
001395.SZ,2026-01-26 09:44:00,45.09,45.11,45.05,45.05,17000,766175.0
001395.SZ,2026-01-26 09:45:00,45.01,45.01,44.9,44.91,29100,1308450.0
001395.SZ,2026-01-26 09:46:00,44.91,44.97,44.89,44.97,18308,822233.1
001395.SZ,2026-01-26 09:47:00,45.1,45.1,45.06,45.09,15500,698727.0
001395.SZ,2026-01-26 09:48:00,45.08,45.08,44.98,44.98,11100,499598.0
001395.SZ,2026-01-26 09:49:00,44.98,45.08,44.97,45.08,18300,823423.0
001395.SZ,2026-01-26 09:50:00,45.05,45.17,45.05,45.16,13800,622582.0
001395.SZ,2026-01-26 09:51:00,45.24,45.24,45.14,45.16,9900,447387.0
001395.SZ,2026-01-26 09:52:00,45.2,45.2,45.14,45.16,8400,379321.0
001395.SZ,2026-01-26 09:53:00,45.14,45.16,45.1,45.1,16900,762877.8
001395.SZ,2026-01-26 09:54:00,45.09,45.09,45.0,45.01,2900,130574.0
001395.SZ,2026-01-26 09:55:00,45.01,45.02,44.98,44.98,13100,589555.0
001395.SZ,2026-01-26 09:56:00,44.98,44.99,44.95,44.98,9400,422686.0
001395.SZ,2026-01-26 09:57:00,44.98,44.98,44.96,44.96,6300,283312.0
001395.SZ,2026-01-26 09:58:00,44.97,44.99,44.95,44.99,7600,341743.0
001395.SZ,2026-01-26 09:59:00,44.98,44.99,44.98,44.99,1500,67479.0
001395.SZ,2026-01-26 10:00:00,44.98,44.99,44.93,44.93,14300,642913.0
001395.SZ,2026-01-26 10:01:00,44.92,44.96,44.9,44.96,20500,920955.0
001395.SZ,2026-01-26 10:02:00,44.98,44.98,44.95,44.95,5300,238317.4
001395.SZ,2026-01-26 10:03:00,44.97,44.98,44.94,44.96,4400,197841.0
001395.SZ,2026-01-26 10:04:00,44.97,44.97,44.94,44.94,8100,364165.0
001395.SZ,2026-01-26 10:05:00,44.94,44.95,44.9,44.9,24400,1095986.0
001395.SZ,2026-01-26 10:06:00,44.9,44.91,44.9,44.9,7000,314338.0
001395.SZ,2026-01-26 10:07:00,44.9,44.93,44.9,44.92,4100,184116.0
001395.SZ,2026-01-26 10:08:00,44.93,44.93,44.71,44.71,88000,3948757.0
001395.SZ,2026-01-26 10:09:00,44.76,44.87,44.72,44.8,10000,447809.0
001395.SZ,2026-01-26 10:10:00,44.87,44.92,44.86,44.86,5000,224468.0
001395.SZ,2026-01-26 10:11:00,44.92,44.92,44.91,44.91,4700,211080.0
001395.SZ,2026-01-26 10:12:00,44.91,44.92,44.9,44.91,4200,188594.0
001395.SZ,2026-01-26 10:13:00,44.88,44.9,44.88,44.89,1300,58356.0
001395.SZ,2026-01-26 10:14:00,44.9,44.9,44.88,44.88,4900,219921.0
001395.SZ,2026-01-26 10:15:00,44.88,44.9,44.87,44.9,2600,116702.0
001395.SZ,2026-01-26 10:16:00,44.9,44.91,44.86,44.86,16900,758655.0
001395.SZ,2026-01-26 10:17:00,44.86,44.86,44.79,44.82,14100,632044.0
001395.SZ,2026-01-26 10:18:00,44.84,44.84,44.78,44.78,3700,165740.0
001395.SZ,2026-01-26 10:19:00,44.78,44.78,44.78,44.78,1300,58214.0
001395.SZ,2026-01-26 10:20:00,44.82,44.82,44.8,44.81,2100,94097.0
001395.SZ,2026-01-26 10:21:00,44.81,44.83,44.77,44.77,9600,430129.0
001395.SZ,2026-01-26 10:22:00,44.77,44.78,44.76,44.78,1600,71631.0
001395.SZ,2026-01-26 10:23:00,44.79,44.79,44.77,44.77,4600,206009.0
001395.SZ,2026-01-26 10:24:00,44.77,44.78,44.73,44.73,6300,281978.0
001395.SZ,2026-01-26 10:25:00,44.72,44.75,44.72,44.75,11900,532288.0
001395.SZ,2026-01-26 10:26:00,44.77,44.78,44.77,44.78,1952,87401.04
001395.SZ,2026-01-26 10:27:00,44.78,44.8,44.78,44.8,700,31357.0
001395.SZ,2026-01-26 10:28:00,44.82,44.86,44.82,44.84,6900,309433.0
001395.SZ,2026-01-26 10:29:00,44.84,44.85,44.83,44.85,3800,170411.0
001395.SZ,2026-01-26 10:30:00,44.83,44.83,44.81,44.81,3800,170321.0
001395.SZ,2026-01-26 10:31:00,44.8,44.82,44.75,44.75,8648,387308.97
001395.SZ,2026-01-26 10:32:00,44.75,44.75,44.75,44.75,1400,62650.0
001395.SZ,2026-01-26 10:33:00,44.76,44.77,44.74,44.76,2652,118711.52
001395.SZ,2026-01-26 10:34:00,44.77,44.85,44.77,44.85,3100,138910.0
001395.SZ,2026-01-26 10:35:00,44.85,44.88,44.82,44.88,3400,152524.0
001395.SZ,2026-01-26 10:36:00,44.88,44.88,44.88,44.88,400,17952.0
001395.SZ,2026-01-26 10:37:00,44.87,44.99,44.87,44.93,12100,543721.2
001395.SZ,2026-01-26 10:38:00,44.93,44.93,44.89,44.89,2200,98814.0
001395.SZ,2026-01-26 10:39:00,44.9,44.9,44.89,44.89,2400,107739.0
001395.SZ,2026-01-26 10:40:00,44.89,44.89,44.88,44.89,700,31421.0
001395.SZ,2026-01-26 10:41:00,44.9,44.91,44.9,44.91,2200,98783.0
001395.SZ,2026-01-26 10:42:00,44.9,44.91,44.89,44.89,8800,395120.0
001395.SZ,2026-01-26 10:43:00,44.89,44.9,44.89,44.89,3000,134683.0
001395.SZ,2026-01-26 10:44:00,44.89,44.89,44.87,44.87,2600,116700.0
001395.SZ,2026-01-26 10:45:00,44.87,44.87,44.82,44.82,2100,94197.0
001395.SZ,2026-01-26 10:46:00,44.82,44.82,44.77,44.77,1000,44803.0
001395.SZ,2026-01-26 10:47:00,44.77,44.79,44.76,44.76,3000,134319.0
001395.SZ,2026-01-26 10:48:00,44.76,44.76,44.73,44.73,3348,149795.48
001395.SZ,2026-01-26 10:49:00,44.73,44.73,44.73,44.73,1700,76041.0
001395.SZ,2026-01-26 10:50:00,44.73,44.73,44.72,44.73,4900,219170.0
001395.SZ,2026-01-26 10:51:00,44.73,44.74,44.72,44.72,5500,245984.0
001395.SZ,2026-01-26 10:52:00,44.73,44.73,44.72,44.72,1600,71556.0
001395.SZ,2026-01-26 10:53:00,44.74,44.75,44.74,44.75,1400,62634.0
001395.SZ,2026-01-26 10:54:00,44.75,44.78,44.75,44.78,7652,342458.53
001395.SZ,2026-01-26 10:55:00,44.78,44.87,44.78,44.86,3600,161376.0
001395.SZ,2026-01-26 10:56:00,44.84,44.84,44.8,44.82,3500,156858.0
001395.SZ,2026-01-26 10:57:00,44.82,44.87,44.8,44.8,10000,448169.0
001395.SZ,2026-01-26 10:58:00,44.78,44.78,44.76,44.77,6200,277623.0
001395.SZ,2026-01-26 10:59:00,44.77,44.78,44.77,44.78,1200,53728.0
001395.SZ,2026-01-26 11:00:00,44.78,44.87,44.78,44.85,4100,183677.0
001395.SZ,2026-01-26 11:01:00,44.86,44.86,44.85,44.85,900,40366.0
001395.SZ,2026-01-26 11:02:00,44.84,44.84,44.84,44.84,1100,49324.0
001395.SZ,2026-01-26 11:03:00,44.84,44.88,44.84,44.87,8300,372271.0
001395.SZ,2026-01-26 11:04:00,44.87,44.88,44.85,44.88,600,26915.0
001395.SZ,2026-01-26 11:05:00,44.88,44.92,44.88,44.91,5900,264887.0
001395.SZ,2026-01-26 11:06:00,44.91,44.95,44.91,44.95,9200,413499.0
001395.SZ,2026-01-26 11:07:00,44.95,44.96,44.95,44.96,10300,463050.0
001395.SZ,2026-01-26 11:08:00,44.99,44.99,44.93,44.93,11200,503573.0
001395.SZ,2026-01-26 11:09:00,44.94,44.94,44.9,44.91,4100,184099.0
001395.SZ,2026-01-26 11:10:00,44.91,44.97,44.91,44.95,900,40450.0
001395.SZ,2026-01-26 11:11:00,44.92,44.94,44.92,44.94,300,13478.0
001395.SZ,2026-01-26 11:12:00,44.96,44.96,44.93,44.93,700,31466.0
001395.SZ,2026-01-26 11:13:00,44.93,44.93,44.93,44.93,600,26958.0
001395.SZ,2026-01-26 11:14:00,44.96,44.96,44.94,44.94,10300,462558.0
001395.SZ,2026-01-26 11:15:00,44.95,44.95,44.89,44.89,900,40419.0
001395.SZ,2026-01-26 11:16:00,44.93,44.94,44.93,44.94,1780,79986.4
001395.SZ,2026-01-26 11:17:00,44.94,44.94,44.93,44.93,2620,117737.6
001395.SZ,2026-01-26 11:18:00,44.94,44.94,44.88,44.88,1700,76303.2
001395.SZ,2026-01-26 11:19:00,44.88,44.88,44.88,44.88,200,8976.0
001395.SZ,2026-01-26 11:20:00,44.88,44.92,44.88,44.92,2700,121199.0
001395.SZ,2026-01-26 11:21:00,44.92,44.92,44.9,44.9,1500,67362.0
001395.SZ,2026-01-26 11:22:00,44.91,44.91,44.89,44.89,300,13471.0
001395.SZ,2026-01-26 11:23:00,44.89,44.89,44.89,44.89,600,26934.0
001395.SZ,2026-01-26 11:24:00,44.89,44.9,44.89,44.9,800,35916.0
001395.SZ,2026-01-26 11:25:00,44.9,44.9,44.89,44.9,1300,58360.0
001395.SZ,2026-01-26 11:26:00,44.89,44.89,44.89,44.89,600,26934.0
001395.SZ,2026-01-26 11:27:00,44.89,44.91,44.89,44.91,2200,98796.0
001395.SZ,2026-01-26 11:28:00,44.91,44.92,44.91,44.91,1600,71866.0
001395.SZ,2026-01-26 11:29:00,44.9,44.92,44.9,44.92,1100,49400.0
001395.SZ,2026-01-26 11:30:00,44.9,44.93,44.9,44.93,3400,152679.0
001395.SZ,2026-01-26 13:01:00,44.93,45.03,44.9,45.0,39285,1767133.2
001395.SZ,2026-01-26 13:02:00,45.0,45.2,44.93,45.15,17900,807887.0
001395.SZ,2026-01-26 13:03:00,45.11,45.13,45.08,45.1,7800,351975.0
001395.SZ,2026-01-26 13:04:00,45.12,45.12,45.06,45.07,2100,94706.0
001395.SZ,2026-01-26 13:05:00,45.06,45.06,45.0,45.0,2500,112632.0
001395.SZ,2026-01-26 13:06:00,44.92,44.92,44.89,44.89,2420,108676.0
001395.SZ,2026-01-26 13:07:00,44.88,44.9,44.88,44.9,900,40403.0
001395.SZ,2026-01-26 13:08:00,44.92,44.92,44.91,44.91,300,13474.0
001395.SZ,2026-01-26 13:09:00,44.9,44.93,44.9,44.93,1000,44919.0
001395.SZ,2026-01-26 13:10:00,44.93,44.95,44.91,44.91,9700,435831.0
001395.SZ,2026-01-26 13:11:00,44.92,44.94,44.9,44.91,4000,179633.0
001395.SZ,2026-01-26 13:12:00,44.91,44.91,44.89,44.9,1500,67349.0
001395.SZ,2026-01-26 13:13:00,44.91,44.91,44.91,44.91,400,17964.0
001395.SZ,2026-01-26 13:14:00,44.9,44.9,44.9,44.9,1400,62860.0
001395.SZ,2026-01-26 13:15:00,44.83,44.83,44.8,44.81,17400,780648.0
001395.SZ,2026-01-26 13:16:00,44.82,44.9,44.82,44.83,1700,76230.0
001395.SZ,2026-01-26 13:17:00,44.9,44.9,44.89,44.89,2100,94289.0
001395.SZ,2026-01-26 13:18:00,44.89,44.89,44.86,44.88,2600,116682.0
001395.SZ,2026-01-26 13:19:00,44.88,44.88,44.88,44.88,1600,71808.0
001395.SZ,2026-01-26 13:20:00,44.88,44.88,44.87,44.87,2500,112181.0
001395.SZ,2026-01-26 13:21:00,44.86,44.86,44.83,44.83,4200,188413.0
001395.SZ,2026-01-26 13:22:00,44.87,44.87,44.87,44.87,100,4487.0
001395.SZ,2026-01-26 13:23:00,44.84,44.84,44.83,44.83,2600,116561.0
001395.SZ,2026-01-26 13:24:00,44.83,44.84,44.83,44.84,3700,165907.0
001395.SZ,2026-01-26 13:25:00,44.88,44.88,44.81,44.81,2700,121054.0
001395.SZ,2026-01-26 13:26:00,44.8,44.8,44.75,44.76,9000,403068.0
001395.SZ,2026-01-26 13:27:00,44.77,44.77,44.77,44.77,200,8954.0
001395.SZ,2026-01-26 13:28:00,44.8,44.8,44.76,44.76,6200,277683.0
001395.SZ,2026-01-26 13:29:00,44.76,44.76,44.71,44.71,19700,881349.0
001395.SZ,2026-01-26 13:30:00,44.71,44.73,44.71,44.73,2200,98401.0
001395.SZ,2026-01-26 13:31:00,44.73,44.73,44.66,44.67,26500,1184667.0
001395.SZ,2026-01-26 13:32:00,44.66,44.66,44.62,44.62,4400,196389.0
001395.SZ,2026-01-26 13:33:00,44.61,44.61,44.58,44.58,10900,486172.0
001395.SZ,2026-01-26 13:34:00,44.58,44.58,44.54,44.54,3500,155926.0
001395.SZ,2026-01-26 13:35:00,44.54,44.58,44.54,44.58,6700,298509.0
001395.SZ,2026-01-26 13:36:00,44.54,44.55,44.53,44.53,3400,151431.0
001395.SZ,2026-01-26 13:37:00,44.54,44.54,44.53,44.53,4400,195949.0
001395.SZ,2026-01-26 13:38:00,44.53,44.55,44.53,44.55,8300,369627.0
001395.SZ,2026-01-26 13:39:00,44.55,44.58,44.55,44.56,7200,320840.0
001395.SZ,2026-01-26 13:40:00,44.56,44.57,44.56,44.57,4400,196102.0
001395.SZ,2026-01-26 13:41:00,44.57,44.57,44.55,44.56,3700,164859.0
001395.SZ,2026-01-26 13:42:00,44.54,44.56,44.54,44.56,2500,111382.0
001395.SZ,2026-01-26 13:43:00,44.55,44.56,44.55,44.55,1700,75738.0
001395.SZ,2026-01-26 13:44:00,44.56,44.57,44.56,44.57,1300,57939.0
001395.SZ,2026-01-26 13:45:00,44.57,44.57,44.57,44.57,1400,62398.0
001395.SZ,2026-01-26 13:46:00,44.57,44.57,44.54,44.54,7400,329713.0
001395.SZ,2026-01-26 13:47:00,44.53,44.59,44.53,44.59,10600,472334.0
001395.SZ,2026-01-26 13:48:00,44.59,44.66,44.59,44.62,5800,258777.0
001395.SZ,2026-01-26 13:49:00,44.61,44.61,44.6,44.6,2600,115974.0
001395.SZ,2026-01-26 13:50:00,44.65,44.66,44.65,44.66,300,13397.0
001395.SZ,2026-01-26 13:51:00,44.71,44.71,44.7,44.7,4000,178808.0
001395.SZ,2026-01-26 13:52:00,44.7,44.74,44.7,44.73,4300,192232.0
001395.SZ,2026-01-26 13:53:00,44.73,44.74,44.73,44.73,2900,129721.0
001395.SZ,2026-01-26 13:54:00,44.74,44.76,44.74,44.74,11800,528322.0
001395.SZ,2026-01-26 13:55:00,44.79,44.8,44.71,44.71,5300,237189.0
001395.SZ,2026-01-26 13:56:00,44.71,44.71,44.71,44.71,1600,71536.0
001395.SZ,2026-01-26 13:57:00,44.7,44.71,44.7,44.71,800,35764.0
001395.SZ,2026-01-26 13:58:00,44.6,44.65,44.6,44.65,13300,593865.0
001395.SZ,2026-01-26 13:59:00,44.73,44.73,44.67,44.73,1000,44706.0
001395.SZ,2026-01-26 14:00:00,44.73,44.74,44.7,44.74,2200,98394.0
001395.SZ,2026-01-26 14:01:00,44.74,44.74,44.72,44.72,1900,84988.0
001395.SZ,2026-01-26 14:02:00,44.72,44.73,44.71,44.71,2300,102872.0
001395.SZ,2026-01-26 14:03:00,44.73,44.74,44.73,44.73,7700,344490.0
001395.SZ,2026-01-26 14:04:00,44.71,44.71,44.71,44.71,300,13413.0
001395.SZ,2026-01-26 14:05:00,44.71,44.71,44.69,44.69,6700,299518.0
001395.SZ,2026-01-26 14:06:00,44.68,44.68,44.68,44.68,300,13404.0
001395.SZ,2026-01-26 14:07:00,44.68,44.68,44.66,44.66,1900,84888.0
001395.SZ,2026-01-26 14:08:00,44.67,44.73,44.65,44.73,12000,536101.0
001395.SZ,2026-01-26 14:09:00,44.77,44.77,44.77,44.77,600,26862.0
001395.SZ,2026-01-26 14:10:00,44.72,44.76,44.72,44.76,1500,67120.0
001395.SZ,2026-01-26 14:11:00,44.77,44.84,44.77,44.83,6000,268837.0
001395.SZ,2026-01-26 14:12:00,44.84,44.86,44.84,44.86,4900,219770.0
001395.SZ,2026-01-26 14:13:00,44.9,44.92,44.89,44.89,7800,350189.0
001395.SZ,2026-01-26 14:14:00,44.86,44.9,44.86,44.87,1600,71791.0
001395.SZ,2026-01-26 14:15:00,44.87,44.87,44.83,44.85,6500,291585.0
001395.SZ,2026-01-26 14:16:00,44.81,44.81,44.81,44.81,200,8962.0
001395.SZ,2026-01-26 14:17:00,44.82,44.83,44.82,44.83,2200,98601.0
001395.SZ,2026-01-26 14:18:00,44.81,44.81,44.79,44.79,2100,94087.0
001395.SZ,2026-01-26 14:19:00,44.82,44.82,44.82,44.82,200,8964.0
001395.SZ,2026-01-26 14:20:00,44.8,44.8,44.8,44.8,200,8960.0
001395.SZ,2026-01-26 14:21:00,44.87,44.87,44.86,44.86,5800,260156.0
001395.SZ,2026-01-26 14:22:00,44.83,44.83,44.82,44.82,2300,103088.0
001395.SZ,2026-01-26 14:23:00,44.81,44.82,44.81,44.82,800,35850.0
001395.SZ,2026-01-26 14:24:00,44.83,44.89,44.82,44.89,7400,332008.0
001395.SZ,2026-01-26 14:25:00,44.88,44.88,44.86,44.88,4300,192949.0
001395.SZ,2026-01-26 14:26:00,44.86,44.9,44.86,44.9,5900,264826.0
001395.SZ,2026-01-26 14:27:00,44.91,44.92,44.91,44.92,4700,211138.0
001395.SZ,2026-01-26 14:28:00,44.91,44.91,44.91,44.91,1100,49402.0
001395.SZ,2026-01-26 14:29:00,44.92,44.92,44.91,44.92,1700,76361.0
001395.SZ,2026-01-26 14:30:00,44.91,44.92,44.91,44.92,7500,336890.0
001395.SZ,2026-01-26 14:31:00,44.91,44.91,44.9,44.91,7200,323359.0
001395.SZ,2026-01-26 14:32:00,44.93,44.96,44.93,44.96,2400,107881.0
001395.SZ,2026-01-26 14:33:00,44.96,44.98,44.96,44.98,3900,175384.0
001395.SZ,2026-01-26 14:34:00,44.97,44.98,44.97,44.98,7300,328338.0
001395.SZ,2026-01-26 14:35:00,44.98,45.08,44.98,45.05,37000,1665396.0
001395.SZ,2026-01-26 14:36:00,45.08,45.1,45.05,45.06,3400,153230.0
001395.SZ,2026-01-26 14:37:00,45.03,45.03,44.96,44.96,5800,260912.0
001395.SZ,2026-01-26 14:38:00,44.96,44.98,44.96,44.98,6400,287795.0
001395.SZ,2026-01-26 14:39:00,44.99,45.02,44.99,45.01,2000,90023.0
001395.SZ,2026-01-26 14:40:00,44.99,45.0,44.95,44.95,7200,323860.0
001395.SZ,2026-01-26 14:41:00,44.95,44.99,44.93,44.99,5900,265249.0
001395.SZ,2026-01-26 14:42:00,44.99,45.0,44.97,45.0,4600,206907.0
001395.SZ,2026-01-26 14:43:00,45.0,45.0,45.0,45.0,3700,166490.0
001395.SZ,2026-01-26 14:44:00,45.0,45.0,44.95,44.95,1700,76436.0
001395.SZ,2026-01-26 14:45:00,44.95,44.99,44.93,44.99,1400,62912.0
001395.SZ,2026-01-26 14:46:00,44.99,45.0,44.99,45.0,5200,233986.0
001395.SZ,2026-01-26 14:47:00,45.0,45.0,44.99,44.99,4400,197986.0
001395.SZ,2026-01-26 14:48:00,44.99,44.99,44.97,44.97,5000,224954.0
001395.SZ,2026-01-26 14:49:00,44.96,44.99,44.95,44.99,2000,89947.0
001395.SZ,2026-01-26 14:50:00,44.99,45.0,44.97,44.99,8000,359953.0
001395.SZ,2026-01-26 14:51:00,44.99,44.99,44.96,44.97,9600,431789.0
001395.SZ,2026-01-26 14:52:00,44.99,44.99,44.98,44.98,2100,94474.0
001395.SZ,2026-01-26 14:53:00,44.98,44.99,44.98,44.99,10200,458847.0
001395.SZ,2026-01-26 14:54:00,44.99,45.0,44.98,44.98,8900,400429.0
001395.SZ,2026-01-26 14:55:00,45.0,45.0,44.96,44.96,12200,548741.0
001395.SZ,2026-01-26 14:56:00,44.99,44.99,44.95,44.96,5100,229349.0
001395.SZ,2026-01-26 14:57:00,44.96,44.96,44.92,44.92,12600,566202.0
001395.SZ,2026-01-26 14:58:00,44.92,44.92,44.92,44.92,0,0.0
001395.SZ,2026-01-26 14:59:00,44.92,44.92,44.92,44.92,0,0.0
001395.SZ,2026-01-26 15:00:00,44.9,44.9,44.9,44.9,13500,606150.0
001395.SZ,2026-01-27 09:30:00,44.9,44.9,44.79,44.9,13800,619467.0
001395.SZ,2026-01-27 09:31:00,44.9,44.92,44.7,44.76,29000,1299021.0
001395.SZ,2026-01-27 09:32:00,44.75,45.09,44.75,45.0,22600,1014781.0
001395.SZ,2026-01-27 09:33:00,45.03,45.29,45.03,45.13,38900,1758374.0
001395.SZ,2026-01-27 09:34:00,45.13,45.24,45.13,45.2,8400,379669.0
001395.SZ,2026-01-27 09:35:00,45.21,45.75,45.2,45.64,80100,3647833.0
001395.SZ,2026-01-27 09:36:00,45.62,45.8,45.36,45.4,29000,1323517.0
001395.SZ,2026-01-27 09:37:00,45.38,45.65,45.38,45.65,29300,1333779.0
001395.SZ,2026-01-27 09:38:00,45.6,45.97,45.6,45.91,132900,6085101.0
001395.SZ,2026-01-27 09:39:00,46.03,46.12,45.95,46.07,130800,6019566.0
001395.SZ,2026-01-27 09:40:00,45.99,46.02,45.79,45.79,27600,1265772.0
001395.SZ,2026-01-27 09:41:00,45.61,45.87,45.61,45.8,21100,966269.0
001395.SZ,2026-01-27 09:42:00,45.79,45.88,45.79,45.81,17895,819872.0
001395.SZ,2026-01-27 09:43:00,45.83,45.84,45.68,45.68,32500,1487858.0
001395.SZ,2026-01-27 09:44:00,45.7,45.7,45.53,45.53,13500,615901.0
001395.SZ,2026-01-27 09:45:00,45.57,45.72,45.57,45.72,56000,2554297.0
001395.SZ,2026-01-27 09:46:00,45.74,45.98,45.74,45.88,31400,1439347.0
001395.SZ,2026-01-27 09:47:00,45.93,46.02,45.93,45.98,70200,3228308.0
001395.SZ,2026-01-27 09:48:00,45.93,46.09,45.88,46.08,71500,3290362.0
001395.SZ,2026-01-27 09:49:00,46.08,46.08,45.96,45.96,25000,1151141.0
001395.SZ,2026-01-27 09:50:00,46.0,46.0,45.96,45.97,22800,1048602.0
001395.SZ,2026-01-27 09:51:00,45.96,45.97,45.81,45.81,14700,674529.0
001395.SZ,2026-01-27 09:52:00,45.81,45.83,45.75,45.8,8400,384785.0
001395.SZ,2026-01-27 09:53:00,45.74,45.74,45.71,45.71,7500,342918.0
001395.SZ,2026-01-27 09:54:00,45.71,45.91,45.7,45.77,38200,1750690.9
001395.SZ,2026-01-27 09:55:00,45.89,45.89,45.7,45.78,15800,723111.0
001395.SZ,2026-01-27 09:56:00,45.66,45.76,45.5,45.5,20600,939247.0
001395.SZ,2026-01-27 09:57:00,45.43,45.49,45.39,45.4,29600,1344364.0
001395.SZ,2026-01-27 09:58:00,45.4,45.48,45.4,45.48,9600,436449.0
001395.SZ,2026-01-27 09:59:00,45.41,45.41,45.35,45.35,24900,1130140.0
001395.SZ,2026-01-27 10:00:00,45.35,45.36,45.26,45.26,13300,602652.0
001395.SZ,2026-01-27 10:01:00,45.29,45.3,45.24,45.29,13600,615625.0
001395.SZ,2026-01-27 10:02:00,45.26,45.36,45.26,45.36,7160,324370.6
001395.SZ,2026-01-27 10:03:00,45.34,45.45,45.34,45.45,11600,526813.0
001395.SZ,2026-01-27 10:04:00,45.45,45.52,45.45,45.51,13500,613920.0
001395.SZ,2026-01-27 10:05:00,45.51,45.56,45.51,45.55,8700,396131.0
001395.SZ,2026-01-27 10:06:00,45.56,45.62,45.56,45.6,9500,433063.0
001395.SZ,2026-01-27 10:07:00,45.62,45.62,45.51,45.51,7500,341812.0
001395.SZ,2026-01-27 10:08:00,45.51,45.52,45.51,45.52,2900,131989.0
001395.SZ,2026-01-27 10:09:00,45.53,45.6,45.53,45.6,6100,277822.0
001395.SZ,2026-01-27 10:10:00,45.58,45.62,45.58,45.62,4700,214310.0
001395.SZ,2026-01-27 10:11:00,45.63,45.73,45.63,45.7,5700,260483.0
001395.SZ,2026-01-27 10:12:00,45.7,45.85,45.7,45.85,7500,343391.0
001395.SZ,2026-01-27 10:13:00,45.85,45.96,45.85,45.96,24300,1115812.0
001395.SZ,2026-01-27 10:14:00,45.96,46.0,45.96,45.99,41700,1917934.0
001395.SZ,2026-01-27 10:15:00,45.99,46.09,45.99,46.08,63200,2911013.0
001395.SZ,2026-01-27 10:16:00,46.07,46.08,45.97,46.0,29100,1339385.0
001395.SZ,2026-01-27 10:17:00,46.0,46.0,45.82,45.82,31400,1443219.0
001395.SZ,2026-01-27 10:18:00,45.77,45.84,45.76,45.84,6900,316088.0
001395.SZ,2026-01-27 10:19:00,45.9,45.9,45.76,45.87,9400,430465.0
001395.SZ,2026-01-27 10:20:00,45.88,45.88,45.81,45.81,2700,123835.0
001395.SZ,2026-01-27 10:21:00,45.82,45.86,45.81,45.86,4500,206273.0
001395.SZ,2026-01-27 10:22:00,45.86,46.06,45.86,46.06,17300,795766.0
001395.SZ,2026-01-27 10:23:00,46.05,46.05,45.89,45.9,24880,1144617.2
001395.SZ,2026-01-27 10:24:00,45.99,46.01,45.99,46.0,10900,501409.0
001395.SZ,2026-01-27 10:25:00,45.99,45.99,45.94,45.94,7200,331093.0
001395.SZ,2026-01-27 10:26:00,45.86,45.86,45.8,45.83,27900,1279929.0
001395.SZ,2026-01-27 10:27:00,45.85,45.88,45.84,45.85,13900,637491.0
001395.SZ,2026-01-27 10:28:00,45.83,45.83,45.81,45.83,5300,242848.0
001395.SZ,2026-01-27 10:29:00,45.83,45.83,45.81,45.81,6100,279487.0
001395.SZ,2026-01-27 10:30:00,45.8,45.8,45.77,45.77,3500,160291.0
001395.SZ,2026-01-27 10:31:00,45.77,45.77,45.71,45.75,7200,329466.0
001395.SZ,2026-01-27 10:32:00,45.71,45.74,45.66,45.66,3200,146235.0
001395.SZ,2026-01-27 10:33:00,45.67,45.69,45.63,45.69,4300,196382.0
001395.SZ,2026-01-27 10:34:00,45.7,45.81,45.7,45.81,13800,630924.0
001395.SZ,2026-01-27 10:35:00,45.82,45.84,45.72,45.78,18600,851971.0
001395.SZ,2026-01-27 10:36:00,45.68,45.72,45.68,45.72,6600,301882.0
001395.SZ,2026-01-27 10:37:00,45.65,45.72,45.65,45.65,2500,114171.0
001395.SZ,2026-01-27 10:38:00,45.71,45.72,45.68,45.72,3400,155395.0
001395.SZ,2026-01-27 10:39:00,45.72,45.73,45.72,45.73,6200,283473.0
001395.SZ,2026-01-27 10:40:00,45.72,45.75,45.72,45.75,900,41157.0
001395.SZ,2026-01-27 10:41:00,45.75,45.77,45.75,45.77,6700,306577.0
001395.SZ,2026-01-27 10:42:00,45.76,45.76,45.74,45.74,3900,178423.0
001395.SZ,2026-01-27 10:43:00,45.75,45.75,45.73,45.73,2300,105187.0
001395.SZ,2026-01-27 10:44:00,45.73,45.73,45.71,45.71,11600,530385.0
001395.SZ,2026-01-27 10:45:00,45.7,45.73,45.7,45.71,5100,233180.0
001395.SZ,2026-01-27 10:46:00,45.71,45.72,45.71,45.72,5800,265115.0
001395.SZ,2026-01-27 10:47:00,45.71,45.71,45.55,45.55,21800,995373.0
001395.SZ,2026-01-27 10:48:00,45.55,45.55,45.45,45.45,8400,382152.0
001395.SZ,2026-01-27 10:49:00,45.45,45.53,45.45,45.53,1700,77285.0
001395.SZ,2026-01-27 10:50:00,45.39,45.45,45.39,45.42,15400,699720.0
001395.SZ,2026-01-27 10:51:00,45.45,45.45,45.4,45.41,6400,290651.0
001395.SZ,2026-01-27 10:52:00,45.41,45.42,45.41,45.41,10500,476811.0
001395.SZ,2026-01-27 10:53:00,45.41,45.41,45.4,45.41,4600,208874.0
001395.SZ,2026-01-27 10:54:00,45.4,45.41,45.4,45.4,4600,208841.0
001395.SZ,2026-01-27 10:55:00,45.39,45.39,45.35,45.37,20900,948378.0
001395.SZ,2026-01-27 10:56:00,45.37,45.39,45.36,45.39,3200,145197.0
001395.SZ,2026-01-27 10:57:00,45.39,45.39,45.39,45.39,1400,63546.0
001395.SZ,2026-01-27 10:58:00,45.39,45.41,45.39,45.41,3400,154343.0
001395.SZ,2026-01-27 10:59:00,45.41,45.49,45.41,45.41,5400,245424.0
001395.SZ,2026-01-27 11:00:00,45.41,45.48,45.41,45.45,3700,168171.0
001395.SZ,2026-01-27 11:01:00,45.48,45.48,45.43,45.43,6800,309056.0
001395.SZ,2026-01-27 11:02:00,45.44,45.44,45.42,45.44,2400,109032.0
001395.SZ,2026-01-27 11:03:00,45.44,45.45,45.44,45.44,1600,72712.0
001395.SZ,2026-01-27 11:04:00,45.45,45.46,45.44,45.45,2200,99989.0
001395.SZ,2026-01-27 11:05:00,45.44,45.46,45.44,45.46,2100,95443.0
001395.SZ,2026-01-27 11:06:00,45.47,45.47,45.47,45.47,1300,59111.0
001395.SZ,2026-01-27 11:07:00,45.47,45.49,45.47,45.49,2100,95515.0
001395.SZ,2026-01-27 11:08:00,45.5,45.55,45.5,45.55,2300,104685.0
001395.SZ,2026-01-27 11:09:00,45.55,45.6,45.55,45.6,3800,173132.0
001395.SZ,2026-01-27 11:10:00,45.59,45.59,45.56,45.56,18300,833852.0
001395.SZ,2026-01-27 11:11:00,45.48,45.5,45.48,45.5,500,22744.0
001395.SZ,2026-01-27 11:12:00,45.52,45.52,45.52,45.52,100,4552.0
001395.SZ,2026-01-27 11:13:00,45.52,45.55,45.52,45.52,2300,104730.0
001395.SZ,2026-01-27 11:14:00,45.49,45.49,45.49,45.49,2300,104641.0
001395.SZ,2026-01-27 11:15:00,45.47,45.47,45.45,45.45,14600,663738.0
001395.SZ,2026-01-27 11:16:00,45.45,45.45,45.45,45.45,2300,104537.0
001395.SZ,2026-01-27 11:17:00,45.49,45.49,45.47,45.47,500,22741.0
001395.SZ,2026-01-27 11:18:00,45.45,45.47,45.45,45.47,1100,50009.0
001395.SZ,2026-01-27 11:19:00,45.45,45.47,45.45,45.47,2100,95449.0
001395.SZ,2026-01-27 11:20:00,45.54,45.54,45.51,45.51,2700,122860.0
001395.SZ,2026-01-27 11:21:00,45.5,45.5,45.5,45.5,1800,81899.0
001395.SZ,2026-01-27 11:22:00,45.54,45.58,45.54,45.58,600,27343.0
001395.SZ,2026-01-27 11:23:00,45.58,45.58,45.55,45.58,900,41013.0
001395.SZ,2026-01-27 11:24:00,45.59,45.62,45.59,45.62,2100,95768.0
001395.SZ,2026-01-27 11:25:00,45.6,45.63,45.6,45.63,3100,141423.0
001395.SZ,2026-01-27 11:26:00,45.64,45.71,45.64,45.71,2200,100505.0
001395.SZ,2026-01-27 11:27:00,45.71,45.74,45.71,45.71,13600,621725.0
001395.SZ,2026-01-27 11:28:00,45.68,45.68,45.66,45.66,1200,54796.0
001395.SZ,2026-01-27 11:29:00,45.67,45.69,45.67,45.69,1900,86791.0
001395.SZ,2026-01-27 11:30:00,45.69,45.69,45.66,45.69,11800,539142.0
001395.SZ,2026-01-27 13:01:00,45.69,45.69,45.6,45.6,14200,648484.0
001395.SZ,2026-01-27 13:02:00,45.68,45.68,45.56,45.56,5800,264546.0
001395.SZ,2026-01-27 13:03:00,45.53,45.58,45.53,45.57,5600,255178.0
001395.SZ,2026-01-27 13:04:00,45.57,45.63,45.57,45.63,2200,100270.0
001395.SZ,2026-01-27 13:05:00,45.61,45.65,45.61,45.65,1800,82154.0
001395.SZ,2026-01-27 13:06:00,45.65,45.67,45.65,45.67,8000,365217.0
001395.SZ,2026-01-27 13:07:00,45.8,45.8,45.63,45.63,7700,351943.0
001395.SZ,2026-01-27 13:08:00,45.55,45.55,45.55,45.55,300,13665.0
001395.SZ,2026-01-27 13:09:00,45.6,45.6,45.6,45.6,2500,114000.0
001395.SZ,2026-01-27 13:10:00,45.6,45.62,45.56,45.62,3780,172273.8
001395.SZ,2026-01-27 13:11:00,45.56,45.62,45.56,45.62,1100,50160.0
001395.SZ,2026-01-27 13:12:00,45.57,45.57,45.57,45.57,400,18228.0
001395.SZ,2026-01-27 13:13:00,45.59,45.69,45.59,45.68,5900,269358.0
001395.SZ,2026-01-27 13:14:00,45.68,45.86,45.68,45.86,8400,384701.0
001395.SZ,2026-01-27 13:15:00,45.83,45.88,45.83,45.88,1400,64200.0
001395.SZ,2026-01-27 13:16:00,45.88,45.88,45.83,45.83,10800,495357.0
001395.SZ,2026-01-27 13:17:00,45.87,45.87,45.86,45.86,2500,114658.0
001395.SZ,2026-01-27 13:18:00,45.86,45.86,45.8,45.8,2600,119154.0
001395.SZ,2026-01-27 13:19:00,45.74,45.74,45.72,45.72,4100,187499.0
001395.SZ,2026-01-27 13:20:00,45.72,45.74,45.72,45.74,6300,288138.0
001395.SZ,2026-01-27 13:21:00,45.74,45.93,45.73,45.93,12400,568007.0
001395.SZ,2026-01-27 13:22:00,45.93,45.93,45.81,45.88,3800,174374.0
001395.SZ,2026-01-27 13:23:00,45.88,45.94,45.88,45.93,13800,633823.0
001395.SZ,2026-01-27 13:24:00,45.98,45.99,45.97,45.97,25600,1177048.0
001395.SZ,2026-01-27 13:25:00,45.99,46.1,45.99,46.08,139400,6416347.0
001395.SZ,2026-01-27 13:26:00,46.08,46.1,46.07,46.07,39300,1811091.0
001395.SZ,2026-01-27 13:27:00,46.04,46.04,45.98,45.98,8900,409666.0
001395.SZ,2026-01-27 13:28:00,45.98,46.0,45.98,45.99,6800,312736.0
001395.SZ,2026-01-27 13:29:00,45.98,46.0,45.98,46.0,9300,427724.0
001395.SZ,2026-01-27 13:30:00,46.03,46.05,46.0,46.05,2300,105889.0
001395.SZ,2026-01-27 13:31:00,46.05,46.09,46.01,46.09,12200,561997.0
001395.SZ,2026-01-27 13:32:00,46.07,46.09,46.02,46.02,8300,382403.0
001395.SZ,2026-01-27 13:33:00,46.04,46.07,46.02,46.03,4000,184182.0
001395.SZ,2026-01-27 13:34:00,46.03,46.03,45.98,45.98,9100,418658.0
001395.SZ,2026-01-27 13:35:00,45.92,45.98,45.85,45.98,2300,105595.0
001395.SZ,2026-01-27 13:36:00,45.93,45.93,45.92,45.93,1600,73483.0
001395.SZ,2026-01-27 13:37:00,45.93,45.96,45.93,45.96,4900,225147.0
001395.SZ,2026-01-27 13:38:00,45.95,45.97,45.94,45.96,14500,666297.0
001395.SZ,2026-01-27 13:39:00,45.96,46.02,45.96,46.02,11600,533561.0
001395.SZ,2026-01-27 13:40:00,46.02,46.03,46.01,46.03,3300,151867.0
001395.SZ,2026-01-27 13:41:00,46.04,46.04,45.97,45.97,6000,276028.0
001395.SZ,2026-01-27 13:42:00,46.0,46.0,45.97,45.99,1200,55180.0
001395.SZ,2026-01-27 13:43:00,45.98,46.02,45.98,46.02,7000,322049.0
001395.SZ,2026-01-27 13:44:00,46.02,46.02,45.99,45.99,2400,110443.0
001395.SZ,2026-01-27 13:45:00,46.01,46.03,46.0,46.01,10120,465682.0
001395.SZ,2026-01-27 13:46:00,46.03,46.05,46.03,46.05,6700,308374.0
001395.SZ,2026-01-27 13:47:00,46.06,46.1,46.06,46.1,32000,1475000.0
001395.SZ,2026-01-27 13:48:00,46.11,46.16,46.11,46.15,28000,1291713.0
001395.SZ,2026-01-27 13:49:00,46.15,46.2,46.15,46.17,27000,1246873.0
001395.SZ,2026-01-27 13:50:00,46.16,46.18,46.1,46.16,21400,987773.0
001395.SZ,2026-01-27 13:51:00,46.15,46.15,46.12,46.12,3500,161526.0
001395.SZ,2026-01-27 13:52:00,46.11,46.11,46.1,46.1,5600,258215.0
001395.SZ,2026-01-27 13:53:00,46.1,46.11,46.1,46.1,15100,696115.0
001395.SZ,2026-01-27 13:54:00,46.1,46.11,46.09,46.11,3500,161345.0
001395.SZ,2026-01-27 13:55:00,46.1,46.11,46.1,46.1,7300,336547.0
001395.SZ,2026-01-27 13:56:00,46.06,46.09,46.06,46.06,3500,161278.0
001395.SZ,2026-01-27 13:57:00,46.07,46.18,46.06,46.18,41200,1901753.0
001395.SZ,2026-01-27 13:58:00,46.18,46.38,46.18,46.38,98900,4574345.0
001395.SZ,2026-01-27 13:59:00,46.38,46.39,46.28,46.28,19900,922569.0
001395.SZ,2026-01-27 14:00:00,46.28,46.28,46.08,46.08,4800,221910.0
001395.SZ,2026-01-27 14:01:00,46.21,46.25,46.19,46.25,4800,221820.0
001395.SZ,2026-01-27 14:02:00,46.26,46.3,46.26,46.29,9800,453545.0
001395.SZ,2026-01-27 14:03:00,46.25,46.25,46.18,46.22,18000,831961.0
001395.SZ,2026-01-27 14:04:00,46.16,46.22,46.16,46.22,6000,277174.0
001395.SZ,2026-01-27 14:05:00,46.22,46.22,46.17,46.19,5500,254056.0
001395.SZ,2026-01-27 14:06:00,46.19,46.2,46.17,46.17,10300,475846.0
001395.SZ,2026-01-27 14:07:00,46.17,46.24,46.17,46.23,2500,115532.0
001395.SZ,2026-01-27 14:08:00,46.24,46.24,46.21,46.24,1800,83226.0
001395.SZ,2026-01-27 14:09:00,46.24,46.26,46.24,46.26,14100,652132.0
001395.SZ,2026-01-27 14:10:00,46.26,46.3,46.25,46.28,12900,596852.0
001395.SZ,2026-01-27 14:11:00,46.3,46.3,46.25,46.25,8500,393426.0
001395.SZ,2026-01-27 14:12:00,46.22,46.27,46.22,46.23,10100,467100.0
001395.SZ,2026-01-27 14:13:00,46.27,46.27,46.23,46.23,3400,157220.0
001395.SZ,2026-01-27 14:14:00,46.23,46.24,46.22,46.24,9500,439156.0
001395.SZ,2026-01-27 14:15:00,46.21,46.25,46.2,46.25,5000,231100.0
001395.SZ,2026-01-27 14:16:00,46.2,46.24,46.2,46.2,4300,198772.0
001395.SZ,2026-01-27 14:17:00,46.2,46.2,46.2,46.2,3500,161700.0
001395.SZ,2026-01-27 14:18:00,46.17,46.17,46.16,46.16,6600,304687.0
001395.SZ,2026-01-27 14:19:00,46.16,46.16,46.14,46.14,4300,198443.0
001395.SZ,2026-01-27 14:20:00,46.13,46.13,46.11,46.12,2900,133756.0
001395.SZ,2026-01-27 14:21:00,46.11,46.13,46.09,46.1,5600,258153.0
001395.SZ,2026-01-27 14:22:00,46.12,46.13,46.08,46.11,4800,221320.0
001395.SZ,2026-01-27 14:23:00,46.11,46.17,46.11,46.17,15700,724376.0
001395.SZ,2026-01-27 14:24:00,46.16,46.2,46.14,46.14,9200,424784.0
001395.SZ,2026-01-27 14:25:00,46.15,46.16,46.11,46.15,2500,115335.0
001395.SZ,2026-01-27 14:26:00,46.12,46.17,46.12,46.16,3100,143098.0
001395.SZ,2026-01-27 14:27:00,46.13,46.16,46.13,46.16,2700,124605.0
001395.SZ,2026-01-27 14:28:00,46.16,46.16,46.15,46.15,3000,138475.0
001395.SZ,2026-01-27 14:29:00,46.15,46.16,46.15,46.15,2400,110778.0
001395.SZ,2026-01-27 14:30:00,46.12,46.12,46.11,46.11,12100,558069.0
001395.SZ,2026-01-27 14:31:00,46.13,46.14,46.13,46.14,5700,262967.0
001395.SZ,2026-01-27 14:32:00,46.14,46.17,46.14,46.17,5500,253862.0
001395.SZ,2026-01-27 14:33:00,46.16,46.19,46.16,46.19,14100,651078.0
001395.SZ,2026-01-27 14:34:00,46.19,46.19,46.18,46.19,6200,286340.0
001395.SZ,2026-01-27 14:35:00,46.18,46.18,46.13,46.13,15000,692475.0
001395.SZ,2026-01-27 14:36:00,46.1,46.12,46.08,46.11,7400,341184.0
001395.SZ,2026-01-27 14:37:00,46.1,46.11,46.1,46.1,4000,184408.0
001395.SZ,2026-01-27 14:38:00,46.11,46.11,46.11,46.11,500,23055.0
001395.SZ,2026-01-27 14:39:00,46.1,46.1,46.07,46.07,6700,308841.0
001395.SZ,2026-01-27 14:40:00,46.06,46.07,46.06,46.06,3400,156602.0
001395.SZ,2026-01-27 14:41:00,46.08,46.1,46.06,46.07,6400,294875.0
001395.SZ,2026-01-27 14:42:00,46.06,46.1,46.06,46.1,20900,963034.0
001395.SZ,2026-01-27 14:43:00,46.1,46.14,46.1,46.14,6300,290589.0
001395.SZ,2026-01-27 14:44:00,46.14,46.14,46.13,46.13,2800,129184.0
001395.SZ,2026-01-27 14:45:00,46.12,46.13,46.11,46.13,8200,378203.0
001395.SZ,2026-01-27 14:46:00,46.12,46.14,46.12,46.14,8000,369037.0
001395.SZ,2026-01-27 14:47:00,46.14,46.14,46.14,46.14,4200,193782.0
001395.SZ,2026-01-27 14:48:00,46.14,46.15,46.14,46.15,17400,802973.0
001395.SZ,2026-01-27 14:49:00,46.14,46.15,46.14,46.14,5800,267632.0
001395.SZ,2026-01-27 14:50:00,46.13,46.15,46.13,46.14,4900,226086.0
001395.SZ,2026-01-27 14:51:00,46.13,46.14,46.12,46.13,9000,415181.0
001395.SZ,2026-01-27 14:52:00,46.14,46.14,46.12,46.13,11063,510287.56
001395.SZ,2026-01-27 14:53:00,46.12,46.14,46.12,46.14,4700,216842.0
001395.SZ,2026-01-27 14:54:00,46.14,46.15,46.13,46.15,22100,1019667.0
001395.SZ,2026-01-27 14:55:00,46.15,46.15,46.14,46.14,15500,715275.0
001395.SZ,2026-01-27 14:56:00,46.14,46.16,46.13,46.15,32200,1485997.0
001395.SZ,2026-01-27 14:57:00,46.14,46.17,46.14,46.17,42700,1970698.0
001395.SZ,2026-01-27 14:58:00,46.17,46.17,46.17,46.17,0,0.0
001395.SZ,2026-01-27 14:59:00,46.17,46.17,46.17,46.17,0,0.0
001395.SZ,2026-01-27 15:00:00,46.17,46.17,46.17,46.17,42300,1952991.0
001395.SZ,2026-01-28 09:30:00,46.16,46.16,46.0,46.0,29900,1379323.0
001395.SZ,2026-01-28 09:31:00,46.08,46.08,45.66,45.73,54700,2508722.0
001395.SZ,2026-01-28 09:32:00,45.74,45.76,45.6,45.66,43300,1978367.0
001395.SZ,2026-01-28 09:33:00,45.66,45.68,45.6,45.6,38000,1733910.0
001395.SZ,2026-01-28 09:34:00,45.58,45.6,45.52,45.53,19953,908807.06
001395.SZ,2026-01-28 09:35:00,45.55,45.55,45.48,45.48,48747,2219333.0
001395.SZ,2026-01-28 09:36:00,45.48,45.48,45.41,45.41,29500,1340530.0
001395.SZ,2026-01-28 09:37:00,45.41,45.63,45.41,45.63,28800,1308791.0
001395.SZ,2026-01-28 09:38:00,45.53,45.57,45.51,45.54,21500,979187.0
001395.SZ,2026-01-28 09:39:00,45.55,45.55,45.52,45.52,11000,500865.0
001395.SZ,2026-01-28 09:40:00,45.54,45.54,45.5,45.5,15351,698757.5
001395.SZ,2026-01-28 09:41:00,45.53,45.53,45.49,45.49,14349,652851.5
001395.SZ,2026-01-28 09:42:00,45.48,45.49,45.47,45.49,31748,1444226.0
001395.SZ,2026-01-28 09:43:00,45.56,45.56,45.5,45.5,8200,373189.0
001395.SZ,2026-01-28 09:44:00,45.57,45.57,45.35,45.43,51200,2326794.0
001395.SZ,2026-01-28 09:45:00,45.45,45.52,45.35,45.46,31300,1421779.0
001395.SZ,2026-01-28 09:46:00,45.6,45.65,45.55,45.55,11500,524298.0
001395.SZ,2026-01-28 09:47:00,45.55,45.6,45.5,45.5,8900,405557.0
001395.SZ,2026-01-28 09:48:00,45.5,45.64,45.5,45.63,7100,323766.0
001395.SZ,2026-01-28 09:49:00,45.63,45.63,45.53,45.53,5400,246162.0
001395.SZ,2026-01-28 09:50:00,45.55,45.61,45.55,45.55,4300,196013.0
001395.SZ,2026-01-28 09:51:00,45.53,45.58,45.51,45.56,7200,327923.0
001395.SZ,2026-01-28 09:52:00,45.52,45.57,45.5,45.5,5800,264035.0
001395.SZ,2026-01-28 09:53:00,45.5,45.5,45.43,45.46,14700,668470.0
001395.SZ,2026-01-28 09:54:00,45.42,45.42,45.38,45.38,17100,776231.0
001395.SZ,2026-01-28 09:55:00,45.39,45.41,45.39,45.41,10200,463073.0
001395.SZ,2026-01-28 09:56:00,45.41,45.45,45.41,45.45,5400,245271.0
001395.SZ,2026-01-28 09:57:00,45.41,45.47,45.41,45.45,5900,268129.0
001395.SZ,2026-01-28 09:58:00,45.42,45.42,45.39,45.39,25300,1148762.0
001395.SZ,2026-01-28 09:59:00,45.39,45.39,45.34,45.35,22600,1025274.0
001395.SZ,2026-01-28 10:00:00,45.35,45.35,45.31,45.33,16700,757009.0
001395.SZ,2026-01-28 10:01:00,45.32,45.34,45.32,45.34,6600,299198.0
001395.SZ,2026-01-28 10:02:00,45.33,45.34,45.33,45.34,8500,385318.0
001395.SZ,2026-01-28 10:03:00,45.34,45.35,45.34,45.35,7700,349147.0
001395.SZ,2026-01-28 10:04:00,45.35,45.4,45.35,45.36,7800,353846.0
001395.SZ,2026-01-28 10:05:00,45.35,45.35,45.34,45.34,11200,507833.0
001395.SZ,2026-01-28 10:06:00,45.35,45.35,45.16,45.16,67900,3075444.0
001395.SZ,2026-01-28 10:07:00,45.16,45.25,45.11,45.12,22200,1002009.0
001395.SZ,2026-01-28 10:08:00,45.13,45.24,45.13,45.24,12000,542032.0
001395.SZ,2026-01-28 10:09:00,45.25,45.25,45.15,45.16,9900,447417.0
001395.SZ,2026-01-28 10:10:00,45.16,45.16,45.11,45.13,27300,1232254.0
001395.SZ,2026-01-28 10:11:00,45.15,45.15,45.13,45.14,3800,171518.0
001395.SZ,2026-01-28 10:12:00,45.15,45.15,45.12,45.12,22300,1006576.0
001395.SZ,2026-01-28 10:13:00,45.14,45.16,45.14,45.16,2600,117390.0
001395.SZ,2026-01-28 10:14:00,45.16,45.16,45.07,45.07,40900,1845255.0
001395.SZ,2026-01-28 10:15:00,45.09,45.09,45.0,45.01,30300,1364024.0
001395.SZ,2026-01-28 10:16:00,45.01,45.1,44.99,44.99,28900,1300579.0
001395.SZ,2026-01-28 10:17:00,44.99,45.05,44.99,45.05,10200,459124.0
001395.SZ,2026-01-28 10:18:00,45.05,45.09,45.05,45.08,7300,328953.0
001395.SZ,2026-01-28 10:19:00,45.1,45.1,45.08,45.08,8600,387742.0
001395.SZ,2026-01-28 10:20:00,45.05,45.05,45.03,45.04,7100,319787.0
001395.SZ,2026-01-28 10:21:00,45.02,45.1,45.01,45.1,6500,292747.0
001395.SZ,2026-01-28 10:22:00,45.09,45.15,45.08,45.15,7000,315701.0
001395.SZ,2026-01-28 10:23:00,45.16,45.2,45.16,45.2,3200,144567.0
001395.SZ,2026-01-28 10:24:00,45.2,45.21,45.15,45.15,15100,682126.0
001395.SZ,2026-01-28 10:25:00,45.15,45.15,45.14,45.14,1300,58690.0
001395.SZ,2026-01-28 10:26:00,45.14,45.14,45.13,45.13,2800,126386.0
001395.SZ,2026-01-28 10:27:00,45.14,45.14,45.11,45.11,3200,144409.0
001395.SZ,2026-01-28 10:28:00,45.12,45.14,45.12,45.12,4300,194035.0
001395.SZ,2026-01-28 10:29:00,45.12,45.21,45.12,45.21,4400,198609.0
001395.SZ,2026-01-28 10:30:00,45.21,45.22,45.16,45.16,1700,76860.0
001395.SZ,2026-01-28 10:31:00,45.18,45.2,45.12,45.12,7900,356828.0
001395.SZ,2026-01-28 10:32:00,45.13,45.17,45.13,45.17,1100,49652.0
001395.SZ,2026-01-28 10:33:00,45.15,45.17,45.15,45.16,1900,85801.0
001395.SZ,2026-01-28 10:34:00,45.19,45.21,45.19,45.19,2800,126550.0
001395.SZ,2026-01-28 10:35:00,45.16,45.16,45.12,45.16,10900,492103.0
001395.SZ,2026-01-28 10:36:00,45.17,45.17,45.13,45.14,9800,442537.0
001395.SZ,2026-01-28 10:37:00,45.14,45.16,45.13,45.16,7700,347566.0
001395.SZ,2026-01-28 10:38:00,45.13,45.13,45.12,45.12,7300,329418.0
001395.SZ,2026-01-28 10:39:00,45.13,45.15,45.13,45.13,2500,112846.0
001395.SZ,2026-01-28 10:40:00,45.12,45.14,45.11,45.11,9200,415125.0
001395.SZ,2026-01-28 10:41:00,45.12,45.12,45.1,45.1,7100,320238.0
001395.SZ,2026-01-28 10:42:00,45.09,45.1,45.09,45.1,2600,117253.0
001395.SZ,2026-01-28 10:43:00,45.1,45.1,45.09,45.09,3100,139797.0
001395.SZ,2026-01-28 10:44:00,45.1,45.13,45.1,45.13,1053,47501.3
001395.SZ,2026-01-28 10:45:00,45.13,45.16,45.13,45.16,1000,45139.0
001395.SZ,2026-01-28 10:46:00,45.16,45.17,45.13,45.17,3600,162573.0
001395.SZ,2026-01-28 10:47:00,45.16,45.22,45.16,45.22,14000,632358.0
001395.SZ,2026-01-28 10:48:00,45.26,45.32,45.26,45.32,6200,280921.0
001395.SZ,2026-01-28 10:49:00,45.34,45.34,45.32,45.34,700,31733.0
001395.SZ,2026-01-28 10:50:00,45.38,45.39,45.38,45.39,4300,195139.0
001395.SZ,2026-01-28 10:51:00,45.38,45.39,45.31,45.33,20900,947449.0
001395.SZ,2026-01-28 10:52:00,45.37,45.38,45.37,45.38,2400,108905.0
001395.SZ,2026-01-28 10:53:00,45.39,45.4,45.3,45.4,13600,616841.0
001395.SZ,2026-01-28 10:54:00,45.4,45.4,45.29,45.38,8900,403610.0
001395.SZ,2026-01-28 10:55:00,45.37,45.38,45.3,45.3,2900,131534.0
001395.SZ,2026-01-28 10:56:00,45.3,45.4,45.3,45.3,1200,54391.0
001395.SZ,2026-01-28 10:57:00,45.38,45.38,45.38,45.38,100,4538.0
001395.SZ,2026-01-28 10:58:00,45.38,45.39,45.38,45.39,800,36305.0
001395.SZ,2026-01-28 10:59:00,45.39,45.39,45.3,45.3,2800,127007.0
001395.SZ,2026-01-28 11:00:00,45.3,45.3,45.27,45.27,2300,104151.0
001395.SZ,2026-01-28 11:01:00,45.26,45.26,45.22,45.22,800,36187.0
001395.SZ,2026-01-28 11:02:00,45.22,45.22,45.22,45.22,0,0.0
001395.SZ,2026-01-28 11:03:00,45.26,45.28,45.24,45.25,500,22629.0
001395.SZ,2026-01-28 11:04:00,45.25,45.25,45.23,45.23,2400,108560.0
001395.SZ,2026-01-28 11:05:00,45.23,45.24,45.22,45.24,5500,248769.0
001395.SZ,2026-01-28 11:06:00,45.26,45.26,45.26,45.26,1400,63364.0
001395.SZ,2026-01-28 11:07:00,45.27,45.3,45.25,45.3,5700,258156.0
001395.SZ,2026-01-28 11:08:00,45.3,45.3,45.3,45.3,1000,45308.0
001395.SZ,2026-01-28 11:09:00,45.3,45.3,45.3,45.3,400,18120.0
001395.SZ,2026-01-28 11:10:00,45.3,45.3,45.29,45.3,2300,104189.0
001395.SZ,2026-01-28 11:11:00,45.3,45.3,45.3,45.3,100,4530.0
001395.SZ,2026-01-28 11:12:00,45.31,45.32,45.31,45.32,1300,58910.0
001395.SZ,2026-01-28 11:13:00,45.32,45.33,45.32,45.33,2800,126916.0
001395.SZ,2026-01-28 11:14:00,45.32,45.32,45.3,45.31,3500,158558.0
001395.SZ,2026-01-28 11:15:00,45.31,45.32,45.27,45.32,5500,249098.0
001395.SZ,2026-01-28 11:16:00,45.26,45.26,45.25,45.25,5900,266988.0
001395.SZ,2026-01-28 11:17:00,45.25,45.25,45.21,45.21,6600,298482.0
001395.SZ,2026-01-28 11:18:00,45.22,45.25,45.22,45.25,3460,156514.0
001395.SZ,2026-01-28 11:19:00,45.27,45.29,45.27,45.29,1200,54321.0
001395.SZ,2026-01-28 11:20:00,45.29,45.3,45.26,45.3,5500,249145.0
001395.SZ,2026-01-28 11:21:00,45.3,45.3,45.3,45.3,1100,49827.0
001395.SZ,2026-01-28 11:22:00,45.3,45.3,45.3,45.3,200,9060.0
001395.SZ,2026-01-28 11:23:00,45.3,45.3,45.27,45.27,4500,203841.0
001395.SZ,2026-01-28 11:24:00,45.29,45.29,45.27,45.27,1000,45280.0
001395.SZ,2026-01-28 11:25:00,45.3,45.3,45.3,45.3,2800,126840.0
001395.SZ,2026-01-28 11:26:00,45.3,45.32,45.3,45.32,400,18125.0
001395.SZ,2026-01-28 11:27:00,45.34,45.34,45.32,45.34,1700,77073.0
001395.SZ,2026-01-28 11:28:00,45.34,45.34,45.31,45.31,3300,149557.0
001395.SZ,2026-01-28 11:29:00,45.31,45.31,45.31,45.31,200,9062.0
001395.SZ,2026-01-28 11:30:00,45.32,45.32,45.3,45.32,4100,185749.0
001395.SZ,2026-01-28 13:01:00,45.3,45.35,45.3,45.31,13700,620847.0
001395.SZ,2026-01-28 13:02:00,45.3,45.3,45.27,45.3,1000,45292.0
001395.SZ,2026-01-28 13:03:00,45.3,45.31,45.3,45.31,1300,58895.0
001395.SZ,2026-01-28 13:04:00,45.3,45.32,45.3,45.3,2000,90622.0
001395.SZ,2026-01-28 13:05:00,45.3,45.31,45.3,45.31,1400,63424.0
001395.SZ,2026-01-28 13:06:00,45.31,45.31,45.26,45.3,12900,584143.0
001395.SZ,2026-01-28 13:07:00,45.32,45.34,45.31,45.31,300,13597.0
001395.SZ,2026-01-28 13:08:00,45.31,45.34,45.31,45.31,1600,72528.0
001395.SZ,2026-01-28 13:09:00,45.31,45.31,45.3,45.3,3600,163094.0
001395.SZ,2026-01-28 13:10:00,45.31,45.31,45.3,45.3,800,36246.0
001395.SZ,2026-01-28 13:11:00,45.27,45.27,45.26,45.27,11700,529585.0
001395.SZ,2026-01-28 13:12:00,45.27,45.3,45.27,45.27,3800,172046.0
001395.SZ,2026-01-28 13:13:00,45.26,45.26,45.26,45.26,700,31682.0
001395.SZ,2026-01-28 13:14:00,45.26,45.26,45.26,45.26,1700,76942.0
001395.SZ,2026-01-28 13:15:00,45.26,45.27,45.23,45.23,6140,277770.0
001395.SZ,2026-01-28 13:16:00,45.25,45.25,45.22,45.23,2300,104042.0
001395.SZ,2026-01-28 13:17:00,45.22,45.23,45.21,45.23,600,27131.0
001395.SZ,2026-01-28 13:18:00,45.23,45.23,45.18,45.18,11600,524363.0
001395.SZ,2026-01-28 13:19:00,45.18,45.23,45.17,45.23,3700,167194.0
001395.SZ,2026-01-28 13:20:00,45.19,45.21,45.19,45.19,1300,58762.0
001395.SZ,2026-01-28 13:21:00,45.2,45.21,45.2,45.21,1900,85896.0
001395.SZ,2026-01-28 13:22:00,45.22,45.22,45.2,45.21,1200,54253.0
001395.SZ,2026-01-28 13:23:00,45.22,45.23,45.2,45.23,3800,171829.0
001395.SZ,2026-01-28 13:24:00,45.19,45.19,45.16,45.16,6100,275633.0
001395.SZ,2026-01-28 13:25:00,45.19,45.22,45.19,45.22,400,18085.0
001395.SZ,2026-01-28 13:26:00,45.23,45.23,45.2,45.21,1100,49734.0
001395.SZ,2026-01-28 13:27:00,45.21,45.21,45.2,45.2,1700,76854.0
001395.SZ,2026-01-28 13:28:00,45.2,45.2,45.2,45.2,500,22600.0
001395.SZ,2026-01-28 13:29:00,45.2,45.2,45.2,45.2,1600,72320.0
001395.SZ,2026-01-28 13:30:00,45.18,45.19,45.18,45.19,600,27111.0
001395.SZ,2026-01-28 13:31:00,45.2,45.2,45.17,45.2,5800,262040.0
001395.SZ,2026-01-28 13:32:00,45.17,45.17,45.17,45.17,1300,58721.0
001395.SZ,2026-01-28 13:33:00,45.18,45.18,45.15,45.15,7600,343234.0
001395.SZ,2026-01-28 13:34:00,45.17,45.18,45.17,45.18,500,22589.0
001395.SZ,2026-01-28 13:35:00,45.17,45.17,45.13,45.13,5600,252858.0
001395.SZ,2026-01-28 13:36:00,45.13,45.15,45.09,45.15,11547,520921.7
001395.SZ,2026-01-28 13:37:00,45.15,45.15,45.15,45.15,2100,94814.0
001395.SZ,2026-01-28 13:38:00,45.15,45.15,45.15,45.15,900,40635.0
001395.SZ,2026-01-28 13:39:00,45.12,45.2,45.12,45.2,4000,180535.0
001395.SZ,2026-01-28 13:40:00,45.14,45.18,45.14,45.18,1500,67738.0
001395.SZ,2026-01-28 13:41:00,45.14,45.15,45.14,45.15,5700,257306.0
001395.SZ,2026-01-28 13:42:00,45.17,45.17,45.17,45.17,300,13551.0
001395.SZ,2026-01-28 13:43:00,45.17,45.17,45.17,45.17,500,22584.0
001395.SZ,2026-01-28 13:44:00,45.15,45.15,45.15,45.15,400,18060.0
001395.SZ,2026-01-28 13:45:00,45.15,45.16,45.15,45.16,300,13546.0
001395.SZ,2026-01-28 13:46:00,45.16,45.16,45.16,45.16,1100,49676.0
001395.SZ,2026-01-28 13:47:00,45.16,45.16,45.15,45.15,4000,180621.0
001395.SZ,2026-01-28 13:48:00,45.15,45.15,45.13,45.13,5200,234745.0
001395.SZ,2026-01-28 13:49:00,45.13,45.13,45.13,45.13,100,4513.0
001395.SZ,2026-01-28 13:50:00,45.13,45.13,45.13,45.13,900,40617.0
001395.SZ,2026-01-28 13:51:00,45.13,45.14,45.12,45.14,12000,541559.0
001395.SZ,2026-01-28 13:52:00,45.13,45.15,45.13,45.15,2800,126406.0
001395.SZ,2026-01-28 13:53:00,45.16,45.2,45.16,45.19,1300,58737.0
001395.SZ,2026-01-28 13:54:00,45.19,45.19,45.17,45.17,700,31625.0
001395.SZ,2026-01-28 13:55:00,45.14,45.15,45.13,45.13,15300,690557.0
001395.SZ,2026-01-28 13:56:00,45.13,45.14,45.12,45.12,1500,67691.0
001395.SZ,2026-01-28 13:57:00,45.16,45.17,45.16,45.16,2900,130974.0
001395.SZ,2026-01-28 13:58:00,45.13,45.14,45.12,45.12,8100,365556.0
001395.SZ,2026-01-28 13:59:00,45.13,45.15,45.1,45.1,11700,527885.0
001395.SZ,2026-01-28 14:00:00,45.1,45.11,45.09,45.09,5100,230000.0
001395.SZ,2026-01-28 14:01:00,45.09,45.09,45.08,45.08,5300,238944.0
001395.SZ,2026-01-28 14:02:00,45.07,45.08,45.07,45.08,5300,238875.0
001395.SZ,2026-01-28 14:03:00,45.08,45.08,45.07,45.08,5500,247889.0
001395.SZ,2026-01-28 14:04:00,45.07,45.08,45.07,45.07,3900,175798.0
001395.SZ,2026-01-28 14:05:00,45.07,45.09,45.07,45.08,2100,94663.0
001395.SZ,2026-01-28 14:06:00,45.07,45.08,45.07,45.07,4160,187493.2
001395.SZ,2026-01-28 14:07:00,45.08,45.08,45.07,45.07,800,36059.0
001395.SZ,2026-01-28 14:08:00,45.07,45.08,45.07,45.07,5700,256907.0
001395.SZ,2026-01-28 14:09:00,45.07,45.07,45.07,45.07,2040,91942.8
001395.SZ,2026-01-28 14:10:00,45.07,45.08,45.06,45.08,2060,92850.2
001395.SZ,2026-01-28 14:11:00,45.09,45.09,45.08,45.08,1800,81151.0
001395.SZ,2026-01-28 14:12:00,45.08,45.09,45.08,45.09,700,31559.0
001395.SZ,2026-01-28 14:13:00,45.09,45.1,45.08,45.08,5000,225464.0
001395.SZ,2026-01-28 14:14:00,45.08,45.08,45.08,45.08,3000,135240.0
001395.SZ,2026-01-28 14:15:00,45.09,45.09,45.05,45.05,12440,560634.2
001395.SZ,2026-01-28 14:16:00,45.07,45.07,45.04,45.04,10400,468500.0
001395.SZ,2026-01-28 14:17:00,45.04,45.04,45.0,45.01,19600,882235.0
001395.SZ,2026-01-28 14:18:00,45.02,45.03,45.01,45.03,6860,308854.6
001395.SZ,2026-01-28 14:19:00,45.03,45.04,45.03,45.04,1900,85569.0
001395.SZ,2026-01-28 14:20:00,45.03,45.04,45.02,45.03,3100,139604.0
001395.SZ,2026-01-28 14:21:00,45.03,45.03,45.03,45.03,2700,121581.0
001395.SZ,2026-01-28 14:22:00,45.01,45.03,45.01,45.03,14500,652755.0
001395.SZ,2026-01-28 14:23:00,45.02,45.03,45.02,45.03,1500,67542.0
001395.SZ,2026-01-28 14:24:00,45.02,45.02,45.02,45.02,400,18008.0
001395.SZ,2026-01-28 14:25:00,45.02,45.04,45.02,45.02,6800,306238.0
001395.SZ,2026-01-28 14:26:00,45.04,45.06,45.04,45.05,1200,54059.0
001395.SZ,2026-01-28 14:27:00,45.05,45.05,45.04,45.05,4900,220739.0
001395.SZ,2026-01-28 14:28:00,45.04,45.05,45.04,45.05,400,18018.0
001395.SZ,2026-01-28 14:29:00,45.05,45.05,45.05,45.05,1100,49555.0
001395.SZ,2026-01-28 14:30:00,45.05,45.05,45.0,45.01,23600,1062526.0
001395.SZ,2026-01-28 14:31:00,45.01,45.01,44.96,44.96,56240,2530725.5
001395.SZ,2026-01-28 14:32:00,44.96,45.01,44.96,45.01,7700,346354.0
001395.SZ,2026-01-28 14:33:00,45.0,45.0,44.97,44.98,8200,368876.0
001395.SZ,2026-01-28 14:34:00,44.97,44.98,44.97,44.97,6100,274338.0
001395.SZ,2026-01-28 14:35:00,44.97,45.0,44.97,44.99,4100,184420.0
001395.SZ,2026-01-28 14:36:00,44.99,45.0,44.99,45.0,4000,179997.0
001395.SZ,2026-01-28 14:37:00,45.01,45.01,44.99,44.99,7000,315014.0
001395.SZ,2026-01-28 14:38:00,45.0,45.0,44.97,44.97,7700,346387.0
001395.SZ,2026-01-28 14:39:00,44.97,44.98,44.96,44.98,6700,301301.0
001395.SZ,2026-01-28 14:40:00,44.97,44.99,44.97,44.98,4800,215898.0
001395.SZ,2026-01-28 14:41:00,44.99,45.0,44.98,45.0,4300,193452.0
001395.SZ,2026-01-28 14:42:00,45.0,45.0,44.99,44.99,5380,242070.2
001395.SZ,2026-01-28 14:43:00,44.99,45.0,44.98,44.98,6820,306820.8
001395.SZ,2026-01-28 14:44:00,44.98,44.98,44.96,44.96,8300,373276.0
001395.SZ,2026-01-28 14:45:00,44.99,44.99,44.96,44.96,4400,197871.0
001395.SZ,2026-01-28 14:46:00,44.97,44.98,44.97,44.98,3000,134920.0
001395.SZ,2026-01-28 14:47:00,44.97,44.99,44.97,44.97,4200,188909.0
001395.SZ,2026-01-28 14:48:00,44.97,44.99,44.97,44.97,4700,211406.0
001395.SZ,2026-01-28 14:49:00,44.98,44.99,44.97,44.98,9200,413790.0
001395.SZ,2026-01-28 14:50:00,44.98,44.99,44.97,44.97,12100,544167.0
001395.SZ,2026-01-28 14:51:00,44.97,44.98,44.95,44.95,17800,800288.0
001395.SZ,2026-01-28 14:52:00,44.95,44.97,44.95,44.97,7600,341664.0
001395.SZ,2026-01-28 14:53:00,44.96,44.99,44.96,44.99,9300,418322.0
001395.SZ,2026-01-28 14:54:00,44.98,45.03,44.98,45.02,7900,355478.0
001395.SZ,2026-01-28 14:55:00,45.02,45.03,45.0,45.01,6700,301593.0
001395.SZ,2026-01-28 14:56:00,45.01,45.02,45.01,45.02,9500,427608.0
001395.SZ,2026-01-28 14:57:00,45.0,45.07,45.0,45.03,14300,643999.0
001395.SZ,2026-01-28 14:58:00,45.03,45.03,45.03,45.03,0,0.0
001395.SZ,2026-01-28 14:59:00,45.03,45.03,45.03,45.03,0,0.0
001395.SZ,2026-01-28 15:00:00,45.02,45.02,45.02,45.02,24100,1084982.0
001395.SZ,2026-01-29 09:30:00,45.02,45.02,45.02,45.02,5500,247610.0
001395.SZ,2026-01-29 09:31:00,45.0,45.0,44.75,44.75,26600,1194253.0
001395.SZ,2026-01-29 09:32:00,44.72,44.72,44.5,44.52,43300,1930429.0
001395.SZ,2026-01-29 09:33:00,44.51,44.51,44.2,44.31,49500,2196036.0
001395.SZ,2026-01-29 09:34:00,44.3,44.43,44.3,44.4,20600,914424.0
001395.SZ,2026-01-29 09:35:00,44.4,44.41,44.23,44.28,22760,1009350.0
001395.SZ,2026-01-29 09:36:00,44.36,44.36,44.25,44.27,23300,1032412.0
001395.SZ,2026-01-29 09:37:00,44.27,44.28,44.11,44.12,50000,2210557.0
001395.SZ,2026-01-29 09:38:00,44.12,44.32,44.12,44.32,36400,1608145.0
001395.SZ,2026-01-29 09:39:00,44.33,44.35,44.25,44.31,16600,735303.0
001395.SZ,2026-01-29 09:40:00,44.36,44.46,44.31,44.46,13700,607762.0
001395.SZ,2026-01-29 09:41:00,44.46,44.52,44.45,44.47,12500,555705.0
001395.SZ,2026-01-29 09:42:00,44.47,44.55,44.41,44.55,21300,946820.0
001395.SZ,2026-01-29 09:43:00,44.5,44.5,44.37,44.4,22300,989738.0
001395.SZ,2026-01-29 09:44:00,44.4,44.4,44.36,44.36,3700,164225.0
001395.SZ,2026-01-29 09:45:00,44.36,44.36,44.34,44.34,3700,164104.0
001395.SZ,2026-01-29 09:46:00,44.37,44.46,44.34,44.44,18600,825509.0
001395.SZ,2026-01-29 09:47:00,44.44,44.44,44.4,44.4,8700,386364.0
001395.SZ,2026-01-29 09:48:00,44.4,44.44,44.38,44.38,13800,612943.0
001395.SZ,2026-01-29 09:49:00,44.38,44.38,44.34,44.34,11400,505729.0
001395.SZ,2026-01-29 09:50:00,44.33,44.4,44.33,44.4,5600,248432.0
001395.SZ,2026-01-29 09:51:00,44.4,44.42,44.38,44.42,4800,213122.0
001395.SZ,2026-01-29 09:52:00,44.44,44.44,44.37,44.37,4400,195291.0
001395.SZ,2026-01-29 09:53:00,44.37,44.42,44.35,44.42,12000,532367.0
001395.SZ,2026-01-29 09:54:00,44.42,44.44,44.42,44.44,7800,346595.0
001395.SZ,2026-01-29 09:55:00,44.42,44.44,44.4,44.4,1700,75505.0
001395.SZ,2026-01-29 09:56:00,44.4,44.44,44.4,44.44,4000,177666.0
001395.SZ,2026-01-29 09:57:00,44.44,44.44,44.43,44.43,2600,115509.0
001395.SZ,2026-01-29 09:58:00,44.41,44.42,44.41,44.41,5800,257590.0
001395.SZ,2026-01-29 09:59:00,44.43,44.48,44.41,44.48,7748,344310.12
001395.SZ,2026-01-29 10:00:00,44.5,44.55,44.5,44.53,1200,53441.0
001395.SZ,2026-01-29 10:01:00,44.52,44.52,44.49,44.49,3900,173569.0
001395.SZ,2026-01-29 10:02:00,44.49,44.49,44.48,44.48,1300,57838.0
001395.SZ,2026-01-29 10:03:00,44.46,44.49,44.44,44.44,4400,195700.0
001395.SZ,2026-01-29 10:04:00,44.48,44.52,44.44,44.52,2400,106760.0
001395.SZ,2026-01-29 10:05:00,44.48,44.5,44.45,44.5,2000,88955.0
001395.SZ,2026-01-29 10:06:00,44.46,44.47,44.46,44.47,4300,191186.0
001395.SZ,2026-01-29 10:07:00,44.46,44.49,44.44,44.44,12100,537780.0
001395.SZ,2026-01-29 10:08:00,44.43,44.5,44.43,44.5,1300,57833.0
001395.SZ,2026-01-29 10:09:00,44.5,44.5,44.5,44.5,200,8900.0
001395.SZ,2026-01-29 10:10:00,44.5,44.51,44.5,44.51,4600,204704.0
001395.SZ,2026-01-29 10:11:00,44.46,44.52,44.46,44.52,8100,360471.0
001395.SZ,2026-01-29 10:12:00,44.52,44.61,44.52,44.61,9100,405116.0
001395.SZ,2026-01-29 10:13:00,44.66,44.66,44.65,44.66,2200,98251.0
001395.SZ,2026-01-29 10:14:00,44.62,44.66,44.62,44.62,3400,151799.0
001395.SZ,2026-01-29 10:15:00,44.62,44.63,44.61,44.61,6500,290027.0
001395.SZ,2026-01-29 10:16:00,44.61,44.61,44.58,44.61,1900,84735.0
001395.SZ,2026-01-29 10:17:00,44.6,44.6,44.58,44.6,2200,98106.0
001395.SZ,2026-01-29 10:18:00,44.6,44.6,44.57,44.57,2600,115909.0
001395.SZ,2026-01-29 10:19:00,44.53,44.58,44.53,44.57,500,22280.0
001395.SZ,2026-01-29 10:20:00,44.53,44.53,44.53,44.53,400,17812.0
001395.SZ,2026-01-29 10:21:00,44.52,44.53,44.52,44.52,4300,191448.0
001395.SZ,2026-01-29 10:22:00,44.52,44.52,44.52,44.52,1200,53424.0
001395.SZ,2026-01-29 10:23:00,44.52,44.52,44.52,44.52,1900,84588.0
001395.SZ,2026-01-29 10:24:00,44.52,44.52,44.51,44.51,1200,53419.0
001395.SZ,2026-01-29 10:25:00,44.5,44.5,44.5,44.5,3400,151300.0
001395.SZ,2026-01-29 10:26:00,44.5,44.51,44.5,44.51,1700,75652.0
001395.SZ,2026-01-29 10:27:00,44.51,44.51,44.51,44.51,1300,57863.0
001395.SZ,2026-01-29 10:28:00,44.51,44.52,44.5,44.52,5900,262574.0
001395.SZ,2026-01-29 10:29:00,44.52,44.53,44.52,44.53,4200,186985.0
001395.SZ,2026-01-29 10:30:00,44.53,44.57,44.48,44.48,15200,676665.0
001395.SZ,2026-01-29 10:31:00,44.47,44.47,44.45,44.45,6000,266804.0
001395.SZ,2026-01-29 10:32:00,44.45,44.45,44.41,44.41,16300,724262.0
001395.SZ,2026-01-29 10:33:00,44.41,44.41,44.4,44.4,6900,306418.0
001395.SZ,2026-01-29 10:34:00,44.41,44.43,44.41,44.43,1500,66635.0
001395.SZ,2026-01-29 10:35:00,44.44,44.44,44.41,44.41,4900,217718.0
001395.SZ,2026-01-29 10:36:00,44.43,44.44,44.43,44.44,1100,48880.0
001395.SZ,2026-01-29 10:37:00,44.45,44.45,44.45,44.45,100,4445.0
001395.SZ,2026-01-29 10:38:00,44.44,44.44,44.42,44.42,2100,93317.0
001395.SZ,2026-01-29 10:39:00,44.43,44.43,44.42,44.43,2100,93301.0
001395.SZ,2026-01-29 10:40:00,44.43,44.43,44.43,44.43,1000,44430.0
001395.SZ,2026-01-29 10:41:00,44.44,44.44,44.43,44.43,6000,266601.0
001395.SZ,2026-01-29 10:42:00,44.43,44.44,44.43,44.44,1600,71098.0
001395.SZ,2026-01-29 10:43:00,44.45,44.45,44.44,44.45,4700,208894.0
001395.SZ,2026-01-29 10:44:00,44.51,44.51,44.45,44.46,4100,182301.0
001395.SZ,2026-01-29 10:45:00,44.46,44.47,44.46,44.47,1900,84485.0
001395.SZ,2026-01-29 10:46:00,44.47,44.47,44.44,44.44,15600,693546.0
001395.SZ,2026-01-29 10:47:00,44.44,44.44,44.44,44.44,4900,217739.0
001395.SZ,2026-01-29 10:48:00,44.44,44.44,44.44,44.44,1000,44438.0
001395.SZ,2026-01-29 10:49:00,44.44,44.45,44.44,44.44,1200,53330.0
001395.SZ,2026-01-29 10:50:00,44.45,44.46,44.44,44.44,4100,182269.0
001395.SZ,2026-01-29 10:51:00,44.43,44.43,44.32,44.32,33700,1496016.0
001395.SZ,2026-01-29 10:52:00,44.31,44.32,44.3,44.32,7000,310152.0
001395.SZ,2026-01-29 10:53:00,44.32,44.32,44.31,44.32,9700,429889.0
001395.SZ,2026-01-29 10:54:00,44.32,44.32,44.32,44.32,2100,93072.0
001395.SZ,2026-01-29 10:55:00,44.32,44.32,44.32,44.32,3600,159552.0
001395.SZ,2026-01-29 10:56:00,44.33,44.4,44.33,44.35,13800,612585.0
001395.SZ,2026-01-29 10:57:00,44.43,44.43,44.43,44.43,100,4443.0
001395.SZ,2026-01-29 10:58:00,44.43,44.44,44.43,44.44,1400,62207.0
001395.SZ,2026-01-29 10:59:00,44.43,44.43,44.37,44.37,2800,124348.0
001395.SZ,2026-01-29 11:00:00,44.4,44.4,44.4,44.4,800,35517.0
001395.SZ,2026-01-29 11:01:00,44.41,44.41,44.41,44.41,2900,128789.0
001395.SZ,2026-01-29 11:02:00,44.4,44.41,44.4,44.4,6300,279724.0
001395.SZ,2026-01-29 11:03:00,44.4,44.4,44.4,44.4,3000,133200.0
001395.SZ,2026-01-29 11:04:00,44.37,44.37,44.36,44.36,4200,186326.0
001395.SZ,2026-01-29 11:05:00,44.36,44.36,44.36,44.36,1400,62104.0
001395.SZ,2026-01-29 11:06:00,44.36,44.39,44.36,44.39,4700,208533.0
001395.SZ,2026-01-29 11:07:00,44.36,44.38,44.36,44.36,5500,244008.0
001395.SZ,2026-01-29 11:08:00,44.35,44.36,44.35,44.35,13200,585429.0
001395.SZ,2026-01-29 11:09:00,44.33,44.34,44.33,44.33,7600,336909.0
001395.SZ,2026-01-29 11:10:00,44.33,44.39,44.32,44.39,22500,997800.0
001395.SZ,2026-01-29 11:11:00,44.34,44.34,44.32,44.32,3500,155132.0
001395.SZ,2026-01-29 11:12:00,44.32,44.33,44.32,44.32,2900,128537.0
001395.SZ,2026-01-29 11:13:00,44.34,44.34,44.32,44.32,4000,177358.0
001395.SZ,2026-01-29 11:14:00,44.32,44.33,44.32,44.33,2700,119679.0
001395.SZ,2026-01-29 11:15:00,44.33,44.33,44.33,44.33,700,31031.0
001395.SZ,2026-01-29 11:16:00,44.33,44.33,44.32,44.32,2100,93091.0
001395.SZ,2026-01-29 11:17:00,44.33,44.33,44.32,44.32,3600,159562.0
001395.SZ,2026-01-29 11:18:00,44.32,44.33,44.32,44.33,2900,128548.0
001395.SZ,2026-01-29 11:19:00,44.33,44.33,44.24,44.24,26200,1160305.0
001395.SZ,2026-01-29 11:20:00,44.23,44.28,44.22,44.28,6600,291976.0
001395.SZ,2026-01-29 11:21:00,44.28,44.29,44.28,44.28,900,39853.0
001395.SZ,2026-01-29 11:22:00,44.29,44.29,44.24,44.27,8500,376308.0
001395.SZ,2026-01-29 11:23:00,44.28,44.28,44.24,44.24,4500,199094.0
001395.SZ,2026-01-29 11:24:00,44.25,44.25,44.24,44.25,4600,203528.0
001395.SZ,2026-01-29 11:25:00,44.25,44.25,44.24,44.24,3400,150439.0
001395.SZ,2026-01-29 11:26:00,44.24,44.24,44.22,44.22,6100,269810.0
001395.SZ,2026-01-29 11:27:00,44.22,44.22,44.22,44.22,3200,141504.0
001395.SZ,2026-01-29 11:28:00,44.23,44.23,44.23,44.23,700,30961.0
001395.SZ,2026-01-29 11:29:00,44.22,44.23,44.22,44.23,700,30956.0
001395.SZ,2026-01-29 11:30:00,44.23,44.23,44.23,44.23,100,4423.0
001395.SZ,2026-01-29 13:01:00,44.23,44.24,44.23,44.24,4200,185819.0
001395.SZ,2026-01-29 13:02:00,44.23,44.23,44.22,44.22,6400,283057.0
001395.SZ,2026-01-29 13:03:00,44.22,44.25,44.18,44.18,22800,1007957.8
001395.SZ,2026-01-29 13:04:00,44.18,44.18,44.16,44.18,2100,92770.0
001395.SZ,2026-01-29 13:05:00,44.16,44.18,44.16,44.17,6100,269466.0
001395.SZ,2026-01-29 13:06:00,44.17,44.24,44.17,44.2,5000,220926.0
001395.SZ,2026-01-29 13:07:00,44.2,44.2,44.2,44.2,400,17680.0
001395.SZ,2026-01-29 13:08:00,44.21,44.23,44.21,44.23,2000,88444.0
001395.SZ,2026-01-29 13:09:00,44.23,44.23,44.22,44.22,3700,163650.0
001395.SZ,2026-01-29 13:10:00,44.23,44.23,44.22,44.23,5900,260952.0
001395.SZ,2026-01-29 13:11:00,44.22,44.24,44.22,44.24,3200,141535.0
001395.SZ,2026-01-29 13:12:00,44.23,44.24,44.22,44.22,3200,141523.0
001395.SZ,2026-01-29 13:13:00,44.21,44.22,44.21,44.21,1400,61897.0
001395.SZ,2026-01-29 13:14:00,44.21,44.21,44.2,44.2,4100,181232.0
001395.SZ,2026-01-29 13:15:00,44.2,44.2,44.2,44.2,100,4420.0
001395.SZ,2026-01-29 13:16:00,44.2,44.2,44.2,44.2,100,4420.0
001395.SZ,2026-01-29 13:17:00,44.2,44.2,44.2,44.2,2100,92820.0
001395.SZ,2026-01-29 13:18:00,44.2,44.21,44.19,44.21,5000,220983.0
001395.SZ,2026-01-29 13:19:00,44.21,44.22,44.21,44.21,2400,106120.0
001395.SZ,2026-01-29 13:20:00,44.21,44.21,44.21,44.21,1300,57473.0
001395.SZ,2026-01-29 13:21:00,44.21,44.21,44.21,44.21,600,26526.0
001395.SZ,2026-01-29 13:22:00,44.2,44.21,44.2,44.21,3100,137041.0
001395.SZ,2026-01-29 13:23:00,44.21,44.22,44.21,44.22,3300,145900.0
001395.SZ,2026-01-29 13:24:00,44.22,44.23,44.22,44.22,500,22111.0
001395.SZ,2026-01-29 13:25:00,44.22,44.22,44.22,44.22,200,8844.0
001395.SZ,2026-01-29 13:26:00,44.21,44.23,44.2,44.2,1200,53055.0
001395.SZ,2026-01-29 13:27:00,44.2,44.2,44.19,44.19,7800,344744.0
001395.SZ,2026-01-29 13:28:00,44.18,44.2,44.18,44.2,6200,273941.0
001395.SZ,2026-01-29 13:29:00,44.2,44.22,44.19,44.19,4700,207748.0
001395.SZ,2026-01-29 13:30:00,44.18,44.18,44.17,44.18,600,26505.0
001395.SZ,2026-01-29 13:31:00,44.17,44.18,44.15,44.15,6300,278243.0
001395.SZ,2026-01-29 13:32:00,44.15,44.15,44.13,44.13,12400,547428.0
001395.SZ,2026-01-29 13:33:00,44.14,44.15,44.14,44.15,2300,101542.0
001395.SZ,2026-01-29 13:34:00,44.16,44.16,44.15,44.15,4700,207513.0
001395.SZ,2026-01-29 13:35:00,44.15,44.16,44.15,44.16,7800,344373.0
001395.SZ,2026-01-29 13:36:00,44.16,44.16,44.08,44.08,35200,1552724.0
001395.SZ,2026-01-29 13:37:00,44.08,44.08,44.07,44.08,4200,185135.0
001395.SZ,2026-01-29 13:38:00,44.08,44.08,44.05,44.06,16300,718249.0
001395.SZ,2026-01-29 13:39:00,44.05,44.06,44.05,44.05,10300,453740.0
001395.SZ,2026-01-29 13:40:00,44.06,44.06,44.05,44.05,10300,453776.0
001395.SZ,2026-01-29 13:41:00,44.05,44.13,44.05,44.13,15400,678700.0
001395.SZ,2026-01-29 13:42:00,44.13,44.16,44.13,44.13,1900,83850.0
001395.SZ,2026-01-29 13:43:00,44.13,44.14,44.11,44.11,2500,110327.0
001395.SZ,2026-01-29 13:44:00,44.14,44.15,44.14,44.15,2600,114765.0
001395.SZ,2026-01-29 13:45:00,44.14,44.15,44.12,44.12,1300,57372.0
001395.SZ,2026-01-29 13:46:00,44.14,44.14,44.14,44.14,600,26485.0
001395.SZ,2026-01-29 13:47:00,44.12,44.12,44.12,44.12,1800,79416.0
001395.SZ,2026-01-29 13:48:00,44.14,44.14,44.08,44.08,11100,489523.0
001395.SZ,2026-01-29 13:49:00,44.08,44.08,44.04,44.04,9200,405284.0
001395.SZ,2026-01-29 13:50:00,44.02,44.02,43.99,44.0,35900,1579884.0
001395.SZ,2026-01-29 13:51:00,43.99,44.0,43.96,43.96,5900,259510.0
001395.SZ,2026-01-29 13:52:00,43.96,43.96,43.94,43.94,3700,162635.0
001395.SZ,2026-01-29 13:53:00,43.94,43.95,43.94,43.95,2500,109861.0
001395.SZ,2026-01-29 13:54:00,43.95,43.96,43.94,43.94,6800,298830.0
001395.SZ,2026-01-29 13:55:00,43.94,43.97,43.94,43.97,2700,118686.0
001395.SZ,2026-01-29 13:56:00,43.97,43.98,43.94,43.94,9700,426393.0
001395.SZ,2026-01-29 13:57:00,43.95,43.96,43.94,43.94,4100,180196.0
001395.SZ,2026-01-29 13:58:00,43.94,43.94,43.88,43.88,9600,421426.0
001395.SZ,2026-01-29 13:59:00,43.86,43.88,43.84,43.85,6100,267550.0
001395.SZ,2026-01-29 14:00:00,43.86,43.88,43.85,43.88,5200,228102.0
001395.SZ,2026-01-29 14:01:00,43.88,43.89,43.85,43.85,6300,276339.0
001395.SZ,2026-01-29 14:02:00,43.86,43.88,43.86,43.86,1200,52633.0
001395.SZ,2026-01-29 14:03:00,43.93,43.93,43.87,43.88,1700,74609.0
001395.SZ,2026-01-29 14:04:00,43.88,43.91,43.88,43.88,3400,149214.0
001395.SZ,2026-01-29 14:05:00,43.9,43.9,43.89,43.9,2800,122906.0
001395.SZ,2026-01-29 14:06:00,43.88,43.88,43.87,43.87,1300,57044.0
001395.SZ,2026-01-29 14:07:00,43.87,43.89,43.87,43.87,9300,408063.0
001395.SZ,2026-01-29 14:08:00,43.89,43.89,43.87,43.87,2700,118453.0
001395.SZ,2026-01-29 14:09:00,43.89,43.89,43.87,43.87,8500,373029.0
001395.SZ,2026-01-29 14:10:00,43.87,43.88,43.87,43.88,3900,171121.0
001395.SZ,2026-01-29 14:11:00,43.88,43.89,43.88,43.89,5200,228151.0
001395.SZ,2026-01-29 14:12:00,43.89,43.89,43.82,43.83,17900,784999.0
001395.SZ,2026-01-29 14:13:00,43.82,43.82,43.78,43.78,15500,678993.0
001395.SZ,2026-01-29 14:14:00,43.8,43.8,43.78,43.78,5100,223302.0
001395.SZ,2026-01-29 14:15:00,43.78,43.78,43.76,43.77,6000,262613.0
001395.SZ,2026-01-29 14:16:00,43.77,43.78,43.77,43.78,12000,525258.0
001395.SZ,2026-01-29 14:17:00,43.77,43.79,43.77,43.79,5100,223265.0
001395.SZ,2026-01-29 14:18:00,43.8,43.81,43.8,43.81,1400,61322.0
001395.SZ,2026-01-29 14:19:00,43.81,43.83,43.81,43.83,2900,127080.0
001395.SZ,2026-01-29 14:20:00,43.85,43.89,43.85,43.88,3800,166701.0
001395.SZ,2026-01-29 14:21:00,43.89,43.89,43.87,43.88,4000,175530.0
001395.SZ,2026-01-29 14:22:00,43.87,43.88,43.86,43.87,2600,114067.0
001395.SZ,2026-01-29 14:23:00,43.87,43.88,43.87,43.88,2700,118452.0
001395.SZ,2026-01-29 14:24:00,43.88,43.88,43.87,43.87,4500,197423.0
001395.SZ,2026-01-29 14:25:00,43.87,43.98,43.87,43.88,7200,315951.0
001395.SZ,2026-01-29 14:26:00,43.9,43.98,43.9,43.98,2086,91615.4
001395.SZ,2026-01-29 14:27:00,43.98,43.98,43.98,43.98,0,0.0
001395.SZ,2026-01-29 14:28:00,44.0,44.05,44.0,44.05,2200,96850.0
001395.SZ,2026-01-29 14:29:00,44.02,44.07,44.02,44.07,5200,229020.0
001395.SZ,2026-01-29 14:30:00,44.08,44.1,44.0,44.0,13200,581358.0
001395.SZ,2026-01-29 14:31:00,44.04,44.04,44.0,44.0,2900,127615.0
001395.SZ,2026-01-29 14:32:00,44.01,44.01,44.01,44.01,6200,272811.0
001395.SZ,2026-01-29 14:33:00,44.01,44.01,44.0,44.01,3400,149632.0
001395.SZ,2026-01-29 14:34:00,44.0,44.0,43.87,43.87,19700,864652.0
001395.SZ,2026-01-29 14:35:00,43.86,43.87,43.86,43.86,5800,254424.0
001395.SZ,2026-01-29 14:36:00,43.87,43.87,43.87,43.87,2600,114055.0
001395.SZ,2026-01-29 14:37:00,43.87,43.87,43.86,43.86,7000,307063.0
001395.SZ,2026-01-29 14:38:00,43.86,43.87,43.86,43.87,2600,114060.0
001395.SZ,2026-01-29 14:39:00,43.87,43.87,43.86,43.86,3800,166675.0
001395.SZ,2026-01-29 14:40:00,43.87,43.88,43.87,43.87,5700,250071.0
001395.SZ,2026-01-29 14:41:00,43.87,43.87,43.86,43.87,4500,197373.0
001395.SZ,2026-01-29 14:42:00,43.86,43.88,43.86,43.88,4100,179852.0
001395.SZ,2026-01-29 14:43:00,43.87,43.88,43.87,43.88,3200,140396.0
001395.SZ,2026-01-29 14:44:00,43.88,43.89,43.87,43.87,2700,118482.0
001395.SZ,2026-01-29 14:45:00,43.88,43.88,43.86,43.87,8200,359761.0
001395.SZ,2026-01-29 14:46:00,43.87,43.87,43.86,43.87,3900,171082.0
001395.SZ,2026-01-29 14:47:00,43.87,43.88,43.87,43.88,5500,241296.0
001395.SZ,2026-01-29 14:48:00,43.88,43.88,43.86,43.86,4800,210550.0
001395.SZ,2026-01-29 14:49:00,43.87,43.88,43.86,43.88,8300,364098.0
001395.SZ,2026-01-29 14:50:00,43.87,43.87,43.86,43.87,4500,197395.0
001395.SZ,2026-01-29 14:51:00,43.86,43.89,43.86,43.89,3200,140405.0
001395.SZ,2026-01-29 14:52:00,43.89,43.89,43.87,43.87,7900,346657.0
001395.SZ,2026-01-29 14:53:00,43.88,43.88,43.86,43.87,10100,443071.0
001395.SZ,2026-01-29 14:54:00,43.86,43.88,43.86,43.88,5600,245651.0
001395.SZ,2026-01-29 14:55:00,43.88,43.89,43.87,43.88,3900,171116.0
001395.SZ,2026-01-29 14:56:00,43.88,43.88,43.86,43.87,4100,179852.0
001395.SZ,2026-01-29 14:57:00,43.86,43.87,43.85,43.85,11900,521917.6
001395.SZ,2026-01-29 14:58:00,43.85,43.85,43.85,43.85,0,0.0
001395.SZ,2026-01-29 14:59:00,43.85,43.85,43.85,43.85,0,0.0
001395.SZ,2026-01-29 15:00:00,43.88,43.88,43.88,43.88,13900,609932.0
001395.SZ,2026-01-30 09:30:00,43.47,43.49,43.41,43.48,22100,960717.0
001395.SZ,2026-01-30 09:31:00,43.45,43.5,43.4,43.5,23900,1038830.0
001395.SZ,2026-01-30 09:32:00,43.5,43.76,43.48,43.5,33400,1454037.0
001395.SZ,2026-01-30 09:33:00,43.51,43.51,43.28,43.28,43100,1869349.0
001395.SZ,2026-01-30 09:34:00,43.28,43.4,43.27,43.3,52200,2259916.0
001395.SZ,2026-01-30 09:35:00,43.4,43.4,43.09,43.11,72500,3134354.0
001395.SZ,2026-01-30 09:36:00,43.1,43.1,42.88,42.9,79200,3406225.0
001395.SZ,2026-01-30 09:37:00,42.86,43.0,42.81,42.93,30300,1298935.0
001395.SZ,2026-01-30 09:38:00,43.0,43.18,42.93,43.09,31300,1346717.0
001395.SZ,2026-01-30 09:39:00,43.15,43.3,43.11,43.3,7500,324039.0
001395.SZ,2026-01-30 09:40:00,43.2,43.35,43.2,43.31,14900,643976.0
001395.SZ,2026-01-30 09:41:00,43.35,43.78,43.33,43.65,21300,925895.0
001395.SZ,2026-01-30 09:42:00,43.64,43.98,43.63,43.88,31500,1381211.0
001395.SZ,2026-01-30 09:43:00,43.93,44.14,43.89,43.9,34000,1495355.0
001395.SZ,2026-01-30 09:44:00,43.9,43.9,43.83,43.84,9200,403627.0
001395.SZ,2026-01-30 09:45:00,44.0,44.08,43.9,44.05,21800,958127.0
001395.SZ,2026-01-30 09:46:00,44.09,44.12,44.04,44.1,18900,833178.0
001395.SZ,2026-01-30 09:47:00,44.09,44.1,44.06,44.1,23700,1044717.0
001395.SZ,2026-01-30 09:48:00,44.08,44.08,43.96,44.0,9800,431434.0
001395.SZ,2026-01-30 09:49:00,44.03,44.14,44.0,44.06,14800,652518.0
001395.SZ,2026-01-30 09:50:00,44.12,44.27,44.12,44.27,15200,671924.0
001395.SZ,2026-01-30 09:51:00,44.24,44.25,44.12,44.13,8700,384686.0
001395.SZ,2026-01-30 09:52:00,44.06,44.14,44.06,44.14,30300,1335635.0
001395.SZ,2026-01-30 09:53:00,44.14,44.14,44.05,44.14,5700,251505.0
001395.SZ,2026-01-30 09:54:00,44.14,44.14,44.09,44.09,1600,70583.0
001395.SZ,2026-01-30 09:55:00,44.07,44.07,44.04,44.07,2100,92530.0
001395.SZ,2026-01-30 09:56:00,44.07,44.07,44.02,44.02,3200,140972.0
001395.SZ,2026-01-30 09:57:00,44.02,44.02,44.0,44.0,11600,510458.0
001395.SZ,2026-01-30 09:58:00,44.0,44.0,43.95,44.0,4800,211004.0
001395.SZ,2026-01-30 09:59:00,43.96,43.96,43.95,43.95,2800,123077.0
001395.SZ,2026-01-30 10:00:00,43.95,43.99,43.95,43.99,1500,65965.0
001395.SZ,2026-01-30 10:01:00,43.99,44.0,43.95,43.95,11100,488120.0
001395.SZ,2026-01-30 10:02:00,43.93,43.93,43.85,43.85,5400,236926.0
001395.SZ,2026-01-30 10:03:00,43.85,43.85,43.84,43.85,3000,131542.0
001395.SZ,2026-01-30 10:04:00,43.85,43.87,43.85,43.85,1800,78948.0
001395.SZ,2026-01-30 10:05:00,43.85,43.88,43.85,43.88,1400,61411.0
001395.SZ,2026-01-30 10:06:00,43.88,43.88,43.88,43.88,900,39492.0
001395.SZ,2026-01-30 10:07:00,43.87,43.88,43.83,43.85,8600,377090.0
001395.SZ,2026-01-30 10:08:00,43.85,43.85,43.85,43.85,700,30695.0
001395.SZ,2026-01-30 10:09:00,43.88,43.98,43.85,43.85,3400,149174.0
001395.SZ,2026-01-30 10:10:00,43.86,43.95,43.86,43.95,180,7903.8
001395.SZ,2026-01-30 10:11:00,43.86,43.86,43.86,43.86,400,17544.0
001395.SZ,2026-01-30 10:12:00,43.86,43.93,43.86,43.93,900,39523.0
001395.SZ,2026-01-30 10:13:00,43.93,43.93,43.8,43.8,4700,206055.0
001395.SZ,2026-01-30 10:14:00,43.8,43.92,43.8,43.92,2100,92058.0
001395.SZ,2026-01-30 10:15:00,43.81,43.81,43.81,43.81,600,26286.0
001395.SZ,2026-01-30 10:16:00,43.8,43.8,43.8,43.8,3200,140169.0
001395.SZ,2026-01-30 10:17:00,43.71,43.71,43.65,43.65,3800,165993.0
001395.SZ,2026-01-30 10:18:00,43.68,43.69,43.65,43.69,1900,82999.0
001395.SZ,2026-01-30 10:19:00,43.69,43.7,43.69,43.7,3200,139814.0
001395.SZ,2026-01-30 10:20:00,43.7,43.7,43.7,43.7,0,0.0
001395.SZ,2026-01-30 10:21:00,43.71,43.71,43.71,43.71,400,17484.0
001395.SZ,2026-01-30 10:22:00,43.87,43.87,43.87,43.87,400,17548.0
001395.SZ,2026-01-30 10:23:00,43.88,43.88,43.71,43.72,1500,65622.0
001395.SZ,2026-01-30 10:24:00,43.71,43.85,43.7,43.71,3600,157415.0
001395.SZ,2026-01-30 10:25:00,43.71,43.71,43.65,43.65,3300,144078.0
001395.SZ,2026-01-30 10:26:00,43.65,43.86,43.64,43.85,3800,166053.0
001395.SZ,2026-01-30 10:27:00,43.85,43.85,43.84,43.84,1000,43847.0
001395.SZ,2026-01-30 10:28:00,43.85,43.85,43.65,43.83,1900,83139.0
001395.SZ,2026-01-30 10:29:00,43.65,43.76,43.65,43.76,1300,56803.0
001395.SZ,2026-01-30 10:30:00,43.79,43.81,43.66,43.81,600,26250.0
001395.SZ,2026-01-30 10:31:00,43.68,43.68,43.68,43.68,3200,139776.0
001395.SZ,2026-01-30 10:32:00,43.68,43.68,43.67,43.67,1800,78609.0
001395.SZ,2026-01-30 10:33:00,43.66,43.66,43.65,43.65,3100,135330.0
001395.SZ,2026-01-30 10:34:00,43.65,43.65,43.55,43.55,14300,623886.0
001395.SZ,2026-01-30 10:35:00,43.55,43.55,43.4,43.4,27500,1196553.0
001395.SZ,2026-01-30 10:36:00,43.4,43.41,43.37,43.41,9200,399280.0
001395.SZ,2026-01-30 10:37:00,43.38,43.5,43.38,43.44,5600,243365.0
001395.SZ,2026-01-30 10:38:00,43.53,43.6,43.53,43.6,4500,196078.0
001395.SZ,2026-01-30 10:39:00,43.6,43.6,43.6,43.6,0,0.0
001395.SZ,2026-01-30 10:40:00,43.65,43.8,43.65,43.8,4300,188010.0
001395.SZ,2026-01-30 10:41:00,43.8,43.82,43.8,43.82,1100,48190.0
001395.SZ,2026-01-30 10:42:00,43.81,43.81,43.76,43.76,21300,932998.0
001395.SZ,2026-01-30 10:43:00,43.76,43.76,43.76,43.76,700,30632.0
001395.SZ,2026-01-30 10:44:00,43.76,43.76,43.76,43.76,400,17504.0
001395.SZ,2026-01-30 10:45:00,43.65,43.66,43.65,43.66,2300,100405.0
001395.SZ,2026-01-30 10:46:00,43.64,43.76,43.64,43.76,700,30608.0
001395.SZ,2026-01-30 10:47:00,43.78,43.85,43.78,43.85,800,35037.0
001395.SZ,2026-01-30 10:48:00,43.84,43.84,43.66,43.66,900,39312.0
001395.SZ,2026-01-30 10:49:00,43.66,43.83,43.65,43.65,11300,493301.0
001395.SZ,2026-01-30 10:50:00,43.65,43.84,43.65,43.84,600,26264.0
001395.SZ,2026-01-30 10:51:00,43.83,43.85,43.68,43.68,1300,56958.0
001395.SZ,2026-01-30 10:52:00,43.68,43.68,43.68,43.68,300,13104.0
001395.SZ,2026-01-30 10:53:00,43.68,43.83,43.68,43.82,1500,65639.0
001395.SZ,2026-01-30 10:54:00,43.69,43.8,43.67,43.8,3300,144140.0
001395.SZ,2026-01-30 10:55:00,43.67,43.67,43.67,43.67,1200,52404.0
001395.SZ,2026-01-30 10:56:00,43.65,43.65,43.65,43.65,100,4365.0
001395.SZ,2026-01-30 10:57:00,43.66,43.67,43.64,43.67,1800,78583.0
001395.SZ,2026-01-30 10:58:00,43.64,43.64,43.64,43.64,600,26184.0
001395.SZ,2026-01-30 10:59:00,43.61,43.7,43.61,43.7,900,39285.0
001395.SZ,2026-01-30 11:00:00,43.61,43.7,43.61,43.7,2200,96113.0
001395.SZ,2026-01-30 11:01:00,43.62,43.62,43.62,43.62,3400,148556.0
001395.SZ,2026-01-30 11:02:00,43.7,43.7,43.7,43.7,300,13110.0
001395.SZ,2026-01-30 11:03:00,43.64,43.8,43.64,43.66,1500,65551.0
001395.SZ,2026-01-30 11:04:00,43.81,43.81,43.66,43.66,1700,74417.0
001395.SZ,2026-01-30 11:05:00,43.66,43.81,43.66,43.81,1000,43795.0
001395.SZ,2026-01-30 11:06:00,43.67,43.67,43.67,43.67,100,4367.0
001395.SZ,2026-01-30 11:07:00,43.67,43.82,43.67,43.82,800,35022.0
001395.SZ,2026-01-30 11:08:00,43.68,43.8,43.68,43.8,1000,43776.0
001395.SZ,2026-01-30 11:09:00,43.68,43.82,43.68,43.82,700,30652.0
001395.SZ,2026-01-30 11:10:00,43.79,43.79,43.79,43.79,100,4379.0
001395.SZ,2026-01-30 11:11:00,43.78,43.78,43.78,43.78,700,30640.0
001395.SZ,2026-01-30 11:12:00,43.78,43.78,43.78,43.78,0,0.0
001395.SZ,2026-01-30 11:13:00,43.77,43.77,43.77,43.77,700,30639.0
001395.SZ,2026-01-30 11:14:00,43.77,43.77,43.77,43.77,0,0.0
001395.SZ,2026-01-30 11:15:00,43.7,43.7,43.7,43.7,600,26220.0
001395.SZ,2026-01-30 11:16:00,43.7,43.77,43.7,43.77,1400,61194.0
001395.SZ,2026-01-30 11:17:00,43.77,43.77,43.77,43.77,400,17508.0
001395.SZ,2026-01-30 11:18:00,43.77,43.77,43.77,43.77,400,17508.0
001395.SZ,2026-01-30 11:19:00,43.77,43.77,43.77,43.77,400,17508.0
001395.SZ,2026-01-30 11:20:00,43.77,43.77,43.69,43.69,4800,209790.0
001395.SZ,2026-01-30 11:21:00,43.69,43.69,43.67,43.67,2100,91728.0
001395.SZ,2026-01-30 11:22:00,43.67,43.67,43.67,43.67,0,0.0
001395.SZ,2026-01-30 11:23:00,43.67,43.69,43.67,43.69,900,39315.0
001395.SZ,2026-01-30 11:24:00,43.69,43.69,43.69,43.69,1200,52428.0
001395.SZ,2026-01-30 11:25:00,43.69,43.76,43.69,43.76,3800,166053.0
001395.SZ,2026-01-30 11:26:00,43.7,43.7,43.7,43.7,200,8740.0
001395.SZ,2026-01-30 11:27:00,43.71,43.74,43.71,43.74,1300,56826.0
001395.SZ,2026-01-30 11:28:00,43.76,43.76,43.7,43.7,2600,113674.0
001395.SZ,2026-01-30 11:29:00,43.68,43.68,43.68,43.68,100,4368.0
001395.SZ,2026-01-30 11:30:00,43.69,43.7,43.65,43.65,1500,65514.0
001395.SZ,2026-01-30 13:01:00,43.63,43.63,43.62,43.63,4200,183258.0
001395.SZ,2026-01-30 13:02:00,43.63,43.63,43.61,43.63,2500,109051.0
001395.SZ,2026-01-30 13:03:00,43.7,43.7,43.7,43.7,500,21848.0
001395.SZ,2026-01-30 13:04:00,43.7,43.76,43.7,43.76,600,26250.0
001395.SZ,2026-01-30 13:05:00,43.76,43.81,43.76,43.81,5700,249604.0
001395.SZ,2026-01-30 13:06:00,43.82,43.83,43.82,43.83,1800,78881.0
001395.SZ,2026-01-30 13:07:00,43.83,43.9,43.83,43.9,22500,986819.0
001395.SZ,2026-01-30 13:08:00,43.9,43.91,43.89,43.91,1800,79015.0
001395.SZ,2026-01-30 13:09:00,43.88,43.88,43.86,43.88,10100,443071.0
001395.SZ,2026-01-30 13:10:00,43.9,43.9,43.82,43.82,1600,70167.0
001395.SZ,2026-01-30 13:11:00,43.82,43.82,43.8,43.8,3100,135837.0
001395.SZ,2026-01-30 13:12:00,43.8,43.8,43.8,43.8,2300,100740.0
001395.SZ,2026-01-30 13:13:00,43.9,43.9,43.9,43.9,400,17560.0
001395.SZ,2026-01-30 13:14:00,43.88,43.9,43.88,43.9,1500,65827.0
001395.SZ,2026-01-30 13:15:00,43.89,43.91,43.89,43.91,2200,96584.0
001395.SZ,2026-01-30 13:16:00,43.91,43.91,43.87,43.87,1500,65861.0
001395.SZ,2026-01-30 13:17:00,43.92,43.92,43.87,43.87,2900,127297.0
001395.SZ,2026-01-30 13:18:00,43.87,43.87,43.87,43.87,3800,166706.0
001395.SZ,2026-01-30 13:19:00,43.87,43.87,43.87,43.87,900,39483.0
001395.SZ,2026-01-30 13:20:00,43.87,43.99,43.87,43.98,5100,223848.0
001395.SZ,2026-01-30 13:21:00,43.98,44.02,43.98,44.0,18400,809528.0
001395.SZ,2026-01-30 13:22:00,44.0,44.02,43.99,44.02,1100,48405.0
001395.SZ,2026-01-30 13:23:00,44.02,44.02,43.98,43.98,5000,220012.0
001395.SZ,2026-01-30 13:24:00,43.93,43.93,43.93,43.93,400,17572.0
001395.SZ,2026-01-30 13:25:00,43.98,43.98,43.92,43.92,1900,83478.0
001395.SZ,2026-01-30 13:26:00,43.86,43.92,43.86,43.92,4100,179848.0
001395.SZ,2026-01-30 13:27:00,43.92,43.92,43.92,43.92,500,21960.0
001395.SZ,2026-01-30 13:28:00,43.9,43.92,43.9,43.92,5400,236912.0
001395.SZ,2026-01-30 13:29:00,43.93,43.93,43.93,43.93,200,8786.0
001395.SZ,2026-01-30 13:30:00,43.97,44.03,43.92,44.03,5400,237279.0
001395.SZ,2026-01-30 13:31:00,43.97,44.08,43.97,44.08,4200,184957.0
001395.SZ,2026-01-30 13:32:00,44.1,44.1,44.07,44.07,2600,114620.0
001395.SZ,2026-01-30 13:33:00,44.07,44.1,44.07,44.09,2000,88168.0
001395.SZ,2026-01-30 13:34:00,44.09,44.1,44.04,44.09,8600,379102.0
001395.SZ,2026-01-30 13:35:00,44.07,44.1,44.07,44.09,6300,277671.0
001395.SZ,2026-01-30 13:36:00,44.1,44.1,44.1,44.1,7400,326335.0
001395.SZ,2026-01-30 13:37:00,44.1,44.1,44.08,44.1,1600,70546.0
001395.SZ,2026-01-30 13:38:00,44.1,44.13,44.1,44.13,2000,88229.0
001395.SZ,2026-01-30 13:39:00,44.13,44.13,44.1,44.12,2200,97057.0
001395.SZ,2026-01-30 13:40:00,44.13,44.15,44.12,44.15,2688,118631.44
001395.SZ,2026-01-30 13:41:00,44.15,44.18,44.15,44.18,2600,114818.0
001395.SZ,2026-01-30 13:42:00,44.18,44.19,44.18,44.19,5100,225275.0
001395.SZ,2026-01-30 13:43:00,44.19,44.2,44.18,44.18,4500,198858.0
001395.SZ,2026-01-30 13:44:00,44.18,44.19,44.18,44.19,1500,66281.0
001395.SZ,2026-01-30 13:45:00,44.19,44.19,44.13,44.13,8800,388724.0
001395.SZ,2026-01-30 13:46:00,44.13,44.13,44.13,44.13,1712,75550.56
001395.SZ,2026-01-30 13:47:00,44.12,44.15,44.12,44.14,1700,75046.0
001395.SZ,2026-01-30 13:48:00,44.18,44.2,44.14,44.2,5900,260724.0
001395.SZ,2026-01-30 13:49:00,44.19,44.2,44.17,44.2,3100,137006.0
001395.SZ,2026-01-30 13:50:00,44.2,44.2,44.2,44.2,0,0.0
001395.SZ,2026-01-30 13:51:00,44.19,44.19,44.18,44.18,2300,101623.0
001395.SZ,2026-01-30 13:52:00,44.18,44.19,44.18,44.19,500,22091.0
001395.SZ,2026-01-30 13:53:00,44.19,44.2,44.19,44.2,1200,53031.0
001395.SZ,2026-01-30 13:54:00,44.19,44.19,44.18,44.18,500,22094.0
001395.SZ,2026-01-30 13:55:00,44.18,44.2,44.18,44.18,4800,212131.0
001395.SZ,2026-01-30 13:56:00,44.19,44.19,44.18,44.19,5600,247437.0
001395.SZ,2026-01-30 13:57:00,44.19,44.19,44.19,44.19,500,22095.0
001395.SZ,2026-01-30 13:58:00,44.18,44.24,44.18,44.24,8600,380208.0
001395.SZ,2026-01-30 13:59:00,44.23,44.23,44.21,44.21,2500,110556.0
001395.SZ,2026-01-30 14:00:00,44.23,44.23,44.21,44.21,1200,53070.0
001395.SZ,2026-01-30 14:01:00,44.21,44.21,44.17,44.17,5500,243030.0
001395.SZ,2026-01-30 14:02:00,44.15,44.15,44.14,44.14,1500,66225.0
001395.SZ,2026-01-30 14:03:00,44.14,44.14,44.14,44.14,500,22070.0
001395.SZ,2026-01-30 14:04:00,44.14,44.14,44.05,44.12,9400,414765.0
001395.SZ,2026-01-30 14:05:00,44.12,44.13,44.12,44.13,6300,278012.0
001395.SZ,2026-01-30 14:06:00,44.13,44.17,44.13,44.17,2500,110341.0
001395.SZ,2026-01-30 14:07:00,44.17,44.17,44.16,44.16,800,35329.0
001395.SZ,2026-01-30 14:08:00,44.17,44.17,44.16,44.17,2000,88339.0
001395.SZ,2026-01-30 14:09:00,44.16,44.17,44.16,44.16,1800,79493.0
001395.SZ,2026-01-30 14:10:00,44.16,44.21,44.16,44.21,8800,388767.0
001395.SZ,2026-01-30 14:11:00,44.22,44.23,44.22,44.23,3200,141479.0
001395.SZ,2026-01-30 14:12:00,44.23,44.23,44.23,44.23,400,17692.0
001395.SZ,2026-01-30 14:13:00,44.24,44.24,44.23,44.23,3700,163656.0
001395.SZ,2026-01-30 14:14:00,44.22,44.24,44.22,44.23,3200,141541.0
001395.SZ,2026-01-30 14:15:00,44.23,44.23,44.23,44.23,0,0.0
001395.SZ,2026-01-30 14:16:00,44.23,44.23,44.23,44.23,400,17692.0
001395.SZ,2026-01-30 14:17:00,44.22,44.23,44.22,44.23,8700,384742.0
001395.SZ,2026-01-30 14:18:00,44.24,44.24,44.23,44.23,2100,92897.0
001395.SZ,2026-01-30 14:19:00,44.24,44.29,44.24,44.28,10100,446971.0
001395.SZ,2026-01-30 14:20:00,44.28,44.29,44.28,44.28,2200,97422.0
001395.SZ,2026-01-30 14:21:00,44.29,44.29,44.29,44.29,700,31003.0
001395.SZ,2026-01-30 14:22:00,44.27,44.29,44.27,44.29,5300,234701.0
001395.SZ,2026-01-30 14:23:00,44.28,44.28,44.27,44.27,1500,66406.0
001395.SZ,2026-01-30 14:24:00,44.25,44.25,44.25,44.25,300,13277.0
001395.SZ,2026-01-30 14:25:00,44.24,44.24,44.23,44.23,1600,70780.0
001395.SZ,2026-01-30 14:26:00,44.22,44.22,44.22,44.22,300,13266.0
001395.SZ,2026-01-30 14:27:00,44.22,44.22,44.2,44.2,1400,61888.0
001395.SZ,2026-01-30 14:28:00,44.19,44.19,44.18,44.18,2400,106054.0
001395.SZ,2026-01-30 14:29:00,44.18,44.18,44.15,44.15,2300,101566.0
001395.SZ,2026-01-30 14:30:00,44.15,44.15,44.14,44.14,6500,286915.0
001395.SZ,2026-01-30 14:31:00,44.14,44.2,44.14,44.2,4900,216383.0
001395.SZ,2026-01-30 14:32:00,44.18,44.2,44.18,44.18,3000,132582.0
001395.SZ,2026-01-30 14:33:00,44.18,44.18,44.18,44.18,700,30926.0
001395.SZ,2026-01-30 14:34:00,44.17,44.18,44.17,44.18,2700,119283.0
001395.SZ,2026-01-30 14:35:00,44.18,44.18,44.18,44.18,100,4418.0
001395.SZ,2026-01-30 14:36:00,44.18,44.2,44.18,44.2,3800,167977.0
001395.SZ,2026-01-30 14:37:00,44.2,44.22,44.2,44.22,4000,176833.0
001395.SZ,2026-01-30 14:38:00,44.21,44.21,44.17,44.17,4000,176781.0
001395.SZ,2026-01-30 14:39:00,44.17,44.17,44.16,44.16,1500,66249.0
001395.SZ,2026-01-30 14:40:00,44.17,44.2,44.17,44.19,1600,70683.0
001395.SZ,2026-01-30 14:41:00,44.2,44.2,44.19,44.19,700,30934.0
001395.SZ,2026-01-30 14:42:00,44.19,44.21,44.19,44.21,4100,181229.0
001395.SZ,2026-01-30 14:43:00,44.22,44.22,44.21,44.22,4000,176858.0
001395.SZ,2026-01-30 14:44:00,44.22,44.24,44.22,44.24,1800,79607.0
001395.SZ,2026-01-30 14:45:00,44.24,44.26,44.24,44.26,8100,358393.0
001395.SZ,2026-01-30 14:46:00,44.25,44.3,44.25,44.3,8000,354245.0
001395.SZ,2026-01-30 14:47:00,44.3,44.33,44.3,44.33,17100,757623.0
001395.SZ,2026-01-30 14:48:00,44.33,44.36,44.33,44.36,5700,252804.0
001395.SZ,2026-01-30 14:49:00,44.35,44.35,44.33,44.33,4500,199523.0
001395.SZ,2026-01-30 14:50:00,44.32,44.35,44.32,44.34,10500,465429.0
001395.SZ,2026-01-30 14:51:00,44.34,44.34,44.32,44.32,10700,474333.0
001395.SZ,2026-01-30 14:52:00,44.32,44.33,44.28,44.28,3200,141806.0
001395.SZ,2026-01-30 14:53:00,44.27,44.31,44.27,44.31,3100,137330.0
001395.SZ,2026-01-30 14:54:00,44.31,44.32,44.31,44.31,6100,270316.0
001395.SZ,2026-01-30 14:55:00,44.3,44.3,44.29,44.29,3500,155053.0
001395.SZ,2026-01-30 14:56:00,44.29,44.32,44.29,44.3,10600,469613.0
001395.SZ,2026-01-30 14:57:00,44.32,44.32,44.3,44.3,6100,270331.0
001395.SZ,2026-01-30 14:58:00,44.3,44.3,44.3,44.3,0,0.0
001395.SZ,2026-01-30 14:59:00,44.3,44.3,44.3,44.3,0,0.0
001395.SZ,2026-01-30 15:00:00,44.26,44.26,44.26,44.26,9500,420470.0
