ts_code,trade_time,open,high,low,close,vol,amount
001311.SZ,2026-04-01 09:30:00,32.17,32.18,32.16,32.16,27700,891105.0
001311.SZ,2026-04-01 09:31:00,32.08,32.6,31.94,32.57,182000,5862754.0
001311.SZ,2026-04-01 09:32:00,32.52,32.57,32.06,32.06,59900,1932611.0
001311.SZ,2026-04-01 09:33:00,32.15,32.18,31.93,32.03,54600,1753259.0
001311.SZ,2026-04-01 09:34:00,32.01,32.03,31.91,31.97,19300,617210.0
001311.SZ,2026-04-01 09:35:00,31.97,31.97,31.8,31.93,5400,172303.0
001311.SZ,2026-04-01 09:36:00,31.92,31.92,31.79,31.89,10500,334251.0
001311.SZ,2026-04-01 09:37:00,31.89,31.89,31.76,31.76,14000,445225.0
001311.SZ,2026-04-01 09:38:00,31.76,31.76,31.6,31.64,35500,1124540.0
001311.SZ,2026-04-01 09:39:00,31.64,31.75,31.64,31.73,11100,352166.0
001311.SZ,2026-04-01 09:40:00,31.72,31.72,31.52,31.52,28600,905300.0
001311.SZ,2026-04-01 09:41:00,31.58,31.63,31.55,31.63,20100,634654.0
001311.SZ,2026-04-01 09:42:00,31.62,31.75,31.62,31.75,3150,99806.5
001311.SZ,2026-04-01 09:43:00,31.77,31.79,31.73,31.79,35400,1124953.0
001311.SZ,2026-04-01 09:44:00,31.85,31.92,31.83,31.83,24200,770708.0
001311.SZ,2026-04-01 09:45:00,31.87,31.87,31.78,31.8,12100,384780.0
001311.SZ,2026-04-01 09:46:00,31.78,31.84,31.78,31.83,5500,174993.0
001311.SZ,2026-04-01 09:47:00,31.79,31.79,31.77,31.77,2100,66746.0
001311.SZ,2026-04-01 09:48:00,31.79,31.8,31.7,31.74,23300,740102.0
001311.SZ,2026-04-01 09:49:00,31.75,31.9,31.75,31.78,37100,1182253.0
001311.SZ,2026-04-01 09:50:00,31.84,31.84,31.75,31.84,12100,384782.0
001311.SZ,2026-04-01 09:51:00,31.85,31.85,31.74,31.74,14900,474128.0
001311.SZ,2026-04-01 09:52:00,31.75,31.89,31.75,31.88,15500,493698.0
001311.SZ,2026-04-01 09:53:00,31.9,31.99,31.89,31.99,14400,459864.0
001311.SZ,2026-04-01 09:54:00,32.0,32.01,31.96,31.96,18900,604745.0
001311.SZ,2026-04-01 09:55:00,31.98,32.09,31.91,32.06,22700,726849.0
001311.SZ,2026-04-01 09:56:00,32.05,32.08,31.94,32.0,106500,3412414.0
001311.SZ,2026-04-01 09:57:00,31.94,31.94,31.85,31.86,29400,937041.0
001311.SZ,2026-04-01 09:58:00,31.89,31.9,31.72,31.79,22700,721166.0
001311.SZ,2026-04-01 09:59:00,31.82,31.82,31.7,31.7,26300,834525.0
001311.SZ,2026-04-01 10:00:00,31.71,31.76,31.71,31.76,7200,228395.0
001311.SZ,2026-04-01 10:01:00,31.77,31.8,31.75,31.78,4200,133494.0
001311.SZ,2026-04-01 10:02:00,31.78,31.78,31.72,31.72,4600,145949.0
001311.SZ,2026-04-01 10:03:00,31.72,31.79,31.71,31.79,8400,266549.0
001311.SZ,2026-04-01 10:04:00,31.79,31.85,31.78,31.85,19400,617721.0
001311.SZ,2026-04-01 10:05:00,31.83,31.83,31.78,31.78,9000,286347.0
001311.SZ,2026-04-01 10:06:00,31.78,31.79,31.77,31.79,2200,69912.0
001311.SZ,2026-04-01 10:07:00,31.83,32.0,31.8,31.98,30000,957425.0
001311.SZ,2026-04-01 10:08:00,31.97,32.03,31.97,31.97,16600,531051.0
001311.SZ,2026-04-01 10:09:00,31.97,31.97,31.95,31.95,6000,191732.0
001311.SZ,2026-04-01 10:10:00,31.95,31.97,31.9,31.92,12300,392291.0
001311.SZ,2026-04-01 10:11:00,31.92,31.98,31.92,31.98,7300,233157.0
001311.SZ,2026-04-01 10:12:00,31.97,32.02,31.97,32.02,12000,384000.0
001311.SZ,2026-04-01 10:13:00,32.0,32.0,31.97,31.97,5800,185544.0
001311.SZ,2026-04-01 10:14:00,31.95,31.97,31.95,31.96,4700,150213.0
001311.SZ,2026-04-01 10:15:00,31.96,31.98,31.96,31.98,2500,79917.0
001311.SZ,2026-04-01 10:16:00,31.97,31.97,31.9,31.9,6600,210806.0
001311.SZ,2026-04-01 10:17:00,31.88,31.88,31.75,31.77,39800,1266403.0
001311.SZ,2026-04-01 10:18:00,31.81,31.84,31.78,31.78,16900,537669.0
001311.SZ,2026-04-01 10:19:00,31.8,31.82,31.8,31.82,8500,270337.0
001311.SZ,2026-04-01 10:20:00,31.83,31.84,31.8,31.8,3300,105024.0
001311.SZ,2026-04-01 10:21:00,31.81,31.83,31.8,31.83,1900,60445.0
001311.SZ,2026-04-01 10:22:00,31.82,31.84,31.8,31.84,3200,101805.0
001311.SZ,2026-04-01 10:23:00,31.83,31.83,31.81,31.82,3600,114551.0
001311.SZ,2026-04-01 10:24:00,31.84,31.86,31.83,31.84,3900,124175.0
001311.SZ,2026-04-01 10:25:00,31.84,31.85,31.83,31.83,3200,101903.0
001311.SZ,2026-04-01 10:26:00,31.83,31.83,31.81,31.81,17100,543963.0
001311.SZ,2026-04-01 10:27:00,31.78,31.8,31.75,31.76,14100,448162.0
001311.SZ,2026-04-01 10:28:00,31.79,31.79,31.61,31.66,85900,2722733.0
001311.SZ,2026-04-01 10:29:00,31.66,31.66,31.63,31.65,2200,69619.0
001311.SZ,2026-04-01 10:30:00,31.66,31.66,31.62,31.62,10400,328957.0
001311.SZ,2026-04-01 10:31:00,31.61,31.61,31.6,31.61,10800,341355.0
001311.SZ,2026-04-01 10:32:00,31.62,31.72,31.62,31.66,4500,142473.0
001311.SZ,2026-04-01 10:33:00,31.66,31.66,31.65,31.66,10000,316579.0
001311.SZ,2026-04-01 10:34:00,31.67,31.68,31.66,31.66,2000,63340.0
001311.SZ,2026-04-01 10:35:00,31.67,31.67,31.67,31.67,1000,31669.0
001311.SZ,2026-04-01 10:36:00,31.7,31.72,31.7,31.72,5300,168050.0
001311.SZ,2026-04-01 10:37:00,31.71,31.75,31.7,31.75,47100,1495031.0
001311.SZ,2026-04-01 10:38:00,31.73,31.83,31.73,31.83,187500,5952993.0
001311.SZ,2026-04-01 10:39:00,31.81,31.9,31.81,31.9,18800,599206.0
001311.SZ,2026-04-01 10:40:00,31.89,31.9,31.84,31.84,102700,3276048.0
001311.SZ,2026-04-01 10:41:00,31.85,31.86,31.85,31.85,700,22299.0
001311.SZ,2026-04-01 10:42:00,31.87,31.87,31.8,31.8,6400,203673.0
001311.SZ,2026-04-01 10:43:00,31.78,31.8,31.78,31.8,1700,54051.0
001311.SZ,2026-04-01 10:44:00,31.8,31.8,31.79,31.79,500,15899.0
001311.SZ,2026-04-01 10:45:00,31.8,31.8,31.79,31.8,4300,136735.0
001311.SZ,2026-04-01 10:46:00,31.8,31.82,31.79,31.82,3200,101763.0
001311.SZ,2026-04-01 10:47:00,31.82,31.83,31.81,31.81,4100,130445.0
001311.SZ,2026-04-01 10:48:00,31.8,31.81,31.8,31.81,1100,34981.0
001311.SZ,2026-04-01 10:49:00,31.82,31.82,31.8,31.8,2700,85893.0
001311.SZ,2026-04-01 10:50:00,31.75,31.75,31.73,31.73,13400,425881.0
001311.SZ,2026-04-01 10:51:00,31.73,31.77,31.73,31.77,3600,114302.0
001311.SZ,2026-04-01 10:52:00,31.78,31.78,31.78,31.78,1900,60383.0
001311.SZ,2026-04-01 10:53:00,31.79,31.8,31.75,31.77,10700,339976.0
001311.SZ,2026-04-01 10:54:00,31.78,31.78,31.76,31.76,1800,57178.0
001311.SZ,2026-04-01 10:55:00,31.77,31.78,31.77,31.78,2700,85796.0
001311.SZ,2026-04-01 10:56:00,31.79,31.8,31.79,31.8,4200,133558.0
001311.SZ,2026-04-01 10:57:00,31.79,31.79,31.75,31.76,5800,184312.0
001311.SZ,2026-04-01 10:58:00,31.76,31.76,31.76,31.76,700,22232.0
001311.SZ,2026-04-01 10:59:00,31.78,31.81,31.78,31.81,16500,524695.0
001311.SZ,2026-04-01 11:00:00,31.84,31.84,31.82,31.84,4800,152746.0
001311.SZ,2026-04-01 11:01:00,31.84,31.84,31.82,31.82,3400,108212.0
001311.SZ,2026-04-01 11:02:00,31.82,31.84,31.81,31.84,8600,273701.0
001311.SZ,2026-04-01 11:03:00,31.85,31.85,31.84,31.84,3300,105090.0
001311.SZ,2026-04-01 11:04:00,31.85,31.85,31.84,31.84,500,15924.0
001311.SZ,2026-04-01 11:05:00,31.84,31.84,31.84,31.84,9600,305667.0
001311.SZ,2026-04-01 11:06:00,31.85,31.85,31.84,31.84,2700,85972.0
001311.SZ,2026-04-01 11:07:00,31.84,31.84,31.84,31.84,0,0.0
001311.SZ,2026-04-01 11:08:00,31.85,31.85,31.85,31.85,2400,76440.0
001311.SZ,2026-04-01 11:09:00,31.84,31.88,31.84,31.88,19500,621484.0
001311.SZ,2026-04-01 11:10:00,31.94,31.99,31.94,31.99,16700,533758.0
001311.SZ,2026-04-01 11:11:00,32.0,32.0,31.98,31.99,2000,63976.0
001311.SZ,2026-04-01 11:12:00,31.97,31.97,31.9,31.9,11700,373686.0
001311.SZ,2026-04-01 11:13:00,31.89,31.9,31.89,31.9,400,12759.0
001311.SZ,2026-04-01 11:14:00,31.9,31.94,31.9,31.94,3700,118108.0
001311.SZ,2026-04-01 11:15:00,31.93,31.93,31.8,31.87,21700,690870.0
001311.SZ,2026-04-01 11:16:00,31.88,31.88,31.87,31.88,13400,426309.0
001311.SZ,2026-04-01 11:17:00,31.87,31.87,31.86,31.86,1000,31863.0
001311.SZ,2026-04-01 11:18:00,31.87,31.88,31.87,31.88,600,19124.0
001311.SZ,2026-04-01 11:19:00,31.9,31.91,31.9,31.91,800,25521.0
001311.SZ,2026-04-01 11:20:00,31.91,31.91,31.88,31.88,4200,133945.0
001311.SZ,2026-04-01 11:21:00,31.88,31.88,31.88,31.88,2700,86077.0
001311.SZ,2026-04-01 11:22:00,31.86,31.86,31.85,31.86,10900,347375.0
001311.SZ,2026-04-01 11:23:00,31.83,31.83,31.83,31.83,100,3183.0
001311.SZ,2026-04-01 11:24:00,31.8,31.81,31.8,31.81,9200,292594.0
001311.SZ,2026-04-01 11:25:00,31.8,31.81,31.79,31.79,2400,76317.0
001311.SZ,2026-04-01 11:26:00,31.78,31.78,31.75,31.75,1800,57165.0
001311.SZ,2026-04-01 11:27:00,31.75,31.75,31.68,31.68,20800,659306.0
001311.SZ,2026-04-01 11:28:00,31.66,31.67,31.61,31.67,3500,110743.0
001311.SZ,2026-04-01 11:29:00,31.68,31.68,31.68,31.68,2300,72859.0
001311.SZ,2026-04-01 11:30:00,31.68,31.68,31.67,31.67,900,28507.0
001311.SZ,2026-04-01 13:01:00,31.68,31.69,31.63,31.63,14600,462441.0
001311.SZ,2026-04-01 13:02:00,31.64,31.69,31.64,31.69,3400,107595.0
001311.SZ,2026-04-01 13:03:00,31.68,31.68,31.68,31.68,13300,421366.0
001311.SZ,2026-04-01 13:04:00,31.68,31.72,31.68,31.68,4000,126753.0
001311.SZ,2026-04-01 13:05:00,31.72,31.72,31.72,31.72,1900,60260.0
001311.SZ,2026-04-01 13:06:00,31.73,31.79,31.73,31.79,900,28585.0
001311.SZ,2026-04-01 13:07:00,31.83,31.84,31.81,31.84,1800,57282.0
001311.SZ,2026-04-01 13:08:00,31.84,31.85,31.84,31.85,1200,38216.0
001311.SZ,2026-04-01 13:09:00,31.89,31.9,31.89,31.89,5200,165877.0
001311.SZ,2026-04-01 13:10:00,31.91,31.91,31.91,31.91,8400,268038.0
001311.SZ,2026-04-01 13:11:00,31.91,31.92,31.88,31.88,15400,491319.0
001311.SZ,2026-04-01 13:12:00,31.86,31.87,31.86,31.87,1700,54177.0
001311.SZ,2026-04-01 13:13:00,31.89,31.91,31.89,31.91,700,22326.0
001311.SZ,2026-04-01 13:14:00,31.91,31.93,31.9,31.93,16700,532927.0
001311.SZ,2026-04-01 13:15:00,31.93,31.93,31.92,31.92,3100,98971.0
001311.SZ,2026-04-01 13:16:00,31.92,31.93,31.91,31.93,5900,188357.0
001311.SZ,2026-04-01 13:17:00,31.93,31.93,31.93,31.93,600,19158.0
001311.SZ,2026-04-01 13:18:00,31.93,32.02,31.93,32.02,34800,1112512.0
001311.SZ,2026-04-01 13:19:00,32.05,32.06,32.02,32.02,15400,493483.0
001311.SZ,2026-04-01 13:20:00,32.02,32.03,31.97,31.97,4400,140856.0
001311.SZ,2026-04-01 13:21:00,31.96,31.96,31.92,31.92,7900,252275.0
001311.SZ,2026-04-01 13:22:00,31.92,31.92,31.88,31.88,6800,216997.0
001311.SZ,2026-04-01 13:23:00,31.87,31.87,31.86,31.86,400,12746.0
001311.SZ,2026-04-01 13:24:00,31.85,31.85,31.85,31.85,500,15925.0
001311.SZ,2026-04-01 13:25:00,31.86,31.86,31.85,31.85,8500,270804.0
001311.SZ,2026-04-01 13:26:00,31.86,31.87,31.85,31.87,2300,73279.0
001311.SZ,2026-04-01 13:27:00,31.86,31.86,31.86,31.86,1100,35047.0
001311.SZ,2026-04-01 13:28:00,31.86,31.86,31.84,31.84,5000,159257.0
001311.SZ,2026-04-01 13:29:00,31.85,31.87,31.84,31.87,7700,245265.0
001311.SZ,2026-04-01 13:30:00,31.88,31.9,31.88,31.89,13900,443173.0
001311.SZ,2026-04-01 13:31:00,31.91,31.97,31.91,31.96,9400,300101.0
001311.SZ,2026-04-01 13:32:00,31.95,31.95,31.95,31.95,600,19170.0
001311.SZ,2026-04-01 13:33:00,31.97,32.05,31.97,32.0,38900,1245004.0
001311.SZ,2026-04-01 13:34:00,32.0,32.0,31.98,31.98,1000,31989.0
001311.SZ,2026-04-01 13:35:00,31.97,31.97,31.94,31.95,2400,76694.0
001311.SZ,2026-04-01 13:36:00,31.98,31.98,31.93,31.93,3200,102288.0
001311.SZ,2026-04-01 13:37:00,31.93,31.93,31.93,31.93,0,0.0
001311.SZ,2026-04-01 13:38:00,31.92,31.92,31.91,31.91,1100,35105.0
001311.SZ,2026-04-01 13:39:00,31.93,31.93,31.86,31.86,13700,436992.0
001311.SZ,2026-04-01 13:40:00,31.85,31.85,31.84,31.84,200,6369.0
001311.SZ,2026-04-01 13:41:00,31.85,31.85,31.82,31.82,5100,162301.0
001311.SZ,2026-04-01 13:42:00,31.8,31.8,31.77,31.77,17500,556430.0
001311.SZ,2026-04-01 13:43:00,31.77,31.79,31.77,31.79,2700,85789.0
001311.SZ,2026-04-01 13:44:00,31.79,31.79,31.79,31.79,900,28611.0
001311.SZ,2026-04-01 13:45:00,31.79,31.79,31.79,31.79,200,6358.0
001311.SZ,2026-04-01 13:46:00,31.79,31.79,31.79,31.79,2400,76296.0
001311.SZ,2026-04-01 13:47:00,31.78,31.8,31.77,31.77,10100,321132.0
001311.SZ,2026-04-01 13:48:00,31.77,31.77,31.77,31.77,5800,184266.0
001311.SZ,2026-04-01 13:49:00,31.77,31.77,31.75,31.75,8000,254015.0
001311.SZ,2026-04-01 13:50:00,31.75,31.78,31.75,31.78,2400,76226.0
001311.SZ,2026-04-01 13:51:00,31.78,31.79,31.78,31.78,1400,44494.0
001311.SZ,2026-04-01 13:52:00,31.79,31.81,31.79,31.81,1200,38166.0
001311.SZ,2026-04-01 13:53:00,31.8,31.8,31.79,31.8,3400,108116.0
001311.SZ,2026-04-01 13:54:00,31.79,31.79,31.74,31.74,12100,384370.0
001311.SZ,2026-04-01 13:55:00,31.73,31.73,31.71,31.71,1300,41232.0
001311.SZ,2026-04-01 13:56:00,31.71,31.72,31.69,31.69,15600,494603.0
001311.SZ,2026-04-01 13:57:00,31.69,31.69,31.64,31.66,14200,449701.0
001311.SZ,2026-04-01 13:58:00,31.64,31.65,31.62,31.62,1600,50613.0
001311.SZ,2026-04-01 13:59:00,31.62,31.63,31.62,31.62,3100,98023.0
001311.SZ,2026-04-01 14:00:00,31.63,31.64,31.62,31.64,1900,60101.0
001311.SZ,2026-04-01 14:01:00,31.62,31.64,31.62,31.64,1700,53780.0
001311.SZ,2026-04-01 14:02:00,31.64,31.65,31.64,31.65,2400,75938.0
001311.SZ,2026-04-01 14:03:00,31.65,31.67,31.65,31.65,4600,145619.0
001311.SZ,2026-04-01 14:04:00,31.67,31.68,31.67,31.68,500,15839.0
001311.SZ,2026-04-01 14:05:00,31.71,31.71,31.69,31.69,10200,323406.0
001311.SZ,2026-04-01 14:06:00,31.69,31.69,31.68,31.68,200,6337.0
001311.SZ,2026-04-01 14:07:00,31.7,31.7,31.7,31.7,500,15850.0
001311.SZ,2026-04-01 14:08:00,31.7,31.7,31.69,31.69,2100,66560.0
001311.SZ,2026-04-01 14:09:00,31.68,31.69,31.68,31.69,2100,66532.0
001311.SZ,2026-04-01 14:10:00,31.68,31.68,31.66,31.66,2258,71518.28
001311.SZ,2026-04-01 14:11:00,31.67,31.67,31.66,31.66,1100,34828.0
001311.SZ,2026-04-01 14:12:00,31.66,31.67,31.65,31.65,11000,348175.0
001311.SZ,2026-04-01 14:13:00,31.65,31.66,31.65,31.66,700,22160.0
001311.SZ,2026-04-01 14:14:00,31.65,31.67,31.65,31.65,12900,408375.0
001311.SZ,2026-04-01 14:15:00,31.65,31.66,31.63,31.65,6000,189874.0
001311.SZ,2026-04-01 14:16:00,31.65,31.68,31.64,31.64,18300,579410.0
001311.SZ,2026-04-01 14:17:00,31.63,31.67,31.63,31.66,1900,60149.0
001311.SZ,2026-04-01 14:18:00,31.65,31.65,31.56,31.58,43900,1387341.0
001311.SZ,2026-04-01 14:19:00,31.59,31.6,31.58,31.59,3300,104237.0
001311.SZ,2026-04-01 14:20:00,31.58,31.61,31.58,31.6,24198,764689.8
001311.SZ,2026-04-01 14:21:00,31.6,31.61,31.6,31.61,1900,60046.0
001311.SZ,2026-04-01 14:22:00,31.61,31.63,31.61,31.63,3200,101184.0
001311.SZ,2026-04-01 14:23:00,31.63,31.63,31.63,31.63,1300,41119.0
001311.SZ,2026-04-01 14:24:00,31.64,31.65,31.64,31.64,1700,53801.0
001311.SZ,2026-04-01 14:25:00,31.65,31.65,31.65,31.65,2400,75960.0
001311.SZ,2026-04-01 14:26:00,31.64,31.65,31.62,31.62,4800,151829.0
001311.SZ,2026-04-01 14:27:00,31.64,31.64,31.64,31.64,900,28476.0
001311.SZ,2026-04-01 14:28:00,31.62,31.64,31.62,31.63,6100,192896.0
001311.SZ,2026-04-01 14:29:00,31.64,31.66,31.63,31.64,3600,113920.0
001311.SZ,2026-04-01 14:30:00,31.62,31.63,31.62,31.63,4400,139150.0
001311.SZ,2026-04-01 14:31:00,31.62,31.62,31.61,31.62,7600,240247.0
001311.SZ,2026-04-01 14:32:00,31.63,31.63,31.63,31.63,500,15815.0
001311.SZ,2026-04-01 14:33:00,31.65,31.65,31.61,31.61,7700,243563.0
001311.SZ,2026-04-01 14:34:00,31.62,31.66,31.62,31.66,2700,85432.0
001311.SZ,2026-04-01 14:35:00,31.65,31.65,31.64,31.64,4200,132928.0
001311.SZ,2026-04-01 14:36:00,31.66,31.67,31.63,31.63,12400,392529.0
001311.SZ,2026-04-01 14:37:00,31.63,31.65,31.62,31.65,1800,56939.0
001311.SZ,2026-04-01 14:38:00,31.64,31.66,31.64,31.65,9000,284914.0
001311.SZ,2026-04-01 14:39:00,31.67,31.67,31.66,31.67,1600,50668.0
001311.SZ,2026-04-01 14:40:00,31.66,31.67,31.65,31.65,4200,132980.0
001311.SZ,2026-04-01 14:41:00,31.64,31.64,31.62,31.63,7900,249957.0
001311.SZ,2026-04-01 14:42:00,31.63,31.64,31.62,31.63,7800,246739.0
001311.SZ,2026-04-01 14:43:00,31.63,31.64,31.62,31.64,10400,328896.0
001311.SZ,2026-04-01 14:44:00,31.63,31.64,31.62,31.63,700,22139.0
001311.SZ,2026-04-01 14:45:00,31.63,31.66,31.63,31.66,6200,196229.0
001311.SZ,2026-04-01 14:46:00,31.68,31.68,31.66,31.67,7490,237198.4
001311.SZ,2026-04-01 14:47:00,31.66,31.66,31.66,31.66,100,3166.0
001311.SZ,2026-04-01 14:48:00,31.67,31.69,31.66,31.69,12800,405479.0
001311.SZ,2026-04-01 14:49:00,31.68,31.68,31.67,31.67,2300,72853.0
001311.SZ,2026-04-01 14:50:00,31.67,31.7,31.67,31.67,8400,266079.0
001311.SZ,2026-04-01 14:51:00,31.66,31.69,31.65,31.68,8800,278694.1
001311.SZ,2026-04-01 14:52:00,31.67,31.67,31.66,31.67,8300,262822.0
001311.SZ,2026-04-01 14:53:00,31.66,31.66,31.65,31.66,7900,250115.0
001311.SZ,2026-04-01 14:54:00,31.65,31.69,31.65,31.68,27100,858308.0
001311.SZ,2026-04-01 14:55:00,31.68,31.74,31.65,31.69,40200,1274609.0
001311.SZ,2026-04-01 14:56:00,31.71,31.72,31.69,31.69,3800,120464.0
001311.SZ,2026-04-01 14:57:00,31.69,31.74,31.69,31.74,17768,563493.56
001311.SZ,2026-04-01 14:58:00,31.74,31.74,31.74,31.74,0,0.0
001311.SZ,2026-04-01 14:59:00,31.74,31.74,31.74,31.74,0,0.0
001311.SZ,2026-04-01 15:00:00,31.72,31.72,31.72,31.72,74200,2353624.0
001311.SZ,2026-04-02 09:30:00,31.5,31.61,31.5,31.51,4900,154381.0
001311.SZ,2026-04-02 09:31:00,31.52,31.72,31.51,31.64,53310,1681667.2
001311.SZ,2026-04-02 09:32:00,31.6,31.7,31.59,31.7,29958,947889.9
001311.SZ,2026-04-02 09:33:00,31.67,31.68,31.62,31.66,21400,677473.0
001311.SZ,2026-04-02 09:34:00,31.65,31.72,31.59,31.68,37500,1187239.0
001311.SZ,2026-04-02 09:35:00,31.63,31.63,31.54,31.54,32600,1028917.0
001311.SZ,2026-04-02 09:36:00,31.54,31.54,31.4,31.48,13500,425378.0
001311.SZ,2026-04-02 09:37:00,31.48,31.56,31.4,31.56,20200,635710.0
001311.SZ,2026-04-02 09:38:00,31.55,31.61,31.53,31.56,7400,233535.0
001311.SZ,2026-04-02 09:39:00,31.5,31.56,31.49,31.53,10000,315215.0
001311.SZ,2026-04-02 09:40:00,31.53,31.6,31.53,31.58,14900,470091.0
001311.SZ,2026-04-02 09:41:00,31.58,31.58,31.53,31.53,6700,211350.0
001311.SZ,2026-04-02 09:42:00,31.56,31.63,31.56,31.63,7400,233620.0
001311.SZ,2026-04-02 09:43:00,31.63,31.64,31.59,31.59,3300,104333.0
001311.SZ,2026-04-02 09:44:00,31.6,31.62,31.58,31.62,5500,173823.0
001311.SZ,2026-04-02 09:45:00,31.6,31.6,31.52,31.55,11400,359571.0
001311.SZ,2026-04-02 09:46:00,31.54,31.54,31.4,31.46,46400,1458731.0
001311.SZ,2026-04-02 09:47:00,31.4,31.45,31.35,31.45,50100,1571596.0
001311.SZ,2026-04-02 09:48:00,31.43,31.43,31.33,31.36,37900,1188580.0
001311.SZ,2026-04-02 09:49:00,31.35,31.35,31.32,31.34,6800,213150.0
001311.SZ,2026-04-02 09:50:00,31.31,31.49,31.31,31.49,18200,570867.0
001311.SZ,2026-04-02 09:51:00,31.45,31.48,31.44,31.48,7400,232862.0
001311.SZ,2026-04-02 09:52:00,31.52,31.54,31.45,31.47,8300,261585.0
001311.SZ,2026-04-02 09:53:00,31.47,31.53,31.47,31.52,7300,230073.0
001311.SZ,2026-04-02 09:54:00,31.51,31.66,31.51,31.66,36189,1142683.6
001311.SZ,2026-04-02 09:55:00,31.65,31.66,31.6,31.66,50700,1604319.0
001311.SZ,2026-04-02 09:56:00,31.68,31.69,31.62,31.62,7558,239165.44
001311.SZ,2026-04-02 09:57:00,31.59,31.6,31.59,31.6,1400,44229.0
001311.SZ,2026-04-02 09:58:00,31.59,31.6,31.58,31.58,7100,224307.0
001311.SZ,2026-04-02 09:59:00,31.53,31.53,31.52,31.53,20300,640050.0
001311.SZ,2026-04-02 10:00:00,31.6,31.6,31.53,31.53,3700,116708.0
001311.SZ,2026-04-02 10:01:00,31.55,31.55,31.48,31.48,2500,78811.0
001311.SZ,2026-04-02 10:02:00,31.49,31.5,31.48,31.5,2100,66127.0
001311.SZ,2026-04-02 10:03:00,31.53,31.56,31.51,31.51,6100,192292.0
001311.SZ,2026-04-02 10:04:00,31.5,31.53,31.48,31.5,12600,396967.0
001311.SZ,2026-04-02 10:05:00,31.5,31.5,31.46,31.47,2500,78680.0
001311.SZ,2026-04-02 10:06:00,31.47,31.48,31.46,31.46,8900,280073.0
001311.SZ,2026-04-02 10:07:00,31.45,31.45,31.41,31.41,2700,84865.0
001311.SZ,2026-04-02 10:08:00,31.41,31.44,31.33,31.34,20700,649654.0
001311.SZ,2026-04-02 10:09:00,31.34,31.35,31.31,31.35,22300,698731.0
001311.SZ,2026-04-02 10:10:00,31.35,31.36,31.35,31.36,1100,34488.0
001311.SZ,2026-04-02 10:11:00,31.39,31.4,31.37,31.37,5300,166351.0
001311.SZ,2026-04-02 10:12:00,31.38,31.38,31.33,31.33,16500,517143.0
001311.SZ,2026-04-02 10:13:00,31.33,31.33,31.28,31.3,16400,513454.0
001311.SZ,2026-04-02 10:14:00,31.25,31.28,31.24,31.24,12200,381270.0
001311.SZ,2026-04-02 10:15:00,31.24,31.26,31.24,31.25,3000,93734.0
001311.SZ,2026-04-02 10:16:00,31.24,31.25,31.24,31.24,3400,106237.0
001311.SZ,2026-04-02 10:17:00,31.24,31.25,31.16,31.17,17300,540026.0
001311.SZ,2026-04-02 10:18:00,31.16,31.18,31.15,31.18,2500,77940.0
001311.SZ,2026-04-02 10:19:00,31.17,31.18,31.11,31.11,10000,311675.0
001311.SZ,2026-04-02 10:20:00,31.11,31.13,31.11,31.13,4200,130724.0
001311.SZ,2026-04-02 10:21:00,31.14,31.15,31.12,31.13,8100,252188.0
001311.SZ,2026-04-02 10:22:00,31.15,31.16,31.13,31.16,3200,99661.0
001311.SZ,2026-04-02 10:23:00,31.17,31.17,31.15,31.15,1300,40505.0
001311.SZ,2026-04-02 10:24:00,31.15,31.15,31.13,31.14,9900,308210.0
001311.SZ,2026-04-02 10:25:00,31.15,31.15,31.12,31.12,2300,71613.0
001311.SZ,2026-04-02 10:26:00,31.12,31.14,31.12,31.13,2500,77804.0
001311.SZ,2026-04-02 10:27:00,31.13,31.15,31.13,31.13,7900,246009.0
001311.SZ,2026-04-02 10:28:00,31.24,31.24,31.23,31.24,27700,864138.0
001311.SZ,2026-04-02 10:29:00,31.24,31.26,31.24,31.26,800,24996.0
001311.SZ,2026-04-02 10:30:00,31.24,31.24,31.22,31.22,53500,1672297.0
001311.SZ,2026-04-02 10:31:00,31.22,31.25,31.22,31.23,5200,162389.0
001311.SZ,2026-04-02 10:32:00,31.23,31.23,31.21,31.22,8000,249767.0
001311.SZ,2026-04-02 10:33:00,31.23,31.28,31.21,31.27,2600,81231.0
001311.SZ,2026-04-02 10:34:00,31.28,31.28,31.2,31.22,7100,221738.0
001311.SZ,2026-04-02 10:35:00,31.19,31.19,31.15,31.16,5900,184023.0
001311.SZ,2026-04-02 10:36:00,31.14,31.14,31.1,31.1,8700,270725.0
001311.SZ,2026-04-02 10:37:00,31.11,31.11,31.09,31.09,13800,429188.0
001311.SZ,2026-04-02 10:38:00,31.13,31.15,31.13,31.15,7700,239639.0
001311.SZ,2026-04-02 10:39:00,31.15,31.19,31.15,31.19,4400,137131.0
001311.SZ,2026-04-02 10:40:00,31.14,31.15,31.14,31.14,40500,1263094.0
001311.SZ,2026-04-02 10:41:00,31.15,31.16,31.15,31.16,800,24925.0
001311.SZ,2026-04-02 10:42:00,31.16,31.21,31.16,31.2,400,12473.0
001311.SZ,2026-04-02 10:43:00,31.19,31.2,31.18,31.2,1700,53025.0
001311.SZ,2026-04-02 10:44:00,31.19,31.2,31.16,31.2,9500,296229.0
001311.SZ,2026-04-02 10:45:00,31.2,31.21,31.2,31.2,1500,46800.0
001311.SZ,2026-04-02 10:46:00,31.18,31.19,31.18,31.18,1500,46773.0
001311.SZ,2026-04-02 10:47:00,31.19,31.19,31.18,31.18,300,9355.0
001311.SZ,2026-04-02 10:48:00,31.19,31.19,31.17,31.18,1700,53007.0
001311.SZ,2026-04-02 10:49:00,31.18,31.2,31.18,31.19,900,28071.0
001311.SZ,2026-04-02 10:50:00,31.18,31.18,31.16,31.16,2100,65447.0
001311.SZ,2026-04-02 10:51:00,31.17,31.21,31.17,31.21,5100,158987.0
001311.SZ,2026-04-02 10:52:00,31.19,31.19,31.19,31.19,11700,365378.0
001311.SZ,2026-04-02 10:53:00,31.19,31.19,31.19,31.19,0,0.0
001311.SZ,2026-04-02 10:54:00,31.2,31.31,31.2,31.22,1900,59319.0
001311.SZ,2026-04-02 10:55:00,31.21,31.21,31.2,31.2,3400,106107.0
001311.SZ,2026-04-02 10:56:00,31.21,31.21,31.21,31.21,400,12481.0
001311.SZ,2026-04-02 10:57:00,31.22,31.22,31.22,31.22,500,15610.0
001311.SZ,2026-04-02 10:58:00,31.22,31.22,31.22,31.22,0,0.0
001311.SZ,2026-04-02 10:59:00,31.2,31.2,31.2,31.2,400,12481.0
001311.SZ,2026-04-02 11:00:00,31.19,31.19,31.17,31.19,3400,106023.0
001311.SZ,2026-04-02 11:01:00,31.19,31.19,31.17,31.17,1400,43660.0
001311.SZ,2026-04-02 11:02:00,31.17,31.21,31.16,31.2,1900,59252.0
001311.SZ,2026-04-02 11:03:00,31.19,31.2,31.18,31.18,1600,49897.0
001311.SZ,2026-04-02 11:04:00,31.18,31.18,31.18,31.18,6500,202670.0
001311.SZ,2026-04-02 11:05:00,31.16,31.16,31.14,31.14,5700,177620.0
001311.SZ,2026-04-02 11:06:00,31.14,31.14,31.11,31.11,19500,606984.0
001311.SZ,2026-04-02 11:07:00,31.11,31.11,31.09,31.1,10000,311038.0
001311.SZ,2026-04-02 11:08:00,31.1,31.1,31.09,31.1,2600,80853.0
001311.SZ,2026-04-02 11:09:00,31.1,31.1,31.03,31.03,7700,239337.0
001311.SZ,2026-04-02 11:10:00,31.05,31.05,31.05,31.05,900,27945.0
001311.SZ,2026-04-02 11:11:00,31.05,31.06,31.05,31.06,2700,83873.0
001311.SZ,2026-04-02 11:12:00,31.07,31.07,31.06,31.06,5300,164658.0
001311.SZ,2026-04-02 11:13:00,31.03,31.03,31.03,31.03,400,12412.0
001311.SZ,2026-04-02 11:14:00,31.03,31.04,31.03,31.04,2200,68281.0
001311.SZ,2026-04-02 11:15:00,31.04,31.04,31.03,31.04,2500,77590.0
001311.SZ,2026-04-02 11:16:00,31.04,31.08,31.04,31.08,3000,93145.0
001311.SZ,2026-04-02 11:17:00,31.03,31.03,31.02,31.02,4100,127220.0
001311.SZ,2026-04-02 11:18:00,31.02,31.02,31.02,31.02,0,0.0
001311.SZ,2026-04-02 11:19:00,31.02,31.02,31.0,31.0,20300,629403.0
001311.SZ,2026-04-02 11:20:00,31.01,31.01,30.98,30.98,21300,660378.0
001311.SZ,2026-04-02 11:21:00,30.99,31.0,30.95,31.0,8900,275832.0
001311.SZ,2026-04-02 11:22:00,31.0,31.04,31.0,31.01,12500,387559.0
001311.SZ,2026-04-02 11:23:00,31.02,31.02,31.02,31.02,700,21714.0
001311.SZ,2026-04-02 11:24:00,31.02,31.03,31.02,31.03,4900,152005.0
001311.SZ,2026-04-02 11:25:00,31.04,31.04,31.03,31.03,1300,40341.0
001311.SZ,2026-04-02 11:26:00,31.02,31.03,31.0,31.02,14200,440457.0
001311.SZ,2026-04-02 11:27:00,31.02,31.02,31.02,31.02,0,0.0
001311.SZ,2026-04-02 11:28:00,31.01,31.01,31.0,31.0,600,18605.0
001311.SZ,2026-04-02 11:29:00,31.01,31.01,31.01,31.01,100,3101.0
001311.SZ,2026-04-02 11:30:00,31.0,31.01,31.0,31.0,800,24802.0
001311.SZ,2026-04-02 13:01:00,31.01,31.06,30.99,30.99,14500,449699.0
001311.SZ,2026-04-02 13:02:00,30.98,30.98,30.94,30.96,2300,71194.0
001311.SZ,2026-04-02 13:03:00,30.91,30.92,30.91,30.92,1700,52557.0
001311.SZ,2026-04-02 13:04:00,30.93,30.93,30.93,30.93,800,24744.0
001311.SZ,2026-04-02 13:05:00,30.93,30.93,30.91,30.91,2700,83493.0
001311.SZ,2026-04-02 13:06:00,30.9,30.91,30.9,30.9,4100,126693.0
001311.SZ,2026-04-02 13:07:00,30.9,30.92,30.9,30.92,700,21640.0
001311.SZ,2026-04-02 13:08:00,30.92,30.93,30.92,30.93,1500,46388.0
001311.SZ,2026-04-02 13:09:00,30.91,30.92,30.91,30.92,1800,55650.0
001311.SZ,2026-04-02 13:10:00,30.93,30.93,30.92,30.93,33900,1048491.0
001311.SZ,2026-04-02 13:11:00,30.92,30.92,30.84,30.84,10100,312054.0
001311.SZ,2026-04-02 13:12:00,30.88,30.88,30.84,30.87,5800,178987.0
001311.SZ,2026-04-02 13:13:00,30.87,30.89,30.86,30.89,4800,148209.0
001311.SZ,2026-04-02 13:14:00,30.89,30.9,30.89,30.9,7100,219343.0
001311.SZ,2026-04-02 13:15:00,30.9,30.91,30.9,30.91,3500,108164.0
001311.SZ,2026-04-02 13:16:00,30.94,30.98,30.94,30.94,9800,303335.0
001311.SZ,2026-04-02 13:17:00,30.95,30.95,30.95,30.95,400,12380.0
001311.SZ,2026-04-02 13:18:00,30.94,30.94,30.94,30.94,1000,30940.0
001311.SZ,2026-04-02 13:19:00,30.93,30.93,30.92,30.92,4200,129886.0
001311.SZ,2026-04-02 13:20:00,30.9,30.9,30.87,30.87,2300,71022.0
001311.SZ,2026-04-02 13:21:00,30.87,30.87,30.83,30.86,8800,271469.0
001311.SZ,2026-04-02 13:22:00,30.86,30.87,30.86,30.87,4400,135816.0
001311.SZ,2026-04-02 13:23:00,30.88,30.94,30.88,30.9,6300,194579.0
001311.SZ,2026-04-02 13:24:00,30.9,30.91,30.9,30.91,800,24721.0
001311.SZ,2026-04-02 13:25:00,30.9,30.93,30.9,30.93,400,12365.0
001311.SZ,2026-04-02 13:26:00,30.93,30.97,30.93,30.97,3300,102119.0
001311.SZ,2026-04-02 13:27:00,30.99,31.0,30.98,31.0,1100,34092.0
001311.SZ,2026-04-02 13:28:00,31.0,31.0,30.98,30.99,2500,77478.0
001311.SZ,2026-04-02 13:29:00,30.99,30.99,30.93,30.93,2800,86685.0
001311.SZ,2026-04-02 13:30:00,30.94,30.97,30.94,30.97,6700,207355.0
001311.SZ,2026-04-02 13:31:00,30.98,31.0,30.98,30.98,5100,158052.0
001311.SZ,2026-04-02 13:32:00,30.97,30.97,30.96,30.96,12600,390153.0
001311.SZ,2026-04-02 13:33:00,30.96,30.99,30.96,30.96,18900,585159.0
001311.SZ,2026-04-02 13:34:00,30.96,30.96,30.95,30.96,15900,492205.0
001311.SZ,2026-04-02 13:35:00,30.95,30.95,30.93,30.93,1900,58779.0
001311.SZ,2026-04-02 13:36:00,30.91,30.92,30.91,30.92,5300,163824.0
001311.SZ,2026-04-02 13:37:00,30.91,30.91,30.88,30.88,6700,207013.0
001311.SZ,2026-04-02 13:38:00,30.87,30.87,30.87,30.87,1600,49400.0
001311.SZ,2026-04-02 13:39:00,30.87,30.87,30.87,30.87,700,21609.0
001311.SZ,2026-04-02 13:40:00,30.86,30.86,30.84,30.84,4000,123412.0
001311.SZ,2026-04-02 13:41:00,30.84,30.85,30.84,30.85,2100,64781.0
001311.SZ,2026-04-02 13:42:00,30.85,30.88,30.85,30.88,3000,92566.0
001311.SZ,2026-04-02 13:43:00,30.9,30.9,30.9,30.9,1900,58702.0
001311.SZ,2026-04-02 13:44:00,30.94,30.94,30.94,30.94,900,27834.0
001311.SZ,2026-04-02 13:45:00,30.94,30.95,30.94,30.95,1300,40225.0
001311.SZ,2026-04-02 13:46:00,30.96,30.96,30.9,30.9,8100,250396.0
001311.SZ,2026-04-02 13:47:00,30.92,30.92,30.92,30.92,300,9276.0
001311.SZ,2026-04-02 13:48:00,30.93,30.96,30.93,30.93,2200,68065.0
001311.SZ,2026-04-02 13:49:00,30.91,30.92,30.91,30.92,900,27821.0
001311.SZ,2026-04-02 13:50:00,30.9,30.91,30.9,30.91,2600,80373.0
001311.SZ,2026-04-02 13:51:00,30.9,30.9,30.87,30.89,1400,43243.0
001311.SZ,2026-04-02 13:52:00,30.88,30.88,30.87,30.87,2200,67933.0
001311.SZ,2026-04-02 13:53:00,30.87,30.87,30.85,30.85,1100,33944.0
001311.SZ,2026-04-02 13:54:00,30.85,30.86,30.8,30.8,36900,1138176.0
001311.SZ,2026-04-02 13:55:00,30.81,30.84,30.81,30.82,4100,126360.0
001311.SZ,2026-04-02 13:56:00,30.82,30.83,30.82,30.83,300,9248.0
001311.SZ,2026-04-02 13:57:00,30.82,30.82,30.81,30.82,6200,191067.0
001311.SZ,2026-04-02 13:58:00,30.8,30.8,30.78,30.79,16600,511271.0
001311.SZ,2026-04-02 13:59:00,30.8,30.8,30.76,30.77,3100,95418.0
001311.SZ,2026-04-02 14:00:00,30.77,30.77,30.76,30.76,1100,33843.0
001311.SZ,2026-04-02 14:01:00,30.76,30.76,30.71,30.76,14300,439423.0
001311.SZ,2026-04-02 14:02:00,30.77,30.77,30.72,30.72,20900,642676.0
001311.SZ,2026-04-02 14:03:00,30.74,30.75,30.74,30.75,3200,98390.0
001311.SZ,2026-04-02 14:04:00,30.74,30.74,30.72,30.72,1900,58380.0
001311.SZ,2026-04-02 14:05:00,30.71,30.74,30.71,30.74,3600,110578.0
001311.SZ,2026-04-02 14:06:00,30.8,30.86,30.8,30.8,72400,2230547.0
001311.SZ,2026-04-02 14:07:00,30.81,30.81,30.81,30.81,100,3081.0
001311.SZ,2026-04-02 14:08:00,30.84,30.84,30.83,30.83,3700,114081.0
001311.SZ,2026-04-02 14:09:00,30.83,30.88,30.83,30.88,3600,111067.0
001311.SZ,2026-04-02 14:10:00,30.88,30.88,30.86,30.88,1600,49390.0
001311.SZ,2026-04-02 14:11:00,30.88,30.88,30.8,30.8,5100,157239.0
001311.SZ,2026-04-02 14:12:00,30.79,30.79,30.74,30.75,2400,73793.0
001311.SZ,2026-04-02 14:13:00,30.75,30.83,30.74,30.83,22700,697952.0
001311.SZ,2026-04-02 14:14:00,30.83,30.85,30.83,30.83,1500,46259.0
001311.SZ,2026-04-02 14:15:00,30.83,30.86,30.82,30.83,22900,705801.0
001311.SZ,2026-04-02 14:16:00,30.83,30.85,30.83,30.83,7000,215818.0
001311.SZ,2026-04-02 14:17:00,30.86,30.86,30.85,30.85,600,18514.0
001311.SZ,2026-04-02 14:18:00,30.85,30.87,30.82,30.87,26600,820055.0
001311.SZ,2026-04-02 14:19:00,30.89,30.92,30.89,30.92,1800,55642.0
001311.SZ,2026-04-02 14:20:00,30.9,30.9,30.85,30.85,12000,370531.0
001311.SZ,2026-04-02 14:21:00,30.9,30.92,30.9,30.92,500,15455.0
001311.SZ,2026-04-02 14:22:00,30.92,30.94,30.91,30.92,4600,142219.0
001311.SZ,2026-04-02 14:23:00,30.92,30.92,30.9,30.92,7500,231889.0
001311.SZ,2026-04-02 14:24:00,30.89,30.89,30.89,30.89,9300,287347.0
001311.SZ,2026-04-02 14:25:00,30.88,30.96,30.88,30.96,10700,330803.0
001311.SZ,2026-04-02 14:26:00,30.96,30.96,30.95,30.95,7400,229055.0
001311.SZ,2026-04-02 14:27:00,30.92,30.98,30.92,30.98,1600,49541.0
001311.SZ,2026-04-02 14:28:00,30.99,31.05,30.99,31.05,4400,136523.0
001311.SZ,2026-04-02 14:29:00,31.0,31.0,31.0,31.0,100,3100.0
001311.SZ,2026-04-02 14:30:00,30.99,30.99,30.94,30.94,10900,337358.0
001311.SZ,2026-04-02 14:31:00,30.93,30.93,30.91,30.91,14000,432853.0
001311.SZ,2026-04-02 14:32:00,30.94,30.94,30.91,30.92,2300,71110.0
001311.SZ,2026-04-02 14:33:00,30.92,30.94,30.92,30.92,2200,68046.0
001311.SZ,2026-04-02 14:34:00,30.82,30.89,30.82,30.89,6100,188054.0
001311.SZ,2026-04-02 14:35:00,30.89,30.89,30.84,30.86,6200,191280.0
001311.SZ,2026-04-02 14:36:00,30.86,30.86,30.85,30.85,7700,237603.0
001311.SZ,2026-04-02 14:37:00,30.84,30.86,30.8,30.8,6100,188113.0
001311.SZ,2026-04-02 14:38:00,30.8,30.83,30.8,30.83,1600,49340.0
001311.SZ,2026-04-02 14:39:00,30.83,30.83,30.82,30.82,1400,43149.0
001311.SZ,2026-04-02 14:40:00,30.84,30.9,30.84,30.86,32300,996564.0
001311.SZ,2026-04-02 14:41:00,30.87,30.89,30.85,30.86,1900,58637.0
001311.SZ,2026-04-02 14:42:00,30.85,30.86,30.85,30.85,500,15426.0
001311.SZ,2026-04-02 14:43:00,30.85,30.86,30.85,30.85,5100,157321.0
001311.SZ,2026-04-02 14:44:00,30.86,30.88,30.84,30.84,9500,293047.0
001311.SZ,2026-04-02 14:45:00,30.84,30.85,30.83,30.85,2800,86361.0
001311.SZ,2026-04-02 14:46:00,30.85,30.85,30.82,30.82,11800,363851.0
001311.SZ,2026-04-02 14:47:00,30.82,30.82,30.8,30.8,6000,184834.0
001311.SZ,2026-04-02 14:48:00,30.8,30.8,30.79,30.8,5600,172457.0
001311.SZ,2026-04-02 14:49:00,30.8,30.8,30.78,30.8,26500,815701.0
001311.SZ,2026-04-02 14:50:00,30.8,30.81,30.8,30.81,2800,86250.0
001311.SZ,2026-04-02 14:51:00,30.82,30.88,30.82,30.88,22400,690399.0
001311.SZ,2026-04-02 14:52:00,30.87,30.87,30.86,30.87,4100,126567.0
001311.SZ,2026-04-02 14:53:00,30.88,30.9,30.88,30.9,2800,86484.0
001311.SZ,2026-04-02 14:54:00,30.9,30.9,30.89,30.89,2200,67975.0
001311.SZ,2026-04-02 14:55:00,30.9,30.91,30.9,30.9,3100,95793.0
001311.SZ,2026-04-02 14:56:00,30.9,30.9,30.78,30.84,19000,585629.0
001311.SZ,2026-04-02 14:57:00,30.86,30.88,30.82,30.88,4200,129533.0
001311.SZ,2026-04-02 14:58:00,30.88,30.88,30.88,30.88,0,0.0
001311.SZ,2026-04-02 14:59:00,30.88,30.88,30.88,30.88,0,0.0
001311.SZ,2026-04-02 15:00:00,31.0,31.0,31.0,31.0,45400,1407400.0
001311.SZ,2026-04-03 09:30:00,31.06,31.12,31.03,31.03,3000,93186.0
001311.SZ,2026-04-03 09:31:00,31.06,31.13,31.0,31.05,13400,416370.0
001311.SZ,2026-04-03 09:32:00,31.04,31.04,30.9,30.92,7500,232289.0
001311.SZ,2026-04-03 09:33:00,30.92,31.0,30.87,30.99,19900,616049.0
001311.SZ,2026-04-03 09:34:00,30.91,30.93,30.85,30.9,15700,485237.0
001311.SZ,2026-04-03 09:35:00,30.85,30.93,30.85,30.93,3000,92699.0
001311.SZ,2026-04-03 09:36:00,30.93,31.0,30.93,31.0,8600,266562.0
001311.SZ,2026-04-03 09:37:00,30.99,31.09,30.99,31.06,6000,186165.0
001311.SZ,2026-04-03 09:38:00,31.04,31.04,30.94,31.0,13000,402962.0
001311.SZ,2026-04-03 09:39:00,31.0,31.09,31.0,31.07,8600,266939.0
001311.SZ,2026-04-03 09:40:00,31.08,31.1,31.04,31.05,13400,416321.0
001311.SZ,2026-04-03 09:41:00,31.08,31.08,31.05,31.07,10400,323107.0
001311.SZ,2026-04-03 09:42:00,31.07,31.09,31.02,31.03,23300,723716.0
001311.SZ,2026-04-03 09:43:00,31.03,31.05,30.97,30.97,28100,871201.0
001311.SZ,2026-04-03 09:44:00,30.97,30.98,30.89,30.96,6400,198057.0
001311.SZ,2026-04-03 09:45:00,30.95,30.96,30.88,30.94,9400,290859.0
001311.SZ,2026-04-03 09:46:00,30.95,31.02,30.95,31.02,5000,154913.0
001311.SZ,2026-04-03 09:47:00,31.05,31.05,30.96,30.96,10500,325530.0
001311.SZ,2026-04-03 09:48:00,30.98,31.0,30.96,30.96,5700,176567.0
001311.SZ,2026-04-03 09:49:00,30.98,30.98,30.95,30.95,5500,170317.0
001311.SZ,2026-04-03 09:50:00,30.89,30.94,30.85,30.85,19800,611954.0
001311.SZ,2026-04-03 09:51:00,30.8,30.93,30.8,30.8,46200,1424001.0
001311.SZ,2026-04-03 09:52:00,30.84,30.88,30.8,30.88,6500,200279.0
001311.SZ,2026-04-03 09:53:00,30.88,30.98,30.88,30.94,20700,640466.0
001311.SZ,2026-04-03 09:54:00,30.92,30.94,30.92,30.92,4200,129902.0
001311.SZ,2026-04-03 09:55:00,30.9,30.9,30.83,30.85,12500,385682.0
001311.SZ,2026-04-03 09:56:00,30.86,30.9,30.86,30.89,4900,151374.0
001311.SZ,2026-04-03 09:57:00,30.87,30.9,30.87,30.9,500,15441.0
001311.SZ,2026-04-03 09:58:00,30.88,30.88,30.87,30.87,2100,64835.0
001311.SZ,2026-04-03 09:59:00,30.88,30.9,30.83,30.88,7100,219103.0
001311.SZ,2026-04-03 10:00:00,30.9,30.97,30.9,30.97,20400,630012.0
001311.SZ,2026-04-03 10:01:00,30.95,30.95,30.91,30.95,13200,408210.0
001311.SZ,2026-04-03 10:02:00,30.95,30.99,30.95,30.97,5800,179546.0
001311.SZ,2026-04-03 10:03:00,30.97,31.0,30.97,30.97,9900,306686.0
001311.SZ,2026-04-03 10:04:00,30.96,31.02,30.96,31.01,6900,213957.0
001311.SZ,2026-04-03 10:05:00,31.0,31.0,30.97,30.97,1500,46481.0
001311.SZ,2026-04-03 10:06:00,30.96,30.98,30.92,30.98,7900,244487.0
001311.SZ,2026-04-03 10:07:00,30.99,30.99,30.95,30.97,4400,136270.0
001311.SZ,2026-04-03 10:08:00,30.95,30.95,30.91,30.91,4900,151609.0
001311.SZ,2026-04-03 10:09:00,30.91,30.95,30.9,30.94,2100,64916.0
001311.SZ,2026-04-03 10:10:00,30.93,30.93,30.88,30.91,3000,92762.0
001311.SZ,2026-04-03 10:11:00,30.91,30.97,30.91,30.97,4300,132983.0
001311.SZ,2026-04-03 10:12:00,30.96,30.96,30.95,30.96,1400,43334.0
001311.SZ,2026-04-03 10:13:00,30.94,30.94,30.9,30.9,6300,194895.0
001311.SZ,2026-04-03 10:14:00,30.91,30.93,30.87,30.89,17900,553097.0
001311.SZ,2026-04-03 10:15:00,30.89,30.89,30.84,30.86,1800,55565.0
001311.SZ,2026-04-03 10:16:00,30.86,30.86,30.86,30.86,400,12344.0
001311.SZ,2026-04-03 10:17:00,30.86,30.89,30.86,30.89,4400,135795.0
001311.SZ,2026-04-03 10:18:00,30.87,30.9,30.87,30.88,1700,52509.0
001311.SZ,2026-04-03 10:19:00,30.89,30.9,30.88,30.88,2700,83420.0
001311.SZ,2026-04-03 10:20:00,30.87,30.89,30.86,30.89,14800,456815.0
001311.SZ,2026-04-03 10:21:00,30.9,30.9,30.88,30.9,6800,210090.0
001311.SZ,2026-04-03 10:22:00,30.93,30.95,30.93,30.95,4700,145433.0
001311.SZ,2026-04-03 10:23:00,30.96,30.97,30.95,30.96,4900,151711.0
001311.SZ,2026-04-03 10:24:00,30.97,30.97,30.95,30.95,900,27863.0
001311.SZ,2026-04-03 10:25:00,30.94,30.96,30.91,30.96,4900,151575.0
001311.SZ,2026-04-03 10:26:00,30.97,30.97,30.97,30.97,4000,123895.0
001311.SZ,2026-04-03 10:27:00,30.96,30.98,30.96,30.98,7100,219937.0
001311.SZ,2026-04-03 10:28:00,31.0,31.0,30.95,30.95,3900,120752.0
001311.SZ,2026-04-03 10:29:00,30.95,31.0,30.93,30.99,5000,154781.0
001311.SZ,2026-04-03 10:30:00,31.03,31.03,30.97,30.97,5600,173527.0
001311.SZ,2026-04-03 10:31:00,30.97,30.97,30.94,30.96,6000,185805.0
001311.SZ,2026-04-03 10:32:00,30.91,30.95,30.91,30.95,10900,337003.0
001311.SZ,2026-04-03 10:33:00,30.96,30.96,30.91,30.92,2700,83531.0
001311.SZ,2026-04-03 10:34:00,30.92,30.93,30.92,30.93,5600,173202.0
001311.SZ,2026-04-03 10:35:00,30.96,30.99,30.96,30.99,1300,40265.0
001311.SZ,2026-04-03 10:36:00,30.98,30.99,30.97,30.98,6200,191830.0
001311.SZ,2026-04-03 10:37:00,30.97,30.98,30.95,30.98,1600,49541.0
001311.SZ,2026-04-03 10:38:00,30.96,30.99,30.95,30.95,8900,275608.0
001311.SZ,2026-04-03 10:39:00,30.95,30.95,30.91,30.91,6900,213528.0
001311.SZ,2026-04-03 10:40:00,30.91,30.93,30.9,30.9,2800,86538.0
001311.SZ,2026-04-03 10:41:00,30.9,30.9,30.88,30.88,2800,86474.0
001311.SZ,2026-04-03 10:42:00,30.86,30.9,30.82,30.89,31200,964008.0
001311.SZ,2026-04-03 10:43:00,30.9,30.92,30.87,30.92,3800,117455.0
001311.SZ,2026-04-03 10:44:00,30.85,30.86,30.85,30.86,600,18515.0
001311.SZ,2026-04-03 10:45:00,30.86,30.87,30.86,30.87,6300,194453.0
001311.SZ,2026-04-03 10:46:00,30.86,30.86,30.85,30.85,500,15429.0
001311.SZ,2026-04-03 10:47:00,30.85,30.85,30.77,30.82,17800,548406.0
001311.SZ,2026-04-03 10:48:00,30.82,30.86,30.82,30.86,2300,70961.0
001311.SZ,2026-04-03 10:49:00,30.86,30.9,30.86,30.9,5200,160584.0
001311.SZ,2026-04-03 10:50:00,30.9,30.91,30.87,30.87,5300,163741.0
001311.SZ,2026-04-03 10:51:00,30.86,30.86,30.86,30.86,400,12344.0
001311.SZ,2026-04-03 10:52:00,30.87,30.88,30.86,30.88,500,15433.0
001311.SZ,2026-04-03 10:53:00,30.86,30.86,30.82,30.82,4100,126425.0
001311.SZ,2026-04-03 10:54:00,30.83,30.83,30.83,30.83,400,12332.0
001311.SZ,2026-04-03 10:55:00,30.82,30.83,30.8,30.8,4300,132524.0
001311.SZ,2026-04-03 10:56:00,30.81,30.81,30.78,30.78,8300,255561.0
001311.SZ,2026-04-03 10:57:00,30.78,30.8,30.76,30.76,11800,363137.0
001311.SZ,2026-04-03 10:58:00,30.76,30.76,30.63,30.64,22800,699581.0
001311.SZ,2026-04-03 10:59:00,30.65,30.66,30.6,30.61,27600,845900.0
001311.SZ,2026-04-03 11:00:00,30.55,30.57,30.5,30.5,28800,879187.0
001311.SZ,2026-04-03 11:01:00,30.53,30.53,30.38,30.49,20300,618729.0
001311.SZ,2026-04-03 11:02:00,30.47,30.5,30.45,30.45,26200,798238.0
001311.SZ,2026-04-03 11:03:00,30.45,30.45,30.4,30.4,15900,483714.0
001311.SZ,2026-04-03 11:04:00,30.38,30.4,30.33,30.33,41300,1254673.0
001311.SZ,2026-04-03 11:05:00,30.31,30.32,30.3,30.32,9800,297092.0
001311.SZ,2026-04-03 11:06:00,30.33,30.38,30.33,30.37,11800,358087.0
001311.SZ,2026-04-03 11:07:00,30.36,30.37,30.35,30.36,15800,479696.0
001311.SZ,2026-04-03 11:08:00,30.36,30.36,30.32,30.33,9000,273013.0
001311.SZ,2026-04-03 11:09:00,30.32,30.34,30.3,30.33,19320,585789.2
001311.SZ,2026-04-03 11:10:00,30.32,30.33,30.3,30.3,17000,515484.8
001311.SZ,2026-04-03 11:11:00,30.3,30.3,30.25,30.25,15180,459893.6
001311.SZ,2026-04-03 11:12:00,30.3,30.31,30.21,30.21,6200,187736.0
001311.SZ,2026-04-03 11:13:00,30.27,30.31,30.25,30.31,12400,375328.0
001311.SZ,2026-04-03 11:14:00,30.29,30.31,30.29,30.29,17230,521917.7
001311.SZ,2026-04-03 11:15:00,30.3,30.31,30.26,30.26,17900,542147.7
001311.SZ,2026-04-03 11:16:00,30.28,30.29,30.25,30.28,13800,417689.0
001311.SZ,2026-04-03 11:17:00,30.29,30.29,30.21,30.26,22600,683744.0
001311.SZ,2026-04-03 11:18:00,30.25,30.28,30.24,30.25,8200,248136.0
001311.SZ,2026-04-03 11:19:00,30.24,30.26,30.24,30.25,11000,332760.0
001311.SZ,2026-04-03 11:20:00,30.25,30.26,30.21,30.21,34300,1036926.0
001311.SZ,2026-04-03 11:21:00,30.25,30.28,30.2,30.27,15900,481392.4
001311.SZ,2026-04-03 11:22:00,30.28,30.28,30.23,30.27,11200,338975.0
001311.SZ,2026-04-03 11:23:00,30.27,30.27,30.18,30.18,19000,574261.0
001311.SZ,2026-04-03 11:24:00,30.21,30.21,30.16,30.18,12800,386228.0
001311.SZ,2026-04-03 11:25:00,30.18,30.18,30.1,30.1,25000,753639.0
001311.SZ,2026-04-03 11:26:00,30.14,30.18,30.09,30.16,14700,442908.0
001311.SZ,2026-04-03 11:27:00,30.16,30.23,30.16,30.19,18800,567429.0
001311.SZ,2026-04-03 11:28:00,30.2,30.27,30.2,30.27,16300,492602.0
001311.SZ,2026-04-03 11:29:00,30.27,30.27,30.21,30.22,14800,447891.0
001311.SZ,2026-04-03 11:30:00,30.21,30.31,30.16,30.16,42100,1272961.0
001311.SZ,2026-04-03 13:01:00,30.22,30.29,30.15,30.15,58400,1767841.0
001311.SZ,2026-04-03 13:02:00,30.15,30.19,30.15,30.15,22600,681605.0
001311.SZ,2026-04-03 13:03:00,30.15,30.15,30.09,30.11,12200,367548.0
001311.SZ,2026-04-03 13:04:00,30.1,30.1,30.08,30.1,14700,442333.0
001311.SZ,2026-04-03 13:05:00,30.08,30.15,30.08,30.11,11700,352208.0
001311.SZ,2026-04-03 13:06:00,30.11,30.13,30.08,30.12,11300,340266.0
001311.SZ,2026-04-03 13:07:00,30.11,30.14,30.11,30.11,7500,225900.0
001311.SZ,2026-04-03 13:08:00,30.13,30.14,30.09,30.1,9200,276991.0
001311.SZ,2026-04-03 13:09:00,30.08,30.1,30.05,30.09,16000,481336.0
001311.SZ,2026-04-03 13:10:00,30.09,30.19,30.08,30.17,20800,627125.0
001311.SZ,2026-04-03 13:11:00,30.16,30.18,30.14,30.17,14500,437303.0
001311.SZ,2026-04-03 13:12:00,30.16,30.19,30.16,30.17,7700,232401.0
001311.SZ,2026-04-03 13:13:00,30.15,30.18,30.12,30.18,6500,195948.0
001311.SZ,2026-04-03 13:14:00,30.16,30.18,30.15,30.15,6800,205039.0
001311.SZ,2026-04-03 13:15:00,30.15,30.15,30.08,30.14,15400,463995.0
001311.SZ,2026-04-03 13:16:00,30.14,30.18,29.9,30.13,63800,1916505.0
001311.SZ,2026-04-03 13:17:00,30.08,30.13,30.08,30.1,15600,469601.0
001311.SZ,2026-04-03 13:18:00,30.09,30.1,30.08,30.1,10000,300918.0
001311.SZ,2026-04-03 13:19:00,30.08,30.08,30.04,30.07,8400,252618.0
001311.SZ,2026-04-03 13:20:00,30.05,30.12,30.05,30.06,11600,348786.0
001311.SZ,2026-04-03 13:21:00,30.08,30.09,30.04,30.08,15200,457124.0
001311.SZ,2026-04-03 13:22:00,30.07,30.07,30.03,30.04,17200,516845.0
001311.SZ,2026-04-03 13:23:00,30.03,30.04,30.0,30.0,15400,462296.0
001311.SZ,2026-04-03 13:24:00,30.0,30.03,29.99,30.03,7300,218991.0
001311.SZ,2026-04-03 13:25:00,30.0,30.07,30.0,30.07,12000,360335.0
001311.SZ,2026-04-03 13:26:00,30.01,30.18,30.01,30.17,21300,640483.0
001311.SZ,2026-04-03 13:27:00,30.12,30.18,30.1,30.13,13300,400640.0
001311.SZ,2026-04-03 13:28:00,30.13,30.14,30.08,30.14,8200,247020.0
001311.SZ,2026-04-03 13:29:00,30.12,30.14,30.1,30.14,12700,382586.0
001311.SZ,2026-04-03 13:30:00,30.12,30.15,30.1,30.15,11000,331415.0
001311.SZ,2026-04-03 13:31:00,30.1,30.15,30.08,30.15,16600,500281.0
001311.SZ,2026-04-03 13:32:00,30.15,30.15,30.1,30.1,15800,476100.0
001311.SZ,2026-04-03 13:33:00,30.08,30.08,30.06,30.07,14700,441881.0
001311.SZ,2026-04-03 13:34:00,30.06,30.1,30.04,30.04,19300,580106.0
001311.SZ,2026-04-03 13:35:00,30.08,30.11,30.04,30.1,11100,333936.0
001311.SZ,2026-04-03 13:36:00,30.08,30.1,30.07,30.1,6900,207576.0
001311.SZ,2026-04-03 13:37:00,30.11,30.15,30.11,30.15,7000,210979.0
001311.SZ,2026-04-03 13:38:00,30.15,30.22,30.15,30.17,18200,549259.0
001311.SZ,2026-04-03 13:39:00,30.19,30.29,30.19,30.29,5100,154182.0
001311.SZ,2026-04-03 13:40:00,30.29,30.29,30.19,30.24,7500,226832.0
001311.SZ,2026-04-03 13:41:00,30.26,30.27,30.24,30.27,5100,154313.0
001311.SZ,2026-04-03 13:42:00,30.26,30.3,30.26,30.29,8900,269569.0
001311.SZ,2026-04-03 13:43:00,30.31,30.31,30.29,30.29,5800,175786.0
001311.SZ,2026-04-03 13:44:00,30.3,30.31,30.23,30.29,12400,375546.0
001311.SZ,2026-04-03 13:45:00,30.29,30.29,30.25,30.27,6900,208933.0
001311.SZ,2026-04-03 13:46:00,30.29,30.29,30.28,30.28,9500,287710.0
001311.SZ,2026-04-03 13:47:00,30.28,30.29,30.25,30.25,5500,166490.0
001311.SZ,2026-04-03 13:48:00,30.25,30.27,30.23,30.23,6000,181491.0
001311.SZ,2026-04-03 13:49:00,30.23,30.29,30.23,30.29,3100,93871.0
001311.SZ,2026-04-03 13:50:00,30.29,30.29,30.28,30.28,1700,51486.0
001311.SZ,2026-04-03 13:51:00,30.28,30.28,30.27,30.27,1300,39356.0
001311.SZ,2026-04-03 13:52:00,30.27,30.27,30.24,30.24,21500,650380.0
001311.SZ,2026-04-03 13:53:00,30.24,30.29,30.24,30.29,11800,356895.0
001311.SZ,2026-04-03 13:54:00,30.25,30.29,30.2,30.21,34900,1056011.0
001311.SZ,2026-04-03 13:55:00,30.25,30.25,30.21,30.21,6800,205533.0
001311.SZ,2026-04-03 13:56:00,30.25,30.25,30.23,30.23,3400,102817.0
001311.SZ,2026-04-03 13:57:00,30.23,30.29,30.21,30.26,5500,166372.0
001311.SZ,2026-04-03 13:58:00,30.2,30.25,30.17,30.2,16400,495516.0
001311.SZ,2026-04-03 13:59:00,30.18,30.2,30.17,30.2,4300,129788.0
001311.SZ,2026-04-03 14:00:00,30.17,30.2,30.12,30.13,23100,697215.0
001311.SZ,2026-04-03 14:01:00,30.19,30.28,30.18,30.28,2500,75556.0
001311.SZ,2026-04-03 14:02:00,30.29,30.33,30.25,30.27,45800,1386927.0
001311.SZ,2026-04-03 14:03:00,30.27,30.27,30.25,30.25,17300,523661.0
001311.SZ,2026-04-03 14:04:00,30.25,30.29,30.23,30.29,8491,256733.75
001311.SZ,2026-04-03 14:05:00,30.25,30.25,30.13,30.17,14300,431732.0
001311.SZ,2026-04-03 14:06:00,30.16,30.17,30.13,30.14,4600,138692.0
001311.SZ,2026-04-03 14:07:00,30.13,30.17,30.13,30.13,2300,69324.0
001311.SZ,2026-04-03 14:08:00,30.15,30.15,30.08,30.11,8800,264957.0
001311.SZ,2026-04-03 14:09:00,30.12,30.12,30.1,30.11,5000,150576.0
001311.SZ,2026-04-03 14:10:00,30.14,30.14,30.1,30.1,3000,90368.0
001311.SZ,2026-04-03 14:11:00,30.11,30.14,30.11,30.13,5700,171742.0
001311.SZ,2026-04-03 14:12:00,30.17,30.18,30.14,30.18,3100,93473.0
001311.SZ,2026-04-03 14:13:00,30.17,30.21,30.17,30.21,4200,126829.0
001311.SZ,2026-04-03 14:14:00,30.2,30.22,30.18,30.18,8900,268803.0
001311.SZ,2026-04-03 14:15:00,30.18,30.21,30.17,30.18,2500,75460.0
001311.SZ,2026-04-03 14:16:00,30.21,30.21,30.13,30.17,5000,150918.0
001311.SZ,2026-04-03 14:17:00,30.17,30.2,30.17,30.18,1300,39232.0
001311.SZ,2026-04-03 14:18:00,30.17,30.17,30.14,30.14,3300,99536.0
001311.SZ,2026-04-03 14:19:00,30.18,30.18,30.14,30.14,3500,105557.0
001311.SZ,2026-04-03 14:20:00,30.15,30.19,30.15,30.16,7700,232314.0
001311.SZ,2026-04-03 14:21:00,30.15,30.17,30.14,30.17,6000,180935.0
001311.SZ,2026-04-03 14:22:00,30.17,30.19,30.16,30.16,5000,150846.0
001311.SZ,2026-04-03 14:23:00,30.16,30.17,30.16,30.17,1500,45241.0
001311.SZ,2026-04-03 14:24:00,30.17,30.17,30.14,30.15,3000,90465.0
001311.SZ,2026-04-03 14:25:00,30.15,30.15,30.12,30.14,4900,147652.0
001311.SZ,2026-04-03 14:26:00,30.12,30.14,30.11,30.13,2600,78318.0
001311.SZ,2026-04-03 14:27:00,30.14,30.17,30.09,30.1,12400,373489.0
001311.SZ,2026-04-03 14:28:00,30.13,30.13,30.1,30.1,1700,51182.0
001311.SZ,2026-04-03 14:29:00,30.13,30.13,30.09,30.11,3300,99354.0
001311.SZ,2026-04-03 14:30:00,30.09,30.13,30.09,30.09,14100,424637.0
001311.SZ,2026-04-03 14:31:00,30.08,30.11,30.05,30.06,17800,535444.0
001311.SZ,2026-04-03 14:32:00,30.05,30.13,30.05,30.07,23200,698168.0
001311.SZ,2026-04-03 14:33:00,30.08,30.12,30.07,30.1,3700,111349.0
001311.SZ,2026-04-03 14:34:00,30.07,30.09,30.04,30.08,18000,541188.0
001311.SZ,2026-04-03 14:35:00,30.1,30.1,30.06,30.07,2700,81228.0
001311.SZ,2026-04-03 14:36:00,30.1,30.1,30.08,30.08,700,21062.0
001311.SZ,2026-04-03 14:37:00,30.08,30.09,30.04,30.08,21000,631454.0
001311.SZ,2026-04-03 14:38:00,30.06,30.08,30.05,30.07,3900,117268.0
001311.SZ,2026-04-03 14:39:00,30.07,30.09,30.07,30.07,4400,132363.0
001311.SZ,2026-04-03 14:40:00,30.08,30.09,30.06,30.07,9000,270722.0
001311.SZ,2026-04-03 14:41:00,30.07,30.09,30.05,30.05,14800,445067.0
001311.SZ,2026-04-03 14:42:00,30.04,30.04,30.01,30.03,24200,726834.0
001311.SZ,2026-04-03 14:43:00,30.02,30.03,30.0,30.03,8200,246168.0
001311.SZ,2026-04-03 14:44:00,30.03,30.05,30.02,30.02,14800,444534.0
001311.SZ,2026-04-03 14:45:00,30.05,30.05,30.03,30.03,3600,108139.0
001311.SZ,2026-04-03 14:46:00,30.04,30.07,30.04,30.06,17400,522751.0
001311.SZ,2026-04-03 14:47:00,30.06,30.07,30.06,30.07,5600,168387.0
001311.SZ,2026-04-03 14:48:00,30.06,30.08,30.04,30.05,12400,372698.0
001311.SZ,2026-04-03 14:49:00,30.04,30.06,30.03,30.03,10100,303436.0
001311.SZ,2026-04-03 14:50:00,30.0,30.07,30.0,30.05,50400,1512830.0
001311.SZ,2026-04-03 14:51:00,30.05,30.06,30.05,30.05,17800,535022.0
001311.SZ,2026-04-03 14:52:00,30.07,30.07,30.03,30.03,21200,636866.0
001311.SZ,2026-04-03 14:53:00,30.04,30.05,30.04,30.04,9200,276378.0
001311.SZ,2026-04-03 14:54:00,30.05,30.05,30.0,30.0,11500,345244.0
001311.SZ,2026-04-03 14:55:00,30.02,30.02,29.99,29.99,19100,573134.0
001311.SZ,2026-04-03 14:56:00,30.01,30.02,29.99,30.02,5760,172791.4
001311.SZ,2026-04-03 14:57:00,30.01,30.08,30.01,30.08,11800,354416.0
001311.SZ,2026-04-03 14:58:00,30.08,30.08,30.08,30.08,0,0.0
001311.SZ,2026-04-03 14:59:00,30.08,30.08,30.08,30.08,0,0.0
001311.SZ,2026-04-03 15:00:00,30.1,30.1,30.1,30.1,52800,1589280.0
001311.SZ,2026-04-07 09:30:00,30.39,30.39,30.39,30.39,3700,112443.0
001311.SZ,2026-04-07 09:31:00,30.32,30.32,30.1,30.16,40600,1224773.0
001311.SZ,2026-04-07 09:32:00,30.14,30.14,30.05,30.05,13000,391536.0
001311.SZ,2026-04-07 09:33:00,30.04,30.04,29.88,29.88,19200,575797.75
001311.SZ,2026-04-07 09:34:00,29.89,30.0,29.85,30.0,20332,608238.4
001311.SZ,2026-04-07 09:35:00,30.0,30.06,29.9,30.06,38900,1165182.0
001311.SZ,2026-04-07 09:36:00,30.09,30.09,30.04,30.07,9100,273581.0
001311.SZ,2026-04-07 09:37:00,30.06,30.09,30.04,30.04,10500,315734.0
001311.SZ,2026-04-07 09:38:00,30.08,30.08,29.95,29.98,32500,972895.0
001311.SZ,2026-04-07 09:39:00,29.96,29.96,29.85,29.87,39500,1180338.0
001311.SZ,2026-04-07 09:40:00,29.77,29.87,29.73,29.81,134000,3991931.0
001311.SZ,2026-04-07 09:41:00,29.66,29.89,29.6,29.85,21000,625951.0
001311.SZ,2026-04-07 09:42:00,29.87,29.95,29.87,29.95,15800,472305.0
001311.SZ,2026-04-07 09:43:00,29.97,29.98,29.9,29.95,7700,230528.0
001311.SZ,2026-04-07 09:44:00,29.9,29.98,29.86,29.9,6600,197394.0
001311.SZ,2026-04-07 09:45:00,29.89,29.91,29.86,29.91,9800,292921.0
001311.SZ,2026-04-07 09:46:00,29.93,30.03,29.93,30.01,4000,120036.0
001311.SZ,2026-04-07 09:47:00,30.0,30.1,30.0,30.1,8300,249449.0
001311.SZ,2026-04-07 09:48:00,30.09,30.09,30.03,30.06,7200,216333.0
001311.SZ,2026-04-07 09:49:00,30.08,30.08,30.04,30.06,5900,177384.0
001311.SZ,2026-04-07 09:50:00,30.06,30.08,29.96,30.0,20600,618414.0
001311.SZ,2026-04-07 09:51:00,29.97,29.97,29.94,29.94,20000,599380.0
001311.SZ,2026-04-07 09:52:00,29.94,29.97,29.93,29.97,6400,191773.0
001311.SZ,2026-04-07 09:53:00,29.94,29.97,29.93,29.97,4700,140738.0
001311.SZ,2026-04-07 09:54:00,29.95,30.01,29.95,30.01,5800,173824.0
001311.SZ,2026-04-07 09:55:00,29.99,29.99,29.97,29.99,5400,161913.0
001311.SZ,2026-04-07 09:56:00,29.98,29.98,29.98,29.98,4000,119916.0
001311.SZ,2026-04-07 09:57:00,29.98,30.02,29.97,30.0,9900,296978.0
001311.SZ,2026-04-07 09:58:00,30.0,30.08,30.0,30.07,6900,207312.0
001311.SZ,2026-04-07 09:59:00,30.08,30.2,30.08,30.2,45800,1379125.0
001311.SZ,2026-04-07 10:00:00,30.2,30.28,30.19,30.19,18100,547319.0
001311.SZ,2026-04-07 10:01:00,30.22,30.22,30.14,30.16,8500,256410.0
001311.SZ,2026-04-07 10:02:00,30.16,30.19,30.16,30.16,6400,193107.0
001311.SZ,2026-04-07 10:03:00,30.16,30.2,30.14,30.2,16300,491511.0
001311.SZ,2026-04-07 10:04:00,30.21,30.21,30.13,30.14,5600,168952.0
001311.SZ,2026-04-07 10:05:00,30.15,30.17,30.13,30.13,6000,180915.0
001311.SZ,2026-04-07 10:06:00,30.13,30.16,30.13,30.15,2600,78379.0
001311.SZ,2026-04-07 10:07:00,30.13,30.15,30.13,30.14,9200,277220.0
001311.SZ,2026-04-07 10:08:00,30.13,30.13,30.04,30.05,17900,538572.0
001311.SZ,2026-04-07 10:09:00,30.05,30.08,30.05,30.08,5900,177373.0
001311.SZ,2026-04-07 10:10:00,30.08,30.09,30.07,30.09,3200,96258.0
001311.SZ,2026-04-07 10:11:00,30.1,30.15,30.1,30.11,3400,102399.0
001311.SZ,2026-04-07 10:12:00,30.13,30.14,30.09,30.1,4000,120479.0
001311.SZ,2026-04-07 10:13:00,30.09,30.15,30.09,30.13,9200,277117.0
001311.SZ,2026-04-07 10:14:00,30.12,30.14,30.11,30.14,5400,162672.0
001311.SZ,2026-04-07 10:15:00,30.13,30.13,30.09,30.1,12200,367298.0
001311.SZ,2026-04-07 10:16:00,30.1,30.18,30.1,30.18,15800,476362.0
001311.SZ,2026-04-07 10:17:00,30.19,30.2,30.18,30.2,3400,102656.0
001311.SZ,2026-04-07 10:18:00,30.2,30.2,30.15,30.15,10900,328955.0
001311.SZ,2026-04-07 10:19:00,30.15,30.17,30.15,30.15,2800,84444.0
001311.SZ,2026-04-07 10:20:00,30.15,30.16,30.14,30.15,6300,189950.0
001311.SZ,2026-04-07 10:21:00,30.15,30.18,30.15,30.18,3900,117678.0
001311.SZ,2026-04-07 10:22:00,30.17,30.17,30.11,30.11,7000,210902.0
001311.SZ,2026-04-07 10:23:00,30.1,30.11,30.1,30.1,7100,213719.0
001311.SZ,2026-04-07 10:24:00,30.09,30.09,30.09,30.09,800,24072.0
001311.SZ,2026-04-07 10:25:00,30.08,30.08,30.04,30.06,6200,186431.0
001311.SZ,2026-04-07 10:26:00,30.06,30.08,30.04,30.04,3900,117252.0
001311.SZ,2026-04-07 10:27:00,30.04,30.05,30.02,30.02,4500,135160.0
001311.SZ,2026-04-07 10:28:00,30.02,30.03,30.01,30.01,2200,66044.0
001311.SZ,2026-04-07 10:29:00,30.03,30.05,30.02,30.03,4000,120134.0
001311.SZ,2026-04-07 10:30:00,30.01,30.08,30.0,30.08,11700,351403.0
001311.SZ,2026-04-07 10:31:00,30.11,30.15,30.1,30.15,7200,216800.0
001311.SZ,2026-04-07 10:32:00,30.13,30.13,30.09,30.1,5304,159684.36
001311.SZ,2026-04-07 10:33:00,30.1,30.11,30.09,30.1,10500,316058.0
001311.SZ,2026-04-07 10:34:00,30.09,30.09,30.04,30.07,9000,270635.0
001311.SZ,2026-04-07 10:35:00,30.07,30.1,30.07,30.09,3600,108294.0
001311.SZ,2026-04-07 10:36:00,30.1,30.11,30.09,30.1,2400,72241.0
001311.SZ,2026-04-07 10:37:00,30.08,30.08,30.07,30.08,6800,204523.0
001311.SZ,2026-04-07 10:38:00,30.08,30.12,30.08,30.12,2100,63217.0
001311.SZ,2026-04-07 10:39:00,30.13,30.15,30.13,30.15,7700,232085.0
001311.SZ,2026-04-07 10:40:00,30.16,30.16,30.16,30.16,9100,274456.0
001311.SZ,2026-04-07 10:41:00,30.16,30.16,30.12,30.12,4500,135631.0
001311.SZ,2026-04-07 10:42:00,30.12,30.12,30.12,30.12,1700,51204.0
001311.SZ,2026-04-07 10:43:00,30.1,30.1,30.09,30.09,2800,84296.0
001311.SZ,2026-04-07 10:44:00,30.08,30.21,30.07,30.21,12700,382775.0
001311.SZ,2026-04-07 10:45:00,30.22,30.23,30.2,30.2,9900,299159.0
001311.SZ,2026-04-07 10:46:00,30.2,30.22,30.2,30.22,1600,48327.0
001311.SZ,2026-04-07 10:47:00,30.22,30.23,30.22,30.23,8200,247882.0
001311.SZ,2026-04-07 10:48:00,30.22,30.23,30.22,30.22,900,27204.0
001311.SZ,2026-04-07 10:49:00,30.23,30.23,30.21,30.21,23300,702888.0
001311.SZ,2026-04-07 10:50:00,30.2,30.26,30.2,30.23,4500,136016.0
001311.SZ,2026-04-07 10:51:00,30.25,30.27,30.23,30.23,3000,90750.0
001311.SZ,2026-04-07 10:52:00,30.23,30.23,30.18,30.18,1700,51327.0
001311.SZ,2026-04-07 10:53:00,30.18,30.19,30.18,30.18,6700,202213.0
001311.SZ,2026-04-07 10:54:00,30.18,30.19,30.17,30.18,11400,344069.0
001311.SZ,2026-04-07 10:55:00,30.15,30.15,30.13,30.13,5300,159807.0
001311.SZ,2026-04-07 10:56:00,30.14,30.15,30.14,30.14,4300,129612.0
001311.SZ,2026-04-07 10:57:00,30.13,30.14,30.13,30.13,6500,195846.0
001311.SZ,2026-04-07 10:58:00,30.12,30.16,30.12,30.16,9600,289283.0
001311.SZ,2026-04-07 10:59:00,30.17,30.22,30.13,30.22,51300,1547686.0
001311.SZ,2026-04-07 11:00:00,30.17,30.17,30.16,30.17,2300,69395.0
001311.SZ,2026-04-07 11:01:00,30.17,30.17,30.14,30.14,2200,66316.0
001311.SZ,2026-04-07 11:02:00,30.15,30.17,30.15,30.17,6500,195984.0
001311.SZ,2026-04-07 11:03:00,30.17,30.19,30.17,30.19,2800,84487.0
001311.SZ,2026-04-07 11:04:00,30.19,30.19,30.15,30.15,1900,57326.0
001311.SZ,2026-04-07 11:05:00,30.15,30.15,30.13,30.13,2800,84373.0
001311.SZ,2026-04-07 11:06:00,30.13,30.14,30.12,30.12,3600,108495.0
001311.SZ,2026-04-07 11:07:00,30.12,30.12,30.11,30.11,1900,57223.0
001311.SZ,2026-04-07 11:08:00,30.11,30.11,30.1,30.1,500,15052.0
001311.SZ,2026-04-07 11:09:00,30.1,30.11,30.1,30.1,800,24086.0
001311.SZ,2026-04-07 11:10:00,30.1,30.12,30.1,30.12,2600,78262.0
001311.SZ,2026-04-07 11:11:00,30.11,30.12,30.11,30.12,500,15059.0
001311.SZ,2026-04-07 11:12:00,30.09,30.09,30.08,30.08,1100,33095.0
001311.SZ,2026-04-07 11:13:00,30.07,30.07,30.05,30.05,4000,120273.0
001311.SZ,2026-04-07 11:14:00,30.05,30.05,30.02,30.02,1600,48052.0
001311.SZ,2026-04-07 11:15:00,30.02,30.03,30.02,30.02,2000,60047.0
001311.SZ,2026-04-07 11:16:00,30.01,30.01,29.98,29.98,8300,248986.0
001311.SZ,2026-04-07 11:17:00,29.98,29.98,29.97,29.98,7000,209841.0
001311.SZ,2026-04-07 11:18:00,29.99,29.99,29.99,29.99,1600,47984.0
001311.SZ,2026-04-07 11:19:00,29.98,29.98,29.95,29.95,2000,59946.0
001311.SZ,2026-04-07 11:20:00,29.96,29.97,29.93,29.93,2200,65902.0
001311.SZ,2026-04-07 11:21:00,29.93,29.94,29.93,29.94,4700,140713.0
001311.SZ,2026-04-07 11:22:00,29.95,29.95,29.94,29.95,1100,32943.0
001311.SZ,2026-04-07 11:23:00,29.95,29.95,29.9,29.9,7900,236443.0
001311.SZ,2026-04-07 11:24:00,29.89,29.9,29.86,29.86,8800,263003.0
001311.SZ,2026-04-07 11:25:00,29.9,29.91,29.89,29.9,700,20930.0
001311.SZ,2026-04-07 11:26:00,29.9,29.9,29.88,29.89,2100,62767.0
001311.SZ,2026-04-07 11:27:00,29.88,29.88,29.87,29.88,1500,44818.0
001311.SZ,2026-04-07 11:28:00,29.87,29.88,29.86,29.87,900,26882.0
001311.SZ,2026-04-07 11:29:00,29.87,29.87,29.86,29.86,3000,89595.0
001311.SZ,2026-04-07 11:30:00,29.85,29.87,29.85,29.87,2600,77634.0
001311.SZ,2026-04-07 13:01:00,29.88,29.92,29.88,29.89,10300,307931.0
001311.SZ,2026-04-07 13:02:00,29.89,29.95,29.89,29.95,10500,314111.0
001311.SZ,2026-04-07 13:03:00,29.95,29.95,29.94,29.95,1300,38929.0
001311.SZ,2026-04-07 13:04:00,29.95,30.0,29.95,30.0,14100,422583.0
001311.SZ,2026-04-07 13:05:00,30.0,30.01,29.99,30.01,800,24001.0
001311.SZ,2026-04-07 13:06:00,30.03,30.03,30.02,30.03,1100,33030.0
001311.SZ,2026-04-07 13:07:00,30.03,30.07,30.03,30.07,1300,39052.0
001311.SZ,2026-04-07 13:08:00,30.07,30.07,30.05,30.05,1200,36071.0
001311.SZ,2026-04-07 13:09:00,30.04,30.05,30.04,30.04,300,9013.0
001311.SZ,2026-04-07 13:10:00,30.04,30.05,30.04,30.05,1700,51071.0
001311.SZ,2026-04-07 13:11:00,30.05,30.06,30.05,30.06,400,12021.0
001311.SZ,2026-04-07 13:12:00,30.04,30.04,30.02,30.02,4700,141138.0
001311.SZ,2026-04-07 13:13:00,30.01,30.02,29.98,29.98,29300,879289.0
001311.SZ,2026-04-07 13:14:00,29.98,29.99,29.98,29.98,700,20987.0
001311.SZ,2026-04-07 13:15:00,29.97,29.98,29.96,29.96,1400,41967.0
001311.SZ,2026-04-07 13:16:00,29.96,29.96,29.95,29.95,1100,32948.0
001311.SZ,2026-04-07 13:17:00,29.93,29.95,29.93,29.95,8200,245530.0
001311.SZ,2026-04-07 13:18:00,29.96,29.96,29.95,29.95,2700,80872.0
001311.SZ,2026-04-07 13:19:00,29.96,29.99,29.96,29.97,3300,98900.0
001311.SZ,2026-04-07 13:20:00,29.96,29.96,29.96,29.96,2900,86884.0
001311.SZ,2026-04-07 13:21:00,29.97,29.97,29.97,29.97,800,23976.0
001311.SZ,2026-04-07 13:22:00,29.97,29.97,29.97,29.97,1100,32967.0
001311.SZ,2026-04-07 13:23:00,29.97,30.0,29.97,30.0,3000,89941.0
001311.SZ,2026-04-07 13:24:00,30.0,30.01,29.99,29.99,4600,138005.0
001311.SZ,2026-04-07 13:25:00,30.0,30.01,30.0,30.01,1600,48004.0
001311.SZ,2026-04-07 13:26:00,30.01,30.01,30.01,30.01,600,18006.0
001311.SZ,2026-04-07 13:27:00,30.01,30.03,30.01,30.03,2100,63029.0
001311.SZ,2026-04-07 13:28:00,30.03,30.05,30.03,30.05,1200,36040.0
001311.SZ,2026-04-07 13:29:00,30.03,30.08,30.03,30.05,10600,318720.0
001311.SZ,2026-04-07 13:30:00,30.03,30.08,30.03,30.08,5600,168288.0
001311.SZ,2026-04-07 13:31:00,30.08,30.08,30.03,30.08,2700,81121.0
001311.SZ,2026-04-07 13:32:00,30.05,30.08,30.04,30.08,2100,63133.0
001311.SZ,2026-04-07 13:33:00,30.06,30.09,30.05,30.09,1800,54134.0
001311.SZ,2026-04-07 13:34:00,30.06,30.08,30.03,30.05,7000,210429.0
001311.SZ,2026-04-07 13:35:00,30.03,30.04,30.02,30.03,900,27026.0
001311.SZ,2026-04-07 13:36:00,30.03,30.03,30.0,30.0,4000,120079.0
001311.SZ,2026-04-07 13:37:00,30.03,30.06,30.02,30.02,5400,162193.0
001311.SZ,2026-04-07 13:38:00,30.05,30.06,30.05,30.06,1000,30054.0
001311.SZ,2026-04-07 13:39:00,30.05,30.08,30.05,30.07,600,18037.0
001311.SZ,2026-04-07 13:40:00,30.05,30.06,30.04,30.04,5200,156280.0
001311.SZ,2026-04-07 13:41:00,30.03,30.06,30.02,30.02,1400,42037.0
001311.SZ,2026-04-07 13:42:00,30.03,30.06,30.03,30.03,1500,45057.0
001311.SZ,2026-04-07 13:43:00,30.05,30.05,30.0,30.0,24600,738247.0
001311.SZ,2026-04-07 13:44:00,30.0,30.06,30.0,30.0,8500,255221.0
001311.SZ,2026-04-07 13:45:00,30.0,30.0,29.99,29.99,23900,716997.0
001311.SZ,2026-04-07 13:46:00,29.96,29.99,29.95,29.99,4400,131862.0
001311.SZ,2026-04-07 13:47:00,29.98,30.0,29.98,29.98,3800,113950.0
001311.SZ,2026-04-07 13:48:00,30.0,30.02,30.0,30.02,5300,159034.0
001311.SZ,2026-04-07 13:49:00,30.02,30.03,29.99,29.99,3900,117057.0
001311.SZ,2026-04-07 13:50:00,29.99,29.99,29.96,29.96,900,26983.0
001311.SZ,2026-04-07 13:51:00,30.0,30.01,30.0,30.0,1700,50998.0
001311.SZ,2026-04-07 13:52:00,30.01,30.03,29.99,30.0,2400,72022.0
001311.SZ,2026-04-07 13:53:00,30.0,30.03,30.0,30.03,3300,99056.0
001311.SZ,2026-04-07 13:54:00,30.07,30.1,30.04,30.07,3400,102249.0
001311.SZ,2026-04-07 13:55:00,30.04,30.06,29.96,29.96,9600,288164.0
001311.SZ,2026-04-07 13:56:00,30.0,30.0,29.91,29.91,20900,626395.0
001311.SZ,2026-04-07 13:57:00,29.91,29.95,29.89,29.92,7988,238975.31
001311.SZ,2026-04-07 13:58:00,29.92,29.92,29.89,29.89,3500,104649.0
001311.SZ,2026-04-07 13:59:00,29.9,29.93,29.89,29.92,9100,272166.0
001311.SZ,2026-04-07 14:00:00,29.94,30.0,29.92,29.93,2500,74897.0
001311.SZ,2026-04-07 14:01:00,29.94,30.01,29.94,30.01,5600,167952.0
001311.SZ,2026-04-07 14:02:00,30.01,30.06,30.01,30.04,4000,120081.0
001311.SZ,2026-04-07 14:03:00,30.06,30.06,30.02,30.04,2300,69101.0
001311.SZ,2026-04-07 14:04:00,30.05,30.05,30.04,30.04,1100,33046.0
001311.SZ,2026-04-07 14:05:00,30.04,30.04,30.02,30.02,5900,177131.0
001311.SZ,2026-04-07 14:06:00,30.04,30.04,30.0,30.0,9000,270084.0
001311.SZ,2026-04-07 14:07:00,30.0,30.0,29.97,29.98,2700,80983.0
001311.SZ,2026-04-07 14:08:00,29.99,30.04,29.98,30.0,4200,126072.0
001311.SZ,2026-04-07 14:09:00,30.01,30.05,30.01,30.05,3300,99105.0
001311.SZ,2026-04-07 14:10:00,30.03,30.07,30.01,30.02,2700,81094.0
001311.SZ,2026-04-07 14:11:00,30.05,30.05,30.02,30.03,13100,393520.0
001311.SZ,2026-04-07 14:12:00,30.03,30.05,30.03,30.03,1500,45056.0
001311.SZ,2026-04-07 14:13:00,30.02,30.02,29.97,29.97,16400,492177.0
001311.SZ,2026-04-07 14:14:00,29.97,29.99,29.96,29.96,2100,62950.0
001311.SZ,2026-04-07 14:15:00,29.96,29.98,29.9,29.95,7200,215689.0
001311.SZ,2026-04-07 14:16:00,29.97,30.0,29.95,29.95,3100,92910.0
001311.SZ,2026-04-07 14:17:00,29.99,29.99,29.9,29.91,5600,167757.0
001311.SZ,2026-04-07 14:18:00,29.98,29.98,29.92,29.95,2900,86899.0
001311.SZ,2026-04-07 14:19:00,29.98,29.98,29.97,29.97,700,20981.0
001311.SZ,2026-04-07 14:20:00,29.98,29.98,29.97,29.97,400,11990.0
001311.SZ,2026-04-07 14:21:00,29.97,29.99,29.96,29.98,3500,104922.0
001311.SZ,2026-04-07 14:22:00,29.99,30.0,29.95,30.0,6000,179929.0
001311.SZ,2026-04-07 14:23:00,30.0,30.0,29.96,29.96,2100,62939.0
001311.SZ,2026-04-07 14:24:00,30.0,30.0,29.96,29.98,5100,152908.0
001311.SZ,2026-04-07 14:25:00,29.99,30.0,29.98,29.99,1400,41984.0
001311.SZ,2026-04-07 14:26:00,30.0,30.01,30.0,30.0,3100,93002.0
001311.SZ,2026-04-07 14:27:00,30.01,30.02,29.99,30.01,3400,102014.0
001311.SZ,2026-04-07 14:28:00,29.99,30.0,29.96,29.98,4800,143917.0
001311.SZ,2026-04-07 14:29:00,29.98,29.98,29.96,29.98,4600,137888.0
001311.SZ,2026-04-07 14:30:00,29.98,30.0,29.98,30.0,4200,125979.0
001311.SZ,2026-04-07 14:31:00,29.99,30.0,29.96,29.96,8800,263759.0
001311.SZ,2026-04-07 14:32:00,29.93,29.97,29.93,29.93,9900,296572.0
001311.SZ,2026-04-07 14:33:00,29.94,29.94,29.9,29.9,8100,242224.0
001311.SZ,2026-04-07 14:34:00,29.92,29.92,29.91,29.91,1700,50849.0
001311.SZ,2026-04-07 14:35:00,29.9,29.91,29.9,29.9,3000,89701.0
001311.SZ,2026-04-07 14:36:00,29.91,29.92,29.88,29.91,2600,77749.0
001311.SZ,2026-04-07 14:37:00,29.9,29.92,29.88,29.88,7500,224230.0
001311.SZ,2026-04-07 14:38:00,29.88,29.91,29.88,29.89,3200,95668.0
001311.SZ,2026-04-07 14:39:00,29.88,29.93,29.88,29.9,6500,194347.0
001311.SZ,2026-04-07 14:40:00,29.89,29.93,29.89,29.91,1700,50832.0
001311.SZ,2026-04-07 14:41:00,29.89,29.93,29.88,29.88,7300,218425.0
001311.SZ,2026-04-07 14:42:00,29.88,29.94,29.88,29.89,4300,128589.0
001311.SZ,2026-04-07 14:43:00,29.89,29.95,29.88,29.88,4700,140574.0
001311.SZ,2026-04-07 14:44:00,29.88,29.92,29.88,29.9,3300,98684.0
001311.SZ,2026-04-07 14:45:00,29.88,29.91,29.88,29.9,1500,44847.0
001311.SZ,2026-04-07 14:46:00,29.91,29.94,29.89,29.91,4300,128640.0
001311.SZ,2026-04-07 14:47:00,29.91,29.91,29.88,29.88,6300,188373.0
001311.SZ,2026-04-07 14:48:00,29.88,29.94,29.88,29.94,16400,490854.0
001311.SZ,2026-04-07 14:49:00,29.94,29.99,29.9,29.99,16000,479233.0
001311.SZ,2026-04-07 14:50:00,29.98,29.99,29.89,29.91,30500,914044.0
001311.SZ,2026-04-07 14:51:00,29.98,29.98,29.91,29.97,6200,185575.0
001311.SZ,2026-04-07 14:52:00,29.95,29.97,29.91,29.96,8814,263985.3
001311.SZ,2026-04-07 14:53:00,29.95,29.96,29.8,29.84,60786,1815451.8
001311.SZ,2026-04-07 14:54:00,29.83,29.88,29.82,29.84,5200,155254.0
001311.SZ,2026-04-07 14:55:00,29.85,29.9,29.83,29.88,5800,173267.0
001311.SZ,2026-04-07 14:56:00,29.93,29.94,29.86,29.94,15800,472622.0
001311.SZ,2026-04-07 14:57:00,29.93,29.95,29.89,29.92,10400,311223.0
001311.SZ,2026-04-07 14:58:00,29.92,29.92,29.92,29.92,0,0.0
001311.SZ,2026-04-07 14:59:00,29.92,29.92,29.92,29.92,0,0.0
001311.SZ,2026-04-07 15:00:00,29.95,29.95,29.95,29.95,59000,1767050.0
001311.SZ,2026-04-08 09:30:00,30.88,30.88,30.81,30.81,21900,675957.0
001311.SZ,2026-04-08 09:31:00,30.73,31.4,30.59,31.0,252800,7833579.0
001311.SZ,2026-04-08 09:32:00,31.2,31.2,30.93,30.98,42700,1325036.0
001311.SZ,2026-04-08 09:33:00,30.95,30.95,30.75,30.75,52000,1605098.0
001311.SZ,2026-04-08 09:34:00,30.76,30.79,30.74,30.76,11200,344537.0
001311.SZ,2026-04-08 09:35:00,30.76,30.94,30.76,30.94,16400,505452.0
001311.SZ,2026-04-08 09:36:00,30.93,30.93,30.86,30.91,11400,352280.0
001311.SZ,2026-04-08 09:37:00,30.9,31.04,30.86,31.04,38300,1185295.0
001311.SZ,2026-04-08 09:38:00,31.02,31.02,30.96,31.02,13100,405962.0
001311.SZ,2026-04-08 09:39:00,31.0,31.01,30.96,30.96,35300,1091824.0
001311.SZ,2026-04-08 09:40:00,30.95,30.98,30.91,30.94,9700,300048.0
001311.SZ,2026-04-08 09:41:00,30.98,30.99,30.96,30.96,21300,659644.0
001311.SZ,2026-04-08 09:42:00,30.96,30.99,30.96,30.99,14100,436719.0
001311.SZ,2026-04-08 09:43:00,30.98,31.0,30.96,30.96,17800,551411.0
001311.SZ,2026-04-08 09:44:00,30.95,30.99,30.95,30.95,48500,1501866.0
001311.SZ,2026-04-08 09:45:00,30.97,30.97,30.84,30.84,37300,1151428.0
001311.SZ,2026-04-08 09:46:00,30.8,30.9,30.8,30.9,78700,2428642.0
001311.SZ,2026-04-08 09:47:00,30.94,31.08,30.88,31.05,101600,3147493.0
001311.SZ,2026-04-08 09:48:00,31.06,31.29,30.91,31.28,162600,5039767.0
001311.SZ,2026-04-08 09:49:00,31.27,31.34,31.19,31.19,166400,5201657.0
001311.SZ,2026-04-08 09:50:00,31.14,31.43,31.14,31.43,75900,2379343.0
001311.SZ,2026-04-08 09:51:00,31.45,31.48,31.45,31.45,39600,1245603.0
001311.SZ,2026-04-08 09:52:00,31.47,31.47,31.42,31.46,27800,874207.0
001311.SZ,2026-04-08 09:53:00,31.45,31.47,31.35,31.41,43200,1356663.0
001311.SZ,2026-04-08 09:54:00,31.41,31.41,31.31,31.31,40600,1272530.0
001311.SZ,2026-04-08 09:55:00,31.31,31.41,31.3,31.41,53900,1689940.0
001311.SZ,2026-04-08 09:56:00,31.39,31.4,31.34,31.36,28800,903612.0
001311.SZ,2026-04-08 09:57:00,31.34,31.36,31.23,31.29,61300,1918796.0
001311.SZ,2026-04-08 09:58:00,31.23,31.26,31.14,31.15,59900,1870495.0
001311.SZ,2026-04-08 09:59:00,31.2,31.2,31.16,31.17,7400,230667.0
001311.SZ,2026-04-08 10:00:00,31.15,31.16,31.13,31.16,58800,1831609.0
001311.SZ,2026-04-08 10:01:00,31.17,31.19,31.17,31.19,81000,2523350.0
001311.SZ,2026-04-08 10:02:00,31.18,31.23,31.13,31.17,11900,370978.0
001311.SZ,2026-04-08 10:03:00,31.14,31.17,31.14,31.16,1200,37378.0
001311.SZ,2026-04-08 10:04:00,31.17,31.23,31.17,31.2,13000,405896.0
001311.SZ,2026-04-08 10:05:00,31.2,31.21,31.2,31.2,23100,720707.0
001311.SZ,2026-04-08 10:06:00,31.2,31.23,31.2,31.21,3700,115484.0
001311.SZ,2026-04-08 10:07:00,31.23,31.31,31.19,31.19,33800,1056771.0
001311.SZ,2026-04-08 10:08:00,31.22,31.3,31.22,31.29,6700,209351.0
001311.SZ,2026-04-08 10:09:00,31.28,31.28,31.26,31.27,5000,156399.0
001311.SZ,2026-04-08 10:10:00,31.27,31.3,31.27,31.29,19500,610268.0
001311.SZ,2026-04-08 10:11:00,31.3,31.35,31.3,31.34,36200,1133378.0
001311.SZ,2026-04-08 10:12:00,31.35,31.36,31.34,31.34,4300,134807.0
001311.SZ,2026-04-08 10:13:00,31.36,31.36,31.35,31.35,7600,238296.0
001311.SZ,2026-04-08 10:14:00,31.35,31.37,31.35,31.36,23700,743300.0
001311.SZ,2026-04-08 10:15:00,31.36,31.36,31.34,31.35,5300,166168.0
001311.SZ,2026-04-08 10:16:00,31.36,31.39,31.34,31.39,16760,525584.6
001311.SZ,2026-04-08 10:17:00,31.39,31.39,31.37,31.37,8000,251008.0
001311.SZ,2026-04-08 10:18:00,31.38,31.38,31.37,31.37,4200,131775.0
001311.SZ,2026-04-08 10:19:00,31.39,31.41,31.38,31.4,36000,1130333.0
001311.SZ,2026-04-08 10:20:00,31.41,31.41,31.4,31.41,28100,882586.0
001311.SZ,2026-04-08 10:21:00,31.39,31.39,31.32,31.33,29340,920386.4
001311.SZ,2026-04-08 10:22:00,31.31,31.31,31.25,31.29,8260,258394.0
001311.SZ,2026-04-08 10:23:00,31.34,31.34,31.27,31.27,6300,197072.0
001311.SZ,2026-04-08 10:24:00,31.26,31.26,31.22,31.22,6100,190575.0
001311.SZ,2026-04-08 10:25:00,31.24,31.24,31.17,31.21,16400,511504.0
001311.SZ,2026-04-08 10:26:00,31.25,31.27,31.23,31.27,5500,171847.0
001311.SZ,2026-04-08 10:27:00,31.27,31.29,31.27,31.27,4400,137629.0
001311.SZ,2026-04-08 10:28:00,31.27,31.27,31.26,31.27,3000,93807.0
001311.SZ,2026-04-08 10:29:00,31.25,31.28,31.21,31.21,8400,262474.0
001311.SZ,2026-04-08 10:30:00,31.2,31.2,31.13,31.14,27000,840920.0
001311.SZ,2026-04-08 10:31:00,31.2,31.28,31.16,31.16,17400,542895.0
001311.SZ,2026-04-08 10:32:00,31.17,31.17,31.15,31.15,8000,249288.0
001311.SZ,2026-04-08 10:33:00,31.17,31.17,31.14,31.14,17000,529466.0
001311.SZ,2026-04-08 10:34:00,31.14,31.17,31.12,31.12,11600,361234.0
001311.SZ,2026-04-08 10:35:00,31.12,31.13,31.12,31.13,1100,34238.0
001311.SZ,2026-04-08 10:36:00,31.14,31.17,31.14,31.16,18600,579250.0
001311.SZ,2026-04-08 10:37:00,31.17,31.2,31.17,31.2,1800,56117.0
001311.SZ,2026-04-08 10:38:00,31.26,31.26,31.18,31.19,3300,102980.0
001311.SZ,2026-04-08 10:39:00,31.17,31.17,31.15,31.15,3700,115329.0
001311.SZ,2026-04-08 10:40:00,31.16,31.17,31.15,31.16,4700,146461.0
001311.SZ,2026-04-08 10:41:00,31.16,31.17,31.13,31.13,4100,127669.0
001311.SZ,2026-04-08 10:42:00,31.13,31.17,31.13,31.17,14800,460798.0
001311.SZ,2026-04-08 10:43:00,31.16,31.18,31.15,31.15,2500,77913.0
001311.SZ,2026-04-08 10:44:00,31.16,31.19,31.16,31.17,3600,112226.0
001311.SZ,2026-04-08 10:45:00,31.17,31.18,31.16,31.18,3000,93511.0
001311.SZ,2026-04-08 10:46:00,31.18,31.18,31.17,31.17,4700,146508.0
001311.SZ,2026-04-08 10:47:00,31.17,31.17,31.17,31.17,14200,442614.0
001311.SZ,2026-04-08 10:48:00,31.17,31.17,31.16,31.17,3400,105970.0
001311.SZ,2026-04-08 10:49:00,31.17,31.17,31.17,31.17,2200,68573.0
001311.SZ,2026-04-08 10:50:00,31.17,31.17,31.16,31.17,6200,193241.0
001311.SZ,2026-04-08 10:51:00,31.19,31.19,31.18,31.18,10400,324322.0
001311.SZ,2026-04-08 10:52:00,31.18,31.18,31.16,31.16,4300,134023.0
001311.SZ,2026-04-08 10:53:00,31.15,31.15,31.1,31.1,10200,317387.0
001311.SZ,2026-04-08 10:54:00,31.08,31.14,31.08,31.14,46000,1428215.0
001311.SZ,2026-04-08 10:55:00,31.1,31.1,31.04,31.04,3500,108838.0
001311.SZ,2026-04-08 10:56:00,31.1,31.14,31.1,31.11,3300,102665.0
001311.SZ,2026-04-08 10:57:00,31.11,31.13,31.1,31.13,1800,56009.0
001311.SZ,2026-04-08 10:58:00,31.13,31.13,31.07,31.07,4300,133720.0
001311.SZ,2026-04-08 10:59:00,31.1,31.13,31.09,31.1,8600,267456.0
001311.SZ,2026-04-08 11:00:00,31.09,31.09,31.09,31.09,900,27981.0
001311.SZ,2026-04-08 11:01:00,31.12,31.14,31.12,31.13,8200,255317.0
001311.SZ,2026-04-08 11:02:00,31.14,31.16,31.06,31.06,15700,488697.0
001311.SZ,2026-04-08 11:03:00,31.1,31.16,31.08,31.11,15100,469679.0
001311.SZ,2026-04-08 11:04:00,31.11,31.14,31.11,31.12,3900,121344.0
001311.SZ,2026-04-08 11:05:00,31.1,31.1,31.0,31.02,18200,564604.0
001311.SZ,2026-04-08 11:06:00,31.04,31.09,31.03,31.08,8700,270413.0
001311.SZ,2026-04-08 11:07:00,31.05,31.08,31.04,31.08,1300,40381.0
001311.SZ,2026-04-08 11:08:00,31.08,31.09,31.0,31.0,12400,384552.0
001311.SZ,2026-04-08 11:09:00,31.0,31.06,31.0,31.01,33800,1047846.0
001311.SZ,2026-04-08 11:10:00,31.1,31.13,31.09,31.13,1300,40433.0
001311.SZ,2026-04-08 11:11:00,31.1,31.1,31.09,31.09,1300,40429.0
001311.SZ,2026-04-08 11:12:00,31.1,31.13,31.1,31.1,2300,71554.0
001311.SZ,2026-04-08 11:13:00,31.09,31.12,31.09,31.1,2100,65324.0
001311.SZ,2026-04-08 11:14:00,31.13,31.13,31.11,31.12,4100,127572.0
001311.SZ,2026-04-08 11:15:00,31.12,31.12,31.1,31.1,600,18666.0
001311.SZ,2026-04-08 11:16:00,31.14,31.2,31.09,31.2,37200,1157079.0
001311.SZ,2026-04-08 11:17:00,31.2,31.2,31.14,31.14,8200,255489.0
001311.SZ,2026-04-08 11:18:00,31.14,31.14,31.13,31.14,3900,121428.0
001311.SZ,2026-04-08 11:19:00,31.13,31.14,31.13,31.14,6600,205522.0
001311.SZ,2026-04-08 11:20:00,31.14,31.14,31.13,31.14,4400,137003.0
001311.SZ,2026-04-08 11:21:00,31.14,31.14,31.13,31.14,4500,140117.0
001311.SZ,2026-04-08 11:22:00,31.14,31.17,31.13,31.13,5900,183721.0
001311.SZ,2026-04-08 11:23:00,31.13,31.13,31.12,31.13,6400,199209.0
001311.SZ,2026-04-08 11:24:00,31.16,31.16,31.11,31.11,1600,49836.0
001311.SZ,2026-04-08 11:25:00,31.11,31.16,31.11,31.16,11200,348457.0
001311.SZ,2026-04-08 11:26:00,31.16,31.16,31.11,31.14,1900,59173.0
001311.SZ,2026-04-08 11:27:00,31.14,31.14,31.08,31.11,5400,167977.0
001311.SZ,2026-04-08 11:28:00,31.11,31.11,31.0,31.0,44800,1389704.0
001311.SZ,2026-04-08 11:29:00,31.1,31.16,31.06,31.16,33100,1031050.0
001311.SZ,2026-04-08 11:30:00,31.16,31.18,31.15,31.16,3600,112192.0
001311.SZ,2026-04-08 13:01:00,31.16,31.24,31.16,31.17,23700,739321.0
001311.SZ,2026-04-08 13:02:00,31.2,31.24,31.2,31.22,2100,65554.0
001311.SZ,2026-04-08 13:03:00,31.22,31.24,31.21,31.24,5600,174881.0
001311.SZ,2026-04-08 13:04:00,31.24,31.24,31.19,31.19,8600,268555.0
001311.SZ,2026-04-08 13:05:00,31.17,31.17,31.16,31.17,5900,183859.0
001311.SZ,2026-04-08 13:06:00,31.19,31.19,31.15,31.15,3900,121582.0
001311.SZ,2026-04-08 13:07:00,31.15,31.15,31.13,31.13,4500,140128.0
001311.SZ,2026-04-08 13:08:00,31.12,31.13,31.1,31.1,8600,267557.0
001311.SZ,2026-04-08 13:09:00,31.1,31.16,31.1,31.14,7600,236521.0
001311.SZ,2026-04-08 13:10:00,31.15,31.17,31.14,31.17,2000,62317.0
001311.SZ,2026-04-08 13:11:00,31.17,31.18,31.14,31.16,5000,155826.0
001311.SZ,2026-04-08 13:12:00,31.18,31.22,31.18,31.22,4600,143455.0
001311.SZ,2026-04-08 13:13:00,31.26,31.26,31.22,31.23,2000,62466.0
001311.SZ,2026-04-08 13:14:00,31.23,31.23,31.23,31.23,3000,93690.0
001311.SZ,2026-04-08 13:15:00,31.23,31.24,31.23,31.24,3300,103066.0
001311.SZ,2026-04-08 13:16:00,31.24,31.26,31.22,31.23,15900,496840.0
001311.SZ,2026-04-08 13:17:00,31.22,31.22,31.18,31.19,8100,252704.0
001311.SZ,2026-04-08 13:18:00,31.2,31.21,31.2,31.21,3800,118559.0
001311.SZ,2026-04-08 13:19:00,31.21,31.21,31.21,31.21,4000,124839.0
001311.SZ,2026-04-08 13:20:00,31.2,31.2,31.18,31.19,3200,99821.0
001311.SZ,2026-04-08 13:21:00,31.2,31.21,31.18,31.19,15200,474080.0
001311.SZ,2026-04-08 13:22:00,31.2,31.21,31.18,31.21,3000,93588.0
001311.SZ,2026-04-08 13:23:00,31.21,31.21,31.2,31.2,7000,218430.0
001311.SZ,2026-04-08 13:24:00,31.21,31.21,31.2,31.21,3400,106109.0
001311.SZ,2026-04-08 13:25:00,31.21,31.21,31.21,31.21,1900,59299.0
001311.SZ,2026-04-08 13:26:00,31.2,31.21,31.2,31.2,5700,177869.0
001311.SZ,2026-04-08 13:27:00,31.2,31.2,31.13,31.13,6600,205756.0
001311.SZ,2026-04-08 13:28:00,31.17,31.17,31.13,31.17,10300,320575.0
001311.SZ,2026-04-08 13:29:00,31.19,31.19,31.18,31.18,1600,49903.0
001311.SZ,2026-04-08 13:30:00,31.17,31.17,31.06,31.06,50200,1561417.0
001311.SZ,2026-04-08 13:31:00,31.05,31.08,31.05,31.08,4000,124253.0
001311.SZ,2026-04-08 13:32:00,31.06,31.08,31.06,31.08,2300,71465.0
001311.SZ,2026-04-08 13:33:00,31.06,31.1,31.06,31.1,6700,208359.0
001311.SZ,2026-04-08 13:34:00,31.1,31.12,31.1,31.1,4700,146196.0
001311.SZ,2026-04-08 13:35:00,31.1,31.11,31.08,31.1,3000,93286.0
001311.SZ,2026-04-08 13:36:00,31.13,31.14,31.12,31.14,4400,136994.0
001311.SZ,2026-04-08 13:37:00,31.14,31.15,31.13,31.14,9300,289605.0
001311.SZ,2026-04-08 13:38:00,31.13,31.13,31.12,31.13,5200,161865.0
001311.SZ,2026-04-08 13:39:00,31.13,31.15,31.13,31.15,5300,165073.0
001311.SZ,2026-04-08 13:40:00,31.15,31.18,31.13,31.14,4000,124594.0
001311.SZ,2026-04-08 13:41:00,31.14,31.16,31.14,31.16,4900,152648.0
001311.SZ,2026-04-08 13:42:00,31.16,31.16,31.14,31.14,4500,140196.0
001311.SZ,2026-04-08 13:43:00,31.13,31.17,31.13,31.15,4100,127722.0
001311.SZ,2026-04-08 13:44:00,31.15,31.16,31.15,31.15,2300,71646.0
001311.SZ,2026-04-08 13:45:00,31.15,31.17,31.15,31.16,5000,155800.0
001311.SZ,2026-04-08 13:46:00,31.16,31.16,31.1,31.1,18400,572841.0
001311.SZ,2026-04-08 13:47:00,31.09,31.09,31.01,31.08,36000,1117557.0
001311.SZ,2026-04-08 13:48:00,31.07,31.16,31.07,31.16,16300,507233.0
001311.SZ,2026-04-08 13:49:00,31.15,31.16,31.15,31.15,5100,158869.0
001311.SZ,2026-04-08 13:50:00,31.15,31.15,31.14,31.15,5400,168208.0
001311.SZ,2026-04-08 13:51:00,31.16,31.16,31.16,31.16,2700,84132.0
001311.SZ,2026-04-08 13:52:00,31.16,31.18,31.16,31.18,18200,567448.0
001311.SZ,2026-04-08 13:53:00,31.18,31.2,31.18,31.2,15500,483429.0
001311.SZ,2026-04-08 13:54:00,31.19,31.26,31.19,31.26,27900,870696.0
001311.SZ,2026-04-08 13:55:00,31.24,31.26,31.24,31.26,5600,175007.0
001311.SZ,2026-04-08 13:56:00,31.26,31.26,31.25,31.26,9600,300042.0
001311.SZ,2026-04-08 13:57:00,31.25,31.3,31.25,31.27,26300,822514.0
001311.SZ,2026-04-08 13:58:00,31.29,31.29,31.27,31.27,2400,75077.0
001311.SZ,2026-04-08 13:59:00,31.28,31.29,31.27,31.27,10000,312764.0
001311.SZ,2026-04-08 14:00:00,31.26,31.26,31.21,31.21,24700,771701.0
001311.SZ,2026-04-08 14:01:00,31.22,31.24,31.22,31.24,5600,174812.0
001311.SZ,2026-04-08 14:02:00,31.23,31.23,31.2,31.21,7900,246583.0
001311.SZ,2026-04-08 14:03:00,31.21,31.29,31.21,31.25,14400,449957.0
001311.SZ,2026-04-08 14:04:00,31.26,31.3,31.26,31.28,6700,209578.0
001311.SZ,2026-04-08 14:05:00,31.28,31.29,31.26,31.27,6600,206427.0
001311.SZ,2026-04-08 14:06:00,31.27,31.29,31.27,31.29,7400,231489.0
001311.SZ,2026-04-08 14:07:00,31.28,31.3,31.28,31.29,16500,516379.0
001311.SZ,2026-04-08 14:08:00,31.28,31.3,31.28,31.29,11500,359865.0
001311.SZ,2026-04-08 14:09:00,31.28,31.28,31.2,31.2,47500,1483802.0
001311.SZ,2026-04-08 14:10:00,31.21,31.24,31.21,31.23,9200,287294.0
001311.SZ,2026-04-08 14:11:00,31.24,31.24,31.2,31.22,6700,209190.0
001311.SZ,2026-04-08 14:12:00,31.23,31.25,31.23,31.25,8300,259263.0
001311.SZ,2026-04-08 14:13:00,31.25,31.26,31.13,31.13,14100,439936.0
001311.SZ,2026-04-08 14:14:00,31.23,31.24,31.2,31.2,24200,753905.0
001311.SZ,2026-04-08 14:15:00,31.22,31.22,31.22,31.22,300,9366.0
001311.SZ,2026-04-08 14:16:00,31.21,31.22,31.21,31.22,4600,143591.0
001311.SZ,2026-04-08 14:17:00,31.23,31.25,31.2,31.2,15100,471527.06
001311.SZ,2026-04-08 14:18:00,31.24,31.24,31.2,31.2,7800,243456.0
001311.SZ,2026-04-08 14:19:00,31.18,31.18,31.14,31.14,4000,124652.0
001311.SZ,2026-04-08 14:20:00,31.15,31.15,31.11,31.14,10100,314395.0
001311.SZ,2026-04-08 14:21:00,31.13,31.13,31.13,31.13,4000,124520.0
001311.SZ,2026-04-08 14:22:00,31.14,31.14,31.13,31.14,7400,230387.0
001311.SZ,2026-04-08 14:23:00,31.14,31.14,31.14,31.14,1700,52938.0
001311.SZ,2026-04-08 14:24:00,31.14,31.14,31.13,31.14,14300,445301.0
001311.SZ,2026-04-08 14:25:00,31.14,31.17,31.14,31.17,11800,367617.0
001311.SZ,2026-04-08 14:26:00,31.18,31.19,31.18,31.19,7600,237028.0
001311.SZ,2026-04-08 14:27:00,31.19,31.2,31.19,31.2,17000,530394.0
001311.SZ,2026-04-08 14:28:00,31.2,31.21,31.19,31.2,7300,227751.0
001311.SZ,2026-04-08 14:29:00,31.19,31.21,31.19,31.21,6400,199688.0
001311.SZ,2026-04-08 14:30:00,31.21,31.24,31.21,31.22,6400,199871.0
001311.SZ,2026-04-08 14:31:00,31.25,31.28,31.22,31.27,27500,859421.0
001311.SZ,2026-04-08 14:32:00,31.27,31.27,31.23,31.24,10300,321875.0
001311.SZ,2026-04-08 14:33:00,31.24,31.26,31.24,31.26,4500,140604.0
001311.SZ,2026-04-08 14:34:00,31.26,31.28,31.25,31.28,9600,300130.0
001311.SZ,2026-04-08 14:35:00,31.28,31.3,31.28,31.29,5400,168952.0
001311.SZ,2026-04-08 14:36:00,31.29,31.29,31.29,31.29,2100,65709.0
001311.SZ,2026-04-08 14:37:00,31.28,31.34,31.28,31.34,26314,823904.2
001311.SZ,2026-04-08 14:38:00,31.32,31.34,31.32,31.33,9100,285149.0
001311.SZ,2026-04-08 14:39:00,31.34,31.39,31.34,31.37,6200,194421.0
001311.SZ,2026-04-08 14:40:00,31.37,31.37,31.35,31.35,10400,326144.0
001311.SZ,2026-04-08 14:41:00,31.35,31.37,31.35,31.36,18100,567756.0
001311.SZ,2026-04-08 14:42:00,31.36,31.36,31.34,31.35,5100,159889.0
001311.SZ,2026-04-08 14:43:00,31.35,31.37,31.34,31.34,17300,542407.0
001311.SZ,2026-04-08 14:44:00,31.35,31.36,31.35,31.35,5500,172446.0
001311.SZ,2026-04-08 14:45:00,31.36,31.37,31.35,31.37,28500,893829.0
001311.SZ,2026-04-08 14:46:00,31.38,31.4,31.37,31.4,10700,335827.0
001311.SZ,2026-04-08 14:47:00,31.39,31.4,31.37,31.37,11000,345201.0
001311.SZ,2026-04-08 14:48:00,31.36,31.39,31.36,31.39,5400,169407.0
001311.SZ,2026-04-08 14:49:00,31.39,31.42,31.39,31.42,29700,932632.0
001311.SZ,2026-04-08 14:50:00,31.38,31.42,31.38,31.41,26600,835038.0
001311.SZ,2026-04-08 14:51:00,31.4,31.4,31.38,31.39,12400,389270.0
001311.SZ,2026-04-08 14:52:00,31.4,31.41,31.4,31.4,5200,163287.0
001311.SZ,2026-04-08 14:53:00,31.4,31.43,31.4,31.41,15900,499323.0
001311.SZ,2026-04-08 14:54:00,31.42,31.43,31.41,31.41,5800,182234.0
001311.SZ,2026-04-08 14:55:00,31.41,31.42,31.4,31.41,47600,1494896.0
001311.SZ,2026-04-08 14:56:00,31.41,31.42,31.4,31.42,16500,518283.0
001311.SZ,2026-04-08 14:57:00,31.43,31.43,31.21,31.22,37800,1185379.0
001311.SZ,2026-04-08 14:58:00,31.22,31.22,31.22,31.22,0,0.0
001311.SZ,2026-04-08 14:59:00,31.22,31.22,31.22,31.22,0,0.0
001311.SZ,2026-04-08 15:00:00,31.42,31.42,31.42,31.42,17100,537282.0
001311.SZ,2026-04-09 09:30:00,31.0,31.0,30.53,30.7,21800,673621.0
001311.SZ,2026-04-09 09:31:00,30.9,31.01,30.8,30.98,62400,1929110.0
001311.SZ,2026-04-09 09:32:00,31.0,31.18,31.0,31.09,34000,1056862.0
001311.SZ,2026-04-09 09:33:00,31.03,31.03,30.95,30.95,31100,963768.0
001311.SZ,2026-04-09 09:34:00,30.99,31.02,30.89,30.89,28500,882539.0
001311.SZ,2026-04-09 09:35:00,30.88,31.0,30.88,31.0,13900,430054.0
001311.SZ,2026-04-09 09:36:00,30.99,30.99,30.82,30.82,73800,2280309.0
001311.SZ,2026-04-09 09:37:00,30.82,30.93,30.78,30.87,57400,1770683.0
001311.SZ,2026-04-09 09:38:00,30.83,30.92,30.81,30.81,63700,1965633.0
001311.SZ,2026-04-09 09:39:00,30.8,30.82,30.75,30.75,29800,917309.0
001311.SZ,2026-04-09 09:40:00,30.7,30.77,30.7,30.72,14600,448818.0
001311.SZ,2026-04-09 09:41:00,30.72,30.75,30.68,30.68,20300,623454.0
001311.SZ,2026-04-09 09:42:00,30.63,30.67,30.6,30.65,44400,1359442.0
001311.SZ,2026-04-09 09:43:00,30.61,30.64,30.56,30.56,31000,948756.0
001311.SZ,2026-04-09 09:44:00,30.53,30.56,30.48,30.5,86600,2642578.0
001311.SZ,2026-04-09 09:45:00,30.48,30.5,30.41,30.48,29600,901042.0
001311.SZ,2026-04-09 09:46:00,30.48,30.49,30.34,30.43,63900,1942726.0
001311.SZ,2026-04-09 09:47:00,30.43,30.48,30.43,30.45,8200,249701.0
001311.SZ,2026-04-09 09:48:00,30.46,30.5,30.46,30.5,39600,1207563.0
001311.SZ,2026-04-09 09:49:00,30.48,30.5,30.44,30.5,55900,1703388.0
001311.SZ,2026-04-09 09:50:00,30.52,30.69,30.52,30.69,19400,593246.0
001311.SZ,2026-04-09 09:51:00,30.65,30.71,30.65,30.71,12200,374590.0
001311.SZ,2026-04-09 09:52:00,30.71,30.72,30.68,30.68,24100,739532.0
001311.SZ,2026-04-09 09:53:00,30.68,30.73,30.68,30.72,5600,171911.0
001311.SZ,2026-04-09 09:54:00,30.72,30.87,30.72,30.87,137200,4223561.0
001311.SZ,2026-04-09 09:55:00,30.87,30.97,30.87,30.94,90600,2798605.0
001311.SZ,2026-04-09 09:56:00,30.94,31.1,30.94,31.02,59300,1839573.0
001311.SZ,2026-04-09 09:57:00,31.02,31.02,30.97,30.97,12000,372167.0
001311.SZ,2026-04-09 09:58:00,31.0,31.15,31.0,31.15,36700,1139526.0
001311.SZ,2026-04-09 09:59:00,31.19,31.28,31.13,31.16,58300,1819070.0
001311.SZ,2026-04-09 10:00:00,31.23,31.27,31.22,31.25,31039,969571.56
001311.SZ,2026-04-09 10:01:00,31.26,31.31,31.25,31.25,25600,800638.0
001311.SZ,2026-04-09 10:02:00,31.23,31.25,31.21,31.24,5700,178041.0
001311.SZ,2026-04-09 10:03:00,31.24,31.24,31.2,31.21,11900,371498.0
001311.SZ,2026-04-09 10:04:00,31.22,31.3,31.19,31.29,37900,1183658.0
001311.SZ,2026-04-09 10:05:00,31.27,31.35,31.26,31.35,12700,397372.0
001311.SZ,2026-04-09 10:06:00,31.29,31.37,31.29,31.35,24800,776678.0
001311.SZ,2026-04-09 10:07:00,31.35,31.35,31.31,31.33,5700,178536.0
001311.SZ,2026-04-09 10:08:00,31.33,31.34,31.3,31.3,7400,231780.0
001311.SZ,2026-04-09 10:09:00,31.3,31.3,31.27,31.28,4700,147004.0
001311.SZ,2026-04-09 10:10:00,31.27,31.28,31.27,31.27,6500,203263.0
001311.SZ,2026-04-09 10:11:00,31.29,31.35,31.29,31.31,12000,375851.0
001311.SZ,2026-04-09 10:12:00,31.31,31.34,31.31,31.33,10200,319521.0
001311.SZ,2026-04-09 10:13:00,31.32,31.32,31.28,31.28,10600,331694.0
001311.SZ,2026-04-09 10:14:00,31.28,31.33,31.28,31.3,8200,256580.0
001311.SZ,2026-04-09 10:15:00,31.3,31.3,31.26,31.26,4500,140729.0
001311.SZ,2026-04-09 10:16:00,31.25,31.3,31.25,31.27,18700,584627.0
001311.SZ,2026-04-09 10:17:00,31.3,31.44,31.3,31.44,51245,1607257.5
001311.SZ,2026-04-09 10:18:00,31.44,31.56,31.44,31.56,81500,2566329.0
001311.SZ,2026-04-09 10:19:00,31.58,31.64,31.58,31.64,20300,641877.0
001311.SZ,2026-04-09 10:20:00,31.65,31.69,31.65,31.68,16400,519363.0
001311.SZ,2026-04-09 10:21:00,31.66,31.72,31.6,31.64,48700,1541008.0
001311.SZ,2026-04-09 10:22:00,31.64,31.78,31.64,31.78,32800,1041096.0
001311.SZ,2026-04-09 10:23:00,31.75,31.75,31.72,31.74,15600,495403.0
001311.SZ,2026-04-09 10:24:00,31.75,31.79,31.74,31.76,18900,600117.0
001311.SZ,2026-04-09 10:25:00,31.78,31.78,31.73,31.75,12600,400181.0
001311.SZ,2026-04-09 10:26:00,31.76,31.76,31.7,31.7,6800,215862.0
001311.SZ,2026-04-09 10:27:00,31.7,31.7,31.64,31.67,6500,205853.0
001311.SZ,2026-04-09 10:28:00,31.67,31.67,31.64,31.64,4000,126677.0
001311.SZ,2026-04-09 10:29:00,31.6,31.6,31.58,31.58,8800,278022.0
001311.SZ,2026-04-09 10:30:00,31.6,31.8,31.6,31.76,92900,2948014.0
001311.SZ,2026-04-09 10:31:00,31.76,31.79,31.71,31.72,9900,314189.0
001311.SZ,2026-04-09 10:32:00,31.71,31.73,31.69,31.69,5200,164930.0
001311.SZ,2026-04-09 10:33:00,31.69,31.7,31.64,31.7,5800,183744.0
001311.SZ,2026-04-09 10:34:00,31.69,31.69,31.6,31.65,10100,319527.0
001311.SZ,2026-04-09 10:35:00,31.65,31.65,31.55,31.55,2900,91631.0
001311.SZ,2026-04-09 10:36:00,31.53,31.56,31.53,31.56,1100,34701.0
001311.SZ,2026-04-09 10:37:00,31.54,31.56,31.5,31.54,18500,583213.0
001311.SZ,2026-04-09 10:38:00,31.55,31.55,31.49,31.49,6400,201850.0
001311.SZ,2026-04-09 10:39:00,31.51,31.64,31.51,31.6,22900,724037.0
001311.SZ,2026-04-09 10:40:00,31.6,31.73,31.56,31.73,28700,907458.0
001311.SZ,2026-04-09 10:41:00,31.72,31.73,31.67,31.68,3300,104654.0
001311.SZ,2026-04-09 10:42:00,31.7,31.72,31.7,31.72,2800,88802.0
001311.SZ,2026-04-09 10:43:00,31.72,31.94,31.72,31.94,86800,2760255.0
001311.SZ,2026-04-09 10:44:00,31.94,31.98,31.9,31.98,15800,504725.0
001311.SZ,2026-04-09 10:45:00,31.99,31.99,31.92,31.94,10100,322878.0
001311.SZ,2026-04-09 10:46:00,31.93,31.93,31.91,31.91,600,19152.0
001311.SZ,2026-04-09 10:47:00,31.91,31.91,31.87,31.9,15200,484714.0
001311.SZ,2026-04-09 10:48:00,31.9,31.9,31.88,31.88,2600,82902.0
001311.SZ,2026-04-09 10:49:00,31.88,31.88,31.82,31.82,12400,395092.0
001311.SZ,2026-04-09 10:50:00,31.81,31.83,31.81,31.83,900,28641.0
001311.SZ,2026-04-09 10:51:00,31.82,31.87,31.82,31.87,7300,232475.0
001311.SZ,2026-04-09 10:52:00,31.87,31.88,31.87,31.88,3600,114736.0
001311.SZ,2026-04-09 10:53:00,31.88,31.88,31.83,31.83,4000,127438.0
001311.SZ,2026-04-09 10:54:00,31.83,31.85,31.83,31.85,2300,73237.0
001311.SZ,2026-04-09 10:55:00,31.86,31.86,31.85,31.85,1500,47785.0
001311.SZ,2026-04-09 10:56:00,31.85,32.09,31.84,32.08,83700,2677128.0
001311.SZ,2026-04-09 10:57:00,32.08,32.21,32.08,32.18,63920,2055250.8
001311.SZ,2026-04-09 10:58:00,32.19,32.29,32.18,32.27,47500,1531383.0
001311.SZ,2026-04-09 10:59:00,32.21,32.39,32.21,32.33,60300,1947686.0
001311.SZ,2026-04-09 11:00:00,32.35,32.44,32.32,32.44,17400,563059.0
001311.SZ,2026-04-09 11:01:00,32.46,32.49,32.39,32.49,33700,1093470.0
001311.SZ,2026-04-09 11:02:00,32.49,32.55,32.45,32.45,61800,2007616.0
001311.SZ,2026-04-09 11:03:00,32.4,32.46,32.39,32.43,43100,1397688.0
001311.SZ,2026-04-09 11:04:00,32.4,32.4,32.2,32.2,35700,1152969.0
001311.SZ,2026-04-09 11:05:00,32.26,32.38,32.26,32.38,9100,293914.0
001311.SZ,2026-04-09 11:06:00,32.37,32.37,32.26,32.28,18600,600748.0
001311.SZ,2026-04-09 11:07:00,32.29,32.33,32.29,32.3,5600,180974.0
001311.SZ,2026-04-09 11:08:00,32.3,32.32,32.29,32.31,13100,423084.0
001311.SZ,2026-04-09 11:09:00,32.33,32.5,32.33,32.44,24000,778612.0
001311.SZ,2026-04-09 11:10:00,32.52,32.54,32.44,32.48,33800,1098769.0
001311.SZ,2026-04-09 11:11:00,32.52,32.58,32.52,32.58,47900,1559176.0
001311.SZ,2026-04-09 11:12:00,32.47,32.52,32.4,32.4,49700,1614607.0
001311.SZ,2026-04-09 11:13:00,32.37,32.4,32.37,32.4,8200,265639.0
001311.SZ,2026-04-09 11:14:00,32.4,32.42,32.37,32.39,10900,353066.0
001311.SZ,2026-04-09 11:15:00,32.38,32.48,32.38,32.48,9500,308065.0
001311.SZ,2026-04-09 11:16:00,32.47,32.48,32.4,32.4,25000,810482.0
001311.SZ,2026-04-09 11:17:00,32.37,32.37,32.3,32.3,13400,433394.0
001311.SZ,2026-04-09 11:18:00,32.29,32.32,32.29,32.31,8300,268106.0
001311.SZ,2026-04-09 11:19:00,32.3,32.3,32.28,32.28,3700,119477.0
001311.SZ,2026-04-09 11:20:00,32.3,32.39,32.3,32.35,6400,206853.0
001311.SZ,2026-04-09 11:21:00,32.34,32.39,32.32,32.32,7800,252430.0
001311.SZ,2026-04-09 11:22:00,32.32,32.32,32.28,32.28,3200,103386.0
001311.SZ,2026-04-09 11:23:00,32.26,32.26,32.19,32.19,12900,415875.0
001311.SZ,2026-04-09 11:24:00,32.18,32.19,32.18,32.18,15300,492423.0
001311.SZ,2026-04-09 11:25:00,32.14,32.15,32.14,32.14,6000,192894.0
001311.SZ,2026-04-09 11:26:00,32.13,32.14,32.1,32.14,6000,192669.0
001311.SZ,2026-04-09 11:27:00,32.14,32.14,32.08,32.08,4200,134941.0
001311.SZ,2026-04-09 11:28:00,32.06,32.21,32.06,32.21,23200,744210.0
001311.SZ,2026-04-09 11:29:00,32.16,32.18,32.16,32.16,3200,102949.0
001311.SZ,2026-04-09 11:30:00,32.16,32.2,32.14,32.14,28300,911950.0
001311.SZ,2026-04-09 13:01:00,32.22,32.22,31.99,32.01,94400,3030873.0
001311.SZ,2026-04-09 13:02:00,32.12,32.13,32.0,32.1,45600,1464677.0
001311.SZ,2026-04-09 13:03:00,32.13,32.2,32.05,32.05,20500,658835.0
001311.SZ,2026-04-09 13:04:00,32.05,32.11,32.05,32.07,2800,89786.0
001311.SZ,2026-04-09 13:05:00,32.05,32.08,32.05,32.05,15700,503386.0
001311.SZ,2026-04-09 13:06:00,32.03,32.03,32.0,32.0,14900,476913.0
001311.SZ,2026-04-09 13:07:00,32.0,32.02,31.99,32.01,11100,355215.0
001311.SZ,2026-04-09 13:08:00,32.01,32.03,32.0,32.0,5000,160048.0
001311.SZ,2026-04-09 13:09:00,32.0,32.11,32.0,32.07,8000,256557.0
001311.SZ,2026-04-09 13:10:00,32.07,32.07,31.99,32.0,2600,83267.0
001311.SZ,2026-04-09 13:11:00,32.0,32.0,31.99,31.99,6300,201595.0
001311.SZ,2026-04-09 13:12:00,32.01,32.04,32.0,32.01,5400,172856.0
001311.SZ,2026-04-09 13:13:00,32.02,32.05,31.98,32.03,66000,2111499.0
001311.SZ,2026-04-09 13:14:00,32.05,32.06,32.03,32.06,3500,112180.0
001311.SZ,2026-04-09 13:15:00,32.06,32.06,32.01,32.01,7900,253092.0
001311.SZ,2026-04-09 13:16:00,32.01,32.01,31.9,31.9,23700,756803.0
001311.SZ,2026-04-09 13:17:00,31.94,31.94,31.9,31.9,4200,134049.0
001311.SZ,2026-04-09 13:18:00,31.89,31.89,31.86,31.87,5500,175330.0
001311.SZ,2026-04-09 13:19:00,31.86,31.88,31.83,31.84,13300,423561.0
001311.SZ,2026-04-09 13:20:00,31.85,31.87,31.83,31.87,9200,293099.0
001311.SZ,2026-04-09 13:21:00,31.87,31.87,31.83,31.83,12900,410736.0
001311.SZ,2026-04-09 13:22:00,31.82,31.82,31.8,31.8,10700,340302.0
001311.SZ,2026-04-09 13:23:00,31.8,31.81,31.8,31.81,900,28621.0
001311.SZ,2026-04-09 13:24:00,31.8,31.81,31.78,31.78,4900,155818.0
001311.SZ,2026-04-09 13:25:00,31.78,31.81,31.78,31.79,8100,257439.0
001311.SZ,2026-04-09 13:26:00,31.79,31.86,31.79,31.86,17100,543894.0
001311.SZ,2026-04-09 13:27:00,31.85,31.85,31.84,31.84,9400,299311.0
001311.SZ,2026-04-09 13:28:00,31.85,31.85,31.81,31.83,2100,66854.0
001311.SZ,2026-04-09 13:29:00,31.8,31.8,31.75,31.75,11000,349641.0
001311.SZ,2026-04-09 13:30:00,31.75,31.77,31.74,31.76,16300,517472.0
001311.SZ,2026-04-09 13:31:00,31.72,31.79,31.72,31.79,8700,276408.0
001311.SZ,2026-04-09 13:32:00,31.79,31.82,31.79,31.81,6800,216246.0
001311.SZ,2026-04-09 13:33:00,31.83,31.83,31.79,31.82,3900,124060.0
001311.SZ,2026-04-09 13:34:00,31.82,31.82,31.8,31.82,2800,89076.0
001311.SZ,2026-04-09 13:35:00,31.83,31.93,31.82,31.89,41200,1314041.0
001311.SZ,2026-04-09 13:36:00,31.9,31.9,31.87,31.87,2700,86118.0
001311.SZ,2026-04-09 13:37:00,31.87,31.88,31.85,31.85,3100,98739.0
001311.SZ,2026-04-09 13:38:00,31.84,31.87,31.84,31.86,3700,117863.0
001311.SZ,2026-04-09 13:39:00,31.85,31.86,31.84,31.84,3200,101903.0
001311.SZ,2026-04-09 13:40:00,31.84,31.96,31.83,31.92,69620,2223648.2
001311.SZ,2026-04-09 13:41:00,31.93,31.98,31.93,31.93,13300,424991.0
001311.SZ,2026-04-09 13:42:00,31.95,31.95,31.92,31.92,13300,424808.0
001311.SZ,2026-04-09 13:43:00,32.02,32.08,32.01,32.01,21800,697442.0
001311.SZ,2026-04-09 13:44:00,31.98,32.0,31.98,32.0,3200,102352.0
001311.SZ,2026-04-09 13:45:00,32.0,32.02,32.0,32.02,9300,297668.0
001311.SZ,2026-04-09 13:46:00,32.02,32.02,32.01,32.01,4700,150492.0
001311.SZ,2026-04-09 13:47:00,32.02,32.02,32.02,32.02,900,28816.0
001311.SZ,2026-04-09 13:48:00,32.01,32.02,31.98,32.0,12100,387155.0
001311.SZ,2026-04-09 13:49:00,32.0,32.0,31.96,31.96,3900,124719.0
001311.SZ,2026-04-09 13:50:00,31.95,31.95,31.93,31.95,3000,95831.0
001311.SZ,2026-04-09 13:51:00,31.95,31.95,31.93,31.93,2400,76657.0
001311.SZ,2026-04-09 13:52:00,31.93,31.93,31.9,31.9,15800,504290.0
001311.SZ,2026-04-09 13:53:00,31.9,31.9,31.9,31.9,4000,127589.0
001311.SZ,2026-04-09 13:54:00,31.9,31.91,31.9,31.91,3400,108463.0
001311.SZ,2026-04-09 13:55:00,31.91,31.91,31.91,31.91,600,19147.0
001311.SZ,2026-04-09 13:56:00,31.91,31.94,31.9,31.94,14100,450142.0
001311.SZ,2026-04-09 13:57:00,31.95,32.08,31.95,32.08,18100,579470.0
001311.SZ,2026-04-09 13:58:00,32.05,32.06,32.02,32.04,10200,326757.0
001311.SZ,2026-04-09 13:59:00,32.02,32.02,31.98,32.01,4300,137631.0
001311.SZ,2026-04-09 14:00:00,31.98,31.98,31.96,31.98,1100,35172.0
001311.SZ,2026-04-09 14:01:00,31.95,31.96,31.95,31.96,600,19175.0
001311.SZ,2026-04-09 14:02:00,31.98,31.99,31.95,31.95,9800,313266.0
001311.SZ,2026-04-09 14:03:00,31.96,31.97,31.96,31.97,4100,131059.0
001311.SZ,2026-04-09 14:04:00,31.97,31.98,31.93,31.96,14300,456892.0
001311.SZ,2026-04-09 14:05:00,31.97,31.97,31.95,31.96,2900,92699.0
001311.SZ,2026-04-09 14:06:00,31.96,31.97,31.95,31.95,1300,41549.0
001311.SZ,2026-04-09 14:07:00,31.96,31.97,31.95,31.97,14800,472928.0
001311.SZ,2026-04-09 14:08:00,31.97,31.98,31.95,31.95,5100,163040.0
001311.SZ,2026-04-09 14:09:00,31.95,31.95,31.93,31.93,2500,79865.0
001311.SZ,2026-04-09 14:10:00,31.95,31.95,31.9,31.9,2300,73405.0
001311.SZ,2026-04-09 14:11:00,31.91,31.91,31.87,31.87,4000,127596.0
001311.SZ,2026-04-09 14:12:00,31.88,31.88,31.87,31.88,1200,38248.0
001311.SZ,2026-04-09 14:13:00,31.87,31.9,31.87,31.88,10400,331561.0
001311.SZ,2026-04-09 14:14:00,31.88,31.88,31.87,31.87,9900,315535.0
001311.SZ,2026-04-09 14:15:00,31.86,31.86,31.85,31.86,4500,143354.0
001311.SZ,2026-04-09 14:16:00,31.87,31.89,31.86,31.88,6900,219957.0
001311.SZ,2026-04-09 14:17:00,31.86,31.87,31.86,31.86,5900,187976.0
001311.SZ,2026-04-09 14:18:00,31.86,31.9,31.85,31.9,18900,602558.0
001311.SZ,2026-04-09 14:19:00,31.88,31.91,31.87,31.91,9000,287044.0
001311.SZ,2026-04-09 14:20:00,31.91,31.92,31.89,31.9,4300,137170.0
001311.SZ,2026-04-09 14:21:00,31.89,31.9,31.89,31.9,1400,44654.0
001311.SZ,2026-04-09 14:22:00,31.9,31.92,31.9,31.91,6000,191428.0
001311.SZ,2026-04-09 14:23:00,31.91,32.0,31.91,31.97,25200,805436.0
001311.SZ,2026-04-09 14:24:00,31.97,31.99,31.96,31.96,5800,185461.0
001311.SZ,2026-04-09 14:25:00,31.96,31.98,31.91,31.91,19600,626460.0
001311.SZ,2026-04-09 14:26:00,31.91,31.96,31.91,31.95,8600,274684.0
001311.SZ,2026-04-09 14:27:00,31.95,31.95,31.92,31.95,4400,140542.0
001311.SZ,2026-04-09 14:28:00,31.95,31.95,31.91,31.92,9600,306455.0
001311.SZ,2026-04-09 14:29:00,31.92,31.92,31.87,31.87,19800,631677.0
001311.SZ,2026-04-09 14:30:00,31.88,31.92,31.87,31.9,8000,255066.0
001311.SZ,2026-04-09 14:31:00,31.88,31.9,31.84,31.85,12000,382297.0
001311.SZ,2026-04-09 14:32:00,31.85,31.85,31.83,31.85,5200,165570.0
001311.SZ,2026-04-09 14:33:00,31.83,31.83,31.82,31.83,3300,105037.0
001311.SZ,2026-04-09 14:34:00,31.83,31.84,31.82,31.82,2400,76389.0
001311.SZ,2026-04-09 14:35:00,31.82,31.82,31.78,31.81,25500,810959.0
001311.SZ,2026-04-09 14:36:00,31.81,31.86,31.8,31.81,14100,448852.0
001311.SZ,2026-04-09 14:37:00,31.82,31.82,31.81,31.81,1900,60442.0
001311.SZ,2026-04-09 14:38:00,31.82,31.85,31.81,31.82,8900,283229.0
001311.SZ,2026-04-09 14:39:00,31.81,31.84,31.81,31.84,6900,219565.0
001311.SZ,2026-04-09 14:40:00,31.89,31.91,31.88,31.88,21300,679239.0
001311.SZ,2026-04-09 14:41:00,31.9,31.93,31.9,31.93,8000,255359.0
001311.SZ,2026-04-09 14:42:00,31.94,31.97,31.92,31.92,13700,437541.0
001311.SZ,2026-04-09 14:43:00,31.92,31.95,31.92,31.94,10600,338478.0
001311.SZ,2026-04-09 14:44:00,31.93,31.94,31.91,31.91,5600,178767.0
001311.SZ,2026-04-09 14:45:00,31.9,31.91,31.89,31.91,4300,137180.0
001311.SZ,2026-04-09 14:46:00,31.92,31.92,31.89,31.89,10800,344458.0
001311.SZ,2026-04-09 14:47:00,31.92,31.98,31.89,31.91,26200,836569.0
001311.SZ,2026-04-09 14:48:00,31.94,32.0,31.91,31.94,26800,856467.0
001311.SZ,2026-04-09 14:49:00,31.95,31.95,31.92,31.92,14200,453437.0
001311.SZ,2026-04-09 14:50:00,31.93,31.97,31.93,31.97,18800,600680.0
001311.SZ,2026-04-09 14:51:00,31.95,31.97,31.94,31.94,11500,367464.0
001311.SZ,2026-04-09 14:52:00,31.95,31.96,31.95,31.95,7800,249215.0
001311.SZ,2026-04-09 14:53:00,31.95,31.95,31.94,31.95,11400,364216.0
001311.SZ,2026-04-09 14:54:00,31.95,31.97,31.94,31.97,22300,712573.0
001311.SZ,2026-04-09 14:55:00,31.99,31.99,31.93,31.94,19800,632655.0
001311.SZ,2026-04-09 14:56:00,31.93,31.94,31.92,31.94,11700,373573.0
001311.SZ,2026-04-09 14:57:00,31.99,32.0,31.95,32.0,33200,1061708.0
001311.SZ,2026-04-09 14:58:00,32.0,32.0,32.0,32.0,0,0.0
001311.SZ,2026-04-09 14:59:00,32.0,32.0,32.0,32.0,0,0.0
001311.SZ,2026-04-09 15:00:00,32.04,32.04,32.04,32.04,29700,951588.0
001311.SZ,2026-04-10 09:30:00,32.08,32.08,32.08,32.08,7500,240600.0
001311.SZ,2026-04-10 09:31:00,32.08,32.21,31.88,31.9,34400,1104000.0
001311.SZ,2026-04-10 09:32:00,31.96,32.13,31.93,32.13,33832,1083856.4
001311.SZ,2026-04-10 09:33:00,32.13,32.13,32.07,32.11,11800,379015.0
001311.SZ,2026-04-10 09:34:00,32.11,32.11,32.05,32.07,13700,439479.0
001311.SZ,2026-04-10 09:35:00,32.07,32.09,31.98,31.98,32100,1028891.0
001311.SZ,2026-04-10 09:36:00,31.99,32.08,31.96,32.01,30200,966400.0
001311.SZ,2026-04-10 09:37:00,32.01,32.01,31.96,31.97,10600,339180.0
001311.SZ,2026-04-10 09:38:00,31.99,32.13,31.99,32.13,26700,855557.0
001311.SZ,2026-04-10 09:39:00,32.13,32.2,32.09,32.17,17900,575215.0
001311.SZ,2026-04-10 09:40:00,32.2,32.3,32.2,32.29,32800,1057640.0
001311.SZ,2026-04-10 09:41:00,32.3,32.31,32.15,32.29,45800,1477135.0
001311.SZ,2026-04-10 09:42:00,32.28,32.31,32.26,32.3,23200,749149.0
001311.SZ,2026-04-10 09:43:00,32.3,32.6,32.29,32.6,67900,2202500.0
001311.SZ,2026-04-10 09:44:00,32.5,32.5,32.45,32.47,14100,457942.0
001311.SZ,2026-04-10 09:45:00,32.5,32.58,32.5,32.5,51600,1677969.0
001311.SZ,2026-04-10 09:46:00,32.5,32.59,32.47,32.56,18400,598564.0
001311.SZ,2026-04-10 09:47:00,32.54,32.56,32.5,32.54,10200,332034.0
001311.SZ,2026-04-10 09:48:00,32.53,32.53,32.51,32.52,8900,289427.0
001311.SZ,2026-04-10 09:49:00,32.51,32.51,32.47,32.51,27900,906868.0
001311.SZ,2026-04-10 09:50:00,32.52,32.54,32.52,32.54,10000,325267.0
001311.SZ,2026-04-10 09:51:00,32.53,32.55,32.51,32.51,9400,305777.0
001311.SZ,2026-04-10 09:52:00,32.51,32.51,32.45,32.45,16700,542371.0
001311.SZ,2026-04-10 09:53:00,32.5,32.5,32.46,32.47,18300,593914.0
001311.SZ,2026-04-10 09:54:00,32.47,32.6,32.47,32.6,30400,989791.0
001311.SZ,2026-04-10 09:55:00,32.65,32.74,32.59,32.7,41300,1348062.0
001311.SZ,2026-04-10 09:56:00,32.7,32.7,32.48,32.49,88900,2896305.0
001311.SZ,2026-04-10 09:57:00,32.54,32.54,32.4,32.45,22300,724219.0
001311.SZ,2026-04-10 09:58:00,32.43,32.48,32.43,32.48,13700,444661.0
001311.SZ,2026-04-10 09:59:00,32.48,32.54,32.48,32.48,17400,565782.0
001311.SZ,2026-04-10 10:00:00,32.51,32.51,32.28,32.36,57900,1873651.0
001311.SZ,2026-04-10 10:01:00,32.35,32.45,32.35,32.4,33800,1094326.0
001311.SZ,2026-04-10 10:02:00,32.38,32.38,32.31,32.31,12000,388218.0
001311.SZ,2026-04-10 10:03:00,32.36,32.36,32.23,32.24,34100,1101377.0
001311.SZ,2026-04-10 10:04:00,32.26,32.32,32.25,32.25,26700,862269.0
001311.SZ,2026-04-10 10:05:00,32.37,32.37,32.28,32.35,18800,607972.0
001311.SZ,2026-04-10 10:06:00,32.35,32.35,32.29,32.34,6400,206963.0
001311.SZ,2026-04-10 10:07:00,32.33,32.34,32.27,32.29,17900,578518.0
001311.SZ,2026-04-10 10:08:00,32.33,32.33,32.29,32.33,13600,439473.0
001311.SZ,2026-04-10 10:09:00,32.34,32.34,32.24,32.24,27500,887404.0
001311.SZ,2026-04-10 10:10:00,32.23,32.23,32.16,32.2,24400,785810.0
001311.SZ,2026-04-10 10:11:00,32.22,32.22,32.12,32.13,53700,1727167.0
001311.SZ,2026-04-10 10:12:00,32.13,32.27,32.13,32.27,15900,511786.0
001311.SZ,2026-04-10 10:13:00,32.27,32.27,32.14,32.14,21700,698634.0
001311.SZ,2026-04-10 10:14:00,32.15,32.15,32.08,32.08,20400,655294.0
001311.SZ,2026-04-10 10:15:00,32.08,32.08,32.01,32.06,33100,1060763.0
001311.SZ,2026-04-10 10:16:00,32.04,32.06,32.02,32.06,7100,227442.0
001311.SZ,2026-04-10 10:17:00,32.06,32.06,32.0,32.04,47100,1508217.0
001311.SZ,2026-04-10 10:18:00,32.04,32.13,32.0,32.13,55800,1787792.0
001311.SZ,2026-04-10 10:19:00,32.04,32.17,32.04,32.11,22540,723939.4
001311.SZ,2026-04-10 10:20:00,32.07,32.12,32.05,32.08,18800,602962.0
001311.SZ,2026-04-10 10:21:00,32.05,32.11,32.05,32.08,17800,571246.0
001311.SZ,2026-04-10 10:22:00,32.05,32.16,32.01,32.14,77839,2498742.5
001311.SZ,2026-04-10 10:23:00,32.15,32.15,32.12,32.15,5500,176785.0
001311.SZ,2026-04-10 10:24:00,32.2,32.3,32.2,32.3,11900,383376.0
001311.SZ,2026-04-10 10:25:00,32.34,32.34,32.28,32.28,15400,497883.0
001311.SZ,2026-04-10 10:26:00,32.28,32.28,32.22,32.22,13100,422497.0
001311.SZ,2026-04-10 10:27:00,32.28,32.28,32.23,32.24,4400,141942.0
001311.SZ,2026-04-10 10:28:00,32.24,32.27,32.22,32.27,19100,615668.0
001311.SZ,2026-04-10 10:29:00,32.27,32.27,32.26,32.26,4400,141822.0
001311.SZ,2026-04-10 10:30:00,32.25,32.26,32.14,32.14,18600,598971.0
001311.SZ,2026-04-10 10:31:00,32.21,32.25,32.16,32.16,8600,277130.0
001311.SZ,2026-04-10 10:32:00,32.23,32.26,32.23,32.25,1500,48371.0
001311.SZ,2026-04-10 10:33:00,32.26,32.26,32.2,32.2,4100,132120.0
001311.SZ,2026-04-10 10:34:00,32.2,32.25,32.18,32.18,11500,370502.0
001311.SZ,2026-04-10 10:35:00,32.18,32.2,32.13,32.13,8100,260482.0
001311.SZ,2026-04-10 10:36:00,32.16,32.16,32.1,32.1,5400,173430.0
001311.SZ,2026-04-10 10:37:00,32.18,32.19,32.18,32.19,1600,51461.0
001311.SZ,2026-04-10 10:38:00,32.16,32.19,32.11,32.19,7600,244227.0
001311.SZ,2026-04-10 10:39:00,32.09,32.09,32.07,32.07,9500,304888.0
001311.SZ,2026-04-10 10:40:00,32.14,32.16,32.06,32.06,6200,199028.0
001311.SZ,2026-04-10 10:41:00,32.12,32.13,32.05,32.06,9000,288609.0
001311.SZ,2026-04-10 10:42:00,32.07,32.08,32.07,32.08,1300,41704.0
001311.SZ,2026-04-10 10:43:00,32.08,32.1,32.02,32.04,9200,294828.0
001311.SZ,2026-04-10 10:44:00,32.04,32.1,32.01,32.09,7900,253154.0
001311.SZ,2026-04-10 10:45:00,32.03,32.07,32.01,32.01,11700,374699.0
001311.SZ,2026-04-10 10:46:00,32.02,32.06,32.01,32.06,14600,467852.0
001311.SZ,2026-04-10 10:47:00,32.03,32.07,32.03,32.07,9100,291468.0
001311.SZ,2026-04-10 10:48:00,32.06,32.07,32.0,32.0,46700,1494819.0
001311.SZ,2026-04-10 10:49:00,32.0,32.05,32.0,32.01,8000,256112.0
001311.SZ,2026-04-10 10:50:00,32.01,32.07,32.01,32.07,15600,499876.0
001311.SZ,2026-04-10 10:51:00,32.05,32.1,32.05,32.07,5100,163567.0
001311.SZ,2026-04-10 10:52:00,32.08,32.1,32.05,32.05,4800,153889.0
001311.SZ,2026-04-10 10:53:00,32.05,32.05,32.03,32.03,8300,266003.0
001311.SZ,2026-04-10 10:54:00,32.03,32.05,32.0,32.04,9900,316931.0
001311.SZ,2026-04-10 10:55:00,32.0,32.0,32.0,32.0,5400,172848.0
001311.SZ,2026-04-10 10:56:00,32.02,32.05,32.0,32.05,9200,294639.0
001311.SZ,2026-04-10 10:57:00,32.05,32.05,32.0,32.02,9900,316942.0
001311.SZ,2026-04-10 10:58:00,32.01,32.03,32.0,32.03,14500,464261.0
001311.SZ,2026-04-10 10:59:00,32.02,32.03,32.02,32.03,6900,220931.0
001311.SZ,2026-04-10 11:00:00,32.03,32.05,32.03,32.05,5700,182639.0
001311.SZ,2026-04-10 11:01:00,32.01,32.04,32.0,32.0,9300,297735.0
001311.SZ,2026-04-10 11:02:00,32.01,32.01,31.91,31.95,47370,1514947.0
001311.SZ,2026-04-10 11:03:00,31.94,31.97,31.91,31.96,9000,287384.0
001311.SZ,2026-04-10 11:04:00,31.96,31.97,31.85,31.92,70700,2253704.0
001311.SZ,2026-04-10 11:05:00,31.86,31.96,31.86,31.89,7700,245492.0
001311.SZ,2026-04-10 11:06:00,31.87,31.95,31.87,31.87,7500,239122.0
001311.SZ,2026-04-10 11:07:00,31.88,31.94,31.88,31.92,6200,197719.0
001311.SZ,2026-04-10 11:08:00,31.87,31.92,31.87,31.89,9900,315571.0
001311.SZ,2026-04-10 11:09:00,31.88,31.89,31.86,31.89,8900,283706.0
001311.SZ,2026-04-10 11:10:00,31.89,31.98,31.89,31.98,27800,887403.0
001311.SZ,2026-04-10 11:11:00,31.98,31.98,31.95,31.98,8600,274866.0
001311.SZ,2026-04-10 11:12:00,31.98,31.98,31.97,31.98,7200,230251.0
001311.SZ,2026-04-10 11:13:00,31.97,31.97,31.88,31.88,9300,296964.0
001311.SZ,2026-04-10 11:14:00,31.93,31.93,31.87,31.87,4600,146703.0
001311.SZ,2026-04-10 11:15:00,31.86,31.91,31.86,31.86,10600,337761.0
001311.SZ,2026-04-10 11:16:00,31.86,31.86,31.85,31.85,8200,261220.0
001311.SZ,2026-04-10 11:17:00,31.85,31.88,31.85,31.88,6000,191128.0
001311.SZ,2026-04-10 11:18:00,31.87,31.89,31.86,31.87,9800,312308.0
001311.SZ,2026-04-10 11:19:00,31.86,31.88,31.85,31.88,5500,175245.0
001311.SZ,2026-04-10 11:20:00,31.85,31.87,31.84,31.85,10000,318498.0
001311.SZ,2026-04-10 11:21:00,31.87,31.88,31.84,31.88,12100,385381.0
001311.SZ,2026-04-10 11:22:00,31.88,31.93,31.88,31.88,6700,213876.0
001311.SZ,2026-04-10 11:23:00,31.84,31.84,31.84,31.84,7100,226096.0
001311.SZ,2026-04-10 11:24:00,31.84,31.9,31.84,31.84,7700,245193.0
001311.SZ,2026-04-10 11:25:00,31.9,31.9,31.84,31.84,7900,251607.0
001311.SZ,2026-04-10 11:26:00,31.88,31.88,31.88,31.88,3400,108383.0
001311.SZ,2026-04-10 11:27:00,31.84,31.84,31.83,31.84,8700,276983.0
001311.SZ,2026-04-10 11:28:00,31.84,31.84,31.82,31.82,5700,181465.0
001311.SZ,2026-04-10 11:29:00,31.82,31.82,31.8,31.8,11800,375284.0
001311.SZ,2026-04-10 11:30:00,31.8,31.84,31.79,31.81,1600,50886.0
001311.SZ,2026-04-10 13:01:00,31.84,31.95,31.81,31.91,26300,837709.0
001311.SZ,2026-04-10 13:02:00,31.9,31.9,31.84,31.85,2900,92427.0
001311.SZ,2026-04-10 13:03:00,31.88,31.88,31.86,31.87,2200,70127.0
001311.SZ,2026-04-10 13:04:00,31.87,31.87,31.75,31.76,33500,1065584.0
001311.SZ,2026-04-10 13:05:00,31.76,31.76,31.74,31.75,12200,387392.0
001311.SZ,2026-04-10 13:06:00,31.73,31.81,31.72,31.81,34800,1104495.0
001311.SZ,2026-04-10 13:07:00,31.8,31.85,31.8,31.82,2100,66808.0
001311.SZ,2026-04-10 13:08:00,31.8,31.92,31.8,31.92,6300,200762.0
001311.SZ,2026-04-10 13:09:00,31.89,32.04,31.89,32.03,15700,501865.0
001311.SZ,2026-04-10 13:10:00,32.0,32.02,31.98,31.98,8400,268772.0
001311.SZ,2026-04-10 13:11:00,31.98,32.03,31.95,32.02,6200,198387.0
001311.SZ,2026-04-10 13:12:00,32.01,32.13,31.99,32.11,33800,1083374.0
001311.SZ,2026-04-10 13:13:00,32.04,32.05,32.03,32.05,700,22429.0
001311.SZ,2026-04-10 13:14:00,32.04,32.07,32.04,32.06,6700,214676.0
001311.SZ,2026-04-10 13:15:00,32.06,32.09,32.04,32.08,4000,128311.0
001311.SZ,2026-04-10 13:16:00,32.04,32.11,32.0,32.07,74600,2390840.0
001311.SZ,2026-04-10 13:17:00,32.08,32.08,32.08,32.08,500,16040.0
001311.SZ,2026-04-10 13:18:00,32.11,32.13,32.11,32.12,9400,301874.0
001311.SZ,2026-04-10 13:19:00,32.12,32.16,32.12,32.15,5700,183201.0
001311.SZ,2026-04-10 13:20:00,32.15,32.15,32.11,32.12,5700,183197.0
001311.SZ,2026-04-10 13:21:00,32.13,32.15,32.12,32.12,6400,205622.0
001311.SZ,2026-04-10 13:22:00,32.11,32.11,32.05,32.05,3100,99444.0
001311.SZ,2026-04-10 13:23:00,32.07,32.12,32.07,32.12,2300,73856.0
001311.SZ,2026-04-10 13:24:00,32.1,32.11,32.1,32.1,1800,57783.0
001311.SZ,2026-04-10 13:25:00,32.1,32.13,32.07,32.08,27900,894879.0
001311.SZ,2026-04-10 13:26:00,32.1,32.12,32.1,32.11,900,28903.0
001311.SZ,2026-04-10 13:27:00,32.12,32.12,32.12,32.12,300,9636.0
001311.SZ,2026-04-10 13:28:00,32.12,32.12,32.12,32.12,600,19272.0
001311.SZ,2026-04-10 13:29:00,32.11,32.12,32.11,32.12,1000,32110.0
001311.SZ,2026-04-10 13:30:00,32.1,32.1,32.07,32.1,12500,401112.0
001311.SZ,2026-04-10 13:31:00,32.09,32.09,32.06,32.06,4000,128248.0
001311.SZ,2026-04-10 13:32:00,32.04,32.07,32.04,32.07,3400,108975.0
001311.SZ,2026-04-10 13:33:00,32.07,32.07,32.07,32.07,2100,67348.0
001311.SZ,2026-04-10 13:34:00,32.07,32.08,32.05,32.08,5800,185971.0
001311.SZ,2026-04-10 13:35:00,32.07,32.07,32.06,32.06,500,16034.0
001311.SZ,2026-04-10 13:36:00,32.07,32.07,32.06,32.06,900,28857.0
001311.SZ,2026-04-10 13:37:00,32.06,32.06,32.05,32.06,2000,64112.0
001311.SZ,2026-04-10 13:38:00,32.06,32.06,32.05,32.06,2400,76934.0
001311.SZ,2026-04-10 13:39:00,32.04,32.12,32.04,32.12,18200,584023.0
001311.SZ,2026-04-10 13:40:00,32.12,32.12,32.12,32.12,300,9636.0
001311.SZ,2026-04-10 13:41:00,32.12,32.12,32.1,32.11,2100,67421.0
001311.SZ,2026-04-10 13:42:00,32.11,32.11,32.09,32.1,3300,105918.0
001311.SZ,2026-04-10 13:43:00,32.1,32.13,32.1,32.12,2100,67454.0
001311.SZ,2026-04-10 13:44:00,32.1,32.1,32.1,32.1,2800,89893.0
001311.SZ,2026-04-10 13:45:00,32.09,32.14,32.09,32.14,11400,366129.0
001311.SZ,2026-04-10 13:46:00,32.13,32.16,32.13,32.16,8600,276472.0
001311.SZ,2026-04-10 13:47:00,32.16,32.18,32.16,32.18,3400,109389.0
001311.SZ,2026-04-10 13:48:00,32.18,32.18,32.18,32.18,2700,86886.0
001311.SZ,2026-04-10 13:49:00,32.18,32.18,32.17,32.17,2100,67572.0
001311.SZ,2026-04-10 13:50:00,32.17,32.22,32.17,32.22,3800,122346.0
001311.SZ,2026-04-10 13:51:00,32.21,32.23,32.21,32.23,3200,103092.0
001311.SZ,2026-04-10 13:52:00,32.23,32.23,32.19,32.2,30400,978938.0
001311.SZ,2026-04-10 13:53:00,32.17,32.2,32.17,32.2,1700,54710.0
001311.SZ,2026-04-10 13:54:00,32.18,32.19,32.16,32.16,6700,215610.0
001311.SZ,2026-04-10 13:55:00,32.16,32.16,32.14,32.16,9000,289311.0
001311.SZ,2026-04-10 13:56:00,32.16,32.17,32.15,32.17,18000,578860.0
001311.SZ,2026-04-10 13:57:00,32.16,32.16,32.16,32.16,700,22512.0
001311.SZ,2026-04-10 13:58:00,32.16,32.18,32.15,32.15,2400,77195.0
001311.SZ,2026-04-10 13:59:00,32.15,32.18,32.15,32.15,1600,51453.0
001311.SZ,2026-04-10 14:00:00,32.16,32.17,32.15,32.16,900,28942.0
001311.SZ,2026-04-10 14:01:00,32.16,32.19,32.15,32.18,10500,337707.0
001311.SZ,2026-04-10 14:02:00,32.18,32.2,32.16,32.16,8000,257442.0
001311.SZ,2026-04-10 14:03:00,32.17,32.17,32.15,32.16,1600,51456.0
001311.SZ,2026-04-10 14:04:00,32.16,32.16,32.16,32.16,2100,67531.0
001311.SZ,2026-04-10 14:05:00,32.15,32.15,32.11,32.11,2700,86770.0
001311.SZ,2026-04-10 14:06:00,32.13,32.13,32.09,32.09,500,16052.0
001311.SZ,2026-04-10 14:07:00,32.12,32.12,32.11,32.12,900,28905.0
001311.SZ,2026-04-10 14:08:00,32.11,32.11,32.1,32.1,11200,359614.0
001311.SZ,2026-04-10 14:09:00,32.1,32.1,32.07,32.07,4100,131583.0
001311.SZ,2026-04-10 14:10:00,32.08,32.08,32.06,32.06,4600,147480.0
001311.SZ,2026-04-10 14:11:00,32.06,32.07,32.06,32.06,1700,54503.0
001311.SZ,2026-04-10 14:12:00,32.06,32.06,32.05,32.05,1100,35264.0
001311.SZ,2026-04-10 14:13:00,32.05,32.05,32.05,32.05,6300,201915.0
001311.SZ,2026-04-10 14:14:00,32.05,32.09,32.04,32.09,10100,323784.0
001311.SZ,2026-04-10 14:15:00,32.07,32.08,32.07,32.07,4000,128302.0
001311.SZ,2026-04-10 14:16:00,32.06,32.07,32.06,32.07,7800,250077.0
001311.SZ,2026-04-10 14:17:00,32.11,32.11,32.08,32.11,5800,186126.0
001311.SZ,2026-04-10 14:18:00,32.11,32.11,32.08,32.08,2600,83454.0
001311.SZ,2026-04-10 14:19:00,32.08,32.08,32.05,32.05,22000,705472.0
001311.SZ,2026-04-10 14:20:00,32.05,32.05,32.03,32.03,1000,32048.0
001311.SZ,2026-04-10 14:21:00,32.05,32.05,32.05,32.05,100,3205.0
001311.SZ,2026-04-10 14:22:00,32.03,32.04,32.02,32.04,5000,160132.0
001311.SZ,2026-04-10 14:23:00,32.05,32.06,32.04,32.06,3400,108973.0
001311.SZ,2026-04-10 14:24:00,32.04,32.06,32.04,32.05,1500,48063.0
001311.SZ,2026-04-10 14:25:00,32.05,32.07,32.05,32.07,5700,182734.0
001311.SZ,2026-04-10 14:26:00,32.07,32.07,32.06,32.06,3100,99411.0
001311.SZ,2026-04-10 14:27:00,32.06,32.06,32.05,32.05,8500,272456.0
001311.SZ,2026-04-10 14:28:00,32.06,32.06,32.04,32.06,8700,278858.0
001311.SZ,2026-04-10 14:29:00,32.05,32.05,32.03,32.05,5600,179492.0
001311.SZ,2026-04-10 14:30:00,32.05,32.06,32.05,32.05,6200,198754.0
001311.SZ,2026-04-10 14:31:00,32.05,32.09,32.05,32.08,11100,356067.0
001311.SZ,2026-04-10 14:32:00,32.08,32.09,32.08,32.09,3000,96242.0
001311.SZ,2026-04-10 14:33:00,32.1,32.1,32.04,32.05,41500,1330325.0
001311.SZ,2026-04-10 14:34:00,32.05,32.09,32.05,32.08,9900,317537.0
001311.SZ,2026-04-10 14:35:00,32.1,32.1,32.08,32.09,2500,80223.0
001311.SZ,2026-04-10 14:36:00,32.1,32.11,32.1,32.1,5300,170137.0
001311.SZ,2026-04-10 14:37:00,32.11,32.13,32.11,32.13,4300,138098.0
001311.SZ,2026-04-10 14:38:00,32.12,32.12,32.09,32.09,15900,510497.0
001311.SZ,2026-04-10 14:39:00,32.09,32.09,32.08,32.09,2100,67379.0
001311.SZ,2026-04-10 14:40:00,32.08,32.09,32.08,32.08,2000,64162.0
001311.SZ,2026-04-10 14:41:00,32.07,32.09,32.07,32.09,7100,227749.0
001311.SZ,2026-04-10 14:42:00,32.09,32.12,32.08,32.09,4800,154069.0
001311.SZ,2026-04-10 14:43:00,32.09,32.09,32.07,32.08,2900,93041.0
001311.SZ,2026-04-10 14:44:00,32.08,32.09,32.06,32.06,9400,301505.0
001311.SZ,2026-04-10 14:45:00,32.06,32.06,32.04,32.06,10200,326939.0
001311.SZ,2026-04-10 14:46:00,32.06,32.16,32.05,32.16,24400,783226.0
001311.SZ,2026-04-10 14:47:00,32.16,32.16,32.13,32.13,13400,430708.0
001311.SZ,2026-04-10 14:48:00,32.13,32.22,32.13,32.2,48700,1567238.1
001311.SZ,2026-04-10 14:49:00,32.19,32.19,32.18,32.19,6400,206013.0
001311.SZ,2026-04-10 14:50:00,32.18,32.19,32.15,32.18,10500,337863.0
001311.SZ,2026-04-10 14:51:00,32.18,32.19,32.17,32.17,46300,1489925.0
001311.SZ,2026-04-10 14:52:00,32.16,32.19,32.16,32.19,11600,373244.0
001311.SZ,2026-04-10 14:53:00,32.17,32.18,32.15,32.15,14800,476049.0
001311.SZ,2026-04-10 14:54:00,32.16,32.19,32.16,32.17,20298,652889.7
001311.SZ,2026-04-10 14:55:00,32.18,32.18,32.16,32.17,40602,1305873.4
001311.SZ,2026-04-10 14:56:00,32.16,32.23,32.16,32.17,34798,1119943.6
001311.SZ,2026-04-10 14:57:00,32.18,32.22,32.17,32.22,64200,2067037.0
001311.SZ,2026-04-10 14:58:00,32.22,32.22,32.22,32.22,0,0.0
001311.SZ,2026-04-10 14:59:00,32.22,32.22,32.22,32.22,0,0.0
001311.SZ,2026-04-10 15:00:00,32.28,32.28,32.28,32.28,43300,1397724.0
001311.SZ,2026-04-13 09:30:00,32.0,32.01,31.96,31.96,9700,310393.0
001311.SZ,2026-04-13 09:31:00,31.99,31.99,31.55,31.83,46000,1464172.0
001311.SZ,2026-04-13 09:32:00,31.88,31.88,31.61,31.72,40000,1271027.0
001311.SZ,2026-04-13 09:33:00,31.72,31.78,31.7,31.7,23300,739532.0
001311.SZ,2026-04-13 09:34:00,31.66,31.67,31.49,31.57,82100,2592239.0
001311.SZ,2026-04-13 09:35:00,31.58,31.61,31.41,31.51,82300,2592846.0
001311.SZ,2026-04-13 09:36:00,31.6,31.6,31.45,31.53,64700,2039042.0
001311.SZ,2026-04-13 09:37:00,31.53,31.64,31.53,31.63,39700,1255031.0
001311.SZ,2026-04-13 09:38:00,31.62,31.9,31.62,31.9,27900,885907.0
001311.SZ,2026-04-13 09:39:00,31.9,32.11,31.9,32.01,86100,2756642.0
001311.SZ,2026-04-13 09:40:00,31.99,32.16,31.99,32.15,41500,1331141.0
001311.SZ,2026-04-13 09:41:00,32.14,32.25,32.1,32.18,62500,2010511.0
001311.SZ,2026-04-13 09:42:00,32.17,32.28,32.1,32.28,64000,2060732.0
001311.SZ,2026-04-13 09:43:00,32.19,32.19,32.03,32.1,16200,519904.0
001311.SZ,2026-04-13 09:44:00,32.1,32.18,32.1,32.18,18200,584998.0
001311.SZ,2026-04-13 09:45:00,32.13,32.32,32.13,32.22,59498,1917668.4
001311.SZ,2026-04-13 09:46:00,32.25,32.25,32.12,32.12,7200,231531.0
001311.SZ,2026-04-13 09:47:00,32.14,32.14,32.04,32.06,11100,356312.0
001311.SZ,2026-04-13 09:48:00,32.05,32.09,31.95,31.95,32600,1043570.0
001311.SZ,2026-04-13 09:49:00,31.97,32.05,31.96,32.03,8600,275168.0
001311.SZ,2026-04-13 09:50:00,32.05,32.06,32.04,32.04,3000,96140.0
001311.SZ,2026-04-13 09:51:00,32.04,32.07,32.04,32.07,13300,426311.0
001311.SZ,2026-04-13 09:52:00,32.1,32.1,32.04,32.06,14000,448841.0
001311.SZ,2026-04-13 09:53:00,32.04,32.09,32.04,32.09,4200,134662.0
001311.SZ,2026-04-13 09:54:00,32.11,32.14,32.11,32.14,8100,260176.0
001311.SZ,2026-04-13 09:55:00,32.25,32.4,32.17,32.38,60200,1943800.0
001311.SZ,2026-04-13 09:56:00,32.38,32.44,32.34,32.36,20200,654806.0
001311.SZ,2026-04-13 09:57:00,32.44,32.57,32.44,32.54,44600,1449025.0
001311.SZ,2026-04-13 09:58:00,32.57,32.79,32.54,32.7,57400,1873821.0
001311.SZ,2026-04-13 09:59:00,32.7,32.8,32.66,32.74,49800,1629728.0
001311.SZ,2026-04-13 10:00:00,32.77,32.8,32.74,32.75,32600,1067914.0
001311.SZ,2026-04-13 10:01:00,32.75,32.75,32.64,32.64,28900,945024.0
001311.SZ,2026-04-13 10:02:00,32.63,32.66,32.56,32.56,11600,378377.0
001311.SZ,2026-04-13 10:03:00,32.53,32.54,32.42,32.45,42500,1380040.0
001311.SZ,2026-04-13 10:04:00,32.41,32.41,32.31,32.31,12100,391816.0
001311.SZ,2026-04-13 10:05:00,32.31,32.34,32.29,32.29,15600,504121.0
001311.SZ,2026-04-13 10:06:00,32.26,32.39,32.24,32.38,45600,1473140.0
001311.SZ,2026-04-13 10:07:00,32.39,32.41,32.38,32.38,11900,385477.0
001311.SZ,2026-04-13 10:08:00,32.38,32.41,32.35,32.41,14000,453294.0
001311.SZ,2026-04-13 10:09:00,32.42,32.42,32.38,32.38,12800,414745.0
001311.SZ,2026-04-13 10:10:00,32.36,32.38,32.34,32.34,6900,223312.0
001311.SZ,2026-04-13 10:11:00,32.34,32.39,32.33,32.39,16600,537276.0
001311.SZ,2026-04-13 10:12:00,32.39,32.45,32.39,32.39,16500,534842.0
001311.SZ,2026-04-13 10:13:00,32.39,32.53,32.39,32.49,9500,308363.0
001311.SZ,2026-04-13 10:14:00,32.52,32.52,32.45,32.45,6900,224221.0
001311.SZ,2026-04-13 10:15:00,32.42,32.46,32.42,32.46,4100,132985.0
001311.SZ,2026-04-13 10:16:00,32.44,32.46,32.41,32.45,3900,126476.0
001311.SZ,2026-04-13 10:17:00,32.45,32.46,32.45,32.46,6000,194746.0
001311.SZ,2026-04-13 10:18:00,32.46,32.46,32.4,32.4,11100,359817.0
001311.SZ,2026-04-13 10:19:00,32.4,32.45,32.4,32.45,21200,687103.0
001311.SZ,2026-04-13 10:20:00,32.42,32.42,32.37,32.37,6000,194452.0
001311.SZ,2026-04-13 10:21:00,32.34,32.43,32.34,32.42,19500,631697.0
001311.SZ,2026-04-13 10:22:00,32.42,32.43,32.42,32.42,2500,81071.0
001311.SZ,2026-04-13 10:23:00,32.42,32.49,32.38,32.38,64141,2080167.6
001311.SZ,2026-04-13 10:24:00,32.38,32.42,32.38,32.39,7100,230096.0
001311.SZ,2026-04-13 10:25:00,32.38,32.43,32.38,32.4,5500,178241.0
001311.SZ,2026-04-13 10:26:00,32.42,32.42,32.32,32.33,19800,640384.0
001311.SZ,2026-04-13 10:27:00,32.33,32.36,32.33,32.35,1900,61449.0
001311.SZ,2026-04-13 10:28:00,32.35,32.35,32.32,32.32,2400,77599.0
001311.SZ,2026-04-13 10:29:00,32.32,32.34,32.32,32.34,2900,93745.0
001311.SZ,2026-04-13 10:30:00,32.34,32.35,32.33,32.34,2100,67910.0
001311.SZ,2026-04-13 10:31:00,32.34,32.37,32.34,32.35,9800,317037.0
001311.SZ,2026-04-13 10:32:00,32.35,32.38,32.35,32.38,9600,310639.0
001311.SZ,2026-04-13 10:33:00,32.38,32.39,32.38,32.38,2900,93896.0
001311.SZ,2026-04-13 10:34:00,32.38,32.38,32.36,32.36,7200,233059.0
001311.SZ,2026-04-13 10:35:00,32.35,32.39,32.35,32.39,7000,226566.0
001311.SZ,2026-04-13 10:36:00,32.4,32.4,32.38,32.4,7200,233263.0
001311.SZ,2026-04-13 10:37:00,32.39,32.39,32.37,32.37,1200,38863.0
001311.SZ,2026-04-13 10:38:00,32.36,32.37,32.36,32.37,1100,35606.0
001311.SZ,2026-04-13 10:39:00,32.36,32.37,32.35,32.36,2100,67951.0
001311.SZ,2026-04-13 10:40:00,32.35,32.35,32.28,32.3,22200,717361.0
001311.SZ,2026-04-13 10:41:00,32.3,32.32,32.3,32.32,3900,126008.0
001311.SZ,2026-04-13 10:42:00,32.32,32.32,32.27,32.27,13300,429424.0
001311.SZ,2026-04-13 10:43:00,32.28,32.28,32.26,32.26,1300,41947.0
001311.SZ,2026-04-13 10:44:00,32.27,32.3,32.27,32.3,1800,58098.0
001311.SZ,2026-04-13 10:45:00,32.3,32.3,32.27,32.27,3500,112988.0
001311.SZ,2026-04-13 10:46:00,32.26,32.3,32.26,32.3,9300,300126.0
001311.SZ,2026-04-13 10:47:00,32.29,32.29,32.27,32.28,4300,138820.0
001311.SZ,2026-04-13 10:48:00,32.25,32.25,32.2,32.2,16000,515969.0
001311.SZ,2026-04-13 10:49:00,32.23,32.26,32.23,32.25,3400,109613.0
001311.SZ,2026-04-13 10:50:00,32.26,32.31,32.26,32.29,9000,290579.0
001311.SZ,2026-04-13 10:51:00,32.3,32.31,32.27,32.31,4800,155073.0
001311.SZ,2026-04-13 10:52:00,32.34,32.34,32.32,32.32,3500,113148.0
001311.SZ,2026-04-13 10:53:00,32.31,32.33,32.3,32.33,3100,100191.0
001311.SZ,2026-04-13 10:54:00,32.33,32.33,32.3,32.3,2300,74325.0
001311.SZ,2026-04-13 10:55:00,32.29,32.33,32.29,32.33,2300,74276.0
001311.SZ,2026-04-13 10:56:00,32.32,32.34,32.32,32.34,3000,96981.0
001311.SZ,2026-04-13 10:57:00,32.34,32.36,32.34,32.34,4600,148773.0
001311.SZ,2026-04-13 10:58:00,32.36,32.38,32.36,32.38,5800,187713.0
001311.SZ,2026-04-13 10:59:00,32.33,32.36,32.33,32.35,1000,32342.0
001311.SZ,2026-04-13 11:00:00,32.34,32.34,32.32,32.32,2900,93780.0
001311.SZ,2026-04-13 11:01:00,32.31,32.35,32.31,32.34,5500,177812.0
001311.SZ,2026-04-13 11:02:00,32.33,32.33,32.29,32.29,1900,61382.0
001311.SZ,2026-04-13 11:03:00,32.3,32.31,32.3,32.31,4200,135671.0
001311.SZ,2026-04-13 11:04:00,32.29,32.29,32.27,32.27,2900,93607.0
001311.SZ,2026-04-13 11:05:00,32.27,32.28,32.26,32.28,4800,154896.0
001311.SZ,2026-04-13 11:06:00,32.3,32.34,32.3,32.34,2000,64614.0
001311.SZ,2026-04-13 11:07:00,32.35,32.39,32.35,32.35,7700,249294.0
001311.SZ,2026-04-13 11:08:00,32.35,32.35,32.31,32.31,6800,219892.0
001311.SZ,2026-04-13 11:09:00,32.3,32.3,32.28,32.29,3200,103339.0
001311.SZ,2026-04-13 11:10:00,32.28,32.28,32.23,32.23,20100,648174.0
001311.SZ,2026-04-13 11:11:00,32.22,32.22,32.22,32.22,6000,193314.0
001311.SZ,2026-04-13 11:12:00,32.22,32.22,32.21,32.21,3300,106306.0
001311.SZ,2026-04-13 11:13:00,32.21,32.22,32.21,32.21,1600,51543.0
001311.SZ,2026-04-13 11:14:00,32.22,32.22,32.2,32.21,9700,312461.0
001311.SZ,2026-04-13 11:15:00,32.19,32.21,32.18,32.19,3400,109459.0
001311.SZ,2026-04-13 11:16:00,32.19,32.19,32.18,32.18,1400,45062.0
001311.SZ,2026-04-13 11:17:00,32.19,32.19,32.19,32.19,1000,32190.0
001311.SZ,2026-04-13 11:18:00,32.2,32.21,32.2,32.2,2800,90172.0
001311.SZ,2026-04-13 11:19:00,32.19,32.19,32.19,32.19,11100,357357.0
001311.SZ,2026-04-13 11:20:00,32.19,32.2,32.18,32.18,8200,263954.0
001311.SZ,2026-04-13 11:21:00,32.18,32.18,32.18,32.18,3900,125502.0
001311.SZ,2026-04-13 11:22:00,32.17,32.19,32.15,32.19,13000,418279.0
001311.SZ,2026-04-13 11:23:00,32.17,32.19,32.17,32.19,400,12874.0
001311.SZ,2026-04-13 11:24:00,32.2,32.2,32.17,32.17,800,25747.0
001311.SZ,2026-04-13 11:25:00,32.16,32.17,32.16,32.16,1700,54673.0
001311.SZ,2026-04-13 11:26:00,32.16,32.18,32.16,32.16,2600,83640.0
001311.SZ,2026-04-13 11:27:00,32.16,32.16,32.16,32.16,100,3216.0
001311.SZ,2026-04-13 11:28:00,32.18,32.21,32.18,32.2,2100,67597.0
001311.SZ,2026-04-13 11:29:00,32.21,32.22,32.18,32.2,6100,196401.0
001311.SZ,2026-04-13 11:30:00,32.15,32.2,32.13,32.2,2400,77184.0
001311.SZ,2026-04-13 13:01:00,32.2,32.2,32.1,32.13,32800,1055554.0
001311.SZ,2026-04-13 13:02:00,32.11,32.11,32.08,32.11,16000,513539.0
001311.SZ,2026-04-13 13:03:00,32.11,32.11,32.06,32.06,7300,234292.0
001311.SZ,2026-04-13 13:04:00,32.06,32.07,32.05,32.05,4600,147466.0
001311.SZ,2026-04-13 13:05:00,32.03,32.03,31.93,31.97,31000,991852.0
001311.SZ,2026-04-13 13:06:00,31.96,31.96,31.92,31.92,2400,76670.0
001311.SZ,2026-04-13 13:07:00,31.91,31.92,31.85,31.86,13100,417827.0
001311.SZ,2026-04-13 13:08:00,31.86,31.86,31.8,31.81,4300,136803.0
001311.SZ,2026-04-13 13:09:00,31.81,31.83,31.8,31.83,3500,111335.0
001311.SZ,2026-04-13 13:10:00,31.79,31.79,31.77,31.79,20000,635791.0
001311.SZ,2026-04-13 13:11:00,31.79,31.79,31.71,31.71,8500,269957.0
001311.SZ,2026-04-13 13:12:00,31.72,31.83,31.72,31.78,50200,1593278.0
001311.SZ,2026-04-13 13:13:00,31.78,31.8,31.74,31.8,9100,289222.0
001311.SZ,2026-04-13 13:14:00,31.81,31.85,31.8,31.84,6000,191014.0
001311.SZ,2026-04-13 13:15:00,31.82,31.83,31.82,31.82,2100,66839.0
001311.SZ,2026-04-13 13:16:00,31.82,31.87,31.81,31.87,8400,267407.0
001311.SZ,2026-04-13 13:17:00,31.87,31.95,31.85,31.93,13000,414795.0
001311.SZ,2026-04-13 13:18:00,31.92,31.94,31.91,31.91,3400,108526.0
001311.SZ,2026-04-13 13:19:00,31.91,31.92,31.88,31.92,14200,453208.0
001311.SZ,2026-04-13 13:20:00,31.95,31.96,31.91,31.91,2400,76626.0
001311.SZ,2026-04-13 13:21:00,31.9,31.9,31.88,31.9,600,19137.0
001311.SZ,2026-04-13 13:22:00,31.89,31.89,31.87,31.88,6600,210379.0
001311.SZ,2026-04-13 13:23:00,31.88,31.88,31.81,31.82,27000,860260.0
001311.SZ,2026-04-13 13:24:00,31.82,31.85,31.82,31.84,3700,117823.0
001311.SZ,2026-04-13 13:25:00,31.85,31.87,31.85,31.86,3900,124236.0
001311.SZ,2026-04-13 13:26:00,31.85,31.85,31.84,31.84,300,9554.0
001311.SZ,2026-04-13 13:27:00,31.85,31.91,31.83,31.91,18800,599066.0
001311.SZ,2026-04-13 13:28:00,31.92,31.96,31.92,31.92,11300,360742.0
001311.SZ,2026-04-13 13:29:00,31.93,31.93,31.9,31.9,4400,140369.0
001311.SZ,2026-04-13 13:30:00,31.9,31.9,31.9,31.9,100,3190.0
001311.SZ,2026-04-13 13:31:00,31.91,31.91,31.9,31.9,1600,51045.0
001311.SZ,2026-04-13 13:32:00,31.9,31.92,31.9,31.91,2900,92533.0
001311.SZ,2026-04-13 13:33:00,31.91,31.91,31.85,31.85,10000,318838.0
001311.SZ,2026-04-13 13:34:00,31.85,31.85,31.82,31.85,4400,140084.0
001311.SZ,2026-04-13 13:35:00,31.84,31.85,31.82,31.83,5800,184693.0
001311.SZ,2026-04-13 13:36:00,31.85,31.87,31.84,31.87,6700,213439.0
001311.SZ,2026-04-13 13:37:00,31.87,31.87,31.86,31.87,800,25492.0
001311.SZ,2026-04-13 13:38:00,31.86,31.87,31.86,31.87,1200,38240.0
001311.SZ,2026-04-13 13:39:00,31.86,31.89,31.86,31.89,5200,165736.0
001311.SZ,2026-04-13 13:40:00,31.89,31.91,31.88,31.88,8600,274314.0
001311.SZ,2026-04-13 13:41:00,31.89,31.89,31.87,31.87,1500,47816.0
001311.SZ,2026-04-13 13:42:00,31.87,31.87,31.86,31.86,3500,111522.0
001311.SZ,2026-04-13 13:43:00,31.87,31.87,31.87,31.87,3400,108358.0
001311.SZ,2026-04-13 13:44:00,31.86,31.88,31.86,31.88,4000,127494.0
001311.SZ,2026-04-13 13:45:00,31.89,31.89,31.88,31.88,4300,137116.0
001311.SZ,2026-04-13 13:46:00,31.88,31.88,31.86,31.87,2700,86043.0
001311.SZ,2026-04-13 13:47:00,31.87,31.88,31.86,31.87,1000,31870.0
001311.SZ,2026-04-13 13:48:00,31.86,31.86,31.83,31.83,12800,407721.0
001311.SZ,2026-04-13 13:49:00,31.83,31.83,31.82,31.83,16300,518825.0
001311.SZ,2026-04-13 13:50:00,31.85,31.85,31.83,31.83,4600,146467.0
001311.SZ,2026-04-13 13:51:00,31.83,31.84,31.83,31.84,1200,38197.0
001311.SZ,2026-04-13 13:52:00,31.84,31.85,31.84,31.84,2500,79601.0
001311.SZ,2026-04-13 13:53:00,31.84,31.84,31.83,31.83,2700,85947.0
001311.SZ,2026-04-13 13:54:00,31.82,31.83,31.82,31.82,8500,270477.0
001311.SZ,2026-04-13 13:55:00,31.83,31.83,31.82,31.82,230,7320.6
001311.SZ,2026-04-13 13:56:00,31.82,31.83,31.82,31.83,3100,98646.0
001311.SZ,2026-04-13 13:57:00,31.82,31.85,31.81,31.85,7768,247257.44
001311.SZ,2026-04-13 13:58:00,31.85,31.89,31.85,31.89,5400,172023.0
001311.SZ,2026-04-13 13:59:00,31.83,31.83,31.81,31.81,11532,367168.88
001311.SZ,2026-04-13 14:00:00,31.82,31.82,31.81,31.82,6200,197242.0
001311.SZ,2026-04-13 14:01:00,31.81,31.82,31.72,31.72,40400,1284335.0
001311.SZ,2026-04-13 14:02:00,31.71,31.73,31.7,31.73,22668,718870.6
001311.SZ,2026-04-13 14:03:00,31.73,31.74,31.7,31.74,16000,507497.0
001311.SZ,2026-04-13 14:04:00,31.7,31.72,31.66,31.66,21700,687693.25
001311.SZ,2026-04-13 14:05:00,31.68,31.69,31.66,31.66,14400,456130.0
001311.SZ,2026-04-13 14:06:00,31.65,31.65,31.6,31.63,21932,693781.1
001311.SZ,2026-04-13 14:07:00,31.63,31.64,31.56,31.56,14000,442515.0
001311.SZ,2026-04-13 14:08:00,31.59,31.64,31.59,31.64,34100,1077680.0
001311.SZ,2026-04-13 14:09:00,31.64,31.67,31.64,31.67,15800,500209.0
001311.SZ,2026-04-13 14:10:00,31.7,31.74,31.69,31.69,5100,161725.0
001311.SZ,2026-04-13 14:11:00,31.69,31.76,31.67,31.71,25800,817882.0
001311.SZ,2026-04-13 14:12:00,31.74,31.76,31.74,31.76,11100,352390.0
001311.SZ,2026-04-13 14:13:00,31.75,31.77,31.71,31.77,21100,669766.0
001311.SZ,2026-04-13 14:14:00,31.78,31.78,31.75,31.77,12200,387549.0
001311.SZ,2026-04-13 14:15:00,31.76,31.79,31.76,31.78,26900,854675.0
001311.SZ,2026-04-13 14:16:00,31.74,31.74,31.63,31.68,22600,716021.0
001311.SZ,2026-04-13 14:17:00,31.68,31.69,31.64,31.66,6700,212093.0
001311.SZ,2026-04-13 14:18:00,31.68,31.73,31.64,31.64,13800,436955.0
001311.SZ,2026-04-13 14:19:00,31.65,31.7,31.65,31.7,15400,487736.0
001311.SZ,2026-04-13 14:20:00,31.7,31.73,31.7,31.73,3500,111003.0
001311.SZ,2026-04-13 14:21:00,31.71,31.71,31.66,31.69,18100,573292.0
001311.SZ,2026-04-13 14:22:00,31.69,31.76,31.69,31.76,13900,441045.0
001311.SZ,2026-04-13 14:23:00,31.73,31.75,31.71,31.72,10600,336225.0
001311.SZ,2026-04-13 14:24:00,31.71,31.75,31.7,31.73,11400,361646.0
001311.SZ,2026-04-13 14:25:00,31.7,31.75,31.68,31.75,14200,450298.0
001311.SZ,2026-04-13 14:26:00,31.74,31.74,31.67,31.72,22400,710168.0
001311.SZ,2026-04-13 14:27:00,31.72,31.72,31.66,31.66,7800,247202.0
001311.SZ,2026-04-13 14:28:00,31.67,31.72,31.66,31.72,14900,471894.0
001311.SZ,2026-04-13 14:29:00,31.67,31.67,31.66,31.66,7900,250154.0
001311.SZ,2026-04-13 14:30:00,31.66,31.75,31.65,31.75,19600,621032.0
001311.SZ,2026-04-13 14:31:00,31.71,31.71,31.65,31.66,12000,380188.0
001311.SZ,2026-04-13 14:32:00,31.7,31.7,31.65,31.65,19200,607980.0
001311.SZ,2026-04-13 14:33:00,31.67,31.67,31.63,31.63,15700,496857.0
001311.SZ,2026-04-13 14:34:00,31.64,31.65,31.61,31.62,14600,461813.0
001311.SZ,2026-04-13 14:35:00,31.65,31.68,31.62,31.65,13000,411476.0
001311.SZ,2026-04-13 14:36:00,31.65,31.7,31.65,31.7,22200,702912.0
001311.SZ,2026-04-13 14:37:00,31.69,31.7,31.66,31.7,14500,459441.0
001311.SZ,2026-04-13 14:38:00,31.66,31.67,31.65,31.66,10000,316536.0
001311.SZ,2026-04-13 14:39:00,31.66,31.68,31.65,31.66,12700,402121.0
001311.SZ,2026-04-13 14:40:00,31.66,31.67,31.66,31.66,12600,398919.0
001311.SZ,2026-04-13 14:41:00,31.67,31.67,31.65,31.66,11200,354606.0
001311.SZ,2026-04-13 14:42:00,31.66,31.67,31.66,31.67,22300,706232.0
001311.SZ,2026-04-13 14:43:00,31.67,31.71,31.67,31.69,16000,507104.0
001311.SZ,2026-04-13 14:44:00,31.68,31.69,31.65,31.67,14600,462275.0
001311.SZ,2026-04-13 14:45:00,31.67,31.7,31.67,31.69,17200,544684.0
001311.SZ,2026-04-13 14:46:00,31.7,31.7,31.65,31.69,7300,231235.0
001311.SZ,2026-04-13 14:47:00,31.68,31.71,31.68,31.71,5500,174342.0
001311.SZ,2026-04-13 14:48:00,31.72,31.73,31.69,31.72,14000,443933.0
001311.SZ,2026-04-13 14:49:00,31.72,31.74,31.72,31.73,8900,282365.0
001311.SZ,2026-04-13 14:50:00,31.71,31.73,31.71,31.72,5900,187143.0
001311.SZ,2026-04-13 14:51:00,31.72,31.72,31.7,31.7,6700,212440.0
001311.SZ,2026-04-13 14:52:00,31.7,31.72,31.69,31.72,8200,260027.0
001311.SZ,2026-04-13 14:53:00,31.73,31.74,31.72,31.74,9700,307783.0
001311.SZ,2026-04-13 14:54:00,31.73,31.73,31.72,31.73,10300,326786.0
001311.SZ,2026-04-13 14:55:00,31.72,31.74,31.71,31.72,9800,310918.0
001311.SZ,2026-04-13 14:56:00,31.73,31.76,31.73,31.75,12966,411615.2
001311.SZ,2026-04-13 14:57:00,31.76,31.8,31.7,31.75,22700,720553.0
001311.SZ,2026-04-13 14:58:00,31.75,31.75,31.75,31.75,0,0.0
001311.SZ,2026-04-13 14:59:00,31.75,31.75,31.75,31.75,0,0.0
001311.SZ,2026-04-13 15:00:00,31.76,31.76,31.76,31.76,32300,1025848.0
001311.SZ,2026-04-14 09:30:00,31.94,32.39,31.8,32.39,12300,394304.0
001311.SZ,2026-04-14 09:31:00,31.95,32.25,31.92,31.92,59400,1902234.0
001311.SZ,2026-04-14 09:32:00,31.95,31.95,31.81,31.83,21600,688300.0
001311.SZ,2026-04-14 09:33:00,31.78,31.79,31.72,31.72,26000,826164.0
001311.SZ,2026-04-14 09:34:00,31.67,31.78,31.67,31.76,65450,2074550.0
001311.SZ,2026-04-14 09:35:00,31.73,31.82,31.7,31.81,20000,635063.0
001311.SZ,2026-04-14 09:36:00,31.8,31.83,31.72,31.78,13800,438723.0
001311.SZ,2026-04-14 09:37:00,31.77,31.95,31.77,31.93,24000,764503.0
001311.SZ,2026-04-14 09:38:00,31.92,31.94,31.89,31.89,7800,248942.0
001311.SZ,2026-04-14 09:39:00,31.85,31.9,31.85,31.9,7700,245402.0
001311.SZ,2026-04-14 09:40:00,31.91,31.93,31.84,31.87,22900,730126.0
001311.SZ,2026-04-14 09:41:00,31.89,31.91,31.84,31.89,11000,350711.0
001311.SZ,2026-04-14 09:42:00,31.86,31.9,31.79,31.79,7500,238780.0
001311.SZ,2026-04-14 09:43:00,31.75,31.78,31.74,31.74,29600,940503.0
001311.SZ,2026-04-14 09:44:00,31.73,31.73,31.7,31.73,25900,821251.0
001311.SZ,2026-04-14 09:45:00,31.73,31.73,31.56,31.61,71700,2267968.0
001311.SZ,2026-04-14 09:46:00,31.62,31.65,31.59,31.6,16100,509045.0
001311.SZ,2026-04-14 09:47:00,31.57,31.74,31.57,31.71,25100,793691.0
001311.SZ,2026-04-14 09:48:00,31.69,31.69,31.66,31.66,9400,297769.0
001311.SZ,2026-04-14 09:49:00,31.67,31.67,31.6,31.6,6300,199301.0
001311.SZ,2026-04-14 09:50:00,31.59,31.63,31.57,31.59,36400,1150141.0
001311.SZ,2026-04-14 09:51:00,31.59,31.65,31.59,31.65,17100,540454.0
001311.SZ,2026-04-14 09:52:00,31.69,31.69,31.6,31.63,23500,743449.0
001311.SZ,2026-04-14 09:53:00,31.67,31.67,31.59,31.61,9100,287741.0
001311.SZ,2026-04-14 09:54:00,31.66,31.71,31.66,31.71,7600,240705.0
001311.SZ,2026-04-14 09:55:00,31.7,31.72,31.68,31.68,3300,104599.0
001311.SZ,2026-04-14 09:56:00,31.68,31.76,31.68,31.76,4098,130021.64
001311.SZ,2026-04-14 09:57:00,31.78,31.79,31.76,31.76,6900,219263.0
001311.SZ,2026-04-14 09:58:00,31.78,31.78,31.76,31.76,4300,136637.0
001311.SZ,2026-04-14 09:59:00,31.76,31.8,31.75,31.78,18600,591150.0
001311.SZ,2026-04-14 10:00:00,31.78,31.86,31.78,31.82,10400,330549.0
001311.SZ,2026-04-14 10:01:00,31.81,31.87,31.8,31.87,8400,267358.0
001311.SZ,2026-04-14 10:02:00,31.87,31.87,31.81,31.81,10900,346957.0
001311.SZ,2026-04-14 10:03:00,31.81,31.85,31.78,31.8,14700,467430.0
001311.SZ,2026-04-14 10:04:00,31.79,31.79,31.71,31.71,12200,387293.0
001311.SZ,2026-04-14 10:05:00,31.73,31.78,31.69,31.69,36800,1168872.0
001311.SZ,2026-04-14 10:06:00,31.75,31.83,31.75,31.83,16800,533835.0
001311.SZ,2026-04-14 10:07:00,31.84,31.85,31.84,31.84,6200,197401.0
001311.SZ,2026-04-14 10:08:00,31.82,31.83,31.82,31.82,1400,44553.0
001311.SZ,2026-04-14 10:09:00,31.82,31.84,31.7,31.75,12500,397238.0
001311.SZ,2026-04-14 10:10:00,31.78,31.8,31.78,31.8,1300,41317.0
001311.SZ,2026-04-14 10:11:00,31.79,31.79,31.73,31.74,4000,127008.0
001311.SZ,2026-04-14 10:12:00,31.72,31.77,31.72,31.76,3900,123767.0
001311.SZ,2026-04-14 10:13:00,31.76,31.81,31.76,31.81,17700,562660.0
001311.SZ,2026-04-14 10:14:00,31.81,31.81,31.78,31.78,2500,79494.0
001311.SZ,2026-04-14 10:15:00,31.79,31.82,31.77,31.82,7100,225719.0
001311.SZ,2026-04-14 10:16:00,31.82,31.84,31.79,31.79,6400,203613.0
001311.SZ,2026-04-14 10:17:00,31.79,31.8,31.77,31.77,1000,31784.0
001311.SZ,2026-04-14 10:18:00,31.77,31.77,31.74,31.75,3200,101653.0
001311.SZ,2026-04-14 10:19:00,31.73,31.73,31.7,31.7,13100,415626.0
001311.SZ,2026-04-14 10:20:00,31.7,31.71,31.69,31.71,9600,304279.0
001311.SZ,2026-04-14 10:21:00,31.71,31.71,31.69,31.69,15800,500932.0
001311.SZ,2026-04-14 10:22:00,31.68,31.68,31.65,31.66,4600,145662.0
001311.SZ,2026-04-14 10:23:00,31.66,31.67,31.66,31.66,5700,180482.0
001311.SZ,2026-04-14 10:24:00,31.66,31.73,31.66,31.7,27500,870918.0
001311.SZ,2026-04-14 10:25:00,31.72,31.72,31.66,31.66,3200,101399.0
001311.SZ,2026-04-14 10:26:00,31.73,31.73,31.66,31.66,5600,177509.0
001311.SZ,2026-04-14 10:27:00,31.71,31.73,31.7,31.73,1100,34895.0
001311.SZ,2026-04-14 10:28:00,31.73,31.73,31.7,31.71,4000,126843.0
001311.SZ,2026-04-14 10:29:00,31.7,31.71,31.69,31.7,3800,120441.0
001311.SZ,2026-04-14 10:30:00,31.7,31.73,31.69,31.73,31900,1011213.0
001311.SZ,2026-04-14 10:31:00,31.7,31.74,31.7,31.71,6400,202918.0
001311.SZ,2026-04-14 10:32:00,31.71,31.77,31.71,31.72,3600,114175.0
001311.SZ,2026-04-14 10:33:00,31.76,31.77,31.76,31.77,500,15882.0
001311.SZ,2026-04-14 10:34:00,31.77,31.81,31.77,31.79,14200,451509.0
001311.SZ,2026-04-14 10:35:00,31.79,31.79,31.76,31.76,1700,54034.0
001311.SZ,2026-04-14 10:36:00,31.76,31.77,31.72,31.73,4800,152360.0
001311.SZ,2026-04-14 10:37:00,31.72,31.72,31.7,31.7,800,25369.0
001311.SZ,2026-04-14 10:38:00,31.69,31.69,31.68,31.69,1900,60206.0
001311.SZ,2026-04-14 10:39:00,31.68,31.69,31.62,31.62,9400,297635.0
001311.SZ,2026-04-14 10:40:00,31.65,31.68,31.65,31.68,900,28500.0
001311.SZ,2026-04-14 10:41:00,31.7,31.74,31.69,31.74,31500,998326.0
001311.SZ,2026-04-14 10:42:00,31.74,31.81,31.74,31.81,2700,85792.0
001311.SZ,2026-04-14 10:43:00,31.79,31.8,31.79,31.8,6100,193959.0
001311.SZ,2026-04-14 10:44:00,31.79,31.79,31.78,31.79,1400,44503.0
001311.SZ,2026-04-14 10:45:00,31.79,31.8,31.79,31.8,10400,330645.0
001311.SZ,2026-04-14 10:46:00,31.8,31.82,31.8,31.82,5800,184525.0
001311.SZ,2026-04-14 10:47:00,31.84,31.85,31.81,31.81,26200,834202.0
001311.SZ,2026-04-14 10:48:00,31.85,31.85,31.82,31.85,5900,187880.0
001311.SZ,2026-04-14 10:49:00,31.84,31.84,31.8,31.8,2800,89071.0
001311.SZ,2026-04-14 10:50:00,31.79,31.79,31.79,31.79,400,12716.0
001311.SZ,2026-04-14 10:51:00,31.78,31.79,31.75,31.79,13600,432146.0
001311.SZ,2026-04-14 10:52:00,31.79,31.79,31.76,31.76,3200,101692.0
001311.SZ,2026-04-14 10:53:00,31.76,31.79,31.75,31.79,4500,142898.0
001311.SZ,2026-04-14 10:54:00,31.8,31.8,31.79,31.8,2900,92229.0
001311.SZ,2026-04-14 10:55:00,31.79,31.82,31.79,31.81,1400,44523.0
001311.SZ,2026-04-14 10:56:00,31.81,31.81,31.76,31.76,11700,371750.0
001311.SZ,2026-04-14 10:57:00,31.81,31.82,31.81,31.81,3300,104971.0
001311.SZ,2026-04-14 10:58:00,31.79,31.79,31.77,31.77,400,12710.0
001311.SZ,2026-04-14 10:59:00,31.77,31.77,31.71,31.73,15300,485751.0
001311.SZ,2026-04-14 11:00:00,31.73,31.75,31.73,31.73,6200,196731.0
001311.SZ,2026-04-14 11:01:00,31.73,31.78,31.71,31.71,24100,763626.0
001311.SZ,2026-04-14 11:02:00,31.71,31.72,31.68,31.68,14600,462939.0
001311.SZ,2026-04-14 11:03:00,31.71,31.76,31.71,31.76,4500,142723.0
001311.SZ,2026-04-14 11:04:00,31.75,31.75,31.72,31.74,5300,168198.0
001311.SZ,2026-04-14 11:05:00,31.71,31.71,31.67,31.67,2100,66571.0
001311.SZ,2026-04-14 11:06:00,31.67,31.67,31.67,31.67,200,6334.0
001311.SZ,2026-04-14 11:07:00,31.67,31.67,31.67,31.67,100,3167.0
001311.SZ,2026-04-14 11:08:00,31.72,31.72,31.72,31.72,600,19032.0
001311.SZ,2026-04-14 11:09:00,31.72,31.72,31.7,31.7,3400,107794.0
001311.SZ,2026-04-14 11:10:00,31.69,31.7,31.69,31.7,1200,38033.0
001311.SZ,2026-04-14 11:11:00,31.7,31.7,31.7,31.7,900,28528.0
001311.SZ,2026-04-14 11:12:00,31.7,31.7,31.68,31.68,2600,82385.0
001311.SZ,2026-04-14 11:13:00,31.67,31.67,31.67,31.67,3000,95013.0
001311.SZ,2026-04-14 11:14:00,31.67,31.67,31.64,31.64,3700,117126.0
001311.SZ,2026-04-14 11:15:00,31.65,31.65,31.64,31.65,1500,47472.0
001311.SZ,2026-04-14 11:16:00,31.66,31.68,31.59,31.64,24300,768400.0
001311.SZ,2026-04-14 11:17:00,31.64,31.65,31.64,31.65,700,22154.0
001311.SZ,2026-04-14 11:18:00,31.64,31.64,31.6,31.6,2200,69550.0
001311.SZ,2026-04-14 11:19:00,31.63,31.63,31.61,31.63,1600,50594.0
001311.SZ,2026-04-14 11:20:00,31.63,31.63,31.6,31.61,18500,584832.0
001311.SZ,2026-04-14 11:21:00,31.65,31.65,31.63,31.63,11500,363742.0
001311.SZ,2026-04-14 11:22:00,31.63,31.63,31.6,31.61,21800,689166.0
001311.SZ,2026-04-14 11:23:00,31.64,31.65,31.61,31.65,9500,300326.0
001311.SZ,2026-04-14 11:24:00,31.62,31.65,31.61,31.65,800,25298.0
001311.SZ,2026-04-14 11:25:00,31.6,31.64,31.6,31.64,22000,695324.0
001311.SZ,2026-04-14 11:26:00,31.64,31.64,31.61,31.63,4600,145494.0
001311.SZ,2026-04-14 11:27:00,31.64,31.64,31.63,31.63,5700,180294.0
001311.SZ,2026-04-14 11:28:00,31.63,31.63,31.61,31.61,3000,94839.0
001311.SZ,2026-04-14 11:29:00,31.6,31.6,31.56,31.57,48100,1519002.0
001311.SZ,2026-04-14 11:30:00,31.58,31.58,31.57,31.58,6600,208425.0
001311.SZ,2026-04-14 13:01:00,31.57,31.6,31.54,31.56,32500,1026065.0
001311.SZ,2026-04-14 13:02:00,31.55,31.56,31.53,31.53,17900,564706.0
001311.SZ,2026-04-14 13:03:00,31.53,31.64,31.53,31.64,25100,791951.0
001311.SZ,2026-04-14 13:04:00,31.61,31.69,31.61,31.69,10600,335495.0
001311.SZ,2026-04-14 13:05:00,31.73,31.76,31.73,31.74,10500,333342.0
001311.SZ,2026-04-14 13:06:00,31.75,31.78,31.74,31.74,2000,63521.0
001311.SZ,2026-04-14 13:07:00,31.76,31.76,31.74,31.74,5000,158745.0
001311.SZ,2026-04-14 13:08:00,31.74,31.78,31.73,31.77,13000,412777.0
001311.SZ,2026-04-14 13:09:00,31.77,31.77,31.68,31.77,10700,339790.0
001311.SZ,2026-04-14 13:10:00,31.77,31.77,31.68,31.75,11300,358541.0
001311.SZ,2026-04-14 13:11:00,31.74,31.74,31.68,31.7,30900,980175.0
001311.SZ,2026-04-14 13:12:00,31.65,31.73,31.65,31.73,28500,902712.0
001311.SZ,2026-04-14 13:13:00,31.7,31.73,31.7,31.73,24100,764089.0
001311.SZ,2026-04-14 13:14:00,31.72,31.73,31.72,31.73,3000,95189.0
001311.SZ,2026-04-14 13:15:00,31.73,31.73,31.68,31.73,22800,722689.0
001311.SZ,2026-04-14 13:16:00,31.73,31.73,31.67,31.67,6600,209210.0
001311.SZ,2026-04-14 13:17:00,31.64,31.64,31.63,31.64,4300,136085.0
001311.SZ,2026-04-14 13:18:00,31.64,31.64,31.6,31.6,9000,284563.0
001311.SZ,2026-04-14 13:19:00,31.59,31.6,31.59,31.6,4800,151667.0
001311.SZ,2026-04-14 13:20:00,31.6,31.6,31.57,31.58,9500,300075.0
001311.SZ,2026-04-14 13:21:00,31.6,31.6,31.59,31.6,2500,78999.0
001311.SZ,2026-04-14 13:22:00,31.6,31.6,31.59,31.6,4100,129552.0
001311.SZ,2026-04-14 13:23:00,31.6,31.64,31.6,31.63,11800,373052.0
001311.SZ,2026-04-14 13:24:00,31.62,31.63,31.61,31.61,4000,126503.0
001311.SZ,2026-04-14 13:25:00,31.61,31.64,31.57,31.57,12900,407564.0
001311.SZ,2026-04-14 13:26:00,31.58,31.58,31.47,31.49,49200,1550171.0
001311.SZ,2026-04-14 13:27:00,31.49,31.49,31.42,31.43,14000,440125.0
001311.SZ,2026-04-14 13:28:00,31.43,31.49,31.43,31.49,18800,591610.0
001311.SZ,2026-04-14 13:29:00,31.5,31.55,31.48,31.55,6600,207910.0
001311.SZ,2026-04-14 13:30:00,31.53,31.53,31.46,31.53,18000,566589.0
001311.SZ,2026-04-14 13:31:00,31.52,31.6,31.52,31.52,7400,233388.0
001311.SZ,2026-04-14 13:32:00,31.52,31.55,31.5,31.5,8200,258527.0
001311.SZ,2026-04-14 13:33:00,31.54,31.54,31.51,31.51,3000,94556.0
001311.SZ,2026-04-14 13:34:00,31.5,31.51,31.5,31.5,2100,66165.0
001311.SZ,2026-04-14 13:35:00,31.5,31.5,31.44,31.46,18000,566484.0
001311.SZ,2026-04-14 13:36:00,31.46,31.5,31.46,31.48,2100,66099.0
001311.SZ,2026-04-14 13:37:00,31.47,31.5,31.47,31.5,3200,100750.0
001311.SZ,2026-04-14 13:38:00,31.48,31.48,31.45,31.46,15700,493995.0
001311.SZ,2026-04-14 13:39:00,31.47,31.48,31.47,31.48,1400,44066.0
001311.SZ,2026-04-14 13:40:00,31.49,31.49,31.45,31.45,5200,163613.0
001311.SZ,2026-04-14 13:41:00,31.46,31.48,31.45,31.48,10300,324047.0
001311.SZ,2026-04-14 13:42:00,31.49,31.49,31.47,31.48,8400,264393.0
001311.SZ,2026-04-14 13:43:00,31.49,31.51,31.49,31.5,2000,63012.0
001311.SZ,2026-04-14 13:44:00,31.5,31.5,31.48,31.49,4300,135428.0
001311.SZ,2026-04-14 13:45:00,31.49,31.49,31.47,31.47,4500,141644.0
001311.SZ,2026-04-14 13:46:00,31.43,31.44,31.4,31.44,19200,603620.0
001311.SZ,2026-04-14 13:47:00,31.41,31.44,31.41,31.44,2300,72303.0
001311.SZ,2026-04-14 13:48:00,31.45,31.45,31.44,31.44,15900,499569.0
001311.SZ,2026-04-14 13:49:00,31.44,31.44,31.4,31.4,19000,596881.0
001311.SZ,2026-04-14 13:50:00,31.39,31.4,31.36,31.37,38700,1214004.0
001311.SZ,2026-04-14 13:51:00,31.36,31.38,31.36,31.38,21800,683716.0
001311.SZ,2026-04-14 13:52:00,31.37,31.4,31.37,31.4,4900,153768.0
001311.SZ,2026-04-14 13:53:00,31.41,31.43,31.41,31.41,12900,405403.0
001311.SZ,2026-04-14 13:54:00,31.44,31.44,31.42,31.43,1800,56574.0
001311.SZ,2026-04-14 13:55:00,31.42,31.43,31.42,31.42,3500,109981.0
001311.SZ,2026-04-14 13:56:00,31.42,31.42,31.41,31.41,3800,119369.0
001311.SZ,2026-04-14 13:57:00,31.4,31.4,31.39,31.39,11400,357798.0
001311.SZ,2026-04-14 13:58:00,31.38,31.4,31.38,31.4,2200,69048.0
001311.SZ,2026-04-14 13:59:00,31.4,31.41,31.4,31.4,7000,219816.0
001311.SZ,2026-04-14 14:00:00,31.39,31.4,31.39,31.4,1100,34538.0
001311.SZ,2026-04-14 14:01:00,31.4,31.41,31.4,31.41,25000,785104.0
001311.SZ,2026-04-14 14:02:00,31.41,31.41,31.41,31.41,4800,150768.0
001311.SZ,2026-04-14 14:03:00,31.41,31.41,31.39,31.4,8400,263762.0
001311.SZ,2026-04-14 14:04:00,31.4,31.41,31.39,31.4,4000,125587.0
001311.SZ,2026-04-14 14:05:00,31.39,31.4,31.39,31.39,4100,128725.0
001311.SZ,2026-04-14 14:06:00,31.39,31.4,31.39,31.4,4000,125572.0
001311.SZ,2026-04-14 14:07:00,31.4,31.42,31.39,31.42,3900,122472.0
001311.SZ,2026-04-14 14:08:00,31.42,31.45,31.42,31.43,2500,78579.0
001311.SZ,2026-04-14 14:09:00,31.43,31.44,31.43,31.44,2700,84871.0
001311.SZ,2026-04-14 14:10:00,31.43,31.43,31.4,31.42,4300,135075.0
001311.SZ,2026-04-14 14:11:00,31.44,31.44,31.41,31.42,10000,314286.0
001311.SZ,2026-04-14 14:12:00,31.4,31.42,31.4,31.4,2400,75384.0
001311.SZ,2026-04-14 14:13:00,31.41,31.41,31.39,31.39,2700,84772.0
001311.SZ,2026-04-14 14:14:00,31.38,31.39,31.38,31.39,4405,138250.9
001311.SZ,2026-04-14 14:15:00,31.39,31.39,31.36,31.36,16495,517482.06
001311.SZ,2026-04-14 14:16:00,31.36,31.37,31.35,31.37,12500,392001.0
001311.SZ,2026-04-14 14:17:00,31.37,31.37,31.36,31.37,5500,172520.0
001311.SZ,2026-04-14 14:18:00,31.38,31.4,31.38,31.4,5205,163410.95
001311.SZ,2026-04-14 14:19:00,31.39,31.4,31.38,31.38,12095,379655.0
001311.SZ,2026-04-14 14:20:00,31.4,31.42,31.39,31.42,5005,157162.0
001311.SZ,2026-04-14 14:21:00,31.42,31.43,31.4,31.42,9900,311018.0
001311.SZ,2026-04-14 14:22:00,31.39,31.4,31.38,31.38,13800,433220.9
001311.SZ,2026-04-14 14:23:00,31.38,31.4,31.38,31.39,2700,84741.0
001311.SZ,2026-04-14 14:24:00,31.39,31.41,31.38,31.38,3300,103593.0
001311.SZ,2026-04-14 14:25:00,31.38,31.39,31.38,31.38,3800,119253.0
001311.SZ,2026-04-14 14:26:00,31.39,31.39,31.38,31.38,4300,134955.0
001311.SZ,2026-04-14 14:27:00,31.37,31.38,31.36,31.37,10400,326176.0
001311.SZ,2026-04-14 14:28:00,31.37,31.37,31.36,31.36,4400,137993.0
001311.SZ,2026-04-14 14:29:00,31.36,31.37,31.36,31.37,5700,178776.0
001311.SZ,2026-04-14 14:30:00,31.36,31.37,31.36,31.36,4200,131738.0
001311.SZ,2026-04-14 14:31:00,31.36,31.4,31.35,31.37,8300,260396.0
001311.SZ,2026-04-14 14:32:00,31.38,31.38,31.36,31.37,2600,81556.0
001311.SZ,2026-04-14 14:33:00,31.38,31.39,31.36,31.36,9500,298112.0
001311.SZ,2026-04-14 14:34:00,31.37,31.37,31.36,31.37,8300,260336.0
001311.SZ,2026-04-14 14:35:00,31.38,31.39,31.38,31.39,1200,37660.0
001311.SZ,2026-04-14 14:36:00,31.4,31.41,31.39,31.41,5000,157018.0
001311.SZ,2026-04-14 14:37:00,31.43,31.43,31.42,31.43,3500,110000.0
001311.SZ,2026-04-14 14:38:00,31.44,31.45,31.43,31.43,3700,116320.0
001311.SZ,2026-04-14 14:39:00,31.41,31.46,31.41,31.46,15100,474587.0
001311.SZ,2026-04-14 14:40:00,31.46,31.48,31.44,31.44,15900,500116.0
001311.SZ,2026-04-14 14:41:00,31.43,31.44,31.43,31.44,2900,91162.0
001311.SZ,2026-04-14 14:42:00,31.45,31.45,31.41,31.41,3700,116301.0
001311.SZ,2026-04-14 14:43:00,31.41,31.42,31.41,31.42,6500,204185.0
001311.SZ,2026-04-14 14:44:00,31.42,31.43,31.41,31.43,4100,128819.0
001311.SZ,2026-04-14 14:45:00,31.43,31.43,31.41,31.41,17700,556237.0
001311.SZ,2026-04-14 14:46:00,31.46,31.49,31.46,31.48,33900,1065929.0
001311.SZ,2026-04-14 14:47:00,31.47,31.49,31.46,31.49,8300,261213.0
001311.SZ,2026-04-14 14:48:00,31.49,31.52,31.49,31.51,6100,192150.0
001311.SZ,2026-04-14 14:49:00,31.51,31.52,31.45,31.49,34300,1078386.0
001311.SZ,2026-04-14 14:50:00,31.49,31.6,31.47,31.57,31300,986333.0
001311.SZ,2026-04-14 14:51:00,31.54,31.65,31.52,31.6,33600,1062726.0
001311.SZ,2026-04-14 14:52:00,31.55,31.62,31.55,31.62,24500,774228.0
001311.SZ,2026-04-14 14:53:00,31.63,31.63,31.53,31.56,13900,439251.0
001311.SZ,2026-04-14 14:54:00,31.6,31.6,31.57,31.58,4800,151564.0
001311.SZ,2026-04-14 14:55:00,31.58,31.6,31.58,31.6,8400,265390.0
001311.SZ,2026-04-14 14:56:00,31.6,31.73,31.6,31.69,33500,1060619.0
001311.SZ,2026-04-14 14:57:00,31.66,31.73,31.66,31.68,53800,1705590.0
001311.SZ,2026-04-14 14:58:00,31.68,31.68,31.68,31.68,0,0.0
001311.SZ,2026-04-14 14:59:00,31.68,31.68,31.68,31.68,0,0.0
001311.SZ,2026-04-14 15:00:00,31.76,31.76,31.76,31.76,67400,2140624.0
001311.SZ,2026-04-15 09:30:00,31.77,31.77,31.75,31.76,15000,476476.0
001311.SZ,2026-04-15 09:31:00,31.73,32.05,31.6,31.78,108700,3461459.0
001311.SZ,2026-04-15 09:32:00,31.78,32.18,31.77,32.14,59000,1886014.0
001311.SZ,2026-04-15 09:33:00,32.14,32.29,32.08,32.08,74000,2380907.0
001311.SZ,2026-04-15 09:34:00,32.08,32.08,32.01,32.06,24900,797635.0
001311.SZ,2026-04-15 09:35:00,32.08,32.2,32.05,32.05,46900,1507856.0
001311.SZ,2026-04-15 09:36:00,32.08,32.13,32.07,32.07,14600,468768.0
001311.SZ,2026-04-15 09:37:00,32.09,32.13,32.0,32.0,94200,3017710.0
001311.SZ,2026-04-15 09:38:00,31.96,32.01,31.83,31.85,31100,992042.0
001311.SZ,2026-04-15 09:39:00,31.89,31.9,31.8,31.9,27700,881637.0
001311.SZ,2026-04-15 09:40:00,31.91,31.94,31.87,31.89,4600,146810.0
001311.SZ,2026-04-15 09:41:00,31.88,31.96,31.8,31.96,19300,614492.0
001311.SZ,2026-04-15 09:42:00,31.98,32.06,31.95,32.06,70200,2245071.0
001311.SZ,2026-04-15 09:43:00,32.03,32.1,32.01,32.01,22400,717532.0
001311.SZ,2026-04-15 09:44:00,32.01,32.03,32.01,32.02,7200,230679.0
001311.SZ,2026-04-15 09:45:00,32.03,32.06,31.9,32.04,42500,1358310.0
001311.SZ,2026-04-15 09:46:00,32.04,32.06,32.04,32.05,13500,432554.0
001311.SZ,2026-04-15 09:47:00,32.04,32.05,32.02,32.02,4000,128104.0
001311.SZ,2026-04-15 09:48:00,32.02,32.02,31.98,31.98,16100,515601.0
001311.SZ,2026-04-15 09:49:00,31.98,31.98,31.95,31.96,7400,236474.0
001311.SZ,2026-04-15 09:50:00,31.95,31.96,31.95,31.95,3400,108648.0
001311.SZ,2026-04-15 09:51:00,31.95,32.01,31.95,32.0,9900,316626.0
001311.SZ,2026-04-15 09:52:00,32.0,32.03,32.0,32.03,11700,374460.0
001311.SZ,2026-04-15 09:53:00,32.01,32.01,31.98,31.99,5600,179136.0
001311.SZ,2026-04-15 09:54:00,31.99,31.99,31.98,31.98,6000,191905.0
001311.SZ,2026-04-15 09:55:00,31.97,31.97,31.94,31.94,4200,134218.0
001311.SZ,2026-04-15 09:56:00,31.91,31.92,31.9,31.91,6100,194692.0
001311.SZ,2026-04-15 09:57:00,31.91,31.92,31.9,31.91,16900,539201.0
001311.SZ,2026-04-15 09:58:00,31.92,32.05,31.92,32.05,25500,816390.0
001311.SZ,2026-04-15 09:59:00,32.04,32.04,32.0,32.0,1800,57633.0
001311.SZ,2026-04-15 10:00:00,32.0,32.03,32.0,32.0,7200,230452.0
001311.SZ,2026-04-15 10:01:00,32.0,32.0,31.96,31.99,11800,377515.0
001311.SZ,2026-04-15 10:02:00,32.0,32.05,31.99,32.03,16600,531702.0
001311.SZ,2026-04-15 10:03:00,32.03,32.03,32.01,32.03,3100,99262.0
001311.SZ,2026-04-15 10:04:00,32.0,32.03,32.0,32.02,22100,707434.0
001311.SZ,2026-04-15 10:05:00,32.03,32.03,31.97,31.97,5500,175973.0
001311.SZ,2026-04-15 10:06:00,31.97,31.99,31.93,31.93,5200,166252.0
001311.SZ,2026-04-15 10:07:00,31.94,32.1,31.92,32.1,44900,1437670.0
001311.SZ,2026-04-15 10:08:00,32.08,32.11,32.08,32.1,22000,706032.0
001311.SZ,2026-04-15 10:09:00,32.08,32.08,31.99,31.99,6800,217684.0
001311.SZ,2026-04-15 10:10:00,31.96,32.03,31.96,32.01,5300,169640.0
001311.SZ,2026-04-15 10:11:00,32.01,32.03,31.99,32.03,8600,275255.0
001311.SZ,2026-04-15 10:12:00,32.04,32.05,32.0,32.02,22700,727425.0
001311.SZ,2026-04-15 10:13:00,32.0,32.0,31.97,31.97,6200,198367.0
001311.SZ,2026-04-15 10:14:00,31.99,32.0,31.98,32.0,2300,73573.0
001311.SZ,2026-04-15 10:15:00,31.99,31.99,31.97,31.98,3100,99127.0
001311.SZ,2026-04-15 10:16:00,31.97,31.97,31.95,31.95,6200,198198.0
001311.SZ,2026-04-15 10:17:00,31.95,32.05,31.95,32.02,21200,678342.0
001311.SZ,2026-04-15 10:18:00,32.01,32.03,31.98,32.01,4200,134451.0
001311.SZ,2026-04-15 10:19:00,32.01,32.08,32.0,32.06,33900,1086567.0
001311.SZ,2026-04-15 10:20:00,32.07,32.16,32.07,32.13,43400,1394389.0
001311.SZ,2026-04-15 10:21:00,32.1,32.18,32.1,32.13,10600,340726.0
001311.SZ,2026-04-15 10:22:00,32.12,32.14,32.09,32.09,3300,105980.0
001311.SZ,2026-04-15 10:23:00,32.09,32.09,32.0,32.0,22300,713913.0
001311.SZ,2026-04-15 10:24:00,32.0,32.03,31.99,32.0,6900,220899.0
001311.SZ,2026-04-15 10:25:00,31.99,31.99,31.98,31.98,2300,73566.0
001311.SZ,2026-04-15 10:26:00,31.98,31.98,31.97,31.97,2100,67155.0
001311.SZ,2026-04-15 10:27:00,31.97,31.98,31.97,31.97,2300,73532.0
001311.SZ,2026-04-15 10:28:00,31.97,32.01,31.97,32.01,7600,243037.0
001311.SZ,2026-04-15 10:29:00,32.0,32.0,31.98,32.0,2300,73590.0
001311.SZ,2026-04-15 10:30:00,32.0,32.01,31.98,31.98,14700,470187.0
001311.SZ,2026-04-15 10:31:00,31.98,32.0,31.96,31.99,9100,291135.0
001311.SZ,2026-04-15 10:32:00,32.0,32.07,31.96,32.07,58500,1875182.0
001311.SZ,2026-04-15 10:33:00,32.08,32.08,32.03,32.03,400,12822.0
001311.SZ,2026-04-15 10:34:00,32.01,32.01,31.96,32.0,11700,374408.0
001311.SZ,2026-04-15 10:35:00,32.0,32.0,32.0,32.0,500,16000.0
001311.SZ,2026-04-15 10:36:00,31.97,31.98,31.97,31.97,18000,575617.0
001311.SZ,2026-04-15 10:37:00,31.96,31.97,31.96,31.96,2500,79914.0
001311.SZ,2026-04-15 10:38:00,31.97,31.97,31.97,31.97,1100,35167.0
001311.SZ,2026-04-15 10:39:00,31.96,31.98,31.96,31.98,4500,143853.0
001311.SZ,2026-04-15 10:40:00,31.98,31.98,31.97,31.97,1400,44759.0
001311.SZ,2026-04-15 10:41:00,31.97,32.0,31.97,32.0,3100,99133.0
001311.SZ,2026-04-15 10:42:00,31.99,31.99,31.97,31.97,2100,67157.0
001311.SZ,2026-04-15 10:43:00,31.97,31.99,31.97,31.99,5400,172678.0
001311.SZ,2026-04-15 10:44:00,32.0,32.01,32.0,32.01,2500,80009.0
001311.SZ,2026-04-15 10:45:00,32.0,32.0,32.0,32.0,1400,44802.0
001311.SZ,2026-04-15 10:46:00,32.0,32.01,31.99,31.99,6300,201560.0
001311.SZ,2026-04-15 10:47:00,31.98,31.99,31.96,31.96,5300,169420.0
001311.SZ,2026-04-15 10:48:00,31.95,31.95,31.89,31.9,14600,465812.0
001311.SZ,2026-04-15 10:49:00,31.91,31.94,31.85,31.85,20300,647160.0
001311.SZ,2026-04-15 10:50:00,31.87,31.87,31.85,31.86,5100,162458.0
001311.SZ,2026-04-15 10:51:00,31.86,31.87,31.86,31.87,2000,63736.0
001311.SZ,2026-04-15 10:52:00,31.88,31.88,31.84,31.84,16900,538426.0
001311.SZ,2026-04-15 10:53:00,31.83,31.84,31.8,31.84,13100,416907.0
001311.SZ,2026-04-15 10:54:00,31.84,31.84,31.82,31.83,2500,79571.0
001311.SZ,2026-04-15 10:55:00,31.82,31.83,31.82,31.83,1000,31827.0
001311.SZ,2026-04-15 10:56:00,31.83,31.85,31.83,31.85,1200,38211.0
001311.SZ,2026-04-15 10:57:00,31.86,31.87,31.86,31.87,2100,66907.0
001311.SZ,2026-04-15 10:58:00,31.87,31.88,31.86,31.86,3300,105163.0
001311.SZ,2026-04-15 10:59:00,31.86,31.87,31.85,31.87,1300,41419.0
001311.SZ,2026-04-15 11:00:00,31.88,31.88,31.85,31.85,11100,353654.0
001311.SZ,2026-04-15 11:01:00,31.84,31.84,31.83,31.84,14900,474517.0
001311.SZ,2026-04-15 11:02:00,31.85,31.85,31.82,31.82,4900,156023.0
001311.SZ,2026-04-15 11:03:00,31.82,31.84,31.82,31.84,3800,120946.0
001311.SZ,2026-04-15 11:04:00,31.85,31.85,31.8,31.8,13300,423076.0
001311.SZ,2026-04-15 11:05:00,31.78,31.79,31.76,31.76,5400,171591.0
001311.SZ,2026-04-15 11:06:00,31.75,31.75,31.73,31.73,600,19046.0
001311.SZ,2026-04-15 11:07:00,31.72,31.72,31.68,31.7,25500,808399.0
001311.SZ,2026-04-15 11:08:00,31.7,31.73,31.7,31.73,12400,393129.0
001311.SZ,2026-04-15 11:09:00,31.75,31.75,31.71,31.71,8500,269708.0
001311.SZ,2026-04-15 11:10:00,31.71,31.72,31.71,31.71,5200,164914.0
001311.SZ,2026-04-15 11:11:00,31.72,31.72,31.72,31.72,1800,57092.0
001311.SZ,2026-04-15 11:12:00,31.71,31.75,31.71,31.75,4500,142744.0
001311.SZ,2026-04-15 11:13:00,31.75,31.75,31.74,31.74,2000,63485.0
001311.SZ,2026-04-15 11:14:00,31.74,31.75,31.74,31.75,6500,206313.0
001311.SZ,2026-04-15 11:15:00,31.76,31.76,31.75,31.76,5400,171488.0
001311.SZ,2026-04-15 11:16:00,31.76,31.76,31.76,31.76,5000,158800.0
001311.SZ,2026-04-15 11:17:00,31.76,31.77,31.76,31.77,3600,114341.0
001311.SZ,2026-04-15 11:18:00,31.77,31.8,31.75,31.75,3000,95314.0
001311.SZ,2026-04-15 11:19:00,31.75,31.75,31.73,31.73,10700,339700.0
001311.SZ,2026-04-15 11:20:00,31.72,31.73,31.72,31.73,1200,38074.0
001311.SZ,2026-04-15 11:21:00,31.71,31.72,31.7,31.7,7500,237810.0
001311.SZ,2026-04-15 11:22:00,31.7,31.71,31.7,31.71,2100,66588.0
001311.SZ,2026-04-15 11:23:00,31.71,31.71,31.7,31.7,3700,117321.0
001311.SZ,2026-04-15 11:24:00,31.7,31.7,31.69,31.69,9300,294801.0
001311.SZ,2026-04-15 11:25:00,31.7,31.72,31.7,31.72,1800,57077.0
001311.SZ,2026-04-15 11:26:00,31.74,31.74,31.74,31.74,1700,53939.0
001311.SZ,2026-04-15 11:27:00,31.74,31.76,31.74,31.76,4000,126997.0
001311.SZ,2026-04-15 11:28:00,31.75,31.76,31.75,31.76,2000,63514.0
001311.SZ,2026-04-15 11:29:00,31.76,31.8,31.76,31.8,1300,41304.0
001311.SZ,2026-04-15 11:30:00,31.77,31.8,31.77,31.78,2900,92141.0
001311.SZ,2026-04-15 13:01:00,31.78,31.82,31.78,31.8,9400,298931.0
001311.SZ,2026-04-15 13:02:00,31.81,31.82,31.81,31.82,1800,57272.0
001311.SZ,2026-04-15 13:03:00,31.8,31.8,31.8,31.8,7800,248046.0
001311.SZ,2026-04-15 13:04:00,31.8,31.83,31.79,31.79,12600,400684.0
001311.SZ,2026-04-15 13:05:00,31.79,31.79,31.77,31.77,1800,57207.0
001311.SZ,2026-04-15 13:06:00,31.76,31.76,31.74,31.74,6900,219058.0
001311.SZ,2026-04-15 13:07:00,31.74,31.75,31.74,31.75,16800,533399.0
001311.SZ,2026-04-15 13:08:00,31.78,31.82,31.78,31.82,4100,130385.0
001311.SZ,2026-04-15 13:09:00,31.83,31.84,31.82,31.84,2800,89143.0
001311.SZ,2026-04-15 13:10:00,31.84,31.85,31.84,31.85,8800,280197.0
001311.SZ,2026-04-15 13:11:00,31.84,31.84,31.82,31.82,1100,35018.0
001311.SZ,2026-04-15 13:12:00,31.83,31.84,31.83,31.83,5300,168696.0
001311.SZ,2026-04-15 13:13:00,31.81,31.81,31.79,31.79,4800,152659.0
001311.SZ,2026-04-15 13:14:00,31.79,31.79,31.77,31.77,2000,63565.0
001311.SZ,2026-04-15 13:15:00,31.76,31.77,31.76,31.77,2300,73064.0
001311.SZ,2026-04-15 13:16:00,31.78,31.78,31.78,31.78,9900,314619.0
001311.SZ,2026-04-15 13:17:00,31.78,31.96,31.78,31.92,36100,1150703.0
001311.SZ,2026-04-15 13:18:00,31.9,31.9,31.87,31.87,17000,542390.0
001311.SZ,2026-04-15 13:19:00,31.88,31.9,31.88,31.89,1000,31888.0
001311.SZ,2026-04-15 13:20:00,31.9,31.9,31.89,31.89,2300,73354.0
001311.SZ,2026-04-15 13:21:00,31.89,31.89,31.89,31.89,2900,92481.0
001311.SZ,2026-04-15 13:22:00,31.87,31.89,31.87,31.89,4900,156208.0
001311.SZ,2026-04-15 13:23:00,31.86,31.86,31.84,31.84,5900,187936.0
001311.SZ,2026-04-15 13:24:00,31.84,31.84,31.8,31.8,1600,50925.0
001311.SZ,2026-04-15 13:25:00,31.8,31.8,31.8,31.8,1200,38160.0
001311.SZ,2026-04-15 13:26:00,31.8,31.8,31.8,31.8,17600,559680.0
001311.SZ,2026-04-15 13:27:00,31.8,31.81,31.79,31.79,4600,146270.0
001311.SZ,2026-04-15 13:28:00,31.79,31.79,31.78,31.78,3000,95348.0
001311.SZ,2026-04-15 13:29:00,31.75,31.75,31.74,31.74,4700,149256.0
001311.SZ,2026-04-15 13:30:00,31.74,31.75,31.74,31.75,2200,69830.0
001311.SZ,2026-04-15 13:31:00,31.73,31.73,31.71,31.71,16600,526845.0
001311.SZ,2026-04-15 13:32:00,31.72,31.74,31.72,31.74,2100,66634.0
001311.SZ,2026-04-15 13:33:00,31.74,31.74,31.73,31.73,5100,161842.0
001311.SZ,2026-04-15 13:34:00,31.72,31.72,31.7,31.7,4900,155393.0
001311.SZ,2026-04-15 13:35:00,31.71,31.71,31.71,31.71,400,12684.0
001311.SZ,2026-04-15 13:36:00,31.71,31.71,31.68,31.68,6400,202839.0
001311.SZ,2026-04-15 13:37:00,31.68,31.69,31.68,31.69,900,28518.0
001311.SZ,2026-04-15 13:38:00,31.68,31.68,31.68,31.68,1000,31680.0
001311.SZ,2026-04-15 13:39:00,31.68,31.69,31.67,31.68,4000,126743.0
001311.SZ,2026-04-15 13:40:00,31.67,31.69,31.67,31.69,1300,41192.0
001311.SZ,2026-04-15 13:41:00,31.7,31.72,31.7,31.72,5000,158526.0
001311.SZ,2026-04-15 13:42:00,31.72,31.72,31.72,31.72,3000,95160.0
001311.SZ,2026-04-15 13:43:00,31.71,31.71,31.7,31.7,4300,136334.0
001311.SZ,2026-04-15 13:44:00,31.7,31.7,31.69,31.69,3000,95090.0
001311.SZ,2026-04-15 13:45:00,31.69,31.69,31.68,31.69,4800,152115.0
001311.SZ,2026-04-15 13:46:00,31.69,31.7,31.67,31.67,9100,288321.0
001311.SZ,2026-04-15 13:47:00,31.67,31.67,31.67,31.67,800,25336.0
001311.SZ,2026-04-15 13:48:00,31.66,31.67,31.65,31.65,5800,183610.0
001311.SZ,2026-04-15 13:49:00,31.65,31.65,31.64,31.64,2400,75958.0
001311.SZ,2026-04-15 13:50:00,31.64,31.65,31.61,31.61,12700,401659.0
001311.SZ,2026-04-15 13:51:00,31.61,31.61,31.59,31.6,21430,677198.0
001311.SZ,2026-04-15 13:52:00,31.6,31.6,31.6,31.6,2270,71720.0
001311.SZ,2026-04-15 13:53:00,31.59,31.6,31.59,31.6,1400,44237.0
001311.SZ,2026-04-15 13:54:00,31.6,31.6,31.57,31.58,6700,211606.0
001311.SZ,2026-04-15 13:55:00,31.59,31.6,31.58,31.59,1900,60025.0
001311.SZ,2026-04-15 13:56:00,31.59,31.59,31.58,31.58,12200,385329.0
001311.SZ,2026-04-15 13:57:00,31.58,31.58,31.56,31.56,6700,211518.0
001311.SZ,2026-04-15 13:58:00,31.57,31.57,31.57,31.57,2200,69454.0
001311.SZ,2026-04-15 13:59:00,31.58,31.58,31.57,31.58,600,18947.0
001311.SZ,2026-04-15 14:00:00,31.58,31.58,31.58,31.58,900,28422.0
001311.SZ,2026-04-15 14:01:00,31.58,31.59,31.58,31.59,9900,312719.0
001311.SZ,2026-04-15 14:02:00,31.59,31.59,31.56,31.56,10800,341005.0
001311.SZ,2026-04-15 14:03:00,31.56,31.56,31.53,31.53,4600,145154.0
001311.SZ,2026-04-15 14:04:00,31.55,31.56,31.55,31.56,700,22088.0
001311.SZ,2026-04-15 14:05:00,31.56,31.56,31.55,31.55,3700,116750.0
001311.SZ,2026-04-15 14:06:00,31.55,31.55,31.53,31.53,4700,148225.0
001311.SZ,2026-04-15 14:07:00,31.53,31.53,31.53,31.53,9700,305841.0
001311.SZ,2026-04-15 14:08:00,31.53,31.53,31.53,31.53,2900,91437.0
001311.SZ,2026-04-15 14:09:00,31.53,31.53,31.52,31.52,11600,365696.0
001311.SZ,2026-04-15 14:10:00,31.52,31.52,31.5,31.51,41600,1310577.0
001311.SZ,2026-04-15 14:11:00,31.5,31.51,31.49,31.49,9200,289800.0
001311.SZ,2026-04-15 14:12:00,31.49,31.52,31.49,31.51,9100,286644.0
001311.SZ,2026-04-15 14:13:00,31.5,31.5,31.5,31.5,200,6300.0
001311.SZ,2026-04-15 14:14:00,31.48,31.5,31.48,31.48,13200,415658.0
001311.SZ,2026-04-15 14:15:00,31.48,31.48,31.47,31.48,1900,59803.0
001311.SZ,2026-04-15 14:16:00,31.47,31.48,31.46,31.47,4100,129028.0
001311.SZ,2026-04-15 14:17:00,31.46,31.47,31.45,31.47,5300,166740.0
001311.SZ,2026-04-15 14:18:00,31.46,31.47,31.46,31.47,1900,59778.0
001311.SZ,2026-04-15 14:19:00,31.46,31.5,31.46,31.48,3000,94433.0
001311.SZ,2026-04-15 14:20:00,31.5,31.5,31.49,31.5,7300,229886.0
001311.SZ,2026-04-15 14:21:00,31.5,31.5,31.48,31.49,6700,210959.0
001311.SZ,2026-04-15 14:22:00,31.49,31.49,31.47,31.48,10200,321055.0
001311.SZ,2026-04-15 14:23:00,31.48,31.49,31.48,31.49,3300,103888.0
001311.SZ,2026-04-15 14:24:00,31.48,31.49,31.48,31.49,4500,141670.0
001311.SZ,2026-04-15 14:25:00,31.48,31.48,31.47,31.47,6900,217150.0
001311.SZ,2026-04-15 14:26:00,31.46,31.46,31.46,31.46,800,25169.0
001311.SZ,2026-04-15 14:27:00,31.46,31.48,31.46,31.47,3000,94393.0
001311.SZ,2026-04-15 14:28:00,31.47,31.48,31.47,31.48,2800,88113.0
001311.SZ,2026-04-15 14:29:00,31.48,31.49,31.48,31.49,5700,179470.0
001311.SZ,2026-04-15 14:30:00,31.49,31.49,31.47,31.47,4100,129053.0
001311.SZ,2026-04-15 14:31:00,31.46,31.49,31.46,31.46,11200,352455.0
001311.SZ,2026-04-15 14:32:00,31.46,31.47,31.45,31.47,3500,110127.0
001311.SZ,2026-04-15 14:33:00,31.48,31.48,31.46,31.46,10800,339775.0
001311.SZ,2026-04-15 14:34:00,31.45,31.45,31.45,31.45,4100,128945.0
001311.SZ,2026-04-15 14:35:00,31.45,31.46,31.41,31.41,19200,603347.0
001311.SZ,2026-04-15 14:36:00,31.4,31.41,31.4,31.41,10100,317191.0
001311.SZ,2026-04-15 14:37:00,31.39,31.4,31.39,31.39,4000,125579.0
001311.SZ,2026-04-15 14:38:00,31.39,31.4,31.38,31.38,6600,207174.0
001311.SZ,2026-04-15 14:39:00,31.39,31.39,31.37,31.38,6800,213407.0
001311.SZ,2026-04-15 14:40:00,31.37,31.38,31.36,31.36,6400,200789.0
001311.SZ,2026-04-15 14:41:00,31.37,31.41,31.37,31.41,19100,599322.0
001311.SZ,2026-04-15 14:42:00,31.42,31.43,31.4,31.41,18700,587433.0
001311.SZ,2026-04-15 14:43:00,31.41,31.42,31.41,31.42,3300,103673.0
001311.SZ,2026-04-15 14:44:00,31.43,31.44,31.42,31.44,8100,254607.0
001311.SZ,2026-04-15 14:45:00,31.44,31.44,31.41,31.41,7800,245147.0
001311.SZ,2026-04-15 14:46:00,31.43,31.43,31.4,31.4,7200,226260.0
001311.SZ,2026-04-15 14:47:00,31.4,31.4,31.39,31.39,6400,200930.0
001311.SZ,2026-04-15 14:48:00,31.39,31.4,31.39,31.4,6500,204070.0
001311.SZ,2026-04-15 14:49:00,31.41,31.42,31.38,31.41,5600,175846.0
001311.SZ,2026-04-15 14:50:00,31.4,31.41,31.4,31.4,3300,103643.0
001311.SZ,2026-04-15 14:51:00,31.41,31.41,31.39,31.39,13600,427153.0
001311.SZ,2026-04-15 14:52:00,31.39,31.41,31.39,31.4,3300,103613.0
001311.SZ,2026-04-15 14:53:00,31.41,31.41,31.41,31.41,1300,40833.0
001311.SZ,2026-04-15 14:54:00,31.42,31.42,31.39,31.39,5000,156997.0
001311.SZ,2026-04-15 14:55:00,31.39,31.4,31.38,31.39,7418,232868.02
001311.SZ,2026-04-15 14:56:00,31.39,31.43,31.38,31.43,8900,279441.0
001311.SZ,2026-04-15 14:57:00,31.39,31.41,31.38,31.39,31400,985803.0
001311.SZ,2026-04-15 14:58:00,31.39,31.39,31.39,31.39,0,0.0
001311.SZ,2026-04-15 14:59:00,31.39,31.39,31.39,31.39,0,0.0
001311.SZ,2026-04-15 15:00:00,31.39,31.39,31.39,31.39,13700,430043.0
001311.SZ,2026-04-16 09:30:00,31.5,31.98,31.5,31.7,8400,265070.0
001311.SZ,2026-04-16 09:31:00,31.77,31.77,31.5,31.57,46700,1477114.0
001311.SZ,2026-04-16 09:32:00,31.57,31.78,31.57,31.78,19000,602408.0
001311.SZ,2026-04-16 09:33:00,31.91,32.1,31.84,32.08,164200,5245700.0
001311.SZ,2026-04-16 09:34:00,32.1,32.42,32.1,32.42,226400,7302624.0
001311.SZ,2026-04-16 09:35:00,32.4,32.61,32.32,32.32,143933,4674259.5
001311.SZ,2026-04-16 09:36:00,32.26,32.27,32.13,32.18,75800,2440693.0
001311.SZ,2026-04-16 09:37:00,32.19,32.23,32.12,32.13,16800,540587.0
001311.SZ,2026-04-16 09:38:00,32.08,32.13,32.02,32.02,27000,866632.0
001311.SZ,2026-04-16 09:39:00,32.01,32.01,31.93,31.94,23600,754562.0
001311.SZ,2026-04-16 09:40:00,31.93,32.08,31.93,32.08,41700,1333907.0
001311.SZ,2026-04-16 09:41:00,32.06,32.15,32.06,32.09,16300,522929.0
001311.SZ,2026-04-16 09:42:00,32.09,32.09,31.98,32.03,11400,364932.0
001311.SZ,2026-04-16 09:43:00,32.02,32.05,31.98,32.04,32200,1030956.0
001311.SZ,2026-04-16 09:44:00,32.04,32.32,32.04,32.32,49800,1601493.0
001311.SZ,2026-04-16 09:45:00,32.27,32.45,32.27,32.42,69800,2260452.0
001311.SZ,2026-04-16 09:46:00,32.57,32.99,32.57,32.9,340399,11123990.0
001311.SZ,2026-04-16 09:47:00,32.9,32.96,32.89,32.9,67500,2221327.0
001311.SZ,2026-04-16 09:48:00,32.93,33.14,32.93,33.03,173632,5734596.0
001311.SZ,2026-04-16 09:49:00,33.03,33.2,33.01,33.08,96600,3198311.0
001311.SZ,2026-04-16 09:50:00,33.08,33.08,32.9,32.98,53368,1759846.0
001311.SZ,2026-04-16 09:51:00,32.98,32.98,32.91,32.95,81500,2685481.0
001311.SZ,2026-04-16 09:52:00,32.95,32.95,32.86,32.93,38000,1249520.0
001311.SZ,2026-04-16 09:53:00,32.93,33.03,32.89,33.0,60900,2008531.0
001311.SZ,2026-04-16 09:54:00,32.98,33.08,32.98,33.07,58700,1939401.0
001311.SZ,2026-04-16 09:55:00,33.07,33.14,33.07,33.14,42700,1412807.0
001311.SZ,2026-04-16 09:56:00,33.14,33.28,33.05,33.28,97500,3234891.0
001311.SZ,2026-04-16 09:57:00,33.28,33.39,33.25,33.32,115700,3855119.0
001311.SZ,2026-04-16 09:58:00,33.28,33.3,33.23,33.29,20700,688573.0
001311.SZ,2026-04-16 09:59:00,33.29,33.33,33.22,33.33,33100,1101326.0
001311.SZ,2026-04-16 10:00:00,33.33,33.33,33.3,33.32,22600,752937.0
001311.SZ,2026-04-16 10:01:00,33.32,33.45,33.31,33.35,69900,2333415.0
001311.SZ,2026-04-16 10:02:00,33.35,33.35,33.03,33.06,40800,1356535.0
001311.SZ,2026-04-16 10:03:00,33.06,33.2,33.06,33.06,34800,1152503.0
001311.SZ,2026-04-16 10:04:00,33.06,33.08,32.9,32.91,39500,1304401.0
001311.SZ,2026-04-16 10:05:00,32.91,32.93,32.8,32.86,87505,2874609.2
001311.SZ,2026-04-16 10:06:00,32.91,32.96,32.86,32.92,23500,773139.0
001311.SZ,2026-04-16 10:07:00,32.94,32.94,32.85,32.85,33700,1108170.0
001311.SZ,2026-04-16 10:08:00,32.86,32.93,32.86,32.93,18500,608255.0
001311.SZ,2026-04-16 10:09:00,32.94,33.0,32.94,33.0,6400,210995.0
001311.SZ,2026-04-16 10:10:00,33.0,33.0,32.9,32.91,15900,523977.0
001311.SZ,2026-04-16 10:11:00,32.91,32.93,32.91,32.92,7800,256765.0
001311.SZ,2026-04-16 10:12:00,32.92,32.95,32.91,32.92,10100,332539.0
001311.SZ,2026-04-16 10:13:00,32.95,32.95,32.83,32.84,31200,1025967.0
001311.SZ,2026-04-16 10:14:00,32.84,32.84,32.76,32.76,27300,895562.0
001311.SZ,2026-04-16 10:15:00,32.76,32.85,32.75,32.84,12300,403340.0
001311.SZ,2026-04-16 10:16:00,32.82,32.83,32.79,32.79,6900,226429.0
001311.SZ,2026-04-16 10:17:00,32.76,32.8,32.76,32.79,10300,337616.0
001311.SZ,2026-04-16 10:18:00,32.74,32.74,32.71,32.72,14000,458502.0
001311.SZ,2026-04-16 10:19:00,32.73,32.76,32.68,32.72,26100,853961.0
001311.SZ,2026-04-16 10:20:00,32.71,32.71,32.65,32.65,38700,1264510.0
001311.SZ,2026-04-16 10:21:00,32.63,32.67,32.63,32.66,7200,235088.0
001311.SZ,2026-04-16 10:22:00,32.66,32.7,32.66,32.69,8300,271232.0
001311.SZ,2026-04-16 10:23:00,32.69,32.71,32.64,32.64,40300,1316272.0
001311.SZ,2026-04-16 10:24:00,32.68,32.75,32.68,32.73,15500,506765.0
001311.SZ,2026-04-16 10:25:00,32.71,32.71,32.67,32.68,5500,179837.0
001311.SZ,2026-04-16 10:26:00,32.68,32.68,32.6,32.63,22000,718243.0
001311.SZ,2026-04-16 10:27:00,32.63,32.63,32.6,32.6,9200,300024.0
001311.SZ,2026-04-16 10:28:00,32.59,32.59,32.55,32.56,2800,91173.0
001311.SZ,2026-04-16 10:29:00,32.56,32.56,32.52,32.53,8600,279815.0
001311.SZ,2026-04-16 10:30:00,32.53,32.53,32.52,32.53,6100,198419.0
001311.SZ,2026-04-16 10:31:00,32.51,32.6,32.51,32.6,11700,380929.0
001311.SZ,2026-04-16 10:32:00,32.62,32.62,32.61,32.62,9700,316355.0
001311.SZ,2026-04-16 10:33:00,32.67,32.67,32.6,32.6,8400,273961.0
001311.SZ,2026-04-16 10:34:00,32.6,32.6,32.53,32.53,3400,110725.0
001311.SZ,2026-04-16 10:35:00,32.54,32.55,32.53,32.53,4200,136661.0
001311.SZ,2026-04-16 10:36:00,32.53,32.54,32.53,32.54,1500,48797.0
001311.SZ,2026-04-16 10:37:00,32.54,32.54,32.54,32.54,300,9762.0
001311.SZ,2026-04-16 10:38:00,32.53,32.56,32.53,32.54,4300,139962.0
001311.SZ,2026-04-16 10:39:00,32.55,32.55,32.53,32.53,6100,198547.0
001311.SZ,2026-04-16 10:40:00,32.55,32.56,32.51,32.52,12100,393580.0
001311.SZ,2026-04-16 10:41:00,32.54,32.57,32.51,32.57,28000,910551.0
001311.SZ,2026-04-16 10:42:00,32.58,32.61,32.58,32.61,18100,590263.0
001311.SZ,2026-04-16 10:43:00,32.63,32.64,32.62,32.62,9700,316497.0
001311.SZ,2026-04-16 10:44:00,32.62,32.62,32.6,32.6,2600,84773.0
001311.SZ,2026-04-16 10:45:00,32.59,32.61,32.59,32.61,4500,146672.0
001311.SZ,2026-04-16 10:46:00,32.6,32.6,32.6,32.6,500,16300.0
001311.SZ,2026-04-16 10:47:00,32.58,32.58,32.55,32.55,7000,228002.0
001311.SZ,2026-04-16 10:48:00,32.55,32.55,32.54,32.54,3100,100878.0
001311.SZ,2026-04-16 10:49:00,32.55,32.56,32.55,32.56,3600,117181.0
001311.SZ,2026-04-16 10:50:00,32.56,32.56,32.53,32.54,19000,618291.0
001311.SZ,2026-04-16 10:51:00,32.68,32.7,32.66,32.7,22200,724342.0
001311.SZ,2026-04-16 10:52:00,32.7,32.7,32.61,32.61,13300,434660.0
001311.SZ,2026-04-16 10:53:00,32.61,32.61,32.55,32.56,4200,136864.0
001311.SZ,2026-04-16 10:54:00,32.56,32.56,32.54,32.54,10800,351544.0
001311.SZ,2026-04-16 10:55:00,32.54,32.56,32.54,32.56,5000,162744.0
001311.SZ,2026-04-16 10:56:00,32.55,32.56,32.55,32.56,2100,68374.0
001311.SZ,2026-04-16 10:57:00,32.56,32.56,32.55,32.55,2200,71628.0
001311.SZ,2026-04-16 10:58:00,32.53,32.55,32.51,32.51,10400,338248.0
001311.SZ,2026-04-16 10:59:00,32.53,32.58,32.53,32.58,53100,1727661.0
001311.SZ,2026-04-16 11:00:00,32.57,32.59,32.54,32.57,3500,113994.0
001311.SZ,2026-04-16 11:01:00,32.58,32.58,32.55,32.58,300,9771.0
001311.SZ,2026-04-16 11:02:00,32.57,32.57,32.53,32.56,15800,514217.0
001311.SZ,2026-04-16 11:03:00,32.57,32.6,32.57,32.6,3800,123809.0
001311.SZ,2026-04-16 11:04:00,32.54,32.54,32.5,32.5,49900,1622780.0
001311.SZ,2026-04-16 11:05:00,32.52,32.59,32.52,32.59,6000,195282.0
001311.SZ,2026-04-16 11:06:00,32.59,32.59,32.59,32.59,2300,74957.0
001311.SZ,2026-04-16 11:07:00,32.59,32.6,32.59,32.59,4300,140139.0
001311.SZ,2026-04-16 11:08:00,32.57,32.58,32.56,32.56,12100,394056.0
001311.SZ,2026-04-16 11:09:00,32.56,32.58,32.55,32.57,5500,179108.0
001311.SZ,2026-04-16 11:10:00,32.56,32.56,32.55,32.56,21500,699896.0
001311.SZ,2026-04-16 11:11:00,32.55,32.55,32.54,32.54,800,26035.0
001311.SZ,2026-04-16 11:12:00,32.53,32.53,32.51,32.51,2900,94299.0
001311.SZ,2026-04-16 11:13:00,32.51,32.51,32.47,32.47,7000,227506.0
001311.SZ,2026-04-16 11:14:00,32.47,32.47,32.43,32.43,2500,81128.0
001311.SZ,2026-04-16 11:15:00,32.42,32.42,32.37,32.39,14500,469747.0
001311.SZ,2026-04-16 11:16:00,32.38,32.38,32.38,32.38,2400,77712.0
001311.SZ,2026-04-16 11:17:00,32.48,32.49,32.47,32.47,46530,1508197.8
001311.SZ,2026-04-16 11:18:00,32.47,32.49,32.46,32.48,5200,168888.0
001311.SZ,2026-04-16 11:19:00,32.5,32.5,32.48,32.49,800,25992.0
001311.SZ,2026-04-16 11:20:00,32.49,32.5,32.48,32.5,1400,45489.0
001311.SZ,2026-04-16 11:21:00,32.48,32.48,32.48,32.48,3600,116923.0
001311.SZ,2026-04-16 11:22:00,32.5,32.51,32.49,32.49,2500,81252.0
001311.SZ,2026-04-16 11:23:00,32.5,32.52,32.5,32.5,12100,393394.0
001311.SZ,2026-04-16 11:24:00,32.5,32.52,32.5,32.5,1800,58511.0
001311.SZ,2026-04-16 11:25:00,32.5,32.52,32.5,32.52,6200,201513.0
001311.SZ,2026-04-16 11:26:00,32.52,32.52,32.52,32.52,2300,74795.0
001311.SZ,2026-04-16 11:27:00,32.52,32.52,32.51,32.51,4800,156054.0
001311.SZ,2026-04-16 11:28:00,32.49,32.49,32.48,32.48,2000,64978.0
001311.SZ,2026-04-16 11:29:00,32.48,32.54,32.48,32.51,15900,517020.0
001311.SZ,2026-04-16 11:30:00,32.52,32.54,32.5,32.54,4700,152842.0
001311.SZ,2026-04-16 13:01:00,32.54,32.63,32.48,32.59,58000,1887188.0
001311.SZ,2026-04-16 13:02:00,32.59,32.6,32.58,32.58,2300,74962.0
001311.SZ,2026-04-16 13:03:00,32.57,32.59,32.57,32.58,6800,221506.0
001311.SZ,2026-04-16 13:04:00,32.56,32.56,32.53,32.53,1100,35800.0
001311.SZ,2026-04-16 13:05:00,32.55,32.55,32.47,32.48,5200,168930.0
001311.SZ,2026-04-16 13:06:00,32.44,32.46,32.44,32.44,12300,399275.0
001311.SZ,2026-04-16 13:07:00,32.42,32.42,32.4,32.41,10000,324120.0
001311.SZ,2026-04-16 13:08:00,32.41,32.43,32.4,32.4,2800,90766.0
001311.SZ,2026-04-16 13:09:00,32.4,32.4,32.32,32.33,27200,880537.0
001311.SZ,2026-04-16 13:10:00,32.32,32.33,32.32,32.33,6100,197190.0
001311.SZ,2026-04-16 13:11:00,32.37,32.37,32.35,32.36,9800,317101.0
001311.SZ,2026-04-16 13:12:00,32.37,32.39,32.37,32.39,2000,64767.0
001311.SZ,2026-04-16 13:13:00,32.4,32.41,32.38,32.4,14400,466586.0
001311.SZ,2026-04-16 13:14:00,32.4,32.4,32.37,32.37,8700,281725.0
001311.SZ,2026-04-16 13:15:00,32.37,32.48,32.37,32.48,14800,479870.0
001311.SZ,2026-04-16 13:16:00,32.43,32.43,32.41,32.41,5300,171892.0
001311.SZ,2026-04-16 13:17:00,32.41,32.45,32.4,32.45,7500,243222.0
001311.SZ,2026-04-16 13:18:00,32.45,32.48,32.45,32.45,9800,318129.0
001311.SZ,2026-04-16 13:19:00,32.45,32.46,32.44,32.46,1200,38943.0
001311.SZ,2026-04-16 13:20:00,32.46,32.48,32.46,32.47,2700,87673.0
001311.SZ,2026-04-16 13:21:00,32.45,32.55,32.45,32.49,8600,279408.0
001311.SZ,2026-04-16 13:22:00,32.48,32.49,32.48,32.49,1900,61725.0
001311.SZ,2026-04-16 13:23:00,32.48,32.48,32.44,32.44,7700,249848.0
001311.SZ,2026-04-16 13:24:00,32.43,32.43,32.41,32.43,9400,304820.0
001311.SZ,2026-04-16 13:25:00,32.44,32.44,32.44,32.44,4400,142736.0
001311.SZ,2026-04-16 13:26:00,32.43,32.43,32.4,32.41,6400,207424.0
001311.SZ,2026-04-16 13:27:00,32.4,32.42,32.4,32.41,1800,58337.0
001311.SZ,2026-04-16 13:28:00,32.42,32.49,32.42,32.49,96400,3127209.0
001311.SZ,2026-04-16 13:29:00,32.48,32.49,32.48,32.49,6300,204668.0
001311.SZ,2026-04-16 13:30:00,32.48,32.49,32.47,32.47,3500,113682.0
001311.SZ,2026-04-16 13:31:00,32.5,32.56,32.5,32.56,7700,250510.0
001311.SZ,2026-04-16 13:32:00,32.55,32.55,32.53,32.55,5600,182245.0
001311.SZ,2026-04-16 13:33:00,32.56,32.57,32.56,32.57,11300,367937.0
001311.SZ,2026-04-16 13:34:00,32.56,32.57,32.52,32.52,32400,1054753.0
001311.SZ,2026-04-16 13:35:00,32.51,32.51,32.49,32.49,1600,52006.0
001311.SZ,2026-04-16 13:36:00,32.49,32.52,32.49,32.5,13500,438786.0
001311.SZ,2026-04-16 13:37:00,32.5,32.5,32.49,32.5,4600,149476.0
001311.SZ,2026-04-16 13:38:00,32.48,32.5,32.47,32.47,1700,55219.0
001311.SZ,2026-04-16 13:39:00,32.47,32.47,32.47,32.47,3100,100664.0
001311.SZ,2026-04-16 13:40:00,32.47,32.48,32.46,32.48,2400,77919.0
001311.SZ,2026-04-16 13:41:00,32.47,32.48,32.47,32.47,5000,162395.0
001311.SZ,2026-04-16 13:42:00,32.47,32.47,32.45,32.46,4400,142804.0
001311.SZ,2026-04-16 13:43:00,32.46,32.48,32.45,32.47,20700,671956.0
001311.SZ,2026-04-16 13:44:00,32.45,32.45,32.44,32.45,23000,746139.0
001311.SZ,2026-04-16 13:45:00,32.44,32.44,32.44,32.44,5200,168688.0
001311.SZ,2026-04-16 13:46:00,32.43,32.43,32.42,32.43,2100,68100.0
001311.SZ,2026-04-16 13:47:00,32.44,32.44,32.44,32.44,3900,126516.0
001311.SZ,2026-04-16 13:48:00,32.45,32.47,32.45,32.47,16400,532267.0
001311.SZ,2026-04-16 13:49:00,32.48,32.48,32.47,32.47,600,19483.0
001311.SZ,2026-04-16 13:50:00,32.46,32.47,32.46,32.47,300,9740.0
001311.SZ,2026-04-16 13:51:00,32.47,32.48,32.47,32.47,3100,100665.0
001311.SZ,2026-04-16 13:52:00,32.48,32.49,32.48,32.49,3200,103958.0
001311.SZ,2026-04-16 13:53:00,32.49,32.5,32.47,32.48,6700,217654.0
001311.SZ,2026-04-16 13:54:00,32.48,32.5,32.48,32.5,1500,48731.0
001311.SZ,2026-04-16 13:55:00,32.49,32.51,32.48,32.48,6000,194905.0
001311.SZ,2026-04-16 13:56:00,32.48,32.48,32.46,32.46,6300,204565.0
001311.SZ,2026-04-16 13:57:00,32.47,32.49,32.47,32.49,17400,565037.0
001311.SZ,2026-04-16 13:58:00,32.48,32.48,32.48,32.48,2800,90945.0
001311.SZ,2026-04-16 13:59:00,32.49,32.51,32.49,32.51,5600,181999.0
001311.SZ,2026-04-16 14:00:00,32.51,32.51,32.5,32.5,4000,130028.0
001311.SZ,2026-04-16 14:01:00,32.5,32.55,32.5,32.55,4400,143139.0
001311.SZ,2026-04-16 14:02:00,32.55,32.57,32.52,32.55,16100,524056.0
001311.SZ,2026-04-16 14:03:00,32.55,32.55,32.53,32.55,7000,227833.0
001311.SZ,2026-04-16 14:04:00,32.55,32.55,32.54,32.55,6300,205058.0
001311.SZ,2026-04-16 14:05:00,32.56,32.58,32.56,32.57,7990,260283.4
001311.SZ,2026-04-16 14:06:00,32.58,32.82,32.58,32.82,54000,1765941.0
001311.SZ,2026-04-16 14:07:00,32.83,32.95,32.81,32.92,54100,1777946.0
001311.SZ,2026-04-16 14:08:00,32.95,32.96,32.9,32.91,33800,1113248.0
001311.SZ,2026-04-16 14:09:00,32.92,32.93,32.88,32.88,7200,236912.0
001311.SZ,2026-04-16 14:10:00,32.88,32.9,32.82,32.86,23000,755708.0
001311.SZ,2026-04-16 14:11:00,32.84,32.86,32.84,32.85,11000,361388.0
001311.SZ,2026-04-16 14:12:00,32.85,32.87,32.85,32.85,4700,154419.0
001311.SZ,2026-04-16 14:13:00,32.86,32.87,32.81,32.82,32200,1057743.0
001311.SZ,2026-04-16 14:14:00,32.82,32.82,32.79,32.79,3800,124649.0
001311.SZ,2026-04-16 14:15:00,32.78,32.78,32.76,32.78,8000,262167.0
001311.SZ,2026-04-16 14:16:00,32.78,32.78,32.7,32.74,5000,163766.0
001311.SZ,2026-04-16 14:17:00,32.74,32.75,32.74,32.75,5900,193132.0
001311.SZ,2026-04-16 14:18:00,32.75,32.81,32.73,32.81,19500,639015.0
001311.SZ,2026-04-16 14:19:00,32.82,32.82,32.79,32.79,4100,134524.0
001311.SZ,2026-04-16 14:20:00,32.81,32.83,32.78,32.83,1800,59035.0
001311.SZ,2026-04-16 14:21:00,32.82,32.82,32.78,32.78,6800,223143.0
001311.SZ,2026-04-16 14:22:00,32.79,32.79,32.77,32.78,4900,160617.0
001311.SZ,2026-04-16 14:23:00,32.79,32.79,32.77,32.77,2700,88512.0
001311.SZ,2026-04-16 14:24:00,32.78,32.79,32.76,32.77,2800,91773.0
001311.SZ,2026-04-16 14:25:00,32.77,32.78,32.76,32.77,3600,117979.0
001311.SZ,2026-04-16 14:26:00,32.77,32.78,32.77,32.77,4600,150753.0
001311.SZ,2026-04-16 14:27:00,32.77,32.77,32.76,32.77,3100,101576.0
001311.SZ,2026-04-16 14:28:00,32.77,32.77,32.76,32.76,4100,134319.0
001311.SZ,2026-04-16 14:29:00,32.75,32.77,32.75,32.75,4800,157231.0
001311.SZ,2026-04-16 14:30:00,32.75,32.76,32.75,32.75,8500,278421.0
001311.SZ,2026-04-16 14:31:00,32.75,32.77,32.75,32.76,6600,216244.0
001311.SZ,2026-04-16 14:32:00,32.75,32.75,32.73,32.75,10000,327482.0
001311.SZ,2026-04-16 14:33:00,32.74,32.74,32.74,32.74,1800,58933.0
001311.SZ,2026-04-16 14:34:00,32.75,32.75,32.73,32.73,3300,108054.0
001311.SZ,2026-04-16 14:35:00,32.74,32.79,32.73,32.73,16000,524081.0
001311.SZ,2026-04-16 14:36:00,32.76,32.76,32.75,32.75,6000,196546.0
001311.SZ,2026-04-16 14:37:00,32.75,32.76,32.73,32.73,7500,245569.0
001311.SZ,2026-04-16 14:38:00,32.73,32.73,32.72,32.72,800,26183.0
001311.SZ,2026-04-16 14:39:00,32.73,32.75,32.73,32.74,3900,127664.0
001311.SZ,2026-04-16 14:40:00,32.74,32.75,32.73,32.73,10000,327329.0
001311.SZ,2026-04-16 14:41:00,32.73,32.75,32.72,32.75,12000,392723.0
001311.SZ,2026-04-16 14:42:00,32.74,32.74,32.72,32.72,9200,301078.0
001311.SZ,2026-04-16 14:43:00,32.72,32.72,32.71,32.72,6000,196291.0
001311.SZ,2026-04-16 14:44:00,32.72,32.73,32.71,32.72,10000,327160.0
001311.SZ,2026-04-16 14:45:00,32.73,32.75,32.73,32.74,9500,311039.0
001311.SZ,2026-04-16 14:46:00,32.73,32.74,32.72,32.73,12000,392767.0
001311.SZ,2026-04-16 14:47:00,32.73,32.74,32.72,32.73,6700,219304.0
001311.SZ,2026-04-16 14:48:00,32.72,32.72,32.7,32.72,14900,487478.0
001311.SZ,2026-04-16 14:49:00,32.72,32.72,32.71,32.72,7200,235539.0
001311.SZ,2026-04-16 14:50:00,32.72,32.75,32.72,32.74,25000,818416.0
001311.SZ,2026-04-16 14:51:00,32.72,32.73,32.71,32.72,20800,680525.0
001311.SZ,2026-04-16 14:52:00,32.71,32.72,32.69,32.7,28300,925738.0
001311.SZ,2026-04-16 14:53:00,32.72,32.72,32.66,32.69,47100,1539972.0
001311.SZ,2026-04-16 14:54:00,32.73,32.76,32.71,32.76,44600,1459868.0
001311.SZ,2026-04-16 14:55:00,32.75,32.77,32.75,32.77,17239,564732.25
001311.SZ,2026-04-16 14:56:00,32.77,32.77,32.75,32.76,22900,750151.0
001311.SZ,2026-04-16 14:57:00,32.74,32.75,32.62,32.72,35361,1156982.6
001311.SZ,2026-04-16 14:58:00,32.72,32.72,32.72,32.72,0,0.0
001311.SZ,2026-04-16 14:59:00,32.72,32.72,32.72,32.72,0,0.0
001311.SZ,2026-04-16 15:00:00,32.72,32.72,32.72,32.72,45400,1485488.0
001311.SZ,2026-04-17 09:30:00,32.49,32.99,32.49,32.99,20500,667614.0
001311.SZ,2026-04-17 09:31:00,32.75,32.75,32.38,32.49,128500,4178013.0
001311.SZ,2026-04-17 09:32:00,32.45,32.48,32.23,32.29,93000,3006989.0
001311.SZ,2026-04-17 09:33:00,32.3,32.34,32.28,32.29,48600,1569555.0
001311.SZ,2026-04-17 09:34:00,32.29,32.33,32.25,32.32,17000,549108.0
001311.SZ,2026-04-17 09:35:00,32.33,32.43,32.33,32.42,22600,731349.0
001311.SZ,2026-04-17 09:36:00,32.45,32.45,32.4,32.43,18300,593300.0
001311.SZ,2026-04-17 09:37:00,32.41,32.41,32.31,32.35,25600,828515.0
001311.SZ,2026-04-17 09:38:00,32.39,32.39,32.28,32.28,36700,1185984.0
001311.SZ,2026-04-17 09:39:00,32.31,32.34,32.27,32.3,76100,2457708.0
001311.SZ,2026-04-17 09:40:00,32.32,32.32,32.24,32.26,59300,1913153.0
001311.SZ,2026-04-17 09:41:00,32.26,32.3,32.25,32.25,32900,1062042.0
001311.SZ,2026-04-17 09:42:00,32.27,32.5,32.25,32.41,172100,5561400.0
001311.SZ,2026-04-17 09:43:00,32.41,32.41,32.36,32.36,21000,680409.0
001311.SZ,2026-04-17 09:44:00,32.36,32.37,32.3,32.3,14300,462459.0
001311.SZ,2026-04-17 09:45:00,32.3,32.32,32.26,32.26,14700,474582.0
001311.SZ,2026-04-17 09:46:00,32.23,32.25,32.22,32.24,51807,1670173.6
001311.SZ,2026-04-17 09:47:00,32.21,32.21,32.12,32.12,57093,1837681.4
001311.SZ,2026-04-17 09:48:00,32.13,32.24,32.12,32.24,38207,1228831.4
001311.SZ,2026-04-17 09:49:00,32.21,32.24,32.19,32.19,12600,405875.0
001311.SZ,2026-04-17 09:50:00,32.18,32.21,32.18,32.2,25200,811093.0
001311.SZ,2026-04-17 09:51:00,32.23,32.23,32.18,32.18,5400,173842.0
001311.SZ,2026-04-17 09:52:00,32.18,32.18,32.11,32.16,112500,3614542.0
001311.SZ,2026-04-17 09:53:00,32.12,32.2,32.09,32.11,185200,5951029.0
001311.SZ,2026-04-17 09:54:00,32.18,32.18,32.14,32.18,15300,492189.0
001311.SZ,2026-04-17 09:55:00,32.2,32.2,32.13,32.13,7400,238058.0
001311.SZ,2026-04-17 09:56:00,32.12,32.12,31.92,31.93,119700,3833677.0
001311.SZ,2026-04-17 09:57:00,31.9,31.9,31.8,31.85,114100,3635577.0
001311.SZ,2026-04-17 09:58:00,31.81,31.83,31.67,31.68,122200,3879939.0
001311.SZ,2026-04-17 09:59:00,31.68,31.68,31.6,31.63,44100,1396104.0
001311.SZ,2026-04-17 10:00:00,31.61,31.77,31.61,31.73,102500,3244411.0
001311.SZ,2026-04-17 10:01:00,31.78,31.8,31.7,31.73,48400,1535923.0
001311.SZ,2026-04-17 10:02:00,31.73,31.8,31.7,31.75,49000,1554736.0
001311.SZ,2026-04-17 10:03:00,31.77,31.78,31.68,31.68,37500,1190238.0
001311.SZ,2026-04-17 10:04:00,31.66,31.83,31.66,31.83,51300,1627350.0
001311.SZ,2026-04-17 10:05:00,31.8,31.81,31.78,31.79,18800,597779.0
001311.SZ,2026-04-17 10:06:00,31.81,31.81,31.75,31.75,4600,146169.0
001311.SZ,2026-04-17 10:07:00,31.77,31.77,31.7,31.7,28400,901076.0
001311.SZ,2026-04-17 10:08:00,31.7,31.84,31.68,31.84,50600,1605437.0
001311.SZ,2026-04-17 10:09:00,31.82,31.89,31.82,31.89,7700,245316.0
001311.SZ,2026-04-17 10:10:00,31.89,31.9,31.75,31.75,41500,1322493.0
001311.SZ,2026-04-17 10:11:00,31.75,31.77,31.71,31.76,15600,495208.0
001311.SZ,2026-04-17 10:12:00,31.74,31.74,31.72,31.74,3200,101564.0
001311.SZ,2026-04-17 10:13:00,31.74,31.74,31.73,31.74,6100,193559.0
001311.SZ,2026-04-17 10:14:00,31.74,31.75,31.72,31.75,11300,358607.0
001311.SZ,2026-04-17 10:15:00,31.76,31.77,31.75,31.75,11300,358833.0
001311.SZ,2026-04-17 10:16:00,31.75,31.8,31.75,31.8,6900,219194.0
001311.SZ,2026-04-17 10:17:00,31.81,31.82,31.79,31.8,3900,124057.0
001311.SZ,2026-04-17 10:18:00,31.8,31.83,31.79,31.83,5300,168605.0
001311.SZ,2026-04-17 10:19:00,31.82,31.82,31.8,31.81,7900,251267.0
001311.SZ,2026-04-17 10:20:00,31.8,31.83,31.8,31.83,3700,117730.0
001311.SZ,2026-04-17 10:21:00,31.84,31.87,31.84,31.87,7500,238925.0
001311.SZ,2026-04-17 10:22:00,31.85,31.87,31.85,31.87,7100,226170.0
001311.SZ,2026-04-17 10:23:00,31.87,31.87,31.82,31.82,7200,229324.0
001311.SZ,2026-04-17 10:24:00,31.82,31.82,31.77,31.78,8400,267012.0
001311.SZ,2026-04-17 10:25:00,31.78,31.81,31.78,31.8,6700,213033.0
001311.SZ,2026-04-17 10:26:00,31.81,31.81,31.8,31.8,1600,50885.0
001311.SZ,2026-04-17 10:27:00,31.81,31.83,31.78,31.78,11400,362556.0
001311.SZ,2026-04-17 10:28:00,31.79,31.82,31.79,31.8,2900,92210.0
001311.SZ,2026-04-17 10:29:00,31.8,31.81,31.8,31.81,1900,60432.0
001311.SZ,2026-04-17 10:30:00,31.81,31.82,31.78,31.8,10800,343480.0
001311.SZ,2026-04-17 10:31:00,31.79,31.82,31.79,31.82,15100,480077.0
001311.SZ,2026-04-17 10:32:00,31.81,31.86,31.81,31.84,11000,350327.0
001311.SZ,2026-04-17 10:33:00,31.87,31.94,31.87,31.94,24200,771698.0
001311.SZ,2026-04-17 10:34:00,31.89,31.89,31.86,31.86,10700,341135.0
001311.SZ,2026-04-17 10:35:00,31.85,31.88,31.85,31.88,6600,210268.0
001311.SZ,2026-04-17 10:36:00,31.87,31.89,31.85,31.89,8500,270916.0
001311.SZ,2026-04-17 10:37:00,31.9,31.9,31.87,31.87,9100,290105.0
001311.SZ,2026-04-17 10:38:00,31.89,31.94,31.89,31.94,5800,185056.0
001311.SZ,2026-04-17 10:39:00,31.96,32.02,31.96,32.02,28200,902037.0
001311.SZ,2026-04-17 10:40:00,32.0,32.01,32.0,32.0,11300,361668.0
001311.SZ,2026-04-17 10:41:00,32.01,32.01,31.94,31.94,18300,585526.0
001311.SZ,2026-04-17 10:42:00,31.95,31.99,31.95,31.98,12800,409196.0
001311.SZ,2026-04-17 10:43:00,31.98,32.01,31.98,32.01,3700,118354.0
001311.SZ,2026-04-17 10:44:00,32.01,32.02,31.98,31.98,13100,419240.0
001311.SZ,2026-04-17 10:45:00,31.98,32.01,31.97,32.01,8000,255851.0
001311.SZ,2026-04-17 10:46:00,32.01,32.05,32.01,32.05,9200,294670.0
001311.SZ,2026-04-17 10:47:00,32.06,32.07,32.05,32.07,5900,189119.0
001311.SZ,2026-04-17 10:48:00,32.08,32.08,32.02,32.02,18300,586506.0
001311.SZ,2026-04-17 10:49:00,32.01,32.01,31.99,31.99,7600,243260.0
001311.SZ,2026-04-17 10:50:00,32.0,32.0,31.98,31.99,12400,396586.0
001311.SZ,2026-04-17 10:51:00,31.99,31.99,31.94,31.94,15000,479230.0
001311.SZ,2026-04-17 10:52:00,31.95,31.95,31.93,31.93,5700,182061.0
001311.SZ,2026-04-17 10:53:00,31.9,31.91,31.88,31.9,12500,398688.0
001311.SZ,2026-04-17 10:54:00,31.91,31.92,31.91,31.92,2700,86176.0
001311.SZ,2026-04-17 10:55:00,31.92,31.94,31.92,31.94,4400,140504.0
001311.SZ,2026-04-17 10:56:00,31.91,31.93,31.91,31.92,18600,593800.0
001311.SZ,2026-04-17 10:57:00,31.92,31.92,31.89,31.89,5400,172265.0
001311.SZ,2026-04-17 10:58:00,31.9,31.97,31.9,31.95,16100,513980.0
001311.SZ,2026-04-17 10:59:00,31.94,31.94,31.9,31.91,14500,462808.0
001311.SZ,2026-04-17 11:00:00,31.91,31.92,31.9,31.9,6800,216924.0
001311.SZ,2026-04-17 11:01:00,31.89,31.89,31.81,31.81,18900,602105.0
001311.SZ,2026-04-17 11:02:00,31.8,31.84,31.8,31.82,12200,388062.0
001311.SZ,2026-04-17 11:03:00,31.83,31.84,31.82,31.84,1800,57298.0
001311.SZ,2026-04-17 11:04:00,31.81,31.82,31.81,31.82,6700,213134.0
001311.SZ,2026-04-17 11:05:00,31.81,31.82,31.78,31.78,15700,499151.0
001311.SZ,2026-04-17 11:06:00,31.78,31.79,31.78,31.79,13500,429088.0
001311.SZ,2026-04-17 11:07:00,31.79,31.8,31.78,31.79,5200,165316.0
001311.SZ,2026-04-17 11:08:00,31.79,31.79,31.79,31.79,2800,89012.0
001311.SZ,2026-04-17 11:09:00,31.79,31.81,31.78,31.81,8600,273423.0
001311.SZ,2026-04-17 11:10:00,31.78,31.79,31.77,31.77,17000,540281.0
001311.SZ,2026-04-17 11:11:00,31.77,31.8,31.77,31.8,5300,168430.0
001311.SZ,2026-04-17 11:12:00,31.79,31.8,31.77,31.78,13800,438549.0
001311.SZ,2026-04-17 11:13:00,31.78,31.79,31.78,31.79,7100,225660.0
001311.SZ,2026-04-17 11:14:00,31.78,31.79,31.77,31.78,8900,282843.0
001311.SZ,2026-04-17 11:15:00,31.78,31.78,31.77,31.78,3000,95337.0
001311.SZ,2026-04-17 11:16:00,31.78,31.8,31.77,31.8,10400,330535.0
001311.SZ,2026-04-17 11:17:00,31.81,31.86,31.81,31.86,21800,693863.0
001311.SZ,2026-04-17 11:18:00,31.84,31.84,31.82,31.82,2400,76400.0
001311.SZ,2026-04-17 11:19:00,31.81,31.81,31.81,31.81,20100,639398.0
001311.SZ,2026-04-17 11:20:00,31.81,31.81,31.8,31.81,8100,257645.0
001311.SZ,2026-04-17 11:21:00,31.81,31.81,31.79,31.79,6700,213036.0
001311.SZ,2026-04-17 11:22:00,31.78,31.8,31.78,31.78,6200,197117.0
001311.SZ,2026-04-17 11:23:00,31.8,31.8,31.79,31.79,300,9539.0
001311.SZ,2026-04-17 11:24:00,31.8,31.81,31.8,31.81,2800,89056.0
001311.SZ,2026-04-17 11:25:00,31.8,31.8,31.75,31.79,32100,1019767.0
001311.SZ,2026-04-17 11:26:00,31.77,31.8,31.77,31.8,400,12715.0
001311.SZ,2026-04-17 11:27:00,31.79,31.79,31.77,31.79,1300,41325.0
001311.SZ,2026-04-17 11:28:00,31.77,31.8,31.77,31.78,1900,60401.0
001311.SZ,2026-04-17 11:29:00,31.78,31.79,31.78,31.78,2800,88984.0
001311.SZ,2026-04-17 11:30:00,31.78,31.79,31.78,31.79,2100,66747.0
001311.SZ,2026-04-17 13:01:00,31.79,31.86,31.78,31.85,61200,1948169.0
001311.SZ,2026-04-17 13:02:00,31.83,31.83,31.8,31.8,6400,203645.0
001311.SZ,2026-04-17 13:03:00,31.79,31.82,31.79,31.82,2600,82697.7
001311.SZ,2026-04-17 13:04:00,31.82,31.84,31.82,31.84,2130,67812.6
001311.SZ,2026-04-17 13:05:00,31.84,31.86,31.81,31.81,14300,455361.7
001311.SZ,2026-04-17 13:06:00,31.84,31.84,31.81,31.84,4600,146433.0
001311.SZ,2026-04-17 13:07:00,31.83,31.83,31.81,31.81,3000,95467.0
001311.SZ,2026-04-17 13:08:00,31.8,31.81,31.8,31.81,8400,267199.7
001311.SZ,2026-04-17 13:09:00,31.81,31.86,31.81,31.86,9400,299166.0
001311.SZ,2026-04-17 13:10:00,31.86,31.86,31.81,31.81,9500,302475.0
001311.SZ,2026-04-17 13:11:00,31.81,31.82,31.81,31.82,1700,54084.0
001311.SZ,2026-04-17 13:12:00,31.81,31.83,31.81,31.82,2200,70006.0
001311.SZ,2026-04-17 13:13:00,31.81,31.82,31.81,31.82,8700,276810.0
001311.SZ,2026-04-17 13:14:00,31.82,31.82,31.82,31.82,1600,50912.0
001311.SZ,2026-04-17 13:15:00,31.82,31.82,31.82,31.82,1400,44548.0
001311.SZ,2026-04-17 13:16:00,31.82,31.82,31.81,31.82,4000,127273.0
001311.SZ,2026-04-17 13:17:00,31.82,31.84,31.82,31.82,12300,391461.0
001311.SZ,2026-04-17 13:18:00,31.82,31.83,31.82,31.83,3400,108191.0
001311.SZ,2026-04-17 13:19:00,31.82,31.82,31.81,31.82,2700,85921.0
001311.SZ,2026-04-17 13:20:00,31.83,31.83,31.83,31.83,1200,38196.0
001311.SZ,2026-04-17 13:21:00,31.83,31.84,31.83,31.84,4700,149622.0
001311.SZ,2026-04-17 13:22:00,31.83,31.84,31.83,31.84,2800,89129.0
001311.SZ,2026-04-17 13:23:00,31.84,31.86,31.84,31.85,11100,353535.0
001311.SZ,2026-04-17 13:24:00,31.86,31.87,31.86,31.86,3000,95581.0
001311.SZ,2026-04-17 13:25:00,31.87,31.94,31.87,31.94,18200,580393.0
001311.SZ,2026-04-17 13:26:00,31.95,32.0,31.95,31.98,10800,345333.0
001311.SZ,2026-04-17 13:27:00,31.99,31.99,31.96,31.96,5400,172702.0
001311.SZ,2026-04-17 13:28:00,31.97,31.98,31.96,31.97,2800,89521.0
001311.SZ,2026-04-17 13:29:00,31.99,31.99,31.96,31.97,5700,182195.0
001311.SZ,2026-04-17 13:30:00,31.97,31.97,31.95,31.95,2200,70308.0
001311.SZ,2026-04-17 13:31:00,31.96,31.96,31.95,31.95,3700,118223.0
001311.SZ,2026-04-17 13:32:00,31.97,31.98,31.96,31.96,10200,326099.0
001311.SZ,2026-04-17 13:33:00,31.97,31.97,31.96,31.96,1800,57536.0
001311.SZ,2026-04-17 13:34:00,31.96,31.96,31.95,31.96,3040,97145.0
001311.SZ,2026-04-17 13:35:00,31.95,31.95,31.95,31.95,1060,33867.0
001311.SZ,2026-04-17 13:36:00,31.94,31.96,31.92,31.96,4600,146946.0
001311.SZ,2026-04-17 13:37:00,31.95,31.95,31.93,31.94,7200,229989.0
001311.SZ,2026-04-17 13:38:00,31.94,31.99,31.94,31.96,20100,642674.0
001311.SZ,2026-04-17 13:39:00,31.98,31.98,31.96,31.97,1700,54345.0
001311.SZ,2026-04-17 13:40:00,31.97,31.97,31.97,31.97,1100,35163.0
001311.SZ,2026-04-17 13:41:00,31.96,31.96,31.95,31.96,5300,169382.0
001311.SZ,2026-04-17 13:42:00,31.96,31.96,31.94,31.94,5200,166156.0
001311.SZ,2026-04-17 13:43:00,31.94,31.95,31.93,31.94,2800,89440.0
001311.SZ,2026-04-17 13:44:00,31.94,31.94,31.94,31.94,0,0.0
001311.SZ,2026-04-17 13:45:00,31.95,31.96,31.95,31.95,3238,103455.1
001311.SZ,2026-04-17 13:46:00,31.96,31.96,31.95,31.96,8300,265190.0
001311.SZ,2026-04-17 13:47:00,32.0,32.0,31.98,31.98,35800,1145105.0
001311.SZ,2026-04-17 13:48:00,31.99,32.02,31.99,32.02,9300,297682.0
001311.SZ,2026-04-17 13:49:00,32.0,32.02,32.0,32.0,18700,598722.0
001311.SZ,2026-04-17 13:50:00,32.01,32.03,32.01,32.03,1900,60838.0
001311.SZ,2026-04-17 13:51:00,32.03,32.04,32.01,32.01,8000,256224.0
001311.SZ,2026-04-17 13:52:00,32.02,32.03,32.02,32.03,4000,128096.0
001311.SZ,2026-04-17 13:53:00,32.03,32.04,32.02,32.04,5400,172983.0
001311.SZ,2026-04-17 13:54:00,32.02,32.02,32.0,32.0,6400,204839.0
001311.SZ,2026-04-17 13:55:00,32.0,32.01,32.0,32.0,4300,137602.0
001311.SZ,2026-04-17 13:56:00,32.0,32.01,31.99,31.99,14200,454084.0
001311.SZ,2026-04-17 13:57:00,32.0,32.0,31.95,31.98,8600,274925.0
001311.SZ,2026-04-17 13:58:00,31.97,31.98,31.97,31.97,1200,38369.0
001311.SZ,2026-04-17 13:59:00,31.97,31.97,31.96,31.96,4200,134275.0
001311.SZ,2026-04-17 14:00:00,31.97,31.97,31.95,31.96,15900,508163.0
001311.SZ,2026-04-17 14:01:00,31.95,31.98,31.95,31.98,13740,439138.0
001311.SZ,2026-04-17 14:02:00,31.97,31.98,31.96,31.97,10200,326093.0
001311.SZ,2026-04-17 14:03:00,31.96,31.96,31.92,31.93,43960,1404806.0
001311.SZ,2026-04-17 14:04:00,31.93,31.94,31.92,31.94,10700,341602.0
001311.SZ,2026-04-17 14:05:00,31.94,31.95,31.94,31.95,700,22359.0
001311.SZ,2026-04-17 14:06:00,31.96,31.96,31.94,31.94,4500,143779.6
001311.SZ,2026-04-17 14:07:00,31.95,31.97,31.95,31.96,4600,147024.0
001311.SZ,2026-04-17 14:08:00,31.96,31.97,31.96,31.97,3400,108671.0
001311.SZ,2026-04-17 14:09:00,31.96,31.96,31.94,31.94,19700,629496.0
001311.SZ,2026-04-17 14:10:00,31.94,31.95,31.92,31.95,2300,73439.0
001311.SZ,2026-04-17 14:11:00,31.93,31.93,31.92,31.93,1800,57460.0
001311.SZ,2026-04-17 14:12:00,31.92,31.95,31.92,31.95,8200,261823.0
001311.SZ,2026-04-17 14:13:00,31.95,31.95,31.92,31.94,7900,252517.0
001311.SZ,2026-04-17 14:14:00,31.94,31.96,31.94,31.94,1600,51115.0
001311.SZ,2026-04-17 14:15:00,31.94,31.94,31.91,31.92,6100,194740.0
001311.SZ,2026-04-17 14:16:00,31.92,31.92,31.92,31.92,800,25536.0
001311.SZ,2026-04-17 14:17:00,31.92,31.93,31.92,31.92,7300,233019.0
001311.SZ,2026-04-17 14:18:00,31.91,31.92,31.9,31.9,6100,194658.0
001311.SZ,2026-04-17 14:19:00,31.89,31.89,31.86,31.87,28800,918480.0
001311.SZ,2026-04-17 14:20:00,31.87,31.88,31.86,31.87,1800,57352.0
001311.SZ,2026-04-17 14:21:00,31.87,31.87,31.86,31.87,2500,79669.0
001311.SZ,2026-04-17 14:22:00,31.85,31.86,31.85,31.86,8700,277154.0
001311.SZ,2026-04-17 14:23:00,31.86,31.88,31.86,31.87,6900,219910.0
001311.SZ,2026-04-17 14:24:00,31.87,31.87,31.86,31.87,2100,66919.0
001311.SZ,2026-04-17 14:25:00,31.87,31.89,31.87,31.89,3500,111592.0
001311.SZ,2026-04-17 14:26:00,31.88,31.89,31.87,31.89,6100,194464.0
001311.SZ,2026-04-17 14:27:00,31.89,31.89,31.88,31.88,4300,137112.0
001311.SZ,2026-04-17 14:28:00,31.89,31.89,31.86,31.88,16100,513178.0
001311.SZ,2026-04-17 14:29:00,31.88,31.88,31.88,31.88,10300,328364.0
001311.SZ,2026-04-17 14:30:00,31.86,31.9,31.86,31.87,19200,612105.0
001311.SZ,2026-04-17 14:31:00,31.87,31.9,31.87,31.87,9700,309141.0
001311.SZ,2026-04-17 14:32:00,31.87,31.88,31.86,31.86,7000,223076.0
001311.SZ,2026-04-17 14:33:00,31.88,31.88,31.86,31.86,14500,462069.0
001311.SZ,2026-04-17 14:34:00,31.86,31.87,31.86,31.86,3000,95591.0
001311.SZ,2026-04-17 14:35:00,31.86,31.87,31.86,31.87,3900,124271.0
001311.SZ,2026-04-17 14:36:00,31.87,31.87,31.84,31.85,34600,1102148.0
001311.SZ,2026-04-17 14:37:00,31.86,31.87,31.85,31.85,4000,127454.0
001311.SZ,2026-04-17 14:38:00,31.85,31.87,31.85,31.85,7149,227757.66
001311.SZ,2026-04-17 14:39:00,31.85,31.86,31.84,31.84,7551,240527.34
001311.SZ,2026-04-17 14:40:00,31.84,31.86,31.84,31.86,7949,253198.66
001311.SZ,2026-04-17 14:41:00,31.85,31.85,31.84,31.84,10951,348748.88
001311.SZ,2026-04-17 14:42:00,31.85,31.85,31.83,31.84,10100,321630.0
001311.SZ,2026-04-17 14:43:00,31.84,31.84,31.83,31.83,5500,175075.0
001311.SZ,2026-04-17 14:44:00,31.83,31.83,31.82,31.82,18000,572884.0
001311.SZ,2026-04-17 14:45:00,31.82,31.83,31.81,31.83,17700,563180.0
001311.SZ,2026-04-17 14:46:00,31.82,31.84,31.79,31.79,44532,1416697.2
001311.SZ,2026-04-17 14:47:00,31.78,31.79,31.77,31.79,16368,520222.72
001311.SZ,2026-04-17 14:48:00,31.79,31.79,31.78,31.79,5700,181193.0
001311.SZ,2026-04-17 14:49:00,31.79,31.79,31.78,31.78,21900,696020.0
001311.SZ,2026-04-17 14:50:00,31.78,31.79,31.76,31.76,27200,864338.0
001311.SZ,2026-04-17 14:51:00,31.76,31.76,31.72,31.72,38800,1231649.0
001311.SZ,2026-04-17 14:52:00,31.73,31.73,31.72,31.73,23100,732775.0
001311.SZ,2026-04-17 14:53:00,31.73,31.74,31.72,31.73,35300,1119886.0
001311.SZ,2026-04-17 14:54:00,31.72,31.74,31.72,31.74,35600,1129695.0
001311.SZ,2026-04-17 14:55:00,31.73,31.73,31.72,31.73,27400,869272.0
001311.SZ,2026-04-17 14:56:00,31.74,31.75,31.72,31.75,29700,942561.0
001311.SZ,2026-04-17 14:57:00,31.72,31.77,31.72,31.76,24400,774778.0
001311.SZ,2026-04-17 14:58:00,31.76,31.76,31.76,31.76,0,0.0
001311.SZ,2026-04-17 14:59:00,31.76,31.76,31.76,31.76,0,0.0
001311.SZ,2026-04-17 15:00:00,31.74,31.74,31.74,31.74,35000,1110900.0
001311.SZ,2026-04-20 09:30:00,31.9,31.9,31.9,31.9,15700,500830.0
001311.SZ,2026-04-20 09:31:00,31.88,31.88,31.57,31.64,62600,1985773.0
001311.SZ,2026-04-20 09:32:00,31.63,31.63,31.51,31.61,35200,1111334.0
001311.SZ,2026-04-20 09:33:00,31.57,31.62,31.48,31.48,77300,2437692.0
001311.SZ,2026-04-20 09:34:00,31.41,31.54,31.4,31.54,68300,2148948.0
001311.SZ,2026-04-20 09:35:00,31.51,31.57,31.39,31.46,81100,2550563.0
001311.SZ,2026-04-20 09:36:00,31.46,31.47,31.4,31.41,34700,1090431.0
001311.SZ,2026-04-20 09:37:00,31.44,31.61,31.44,31.61,31500,992311.0
001311.SZ,2026-04-20 09:38:00,31.62,31.79,31.59,31.77,46500,1472154.0
001311.SZ,2026-04-20 09:39:00,31.77,31.77,31.66,31.7,52000,1650640.0
001311.SZ,2026-04-20 09:40:00,31.7,31.83,31.7,31.78,26700,848395.0
001311.SZ,2026-04-20 09:41:00,31.84,32.09,31.83,31.99,45900,1467728.0
001311.SZ,2026-04-20 09:42:00,32.07,32.07,31.87,31.94,102800,3287163.0
001311.SZ,2026-04-20 09:43:00,31.87,31.94,31.87,31.89,7800,248874.0
001311.SZ,2026-04-20 09:44:00,31.89,31.96,31.89,31.94,14200,453394.0
001311.SZ,2026-04-20 09:45:00,31.93,32.02,31.92,32.01,25900,828280.0
001311.SZ,2026-04-20 09:46:00,32.03,32.16,32.01,32.13,46195,1481690.4
001311.SZ,2026-04-20 09:47:00,32.11,32.29,32.11,32.29,68784,2215281.2
001311.SZ,2026-04-20 09:48:00,32.29,32.58,32.29,32.5,147800,4798551.0
001311.SZ,2026-04-20 09:49:00,32.55,32.8,32.53,32.75,104300,3405417.0
001311.SZ,2026-04-20 09:50:00,32.74,32.88,32.71,32.82,92000,3015047.0
001311.SZ,2026-04-20 09:51:00,32.88,32.93,32.71,32.76,57600,1890602.0
001311.SZ,2026-04-20 09:52:00,32.74,32.81,32.71,32.77,57800,1892530.0
001311.SZ,2026-04-20 09:53:00,32.75,32.76,32.71,32.75,24300,795790.0
001311.SZ,2026-04-20 09:54:00,32.72,32.72,32.54,32.59,43500,1419304.0
001311.SZ,2026-04-20 09:55:00,32.5,32.59,32.5,32.57,17300,563055.0
001311.SZ,2026-04-20 09:56:00,32.55,32.55,32.51,32.52,10900,354517.0
001311.SZ,2026-04-20 09:57:00,32.51,32.53,32.44,32.44,16300,529638.0
001311.SZ,2026-04-20 09:58:00,32.45,32.67,32.45,32.67,22500,732304.0
001311.SZ,2026-04-20 09:59:00,32.66,32.8,32.65,32.8,113700,3725582.0
001311.SZ,2026-04-20 10:00:00,32.72,33.05,32.72,33.05,125200,4119952.0
001311.SZ,2026-04-20 10:01:00,33.06,33.26,33.06,33.21,69200,2293680.0
001311.SZ,2026-04-20 10:02:00,33.2,33.3,33.04,33.07,90100,2987865.0
001311.SZ,2026-04-20 10:03:00,33.15,33.2,33.07,33.19,65900,2183828.0
001311.SZ,2026-04-20 10:04:00,33.18,33.19,33.06,33.06,88500,2934038.0
001311.SZ,2026-04-20 10:05:00,33.06,33.09,32.93,32.93,57900,1910882.0
001311.SZ,2026-04-20 10:06:00,32.91,32.91,32.83,32.86,27300,897668.0
001311.SZ,2026-04-20 10:07:00,32.87,33.0,32.83,32.83,126551,4162010.2
001311.SZ,2026-04-20 10:08:00,32.76,32.86,32.76,32.84,23400,768189.06
001311.SZ,2026-04-20 10:09:00,32.75,32.8,32.72,32.74,22700,743472.0
001311.SZ,2026-04-20 10:10:00,32.74,32.8,32.74,32.8,28000,917098.0
001311.SZ,2026-04-20 10:11:00,32.77,32.9,32.77,32.88,68900,2263979.0
001311.SZ,2026-04-20 10:12:00,32.86,32.86,32.75,32.83,16700,548113.0
001311.SZ,2026-04-20 10:13:00,32.86,32.86,32.79,32.79,22200,728557.0
001311.SZ,2026-04-20 10:14:00,32.81,32.91,32.81,32.81,17300,568675.4
001311.SZ,2026-04-20 10:15:00,32.83,32.83,32.78,32.78,9100,298432.0
001311.SZ,2026-04-20 10:16:00,32.76,32.76,32.61,32.61,29200,955334.0
001311.SZ,2026-04-20 10:17:00,32.67,32.67,32.59,32.59,16700,544518.0
001311.SZ,2026-04-20 10:18:00,32.58,32.67,32.54,32.67,16500,537836.0
001311.SZ,2026-04-20 10:19:00,32.7,32.84,32.68,32.74,32400,1060498.0
001311.SZ,2026-04-20 10:20:00,32.74,32.74,32.58,32.65,45300,1480783.0
001311.SZ,2026-04-20 10:21:00,32.68,32.68,32.56,32.6,14100,459553.0
001311.SZ,2026-04-20 10:22:00,32.56,32.78,32.56,32.78,27100,885529.0
001311.SZ,2026-04-20 10:23:00,32.72,32.8,32.68,32.73,42100,1379990.0
001311.SZ,2026-04-20 10:24:00,32.68,32.74,32.65,32.74,13500,441246.0
001311.SZ,2026-04-20 10:25:00,32.78,32.78,32.69,32.7,11200,366260.0
001311.SZ,2026-04-20 10:26:00,32.67,32.78,32.67,32.76,10900,356903.0
001311.SZ,2026-04-20 10:27:00,32.69,32.79,32.67,32.74,16900,553273.0
001311.SZ,2026-04-20 10:28:00,32.8,32.83,32.77,32.8,17300,567320.0
001311.SZ,2026-04-20 10:29:00,32.74,32.79,32.71,32.79,7200,235632.0
001311.SZ,2026-04-20 10:30:00,32.69,32.72,32.63,32.7,22000,719085.0
001311.SZ,2026-04-20 10:31:00,32.7,32.71,32.65,32.7,11900,388801.0
001311.SZ,2026-04-20 10:32:00,32.67,32.71,32.65,32.65,17700,578729.0
001311.SZ,2026-04-20 10:33:00,32.68,32.68,32.63,32.64,22400,731328.0
001311.SZ,2026-04-20 10:34:00,32.61,32.62,32.57,32.61,33800,1102282.0
001311.SZ,2026-04-20 10:35:00,32.62,32.65,32.59,32.6,21600,704573.0
001311.SZ,2026-04-20 10:36:00,32.62,32.67,32.61,32.67,12400,404677.0
001311.SZ,2026-04-20 10:37:00,32.66,32.72,32.66,32.7,22400,732025.0
001311.SZ,2026-04-20 10:38:00,32.66,32.69,32.66,32.67,7300,238463.0
001311.SZ,2026-04-20 10:39:00,32.63,32.66,32.61,32.61,14600,476388.0
001311.SZ,2026-04-20 10:40:00,32.62,32.78,32.62,32.78,35045,1145435.4
001311.SZ,2026-04-20 10:41:00,32.63,32.64,32.63,32.63,54500,1778958.0
001311.SZ,2026-04-20 10:42:00,32.62,32.69,32.62,32.69,5100,166375.0
001311.SZ,2026-04-20 10:43:00,32.62,32.62,32.56,32.56,40100,1307083.0
001311.SZ,2026-04-20 10:44:00,32.6,32.6,32.56,32.56,14200,462732.0
001311.SZ,2026-04-20 10:45:00,32.57,32.62,32.52,32.62,30400,990225.0
001311.SZ,2026-04-20 10:46:00,32.62,32.62,32.56,32.58,7700,250839.0
001311.SZ,2026-04-20 10:47:00,32.61,32.61,32.55,32.57,10500,341968.0
001311.SZ,2026-04-20 10:48:00,32.57,32.61,32.53,32.6,13500,439738.0
001311.SZ,2026-04-20 10:49:00,32.6,32.6,32.55,32.55,6700,218230.0
001311.SZ,2026-04-20 10:50:00,32.6,32.69,32.58,32.67,26100,851701.0
001311.SZ,2026-04-20 10:51:00,32.72,32.72,32.64,32.64,32200,1052730.0
001311.SZ,2026-04-20 10:52:00,32.64,32.64,32.54,32.55,8300,270293.0
001311.SZ,2026-04-20 10:53:00,32.61,32.61,32.53,32.54,5000,162709.0
001311.SZ,2026-04-20 10:54:00,32.61,32.62,32.55,32.61,16600,541141.0
001311.SZ,2026-04-20 10:55:00,32.66,32.71,32.63,32.69,38300,1251324.0
001311.SZ,2026-04-20 10:56:00,32.68,32.72,32.66,32.71,4300,140537.0
001311.SZ,2026-04-20 10:57:00,32.67,32.8,32.67,32.76,32600,1067229.0
001311.SZ,2026-04-20 10:58:00,32.72,32.79,32.72,32.73,17300,566857.0
001311.SZ,2026-04-20 10:59:00,32.76,32.76,32.67,32.67,8800,287866.0
001311.SZ,2026-04-20 11:00:00,32.75,32.76,32.67,32.67,19500,638001.0
001311.SZ,2026-04-20 11:01:00,32.67,32.71,32.67,32.71,11500,375965.0
001311.SZ,2026-04-20 11:02:00,32.68,32.72,32.62,32.66,26800,875374.0
001311.SZ,2026-04-20 11:03:00,32.65,32.7,32.63,32.65,7900,257944.0
001311.SZ,2026-04-20 11:04:00,32.65,32.65,32.6,32.6,19100,623113.0
001311.SZ,2026-04-20 11:05:00,32.6,32.61,32.55,32.6,14300,465873.0
001311.SZ,2026-04-20 11:06:00,32.55,32.62,32.55,32.57,12500,407376.0
001311.SZ,2026-04-20 11:07:00,32.57,32.57,32.52,32.52,9100,296146.0
001311.SZ,2026-04-20 11:08:00,32.56,32.56,32.52,32.52,4400,143117.0
001311.SZ,2026-04-20 11:09:00,32.5,32.5,32.44,32.44,25500,828754.0
001311.SZ,2026-04-20 11:10:00,32.49,32.49,32.44,32.44,9900,321257.0
001311.SZ,2026-04-20 11:11:00,32.47,32.47,32.43,32.44,17000,551472.0
001311.SZ,2026-04-20 11:12:00,32.43,32.45,32.38,32.42,46900,1519546.0
001311.SZ,2026-04-20 11:13:00,32.42,32.5,32.42,32.43,40600,1317330.0
001311.SZ,2026-04-20 11:14:00,32.38,32.43,32.36,32.38,11600,375562.0
001311.SZ,2026-04-20 11:15:00,32.39,32.4,32.37,32.37,94900,3073628.0
001311.SZ,2026-04-20 11:16:00,32.36,32.39,32.35,32.35,17400,563133.0
001311.SZ,2026-04-20 11:17:00,32.39,32.4,32.33,32.4,34800,1125919.0
001311.SZ,2026-04-20 11:18:00,32.34,32.36,32.28,32.36,78800,2544556.0
001311.SZ,2026-04-20 11:19:00,32.36,32.44,32.3,32.34,75500,2440426.0
001311.SZ,2026-04-20 11:20:00,32.3,32.3,32.25,32.25,67500,2180152.0
001311.SZ,2026-04-20 11:21:00,32.28,32.36,32.28,32.36,9500,306849.0
001311.SZ,2026-04-20 11:22:00,32.3,32.36,32.3,32.3,6800,219798.0
001311.SZ,2026-04-20 11:23:00,32.36,32.36,32.3,32.3,7900,255287.0
001311.SZ,2026-04-20 11:24:00,32.32,32.32,32.22,32.22,9500,306663.0
001311.SZ,2026-04-20 11:25:00,32.28,32.28,32.25,32.28,4600,148462.0
001311.SZ,2026-04-20 11:26:00,32.25,32.39,32.25,32.25,11500,371419.0
001311.SZ,2026-04-20 11:27:00,32.25,32.29,32.23,32.24,10600,341837.0
001311.SZ,2026-04-20 11:28:00,32.29,32.29,32.24,32.24,3400,109698.0
001311.SZ,2026-04-20 11:29:00,32.24,32.32,32.24,32.27,7500,242188.0
001311.SZ,2026-04-20 11:30:00,32.27,32.4,32.27,32.38,6900,223305.0
001311.SZ,2026-04-20 13:01:00,32.37,32.4,32.22,32.23,30000,968765.0
001311.SZ,2026-04-20 13:02:00,32.22,32.22,32.2,32.22,5700,183585.0
001311.SZ,2026-04-20 13:03:00,32.22,32.26,32.21,32.23,13200,425390.0
001311.SZ,2026-04-20 13:04:00,32.23,32.32,32.23,32.29,13000,419321.0
001311.SZ,2026-04-20 13:05:00,32.27,32.3,32.27,32.3,4600,148474.0
001311.SZ,2026-04-20 13:06:00,32.3,32.3,32.22,32.22,13300,429103.0
001311.SZ,2026-04-20 13:07:00,32.25,32.29,32.25,32.29,2200,70996.0
001311.SZ,2026-04-20 13:08:00,32.29,32.3,32.18,32.19,57600,1855856.0
001311.SZ,2026-04-20 13:09:00,32.18,32.18,32.14,32.16,16400,527243.0
001311.SZ,2026-04-20 13:10:00,32.16,32.16,32.13,32.14,14100,453190.0
001311.SZ,2026-04-20 13:11:00,32.14,32.21,32.14,32.2,13200,424602.0
001311.SZ,2026-04-20 13:12:00,32.21,32.21,32.19,32.19,4200,135238.0
001311.SZ,2026-04-20 13:13:00,32.19,32.21,32.18,32.19,4600,148083.0
001311.SZ,2026-04-20 13:14:00,32.19,32.19,32.15,32.16,16800,540100.0
001311.SZ,2026-04-20 13:15:00,32.16,32.21,32.16,32.21,9500,305681.0
001311.SZ,2026-04-20 13:16:00,32.21,32.28,32.21,32.28,6400,206420.0
001311.SZ,2026-04-20 13:17:00,32.28,32.36,32.28,32.33,20600,665652.0
001311.SZ,2026-04-20 13:18:00,32.32,32.32,32.3,32.31,10100,326304.0
001311.SZ,2026-04-20 13:19:00,32.3,32.33,32.3,32.33,2100,67851.0
001311.SZ,2026-04-20 13:20:00,32.31,32.31,32.27,32.27,11200,361645.0
001311.SZ,2026-04-20 13:21:00,32.27,32.27,32.24,32.24,6700,216155.0
001311.SZ,2026-04-20 13:22:00,32.24,32.24,32.21,32.21,4200,135307.0
001311.SZ,2026-04-20 13:23:00,32.2,32.21,32.15,32.15,21800,701254.0
001311.SZ,2026-04-20 13:24:00,32.15,32.17,32.15,32.16,2600,83616.0
001311.SZ,2026-04-20 13:25:00,32.17,32.17,32.15,32.15,13900,447050.0
001311.SZ,2026-04-20 13:26:00,32.16,32.16,32.13,32.13,2500,80372.0
001311.SZ,2026-04-20 13:27:00,32.13,32.16,32.13,32.16,2700,86801.0
001311.SZ,2026-04-20 13:28:00,32.15,32.16,32.14,32.15,7100,228298.0
001311.SZ,2026-04-20 13:29:00,32.14,32.14,32.11,32.11,11100,356636.0
001311.SZ,2026-04-20 13:30:00,32.11,32.13,32.11,32.13,2400,77077.0
001311.SZ,2026-04-20 13:31:00,32.15,32.16,32.14,32.16,6200,199280.0
001311.SZ,2026-04-20 13:32:00,32.16,32.16,32.14,32.14,9100,292512.0
001311.SZ,2026-04-20 13:33:00,32.13,32.14,32.13,32.14,1700,54630.0
001311.SZ,2026-04-20 13:34:00,32.14,32.15,32.12,32.12,8400,269868.0
001311.SZ,2026-04-20 13:35:00,32.11,32.12,32.11,32.12,6100,195899.0
001311.SZ,2026-04-20 13:36:00,32.11,32.13,32.11,32.13,9100,292326.0
001311.SZ,2026-04-20 13:37:00,32.15,32.15,32.13,32.15,7400,237913.0
001311.SZ,2026-04-20 13:38:00,32.16,32.17,32.15,32.17,2200,70756.0
001311.SZ,2026-04-20 13:39:00,32.19,32.19,32.17,32.18,4200,135146.0
001311.SZ,2026-04-20 13:40:00,32.19,32.21,32.13,32.2,56100,1804679.0
001311.SZ,2026-04-20 13:41:00,32.2,32.22,32.17,32.17,3300,106250.0
001311.SZ,2026-04-20 13:42:00,32.19,32.19,32.15,32.15,1300,41810.0
001311.SZ,2026-04-20 13:43:00,32.13,32.16,32.13,32.14,1700,54648.0
001311.SZ,2026-04-20 13:44:00,32.14,32.15,32.14,32.15,5800,186465.0
001311.SZ,2026-04-20 13:45:00,32.13,32.13,32.12,32.12,9200,295567.0
001311.SZ,2026-04-20 13:46:00,32.13,32.13,32.12,32.13,3500,112451.0
001311.SZ,2026-04-20 13:47:00,32.13,32.14,32.13,32.14,30300,973553.0
001311.SZ,2026-04-20 13:48:00,32.14,32.14,32.12,32.13,10600,340560.0
001311.SZ,2026-04-20 13:49:00,32.13,32.14,32.08,32.08,16816,539916.75
001311.SZ,2026-04-20 13:50:00,32.07,32.08,32.06,32.08,6500,208497.0
001311.SZ,2026-04-20 13:51:00,32.03,32.04,32.0,32.04,52784,1691350.9
001311.SZ,2026-04-20 13:52:00,32.03,32.03,31.99,31.99,27916,893469.2
001311.SZ,2026-04-20 13:53:00,31.98,32.01,31.98,32.0,2184,69878.0
001311.SZ,2026-04-20 13:54:00,32.01,32.02,32.0,32.01,3700,118425.0
001311.SZ,2026-04-20 13:55:00,32.01,32.05,32.01,32.05,26700,855383.0
001311.SZ,2026-04-20 13:56:00,32.05,32.05,32.03,32.05,7700,246708.0
001311.SZ,2026-04-20 13:57:00,32.03,32.04,32.02,32.04,9500,304326.0
001311.SZ,2026-04-20 13:58:00,32.03,32.04,32.03,32.04,4800,153757.0
001311.SZ,2026-04-20 13:59:00,32.03,32.04,32.03,32.04,2500,80098.0
001311.SZ,2026-04-20 14:00:00,32.04,32.05,32.03,32.03,25200,807146.0
001311.SZ,2026-04-20 14:01:00,32.03,32.03,31.98,31.98,21800,697854.0
001311.SZ,2026-04-20 14:02:00,32.0,32.01,32.0,32.0,13100,419256.0
001311.SZ,2026-04-20 14:03:00,32.01,32.02,31.98,32.02,38300,1225655.0
001311.SZ,2026-04-20 14:04:00,32.01,32.02,32.01,32.01,21900,701022.0
001311.SZ,2026-04-20 14:05:00,32.01,32.04,32.01,32.04,53700,1719118.0
001311.SZ,2026-04-20 14:06:00,32.04,32.19,32.03,32.15,190500,6110869.0
001311.SZ,2026-04-20 14:07:00,32.13,32.13,32.11,32.12,3300,105974.0
001311.SZ,2026-04-20 14:08:00,32.13,32.13,32.12,32.13,18700,600792.0
001311.SZ,2026-04-20 14:09:00,32.13,32.13,32.11,32.12,22500,722706.0
001311.SZ,2026-04-20 14:10:00,32.06,32.08,32.05,32.07,41600,1334413.0
001311.SZ,2026-04-20 14:11:00,32.08,32.08,32.07,32.08,31300,1003410.0
001311.SZ,2026-04-20 14:12:00,32.08,32.08,32.02,32.04,8400,269196.0
001311.SZ,2026-04-20 14:13:00,32.05,32.07,32.04,32.06,9100,291713.0
001311.SZ,2026-04-20 14:14:00,32.05,32.06,32.03,32.03,6600,211501.0
001311.SZ,2026-04-20 14:15:00,32.04,32.05,32.04,32.04,1700,54472.0
001311.SZ,2026-04-20 14:16:00,32.04,32.08,32.04,32.07,7000,224463.0
001311.SZ,2026-04-20 14:17:00,32.09,32.09,32.07,32.08,6600,211736.0
001311.SZ,2026-04-20 14:18:00,32.09,32.13,32.09,32.13,4900,157342.0
001311.SZ,2026-04-20 14:19:00,32.14,32.17,32.14,32.17,4600,147858.0
001311.SZ,2026-04-20 14:20:00,32.16,32.19,32.15,32.19,8700,279914.0
001311.SZ,2026-04-20 14:21:00,32.17,32.17,32.15,32.15,33700,1083981.0
001311.SZ,2026-04-20 14:22:00,32.13,32.15,32.12,32.12,8000,257093.0
001311.SZ,2026-04-20 14:23:00,32.12,32.13,32.11,32.13,6400,205587.0
001311.SZ,2026-04-20 14:24:00,32.13,32.15,32.12,32.13,9600,308561.0
001311.SZ,2026-04-20 14:25:00,32.13,32.16,32.13,32.16,5700,183208.0
001311.SZ,2026-04-20 14:26:00,32.16,32.16,32.15,32.15,2900,93255.0
001311.SZ,2026-04-20 14:27:00,32.17,32.17,32.17,32.17,2500,80425.0
001311.SZ,2026-04-20 14:28:00,32.16,32.17,32.15,32.17,7200,231596.0
001311.SZ,2026-04-20 14:29:00,32.17,32.18,32.16,32.17,8900,286295.0
001311.SZ,2026-04-20 14:30:00,32.17,32.2,32.17,32.19,19300,621111.0
001311.SZ,2026-04-20 14:31:00,32.16,32.17,32.15,32.16,19100,614509.0
001311.SZ,2026-04-20 14:32:00,32.15,32.18,32.15,32.18,6900,221951.0
001311.SZ,2026-04-20 14:33:00,32.18,32.18,32.16,32.16,10700,344162.0
001311.SZ,2026-04-20 14:34:00,32.16,32.16,32.14,32.15,17600,565822.0
001311.SZ,2026-04-20 14:35:00,32.15,32.15,32.13,32.13,5400,173575.0
001311.SZ,2026-04-20 14:36:00,32.14,32.14,32.12,32.12,5800,186345.0
001311.SZ,2026-04-20 14:37:00,32.12,32.14,32.12,32.14,5400,173504.0
001311.SZ,2026-04-20 14:38:00,32.14,32.15,32.14,32.14,8400,269985.0
001311.SZ,2026-04-20 14:39:00,32.14,32.14,32.14,32.14,3700,118918.0
001311.SZ,2026-04-20 14:40:00,32.14,32.16,32.13,32.16,31800,1022034.0
001311.SZ,2026-04-20 14:41:00,32.15,32.17,32.14,32.17,11700,376163.0
001311.SZ,2026-04-20 14:42:00,32.14,32.15,32.14,32.15,7500,241057.0
001311.SZ,2026-04-20 14:43:00,32.15,32.15,32.14,32.14,9600,308634.0
001311.SZ,2026-04-20 14:44:00,32.15,32.15,32.14,32.14,5300,170356.0
001311.SZ,2026-04-20 14:45:00,32.15,32.17,32.15,32.15,9800,315143.0
001311.SZ,2026-04-20 14:46:00,32.18,32.18,32.15,32.18,6000,193017.0
001311.SZ,2026-04-20 14:47:00,32.2,32.29,32.2,32.25,52600,1696647.0
001311.SZ,2026-04-20 14:48:00,32.25,32.28,32.23,32.28,10000,322610.0
001311.SZ,2026-04-20 14:49:00,32.27,32.28,32.26,32.27,11200,361384.0
001311.SZ,2026-04-20 14:50:00,32.27,32.29,32.26,32.29,10800,348554.0
001311.SZ,2026-04-20 14:51:00,32.25,32.25,32.23,32.24,24100,777153.0
001311.SZ,2026-04-20 14:52:00,32.24,32.25,32.22,32.22,19400,625398.0
001311.SZ,2026-04-20 14:53:00,32.21,32.24,32.2,32.24,18600,599191.0
001311.SZ,2026-04-20 14:54:00,32.23,32.23,32.19,32.2,17400,560420.0
001311.SZ,2026-04-20 14:55:00,32.19,32.22,32.19,32.21,19600,631312.0
001311.SZ,2026-04-20 14:56:00,32.21,32.22,32.2,32.2,17100,550818.0
001311.SZ,2026-04-20 14:57:00,32.2,32.22,32.19,32.19,19400,624664.0
001311.SZ,2026-04-20 14:58:00,32.19,32.19,32.19,32.19,0,0.0
001311.SZ,2026-04-20 14:59:00,32.19,32.19,32.19,32.19,0,0.0
001311.SZ,2026-04-20 15:00:00,32.3,32.3,32.3,32.3,51000,1647300.0
001311.SZ,2026-04-21 09:30:00,32.11,32.11,32.04,32.04,6500,208470.0
001311.SZ,2026-04-21 09:31:00,32.1,32.3,31.9,32.1,121800,3896631.0
001311.SZ,2026-04-21 09:32:00,32.13,32.77,32.13,32.62,112500,3660233.0
001311.SZ,2026-04-21 09:33:00,32.62,32.66,32.47,32.49,63000,2051735.0
001311.SZ,2026-04-21 09:34:00,32.47,32.7,32.47,32.62,78700,2568106.0
001311.SZ,2026-04-21 09:35:00,32.57,32.57,32.42,32.5,12800,416191.0
001311.SZ,2026-04-21 09:36:00,32.53,32.78,32.53,32.7,107900,3528552.0
001311.SZ,2026-04-21 09:37:00,32.7,32.7,32.5,32.58,28400,924075.0
001311.SZ,2026-04-21 09:38:00,32.63,32.64,32.5,32.52,61600,2005615.0
001311.SZ,2026-04-21 09:39:00,32.5,32.52,32.35,32.36,23100,750214.0
001311.SZ,2026-04-21 09:40:00,32.35,32.35,32.21,32.23,13400,432253.0
001311.SZ,2026-04-21 09:41:00,32.27,32.33,32.27,32.31,34900,1127673.0
001311.SZ,2026-04-21 09:42:00,32.31,32.33,32.25,32.33,16700,539384.0
001311.SZ,2026-04-21 09:43:00,32.32,32.49,32.32,32.41,31400,1017841.0
001311.SZ,2026-04-21 09:44:00,32.39,32.42,32.35,32.4,9300,301196.0
001311.SZ,2026-04-21 09:45:00,32.4,32.43,32.36,32.39,17500,566698.0
001311.SZ,2026-04-21 09:46:00,32.39,32.43,32.33,32.37,14100,456691.0
001311.SZ,2026-04-21 09:47:00,32.35,32.35,32.25,32.28,18200,588166.0
001311.SZ,2026-04-21 09:48:00,32.31,32.35,32.27,32.28,27900,901353.0
001311.SZ,2026-04-21 09:49:00,32.28,32.3,32.25,32.27,16200,522889.0
001311.SZ,2026-04-21 09:50:00,32.27,32.31,32.27,32.3,14500,468095.0
001311.SZ,2026-04-21 09:51:00,32.3,32.3,32.23,32.24,24200,780764.0
001311.SZ,2026-04-21 09:52:00,32.24,32.24,32.17,32.21,36200,1165876.0
001311.SZ,2026-04-21 09:53:00,32.21,32.23,32.19,32.19,26700,860422.0
001311.SZ,2026-04-21 09:54:00,32.22,32.28,32.22,32.24,7000,225736.0
001311.SZ,2026-04-21 09:55:00,32.24,32.27,32.24,32.26,2400,77435.0
001311.SZ,2026-04-21 09:56:00,32.24,32.25,32.23,32.24,2300,74153.0
001311.SZ,2026-04-21 09:57:00,32.25,32.28,32.25,32.28,8000,258081.0
001311.SZ,2026-04-21 09:58:00,32.28,32.28,32.25,32.25,10100,325817.0
001311.SZ,2026-04-21 09:59:00,32.24,32.27,32.24,32.27,5600,180581.0
001311.SZ,2026-04-21 10:00:00,32.26,32.31,32.25,32.31,12000,387519.0
001311.SZ,2026-04-21 10:01:00,32.33,32.33,32.27,32.28,16800,542525.0
001311.SZ,2026-04-21 10:02:00,32.28,32.28,32.25,32.25,8500,274231.0
001311.SZ,2026-04-21 10:03:00,32.25,32.25,32.19,32.22,29500,950630.0
001311.SZ,2026-04-21 10:04:00,32.22,32.22,32.18,32.18,11900,383300.0
001311.SZ,2026-04-21 10:05:00,32.18,32.26,32.18,32.26,11000,354286.0
001311.SZ,2026-04-21 10:06:00,32.26,32.26,32.23,32.23,1200,38692.0
001311.SZ,2026-04-21 10:07:00,32.23,32.23,32.2,32.2,16300,525044.0
001311.SZ,2026-04-21 10:08:00,32.18,32.21,32.17,32.17,18100,582577.0
001311.SZ,2026-04-21 10:09:00,32.15,32.17,32.14,32.14,15000,482350.0
001311.SZ,2026-04-21 10:10:00,32.13,32.21,32.12,32.18,5700,183336.0
001311.SZ,2026-04-21 10:11:00,32.16,32.18,32.15,32.18,6700,215555.0
001311.SZ,2026-04-21 10:12:00,32.18,32.27,32.18,32.22,12500,402780.0
001311.SZ,2026-04-21 10:13:00,32.2,32.26,32.18,32.26,8600,277013.0
001311.SZ,2026-04-21 10:14:00,32.22,32.27,32.2,32.27,8500,273913.0
001311.SZ,2026-04-21 10:15:00,32.2,32.25,32.18,32.22,5500,177171.0
001311.SZ,2026-04-21 10:16:00,32.2,32.24,32.18,32.19,17900,576399.0
001311.SZ,2026-04-21 10:17:00,32.18,32.19,32.14,32.17,16900,543525.0
001311.SZ,2026-04-21 10:18:00,32.17,32.19,32.12,32.19,39400,1266184.0
001311.SZ,2026-04-21 10:19:00,32.15,32.21,32.12,32.14,80300,2581875.0
001311.SZ,2026-04-21 10:20:00,32.16,32.18,32.13,32.18,11600,372821.0
001311.SZ,2026-04-21 10:21:00,32.18,32.4,32.15,32.36,74300,2399625.0
001311.SZ,2026-04-21 10:22:00,32.41,32.48,32.34,32.47,83700,2711855.0
001311.SZ,2026-04-21 10:23:00,32.5,32.5,32.41,32.42,12000,389547.0
001311.SZ,2026-04-21 10:24:00,32.37,32.41,32.34,32.34,6600,213707.0
001311.SZ,2026-04-21 10:25:00,32.35,32.35,32.3,32.3,4500,145547.0
001311.SZ,2026-04-21 10:26:00,32.3,32.38,32.3,32.36,11000,355788.0
001311.SZ,2026-04-21 10:27:00,32.36,32.36,32.32,32.34,6500,210247.0
001311.SZ,2026-04-21 10:28:00,32.33,32.33,32.33,32.33,500,16163.0
001311.SZ,2026-04-21 10:29:00,32.31,32.32,32.3,32.31,2000,64620.0
001311.SZ,2026-04-21 10:30:00,32.31,32.33,32.3,32.32,7900,255321.0
001311.SZ,2026-04-21 10:31:00,32.31,32.4,32.3,32.39,14000,452787.0
001311.SZ,2026-04-21 10:32:00,32.4,32.42,32.39,32.39,12100,391975.0
001311.SZ,2026-04-21 10:33:00,32.39,32.39,32.34,32.34,7500,242777.0
001311.SZ,2026-04-21 10:34:00,32.34,32.34,32.31,32.31,1100,35553.0
001311.SZ,2026-04-21 10:35:00,32.26,32.28,32.26,32.26,3400,109705.0
001311.SZ,2026-04-21 10:36:00,32.24,32.25,32.21,32.24,4900,158048.0
001311.SZ,2026-04-21 10:37:00,32.24,32.29,32.24,32.27,10500,338794.0
001311.SZ,2026-04-21 10:38:00,32.27,32.29,32.25,32.25,4000,129132.0
001311.SZ,2026-04-21 10:39:00,32.25,32.27,32.22,32.27,4000,128989.0
001311.SZ,2026-04-21 10:40:00,32.26,32.28,32.25,32.28,6400,206450.0
001311.SZ,2026-04-21 10:41:00,32.27,32.28,32.24,32.24,10000,322651.0
001311.SZ,2026-04-21 10:42:00,32.25,32.25,32.24,32.25,2000,64483.0
001311.SZ,2026-04-21 10:43:00,32.23,32.27,32.23,32.24,2500,80640.0
001311.SZ,2026-04-21 10:44:00,32.28,32.28,32.27,32.27,3100,100056.0
001311.SZ,2026-04-21 10:45:00,32.28,32.29,32.27,32.27,2200,71006.0
001311.SZ,2026-04-21 10:46:00,32.27,32.27,32.22,32.22,9200,296611.0
001311.SZ,2026-04-21 10:47:00,32.22,32.22,32.15,32.15,25500,820209.0
001311.SZ,2026-04-21 10:48:00,32.18,32.18,32.16,32.17,5900,189812.0
001311.SZ,2026-04-21 10:49:00,32.17,32.22,32.17,32.22,7300,234869.0
001311.SZ,2026-04-21 10:50:00,32.21,32.21,32.18,32.18,2300,74046.0
001311.SZ,2026-04-21 10:51:00,32.18,32.19,32.18,32.19,1200,38618.0
001311.SZ,2026-04-21 10:52:00,32.19,32.19,32.16,32.17,3000,96542.0
001311.SZ,2026-04-21 10:53:00,32.17,32.18,32.11,32.11,10600,340777.0
001311.SZ,2026-04-21 10:54:00,32.06,32.14,32.06,32.11,20300,651920.0
001311.SZ,2026-04-21 10:55:00,32.12,32.13,32.04,32.04,32500,1043031.0
001311.SZ,2026-04-21 10:56:00,32.07,32.09,32.07,32.08,6000,192474.0
001311.SZ,2026-04-21 10:57:00,32.06,32.08,32.0,32.01,24700,791331.0
001311.SZ,2026-04-21 10:58:00,32.02,32.03,32.01,32.02,4700,150495.0
001311.SZ,2026-04-21 10:59:00,32.01,32.02,32.0,32.02,27300,873685.0
001311.SZ,2026-04-21 11:00:00,32.02,32.02,32.0,32.0,17700,566423.0
001311.SZ,2026-04-21 11:01:00,32.0,32.0,31.99,31.99,17200,550350.0
001311.SZ,2026-04-21 11:02:00,31.98,31.99,31.93,31.93,18200,581692.0
001311.SZ,2026-04-21 11:03:00,31.93,31.95,31.93,31.93,3300,105382.0
001311.SZ,2026-04-21 11:04:00,31.93,31.93,31.92,31.93,27814,887972.75
001311.SZ,2026-04-21 11:05:00,31.91,31.94,31.91,31.94,9200,293710.0
001311.SZ,2026-04-21 11:06:00,31.94,31.94,31.9,31.91,14200,453183.88
001311.SZ,2026-04-21 11:07:00,31.91,31.92,31.9,31.9,11200,357373.0
001311.SZ,2026-04-21 11:08:00,31.9,31.92,31.9,31.92,6600,210610.0
001311.SZ,2026-04-21 11:09:00,31.92,31.93,31.91,31.91,10500,335105.0
001311.SZ,2026-04-21 11:10:00,31.91,31.93,31.91,31.92,7100,226600.0
001311.SZ,2026-04-21 11:11:00,31.93,31.93,31.9,31.92,14400,459474.0
001311.SZ,2026-04-21 11:12:00,31.92,31.97,31.92,31.97,5400,172453.0
001311.SZ,2026-04-21 11:13:00,31.91,31.95,31.91,31.95,14400,459967.0
001311.SZ,2026-04-21 11:14:00,31.88,31.9,31.85,31.85,28400,905748.3
001311.SZ,2026-04-21 11:15:00,31.88,31.9,31.87,31.89,2300,73332.0
001311.SZ,2026-04-21 11:16:00,31.88,31.89,31.83,31.88,8100,258022.0
001311.SZ,2026-04-21 11:17:00,31.84,31.87,31.8,31.83,37300,1187006.0
001311.SZ,2026-04-21 11:18:00,31.82,31.84,31.82,31.82,1800,57280.0
001311.SZ,2026-04-21 11:19:00,31.84,31.84,31.8,31.8,11600,369127.0
001311.SZ,2026-04-21 11:20:00,31.81,31.83,31.8,31.81,5569,177165.2
001311.SZ,2026-04-21 11:21:00,31.81,31.82,31.81,31.82,1200,38180.0
001311.SZ,2026-04-21 11:22:00,31.81,31.81,31.79,31.81,15400,489755.0
001311.SZ,2026-04-21 11:23:00,31.85,31.85,31.85,31.85,16400,522197.0
001311.SZ,2026-04-21 11:24:00,31.85,31.89,31.85,31.85,2500,79667.0
001311.SZ,2026-04-21 11:25:00,31.87,31.87,31.83,31.83,3000,95549.0
001311.SZ,2026-04-21 11:26:00,31.83,31.83,31.83,31.83,1700,54111.0
001311.SZ,2026-04-21 11:27:00,31.83,31.83,31.81,31.81,5300,168648.0
001311.SZ,2026-04-21 11:28:00,31.8,31.84,31.8,31.84,4400,139941.0
001311.SZ,2026-04-21 11:29:00,31.81,31.84,31.8,31.84,1600,50911.0
001311.SZ,2026-04-21 11:30:00,31.82,31.82,31.81,31.81,5200,165459.0
001311.SZ,2026-04-21 13:01:00,31.82,31.86,31.8,31.86,25500,811542.0
001311.SZ,2026-04-21 13:02:00,31.86,31.89,31.85,31.86,6100,194412.0
001311.SZ,2026-04-21 13:03:00,31.87,31.95,31.87,31.95,6900,220154.0
001311.SZ,2026-04-21 13:04:00,31.94,31.96,31.9,31.9,11600,370284.0
001311.SZ,2026-04-21 13:05:00,31.9,31.91,31.9,31.91,3200,102080.0
001311.SZ,2026-04-21 13:06:00,31.9,31.98,31.9,31.98,8000,255362.0
001311.SZ,2026-04-21 13:07:00,31.98,32.02,31.98,32.0,5200,166407.0
001311.SZ,2026-04-21 13:08:00,32.0,32.01,31.99,31.99,6300,201603.0
001311.SZ,2026-04-21 13:09:00,32.0,32.0,31.98,31.98,5000,159932.0
001311.SZ,2026-04-21 13:10:00,31.98,32.01,31.97,31.99,2600,83148.0
001311.SZ,2026-04-21 13:11:00,31.99,32.03,31.99,32.01,37900,1208765.0
001311.SZ,2026-04-21 13:12:00,31.99,31.99,31.97,31.97,900,28796.0
001311.SZ,2026-04-21 13:13:00,31.96,31.96,31.96,31.96,200,6394.0
001311.SZ,2026-04-21 13:14:00,31.97,32.02,31.96,32.02,2300,73569.0
001311.SZ,2026-04-21 13:15:00,31.99,32.09,31.97,32.09,33100,1056386.0
001311.SZ,2026-04-21 13:16:00,32.1,32.12,32.1,32.1,13300,426920.0
001311.SZ,2026-04-21 13:17:00,32.09,32.15,32.09,32.15,11400,366091.0
001311.SZ,2026-04-21 13:18:00,32.17,32.2,32.12,32.12,17600,565876.0
001311.SZ,2026-04-21 13:19:00,32.11,32.11,32.03,32.03,3000,96194.0
001311.SZ,2026-04-21 13:20:00,32.03,32.03,31.94,31.94,7200,230292.0
001311.SZ,2026-04-21 13:21:00,31.94,31.94,31.92,31.93,2100,67050.0
001311.SZ,2026-04-21 13:22:00,31.92,31.94,31.92,31.94,2500,79828.0
001311.SZ,2026-04-21 13:23:00,31.96,31.96,31.93,31.93,4200,134166.0
001311.SZ,2026-04-21 13:24:00,31.92,31.93,31.92,31.93,7300,233074.0
001311.SZ,2026-04-21 13:25:00,31.94,31.94,31.93,31.93,3500,111767.0
001311.SZ,2026-04-21 13:26:00,31.93,31.94,31.93,31.94,1300,41513.0
001311.SZ,2026-04-21 13:27:00,31.93,31.93,31.91,31.91,9900,315984.0
001311.SZ,2026-04-21 13:28:00,31.92,31.96,31.9,31.96,13300,424534.0
001311.SZ,2026-04-21 13:29:00,31.96,31.96,31.95,31.95,500,15976.0
001311.SZ,2026-04-21 13:30:00,31.95,31.95,31.92,31.93,29200,932388.0
001311.SZ,2026-04-21 13:31:00,31.94,31.94,31.94,31.94,5000,159700.0
001311.SZ,2026-04-21 13:32:00,31.95,31.96,31.94,31.95,6200,198088.0
001311.SZ,2026-04-21 13:33:00,31.94,31.96,31.94,31.94,8100,258758.0
001311.SZ,2026-04-21 13:34:00,31.88,31.88,31.86,31.87,92200,2941415.0
001311.SZ,2026-04-21 13:35:00,31.87,31.9,31.87,31.9,31400,1000746.0
001311.SZ,2026-04-21 13:36:00,31.89,31.89,31.86,31.87,7900,251778.0
001311.SZ,2026-04-21 13:37:00,31.86,31.86,31.85,31.86,8700,277150.0
001311.SZ,2026-04-21 13:38:00,31.87,31.87,31.82,31.87,30500,971231.0
001311.SZ,2026-04-21 13:39:00,31.87,31.87,31.84,31.85,14300,455537.0
001311.SZ,2026-04-21 13:40:00,31.86,31.86,31.84,31.84,28100,894217.0
001311.SZ,2026-04-21 13:41:00,31.83,31.85,31.79,31.83,46900,1491628.0
001311.SZ,2026-04-21 13:42:00,31.83,31.83,31.75,31.81,42100,1338444.0
001311.SZ,2026-04-21 13:43:00,31.72,31.84,31.6,31.84,45100,1431825.0
001311.SZ,2026-04-21 13:44:00,31.84,31.87,31.81,31.87,48200,1534071.0
001311.SZ,2026-04-21 13:45:00,31.87,31.87,31.8,31.81,27300,866190.0
001311.SZ,2026-04-21 13:46:00,31.82,31.82,31.79,31.82,6600,209884.0
001311.SZ,2026-04-21 13:47:00,31.82,31.82,31.79,31.79,11800,375226.0
001311.SZ,2026-04-21 13:48:00,31.79,31.8,31.7,31.75,47800,1516614.0
001311.SZ,2026-04-21 13:49:00,31.71,31.75,31.7,31.7,43100,1367006.0
001311.SZ,2026-04-21 13:50:00,31.71,31.71,31.68,31.68,7200,228206.0
001311.SZ,2026-04-21 13:51:00,31.67,31.67,31.63,31.63,33600,1063483.0
001311.SZ,2026-04-21 13:52:00,31.62,31.68,31.62,31.66,31300,990888.0
001311.SZ,2026-04-21 13:53:00,31.69,31.7,31.67,31.7,7700,244006.0
001311.SZ,2026-04-21 13:54:00,31.7,31.72,31.66,31.72,6500,206034.0
001311.SZ,2026-04-21 13:55:00,31.73,31.73,31.61,31.66,41100,1301184.0
001311.SZ,2026-04-21 13:56:00,31.68,31.7,31.62,31.66,18800,595091.0
001311.SZ,2026-04-21 13:57:00,31.6,31.66,31.6,31.63,24100,762206.0
001311.SZ,2026-04-21 13:58:00,31.64,31.67,31.64,31.67,2100,66474.0
001311.SZ,2026-04-21 13:59:00,31.66,31.67,31.64,31.66,9800,310267.0
001311.SZ,2026-04-21 14:00:00,31.66,31.68,31.66,31.68,10100,319829.0
001311.SZ,2026-04-21 14:01:00,31.64,31.67,31.64,31.66,9508,301014.28
001311.SZ,2026-04-21 14:02:00,31.66,31.66,31.65,31.65,6100,193127.92
001311.SZ,2026-04-21 14:03:00,31.65,31.65,31.63,31.64,13192,417510.8
001311.SZ,2026-04-21 14:04:00,31.64,31.65,31.63,31.65,17000,537842.0
001311.SZ,2026-04-21 14:05:00,31.6,31.61,31.6,31.61,48100,1520931.0
001311.SZ,2026-04-21 14:06:00,31.6,31.61,31.59,31.59,28000,884791.0
001311.SZ,2026-04-21 14:07:00,31.59,31.61,31.58,31.61,5600,176937.0
001311.SZ,2026-04-21 14:08:00,31.6,31.62,31.6,31.62,2000,63217.0
001311.SZ,2026-04-21 14:09:00,31.61,31.61,31.59,31.59,15600,493026.0
001311.SZ,2026-04-21 14:10:00,31.55,31.57,31.55,31.57,16800,530458.0
001311.SZ,2026-04-21 14:11:00,31.57,31.57,31.54,31.55,13700,432249.0
001311.SZ,2026-04-21 14:12:00,31.55,31.55,31.54,31.54,6200,195606.0
001311.SZ,2026-04-21 14:13:00,31.55,31.55,31.52,31.52,16100,507746.0
001311.SZ,2026-04-21 14:14:00,31.52,31.53,31.5,31.52,40200,1266980.0
001311.SZ,2026-04-21 14:15:00,31.52,31.57,31.51,31.57,21600,681247.0
001311.SZ,2026-04-21 14:16:00,31.52,31.56,31.52,31.55,5400,170318.0
001311.SZ,2026-04-21 14:17:00,31.55,31.55,31.55,31.55,500,15775.0
001311.SZ,2026-04-21 14:18:00,31.55,31.55,31.54,31.54,16700,526821.0
001311.SZ,2026-04-21 14:19:00,31.54,31.55,31.53,31.55,2100,66242.0
001311.SZ,2026-04-21 14:20:00,31.55,31.57,31.55,31.57,2400,75738.0
001311.SZ,2026-04-21 14:21:00,31.57,31.57,31.56,31.56,10500,331449.0
001311.SZ,2026-04-21 14:22:00,31.55,31.61,31.55,31.61,6500,205276.0
001311.SZ,2026-04-21 14:23:00,31.59,31.61,31.59,31.6,4900,154838.0
001311.SZ,2026-04-21 14:24:00,31.6,31.62,31.59,31.62,4500,142219.0
001311.SZ,2026-04-21 14:25:00,31.62,31.62,31.61,31.61,2100,66398.0
001311.SZ,2026-04-21 14:26:00,31.62,31.63,31.61,31.63,3200,101186.0
001311.SZ,2026-04-21 14:27:00,31.61,31.62,31.6,31.6,11300,357086.0
001311.SZ,2026-04-21 14:28:00,31.6,31.6,31.59,31.59,4500,142191.0
001311.SZ,2026-04-21 14:29:00,31.6,31.62,31.59,31.62,11000,347598.0
001311.SZ,2026-04-21 14:30:00,31.62,31.68,31.62,31.68,9500,300645.0
001311.SZ,2026-04-21 14:31:00,31.66,31.67,31.65,31.65,12100,383058.0
001311.SZ,2026-04-21 14:32:00,31.65,31.65,31.6,31.63,16700,527995.0
001311.SZ,2026-04-21 14:33:00,31.65,31.65,31.59,31.62,37100,1172565.0
001311.SZ,2026-04-21 14:34:00,31.62,31.63,31.62,31.63,5100,161296.0
001311.SZ,2026-04-21 14:35:00,31.64,31.64,31.62,31.63,3800,120185.0
001311.SZ,2026-04-21 14:36:00,31.64,31.65,31.62,31.62,2600,82259.0
001311.SZ,2026-04-21 14:37:00,31.63,31.65,31.63,31.64,7400,234126.0
001311.SZ,2026-04-21 14:38:00,31.65,31.65,31.63,31.63,4400,139208.0
001311.SZ,2026-04-21 14:39:00,31.64,31.65,31.64,31.65,900,28478.0
001311.SZ,2026-04-21 14:40:00,31.64,31.65,31.63,31.63,6000,189815.0
001311.SZ,2026-04-21 14:41:00,31.63,31.65,31.62,31.65,9500,300498.0
001311.SZ,2026-04-21 14:42:00,31.63,31.66,31.62,31.63,11000,348015.0
001311.SZ,2026-04-21 14:43:00,31.62,31.64,31.59,31.6,81800,2585253.0
001311.SZ,2026-04-21 14:44:00,31.59,31.6,31.57,31.57,11300,356887.0
001311.SZ,2026-04-21 14:45:00,31.57,31.58,31.57,31.58,5232,165204.23
001311.SZ,2026-04-21 14:46:00,31.58,31.6,31.58,31.6,9300,293773.0
001311.SZ,2026-04-21 14:47:00,31.59,31.62,31.59,31.6,19900,628856.0
001311.SZ,2026-04-21 14:48:00,31.62,31.63,31.61,31.63,3300,104348.0
001311.SZ,2026-04-21 14:49:00,31.63,31.65,31.63,31.65,9100,287917.0
001311.SZ,2026-04-21 14:50:00,31.65,31.65,31.6,31.62,28500,901227.0
001311.SZ,2026-04-21 14:51:00,31.61,31.61,31.6,31.61,14300,452001.0
001311.SZ,2026-04-21 14:52:00,31.61,31.62,31.61,31.62,15698,496245.78
001311.SZ,2026-04-21 14:53:00,31.62,31.62,31.59,31.59,43102,1362124.2
001311.SZ,2026-04-21 14:54:00,31.6,31.61,31.59,31.59,30900,976433.0
001311.SZ,2026-04-21 14:55:00,31.6,31.6,31.58,31.6,30700,969588.0
001311.SZ,2026-04-21 14:56:00,31.6,31.62,31.59,31.62,8900,281281.0
001311.SZ,2026-04-21 14:57:00,31.61,31.62,31.6,31.61,14183,448305.8
001311.SZ,2026-04-21 14:58:00,31.61,31.61,31.61,31.61,0,0.0
001311.SZ,2026-04-21 14:59:00,31.61,31.61,31.61,31.61,0,0.0
001311.SZ,2026-04-21 15:00:00,31.64,31.64,31.64,31.64,28500,901740.0
001311.SZ,2026-04-22 09:30:00,31.51,31.51,31.5,31.51,11200,352882.0
001311.SZ,2026-04-22 09:31:00,31.48,31.52,31.19,31.4,98300,3082282.0
001311.SZ,2026-04-22 09:32:00,31.35,31.45,31.35,31.45,15230,477884.8
001311.SZ,2026-04-22 09:33:00,31.42,31.47,31.39,31.45,27800,874167.0
001311.SZ,2026-04-22 09:34:00,31.49,31.57,31.49,31.54,39200,1235871.0
001311.SZ,2026-04-22 09:35:00,31.57,31.57,31.42,31.42,21600,679978.0
001311.SZ,2026-04-22 09:36:00,31.38,31.42,31.35,31.4,57800,1813976.0
001311.SZ,2026-04-22 09:37:00,31.36,31.36,31.03,31.31,73300,2291686.0
001311.SZ,2026-04-22 09:38:00,31.35,31.44,31.32,31.44,16900,529860.0
001311.SZ,2026-04-22 09:39:00,31.4,31.4,31.32,31.32,34900,1095000.0
001311.SZ,2026-04-22 09:40:00,31.26,31.29,31.2,31.26,123300,3851737.0
001311.SZ,2026-04-22 09:41:00,31.28,31.29,31.25,31.25,17400,544284.0
001311.SZ,2026-04-22 09:42:00,31.26,31.28,31.21,31.28,13800,431187.0
001311.SZ,2026-04-22 09:43:00,31.28,31.39,31.21,31.32,93900,2934062.0
001311.SZ,2026-04-22 09:44:00,31.31,31.32,31.28,31.28,11900,372542.0
001311.SZ,2026-04-22 09:45:00,31.3,31.38,31.29,31.38,24300,761288.0
001311.SZ,2026-04-22 09:46:00,31.4,31.44,31.39,31.44,11600,364513.0
001311.SZ,2026-04-22 09:47:00,31.44,31.44,31.4,31.41,11400,358235.0
001311.SZ,2026-04-22 09:48:00,31.43,31.43,31.36,31.38,34000,1067447.0
001311.SZ,2026-04-22 09:49:00,31.36,31.38,31.36,31.38,13000,407702.0
001311.SZ,2026-04-22 09:50:00,31.33,31.38,31.33,31.36,14700,460922.0
001311.SZ,2026-04-22 09:51:00,31.37,31.39,31.3,31.33,20900,655131.0
001311.SZ,2026-04-22 09:52:00,31.31,31.31,31.22,31.22,23400,731378.0
001311.SZ,2026-04-22 09:53:00,31.22,31.22,31.12,31.12,52600,1639365.0
001311.SZ,2026-04-22 09:54:00,31.14,31.15,31.1,31.12,22900,712738.0
001311.SZ,2026-04-22 09:55:00,31.14,31.16,31.13,31.14,13250,412600.5
001311.SZ,2026-04-22 09:56:00,31.15,31.15,31.03,31.05,72850,2264915.0
001311.SZ,2026-04-22 09:57:00,31.05,31.09,31.04,31.08,26400,820033.0
001311.SZ,2026-04-22 09:58:00,31.08,31.12,31.08,31.11,24350,757047.0
001311.SZ,2026-04-22 09:59:00,31.12,31.14,31.06,31.14,37650,1170436.5
001311.SZ,2026-04-22 10:00:00,31.19,31.25,31.13,31.24,15800,492977.0
001311.SZ,2026-04-22 10:01:00,31.17,31.22,31.08,31.08,43900,1367223.0
001311.SZ,2026-04-22 10:02:00,31.07,31.07,31.05,31.06,33600,1043628.0
001311.SZ,2026-04-22 10:03:00,31.05,31.05,30.98,30.99,136300,4226610.0
001311.SZ,2026-04-22 10:04:00,31.02,31.02,30.94,30.98,33500,1037827.0
001311.SZ,2026-04-22 10:05:00,31.0,31.08,31.0,31.08,20000,620860.0
001311.SZ,2026-04-22 10:06:00,31.06,31.08,30.94,30.97,36500,1131104.0
001311.SZ,2026-04-22 10:07:00,30.97,31.03,30.97,31.03,17100,529896.0
001311.SZ,2026-04-22 10:08:00,31.04,31.21,31.04,31.21,31909,992967.75
001311.SZ,2026-04-22 10:09:00,31.23,31.23,31.05,31.17,41300,1286228.0
001311.SZ,2026-04-22 10:10:00,31.17,31.19,31.13,31.17,18900,588716.0
001311.SZ,2026-04-22 10:11:00,31.15,31.2,31.1,31.18,28556,889949.2
001311.SZ,2026-04-22 10:12:00,31.18,31.22,31.12,31.18,16800,523674.0
001311.SZ,2026-04-22 10:13:00,31.2,31.2,31.13,31.14,14400,448526.0
001311.SZ,2026-04-22 10:14:00,31.17,31.2,31.14,31.19,22800,710727.0
001311.SZ,2026-04-22 10:15:00,31.19,31.2,31.13,31.2,32800,1022211.0
001311.SZ,2026-04-22 10:16:00,31.2,31.27,31.2,31.25,65900,2056445.0
001311.SZ,2026-04-22 10:17:00,31.25,31.28,31.22,31.22,15200,474961.0
001311.SZ,2026-04-22 10:18:00,31.24,31.28,31.24,31.28,25351,792170.25
001311.SZ,2026-04-22 10:19:00,31.28,31.35,31.28,31.34,25000,782623.0
001311.SZ,2026-04-22 10:20:00,31.34,31.34,31.28,31.31,19600,613600.0
001311.SZ,2026-04-22 10:21:00,31.31,31.32,31.28,31.3,12100,378700.0
001311.SZ,2026-04-22 10:22:00,31.3,31.32,31.25,31.29,20200,631934.0
001311.SZ,2026-04-22 10:23:00,31.29,31.32,31.26,31.28,14100,441035.0
001311.SZ,2026-04-22 10:24:00,31.27,31.27,31.25,31.25,20838,651107.44
001311.SZ,2026-04-22 10:25:00,31.25,31.3,31.22,31.29,11300,352990.1
001311.SZ,2026-04-22 10:26:00,31.29,31.37,31.29,31.37,19100,598424.0
001311.SZ,2026-04-22 10:27:00,31.36,31.36,31.27,31.33,29100,911446.0
001311.SZ,2026-04-22 10:28:00,31.37,31.38,31.27,31.27,19300,604755.0
001311.SZ,2026-04-22 10:29:00,31.23,31.3,31.23,31.27,14100,440466.0
001311.SZ,2026-04-22 10:30:00,31.26,31.26,31.16,31.16,15000,468042.0
001311.SZ,2026-04-22 10:31:00,31.25,31.26,31.19,31.2,16100,502649.0
001311.SZ,2026-04-22 10:32:00,31.2,31.24,31.18,31.2,13100,408718.0
001311.SZ,2026-04-22 10:33:00,31.23,31.23,31.18,31.21,14000,436784.0
001311.SZ,2026-04-22 10:34:00,31.22,31.39,31.2,31.39,45400,1420645.0
001311.SZ,2026-04-22 10:35:00,31.39,31.42,31.28,31.28,22700,711522.0
001311.SZ,2026-04-22 10:36:00,31.35,31.35,31.29,31.3,16800,526258.0
001311.SZ,2026-04-22 10:37:00,31.31,31.34,31.25,31.25,11700,366164.0
001311.SZ,2026-04-22 10:38:00,31.3,31.31,31.24,31.26,11000,344043.0
001311.SZ,2026-04-22 10:39:00,31.24,31.24,31.2,31.22,24900,777375.0
001311.SZ,2026-04-22 10:40:00,31.23,31.23,31.19,31.21,16900,527434.0
001311.SZ,2026-04-22 10:41:00,31.22,31.27,31.21,31.23,24700,770932.0
001311.SZ,2026-04-22 10:42:00,31.24,31.26,31.24,31.24,14900,465399.0
001311.SZ,2026-04-22 10:43:00,31.23,31.44,31.23,31.37,80000,2512522.0
001311.SZ,2026-04-22 10:44:00,31.36,31.36,31.25,31.29,16700,523132.0
001311.SZ,2026-04-22 10:45:00,31.28,31.3,31.25,31.26,12100,378344.0
001311.SZ,2026-04-22 10:46:00,31.28,31.29,31.22,31.22,19000,593774.0
001311.SZ,2026-04-22 10:47:00,31.24,31.26,31.22,31.24,11900,371748.0
001311.SZ,2026-04-22 10:48:00,31.25,31.39,31.25,31.39,19100,597738.0
001311.SZ,2026-04-22 10:49:00,31.39,31.4,31.33,31.33,22600,709288.0
001311.SZ,2026-04-22 10:50:00,31.33,31.34,31.28,31.33,11000,344398.0
001311.SZ,2026-04-22 10:51:00,31.34,31.35,31.25,31.25,19800,619769.0
001311.SZ,2026-04-22 10:52:00,31.27,31.27,31.21,31.26,10900,340389.0
001311.SZ,2026-04-22 10:53:00,31.26,31.27,31.2,31.2,17700,552519.0
001311.SZ,2026-04-22 10:54:00,31.27,31.42,31.27,31.38,50600,1587315.0
001311.SZ,2026-04-22 10:55:00,31.4,31.48,31.4,31.44,33900,1065630.0
001311.SZ,2026-04-22 10:56:00,31.44,31.44,31.33,31.4,15000,470808.0
001311.SZ,2026-04-22 10:57:00,31.39,31.43,31.34,31.42,24100,756094.0
001311.SZ,2026-04-22 10:58:00,31.43,31.43,31.29,31.43,43700,1370655.0
001311.SZ,2026-04-22 10:59:00,31.37,31.43,31.35,31.35,9800,307447.0
001311.SZ,2026-04-22 11:00:00,31.35,31.7,31.35,31.52,99500,3141502.0
001311.SZ,2026-04-22 11:01:00,31.52,31.54,31.46,31.46,16000,504034.0
001311.SZ,2026-04-22 11:02:00,31.5,31.56,31.46,31.56,25800,812912.0
001311.SZ,2026-04-22 11:03:00,31.62,31.79,31.62,31.78,60300,1911801.0
001311.SZ,2026-04-22 11:04:00,31.78,31.78,31.67,31.68,31400,995038.0
001311.SZ,2026-04-22 11:05:00,31.69,31.72,31.68,31.71,20000,634024.0
001311.SZ,2026-04-22 11:06:00,31.72,31.86,31.72,31.81,52400,1665074.0
001311.SZ,2026-04-22 11:07:00,31.76,31.76,31.72,31.72,23500,746123.0
001311.SZ,2026-04-22 11:08:00,31.72,31.77,31.63,31.63,29400,932374.0
001311.SZ,2026-04-22 11:09:00,31.7,31.71,31.63,31.65,15400,487611.0
001311.SZ,2026-04-22 11:10:00,31.63,31.71,31.63,31.68,18800,595282.0
001311.SZ,2026-04-22 11:11:00,31.68,31.72,31.64,31.68,10200,323178.0
001311.SZ,2026-04-22 11:12:00,31.63,31.66,31.57,31.57,16300,515332.0
001311.SZ,2026-04-22 11:13:00,31.6,31.61,31.6,31.61,11900,375702.0
001311.SZ,2026-04-22 11:14:00,31.59,31.61,31.51,31.55,12100,381819.0
001311.SZ,2026-04-22 11:15:00,31.5,31.59,31.5,31.58,19100,602190.0
001311.SZ,2026-04-22 11:16:00,31.63,31.8,31.63,31.78,53800,1706004.0
001311.SZ,2026-04-22 11:17:00,31.77,31.77,31.64,31.64,13600,430949.0
001311.SZ,2026-04-22 11:18:00,31.7,31.81,31.69,31.75,31700,1006624.0
001311.SZ,2026-04-22 11:19:00,31.7,31.71,31.65,31.66,14600,462535.0
001311.SZ,2026-04-22 11:20:00,31.63,31.68,31.62,31.68,11800,373492.0
001311.SZ,2026-04-22 11:21:00,31.68,31.68,31.57,31.66,38100,1203418.0
001311.SZ,2026-04-22 11:22:00,31.66,31.72,31.61,31.7,15600,493385.0
001311.SZ,2026-04-22 11:23:00,31.6,31.67,31.55,31.56,13200,417315.0
001311.SZ,2026-04-22 11:24:00,31.56,31.79,31.56,31.79,58800,1866559.0
001311.SZ,2026-04-22 11:25:00,31.79,31.82,31.79,31.81,17100,543859.0
001311.SZ,2026-04-22 11:26:00,31.82,31.83,31.72,31.76,22600,718655.0
001311.SZ,2026-04-22 11:27:00,31.8,31.8,31.64,31.71,15600,494645.0
001311.SZ,2026-04-22 11:28:00,31.64,31.75,31.63,31.63,9400,297647.0
001311.SZ,2026-04-22 11:29:00,31.73,31.89,31.66,31.86,66400,2111861.0
001311.SZ,2026-04-22 11:30:00,31.86,31.89,31.83,31.83,14300,455442.0
001311.SZ,2026-04-22 13:01:00,31.83,31.83,31.64,31.68,44400,1408225.0
001311.SZ,2026-04-22 13:02:00,31.67,31.67,31.64,31.66,4500,142458.0
001311.SZ,2026-04-22 13:03:00,31.65,31.66,31.64,31.64,2800,88599.0
001311.SZ,2026-04-22 13:04:00,31.62,31.63,31.62,31.63,1800,56924.0
001311.SZ,2026-04-22 13:05:00,31.62,31.62,31.59,31.59,7300,230709.0
001311.SZ,2026-04-22 13:06:00,31.6,31.6,31.56,31.56,25000,789373.0
001311.SZ,2026-04-22 13:07:00,31.57,31.59,31.57,31.57,20200,637830.44
001311.SZ,2026-04-22 13:08:00,31.57,31.59,31.57,31.59,8500,268488.4
001311.SZ,2026-04-22 13:09:00,31.6,31.6,31.59,31.59,5100,161135.0
001311.SZ,2026-04-22 13:10:00,31.6,31.64,31.6,31.64,12500,395243.0
001311.SZ,2026-04-22 13:11:00,31.65,31.67,31.65,31.66,6600,208940.0
001311.SZ,2026-04-22 13:12:00,31.65,31.65,31.64,31.64,3500,110767.0
001311.SZ,2026-04-22 13:13:00,31.62,31.62,31.61,31.61,5600,177049.0
001311.SZ,2026-04-22 13:14:00,31.61,31.62,31.61,31.62,12200,385739.0
001311.SZ,2026-04-22 13:15:00,31.62,31.64,31.62,31.63,4700,148658.0
001311.SZ,2026-04-22 13:16:00,31.63,31.64,31.62,31.63,3059,96757.58
001311.SZ,2026-04-22 13:17:00,31.63,31.64,31.63,31.64,1000,31636.0
001311.SZ,2026-04-22 13:18:00,31.64,31.64,31.61,31.62,6141,194195.42
001311.SZ,2026-04-22 13:19:00,31.62,31.63,31.6,31.62,57400,1813882.0
001311.SZ,2026-04-22 13:20:00,31.62,31.64,31.62,31.63,8600,272021.0
001311.SZ,2026-04-22 13:21:00,31.63,31.68,31.63,31.68,14600,462189.0
001311.SZ,2026-04-22 13:22:00,31.67,31.67,31.64,31.64,13100,414799.0
001311.SZ,2026-04-22 13:23:00,31.64,31.67,31.64,31.67,9300,294505.0
001311.SZ,2026-04-22 13:24:00,31.67,31.67,31.66,31.66,8800,278659.0
001311.SZ,2026-04-22 13:25:00,31.66,31.69,31.66,31.68,15300,484576.0
001311.SZ,2026-04-22 13:26:00,31.68,31.7,31.68,31.7,6100,193307.0
001311.SZ,2026-04-22 13:27:00,31.69,31.69,31.67,31.67,15300,484757.0
001311.SZ,2026-04-22 13:28:00,31.67,31.67,31.65,31.66,5900,186827.0
001311.SZ,2026-04-22 13:29:00,31.66,31.67,31.66,31.67,2500,79158.0
001311.SZ,2026-04-22 13:30:00,31.68,31.68,31.66,31.67,3100,98166.0
001311.SZ,2026-04-22 13:31:00,31.66,31.67,31.66,31.67,200,6333.0
001311.SZ,2026-04-22 13:32:00,31.67,31.7,31.67,31.7,47400,1501224.0
001311.SZ,2026-04-22 13:33:00,31.69,31.75,31.69,31.75,29700,941554.0
001311.SZ,2026-04-22 13:34:00,31.75,31.81,31.75,31.81,6700,212921.0
001311.SZ,2026-04-22 13:35:00,31.79,31.8,31.75,31.78,7200,228649.0
001311.SZ,2026-04-22 13:36:00,31.74,31.74,31.72,31.72,3800,120595.0
001311.SZ,2026-04-22 13:37:00,31.72,31.73,31.72,31.73,2900,92008.0
001311.SZ,2026-04-22 13:38:00,31.74,31.74,31.72,31.72,2000,63449.0
001311.SZ,2026-04-22 13:39:00,31.72,31.72,31.69,31.72,5600,177506.0
001311.SZ,2026-04-22 13:40:00,31.72,31.73,31.59,31.59,38800,1228420.0
001311.SZ,2026-04-22 13:41:00,31.56,31.59,31.5,31.5,34800,1097939.0
001311.SZ,2026-04-22 13:42:00,31.52,31.52,31.5,31.5,16400,516672.0
001311.SZ,2026-04-22 13:43:00,31.5,31.51,31.46,31.46,9500,299118.0
001311.SZ,2026-04-22 13:44:00,31.47,31.47,31.41,31.46,14200,446423.0
001311.SZ,2026-04-22 13:45:00,31.49,31.54,31.49,31.5,45000,1417448.0
001311.SZ,2026-04-22 13:46:00,31.49,31.49,31.46,31.46,8300,261267.0
001311.SZ,2026-04-22 13:47:00,31.47,31.5,31.46,31.5,6400,201403.0
001311.SZ,2026-04-22 13:48:00,31.46,31.48,31.45,31.45,25800,811683.0
001311.SZ,2026-04-22 13:49:00,31.43,31.45,31.43,31.45,9800,308056.0
001311.SZ,2026-04-22 13:50:00,31.43,31.45,31.43,31.45,9500,298610.0
001311.SZ,2026-04-22 13:51:00,31.43,31.5,31.43,31.49,29400,924817.0
001311.SZ,2026-04-22 13:52:00,31.49,31.49,31.42,31.48,7500,235990.0
001311.SZ,2026-04-22 13:53:00,31.48,31.5,31.42,31.49,12500,393221.0
001311.SZ,2026-04-22 13:54:00,31.5,31.5,31.44,31.45,9400,295727.0
001311.SZ,2026-04-22 13:55:00,31.48,31.5,31.45,31.45,8900,280050.0
001311.SZ,2026-04-22 13:56:00,31.49,31.49,31.45,31.49,7300,229635.0
001311.SZ,2026-04-22 13:57:00,31.44,31.48,31.44,31.48,12900,405633.0
001311.SZ,2026-04-22 13:58:00,31.53,31.54,31.53,31.53,17900,564146.0
001311.SZ,2026-04-22 13:59:00,31.53,31.55,31.49,31.55,9600,302524.0
001311.SZ,2026-04-22 14:00:00,31.52,31.52,31.43,31.43,16800,528839.0
001311.SZ,2026-04-22 14:01:00,31.45,31.51,31.44,31.44,9200,289626.0
001311.SZ,2026-04-22 14:02:00,31.44,31.49,31.42,31.44,8300,260929.0
001311.SZ,2026-04-22 14:03:00,31.43,31.49,31.43,31.49,11900,374247.0
001311.SZ,2026-04-22 14:04:00,31.5,31.5,31.44,31.47,8900,280193.0
001311.SZ,2026-04-22 14:05:00,31.48,31.48,31.44,31.48,6600,207694.0
001311.SZ,2026-04-22 14:06:00,31.49,31.52,31.49,31.52,10700,337006.0
001311.SZ,2026-04-22 14:07:00,31.48,31.48,31.42,31.42,17300,544296.0
001311.SZ,2026-04-22 14:08:00,31.45,31.45,31.41,31.44,8700,273369.0
001311.SZ,2026-04-22 14:09:00,31.42,31.42,31.4,31.4,6300,197872.0
001311.SZ,2026-04-22 14:10:00,31.42,31.42,31.4,31.4,8900,279495.0
001311.SZ,2026-04-22 14:11:00,31.4,31.4,31.35,31.35,14100,442495.0
001311.SZ,2026-04-22 14:12:00,31.35,31.35,31.28,31.28,24400,764206.0
001311.SZ,2026-04-22 14:13:00,31.29,31.33,31.29,31.33,24500,766723.0
001311.SZ,2026-04-22 14:14:00,31.31,31.34,31.3,31.3,4100,128397.0
001311.SZ,2026-04-22 14:15:00,31.32,31.37,31.32,31.37,12800,401188.0
001311.SZ,2026-04-22 14:16:00,31.38,31.43,31.38,31.43,15300,480528.0
001311.SZ,2026-04-22 14:17:00,31.41,31.44,31.41,31.44,6000,188620.0
001311.SZ,2026-04-22 14:18:00,31.45,31.49,31.45,31.49,12800,402882.0
001311.SZ,2026-04-22 14:19:00,31.49,31.5,31.49,31.49,8059,253795.9
001311.SZ,2026-04-22 14:20:00,31.5,31.5,31.48,31.5,13899,437737.5
001311.SZ,2026-04-22 14:21:00,31.49,31.49,31.49,31.49,600,18899.0
001311.SZ,2026-04-22 14:22:00,31.5,31.5,31.49,31.49,3000,94471.0
001311.SZ,2026-04-22 14:23:00,31.49,31.5,31.49,31.5,2500,78739.0
001311.SZ,2026-04-22 14:24:00,31.5,31.5,31.48,31.49,2142,67439.58
001311.SZ,2026-04-22 14:25:00,31.49,31.5,31.48,31.48,4658,146670.42
001311.SZ,2026-04-22 14:26:00,31.49,31.49,31.49,31.49,4200,132258.0
001311.SZ,2026-04-22 14:27:00,31.5,31.51,31.5,31.51,3800,119714.0
001311.SZ,2026-04-22 14:28:00,31.52,31.52,31.51,31.52,2700,85090.0
001311.SZ,2026-04-22 14:29:00,31.52,31.52,31.51,31.51,2800,88237.0
001311.SZ,2026-04-22 14:30:00,31.51,31.52,31.5,31.52,4000,126051.0
001311.SZ,2026-04-22 14:31:00,31.52,31.52,31.49,31.49,8100,255148.0
001311.SZ,2026-04-22 14:32:00,31.47,31.48,31.43,31.43,11500,361985.0
001311.SZ,2026-04-22 14:33:00,31.43,31.47,31.43,31.46,4200,132146.0
001311.SZ,2026-04-22 14:34:00,31.46,31.47,31.45,31.45,8300,261134.0
001311.SZ,2026-04-22 14:35:00,31.47,31.47,31.46,31.46,2500,78667.0
001311.SZ,2026-04-22 14:36:00,31.46,31.48,31.46,31.48,2800,88109.0
001311.SZ,2026-04-22 14:37:00,31.48,31.48,31.46,31.46,5100,160464.0
001311.SZ,2026-04-22 14:38:00,31.48,31.5,31.46,31.47,15500,487892.0
001311.SZ,2026-04-22 14:39:00,31.48,31.5,31.46,31.46,54100,1702916.0
001311.SZ,2026-04-22 14:40:00,31.4,31.46,31.4,31.46,5400,169715.0
001311.SZ,2026-04-22 14:41:00,31.46,31.46,31.44,31.45,5800,182406.0
001311.SZ,2026-04-22 14:42:00,31.46,31.49,31.46,31.47,3600,113308.0
001311.SZ,2026-04-22 14:43:00,31.47,31.47,31.46,31.47,1000,31468.0
001311.SZ,2026-04-22 14:44:00,31.47,31.47,31.46,31.46,3200,100686.0
001311.SZ,2026-04-22 14:45:00,31.47,31.47,31.46,31.47,3100,97550.0
001311.SZ,2026-04-22 14:46:00,31.47,31.49,31.46,31.48,10700,336772.0
001311.SZ,2026-04-22 14:47:00,31.49,31.53,31.49,31.53,4797,151109.5
001311.SZ,2026-04-22 14:48:00,31.53,31.54,31.48,31.5,27103,853988.56
001311.SZ,2026-04-22 14:49:00,31.51,31.51,31.49,31.49,16000,503962.0
001311.SZ,2026-04-22 14:50:00,31.49,31.51,31.49,31.5,6100,192151.0
001311.SZ,2026-04-22 14:51:00,31.49,31.5,31.49,31.49,5100,160602.0
001311.SZ,2026-04-22 14:52:00,31.49,31.5,31.48,31.49,6900,217264.0
001311.SZ,2026-04-22 14:53:00,31.48,31.5,31.48,31.5,20300,639372.0
001311.SZ,2026-04-22 14:54:00,31.51,31.51,31.48,31.48,6700,211027.0
001311.SZ,2026-04-22 14:55:00,31.46,31.49,31.46,31.49,20200,635864.0
001311.SZ,2026-04-22 14:56:00,31.48,31.51,31.48,31.5,22100,696148.0
001311.SZ,2026-04-22 14:57:00,31.5,31.54,31.42,31.42,38226,1202540.0
001311.SZ,2026-04-22 14:58:00,31.42,31.42,31.42,31.42,0,0.0
001311.SZ,2026-04-22 14:59:00,31.42,31.42,31.42,31.42,0,0.0
001311.SZ,2026-04-22 15:00:00,31.48,31.48,31.48,31.48,19300,607564.0
001311.SZ,2026-04-23 09:30:00,31.5,31.54,31.48,31.5,34050,1072513.5
001311.SZ,2026-04-23 09:31:00,31.58,31.64,31.39,31.51,117450,3698164.0
001311.SZ,2026-04-23 09:32:00,31.46,31.52,31.29,31.33,96400,3027598.0
001311.SZ,2026-04-23 09:33:00,31.35,31.35,31.0,31.09,100800,3138701.0
001311.SZ,2026-04-23 09:34:00,31.09,31.09,30.92,30.93,102200,3166155.0
001311.SZ,2026-04-23 09:35:00,30.95,30.95,30.71,30.77,125400,3864997.0
001311.SZ,2026-04-23 09:36:00,30.7,30.7,30.34,30.45,201900,6164607.0
001311.SZ,2026-04-23 09:37:00,30.45,30.45,30.27,30.35,148200,4495387.5
001311.SZ,2026-04-23 09:38:00,30.37,30.37,30.1,30.1,104900,3172073.0
001311.SZ,2026-04-23 09:39:00,30.11,30.11,29.93,30.0,267313,8018387.0
001311.SZ,2026-04-23 09:40:00,29.99,30.11,29.9,30.11,112500,3374318.0
001311.SZ,2026-04-23 09:41:00,30.15,30.18,30.04,30.04,90700,2730688.0
001311.SZ,2026-04-23 09:42:00,30.03,30.06,29.95,30.06,129700,3891555.0
001311.SZ,2026-04-23 09:43:00,30.11,30.11,29.88,29.9,119700,3584592.0
001311.SZ,2026-04-23 09:44:00,29.9,29.9,29.71,29.78,144700,4309487.0
001311.SZ,2026-04-23 09:45:00,29.77,29.77,29.66,29.72,132300,3932301.0
001311.SZ,2026-04-23 09:46:00,29.72,29.74,29.71,29.72,49200,1461947.0
001311.SZ,2026-04-23 09:47:00,29.73,29.73,29.61,29.61,89800,2665422.0
001311.SZ,2026-04-23 09:48:00,29.61,29.61,29.51,29.51,44500,1315925.0
001311.SZ,2026-04-23 09:49:00,29.53,29.76,29.52,29.76,119398,3532276.0
001311.SZ,2026-04-23 09:50:00,29.76,29.87,29.76,29.86,50900,1516346.0
001311.SZ,2026-04-23 09:51:00,29.85,29.86,29.83,29.85,62100,1852936.0
001311.SZ,2026-04-23 09:52:00,29.85,29.87,29.77,29.78,23700,706441.0
001311.SZ,2026-04-23 09:53:00,29.8,29.89,29.8,29.84,21200,633233.0
001311.SZ,2026-04-23 09:54:00,29.82,29.82,29.7,29.7,60800,1809842.0
001311.SZ,2026-04-23 09:55:00,29.69,29.8,29.68,29.8,20000,594260.0
001311.SZ,2026-04-23 09:56:00,29.79,29.89,29.79,29.89,35500,1059507.0
001311.SZ,2026-04-23 09:57:00,29.9,29.91,29.79,29.84,30800,918901.0
001311.SZ,2026-04-23 09:58:00,29.84,29.89,29.8,29.89,17200,512911.0
001311.SZ,2026-04-23 09:59:00,29.87,29.88,29.86,29.87,2700,80634.0
001311.SZ,2026-04-23 10:00:00,29.87,29.93,29.87,29.93,39800,1190063.0
001311.SZ,2026-04-23 10:01:00,29.98,29.99,29.9,29.94,54500,1632641.0
001311.SZ,2026-04-23 10:02:00,29.93,30.0,29.9,30.0,93500,2800415.0
001311.SZ,2026-04-23 10:03:00,30.01,30.02,29.92,29.92,44100,1322403.0
001311.SZ,2026-04-23 10:04:00,29.92,30.03,29.89,30.02,45900,1374377.0
001311.SZ,2026-04-23 10:05:00,30.02,30.02,29.97,29.97,10700,320848.0
001311.SZ,2026-04-23 10:06:00,29.96,29.96,29.86,29.87,46700,1396210.0
001311.SZ,2026-04-23 10:07:00,29.86,29.86,29.8,29.8,10900,324864.0
001311.SZ,2026-04-23 10:08:00,29.8,29.81,29.78,29.78,30100,896973.0
001311.SZ,2026-04-23 10:09:00,29.78,29.85,29.77,29.83,11500,342643.0
001311.SZ,2026-04-23 10:10:00,29.85,29.85,29.83,29.84,16400,489368.0
001311.SZ,2026-04-23 10:11:00,29.84,29.93,29.84,29.88,49600,1482482.0
001311.SZ,2026-04-23 10:12:00,29.88,29.91,29.85,29.91,21000,626998.0
001311.SZ,2026-04-23 10:13:00,29.91,29.97,29.87,29.96,8239,246606.88
001311.SZ,2026-04-23 10:14:00,29.96,30.13,29.96,30.12,16800,504626.0
001311.SZ,2026-04-23 10:15:00,30.06,30.1,30.06,30.1,25100,754951.0
001311.SZ,2026-04-23 10:16:00,30.09,30.09,30.07,30.08,9200,276702.0
001311.SZ,2026-04-23 10:17:00,30.08,30.16,30.07,30.16,53200,1600054.0
001311.SZ,2026-04-23 10:18:00,30.16,30.23,30.13,30.16,13900,419439.0
001311.SZ,2026-04-23 10:19:00,30.19,30.2,30.16,30.2,12200,368371.0
001311.SZ,2026-04-23 10:20:00,30.19,30.21,30.19,30.19,12900,389564.0
001311.SZ,2026-04-23 10:21:00,30.16,30.19,30.16,30.17,1500,45251.0
001311.SZ,2026-04-23 10:22:00,30.17,30.29,30.17,30.26,17000,513368.0
001311.SZ,2026-04-23 10:23:00,30.25,30.34,30.22,30.34,14900,451132.0
001311.SZ,2026-04-23 10:24:00,30.33,30.35,30.31,30.35,3800,115264.0
001311.SZ,2026-04-23 10:25:00,30.34,30.37,30.34,30.36,15900,482674.0
001311.SZ,2026-04-23 10:26:00,30.36,30.36,30.31,30.31,10000,303359.0
001311.SZ,2026-04-23 10:27:00,30.31,30.33,30.29,30.29,3800,115131.0
001311.SZ,2026-04-23 10:28:00,30.29,30.4,30.28,30.4,15800,479298.0
001311.SZ,2026-04-23 10:29:00,30.39,30.46,30.39,30.45,13100,398446.0
001311.SZ,2026-04-23 10:30:00,30.42,30.5,30.4,30.49,61200,1862556.0
001311.SZ,2026-04-23 10:31:00,30.49,30.5,30.45,30.47,59700,1816088.0
001311.SZ,2026-04-23 10:32:00,30.5,30.59,30.37,30.37,106500,3244974.0
001311.SZ,2026-04-23 10:33:00,30.4,30.4,30.32,30.32,27800,843864.0
001311.SZ,2026-04-23 10:34:00,30.32,30.32,30.29,30.3,9200,278847.0
001311.SZ,2026-04-23 10:35:00,30.3,30.33,30.3,30.31,15400,466708.0
001311.SZ,2026-04-23 10:36:00,30.31,30.31,30.27,30.27,12100,366367.0
001311.SZ,2026-04-23 10:37:00,30.27,30.31,30.27,30.31,13200,399727.0
001311.SZ,2026-04-23 10:38:00,30.29,30.29,30.22,30.22,12100,365989.0
001311.SZ,2026-04-23 10:39:00,30.2,30.25,30.15,30.23,62000,1870144.0
001311.SZ,2026-04-23 10:40:00,30.23,30.27,30.17,30.2,18400,555998.0
001311.SZ,2026-04-23 10:41:00,30.2,30.4,30.2,30.39,26900,813990.0
001311.SZ,2026-04-23 10:42:00,30.32,30.46,30.31,30.31,43400,1318051.0
001311.SZ,2026-04-23 10:43:00,30.31,30.46,30.25,30.25,114700,3476285.0
001311.SZ,2026-04-23 10:44:00,30.22,30.22,30.19,30.19,4100,123827.0
001311.SZ,2026-04-23 10:45:00,30.17,30.17,30.1,30.11,14700,442543.0
001311.SZ,2026-04-23 10:46:00,30.06,30.09,30.06,30.09,14900,447915.0
001311.SZ,2026-04-23 10:47:00,30.08,30.1,30.08,30.08,7200,216630.0
001311.SZ,2026-04-23 10:48:00,30.06,30.15,30.05,30.15,14400,432820.0
001311.SZ,2026-04-23 10:49:00,30.14,30.19,30.1,30.17,11500,346240.0
001311.SZ,2026-04-23 10:50:00,30.18,30.24,30.18,30.23,12000,362347.0
001311.SZ,2026-04-23 10:51:00,30.2,30.22,30.19,30.2,17400,525454.0
001311.SZ,2026-04-23 10:52:00,30.18,30.2,30.14,30.14,4100,123731.0
001311.SZ,2026-04-23 10:53:00,30.13,30.13,30.1,30.1,3100,93337.0
001311.SZ,2026-04-23 10:54:00,30.1,30.1,30.05,30.1,18700,562346.0
001311.SZ,2026-04-23 10:55:00,30.1,30.13,30.09,30.1,21300,641129.0
001311.SZ,2026-04-23 10:56:00,30.1,30.17,30.1,30.17,28700,864453.0
001311.SZ,2026-04-23 10:57:00,30.15,30.15,30.14,30.14,6100,183919.0
001311.SZ,2026-04-23 10:58:00,30.14,30.23,30.14,30.23,37300,1125743.0
001311.SZ,2026-04-23 10:59:00,30.22,30.22,30.1,30.1,21700,653379.0
001311.SZ,2026-04-23 11:00:00,30.13,30.13,30.11,30.11,1000,30116.0
001311.SZ,2026-04-23 11:01:00,30.1,30.1,30.09,30.09,1900,57185.0
001311.SZ,2026-04-23 11:02:00,30.1,30.1,30.09,30.09,6700,201659.0
001311.SZ,2026-04-23 11:03:00,30.09,30.1,30.09,30.1,15500,466539.0
001311.SZ,2026-04-23 11:04:00,30.1,30.1,30.08,30.09,9900,297893.0
001311.SZ,2026-04-23 11:05:00,30.09,30.09,30.03,30.07,13600,408645.0
001311.SZ,2026-04-23 11:06:00,30.04,30.05,30.01,30.01,25700,771963.0
001311.SZ,2026-04-23 11:07:00,30.05,30.06,30.03,30.04,3300,99132.0
001311.SZ,2026-04-23 11:08:00,30.04,30.05,30.04,30.05,9400,282455.0
001311.SZ,2026-04-23 11:09:00,30.05,30.05,30.03,30.05,4900,147220.0
001311.SZ,2026-04-23 11:10:00,30.05,30.05,30.01,30.01,11600,348216.0
001311.SZ,2026-04-23 11:11:00,30.0,30.01,29.98,29.98,50100,1502901.0
001311.SZ,2026-04-23 11:12:00,29.98,29.98,29.96,29.96,5800,173818.0
001311.SZ,2026-04-23 11:13:00,29.96,29.96,29.92,29.96,18700,559822.0
001311.SZ,2026-04-23 11:14:00,29.96,30.0,29.94,29.99,16700,500240.0
001311.SZ,2026-04-23 11:15:00,29.99,30.0,29.99,29.99,4200,125962.0
001311.SZ,2026-04-23 11:16:00,29.97,29.97,29.91,29.91,16300,487902.0
001311.SZ,2026-04-23 11:17:00,29.9,29.93,29.9,29.93,18100,541298.0
001311.SZ,2026-04-23 11:18:00,29.93,29.93,29.92,29.92,7400,221437.0
001311.SZ,2026-04-23 11:19:00,29.92,29.92,29.89,29.89,4800,143540.0
001311.SZ,2026-04-23 11:20:00,29.89,29.89,29.88,29.88,4900,146447.0
001311.SZ,2026-04-23 11:21:00,29.89,29.89,29.88,29.89,7000,209223.0
001311.SZ,2026-04-23 11:22:00,29.88,29.88,29.86,29.86,6400,191214.0
001311.SZ,2026-04-23 11:23:00,29.86,29.86,29.8,29.8,138900,4140228.0
001311.SZ,2026-04-23 11:24:00,29.8,29.81,29.77,29.8,24800,738913.0
001311.SZ,2026-04-23 11:25:00,29.8,29.81,29.8,29.81,10700,318941.0
001311.SZ,2026-04-23 11:26:00,29.81,29.81,29.8,29.8,12600,375506.0
001311.SZ,2026-04-23 11:27:00,29.8,29.81,29.78,29.81,7100,211509.0
001311.SZ,2026-04-23 11:28:00,29.82,29.83,29.8,29.8,19900,593285.0
001311.SZ,2026-04-23 11:29:00,29.8,29.82,29.76,29.76,19900,592688.0
001311.SZ,2026-04-23 11:30:00,29.75,29.78,29.73,29.78,6800,202335.0
001311.SZ,2026-04-23 13:01:00,29.78,29.86,29.78,29.8,17400,518603.0
001311.SZ,2026-04-23 13:02:00,29.73,29.76,29.73,29.73,45600,1356593.0
001311.SZ,2026-04-23 13:03:00,29.73,29.73,29.65,29.65,76300,2265942.0
001311.SZ,2026-04-23 13:04:00,29.66,29.73,29.63,29.73,12900,382737.0
001311.SZ,2026-04-23 13:05:00,29.71,29.72,29.68,29.7,7900,234659.0
001311.SZ,2026-04-23 13:06:00,29.69,29.69,29.66,29.66,11000,326469.0
001311.SZ,2026-04-23 13:07:00,29.66,29.66,29.63,29.64,16900,500990.0
001311.SZ,2026-04-23 13:08:00,29.64,29.65,29.63,29.64,27500,815232.0
001311.SZ,2026-04-23 13:09:00,29.64,29.66,29.64,29.66,30100,892665.0
001311.SZ,2026-04-23 13:10:00,29.65,29.65,29.63,29.64,32200,954190.0
001311.SZ,2026-04-23 13:11:00,29.64,29.65,29.64,29.64,5800,171925.0
001311.SZ,2026-04-23 13:12:00,29.69,29.73,29.67,29.67,42900,1273363.0
001311.SZ,2026-04-23 13:13:00,29.67,29.69,29.67,29.69,7800,231547.0
001311.SZ,2026-04-23 13:14:00,29.69,29.7,29.68,29.7,13000,385982.0
001311.SZ,2026-04-23 13:15:00,29.7,29.7,29.69,29.69,5100,151437.0
001311.SZ,2026-04-23 13:16:00,29.69,29.75,29.69,29.72,62500,1856966.0
001311.SZ,2026-04-23 13:17:00,29.74,29.76,29.7,29.73,50100,1488385.0
001311.SZ,2026-04-23 13:18:00,29.73,29.73,29.67,29.69,13490,400585.3
001311.SZ,2026-04-23 13:19:00,29.66,29.69,29.66,29.69,14000,415416.1
001311.SZ,2026-04-23 13:20:00,29.69,29.69,29.67,29.67,21000,623386.0
001311.SZ,2026-04-23 13:21:00,29.68,29.68,29.64,29.66,16900,501257.0
001311.SZ,2026-04-23 13:22:00,29.65,29.66,29.64,29.64,13100,388391.0
001311.SZ,2026-04-23 13:23:00,29.63,29.63,29.61,29.61,16500,488783.0
001311.SZ,2026-04-23 13:24:00,29.6,29.6,29.48,29.5,149600,4419545.0
001311.SZ,2026-04-23 13:25:00,29.5,29.53,29.46,29.53,45400,1338393.0
001311.SZ,2026-04-23 13:26:00,29.53,29.53,29.49,29.5,31900,941305.0
001311.SZ,2026-04-23 13:27:00,29.5,29.54,29.49,29.54,47800,1410654.0
001311.SZ,2026-04-23 13:28:00,29.5,29.51,29.49,29.5,5000,147510.0
001311.SZ,2026-04-23 13:29:00,29.5,29.55,29.49,29.55,22700,669690.0
001311.SZ,2026-04-23 13:30:00,29.51,29.55,29.5,29.54,24600,725840.0
001311.SZ,2026-04-23 13:31:00,29.5,29.5,29.4,29.44,99200,2919496.0
001311.SZ,2026-04-23 13:32:00,29.44,29.46,29.4,29.46,26300,774131.0
001311.SZ,2026-04-23 13:33:00,29.47,29.47,29.44,29.45,6800,200285.0
001311.SZ,2026-04-23 13:34:00,29.45,29.46,29.44,29.45,17500,515345.0
001311.SZ,2026-04-23 13:35:00,29.45,29.45,29.42,29.44,19400,571014.0
001311.SZ,2026-04-23 13:36:00,29.43,29.44,29.42,29.43,32100,944746.0
001311.SZ,2026-04-23 13:37:00,29.43,29.46,29.39,29.46,59600,1752595.0
001311.SZ,2026-04-23 13:38:00,29.43,29.49,29.43,29.48,12700,373937.0
001311.SZ,2026-04-23 13:39:00,29.48,29.48,29.43,29.43,10800,318063.0
001311.SZ,2026-04-23 13:40:00,29.44,29.44,29.38,29.38,18400,540978.0
001311.SZ,2026-04-23 13:41:00,29.38,29.38,29.3,29.31,21600,633773.0
001311.SZ,2026-04-23 13:42:00,29.31,29.36,29.29,29.36,30600,896957.0
001311.SZ,2026-04-23 13:43:00,29.36,29.4,29.36,29.4,30300,889733.0
001311.SZ,2026-04-23 13:44:00,29.42,29.42,29.38,29.42,4800,141170.0
001311.SZ,2026-04-23 13:45:00,29.42,29.47,29.37,29.47,19600,575964.0
001311.SZ,2026-04-23 13:46:00,29.46,29.48,29.45,29.48,4600,135516.0
001311.SZ,2026-04-23 13:47:00,29.49,29.52,29.47,29.51,12000,353977.0
001311.SZ,2026-04-23 13:48:00,29.51,29.53,29.51,29.51,7100,209551.0
001311.SZ,2026-04-23 13:49:00,29.51,29.55,29.51,29.55,13700,404643.0
001311.SZ,2026-04-23 13:50:00,29.54,29.59,29.54,29.59,10400,307437.0
001311.SZ,2026-04-23 13:51:00,29.59,29.59,29.53,29.55,10700,316293.0
001311.SZ,2026-04-23 13:52:00,29.55,29.58,29.54,29.58,10400,307352.0
001311.SZ,2026-04-23 13:53:00,29.59,29.59,29.52,29.52,8400,248264.0
001311.SZ,2026-04-23 13:54:00,29.51,29.54,29.48,29.52,8600,253762.0
001311.SZ,2026-04-23 13:55:00,29.57,29.63,29.57,29.61,17900,529774.0
001311.SZ,2026-04-23 13:56:00,29.63,29.64,29.61,29.64,11800,349491.0
001311.SZ,2026-04-23 13:57:00,29.66,29.68,29.66,29.68,4069,120735.85
001311.SZ,2026-04-23 13:58:00,29.69,29.71,29.69,29.71,8400,249529.0
001311.SZ,2026-04-23 13:59:00,29.71,29.73,29.71,29.73,5100,151541.0
001311.SZ,2026-04-23 14:00:00,29.74,29.74,29.73,29.74,6200,184386.0
001311.SZ,2026-04-23 14:01:00,29.74,29.78,29.74,29.76,17600,523681.0
001311.SZ,2026-04-23 14:02:00,29.79,29.8,29.79,29.8,7900,235331.0
001311.SZ,2026-04-23 14:03:00,29.8,29.8,29.77,29.78,11700,348432.0
001311.SZ,2026-04-23 14:04:00,29.73,29.76,29.71,29.71,15700,466933.0
001311.SZ,2026-04-23 14:05:00,29.75,29.8,29.73,29.77,18000,535919.0
001311.SZ,2026-04-23 14:06:00,29.75,29.75,29.74,29.74,3400,101132.0
001311.SZ,2026-04-23 14:07:00,29.77,29.77,29.71,29.74,18100,538296.0
001311.SZ,2026-04-23 14:08:00,29.74,29.76,29.71,29.75,7600,226033.0
001311.SZ,2026-04-23 14:09:00,29.74,29.77,29.74,29.77,3200,95211.0
001311.SZ,2026-04-23 14:10:00,29.77,29.77,29.75,29.77,2500,74411.0
001311.SZ,2026-04-23 14:11:00,29.74,29.76,29.74,29.76,11400,339233.0
001311.SZ,2026-04-23 14:12:00,29.76,29.76,29.74,29.74,5500,163580.0
001311.SZ,2026-04-23 14:13:00,29.73,29.75,29.73,29.75,3100,92211.0
001311.SZ,2026-04-23 14:14:00,29.76,29.76,29.71,29.73,7400,220035.0
001311.SZ,2026-04-23 14:15:00,29.73,29.74,29.72,29.72,2600,77292.0
001311.SZ,2026-04-23 14:16:00,29.72,29.72,29.65,29.66,7400,219798.0
001311.SZ,2026-04-23 14:17:00,29.68,29.68,29.67,29.67,3100,91984.0
001311.SZ,2026-04-23 14:18:00,29.68,29.73,29.68,29.72,15500,460373.0
001311.SZ,2026-04-23 14:19:00,29.72,29.73,29.71,29.73,6800,202059.0
001311.SZ,2026-04-23 14:20:00,29.73,29.75,29.73,29.73,4000,118952.0
001311.SZ,2026-04-23 14:21:00,29.72,29.72,29.69,29.7,3100,92091.0
001311.SZ,2026-04-23 14:22:00,29.7,29.71,29.68,29.7,12500,371186.0
001311.SZ,2026-04-23 14:23:00,29.71,29.71,29.7,29.7,4900,145576.0
001311.SZ,2026-04-23 14:24:00,29.71,29.71,29.69,29.7,3700,109907.0
001311.SZ,2026-04-23 14:25:00,29.7,29.7,29.69,29.69,2000,59395.0
001311.SZ,2026-04-23 14:26:00,29.7,29.72,29.69,29.7,5800,172292.0
001311.SZ,2026-04-23 14:27:00,29.7,29.7,29.68,29.68,9200,273126.0
001311.SZ,2026-04-23 14:28:00,29.68,29.68,29.64,29.64,15800,468698.0
001311.SZ,2026-04-23 14:29:00,29.64,29.64,29.62,29.62,2500,74089.0
001311.SZ,2026-04-23 14:30:00,29.64,29.65,29.64,29.65,8900,263817.0
001311.SZ,2026-04-23 14:31:00,29.64,29.64,29.62,29.62,4200,124474.0
001311.SZ,2026-04-23 14:32:00,29.62,29.66,29.61,29.64,23400,693753.0
001311.SZ,2026-04-23 14:33:00,29.65,29.7,29.64,29.68,16200,480719.0
001311.SZ,2026-04-23 14:34:00,29.68,29.69,29.67,29.69,4600,136538.0
001311.SZ,2026-04-23 14:35:00,29.7,29.72,29.67,29.69,10800,320704.0
001311.SZ,2026-04-23 14:36:00,29.69,29.7,29.68,29.69,6900,204863.0
001311.SZ,2026-04-23 14:37:00,29.69,29.73,29.69,29.71,14800,439590.0
001311.SZ,2026-04-23 14:38:00,29.71,29.75,29.71,29.75,16600,493578.0
001311.SZ,2026-04-23 14:39:00,29.74,29.78,29.74,29.76,8300,247076.0
001311.SZ,2026-04-23 14:40:00,29.77,29.78,29.74,29.74,7800,232199.0
001311.SZ,2026-04-23 14:41:00,29.74,29.75,29.73,29.73,6300,187385.0
001311.SZ,2026-04-23 14:42:00,29.72,29.73,29.69,29.73,40700,1209633.0
001311.SZ,2026-04-23 14:43:00,29.73,29.74,29.7,29.7,11900,353711.0
001311.SZ,2026-04-23 14:44:00,29.71,29.71,29.68,29.71,18900,561329.0
001311.SZ,2026-04-23 14:45:00,29.72,29.72,29.69,29.7,18400,546592.0
001311.SZ,2026-04-23 14:46:00,29.69,29.73,29.69,29.73,28000,831699.0
001311.SZ,2026-04-23 14:47:00,29.72,29.75,29.71,29.71,35600,1058449.0
001311.SZ,2026-04-23 14:48:00,29.71,29.73,29.7,29.71,18600,552708.0
001311.SZ,2026-04-23 14:49:00,29.69,29.7,29.65,29.66,56600,1679755.0
001311.SZ,2026-04-23 14:50:00,29.67,29.67,29.63,29.63,15200,450724.0
001311.SZ,2026-04-23 14:51:00,29.66,29.67,29.64,29.67,42000,1245587.0
001311.SZ,2026-04-23 14:52:00,29.67,29.67,29.64,29.65,19200,569427.0
001311.SZ,2026-04-23 14:53:00,29.65,29.68,29.65,29.66,35600,1056080.0
001311.SZ,2026-04-23 14:54:00,29.66,29.66,29.61,29.61,24800,735036.0
001311.SZ,2026-04-23 14:55:00,29.61,29.62,29.6,29.61,81800,2421515.0
001311.SZ,2026-04-23 14:56:00,29.6,29.62,29.59,29.6,36800,1089347.0
001311.SZ,2026-04-23 14:57:00,29.59,29.64,29.57,29.64,55603,1645348.9
001311.SZ,2026-04-23 14:58:00,29.64,29.64,29.64,29.64,0,0.0
001311.SZ,2026-04-23 14:59:00,29.64,29.64,29.64,29.64,0,0.0
001311.SZ,2026-04-23 15:00:00,29.65,29.65,29.65,29.65,14900,441785.0
001311.SZ,2026-04-24 09:30:00,29.67,29.68,29.66,29.66,10800,320430.0
001311.SZ,2026-04-24 09:31:00,29.66,29.89,29.6,29.75,120500,3581822.0
001311.SZ,2026-04-24 09:32:00,29.7,30.19,29.67,30.03,125400,3747280.0
001311.SZ,2026-04-24 09:33:00,30.01,30.01,29.87,29.94,49500,1482100.0
001311.SZ,2026-04-24 09:34:00,29.91,29.96,29.89,29.94,42400,1269081.0
001311.SZ,2026-04-24 09:35:00,29.92,29.94,29.8,29.9,41200,1230123.0
001311.SZ,2026-04-24 09:36:00,29.92,29.96,29.91,29.95,22600,676480.0
001311.SZ,2026-04-24 09:37:00,29.95,29.96,29.89,29.89,50500,1511166.0
001311.SZ,2026-04-24 09:38:00,29.85,29.85,29.76,29.8,27200,811119.0
001311.SZ,2026-04-24 09:39:00,29.8,29.82,29.78,29.82,12300,366684.0
001311.SZ,2026-04-24 09:40:00,29.82,29.88,29.82,29.88,60600,1808273.0
001311.SZ,2026-04-24 09:41:00,29.88,29.92,29.88,29.91,115000,3440464.0
001311.SZ,2026-04-24 09:42:00,29.91,29.92,29.84,29.84,18900,564615.0
001311.SZ,2026-04-24 09:43:00,29.85,29.92,29.84,29.87,49600,1482265.0
001311.SZ,2026-04-24 09:44:00,29.85,29.85,29.81,29.81,23400,698093.0
001311.SZ,2026-04-24 09:45:00,29.81,29.81,29.77,29.81,17500,521416.0
001311.SZ,2026-04-24 09:46:00,29.8,29.81,29.71,29.71,19400,577014.0
001311.SZ,2026-04-24 09:47:00,29.72,29.72,29.62,29.62,17700,525183.0
001311.SZ,2026-04-24 09:48:00,29.6,29.62,29.54,29.59,35200,1041335.0
001311.SZ,2026-04-24 09:49:00,29.61,29.61,29.52,29.58,22500,665406.0
001311.SZ,2026-04-24 09:50:00,29.6,29.6,29.51,29.55,54400,1608534.0
001311.SZ,2026-04-24 09:51:00,29.55,29.55,29.35,29.41,97200,2862868.0
001311.SZ,2026-04-24 09:52:00,29.41,29.41,29.3,29.34,21500,631240.0
001311.SZ,2026-04-24 09:53:00,29.36,29.36,29.3,29.31,32600,956045.0
001311.SZ,2026-04-24 09:54:00,29.31,29.39,29.31,29.39,16900,495993.0
001311.SZ,2026-04-24 09:55:00,29.4,29.42,29.38,29.42,21700,637886.0
001311.SZ,2026-04-24 09:56:00,29.41,29.42,29.33,29.33,67700,1987996.0
001311.SZ,2026-04-24 09:57:00,29.33,29.43,29.33,29.41,22700,666627.0
001311.SZ,2026-04-24 09:58:00,29.44,29.46,29.4,29.42,42800,1259229.0
001311.SZ,2026-04-24 09:59:00,29.47,29.47,29.41,29.42,20800,611935.0
001311.SZ,2026-04-24 10:00:00,29.37,29.43,29.36,29.36,32200,946289.0
001311.SZ,2026-04-24 10:01:00,29.34,29.34,29.25,29.25,39700,1163343.0
001311.SZ,2026-04-24 10:02:00,29.26,29.28,29.2,29.21,46700,1366305.0
001311.SZ,2026-04-24 10:03:00,29.18,29.21,29.17,29.17,93400,2725700.0
001311.SZ,2026-04-24 10:04:00,29.18,29.18,29.15,29.18,42100,1228203.0
001311.SZ,2026-04-24 10:05:00,29.19,29.2,29.18,29.2,9900,289042.0
001311.SZ,2026-04-24 10:06:00,29.15,29.15,29.13,29.13,37200,1084579.0
001311.SZ,2026-04-24 10:07:00,29.14,29.14,29.1,29.12,17700,515373.0
001311.SZ,2026-04-24 10:08:00,29.09,29.17,29.09,29.13,51300,1495856.2
001311.SZ,2026-04-24 10:09:00,29.15,29.27,29.15,29.27,12100,353431.0
001311.SZ,2026-04-24 10:10:00,29.27,29.28,29.21,29.26,31300,915231.0
001311.SZ,2026-04-24 10:11:00,29.21,29.39,29.21,29.39,16800,492363.0
001311.SZ,2026-04-24 10:12:00,29.39,29.39,29.34,29.35,10000,293602.0
001311.SZ,2026-04-24 10:13:00,29.34,29.34,29.2,29.2,16800,492137.0
001311.SZ,2026-04-24 10:14:00,29.19,29.25,29.15,29.22,61100,1782775.0
001311.SZ,2026-04-24 10:15:00,29.16,29.25,29.16,29.23,30398,887665.6
001311.SZ,2026-04-24 10:16:00,29.2,29.2,29.2,29.2,23000,671614.0
001311.SZ,2026-04-24 10:17:00,29.2,29.26,29.2,29.24,6200,181238.0
001311.SZ,2026-04-24 10:18:00,29.22,29.22,29.16,29.16,25900,756490.0
001311.SZ,2026-04-24 10:19:00,29.15,29.16,29.13,29.13,20100,585745.0
001311.SZ,2026-04-24 10:20:00,29.13,29.13,29.1,29.12,30400,884810.0
001311.SZ,2026-04-24 10:21:00,29.15,29.2,29.15,29.18,26969,786834.1
001311.SZ,2026-04-24 10:22:00,29.17,29.18,29.15,29.18,51800,1511439.0
001311.SZ,2026-04-24 10:23:00,29.17,29.18,29.12,29.13,17700,515956.0
001311.SZ,2026-04-24 10:24:00,29.17,29.17,29.16,29.17,2300,67089.0
001311.SZ,2026-04-24 10:25:00,29.16,29.16,29.1,29.1,16500,480403.0
001311.SZ,2026-04-24 10:26:00,29.12,29.12,29.09,29.1,27300,794318.0
001311.SZ,2026-04-24 10:27:00,29.15,29.17,29.14,29.16,123110,3584208.0
001311.SZ,2026-04-24 10:28:00,29.17,29.17,29.06,29.08,61490,1790135.0
001311.SZ,2026-04-24 10:29:00,29.08,29.08,29.03,29.03,30900,897433.0
001311.SZ,2026-04-24 10:30:00,29.03,29.03,29.0,29.03,59400,1723335.0
001311.SZ,2026-04-24 10:31:00,29.0,29.11,28.98,29.11,27400,794972.0
001311.SZ,2026-04-24 10:32:00,29.09,29.11,29.07,29.11,18900,549806.0
001311.SZ,2026-04-24 10:33:00,29.1,29.15,29.09,29.15,19500,567765.0
001311.SZ,2026-04-24 10:34:00,29.15,29.15,29.11,29.11,11200,326431.0
001311.SZ,2026-04-24 10:35:00,29.11,29.11,29.03,29.06,19100,555613.0
001311.SZ,2026-04-24 10:36:00,29.03,29.09,29.02,29.07,5400,156914.0
001311.SZ,2026-04-24 10:37:00,29.08,29.09,29.04,29.06,23800,691622.0
001311.SZ,2026-04-24 10:38:00,29.06,29.07,29.03,29.05,17200,499668.0
001311.SZ,2026-04-24 10:39:00,29.02,29.05,29.0,29.02,37700,1093749.0
001311.SZ,2026-04-24 10:40:00,29.0,29.05,29.0,29.05,10000,290132.0
001311.SZ,2026-04-24 10:41:00,29.05,29.05,28.98,28.98,43700,1268258.0
001311.SZ,2026-04-24 10:42:00,29.0,29.0,28.96,28.98,10100,292693.0
001311.SZ,2026-04-24 10:43:00,28.98,28.99,28.96,28.96,3800,110142.0
001311.SZ,2026-04-24 10:44:00,28.96,29.0,28.95,29.0,24300,703770.0
001311.SZ,2026-04-24 10:45:00,28.98,29.03,28.96,29.02,18000,521998.0
001311.SZ,2026-04-24 10:46:00,29.01,29.03,29.01,29.01,22900,664394.0
001311.SZ,2026-04-24 10:47:00,29.0,29.05,29.0,29.04,28600,830410.0
001311.SZ,2026-04-24 10:48:00,29.04,29.04,29.02,29.03,3100,89991.0
001311.SZ,2026-04-24 10:49:00,29.02,29.03,28.99,29.03,14600,423393.0
001311.SZ,2026-04-24 10:50:00,29.02,29.02,28.98,28.98,16820,487592.6
001311.SZ,2026-04-24 10:51:00,28.98,29.01,28.95,28.96,91780,2661188.0
001311.SZ,2026-04-24 10:52:00,28.96,28.97,28.95,28.97,7900,228809.0
001311.SZ,2026-04-24 10:53:00,28.98,28.99,28.96,28.96,33000,955733.0
001311.SZ,2026-04-24 10:54:00,28.96,29.12,28.96,29.06,98700,2865007.0
001311.SZ,2026-04-24 10:55:00,29.08,29.12,29.08,29.12,3100,90235.0
001311.SZ,2026-04-24 10:56:00,29.1,29.1,29.08,29.08,4000,116372.0
001311.SZ,2026-04-24 10:57:00,29.06,29.06,29.05,29.06,7600,220841.0
001311.SZ,2026-04-24 10:58:00,29.06,29.09,29.06,29.09,10200,296467.0
001311.SZ,2026-04-24 10:59:00,29.08,29.09,29.06,29.06,8300,241241.0
001311.SZ,2026-04-24 11:00:00,29.06,29.06,29.04,29.05,7500,217882.0
001311.SZ,2026-04-24 11:01:00,29.04,29.07,29.03,29.03,9600,278781.0
001311.SZ,2026-04-24 11:02:00,29.04,29.05,29.01,29.03,9500,275743.0
001311.SZ,2026-04-24 11:03:00,29.01,29.01,28.98,29.0,9700,281351.0
001311.SZ,2026-04-24 11:04:00,29.0,29.01,28.96,28.96,33500,971263.0
001311.SZ,2026-04-24 11:05:00,28.95,28.95,28.9,28.92,22700,656523.0
001311.SZ,2026-04-24 11:06:00,28.92,28.93,28.89,28.93,12800,370230.0
001311.SZ,2026-04-24 11:07:00,28.93,28.93,28.9,28.9,9100,263023.0
001311.SZ,2026-04-24 11:08:00,28.92,28.93,28.88,28.9,11600,335137.0
001311.SZ,2026-04-24 11:09:00,28.89,28.92,28.89,28.89,25800,745637.0
001311.SZ,2026-04-24 11:10:00,28.89,28.91,28.88,28.9,31000,895346.0
001311.SZ,2026-04-24 11:11:00,28.87,28.89,28.86,28.88,22000,635215.0
001311.SZ,2026-04-24 11:12:00,28.85,28.87,28.84,28.85,26400,761707.0
001311.SZ,2026-04-24 11:13:00,28.89,28.9,28.86,28.86,22700,655400.0
001311.SZ,2026-04-24 11:14:00,28.86,28.89,28.83,28.84,16400,473223.0
001311.SZ,2026-04-24 11:15:00,28.84,28.86,28.82,28.82,6200,178774.0
001311.SZ,2026-04-24 11:16:00,28.8,28.84,28.8,28.82,12700,365992.0
001311.SZ,2026-04-24 11:17:00,28.84,28.86,28.8,28.82,38600,1113007.0
001311.SZ,2026-04-24 11:18:00,28.82,28.83,28.82,28.82,4600,132574.0
001311.SZ,2026-04-24 11:19:00,28.81,28.82,28.8,28.81,12100,348519.0
001311.SZ,2026-04-24 11:20:00,28.82,28.82,28.79,28.79,4500,129631.0
001311.SZ,2026-04-24 11:21:00,28.79,28.8,28.79,28.8,13100,377198.0
001311.SZ,2026-04-24 11:22:00,28.8,28.82,28.79,28.79,15600,449393.0
001311.SZ,2026-04-24 11:23:00,28.79,28.79,28.78,28.79,5900,169856.0
001311.SZ,2026-04-24 11:24:00,28.79,28.79,28.75,28.75,10100,290627.0
001311.SZ,2026-04-24 11:25:00,28.76,28.77,28.73,28.76,10500,301806.0
001311.SZ,2026-04-24 11:26:00,28.76,28.78,28.76,28.77,19200,552324.0
001311.SZ,2026-04-24 11:27:00,28.75,28.75,28.7,28.74,14200,408048.0
001311.SZ,2026-04-24 11:28:00,28.71,28.78,28.71,28.78,12900,370800.0
001311.SZ,2026-04-24 11:29:00,28.78,28.81,28.77,28.79,14200,408635.0
001311.SZ,2026-04-24 11:30:00,28.77,28.79,28.77,28.79,2600,74822.0
001311.SZ,2026-04-24 13:01:00,28.79,28.91,28.74,28.79,63200,1822242.0
001311.SZ,2026-04-24 13:02:00,28.82,28.82,28.77,28.77,14600,420559.0
001311.SZ,2026-04-24 13:03:00,28.77,28.79,28.75,28.75,27000,777017.0
001311.SZ,2026-04-24 13:04:00,28.75,28.76,28.71,28.74,13500,387970.0
001311.SZ,2026-04-24 13:05:00,28.71,28.84,28.71,28.83,63100,1814909.0
001311.SZ,2026-04-24 13:06:00,28.86,28.86,28.75,28.79,16500,475187.0
001311.SZ,2026-04-24 13:07:00,28.76,28.76,28.68,28.68,33558,963494.44
001311.SZ,2026-04-24 13:08:00,28.7,28.71,28.68,28.68,2900,83209.0
001311.SZ,2026-04-24 13:09:00,28.69,28.69,28.67,28.67,13800,395791.4
001311.SZ,2026-04-24 13:10:00,28.67,28.69,28.65,28.66,9200,263728.0
001311.SZ,2026-04-24 13:11:00,28.65,28.65,28.58,28.58,15400,440653.0
001311.SZ,2026-04-24 13:12:00,28.58,28.58,28.54,28.58,162600,4644164.0
001311.SZ,2026-04-24 13:13:00,28.56,28.59,28.5,28.55,31300,893488.0
001311.SZ,2026-04-24 13:14:00,28.53,28.55,28.47,28.51,52200,1488201.0
001311.SZ,2026-04-24 13:15:00,28.52,28.52,28.47,28.48,36600,1043357.0
001311.SZ,2026-04-24 13:16:00,28.47,28.59,28.44,28.58,109890,3131878.5
001311.SZ,2026-04-24 13:17:00,28.58,28.63,28.57,28.63,19400,554510.0
001311.SZ,2026-04-24 13:18:00,28.67,28.68,28.67,28.67,6000,171976.0
001311.SZ,2026-04-24 13:19:00,28.69,28.72,28.69,28.72,4100,117696.0
001311.SZ,2026-04-24 13:20:00,28.72,28.72,28.6,28.71,26400,755944.0
001311.SZ,2026-04-24 13:21:00,28.71,28.71,28.7,28.7,4100,117717.0
001311.SZ,2026-04-24 13:22:00,28.72,28.75,28.68,28.75,11900,341736.0
001311.SZ,2026-04-24 13:23:00,28.75,28.79,28.75,28.76,4900,140956.0
001311.SZ,2026-04-24 13:24:00,28.8,28.8,28.75,28.75,2000,57541.0
001311.SZ,2026-04-24 13:25:00,28.77,28.84,28.77,28.78,6000,172849.0
001311.SZ,2026-04-24 13:26:00,28.78,28.81,28.78,28.81,700,20156.0
001311.SZ,2026-04-24 13:27:00,28.8,28.84,28.8,28.84,2200,63413.0
001311.SZ,2026-04-24 13:28:00,28.84,28.87,28.84,28.85,5600,161610.0
001311.SZ,2026-04-24 13:29:00,28.85,28.88,28.84,28.88,2900,83713.0
001311.SZ,2026-04-24 13:30:00,28.88,28.91,28.86,28.91,14700,424621.0
001311.SZ,2026-04-24 13:31:00,28.91,28.95,28.91,28.95,3800,109915.0
001311.SZ,2026-04-24 13:32:00,28.93,28.93,28.89,28.92,26000,751573.0
001311.SZ,2026-04-24 13:33:00,28.91,28.91,28.89,28.89,13000,375713.0
001311.SZ,2026-04-24 13:34:00,28.88,28.93,28.86,28.93,22778,658349.75
001311.SZ,2026-04-24 13:35:00,28.93,28.93,28.89,28.89,3300,95401.0
001311.SZ,2026-04-24 13:36:00,28.87,28.89,28.86,28.89,4000,115473.0
001311.SZ,2026-04-24 13:37:00,28.89,28.89,28.84,28.88,3600,103917.0
001311.SZ,2026-04-24 13:38:00,28.88,28.94,28.88,28.94,23600,682467.0
001311.SZ,2026-04-24 13:39:00,28.94,28.96,28.88,28.91,17400,502899.0
001311.SZ,2026-04-24 13:40:00,28.89,28.91,28.87,28.89,32300,932810.0
001311.SZ,2026-04-24 13:41:00,28.91,29.09,28.87,29.09,140900,4077379.0
001311.SZ,2026-04-24 13:42:00,29.11,29.14,29.08,29.08,12500,363642.0
001311.SZ,2026-04-24 13:43:00,29.09,29.09,28.95,28.95,69000,2001276.0
001311.SZ,2026-04-24 13:44:00,29.0,29.0,28.92,28.94,27100,784351.0
001311.SZ,2026-04-24 13:45:00,28.92,28.92,28.88,28.88,18500,534362.0
001311.SZ,2026-04-24 13:46:00,28.88,28.91,28.86,28.9,48500,1400530.0
001311.SZ,2026-04-24 13:47:00,28.9,28.9,28.9,28.9,900,26010.0
001311.SZ,2026-04-24 13:48:00,28.89,28.94,28.88,28.93,41100,1188235.0
001311.SZ,2026-04-24 13:49:00,28.89,28.95,28.89,28.94,22876,661187.6
001311.SZ,2026-04-24 13:50:00,28.95,28.95,28.94,28.95,8300,240285.0
001311.SZ,2026-04-24 13:51:00,28.95,29.08,28.95,28.99,37200,1077624.0
001311.SZ,2026-04-24 13:52:00,28.97,29.15,28.97,29.15,36600,1062579.0
001311.SZ,2026-04-24 13:53:00,29.14,29.14,29.1,29.1,2100,61187.0
001311.SZ,2026-04-24 13:54:00,29.1,29.14,29.1,29.1,5400,157180.0
001311.SZ,2026-04-24 13:55:00,29.1,29.12,29.1,29.11,7300,212446.0
001311.SZ,2026-04-24 13:56:00,29.09,29.2,29.09,29.19,42500,1239396.0
001311.SZ,2026-04-24 13:57:00,29.16,29.2,29.15,29.2,2600,75825.0
001311.SZ,2026-04-24 13:58:00,29.2,29.21,29.18,29.18,19600,572331.0
001311.SZ,2026-04-24 13:59:00,29.17,29.18,29.15,29.18,2200,64180.0
001311.SZ,2026-04-24 14:00:00,29.18,29.33,29.18,29.3,57600,1685768.0
001311.SZ,2026-04-24 14:01:00,29.31,29.31,29.22,29.25,10400,304178.0
001311.SZ,2026-04-24 14:02:00,29.25,29.26,29.24,29.26,45200,1323078.0
001311.SZ,2026-04-24 14:03:00,29.27,29.27,29.27,29.27,1000,29271.0
001311.SZ,2026-04-24 14:04:00,29.24,29.34,29.23,29.31,67400,1974513.0
001311.SZ,2026-04-24 14:05:00,29.31,29.33,29.31,29.33,8700,255012.0
001311.SZ,2026-04-24 14:06:00,29.33,29.39,29.33,29.39,22200,651927.0
001311.SZ,2026-04-24 14:07:00,29.39,29.39,29.34,29.36,14000,411202.0
001311.SZ,2026-04-24 14:08:00,29.35,29.37,29.34,29.36,8900,261218.0
001311.SZ,2026-04-24 14:09:00,29.35,29.39,29.33,29.37,9800,287626.0
001311.SZ,2026-04-24 14:10:00,29.37,29.43,29.37,29.41,14700,432074.0
001311.SZ,2026-04-24 14:11:00,29.41,29.41,29.4,29.4,6400,188164.0
001311.SZ,2026-04-24 14:12:00,29.38,29.38,29.36,29.36,7100,208510.0
001311.SZ,2026-04-24 14:13:00,29.37,29.41,29.35,29.41,16800,493806.0
001311.SZ,2026-04-24 14:14:00,29.41,29.41,29.35,29.38,4300,126382.0
001311.SZ,2026-04-24 14:15:00,29.38,29.38,29.36,29.36,2000,58757.0
001311.SZ,2026-04-24 14:16:00,29.38,29.41,29.38,29.38,7900,232206.0
001311.SZ,2026-04-24 14:17:00,29.38,29.38,29.33,29.34,15200,446151.0
001311.SZ,2026-04-24 14:18:00,29.35,29.37,29.35,29.36,3900,114501.0
001311.SZ,2026-04-24 14:19:00,29.37,29.37,29.35,29.37,8600,252503.0
001311.SZ,2026-04-24 14:20:00,29.38,29.39,29.37,29.37,6300,185087.0
001311.SZ,2026-04-24 14:21:00,29.37,29.38,29.37,29.38,6400,188007.0
001311.SZ,2026-04-24 14:22:00,29.37,29.4,29.37,29.4,6000,176363.0
001311.SZ,2026-04-24 14:23:00,29.41,29.42,29.4,29.4,11100,326459.0
001311.SZ,2026-04-24 14:24:00,29.39,29.47,29.39,29.46,38900,1144611.0
001311.SZ,2026-04-24 14:25:00,29.45,29.47,29.45,29.46,2900,85440.0
001311.SZ,2026-04-24 14:26:00,29.46,29.46,29.42,29.42,10600,312076.0
001311.SZ,2026-04-24 14:27:00,29.43,29.43,29.42,29.42,5600,164769.0
001311.SZ,2026-04-24 14:28:00,29.41,29.41,29.38,29.39,5500,161712.0
001311.SZ,2026-04-24 14:29:00,29.39,29.39,29.35,29.37,29800,875093.0
001311.SZ,2026-04-24 14:30:00,29.36,29.36,29.32,29.32,15700,460760.0
001311.SZ,2026-04-24 14:31:00,29.33,29.34,29.31,29.31,11300,331361.0
001311.SZ,2026-04-24 14:32:00,29.31,29.34,29.31,29.33,13000,381244.0
001311.SZ,2026-04-24 14:33:00,29.32,29.35,29.32,29.35,9900,290388.0
001311.SZ,2026-04-24 14:34:00,29.36,29.36,29.35,29.36,6800,199658.0
001311.SZ,2026-04-24 14:35:00,29.38,29.38,29.35,29.37,8000,234958.0
001311.SZ,2026-04-24 14:36:00,29.37,29.39,29.37,29.38,9800,287940.0
001311.SZ,2026-04-24 14:37:00,29.37,29.38,29.36,29.36,14200,417104.0
001311.SZ,2026-04-24 14:38:00,29.35,29.37,29.35,29.36,6400,187893.0
001311.SZ,2026-04-24 14:39:00,29.35,29.37,29.35,29.36,3300,96884.0
001311.SZ,2026-04-24 14:40:00,29.37,29.37,29.34,29.34,12100,355193.0
001311.SZ,2026-04-24 14:41:00,29.35,29.35,29.33,29.34,8200,240600.0
001311.SZ,2026-04-24 14:42:00,29.34,29.34,29.33,29.33,7000,205333.0
001311.SZ,2026-04-24 14:43:00,29.32,29.33,29.32,29.32,11600,340141.0
001311.SZ,2026-04-24 14:44:00,29.32,29.32,29.3,29.3,9800,287262.0
001311.SZ,2026-04-24 14:45:00,29.31,29.31,29.29,29.29,26600,779273.0
001311.SZ,2026-04-24 14:46:00,29.28,29.28,29.24,29.25,22900,669914.0
001311.SZ,2026-04-24 14:47:00,29.24,29.25,29.23,29.23,41000,1198293.0
001311.SZ,2026-04-24 14:48:00,29.21,29.22,29.2,29.22,25600,747818.0
001311.SZ,2026-04-24 14:49:00,29.22,29.22,29.2,29.2,7300,213233.0
001311.SZ,2026-04-24 14:50:00,29.21,29.23,29.2,29.23,9500,277514.0
001311.SZ,2026-04-24 14:51:00,29.21,29.22,29.2,29.2,16400,479042.0
001311.SZ,2026-04-24 14:52:00,29.19,29.19,29.17,29.18,11000,320990.0
001311.SZ,2026-04-24 14:53:00,29.18,29.19,29.17,29.17,12400,361772.0
001311.SZ,2026-04-24 14:54:00,29.18,29.18,29.14,29.15,30000,874786.0
001311.SZ,2026-04-24 14:55:00,29.13,29.16,29.13,29.15,13100,381780.0
001311.SZ,2026-04-24 14:56:00,29.15,29.17,29.15,29.16,10000,291599.0
001311.SZ,2026-04-24 14:57:00,29.16,29.18,29.11,29.12,54675,1594117.0
001311.SZ,2026-04-24 14:58:00,29.12,29.12,29.12,29.12,0,0.0
001311.SZ,2026-04-24 14:59:00,29.12,29.12,29.12,29.12,0,0.0
001311.SZ,2026-04-24 15:00:00,29.17,29.17,29.17,29.17,17600,513392.0
001311.SZ,2026-04-27 09:30:00,29.17,29.34,29.16,29.17,11400,332563.0
001311.SZ,2026-04-27 09:31:00,29.17,29.35,29.05,29.25,116700,3409991.0
001311.SZ,2026-04-27 09:32:00,29.21,29.31,29.18,29.22,43500,1270597.0
001311.SZ,2026-04-27 09:33:00,29.23,29.33,29.18,29.24,67100,1961697.0
001311.SZ,2026-04-27 09:34:00,29.25,29.42,29.22,29.42,38400,1124900.0
001311.SZ,2026-04-27 09:35:00,29.46,29.47,29.34,29.36,33700,991840.0
001311.SZ,2026-04-27 09:36:00,29.36,29.44,29.36,29.44,25700,755350.0
001311.SZ,2026-04-27 09:37:00,29.45,29.5,29.42,29.5,63500,1871607.0
001311.SZ,2026-04-27 09:38:00,29.45,29.45,29.34,29.34,34300,1008352.0
001311.SZ,2026-04-27 09:39:00,29.33,29.35,29.26,29.26,35100,1029028.0
001311.SZ,2026-04-27 09:40:00,29.25,29.25,29.12,29.16,34700,1012463.0
001311.SZ,2026-04-27 09:41:00,29.17,29.17,29.11,29.11,17000,495189.0
001311.SZ,2026-04-27 09:42:00,29.14,29.14,29.09,29.1,12400,360915.0
001311.SZ,2026-04-27 09:43:00,29.08,29.08,28.97,28.97,44200,1282788.0
001311.SZ,2026-04-27 09:44:00,29.0,29.0,28.87,28.94,72400,2092378.0
001311.SZ,2026-04-27 09:45:00,28.97,28.97,28.88,28.96,20800,601316.0
001311.SZ,2026-04-27 09:46:00,28.95,28.95,28.82,28.83,28200,814121.0
001311.SZ,2026-04-27 09:47:00,28.83,28.86,28.81,28.82,40800,1176300.0
001311.SZ,2026-04-27 09:48:00,28.83,28.92,28.83,28.92,17500,505095.0
001311.SZ,2026-04-27 09:49:00,28.92,28.92,28.82,28.87,18700,539564.0
001311.SZ,2026-04-27 09:50:00,28.87,28.88,28.85,28.88,21700,626393.0
001311.SZ,2026-04-27 09:51:00,28.87,28.88,28.84,28.84,6700,193343.0
001311.SZ,2026-04-27 09:52:00,28.84,29.05,28.84,29.04,63200,1829415.0
001311.SZ,2026-04-27 09:53:00,29.05,29.21,29.05,29.2,60800,1773450.0
001311.SZ,2026-04-27 09:54:00,29.17,29.26,29.13,29.26,26400,770264.0
001311.SZ,2026-04-27 09:55:00,29.27,29.3,29.24,29.3,16400,479866.0
001311.SZ,2026-04-27 09:56:00,29.33,29.42,29.27,29.42,42358,1242671.6
001311.SZ,2026-04-27 09:57:00,29.42,29.42,29.24,29.24,33042,967905.25
001311.SZ,2026-04-27 09:58:00,29.24,29.24,29.18,29.18,30900,901910.0
001311.SZ,2026-04-27 09:59:00,29.2,29.2,29.12,29.12,25400,740747.0
001311.SZ,2026-04-27 10:00:00,29.11,29.17,29.1,29.17,8800,256278.0
001311.SZ,2026-04-27 10:01:00,29.18,29.18,29.15,29.15,11600,338288.0
001311.SZ,2026-04-27 10:02:00,29.14,29.19,29.12,29.15,18800,547958.0
001311.SZ,2026-04-27 10:03:00,29.14,29.16,29.08,29.09,9900,288320.0
001311.SZ,2026-04-27 10:04:00,29.1,29.2,29.07,29.2,12900,376328.0
001311.SZ,2026-04-27 10:05:00,29.19,29.19,29.16,29.16,5400,157573.0
001311.SZ,2026-04-27 10:06:00,29.17,29.39,29.17,29.32,191000,5594553.0
001311.SZ,2026-04-27 10:07:00,29.31,29.45,29.31,29.4,40100,1178954.0
001311.SZ,2026-04-27 10:08:00,29.45,29.54,29.43,29.52,85600,2524099.0
001311.SZ,2026-04-27 10:09:00,29.53,29.55,29.45,29.54,61200,1805958.0
001311.SZ,2026-04-27 10:10:00,29.53,29.55,29.49,29.49,14700,434135.0
001311.SZ,2026-04-27 10:11:00,29.46,29.52,29.46,29.49,14800,436591.0
001311.SZ,2026-04-27 10:12:00,29.49,29.49,29.46,29.47,4100,120856.0
001311.SZ,2026-04-27 10:13:00,29.46,29.48,29.46,29.46,10800,318190.0
001311.SZ,2026-04-27 10:14:00,29.43,29.43,29.38,29.41,54600,1605845.0
001311.SZ,2026-04-27 10:15:00,29.42,29.42,29.41,29.41,4300,126467.0
001311.SZ,2026-04-27 10:16:00,29.41,29.49,29.41,29.46,9700,285712.0
001311.SZ,2026-04-27 10:17:00,29.46,29.67,29.45,29.66,73900,2184061.0
001311.SZ,2026-04-27 10:18:00,29.65,29.65,29.6,29.6,4800,142161.0
001311.SZ,2026-04-27 10:19:00,29.62,29.62,29.58,29.59,6500,192366.0
001311.SZ,2026-04-27 10:20:00,29.59,29.6,29.58,29.6,5300,156838.0
001311.SZ,2026-04-27 10:21:00,29.5,29.51,29.39,29.46,234500,6912701.0
001311.SZ,2026-04-27 10:22:00,29.48,29.48,29.44,29.46,16300,479988.0
001311.SZ,2026-04-27 10:23:00,29.45,29.58,29.45,29.54,9600,283114.0
001311.SZ,2026-04-27 10:24:00,29.55,29.6,29.51,29.59,12400,366738.0
001311.SZ,2026-04-27 10:25:00,29.56,29.58,29.52,29.52,8900,263048.0
001311.SZ,2026-04-27 10:26:00,29.53,29.58,29.53,29.58,5000,147853.0
001311.SZ,2026-04-27 10:27:00,29.55,29.57,29.55,29.57,10600,313298.0
001311.SZ,2026-04-27 10:28:00,29.57,29.59,29.57,29.59,6900,204116.0
001311.SZ,2026-04-27 10:29:00,29.59,29.59,29.54,29.54,10500,310387.0
001311.SZ,2026-04-27 10:30:00,29.51,29.55,29.49,29.5,8500,250845.0
001311.SZ,2026-04-27 10:31:00,29.51,29.7,29.51,29.67,57800,1712008.0
001311.SZ,2026-04-27 10:32:00,29.74,29.87,29.71,29.81,75300,2243483.0
001311.SZ,2026-04-27 10:33:00,29.81,29.82,29.73,29.81,33500,998311.0
001311.SZ,2026-04-27 10:34:00,29.8,29.8,29.75,29.76,8100,241128.0
001311.SZ,2026-04-27 10:35:00,29.8,29.8,29.76,29.8,77800,2318116.0
001311.SZ,2026-04-27 10:36:00,29.8,29.81,29.79,29.81,10200,303998.0
001311.SZ,2026-04-27 10:37:00,29.81,29.96,29.8,29.89,42500,1268983.0
001311.SZ,2026-04-27 10:38:00,29.93,29.98,29.9,29.91,23300,697778.6
001311.SZ,2026-04-27 10:39:00,29.91,29.91,29.89,29.89,24100,720546.0
001311.SZ,2026-04-27 10:40:00,29.9,29.9,29.76,29.76,47700,1423781.0
001311.SZ,2026-04-27 10:41:00,29.78,29.83,29.76,29.8,19700,586831.0
001311.SZ,2026-04-27 10:42:00,29.81,29.81,29.79,29.79,9500,283014.0
001311.SZ,2026-04-27 10:43:00,29.78,29.88,29.78,29.84,20300,605663.0
001311.SZ,2026-04-27 10:44:00,29.9,30.15,29.9,29.98,202994,6098969.0
001311.SZ,2026-04-27 10:45:00,29.98,29.98,29.94,29.98,16500,494278.0
001311.SZ,2026-04-27 10:46:00,29.93,29.99,29.92,29.92,22900,685598.0
001311.SZ,2026-04-27 10:47:00,29.93,29.93,29.76,29.76,264600,7906857.0
001311.SZ,2026-04-27 10:48:00,29.81,29.81,29.75,29.77,17200,512127.0
001311.SZ,2026-04-27 10:49:00,29.77,29.79,29.7,29.7,15000,446437.0
001311.SZ,2026-04-27 10:50:00,29.73,29.76,29.71,29.75,7900,234827.0
001311.SZ,2026-04-27 10:51:00,29.75,29.75,29.73,29.74,5700,169493.0
001311.SZ,2026-04-27 10:52:00,29.73,29.74,29.7,29.74,14400,427957.0
001311.SZ,2026-04-27 10:53:00,29.75,29.97,29.75,29.97,78458,2342348.5
001311.SZ,2026-04-27 10:54:00,29.97,29.99,29.92,29.92,2842,85121.32
001311.SZ,2026-04-27 10:55:00,29.91,29.91,29.88,29.88,4000,119566.0
001311.SZ,2026-04-27 10:56:00,29.88,30.09,29.88,30.05,88800,2667936.0
001311.SZ,2026-04-27 10:57:00,29.99,30.07,29.93,30.07,37700,1132117.0
001311.SZ,2026-04-27 10:58:00,30.0,30.0,29.94,29.94,5000,149939.0
001311.SZ,2026-04-27 10:59:00,29.94,29.94,29.92,29.92,2700,80799.0
001311.SZ,2026-04-27 11:00:00,29.9,29.93,29.88,29.88,36200,1082705.0
001311.SZ,2026-04-27 11:01:00,29.87,29.88,29.86,29.87,4300,128432.0
001311.SZ,2026-04-27 11:02:00,29.87,29.89,29.85,29.86,6500,194101.0
001311.SZ,2026-04-27 11:03:00,29.84,29.84,29.8,29.8,6700,199791.0
001311.SZ,2026-04-27 11:04:00,29.8,29.82,29.78,29.79,8400,250345.0
001311.SZ,2026-04-27 11:05:00,29.78,29.78,29.76,29.76,7000,208347.0
001311.SZ,2026-04-27 11:06:00,29.76,29.79,29.76,29.76,5600,166728.0
001311.SZ,2026-04-27 11:07:00,29.77,29.86,29.77,29.82,6200,184793.0
001311.SZ,2026-04-27 11:08:00,29.8,29.85,29.8,29.85,11400,340005.0
001311.SZ,2026-04-27 11:09:00,29.85,29.86,29.83,29.85,21000,626766.0
001311.SZ,2026-04-27 11:10:00,29.86,29.88,29.85,29.88,3000,89591.0
001311.SZ,2026-04-27 11:11:00,29.87,29.87,29.86,29.87,3100,92592.0
001311.SZ,2026-04-27 11:12:00,29.88,29.88,29.87,29.87,2300,68711.0
001311.SZ,2026-04-27 11:13:00,29.86,29.88,29.86,29.88,1900,56752.0
001311.SZ,2026-04-27 11:14:00,29.88,29.94,29.88,29.9,6800,203312.0
001311.SZ,2026-04-27 11:15:00,29.89,29.91,29.89,29.9,4900,146498.0
001311.SZ,2026-04-27 11:16:00,29.91,29.91,29.89,29.9,4300,128585.0
001311.SZ,2026-04-27 11:17:00,29.91,29.91,29.87,29.87,8900,265967.0
001311.SZ,2026-04-27 11:18:00,29.87,29.89,29.83,29.83,15900,474710.0
001311.SZ,2026-04-27 11:19:00,29.85,29.86,29.84,29.86,2200,65675.0
001311.SZ,2026-04-27 11:20:00,29.86,29.86,29.83,29.83,12700,379012.0
001311.SZ,2026-04-27 11:21:00,29.85,29.85,29.84,29.85,8300,247743.0
001311.SZ,2026-04-27 11:22:00,29.85,29.86,29.84,29.85,5400,161173.0
001311.SZ,2026-04-27 11:23:00,29.84,29.88,29.84,29.86,4200,125407.0
001311.SZ,2026-04-27 11:24:00,29.87,29.89,29.85,29.85,4300,128459.0
001311.SZ,2026-04-27 11:25:00,29.85,29.87,29.84,29.87,15100,450743.0
001311.SZ,2026-04-27 11:26:00,29.84,29.85,29.84,29.85,3700,110436.0
001311.SZ,2026-04-27 11:27:00,29.83,29.83,29.81,29.81,14900,444293.0
001311.SZ,2026-04-27 11:28:00,29.81,29.98,29.81,29.97,47100,1408097.0
001311.SZ,2026-04-27 11:29:00,29.96,30.02,29.95,29.95,77820,2336247.8
001311.SZ,2026-04-27 11:30:00,29.97,29.97,29.95,29.95,1400,41933.0
001311.SZ,2026-04-27 13:01:00,29.95,30.08,29.91,30.01,33100,992251.0
001311.SZ,2026-04-27 13:02:00,30.01,30.01,29.97,29.97,11700,350896.0
001311.SZ,2026-04-27 13:03:00,29.98,30.01,29.98,29.98,7300,218979.0
001311.SZ,2026-04-27 13:04:00,29.99,29.99,29.97,29.97,8500,254758.0
001311.SZ,2026-04-27 13:05:00,29.97,29.98,29.93,29.93,9100,272648.0
001311.SZ,2026-04-27 13:06:00,29.93,29.93,29.81,29.82,103400,3086646.0
001311.SZ,2026-04-27 13:07:00,29.82,29.82,29.79,29.79,24300,724274.0
001311.SZ,2026-04-27 13:08:00,29.79,29.79,29.76,29.76,6400,190579.0
001311.SZ,2026-04-27 13:09:00,29.76,29.78,29.75,29.78,10000,297663.0
001311.SZ,2026-04-27 13:10:00,29.77,30.02,29.77,29.98,44600,1335137.0
001311.SZ,2026-04-27 13:11:00,29.98,30.02,29.91,29.91,78900,2365677.0
001311.SZ,2026-04-27 13:12:00,29.89,29.9,29.89,29.89,12000,358731.0
001311.SZ,2026-04-27 13:13:00,29.9,29.93,29.89,29.89,4600,137561.0
001311.SZ,2026-04-27 13:14:00,29.89,29.92,29.87,29.89,4700,140486.0
001311.SZ,2026-04-27 13:15:00,29.9,29.94,29.89,29.92,5300,158549.0
001311.SZ,2026-04-27 13:16:00,29.93,29.93,29.9,29.9,6700,200456.0
001311.SZ,2026-04-27 13:17:00,29.9,29.9,29.89,29.9,8800,263109.0
001311.SZ,2026-04-27 13:18:00,29.91,29.91,29.89,29.89,7300,218278.0
001311.SZ,2026-04-27 13:19:00,29.89,29.89,29.88,29.89,6100,182306.0
001311.SZ,2026-04-27 13:20:00,29.9,29.91,29.89,29.89,7000,209293.0
001311.SZ,2026-04-27 13:21:00,29.9,29.96,29.9,29.92,5200,155611.0
001311.SZ,2026-04-27 13:22:00,29.93,29.96,29.93,29.96,6000,179703.0
001311.SZ,2026-04-27 13:23:00,29.96,30.06,29.96,30.03,36639,1099295.5
001311.SZ,2026-04-27 13:24:00,30.03,30.03,30.0,30.01,7300,219074.0
001311.SZ,2026-04-27 13:25:00,30.01,30.04,30.01,30.03,9200,276238.0
001311.SZ,2026-04-27 13:26:00,30.02,30.03,30.0,30.03,11700,351225.0
001311.SZ,2026-04-27 13:27:00,30.03,30.03,29.99,30.0,6400,192053.0
001311.SZ,2026-04-27 13:28:00,30.0,30.0,29.97,29.98,6400,191923.0
001311.SZ,2026-04-27 13:29:00,29.98,30.0,29.97,29.98,7400,221874.0
001311.SZ,2026-04-27 13:30:00,29.98,30.0,29.96,29.96,13400,401810.0
001311.SZ,2026-04-27 13:31:00,29.96,30.02,29.96,30.0,10100,302933.0
001311.SZ,2026-04-27 13:32:00,29.99,30.0,29.99,30.0,6700,200969.0
001311.SZ,2026-04-27 13:33:00,30.0,30.14,30.0,30.11,68600,2062711.0
001311.SZ,2026-04-27 13:34:00,30.12,30.14,30.11,30.13,24200,728947.0
001311.SZ,2026-04-27 13:35:00,30.13,30.13,30.1,30.12,30600,921317.0
001311.SZ,2026-04-27 13:36:00,30.11,30.13,30.1,30.12,12800,385484.0
001311.SZ,2026-04-27 13:37:00,30.12,30.12,30.06,30.06,36700,1104537.0
001311.SZ,2026-04-27 13:38:00,30.06,30.06,30.03,30.04,4900,147223.0
001311.SZ,2026-04-27 13:39:00,30.05,30.06,30.03,30.05,7000,210285.0
001311.SZ,2026-04-27 13:40:00,30.04,30.04,29.99,30.01,8100,243087.0
001311.SZ,2026-04-27 13:41:00,30.03,30.04,30.02,30.03,3500,105120.0
001311.SZ,2026-04-27 13:42:00,30.0,30.02,29.99,30.01,21200,635996.0
001311.SZ,2026-04-27 13:43:00,30.0,30.01,29.98,29.98,5500,164954.0
001311.SZ,2026-04-27 13:44:00,29.98,29.99,29.86,29.89,37800,1130485.0
001311.SZ,2026-04-27 13:45:00,29.89,29.9,29.88,29.9,8100,242035.0
001311.SZ,2026-04-27 13:46:00,29.89,29.94,29.87,29.9,7900,236225.0
001311.SZ,2026-04-27 13:47:00,29.91,29.92,29.89,29.92,9000,269113.0
001311.SZ,2026-04-27 13:48:00,29.93,29.94,29.92,29.93,5200,155644.0
001311.SZ,2026-04-27 13:49:00,29.93,29.96,29.92,29.96,3000,89794.0
001311.SZ,2026-04-27 13:50:00,29.96,29.97,29.95,29.96,3300,98887.0
001311.SZ,2026-04-27 13:51:00,29.95,29.98,29.95,29.96,8200,245673.0
001311.SZ,2026-04-27 13:52:00,29.95,29.95,29.94,29.95,2800,83845.0
001311.SZ,2026-04-27 13:53:00,29.95,29.96,29.93,29.93,7200,215605.0
001311.SZ,2026-04-27 13:54:00,29.92,29.93,29.92,29.93,2200,65832.0
001311.SZ,2026-04-27 13:55:00,29.93,29.93,29.91,29.91,5100,152601.0
001311.SZ,2026-04-27 13:56:00,29.91,29.91,29.89,29.91,21000,627826.0
001311.SZ,2026-04-27 13:57:00,29.91,29.91,29.9,29.9,2100,62809.0
001311.SZ,2026-04-27 13:58:00,29.91,29.91,29.89,29.9,2400,71761.0
001311.SZ,2026-04-27 13:59:00,29.91,29.91,29.88,29.88,8600,257076.0
001311.SZ,2026-04-27 14:00:00,29.88,29.89,29.87,29.88,3500,104586.0
001311.SZ,2026-04-27 14:01:00,29.89,29.9,29.88,29.88,3200,95639.0
001311.SZ,2026-04-27 14:02:00,29.88,29.91,29.88,29.9,5000,149485.0
001311.SZ,2026-04-27 14:03:00,29.91,29.91,29.87,29.88,9755,291468.75
001311.SZ,2026-04-27 14:04:00,29.91,29.91,29.9,29.9,10600,316931.0
001311.SZ,2026-04-27 14:05:00,29.91,29.93,29.89,29.89,4400,131587.0
001311.SZ,2026-04-27 14:06:00,29.89,29.91,29.87,29.87,2500,74713.0
001311.SZ,2026-04-27 14:07:00,29.88,29.91,29.88,29.89,5200,155488.0
001311.SZ,2026-04-27 14:08:00,29.93,29.95,29.93,29.93,15200,454960.0
001311.SZ,2026-04-27 14:09:00,29.94,29.94,29.91,29.91,2900,86776.0
001311.SZ,2026-04-27 14:10:00,29.92,29.94,29.92,29.94,5100,152633.0
001311.SZ,2026-04-27 14:11:00,29.93,29.94,29.92,29.92,6100,182564.0
001311.SZ,2026-04-27 14:12:00,29.92,29.93,29.9,29.9,4800,143566.0
001311.SZ,2026-04-27 14:13:00,29.9,29.95,29.9,29.92,7900,236417.0
001311.SZ,2026-04-27 14:14:00,29.92,29.92,29.87,29.88,12200,364701.0
001311.SZ,2026-04-27 14:15:00,29.88,29.88,29.85,29.88,3900,116479.0
001311.SZ,2026-04-27 14:16:00,29.88,29.91,29.88,29.9,3900,116594.0
001311.SZ,2026-04-27 14:17:00,29.91,29.91,29.88,29.88,5400,161476.0
001311.SZ,2026-04-27 14:18:00,29.88,29.89,29.85,29.86,10100,301671.0
001311.SZ,2026-04-27 14:19:00,29.87,29.87,29.86,29.87,3300,98558.0
001311.SZ,2026-04-27 14:20:00,29.85,29.87,29.83,29.85,19945,595406.7
001311.SZ,2026-04-27 14:21:00,29.86,29.87,29.85,29.87,7900,235871.0
001311.SZ,2026-04-27 14:22:00,29.87,29.87,29.86,29.86,4100,122449.0
001311.SZ,2026-04-27 14:23:00,29.87,29.91,29.87,29.91,16600,496063.0
001311.SZ,2026-04-27 14:24:00,29.9,29.91,29.9,29.91,2700,80747.0
001311.SZ,2026-04-27 14:25:00,29.9,29.92,29.9,29.9,3700,110658.0
001311.SZ,2026-04-27 14:26:00,29.92,29.92,29.9,29.92,2900,86739.0
001311.SZ,2026-04-27 14:27:00,29.92,29.93,29.91,29.92,6600,197459.0
001311.SZ,2026-04-27 14:28:00,29.91,29.92,29.9,29.91,4700,140582.0
001311.SZ,2026-04-27 14:29:00,29.9,29.92,29.89,29.92,8600,257200.0
001311.SZ,2026-04-27 14:30:00,29.91,29.92,29.89,29.9,5400,161499.0
001311.SZ,2026-04-27 14:31:00,29.9,29.9,29.88,29.88,6100,182286.0
001311.SZ,2026-04-27 14:32:00,29.88,29.88,29.84,29.86,11700,349325.0
001311.SZ,2026-04-27 14:33:00,29.87,29.87,29.85,29.86,9400,280720.0
001311.SZ,2026-04-27 14:34:00,29.86,29.87,29.85,29.85,8600,256762.0
001311.SZ,2026-04-27 14:35:00,29.86,29.87,29.85,29.85,5200,155263.0
001311.SZ,2026-04-27 14:36:00,29.85,29.87,29.85,29.87,8200,244894.0
001311.SZ,2026-04-27 14:37:00,29.88,29.88,29.86,29.87,6900,206103.0
001311.SZ,2026-04-27 14:38:00,29.87,29.87,29.85,29.87,10400,310540.0
001311.SZ,2026-04-27 14:39:00,29.86,29.88,29.86,29.87,3900,116488.0
001311.SZ,2026-04-27 14:40:00,29.87,29.88,29.86,29.86,6000,179205.0
001311.SZ,2026-04-27 14:41:00,29.87,29.87,29.85,29.86,11600,346393.0
001311.SZ,2026-04-27 14:42:00,29.86,29.87,29.85,29.86,9100,271710.0
001311.SZ,2026-04-27 14:43:00,29.87,29.88,29.85,29.88,4500,134400.0
001311.SZ,2026-04-27 14:44:00,29.82,29.86,29.81,29.85,67900,2025505.0
001311.SZ,2026-04-27 14:45:00,29.86,29.86,29.83,29.85,22300,665582.0
001311.SZ,2026-04-27 14:46:00,29.86,29.86,29.84,29.86,15500,462588.0
001311.SZ,2026-04-27 14:47:00,29.86,29.86,29.84,29.84,9000,268655.0
001311.SZ,2026-04-27 14:48:00,29.85,29.87,29.85,29.86,5600,167199.0
001311.SZ,2026-04-27 14:49:00,29.87,29.88,29.86,29.86,11700,349481.0
001311.SZ,2026-04-27 14:50:00,29.87,29.88,29.86,29.86,15400,460015.0
001311.SZ,2026-04-27 14:51:00,29.85,29.87,29.85,29.86,19500,582140.0
001311.SZ,2026-04-27 14:52:00,29.87,29.87,29.85,29.85,8900,265691.0
001311.SZ,2026-04-27 14:53:00,29.86,29.86,29.85,29.86,4200,125396.0
001311.SZ,2026-04-27 14:54:00,29.86,29.86,29.82,29.82,24500,731185.0
001311.SZ,2026-04-27 14:55:00,29.82,29.85,29.81,29.83,19500,581575.0
001311.SZ,2026-04-27 14:56:00,29.84,29.86,29.84,29.84,17500,522334.0
001311.SZ,2026-04-27 14:57:00,29.85,29.88,29.83,29.86,23000,686615.0
001311.SZ,2026-04-27 14:58:00,29.86,29.86,29.86,29.86,0,0.0
001311.SZ,2026-04-27 14:59:00,29.86,29.86,29.86,29.86,0,0.0
001311.SZ,2026-04-27 15:00:00,29.88,29.88,29.88,29.88,14300,427284.0
001311.SZ,2026-04-28 09:30:00,29.74,29.74,29.51,29.51,4900,145703.0
001311.SZ,2026-04-28 09:31:00,29.52,29.71,29.51,29.51,37100,1098799.0
001311.SZ,2026-04-28 09:32:00,29.51,29.51,29.26,29.3,57000,1675386.0
001311.SZ,2026-04-28 09:33:00,29.3,29.3,29.21,29.28,34600,1012179.0
001311.SZ,2026-04-28 09:34:00,29.27,29.3,29.25,29.3,39400,1153304.0
001311.SZ,2026-04-28 09:35:00,29.32,29.32,29.26,29.26,36700,1075313.0
001311.SZ,2026-04-28 09:36:00,29.26,29.31,29.24,29.24,24800,725936.0
001311.SZ,2026-04-28 09:37:00,29.24,29.24,29.15,29.23,43300,1264226.0
001311.SZ,2026-04-28 09:38:00,29.24,29.25,29.18,29.22,40800,1191259.0
001311.SZ,2026-04-28 09:39:00,29.18,29.2,29.13,29.13,31200,910046.0
001311.SZ,2026-04-28 09:40:00,29.14,29.16,29.12,29.16,23400,681787.0
001311.SZ,2026-04-28 09:41:00,29.14,29.16,29.13,29.16,12400,361387.0
001311.SZ,2026-04-28 09:42:00,29.15,29.2,29.15,29.19,8100,236372.0
001311.SZ,2026-04-28 09:43:00,29.19,29.36,29.19,29.33,22100,646753.0
001311.SZ,2026-04-28 09:44:00,29.33,29.55,29.33,29.55,31100,915532.0
001311.SZ,2026-04-28 09:45:00,29.53,29.56,29.52,29.53,19700,582051.0
001311.SZ,2026-04-28 09:46:00,29.55,29.59,29.51,29.56,21700,641412.0
001311.SZ,2026-04-28 09:47:00,29.55,29.55,29.4,29.43,40400,1191599.0
001311.SZ,2026-04-28 09:48:00,29.42,29.49,29.42,29.49,6600,194504.0
001311.SZ,2026-04-28 09:49:00,29.46,29.48,29.4,29.44,4500,132436.0
001311.SZ,2026-04-28 09:50:00,29.34,29.39,29.3,29.39,34200,1003279.0
001311.SZ,2026-04-28 09:51:00,29.4,29.44,29.4,29.43,7700,226555.0
001311.SZ,2026-04-28 09:52:00,29.43,29.43,29.36,29.4,27000,793216.0
001311.SZ,2026-04-28 09:53:00,29.4,29.4,29.26,29.32,46100,1351861.0
001311.SZ,2026-04-28 09:54:00,29.31,29.31,29.28,29.29,10100,295926.0
001311.SZ,2026-04-28 09:55:00,29.32,29.34,29.27,29.32,17100,501250.0
001311.SZ,2026-04-28 09:56:00,29.33,29.35,29.3,29.33,57700,1690626.0
001311.SZ,2026-04-28 09:57:00,29.34,29.35,29.34,29.35,9200,269972.0
001311.SZ,2026-04-28 09:58:00,29.35,29.37,29.32,29.32,6600,193621.0
001311.SZ,2026-04-28 09:59:00,29.31,29.31,29.26,29.26,10800,316388.0
001311.SZ,2026-04-28 10:00:00,29.26,29.31,29.25,29.28,10200,298719.0
001311.SZ,2026-04-28 10:01:00,29.29,29.29,29.15,29.16,68200,1991568.0
001311.SZ,2026-04-28 10:02:00,29.15,29.15,29.1,29.13,35700,1039496.0
001311.SZ,2026-04-28 10:03:00,29.13,29.15,29.03,29.13,59500,1731668.0
001311.SZ,2026-04-28 10:04:00,29.14,29.2,29.14,29.2,26700,778374.0
001311.SZ,2026-04-28 10:05:00,29.19,29.21,29.17,29.18,27600,805551.0
001311.SZ,2026-04-28 10:06:00,29.17,29.23,29.17,29.23,10100,294927.0
001311.SZ,2026-04-28 10:07:00,29.23,29.23,29.18,29.18,9400,274547.0
001311.SZ,2026-04-28 10:08:00,29.18,29.23,29.18,29.21,33300,972461.0
001311.SZ,2026-04-28 10:09:00,29.21,29.24,29.2,29.24,7300,213381.0
001311.SZ,2026-04-28 10:10:00,29.25,29.26,29.23,29.26,2400,70164.0
001311.SZ,2026-04-28 10:11:00,29.23,29.29,29.23,29.29,11900,347938.0
001311.SZ,2026-04-28 10:12:00,29.34,29.34,29.29,29.31,9500,278329.0
001311.SZ,2026-04-28 10:13:00,29.33,29.35,29.3,29.35,15100,442844.0
001311.SZ,2026-04-28 10:14:00,29.35,29.38,29.34,29.38,10000,293702.0
001311.SZ,2026-04-28 10:15:00,29.38,29.38,29.34,29.35,6300,184918.0
001311.SZ,2026-04-28 10:16:00,29.36,29.37,29.34,29.34,21900,643034.0
001311.SZ,2026-04-28 10:17:00,29.35,29.35,29.33,29.33,12600,369727.0
001311.SZ,2026-04-28 10:18:00,29.33,29.38,29.3,29.37,19800,580671.0
001311.SZ,2026-04-28 10:19:00,29.37,29.39,29.37,29.39,16100,473040.0
001311.SZ,2026-04-28 10:20:00,29.4,29.45,29.38,29.43,28100,826188.0
001311.SZ,2026-04-28 10:21:00,29.43,29.44,29.39,29.42,15000,441125.0
001311.SZ,2026-04-28 10:22:00,29.41,29.44,29.41,29.44,9800,288393.0
001311.SZ,2026-04-28 10:23:00,29.44,29.5,29.44,29.49,12100,356402.0
001311.SZ,2026-04-28 10:24:00,29.48,29.5,29.47,29.49,15200,448260.0
001311.SZ,2026-04-28 10:25:00,29.51,29.51,29.44,29.44,7000,206363.0
001311.SZ,2026-04-28 10:26:00,29.47,29.48,29.46,29.47,8300,244557.0
001311.SZ,2026-04-28 10:27:00,29.47,29.48,29.46,29.48,3900,114947.0
001311.SZ,2026-04-28 10:28:00,29.48,29.49,29.44,29.44,10100,297654.0
001311.SZ,2026-04-28 10:29:00,29.43,29.5,29.43,29.49,14000,412449.0
001311.SZ,2026-04-28 10:30:00,29.49,29.49,29.43,29.43,17300,509820.0
001311.SZ,2026-04-28 10:31:00,29.43,29.46,29.37,29.41,16200,476850.0
001311.SZ,2026-04-28 10:32:00,29.38,29.38,29.36,29.36,6600,193821.0
001311.SZ,2026-04-28 10:33:00,29.37,29.37,29.34,29.35,14200,416907.0
001311.SZ,2026-04-28 10:34:00,29.36,29.36,29.34,29.34,9200,270029.0
001311.SZ,2026-04-28 10:35:00,29.35,29.35,29.29,29.29,28100,823715.0
001311.SZ,2026-04-28 10:36:00,29.3,29.34,29.28,29.3,68400,2003815.0
001311.SZ,2026-04-28 10:37:00,29.29,29.29,29.27,29.28,10300,301538.0
001311.SZ,2026-04-28 10:38:00,29.3,29.33,29.3,29.33,3200,93789.0
001311.SZ,2026-04-28 10:39:00,29.33,29.33,29.29,29.3,3700,108424.0
001311.SZ,2026-04-28 10:40:00,29.3,29.3,29.28,29.29,25400,744174.0
001311.SZ,2026-04-28 10:41:00,29.3,29.3,29.29,29.3,8600,251965.0
001311.SZ,2026-04-28 10:42:00,29.29,29.29,29.22,29.28,12300,360056.0
001311.SZ,2026-04-28 10:43:00,29.28,29.3,29.27,29.27,6800,199093.0
001311.SZ,2026-04-28 10:44:00,29.27,29.28,29.27,29.28,1800,52699.0
001311.SZ,2026-04-28 10:45:00,29.27,29.28,29.26,29.28,22900,670093.0
001311.SZ,2026-04-28 10:46:00,29.26,29.26,29.22,29.24,8800,257286.0
001311.SZ,2026-04-28 10:47:00,29.21,29.24,29.2,29.2,16100,470301.0
001311.SZ,2026-04-28 10:48:00,29.21,29.22,29.19,29.21,11800,344673.0
001311.SZ,2026-04-28 10:49:00,29.22,29.26,29.22,29.23,4300,125704.0
001311.SZ,2026-04-28 10:50:00,29.23,29.23,29.21,29.21,5900,172444.0
001311.SZ,2026-04-28 10:51:00,29.22,29.24,29.19,29.19,18400,537760.0
001311.SZ,2026-04-28 10:52:00,29.19,29.22,29.19,29.19,8100,236505.0
001311.SZ,2026-04-28 10:53:00,29.2,29.2,29.18,29.2,7800,227657.0
001311.SZ,2026-04-28 10:54:00,29.2,29.2,29.18,29.19,11500,335618.0
001311.SZ,2026-04-28 10:55:00,29.17,29.19,29.16,29.19,5000,145881.0
001311.SZ,2026-04-28 10:56:00,29.19,29.21,29.19,29.19,5500,160586.0
001311.SZ,2026-04-28 10:57:00,29.18,29.19,29.16,29.18,7200,210105.0
001311.SZ,2026-04-28 10:58:00,29.18,29.18,29.17,29.17,700,20423.0
001311.SZ,2026-04-28 10:59:00,29.16,29.2,29.16,29.17,15100,440673.0
001311.SZ,2026-04-28 11:00:00,29.17,29.17,29.15,29.17,8100,236237.0
001311.SZ,2026-04-28 11:01:00,29.18,29.21,29.18,29.21,7000,204328.0
001311.SZ,2026-04-28 11:02:00,29.21,29.22,29.21,29.22,4700,137290.0
001311.SZ,2026-04-28 11:03:00,29.21,29.22,29.21,29.22,2300,67197.0
001311.SZ,2026-04-28 11:04:00,29.24,29.24,29.16,29.16,42800,1248817.0
001311.SZ,2026-04-28 11:05:00,29.17,29.17,29.12,29.15,22800,664569.0
001311.SZ,2026-04-28 11:06:00,29.16,29.24,29.15,29.23,20300,592331.0
001311.SZ,2026-04-28 11:07:00,29.23,29.23,29.18,29.23,6500,189958.0
001311.SZ,2026-04-28 11:08:00,29.22,29.22,29.2,29.2,5100,148961.0
001311.SZ,2026-04-28 11:09:00,29.22,29.23,29.22,29.23,2300,67215.0
001311.SZ,2026-04-28 11:10:00,29.21,29.22,29.18,29.18,12700,370890.0
001311.SZ,2026-04-28 11:11:00,29.18,29.19,29.1,29.11,17500,509990.0
001311.SZ,2026-04-28 11:12:00,29.1,29.1,29.05,29.05,17600,511544.0
001311.SZ,2026-04-28 11:13:00,29.05,29.09,29.0,29.03,78300,2272053.0
001311.SZ,2026-04-28 11:14:00,29.04,29.06,29.0,29.0,40900,1186669.0
001311.SZ,2026-04-28 11:15:00,29.0,29.02,28.96,28.98,25800,748111.0
001311.SZ,2026-04-28 11:16:00,28.97,29.0,28.97,28.98,7200,208669.0
001311.SZ,2026-04-28 11:17:00,28.98,28.99,28.95,28.96,30100,871622.0
001311.SZ,2026-04-28 11:18:00,28.96,28.99,28.87,28.92,35800,1035405.0
001311.SZ,2026-04-28 11:19:00,28.91,28.96,28.91,28.95,10500,303884.0
001311.SZ,2026-04-28 11:20:00,28.95,28.97,28.95,28.97,10000,289588.0
001311.SZ,2026-04-28 11:21:00,28.97,28.97,28.94,28.95,7000,202680.0
001311.SZ,2026-04-28 11:22:00,28.95,28.97,28.93,28.95,17300,500964.0
001311.SZ,2026-04-28 11:23:00,28.95,28.95,28.93,28.93,4300,124468.0
001311.SZ,2026-04-28 11:24:00,28.93,28.94,28.92,28.94,2300,66528.0
001311.SZ,2026-04-28 11:25:00,28.94,28.95,28.92,28.92,5600,162019.0
001311.SZ,2026-04-28 11:26:00,28.93,28.93,28.89,28.9,18600,537721.0
001311.SZ,2026-04-28 11:27:00,28.9,28.92,28.9,28.9,4200,121414.0
001311.SZ,2026-04-28 11:28:00,28.9,28.93,28.9,28.91,8000,231294.0
001311.SZ,2026-04-28 11:29:00,28.91,28.93,28.88,28.88,21900,632994.0
001311.SZ,2026-04-28 11:30:00,28.88,28.98,28.88,28.94,51600,1492094.0
001311.SZ,2026-04-28 13:01:00,28.98,28.98,28.89,28.89,19200,555917.6
001311.SZ,2026-04-28 13:02:00,28.89,28.89,28.85,28.86,16500,476418.0
001311.SZ,2026-04-28 13:03:00,28.86,28.88,28.86,28.88,10700,308886.0
001311.SZ,2026-04-28 13:04:00,28.86,28.89,28.86,28.86,13000,375272.0
001311.SZ,2026-04-28 13:05:00,28.86,28.87,28.83,28.83,17900,516280.0
001311.SZ,2026-04-28 13:06:00,28.83,28.84,28.77,28.78,25900,746020.0
001311.SZ,2026-04-28 13:07:00,28.78,28.82,28.77,28.82,38700,1114159.0
001311.SZ,2026-04-28 13:08:00,28.81,28.82,28.79,28.81,9200,264929.0
001311.SZ,2026-04-28 13:09:00,28.81,28.81,28.76,28.76,23800,685281.0
001311.SZ,2026-04-28 13:10:00,28.75,28.78,28.75,28.77,16500,474519.0
001311.SZ,2026-04-28 13:11:00,28.78,28.79,28.71,28.71,13100,376587.0
001311.SZ,2026-04-28 13:12:00,28.74,28.76,28.7,28.74,33100,950673.0
001311.SZ,2026-04-28 13:13:00,28.74,28.77,28.74,28.77,8799,253088.25
001311.SZ,2026-04-28 13:14:00,28.75,28.78,28.74,28.78,22300,641290.0
001311.SZ,2026-04-28 13:15:00,28.77,28.77,28.74,28.74,6100,175435.0
001311.SZ,2026-04-28 13:16:00,28.74,28.74,28.71,28.71,10201,292975.75
001311.SZ,2026-04-28 13:17:00,28.71,28.74,28.71,28.73,11999,344702.25
001311.SZ,2026-04-28 13:18:00,28.73,28.73,28.7,28.72,15200,436381.0
001311.SZ,2026-04-28 13:19:00,28.72,28.73,28.69,28.72,18400,528305.0
001311.SZ,2026-04-28 13:20:00,28.71,28.71,28.7,28.7,9600,275598.0
001311.SZ,2026-04-28 13:21:00,28.7,28.71,28.68,28.68,31400,901024.0
001311.SZ,2026-04-28 13:22:00,28.68,28.74,28.68,28.73,41200,1182692.0
001311.SZ,2026-04-28 13:23:00,28.75,28.76,28.73,28.75,6000,172449.0
001311.SZ,2026-04-28 13:24:00,28.74,28.75,28.73,28.74,12200,350560.0
001311.SZ,2026-04-28 13:25:00,28.75,28.76,28.74,28.74,16000,459933.0
001311.SZ,2026-04-28 13:26:00,28.75,28.77,28.74,28.75,4700,135128.0
001311.SZ,2026-04-28 13:27:00,28.75,28.79,28.75,28.79,12400,356756.0
001311.SZ,2026-04-28 13:28:00,28.78,28.8,28.76,28.76,13300,382901.0
001311.SZ,2026-04-28 13:29:00,28.75,28.78,28.75,28.77,6000,172596.0
001311.SZ,2026-04-28 13:30:00,28.78,28.81,28.75,28.75,14300,411386.0
001311.SZ,2026-04-28 13:31:00,28.77,28.77,28.73,28.73,15900,457064.0
001311.SZ,2026-04-28 13:32:00,28.72,28.72,28.66,28.66,36700,1053128.0
001311.SZ,2026-04-28 13:33:00,28.66,28.67,28.64,28.67,17400,498603.0
001311.SZ,2026-04-28 13:34:00,28.67,28.7,28.67,28.68,29300,840215.0
001311.SZ,2026-04-28 13:35:00,28.7,28.7,28.68,28.68,18000,516301.0
001311.SZ,2026-04-28 13:36:00,28.67,28.68,28.67,28.67,8200,235111.0
001311.SZ,2026-04-28 13:37:00,28.67,28.67,28.64,28.64,10000,286551.0
001311.SZ,2026-04-28 13:38:00,28.65,28.66,28.63,28.63,14000,401053.0
001311.SZ,2026-04-28 13:39:00,28.63,28.64,28.62,28.64,20700,592675.0
001311.SZ,2026-04-28 13:40:00,28.65,28.67,28.64,28.67,21700,621614.0
001311.SZ,2026-04-28 13:41:00,28.67,28.7,28.65,28.7,20000,573417.0
001311.SZ,2026-04-28 13:42:00,28.73,28.76,28.73,28.75,27500,790377.0
001311.SZ,2026-04-28 13:43:00,28.77,28.79,28.77,28.78,9800,282010.0
001311.SZ,2026-04-28 13:44:00,28.76,28.81,28.76,28.78,41000,1180254.0
001311.SZ,2026-04-28 13:45:00,28.76,28.78,28.73,28.73,11000,316410.0
001311.SZ,2026-04-28 13:46:00,28.75,28.76,28.75,28.76,2300,66126.0
001311.SZ,2026-04-28 13:47:00,28.78,28.79,28.76,28.76,5600,161153.0
001311.SZ,2026-04-28 13:48:00,28.78,28.79,28.76,28.78,2700,77687.0
001311.SZ,2026-04-28 13:49:00,28.76,28.78,28.74,28.74,3700,106397.0
001311.SZ,2026-04-28 13:50:00,28.75,28.76,28.72,28.73,28500,819052.0
001311.SZ,2026-04-28 13:51:00,28.7,28.71,28.69,28.7,14500,416156.0
001311.SZ,2026-04-28 13:52:00,28.69,28.69,28.68,28.68,4700,134811.0
001311.SZ,2026-04-28 13:53:00,28.68,28.71,28.68,28.71,10600,304034.0
001311.SZ,2026-04-28 13:54:00,28.71,28.75,28.7,28.75,8800,252669.0
001311.SZ,2026-04-28 13:55:00,28.74,28.75,28.73,28.75,10200,293213.0
001311.SZ,2026-04-28 13:56:00,28.75,28.75,28.72,28.72,4000,114943.0
001311.SZ,2026-04-28 13:57:00,28.74,28.78,28.74,28.77,11600,333571.0
001311.SZ,2026-04-28 13:58:00,28.74,28.79,28.74,28.79,5100,146738.0
001311.SZ,2026-04-28 13:59:00,28.77,28.79,28.77,28.79,11800,339586.0
001311.SZ,2026-04-28 14:00:00,28.78,28.8,28.77,28.77,30100,866347.4
001311.SZ,2026-04-28 14:01:00,28.78,28.79,28.76,28.79,13400,385634.0
001311.SZ,2026-04-28 14:02:00,28.78,28.78,28.76,28.76,2400,69040.0
001311.SZ,2026-04-28 14:03:00,28.76,28.76,28.75,28.76,6300,181178.0
001311.SZ,2026-04-28 14:04:00,28.77,28.77,28.73,28.73,8800,252951.0
001311.SZ,2026-04-28 14:05:00,28.74,28.76,28.74,28.75,3100,89116.0
001311.SZ,2026-04-28 14:06:00,28.75,28.75,28.74,28.74,5700,163861.0
001311.SZ,2026-04-28 14:07:00,28.75,28.75,28.75,28.75,400,11500.0
001311.SZ,2026-04-28 14:08:00,28.74,28.76,28.74,28.76,5900,169581.0
001311.SZ,2026-04-28 14:09:00,28.76,28.8,28.76,28.8,13900,400008.0
001311.SZ,2026-04-28 14:10:00,28.8,28.8,28.78,28.79,7300,210167.0
001311.SZ,2026-04-28 14:11:00,28.78,28.79,28.75,28.78,15500,446004.0
001311.SZ,2026-04-28 14:12:00,28.77,28.81,28.77,28.8,46600,1341471.0
001311.SZ,2026-04-28 14:13:00,28.81,28.81,28.8,28.8,11300,325495.0
001311.SZ,2026-04-28 14:14:00,28.82,28.84,28.82,28.83,6800,196083.0
001311.SZ,2026-04-28 14:15:00,28.83,28.84,28.82,28.83,6400,184514.0
001311.SZ,2026-04-28 14:16:00,28.83,28.83,28.8,28.8,8900,256487.0
001311.SZ,2026-04-28 14:17:00,28.8,28.83,28.8,28.81,6400,184415.0
001311.SZ,2026-04-28 14:18:00,28.8,28.8,28.79,28.79,5300,152635.0
001311.SZ,2026-04-28 14:19:00,28.8,28.8,28.75,28.75,16700,480438.0
001311.SZ,2026-04-28 14:20:00,28.75,28.75,28.7,28.7,31600,907807.0
001311.SZ,2026-04-28 14:21:00,28.7,28.7,28.69,28.69,20800,596902.0
001311.SZ,2026-04-28 14:22:00,28.68,28.7,28.66,28.67,33400,957450.0
001311.SZ,2026-04-28 14:23:00,28.67,28.67,28.65,28.65,13700,392599.0
001311.SZ,2026-04-28 14:24:00,28.65,28.66,28.65,28.66,3000,85949.0
001311.SZ,2026-04-28 14:25:00,28.65,28.66,28.64,28.66,10000,286490.0
001311.SZ,2026-04-28 14:26:00,28.65,28.66,28.63,28.65,17500,501329.0
001311.SZ,2026-04-28 14:27:00,28.63,28.64,28.62,28.63,23700,678440.0
001311.SZ,2026-04-28 14:28:00,28.62,28.62,28.6,28.6,25400,726565.0
001311.SZ,2026-04-28 14:29:00,28.59,28.6,28.58,28.6,10300,294476.0
001311.SZ,2026-04-28 14:30:00,28.59,28.6,28.59,28.59,2800,80060.0
001311.SZ,2026-04-28 14:31:00,28.6,28.61,28.59,28.59,18000,514774.0
001311.SZ,2026-04-28 14:32:00,28.59,28.6,28.58,28.6,4700,134380.0
001311.SZ,2026-04-28 14:33:00,28.6,28.61,28.59,28.6,5800,165893.0
001311.SZ,2026-04-28 14:34:00,28.59,28.59,28.55,28.58,12400,354373.0
001311.SZ,2026-04-28 14:35:00,28.57,28.58,28.51,28.53,27147,775025.0
001311.SZ,2026-04-28 14:36:00,28.54,28.6,28.54,28.58,9299,265726.44
001311.SZ,2026-04-28 14:37:00,28.58,28.64,28.58,28.6,31400,898281.0
001311.SZ,2026-04-28 14:38:00,28.62,28.64,28.6,28.64,14900,426351.0
001311.SZ,2026-04-28 14:39:00,28.64,28.64,28.6,28.63,18200,520853.0
001311.SZ,2026-04-28 14:40:00,28.61,28.63,28.58,28.6,10600,303178.0
001311.SZ,2026-04-28 14:41:00,28.63,28.65,28.61,28.64,17500,501038.0
001311.SZ,2026-04-28 14:42:00,28.64,28.64,28.63,28.63,4300,123135.0
001311.SZ,2026-04-28 14:43:00,28.64,28.64,28.63,28.63,9500,272009.0
001311.SZ,2026-04-28 14:44:00,28.63,28.7,28.63,28.68,23800,682123.0
001311.SZ,2026-04-28 14:45:00,28.68,28.7,28.68,28.7,9100,261123.0
001311.SZ,2026-04-28 14:46:00,28.7,28.73,28.7,28.71,7700,221102.0
001311.SZ,2026-04-28 14:47:00,28.72,28.75,28.72,28.73,17800,511455.0
001311.SZ,2026-04-28 14:48:00,28.74,28.74,28.73,28.74,8200,235633.0
001311.SZ,2026-04-28 14:49:00,28.73,28.74,28.73,28.74,9700,278735.0
001311.SZ,2026-04-28 14:50:00,28.74,28.76,28.74,28.75,12400,356501.0
001311.SZ,2026-04-28 14:51:00,28.74,28.76,28.74,28.76,8400,241464.0
001311.SZ,2026-04-28 14:52:00,28.74,28.75,28.74,28.74,8800,252948.0
001311.SZ,2026-04-28 14:53:00,28.75,28.75,28.73,28.73,11700,336256.0
001311.SZ,2026-04-28 14:54:00,28.75,28.75,28.72,28.75,9800,281672.0
001311.SZ,2026-04-28 14:55:00,28.75,28.76,28.74,28.75,14500,416904.0
001311.SZ,2026-04-28 14:56:00,28.75,28.76,28.75,28.76,10400,299050.0
001311.SZ,2026-04-28 14:57:00,28.74,28.78,28.71,28.78,29040,835146.6
001311.SZ,2026-04-28 14:58:00,28.78,28.78,28.78,28.78,0,0.0
001311.SZ,2026-04-28 14:59:00,28.78,28.78,28.78,28.78,0,0.0
001311.SZ,2026-04-28 15:00:00,28.79,28.79,28.79,28.79,26900,774451.0
001311.SZ,2026-04-29 09:30:00,28.8,28.8,28.79,28.79,6600,190041.0
001311.SZ,2026-04-29 09:31:00,28.78,28.87,28.61,28.75,68900,1982828.0
001311.SZ,2026-04-29 09:32:00,28.77,28.8,28.71,28.73,15400,442737.0
001311.SZ,2026-04-29 09:33:00,28.69,28.77,28.64,28.74,39500,1133858.0
001311.SZ,2026-04-29 09:34:00,28.74,28.82,28.74,28.78,43600,1254699.0
001311.SZ,2026-04-29 09:35:00,28.78,28.81,28.76,28.77,28436,818096.0
001311.SZ,2026-04-29 09:36:00,28.76,28.76,28.64,28.64,35464,1018385.0
001311.SZ,2026-04-29 09:37:00,28.65,28.78,28.63,28.78,119036,3415762.0
001311.SZ,2026-04-29 09:38:00,28.78,28.78,28.63,28.63,52400,1504380.0
001311.SZ,2026-04-29 09:39:00,28.63,28.7,28.52,28.7,131200,3755669.0
001311.SZ,2026-04-29 09:40:00,28.69,28.69,28.66,28.68,9200,263874.0
001311.SZ,2026-04-29 09:41:00,28.67,28.73,28.66,28.73,86200,2474081.0
001311.SZ,2026-04-29 09:42:00,28.73,28.99,28.73,28.87,143000,4118580.0
001311.SZ,2026-04-29 09:43:00,28.89,28.93,28.81,28.93,14500,418687.0
001311.SZ,2026-04-29 09:44:00,28.93,28.97,28.91,28.91,25800,746374.0
001311.SZ,2026-04-29 09:45:00,28.92,28.92,28.87,28.87,14900,430644.0
001311.SZ,2026-04-29 09:46:00,28.86,28.86,28.78,28.83,35600,1025197.0
001311.SZ,2026-04-29 09:47:00,28.83,28.85,28.79,28.83,22000,633838.0
001311.SZ,2026-04-29 09:48:00,28.86,28.9,28.79,28.87,37900,1092559.0
001311.SZ,2026-04-29 09:49:00,28.9,29.0,28.88,28.98,14000,405537.0
001311.SZ,2026-04-29 09:50:00,28.94,28.97,28.9,28.97,21200,613706.0
001311.SZ,2026-04-29 09:51:00,28.95,29.0,28.94,28.97,9000,260769.0
001311.SZ,2026-04-29 09:52:00,28.98,29.04,28.96,28.99,25400,736124.0
001311.SZ,2026-04-29 09:53:00,28.98,28.98,28.94,28.94,2900,83997.0
001311.SZ,2026-04-29 09:54:00,28.98,28.99,28.97,28.97,8500,246265.0
001311.SZ,2026-04-29 09:55:00,28.99,28.99,28.93,28.94,14800,428741.0
001311.SZ,2026-04-29 09:56:00,28.93,28.93,28.88,28.9,43300,1251499.0
001311.SZ,2026-04-29 09:57:00,28.88,28.89,28.85,28.85,6100,176142.0
001311.SZ,2026-04-29 09:58:00,28.85,28.89,28.85,28.87,5800,167424.0
001311.SZ,2026-04-29 09:59:00,28.88,28.88,28.86,28.88,9400,271387.0
001311.SZ,2026-04-29 10:00:00,28.88,28.89,28.85,28.88,17900,516533.0
001311.SZ,2026-04-29 10:01:00,28.89,28.96,28.88,28.89,32800,948113.0
001311.SZ,2026-04-29 10:02:00,28.89,28.89,28.86,28.87,5100,147301.0
001311.SZ,2026-04-29 10:03:00,28.89,28.89,28.86,28.86,11400,329018.0
001311.SZ,2026-04-29 10:04:00,28.86,28.89,28.85,28.85,12558,362487.88
001311.SZ,2026-04-29 10:05:00,28.85,28.89,28.82,28.89,30700,886191.0
001311.SZ,2026-04-29 10:06:00,28.87,28.87,28.84,28.84,35300,1018564.0
001311.SZ,2026-04-29 10:07:00,28.84,28.91,28.84,28.9,65100,1878974.0
001311.SZ,2026-04-29 10:08:00,28.88,28.91,28.88,28.91,18800,542998.0
001311.SZ,2026-04-29 10:09:00,28.89,28.94,28.89,28.94,8700,251573.0
001311.SZ,2026-04-29 10:10:00,28.95,28.96,28.93,28.93,5100,147555.0
001311.SZ,2026-04-29 10:11:00,28.93,28.94,28.92,28.93,10100,292137.0
001311.SZ,2026-04-29 10:12:00,28.89,28.94,28.89,28.94,9500,274694.0
001311.SZ,2026-04-29 10:13:00,28.93,28.93,28.85,28.85,27100,782687.0
001311.SZ,2026-04-29 10:14:00,28.81,28.83,28.79,28.82,66800,1923447.0
001311.SZ,2026-04-29 10:15:00,28.83,28.84,28.78,28.78,10900,313932.0
001311.SZ,2026-04-29 10:16:00,28.83,28.88,28.78,28.86,22739,656199.56
001311.SZ,2026-04-29 10:17:00,28.89,28.92,28.86,28.91,5900,170480.0
001311.SZ,2026-04-29 10:18:00,28.91,28.92,28.88,28.92,13100,378471.0
001311.SZ,2026-04-29 10:19:00,28.93,28.94,28.9,28.9,20800,601661.0
001311.SZ,2026-04-29 10:20:00,28.9,28.9,28.86,28.87,15300,441879.0
001311.SZ,2026-04-29 10:21:00,28.9,28.9,28.89,28.9,9400,271630.0
001311.SZ,2026-04-29 10:22:00,28.89,28.89,28.86,28.87,10700,308942.0
001311.SZ,2026-04-29 10:23:00,28.86,28.86,28.8,28.81,23500,677975.0
001311.SZ,2026-04-29 10:24:00,28.85,28.87,28.84,28.84,6100,175962.0
001311.SZ,2026-04-29 10:25:00,28.85,28.86,28.81,28.84,7800,224882.0
001311.SZ,2026-04-29 10:26:00,28.8,28.8,28.8,28.8,8000,230409.0
001311.SZ,2026-04-29 10:27:00,28.8,28.82,28.8,28.82,5900,169945.0
001311.SZ,2026-04-29 10:28:00,28.82,28.86,28.8,28.84,9700,279553.0
001311.SZ,2026-04-29 10:29:00,28.85,28.85,28.8,28.81,6000,172934.0
001311.SZ,2026-04-29 10:30:00,28.85,28.89,28.81,28.89,49800,1435982.0
001311.SZ,2026-04-29 10:31:00,28.86,28.95,28.86,28.92,16200,468261.0
001311.SZ,2026-04-29 10:32:00,28.93,28.93,28.89,28.89,9000,260078.0
001311.SZ,2026-04-29 10:33:00,28.9,28.94,28.88,28.88,57600,1663408.0
001311.SZ,2026-04-29 10:34:00,28.9,28.9,28.81,28.85,54600,1574737.0
001311.SZ,2026-04-29 10:35:00,28.85,28.93,28.85,28.93,12100,349574.0
001311.SZ,2026-04-29 10:36:00,28.87,28.88,28.83,28.88,4900,141437.0
001311.SZ,2026-04-29 10:37:00,28.88,28.9,28.88,28.9,10500,303007.0
001311.SZ,2026-04-29 10:38:00,28.9,28.9,28.83,28.83,6200,178882.0
001311.SZ,2026-04-29 10:39:00,28.82,28.92,28.82,28.92,15400,444810.0
001311.SZ,2026-04-29 10:40:00,28.92,28.92,28.84,28.84,6900,199347.0
001311.SZ,2026-04-29 10:41:00,28.82,28.88,28.82,28.84,5800,167361.0
001311.SZ,2026-04-29 10:42:00,28.86,28.88,28.84,28.88,65600,1894435.0
001311.SZ,2026-04-29 10:43:00,28.85,28.93,28.85,28.91,40400,1166832.0
001311.SZ,2026-04-29 10:44:00,28.88,28.91,28.86,28.86,11100,320669.0
001311.SZ,2026-04-29 10:45:00,28.9,28.92,28.85,28.92,10800,311847.0
001311.SZ,2026-04-29 10:46:00,28.88,28.92,28.88,28.92,9500,274441.0
001311.SZ,2026-04-29 10:47:00,28.91,28.91,28.88,28.91,3700,106870.0
001311.SZ,2026-04-29 10:48:00,28.88,28.89,28.85,28.89,9100,262711.0
001311.SZ,2026-04-29 10:49:00,28.91,28.92,28.86,28.91,2600,75121.0
001311.SZ,2026-04-29 10:50:00,28.91,28.94,28.91,28.94,21300,615961.0
001311.SZ,2026-04-29 10:51:00,28.95,28.96,28.95,28.96,5400,156306.0
001311.SZ,2026-04-29 10:52:00,28.97,29.03,28.97,29.03,11100,321798.0
001311.SZ,2026-04-29 10:53:00,29.08,29.08,29.0,29.01,32700,949290.0
001311.SZ,2026-04-29 10:54:00,29.01,29.01,28.97,28.99,3800,110164.0
001311.SZ,2026-04-29 10:55:00,28.99,29.0,28.99,28.99,4200,121779.0
001311.SZ,2026-04-29 10:56:00,28.99,29.07,28.99,29.07,13800,400449.0
001311.SZ,2026-04-29 10:57:00,29.06,29.12,29.06,29.12,41800,1215577.1
001311.SZ,2026-04-29 10:58:00,29.12,29.12,29.08,29.08,5400,157121.0
001311.SZ,2026-04-29 10:59:00,29.07,29.1,29.07,29.09,7200,209439.0
001311.SZ,2026-04-29 11:00:00,29.11,29.11,29.1,29.11,3000,87322.0
001311.SZ,2026-04-29 11:01:00,29.13,29.19,29.13,29.17,13700,399551.0
001311.SZ,2026-04-29 11:02:00,29.15,29.17,29.14,29.15,17000,495795.0
001311.SZ,2026-04-29 11:03:00,29.16,29.16,29.15,29.16,1800,52486.0
001311.SZ,2026-04-29 11:04:00,29.14,29.14,29.11,29.11,14800,431143.0
001311.SZ,2026-04-29 11:05:00,29.11,29.13,29.11,29.13,4900,142663.0
001311.SZ,2026-04-29 11:06:00,29.11,29.12,29.11,29.11,3800,110620.0
001311.SZ,2026-04-29 11:07:00,29.12,29.12,29.1,29.1,17000,494771.0
001311.SZ,2026-04-29 11:08:00,29.08,29.13,29.08,29.12,11900,346418.0
001311.SZ,2026-04-29 11:09:00,29.13,29.15,29.13,29.14,5600,163137.0
001311.SZ,2026-04-29 11:10:00,29.15,29.17,29.12,29.12,15200,443138.0
001311.SZ,2026-04-29 11:11:00,29.14,29.17,29.14,29.16,1300,37894.0
001311.SZ,2026-04-29 11:12:00,29.16,29.16,29.1,29.15,14600,425245.0
001311.SZ,2026-04-29 11:13:00,29.14,29.17,29.14,29.17,1100,32079.0
001311.SZ,2026-04-29 11:14:00,29.14,29.14,29.12,29.12,2700,78649.0
001311.SZ,2026-04-29 11:15:00,29.12,29.14,29.12,29.13,1900,55342.0
001311.SZ,2026-04-29 11:16:00,29.15,29.16,29.13,29.16,1900,55391.0
001311.SZ,2026-04-29 11:17:00,29.13,29.15,29.13,29.15,7700,224353.0
001311.SZ,2026-04-29 11:18:00,29.15,29.15,29.08,29.1,17200,500912.0
001311.SZ,2026-04-29 11:19:00,29.09,29.09,29.06,29.06,3700,107592.0
001311.SZ,2026-04-29 11:20:00,29.06,29.07,29.06,29.06,3000,87189.0
001311.SZ,2026-04-29 11:21:00,29.06,29.09,29.06,29.08,6200,180355.0
001311.SZ,2026-04-29 11:22:00,29.08,29.1,29.07,29.08,12000,349208.0
001311.SZ,2026-04-29 11:23:00,29.05,29.05,29.02,29.02,9400,273122.0
001311.SZ,2026-04-29 11:24:00,29.02,29.05,29.02,29.04,3000,87139.0
001311.SZ,2026-04-29 11:25:00,29.04,29.05,29.04,29.05,7900,229457.0
001311.SZ,2026-04-29 11:26:00,29.05,29.05,29.04,29.04,9400,273039.0
001311.SZ,2026-04-29 11:27:00,29.03,29.04,29.01,29.03,5200,150932.0
001311.SZ,2026-04-29 11:28:00,29.04,29.05,29.04,29.05,4000,116179.0
001311.SZ,2026-04-29 11:29:00,29.05,29.06,29.05,29.06,10900,316666.0
001311.SZ,2026-04-29 11:30:00,29.06,29.06,29.03,29.04,3400,98745.0
001311.SZ,2026-04-29 13:01:00,29.03,29.05,29.0,29.04,10200,296083.0
001311.SZ,2026-04-29 13:02:00,29.03,29.06,29.03,29.06,3500,101681.0
001311.SZ,2026-04-29 13:03:00,29.04,29.06,29.03,29.06,8900,258444.0
001311.SZ,2026-04-29 13:04:00,29.07,29.09,29.07,29.09,2100,61058.0
001311.SZ,2026-04-29 13:05:00,29.07,29.07,29.06,29.07,700,20347.0
001311.SZ,2026-04-29 13:06:00,29.05,29.08,29.05,29.06,8900,258647.0
001311.SZ,2026-04-29 13:07:00,29.08,29.14,29.07,29.13,17000,494610.0
001311.SZ,2026-04-29 13:08:00,29.12,29.12,29.11,29.12,6500,189252.0
001311.SZ,2026-04-29 13:09:00,29.13,29.16,29.12,29.14,7700,224378.0
001311.SZ,2026-04-29 13:10:00,29.15,29.15,29.12,29.13,8100,236007.0
001311.SZ,2026-04-29 13:11:00,29.15,29.17,29.15,29.16,6400,186606.0
001311.SZ,2026-04-29 13:12:00,29.17,29.17,29.15,29.15,4400,128285.0
001311.SZ,2026-04-29 13:13:00,29.16,29.16,29.13,29.15,1400,40799.0
001311.SZ,2026-04-29 13:14:00,29.14,29.17,29.12,29.17,10000,291401.0
001311.SZ,2026-04-29 13:15:00,29.17,29.18,29.16,29.18,13500,393795.0
001311.SZ,2026-04-29 13:16:00,29.19,29.22,29.19,29.22,16100,470145.0
001311.SZ,2026-04-29 13:17:00,29.22,29.26,29.21,29.26,20400,596285.5
001311.SZ,2026-04-29 13:18:00,29.26,29.3,29.26,29.3,34151,999229.25
001311.SZ,2026-04-29 13:19:00,29.3,29.3,29.26,29.26,13100,383584.0
001311.SZ,2026-04-29 13:20:00,29.26,29.28,29.26,29.28,11900,348270.0
001311.SZ,2026-04-29 13:21:00,29.29,29.29,29.28,29.28,8700,254797.0
001311.SZ,2026-04-29 13:22:00,29.28,29.28,29.25,29.28,16900,494548.0
001311.SZ,2026-04-29 13:23:00,29.27,29.27,29.22,29.22,32700,956455.0
001311.SZ,2026-04-29 13:24:00,29.23,29.27,29.22,29.27,39300,1149408.0
001311.SZ,2026-04-29 13:25:00,29.29,29.29,29.27,29.29,13600,398302.0
001311.SZ,2026-04-29 13:26:00,29.3,29.34,29.3,29.33,21700,636045.0
001311.SZ,2026-04-29 13:27:00,29.34,29.38,29.34,29.36,11000,322938.0
001311.SZ,2026-04-29 13:28:00,29.36,29.39,29.36,29.38,13100,384870.0
001311.SZ,2026-04-29 13:29:00,29.39,29.43,29.38,29.41,17700,520249.0
001311.SZ,2026-04-29 13:30:00,29.41,29.41,29.34,29.34,14100,414381.0
001311.SZ,2026-04-29 13:31:00,29.34,29.36,29.34,29.35,5600,164330.0
001311.SZ,2026-04-29 13:32:00,29.32,29.32,29.29,29.29,5900,172959.0
001311.SZ,2026-04-29 13:33:00,29.29,29.29,29.27,29.27,3100,90768.0
001311.SZ,2026-04-29 13:34:00,29.28,29.3,29.26,29.3,5600,163997.0
001311.SZ,2026-04-29 13:35:00,29.29,29.31,29.28,29.28,4500,131836.0
001311.SZ,2026-04-29 13:36:00,29.3,29.33,29.29,29.32,8600,251997.0
001311.SZ,2026-04-29 13:37:00,29.31,29.32,29.3,29.32,12508,366550.4
001311.SZ,2026-04-29 13:38:00,29.31,29.31,29.29,29.3,4200,123093.0
001311.SZ,2026-04-29 13:39:00,29.29,29.33,29.29,29.33,8200,240304.0
001311.SZ,2026-04-29 13:40:00,29.31,29.32,29.29,29.32,4500,131892.0
001311.SZ,2026-04-29 13:41:00,29.32,29.32,29.3,29.3,1200,35176.0
001311.SZ,2026-04-29 13:42:00,29.32,29.35,29.32,29.35,5600,164281.0
001311.SZ,2026-04-29 13:43:00,29.36,29.38,29.34,29.38,7200,211476.0
001311.SZ,2026-04-29 13:44:00,29.37,29.44,29.37,29.44,28800,846671.0
001311.SZ,2026-04-29 13:45:00,29.44,29.5,29.44,29.45,33300,981470.0
001311.SZ,2026-04-29 13:46:00,29.46,29.49,29.46,29.46,18700,550996.0
001311.SZ,2026-04-29 13:47:00,29.47,29.48,29.45,29.48,9200,271053.0
001311.SZ,2026-04-29 13:48:00,29.45,29.47,29.45,29.47,25300,745453.0
001311.SZ,2026-04-29 13:49:00,29.45,29.48,29.45,29.48,10500,309431.0
001311.SZ,2026-04-29 13:50:00,29.48,29.49,29.47,29.47,6600,194584.0
001311.SZ,2026-04-29 13:51:00,29.48,29.48,29.46,29.47,8100,238736.0
001311.SZ,2026-04-29 13:52:00,29.47,29.47,29.45,29.46,5900,173818.0
001311.SZ,2026-04-29 13:53:00,29.46,29.47,29.45,29.46,7800,229787.0
001311.SZ,2026-04-29 13:54:00,29.46,29.47,29.45,29.45,6800,200282.0
001311.SZ,2026-04-29 13:55:00,29.47,29.5,29.47,29.5,42400,1250094.0
001311.SZ,2026-04-29 13:56:00,29.5,29.5,29.46,29.5,41700,1229763.0
001311.SZ,2026-04-29 13:57:00,29.55,29.55,29.51,29.54,16400,484248.0
001311.SZ,2026-04-29 13:58:00,29.52,29.54,29.52,29.52,13800,407458.0
001311.SZ,2026-04-29 13:59:00,29.51,29.58,29.51,29.56,19400,573159.0
001311.SZ,2026-04-29 14:00:00,29.56,29.56,29.54,29.54,8900,263033.0
001311.SZ,2026-04-29 14:01:00,29.54,29.59,29.54,29.58,13800,408092.0
001311.SZ,2026-04-29 14:02:00,29.58,29.62,29.58,29.62,10600,313787.0
001311.SZ,2026-04-29 14:03:00,29.63,29.64,29.58,29.59,28400,840914.0
001311.SZ,2026-04-29 14:04:00,29.6,29.63,29.59,29.59,10700,316767.0
001311.SZ,2026-04-29 14:05:00,29.55,29.6,29.55,29.57,8000,236651.0
001311.SZ,2026-04-29 14:06:00,29.57,29.62,29.56,29.62,13500,399441.1
001311.SZ,2026-04-29 14:07:00,29.57,29.63,29.57,29.63,22330,660976.6
001311.SZ,2026-04-29 14:08:00,29.64,29.65,29.59,29.61,23170,686148.1
001311.SZ,2026-04-29 14:09:00,29.6,29.6,29.56,29.56,6600,195229.0
001311.SZ,2026-04-29 14:10:00,29.56,29.58,29.55,29.56,7200,212805.0
001311.SZ,2026-04-29 14:11:00,29.54,29.58,29.54,29.55,13400,396164.0
001311.SZ,2026-04-29 14:12:00,29.56,29.59,29.55,29.58,8883,262661.66
001311.SZ,2026-04-29 14:13:00,29.58,29.58,29.55,29.57,15700,464201.0
001311.SZ,2026-04-29 14:14:00,29.57,29.59,29.56,29.58,24700,730598.0
001311.SZ,2026-04-29 14:15:00,29.58,29.59,29.56,29.59,57600,1703685.0
001311.SZ,2026-04-29 14:16:00,29.58,29.61,29.58,29.58,17900,529791.0
001311.SZ,2026-04-29 14:17:00,29.61,29.61,29.58,29.58,10700,316699.0
001311.SZ,2026-04-29 14:18:00,29.58,29.59,29.56,29.56,17717,524094.7
001311.SZ,2026-04-29 14:19:00,29.55,29.58,29.51,29.51,20500,605860.0
001311.SZ,2026-04-29 14:20:00,29.55,29.56,29.54,29.56,8700,257088.0
001311.SZ,2026-04-29 14:21:00,29.55,29.57,29.54,29.54,11400,337002.0
001311.SZ,2026-04-29 14:22:00,29.56,29.58,29.55,29.55,3900,115295.0
001311.SZ,2026-04-29 14:23:00,29.55,29.55,29.52,29.53,13400,395894.0
001311.SZ,2026-04-29 14:24:00,29.54,29.55,29.52,29.54,10000,295381.0
001311.SZ,2026-04-29 14:25:00,29.53,29.57,29.53,29.54,15200,449168.0
001311.SZ,2026-04-29 14:26:00,29.54,29.56,29.53,29.56,17100,505281.0
001311.SZ,2026-04-29 14:27:00,29.53,29.55,29.53,29.54,8900,262931.0
001311.SZ,2026-04-29 14:28:00,29.54,29.54,29.52,29.53,6400,189001.0
001311.SZ,2026-04-29 14:29:00,29.52,29.54,29.52,29.52,12700,374958.0
001311.SZ,2026-04-29 14:30:00,29.51,29.55,29.51,29.54,18800,555377.0
001311.SZ,2026-04-29 14:31:00,29.55,29.57,29.53,29.53,17000,502285.0
001311.SZ,2026-04-29 14:32:00,29.51,29.52,29.5,29.51,45000,1327714.0
001311.SZ,2026-04-29 14:33:00,29.51,29.52,29.49,29.5,49900,1472145.0
001311.SZ,2026-04-29 14:34:00,29.51,29.51,29.47,29.49,17700,522031.0
001311.SZ,2026-04-29 14:35:00,29.51,29.52,29.5,29.5,21200,625624.0
001311.SZ,2026-04-29 14:36:00,29.51,29.52,29.45,29.45,23700,698793.0
001311.SZ,2026-04-29 14:37:00,29.46,29.49,29.46,29.47,52500,1546749.0
001311.SZ,2026-04-29 14:38:00,29.47,29.5,29.46,29.5,14700,433429.0
001311.SZ,2026-04-29 14:39:00,29.5,29.53,29.5,29.51,20300,599141.0
001311.SZ,2026-04-29 14:40:00,29.52,29.52,29.5,29.5,8600,253792.0
001311.SZ,2026-04-29 14:41:00,29.5,29.53,29.5,29.5,35700,1053437.0
001311.SZ,2026-04-29 14:42:00,29.51,29.52,29.5,29.51,57600,1699637.0
001311.SZ,2026-04-29 14:43:00,29.5,29.53,29.49,29.53,21900,646470.0
001311.SZ,2026-04-29 14:44:00,29.53,29.53,29.5,29.51,16600,489936.0
001311.SZ,2026-04-29 14:45:00,29.5,29.52,29.5,29.5,35300,1041742.0
001311.SZ,2026-04-29 14:46:00,29.52,29.55,29.52,29.55,17400,513927.0
001311.SZ,2026-04-29 14:47:00,29.53,29.56,29.52,29.53,15400,454820.0
001311.SZ,2026-04-29 14:48:00,29.53,29.54,29.52,29.53,9200,271679.0
001311.SZ,2026-04-29 14:49:00,29.53,29.53,29.52,29.52,11600,342492.0
001311.SZ,2026-04-29 14:50:00,29.53,29.53,29.51,29.53,37400,1104253.0
001311.SZ,2026-04-29 14:51:00,29.54,29.55,29.5,29.5,29100,859183.0
001311.SZ,2026-04-29 14:52:00,29.5,29.52,29.5,29.5,15400,454334.0
001311.SZ,2026-04-29 14:53:00,29.51,29.53,29.5,29.53,25190,743685.8
001311.SZ,2026-04-29 14:54:00,29.54,29.56,29.52,29.52,79778,2355804.0
001311.SZ,2026-04-29 14:55:00,29.53,29.54,29.52,29.54,22338,659517.75
001311.SZ,2026-04-29 14:56:00,29.53,29.56,29.52,29.55,33300,983845.0
001311.SZ,2026-04-29 14:57:00,29.53,29.55,29.52,29.53,16722,493870.44
001311.SZ,2026-04-29 14:58:00,29.53,29.53,29.53,29.53,0,0.0
001311.SZ,2026-04-29 14:59:00,29.53,29.53,29.53,29.53,0,0.0
001311.SZ,2026-04-29 15:00:00,29.56,29.56,29.56,29.56,9300,274908.0
001311.SZ,2026-04-30 09:30:00,29.51,29.51,29.36,29.36,3800,112063.0
001311.SZ,2026-04-30 09:31:00,29.36,29.48,29.2,29.39,46100,1354535.5
001311.SZ,2026-04-30 09:32:00,29.49,29.58,29.43,29.5,94200,2775905.0
001311.SZ,2026-04-30 09:33:00,29.56,29.67,29.56,29.63,43130,1276945.2
001311.SZ,2026-04-30 09:34:00,29.64,30.41,29.64,30.41,250080,7543966.0
001311.SZ,2026-04-30 09:35:00,30.41,30.42,30.12,30.12,150700,4556365.0
001311.SZ,2026-04-30 09:36:00,30.12,30.79,30.12,30.7,345500,10558929.0
001311.SZ,2026-04-30 09:37:00,30.88,30.98,30.73,30.74,131900,4066940.0
001311.SZ,2026-04-30 09:38:00,30.65,30.83,30.52,30.77,117000,3586306.0
001311.SZ,2026-04-30 09:39:00,30.77,31.13,30.77,30.87,144800,4476297.0
001311.SZ,2026-04-30 09:40:00,30.96,31.1,30.85,31.07,145300,4504048.0
001311.SZ,2026-04-30 09:41:00,31.03,31.04,30.82,30.98,89300,2764565.0
001311.SZ,2026-04-30 09:42:00,30.98,31.2,30.9,31.2,337178,10463888.0
001311.SZ,2026-04-30 09:43:00,31.23,31.36,31.1,31.12,246300,7687120.0
001311.SZ,2026-04-30 09:44:00,31.12,31.2,30.9,30.94,53300,1657277.0
001311.SZ,2026-04-30 09:45:00,30.97,31.05,30.95,30.97,110900,3437071.0
001311.SZ,2026-04-30 09:46:00,30.96,31.01,30.88,30.88,68900,2130864.0
001311.SZ,2026-04-30 09:47:00,30.81,30.91,30.74,30.74,54700,1685045.0
001311.SZ,2026-04-30 09:48:00,30.71,30.75,30.69,30.72,29500,905927.0
001311.SZ,2026-04-30 09:49:00,30.71,30.82,30.7,30.78,61800,1899927.0
001311.SZ,2026-04-30 09:50:00,30.77,30.8,30.77,30.79,24600,757079.0
001311.SZ,2026-04-30 09:51:00,30.79,30.82,30.73,30.73,40000,1231104.0
001311.SZ,2026-04-30 09:52:00,30.73,30.75,30.63,30.71,168900,5185283.0
001311.SZ,2026-04-30 09:53:00,30.7,30.73,30.65,30.67,24700,758228.0
001311.SZ,2026-04-30 09:54:00,30.67,30.76,30.67,30.76,41300,1268711.0
001311.SZ,2026-04-30 09:55:00,30.76,30.77,30.74,30.76,14000,430557.0
001311.SZ,2026-04-30 09:56:00,30.74,30.76,30.68,30.7,27600,848165.0
001311.SZ,2026-04-30 09:57:00,30.7,30.78,30.7,30.77,49004,1506432.9
001311.SZ,2026-04-30 09:58:00,30.8,30.91,30.8,30.83,66200,2041782.0
001311.SZ,2026-04-30 09:59:00,30.92,30.98,30.87,30.98,35900,1109758.0
001311.SZ,2026-04-30 10:00:00,30.96,30.98,30.88,30.9,25900,800932.0
001311.SZ,2026-04-30 10:01:00,30.96,31.0,30.83,30.83,61000,1886605.0
001311.SZ,2026-04-30 10:02:00,30.82,30.89,30.7,30.7,32200,992005.0
001311.SZ,2026-04-30 10:03:00,30.69,30.69,30.61,30.62,33400,1023898.0
001311.SZ,2026-04-30 10:04:00,30.64,30.75,30.64,30.71,21900,672203.0
001311.SZ,2026-04-30 10:05:00,30.71,30.73,30.71,30.71,3900,119805.0
001311.SZ,2026-04-30 10:06:00,30.71,30.71,30.62,30.62,22400,687001.0
001311.SZ,2026-04-30 10:07:00,30.62,30.62,30.56,30.56,35500,1086139.0
001311.SZ,2026-04-30 10:08:00,30.55,30.55,30.5,30.52,17200,525117.0
001311.SZ,2026-04-30 10:09:00,30.54,30.54,30.49,30.49,24100,735016.0
001311.SZ,2026-04-30 10:10:00,30.5,30.52,30.49,30.5,7200,219588.0
001311.SZ,2026-04-30 10:11:00,30.5,30.56,30.5,30.55,31100,949498.0
001311.SZ,2026-04-30 10:12:00,30.55,30.55,30.48,30.48,18100,552512.0
001311.SZ,2026-04-30 10:13:00,30.48,30.49,30.46,30.49,5000,152420.0
001311.SZ,2026-04-30 10:14:00,30.49,30.51,30.47,30.49,4000,122012.0
001311.SZ,2026-04-30 10:15:00,30.5,30.5,30.46,30.48,15900,484318.0
001311.SZ,2026-04-30 10:16:00,30.48,30.55,30.47,30.51,30100,918293.0
001311.SZ,2026-04-30 10:17:00,30.51,30.52,30.51,30.52,2500,76286.0
001311.SZ,2026-04-30 10:18:00,30.52,30.53,30.48,30.48,14200,433003.0
001311.SZ,2026-04-30 10:19:00,30.46,30.52,30.46,30.5,6600,201245.0
001311.SZ,2026-04-30 10:20:00,30.5,30.51,30.41,30.42,28600,871233.0
001311.SZ,2026-04-30 10:21:00,30.42,30.42,30.38,30.38,5000,151989.0
001311.SZ,2026-04-30 10:22:00,30.38,30.38,30.34,30.35,7800,236792.0
001311.SZ,2026-04-30 10:23:00,30.35,30.35,30.32,30.33,2300,69785.0
001311.SZ,2026-04-30 10:24:00,30.35,30.37,30.35,30.37,10600,321766.0
001311.SZ,2026-04-30 10:25:00,30.36,30.42,30.36,30.4,8800,267449.0
001311.SZ,2026-04-30 10:26:00,30.38,30.42,30.36,30.41,21400,650114.0
001311.SZ,2026-04-30 10:27:00,30.46,30.46,30.41,30.44,7000,212986.0
001311.SZ,2026-04-30 10:28:00,30.43,30.46,30.41,30.45,12800,389390.0
001311.SZ,2026-04-30 10:29:00,30.46,30.47,30.45,30.45,5800,176644.0
001311.SZ,2026-04-30 10:30:00,30.44,30.49,30.44,30.49,8500,258966.0
001311.SZ,2026-04-30 10:31:00,30.48,30.48,30.41,30.41,14700,447732.0
001311.SZ,2026-04-30 10:32:00,30.43,30.43,30.34,30.34,13800,419142.0
001311.SZ,2026-04-30 10:33:00,30.33,30.38,30.31,30.38,7100,215314.0
001311.SZ,2026-04-30 10:34:00,30.36,30.36,30.34,30.36,2500,75895.0
001311.SZ,2026-04-30 10:35:00,30.35,30.41,30.35,30.39,5300,160962.0
001311.SZ,2026-04-30 10:36:00,30.38,30.44,30.38,30.42,7700,234156.0
001311.SZ,2026-04-30 10:37:00,30.41,30.45,30.41,30.45,7600,231292.0
001311.SZ,2026-04-30 10:38:00,30.46,30.46,30.45,30.45,4600,140109.0
001311.SZ,2026-04-30 10:39:00,30.45,30.45,30.43,30.44,3100,94356.0
001311.SZ,2026-04-30 10:40:00,30.45,30.48,30.45,30.48,3397,103490.62
001311.SZ,2026-04-30 10:41:00,30.47,30.47,30.45,30.45,2203,67110.38
001311.SZ,2026-04-30 10:42:00,30.45,30.49,30.45,30.46,4600,140153.0
001311.SZ,2026-04-30 10:43:00,30.45,30.45,30.42,30.42,7600,231282.0
001311.SZ,2026-04-30 10:44:00,30.42,30.45,30.38,30.38,12800,389321.0
001311.SZ,2026-04-30 10:45:00,30.39,30.4,30.36,30.36,2600,78986.0
001311.SZ,2026-04-30 10:46:00,30.38,30.38,30.34,30.37,12700,385575.0
001311.SZ,2026-04-30 10:47:00,30.35,30.4,30.35,30.39,6800,206574.0
001311.SZ,2026-04-30 10:48:00,30.37,30.37,30.35,30.37,3100,94134.0
001311.SZ,2026-04-30 10:49:00,30.37,30.38,30.35,30.36,4300,130561.0
001311.SZ,2026-04-30 10:50:00,30.37,30.38,30.37,30.38,7100,215661.0
001311.SZ,2026-04-30 10:51:00,30.37,30.37,30.31,30.35,37000,1121772.0
001311.SZ,2026-04-30 10:52:00,30.35,30.35,30.3,30.3,2900,87944.0
001311.SZ,2026-04-30 10:53:00,30.28,30.29,30.27,30.27,12700,384454.0
001311.SZ,2026-04-30 10:54:00,30.26,30.3,30.26,30.29,5600,169590.0
001311.SZ,2026-04-30 10:55:00,30.31,30.31,30.25,30.3,15200,459992.0
001311.SZ,2026-04-30 10:56:00,30.31,30.31,30.25,30.25,2500,75704.0
001311.SZ,2026-04-30 10:57:00,30.25,30.29,30.25,30.29,5100,154356.0
001311.SZ,2026-04-30 10:58:00,30.27,30.28,30.25,30.26,4900,148278.0
001311.SZ,2026-04-30 10:59:00,30.24,30.3,30.24,30.3,8200,248156.0
001311.SZ,2026-04-30 11:00:00,30.29,30.35,30.29,30.35,1800,54536.0
001311.SZ,2026-04-30 11:01:00,30.31,30.37,30.31,30.37,4800,145629.0
001311.SZ,2026-04-30 11:02:00,30.37,30.38,30.35,30.37,4000,121479.0
001311.SZ,2026-04-30 11:03:00,30.32,30.32,30.32,30.32,1600,48527.0
001311.SZ,2026-04-30 11:04:00,30.32,30.32,30.29,30.32,5900,178870.0
001311.SZ,2026-04-30 11:05:00,30.34,30.34,30.34,30.34,100,3034.0
001311.SZ,2026-04-30 11:06:00,30.43,30.44,30.39,30.4,20500,622719.0
001311.SZ,2026-04-30 11:07:00,30.41,30.41,30.41,30.41,1200,36486.0
001311.SZ,2026-04-30 11:08:00,30.42,30.42,30.4,30.4,3600,109442.0
001311.SZ,2026-04-30 11:09:00,30.39,30.4,30.38,30.38,2600,79031.0
001311.SZ,2026-04-30 11:10:00,30.38,30.39,30.37,30.39,3400,103275.0
001311.SZ,2026-04-30 11:11:00,30.4,30.4,30.37,30.37,5300,161056.0
001311.SZ,2026-04-30 11:12:00,30.37,30.37,30.33,30.34,6300,191215.0
001311.SZ,2026-04-30 11:13:00,30.34,30.35,30.33,30.35,2000,60681.0
001311.SZ,2026-04-30 11:14:00,30.35,30.37,30.35,30.37,6200,188238.0
001311.SZ,2026-04-30 11:15:00,30.34,30.34,30.32,30.32,4200,127371.0
001311.SZ,2026-04-30 11:16:00,30.33,30.34,30.33,30.33,2700,81896.0
001311.SZ,2026-04-30 11:17:00,30.33,30.33,30.23,30.24,55100,1666820.0
001311.SZ,2026-04-30 11:18:00,30.18,30.18,30.15,30.17,24200,730334.0
001311.SZ,2026-04-30 11:19:00,30.22,30.33,30.22,30.33,31500,953156.0
001311.SZ,2026-04-30 11:20:00,30.3,30.35,30.3,30.34,22000,667642.0
001311.SZ,2026-04-30 11:21:00,30.34,30.34,30.21,30.29,14800,448007.0
001311.SZ,2026-04-30 11:22:00,30.26,30.31,30.2,30.31,9900,299690.0
001311.SZ,2026-04-30 11:23:00,30.22,30.33,30.22,30.33,13100,396966.0
001311.SZ,2026-04-30 11:24:00,30.28,30.33,30.28,30.33,2800,84798.0
001311.SZ,2026-04-30 11:25:00,30.26,30.32,30.25,30.25,2800,84738.0
001311.SZ,2026-04-30 11:26:00,30.31,30.31,30.24,30.31,4400,133290.0
001311.SZ,2026-04-30 11:27:00,30.31,30.31,30.2,30.24,8900,269339.0
001311.SZ,2026-04-30 11:28:00,30.31,30.34,30.24,30.34,6400,193752.0
001311.SZ,2026-04-30 11:29:00,30.32,30.39,30.32,30.33,53000,1607310.0
001311.SZ,2026-04-30 11:30:00,30.33,30.39,30.32,30.32,10400,315431.0
001311.SZ,2026-04-30 13:01:00,30.32,30.34,30.2,30.22,28100,851480.0
001311.SZ,2026-04-30 13:02:00,30.21,30.22,30.15,30.17,13300,401499.0
001311.SZ,2026-04-30 13:03:00,30.18,30.18,30.12,30.14,12200,367761.0
001311.SZ,2026-04-30 13:04:00,30.1,30.14,30.1,30.14,16000,481705.0
001311.SZ,2026-04-30 13:05:00,30.13,30.13,30.11,30.12,2500,75321.0
001311.SZ,2026-04-30 13:06:00,30.13,30.14,30.11,30.14,14300,430814.0
001311.SZ,2026-04-30 13:07:00,30.14,30.15,30.07,30.07,31600,951679.0
001311.SZ,2026-04-30 13:08:00,30.07,30.07,30.0,30.02,34300,1029395.0
001311.SZ,2026-04-30 13:09:00,30.04,30.06,30.01,30.06,31600,948869.0
001311.SZ,2026-04-30 13:10:00,30.03,30.05,30.0,30.0,39200,1176670.0
001311.SZ,2026-04-30 13:11:00,29.98,30.0,29.95,29.96,16500,494570.0
001311.SZ,2026-04-30 13:12:00,29.92,29.92,29.9,29.91,19000,568631.0
001311.SZ,2026-04-30 13:13:00,29.89,29.9,29.88,29.88,4100,122564.0
001311.SZ,2026-04-30 13:14:00,29.87,29.97,29.87,29.96,37000,1106868.0
001311.SZ,2026-04-30 13:15:00,29.95,29.96,29.95,29.95,7500,224638.0
001311.SZ,2026-04-30 13:16:00,29.95,29.96,29.95,29.96,2500,74886.0
001311.SZ,2026-04-30 13:17:00,29.96,29.97,29.94,29.96,7100,212742.0
001311.SZ,2026-04-30 13:18:00,29.96,29.97,29.95,29.95,9300,278633.0
001311.SZ,2026-04-30 13:19:00,29.94,29.94,29.92,29.93,8600,257413.0
001311.SZ,2026-04-30 13:20:00,29.94,29.95,29.89,29.9,24600,735410.0
001311.SZ,2026-04-30 13:21:00,29.93,29.94,29.93,29.93,3100,92780.0
001311.SZ,2026-04-30 13:22:00,29.94,29.95,29.94,29.94,4400,131741.0
001311.SZ,2026-04-30 13:23:00,29.92,29.92,29.9,29.92,7100,212423.0
001311.SZ,2026-04-30 13:24:00,29.91,29.92,29.9,29.92,19400,580481.0
001311.SZ,2026-04-30 13:25:00,29.92,29.93,29.92,29.92,1200,35905.0
001311.SZ,2026-04-30 13:26:00,29.92,29.94,29.91,29.91,3300,98745.0
001311.SZ,2026-04-30 13:27:00,29.91,29.95,29.91,29.95,6800,203472.0
001311.SZ,2026-04-30 13:28:00,29.92,29.94,29.9,29.92,7400,221378.0
001311.SZ,2026-04-30 13:29:00,29.92,29.92,29.89,29.9,11500,343869.0
001311.SZ,2026-04-30 13:30:00,29.91,29.94,29.89,29.94,47400,1417518.0
001311.SZ,2026-04-30 13:31:00,29.94,29.94,29.9,29.9,3500,104705.0
001311.SZ,2026-04-30 13:32:00,29.91,29.96,29.91,29.93,12500,374277.0
001311.SZ,2026-04-30 13:33:00,29.94,29.94,29.92,29.94,19800,592211.0
001311.SZ,2026-04-30 13:34:00,29.92,29.95,29.9,29.91,5900,176616.0
001311.SZ,2026-04-30 13:35:00,29.91,29.97,29.91,29.97,10300,308508.0
001311.SZ,2026-04-30 13:36:00,29.97,29.97,29.89,29.94,11400,340943.0
001311.SZ,2026-04-30 13:37:00,29.94,29.96,29.94,29.95,2400,71859.0
001311.SZ,2026-04-30 13:38:00,29.94,29.95,29.89,29.94,9400,281208.0
001311.SZ,2026-04-30 13:39:00,29.9,29.94,29.9,29.94,5600,167417.0
001311.SZ,2026-04-30 13:40:00,29.88,29.9,29.88,29.9,6600,197262.0
001311.SZ,2026-04-30 13:41:00,29.91,29.93,29.89,29.93,9500,284135.0
001311.SZ,2026-04-30 13:42:00,29.92,29.92,29.88,29.88,9300,278005.0
001311.SZ,2026-04-30 13:43:00,29.91,29.92,29.91,29.91,5000,149598.0
001311.SZ,2026-04-30 13:44:00,29.91,29.93,29.88,29.88,25600,765307.0
001311.SZ,2026-04-30 13:45:00,29.93,29.93,29.91,29.91,13200,394828.0
001311.SZ,2026-04-30 13:46:00,29.92,29.92,29.88,29.91,6600,197296.0
001311.SZ,2026-04-30 13:47:00,29.89,29.91,29.88,29.88,4600,137492.0
001311.SZ,2026-04-30 13:48:00,29.89,29.89,29.84,29.84,6500,194114.0
001311.SZ,2026-04-30 13:49:00,29.87,29.88,29.86,29.88,2800,83646.0
001311.SZ,2026-04-30 13:50:00,29.87,29.94,29.86,29.93,71000,2124151.0
001311.SZ,2026-04-30 13:51:00,29.92,29.93,29.92,29.93,3300,98758.0
001311.SZ,2026-04-30 13:52:00,29.92,29.94,29.92,29.94,14900,446081.0
001311.SZ,2026-04-30 13:53:00,29.94,29.96,29.94,29.94,15100,452231.0
001311.SZ,2026-04-30 13:54:00,29.95,29.97,29.95,29.96,3100,92857.0
001311.SZ,2026-04-30 13:55:00,29.96,30.03,29.96,30.03,20800,623894.0
001311.SZ,2026-04-30 13:56:00,30.02,30.04,30.0,30.04,5700,171103.0
001311.SZ,2026-04-30 13:57:00,30.04,30.07,30.03,30.04,13100,393860.0
001311.SZ,2026-04-30 13:58:00,30.08,30.1,30.08,30.1,6900,207583.0
001311.SZ,2026-04-30 13:59:00,30.08,30.11,30.05,30.11,8800,264843.0
001311.SZ,2026-04-30 14:00:00,30.11,30.12,30.09,30.09,8100,243847.0
001311.SZ,2026-04-30 14:01:00,30.09,30.12,30.09,30.12,4500,135517.0
001311.SZ,2026-04-30 14:02:00,30.12,30.12,30.06,30.1,23000,692110.0
001311.SZ,2026-04-30 14:03:00,30.1,30.11,30.06,30.11,13800,415337.0
001311.SZ,2026-04-30 14:04:00,30.11,30.13,30.11,30.13,7200,216910.0
001311.SZ,2026-04-30 14:05:00,30.1,30.11,30.1,30.11,1900,57200.0
001311.SZ,2026-04-30 14:06:00,30.11,30.11,30.09,30.1,7200,216756.0
001311.SZ,2026-04-30 14:07:00,30.08,30.08,30.07,30.08,3600,108285.0
001311.SZ,2026-04-30 14:08:00,30.07,30.08,30.07,30.08,6200,186454.0
001311.SZ,2026-04-30 14:09:00,30.08,30.09,30.08,30.08,4200,126361.0
001311.SZ,2026-04-30 14:10:00,30.09,30.12,30.09,30.09,5300,159538.0
001311.SZ,2026-04-30 14:11:00,30.09,30.2,30.09,30.19,84400,2545665.0
001311.SZ,2026-04-30 14:12:00,30.19,30.23,30.19,30.22,9800,296017.0
001311.SZ,2026-04-30 14:13:00,30.21,30.26,30.21,30.25,19100,577294.0
001311.SZ,2026-04-30 14:14:00,30.24,30.3,30.24,30.27,12700,384365.0
001311.SZ,2026-04-30 14:15:00,30.27,30.28,30.25,30.27,3700,112004.0
001311.SZ,2026-04-30 14:16:00,30.27,30.27,30.22,30.23,6500,196607.0
001311.SZ,2026-04-30 14:17:00,30.25,30.32,30.23,30.32,57100,1729602.0
001311.SZ,2026-04-30 14:18:00,30.35,30.35,30.3,30.33,17000,515839.0
001311.SZ,2026-04-30 14:19:00,30.33,30.37,30.33,30.34,6300,191139.0
001311.SZ,2026-04-30 14:20:00,30.36,30.36,30.33,30.33,4500,136552.0
001311.SZ,2026-04-30 14:21:00,30.32,30.35,30.32,30.35,4500,136504.0
001311.SZ,2026-04-30 14:22:00,30.35,30.37,30.34,30.37,9700,294442.0
001311.SZ,2026-04-30 14:23:00,30.37,30.38,30.37,30.38,7100,215627.0
001311.SZ,2026-04-30 14:24:00,30.37,30.37,30.34,30.35,11100,336879.0
001311.SZ,2026-04-30 14:25:00,30.34,30.36,30.34,30.34,9100,276157.0
001311.SZ,2026-04-30 14:26:00,30.34,30.34,30.31,30.32,26700,809552.0
001311.SZ,2026-04-30 14:27:00,30.32,30.32,30.31,30.32,3100,93977.0
001311.SZ,2026-04-30 14:28:00,30.32,30.33,30.3,30.3,5100,154612.0
001311.SZ,2026-04-30 14:29:00,30.3,30.32,30.27,30.27,9100,275619.0
001311.SZ,2026-04-30 14:30:00,30.27,30.29,30.26,30.26,4000,121064.0
001311.SZ,2026-04-30 14:31:00,30.26,30.28,30.26,30.27,12000,363162.0
001311.SZ,2026-04-30 14:32:00,30.26,30.28,30.24,30.25,15500,469091.0
001311.SZ,2026-04-30 14:33:00,30.26,30.3,30.25,30.26,15400,466383.0
001311.SZ,2026-04-30 14:34:00,30.3,30.31,30.28,30.28,14700,445405.0
001311.SZ,2026-04-30 14:35:00,30.28,30.31,30.26,30.3,6100,184715.0
001311.SZ,2026-04-30 14:36:00,30.3,30.32,30.3,30.32,16400,497007.0
001311.SZ,2026-04-30 14:37:00,30.32,30.32,30.3,30.3,5400,163691.0
001311.SZ,2026-04-30 14:38:00,30.3,30.3,30.28,30.29,9000,272640.0
001311.SZ,2026-04-30 14:39:00,30.3,30.3,30.28,30.29,12000,363498.0
001311.SZ,2026-04-30 14:40:00,30.29,30.29,30.29,30.29,5300,160533.0
001311.SZ,2026-04-30 14:41:00,30.29,30.3,30.27,30.29,21600,654196.0
001311.SZ,2026-04-30 14:42:00,30.28,30.3,30.28,30.28,13800,417986.0
001311.SZ,2026-04-30 14:43:00,30.28,30.29,30.27,30.27,9200,278528.0
001311.SZ,2026-04-30 14:44:00,30.26,30.27,30.25,30.25,15400,466000.0
001311.SZ,2026-04-30 14:45:00,30.26,30.26,30.22,30.24,10800,326685.0
001311.SZ,2026-04-30 14:46:00,30.24,30.26,30.23,30.25,23900,722826.0
001311.SZ,2026-04-30 14:47:00,30.25,30.25,30.22,30.22,19300,583492.0
001311.SZ,2026-04-30 14:48:00,30.22,30.23,30.2,30.2,11500,347413.0
001311.SZ,2026-04-30 14:49:00,30.19,30.2,30.18,30.19,25100,757842.0
001311.SZ,2026-04-30 14:50:00,30.19,30.19,30.17,30.17,8600,259592.0
001311.SZ,2026-04-30 14:51:00,30.18,30.18,30.12,30.15,30000,904981.0
001311.SZ,2026-04-30 14:52:00,30.15,30.17,30.14,30.16,16300,491448.0
001311.SZ,2026-04-30 14:53:00,30.16,30.23,30.15,30.23,41636,1256557.4
001311.SZ,2026-04-30 14:54:00,30.25,30.25,30.22,30.22,17800,538088.0
001311.SZ,2026-04-30 14:55:00,30.22,30.24,30.17,30.2,17000,513665.0
001311.SZ,2026-04-30 14:56:00,30.22,30.24,30.21,30.23,14300,432187.0
001311.SZ,2026-04-30 14:57:00,30.22,30.28,30.22,30.28,25300,765338.0
001311.SZ,2026-04-30 14:58:00,30.28,30.28,30.28,30.28,0,0.0
001311.SZ,2026-04-30 14:59:00,30.28,30.28,30.28,30.28,0,0.0
001311.SZ,2026-04-30 15:00:00,30.26,30.26,30.26,30.26,22800,689928.0
