ts_code,trade_time,open,high,low,close,vol,amount
000533.SZ,2026-06-01 09:30:00,11.99,12.03,11.87,11.96,1010700,12118536.0
000533.SZ,2026-06-01 09:31:00,11.96,11.96,11.83,11.92,1612400,19201440.0
000533.SZ,2026-06-01 09:32:00,11.89,11.89,11.8,11.83,1153200,13645477.0
000533.SZ,2026-06-01 09:33:00,11.88,11.89,11.82,11.82,478100,5675199.0
000533.SZ,2026-06-01 09:34:00,11.82,12.0,11.82,12.0,1384300,16523978.0
000533.SZ,2026-06-01 09:35:00,12.01,12.36,12.01,12.18,2300454,27986498.0
000533.SZ,2026-06-01 09:36:00,12.18,12.4,12.04,12.4,2668600,32670820.0
000533.SZ,2026-06-01 09:37:00,12.45,12.5,12.29,12.37,2125071,26290252.0
000533.SZ,2026-06-01 09:38:00,12.36,12.36,12.15,12.15,1106400,13598933.0
000533.SZ,2026-06-01 09:39:00,12.14,12.14,12.03,12.07,925000,11162580.0
000533.SZ,2026-06-01 09:40:00,12.06,12.31,12.06,12.27,1046300,12778693.0
000533.SZ,2026-06-01 09:41:00,12.25,12.26,12.12,12.12,507300,6174956.0
000533.SZ,2026-06-01 09:42:00,12.12,12.12,12.1,12.1,389600,4718362.0
000533.SZ,2026-06-01 09:43:00,12.11,12.11,12.06,12.09,455500,5504459.0
000533.SZ,2026-06-01 09:44:00,12.07,12.09,12.01,12.02,580700,6994447.0
000533.SZ,2026-06-01 09:45:00,12.04,12.04,11.93,11.95,822146,9855995.0
000533.SZ,2026-06-01 09:46:00,11.94,11.99,11.94,11.96,535318,6401832.0
000533.SZ,2026-06-01 09:47:00,11.95,11.98,11.89,11.89,709282,8460066.0
000533.SZ,2026-06-01 09:48:00,11.88,11.88,11.84,11.88,447300,5304593.0
000533.SZ,2026-06-01 09:49:00,11.88,11.95,11.88,11.94,548600,6544057.0
000533.SZ,2026-06-01 09:50:00,11.94,11.97,11.94,11.97,292306,3495799.8
000533.SZ,2026-06-01 09:51:00,11.97,11.98,11.94,11.96,311400,3723866.0
000533.SZ,2026-06-01 09:52:00,11.95,11.97,11.94,11.94,304494,3638743.2
000533.SZ,2026-06-01 09:53:00,11.94,11.96,11.93,11.95,346406,4138113.8
000533.SZ,2026-06-01 09:54:00,11.94,11.95,11.91,11.91,242500,2893499.0
000533.SZ,2026-06-01 09:55:00,11.91,11.97,11.91,11.97,300600,3587638.0
000533.SZ,2026-06-01 09:56:00,11.97,11.98,11.96,11.97,203000,2430034.0
000533.SZ,2026-06-01 09:57:00,11.98,11.99,11.96,11.99,125400,1501842.0
000533.SZ,2026-06-01 09:58:00,11.98,12.03,11.98,12.02,307000,3686460.0
000533.SZ,2026-06-01 09:59:00,12.01,12.23,12.01,12.23,1056800,12820712.0
000533.SZ,2026-06-01 10:00:00,12.39,12.41,12.29,12.29,2171173,26818530.0
000533.SZ,2026-06-01 10:01:00,12.28,12.28,12.23,12.23,635100,7792972.0
000533.SZ,2026-06-01 10:02:00,12.21,12.24,12.19,12.19,284800,3477932.0
000533.SZ,2026-06-01 10:03:00,12.18,12.26,12.18,12.2,550000,6724695.0
000533.SZ,2026-06-01 10:04:00,12.2,12.22,12.2,12.2,344600,4206595.0
000533.SZ,2026-06-01 10:05:00,12.2,12.2,12.18,12.18,259000,3158297.0
000533.SZ,2026-06-01 10:06:00,12.2,12.21,12.14,12.14,398400,4853266.0
000533.SZ,2026-06-01 10:07:00,12.14,12.22,12.13,12.22,329400,4006308.0
000533.SZ,2026-06-01 10:08:00,12.25,12.49,12.25,12.49,2205582,27351774.0
000533.SZ,2026-06-01 10:09:00,12.69,12.69,12.69,12.69,10138513,128277860.0
000533.SZ,2026-06-01 10:10:00,12.69,12.69,12.69,12.69,1104450,14015470.0
000533.SZ,2026-06-01 10:11:00,12.69,12.69,12.69,12.69,912000,11573280.0
000533.SZ,2026-06-01 10:12:00,12.69,12.69,12.69,12.69,514700,6531543.0
000533.SZ,2026-06-01 10:13:00,12.69,12.69,12.69,12.69,425900,5404671.0
000533.SZ,2026-06-01 10:14:00,12.69,12.69,12.69,12.69,507200,6436368.0
000533.SZ,2026-06-01 10:15:00,12.69,12.69,12.69,12.69,269400,3418686.0
000533.SZ,2026-06-01 10:16:00,12.69,12.69,12.69,12.69,281400,3570966.0
000533.SZ,2026-06-01 10:17:00,12.69,12.69,12.69,12.69,197400,2505006.0
000533.SZ,2026-06-01 10:18:00,12.69,12.69,12.69,12.69,170400,2162376.0
000533.SZ,2026-06-01 10:19:00,12.69,12.69,12.69,12.69,136000,1725840.0
000533.SZ,2026-06-01 10:20:00,12.69,12.69,12.69,12.69,258200,3276558.0
000533.SZ,2026-06-01 10:21:00,12.69,12.69,12.69,12.69,125300,1590057.0
000533.SZ,2026-06-01 10:22:00,12.69,12.69,12.69,12.69,112100,1422549.0
000533.SZ,2026-06-01 10:23:00,12.69,12.69,12.69,12.69,70900,899721.0
000533.SZ,2026-06-01 10:24:00,12.69,12.69,12.69,12.69,127900,1623051.0
000533.SZ,2026-06-01 10:25:00,12.69,12.69,12.69,12.69,166300,2110347.0
000533.SZ,2026-06-01 10:26:00,12.69,12.69,12.69,12.69,32600,413694.0
000533.SZ,2026-06-01 10:27:00,12.69,12.69,12.69,12.69,36700,465723.0
000533.SZ,2026-06-01 10:28:00,12.69,12.69,12.69,12.69,46000,583740.0
000533.SZ,2026-06-01 10:29:00,12.69,12.69,12.69,12.69,39600,502524.0
000533.SZ,2026-06-01 10:30:00,12.69,12.69,12.69,12.69,63600,807084.0
000533.SZ,2026-06-01 10:31:00,12.69,12.69,12.69,12.69,63500,805815.0
000533.SZ,2026-06-01 10:32:00,12.69,12.69,12.69,12.69,59400,753786.0
000533.SZ,2026-06-01 10:33:00,12.69,12.69,12.69,12.69,71400,906066.0
000533.SZ,2026-06-01 10:34:00,12.69,12.69,12.69,12.69,67000,850230.0
000533.SZ,2026-06-01 10:35:00,12.69,12.69,12.69,12.69,52300,663687.0
000533.SZ,2026-06-01 10:36:00,12.69,12.69,12.69,12.69,37500,475875.0
000533.SZ,2026-06-01 10:37:00,12.69,12.69,12.69,12.69,92400,1172556.0
000533.SZ,2026-06-01 10:38:00,12.69,12.69,12.69,12.69,53600,680184.0
000533.SZ,2026-06-01 10:39:00,12.69,12.69,12.69,12.69,68300,866727.0
000533.SZ,2026-06-01 10:40:00,12.69,12.69,12.69,12.69,37200,472068.0
000533.SZ,2026-06-01 10:41:00,12.69,12.69,12.69,12.69,52300,663687.0
000533.SZ,2026-06-01 10:42:00,12.69,12.69,12.69,12.69,163400,2073546.0
000533.SZ,2026-06-01 10:43:00,12.69,12.69,12.69,12.69,61800,784242.0
000533.SZ,2026-06-01 10:44:00,12.69,12.69,12.69,12.69,33600,426384.0
000533.SZ,2026-06-01 10:45:00,12.69,12.69,12.69,12.69,91400,1159866.0
000533.SZ,2026-06-01 10:46:00,12.69,12.69,12.69,12.69,44300,562167.0
000533.SZ,2026-06-01 10:47:00,12.69,12.69,12.69,12.69,120100,1524069.0
000533.SZ,2026-06-01 10:48:00,12.69,12.69,12.69,12.69,33500,425115.0
000533.SZ,2026-06-01 10:49:00,12.69,12.69,12.69,12.69,88000,1116720.0
000533.SZ,2026-06-01 10:50:00,12.69,12.69,12.69,12.69,41000,520290.0
000533.SZ,2026-06-01 10:51:00,12.69,12.69,12.69,12.69,43900,557091.0
000533.SZ,2026-06-01 10:52:00,12.69,12.69,12.69,12.69,33600,426384.0
000533.SZ,2026-06-01 10:53:00,12.69,12.69,12.69,12.69,50500,640845.0
000533.SZ,2026-06-01 10:54:00,12.69,12.69,12.69,12.69,91400,1159866.0
000533.SZ,2026-06-01 10:55:00,12.69,12.69,12.69,12.69,37900,480951.0
000533.SZ,2026-06-01 10:56:00,12.69,12.69,12.69,12.69,78200,992358.0
000533.SZ,2026-06-01 10:57:00,12.69,12.69,12.69,12.69,31800,403542.0
000533.SZ,2026-06-01 10:58:00,12.69,12.69,12.69,12.69,45000,571050.0
000533.SZ,2026-06-01 10:59:00,12.69,12.69,12.69,12.69,34500,437805.0
000533.SZ,2026-06-01 11:00:00,12.69,12.69,12.69,12.69,53900,683991.0
000533.SZ,2026-06-01 11:01:00,12.69,12.69,12.69,12.69,23700,300753.0
000533.SZ,2026-06-01 11:02:00,12.69,12.69,12.69,12.69,17100,216999.0
000533.SZ,2026-06-01 11:03:00,12.69,12.69,12.69,12.69,22100,280449.0
000533.SZ,2026-06-01 11:04:00,12.69,12.69,12.69,12.69,55900,709371.0
000533.SZ,2026-06-01 11:05:00,12.69,12.69,12.69,12.69,36400,461916.0
000533.SZ,2026-06-01 11:06:00,12.69,12.69,12.69,12.69,16800,213192.0
000533.SZ,2026-06-01 11:07:00,12.69,12.69,12.69,12.69,38700,491103.0
000533.SZ,2026-06-01 11:08:00,12.69,12.69,12.69,12.69,27800,352782.0
000533.SZ,2026-06-01 11:09:00,12.69,12.69,12.69,12.69,24100,305829.0
000533.SZ,2026-06-01 11:10:00,12.69,12.69,12.69,12.69,20300,257607.0
000533.SZ,2026-06-01 11:11:00,12.69,12.69,12.69,12.69,105300,1336257.0
000533.SZ,2026-06-01 11:12:00,12.69,12.69,12.69,12.69,16700,211923.0
000533.SZ,2026-06-01 11:13:00,12.69,12.69,12.69,12.69,15900,201771.0
000533.SZ,2026-06-01 11:14:00,12.69,12.69,12.69,12.69,54200,687798.0
000533.SZ,2026-06-01 11:15:00,12.69,12.69,12.69,12.69,19000,241110.0
000533.SZ,2026-06-01 11:16:00,12.69,12.69,12.69,12.69,43853,556494.56
000533.SZ,2026-06-01 11:17:00,12.69,12.69,12.69,12.69,29200,370548.0
000533.SZ,2026-06-01 11:18:00,12.69,12.69,12.69,12.69,70600,895914.0
000533.SZ,2026-06-01 11:19:00,12.69,12.69,12.69,12.69,25900,328671.0
000533.SZ,2026-06-01 11:20:00,12.69,12.69,12.69,12.69,25500,323595.0
000533.SZ,2026-06-01 11:21:00,12.69,12.69,12.69,12.69,16700,211923.0
000533.SZ,2026-06-01 11:22:00,12.69,12.69,12.69,12.69,50365,639131.9
000533.SZ,2026-06-01 11:23:00,12.69,12.69,12.69,12.69,16600,210654.0
000533.SZ,2026-06-01 11:24:00,12.69,12.69,12.69,12.69,4500,57105.0
000533.SZ,2026-06-01 11:25:00,12.69,12.69,12.69,12.69,45800,581202.0
000533.SZ,2026-06-01 11:26:00,12.69,12.69,12.69,12.69,11600,147204.0
000533.SZ,2026-06-01 11:27:00,12.69,12.69,12.69,12.69,20500,260145.0
000533.SZ,2026-06-01 11:28:00,12.69,12.69,12.69,12.69,26400,335016.0
000533.SZ,2026-06-01 11:29:00,12.69,12.69,12.69,12.69,103400,1312146.0
000533.SZ,2026-06-01 11:30:00,12.69,12.69,12.69,12.69,8000,101520.0
000533.SZ,2026-06-01 13:01:00,12.69,12.69,12.69,12.69,140383,1781460.2
000533.SZ,2026-06-01 13:02:00,12.69,12.69,12.69,12.69,81100,1029159.0
000533.SZ,2026-06-01 13:03:00,12.69,12.69,12.69,12.69,20400,258876.0
000533.SZ,2026-06-01 13:04:00,12.69,12.69,12.69,12.69,12300,156087.0
000533.SZ,2026-06-01 13:05:00,12.69,12.69,12.69,12.69,11500,145935.0
000533.SZ,2026-06-01 13:06:00,12.69,12.69,12.69,12.69,22000,279180.0
000533.SZ,2026-06-01 13:07:00,12.69,12.69,12.69,12.69,25200,319788.0
000533.SZ,2026-06-01 13:08:00,12.69,12.69,12.69,12.69,14900,189081.0
000533.SZ,2026-06-01 13:09:00,12.69,12.69,12.69,12.69,9400,119286.0
000533.SZ,2026-06-01 13:10:00,12.69,12.69,12.69,12.69,8900,112941.0
000533.SZ,2026-06-01 13:11:00,12.69,12.69,12.69,12.69,10500,133245.0
000533.SZ,2026-06-01 13:12:00,12.69,12.69,12.69,12.69,98100,1244889.0
000533.SZ,2026-06-01 13:13:00,12.69,12.69,12.69,12.69,24100,305829.0
000533.SZ,2026-06-01 13:14:00,12.69,12.69,12.69,12.69,13400,170046.0
000533.SZ,2026-06-01 13:15:00,12.69,12.69,12.69,12.69,26600,337554.0
000533.SZ,2026-06-01 13:16:00,12.69,12.69,12.69,12.69,24200,307098.0
000533.SZ,2026-06-01 13:17:00,12.69,12.69,12.69,12.69,8300,105327.0
000533.SZ,2026-06-01 13:18:00,12.69,12.69,12.69,12.69,50000,634500.0
000533.SZ,2026-06-01 13:19:00,12.69,12.69,12.69,12.69,32300,409887.0
000533.SZ,2026-06-01 13:20:00,12.69,12.69,12.69,12.69,31700,402273.0
000533.SZ,2026-06-01 13:21:00,12.69,12.69,12.69,12.69,15700,199233.0
000533.SZ,2026-06-01 13:22:00,12.69,12.69,12.69,12.69,22600,286794.0
000533.SZ,2026-06-01 13:23:00,12.69,12.69,12.69,12.69,22100,280449.0
000533.SZ,2026-06-01 13:24:00,12.69,12.69,12.69,12.69,7200,91368.0
000533.SZ,2026-06-01 13:25:00,12.69,12.69,12.69,12.69,19763,250792.47
000533.SZ,2026-06-01 13:26:00,12.69,12.69,12.69,12.69,19500,247455.0
000533.SZ,2026-06-01 13:27:00,12.69,12.69,12.69,12.69,14300,181467.0
000533.SZ,2026-06-01 13:28:00,12.69,12.69,12.69,12.69,15200,192888.0
000533.SZ,2026-06-01 13:29:00,12.69,12.69,12.69,12.69,34200,433998.0
000533.SZ,2026-06-01 13:30:00,12.69,12.69,12.69,12.69,9900,125631.0
000533.SZ,2026-06-01 13:31:00,12.69,12.69,12.69,12.69,36000,456840.0
000533.SZ,2026-06-01 13:32:00,12.69,12.69,12.69,12.69,40800,517752.0
000533.SZ,2026-06-01 13:33:00,12.69,12.69,12.69,12.69,34300,435267.0
000533.SZ,2026-06-01 13:34:00,12.69,12.69,12.69,12.69,52900,671301.0
000533.SZ,2026-06-01 13:35:00,12.69,12.69,12.69,12.69,21700,275373.0
000533.SZ,2026-06-01 13:36:00,12.69,12.69,12.69,12.69,37200,472068.0
000533.SZ,2026-06-01 13:37:00,12.69,12.69,12.69,12.69,37800,479682.0
000533.SZ,2026-06-01 13:38:00,12.69,12.69,12.69,12.69,36000,456840.0
000533.SZ,2026-06-01 13:39:00,12.69,12.69,12.69,12.69,10100,128169.0
000533.SZ,2026-06-01 13:40:00,12.69,12.69,12.69,12.69,2800,35532.0
000533.SZ,2026-06-01 13:41:00,12.69,12.69,12.69,12.69,9900,125631.0
000533.SZ,2026-06-01 13:42:00,12.69,12.69,12.69,12.69,7100,90099.0
000533.SZ,2026-06-01 13:43:00,12.69,12.69,12.69,12.69,10300,130707.0
000533.SZ,2026-06-01 13:44:00,12.69,12.69,12.69,12.69,21600,274104.0
000533.SZ,2026-06-01 13:45:00,12.69,12.69,12.69,12.69,3500,44415.0
000533.SZ,2026-06-01 13:46:00,12.69,12.69,12.69,12.69,4400,55836.0
000533.SZ,2026-06-01 13:47:00,12.69,12.69,12.69,12.69,15700,199233.0
000533.SZ,2026-06-01 13:48:00,12.69,12.69,12.69,12.69,13400,170046.0
000533.SZ,2026-06-01 13:49:00,12.69,12.69,12.69,12.69,6000,76140.0
000533.SZ,2026-06-01 13:50:00,12.69,12.69,12.69,12.69,4100,52029.0
000533.SZ,2026-06-01 13:51:00,12.69,12.69,12.69,12.69,14200,180198.0
000533.SZ,2026-06-01 13:52:00,12.69,12.69,12.69,12.69,5100,64719.0
000533.SZ,2026-06-01 13:53:00,12.69,12.69,12.69,12.69,18200,230958.0
000533.SZ,2026-06-01 13:54:00,12.69,12.69,12.69,12.69,6400,81216.0
000533.SZ,2026-06-01 13:55:00,12.69,12.69,12.69,12.69,58100,737289.0
000533.SZ,2026-06-01 13:56:00,12.69,12.69,12.69,12.69,72900,925101.0
000533.SZ,2026-06-01 13:57:00,12.69,12.69,12.69,12.69,10500,133245.0
000533.SZ,2026-06-01 13:58:00,12.69,12.69,12.69,12.69,10500,133245.0
000533.SZ,2026-06-01 13:59:00,12.69,12.69,12.69,12.69,3200,40608.0
000533.SZ,2026-06-01 14:00:00,12.69,12.69,12.69,12.69,3600,45684.0
000533.SZ,2026-06-01 14:01:00,12.69,12.69,12.69,12.69,22000,279180.0
000533.SZ,2026-06-01 14:02:00,12.69,12.69,12.69,12.69,5600,71064.0
000533.SZ,2026-06-01 14:03:00,12.69,12.69,12.69,12.69,1600,20304.0
000533.SZ,2026-06-01 14:04:00,12.69,12.69,12.69,12.69,10800,137052.0
000533.SZ,2026-06-01 14:05:00,12.69,12.69,12.69,12.69,18400,233496.0
000533.SZ,2026-06-01 14:06:00,12.69,12.69,12.69,12.69,31400,398466.0
000533.SZ,2026-06-01 14:07:00,12.69,12.69,12.69,12.69,20900,265221.0
000533.SZ,2026-06-01 14:08:00,12.69,12.69,12.69,12.69,15400,195426.0
000533.SZ,2026-06-01 14:09:00,12.69,12.69,12.69,12.69,58800,746172.0
000533.SZ,2026-06-01 14:10:00,12.69,12.69,12.69,12.69,19600,248724.0
000533.SZ,2026-06-01 14:11:00,12.69,12.69,12.69,12.69,73300,930177.0
000533.SZ,2026-06-01 14:12:00,12.69,12.69,12.69,12.69,6500,82485.0
000533.SZ,2026-06-01 14:13:00,12.69,12.69,12.69,12.69,6300,79947.0
000533.SZ,2026-06-01 14:14:00,12.69,12.69,12.69,12.69,19200,243648.0
000533.SZ,2026-06-01 14:15:00,12.69,12.69,12.69,12.69,14900,189081.0
000533.SZ,2026-06-01 14:16:00,12.69,12.69,12.69,12.69,33100,420039.0
000533.SZ,2026-06-01 14:17:00,12.69,12.69,12.69,12.69,18900,239841.0
000533.SZ,2026-06-01 14:18:00,12.69,12.69,12.69,12.69,14600,185274.0
000533.SZ,2026-06-01 14:19:00,12.69,12.69,12.69,12.69,12100,153549.0
000533.SZ,2026-06-01 14:20:00,12.69,12.69,12.69,12.69,10100,128169.0
000533.SZ,2026-06-01 14:21:00,12.69,12.69,12.69,12.69,24000,304560.0
000533.SZ,2026-06-01 14:22:00,12.69,12.69,12.69,12.69,12200,154818.0
000533.SZ,2026-06-01 14:23:00,12.69,12.69,12.69,12.69,22500,285525.0
000533.SZ,2026-06-01 14:24:00,12.69,12.69,12.69,12.69,1900,24111.0
000533.SZ,2026-06-01 14:25:00,12.69,12.69,12.69,12.69,28400,360396.0
000533.SZ,2026-06-01 14:26:00,12.69,12.69,12.69,12.69,21100,267759.0
000533.SZ,2026-06-01 14:27:00,12.69,12.69,12.69,12.69,45100,572319.0
000533.SZ,2026-06-01 14:28:00,12.69,12.69,12.69,12.69,22300,282987.0
000533.SZ,2026-06-01 14:29:00,12.69,12.69,12.69,12.69,4600,58374.0
000533.SZ,2026-06-01 14:30:00,12.69,12.69,12.69,12.69,11300,143397.0
000533.SZ,2026-06-01 14:31:00,12.69,12.69,12.69,12.69,44100,559629.0
000533.SZ,2026-06-01 14:32:00,12.69,12.69,12.69,12.69,29700,376893.0
000533.SZ,2026-06-01 14:33:00,12.69,12.69,12.69,12.69,6700,85023.0
000533.SZ,2026-06-01 14:34:00,12.69,12.69,12.69,12.69,12100,153549.0
000533.SZ,2026-06-01 14:35:00,12.69,12.69,12.69,12.69,37900,480951.0
000533.SZ,2026-06-01 14:36:00,12.69,12.69,12.69,12.69,62800,796932.0
000533.SZ,2026-06-01 14:37:00,12.69,12.69,12.69,12.69,30500,387045.0
000533.SZ,2026-06-01 14:38:00,12.69,12.69,12.69,12.69,17600,223344.0
000533.SZ,2026-06-01 14:39:00,12.69,12.69,12.69,12.69,12000,152280.0
000533.SZ,2026-06-01 14:40:00,12.69,12.69,12.69,12.69,17400,220806.0
000533.SZ,2026-06-01 14:41:00,12.69,12.69,12.69,12.69,27000,342630.0
000533.SZ,2026-06-01 14:42:00,12.69,12.69,12.69,12.69,15800,200502.0
000533.SZ,2026-06-01 14:43:00,12.69,12.69,12.69,12.69,12200,154818.0
000533.SZ,2026-06-01 14:44:00,12.69,12.69,12.69,12.69,21000,266490.0
000533.SZ,2026-06-01 14:45:00,12.69,12.69,12.69,12.69,16900,214461.0
000533.SZ,2026-06-01 14:46:00,12.69,12.69,12.69,12.69,22500,285525.0
000533.SZ,2026-06-01 14:47:00,12.69,12.69,12.69,12.69,13300,168777.0
000533.SZ,2026-06-01 14:48:00,12.69,12.69,12.69,12.69,26600,337554.0
000533.SZ,2026-06-01 14:49:00,12.69,12.69,12.69,12.69,16700,211923.0
000533.SZ,2026-06-01 14:50:00,12.69,12.69,12.69,12.69,13600,172584.0
000533.SZ,2026-06-01 14:51:00,12.69,12.69,12.69,12.69,20200,256338.0
000533.SZ,2026-06-01 14:52:00,12.69,12.69,12.69,12.69,26100,331209.0
000533.SZ,2026-06-01 14:53:00,12.69,12.69,12.69,12.69,15600,197964.0
000533.SZ,2026-06-01 14:54:00,12.69,12.69,12.69,12.69,19900,252531.0
000533.SZ,2026-06-01 14:55:00,12.69,12.69,12.69,12.69,17400,220806.0
000533.SZ,2026-06-01 14:56:00,12.69,12.69,12.69,12.69,37100,470799.0
000533.SZ,2026-06-01 14:57:00,12.69,12.69,12.69,12.69,40040,508107.6
000533.SZ,2026-06-01 14:58:00,12.69,12.69,12.69,12.69,0,0.0
000533.SZ,2026-06-01 14:59:00,12.69,12.69,12.69,12.69,0,0.0
000533.SZ,2026-06-01 15:00:00,12.69,12.69,12.69,12.69,93200,1182708.0
000533.SZ,2026-06-02 09:30:00,12.69,12.69,12.59,12.65,2818200,35756744.0
000533.SZ,2026-06-02 09:31:00,12.63,12.65,12.42,12.43,3625100,45547630.0
000533.SZ,2026-06-02 09:32:00,12.41,12.41,12.18,12.21,2785800,34265228.0
000533.SZ,2026-06-02 09:33:00,12.25,12.3,12.24,12.3,1559013,19098828.0
000533.SZ,2026-06-02 09:34:00,12.29,12.29,12.11,12.14,1827665,22324518.0
000533.SZ,2026-06-02 09:35:00,12.13,12.17,12.13,12.14,1286871,15621180.0
000533.SZ,2026-06-02 09:36:00,12.14,12.16,12.07,12.08,1410664,17089448.0
000533.SZ,2026-06-02 09:37:00,12.08,12.08,12.0,12.01,1640700,19732656.0
000533.SZ,2026-06-02 09:38:00,12.02,12.18,12.02,12.16,923400,11184551.0
000533.SZ,2026-06-02 09:39:00,12.16,12.17,12.13,12.15,817700,9940332.0
000533.SZ,2026-06-02 09:40:00,12.14,12.19,12.13,12.19,404396,4912942.5
000533.SZ,2026-06-02 09:41:00,12.2,12.24,12.2,12.2,1025200,12526475.0
000533.SZ,2026-06-02 09:42:00,12.2,12.22,12.19,12.21,669800,8177449.0
000533.SZ,2026-06-02 09:43:00,12.21,12.21,12.16,12.16,337300,4113186.0
000533.SZ,2026-06-02 09:44:00,12.15,12.18,12.14,12.18,337000,4098315.0
000533.SZ,2026-06-02 09:45:00,12.18,12.18,12.11,12.11,439600,5337088.0
000533.SZ,2026-06-02 09:46:00,12.11,12.12,12.11,12.11,459200,5563857.0
000533.SZ,2026-06-02 09:47:00,12.11,12.13,12.11,12.13,252400,3058821.0
000533.SZ,2026-06-02 09:48:00,12.13,12.13,12.05,12.07,524700,6341918.0
000533.SZ,2026-06-02 09:49:00,12.06,12.09,12.06,12.08,313700,3786312.0
000533.SZ,2026-06-02 09:50:00,12.08,12.08,12.06,12.07,544900,6576468.0
000533.SZ,2026-06-02 09:51:00,12.07,12.08,12.06,12.07,738200,8908762.0
000533.SZ,2026-06-02 09:52:00,12.05,12.06,12.03,12.04,512300,6168001.0
000533.SZ,2026-06-02 09:53:00,12.04,12.05,12.03,12.04,301400,3628054.0
000533.SZ,2026-06-02 09:54:00,12.04,12.04,12.01,12.03,739900,8899218.0
000533.SZ,2026-06-02 09:55:00,12.03,12.03,12.01,12.03,522400,6277586.0
000533.SZ,2026-06-02 09:56:00,12.02,12.04,12.01,12.02,360800,4337893.0
000533.SZ,2026-06-02 09:57:00,12.02,12.03,12.0,12.0,755200,9068088.0
000533.SZ,2026-06-02 09:58:00,12.01,12.02,12.0,12.02,357200,4289969.0
000533.SZ,2026-06-02 09:59:00,12.02,12.02,11.98,11.98,771300,9254539.0
000533.SZ,2026-06-02 10:00:00,11.98,11.98,11.93,11.95,585200,6996952.0
000533.SZ,2026-06-02 10:01:00,11.95,11.97,11.94,11.94,409500,4893627.0
000533.SZ,2026-06-02 10:02:00,11.93,11.98,11.92,11.97,319100,3813466.0
000533.SZ,2026-06-02 10:03:00,11.96,11.98,11.93,11.94,346600,4146333.2
000533.SZ,2026-06-02 10:04:00,11.94,11.95,11.86,11.86,692300,8241259.0
000533.SZ,2026-06-02 10:05:00,11.85,11.86,11.8,11.85,634000,7501245.0
000533.SZ,2026-06-02 10:06:00,11.84,11.88,11.84,11.87,387700,4594948.0
000533.SZ,2026-06-02 10:07:00,11.86,11.91,11.86,11.91,241800,2874959.0
000533.SZ,2026-06-02 10:08:00,11.91,11.95,11.91,11.94,317300,3788090.0
000533.SZ,2026-06-02 10:09:00,11.94,11.98,11.92,11.98,203800,2433328.0
000533.SZ,2026-06-02 10:10:00,11.98,11.98,11.94,11.96,284000,3395964.0
000533.SZ,2026-06-02 10:11:00,11.96,11.96,11.93,11.93,187200,2235604.0
000533.SZ,2026-06-02 10:12:00,11.93,11.95,11.93,11.94,185600,2215422.0
000533.SZ,2026-06-02 10:13:00,11.94,11.95,11.93,11.95,121700,1452814.0
000533.SZ,2026-06-02 10:14:00,11.95,11.95,11.94,11.94,163600,1953482.0
000533.SZ,2026-06-02 10:15:00,11.94,11.95,11.93,11.94,183300,2187963.0
000533.SZ,2026-06-02 10:16:00,11.94,11.94,11.92,11.92,220800,2633522.0
000533.SZ,2026-06-02 10:17:00,11.92,11.96,11.92,11.96,182100,2173807.0
000533.SZ,2026-06-02 10:18:00,11.95,11.97,11.94,11.96,183800,2197136.0
000533.SZ,2026-06-02 10:19:00,11.96,11.98,11.95,11.98,164678,1969771.9
000533.SZ,2026-06-02 10:20:00,12.0,12.02,12.0,12.01,245800,2950100.0
000533.SZ,2026-06-02 10:21:00,12.02,12.02,11.99,12.0,217200,2607531.0
000533.SZ,2026-06-02 10:22:00,12.0,12.0,11.99,12.0,144900,1737710.0
000533.SZ,2026-06-02 10:23:00,12.0,12.02,11.99,12.02,311200,3733587.0
000533.SZ,2026-06-02 10:24:00,12.02,12.06,12.02,12.04,276200,3326585.0
000533.SZ,2026-06-02 10:25:00,12.04,12.05,12.0,12.0,176200,2120541.2
000533.SZ,2026-06-02 10:26:00,12.0,12.04,12.0,12.04,264600,3176556.0
000533.SZ,2026-06-02 10:27:00,12.04,12.04,12.0,12.0,261500,3139983.0
000533.SZ,2026-06-02 10:28:00,11.99,12.01,11.98,12.01,107300,1286428.0
000533.SZ,2026-06-02 10:29:00,12.01,12.03,12.0,12.03,107600,1292870.0
000533.SZ,2026-06-02 10:30:00,12.03,12.03,12.0,12.01,201600,2421881.0
000533.SZ,2026-06-02 10:31:00,12.01,12.09,12.01,12.08,488600,5877490.0
000533.SZ,2026-06-02 10:32:00,12.07,12.09,12.02,12.05,187500,2261360.0
000533.SZ,2026-06-02 10:33:00,12.05,12.06,12.05,12.05,138700,1671221.0
000533.SZ,2026-06-02 10:34:00,12.04,12.05,12.03,12.03,221100,2663276.0
000533.SZ,2026-06-02 10:35:00,12.03,12.04,12.02,12.02,99400,1195687.0
000533.SZ,2026-06-02 10:36:00,12.02,12.03,12.01,12.03,145500,1749436.0
000533.SZ,2026-06-02 10:37:00,12.04,12.04,12.01,12.02,90200,1084984.0
000533.SZ,2026-06-02 10:38:00,12.02,12.02,12.0,12.0,120900,1451952.0
000533.SZ,2026-06-02 10:39:00,12.0,12.01,11.99,12.0,192200,2306145.0
000533.SZ,2026-06-02 10:40:00,12.0,12.02,12.0,12.01,133500,1602650.0
000533.SZ,2026-06-02 10:41:00,12.01,12.02,11.99,11.99,120200,1443146.0
000533.SZ,2026-06-02 10:42:00,11.99,12.02,11.99,12.0,124500,1494043.0
000533.SZ,2026-06-02 10:43:00,12.0,12.02,12.0,12.01,161400,1938151.0
000533.SZ,2026-06-02 10:44:00,12.01,12.04,12.01,12.02,193200,2322537.0
000533.SZ,2026-06-02 10:45:00,12.05,12.06,12.02,12.06,172500,2076207.0
000533.SZ,2026-06-02 10:46:00,12.05,12.05,12.04,12.04,144600,1741610.0
000533.SZ,2026-06-02 10:47:00,12.04,12.08,12.04,12.08,185500,2237676.0
000533.SZ,2026-06-02 10:48:00,12.07,12.08,12.06,12.07,156200,1884964.0
000533.SZ,2026-06-02 10:49:00,12.07,12.08,12.04,12.04,350800,4230725.0
000533.SZ,2026-06-02 10:50:00,12.03,12.07,12.03,12.06,116800,1407962.0
000533.SZ,2026-06-02 10:51:00,12.05,12.06,12.04,12.04,123100,1483511.0
000533.SZ,2026-06-02 10:52:00,12.04,12.06,12.04,12.06,123300,1485583.0
000533.SZ,2026-06-02 10:53:00,12.06,12.07,12.05,12.07,168300,2029772.0
000533.SZ,2026-06-02 10:54:00,12.07,12.09,12.07,12.07,135600,1637724.0
000533.SZ,2026-06-02 10:55:00,12.08,12.09,12.06,12.06,141400,1706814.0
000533.SZ,2026-06-02 10:56:00,12.06,12.07,12.05,12.06,93500,1127179.0
000533.SZ,2026-06-02 10:57:00,12.06,12.07,12.05,12.05,136100,1641027.0
000533.SZ,2026-06-02 10:58:00,12.05,12.06,12.04,12.04,140800,1696146.0
000533.SZ,2026-06-02 10:59:00,12.04,12.05,12.02,12.02,107300,1291367.0
000533.SZ,2026-06-02 11:00:00,12.02,12.05,12.02,12.03,195600,2353297.0
000533.SZ,2026-06-02 11:01:00,12.03,12.04,12.02,12.03,105500,1269075.0
000533.SZ,2026-06-02 11:02:00,12.03,12.05,12.03,12.03,143100,1721987.0
000533.SZ,2026-06-02 11:03:00,12.03,12.04,12.01,12.01,158900,1910834.0
000533.SZ,2026-06-02 11:04:00,12.02,12.04,12.01,12.02,141200,1696963.0
000533.SZ,2026-06-02 11:05:00,12.02,12.04,12.01,12.01,170400,2047929.0
000533.SZ,2026-06-02 11:06:00,12.01,12.02,12.01,12.02,235800,2832846.0
000533.SZ,2026-06-02 11:07:00,12.01,12.02,12.0,12.01,164300,1973270.0
000533.SZ,2026-06-02 11:08:00,12.01,12.03,12.01,12.01,100300,1204832.0
000533.SZ,2026-06-02 11:09:00,12.01,12.03,12.01,12.01,132900,1597541.0
000533.SZ,2026-06-02 11:10:00,12.02,12.02,12.01,12.01,172700,2074460.0
000533.SZ,2026-06-02 11:11:00,12.01,12.01,12.0,12.0,136800,1642402.0
000533.SZ,2026-06-02 11:12:00,12.0,12.02,12.0,12.01,178500,2142698.0
000533.SZ,2026-06-02 11:13:00,12.01,12.01,12.0,12.01,134600,1616273.0
000533.SZ,2026-06-02 11:14:00,12.0,12.03,12.0,12.01,129000,1549234.0
000533.SZ,2026-06-02 11:15:00,12.01,12.03,12.01,12.01,104400,1254310.0
000533.SZ,2026-06-02 11:16:00,12.03,12.04,12.02,12.03,145800,1754315.0
000533.SZ,2026-06-02 11:17:00,12.04,12.09,12.04,12.09,191300,2310199.0
000533.SZ,2026-06-02 11:18:00,12.09,12.09,12.04,12.05,199300,2406374.0
000533.SZ,2026-06-02 11:19:00,12.06,12.06,12.04,12.04,128600,1549989.0
000533.SZ,2026-06-02 11:20:00,12.04,12.05,12.02,12.02,116500,1401831.0
000533.SZ,2026-06-02 11:21:00,12.02,12.02,12.01,12.01,87700,1053668.0
000533.SZ,2026-06-02 11:22:00,12.01,12.04,12.01,12.01,214800,2582127.0
000533.SZ,2026-06-02 11:23:00,12.01,12.05,12.01,12.05,37000,444979.0
000533.SZ,2026-06-02 11:24:00,12.05,12.07,12.04,12.07,71100,856908.0
000533.SZ,2026-06-02 11:25:00,12.03,12.08,12.03,12.07,63100,761574.0
000533.SZ,2026-06-02 11:26:00,12.07,12.08,12.06,12.08,58700,708330.0
000533.SZ,2026-06-02 11:27:00,12.06,12.07,12.04,12.06,114400,1379687.0
000533.SZ,2026-06-02 11:28:00,12.05,12.09,12.05,12.07,190400,2298219.0
000533.SZ,2026-06-02 11:29:00,12.07,12.13,12.06,12.13,102600,1241037.0
000533.SZ,2026-06-02 11:30:00,12.11,12.12,12.08,12.08,171700,2079314.0
000533.SZ,2026-06-02 13:01:00,12.06,12.12,12.05,12.12,445000,5367922.0
000533.SZ,2026-06-02 13:02:00,12.1,12.12,12.08,12.1,114300,1384052.0
000533.SZ,2026-06-02 13:03:00,12.09,12.1,12.07,12.1,263700,3188137.0
000533.SZ,2026-06-02 13:04:00,12.11,12.16,12.11,12.15,169900,2063224.0
000533.SZ,2026-06-02 13:05:00,12.15,12.16,12.13,12.16,139482,1694187.2
000533.SZ,2026-06-02 13:06:00,12.15,12.16,12.13,12.15,418000,5080818.0
000533.SZ,2026-06-02 13:07:00,12.15,12.19,12.15,12.16,275300,3351064.0
000533.SZ,2026-06-02 13:08:00,12.16,12.16,12.12,12.12,217200,2638120.0
000533.SZ,2026-06-02 13:09:00,12.12,12.15,12.12,12.15,62700,760377.0
000533.SZ,2026-06-02 13:10:00,12.14,12.15,12.14,12.15,84900,1031386.0
000533.SZ,2026-06-02 13:11:00,12.15,12.15,12.13,12.13,95100,1153914.0
000533.SZ,2026-06-02 13:12:00,12.13,12.19,12.12,12.19,155200,1885717.0
000533.SZ,2026-06-02 13:13:00,12.19,12.19,12.16,12.16,108100,1316340.0
000533.SZ,2026-06-02 13:14:00,12.17,12.18,12.16,12.17,96900,1179138.0
000533.SZ,2026-06-02 13:15:00,12.18,12.18,12.17,12.18,73700,897208.0
000533.SZ,2026-06-02 13:16:00,12.18,12.18,12.14,12.16,119300,1450550.0
000533.SZ,2026-06-02 13:17:00,12.16,12.17,12.15,12.17,74800,909755.0
000533.SZ,2026-06-02 13:18:00,12.17,12.17,12.14,12.15,82100,997703.0
000533.SZ,2026-06-02 13:19:00,12.17,12.17,12.15,12.15,101300,1231423.0
000533.SZ,2026-06-02 13:20:00,12.15,12.17,12.14,12.15,49000,595879.0
000533.SZ,2026-06-02 13:21:00,12.15,12.17,12.15,12.16,87600,1065838.0
000533.SZ,2026-06-02 13:22:00,12.16,12.17,12.15,12.17,120800,1468903.0
000533.SZ,2026-06-02 13:23:00,12.17,12.17,12.15,12.16,60300,733276.0
000533.SZ,2026-06-02 13:24:00,12.16,12.16,12.15,12.16,56400,685677.0
000533.SZ,2026-06-02 13:25:00,12.15,12.17,12.15,12.17,99300,1208101.0
000533.SZ,2026-06-02 13:26:00,12.17,12.17,12.15,12.15,169400,2058788.0
000533.SZ,2026-06-02 13:27:00,12.16,12.16,12.15,12.16,46600,566547.0
000533.SZ,2026-06-02 13:28:00,12.16,12.2,12.16,12.19,234600,2857150.0
000533.SZ,2026-06-02 13:29:00,12.19,12.21,12.19,12.19,184700,2252978.0
000533.SZ,2026-06-02 13:30:00,12.2,12.21,12.19,12.21,130700,1594195.0
000533.SZ,2026-06-02 13:31:00,12.2,12.21,12.2,12.21,157601,1923570.2
000533.SZ,2026-06-02 13:32:00,12.21,12.22,12.2,12.2,194500,2374758.0
000533.SZ,2026-06-02 13:33:00,12.21,12.21,12.19,12.2,167199,2040152.8
000533.SZ,2026-06-02 13:34:00,12.2,12.21,12.19,12.2,110900,1352984.0
000533.SZ,2026-06-02 13:35:00,12.2,12.2,12.19,12.19,151500,1847383.0
000533.SZ,2026-06-02 13:36:00,12.19,12.19,12.17,12.17,128800,1567959.0
000533.SZ,2026-06-02 13:37:00,12.17,12.18,12.17,12.17,71600,871414.0
000533.SZ,2026-06-02 13:38:00,12.17,12.17,12.15,12.15,121400,1476368.0
000533.SZ,2026-06-02 13:39:00,12.15,12.15,12.14,12.15,120900,1468667.0
000533.SZ,2026-06-02 13:40:00,12.15,12.15,12.14,12.14,84100,1021388.0
000533.SZ,2026-06-02 13:41:00,12.14,12.15,12.14,12.15,58600,711886.0
000533.SZ,2026-06-02 13:42:00,12.15,12.16,12.15,12.16,79700,968961.0
000533.SZ,2026-06-02 13:43:00,12.16,12.17,12.16,12.16,87500,1064042.0
000533.SZ,2026-06-02 13:44:00,12.15,12.15,12.14,12.15,160500,1949649.0
000533.SZ,2026-06-02 13:45:00,12.15,12.16,12.14,12.14,135900,1650463.0
000533.SZ,2026-06-02 13:46:00,12.15,12.16,12.15,12.15,86700,1053439.0
000533.SZ,2026-06-02 13:47:00,12.16,12.16,12.14,12.15,140400,1705144.0
000533.SZ,2026-06-02 13:48:00,12.15,12.15,12.14,12.14,189900,2306097.0
000533.SZ,2026-06-02 13:49:00,12.14,12.15,12.14,12.15,79800,969571.0
000533.SZ,2026-06-02 13:50:00,12.15,12.16,12.14,12.16,77900,946460.0
000533.SZ,2026-06-02 13:51:00,12.15,12.19,12.15,12.19,89900,1093929.0
000533.SZ,2026-06-02 13:52:00,12.19,12.19,12.17,12.18,276000,3361611.0
000533.SZ,2026-06-02 13:53:00,12.18,12.19,12.17,12.17,118800,1447014.0
000533.SZ,2026-06-02 13:54:00,12.18,12.21,12.18,12.21,147800,1801772.0
000533.SZ,2026-06-02 13:55:00,12.21,12.22,12.2,12.2,344000,4198902.0
000533.SZ,2026-06-02 13:56:00,12.2,12.22,12.19,12.22,91900,1121921.0
000533.SZ,2026-06-02 13:57:00,12.21,12.23,12.21,12.22,153500,1875800.0
000533.SZ,2026-06-02 13:58:00,12.21,12.22,12.2,12.21,88900,1085328.0
000533.SZ,2026-06-02 13:59:00,12.21,12.22,12.2,12.22,76700,936613.0
000533.SZ,2026-06-02 14:00:00,12.21,12.23,12.21,12.23,102101,1247911.2
000533.SZ,2026-06-02 14:01:00,12.22,12.23,12.22,12.23,148300,1813355.0
000533.SZ,2026-06-02 14:02:00,12.24,12.25,12.22,12.23,553100,6769284.0
000533.SZ,2026-06-02 14:03:00,12.23,12.24,12.22,12.23,88600,1083536.0
000533.SZ,2026-06-02 14:04:00,12.23,12.23,12.21,12.21,235099,2874319.8
000533.SZ,2026-06-02 14:05:00,12.21,12.22,12.21,12.21,93200,1138690.0
000533.SZ,2026-06-02 14:06:00,12.21,12.22,12.2,12.2,65200,796190.0
000533.SZ,2026-06-02 14:07:00,12.21,12.21,12.2,12.2,154100,1880593.0
000533.SZ,2026-06-02 14:08:00,12.21,12.21,12.18,12.18,204600,2494867.0
000533.SZ,2026-06-02 14:09:00,12.19,12.19,12.16,12.16,118600,1443505.0
000533.SZ,2026-06-02 14:10:00,12.17,12.17,12.16,12.16,50200,610640.0
000533.SZ,2026-06-02 14:11:00,12.17,12.18,12.16,12.18,92500,1125789.0
000533.SZ,2026-06-02 14:12:00,12.17,12.18,12.17,12.17,79900,972881.0
000533.SZ,2026-06-02 14:13:00,12.18,12.18,12.17,12.18,81800,995802.0
000533.SZ,2026-06-02 14:14:00,12.16,12.18,12.16,12.18,90400,1099798.0
000533.SZ,2026-06-02 14:15:00,12.17,12.2,12.17,12.2,109700,1336389.0
000533.SZ,2026-06-02 14:16:00,12.2,12.2,12.19,12.2,66900,815967.0
000533.SZ,2026-06-02 14:17:00,12.19,12.2,12.19,12.19,115200,1404477.0
000533.SZ,2026-06-02 14:18:00,12.2,12.2,12.18,12.18,196100,2391036.0
000533.SZ,2026-06-02 14:19:00,12.19,12.2,12.18,12.2,45400,553470.0
000533.SZ,2026-06-02 14:20:00,12.2,12.21,12.19,12.2,107800,1315049.0
000533.SZ,2026-06-02 14:21:00,12.2,12.21,12.19,12.2,47700,581891.0
000533.SZ,2026-06-02 14:22:00,12.2,12.21,12.2,12.21,129700,1583564.0
000533.SZ,2026-06-02 14:23:00,12.21,12.21,12.2,12.21,58600,715349.0
000533.SZ,2026-06-02 14:24:00,12.2,12.21,12.2,12.2,50900,621244.0
000533.SZ,2026-06-02 14:25:00,12.21,12.21,12.19,12.2,174400,2127878.0
000533.SZ,2026-06-02 14:26:00,12.19,12.21,12.18,12.2,238000,2902797.0
000533.SZ,2026-06-02 14:27:00,12.2,12.2,12.19,12.2,71300,869737.0
000533.SZ,2026-06-02 14:28:00,12.19,12.2,12.19,12.19,53900,657462.0
000533.SZ,2026-06-02 14:29:00,12.2,12.2,12.19,12.2,167400,2042292.0
000533.SZ,2026-06-02 14:30:00,12.2,12.2,12.19,12.2,50500,615963.0
000533.SZ,2026-06-02 14:31:00,12.19,12.2,12.19,12.2,111500,1360216.0
000533.SZ,2026-06-02 14:32:00,12.2,12.2,12.18,12.18,164800,2008724.0
000533.SZ,2026-06-02 14:33:00,12.18,12.19,12.18,12.18,183600,2236959.0
000533.SZ,2026-06-02 14:34:00,12.19,12.2,12.18,12.2,58600,714423.0
000533.SZ,2026-06-02 14:35:00,12.19,12.2,12.18,12.18,183300,2233188.0
000533.SZ,2026-06-02 14:36:00,12.18,12.19,12.17,12.18,146700,1786951.0
000533.SZ,2026-06-02 14:37:00,12.18,12.19,12.18,12.19,92800,1130916.0
000533.SZ,2026-06-02 14:38:00,12.19,12.2,12.19,12.19,96680,1178593.2
000533.SZ,2026-06-02 14:39:00,12.19,12.2,12.18,12.19,111820,1363228.8
000533.SZ,2026-06-02 14:40:00,12.19,12.19,12.18,12.19,95500,1163929.0
000533.SZ,2026-06-02 14:41:00,12.18,12.19,12.18,12.18,110700,1348673.0
000533.SZ,2026-06-02 14:42:00,12.18,12.19,12.18,12.19,124900,1522355.0
000533.SZ,2026-06-02 14:43:00,12.19,12.19,12.18,12.18,153200,1866969.0
000533.SZ,2026-06-02 14:44:00,12.19,12.19,12.18,12.18,199800,2434509.0
000533.SZ,2026-06-02 14:45:00,12.18,12.19,12.18,12.19,103900,1266164.0
000533.SZ,2026-06-02 14:46:00,12.19,12.19,12.18,12.18,317468,3869395.2
000533.SZ,2026-06-02 14:47:00,12.19,12.19,12.17,12.18,531132,6468163.0
000533.SZ,2026-06-02 14:48:00,12.18,12.18,12.17,12.18,243600,2966781.0
000533.SZ,2026-06-02 14:49:00,12.18,12.18,12.17,12.18,98700,1201796.0
000533.SZ,2026-06-02 14:50:00,12.18,12.18,12.17,12.18,138400,1685040.0
000533.SZ,2026-06-02 14:51:00,12.17,12.18,12.16,12.16,541600,6590342.0
000533.SZ,2026-06-02 14:52:00,12.16,12.17,12.16,12.16,395900,4814270.0
000533.SZ,2026-06-02 14:53:00,12.16,12.17,12.16,12.17,360600,4387866.0
000533.SZ,2026-06-02 14:54:00,12.17,12.18,12.16,12.16,541500,6590585.0
000533.SZ,2026-06-02 14:55:00,12.17,12.17,12.16,12.17,366300,4456794.0
000533.SZ,2026-06-02 14:56:00,12.17,12.18,12.17,12.17,455600,5546270.0
000533.SZ,2026-06-02 14:57:00,12.18,12.18,12.17,12.18,507000,6172941.0
000533.SZ,2026-06-02 14:58:00,12.18,12.18,12.18,12.18,0,0.0
000533.SZ,2026-06-02 14:59:00,12.18,12.18,12.18,12.18,0,0.0
000533.SZ,2026-06-02 15:00:00,12.18,12.18,12.18,12.18,835000,10170300.0
000533.SZ,2026-06-03 09:30:00,12.17,12.17,12.05,12.05,773600,9412454.0
000533.SZ,2026-06-03 09:31:00,12.07,12.07,11.88,11.9,1248200,14919838.0
000533.SZ,2026-06-03 09:32:00,11.89,11.96,11.86,11.96,844500,10041620.0
000533.SZ,2026-06-03 09:33:00,11.96,11.99,11.9,11.9,579800,6927790.0
000533.SZ,2026-06-03 09:34:00,11.9,11.9,11.82,11.89,1224800,14522770.0
000533.SZ,2026-06-03 09:35:00,11.89,11.9,11.84,11.87,543800,6462304.0
000533.SZ,2026-06-03 09:36:00,11.88,11.91,11.86,11.88,481100,5717680.0
000533.SZ,2026-06-03 09:37:00,11.87,11.87,11.81,11.86,1022700,12107919.0
000533.SZ,2026-06-03 09:38:00,11.83,11.86,11.83,11.84,465200,5508345.0
000533.SZ,2026-06-03 09:39:00,11.84,11.9,11.83,11.89,512700,6080616.0
000533.SZ,2026-06-03 09:40:00,11.88,11.89,11.84,11.86,880300,10438182.0
000533.SZ,2026-06-03 09:41:00,11.86,11.86,11.8,11.82,574400,6796366.0
000533.SZ,2026-06-03 09:42:00,11.82,11.84,11.81,11.81,687000,8116560.0
000533.SZ,2026-06-03 09:43:00,11.82,11.82,11.8,11.8,573900,6774536.0
000533.SZ,2026-06-03 09:44:00,11.81,11.86,11.81,11.86,383400,4533445.0
000533.SZ,2026-06-03 09:45:00,11.88,11.99,11.88,11.99,583215,6954367.0
000533.SZ,2026-06-03 09:46:00,11.99,12.0,11.94,11.97,415400,4971046.0
000533.SZ,2026-06-03 09:47:00,11.96,12.0,11.96,12.0,242000,2900589.0
000533.SZ,2026-06-03 09:48:00,11.98,12.0,11.95,11.95,227200,2721841.0
000533.SZ,2026-06-03 09:49:00,11.95,11.95,11.92,11.93,199500,2380809.0
000533.SZ,2026-06-03 09:50:00,11.94,11.98,11.94,11.97,189100,2262089.0
000533.SZ,2026-06-03 09:51:00,11.97,11.98,11.93,11.94,180100,2153581.0
000533.SZ,2026-06-03 09:52:00,11.93,11.94,11.91,11.93,398113,4747436.0
000533.SZ,2026-06-03 09:53:00,11.93,11.96,11.93,11.96,141000,1684889.0
000533.SZ,2026-06-03 09:54:00,11.97,11.97,11.94,11.95,146300,1748828.0
000533.SZ,2026-06-03 09:55:00,11.95,11.95,11.93,11.94,119200,1422909.0
000533.SZ,2026-06-03 09:56:00,11.94,11.95,11.94,11.94,135300,1615871.0
000533.SZ,2026-06-03 09:57:00,11.94,11.97,11.94,11.97,154500,1847678.0
000533.SZ,2026-06-03 09:58:00,11.96,12.0,11.96,11.99,210700,2526033.0
000533.SZ,2026-06-03 09:59:00,12.0,12.02,11.97,11.97,227200,2725951.0
000533.SZ,2026-06-03 10:00:00,11.97,11.97,11.95,11.97,107600,1286905.0
000533.SZ,2026-06-03 10:01:00,11.96,11.96,11.95,11.95,116700,1395431.0
000533.SZ,2026-06-03 10:02:00,11.95,11.96,11.93,11.93,220500,2634051.0
000533.SZ,2026-06-03 10:03:00,11.94,11.94,11.91,11.91,214200,2554972.0
000533.SZ,2026-06-03 10:04:00,11.91,11.92,11.91,11.92,123800,1475283.0
000533.SZ,2026-06-03 10:05:00,11.93,11.94,11.92,11.93,168300,2008214.0
000533.SZ,2026-06-03 10:06:00,11.93,11.93,11.91,11.91,211400,2520778.0
000533.SZ,2026-06-03 10:07:00,11.91,11.92,11.9,11.91,218587,2603280.0
000533.SZ,2026-06-03 10:08:00,11.91,11.91,11.88,11.89,403200,4798107.0
000533.SZ,2026-06-03 10:09:00,11.89,11.9,11.89,11.89,188100,2236780.0
000533.SZ,2026-06-03 10:10:00,11.89,11.91,11.89,11.9,156800,1865465.0
000533.SZ,2026-06-03 10:11:00,11.9,11.91,11.9,11.9,198800,2366662.0
000533.SZ,2026-06-03 10:12:00,11.91,11.92,11.9,11.9,155200,1847976.0
000533.SZ,2026-06-03 10:13:00,11.9,11.92,11.9,11.91,108800,1295516.0
000533.SZ,2026-06-03 10:14:00,11.91,11.92,11.88,11.88,387800,4613008.0
000533.SZ,2026-06-03 10:15:00,11.9,11.9,11.87,11.87,259585,3084669.8
000533.SZ,2026-06-03 10:16:00,11.87,11.87,11.85,11.86,259200,3074305.0
000533.SZ,2026-06-03 10:17:00,11.86,11.87,11.85,11.85,173900,2061903.0
000533.SZ,2026-06-03 10:18:00,11.85,11.88,11.85,11.86,130800,1551202.0
000533.SZ,2026-06-03 10:19:00,11.86,11.87,11.85,11.85,127900,1516119.0
000533.SZ,2026-06-03 10:20:00,11.85,11.86,11.84,11.84,114100,1352320.0
000533.SZ,2026-06-03 10:21:00,11.84,11.85,11.84,11.85,119900,1420169.0
000533.SZ,2026-06-03 10:22:00,11.85,11.86,11.84,11.85,116300,1377981.0
000533.SZ,2026-06-03 10:23:00,11.85,11.87,11.85,11.87,70300,833274.0
000533.SZ,2026-06-03 10:24:00,11.86,11.88,11.86,11.87,50900,604427.0
000533.SZ,2026-06-03 10:25:00,11.88,11.88,11.87,11.87,139700,1658734.0
000533.SZ,2026-06-03 10:26:00,11.87,11.87,11.85,11.85,154200,1828941.0
000533.SZ,2026-06-03 10:27:00,11.85,11.86,11.85,11.86,97500,1155482.0
000533.SZ,2026-06-03 10:28:00,11.85,11.86,11.83,11.83,252700,2993518.0
000533.SZ,2026-06-03 10:29:00,11.83,11.84,11.82,11.84,127500,1508379.0
000533.SZ,2026-06-03 10:30:00,11.83,11.83,11.82,11.82,215000,2541845.0
000533.SZ,2026-06-03 10:31:00,11.83,11.83,11.82,11.83,129800,1534971.0
000533.SZ,2026-06-03 10:32:00,11.82,11.83,11.81,11.81,213600,2524901.0
000533.SZ,2026-06-03 10:33:00,11.82,11.82,11.8,11.8,407200,4808603.0
000533.SZ,2026-06-03 10:34:00,11.8,11.8,11.72,11.75,1466300,17257320.0
000533.SZ,2026-06-03 10:35:00,11.75,11.78,11.75,11.78,231100,2718148.0
000533.SZ,2026-06-03 10:36:00,11.78,11.78,11.76,11.76,178800,2103798.0
000533.SZ,2026-06-03 10:37:00,11.76,11.76,11.75,11.76,192500,2262569.0
000533.SZ,2026-06-03 10:38:00,11.76,11.79,11.76,11.79,139000,1636451.0
000533.SZ,2026-06-03 10:39:00,11.78,11.8,11.78,11.8,110700,1304965.0
000533.SZ,2026-06-03 10:40:00,11.8,11.8,11.79,11.79,71600,844501.0
000533.SZ,2026-06-03 10:41:00,11.78,11.81,11.78,11.8,104100,1227823.0
000533.SZ,2026-06-03 10:42:00,11.8,11.82,11.8,11.82,109121,1288855.0
000533.SZ,2026-06-03 10:43:00,11.83,11.84,11.83,11.84,130100,1540318.0
000533.SZ,2026-06-03 10:44:00,11.84,11.84,11.82,11.82,95800,1133193.0
000533.SZ,2026-06-03 10:45:00,11.83,11.84,11.82,11.83,55100,651846.0
000533.SZ,2026-06-03 10:46:00,11.83,11.84,11.82,11.84,52300,618678.0
000533.SZ,2026-06-03 10:47:00,11.84,11.84,11.83,11.83,43900,519496.0
000533.SZ,2026-06-03 10:48:00,11.83,11.84,11.82,11.82,69800,825609.0
000533.SZ,2026-06-03 10:49:00,11.83,11.83,11.82,11.82,81100,958657.0
000533.SZ,2026-06-03 10:50:00,11.82,11.84,11.82,11.84,70200,830371.0
000533.SZ,2026-06-03 10:51:00,11.84,11.84,11.83,11.83,25400,300643.0
000533.SZ,2026-06-03 10:52:00,11.83,11.83,11.82,11.83,126300,1493226.0
000533.SZ,2026-06-03 10:53:00,11.82,11.82,11.81,11.81,80635,953172.4
000533.SZ,2026-06-03 10:54:00,11.81,11.82,11.81,11.81,60300,712209.0
000533.SZ,2026-06-03 10:55:00,11.81,11.84,11.81,11.84,95000,1123305.0
000533.SZ,2026-06-03 10:56:00,11.84,11.84,11.82,11.83,52100,616301.0
000533.SZ,2026-06-03 10:57:00,11.84,11.84,11.83,11.83,41500,491026.0
000533.SZ,2026-06-03 10:58:00,11.83,11.83,11.81,11.82,73100,863784.0
000533.SZ,2026-06-03 10:59:00,11.82,11.83,11.81,11.82,31300,369927.0
000533.SZ,2026-06-03 11:00:00,11.81,11.82,11.81,11.82,38800,458431.0
000533.SZ,2026-06-03 11:01:00,11.81,11.84,11.81,11.84,113500,1341411.0
000533.SZ,2026-06-03 11:02:00,11.84,11.85,11.84,11.85,109500,1296903.0
000533.SZ,2026-06-03 11:03:00,11.85,11.86,11.84,11.86,39200,464533.0
000533.SZ,2026-06-03 11:04:00,11.85,11.88,11.85,11.88,125300,1486326.0
000533.SZ,2026-06-03 11:05:00,11.88,11.9,11.87,11.9,91800,1091120.0
000533.SZ,2026-06-03 11:06:00,11.89,11.9,11.88,11.89,120200,1429426.0
000533.SZ,2026-06-03 11:07:00,11.88,11.88,11.87,11.87,87300,1036798.0
000533.SZ,2026-06-03 11:08:00,11.87,11.87,11.85,11.86,64200,761091.0
000533.SZ,2026-06-03 11:09:00,11.86,11.87,11.86,11.87,43200,512475.0
000533.SZ,2026-06-03 11:10:00,11.87,11.88,11.86,11.86,87600,1039716.0
000533.SZ,2026-06-03 11:11:00,11.86,11.87,11.86,11.86,208300,2470562.0
000533.SZ,2026-06-03 11:12:00,11.87,11.87,11.85,11.85,58700,695984.0
000533.SZ,2026-06-03 11:13:00,11.85,11.88,11.85,11.86,207400,2461716.0
000533.SZ,2026-06-03 11:14:00,11.86,11.87,11.85,11.85,46400,550166.0
000533.SZ,2026-06-03 11:15:00,11.85,11.85,11.83,11.83,64600,764817.0
000533.SZ,2026-06-03 11:16:00,11.82,11.83,11.81,11.81,65000,768023.5
000533.SZ,2026-06-03 11:17:00,11.81,11.83,11.8,11.83,154600,1825699.6
000533.SZ,2026-06-03 11:18:00,11.83,11.83,11.81,11.82,51700,610791.0
000533.SZ,2026-06-03 11:19:00,11.82,11.82,11.8,11.81,70900,837201.0
000533.SZ,2026-06-03 11:20:00,11.81,11.81,11.8,11.81,43900,518154.0
000533.SZ,2026-06-03 11:21:00,11.8,11.81,11.8,11.81,61600,727218.0
000533.SZ,2026-06-03 11:22:00,11.81,11.81,11.8,11.8,177765,2097688.8
000533.SZ,2026-06-03 11:23:00,11.8,11.8,11.79,11.79,52787,622536.75
000533.SZ,2026-06-03 11:24:00,11.8,11.8,11.79,11.8,44500,525019.0
000533.SZ,2026-06-03 11:25:00,11.79,11.8,11.79,11.8,43200,509648.0
000533.SZ,2026-06-03 11:26:00,11.8,11.81,11.79,11.81,56300,664263.0
000533.SZ,2026-06-03 11:27:00,11.8,11.81,11.8,11.8,75701,893527.8
000533.SZ,2026-06-03 11:28:00,11.8,11.84,11.8,11.83,110400,1303483.0
000533.SZ,2026-06-03 11:29:00,11.84,11.84,11.83,11.83,31400,371619.0
000533.SZ,2026-06-03 11:30:00,11.83,11.84,11.83,11.84,57400,679239.0
000533.SZ,2026-06-03 13:01:00,11.84,11.84,11.82,11.82,205000,2426125.0
000533.SZ,2026-06-03 13:02:00,11.81,11.82,11.8,11.81,83900,990717.0
000533.SZ,2026-06-03 13:03:00,11.81,11.82,11.81,11.82,45300,535639.0
000533.SZ,2026-06-03 13:04:00,11.82,11.82,11.81,11.81,206600,2441343.0
000533.SZ,2026-06-03 13:05:00,11.83,11.84,11.82,11.83,40300,476645.0
000533.SZ,2026-06-03 13:06:00,11.83,11.84,11.82,11.82,44400,525225.0
000533.SZ,2026-06-03 13:07:00,11.82,11.84,11.82,11.84,53700,635326.0
000533.SZ,2026-06-03 13:08:00,11.83,11.83,11.81,11.81,81600,964561.0
000533.SZ,2026-06-03 13:09:00,11.82,11.82,11.81,11.82,68100,804426.0
000533.SZ,2026-06-03 13:10:00,11.82,11.85,11.81,11.85,206100,2437615.0
000533.SZ,2026-06-03 13:11:00,11.86,11.87,11.85,11.87,70700,838591.0
000533.SZ,2026-06-03 13:12:00,11.86,11.87,11.86,11.87,46800,555403.0
000533.SZ,2026-06-03 13:13:00,11.87,11.87,11.84,11.84,95100,1127693.0
000533.SZ,2026-06-03 13:14:00,11.83,11.83,11.82,11.83,59100,698926.0
000533.SZ,2026-06-03 13:15:00,11.83,11.83,11.82,11.82,78300,925763.0
000533.SZ,2026-06-03 13:16:00,11.83,11.84,11.82,11.83,77700,919030.0
000533.SZ,2026-06-03 13:17:00,11.84,11.85,11.84,11.85,24900,294831.0
000533.SZ,2026-06-03 13:18:00,11.85,11.85,11.84,11.84,70600,835986.0
000533.SZ,2026-06-03 13:19:00,11.84,11.84,11.83,11.84,41700,493619.0
000533.SZ,2026-06-03 13:20:00,11.83,11.84,11.82,11.83,75200,889422.0
000533.SZ,2026-06-03 13:21:00,11.83,11.84,11.83,11.84,75200,889668.0
000533.SZ,2026-06-03 13:22:00,11.83,11.85,11.83,11.85,44700,529138.0
000533.SZ,2026-06-03 13:23:00,11.84,11.85,11.84,11.85,33800,400426.0
000533.SZ,2026-06-03 13:24:00,11.85,11.85,11.83,11.83,114800,1358712.0
000533.SZ,2026-06-03 13:25:00,11.82,11.87,11.82,11.87,134200,1589502.0
000533.SZ,2026-06-03 13:26:00,11.86,11.86,11.85,11.86,58600,694994.0
000533.SZ,2026-06-03 13:27:00,11.86,11.87,11.85,11.86,71300,845674.0
000533.SZ,2026-06-03 13:28:00,11.86,11.87,11.85,11.85,77400,917866.0
000533.SZ,2026-06-03 13:29:00,11.86,11.86,11.84,11.84,67900,804722.0
000533.SZ,2026-06-03 13:30:00,11.84,11.9,11.83,11.9,459800,5451376.0
000533.SZ,2026-06-03 13:31:00,11.86,11.94,11.86,11.94,345500,4120819.0
000533.SZ,2026-06-03 13:32:00,11.93,11.95,11.93,11.94,166200,1984309.0
000533.SZ,2026-06-03 13:33:00,11.94,11.94,11.9,11.9,124500,1484464.0
000533.SZ,2026-06-03 13:34:00,11.89,11.89,11.86,11.87,74600,885837.0
000533.SZ,2026-06-03 13:35:00,11.87,11.89,11.85,11.86,161900,1922592.0
000533.SZ,2026-06-03 13:36:00,11.87,11.88,11.86,11.87,49600,588674.0
000533.SZ,2026-06-03 13:37:00,11.87,11.88,11.85,11.88,86300,1023742.0
000533.SZ,2026-06-03 13:38:00,11.87,11.88,11.86,11.87,37500,445116.0
000533.SZ,2026-06-03 13:39:00,11.87,11.87,11.83,11.85,279600,3313581.0
000533.SZ,2026-06-03 13:40:00,11.85,11.86,11.84,11.85,58000,687145.0
000533.SZ,2026-06-03 13:41:00,11.85,11.86,11.85,11.86,33200,393746.0
000533.SZ,2026-06-03 13:42:00,11.86,11.87,11.85,11.85,71900,852773.0
000533.SZ,2026-06-03 13:43:00,11.85,11.86,11.83,11.83,181400,2148670.0
000533.SZ,2026-06-03 13:44:00,11.83,11.84,11.83,11.84,34400,407161.0
000533.SZ,2026-06-03 13:45:00,11.83,11.85,11.83,11.84,24400,288972.0
000533.SZ,2026-06-03 13:46:00,11.84,11.85,11.84,11.84,38400,454834.0
000533.SZ,2026-06-03 13:47:00,11.85,11.85,11.83,11.84,92100,1090487.0
000533.SZ,2026-06-03 13:48:00,11.84,11.85,11.84,11.85,65500,775764.0
000533.SZ,2026-06-03 13:49:00,11.85,11.86,11.84,11.85,61400,727552.0
000533.SZ,2026-06-03 13:50:00,11.85,11.86,11.85,11.85,51800,614325.0
000533.SZ,2026-06-03 13:51:00,11.85,11.86,11.85,11.85,31700,375785.0
000533.SZ,2026-06-03 13:52:00,11.86,11.87,11.85,11.87,117500,1393589.0
000533.SZ,2026-06-03 13:53:00,11.87,11.88,11.85,11.87,127800,1516165.0
000533.SZ,2026-06-03 13:54:00,11.87,11.88,11.86,11.87,31600,375163.0
000533.SZ,2026-06-03 13:55:00,11.86,11.88,11.86,11.88,94600,1122827.0
000533.SZ,2026-06-03 13:56:00,11.89,11.93,11.88,11.92,191200,2276228.0
000533.SZ,2026-06-03 13:57:00,11.93,12.04,11.93,12.0,876800,10522968.0
000533.SZ,2026-06-03 13:58:00,12.0,12.01,11.93,11.96,252900,3030981.0
000533.SZ,2026-06-03 13:59:00,11.96,11.97,11.94,11.94,190000,2270710.0
000533.SZ,2026-06-03 14:00:00,11.95,11.97,11.94,11.96,107000,1278934.0
000533.SZ,2026-06-03 14:01:00,11.96,11.97,11.95,11.96,210300,2515289.0
000533.SZ,2026-06-03 14:02:00,11.96,11.97,11.95,11.95,140900,1685261.0
000533.SZ,2026-06-03 14:03:00,11.95,11.98,11.93,11.98,234200,2799381.0
000533.SZ,2026-06-03 14:04:00,11.98,12.05,11.98,12.05,310200,3727941.0
000533.SZ,2026-06-03 14:05:00,12.04,12.06,12.04,12.05,342300,4124632.0
000533.SZ,2026-06-03 14:06:00,12.05,12.06,12.0,12.0,195000,2346513.0
000533.SZ,2026-06-03 14:07:00,12.0,12.01,11.97,11.97,148300,1778521.0
000533.SZ,2026-06-03 14:08:00,11.97,11.99,11.97,11.99,74800,896097.0
000533.SZ,2026-06-03 14:09:00,11.98,11.98,11.94,11.94,142400,1703731.0
000533.SZ,2026-06-03 14:10:00,11.94,11.94,11.91,11.91,104700,1248451.0
000533.SZ,2026-06-03 14:11:00,11.91,11.92,11.9,11.91,132800,1581480.0
000533.SZ,2026-06-03 14:12:00,11.91,11.92,11.91,11.91,118500,1411894.0
000533.SZ,2026-06-03 14:13:00,11.9,11.91,11.89,11.9,120400,1432544.0
000533.SZ,2026-06-03 14:14:00,11.9,11.91,11.9,11.9,36800,438035.0
000533.SZ,2026-06-03 14:15:00,11.9,11.91,11.9,11.9,83700,996012.0
000533.SZ,2026-06-03 14:16:00,11.89,11.89,11.88,11.88,125600,1492773.0
000533.SZ,2026-06-03 14:17:00,11.88,11.89,11.86,11.87,158400,1881090.0
000533.SZ,2026-06-03 14:18:00,11.86,11.87,11.86,11.86,97300,1154426.0
000533.SZ,2026-06-03 14:19:00,11.85,11.85,11.84,11.84,184730,2189113.2
000533.SZ,2026-06-03 14:20:00,11.85,11.87,11.85,11.86,92500,1097049.0
000533.SZ,2026-06-03 14:21:00,11.86,11.86,11.84,11.84,94300,1117429.0
000533.SZ,2026-06-03 14:22:00,11.84,11.87,11.84,11.86,188600,2235597.0
000533.SZ,2026-06-03 14:23:00,11.86,11.87,11.86,11.86,93700,1111603.0
000533.SZ,2026-06-03 14:24:00,11.86,11.86,11.85,11.86,70800,839545.0
000533.SZ,2026-06-03 14:25:00,11.86,11.86,11.85,11.86,80600,955569.0
000533.SZ,2026-06-03 14:26:00,11.85,11.86,11.84,11.84,335800,3979350.0
000533.SZ,2026-06-03 14:27:00,11.84,11.86,11.84,11.86,85900,1017755.0
000533.SZ,2026-06-03 14:28:00,11.85,11.86,11.85,11.85,106800,1265885.0
000533.SZ,2026-06-03 14:29:00,11.85,11.85,11.83,11.84,187670,2222223.5
000533.SZ,2026-06-03 14:30:00,11.84,11.84,11.83,11.84,83300,985687.0
000533.SZ,2026-06-03 14:31:00,11.84,11.84,11.8,11.8,393300,4648383.0
000533.SZ,2026-06-03 14:32:00,11.8,11.81,11.8,11.8,542400,6401402.0
000533.SZ,2026-06-03 14:33:00,11.8,11.8,11.76,11.76,375300,4422470.0
000533.SZ,2026-06-03 14:34:00,11.76,11.76,11.73,11.73,498100,5849357.0
000533.SZ,2026-06-03 14:35:00,11.72,11.75,11.7,11.71,500561,5868049.5
000533.SZ,2026-06-03 14:36:00,11.71,11.72,11.71,11.71,508400,5951555.0
000533.SZ,2026-06-03 14:37:00,11.71,11.73,11.71,11.73,227400,2664699.0
000533.SZ,2026-06-03 14:38:00,11.71,11.72,11.7,11.72,478000,5597754.0
000533.SZ,2026-06-03 14:39:00,11.72,11.73,11.71,11.72,140000,1641444.0
000533.SZ,2026-06-03 14:40:00,11.73,11.75,11.73,11.75,201500,2364426.0
000533.SZ,2026-06-03 14:41:00,11.75,11.77,11.75,11.76,222800,2618381.0
000533.SZ,2026-06-03 14:42:00,11.77,11.78,11.76,11.77,258500,3043179.0
000533.SZ,2026-06-03 14:43:00,11.77,11.79,11.77,11.79,100000,1178084.0
000533.SZ,2026-06-03 14:44:00,11.79,11.8,11.78,11.78,138200,1629006.0
000533.SZ,2026-06-03 14:45:00,11.78,11.78,11.77,11.77,191700,2257218.0
000533.SZ,2026-06-03 14:46:00,11.76,11.78,11.76,11.77,151600,1784391.0
000533.SZ,2026-06-03 14:47:00,11.77,11.8,11.77,11.8,111800,1317185.0
000533.SZ,2026-06-03 14:48:00,11.8,11.8,11.79,11.8,98700,1164515.0
000533.SZ,2026-06-03 14:49:00,11.8,11.82,11.8,11.82,62600,739014.0
000533.SZ,2026-06-03 14:50:00,11.81,11.81,11.8,11.81,219600,2593348.0
000533.SZ,2026-06-03 14:51:00,11.8,11.81,11.8,11.81,100100,1181857.0
000533.SZ,2026-06-03 14:52:00,11.81,11.81,11.8,11.81,192600,2274009.0
000533.SZ,2026-06-03 14:53:00,11.81,11.82,11.8,11.82,119100,1406494.0
000533.SZ,2026-06-03 14:54:00,11.82,11.83,11.81,11.83,190400,2250844.0
000533.SZ,2026-06-03 14:55:00,11.83,11.83,11.81,11.82,265500,3138746.0
000533.SZ,2026-06-03 14:56:00,11.81,11.83,11.81,11.82,389500,4603358.0
000533.SZ,2026-06-03 14:57:00,11.82,11.83,11.82,11.83,351922,4161118.0
000533.SZ,2026-06-03 14:58:00,11.83,11.83,11.83,11.83,0,0.0
000533.SZ,2026-06-03 14:59:00,11.83,11.83,11.83,11.83,0,0.0
000533.SZ,2026-06-03 15:00:00,11.82,11.82,11.82,11.82,417500,4934850.0
000533.SZ,2026-06-04 09:30:00,11.66,11.7,11.62,11.66,244700,2853339.0
000533.SZ,2026-06-04 09:31:00,11.65,11.65,11.51,11.6,949900,10995722.0
000533.SZ,2026-06-04 09:32:00,11.62,11.82,11.62,11.76,463400,5435331.0
000533.SZ,2026-06-04 09:33:00,11.75,11.75,11.69,11.71,359200,4210162.0
000533.SZ,2026-06-04 09:34:00,11.71,11.74,11.71,11.73,153200,1796673.0
000533.SZ,2026-06-04 09:35:00,11.72,11.74,11.69,11.69,160300,1878647.0
000533.SZ,2026-06-04 09:36:00,11.68,11.68,11.64,11.66,298300,3475168.0
000533.SZ,2026-06-04 09:37:00,11.66,11.73,11.66,11.72,204922,2397523.2
000533.SZ,2026-06-04 09:38:00,11.71,11.72,11.65,11.66,249000,2907789.0
000533.SZ,2026-06-04 09:39:00,11.66,11.72,11.66,11.7,252800,2952440.0
000533.SZ,2026-06-04 09:40:00,11.72,11.72,11.67,11.67,213300,2492467.0
000533.SZ,2026-06-04 09:41:00,11.67,11.72,11.67,11.71,160800,1881939.0
000533.SZ,2026-06-04 09:42:00,11.71,11.72,11.69,11.7,92100,1078096.0
000533.SZ,2026-06-04 09:43:00,11.7,11.71,11.67,11.68,191500,2239109.0
000533.SZ,2026-06-04 09:44:00,11.67,11.68,11.65,11.67,228500,2665043.0
000533.SZ,2026-06-04 09:45:00,11.65,11.75,11.65,11.73,381100,4449733.0
000533.SZ,2026-06-04 09:46:00,11.74,11.78,11.74,11.74,166600,1959488.0
000533.SZ,2026-06-04 09:47:00,11.74,11.74,11.72,11.73,110300,1293787.0
000533.SZ,2026-06-04 09:48:00,11.71,11.73,11.69,11.7,124700,1459822.0
000533.SZ,2026-06-04 09:49:00,11.71,11.74,11.71,11.73,99500,1166378.0
000533.SZ,2026-06-04 09:50:00,11.73,11.74,11.7,11.7,149900,1757236.0
000533.SZ,2026-06-04 09:51:00,11.7,11.7,11.67,11.67,100300,1172092.0
000533.SZ,2026-06-04 09:52:00,11.68,11.68,11.65,11.65,232300,2708208.0
000533.SZ,2026-06-04 09:53:00,11.65,11.65,11.58,11.58,633600,7356908.0
000533.SZ,2026-06-04 09:54:00,11.57,11.62,11.56,11.62,398600,4615967.0
000533.SZ,2026-06-04 09:55:00,11.61,11.62,11.58,11.58,257000,2982324.0
000533.SZ,2026-06-04 09:56:00,11.59,11.6,11.58,11.6,128700,1492068.0
000533.SZ,2026-06-04 09:57:00,11.61,11.61,11.6,11.61,128400,1490253.0
000533.SZ,2026-06-04 09:58:00,11.62,11.63,11.6,11.61,205800,2391147.0
000533.SZ,2026-06-04 09:59:00,11.61,11.62,11.61,11.61,145700,1691307.0
000533.SZ,2026-06-04 10:00:00,11.62,11.66,11.62,11.65,156300,1820790.0
000533.SZ,2026-06-04 10:01:00,11.65,11.65,11.64,11.65,104100,1212463.0
000533.SZ,2026-06-04 10:02:00,11.64,11.64,11.6,11.6,133300,1547897.0
000533.SZ,2026-06-04 10:03:00,11.61,11.62,11.6,11.61,131200,1522834.0
000533.SZ,2026-06-04 10:04:00,11.61,11.64,11.6,11.63,103300,1200557.0
000533.SZ,2026-06-04 10:05:00,11.63,11.63,11.6,11.61,119100,1383186.0
000533.SZ,2026-06-04 10:06:00,11.61,11.62,11.6,11.61,114800,1332277.0
000533.SZ,2026-06-04 10:07:00,11.6,11.61,11.59,11.59,223900,2597430.0
000533.SZ,2026-06-04 10:08:00,11.59,11.61,11.59,11.6,165700,1921647.0
000533.SZ,2026-06-04 10:09:00,11.61,11.62,11.59,11.62,138600,1609022.0
000533.SZ,2026-06-04 10:10:00,11.62,11.64,11.61,11.61,86300,1003573.0
000533.SZ,2026-06-04 10:11:00,11.61,11.61,11.59,11.59,96300,1117176.0
000533.SZ,2026-06-04 10:12:00,11.59,11.6,11.59,11.59,188900,2189701.0
000533.SZ,2026-06-04 10:13:00,11.6,11.6,11.55,11.55,422100,4881931.0
000533.SZ,2026-06-04 10:14:00,11.54,11.56,11.54,11.56,233096,2691839.8
000533.SZ,2026-06-04 10:15:00,11.55,11.56,11.54,11.54,253304,2924789.2
000533.SZ,2026-06-04 10:16:00,11.53,11.54,11.5,11.51,517400,5957937.0
000533.SZ,2026-06-04 10:17:00,11.5,11.51,11.5,11.51,351496,4043307.0
000533.SZ,2026-06-04 10:18:00,11.51,11.52,11.51,11.52,334600,3852685.0
000533.SZ,2026-06-04 10:19:00,11.52,11.52,11.51,11.51,134600,1549870.0
000533.SZ,2026-06-04 10:20:00,11.51,11.51,11.5,11.51,225900,2599139.0
000533.SZ,2026-06-04 10:21:00,11.51,11.53,11.51,11.52,316900,3649522.0
000533.SZ,2026-06-04 10:22:00,11.52,11.52,11.49,11.49,635400,7310213.0
000533.SZ,2026-06-04 10:23:00,11.5,11.5,11.44,11.44,486500,5576782.0
000533.SZ,2026-06-04 10:24:00,11.45,11.47,11.45,11.47,298600,3421123.0
000533.SZ,2026-06-04 10:25:00,11.48,11.48,11.46,11.46,130800,1500179.0
000533.SZ,2026-06-04 10:26:00,11.46,11.48,11.45,11.48,286100,3278620.0
000533.SZ,2026-06-04 10:27:00,11.48,11.49,11.47,11.49,91400,1049518.0
000533.SZ,2026-06-04 10:28:00,11.48,11.49,11.47,11.48,102600,1177775.0
000533.SZ,2026-06-04 10:29:00,11.48,11.52,11.48,11.5,378700,4352129.0
000533.SZ,2026-06-04 10:30:00,11.5,11.5,11.49,11.49,84100,966320.0
000533.SZ,2026-06-04 10:31:00,11.49,11.5,11.48,11.49,173700,1996204.0
000533.SZ,2026-06-04 10:32:00,11.49,11.49,11.48,11.48,105000,1205604.0
000533.SZ,2026-06-04 10:33:00,11.48,11.49,11.47,11.48,176200,2022152.0
000533.SZ,2026-06-04 10:34:00,11.48,11.48,11.47,11.48,210900,2420433.0
000533.SZ,2026-06-04 10:35:00,11.48,11.48,11.46,11.47,88200,1011411.0
000533.SZ,2026-06-04 10:36:00,11.46,11.47,11.46,11.46,177100,2029984.0
000533.SZ,2026-06-04 10:37:00,11.46,11.47,11.45,11.46,97700,1119417.0
000533.SZ,2026-06-04 10:38:00,11.45,11.47,11.45,11.46,139100,1594153.0
000533.SZ,2026-06-04 10:39:00,11.46,11.47,11.45,11.45,82400,944339.0
000533.SZ,2026-06-04 10:40:00,11.46,11.46,11.42,11.43,390100,4464617.0
000533.SZ,2026-06-04 10:41:00,11.43,11.46,11.43,11.44,240596,2753159.2
000533.SZ,2026-06-04 10:42:00,11.45,11.46,11.44,11.46,33500,383558.0
000533.SZ,2026-06-04 10:43:00,11.46,11.47,11.46,11.47,49300,565148.0
000533.SZ,2026-06-04 10:44:00,11.47,11.47,11.46,11.46,46400,531916.0
000533.SZ,2026-06-04 10:45:00,11.47,11.48,11.46,11.47,41300,473733.0
000533.SZ,2026-06-04 10:46:00,11.46,11.47,11.46,11.47,40400,463063.0
000533.SZ,2026-06-04 10:47:00,11.47,11.47,11.45,11.46,61200,701476.0
000533.SZ,2026-06-04 10:48:00,11.47,11.48,11.46,11.48,132400,1518448.0
000533.SZ,2026-06-04 10:49:00,11.47,11.48,11.47,11.48,25100,287949.0
000533.SZ,2026-06-04 10:50:00,11.47,11.48,11.46,11.47,57300,657181.0
000533.SZ,2026-06-04 10:51:00,11.46,11.47,11.45,11.46,77600,889302.0
000533.SZ,2026-06-04 10:52:00,11.46,11.46,11.42,11.42,414900,4745394.0
000533.SZ,2026-06-04 10:53:00,11.42,11.42,11.41,11.41,136400,1557337.0
000533.SZ,2026-06-04 10:54:00,11.41,11.41,11.4,11.4,222000,2532545.0
000533.SZ,2026-06-04 10:55:00,11.41,11.42,11.4,11.42,221800,2530115.0
000533.SZ,2026-06-04 10:56:00,11.42,11.43,11.42,11.42,107800,1231264.0
000533.SZ,2026-06-04 10:57:00,11.42,11.43,11.41,11.41,85600,977444.0
000533.SZ,2026-06-04 10:58:00,11.42,11.43,11.41,11.42,52600,600672.0
000533.SZ,2026-06-04 10:59:00,11.43,11.43,11.41,11.41,81900,934756.0
000533.SZ,2026-06-04 11:00:00,11.41,11.45,11.41,11.44,196200,2241664.0
000533.SZ,2026-06-04 11:01:00,11.43,11.45,11.43,11.43,34100,389978.0
000533.SZ,2026-06-04 11:02:00,11.45,11.45,11.43,11.44,33000,377312.0
000533.SZ,2026-06-04 11:03:00,11.43,11.44,11.43,11.44,52800,603810.0
000533.SZ,2026-06-04 11:04:00,11.44,11.44,11.42,11.44,109700,1253889.0
000533.SZ,2026-06-04 11:05:00,11.43,11.47,11.43,11.46,75400,863007.0
000533.SZ,2026-06-04 11:06:00,11.47,11.48,11.46,11.47,46500,533295.0
000533.SZ,2026-06-04 11:07:00,11.47,11.47,11.46,11.46,53400,612305.0
000533.SZ,2026-06-04 11:08:00,11.47,11.47,11.44,11.44,181200,2074202.0
000533.SZ,2026-06-04 11:09:00,11.45,11.46,11.45,11.46,46100,528051.0
000533.SZ,2026-06-04 11:10:00,11.46,11.46,11.45,11.45,49500,567072.0
000533.SZ,2026-06-04 11:11:00,11.45,11.45,11.43,11.44,56000,640810.0
000533.SZ,2026-06-04 11:12:00,11.44,11.45,11.43,11.43,43900,501877.0
000533.SZ,2026-06-04 11:13:00,11.43,11.43,11.42,11.43,115700,1321585.0
000533.SZ,2026-06-04 11:14:00,11.43,11.46,11.42,11.45,202030,2312428.0
000533.SZ,2026-06-04 11:15:00,11.45,11.45,11.43,11.44,72500,829162.0
000533.SZ,2026-06-04 11:16:00,11.44,11.45,11.44,11.45,53300,610270.0
000533.SZ,2026-06-04 11:17:00,11.46,11.46,11.45,11.46,16200,185587.0
000533.SZ,2026-06-04 11:18:00,11.46,11.46,11.45,11.45,40300,461450.0
000533.SZ,2026-06-04 11:19:00,11.44,11.44,11.43,11.43,91200,1042576.0
000533.SZ,2026-06-04 11:20:00,11.42,11.43,11.42,11.43,56000,639754.0
000533.SZ,2026-06-04 11:21:00,11.42,11.42,11.41,11.42,140300,1601686.0
000533.SZ,2026-06-04 11:22:00,11.42,11.43,11.42,11.42,38500,439654.0
000533.SZ,2026-06-04 11:23:00,11.41,11.43,11.41,11.41,45300,517440.0
000533.SZ,2026-06-04 11:24:00,11.41,11.42,11.41,11.41,72200,824048.0
000533.SZ,2026-06-04 11:25:00,11.41,11.42,11.41,11.42,40200,458918.0
000533.SZ,2026-06-04 11:26:00,11.42,11.42,11.41,11.42,65500,747514.0
000533.SZ,2026-06-04 11:27:00,11.42,11.42,11.41,11.41,24100,275177.0
000533.SZ,2026-06-04 11:28:00,11.42,11.43,11.41,11.43,66500,759787.0
000533.SZ,2026-06-04 11:29:00,11.43,11.45,11.43,11.44,36200,413866.0
000533.SZ,2026-06-04 11:30:00,11.44,11.45,11.44,11.45,29400,336292.0
000533.SZ,2026-06-04 13:01:00,11.45,11.46,11.44,11.45,258800,2963166.0
000533.SZ,2026-06-04 13:02:00,11.45,11.45,11.43,11.44,35900,410913.0
000533.SZ,2026-06-04 13:03:00,11.44,11.44,11.43,11.44,49000,560230.0
000533.SZ,2026-06-04 13:04:00,11.43,11.44,11.42,11.42,42300,483584.0
000533.SZ,2026-06-04 13:05:00,11.42,11.43,11.42,11.42,86700,990561.0
000533.SZ,2026-06-04 13:06:00,11.42,11.43,11.41,11.41,156600,1788223.0
000533.SZ,2026-06-04 13:07:00,11.41,11.43,11.41,11.42,105303,1202545.2
000533.SZ,2026-06-04 13:08:00,11.42,11.43,11.42,11.43,58800,671824.0
000533.SZ,2026-06-04 13:09:00,11.43,11.44,11.41,11.41,128500,1467422.0
000533.SZ,2026-06-04 13:10:00,11.41,11.41,11.36,11.37,779397,8880152.0
000533.SZ,2026-06-04 13:11:00,11.37,11.41,11.36,11.41,148200,1688010.0
000533.SZ,2026-06-04 13:12:00,11.41,11.44,11.4,11.43,204300,2334214.0
000533.SZ,2026-06-04 13:13:00,11.42,11.47,11.42,11.46,194000,2220148.0
000533.SZ,2026-06-04 13:14:00,11.46,11.47,11.4,11.45,81100,928888.0
000533.SZ,2026-06-04 13:15:00,11.44,11.46,11.44,11.44,40900,468278.0
000533.SZ,2026-06-04 13:16:00,11.44,11.45,11.44,11.44,35600,407450.0
000533.SZ,2026-06-04 13:17:00,11.44,11.44,11.43,11.43,93300,1066959.0
000533.SZ,2026-06-04 13:18:00,11.45,11.45,11.43,11.44,35700,408685.0
000533.SZ,2026-06-04 13:19:00,11.44,11.45,11.44,11.44,64900,742926.0
000533.SZ,2026-06-04 13:20:00,11.44,11.45,11.44,11.44,34700,397043.0
000533.SZ,2026-06-04 13:21:00,11.44,11.45,11.44,11.45,58700,671825.0
000533.SZ,2026-06-04 13:22:00,11.45,11.45,11.44,11.45,41200,471558.0
000533.SZ,2026-06-04 13:23:00,11.45,11.46,11.43,11.45,96800,1108264.0
000533.SZ,2026-06-04 13:24:00,11.43,11.44,11.43,11.43,46500,531569.0
000533.SZ,2026-06-04 13:25:00,11.42,11.44,11.42,11.44,120929,1382892.5
000533.SZ,2026-06-04 13:26:00,11.44,11.45,11.43,11.44,27000,308956.0
000533.SZ,2026-06-04 13:27:00,11.44,11.44,11.43,11.43,23500,268662.0
000533.SZ,2026-06-04 13:28:00,11.44,11.45,11.43,11.44,70300,803830.0
000533.SZ,2026-06-04 13:29:00,11.44,11.44,11.43,11.43,9000,102945.0
000533.SZ,2026-06-04 13:30:00,11.43,11.44,11.43,11.44,55400,633379.0
000533.SZ,2026-06-04 13:31:00,11.44,11.44,11.42,11.42,53100,606759.0
000533.SZ,2026-06-04 13:32:00,11.42,11.43,11.42,11.42,39200,447789.0
000533.SZ,2026-06-04 13:33:00,11.42,11.44,11.42,11.43,62700,716689.0
000533.SZ,2026-06-04 13:34:00,11.43,11.44,11.42,11.42,69700,796612.0
000533.SZ,2026-06-04 13:35:00,11.42,11.44,11.41,11.42,224000,2559443.0
000533.SZ,2026-06-04 13:36:00,11.43,11.43,11.42,11.43,34400,392944.0
000533.SZ,2026-06-04 13:37:00,11.42,11.43,11.41,11.42,54000,616392.0
000533.SZ,2026-06-04 13:38:00,11.42,11.42,11.41,11.41,95900,1094281.0
000533.SZ,2026-06-04 13:39:00,11.42,11.43,11.41,11.43,91000,1038983.0
000533.SZ,2026-06-04 13:40:00,11.42,11.43,11.41,11.42,31900,364318.0
000533.SZ,2026-06-04 13:41:00,11.42,11.42,11.41,11.41,52200,595606.0
000533.SZ,2026-06-04 13:42:00,11.41,11.43,11.41,11.43,114200,1304351.0
000533.SZ,2026-06-04 13:43:00,11.42,11.44,11.42,11.44,62900,718952.0
000533.SZ,2026-06-04 13:44:00,11.43,11.44,11.42,11.42,77800,889179.0
000533.SZ,2026-06-04 13:45:00,11.42,11.44,11.42,11.44,21800,249106.0
000533.SZ,2026-06-04 13:46:00,11.44,11.46,11.44,11.46,153900,1762113.0
000533.SZ,2026-06-04 13:47:00,11.47,11.47,11.46,11.46,66200,758989.0
000533.SZ,2026-06-04 13:48:00,11.46,11.46,11.45,11.45,45700,523371.0
000533.SZ,2026-06-04 13:49:00,11.44,11.44,11.43,11.43,12800,146367.0
000533.SZ,2026-06-04 13:50:00,11.43,11.44,11.43,11.44,41900,478958.0
000533.SZ,2026-06-04 13:51:00,11.44,11.44,11.43,11.43,12200,139480.0
000533.SZ,2026-06-04 13:52:00,11.43,11.44,11.43,11.43,33100,378383.0
000533.SZ,2026-06-04 13:53:00,11.45,11.45,11.45,11.45,142100,1626133.0
000533.SZ,2026-06-04 13:54:00,11.45,11.45,11.43,11.44,44800,512328.0
000533.SZ,2026-06-04 13:55:00,11.44,11.44,11.43,11.43,51000,582941.0
000533.SZ,2026-06-04 13:56:00,11.44,11.44,11.43,11.44,76200,871028.0
000533.SZ,2026-06-04 13:57:00,11.43,11.44,11.42,11.42,75700,864685.0
000533.SZ,2026-06-04 13:58:00,11.43,11.43,11.41,11.41,54200,618505.0
000533.SZ,2026-06-04 13:59:00,11.42,11.42,11.41,11.41,67100,765637.0
000533.SZ,2026-06-04 14:00:00,11.42,11.42,11.41,11.41,108700,1240547.0
000533.SZ,2026-06-04 14:01:00,11.42,11.44,11.41,11.43,105600,1206229.0
000533.SZ,2026-06-04 14:02:00,11.43,11.45,11.43,11.44,40400,462206.0
000533.SZ,2026-06-04 14:03:00,11.45,11.52,11.45,11.52,350200,4022121.0
000533.SZ,2026-06-04 14:04:00,11.53,11.63,11.53,11.58,711700,8247277.0
000533.SZ,2026-06-04 14:05:00,11.58,11.62,11.56,11.61,425800,4938295.0
000533.SZ,2026-06-04 14:06:00,11.61,11.61,11.57,11.57,145100,1682101.0
000533.SZ,2026-06-04 14:07:00,11.56,11.58,11.56,11.58,128000,1481666.0
000533.SZ,2026-06-04 14:08:00,11.58,11.58,11.54,11.54,50500,583926.0
000533.SZ,2026-06-04 14:09:00,11.54,11.55,11.53,11.55,76800,886149.0
000533.SZ,2026-06-04 14:10:00,11.56,11.58,11.55,11.58,109500,1266774.0
000533.SZ,2026-06-04 14:11:00,11.56,11.58,11.56,11.57,44500,514844.0
000533.SZ,2026-06-04 14:12:00,11.57,11.57,11.56,11.56,118400,1369374.0
000533.SZ,2026-06-04 14:13:00,11.56,11.56,11.54,11.54,34700,400761.0
000533.SZ,2026-06-04 14:14:00,11.55,11.55,11.54,11.54,80100,924686.0
000533.SZ,2026-06-04 14:15:00,11.55,11.57,11.54,11.56,166200,1919537.0
000533.SZ,2026-06-04 14:16:00,11.57,11.57,11.55,11.56,21300,246319.0
000533.SZ,2026-06-04 14:17:00,11.55,11.55,11.53,11.53,131300,1515123.0
000533.SZ,2026-06-04 14:18:00,11.53,11.54,11.53,11.54,38600,445265.0
000533.SZ,2026-06-04 14:19:00,11.54,11.57,11.54,11.55,120500,1392564.0
000533.SZ,2026-06-04 14:20:00,11.54,11.55,11.53,11.53,42600,491694.0
000533.SZ,2026-06-04 14:21:00,11.53,11.54,11.52,11.52,56100,646781.0
000533.SZ,2026-06-04 14:22:00,11.53,11.53,11.5,11.5,69200,796422.0
000533.SZ,2026-06-04 14:23:00,11.5,11.5,11.47,11.47,59600,684753.0
000533.SZ,2026-06-04 14:24:00,11.47,11.48,11.47,11.47,72800,835133.0
000533.SZ,2026-06-04 14:25:00,11.46,11.47,11.45,11.46,75600,866465.0
000533.SZ,2026-06-04 14:26:00,11.46,11.47,11.46,11.46,211300,2424604.0
000533.SZ,2026-06-04 14:27:00,11.47,11.49,11.47,11.48,50200,576223.0
000533.SZ,2026-06-04 14:28:00,11.48,11.51,11.48,11.51,44900,515908.0
000533.SZ,2026-06-04 14:29:00,11.51,11.52,11.5,11.52,113000,1300799.0
000533.SZ,2026-06-04 14:30:00,11.52,11.55,11.5,11.51,206000,2377302.0
000533.SZ,2026-06-04 14:31:00,11.54,11.58,11.53,11.55,240400,2781141.0
000533.SZ,2026-06-04 14:32:00,11.55,11.55,11.53,11.54,194000,2238211.0
000533.SZ,2026-06-04 14:33:00,11.54,11.56,11.54,11.55,108400,1252619.0
000533.SZ,2026-06-04 14:34:00,11.55,11.57,11.54,11.56,171300,1980318.2
000533.SZ,2026-06-04 14:35:00,11.56,11.58,11.56,11.57,179379,2075855.2
000533.SZ,2026-06-04 14:36:00,11.58,11.58,11.56,11.56,95900,1109912.0
000533.SZ,2026-06-04 14:37:00,11.56,11.56,11.55,11.55,56600,653868.0
000533.SZ,2026-06-04 14:38:00,11.54,11.54,11.52,11.52,96600,1113670.0
000533.SZ,2026-06-04 14:39:00,11.54,11.55,11.54,11.54,144700,1669412.0
000533.SZ,2026-06-04 14:40:00,11.54,11.55,11.54,11.54,38100,439863.0
000533.SZ,2026-06-04 14:41:00,11.55,11.56,11.55,11.55,84800,979653.0
000533.SZ,2026-06-04 14:42:00,11.55,11.56,11.55,11.55,42600,492073.0
000533.SZ,2026-06-04 14:43:00,11.56,11.56,11.54,11.55,79900,922745.0
000533.SZ,2026-06-04 14:44:00,11.54,11.54,11.53,11.53,114000,1315176.0
000533.SZ,2026-06-04 14:45:00,11.53,11.55,11.52,11.54,158100,1823281.0
000533.SZ,2026-06-04 14:46:00,11.55,11.56,11.54,11.55,132100,1525775.0
000533.SZ,2026-06-04 14:47:00,11.55,11.55,11.54,11.54,81300,938773.0
000533.SZ,2026-06-04 14:48:00,11.54,11.55,11.54,11.54,61800,713565.0
000533.SZ,2026-06-04 14:49:00,11.55,11.56,11.55,11.55,123733,1429219.1
000533.SZ,2026-06-04 14:50:00,11.55,11.57,11.55,11.56,160300,1852928.0
000533.SZ,2026-06-04 14:51:00,11.56,11.56,11.55,11.56,98700,1140630.0
000533.SZ,2026-06-04 14:52:00,11.56,11.57,11.56,11.57,133600,1545228.0
000533.SZ,2026-06-04 14:53:00,11.57,11.57,11.56,11.57,173800,2010534.0
000533.SZ,2026-06-04 14:54:00,11.57,11.58,11.56,11.58,149000,1724079.0
000533.SZ,2026-06-04 14:55:00,11.56,11.57,11.56,11.57,215700,2495361.0
000533.SZ,2026-06-04 14:56:00,11.57,11.58,11.56,11.57,313900,3631830.0
000533.SZ,2026-06-04 14:57:00,11.57,11.58,11.56,11.56,261500,3025563.0
000533.SZ,2026-06-04 14:58:00,11.56,11.56,11.56,11.56,0,0.0
000533.SZ,2026-06-04 14:59:00,11.56,11.56,11.56,11.56,0,0.0
000533.SZ,2026-06-04 15:00:00,11.56,11.56,11.56,11.56,626800,7245808.0
000533.SZ,2026-06-05 09:30:00,11.58,11.58,11.55,11.58,125800,1456542.0
000533.SZ,2026-06-05 09:31:00,11.56,11.59,11.49,11.53,472100,5442081.0
000533.SZ,2026-06-05 09:32:00,11.53,11.67,11.53,11.66,386400,4481071.0
000533.SZ,2026-06-05 09:33:00,11.63,11.64,11.59,11.63,345300,4012952.0
000533.SZ,2026-06-05 09:34:00,11.6,11.61,11.54,11.57,290900,3370547.0
000533.SZ,2026-06-05 09:35:00,11.56,11.64,11.56,11.62,300900,3493537.0
000533.SZ,2026-06-05 09:36:00,11.61,11.61,11.48,11.5,468500,5404995.0
000533.SZ,2026-06-05 09:37:00,11.51,11.51,11.42,11.45,383700,4401068.0
000533.SZ,2026-06-05 09:38:00,11.45,11.45,11.36,11.38,452100,5156626.0
000533.SZ,2026-06-05 09:39:00,11.39,11.42,11.35,11.36,499800,5690343.0
000533.SZ,2026-06-05 09:40:00,11.36,11.38,11.31,11.35,728700,8259581.0
000533.SZ,2026-06-05 09:41:00,11.38,11.38,11.26,11.28,582200,6585406.0
000533.SZ,2026-06-05 09:42:00,11.28,11.34,11.28,11.29,230300,2603929.0
000533.SZ,2026-06-05 09:43:00,11.28,11.28,11.25,11.27,357300,4027226.0
000533.SZ,2026-06-05 09:44:00,11.28,11.28,11.24,11.25,361900,4072754.0
000533.SZ,2026-06-05 09:45:00,11.28,11.31,11.28,11.3,280400,3167007.0
000533.SZ,2026-06-05 09:46:00,11.29,11.3,11.25,11.26,297900,3356429.0
000533.SZ,2026-06-05 09:47:00,11.26,11.27,11.25,11.27,280100,3154333.0
000533.SZ,2026-06-05 09:48:00,11.29,11.3,11.28,11.29,157200,1774907.0
000533.SZ,2026-06-05 09:49:00,11.29,11.35,11.29,11.33,229300,2594683.0
000533.SZ,2026-06-05 09:50:00,11.33,11.33,11.29,11.29,135900,1536043.0
000533.SZ,2026-06-05 09:51:00,11.29,11.29,11.25,11.26,251800,2837210.0
000533.SZ,2026-06-05 09:52:00,11.25,11.27,11.25,11.26,214900,2419613.0
000533.SZ,2026-06-05 09:53:00,11.27,11.28,11.26,11.27,133700,1506177.0
000533.SZ,2026-06-05 09:54:00,11.27,11.35,11.27,11.35,121200,1371453.0
000533.SZ,2026-06-05 09:55:00,11.35,11.4,11.35,11.38,105400,1199183.0
000533.SZ,2026-06-05 09:56:00,11.38,11.39,11.32,11.32,71700,813657.0
000533.SZ,2026-06-05 09:57:00,11.32,11.37,11.32,11.32,173600,1969805.0
000533.SZ,2026-06-05 09:58:00,11.33,11.33,11.3,11.31,75600,855451.0
000533.SZ,2026-06-05 09:59:00,11.3,11.31,11.29,11.29,90800,1025879.0
000533.SZ,2026-06-05 10:00:00,11.29,11.3,11.27,11.29,91200,1029057.0
000533.SZ,2026-06-05 10:01:00,11.28,11.28,11.26,11.28,206200,2324219.0
000533.SZ,2026-06-05 10:02:00,11.27,11.3,11.27,11.3,144700,1634367.0
000533.SZ,2026-06-05 10:03:00,11.3,11.34,11.3,11.34,237800,2693974.0
000533.SZ,2026-06-05 10:04:00,11.33,11.36,11.33,11.34,126700,1436672.0
000533.SZ,2026-06-05 10:05:00,11.34,11.34,11.33,11.34,47800,541987.0
000533.SZ,2026-06-05 10:06:00,11.36,11.4,11.36,11.4,312400,3553005.0
000533.SZ,2026-06-05 10:07:00,11.39,11.4,11.37,11.38,103800,1181874.0
000533.SZ,2026-06-05 10:08:00,11.38,11.38,11.35,11.35,83000,943554.0
000533.SZ,2026-06-05 10:09:00,11.36,11.38,11.35,11.38,86100,978553.0
000533.SZ,2026-06-05 10:10:00,11.38,11.4,11.37,11.39,167400,1906813.0
000533.SZ,2026-06-05 10:11:00,11.4,11.4,11.37,11.38,58100,661308.0
000533.SZ,2026-06-05 10:12:00,11.37,11.39,11.37,11.37,57500,654195.0
000533.SZ,2026-06-05 10:13:00,11.37,11.39,11.35,11.38,111300,1265554.0
000533.SZ,2026-06-05 10:14:00,11.38,11.39,11.37,11.39,53800,612020.0
000533.SZ,2026-06-05 10:15:00,11.37,11.41,11.37,11.4,90216,1027666.06
000533.SZ,2026-06-05 10:16:00,11.41,11.42,11.41,11.41,62800,716751.0
000533.SZ,2026-06-05 10:17:00,11.42,11.43,11.41,11.43,105000,1199186.0
000533.SZ,2026-06-05 10:18:00,11.43,11.43,11.4,11.41,114100,1301784.0
000533.SZ,2026-06-05 10:19:00,11.41,11.41,11.37,11.38,107200,1221494.0
000533.SZ,2026-06-05 10:20:00,11.38,11.39,11.37,11.39,228100,2596314.0
000533.SZ,2026-06-05 10:21:00,11.39,11.42,11.38,11.42,95100,1084539.0
000533.SZ,2026-06-05 10:22:00,11.42,11.42,11.4,11.41,80500,918692.0
000533.SZ,2026-06-05 10:23:00,11.42,11.42,11.41,11.41,51500,587675.0
000533.SZ,2026-06-05 10:24:00,11.4,11.41,11.39,11.39,74900,854009.0
000533.SZ,2026-06-05 10:25:00,11.39,11.4,11.38,11.38,109500,1247296.0
000533.SZ,2026-06-05 10:26:00,11.39,11.41,11.39,11.41,125400,1430328.0
000533.SZ,2026-06-05 10:27:00,11.41,11.41,11.4,11.4,29900,340975.0
000533.SZ,2026-06-05 10:28:00,11.4,11.4,11.38,11.38,85700,975919.0
000533.SZ,2026-06-05 10:29:00,11.38,11.39,11.37,11.38,42700,486134.0
000533.SZ,2026-06-05 10:30:00,11.38,11.39,11.38,11.38,24500,278837.0
000533.SZ,2026-06-05 10:31:00,11.38,11.39,11.36,11.37,69500,790373.0
000533.SZ,2026-06-05 10:32:00,11.36,11.37,11.36,11.36,71000,806642.0
000533.SZ,2026-06-05 10:33:00,11.36,11.36,11.34,11.35,231000,2619730.0
000533.SZ,2026-06-05 10:34:00,11.35,11.37,11.35,11.35,78344,889527.4
000533.SZ,2026-06-05 10:35:00,11.37,11.37,11.36,11.37,23300,264802.0
000533.SZ,2026-06-05 10:36:00,11.37,11.37,11.34,11.34,100756,1143986.6
000533.SZ,2026-06-05 10:37:00,11.34,11.34,11.32,11.34,87644,992762.5
000533.SZ,2026-06-05 10:38:00,11.33,11.36,11.33,11.36,144900,1644318.0
000533.SZ,2026-06-05 10:39:00,11.37,11.4,11.35,11.39,149900,1705610.0
000533.SZ,2026-06-05 10:40:00,11.39,11.41,11.39,11.39,157000,1789318.0
000533.SZ,2026-06-05 10:41:00,11.4,11.4,11.39,11.39,31400,357827.0
000533.SZ,2026-06-05 10:42:00,11.39,11.4,11.39,11.4,129300,1473421.0
000533.SZ,2026-06-05 10:43:00,11.4,11.41,11.4,11.41,43000,490536.0
000533.SZ,2026-06-05 10:44:00,11.4,11.47,11.4,11.46,308000,3523448.0
000533.SZ,2026-06-05 10:45:00,11.48,11.48,11.46,11.47,77200,885612.0
000533.SZ,2026-06-05 10:46:00,11.48,11.48,11.45,11.46,48200,552668.0
000533.SZ,2026-06-05 10:47:00,11.47,11.5,11.47,11.5,181400,2083172.0
000533.SZ,2026-06-05 10:48:00,11.49,11.51,11.49,11.5,75200,864714.0
000533.SZ,2026-06-05 10:49:00,11.5,11.53,11.5,11.52,141900,1633901.0
000533.SZ,2026-06-05 10:50:00,11.52,11.52,11.47,11.48,89200,1025539.0
000533.SZ,2026-06-05 10:51:00,11.48,11.5,11.48,11.49,93900,1078938.0
000533.SZ,2026-06-05 10:52:00,11.49,11.5,11.49,11.49,32700,375924.0
000533.SZ,2026-06-05 10:53:00,11.49,11.51,11.48,11.51,117900,1355119.0
000533.SZ,2026-06-05 10:54:00,11.5,11.5,11.5,11.5,41900,481927.0
000533.SZ,2026-06-05 10:55:00,11.5,11.51,11.49,11.5,162300,1866123.0
000533.SZ,2026-06-05 10:56:00,11.5,11.5,11.48,11.48,50400,579305.0
000533.SZ,2026-06-05 10:57:00,11.48,11.49,11.47,11.47,78300,898948.0
000533.SZ,2026-06-05 10:58:00,11.47,11.48,11.47,11.47,63200,725046.0
000533.SZ,2026-06-05 10:59:00,11.47,11.48,11.46,11.46,110600,1268294.0
000533.SZ,2026-06-05 11:00:00,11.46,11.47,11.45,11.46,122400,1402898.0
000533.SZ,2026-06-05 11:01:00,11.48,11.48,11.47,11.48,30000,344323.0
000533.SZ,2026-06-05 11:02:00,11.48,11.49,11.48,11.48,34600,397359.0
000533.SZ,2026-06-05 11:03:00,11.49,11.49,11.47,11.48,35700,409794.0
000533.SZ,2026-06-05 11:04:00,11.47,11.47,11.45,11.46,151200,1732879.0
000533.SZ,2026-06-05 11:05:00,11.47,11.48,11.46,11.46,25800,295975.0
000533.SZ,2026-06-05 11:06:00,11.46,11.47,11.46,11.46,19300,221188.0
000533.SZ,2026-06-05 11:07:00,11.46,11.47,11.46,11.47,63000,722428.0
000533.SZ,2026-06-05 11:08:00,11.47,11.47,11.46,11.47,113700,1302657.0
000533.SZ,2026-06-05 11:09:00,11.47,11.48,11.47,11.47,25400,291426.0
000533.SZ,2026-06-05 11:10:00,11.48,11.49,11.48,11.48,105300,1209199.0
000533.SZ,2026-06-05 11:11:00,11.48,11.49,11.47,11.47,28700,329524.0
000533.SZ,2026-06-05 11:12:00,11.48,11.48,11.46,11.46,60700,696586.0
000533.SZ,2026-06-05 11:13:00,11.47,11.48,11.47,11.48,77600,890401.0
000533.SZ,2026-06-05 11:14:00,11.47,11.49,11.47,11.48,11000,126264.0
000533.SZ,2026-06-05 11:15:00,11.48,11.49,11.48,11.48,28500,327208.0
000533.SZ,2026-06-05 11:16:00,11.48,11.51,11.47,11.51,188500,2165834.0
000533.SZ,2026-06-05 11:17:00,11.51,11.52,11.5,11.52,196400,2261565.0
000533.SZ,2026-06-05 11:18:00,11.52,11.55,11.52,11.53,241500,2784416.0
000533.SZ,2026-06-05 11:19:00,11.53,11.53,11.5,11.5,143200,1648920.0
000533.SZ,2026-06-05 11:20:00,11.51,11.51,11.5,11.5,23700,272721.0
000533.SZ,2026-06-05 11:21:00,11.5,11.5,11.49,11.49,27600,317375.0
000533.SZ,2026-06-05 11:22:00,11.49,11.49,11.47,11.47,36900,423747.0
000533.SZ,2026-06-05 11:23:00,11.47,11.49,11.47,11.48,46800,537288.0
000533.SZ,2026-06-05 11:24:00,11.49,11.49,11.48,11.48,32400,372015.0
000533.SZ,2026-06-05 11:25:00,11.48,11.49,11.47,11.48,61700,708515.0
000533.SZ,2026-06-05 11:26:00,11.47,11.48,11.47,11.47,24300,278772.0
000533.SZ,2026-06-05 11:27:00,11.47,11.48,11.47,11.48,39700,455537.0
000533.SZ,2026-06-05 11:28:00,11.49,11.49,11.47,11.47,49400,566768.0
000533.SZ,2026-06-05 11:29:00,11.47,11.48,11.47,11.47,14900,170967.0
000533.SZ,2026-06-05 11:30:00,11.47,11.49,11.47,11.49,39800,457058.0
000533.SZ,2026-06-05 13:01:00,11.49,11.49,11.45,11.46,94900,1089440.0
000533.SZ,2026-06-05 13:02:00,11.46,11.47,11.46,11.47,28100,322015.0
000533.SZ,2026-06-05 13:03:00,11.46,11.47,11.46,11.46,28900,331208.0
000533.SZ,2026-06-05 13:04:00,11.46,11.47,11.46,11.47,30000,344030.0
000533.SZ,2026-06-05 13:05:00,11.47,11.47,11.45,11.46,79900,915757.0
000533.SZ,2026-06-05 13:06:00,11.45,11.46,11.45,11.45,66600,762664.0
000533.SZ,2026-06-05 13:07:00,11.44,11.45,11.43,11.44,75200,860382.0
000533.SZ,2026-06-05 13:08:00,11.45,11.45,11.43,11.43,85100,973780.0
000533.SZ,2026-06-05 13:09:00,11.43,11.45,11.43,11.44,45700,522821.0
000533.SZ,2026-06-05 13:10:00,11.44,11.45,11.44,11.45,54100,619259.0
000533.SZ,2026-06-05 13:11:00,11.45,11.45,11.44,11.45,33300,381111.0
000533.SZ,2026-06-05 13:12:00,11.44,11.45,11.44,11.44,42700,488868.0
000533.SZ,2026-06-05 13:13:00,11.44,11.44,11.43,11.43,45100,515784.0
000533.SZ,2026-06-05 13:14:00,11.43,11.44,11.43,11.43,150100,1715902.0
000533.SZ,2026-06-05 13:15:00,11.43,11.43,11.41,11.41,65900,752443.0
000533.SZ,2026-06-05 13:16:00,11.41,11.41,11.4,11.41,47613,543176.3
000533.SZ,2026-06-05 13:17:00,11.42,11.45,11.41,11.45,95315,1089989.0
000533.SZ,2026-06-05 13:18:00,11.46,11.47,11.45,11.45,40000,458397.0
000533.SZ,2026-06-05 13:19:00,11.46,11.46,11.45,11.46,64000,733270.0
000533.SZ,2026-06-05 13:20:00,11.46,11.48,11.46,11.48,31500,361310.0
000533.SZ,2026-06-05 13:21:00,11.48,11.49,11.48,11.48,57300,658038.0
000533.SZ,2026-06-05 13:22:00,11.48,11.48,11.47,11.47,18600,213469.0
000533.SZ,2026-06-05 13:23:00,11.47,11.47,11.46,11.47,42600,488341.0
000533.SZ,2026-06-05 13:24:00,11.47,11.48,11.46,11.48,37900,434853.0
000533.SZ,2026-06-05 13:25:00,11.48,11.49,11.46,11.46,73000,838006.0
000533.SZ,2026-06-05 13:26:00,11.46,11.47,11.46,11.46,43300,496224.0
000533.SZ,2026-06-05 13:27:00,11.45,11.45,11.43,11.43,75200,860307.0
000533.SZ,2026-06-05 13:28:00,11.42,11.46,11.42,11.45,67800,775734.0
000533.SZ,2026-06-05 13:29:00,11.45,11.45,11.42,11.42,39000,445842.0
000533.SZ,2026-06-05 13:30:00,11.42,11.43,11.36,11.36,390100,4447362.0
000533.SZ,2026-06-05 13:31:00,11.38,11.38,11.37,11.37,124600,1417187.0
000533.SZ,2026-06-05 13:32:00,11.37,11.39,11.37,11.38,36700,417647.0
000533.SZ,2026-06-05 13:33:00,11.38,11.39,11.38,11.39,71900,818856.0
000533.SZ,2026-06-05 13:34:00,11.4,11.4,11.39,11.39,49100,559286.0
000533.SZ,2026-06-05 13:35:00,11.39,11.42,11.39,11.39,60200,686383.0
000533.SZ,2026-06-05 13:36:00,11.39,11.41,11.39,11.4,38100,434367.0
000533.SZ,2026-06-05 13:37:00,11.4,11.41,11.38,11.39,89000,1013692.0
000533.SZ,2026-06-05 13:38:00,11.4,11.41,11.39,11.4,18400,209753.0
000533.SZ,2026-06-05 13:39:00,11.4,11.41,11.4,11.41,51700,589784.0
000533.SZ,2026-06-05 13:40:00,11.42,11.44,11.41,11.43,51100,584031.0
000533.SZ,2026-06-05 13:41:00,11.43,11.43,11.42,11.43,32600,372472.0
000533.SZ,2026-06-05 13:42:00,11.42,11.43,11.42,11.43,25400,290203.0
000533.SZ,2026-06-05 13:43:00,11.43,11.44,11.42,11.42,35600,406937.0
000533.SZ,2026-06-05 13:44:00,11.43,11.43,11.42,11.42,24700,282080.0
000533.SZ,2026-06-05 13:45:00,11.42,11.43,11.41,11.43,27700,316384.0
000533.SZ,2026-06-05 13:46:00,11.43,11.45,11.42,11.45,68300,781096.0
000533.SZ,2026-06-05 13:47:00,11.45,11.46,11.44,11.45,25000,286253.0
000533.SZ,2026-06-05 13:48:00,11.46,11.46,11.45,11.46,45200,517866.0
000533.SZ,2026-06-05 13:49:00,11.45,11.46,11.44,11.44,25400,290863.0
000533.SZ,2026-06-05 13:50:00,11.45,11.46,11.45,11.45,27500,314865.0
000533.SZ,2026-06-05 13:51:00,11.46,11.46,11.44,11.44,53500,612368.0
000533.SZ,2026-06-05 13:52:00,11.45,11.45,11.43,11.43,20400,233390.0
000533.SZ,2026-06-05 13:53:00,11.43,11.44,11.43,11.44,85500,977627.0
000533.SZ,2026-06-05 13:54:00,11.44,11.44,11.43,11.43,12000,137206.0
000533.SZ,2026-06-05 13:55:00,11.44,11.44,11.43,11.43,17500,200083.0
000533.SZ,2026-06-05 13:56:00,11.44,11.44,11.43,11.44,19500,223052.0
000533.SZ,2026-06-05 13:57:00,11.43,11.44,11.42,11.43,40900,467449.0
000533.SZ,2026-06-05 13:58:00,11.42,11.43,11.42,11.42,21500,245532.0
000533.SZ,2026-06-05 13:59:00,11.42,11.42,11.4,11.41,49400,563466.0
000533.SZ,2026-06-05 14:00:00,11.41,11.42,11.39,11.39,76900,876797.0
000533.SZ,2026-06-05 14:01:00,11.39,11.4,11.36,11.36,154000,1752290.0
000533.SZ,2026-06-05 14:02:00,11.36,11.36,11.35,11.35,154800,1757454.0
000533.SZ,2026-06-05 14:03:00,11.36,11.36,11.35,11.35,61300,696248.0
000533.SZ,2026-06-05 14:04:00,11.36,11.37,11.34,11.35,193500,2196644.0
000533.SZ,2026-06-05 14:05:00,11.34,11.35,11.33,11.33,244200,2767297.0
000533.SZ,2026-06-05 14:06:00,11.33,11.36,11.33,11.36,119300,1352740.0
000533.SZ,2026-06-05 14:07:00,11.36,11.37,11.36,11.37,57400,652373.0
000533.SZ,2026-06-05 14:08:00,11.37,11.37,11.36,11.37,74700,849007.0
000533.SZ,2026-06-05 14:09:00,11.36,11.37,11.35,11.36,102400,1163298.0
000533.SZ,2026-06-05 14:10:00,11.36,11.36,11.35,11.36,50500,573388.0
000533.SZ,2026-06-05 14:11:00,11.37,11.37,11.36,11.36,70700,803795.0
000533.SZ,2026-06-05 14:12:00,11.36,11.37,11.36,11.36,29800,338553.0
000533.SZ,2026-06-05 14:13:00,11.37,11.37,11.35,11.35,120300,1365722.0
000533.SZ,2026-06-05 14:14:00,11.36,11.36,11.35,11.36,17500,198656.0
000533.SZ,2026-06-05 14:15:00,11.37,11.37,11.36,11.36,70800,804537.0
000533.SZ,2026-06-05 14:16:00,11.36,11.36,11.35,11.35,34100,387321.0
000533.SZ,2026-06-05 14:17:00,11.35,11.37,11.35,11.36,48900,555471.0
000533.SZ,2026-06-05 14:18:00,11.36,11.37,11.35,11.35,50500,573628.0
000533.SZ,2026-06-05 14:19:00,11.36,11.36,11.35,11.36,18800,213515.0
000533.SZ,2026-06-05 14:20:00,11.36,11.37,11.35,11.36,55100,625979.0
000533.SZ,2026-06-05 14:21:00,11.36,11.36,11.34,11.35,99400,1128440.0
000533.SZ,2026-06-05 14:22:00,11.34,11.35,11.32,11.33,139600,1582350.0
000533.SZ,2026-06-05 14:23:00,11.33,11.34,11.32,11.34,70000,792690.0
000533.SZ,2026-06-05 14:24:00,11.33,11.34,11.32,11.32,45100,510732.0
000533.SZ,2026-06-05 14:25:00,11.32,11.33,11.32,11.32,42500,481216.0
000533.SZ,2026-06-05 14:26:00,11.32,11.32,11.31,11.32,75300,851825.0
000533.SZ,2026-06-05 14:27:00,11.31,11.32,11.31,11.32,97900,1107511.0
000533.SZ,2026-06-05 14:28:00,11.32,11.32,11.31,11.31,145900,1650355.0
000533.SZ,2026-06-05 14:29:00,11.31,11.31,11.3,11.3,112800,1275403.0
000533.SZ,2026-06-05 14:30:00,11.31,11.31,11.29,11.29,359400,4060795.0
000533.SZ,2026-06-05 14:31:00,11.29,11.3,11.29,11.3,99800,1127047.0
000533.SZ,2026-06-05 14:32:00,11.3,11.3,11.28,11.28,105600,1192518.0
000533.SZ,2026-06-05 14:33:00,11.28,11.3,11.28,11.3,88200,995625.0
000533.SZ,2026-06-05 14:34:00,11.3,11.3,11.29,11.29,78600,887787.0
000533.SZ,2026-06-05 14:35:00,11.29,11.29,11.28,11.28,135000,1523038.0
000533.SZ,2026-06-05 14:36:00,11.28,11.29,11.28,11.28,176900,1995536.0
000533.SZ,2026-06-05 14:37:00,11.28,11.3,11.28,11.3,223400,2521992.0
000533.SZ,2026-06-05 14:38:00,11.3,11.34,11.3,11.33,184200,2084140.0
000533.SZ,2026-06-05 14:39:00,11.31,11.33,11.29,11.3,124400,1406352.8
000533.SZ,2026-06-05 14:40:00,11.3,11.3,11.28,11.28,140600,1586382.0
000533.SZ,2026-06-05 14:41:00,11.27,11.29,11.27,11.29,84200,949643.0
000533.SZ,2026-06-05 14:42:00,11.28,11.29,11.28,11.29,39800,449179.0
000533.SZ,2026-06-05 14:43:00,11.29,11.29,11.27,11.27,115100,1298227.0
000533.SZ,2026-06-05 14:44:00,11.27,11.28,11.27,11.27,199300,2246188.0
000533.SZ,2026-06-05 14:45:00,11.27,11.27,11.26,11.27,206900,2330525.0
000533.SZ,2026-06-05 14:46:00,11.27,11.28,11.27,11.27,146500,1651103.0
000533.SZ,2026-06-05 14:47:00,11.28,11.28,11.27,11.28,207300,2337010.0
000533.SZ,2026-06-05 14:48:00,11.28,11.29,11.27,11.29,175100,1975113.0
000533.SZ,2026-06-05 14:49:00,11.28,11.29,11.28,11.29,81600,920909.0
000533.SZ,2026-06-05 14:50:00,11.28,11.31,11.28,11.3,135300,1528373.0
000533.SZ,2026-06-05 14:51:00,11.31,11.32,11.31,11.32,66500,752192.0
000533.SZ,2026-06-05 14:52:00,11.32,11.32,11.31,11.31,117300,1326985.0
000533.SZ,2026-06-05 14:53:00,11.31,11.32,11.31,11.31,107300,1214298.0
000533.SZ,2026-06-05 14:54:00,11.31,11.33,11.31,11.33,142727,1615647.6
000533.SZ,2026-06-05 14:55:00,11.32,11.33,11.32,11.32,174900,1979996.0
000533.SZ,2026-06-05 14:56:00,11.33,11.34,11.32,11.33,259810,2943090.2
000533.SZ,2026-06-05 14:57:00,11.33,11.34,11.31,11.33,260500,2950508.0
000533.SZ,2026-06-05 14:58:00,11.33,11.33,11.33,11.33,0,0.0
000533.SZ,2026-06-05 14:59:00,11.33,11.33,11.33,11.33,0,0.0
000533.SZ,2026-06-05 15:00:00,11.31,11.31,11.31,11.31,238200,2694042.0
000533.SZ,2026-06-08 09:30:00,10.95,10.99,10.89,10.9,293900,3216221.0
000533.SZ,2026-06-08 09:31:00,10.9,10.95,10.83,10.95,1278300,13935725.0
000533.SZ,2026-06-08 09:32:00,10.97,11.03,10.95,11.02,533100,5853386.0
000533.SZ,2026-06-08 09:33:00,11.03,11.15,11.03,11.11,531400,5886499.0
000533.SZ,2026-06-08 09:34:00,11.09,11.11,11.04,11.04,308500,3415429.0
000533.SZ,2026-06-08 09:35:00,11.06,11.1,11.06,11.1,260000,2881622.0
000533.SZ,2026-06-08 09:36:00,11.08,11.19,11.08,11.17,570800,6366443.0
000533.SZ,2026-06-08 09:37:00,11.17,11.18,11.15,11.18,234200,2615667.0
000533.SZ,2026-06-08 09:38:00,11.17,11.19,11.15,11.19,236600,2642823.0
000533.SZ,2026-06-08 09:39:00,11.2,11.26,11.2,11.24,246500,2767068.0
000533.SZ,2026-06-08 09:40:00,11.23,11.24,11.2,11.21,262200,2940084.0
000533.SZ,2026-06-08 09:41:00,11.21,11.21,11.17,11.17,146000,1634454.0
000533.SZ,2026-06-08 09:42:00,11.16,11.19,11.16,11.18,180500,2017081.0
000533.SZ,2026-06-08 09:43:00,11.19,11.21,11.18,11.21,183500,2053807.0
000533.SZ,2026-06-08 09:44:00,11.22,11.22,11.19,11.2,159200,1783710.0
000533.SZ,2026-06-08 09:45:00,11.2,11.22,11.2,11.2,216100,2418786.0
000533.SZ,2026-06-08 09:46:00,11.2,11.2,11.14,11.16,180500,2014883.0
000533.SZ,2026-06-08 09:47:00,11.17,11.17,11.14,11.15,175100,1953267.0
000533.SZ,2026-06-08 09:48:00,11.16,11.2,11.15,11.19,358600,4008390.0
000533.SZ,2026-06-08 09:49:00,11.2,11.2,11.18,11.2,165400,1851364.0
000533.SZ,2026-06-08 09:50:00,11.2,11.2,11.18,11.18,92700,1038035.0
000533.SZ,2026-06-08 09:51:00,11.18,11.18,11.16,11.16,87800,980384.0
000533.SZ,2026-06-08 09:52:00,11.17,11.2,11.17,11.19,176500,1972831.0
000533.SZ,2026-06-08 09:53:00,11.19,11.22,11.19,11.22,253300,2837421.0
000533.SZ,2026-06-08 09:54:00,11.22,11.22,11.18,11.18,70600,790651.0
000533.SZ,2026-06-08 09:55:00,11.19,11.2,11.17,11.18,112600,1259149.0
000533.SZ,2026-06-08 09:56:00,11.18,11.19,11.17,11.19,54600,610609.0
000533.SZ,2026-06-08 09:57:00,11.18,11.19,11.16,11.16,77600,866794.0
000533.SZ,2026-06-08 09:58:00,11.16,11.2,11.16,11.2,99700,1114078.0
000533.SZ,2026-06-08 09:59:00,11.2,11.22,11.2,11.22,114400,1282165.0
000533.SZ,2026-06-08 10:00:00,11.22,11.23,11.22,11.23,214300,2405200.0
000533.SZ,2026-06-08 10:01:00,11.22,11.22,11.2,11.21,80700,904655.0
000533.SZ,2026-06-08 10:02:00,11.2,11.23,11.2,11.23,157600,1767874.0
000533.SZ,2026-06-08 10:03:00,11.22,11.22,11.18,11.18,56400,631619.0
000533.SZ,2026-06-08 10:04:00,11.18,11.19,11.18,11.18,29700,332130.0
000533.SZ,2026-06-08 10:05:00,11.18,11.18,11.14,11.14,126900,1416097.0
000533.SZ,2026-06-08 10:06:00,11.15,11.15,11.13,11.15,88800,988923.0
000533.SZ,2026-06-08 10:07:00,11.15,11.19,11.15,11.18,58800,656120.0
000533.SZ,2026-06-08 10:08:00,11.18,11.22,11.18,11.21,66700,747233.0
000533.SZ,2026-06-08 10:09:00,11.22,11.22,11.2,11.21,78900,884666.0
000533.SZ,2026-06-08 10:10:00,11.2,11.2,11.19,11.2,96100,1076324.0
000533.SZ,2026-06-08 10:11:00,11.2,11.21,11.2,11.2,26400,295711.0
000533.SZ,2026-06-08 10:12:00,11.19,11.21,11.19,11.2,47300,529705.0
000533.SZ,2026-06-08 10:13:00,11.2,11.21,11.19,11.2,67000,750676.0
000533.SZ,2026-06-08 10:14:00,11.19,11.2,11.18,11.18,47600,532581.0
000533.SZ,2026-06-08 10:15:00,11.18,11.21,11.18,11.19,37300,417628.0
000533.SZ,2026-06-08 10:16:00,11.2,11.21,11.19,11.21,95200,1066977.0
000533.SZ,2026-06-08 10:17:00,11.21,11.21,11.2,11.2,36700,411091.0
000533.SZ,2026-06-08 10:18:00,11.21,11.21,11.17,11.17,83600,935003.0
000533.SZ,2026-06-08 10:19:00,11.17,11.17,11.16,11.16,18900,211013.0
000533.SZ,2026-06-08 10:20:00,11.16,11.17,11.16,11.16,47400,529033.0
000533.SZ,2026-06-08 10:21:00,11.16,11.17,11.16,11.16,61400,685599.0
000533.SZ,2026-06-08 10:22:00,11.16,11.16,11.14,11.15,65900,734663.0
000533.SZ,2026-06-08 10:23:00,11.14,11.15,11.14,11.14,30800,343143.0
000533.SZ,2026-06-08 10:24:00,11.14,11.15,11.12,11.12,97200,1082527.0
000533.SZ,2026-06-08 10:25:00,11.13,11.14,11.12,11.14,257000,2860005.0
000533.SZ,2026-06-08 10:26:00,11.14,11.15,11.13,11.14,85200,949020.0
000533.SZ,2026-06-08 10:27:00,11.14,11.15,11.14,11.14,81000,902457.0
000533.SZ,2026-06-08 10:28:00,11.14,11.16,11.14,11.16,85500,953290.0
000533.SZ,2026-06-08 10:29:00,11.16,11.16,11.15,11.16,38300,427396.0
000533.SZ,2026-06-08 10:30:00,11.16,11.17,11.16,11.17,36000,401947.0
000533.SZ,2026-06-08 10:31:00,11.17,11.17,11.16,11.17,26500,295804.0
000533.SZ,2026-06-08 10:32:00,11.17,11.17,11.16,11.16,23900,266852.0
000533.SZ,2026-06-08 10:33:00,11.16,11.18,11.16,11.17,37200,415561.0
000533.SZ,2026-06-08 10:34:00,11.14,11.14,11.13,11.13,147300,1641897.0
000533.SZ,2026-06-08 10:35:00,11.13,11.15,11.13,11.15,46800,521470.0
000533.SZ,2026-06-08 10:36:00,11.14,11.15,11.14,11.14,112400,1252153.0
000533.SZ,2026-06-08 10:37:00,11.13,11.16,11.13,11.15,82100,914759.0
000533.SZ,2026-06-08 10:38:00,11.16,11.17,11.15,11.17,37900,423056.0
000533.SZ,2026-06-08 10:39:00,11.18,11.19,11.18,11.18,71800,803127.0
000533.SZ,2026-06-08 10:40:00,11.18,11.2,11.18,11.2,78400,877812.0
000533.SZ,2026-06-08 10:41:00,11.21,11.21,11.18,11.18,348700,3905313.0
000533.SZ,2026-06-08 10:42:00,11.19,11.19,11.17,11.17,19700,220166.0
000533.SZ,2026-06-08 10:43:00,11.17,11.19,11.17,11.19,12400,138671.0
000533.SZ,2026-06-08 10:44:00,11.2,11.2,11.18,11.19,35500,396966.0
000533.SZ,2026-06-08 10:45:00,11.19,11.19,11.18,11.19,27900,311999.0
000533.SZ,2026-06-08 10:46:00,11.18,11.19,11.18,11.19,45300,506844.0
000533.SZ,2026-06-08 10:47:00,11.19,11.19,11.17,11.17,74100,828243.0
000533.SZ,2026-06-08 10:48:00,11.17,11.17,11.14,11.14,38800,432795.0
000533.SZ,2026-06-08 10:49:00,11.14,11.14,11.13,11.13,64000,712566.0
000533.SZ,2026-06-08 10:50:00,11.12,11.12,11.1,11.12,174300,1936430.0
000533.SZ,2026-06-08 10:51:00,11.12,11.13,11.11,11.11,34400,382371.0
000533.SZ,2026-06-08 10:52:00,11.11,11.11,11.09,11.09,86800,963405.0
000533.SZ,2026-06-08 10:53:00,11.1,11.11,11.09,11.11,68000,754726.0
000533.SZ,2026-06-08 10:54:00,11.11,11.11,11.11,11.11,19600,217741.0
000533.SZ,2026-06-08 10:55:00,11.11,11.12,11.11,11.12,22100,245630.0
000533.SZ,2026-06-08 10:56:00,11.12,11.12,11.11,11.11,41537,461705.06
000533.SZ,2026-06-08 10:57:00,11.12,11.13,11.12,11.12,8400,93447.0
000533.SZ,2026-06-08 10:58:00,11.11,11.12,11.09,11.09,77863,864371.56
000533.SZ,2026-06-08 10:59:00,11.09,11.1,11.09,11.1,38300,424915.0
000533.SZ,2026-06-08 11:00:00,11.1,11.11,11.09,11.09,15500,172038.0
000533.SZ,2026-06-08 11:01:00,11.09,11.1,11.08,11.08,58700,650936.0
000533.SZ,2026-06-08 11:02:00,11.08,11.09,11.08,11.08,45400,503118.0
000533.SZ,2026-06-08 11:03:00,11.1,11.1,11.09,11.09,88100,977127.0
000533.SZ,2026-06-08 11:04:00,11.08,11.09,11.08,11.08,152500,1689855.0
000533.SZ,2026-06-08 11:05:00,11.08,11.1,11.08,11.1,40300,446783.0
000533.SZ,2026-06-08 11:06:00,11.09,11.09,11.07,11.07,33400,370192.0
000533.SZ,2026-06-08 11:07:00,11.07,11.07,11.03,11.03,184000,2033519.0
000533.SZ,2026-06-08 11:08:00,11.03,11.05,11.02,11.05,313200,3455804.0
000533.SZ,2026-06-08 11:09:00,11.05,11.06,11.04,11.04,14400,159029.0
000533.SZ,2026-06-08 11:10:00,11.04,11.04,11.01,11.01,102500,1129156.0
000533.SZ,2026-06-08 11:11:00,11.01,11.02,11.0,11.01,166300,1830604.0
000533.SZ,2026-06-08 11:12:00,11.0,11.01,11.0,11.0,105800,1163894.0
000533.SZ,2026-06-08 11:13:00,11.01,11.01,11.0,11.0,141200,1553635.0
000533.SZ,2026-06-08 11:14:00,11.02,11.02,11.01,11.01,22900,252157.0
000533.SZ,2026-06-08 11:15:00,11.01,11.01,11.0,11.0,44400,488562.0
000533.SZ,2026-06-08 11:16:00,11.0,11.04,11.0,11.03,121200,1334954.0
000533.SZ,2026-06-08 11:17:00,11.04,11.04,11.02,11.03,53900,594384.0
000533.SZ,2026-06-08 11:18:00,11.02,11.03,11.01,11.01,39200,432126.0
000533.SZ,2026-06-08 11:19:00,11.02,11.03,11.0,11.02,74100,816474.0
000533.SZ,2026-06-08 11:20:00,11.02,11.05,11.02,11.05,45200,498685.0
000533.SZ,2026-06-08 11:21:00,11.04,11.04,11.03,11.03,10200,112583.0
000533.SZ,2026-06-08 11:22:00,11.03,11.05,11.03,11.03,43400,479238.0
000533.SZ,2026-06-08 11:23:00,11.03,11.04,11.02,11.04,27800,306611.0
000533.SZ,2026-06-08 11:24:00,11.03,11.04,11.03,11.03,12500,137883.0
000533.SZ,2026-06-08 11:25:00,11.02,11.02,10.99,11.01,209900,2309634.0
000533.SZ,2026-06-08 11:26:00,11.02,11.03,11.0,11.0,76800,845836.0
000533.SZ,2026-06-08 11:27:00,11.01,11.01,10.98,10.98,44400,488036.0
000533.SZ,2026-06-08 11:28:00,10.99,11.0,10.98,11.0,71900,789808.0
000533.SZ,2026-06-08 11:29:00,10.98,11.0,10.98,10.98,43200,474877.0
000533.SZ,2026-06-08 11:30:00,10.99,10.99,10.98,10.99,36000,395408.0
000533.SZ,2026-06-08 13:01:00,10.98,10.98,10.96,10.96,110200,1209386.0
000533.SZ,2026-06-08 13:02:00,10.96,10.97,10.95,10.96,65400,716552.0
000533.SZ,2026-06-08 13:03:00,10.95,10.99,10.95,10.98,57400,629408.0
000533.SZ,2026-06-08 13:04:00,10.98,10.99,10.97,10.97,61400,674144.0
000533.SZ,2026-06-08 13:05:00,10.97,10.97,10.96,10.96,25300,277492.0
000533.SZ,2026-06-08 13:06:00,10.96,10.98,10.96,10.98,45900,503968.0
000533.SZ,2026-06-08 13:07:00,10.98,10.98,10.97,10.98,46200,507212.0
000533.SZ,2026-06-08 13:08:00,10.99,10.99,10.96,10.96,220100,2416394.0
000533.SZ,2026-06-08 13:09:00,10.96,10.96,10.96,10.96,58700,643410.0
000533.SZ,2026-06-08 13:10:00,10.96,10.98,10.96,10.98,41700,457567.0
000533.SZ,2026-06-08 13:11:00,10.98,10.99,10.97,10.97,32000,351414.0
000533.SZ,2026-06-08 13:12:00,10.97,10.97,10.96,10.97,109700,1202876.0
000533.SZ,2026-06-08 13:13:00,10.97,10.98,10.96,10.97,42700,468120.0
000533.SZ,2026-06-08 13:14:00,10.97,10.97,10.93,10.93,76200,834225.0
000533.SZ,2026-06-08 13:15:00,10.93,10.95,10.93,10.93,97600,1067355.0
000533.SZ,2026-06-08 13:16:00,10.95,10.95,10.94,10.95,93300,1021416.0
000533.SZ,2026-06-08 13:17:00,10.95,10.95,10.94,10.94,39400,431228.0
000533.SZ,2026-06-08 13:18:00,10.93,10.94,10.91,10.91,71600,782121.0
000533.SZ,2026-06-08 13:19:00,10.91,10.92,10.9,10.91,84300,919646.0
000533.SZ,2026-06-08 13:20:00,10.9,10.9,10.88,10.89,402700,4386720.0
000533.SZ,2026-06-08 13:21:00,10.89,10.9,10.88,10.88,82700,900397.0
000533.SZ,2026-06-08 13:22:00,10.88,10.88,10.87,10.88,197900,2152428.0
000533.SZ,2026-06-08 13:23:00,10.89,10.9,10.88,10.9,93200,1014772.0
000533.SZ,2026-06-08 13:24:00,10.89,10.91,10.89,10.91,82100,894885.0
000533.SZ,2026-06-08 13:25:00,10.91,10.91,10.9,10.9,78600,856802.0
000533.SZ,2026-06-08 13:26:00,10.9,10.9,10.88,10.89,61600,670836.0
000533.SZ,2026-06-08 13:27:00,10.89,10.89,10.88,10.88,75800,824943.0
000533.SZ,2026-06-08 13:28:00,10.88,10.89,10.87,10.88,79400,863698.0
000533.SZ,2026-06-08 13:29:00,10.89,10.89,10.86,10.86,143200,1555941.0
000533.SZ,2026-06-08 13:30:00,10.85,10.86,10.85,10.85,71900,780696.0
000533.SZ,2026-06-08 13:31:00,10.85,10.87,10.85,10.86,140800,1528168.0
000533.SZ,2026-06-08 13:32:00,10.86,10.86,10.85,10.85,58000,629366.0
000533.SZ,2026-06-08 13:33:00,10.85,10.85,10.83,10.84,159300,1726927.0
000533.SZ,2026-06-08 13:34:00,10.84,10.86,10.84,10.84,112500,1220325.0
000533.SZ,2026-06-08 13:35:00,10.84,10.85,10.83,10.84,121900,1320475.0
000533.SZ,2026-06-08 13:36:00,10.84,10.84,10.81,10.81,177200,1917650.0
000533.SZ,2026-06-08 13:37:00,10.81,10.81,10.8,10.8,148000,1598881.0
000533.SZ,2026-06-08 13:38:00,10.8,10.82,10.8,10.82,122200,1321025.0
000533.SZ,2026-06-08 13:39:00,10.82,10.82,10.81,10.82,47900,517908.0
000533.SZ,2026-06-08 13:40:00,10.81,10.81,10.8,10.8,85700,925909.0
000533.SZ,2026-06-08 13:41:00,10.81,10.81,10.78,10.8,321100,3467856.0
000533.SZ,2026-06-08 13:42:00,10.8,10.8,10.77,10.77,202400,2182960.0
000533.SZ,2026-06-08 13:43:00,10.78,10.78,10.75,10.75,217400,2338792.0
000533.SZ,2026-06-08 13:44:00,10.76,10.76,10.7,10.75,198600,2133795.0
000533.SZ,2026-06-08 13:45:00,10.75,10.75,10.73,10.73,141100,1515117.0
000533.SZ,2026-06-08 13:46:00,10.73,10.74,10.73,10.74,224900,2413257.0
000533.SZ,2026-06-08 13:47:00,10.73,10.76,10.73,10.76,146200,1570561.0
000533.SZ,2026-06-08 13:48:00,10.75,10.81,10.75,10.81,166100,1790665.0
000533.SZ,2026-06-08 13:49:00,10.8,10.8,10.75,10.75,175900,1897950.0
000533.SZ,2026-06-08 13:50:00,10.77,10.8,10.76,10.8,71300,768109.0
000533.SZ,2026-06-08 13:51:00,10.8,10.82,10.8,10.82,47300,511287.0
000533.SZ,2026-06-08 13:52:00,10.82,10.82,10.77,10.77,111400,1203131.0
000533.SZ,2026-06-08 13:53:00,10.77,10.8,10.77,10.79,64000,690443.0
000533.SZ,2026-06-08 13:54:00,10.8,10.81,10.77,10.77,127500,1375931.0
000533.SZ,2026-06-08 13:55:00,10.8,10.8,10.76,10.77,103600,1115891.0
000533.SZ,2026-06-08 13:56:00,10.75,10.79,10.75,10.78,110600,1191160.0
000533.SZ,2026-06-08 13:57:00,10.77,10.79,10.77,10.79,42500,458244.0
000533.SZ,2026-06-08 13:58:00,10.8,10.82,10.8,10.81,73100,789961.0
000533.SZ,2026-06-08 13:59:00,10.82,10.82,10.8,10.8,37100,401087.0
000533.SZ,2026-06-08 14:00:00,10.8,10.82,10.79,10.8,107400,1159848.0
000533.SZ,2026-06-08 14:01:00,10.79,10.8,10.77,10.8,83300,898676.0
000533.SZ,2026-06-08 14:02:00,10.8,10.81,10.76,10.76,272000,2935742.0
000533.SZ,2026-06-08 14:03:00,10.76,10.78,10.75,10.78,80000,860381.0
000533.SZ,2026-06-08 14:04:00,10.78,10.81,10.78,10.81,58200,628869.0
000533.SZ,2026-06-08 14:05:00,10.81,10.83,10.8,10.82,103000,1113997.0
000533.SZ,2026-06-08 14:06:00,10.82,10.83,10.81,10.81,73900,799372.0
000533.SZ,2026-06-08 14:07:00,10.82,10.83,10.78,10.79,82400,890770.0
000533.SZ,2026-06-08 14:08:00,10.79,10.8,10.78,10.78,43200,465995.0
000533.SZ,2026-06-08 14:09:00,10.78,10.78,10.76,10.78,113200,1219231.0
000533.SZ,2026-06-08 14:10:00,10.79,10.8,10.77,10.78,84200,908368.0
000533.SZ,2026-06-08 14:11:00,10.78,10.78,10.75,10.75,196800,2118268.0
000533.SZ,2026-06-08 14:12:00,10.75,10.79,10.75,10.79,55500,597084.0
000533.SZ,2026-06-08 14:13:00,10.78,10.78,10.75,10.76,41500,446442.0
000533.SZ,2026-06-08 14:14:00,10.75,10.76,10.75,10.76,30200,324791.0
000533.SZ,2026-06-08 14:15:00,10.75,10.76,10.75,10.75,75800,814865.0
000533.SZ,2026-06-08 14:16:00,10.76,10.79,10.76,10.79,51900,559328.0
000533.SZ,2026-06-08 14:17:00,10.8,10.81,10.79,10.81,84300,910293.0
000533.SZ,2026-06-08 14:18:00,10.81,10.85,10.81,10.85,162000,1753710.0
000533.SZ,2026-06-08 14:19:00,10.85,10.85,10.82,10.83,120900,1310514.0
000533.SZ,2026-06-08 14:20:00,10.83,10.84,10.83,10.84,20800,225330.0
000533.SZ,2026-06-08 14:21:00,10.83,10.85,10.83,10.85,39700,430248.0
000533.SZ,2026-06-08 14:22:00,10.85,10.87,10.85,10.87,62700,680632.0
000533.SZ,2026-06-08 14:23:00,10.87,10.9,10.87,10.89,64700,703914.0
000533.SZ,2026-06-08 14:24:00,10.89,10.89,10.87,10.88,79800,868304.0
000533.SZ,2026-06-08 14:25:00,10.89,10.9,10.89,10.9,81500,887704.0
000533.SZ,2026-06-08 14:26:00,10.91,10.92,10.9,10.91,97400,1062238.0
000533.SZ,2026-06-08 14:27:00,10.9,10.91,10.88,10.88,93800,1022424.0
000533.SZ,2026-06-08 14:28:00,10.88,10.89,10.88,10.89,120200,1308038.0
000533.SZ,2026-06-08 14:29:00,10.88,10.89,10.86,10.88,37900,412025.0
000533.SZ,2026-06-08 14:30:00,10.89,10.9,10.88,10.9,92500,1007149.0
000533.SZ,2026-06-08 14:31:00,10.9,10.9,10.88,10.88,41300,449617.0
000533.SZ,2026-06-08 14:32:00,10.88,10.89,10.87,10.89,110900,1206598.0
000533.SZ,2026-06-08 14:33:00,10.88,10.91,10.88,10.89,169200,1843916.0
000533.SZ,2026-06-08 14:34:00,10.9,10.91,10.86,10.86,117700,1282074.0
000533.SZ,2026-06-08 14:35:00,10.86,10.86,10.83,10.84,81400,883437.0
000533.SZ,2026-06-08 14:36:00,10.85,10.86,10.84,10.86,55000,596734.0
000533.SZ,2026-06-08 14:37:00,10.85,10.85,10.84,10.84,30900,335129.0
000533.SZ,2026-06-08 14:38:00,10.84,10.84,10.82,10.82,42600,461463.0
000533.SZ,2026-06-08 14:39:00,10.82,10.83,10.81,10.81,92100,996462.0
000533.SZ,2026-06-08 14:40:00,10.82,10.84,10.81,10.83,37900,410193.0
000533.SZ,2026-06-08 14:41:00,10.83,10.84,10.82,10.84,65900,713683.0
000533.SZ,2026-06-08 14:42:00,10.83,10.84,10.82,10.84,132194,1432151.1
000533.SZ,2026-06-08 14:43:00,10.85,10.86,10.84,10.86,86400,937143.0
000533.SZ,2026-06-08 14:44:00,10.86,10.87,10.85,10.85,67200,729937.0
000533.SZ,2026-06-08 14:45:00,10.86,10.86,10.85,10.86,85100,923853.0
000533.SZ,2026-06-08 14:46:00,10.86,10.89,10.86,10.88,190900,2075302.0
000533.SZ,2026-06-08 14:47:00,10.89,10.89,10.88,10.89,56600,616036.0
000533.SZ,2026-06-08 14:48:00,10.88,10.89,10.86,10.86,99800,1084953.0
000533.SZ,2026-06-08 14:49:00,10.86,10.86,10.84,10.85,76500,829686.0
000533.SZ,2026-06-08 14:50:00,10.85,10.86,10.84,10.84,136700,1483674.0
000533.SZ,2026-06-08 14:51:00,10.85,10.86,10.84,10.85,158800,1723208.0
000533.SZ,2026-06-08 14:52:00,10.85,10.86,10.84,10.85,70900,768768.0
000533.SZ,2026-06-08 14:53:00,10.85,10.86,10.84,10.85,157100,1704519.0
000533.SZ,2026-06-08 14:54:00,10.86,10.86,10.84,10.84,200200,2172621.0
000533.SZ,2026-06-08 14:55:00,10.84,10.85,10.84,10.85,182700,1981870.0
000533.SZ,2026-06-08 14:56:00,10.84,10.85,10.84,10.84,190900,2070209.0
000533.SZ,2026-06-08 14:57:00,10.84,10.86,10.84,10.86,288800,3132449.0
000533.SZ,2026-06-08 14:58:00,10.86,10.86,10.86,10.86,0,0.0
000533.SZ,2026-06-08 14:59:00,10.86,10.86,10.86,10.86,0,0.0
000533.SZ,2026-06-08 15:00:00,10.85,10.85,10.85,10.85,235586,2556108.0
000533.SZ,2026-06-09 09:30:00,11.0,11.04,10.97,10.97,98100,1079640.0
000533.SZ,2026-06-09 09:31:00,10.99,11.0,10.95,10.99,512300,5629172.0
000533.SZ,2026-06-09 09:32:00,10.99,10.99,10.88,10.9,297500,3257045.0
000533.SZ,2026-06-09 09:33:00,10.89,10.9,10.86,10.88,229700,2499210.0
000533.SZ,2026-06-09 09:34:00,10.89,10.9,10.88,10.88,124300,1353187.0
000533.SZ,2026-06-09 09:35:00,10.88,10.92,10.88,10.89,205800,2243459.0
000533.SZ,2026-06-09 09:36:00,10.89,10.96,10.87,10.96,286500,3124752.0
000533.SZ,2026-06-09 09:37:00,10.96,10.96,10.92,10.92,156100,1709714.0
000533.SZ,2026-06-09 09:38:00,10.93,10.95,10.9,10.92,223000,2436535.0
000533.SZ,2026-06-09 09:39:00,10.91,10.91,10.88,10.9,131400,1431128.0
000533.SZ,2026-06-09 09:40:00,10.9,10.9,10.88,10.88,140400,1528705.0
000533.SZ,2026-06-09 09:41:00,10.88,10.91,10.88,10.89,283800,3090982.0
000533.SZ,2026-06-09 09:42:00,10.9,10.9,10.87,10.89,217500,2368072.0
000533.SZ,2026-06-09 09:43:00,10.89,10.91,10.89,10.89,232000,2528521.0
000533.SZ,2026-06-09 09:44:00,10.88,10.89,10.87,10.88,111800,1216119.0
000533.SZ,2026-06-09 09:45:00,10.88,10.93,10.88,10.92,119600,1304901.0
000533.SZ,2026-06-09 09:46:00,10.92,10.92,10.9,10.91,112600,1229339.0
000533.SZ,2026-06-09 09:47:00,10.91,10.91,10.88,10.9,128300,1398093.0
000533.SZ,2026-06-09 09:48:00,10.9,10.9,10.89,10.89,98200,1069985.0
000533.SZ,2026-06-09 09:49:00,10.89,10.97,10.88,10.97,193200,2111520.0
000533.SZ,2026-06-09 09:50:00,10.95,10.97,10.95,10.96,131100,1436628.0
000533.SZ,2026-06-09 09:51:00,10.97,10.98,10.94,10.94,177100,1941692.0
000533.SZ,2026-06-09 09:52:00,10.94,10.95,10.91,10.91,89600,979604.0
000533.SZ,2026-06-09 09:53:00,10.91,10.93,10.91,10.92,57400,626730.0
000533.SZ,2026-06-09 09:54:00,10.91,10.91,10.88,10.88,92300,1005841.0
000533.SZ,2026-06-09 09:55:00,10.88,10.88,10.86,10.86,157600,1712645.0
000533.SZ,2026-06-09 09:56:00,10.87,10.89,10.86,10.89,219400,2386851.0
000533.SZ,2026-06-09 09:57:00,10.89,10.93,10.89,10.93,192400,2096674.0
000533.SZ,2026-06-09 09:58:00,10.93,10.93,10.92,10.92,86700,946985.0
000533.SZ,2026-06-09 09:59:00,10.92,10.98,10.92,10.97,219500,2403564.0
000533.SZ,2026-06-09 10:00:00,10.97,10.98,10.96,10.97,81400,892563.0
000533.SZ,2026-06-09 10:01:00,10.97,10.99,10.96,10.98,161200,1769670.0
000533.SZ,2026-06-09 10:02:00,10.99,10.99,10.98,10.98,91000,999460.0
000533.SZ,2026-06-09 10:03:00,10.98,10.98,10.95,10.96,153600,1685292.0
000533.SZ,2026-06-09 10:04:00,10.95,10.98,10.95,10.97,82900,909060.0
000533.SZ,2026-06-09 10:05:00,10.96,10.97,10.94,10.95,103100,1129731.0
000533.SZ,2026-06-09 10:06:00,10.95,10.95,10.93,10.93,96500,1055568.0
000533.SZ,2026-06-09 10:07:00,10.92,10.93,10.92,10.92,19200,209795.0
000533.SZ,2026-06-09 10:08:00,10.92,10.94,10.92,10.94,31700,346351.0
000533.SZ,2026-06-09 10:09:00,10.94,10.94,10.93,10.94,55000,601333.0
000533.SZ,2026-06-09 10:10:00,10.93,10.94,10.93,10.93,27900,305141.0
000533.SZ,2026-06-09 10:11:00,10.93,10.95,10.93,10.94,57900,633761.0
000533.SZ,2026-06-09 10:12:00,10.94,10.94,10.93,10.93,32600,356549.0
000533.SZ,2026-06-09 10:13:00,10.93,10.95,10.93,10.94,62200,680587.0
000533.SZ,2026-06-09 10:14:00,10.94,10.95,10.93,10.93,52600,575516.0
000533.SZ,2026-06-09 10:15:00,10.93,10.94,10.93,10.93,20700,226321.0
000533.SZ,2026-06-09 10:16:00,10.93,10.94,10.92,10.92,100700,1100152.0
000533.SZ,2026-06-09 10:17:00,10.91,10.92,10.91,10.92,71800,783833.0
000533.SZ,2026-06-09 10:18:00,10.92,10.93,10.91,10.92,68500,748087.0
000533.SZ,2026-06-09 10:19:00,10.92,10.93,10.92,10.93,67000,732033.0
000533.SZ,2026-06-09 10:20:00,10.93,10.93,10.91,10.93,104800,1144797.0
000533.SZ,2026-06-09 10:21:00,10.93,10.95,10.93,10.94,51100,558927.0
000533.SZ,2026-06-09 10:22:00,10.94,10.94,10.92,10.92,68800,752078.0
000533.SZ,2026-06-09 10:23:00,10.93,10.93,10.9,10.9,62500,682182.0
000533.SZ,2026-06-09 10:24:00,10.9,10.91,10.88,10.89,166300,1812452.0
000533.SZ,2026-06-09 10:25:00,10.89,10.9,10.89,10.89,55800,607907.0
000533.SZ,2026-06-09 10:26:00,10.9,10.91,10.9,10.9,24800,270358.0
000533.SZ,2026-06-09 10:27:00,10.91,10.91,10.9,10.91,12600,137419.0
000533.SZ,2026-06-09 10:28:00,10.91,10.93,10.91,10.93,40000,436612.0
000533.SZ,2026-06-09 10:29:00,10.93,10.96,10.93,10.95,74500,815095.0
000533.SZ,2026-06-09 10:30:00,10.96,10.96,10.95,10.95,38300,419653.0
000533.SZ,2026-06-09 10:31:00,10.96,10.96,10.95,10.96,108800,1192116.0
000533.SZ,2026-06-09 10:32:00,10.95,10.96,10.93,10.94,24600,269160.0
000533.SZ,2026-06-09 10:33:00,10.93,10.93,10.9,10.91,52800,576618.0
000533.SZ,2026-06-09 10:34:00,10.91,10.91,10.9,10.91,56700,618222.0
000533.SZ,2026-06-09 10:35:00,10.91,10.91,10.9,10.91,38200,416583.0
000533.SZ,2026-06-09 10:36:00,10.9,10.91,10.89,10.89,67000,730229.0
000533.SZ,2026-06-09 10:37:00,10.89,10.9,10.88,10.89,72100,785020.0
000533.SZ,2026-06-09 10:38:00,10.88,10.9,10.88,10.89,31900,347395.0
000533.SZ,2026-06-09 10:39:00,10.89,10.9,10.89,10.9,11700,127483.0
000533.SZ,2026-06-09 10:40:00,10.9,10.9,10.87,10.88,127600,1388566.0
000533.SZ,2026-06-09 10:41:00,10.87,10.88,10.87,10.87,38000,413214.0
000533.SZ,2026-06-09 10:42:00,10.87,10.89,10.87,10.88,55900,608038.0
000533.SZ,2026-06-09 10:43:00,10.88,10.89,10.87,10.88,124200,1351207.0
000533.SZ,2026-06-09 10:44:00,10.88,10.88,10.86,10.86,61300,666112.0
000533.SZ,2026-06-09 10:45:00,10.86,10.86,10.85,10.86,110600,1201264.0
000533.SZ,2026-06-09 10:46:00,10.85,10.86,10.85,10.85,80200,870926.0
000533.SZ,2026-06-09 10:47:00,10.85,10.86,10.85,10.86,35400,384207.0
000533.SZ,2026-06-09 10:48:00,10.85,10.87,10.85,10.87,49800,540932.0
000533.SZ,2026-06-09 10:49:00,10.86,10.87,10.85,10.85,84100,913490.0
000533.SZ,2026-06-09 10:50:00,10.86,10.87,10.85,10.85,15800,171549.0
000533.SZ,2026-06-09 10:51:00,10.86,10.88,10.86,10.86,129000,1402092.0
000533.SZ,2026-06-09 10:52:00,10.86,10.87,10.81,10.81,205400,2226657.0
000533.SZ,2026-06-09 10:53:00,10.81,10.83,10.81,10.83,87700,948454.0
000533.SZ,2026-06-09 10:54:00,10.82,10.83,10.82,10.83,27500,297712.0
000533.SZ,2026-06-09 10:55:00,10.83,10.84,10.83,10.83,48700,527321.0
000533.SZ,2026-06-09 10:56:00,10.82,10.82,10.81,10.82,80300,868319.0
000533.SZ,2026-06-09 10:57:00,10.81,10.82,10.8,10.81,33200,358940.0
000533.SZ,2026-06-09 10:58:00,10.81,10.82,10.8,10.81,78700,850632.0
000533.SZ,2026-06-09 10:59:00,10.82,10.83,10.82,10.83,134800,1458704.0
000533.SZ,2026-06-09 11:00:00,10.83,10.84,10.83,10.83,80700,874007.0
000533.SZ,2026-06-09 11:01:00,10.84,10.84,10.83,10.83,86200,934095.0
000533.SZ,2026-06-09 11:02:00,10.84,10.85,10.84,10.85,43100,467389.0
000533.SZ,2026-06-09 11:03:00,10.85,10.86,10.84,10.86,18535,201103.4
000533.SZ,2026-06-09 11:04:00,10.86,10.86,10.82,10.83,92365,1001245.6
000533.SZ,2026-06-09 11:05:00,10.83,10.84,10.83,10.83,56700,614198.0
000533.SZ,2026-06-09 11:06:00,10.82,10.83,10.82,10.82,9700,104970.0
000533.SZ,2026-06-09 11:07:00,10.82,10.85,10.82,10.85,30400,329266.0
000533.SZ,2026-06-09 11:08:00,10.85,10.85,10.84,10.84,13600,147527.0
000533.SZ,2026-06-09 11:09:00,10.85,10.86,10.84,10.85,50600,549229.0
000533.SZ,2026-06-09 11:10:00,10.86,10.93,10.86,10.93,154500,1683470.0
000533.SZ,2026-06-09 11:11:00,10.93,10.93,10.9,10.9,30300,330897.0
000533.SZ,2026-06-09 11:12:00,10.9,10.91,10.9,10.91,41300,450326.0
000533.SZ,2026-06-09 11:13:00,10.91,10.91,10.89,10.89,12000,130781.0
000533.SZ,2026-06-09 11:14:00,10.89,10.9,10.89,10.89,17600,191679.0
000533.SZ,2026-06-09 11:15:00,10.89,10.9,10.89,10.9,20700,225520.0
000533.SZ,2026-06-09 11:16:00,10.89,10.9,10.88,10.88,9200,100192.0
000533.SZ,2026-06-09 11:17:00,10.88,10.9,10.88,10.88,12900,140447.0
000533.SZ,2026-06-09 11:18:00,10.88,10.88,10.86,10.86,49800,541513.0
000533.SZ,2026-06-09 11:19:00,10.86,10.87,10.86,10.87,14400,156451.0
000533.SZ,2026-06-09 11:20:00,10.88,10.88,10.86,10.86,12000,130472.0
000533.SZ,2026-06-09 11:21:00,10.86,10.86,10.85,10.85,17400,188916.0
000533.SZ,2026-06-09 11:22:00,10.85,10.85,10.84,10.84,72300,784093.0
000533.SZ,2026-06-09 11:23:00,10.84,10.86,10.84,10.86,25500,276675.0
000533.SZ,2026-06-09 11:24:00,10.86,10.86,10.85,10.86,18600,201941.0
000533.SZ,2026-06-09 11:25:00,10.86,10.86,10.85,10.86,17400,188850.0
000533.SZ,2026-06-09 11:26:00,10.86,10.87,10.86,10.87,12800,139081.0
000533.SZ,2026-06-09 11:27:00,10.87,10.88,10.86,10.88,19700,214216.0
000533.SZ,2026-06-09 11:28:00,10.88,10.88,10.86,10.86,14200,154358.0
000533.SZ,2026-06-09 11:29:00,10.86,10.86,10.85,10.86,45500,493833.0
000533.SZ,2026-06-09 11:30:00,10.87,10.88,10.87,10.87,45700,497040.0
000533.SZ,2026-06-09 13:01:00,10.87,10.92,10.87,10.92,115900,1262793.0
000533.SZ,2026-06-09 13:02:00,10.93,10.95,10.93,10.94,71700,784293.0
000533.SZ,2026-06-09 13:03:00,10.94,10.94,10.92,10.92,43400,474314.0
000533.SZ,2026-06-09 13:04:00,10.92,10.93,10.91,10.91,44200,482522.0
000533.SZ,2026-06-09 13:05:00,10.9,10.91,10.89,10.9,66300,722771.0
000533.SZ,2026-06-09 13:06:00,10.9,10.9,10.88,10.88,42000,457535.0
000533.SZ,2026-06-09 13:07:00,10.88,10.89,10.88,10.89,48300,525826.0
000533.SZ,2026-06-09 13:08:00,10.89,10.92,10.89,10.9,47000,512463.0
000533.SZ,2026-06-09 13:09:00,10.91,10.91,10.88,10.9,35800,390081.0
000533.SZ,2026-06-09 13:10:00,10.88,10.89,10.88,10.88,46700,508298.0
000533.SZ,2026-06-09 13:11:00,10.88,10.89,10.87,10.87,64400,700329.0
000533.SZ,2026-06-09 13:12:00,10.87,10.9,10.87,10.9,85300,928235.0
000533.SZ,2026-06-09 13:13:00,10.9,10.9,10.89,10.9,12800,139478.0
000533.SZ,2026-06-09 13:14:00,10.89,10.9,10.89,10.9,36500,397812.0
000533.SZ,2026-06-09 13:15:00,10.91,10.92,10.91,10.91,70300,767570.0
000533.SZ,2026-06-09 13:16:00,10.91,10.93,10.91,10.92,21500,234743.0
000533.SZ,2026-06-09 13:17:00,10.92,10.92,10.9,10.9,19200,209534.0
000533.SZ,2026-06-09 13:18:00,10.9,10.91,10.9,10.91,85100,927859.0
000533.SZ,2026-06-09 13:19:00,10.91,10.93,10.9,10.93,78200,853686.0
000533.SZ,2026-06-09 13:20:00,10.93,10.93,10.91,10.92,38100,416176.0
000533.SZ,2026-06-09 13:21:00,10.92,10.95,10.91,10.95,131300,1435565.0
000533.SZ,2026-06-09 13:22:00,10.94,10.95,10.93,10.94,50600,553725.0
000533.SZ,2026-06-09 13:23:00,10.94,10.97,10.94,10.97,275300,3016191.0
000533.SZ,2026-06-09 13:24:00,10.96,10.97,10.95,10.95,97000,1063323.0
000533.SZ,2026-06-09 13:25:00,10.95,10.96,10.95,10.95,31700,347224.0
000533.SZ,2026-06-09 13:26:00,10.95,10.96,10.95,10.95,45300,496174.0
000533.SZ,2026-06-09 13:27:00,10.95,10.97,10.94,10.97,197300,2161943.0
000533.SZ,2026-06-09 13:28:00,10.97,10.98,10.96,10.96,114500,1256499.0
000533.SZ,2026-06-09 13:29:00,10.96,10.97,10.96,10.97,40600,445020.0
000533.SZ,2026-06-09 13:30:00,10.97,10.97,10.95,10.95,28900,316713.0
000533.SZ,2026-06-09 13:31:00,10.95,10.98,10.95,10.98,135600,1487043.0
000533.SZ,2026-06-09 13:32:00,10.99,11.03,10.99,11.01,886700,9753197.0
000533.SZ,2026-06-09 13:33:00,11.01,11.03,11.01,11.02,152900,1685500.0
000533.SZ,2026-06-09 13:34:00,11.03,11.04,11.03,11.03,263700,2909984.0
000533.SZ,2026-06-09 13:35:00,11.02,11.02,11.01,11.01,98200,1082443.0
000533.SZ,2026-06-09 13:36:00,11.01,11.01,11.0,11.01,72400,796784.0
000533.SZ,2026-06-09 13:37:00,11.01,11.02,11.01,11.02,119500,1316399.0
000533.SZ,2026-06-09 13:38:00,11.02,11.02,11.0,11.0,144700,1593167.0
000533.SZ,2026-06-09 13:39:00,11.0,11.0,10.97,10.97,98200,1079131.0
000533.SZ,2026-06-09 13:40:00,10.98,10.99,10.98,10.98,85300,937234.0
000533.SZ,2026-06-09 13:41:00,10.98,10.98,10.97,10.97,105600,1158873.0
000533.SZ,2026-06-09 13:42:00,10.96,10.97,10.96,10.97,29700,325625.0
000533.SZ,2026-06-09 13:43:00,10.96,10.97,10.96,10.96,24700,270896.0
000533.SZ,2026-06-09 13:44:00,10.96,10.98,10.95,10.96,128000,1403379.0
000533.SZ,2026-06-09 13:45:00,10.98,10.99,10.97,10.98,50000,548895.0
000533.SZ,2026-06-09 13:46:00,10.98,10.98,10.95,10.97,76800,841809.0
000533.SZ,2026-06-09 13:47:00,10.96,10.99,10.96,10.99,43600,478484.0
000533.SZ,2026-06-09 13:48:00,10.98,10.99,10.98,10.99,48000,527604.0
000533.SZ,2026-06-09 13:49:00,11.0,11.07,11.0,11.07,833800,9195066.0
000533.SZ,2026-06-09 13:50:00,11.07,11.07,11.03,11.04,160900,1777978.0
000533.SZ,2026-06-09 13:51:00,11.03,11.04,11.03,11.04,69800,770170.0
000533.SZ,2026-06-09 13:52:00,11.04,11.04,11.03,11.03,50400,556165.0
000533.SZ,2026-06-09 13:53:00,11.03,11.04,11.03,11.03,98400,1085594.0
000533.SZ,2026-06-09 13:54:00,11.03,11.03,11.02,11.03,53900,594261.0
000533.SZ,2026-06-09 13:55:00,11.02,11.03,11.02,11.03,32800,361633.0
000533.SZ,2026-06-09 13:56:00,11.02,11.03,11.02,11.03,32500,358285.0
000533.SZ,2026-06-09 13:57:00,11.02,11.03,11.02,11.03,27400,302108.0
000533.SZ,2026-06-09 13:58:00,11.02,11.03,11.02,11.03,35300,389154.0
000533.SZ,2026-06-09 13:59:00,11.02,11.03,11.01,11.01,81400,896783.0
000533.SZ,2026-06-09 14:00:00,11.0,11.01,10.99,10.99,69000,758501.0
000533.SZ,2026-06-09 14:01:00,10.99,11.01,10.99,11.01,69800,767522.0
000533.SZ,2026-06-09 14:02:00,11.01,11.02,11.01,11.01,29200,321503.0
000533.SZ,2026-06-09 14:03:00,11.02,11.03,11.02,11.02,56100,618330.0
000533.SZ,2026-06-09 14:04:00,11.02,11.04,11.02,11.04,124500,1373169.0
000533.SZ,2026-06-09 14:05:00,11.04,11.05,11.04,11.04,196600,2171529.0
000533.SZ,2026-06-09 14:06:00,11.04,11.05,11.04,11.04,30000,331395.0
000533.SZ,2026-06-09 14:07:00,11.05,11.06,11.05,11.05,106500,1176874.8
000533.SZ,2026-06-09 14:08:00,11.05,11.06,11.04,11.04,35200,388925.0
000533.SZ,2026-06-09 14:09:00,11.04,11.05,11.04,11.05,91600,1011977.0
000533.SZ,2026-06-09 14:10:00,11.06,11.06,11.05,11.06,92130,1018873.8
000533.SZ,2026-06-09 14:11:00,11.06,11.06,11.05,11.06,83470,923015.2
000533.SZ,2026-06-09 14:12:00,11.06,11.07,11.06,11.06,91430,1011117.8
000533.SZ,2026-06-09 14:13:00,11.06,11.06,11.05,11.06,26000,287411.0
000533.SZ,2026-06-09 14:14:00,11.05,11.06,11.05,11.06,43300,478730.0
000533.SZ,2026-06-09 14:15:00,11.06,11.06,11.04,11.05,178100,1968056.0
000533.SZ,2026-06-09 14:16:00,11.05,11.06,11.05,11.06,35800,395768.0
000533.SZ,2026-06-09 14:17:00,11.05,11.06,11.05,11.06,35600,393445.0
000533.SZ,2026-06-09 14:18:00,11.05,11.06,11.05,11.05,18200,201206.0
000533.SZ,2026-06-09 14:19:00,11.06,11.07,11.05,11.06,217200,2402138.0
000533.SZ,2026-06-09 14:20:00,11.06,11.07,11.06,11.07,48700,539005.0
000533.SZ,2026-06-09 14:21:00,11.06,11.07,11.06,11.07,46200,511260.0
000533.SZ,2026-06-09 14:22:00,11.07,11.08,11.07,11.08,85200,943417.0
000533.SZ,2026-06-09 14:23:00,11.08,11.1,11.08,11.1,254700,2823510.0
000533.SZ,2026-06-09 14:24:00,11.1,11.11,11.09,11.11,224900,2496989.0
000533.SZ,2026-06-09 14:25:00,11.11,11.11,11.1,11.11,134000,1487756.0
000533.SZ,2026-06-09 14:26:00,11.11,11.13,11.1,11.12,123500,1372647.0
000533.SZ,2026-06-09 14:27:00,11.12,11.13,11.11,11.12,107800,1198881.0
000533.SZ,2026-06-09 14:28:00,11.12,11.13,11.11,11.13,114900,1277624.0
000533.SZ,2026-06-09 14:29:00,11.13,11.13,11.12,11.12,92300,1026625.0
000533.SZ,2026-06-09 14:30:00,11.12,11.13,11.12,11.12,37000,411761.0
000533.SZ,2026-06-09 14:31:00,11.12,11.14,11.12,11.14,85600,952730.0
000533.SZ,2026-06-09 14:32:00,11.14,11.15,11.14,11.14,180400,2009770.0
000533.SZ,2026-06-09 14:33:00,11.14,11.14,11.12,11.12,137200,1526507.0
000533.SZ,2026-06-09 14:34:00,11.13,11.13,11.12,11.12,58300,648485.0
000533.SZ,2026-06-09 14:35:00,11.13,11.13,11.12,11.12,26400,293643.0
000533.SZ,2026-06-09 14:36:00,11.12,11.13,11.11,11.11,165300,1837977.0
000533.SZ,2026-06-09 14:37:00,11.11,11.12,11.1,11.12,122900,1365487.0
000533.SZ,2026-06-09 14:38:00,11.12,11.13,11.12,11.12,114200,1269960.0
000533.SZ,2026-06-09 14:39:00,11.12,11.12,11.1,11.1,198900,2209803.0
000533.SZ,2026-06-09 14:40:00,11.1,11.11,11.1,11.11,87100,967339.0
000533.SZ,2026-06-09 14:41:00,11.11,11.12,11.11,11.12,49800,553585.0
000533.SZ,2026-06-09 14:42:00,11.11,11.12,11.11,11.12,75200,835999.0
000533.SZ,2026-06-09 14:43:00,11.12,11.12,11.11,11.11,69800,775599.0
000533.SZ,2026-06-09 14:44:00,11.11,11.11,11.1,11.1,96500,1071779.0
000533.SZ,2026-06-09 14:45:00,11.1,11.11,11.1,11.11,210400,2336346.0
000533.SZ,2026-06-09 14:46:00,11.11,11.11,11.1,11.1,68800,764176.0
000533.SZ,2026-06-09 14:47:00,11.1,11.12,11.1,11.11,234200,2601934.0
000533.SZ,2026-06-09 14:48:00,11.11,11.12,11.11,11.11,153900,1709455.0
000533.SZ,2026-06-09 14:49:00,11.11,11.13,11.11,11.13,160800,1788032.0
000533.SZ,2026-06-09 14:50:00,11.13,11.13,11.12,11.13,65600,729965.0
000533.SZ,2026-06-09 14:51:00,11.12,11.13,11.1,11.12,339000,3768748.0
000533.SZ,2026-06-09 14:52:00,11.12,11.12,11.11,11.11,152200,1691158.0
000533.SZ,2026-06-09 14:53:00,11.11,11.12,11.1,11.1,159700,1773827.0
000533.SZ,2026-06-09 14:54:00,11.11,11.11,11.1,11.1,372100,4131503.0
000533.SZ,2026-06-09 14:55:00,11.1,11.11,11.09,11.09,147300,1634184.0
000533.SZ,2026-06-09 14:56:00,11.09,11.09,11.08,11.09,285500,3166334.0
000533.SZ,2026-06-09 14:57:00,11.08,11.09,11.07,11.07,230900,2559024.0
000533.SZ,2026-06-09 14:58:00,11.07,11.07,11.07,11.07,0,0.0
000533.SZ,2026-06-09 14:59:00,11.07,11.07,11.07,11.07,0,0.0
000533.SZ,2026-06-09 15:00:00,11.08,11.08,11.08,11.08,353300,3914564.0
000533.SZ,2026-06-10 09:30:00,10.96,10.96,10.96,10.96,94200,1032432.0
000533.SZ,2026-06-10 09:31:00,10.95,10.95,10.86,10.9,693700,7570755.0
000533.SZ,2026-06-10 09:32:00,10.94,10.94,10.89,10.89,205800,2245041.0
000533.SZ,2026-06-10 09:33:00,10.89,10.89,10.8,10.82,595400,6449659.0
000533.SZ,2026-06-10 09:34:00,10.82,10.84,10.82,10.82,362300,3921972.0
000533.SZ,2026-06-10 09:35:00,10.82,10.89,10.81,10.89,465200,5043667.0
000533.SZ,2026-06-10 09:36:00,10.89,10.89,10.8,10.8,280300,3038203.0
000533.SZ,2026-06-10 09:37:00,10.8,10.82,10.78,10.82,912700,9857541.0
000533.SZ,2026-06-10 09:38:00,10.83,10.83,10.8,10.81,168100,1817079.0
000533.SZ,2026-06-10 09:39:00,10.81,10.82,10.79,10.79,186600,2015502.0
000533.SZ,2026-06-10 09:40:00,10.79,10.8,10.76,10.77,425600,4587611.0
000533.SZ,2026-06-10 09:41:00,10.77,10.79,10.77,10.79,416544,4488754.5
000533.SZ,2026-06-10 09:42:00,10.79,10.8,10.77,10.77,170300,1837248.0
000533.SZ,2026-06-10 09:43:00,10.78,10.78,10.75,10.76,287156,3090609.5
000533.SZ,2026-06-10 09:44:00,10.75,10.75,10.73,10.73,277300,2977927.0
000533.SZ,2026-06-10 09:45:00,10.73,10.75,10.71,10.73,344600,3695933.0
000533.SZ,2026-06-10 09:46:00,10.73,10.79,10.72,10.78,222000,2387923.0
000533.SZ,2026-06-10 09:47:00,10.78,10.82,10.76,10.78,104900,1131977.0
000533.SZ,2026-06-10 09:48:00,10.76,10.81,10.76,10.81,136100,1468596.0
000533.SZ,2026-06-10 09:49:00,10.82,10.83,10.81,10.83,135200,1463081.0
000533.SZ,2026-06-10 09:50:00,10.83,10.83,10.8,10.83,312000,3373211.0
000533.SZ,2026-06-10 09:51:00,10.84,10.86,10.83,10.85,178200,1933147.0
000533.SZ,2026-06-10 09:52:00,10.85,10.87,10.84,10.86,119000,1291211.0
000533.SZ,2026-06-10 09:53:00,10.87,10.87,10.85,10.86,110700,1202028.0
000533.SZ,2026-06-10 09:54:00,10.86,10.9,10.86,10.88,156500,1703071.0
000533.SZ,2026-06-10 09:55:00,10.89,10.89,10.86,10.86,119100,1295566.0
000533.SZ,2026-06-10 09:56:00,10.86,10.87,10.86,10.87,129200,1403184.0
000533.SZ,2026-06-10 09:57:00,10.86,10.87,10.85,10.85,141000,1531303.0
000533.SZ,2026-06-10 09:58:00,10.86,10.86,10.85,10.85,79200,859684.0
000533.SZ,2026-06-10 09:59:00,10.85,10.85,10.81,10.82,137200,1484576.0
000533.SZ,2026-06-10 10:00:00,10.81,10.84,10.81,10.82,132200,1430560.0
000533.SZ,2026-06-10 10:01:00,10.82,10.82,10.79,10.79,116200,1255091.0
000533.SZ,2026-06-10 10:02:00,10.79,10.81,10.79,10.79,101500,1095660.0
000533.SZ,2026-06-10 10:03:00,10.8,10.81,10.8,10.8,26000,280795.0
000533.SZ,2026-06-10 10:04:00,10.79,10.8,10.78,10.78,57900,624760.0
000533.SZ,2026-06-10 10:05:00,10.79,10.79,10.76,10.76,78600,847027.0
000533.SZ,2026-06-10 10:06:00,10.76,10.78,10.75,10.78,124800,1343212.0
000533.SZ,2026-06-10 10:07:00,10.78,10.79,10.78,10.78,67500,727935.0
000533.SZ,2026-06-10 10:08:00,10.78,10.79,10.78,10.78,105100,1133180.0
000533.SZ,2026-06-10 10:09:00,10.78,10.78,10.77,10.78,65800,709013.0
000533.SZ,2026-06-10 10:10:00,10.78,10.78,10.76,10.78,179400,1932418.0
000533.SZ,2026-06-10 10:11:00,10.78,10.79,10.76,10.76,152700,1646186.0
000533.SZ,2026-06-10 10:12:00,10.76,10.78,10.76,10.76,84300,907552.0
000533.SZ,2026-06-10 10:13:00,10.77,10.77,10.76,10.77,31800,342236.0
000533.SZ,2026-06-10 10:14:00,10.76,10.77,10.75,10.75,53800,578903.0
000533.SZ,2026-06-10 10:15:00,10.76,10.78,10.76,10.77,116400,1253087.0
000533.SZ,2026-06-10 10:16:00,10.76,10.78,10.76,10.78,92500,995836.0
000533.SZ,2026-06-10 10:17:00,10.78,10.78,10.75,10.75,298700,3213507.0
000533.SZ,2026-06-10 10:18:00,10.75,10.75,10.73,10.74,120100,1289876.0
000533.SZ,2026-06-10 10:19:00,10.74,10.74,10.73,10.74,64200,689416.0
000533.SZ,2026-06-10 10:20:00,10.74,10.74,10.72,10.72,107600,1154370.0
000533.SZ,2026-06-10 10:21:00,10.72,10.73,10.72,10.73,127700,1369119.0
000533.SZ,2026-06-10 10:22:00,10.71,10.74,10.71,10.73,102000,1094387.0
000533.SZ,2026-06-10 10:23:00,10.73,10.74,10.73,10.73,48400,519643.0
000533.SZ,2026-06-10 10:24:00,10.74,10.74,10.73,10.73,131500,1411188.0
000533.SZ,2026-06-10 10:25:00,10.73,10.74,10.72,10.73,75800,813135.0
000533.SZ,2026-06-10 10:26:00,10.72,10.73,10.72,10.72,111200,1192334.0
000533.SZ,2026-06-10 10:27:00,10.73,10.73,10.72,10.72,64000,686261.0
000533.SZ,2026-06-10 10:28:00,10.73,10.73,10.71,10.72,122200,1309394.0
000533.SZ,2026-06-10 10:29:00,10.71,10.72,10.71,10.71,56500,605223.0
000533.SZ,2026-06-10 10:30:00,10.71,10.71,10.7,10.71,237700,2545112.0
000533.SZ,2026-06-10 10:31:00,10.71,10.71,10.68,10.68,345200,3692759.0
000533.SZ,2026-06-10 10:32:00,10.68,10.69,10.66,10.68,194200,2073111.0
000533.SZ,2026-06-10 10:33:00,10.68,10.69,10.67,10.67,122800,1311427.0
000533.SZ,2026-06-10 10:34:00,10.67,10.68,10.67,10.68,120200,1282910.0
000533.SZ,2026-06-10 10:35:00,10.67,10.68,10.67,10.68,51300,547409.0
000533.SZ,2026-06-10 10:36:00,10.68,10.68,10.66,10.66,62800,670160.0
000533.SZ,2026-06-10 10:37:00,10.66,10.67,10.66,10.66,72900,777537.0
000533.SZ,2026-06-10 10:38:00,10.67,10.67,10.66,10.67,53300,568528.0
000533.SZ,2026-06-10 10:39:00,10.67,10.67,10.66,10.66,83500,890535.0
000533.SZ,2026-06-10 10:40:00,10.66,10.66,10.65,10.65,96900,1032409.0
000533.SZ,2026-06-10 10:41:00,10.65,10.66,10.64,10.65,109300,1163679.0
000533.SZ,2026-06-10 10:42:00,10.65,10.66,10.64,10.65,80700,859295.0
000533.SZ,2026-06-10 10:43:00,10.65,10.67,10.65,10.67,66700,710970.0
000533.SZ,2026-06-10 10:44:00,10.67,10.67,10.66,10.67,67900,724270.0
000533.SZ,2026-06-10 10:45:00,10.66,10.67,10.66,10.67,70000,746422.0
000533.SZ,2026-06-10 10:46:00,10.66,10.68,10.66,10.68,87100,929167.0
000533.SZ,2026-06-10 10:47:00,10.68,10.69,10.67,10.67,119700,1278048.0
000533.SZ,2026-06-10 10:48:00,10.67,10.68,10.65,10.66,100800,1074758.0
000533.SZ,2026-06-10 10:49:00,10.66,10.66,10.64,10.64,115200,1226455.0
000533.SZ,2026-06-10 10:50:00,10.65,10.67,10.65,10.66,68500,729931.0
000533.SZ,2026-06-10 10:51:00,10.66,10.67,10.66,10.67,36800,392395.0
000533.SZ,2026-06-10 10:52:00,10.68,10.69,10.67,10.68,15000,160180.0
000533.SZ,2026-06-10 10:53:00,10.69,10.69,10.67,10.68,40500,432541.0
000533.SZ,2026-06-10 10:54:00,10.67,10.68,10.65,10.66,58900,628145.0
000533.SZ,2026-06-10 10:55:00,10.66,10.66,10.63,10.64,91000,968739.0
000533.SZ,2026-06-10 10:56:00,10.63,10.64,10.62,10.63,100100,1064142.0
000533.SZ,2026-06-10 10:57:00,10.62,10.62,10.6,10.6,257700,2734325.0
000533.SZ,2026-06-10 10:58:00,10.6,10.62,10.6,10.61,183700,1948079.0
000533.SZ,2026-06-10 10:59:00,10.61,10.63,10.61,10.62,26100,277251.0
000533.SZ,2026-06-10 11:00:00,10.62,10.62,10.61,10.62,25700,272770.0
000533.SZ,2026-06-10 11:01:00,10.62,10.62,10.6,10.61,172400,1828046.0
000533.SZ,2026-06-10 11:02:00,10.61,10.63,10.61,10.63,51900,551085.0
000533.SZ,2026-06-10 11:03:00,10.63,10.64,10.62,10.63,92900,987550.0
000533.SZ,2026-06-10 11:04:00,10.63,10.63,10.61,10.62,57600,611371.0
000533.SZ,2026-06-10 11:05:00,10.61,10.61,10.58,10.61,143300,1518888.0
000533.SZ,2026-06-10 11:06:00,10.6,10.61,10.58,10.6,112300,1189927.0
000533.SZ,2026-06-10 11:07:00,10.59,10.6,10.59,10.59,41500,439741.0
000533.SZ,2026-06-10 11:08:00,10.59,10.6,10.57,10.57,76000,804005.0
000533.SZ,2026-06-10 11:09:00,10.57,10.6,10.56,10.6,103400,1093224.0
000533.SZ,2026-06-10 11:10:00,10.6,10.6,10.57,10.57,29300,310122.0
000533.SZ,2026-06-10 11:11:00,10.58,10.58,10.57,10.57,31500,332986.0
000533.SZ,2026-06-10 11:12:00,10.57,10.57,10.55,10.56,72700,767760.0
000533.SZ,2026-06-10 11:13:00,10.57,10.57,10.56,10.56,44800,473358.0
000533.SZ,2026-06-10 11:14:00,10.57,10.58,10.56,10.58,100500,1061744.0
000533.SZ,2026-06-10 11:15:00,10.58,10.59,10.58,10.59,105100,1113129.0
000533.SZ,2026-06-10 11:16:00,10.59,10.61,10.59,10.61,59000,625096.0
000533.SZ,2026-06-10 11:17:00,10.61,10.63,10.61,10.62,45000,477867.0
000533.SZ,2026-06-10 11:18:00,10.63,10.63,10.62,10.62,68300,725770.0
000533.SZ,2026-06-10 11:19:00,10.62,10.63,10.62,10.63,11400,121088.0
000533.SZ,2026-06-10 11:20:00,10.62,10.62,10.61,10.61,39200,416063.0
000533.SZ,2026-06-10 11:21:00,10.62,10.62,10.6,10.61,80600,854697.0
000533.SZ,2026-06-10 11:22:00,10.6,10.6,10.6,10.6,25900,274567.0
000533.SZ,2026-06-10 11:23:00,10.6,10.6,10.59,10.59,20600,218280.0
000533.SZ,2026-06-10 11:24:00,10.59,10.6,10.58,10.6,43200,457503.0
000533.SZ,2026-06-10 11:25:00,10.58,10.59,10.58,10.59,51300,543167.0
000533.SZ,2026-06-10 11:26:00,10.6,10.62,10.6,10.61,44700,474198.0
000533.SZ,2026-06-10 11:27:00,10.62,10.62,10.61,10.61,54200,575269.0
000533.SZ,2026-06-10 11:28:00,10.62,10.62,10.61,10.61,22300,236631.0
000533.SZ,2026-06-10 11:29:00,10.62,10.64,10.62,10.63,75500,802400.0
000533.SZ,2026-06-10 11:30:00,10.63,10.63,10.62,10.63,10600,112638.0
000533.SZ,2026-06-10 13:01:00,10.6,10.6,10.53,10.55,403500,4268209.0
000533.SZ,2026-06-10 13:02:00,10.55,10.55,10.54,10.55,164600,1735829.0
000533.SZ,2026-06-10 13:03:00,10.55,10.57,10.55,10.57,271000,2860095.0
000533.SZ,2026-06-10 13:04:00,10.56,10.6,10.56,10.6,209000,2211208.0
000533.SZ,2026-06-10 13:05:00,10.6,10.6,10.59,10.6,89900,952792.0
000533.SZ,2026-06-10 13:06:00,10.62,10.62,10.61,10.62,33900,359976.0
000533.SZ,2026-06-10 13:07:00,10.62,10.64,10.62,10.62,40600,431469.0
000533.SZ,2026-06-10 13:08:00,10.62,10.63,10.6,10.61,42500,451114.0
000533.SZ,2026-06-10 13:09:00,10.6,10.62,10.6,10.62,43300,459635.0
000533.SZ,2026-06-10 13:10:00,10.62,10.62,10.59,10.59,36700,389340.0
000533.SZ,2026-06-10 13:11:00,10.6,10.62,10.6,10.61,109600,1161924.0
000533.SZ,2026-06-10 13:12:00,10.62,10.66,10.62,10.66,71900,765157.0
000533.SZ,2026-06-10 13:13:00,10.66,10.66,10.64,10.65,54300,578208.0
000533.SZ,2026-06-10 13:14:00,10.64,10.65,10.62,10.64,38100,405199.0
000533.SZ,2026-06-10 13:15:00,10.64,10.64,10.63,10.64,33300,354260.0
000533.SZ,2026-06-10 13:16:00,10.64,10.64,10.64,10.64,21800,232010.0
000533.SZ,2026-06-10 13:17:00,10.64,10.67,10.64,10.67,74400,792472.0
000533.SZ,2026-06-10 13:18:00,10.67,10.68,10.66,10.67,46100,492015.0
000533.SZ,2026-06-10 13:19:00,10.67,10.67,10.66,10.67,25100,267709.0
000533.SZ,2026-06-10 13:20:00,10.66,10.67,10.66,10.67,14300,152528.0
000533.SZ,2026-06-10 13:21:00,10.67,10.68,10.66,10.66,80000,853444.0
000533.SZ,2026-06-10 13:22:00,10.65,10.66,10.62,10.63,45600,484803.0
000533.SZ,2026-06-10 13:23:00,10.64,10.67,10.64,10.66,137400,1462993.0
000533.SZ,2026-06-10 13:24:00,10.66,10.7,10.66,10.7,109700,1171966.0
000533.SZ,2026-06-10 13:25:00,10.69,10.7,10.68,10.68,50100,535254.0
000533.SZ,2026-06-10 13:26:00,10.67,10.67,10.65,10.65,33300,355141.0
000533.SZ,2026-06-10 13:27:00,10.67,10.68,10.66,10.68,75000,800672.0
000533.SZ,2026-06-10 13:28:00,10.68,10.69,10.67,10.67,25600,273436.0
000533.SZ,2026-06-10 13:29:00,10.67,10.68,10.67,10.67,16100,171835.0
000533.SZ,2026-06-10 13:30:00,10.67,10.68,10.67,10.67,37400,399172.0
000533.SZ,2026-06-10 13:31:00,10.67,10.68,10.63,10.64,66200,705092.0
000533.SZ,2026-06-10 13:32:00,10.63,10.64,10.63,10.63,31200,331866.0
000533.SZ,2026-06-10 13:33:00,10.64,10.67,10.64,10.66,90132,959972.1
000533.SZ,2026-06-10 13:34:00,10.66,10.66,10.63,10.63,52568,559375.9
000533.SZ,2026-06-10 13:35:00,10.64,10.64,10.63,10.63,10300,109505.0
000533.SZ,2026-06-10 13:36:00,10.63,10.66,10.62,10.66,125100,1330746.0
000533.SZ,2026-06-10 13:37:00,10.65,10.66,10.65,10.65,42000,447425.0
000533.SZ,2026-06-10 13:38:00,10.65,10.67,10.65,10.66,55800,594840.0
000533.SZ,2026-06-10 13:39:00,10.65,10.65,10.64,10.65,30100,320407.0
000533.SZ,2026-06-10 13:40:00,10.64,10.64,10.63,10.63,111000,1180889.0
000533.SZ,2026-06-10 13:41:00,10.64,10.65,10.64,10.65,113200,1204848.0
000533.SZ,2026-06-10 13:42:00,10.65,10.66,10.65,10.66,38400,409225.0
000533.SZ,2026-06-10 13:43:00,10.66,10.67,10.65,10.66,42900,457225.0
000533.SZ,2026-06-10 13:44:00,10.66,10.67,10.65,10.65,33200,353767.0
000533.SZ,2026-06-10 13:45:00,10.64,10.65,10.63,10.65,26300,279738.0
000533.SZ,2026-06-10 13:46:00,10.63,10.66,10.63,10.66,11900,126738.0
000533.SZ,2026-06-10 13:47:00,10.66,10.66,10.64,10.64,59400,632701.0
000533.SZ,2026-06-10 13:48:00,10.64,10.64,10.63,10.63,22800,242442.0
000533.SZ,2026-06-10 13:49:00,10.63,10.63,10.61,10.61,55700,591682.0
000533.SZ,2026-06-10 13:50:00,10.61,10.62,10.61,10.61,64600,685616.0
000533.SZ,2026-06-10 13:51:00,10.61,10.61,10.6,10.6,65900,698997.0
000533.SZ,2026-06-10 13:52:00,10.6,10.6,10.6,10.6,55900,592558.0
000533.SZ,2026-06-10 13:53:00,10.61,10.63,10.61,10.63,53900,572200.0
000533.SZ,2026-06-10 13:54:00,10.63,10.68,10.63,10.67,182100,1941603.0
000533.SZ,2026-06-10 13:55:00,10.66,10.67,10.66,10.67,35700,380847.0
000533.SZ,2026-06-10 13:56:00,10.67,10.7,10.67,10.69,129400,1382679.0
000533.SZ,2026-06-10 13:57:00,10.69,10.72,10.69,10.72,201200,2153989.0
000533.SZ,2026-06-10 13:58:00,10.72,10.74,10.71,10.73,201500,2160698.0
000533.SZ,2026-06-10 13:59:00,10.73,10.73,10.71,10.72,64400,690471.0
000533.SZ,2026-06-10 14:00:00,10.71,10.72,10.71,10.71,79500,851804.0
000533.SZ,2026-06-10 14:01:00,10.73,10.74,10.73,10.74,54800,588091.0
000533.SZ,2026-06-10 14:02:00,10.74,10.74,10.72,10.72,102200,1097406.0
000533.SZ,2026-06-10 14:03:00,10.72,10.73,10.7,10.7,83300,892873.0
000533.SZ,2026-06-10 14:04:00,10.7,10.7,10.68,10.68,53600,573152.0
000533.SZ,2026-06-10 14:05:00,10.68,10.69,10.66,10.67,87900,938353.0
000533.SZ,2026-06-10 14:06:00,10.67,10.68,10.67,10.68,27900,297841.0
000533.SZ,2026-06-10 14:07:00,10.67,10.67,10.65,10.65,54300,578969.0
000533.SZ,2026-06-10 14:08:00,10.66,10.67,10.65,10.67,35400,377497.0
000533.SZ,2026-06-10 14:09:00,10.68,10.69,10.68,10.69,28900,308695.0
000533.SZ,2026-06-10 14:10:00,10.7,10.71,10.68,10.68,75800,810812.0
000533.SZ,2026-06-10 14:11:00,10.68,10.7,10.67,10.69,24300,259536.0
000533.SZ,2026-06-10 14:12:00,10.69,10.71,10.69,10.7,23100,247147.0
000533.SZ,2026-06-10 14:13:00,10.7,10.72,10.7,10.71,135100,1447090.0
000533.SZ,2026-06-10 14:14:00,10.71,10.72,10.7,10.7,16900,180968.0
000533.SZ,2026-06-10 14:15:00,10.7,10.7,10.69,10.69,37200,398054.0
000533.SZ,2026-06-10 14:16:00,10.69,10.7,10.69,10.69,51600,551631.0
000533.SZ,2026-06-10 14:17:00,10.69,10.7,10.68,10.68,36400,389116.0
000533.SZ,2026-06-10 14:18:00,10.68,10.7,10.67,10.7,100200,1070998.0
000533.SZ,2026-06-10 14:19:00,10.7,10.71,10.7,10.71,34800,372659.0
000533.SZ,2026-06-10 14:20:00,10.71,10.73,10.71,10.73,113200,1213870.0
000533.SZ,2026-06-10 14:21:00,10.73,10.77,10.73,10.76,106200,1141568.0
000533.SZ,2026-06-10 14:22:00,10.76,10.77,10.73,10.75,73000,784952.0
000533.SZ,2026-06-10 14:23:00,10.74,10.75,10.74,10.74,24800,266424.0
000533.SZ,2026-06-10 14:24:00,10.74,10.74,10.72,10.72,39500,423884.0
000533.SZ,2026-06-10 14:25:00,10.72,10.72,10.69,10.71,94100,1007423.0
000533.SZ,2026-06-10 14:26:00,10.71,10.72,10.71,10.71,36600,391924.0
000533.SZ,2026-06-10 14:27:00,10.71,10.72,10.7,10.72,54500,583470.0
000533.SZ,2026-06-10 14:28:00,10.72,10.72,10.71,10.72,32400,347215.0
000533.SZ,2026-06-10 14:29:00,10.72,10.74,10.71,10.73,194700,2087440.0
000533.SZ,2026-06-10 14:30:00,10.72,10.74,10.72,10.73,26100,280066.0
000533.SZ,2026-06-10 14:31:00,10.73,10.75,10.72,10.72,99200,1065088.0
000533.SZ,2026-06-10 14:32:00,10.72,10.74,10.72,10.74,58500,627915.0
000533.SZ,2026-06-10 14:33:00,10.75,10.75,10.74,10.75,26600,285802.0
000533.SZ,2026-06-10 14:34:00,10.74,10.76,10.72,10.73,95400,1024579.0
000533.SZ,2026-06-10 14:35:00,10.73,10.75,10.72,10.73,45300,486512.0
000533.SZ,2026-06-10 14:36:00,10.72,10.72,10.71,10.72,45400,486668.0
000533.SZ,2026-06-10 14:37:00,10.72,10.73,10.71,10.71,69600,746062.0
000533.SZ,2026-06-10 14:38:00,10.72,10.73,10.72,10.72,82400,883785.0
000533.SZ,2026-06-10 14:39:00,10.72,10.74,10.72,10.74,83900,900195.0
000533.SZ,2026-06-10 14:40:00,10.74,10.75,10.73,10.73,200400,2151412.0
000533.SZ,2026-06-10 14:41:00,10.73,10.73,10.71,10.71,63700,682907.0
000533.SZ,2026-06-10 14:42:00,10.71,10.71,10.7,10.71,57300,613631.0
000533.SZ,2026-06-10 14:43:00,10.71,10.72,10.7,10.71,88600,948974.0
000533.SZ,2026-06-10 14:44:00,10.7,10.73,10.7,10.72,208000,2229657.0
000533.SZ,2026-06-10 14:45:00,10.73,10.74,10.73,10.73,105400,1131088.0
000533.SZ,2026-06-10 14:46:00,10.73,10.73,10.72,10.73,78800,845370.0
000533.SZ,2026-06-10 14:47:00,10.72,10.73,10.72,10.72,88900,953507.0
000533.SZ,2026-06-10 14:48:00,10.72,10.72,10.7,10.7,119500,1279634.0
000533.SZ,2026-06-10 14:49:00,10.71,10.72,10.7,10.7,105500,1129306.0
000533.SZ,2026-06-10 14:50:00,10.71,10.72,10.7,10.72,145200,1555354.0
000533.SZ,2026-06-10 14:51:00,10.73,10.75,10.72,10.75,280900,3015221.0
000533.SZ,2026-06-10 14:52:00,10.75,10.75,10.73,10.73,169000,1814345.0
000533.SZ,2026-06-10 14:53:00,10.73,10.74,10.72,10.72,66402,712380.44
000533.SZ,2026-06-10 14:54:00,10.72,10.73,10.72,10.72,136198,1460675.5
000533.SZ,2026-06-10 14:55:00,10.72,10.73,10.71,10.71,161100,1726027.0
000533.SZ,2026-06-10 14:56:00,10.71,10.72,10.71,10.71,186000,1992416.0
000533.SZ,2026-06-10 14:57:00,10.71,10.72,10.7,10.72,352200,3773180.0
000533.SZ,2026-06-10 14:58:00,10.72,10.72,10.72,10.72,0,0.0
000533.SZ,2026-06-10 14:59:00,10.72,10.72,10.72,10.72,0,0.0
000533.SZ,2026-06-10 15:00:00,10.7,10.7,10.7,10.7,191998,2054378.6
000533.SZ,2026-06-11 09:30:00,10.56,10.56,10.54,10.55,136300,1438991.0
000533.SZ,2026-06-11 09:31:00,10.53,10.68,10.51,10.63,695300,7349303.0
000533.SZ,2026-06-11 09:32:00,10.67,10.67,10.63,10.64,170300,1812552.0
000533.SZ,2026-06-11 09:33:00,10.64,10.65,10.54,10.58,170600,1809387.0
000533.SZ,2026-06-11 09:34:00,10.57,10.57,10.52,10.53,370800,3908671.0
000533.SZ,2026-06-11 09:35:00,10.53,10.53,10.48,10.49,555900,5836654.0
000533.SZ,2026-06-11 09:36:00,10.5,10.53,10.5,10.5,289500,3044060.0
000533.SZ,2026-06-11 09:37:00,10.5,10.52,10.48,10.5,282200,2962618.0
000533.SZ,2026-06-11 09:38:00,10.5,10.52,10.5,10.52,199400,2094705.0
000533.SZ,2026-06-11 09:39:00,10.5,10.51,10.44,10.45,268800,2816614.0
000533.SZ,2026-06-11 09:40:00,10.44,10.45,10.39,10.45,301457,3139663.2
000533.SZ,2026-06-11 09:41:00,10.46,10.47,10.44,10.44,193100,2019548.0
000533.SZ,2026-06-11 09:42:00,10.46,10.48,10.46,10.47,348100,3644610.0
000533.SZ,2026-06-11 09:43:00,10.47,10.51,10.47,10.49,190600,1998447.0
000533.SZ,2026-06-11 09:44:00,10.49,10.52,10.47,10.51,127900,1341028.0
000533.SZ,2026-06-11 09:45:00,10.52,10.52,10.5,10.5,119500,1256676.0
000533.SZ,2026-06-11 09:46:00,10.5,10.55,10.49,10.55,228700,2407417.0
000533.SZ,2026-06-11 09:47:00,10.55,10.6,10.55,10.59,153000,1618751.0
000533.SZ,2026-06-11 09:48:00,10.59,10.59,10.57,10.58,122700,1298090.0
000533.SZ,2026-06-11 09:49:00,10.59,10.64,10.59,10.64,217300,2306556.0
000533.SZ,2026-06-11 09:50:00,10.63,10.65,10.63,10.64,66000,702115.0
000533.SZ,2026-06-11 09:51:00,10.63,10.64,10.62,10.62,85000,903673.0
000533.SZ,2026-06-11 09:52:00,10.63,10.63,10.61,10.61,125800,1336308.0
000533.SZ,2026-06-11 09:53:00,10.61,10.62,10.6,10.62,329200,3491042.0
000533.SZ,2026-06-11 09:54:00,10.62,10.65,10.61,10.61,140200,1490630.0
000533.SZ,2026-06-11 09:55:00,10.61,10.61,10.58,10.58,50400,533730.0
000533.SZ,2026-06-11 09:56:00,10.58,10.6,10.58,10.6,71900,761160.0
000533.SZ,2026-06-11 09:57:00,10.61,10.63,10.61,10.63,81900,870229.0
000533.SZ,2026-06-11 09:58:00,10.64,10.64,10.62,10.63,164800,1751550.0
000533.SZ,2026-06-11 09:59:00,10.63,10.63,10.59,10.61,60200,638550.0
000533.SZ,2026-06-11 10:00:00,10.6,10.62,10.59,10.6,94400,1000571.0
000533.SZ,2026-06-11 10:01:00,10.62,10.62,10.6,10.6,92200,977842.0
000533.SZ,2026-06-11 10:02:00,10.6,10.6,10.57,10.57,41800,442324.0
000533.SZ,2026-06-11 10:03:00,10.57,10.6,10.57,10.57,104300,1103687.0
000533.SZ,2026-06-11 10:04:00,10.57,10.57,10.56,10.56,67800,716356.0
000533.SZ,2026-06-11 10:05:00,10.56,10.56,10.54,10.55,63800,672695.0
000533.SZ,2026-06-11 10:06:00,10.54,10.56,10.54,10.55,51000,537942.0
000533.SZ,2026-06-11 10:07:00,10.55,10.55,10.53,10.53,40200,423861.0
000533.SZ,2026-06-11 10:08:00,10.54,10.54,10.53,10.54,39000,411044.0
000533.SZ,2026-06-11 10:09:00,10.55,10.55,10.52,10.52,70900,746558.0
000533.SZ,2026-06-11 10:10:00,10.52,10.52,10.51,10.51,150100,1578792.0
000533.SZ,2026-06-11 10:11:00,10.52,10.52,10.51,10.52,46000,483753.0
000533.SZ,2026-06-11 10:12:00,10.52,10.52,10.51,10.52,47400,498323.0
000533.SZ,2026-06-11 10:13:00,10.51,10.52,10.5,10.51,40700,427780.0
000533.SZ,2026-06-11 10:14:00,10.51,10.53,10.5,10.53,143600,1508479.0
000533.SZ,2026-06-11 10:15:00,10.53,10.54,10.51,10.52,70800,744999.0
000533.SZ,2026-06-11 10:16:00,10.51,10.53,10.49,10.5,154800,1626512.0
000533.SZ,2026-06-11 10:17:00,10.5,10.5,10.48,10.48,55500,582216.0
000533.SZ,2026-06-11 10:18:00,10.48,10.48,10.46,10.46,245100,2564873.0
000533.SZ,2026-06-11 10:19:00,10.46,10.47,10.44,10.45,424700,4439854.0
000533.SZ,2026-06-11 10:20:00,10.45,10.48,10.44,10.48,87100,910928.0
000533.SZ,2026-06-11 10:21:00,10.49,10.5,10.49,10.49,53800,564693.0
000533.SZ,2026-06-11 10:22:00,10.49,10.49,10.46,10.46,66800,699249.0
000533.SZ,2026-06-11 10:23:00,10.45,10.46,10.44,10.45,369937,3859414.2
000533.SZ,2026-06-11 10:24:00,10.45,10.47,10.44,10.46,211200,2208057.0
000533.SZ,2026-06-11 10:25:00,10.46,10.46,10.44,10.45,68700,718109.0
000533.SZ,2026-06-11 10:26:00,10.45,10.46,10.44,10.44,157100,1641584.0
000533.SZ,2026-06-11 10:27:00,10.45,10.46,10.45,10.45,72600,758701.0
000533.SZ,2026-06-11 10:28:00,10.45,10.45,10.44,10.45,80600,842197.0
000533.SZ,2026-06-11 10:29:00,10.45,10.45,10.43,10.43,166263,1735910.8
000533.SZ,2026-06-11 10:30:00,10.43,10.45,10.42,10.43,153437,1600857.2
000533.SZ,2026-06-11 10:31:00,10.46,10.48,10.46,10.47,81103,849008.44
000533.SZ,2026-06-11 10:32:00,10.47,10.48,10.46,10.48,62600,655680.0
000533.SZ,2026-06-11 10:33:00,10.48,10.5,10.48,10.49,151700,1590410.0
000533.SZ,2026-06-11 10:34:00,10.48,10.48,10.45,10.45,58000,606987.0
000533.SZ,2026-06-11 10:35:00,10.45,10.45,10.43,10.45,129200,1348956.0
000533.SZ,2026-06-11 10:36:00,10.45,10.48,10.45,10.46,91000,952153.0
000533.SZ,2026-06-11 10:37:00,10.46,10.46,10.44,10.44,40400,421891.0
000533.SZ,2026-06-11 10:38:00,10.44,10.48,10.44,10.47,173000,1807940.0
000533.SZ,2026-06-11 10:39:00,10.46,10.47,10.45,10.45,43500,454918.0
000533.SZ,2026-06-11 10:40:00,10.45,10.45,10.43,10.43,39100,408205.0
000533.SZ,2026-06-11 10:41:00,10.43,10.45,10.43,10.44,43500,454283.0
000533.SZ,2026-06-11 10:42:00,10.44,10.45,10.43,10.44,39500,412289.0
000533.SZ,2026-06-11 10:43:00,10.44,10.44,10.42,10.42,92600,965688.0
000533.SZ,2026-06-11 10:44:00,10.43,10.43,10.42,10.42,100900,1051649.0
000533.SZ,2026-06-11 10:45:00,10.43,10.43,10.42,10.42,48600,506772.0
000533.SZ,2026-06-11 10:46:00,10.42,10.42,10.41,10.42,108300,1127659.0
000533.SZ,2026-06-11 10:47:00,10.42,10.44,10.42,10.43,199700,2081649.0
000533.SZ,2026-06-11 10:48:00,10.44,10.44,10.43,10.43,29734,310221.62
000533.SZ,2026-06-11 10:49:00,10.44,10.44,10.43,10.44,79600,830793.0
000533.SZ,2026-06-11 10:50:00,10.45,10.46,10.44,10.45,82500,862193.0
000533.SZ,2026-06-11 10:51:00,10.45,10.47,10.45,10.46,75000,784435.0
000533.SZ,2026-06-11 10:52:00,10.46,10.47,10.45,10.46,37800,395543.0
000533.SZ,2026-06-11 10:53:00,10.46,10.46,10.44,10.44,44400,463908.0
000533.SZ,2026-06-11 10:54:00,10.44,10.45,10.43,10.44,56600,590860.0
000533.SZ,2026-06-11 10:55:00,10.44,10.45,10.43,10.44,29200,304802.0
000533.SZ,2026-06-11 10:56:00,10.43,10.45,10.43,10.44,46600,486519.0
000533.SZ,2026-06-11 10:57:00,10.45,10.47,10.45,10.45,212100,2215534.0
000533.SZ,2026-06-11 10:58:00,10.46,10.47,10.46,10.47,12700,132893.0
000533.SZ,2026-06-11 10:59:00,10.47,10.47,10.46,10.46,42100,440396.0
000533.SZ,2026-06-11 11:00:00,10.46,10.46,10.45,10.46,23200,242516.0
000533.SZ,2026-06-11 11:01:00,10.46,10.47,10.46,10.47,41100,429898.0
000533.SZ,2026-06-11 11:02:00,10.47,10.48,10.46,10.46,84400,883766.0
000533.SZ,2026-06-11 11:03:00,10.46,10.46,10.44,10.44,19900,207912.0
000533.SZ,2026-06-11 11:04:00,10.45,10.46,10.44,10.44,26700,279000.0
000533.SZ,2026-06-11 11:05:00,10.45,10.48,10.44,10.48,29900,312544.0
000533.SZ,2026-06-11 11:06:00,10.48,10.48,10.45,10.45,57600,602580.0
000533.SZ,2026-06-11 11:07:00,10.45,10.46,10.43,10.43,183400,1911840.0
000533.SZ,2026-06-11 11:08:00,10.43,10.44,10.42,10.43,23000,239914.0
000533.SZ,2026-06-11 11:09:00,10.43,10.44,10.42,10.44,45400,473449.0
000533.SZ,2026-06-11 11:10:00,10.44,10.45,10.44,10.44,47300,493955.0
000533.SZ,2026-06-11 11:11:00,10.44,10.44,10.42,10.43,18700,195107.0
000533.SZ,2026-06-11 11:12:00,10.43,10.43,10.42,10.42,17100,178255.0
000533.SZ,2026-06-11 11:13:00,10.42,10.43,10.42,10.42,21300,221983.0
000533.SZ,2026-06-11 11:14:00,10.42,10.43,10.42,10.42,49300,513824.0
000533.SZ,2026-06-11 11:15:00,10.42,10.45,10.42,10.45,49600,517333.0
000533.SZ,2026-06-11 11:16:00,10.44,10.46,10.44,10.45,254300,2657581.0
000533.SZ,2026-06-11 11:17:00,10.45,10.45,10.43,10.43,35000,365338.0
000533.SZ,2026-06-11 11:18:00,10.43,10.43,10.42,10.42,50400,525347.0
000533.SZ,2026-06-11 11:19:00,10.42,10.42,10.42,10.42,50300,524172.0
000533.SZ,2026-06-11 11:20:00,10.42,10.42,10.41,10.41,26200,272910.0
000533.SZ,2026-06-11 11:21:00,10.41,10.43,10.41,10.43,29600,308320.0
000533.SZ,2026-06-11 11:22:00,10.42,10.43,10.42,10.42,32400,337711.0
000533.SZ,2026-06-11 11:23:00,10.42,10.43,10.42,10.42,47600,496054.0
000533.SZ,2026-06-11 11:24:00,10.42,10.43,10.4,10.4,132600,1380361.0
000533.SZ,2026-06-11 11:25:00,10.4,10.41,10.4,10.41,99900,1039141.0
000533.SZ,2026-06-11 11:26:00,10.41,10.43,10.4,10.43,149300,1553325.0
000533.SZ,2026-06-11 11:27:00,10.42,10.42,10.41,10.41,21100,219808.0
000533.SZ,2026-06-11 11:28:00,10.41,10.42,10.41,10.41,14900,155119.0
000533.SZ,2026-06-11 11:29:00,10.41,10.41,10.4,10.4,25500,265214.0
000533.SZ,2026-06-11 11:30:00,10.39,10.41,10.39,10.41,46800,486415.0
000533.SZ,2026-06-11 13:01:00,10.41,10.53,10.4,10.51,651074,6804453.5
000533.SZ,2026-06-11 13:02:00,10.5,10.53,10.5,10.51,156800,1649038.0
000533.SZ,2026-06-11 13:03:00,10.52,10.53,10.49,10.52,114900,1207804.0
000533.SZ,2026-06-11 13:04:00,10.52,10.53,10.51,10.52,58400,614436.0
000533.SZ,2026-06-11 13:05:00,10.52,10.53,10.47,10.47,79000,829630.0
000533.SZ,2026-06-11 13:06:00,10.48,10.51,10.48,10.51,51400,539623.0
000533.SZ,2026-06-11 13:07:00,10.5,10.54,10.49,10.52,183400,1928590.0
000533.SZ,2026-06-11 13:08:00,10.51,10.55,10.5,10.55,163400,1720103.0
000533.SZ,2026-06-11 13:09:00,10.59,10.59,10.56,10.57,114000,1205067.0
000533.SZ,2026-06-11 13:10:00,10.56,10.62,10.55,10.62,362700,3840033.0
000533.SZ,2026-06-11 13:11:00,10.63,10.63,10.61,10.61,140600,1494154.0
000533.SZ,2026-06-11 13:12:00,10.6,10.6,10.57,10.59,64200,679880.0
000533.SZ,2026-06-11 13:13:00,10.58,10.59,10.57,10.59,36800,389357.0
000533.SZ,2026-06-11 13:14:00,10.58,10.61,10.58,10.6,72300,765942.0
000533.SZ,2026-06-11 13:15:00,10.61,10.61,10.6,10.6,51900,550404.0
000533.SZ,2026-06-11 13:16:00,10.61,10.63,10.59,10.63,190300,2019975.0
000533.SZ,2026-06-11 13:17:00,10.62,10.64,10.62,10.64,125500,1334575.0
000533.SZ,2026-06-11 13:18:00,10.64,10.64,10.62,10.62,96500,1025785.0
000533.SZ,2026-06-11 13:19:00,10.63,10.63,10.61,10.62,131400,1396079.0
000533.SZ,2026-06-11 13:20:00,10.62,10.63,10.61,10.63,88200,937024.0
000533.SZ,2026-06-11 13:21:00,10.62,10.63,10.62,10.62,61800,656843.0
000533.SZ,2026-06-11 13:22:00,10.61,10.61,10.6,10.6,50900,539938.0
000533.SZ,2026-06-11 13:23:00,10.6,10.63,10.6,10.62,99700,1058695.0
000533.SZ,2026-06-11 13:24:00,10.61,10.62,10.6,10.61,83800,889550.0
000533.SZ,2026-06-11 13:25:00,10.61,10.61,10.6,10.6,146800,1556780.0
000533.SZ,2026-06-11 13:26:00,10.6,10.6,10.58,10.58,35700,377948.0
000533.SZ,2026-06-11 13:27:00,10.58,10.59,10.56,10.56,199500,2110292.0
000533.SZ,2026-06-11 13:28:00,10.56,10.57,10.55,10.55,26200,276634.0
000533.SZ,2026-06-11 13:29:00,10.55,10.56,10.55,10.56,40600,428610.0
000533.SZ,2026-06-11 13:30:00,10.57,10.57,10.55,10.56,58700,619841.0
000533.SZ,2026-06-11 13:31:00,10.54,10.55,10.54,10.54,53000,558919.0
000533.SZ,2026-06-11 13:32:00,10.54,10.55,10.54,10.55,30800,324660.0
000533.SZ,2026-06-11 13:33:00,10.55,10.57,10.55,10.57,46400,489751.0
000533.SZ,2026-06-11 13:34:00,10.57,10.57,10.55,10.55,100100,1056532.0
000533.SZ,2026-06-11 13:35:00,10.55,10.56,10.54,10.54,50600,534076.0
000533.SZ,2026-06-11 13:36:00,10.55,10.57,10.55,10.57,31800,335708.0
000533.SZ,2026-06-11 13:37:00,10.58,10.59,10.57,10.58,54300,574596.0
000533.SZ,2026-06-11 13:38:00,10.6,10.6,10.57,10.57,96900,1025251.0
000533.SZ,2026-06-11 13:39:00,10.58,10.59,10.56,10.57,82500,872106.0
000533.SZ,2026-06-11 13:40:00,10.55,10.55,10.52,10.52,123800,1304989.0
000533.SZ,2026-06-11 13:41:00,10.52,10.52,10.5,10.5,393400,4132364.0
000533.SZ,2026-06-11 13:42:00,10.51,10.52,10.5,10.5,256200,2690937.0
000533.SZ,2026-06-11 13:43:00,10.53,10.53,10.49,10.49,105300,1105643.0
000533.SZ,2026-06-11 13:44:00,10.5,10.51,10.49,10.49,45400,476462.0
000533.SZ,2026-06-11 13:45:00,10.5,10.5,10.49,10.5,185000,1941630.0
000533.SZ,2026-06-11 13:46:00,10.49,10.5,10.45,10.48,453900,4750899.0
000533.SZ,2026-06-11 13:47:00,10.48,10.49,10.47,10.49,107300,1123256.0
000533.SZ,2026-06-11 13:48:00,10.5,10.5,10.48,10.49,37100,389220.0
000533.SZ,2026-06-11 13:49:00,10.5,10.5,10.48,10.48,21400,224532.0
000533.SZ,2026-06-11 13:50:00,10.49,10.52,10.47,10.52,183400,1922251.0
000533.SZ,2026-06-11 13:51:00,10.51,10.52,10.5,10.52,41300,433911.0
000533.SZ,2026-06-11 13:52:00,10.51,10.53,10.51,10.53,112300,1182110.0
000533.SZ,2026-06-11 13:53:00,10.53,10.56,10.53,10.55,46000,485054.0
000533.SZ,2026-06-11 13:54:00,10.55,10.56,10.55,10.55,54200,572081.0
000533.SZ,2026-06-11 13:55:00,10.55,10.55,10.53,10.53,26700,281460.0
000533.SZ,2026-06-11 13:56:00,10.55,10.56,10.55,10.55,131100,1383549.0
000533.SZ,2026-06-11 13:57:00,10.54,10.55,10.54,10.54,89300,942235.0
000533.SZ,2026-06-11 13:58:00,10.54,10.54,10.52,10.52,70400,741465.0
000533.SZ,2026-06-11 13:59:00,10.53,10.53,10.52,10.53,44300,466405.0
000533.SZ,2026-06-11 14:00:00,10.53,10.54,10.53,10.53,18300,192706.0
000533.SZ,2026-06-11 14:01:00,10.54,10.54,10.52,10.52,51500,542301.0
000533.SZ,2026-06-11 14:02:00,10.53,10.53,10.53,10.53,29500,310616.0
000533.SZ,2026-06-11 14:03:00,10.53,10.53,10.52,10.52,64600,679858.0
000533.SZ,2026-06-11 14:04:00,10.53,10.53,10.52,10.52,43600,459104.0
000533.SZ,2026-06-11 14:05:00,10.52,10.53,10.51,10.51,98700,1038179.0
000533.SZ,2026-06-11 14:06:00,10.51,10.52,10.5,10.5,19600,205985.0
000533.SZ,2026-06-11 14:07:00,10.5,10.51,10.49,10.49,48600,510192.0
000533.SZ,2026-06-11 14:08:00,10.49,10.49,10.48,10.48,47100,493759.0
000533.SZ,2026-06-11 14:09:00,10.48,10.49,10.48,10.48,47500,497847.0
000533.SZ,2026-06-11 14:10:00,10.48,10.49,10.48,10.49,74500,781063.0
000533.SZ,2026-06-11 14:11:00,10.48,10.49,10.48,10.49,17200,180326.0
000533.SZ,2026-06-11 14:12:00,10.48,10.5,10.48,10.49,100100,1050433.0
000533.SZ,2026-06-11 14:13:00,10.49,10.5,10.48,10.49,155760,1633058.8
000533.SZ,2026-06-11 14:14:00,10.49,10.5,10.48,10.49,54900,575766.0
000533.SZ,2026-06-11 14:15:00,10.5,10.5,10.49,10.5,37344,391959.56
000533.SZ,2026-06-11 14:16:00,10.49,10.5,10.48,10.5,193756,2031854.0
000533.SZ,2026-06-11 14:17:00,10.5,10.5,10.49,10.49,100200,1051418.0
000533.SZ,2026-06-11 14:18:00,10.49,10.5,10.48,10.49,66800,700536.0
000533.SZ,2026-06-11 14:19:00,10.49,10.49,10.48,10.48,25700,269458.0
000533.SZ,2026-06-11 14:20:00,10.49,10.49,10.47,10.48,98440,1031076.2
000533.SZ,2026-06-11 14:21:00,10.47,10.47,10.46,10.47,49700,520325.0
000533.SZ,2026-06-11 14:22:00,10.47,10.48,10.46,10.48,89000,931559.0
000533.SZ,2026-06-11 14:23:00,10.48,10.49,10.47,10.49,116700,1223207.0
000533.SZ,2026-06-11 14:24:00,10.48,10.48,10.47,10.48,23700,248313.0
000533.SZ,2026-06-11 14:25:00,10.48,10.49,10.47,10.49,72200,756847.0
000533.SZ,2026-06-11 14:26:00,10.49,10.53,10.49,10.51,206500,2171094.0
000533.SZ,2026-06-11 14:27:00,10.51,10.52,10.49,10.49,62900,660846.0
000533.SZ,2026-06-11 14:28:00,10.5,10.5,10.49,10.5,29400,308490.0
000533.SZ,2026-06-11 14:29:00,10.5,10.51,10.49,10.49,31200,327535.0
000533.SZ,2026-06-11 14:30:00,10.49,10.49,10.47,10.48,94800,993576.0
000533.SZ,2026-06-11 14:31:00,10.48,10.5,10.48,10.48,130400,1367235.0
000533.SZ,2026-06-11 14:32:00,10.49,10.51,10.48,10.5,34300,360065.0
000533.SZ,2026-06-11 14:33:00,10.5,10.52,10.5,10.52,110000,1156158.0
000533.SZ,2026-06-11 14:34:00,10.53,10.53,10.52,10.52,105600,1111419.0
000533.SZ,2026-06-11 14:35:00,10.53,10.53,10.5,10.5,147600,1552061.0
000533.SZ,2026-06-11 14:36:00,10.5,10.52,10.5,10.52,39100,410929.0
000533.SZ,2026-06-11 14:37:00,10.52,10.54,10.52,10.52,98900,1041310.0
000533.SZ,2026-06-11 14:38:00,10.52,10.53,10.51,10.51,76200,801296.0
000533.SZ,2026-06-11 14:39:00,10.51,10.52,10.51,10.52,35900,377561.0
000533.SZ,2026-06-11 14:40:00,10.51,10.54,10.51,10.54,122200,1286155.0
000533.SZ,2026-06-11 14:41:00,10.54,10.55,10.53,10.54,146400,1543261.0
000533.SZ,2026-06-11 14:42:00,10.54,10.56,10.54,10.55,144600,1525599.0
000533.SZ,2026-06-11 14:43:00,10.54,10.56,10.54,10.54,70700,746017.0
000533.SZ,2026-06-11 14:44:00,10.55,10.55,10.53,10.54,71000,748437.0
000533.SZ,2026-06-11 14:45:00,10.54,10.56,10.54,10.56,145900,1540317.0
000533.SZ,2026-06-11 14:46:00,10.56,10.57,10.56,10.57,83287,879717.9
000533.SZ,2026-06-11 14:47:00,10.58,10.58,10.56,10.57,163800,1731667.0
000533.SZ,2026-06-11 14:48:00,10.56,10.56,10.55,10.55,94513,997607.1
000533.SZ,2026-06-11 14:49:00,10.55,10.55,10.54,10.55,95287,1005111.9
000533.SZ,2026-06-11 14:50:00,10.55,10.55,10.54,10.54,53900,568207.0
000533.SZ,2026-06-11 14:51:00,10.54,10.57,10.54,10.56,204000,2152791.0
000533.SZ,2026-06-11 14:52:00,10.57,10.57,10.56,10.56,108300,1143664.0
000533.SZ,2026-06-11 14:53:00,10.56,10.57,10.56,10.56,115800,1223595.0
000533.SZ,2026-06-11 14:54:00,10.57,10.57,10.55,10.55,99500,1050795.0
000533.SZ,2026-06-11 14:55:00,10.55,10.56,10.54,10.54,158900,1676055.0
000533.SZ,2026-06-11 14:56:00,10.55,10.56,10.54,10.55,203500,2147026.0
000533.SZ,2026-06-11 14:57:00,10.54,10.56,10.53,10.53,252400,2663318.0
000533.SZ,2026-06-11 14:58:00,10.53,10.53,10.53,10.53,0,0.0
000533.SZ,2026-06-11 14:59:00,10.53,10.53,10.53,10.53,0,0.0
000533.SZ,2026-06-11 15:00:00,10.53,10.53,10.53,10.53,257300,2709369.0
000533.SZ,2026-06-12 09:30:00,10.7,10.73,10.69,10.71,83600,894638.0
000533.SZ,2026-06-12 09:31:00,10.7,10.74,10.65,10.68,518775,5539993.0
000533.SZ,2026-06-12 09:32:00,10.7,10.7,10.69,10.69,190800,2040000.0
000533.SZ,2026-06-12 09:33:00,10.73,10.73,10.71,10.72,384700,4121971.0
000533.SZ,2026-06-12 09:34:00,10.72,10.74,10.72,10.73,179300,1923787.0
000533.SZ,2026-06-12 09:35:00,10.74,10.74,10.68,10.69,192600,2060713.0
000533.SZ,2026-06-12 09:36:00,10.68,10.69,10.65,10.68,164100,1751485.0
000533.SZ,2026-06-12 09:37:00,10.67,10.69,10.67,10.69,197100,2103915.0
000533.SZ,2026-06-12 09:38:00,10.69,10.69,10.66,10.66,137500,1468089.0
000533.SZ,2026-06-12 09:39:00,10.66,10.66,10.62,10.64,245700,2615398.0
000533.SZ,2026-06-12 09:40:00,10.65,10.67,10.64,10.67,118400,1261541.0
000533.SZ,2026-06-12 09:41:00,10.67,10.69,10.66,10.66,78100,833476.0
000533.SZ,2026-06-12 09:42:00,10.66,10.66,10.6,10.6,128200,1362814.0
000533.SZ,2026-06-12 09:43:00,10.6,10.62,10.59,10.61,187800,1990883.0
000533.SZ,2026-06-12 09:44:00,10.61,10.63,10.61,10.61,135300,1436543.0
000533.SZ,2026-06-12 09:45:00,10.61,10.61,10.56,10.56,180500,1910014.0
000533.SZ,2026-06-12 09:46:00,10.56,10.57,10.56,10.57,121600,1284874.0
000533.SZ,2026-06-12 09:47:00,10.56,10.57,10.55,10.56,188200,1987733.0
000533.SZ,2026-06-12 09:48:00,10.56,10.59,10.56,10.59,154100,1628963.0
000533.SZ,2026-06-12 09:49:00,10.58,10.59,10.57,10.57,93100,985050.0
000533.SZ,2026-06-12 09:50:00,10.57,10.57,10.54,10.55,139300,1470729.0
000533.SZ,2026-06-12 09:51:00,10.55,10.56,10.53,10.55,251700,2654326.0
000533.SZ,2026-06-12 09:52:00,10.55,10.6,10.55,10.6,150500,1591751.0
000533.SZ,2026-06-12 09:53:00,10.62,10.63,10.59,10.63,304700,3229977.0
000533.SZ,2026-06-12 09:54:00,10.63,10.63,10.61,10.62,120200,1276622.0
000533.SZ,2026-06-12 09:55:00,10.62,10.65,10.62,10.64,159100,1692906.0
000533.SZ,2026-06-12 09:56:00,10.64,10.64,10.63,10.64,155500,1654852.0
000533.SZ,2026-06-12 09:57:00,10.65,10.68,10.65,10.66,207700,2215950.0
000533.SZ,2026-06-12 09:58:00,10.65,10.66,10.64,10.65,121900,1298400.0
000533.SZ,2026-06-12 09:59:00,10.64,10.65,10.64,10.65,59300,631430.0
000533.SZ,2026-06-12 10:00:00,10.65,10.68,10.65,10.67,91100,971164.0
000533.SZ,2026-06-12 10:01:00,10.67,10.67,10.66,10.66,99700,1063692.0
000533.SZ,2026-06-12 10:02:00,10.67,10.67,10.65,10.65,155100,1653601.0
000533.SZ,2026-06-12 10:03:00,10.65,10.67,10.65,10.66,176500,1881954.0
000533.SZ,2026-06-12 10:04:00,10.67,10.72,10.67,10.72,414500,4432002.0
000533.SZ,2026-06-12 10:05:00,10.71,10.71,10.69,10.69,37600,402456.0
000533.SZ,2026-06-12 10:06:00,10.71,10.73,10.71,10.72,307300,3293886.0
000533.SZ,2026-06-12 10:07:00,10.73,10.74,10.73,10.74,176300,1892964.0
000533.SZ,2026-06-12 10:08:00,10.75,10.75,10.72,10.72,150600,1615827.0
000533.SZ,2026-06-12 10:09:00,10.72,10.72,10.71,10.72,206600,2214515.0
000533.SZ,2026-06-12 10:10:00,10.72,10.73,10.72,10.72,101500,1088415.0
000533.SZ,2026-06-12 10:11:00,10.72,10.73,10.71,10.72,51300,550105.0
000533.SZ,2026-06-12 10:12:00,10.71,10.72,10.7,10.7,100300,1074392.0
000533.SZ,2026-06-12 10:13:00,10.7,10.72,10.7,10.72,135300,1448348.0
000533.SZ,2026-06-12 10:14:00,10.71,10.72,10.71,10.72,139400,1493576.0
000533.SZ,2026-06-12 10:15:00,10.72,10.74,10.71,10.73,241600,2590779.0
000533.SZ,2026-06-12 10:16:00,10.73,10.74,10.72,10.74,219000,2351657.0
000533.SZ,2026-06-12 10:17:00,10.73,10.74,10.72,10.72,76100,816448.0
000533.SZ,2026-06-12 10:18:00,10.73,10.73,10.7,10.7,145700,1560952.0
000533.SZ,2026-06-12 10:19:00,10.7,10.7,10.69,10.7,180433,1929782.8
000533.SZ,2026-06-12 10:20:00,10.71,10.72,10.71,10.72,32000,342805.0
000533.SZ,2026-06-12 10:21:00,10.72,10.72,10.71,10.72,45900,491978.0
000533.SZ,2026-06-12 10:22:00,10.71,10.73,10.71,10.72,58200,623916.0
000533.SZ,2026-06-12 10:23:00,10.72,10.72,10.71,10.72,114900,1231608.0
000533.SZ,2026-06-12 10:24:00,10.72,10.74,10.72,10.73,241900,2596189.0
000533.SZ,2026-06-12 10:25:00,10.74,10.75,10.74,10.74,220198,2366743.5
000533.SZ,2026-06-12 10:26:00,10.75,10.75,10.73,10.73,69102,741965.5
000533.SZ,2026-06-12 10:27:00,10.73,10.73,10.71,10.73,37500,402266.0
000533.SZ,2026-06-12 10:28:00,10.73,10.73,10.72,10.72,22900,245621.0
000533.SZ,2026-06-12 10:29:00,10.72,10.72,10.71,10.71,47700,511116.0
000533.SZ,2026-06-12 10:30:00,10.71,10.72,10.71,10.71,34000,364223.0
000533.SZ,2026-06-12 10:31:00,10.71,10.72,10.7,10.72,90600,970591.0
000533.SZ,2026-06-12 10:32:00,10.73,10.74,10.73,10.73,65800,706111.0
000533.SZ,2026-06-12 10:33:00,10.73,10.74,10.72,10.74,50500,541874.0
000533.SZ,2026-06-12 10:34:00,10.74,10.74,10.73,10.74,68000,730262.0
000533.SZ,2026-06-12 10:35:00,10.73,10.75,10.73,10.75,61800,663799.0
000533.SZ,2026-06-12 10:36:00,10.74,10.75,10.73,10.75,79000,848613.0
000533.SZ,2026-06-12 10:37:00,10.74,10.75,10.74,10.75,65600,705012.0
000533.SZ,2026-06-12 10:38:00,10.75,10.75,10.74,10.74,28700,308371.0
000533.SZ,2026-06-12 10:39:00,10.74,10.75,10.74,10.75,41700,448197.0
000533.SZ,2026-06-12 10:40:00,10.75,10.75,10.74,10.75,23500,252420.0
000533.SZ,2026-06-12 10:41:00,10.75,10.75,10.74,10.74,44800,481438.0
000533.SZ,2026-06-12 10:42:00,10.74,10.75,10.74,10.74,55100,592182.0
000533.SZ,2026-06-12 10:43:00,10.74,10.76,10.74,10.75,85400,917927.0
000533.SZ,2026-06-12 10:44:00,10.76,10.76,10.75,10.75,74100,796944.0
000533.SZ,2026-06-12 10:45:00,10.75,10.78,10.75,10.77,161800,1742048.0
000533.SZ,2026-06-12 10:46:00,10.78,10.79,10.78,10.79,103800,1119646.0
000533.SZ,2026-06-12 10:47:00,10.79,10.8,10.77,10.77,74100,799125.0
000533.SZ,2026-06-12 10:48:00,10.77,10.78,10.76,10.77,141100,1519655.0
000533.SZ,2026-06-12 10:49:00,10.76,10.78,10.76,10.78,22900,246695.0
000533.SZ,2026-06-12 10:50:00,10.77,10.78,10.77,10.78,44700,481763.0
000533.SZ,2026-06-12 10:51:00,10.77,10.78,10.76,10.78,103000,1109413.0
000533.SZ,2026-06-12 10:52:00,10.77,10.78,10.77,10.78,78400,845202.0
000533.SZ,2026-06-12 10:53:00,10.79,10.8,10.78,10.79,114400,1234333.0
000533.SZ,2026-06-12 10:54:00,10.8,10.82,10.8,10.81,190300,2056090.0
000533.SZ,2026-06-12 10:55:00,10.81,10.81,10.79,10.8,84200,909287.0
000533.SZ,2026-06-12 10:56:00,10.8,10.81,10.79,10.81,34600,373692.0
000533.SZ,2026-06-12 10:57:00,10.81,10.81,10.8,10.81,71900,777136.0
000533.SZ,2026-06-12 10:58:00,10.81,10.82,10.81,10.81,72400,782416.0
000533.SZ,2026-06-12 10:59:00,10.81,10.82,10.81,10.82,30500,329851.0
000533.SZ,2026-06-12 11:00:00,10.81,10.82,10.81,10.81,77700,840670.0
000533.SZ,2026-06-12 11:01:00,10.82,10.82,10.81,10.82,29400,318045.0
000533.SZ,2026-06-12 11:02:00,10.82,10.85,10.82,10.85,107700,1166649.0
000533.SZ,2026-06-12 11:03:00,10.85,10.85,10.82,10.83,157600,1707958.0
000533.SZ,2026-06-12 11:04:00,10.84,10.85,10.83,10.83,137000,1484256.0
000533.SZ,2026-06-12 11:05:00,10.83,10.84,10.81,10.81,79100,855754.0
000533.SZ,2026-06-12 11:06:00,10.81,10.81,10.79,10.79,56900,614490.0
000533.SZ,2026-06-12 11:07:00,10.8,10.81,10.8,10.8,92000,993573.0
000533.SZ,2026-06-12 11:08:00,10.8,10.81,10.8,10.81,87100,941148.0
000533.SZ,2026-06-12 11:09:00,10.81,10.81,10.8,10.8,35300,381456.0
000533.SZ,2026-06-12 11:10:00,10.8,10.81,10.8,10.8,37500,405051.0
000533.SZ,2026-06-12 11:11:00,10.8,10.81,10.8,10.81,81800,884114.0
000533.SZ,2026-06-12 11:12:00,10.81,10.83,10.81,10.83,68900,745343.0
000533.SZ,2026-06-12 11:13:00,10.83,10.85,10.83,10.84,109100,1182318.0
000533.SZ,2026-06-12 11:14:00,10.84,10.85,10.83,10.84,116900,1267889.0
000533.SZ,2026-06-12 11:15:00,10.84,10.84,10.83,10.83,78700,852380.0
000533.SZ,2026-06-12 11:16:00,10.84,10.84,10.83,10.83,37600,407344.0
000533.SZ,2026-06-12 11:17:00,10.83,10.84,10.83,10.84,82000,889065.0
000533.SZ,2026-06-12 11:18:00,10.84,10.85,10.84,10.84,33700,365439.0
000533.SZ,2026-06-12 11:19:00,10.84,10.85,10.84,10.85,32300,350367.0
000533.SZ,2026-06-12 11:20:00,10.85,10.86,10.84,10.85,103600,1124275.0
000533.SZ,2026-06-12 11:21:00,10.85,10.85,10.83,10.83,53500,580087.0
000533.SZ,2026-06-12 11:22:00,10.84,10.85,10.83,10.84,61200,663555.0
000533.SZ,2026-06-12 11:23:00,10.85,10.85,10.83,10.84,15100,163724.0
000533.SZ,2026-06-12 11:24:00,10.84,10.84,10.82,10.82,27400,296773.0
000533.SZ,2026-06-12 11:25:00,10.83,10.83,10.82,10.82,21000,227309.0
000533.SZ,2026-06-12 11:26:00,10.82,10.82,10.81,10.82,77200,835100.0
000533.SZ,2026-06-12 11:27:00,10.81,10.82,10.8,10.81,39100,422574.0
000533.SZ,2026-06-12 11:28:00,10.81,10.82,10.8,10.8,27500,297177.0
000533.SZ,2026-06-12 11:29:00,10.81,10.81,10.8,10.8,30700,331688.0
000533.SZ,2026-06-12 11:30:00,10.8,10.8,10.78,10.78,28600,308707.0
000533.SZ,2026-06-12 13:01:00,10.8,10.81,10.78,10.79,102400,1105814.0
000533.SZ,2026-06-12 13:02:00,10.8,10.83,10.79,10.83,102300,1106054.0
000533.SZ,2026-06-12 13:03:00,10.83,10.83,10.8,10.82,63100,682370.0
000533.SZ,2026-06-12 13:04:00,10.81,10.82,10.79,10.79,56600,611438.0
000533.SZ,2026-06-12 13:05:00,10.79,10.79,10.77,10.77,67100,723445.0
000533.SZ,2026-06-12 13:06:00,10.77,10.77,10.75,10.76,65500,704618.0
000533.SZ,2026-06-12 13:07:00,10.76,10.77,10.75,10.77,58000,624082.0
000533.SZ,2026-06-12 13:08:00,10.77,10.77,10.76,10.76,59000,634975.0
000533.SZ,2026-06-12 13:09:00,10.75,10.75,10.73,10.74,90600,973466.0
000533.SZ,2026-06-12 13:10:00,10.74,10.74,10.73,10.73,37500,402393.0
000533.SZ,2026-06-12 13:11:00,10.74,10.74,10.73,10.74,77100,827406.0
000533.SZ,2026-06-12 13:12:00,10.74,10.75,10.74,10.75,43600,468608.0
000533.SZ,2026-06-12 13:13:00,10.75,10.77,10.75,10.77,12300,132355.0
000533.SZ,2026-06-12 13:14:00,10.77,10.78,10.77,10.78,59600,642100.0
000533.SZ,2026-06-12 13:15:00,10.78,10.78,10.77,10.77,45800,493401.0
000533.SZ,2026-06-12 13:16:00,10.77,10.77,10.76,10.76,23200,249845.0
000533.SZ,2026-06-12 13:17:00,10.77,10.77,10.75,10.75,158800,1708405.0
000533.SZ,2026-06-12 13:18:00,10.75,10.76,10.75,10.76,44400,477388.0
000533.SZ,2026-06-12 13:19:00,10.76,10.77,10.76,10.76,37800,406939.0
000533.SZ,2026-06-12 13:20:00,10.76,10.76,10.74,10.74,48500,521380.0
000533.SZ,2026-06-12 13:21:00,10.74,10.75,10.74,10.75,15000,161121.0
000533.SZ,2026-06-12 13:22:00,10.75,10.76,10.74,10.76,25900,278404.0
000533.SZ,2026-06-12 13:23:00,10.76,10.76,10.75,10.76,48000,516345.0
000533.SZ,2026-06-12 13:24:00,10.76,10.76,10.75,10.75,18800,202126.0
000533.SZ,2026-06-12 13:25:00,10.75,10.75,10.73,10.74,117200,1259009.0
000533.SZ,2026-06-12 13:26:00,10.75,10.75,10.74,10.74,21600,232011.0
000533.SZ,2026-06-12 13:27:00,10.74,10.75,10.74,10.75,13900,149278.0
000533.SZ,2026-06-12 13:28:00,10.74,10.75,10.73,10.74,50100,538210.0
000533.SZ,2026-06-12 13:29:00,10.73,10.74,10.73,10.74,28400,304909.0
000533.SZ,2026-06-12 13:30:00,10.74,10.76,10.74,10.75,110900,1192069.0
000533.SZ,2026-06-12 13:31:00,10.75,10.75,10.71,10.71,99500,1067337.0
000533.SZ,2026-06-12 13:32:00,10.71,10.73,10.71,10.72,47200,505713.0
000533.SZ,2026-06-12 13:33:00,10.72,10.73,10.71,10.71,76800,822942.0
000533.SZ,2026-06-12 13:34:00,10.71,10.71,10.71,10.71,47800,511941.0
000533.SZ,2026-06-12 13:35:00,10.7,10.7,10.69,10.69,178000,1904043.0
000533.SZ,2026-06-12 13:36:00,10.69,10.69,10.69,10.69,62200,665024.0
000533.SZ,2026-06-12 13:37:00,10.69,10.72,10.69,10.7,91300,977039.0
000533.SZ,2026-06-12 13:38:00,10.7,10.71,10.7,10.71,28700,307277.0
000533.SZ,2026-06-12 13:39:00,10.71,10.72,10.71,10.72,28000,300095.0
000533.SZ,2026-06-12 13:40:00,10.71,10.72,10.71,10.72,43600,467399.0
000533.SZ,2026-06-12 13:41:00,10.71,10.72,10.71,10.71,53500,573185.0
000533.SZ,2026-06-12 13:42:00,10.71,10.72,10.7,10.7,58100,622190.0
000533.SZ,2026-06-12 13:43:00,10.71,10.71,10.7,10.71,47300,506328.0
000533.SZ,2026-06-12 13:44:00,10.7,10.74,10.7,10.73,60200,645264.0
000533.SZ,2026-06-12 13:45:00,10.73,10.74,10.73,10.73,9300,99835.0
000533.SZ,2026-06-12 13:46:00,10.74,10.75,10.74,10.74,55200,592850.0
000533.SZ,2026-06-12 13:47:00,10.74,10.75,10.74,10.74,36100,387734.0
000533.SZ,2026-06-12 13:48:00,10.73,10.74,10.73,10.73,33600,360591.0
000533.SZ,2026-06-12 13:49:00,10.73,10.74,10.73,10.74,14400,154630.0
000533.SZ,2026-06-12 13:50:00,10.73,10.75,10.73,10.74,108200,1162228.0
000533.SZ,2026-06-12 13:51:00,10.74,10.74,10.73,10.73,29700,318730.0
000533.SZ,2026-06-12 13:52:00,10.73,10.73,10.72,10.72,33700,361297.0
000533.SZ,2026-06-12 13:53:00,10.72,10.72,10.71,10.71,10100,108213.0
000533.SZ,2026-06-12 13:54:00,10.71,10.72,10.71,10.71,12400,132854.0
000533.SZ,2026-06-12 13:55:00,10.71,10.72,10.71,10.71,72500,776483.0
000533.SZ,2026-06-12 13:56:00,10.7,10.7,10.69,10.7,128700,1376880.0
000533.SZ,2026-06-12 13:57:00,10.69,10.7,10.68,10.69,82100,877520.0
000533.SZ,2026-06-12 13:58:00,10.68,10.69,10.67,10.68,94300,1007188.0
000533.SZ,2026-06-12 13:59:00,10.67,10.68,10.67,10.67,38200,407791.0
000533.SZ,2026-06-12 14:00:00,10.67,10.69,10.67,10.68,115100,1229050.0
000533.SZ,2026-06-12 14:01:00,10.67,10.68,10.66,10.66,89200,951765.0
000533.SZ,2026-06-12 14:02:00,10.67,10.69,10.67,10.69,57300,611723.0
000533.SZ,2026-06-12 14:03:00,10.69,10.69,10.68,10.68,36100,385550.0
000533.SZ,2026-06-12 14:04:00,10.68,10.69,10.68,10.69,76400,816383.0
000533.SZ,2026-06-12 14:05:00,10.68,10.7,10.68,10.69,48800,521485.0
000533.SZ,2026-06-12 14:06:00,10.69,10.69,10.68,10.69,42100,450003.0
000533.SZ,2026-06-12 14:07:00,10.69,10.69,10.67,10.67,40000,427211.0
000533.SZ,2026-06-12 14:08:00,10.68,10.68,10.66,10.67,60800,648913.0
000533.SZ,2026-06-12 14:09:00,10.66,10.68,10.66,10.68,63000,672509.0
000533.SZ,2026-06-12 14:10:00,10.67,10.68,10.67,10.67,23000,245531.0
000533.SZ,2026-06-12 14:11:00,10.67,10.68,10.67,10.68,19900,212489.0
000533.SZ,2026-06-12 14:12:00,10.67,10.69,10.67,10.68,69100,738222.0
000533.SZ,2026-06-12 14:13:00,10.68,10.69,10.68,10.68,66900,714522.0
000533.SZ,2026-06-12 14:14:00,10.68,10.7,10.68,10.7,49000,523844.0
000533.SZ,2026-06-12 14:15:00,10.7,10.7,10.69,10.7,30300,324170.0
000533.SZ,2026-06-12 14:16:00,10.7,10.7,10.69,10.69,70200,750739.0
000533.SZ,2026-06-12 14:17:00,10.7,10.7,10.68,10.7,34000,363599.0
000533.SZ,2026-06-12 14:18:00,10.7,10.72,10.69,10.71,92000,985058.0
000533.SZ,2026-06-12 14:19:00,10.71,10.71,10.69,10.7,53100,568295.0
000533.SZ,2026-06-12 14:20:00,10.69,10.7,10.69,10.7,33000,353079.0
000533.SZ,2026-06-12 14:21:00,10.7,10.72,10.7,10.71,111900,1198626.0
000533.SZ,2026-06-12 14:22:00,10.71,10.73,10.7,10.72,95400,1022216.0
000533.SZ,2026-06-12 14:23:00,10.72,10.72,10.7,10.7,42700,457309.0
000533.SZ,2026-06-12 14:24:00,10.7,10.73,10.7,10.72,144000,1543218.0
000533.SZ,2026-06-12 14:25:00,10.7,10.72,10.7,10.71,36600,392167.0
000533.SZ,2026-06-12 14:26:00,10.71,10.72,10.7,10.7,38900,416694.0
000533.SZ,2026-06-12 14:27:00,10.7,10.72,10.7,10.72,68600,735019.0
000533.SZ,2026-06-12 14:28:00,10.71,10.71,10.7,10.7,42200,451794.0
000533.SZ,2026-06-12 14:29:00,10.7,10.71,10.69,10.69,116600,1247492.0
000533.SZ,2026-06-12 14:30:00,10.69,10.7,10.69,10.69,24100,257794.0
000533.SZ,2026-06-12 14:31:00,10.7,10.7,10.69,10.69,32200,344431.0
000533.SZ,2026-06-12 14:32:00,10.7,10.7,10.69,10.7,79900,854767.0
000533.SZ,2026-06-12 14:33:00,10.7,10.7,10.69,10.7,46800,500694.0
000533.SZ,2026-06-12 14:34:00,10.7,10.7,10.69,10.69,39600,423662.0
000533.SZ,2026-06-12 14:35:00,10.69,10.69,10.68,10.68,81600,872291.0
000533.SZ,2026-06-12 14:36:00,10.69,10.69,10.68,10.69,96800,1034403.0
000533.SZ,2026-06-12 14:37:00,10.68,10.69,10.68,10.68,13000,138868.0
000533.SZ,2026-06-12 14:38:00,10.68,10.69,10.68,10.69,100000,1068805.0
000533.SZ,2026-06-12 14:39:00,10.69,10.7,10.68,10.7,99900,1068477.0
000533.SZ,2026-06-12 14:40:00,10.69,10.7,10.69,10.69,31800,340052.0
000533.SZ,2026-06-12 14:41:00,10.69,10.69,10.68,10.68,74000,791015.0
000533.SZ,2026-06-12 14:42:00,10.68,10.69,10.68,10.68,37800,403824.0
000533.SZ,2026-06-12 14:43:00,10.68,10.69,10.68,10.68,40400,431513.0
000533.SZ,2026-06-12 14:44:00,10.68,10.68,10.67,10.68,193500,2066148.0
000533.SZ,2026-06-12 14:45:00,10.67,10.68,10.67,10.67,110200,1176223.0
000533.SZ,2026-06-12 14:46:00,10.67,10.67,10.66,10.67,165800,1768663.0
000533.SZ,2026-06-12 14:47:00,10.67,10.67,10.66,10.66,88000,938258.0
000533.SZ,2026-06-12 14:48:00,10.67,10.67,10.66,10.66,74700,796406.0
000533.SZ,2026-06-12 14:49:00,10.66,10.67,10.66,10.67,134500,1434174.0
000533.SZ,2026-06-12 14:50:00,10.67,10.68,10.66,10.67,160000,1707104.0
000533.SZ,2026-06-12 14:51:00,10.68,10.69,10.68,10.69,168400,1799265.0
000533.SZ,2026-06-12 14:52:00,10.69,10.69,10.68,10.69,136500,1459059.0
000533.SZ,2026-06-12 14:53:00,10.69,10.7,10.68,10.69,133100,1423078.0
000533.SZ,2026-06-12 14:54:00,10.69,10.7,10.69,10.69,78300,837430.0
000533.SZ,2026-06-12 14:55:00,10.69,10.7,10.69,10.69,118300,1265270.0
000533.SZ,2026-06-12 14:56:00,10.69,10.7,10.69,10.69,270700,2894389.0
000533.SZ,2026-06-12 14:57:00,10.7,10.7,10.68,10.69,295100,3153667.0
000533.SZ,2026-06-12 14:58:00,10.69,10.69,10.69,10.69,0,0.0
000533.SZ,2026-06-12 14:59:00,10.69,10.69,10.69,10.69,0,0.0
000533.SZ,2026-06-12 15:00:00,10.69,10.69,10.69,10.69,262100,2801849.0
