ts_code,trade_time,open,high,low,close,vol,amount
000029.SZ,2026-04-01 09:30:00,19.35,19.39,19.35,19.39,5600,108364.0
000029.SZ,2026-04-01 09:31:00,19.35,19.5,19.34,19.4,90200,1750283.0
000029.SZ,2026-04-01 09:32:00,19.39,19.39,19.33,19.37,65100,1259726.0
000029.SZ,2026-04-01 09:33:00,19.37,19.37,19.29,19.36,24100,465975.0
000029.SZ,2026-04-01 09:34:00,19.34,19.34,19.29,19.29,16400,316742.0
000029.SZ,2026-04-01 09:35:00,19.28,19.29,19.25,19.29,26900,518170.0
000029.SZ,2026-04-01 09:36:00,19.3,19.34,19.3,19.34,20300,391980.0
000029.SZ,2026-04-01 09:37:00,19.33,19.33,19.25,19.26,87500,1685587.0
000029.SZ,2026-04-01 09:38:00,19.24,19.27,19.23,19.23,6400,123163.0
000029.SZ,2026-04-01 09:39:00,19.28,19.32,19.28,19.31,40100,772640.0
000029.SZ,2026-04-01 09:40:00,19.31,19.31,19.28,19.29,5800,111878.0
000029.SZ,2026-04-01 09:41:00,19.29,19.33,19.28,19.33,16600,320216.0
000029.SZ,2026-04-01 09:42:00,19.33,19.37,19.31,19.37,18400,355838.0
000029.SZ,2026-04-01 09:43:00,19.37,19.38,19.36,19.36,11100,214982.0
000029.SZ,2026-04-01 09:44:00,19.35,19.37,19.35,19.36,9600,185898.0
000029.SZ,2026-04-01 09:45:00,19.36,19.36,19.34,19.34,21800,421850.0
000029.SZ,2026-04-01 09:46:00,19.34,19.35,19.33,19.35,14100,272760.0
000029.SZ,2026-04-01 09:47:00,19.34,19.34,19.31,19.31,10600,204892.0
000029.SZ,2026-04-01 09:48:00,19.32,19.34,19.31,19.31,12900,249293.0
000029.SZ,2026-04-01 09:49:00,19.31,19.4,19.31,19.4,80200,1552725.0
000029.SZ,2026-04-01 09:50:00,19.4,19.4,19.37,19.38,12000,232641.0
000029.SZ,2026-04-01 09:51:00,19.39,19.4,19.38,19.39,8200,158963.0
000029.SZ,2026-04-01 09:52:00,19.38,19.39,19.37,19.38,11100,215151.0
000029.SZ,2026-04-01 09:53:00,19.38,19.38,19.36,19.38,6600,127857.0
000029.SZ,2026-04-01 09:54:00,19.38,19.39,19.35,19.35,5800,112350.0
000029.SZ,2026-04-01 09:55:00,19.35,19.35,19.31,19.32,4500,87016.0
000029.SZ,2026-04-01 09:56:00,19.32,19.39,19.32,19.37,17600,340115.0
000029.SZ,2026-04-01 09:57:00,19.37,19.4,19.36,19.39,11325,219538.75
000029.SZ,2026-04-01 09:58:00,19.41,19.41,19.39,19.39,13000,252252.0
000029.SZ,2026-04-01 09:59:00,19.39,19.39,19.36,19.36,8600,166543.0
000029.SZ,2026-04-01 10:00:00,19.36,19.38,19.33,19.35,48100,929578.0
000029.SZ,2026-04-01 10:01:00,19.35,19.38,19.35,19.38,13000,251655.0
000029.SZ,2026-04-01 10:02:00,19.38,19.38,19.32,19.32,61300,1184320.0
000029.SZ,2026-04-01 10:03:00,19.32,19.38,19.32,19.38,8800,170294.0
000029.SZ,2026-04-01 10:04:00,19.39,19.39,19.34,19.37,50584,978853.4
000029.SZ,2026-04-01 10:05:00,19.37,19.37,19.33,19.37,3200,61907.0
000029.SZ,2026-04-01 10:06:00,19.37,19.4,19.36,19.4,12000,232402.0
000029.SZ,2026-04-01 10:07:00,19.4,19.41,19.37,19.39,13100,253971.0
000029.SZ,2026-04-01 10:08:00,19.38,19.39,19.36,19.36,5200,100725.0
000029.SZ,2026-04-01 10:09:00,19.35,19.4,19.35,19.37,8200,158874.0
000029.SZ,2026-04-01 10:10:00,19.37,19.4,19.37,19.38,74400,1440527.0
000029.SZ,2026-04-01 10:11:00,19.4,19.4,19.37,19.37,9200,178218.0
000029.SZ,2026-04-01 10:12:00,19.36,19.39,19.36,19.39,4600,89089.0
000029.SZ,2026-04-01 10:13:00,19.37,19.39,19.36,19.39,10000,193762.0
000029.SZ,2026-04-01 10:14:00,19.39,19.4,19.37,19.37,10400,201639.0
000029.SZ,2026-04-01 10:15:00,19.4,19.4,19.38,19.38,2800,54268.0
000029.SZ,2026-04-01 10:16:00,19.38,19.4,19.38,19.4,27600,535081.0
000029.SZ,2026-04-01 10:17:00,19.38,19.39,19.37,19.37,10400,201596.0
000029.SZ,2026-04-01 10:18:00,19.36,19.4,19.36,19.38,5800,112383.0
000029.SZ,2026-04-01 10:19:00,19.38,19.38,19.36,19.38,10600,205259.0
000029.SZ,2026-04-01 10:20:00,19.38,19.4,19.37,19.4,8700,168618.0
000029.SZ,2026-04-01 10:21:00,19.37,19.39,19.36,19.37,10900,211089.0
000029.SZ,2026-04-01 10:22:00,19.35,19.36,19.35,19.35,1600,30978.0
000029.SZ,2026-04-01 10:23:00,19.35,19.36,19.34,19.34,19200,371506.0
000029.SZ,2026-04-01 10:24:00,19.35,19.36,19.34,19.34,4800,92857.0
000029.SZ,2026-04-01 10:25:00,19.34,19.34,19.33,19.34,9100,175915.0
000029.SZ,2026-04-01 10:26:00,19.34,19.34,19.3,19.31,31300,604287.0
000029.SZ,2026-04-01 10:27:00,19.3,19.33,19.3,19.33,21800,421017.0
000029.SZ,2026-04-01 10:28:00,19.3,19.32,19.3,19.31,2900,55994.0
000029.SZ,2026-04-01 10:29:00,19.32,19.32,19.3,19.3,3700,71422.0
000029.SZ,2026-04-01 10:30:00,19.29,19.3,19.29,19.29,7300,140834.0
000029.SZ,2026-04-01 10:31:00,19.28,19.34,19.28,19.33,24500,472845.0
000029.SZ,2026-04-01 10:32:00,19.35,19.35,19.33,19.33,8400,162414.0
000029.SZ,2026-04-01 10:33:00,19.33,19.36,19.33,19.35,3200,61880.0
000029.SZ,2026-04-01 10:34:00,19.36,19.39,19.36,19.36,11900,230493.0
000029.SZ,2026-04-01 10:35:00,19.36,19.4,19.36,19.4,23800,461017.0
000029.SZ,2026-04-01 10:36:00,19.4,19.4,19.37,19.38,13900,269394.0
000029.SZ,2026-04-01 10:37:00,19.38,19.38,19.36,19.37,7300,141419.0
000029.SZ,2026-04-01 10:38:00,19.37,19.39,19.36,19.39,4900,94968.0
000029.SZ,2026-04-01 10:39:00,19.39,19.4,19.38,19.38,12600,244220.0
000029.SZ,2026-04-01 10:40:00,19.38,19.39,19.38,19.38,4400,85303.0
000029.SZ,2026-04-01 10:41:00,19.38,19.39,19.38,19.39,800,15507.0
000029.SZ,2026-04-01 10:42:00,19.39,19.4,19.39,19.39,3700,71749.0
000029.SZ,2026-04-01 10:43:00,19.39,19.4,19.38,19.38,4600,89191.0
000029.SZ,2026-04-01 10:44:00,19.39,19.39,19.38,19.38,1200,23259.0
000029.SZ,2026-04-01 10:45:00,19.38,19.4,19.38,19.4,8600,166767.0
000029.SZ,2026-04-01 10:46:00,19.4,19.44,19.38,19.44,30800,597678.0
000029.SZ,2026-04-01 10:47:00,19.41,19.41,19.39,19.39,3300,64042.0
000029.SZ,2026-04-01 10:48:00,19.39,19.4,19.38,19.4,1200,23270.0
000029.SZ,2026-04-01 10:49:00,19.39,19.39,19.38,19.39,1600,31011.0
000029.SZ,2026-04-01 10:50:00,19.39,19.42,19.39,19.4,7400,143570.0
000029.SZ,2026-04-01 10:51:00,19.4,19.42,19.4,19.42,6100,118378.0
000029.SZ,2026-04-01 10:52:00,19.42,19.43,19.41,19.41,6300,122349.0
000029.SZ,2026-04-01 10:53:00,19.41,19.42,19.4,19.42,2900,56293.0
000029.SZ,2026-04-01 10:54:00,19.41,19.41,19.39,19.4,2800,54320.0
000029.SZ,2026-04-01 10:55:00,19.39,19.41,19.39,19.39,11900,230801.0
000029.SZ,2026-04-01 10:56:00,19.39,19.41,19.39,19.41,4500,87289.0
000029.SZ,2026-04-01 10:57:00,19.4,19.4,19.38,19.4,1900,36836.0
000029.SZ,2026-04-01 10:58:00,19.4,19.4,19.38,19.39,1600,31018.0
000029.SZ,2026-04-01 10:59:00,19.38,19.38,19.38,19.38,900,17442.0
000029.SZ,2026-04-01 11:00:00,19.38,19.39,19.37,19.37,27000,523009.0
000029.SZ,2026-04-01 11:01:00,19.37,19.37,19.36,19.36,300,5809.0
000029.SZ,2026-04-01 11:02:00,19.37,19.39,19.37,19.38,16400,317681.0
000029.SZ,2026-04-01 11:03:00,19.38,19.39,19.38,19.39,400,7753.0
000029.SZ,2026-04-01 11:04:00,19.39,19.39,19.38,19.38,700,13569.0
000029.SZ,2026-04-01 11:05:00,19.38,19.38,19.36,19.37,9200,178236.0
000029.SZ,2026-04-01 11:06:00,19.37,19.38,19.37,19.38,4100,79429.0
000029.SZ,2026-04-01 11:07:00,19.37,19.38,19.36,19.36,1100,21302.0
000029.SZ,2026-04-01 11:08:00,19.36,19.37,19.36,19.36,3800,73572.0
000029.SZ,2026-04-01 11:09:00,19.36,19.37,19.36,19.37,1400,27109.0
000029.SZ,2026-04-01 11:10:00,19.36,19.37,19.36,19.36,2200,42602.0
000029.SZ,2026-04-01 11:11:00,19.36,19.37,19.36,19.37,2200,42612.0
000029.SZ,2026-04-01 11:12:00,19.35,19.36,19.35,19.36,7900,152919.0
000029.SZ,2026-04-01 11:13:00,19.37,19.37,19.37,19.37,100,1937.0
000029.SZ,2026-04-01 11:14:00,19.37,19.37,19.37,19.37,900,17433.0
000029.SZ,2026-04-01 11:15:00,19.36,19.37,19.36,19.37,1300,25170.0
000029.SZ,2026-04-01 11:16:00,19.37,19.37,19.35,19.35,2000,38725.0
000029.SZ,2026-04-01 11:17:00,19.36,19.37,19.35,19.35,12200,236149.0
000029.SZ,2026-04-01 11:18:00,19.35,19.37,19.35,19.37,8100,156769.0
000029.SZ,2026-04-01 11:19:00,19.37,19.37,19.37,19.37,1800,34866.0
000029.SZ,2026-04-01 11:20:00,19.36,19.37,19.36,19.37,3300,63893.0
000029.SZ,2026-04-01 11:21:00,19.36,19.36,19.36,19.36,300,5808.0
000029.SZ,2026-04-01 11:22:00,19.35,19.36,19.35,19.35,5000,96765.0
000029.SZ,2026-04-01 11:23:00,19.34,19.34,19.34,19.34,400,7736.0
000029.SZ,2026-04-01 11:24:00,19.34,19.36,19.34,19.36,2900,56110.0
000029.SZ,2026-04-01 11:25:00,19.36,19.36,19.35,19.36,5200,100639.0
000029.SZ,2026-04-01 11:26:00,19.35,19.36,19.35,19.35,5600,108363.0
000029.SZ,2026-04-01 11:27:00,19.36,19.37,19.35,19.37,5400,104531.0
000029.SZ,2026-04-01 11:28:00,19.34,19.35,19.34,19.34,7200,139251.0
000029.SZ,2026-04-01 11:29:00,19.35,19.35,19.35,19.35,3300,63849.0
000029.SZ,2026-04-01 11:30:00,19.36,19.36,19.36,19.36,6300,121969.0
000029.SZ,2026-04-01 13:01:00,19.35,19.36,19.33,19.33,8700,168305.0
000029.SZ,2026-04-01 13:02:00,19.32,19.32,19.3,19.31,8000,154528.0
000029.SZ,2026-04-01 13:03:00,19.31,19.32,19.3,19.32,5400,104239.0
000029.SZ,2026-04-01 13:04:00,19.32,19.33,19.31,19.33,11200,216343.0
000029.SZ,2026-04-01 13:05:00,19.31,19.31,19.31,19.31,1400,27034.0
000029.SZ,2026-04-01 13:06:00,19.31,19.32,19.31,19.32,1400,27035.0
000029.SZ,2026-04-01 13:07:00,19.33,19.33,19.32,19.32,1100,21258.0
000029.SZ,2026-04-01 13:08:00,19.32,19.32,19.32,19.32,2500,48300.0
000029.SZ,2026-04-01 13:09:00,19.31,19.32,19.31,19.32,400,7726.0
000029.SZ,2026-04-01 13:10:00,19.32,19.32,19.31,19.31,2000,38636.0
000029.SZ,2026-04-01 13:11:00,19.32,19.33,19.32,19.33,1300,25117.0
000029.SZ,2026-04-01 13:12:00,19.33,19.33,19.32,19.32,400,7729.0
000029.SZ,2026-04-01 13:13:00,19.33,19.33,19.33,19.33,900,17397.0
000029.SZ,2026-04-01 13:14:00,19.33,19.35,19.33,19.35,5900,114109.0
000029.SZ,2026-04-01 13:15:00,19.34,19.35,19.33,19.33,1900,36749.0
000029.SZ,2026-04-01 13:16:00,19.33,19.33,19.32,19.32,5000,96648.0
000029.SZ,2026-04-01 13:17:00,19.33,19.35,19.33,19.34,10500,202982.0
000029.SZ,2026-04-01 13:18:00,19.34,19.35,19.34,19.35,1500,29012.0
000029.SZ,2026-04-01 13:19:00,19.34,19.35,19.34,19.35,4500,87067.0
000029.SZ,2026-04-01 13:20:00,19.35,19.35,19.34,19.34,300,5804.0
000029.SZ,2026-04-01 13:21:00,19.34,19.35,19.34,19.34,1300,25144.0
000029.SZ,2026-04-01 13:22:00,19.34,19.34,19.33,19.33,3000,57993.0
000029.SZ,2026-04-01 13:23:00,19.33,19.33,19.33,19.33,600,11596.0
000029.SZ,2026-04-01 13:24:00,19.32,19.32,19.32,19.32,3700,71484.0
000029.SZ,2026-04-01 13:25:00,19.32,19.33,19.2,19.28,57000,1099093.0
000029.SZ,2026-04-01 13:26:00,19.28,19.29,19.27,19.27,4900,94470.0
000029.SZ,2026-04-01 13:27:00,19.28,19.28,19.27,19.27,1800,34702.0
000029.SZ,2026-04-01 13:28:00,19.27,19.31,19.27,19.31,4400,84905.0
000029.SZ,2026-04-01 13:29:00,19.31,19.33,19.3,19.33,14700,283853.0
000029.SZ,2026-04-01 13:30:00,19.33,19.35,19.32,19.35,27100,523538.0
000029.SZ,2026-04-01 13:31:00,19.36,19.37,19.35,19.36,7600,147147.0
000029.SZ,2026-04-01 13:32:00,19.37,19.37,19.35,19.36,8300,160685.0
000029.SZ,2026-04-01 13:33:00,19.37,19.39,19.36,19.36,19200,371982.0
000029.SZ,2026-04-01 13:34:00,19.36,19.36,19.36,19.36,300,5808.0
000029.SZ,2026-04-01 13:35:00,19.36,19.36,19.35,19.35,1300,25157.0
000029.SZ,2026-04-01 13:36:00,19.35,19.35,19.34,19.34,200,3869.0
000029.SZ,2026-04-01 13:37:00,19.34,19.34,19.32,19.32,3600,69597.0
000029.SZ,2026-04-01 13:38:00,19.32,19.32,19.32,19.32,200,3864.0
000029.SZ,2026-04-01 13:39:00,19.32,19.33,19.32,19.33,2500,48302.0
000029.SZ,2026-04-01 13:40:00,19.33,19.33,19.32,19.33,900,17395.0
000029.SZ,2026-04-01 13:41:00,19.33,19.34,19.33,19.34,2400,46395.0
000029.SZ,2026-04-01 13:42:00,19.33,19.33,19.32,19.32,4900,94682.0
000029.SZ,2026-04-01 13:43:00,19.33,19.33,19.32,19.32,3600,69554.0
000029.SZ,2026-04-01 13:44:00,19.33,19.33,19.32,19.33,2600,50237.0
000029.SZ,2026-04-01 13:45:00,19.33,19.33,19.33,19.33,500,9665.0
000029.SZ,2026-04-01 13:46:00,19.33,19.33,19.32,19.32,4400,85019.0
000029.SZ,2026-04-01 13:47:00,19.32,19.33,19.32,19.33,7200,139106.0
000029.SZ,2026-04-01 13:48:00,19.32,19.32,19.32,19.32,7900,152628.0
000029.SZ,2026-04-01 13:49:00,19.32,19.32,19.32,19.32,8900,171937.0
000029.SZ,2026-04-01 13:50:00,19.33,19.33,19.33,19.33,1000,19330.0
000029.SZ,2026-04-01 13:51:00,19.33,19.33,19.32,19.33,3000,57970.0
000029.SZ,2026-04-01 13:52:00,19.33,19.41,19.33,19.4,40100,776610.0
000029.SZ,2026-04-01 13:53:00,19.41,19.42,19.4,19.4,16100,312590.0
000029.SZ,2026-04-01 13:54:00,19.4,19.4,19.39,19.39,3000,58197.0
000029.SZ,2026-04-01 13:55:00,19.38,19.4,19.37,19.38,4900,94972.0
000029.SZ,2026-04-01 13:56:00,19.37,19.38,19.37,19.37,1500,29057.0
000029.SZ,2026-04-01 13:57:00,19.37,19.37,19.33,19.33,8200,158642.0
000029.SZ,2026-04-01 13:58:00,19.32,19.32,19.28,19.29,36400,702634.0
000029.SZ,2026-04-01 13:59:00,19.28,19.29,19.27,19.28,6700,129161.0
000029.SZ,2026-04-01 14:00:00,19.27,19.28,19.27,19.28,2600,50121.0
000029.SZ,2026-04-01 14:01:00,19.28,19.28,19.27,19.27,4300,82866.0
000029.SZ,2026-04-01 14:02:00,19.27,19.29,19.26,19.28,9700,186941.0
000029.SZ,2026-04-01 14:03:00,19.27,19.28,19.27,19.28,3400,65532.0
000029.SZ,2026-04-01 14:04:00,19.28,19.32,19.28,19.32,19600,378138.0
000029.SZ,2026-04-01 14:05:00,19.31,19.32,19.31,19.31,4600,88828.0
000029.SZ,2026-04-01 14:06:00,19.32,19.32,19.31,19.31,2500,48287.0
000029.SZ,2026-04-01 14:07:00,19.31,19.32,19.31,19.31,800,15451.0
000029.SZ,2026-04-01 14:08:00,19.31,19.32,19.3,19.32,29300,565782.0
000029.SZ,2026-04-01 14:09:00,19.32,19.33,19.32,19.32,3700,71487.0
000029.SZ,2026-04-01 14:10:00,19.32,19.33,19.31,19.31,4000,77269.0
000029.SZ,2026-04-01 14:11:00,19.32,19.32,19.31,19.31,800,15453.0
000029.SZ,2026-04-01 14:12:00,19.3,19.3,19.3,19.3,1100,21234.0
000029.SZ,2026-04-01 14:13:00,19.29,19.3,19.29,19.3,1400,27014.0
000029.SZ,2026-04-01 14:14:00,19.3,19.3,19.3,19.3,1100,21229.0
000029.SZ,2026-04-01 14:15:00,19.3,19.31,19.3,19.31,4900,94572.0
000029.SZ,2026-04-01 14:16:00,19.31,19.35,19.31,19.34,9500,183662.0
000029.SZ,2026-04-01 14:17:00,19.34,19.36,19.34,19.36,7200,139313.0
000029.SZ,2026-04-01 14:18:00,19.34,19.36,19.34,19.36,500,9673.0
000029.SZ,2026-04-01 14:19:00,19.35,19.38,19.35,19.37,8500,164565.0
000029.SZ,2026-04-01 14:20:00,19.37,19.39,19.37,19.39,14200,275205.0
000029.SZ,2026-04-01 14:21:00,19.39,19.39,19.36,19.37,5800,112333.0
000029.SZ,2026-04-01 14:22:00,19.37,19.38,19.37,19.38,4000,77509.0
000029.SZ,2026-04-01 14:23:00,19.38,19.4,19.38,19.4,17300,335543.0
000029.SZ,2026-04-01 14:24:00,19.4,19.41,19.39,19.41,6600,128038.0
000029.SZ,2026-04-01 14:25:00,19.4,19.4,19.39,19.4,3100,60138.0
000029.SZ,2026-04-01 14:26:00,19.4,19.4,19.38,19.38,9100,176467.0
000029.SZ,2026-04-01 14:27:00,19.39,19.39,19.38,19.39,3600,69798.0
000029.SZ,2026-04-01 14:28:00,19.4,19.4,19.37,19.37,2900,56229.0
000029.SZ,2026-04-01 14:29:00,19.38,19.39,19.38,19.39,1200,23253.0
000029.SZ,2026-04-01 14:30:00,19.38,19.39,19.37,19.39,6300,122100.0
000029.SZ,2026-04-01 14:31:00,19.39,19.39,19.38,19.38,9700,188068.0
000029.SZ,2026-04-01 14:32:00,19.38,19.4,19.38,19.4,4300,83380.0
000029.SZ,2026-04-01 14:33:00,19.39,19.4,19.38,19.38,8000,155133.0
000029.SZ,2026-04-01 14:34:00,19.4,19.4,19.38,19.39,5000,96918.0
000029.SZ,2026-04-01 14:35:00,19.4,19.4,19.39,19.39,12700,246333.0
000029.SZ,2026-04-01 14:36:00,19.4,19.4,19.39,19.39,18900,366622.0
000029.SZ,2026-04-01 14:37:00,19.39,19.4,19.39,19.39,11500,222999.0
000029.SZ,2026-04-01 14:38:00,19.39,19.4,19.39,19.39,39900,773893.0
000029.SZ,2026-04-01 14:39:00,19.4,19.4,19.39,19.4,3500,67893.0
000029.SZ,2026-04-01 14:40:00,19.4,19.41,19.38,19.38,28100,545003.0
000029.SZ,2026-04-01 14:41:00,19.39,19.39,19.38,19.38,4400,85281.0
000029.SZ,2026-04-01 14:42:00,19.39,19.39,19.38,19.38,4400,85282.0
000029.SZ,2026-04-01 14:43:00,19.38,19.39,19.37,19.38,7500,145375.0
000029.SZ,2026-04-01 14:44:00,19.39,19.39,19.38,19.38,8400,162810.0
000029.SZ,2026-04-01 14:45:00,19.39,19.39,19.38,19.38,18900,366412.0
000029.SZ,2026-04-01 14:46:00,19.41,19.42,19.4,19.41,10400,201839.0
000029.SZ,2026-04-01 14:47:00,19.41,19.45,19.41,19.41,18400,357401.0
000029.SZ,2026-04-01 14:48:00,19.41,19.45,19.41,19.45,25000,486082.0
000029.SZ,2026-04-01 14:49:00,19.44,19.45,19.43,19.43,4700,91369.0
000029.SZ,2026-04-01 14:50:00,19.44,19.45,19.43,19.45,9100,176923.0
000029.SZ,2026-04-01 14:51:00,19.43,19.44,19.43,19.43,6000,116586.0
000029.SZ,2026-04-01 14:52:00,19.44,19.44,19.42,19.43,11400,221441.0
000029.SZ,2026-04-01 14:53:00,19.44,19.44,19.42,19.43,22800,442990.0
000029.SZ,2026-04-01 14:54:00,19.43,19.46,19.43,19.45,24800,482291.0
000029.SZ,2026-04-01 14:55:00,19.46,19.46,19.45,19.45,40300,783871.0
000029.SZ,2026-04-01 14:56:00,19.46,19.46,19.44,19.46,39300,764325.0
000029.SZ,2026-04-01 14:57:00,19.44,19.46,19.42,19.43,6300,122479.0
000029.SZ,2026-04-01 14:58:00,19.43,19.43,19.43,19.43,0,0.0
000029.SZ,2026-04-01 14:59:00,19.43,19.43,19.43,19.43,0,0.0
000029.SZ,2026-04-01 15:00:00,19.42,19.42,19.42,19.42,34800,675816.0
000029.SZ,2026-04-02 09:30:00,19.38,19.53,19.38,19.53,8800,170574.0
000029.SZ,2026-04-02 09:31:00,19.45,19.54,19.21,19.28,53300,1031106.0
000029.SZ,2026-04-02 09:32:00,19.34,19.34,19.28,19.29,60400,1165534.0
000029.SZ,2026-04-02 09:33:00,19.3,19.34,19.25,19.25,95700,1846901.0
000029.SZ,2026-04-02 09:34:00,19.27,19.32,19.26,19.29,28500,549313.0
000029.SZ,2026-04-02 09:35:00,19.25,19.25,19.21,19.24,32500,625109.0
000029.SZ,2026-04-02 09:36:00,19.22,19.22,19.21,19.21,47200,906833.0
000029.SZ,2026-04-02 09:37:00,19.21,19.25,19.2,19.25,23200,445930.0
000029.SZ,2026-04-02 09:38:00,19.23,19.28,19.23,19.27,6000,115588.0
000029.SZ,2026-04-02 09:39:00,19.28,19.33,19.27,19.33,8000,154401.0
000029.SZ,2026-04-02 09:40:00,19.34,19.34,19.31,19.32,17800,344109.0
000029.SZ,2026-04-02 09:41:00,19.33,19.34,19.3,19.3,11200,216270.0
000029.SZ,2026-04-02 09:42:00,19.3,19.36,19.3,19.36,16800,324692.0
000029.SZ,2026-04-02 09:43:00,19.36,19.39,19.35,19.39,18600,360394.0
000029.SZ,2026-04-02 09:44:00,19.39,19.39,19.36,19.37,14400,279062.0
000029.SZ,2026-04-02 09:45:00,19.37,19.37,19.33,19.34,17300,334642.0
000029.SZ,2026-04-02 09:46:00,19.34,19.35,19.32,19.32,5100,98600.0
000029.SZ,2026-04-02 09:47:00,19.32,19.32,19.3,19.31,13400,258732.0
000029.SZ,2026-04-02 09:48:00,19.31,19.32,19.3,19.3,10900,210401.0
000029.SZ,2026-04-02 09:49:00,19.31,19.31,19.26,19.26,11600,223658.0
000029.SZ,2026-04-02 09:50:00,19.26,19.28,19.26,19.26,12400,238840.0
000029.SZ,2026-04-02 09:51:00,19.26,19.26,19.25,19.26,8900,171385.0
000029.SZ,2026-04-02 09:52:00,19.26,19.26,19.25,19.25,6100,117449.0
000029.SZ,2026-04-02 09:53:00,19.25,19.27,19.23,19.24,18600,357989.0
000029.SZ,2026-04-02 09:54:00,19.25,19.27,19.25,19.26,9700,186787.0
000029.SZ,2026-04-02 09:55:00,19.27,19.29,19.24,19.26,27300,525801.0
000029.SZ,2026-04-02 09:56:00,19.24,19.24,19.2,19.24,19600,376754.0
000029.SZ,2026-04-02 09:57:00,19.22,19.25,19.2,19.21,21500,412974.0
000029.SZ,2026-04-02 09:58:00,19.21,19.23,19.2,19.23,23400,449411.0
000029.SZ,2026-04-02 09:59:00,19.23,19.23,19.17,19.22,37000,710288.0
000029.SZ,2026-04-02 10:00:00,19.23,19.23,19.17,19.21,30000,575581.0
000029.SZ,2026-04-02 10:01:00,19.18,19.18,19.16,19.18,23500,450448.0
000029.SZ,2026-04-02 10:02:00,19.19,19.2,19.18,19.2,1300,24950.0
000029.SZ,2026-04-02 10:03:00,19.2,19.2,19.18,19.18,9600,184151.0
000029.SZ,2026-04-02 10:04:00,19.18,19.18,19.17,19.18,4200,80527.0
000029.SZ,2026-04-02 10:05:00,19.17,19.18,19.16,19.17,18300,350811.0
000029.SZ,2026-04-02 10:06:00,19.18,19.19,19.18,19.18,7600,145770.0
000029.SZ,2026-04-02 10:07:00,19.18,19.18,19.16,19.16,10900,208924.0
000029.SZ,2026-04-02 10:08:00,19.15,19.16,19.15,19.15,38100,729945.0
000029.SZ,2026-04-02 10:09:00,19.16,19.18,19.15,19.16,8700,166676.0
000029.SZ,2026-04-02 10:10:00,19.16,19.16,19.13,19.15,45400,869380.0
000029.SZ,2026-04-02 10:11:00,19.14,19.15,19.12,19.12,18800,359570.0
000029.SZ,2026-04-02 10:12:00,19.12,19.13,19.11,19.13,9900,189271.0
000029.SZ,2026-04-02 10:13:00,19.13,19.13,19.11,19.12,8300,158725.0
000029.SZ,2026-04-02 10:14:00,19.11,19.12,19.1,19.11,35200,672684.0
000029.SZ,2026-04-02 10:15:00,19.11,19.12,19.11,19.12,5700,108945.0
000029.SZ,2026-04-02 10:16:00,19.13,19.16,19.12,19.16,9800,187530.0
000029.SZ,2026-04-02 10:17:00,19.16,19.16,19.12,19.13,10200,195219.0
000029.SZ,2026-04-02 10:18:00,19.13,19.14,19.12,19.12,7800,149178.0
000029.SZ,2026-04-02 10:19:00,19.12,19.12,19.06,19.08,82500,1575942.0
000029.SZ,2026-04-02 10:20:00,19.08,19.12,19.05,19.12,13800,263390.0
000029.SZ,2026-04-02 10:21:00,19.12,19.13,19.1,19.12,22200,424198.0
000029.SZ,2026-04-02 10:22:00,19.12,19.12,19.08,19.08,42100,803470.0
000029.SZ,2026-04-02 10:23:00,19.07,19.08,19.01,19.02,63000,1200373.0
000029.SZ,2026-04-02 10:24:00,19.01,19.03,19.01,19.02,23500,446777.0
000029.SZ,2026-04-02 10:25:00,19.01,19.03,18.97,19.0,71000,1349091.0
000029.SZ,2026-04-02 10:26:00,18.99,19.0,18.97,19.0,5800,110083.0
000029.SZ,2026-04-02 10:27:00,19.0,19.0,18.99,19.0,3100,58897.0
000029.SZ,2026-04-02 10:28:00,19.01,19.03,19.01,19.02,4400,83670.0
000029.SZ,2026-04-02 10:29:00,19.03,19.04,19.02,19.02,1600,30448.0
000029.SZ,2026-04-02 10:30:00,19.04,19.04,19.02,19.04,5500,104665.0
000029.SZ,2026-04-02 10:31:00,19.04,19.05,19.02,19.05,5400,102792.0
000029.SZ,2026-04-02 10:32:00,19.05,19.08,19.04,19.07,9900,188789.0
000029.SZ,2026-04-02 10:33:00,19.08,19.15,19.08,19.13,30400,580857.0
000029.SZ,2026-04-02 10:34:00,19.15,19.17,19.1,19.17,24900,476473.0
000029.SZ,2026-04-02 10:35:00,19.13,19.19,19.13,19.19,56700,1084604.0
000029.SZ,2026-04-02 10:36:00,19.16,19.17,19.14,19.14,4100,78536.0
000029.SZ,2026-04-02 10:37:00,19.12,19.14,19.09,19.09,6000,114650.0
000029.SZ,2026-04-02 10:38:00,19.1,19.14,19.1,19.14,5300,101328.0
000029.SZ,2026-04-02 10:39:00,19.14,19.15,19.14,19.15,3600,68907.0
000029.SZ,2026-04-02 10:40:00,19.15,19.15,19.14,19.15,1200,22974.0
000029.SZ,2026-04-02 10:41:00,19.15,19.18,19.15,19.18,3200,61313.0
000029.SZ,2026-04-02 10:42:00,19.17,19.2,19.17,19.2,6800,130502.0
000029.SZ,2026-04-02 10:43:00,19.2,19.2,19.17,19.18,8400,161062.0
000029.SZ,2026-04-02 10:44:00,19.18,19.18,19.15,19.15,3300,63234.0
000029.SZ,2026-04-02 10:45:00,19.15,19.15,19.15,19.15,2300,44045.0
000029.SZ,2026-04-02 10:46:00,19.15,19.17,19.15,19.15,1300,24910.0
000029.SZ,2026-04-02 10:47:00,19.18,19.18,19.16,19.18,3000,57535.0
000029.SZ,2026-04-02 10:48:00,19.18,19.18,19.17,19.18,7100,136112.0
000029.SZ,2026-04-02 10:49:00,19.18,19.19,19.18,19.19,900,17268.0
000029.SZ,2026-04-02 10:50:00,19.19,19.2,19.17,19.17,29100,558064.0
000029.SZ,2026-04-02 10:51:00,19.17,19.18,19.17,19.18,2300,44112.0
000029.SZ,2026-04-02 10:52:00,19.19,19.19,19.19,19.19,700,13433.0
000029.SZ,2026-04-02 10:53:00,19.19,19.19,19.18,19.19,6600,126593.0
000029.SZ,2026-04-02 10:54:00,19.19,19.19,19.18,19.18,1400,26855.0
000029.SZ,2026-04-02 10:55:00,19.18,19.18,19.16,19.16,7100,136088.0
000029.SZ,2026-04-02 10:56:00,19.15,19.17,19.15,19.17,2300,44055.0
000029.SZ,2026-04-02 10:57:00,19.15,19.17,19.15,19.15,600,11494.0
000029.SZ,2026-04-02 10:58:00,19.17,19.17,19.15,19.16,2500,47897.0
000029.SZ,2026-04-02 10:59:00,19.15,19.16,19.15,19.16,8700,166607.0
000029.SZ,2026-04-02 11:00:00,19.15,19.15,19.14,19.15,2600,49780.0
000029.SZ,2026-04-02 11:01:00,19.11,19.11,19.11,19.11,1100,21025.0
000029.SZ,2026-04-02 11:02:00,19.11,19.14,19.11,19.14,1500,28685.0
000029.SZ,2026-04-02 11:03:00,19.13,19.14,19.13,19.13,3700,70803.0
000029.SZ,2026-04-02 11:04:00,19.12,19.13,19.12,19.13,5100,97539.0
000029.SZ,2026-04-02 11:05:00,19.12,19.12,19.11,19.12,1800,34412.0
000029.SZ,2026-04-02 11:06:00,19.13,19.13,19.12,19.12,1500,28685.0
000029.SZ,2026-04-02 11:07:00,19.11,19.11,19.11,19.11,500,9555.0
000029.SZ,2026-04-02 11:08:00,19.11,19.12,19.11,19.12,500,9558.0
000029.SZ,2026-04-02 11:09:00,19.11,19.11,19.1,19.1,3000,57322.0
000029.SZ,2026-04-02 11:10:00,19.09,19.09,19.08,19.09,900,17180.0
000029.SZ,2026-04-02 11:11:00,19.1,19.1,19.1,19.1,100,1910.0
000029.SZ,2026-04-02 11:12:00,19.1,19.1,19.1,19.1,4800,91680.0
000029.SZ,2026-04-02 11:13:00,19.09,19.09,19.09,19.09,1000,19090.0
000029.SZ,2026-04-02 11:14:00,19.09,19.1,19.09,19.1,200,3819.0
000029.SZ,2026-04-02 11:15:00,19.1,19.1,19.1,19.1,600,11460.0
000029.SZ,2026-04-02 11:16:00,19.09,19.1,19.09,19.1,400,7637.0
000029.SZ,2026-04-02 11:17:00,19.09,19.09,19.09,19.09,1500,28635.0
000029.SZ,2026-04-02 11:18:00,19.09,19.09,19.09,19.09,200,3818.0
000029.SZ,2026-04-02 11:19:00,19.09,19.09,19.08,19.08,4300,82073.0
000029.SZ,2026-04-02 11:20:00,19.08,19.08,19.08,19.08,2100,40068.0
000029.SZ,2026-04-02 11:21:00,19.08,19.08,19.08,19.08,4200,80131.0
000029.SZ,2026-04-02 11:22:00,19.09,19.11,19.09,19.11,2200,42020.0
000029.SZ,2026-04-02 11:23:00,19.1,19.1,19.09,19.1,2800,53468.0
000029.SZ,2026-04-02 11:24:00,19.1,19.1,19.09,19.09,500,9548.0
000029.SZ,2026-04-02 11:25:00,19.09,19.09,19.09,19.09,100,1909.0
000029.SZ,2026-04-02 11:26:00,19.09,19.09,19.08,19.08,4000,76349.0
000029.SZ,2026-04-02 11:27:00,19.08,19.08,19.08,19.08,300,5724.0
000029.SZ,2026-04-02 11:28:00,19.07,19.07,19.07,19.07,1400,26698.0
000029.SZ,2026-04-02 11:29:00,19.08,19.09,19.08,19.09,5100,97309.0
000029.SZ,2026-04-02 11:30:00,19.07,19.09,19.07,19.09,4100,78232.0
000029.SZ,2026-04-02 13:01:00,19.09,19.09,19.05,19.05,6400,122048.0
000029.SZ,2026-04-02 13:02:00,19.03,19.04,19.03,19.03,2800,53309.0
000029.SZ,2026-04-02 13:03:00,19.03,19.03,19.02,19.03,5800,110366.0
000029.SZ,2026-04-02 13:04:00,19.02,19.03,19.02,19.02,3600,68503.0
000029.SZ,2026-04-02 13:05:00,19.02,19.03,19.02,19.03,2200,41845.0
000029.SZ,2026-04-02 13:06:00,19.02,19.02,19.01,19.02,2000,38034.0
000029.SZ,2026-04-02 13:07:00,19.01,19.04,19.01,19.02,5500,104643.0
000029.SZ,2026-04-02 13:08:00,19.03,19.03,19.02,19.02,4500,85631.0
000029.SZ,2026-04-02 13:09:00,19.03,19.03,19.02,19.02,1000,19025.0
000029.SZ,2026-04-02 13:10:00,19.02,19.05,19.02,19.05,12400,236115.0
000029.SZ,2026-04-02 13:11:00,19.05,19.05,19.03,19.03,3900,74257.0
000029.SZ,2026-04-02 13:12:00,19.03,19.04,19.03,19.04,2800,53308.0
000029.SZ,2026-04-02 13:13:00,19.03,19.04,19.03,19.04,1200,22847.0
000029.SZ,2026-04-02 13:14:00,19.05,19.05,19.03,19.03,1300,24751.0
000029.SZ,2026-04-02 13:15:00,19.03,19.04,19.01,19.03,32600,619875.0
000029.SZ,2026-04-02 13:16:00,19.03,19.03,19.03,19.03,900,17127.0
000029.SZ,2026-04-02 13:17:00,19.02,19.03,19.01,19.03,5500,104579.0
000029.SZ,2026-04-02 13:18:00,19.02,19.08,19.02,19.08,11200,213460.0
000029.SZ,2026-04-02 13:19:00,19.03,19.04,19.03,19.03,15200,289403.0
000029.SZ,2026-04-02 13:20:00,19.03,19.04,19.03,19.04,4800,91366.0
000029.SZ,2026-04-02 13:21:00,19.04,19.04,19.04,19.04,1600,30464.0
000029.SZ,2026-04-02 13:22:00,19.05,19.06,19.04,19.06,1600,30482.0
000029.SZ,2026-04-02 13:23:00,19.04,19.09,19.04,19.09,51700,986226.0
000029.SZ,2026-04-02 13:24:00,19.09,19.19,19.09,19.19,152900,2928161.0
000029.SZ,2026-04-02 13:25:00,19.18,19.21,19.15,19.21,39900,765860.0
000029.SZ,2026-04-02 13:26:00,19.19,19.21,19.17,19.2,14800,284013.0
000029.SZ,2026-04-02 13:27:00,19.22,19.42,19.22,19.41,179700,3476568.0
000029.SZ,2026-04-02 13:28:00,19.42,19.43,19.4,19.41,58700,1139868.0
000029.SZ,2026-04-02 13:29:00,19.43,19.43,19.39,19.39,10000,194082.0
000029.SZ,2026-04-02 13:30:00,19.43,19.45,19.41,19.42,132400,2572145.0
000029.SZ,2026-04-02 13:31:00,19.42,19.43,19.37,19.43,65100,1262367.0
000029.SZ,2026-04-02 13:32:00,19.44,19.49,19.41,19.47,65900,1282514.0
000029.SZ,2026-04-02 13:33:00,19.5,19.5,19.45,19.48,51700,1007219.0
000029.SZ,2026-04-02 13:34:00,19.49,19.51,19.47,19.48,43300,844482.0
000029.SZ,2026-04-02 13:35:00,19.48,19.5,19.42,19.42,42300,823426.0
000029.SZ,2026-04-02 13:36:00,19.41,19.41,19.38,19.38,17100,331653.0
000029.SZ,2026-04-02 13:37:00,19.4,19.46,19.39,19.45,35900,697378.0
000029.SZ,2026-04-02 13:38:00,19.45,19.46,19.35,19.35,27600,536126.0
000029.SZ,2026-04-02 13:39:00,19.35,19.35,19.33,19.35,23600,456547.0
000029.SZ,2026-04-02 13:40:00,19.35,19.37,19.34,19.36,11300,218701.0
000029.SZ,2026-04-02 13:41:00,19.37,19.42,19.37,19.42,16800,325884.0
000029.SZ,2026-04-02 13:42:00,19.42,19.44,19.42,19.42,21200,412000.0
000029.SZ,2026-04-02 13:43:00,19.43,19.43,19.41,19.41,10600,205842.0
000029.SZ,2026-04-02 13:44:00,19.41,19.44,19.41,19.42,21500,417888.0
000029.SZ,2026-04-02 13:45:00,19.42,19.43,19.41,19.42,20300,394222.0
000029.SZ,2026-04-02 13:46:00,19.42,19.45,19.42,19.45,32600,634012.0
000029.SZ,2026-04-02 13:47:00,19.48,19.62,19.48,19.49,223700,4363007.5
000029.SZ,2026-04-02 13:48:00,19.51,19.61,19.51,19.61,61395,1200175.2
000029.SZ,2026-04-02 13:49:00,19.63,19.66,19.55,19.56,125000,2452095.2
000029.SZ,2026-04-02 13:50:00,19.56,19.57,19.48,19.49,68805,1344685.8
000029.SZ,2026-04-02 13:51:00,19.49,19.58,19.49,19.58,51700,1010099.0
000029.SZ,2026-04-02 13:52:00,19.59,19.59,19.52,19.52,14200,278084.0
000029.SZ,2026-04-02 13:53:00,19.51,19.52,19.48,19.48,86500,1687588.0
000029.SZ,2026-04-02 13:54:00,19.48,19.48,19.44,19.45,16700,325061.0
000029.SZ,2026-04-02 13:55:00,19.47,19.5,19.47,19.5,24900,485087.0
000029.SZ,2026-04-02 13:56:00,19.49,19.5,19.48,19.48,7900,153978.0
000029.SZ,2026-04-02 13:57:00,19.49,19.49,19.47,19.47,9300,181181.0
000029.SZ,2026-04-02 13:58:00,19.46,19.46,19.44,19.44,32100,624126.0
000029.SZ,2026-04-02 13:59:00,19.43,19.43,19.42,19.42,10400,202005.0
000029.SZ,2026-04-02 14:00:00,19.42,19.42,19.42,19.42,5248,101916.16
000029.SZ,2026-04-02 14:01:00,19.42,19.42,19.39,19.4,22900,444376.0
000029.SZ,2026-04-02 14:02:00,19.39,19.39,19.34,19.34,10200,197554.0
000029.SZ,2026-04-02 14:03:00,19.34,19.35,19.34,19.35,16600,321078.0
000029.SZ,2026-04-02 14:04:00,19.36,19.36,19.35,19.35,25300,489745.0
000029.SZ,2026-04-02 14:05:00,19.34,19.37,19.34,19.35,21100,408221.0
000029.SZ,2026-04-02 14:06:00,19.35,19.35,19.34,19.34,7000,135384.0
000029.SZ,2026-04-02 14:07:00,19.33,19.34,19.33,19.33,10000,193355.0
000029.SZ,2026-04-02 14:08:00,19.33,19.35,19.32,19.35,46400,896927.0
000029.SZ,2026-04-02 14:09:00,19.37,19.4,19.37,19.39,28800,558087.0
000029.SZ,2026-04-02 14:10:00,19.39,19.39,19.37,19.37,6500,125955.0
000029.SZ,2026-04-02 14:11:00,19.37,19.37,19.34,19.34,7700,149068.0
000029.SZ,2026-04-02 14:12:00,19.34,19.34,19.34,19.34,2200,42548.0
000029.SZ,2026-04-02 14:13:00,19.34,19.35,19.34,19.35,4300,83188.0
000029.SZ,2026-04-02 14:14:00,19.36,19.36,19.35,19.36,3000,58078.0
000029.SZ,2026-04-02 14:15:00,19.35,19.39,19.35,19.39,8000,154923.0
000029.SZ,2026-04-02 14:16:00,19.39,19.39,19.39,19.39,0,0.0
000029.SZ,2026-04-02 14:17:00,19.38,19.38,19.38,19.38,4300,83318.0
000029.SZ,2026-04-02 14:18:00,19.4,19.4,19.4,19.4,5700,110528.0
000029.SZ,2026-04-02 14:19:00,19.41,19.49,19.41,19.48,101273,1970393.6
000029.SZ,2026-04-02 14:20:00,19.46,19.46,19.43,19.44,6000,116760.81
000029.SZ,2026-04-02 14:21:00,19.44,19.45,19.44,19.44,14300,278002.0
000029.SZ,2026-04-02 14:22:00,19.47,19.48,19.46,19.47,11900,231740.0
000029.SZ,2026-04-02 14:23:00,19.47,19.47,19.46,19.46,7100,138235.0
000029.SZ,2026-04-02 14:24:00,19.47,19.47,19.45,19.45,8700,169251.0
000029.SZ,2026-04-02 14:25:00,19.45,19.46,19.42,19.46,7040,136900.0
000029.SZ,2026-04-02 14:26:00,19.46,19.46,19.45,19.45,8000,155612.0
000029.SZ,2026-04-02 14:27:00,19.45,19.47,19.45,19.46,1900,36980.0
000029.SZ,2026-04-02 14:28:00,19.46,19.51,19.45,19.51,42700,832154.0
000029.SZ,2026-04-02 14:29:00,19.52,19.56,19.49,19.5,40200,785338.0
000029.SZ,2026-04-02 14:30:00,19.51,19.52,19.5,19.5,8300,161924.0
000029.SZ,2026-04-02 14:31:00,19.48,19.53,19.48,19.53,43300,844295.0
000029.SZ,2026-04-02 14:32:00,19.55,19.55,19.49,19.49,14900,291013.0
000029.SZ,2026-04-02 14:33:00,19.49,19.49,19.48,19.48,10600,206522.0
000029.SZ,2026-04-02 14:34:00,19.49,19.49,19.46,19.46,28000,545447.0
000029.SZ,2026-04-02 14:35:00,19.47,19.48,19.45,19.47,3500,68125.0
000029.SZ,2026-04-02 14:36:00,19.47,19.48,19.45,19.45,4600,89530.0
000029.SZ,2026-04-02 14:37:00,19.44,19.44,19.43,19.43,2700,52485.0
000029.SZ,2026-04-02 14:38:00,19.43,19.44,19.43,19.44,4500,87468.0
000029.SZ,2026-04-02 14:39:00,19.44,19.45,19.43,19.45,3100,60265.0
000029.SZ,2026-04-02 14:40:00,19.45,19.48,19.45,19.48,10500,204420.0
000029.SZ,2026-04-02 14:41:00,19.46,19.46,19.44,19.45,5300,103100.0
000029.SZ,2026-04-02 14:42:00,19.45,19.46,19.44,19.45,4900,95318.0
000029.SZ,2026-04-02 14:43:00,19.45,19.45,19.43,19.43,13400,260421.0
000029.SZ,2026-04-02 14:44:00,19.44,19.48,19.43,19.45,18000,349967.0
000029.SZ,2026-04-02 14:45:00,19.45,19.52,19.45,19.51,70500,1374198.0
000029.SZ,2026-04-02 14:46:00,19.52,19.54,19.48,19.48,33700,657824.0
000029.SZ,2026-04-02 14:47:00,19.5,19.51,19.47,19.47,8700,169561.0
000029.SZ,2026-04-02 14:48:00,19.47,19.49,19.47,19.47,65200,1268619.0
000029.SZ,2026-04-02 14:49:00,19.46,19.47,19.45,19.45,12600,245252.0
000029.SZ,2026-04-02 14:50:00,19.44,19.48,19.44,19.48,18400,358192.97
000029.SZ,2026-04-02 14:51:00,19.46,19.51,19.46,19.46,21300,415101.94
000029.SZ,2026-04-02 14:52:00,19.5,19.52,19.49,19.5,44600,870019.0
000029.SZ,2026-04-02 14:53:00,19.49,19.53,19.48,19.48,33300,649524.0
000029.SZ,2026-04-02 14:54:00,19.53,19.54,19.49,19.52,27800,542756.0
000029.SZ,2026-04-02 14:55:00,19.52,19.54,19.48,19.51,24500,478096.0
000029.SZ,2026-04-02 14:56:00,19.51,19.55,19.5,19.5,64900,1266097.0
000029.SZ,2026-04-02 14:57:00,19.52,19.52,19.5,19.5,16402,319983.0
000029.SZ,2026-04-02 14:58:00,19.5,19.5,19.5,19.5,0,0.0
000029.SZ,2026-04-02 14:59:00,19.5,19.5,19.5,19.5,0,0.0
000029.SZ,2026-04-02 15:00:00,19.52,19.52,19.52,19.52,44200,862784.0
000029.SZ,2026-04-03 09:30:00,19.8,19.8,19.58,19.76,34600,684617.0
000029.SZ,2026-04-03 09:31:00,19.75,19.76,19.48,19.65,231000,4534694.0
000029.SZ,2026-04-03 09:32:00,19.66,19.66,19.52,19.52,45000,880407.0
000029.SZ,2026-04-03 09:33:00,19.52,19.52,19.41,19.42,44600,867382.0
000029.SZ,2026-04-03 09:34:00,19.41,19.41,19.39,19.4,10800,209529.0
000029.SZ,2026-04-03 09:35:00,19.4,19.4,19.37,19.39,26800,519810.0
000029.SZ,2026-04-03 09:36:00,19.39,19.42,19.36,19.41,27900,540845.0
000029.SZ,2026-04-03 09:37:00,19.4,19.5,19.4,19.47,28800,560586.0
000029.SZ,2026-04-03 09:38:00,19.41,19.41,19.36,19.36,132400,2573619.0
000029.SZ,2026-04-03 09:39:00,19.37,19.38,19.35,19.37,7900,152959.0
000029.SZ,2026-04-03 09:40:00,19.37,19.37,19.33,19.35,35000,677240.0
000029.SZ,2026-04-03 09:41:00,19.35,19.35,19.32,19.32,10700,206826.0
000029.SZ,2026-04-03 09:42:00,19.32,19.32,19.27,19.28,36300,700466.0
000029.SZ,2026-04-03 09:43:00,19.28,19.31,19.28,19.31,11900,229461.0
000029.SZ,2026-04-03 09:44:00,19.3,19.3,19.26,19.26,21300,410553.0
000029.SZ,2026-04-03 09:45:00,19.27,19.28,19.26,19.27,14800,285212.0
000029.SZ,2026-04-03 09:46:00,19.27,19.31,19.27,19.3,9300,179415.0
000029.SZ,2026-04-03 09:47:00,19.3,19.3,19.25,19.26,19800,381476.0
000029.SZ,2026-04-03 09:48:00,19.27,19.27,19.24,19.24,10800,207958.0
000029.SZ,2026-04-03 09:49:00,19.24,19.26,19.23,19.24,11500,221403.0
000029.SZ,2026-04-03 09:50:00,19.23,19.24,19.22,19.22,15000,288492.0
000029.SZ,2026-04-03 09:51:00,19.22,19.23,19.21,19.21,11600,222977.0
000029.SZ,2026-04-03 09:52:00,19.21,19.22,19.19,19.21,42300,812230.0
000029.SZ,2026-04-03 09:53:00,19.21,19.21,19.17,19.17,5800,111353.0
000029.SZ,2026-04-03 09:54:00,19.16,19.19,19.16,19.19,12300,235857.0
000029.SZ,2026-04-03 09:55:00,19.19,19.19,19.16,19.16,15300,293377.0
000029.SZ,2026-04-03 09:56:00,19.16,19.16,19.14,19.15,10200,195392.0
000029.SZ,2026-04-03 09:57:00,19.14,19.15,19.12,19.12,18400,352033.0
000029.SZ,2026-04-03 09:58:00,19.13,19.13,19.1,19.1,24900,476071.0
000029.SZ,2026-04-03 09:59:00,19.11,19.11,19.1,19.11,13500,257940.0
000029.SZ,2026-04-03 10:00:00,19.11,19.15,19.1,19.15,83800,1601498.0
000029.SZ,2026-04-03 10:01:00,19.14,19.16,19.14,19.14,13700,262330.0
000029.SZ,2026-04-03 10:02:00,19.16,19.16,19.14,19.16,20700,396414.0
000029.SZ,2026-04-03 10:03:00,19.16,19.16,19.12,19.12,21400,409603.0
000029.SZ,2026-04-03 10:04:00,19.12,19.12,19.1,19.11,18600,355380.0
000029.SZ,2026-04-03 10:05:00,19.11,19.12,19.1,19.1,8900,170082.0
000029.SZ,2026-04-03 10:06:00,19.09,19.1,19.07,19.1,30100,574478.0
000029.SZ,2026-04-03 10:07:00,19.09,19.09,19.06,19.07,27000,514927.0
000029.SZ,2026-04-03 10:08:00,19.07,19.07,19.06,19.06,12500,238256.0
000029.SZ,2026-04-03 10:09:00,19.07,19.09,19.07,19.09,9500,181157.0
000029.SZ,2026-04-03 10:10:00,19.08,19.08,19.05,19.06,3900,74354.0
000029.SZ,2026-04-03 10:11:00,19.06,19.07,19.06,19.06,7900,150578.0
000029.SZ,2026-04-03 10:12:00,19.06,19.09,19.05,19.09,22700,432853.0
000029.SZ,2026-04-03 10:13:00,19.08,19.09,19.07,19.09,17800,339656.0
000029.SZ,2026-04-03 10:14:00,19.06,19.06,19.04,19.06,66100,1260884.0
000029.SZ,2026-04-03 10:15:00,19.04,19.06,19.03,19.03,9500,180895.0
000029.SZ,2026-04-03 10:16:00,19.02,19.03,19.02,19.03,6900,131276.0
000029.SZ,2026-04-03 10:17:00,19.03,19.03,19.02,19.02,15000,285375.0
000029.SZ,2026-04-03 10:18:00,19.02,19.02,19.0,19.01,49300,937199.0
000029.SZ,2026-04-03 10:19:00,19.01,19.02,19.0,19.02,13100,249056.0
000029.SZ,2026-04-03 10:20:00,19.01,19.03,19.01,19.03,4400,83688.0
000029.SZ,2026-04-03 10:21:00,19.04,19.06,19.04,19.06,6300,120065.0
000029.SZ,2026-04-03 10:22:00,19.06,19.06,19.05,19.05,2100,40024.0
000029.SZ,2026-04-03 10:23:00,19.05,19.07,19.05,19.05,8900,169639.0
000029.SZ,2026-04-03 10:24:00,19.06,19.08,19.05,19.05,7500,143010.0
000029.SZ,2026-04-03 10:25:00,19.05,19.05,19.04,19.05,7600,144754.0
000029.SZ,2026-04-03 10:26:00,19.06,19.11,19.06,19.11,17700,338313.0
000029.SZ,2026-04-03 10:27:00,19.1,19.19,19.09,19.19,47700,913149.0
000029.SZ,2026-04-03 10:28:00,19.19,19.19,19.17,19.17,20600,395100.0
000029.SZ,2026-04-03 10:29:00,19.16,19.24,19.16,19.24,10100,193791.0
000029.SZ,2026-04-03 10:30:00,19.24,19.29,19.22,19.28,150100,2887760.0
000029.SZ,2026-04-03 10:31:00,19.34,19.39,19.34,19.37,115700,2239346.0
000029.SZ,2026-04-03 10:32:00,19.39,19.39,19.35,19.36,17900,346772.0
000029.SZ,2026-04-03 10:33:00,19.36,19.36,19.32,19.36,3900,75447.0
000029.SZ,2026-04-03 10:34:00,19.38,19.38,19.36,19.36,18100,350620.0
000029.SZ,2026-04-03 10:35:00,19.37,19.37,19.34,19.35,3700,71587.0
000029.SZ,2026-04-03 10:36:00,19.35,19.36,19.32,19.32,5800,112145.0
000029.SZ,2026-04-03 10:37:00,19.33,19.33,19.32,19.33,6600,127556.0
000029.SZ,2026-04-03 10:38:00,19.34,19.34,19.33,19.33,3800,73457.0
000029.SZ,2026-04-03 10:39:00,19.32,19.32,19.29,19.29,6400,123596.0
000029.SZ,2026-04-03 10:40:00,19.29,19.3,19.28,19.28,5400,104187.0
000029.SZ,2026-04-03 10:41:00,19.28,19.28,19.28,19.28,4200,80976.0
000029.SZ,2026-04-03 10:42:00,19.27,19.3,19.27,19.29,6500,125394.0
000029.SZ,2026-04-03 10:43:00,19.29,19.29,19.28,19.28,2800,53988.0
000029.SZ,2026-04-03 10:44:00,19.27,19.28,19.27,19.28,1800,34698.0
000029.SZ,2026-04-03 10:45:00,19.28,19.28,19.27,19.28,7000,134921.0
000029.SZ,2026-04-03 10:46:00,19.27,19.3,19.27,19.3,4700,90638.0
000029.SZ,2026-04-03 10:47:00,19.28,19.3,19.26,19.26,14400,277624.0
000029.SZ,2026-04-03 10:48:00,19.28,19.28,19.27,19.27,5000,96379.0
000029.SZ,2026-04-03 10:49:00,19.28,19.28,19.26,19.26,2800,53956.0
000029.SZ,2026-04-03 10:50:00,19.27,19.3,19.27,19.3,146300,2811785.0
000029.SZ,2026-04-03 10:51:00,19.29,19.3,19.29,19.3,1400,27005.0
000029.SZ,2026-04-03 10:52:00,19.3,19.3,19.29,19.29,8000,154445.0
000029.SZ,2026-04-03 10:53:00,19.29,19.29,19.25,19.25,5900,113710.0
000029.SZ,2026-04-03 10:54:00,19.25,19.25,19.25,19.25,1600,30800.0
000029.SZ,2026-04-03 10:55:00,19.26,19.26,19.25,19.25,1000,19252.0
000029.SZ,2026-04-03 10:56:00,19.24,19.25,19.23,19.23,2300,44259.0
000029.SZ,2026-04-03 10:57:00,19.24,19.28,19.24,19.24,5300,102092.0
000029.SZ,2026-04-03 10:58:00,19.25,19.25,19.25,19.25,400,7700.0
000029.SZ,2026-04-03 10:59:00,19.25,19.25,19.24,19.24,1000,19241.0
000029.SZ,2026-04-03 11:00:00,19.24,19.24,19.21,19.21,5000,96148.0
000029.SZ,2026-04-03 11:01:00,19.2,19.21,19.2,19.2,2200,42241.0
000029.SZ,2026-04-03 11:02:00,19.2,19.2,19.18,19.18,1700,32624.0
000029.SZ,2026-04-03 11:03:00,19.18,19.18,19.17,19.18,6800,130423.0
000029.SZ,2026-04-03 11:04:00,19.17,19.19,19.16,19.16,65500,1252469.0
000029.SZ,2026-04-03 11:05:00,19.18,19.19,19.16,19.19,63300,1207685.0
000029.SZ,2026-04-03 11:06:00,19.19,19.19,19.19,19.19,10500,201485.0
000029.SZ,2026-04-03 11:07:00,19.16,19.18,19.16,19.18,900,17251.0
000029.SZ,2026-04-03 11:08:00,19.19,19.2,19.16,19.17,155800,2977486.0
000029.SZ,2026-04-03 11:09:00,19.1,19.16,19.1,19.11,167000,3190349.0
000029.SZ,2026-04-03 11:10:00,19.13,19.13,19.12,19.12,1600,30596.0
000029.SZ,2026-04-03 11:11:00,19.12,19.14,19.12,19.14,10300,197038.0
000029.SZ,2026-04-03 11:12:00,19.13,19.13,19.12,19.12,3700,70750.0
000029.SZ,2026-04-03 11:13:00,19.12,19.12,19.12,19.12,700,13384.0
000029.SZ,2026-04-03 11:14:00,19.12,19.13,19.12,19.12,3100,59282.0
000029.SZ,2026-04-03 11:15:00,19.12,19.12,19.11,19.11,10500,200719.0
000029.SZ,2026-04-03 11:16:00,19.12,19.12,19.12,19.12,900,17208.0
000029.SZ,2026-04-03 11:17:00,19.11,19.11,19.08,19.11,48700,930525.0
000029.SZ,2026-04-03 11:18:00,19.11,19.13,19.11,19.13,1600,30589.0
000029.SZ,2026-04-03 11:19:00,19.13,19.13,19.13,19.13,1500,28662.0
000029.SZ,2026-04-03 11:20:00,19.13,19.13,19.11,19.11,2400,45876.0
000029.SZ,2026-04-03 11:21:00,19.1,19.1,19.09,19.09,10100,192813.0
000029.SZ,2026-04-03 11:22:00,19.08,19.12,19.08,19.12,3500,66850.0
000029.SZ,2026-04-03 11:23:00,19.12,19.12,19.08,19.09,1000,19094.0
000029.SZ,2026-04-03 11:24:00,19.1,19.1,19.1,19.1,700,13370.0
000029.SZ,2026-04-03 11:25:00,19.1,19.1,19.08,19.08,1500,28648.0
000029.SZ,2026-04-03 11:26:00,19.08,19.09,19.08,19.08,2500,47702.0
000029.SZ,2026-04-03 11:27:00,19.08,19.09,19.08,19.09,700,13357.0
000029.SZ,2026-04-03 11:28:00,19.09,19.09,19.09,19.09,100,1909.0
000029.SZ,2026-04-03 11:29:00,19.08,19.09,19.07,19.07,15600,297692.0
000029.SZ,2026-04-03 11:30:00,19.08,19.08,19.07,19.07,5600,106845.0
000029.SZ,2026-04-03 13:01:00,19.07,19.18,19.07,19.14,12300,235101.0
000029.SZ,2026-04-03 13:02:00,19.14,19.14,19.11,19.13,12300,235222.0
000029.SZ,2026-04-03 13:03:00,19.14,19.17,19.14,19.16,14800,283594.0
000029.SZ,2026-04-03 13:04:00,19.15,19.16,19.15,19.16,1800,34474.0
000029.SZ,2026-04-03 13:05:00,19.13,19.14,19.13,19.13,4600,88003.0
000029.SZ,2026-04-03 13:06:00,19.14,19.15,19.14,19.15,1000,19141.0
000029.SZ,2026-04-03 13:07:00,19.15,19.15,19.15,19.15,1300,24895.0
000029.SZ,2026-04-03 13:08:00,19.16,19.19,19.16,19.18,35500,680458.0
000029.SZ,2026-04-03 13:09:00,19.18,19.18,19.18,19.18,2180,41812.4
000029.SZ,2026-04-03 13:10:00,19.18,19.2,19.18,19.2,5400,103654.0
000029.SZ,2026-04-03 13:11:00,19.2,19.2,19.19,19.2,3700,71011.0
000029.SZ,2026-04-03 13:12:00,19.19,19.19,19.18,19.18,4000,76732.0
000029.SZ,2026-04-03 13:13:00,19.17,19.17,19.16,19.16,4800,92011.0
000029.SZ,2026-04-03 13:14:00,19.17,19.17,19.12,19.12,24800,474617.0
000029.SZ,2026-04-03 13:15:00,19.12,19.13,19.12,19.13,2000,38244.0
000029.SZ,2026-04-03 13:16:00,19.14,19.14,19.12,19.12,4200,80315.0
000029.SZ,2026-04-03 13:17:00,19.1,19.1,19.1,19.1,1600,30560.0
000029.SZ,2026-04-03 13:18:00,19.1,19.11,19.09,19.09,1800,34373.0
000029.SZ,2026-04-03 13:19:00,19.1,19.1,19.09,19.09,1100,21006.0
000029.SZ,2026-04-03 13:20:00,19.09,19.1,19.09,19.1,5000,95466.0
000029.SZ,2026-04-03 13:21:00,19.11,19.11,19.09,19.11,2300,43926.0
000029.SZ,2026-04-03 13:22:00,19.09,19.1,19.08,19.08,2800,53455.0
000029.SZ,2026-04-03 13:23:00,19.08,19.09,19.08,19.09,1200,22903.0
000029.SZ,2026-04-03 13:24:00,19.09,19.09,19.06,19.07,48500,925269.0
000029.SZ,2026-04-03 13:25:00,19.08,19.1,19.08,19.1,5700,108820.0
000029.SZ,2026-04-03 13:26:00,19.1,19.11,19.09,19.11,3800,72581.0
000029.SZ,2026-04-03 13:27:00,19.11,19.11,19.11,19.11,0,0.0
000029.SZ,2026-04-03 13:28:00,19.09,19.09,19.09,19.09,4200,80178.0
000029.SZ,2026-04-03 13:29:00,19.1,19.1,19.1,19.1,2500,47750.0
000029.SZ,2026-04-03 13:30:00,19.09,19.11,19.08,19.11,12900,246269.0
000029.SZ,2026-04-03 13:31:00,19.11,19.11,19.11,19.11,200,3822.0
000029.SZ,2026-04-03 13:32:00,19.11,19.11,19.08,19.08,6800,129807.0
000029.SZ,2026-04-03 13:33:00,19.07,19.07,19.05,19.05,18800,358232.0
000029.SZ,2026-04-03 13:34:00,19.06,19.06,19.06,19.06,1000,19060.0
000029.SZ,2026-04-03 13:35:00,19.06,19.07,19.05,19.06,3100,59086.0
000029.SZ,2026-04-03 13:36:00,19.06,19.06,19.05,19.05,300,5716.0
000029.SZ,2026-04-03 13:37:00,19.06,19.07,19.05,19.07,2289,43626.45
000029.SZ,2026-04-03 13:38:00,19.07,19.08,19.07,19.08,3600,68653.0
000029.SZ,2026-04-03 13:39:00,19.08,19.09,19.08,19.09,1300,24807.0
000029.SZ,2026-04-03 13:40:00,19.09,19.09,19.07,19.08,1500,28619.0
000029.SZ,2026-04-03 13:41:00,19.08,19.08,19.07,19.07,600,11444.0
000029.SZ,2026-04-03 13:42:00,19.08,19.1,19.08,19.1,5400,103094.0
000029.SZ,2026-04-03 13:43:00,19.1,19.1,19.06,19.06,34700,662045.0
000029.SZ,2026-04-03 13:44:00,19.08,19.08,19.08,19.08,51200,976829.0
000029.SZ,2026-04-03 13:45:00,19.08,19.09,19.08,19.09,4800,91608.0
000029.SZ,2026-04-03 13:46:00,19.1,19.11,19.1,19.11,4200,80227.0
000029.SZ,2026-04-03 13:47:00,19.1,19.1,19.09,19.09,11900,227238.0
000029.SZ,2026-04-03 13:48:00,19.1,19.1,19.09,19.1,6100,116495.0
000029.SZ,2026-04-03 13:49:00,19.11,19.2,19.11,19.2,35500,680172.0
000029.SZ,2026-04-03 13:50:00,19.18,19.18,19.18,19.18,4000,76720.0
000029.SZ,2026-04-03 13:51:00,19.17,19.17,19.15,19.15,700,13409.0
000029.SZ,2026-04-03 13:52:00,19.16,19.16,19.15,19.16,1400,26823.0
000029.SZ,2026-04-03 13:53:00,19.15,19.17,19.15,19.17,7600,145629.0
000029.SZ,2026-04-03 13:54:00,19.17,19.21,19.17,19.21,11500,220705.0
000029.SZ,2026-04-03 13:55:00,19.2,19.21,19.2,19.21,13000,249616.0
000029.SZ,2026-04-03 13:56:00,19.2,19.2,19.19,19.2,3100,59517.0
000029.SZ,2026-04-03 13:57:00,19.2,19.2,19.17,19.17,3000,57545.0
000029.SZ,2026-04-03 13:58:00,19.18,19.18,19.18,19.18,300,5754.0
000029.SZ,2026-04-03 13:59:00,19.19,19.19,19.19,19.19,400,7676.0
000029.SZ,2026-04-03 14:00:00,19.19,19.21,19.19,19.21,5900,113257.0
000029.SZ,2026-04-03 14:01:00,19.2,19.21,19.19,19.21,13200,253403.0
000029.SZ,2026-04-03 14:02:00,19.2,19.21,19.19,19.19,10400,199757.0
000029.SZ,2026-04-03 14:03:00,19.19,19.2,19.19,19.2,1300,24954.0
000029.SZ,2026-04-03 14:04:00,19.19,19.2,19.15,19.16,7900,151558.0
000029.SZ,2026-04-03 14:05:00,19.15,19.16,19.14,19.16,12600,241213.0
000029.SZ,2026-04-03 14:06:00,19.15,19.15,19.11,19.14,19700,376957.0
000029.SZ,2026-04-03 14:07:00,19.11,19.13,19.11,19.13,4600,87918.0
000029.SZ,2026-04-03 14:08:00,19.09,19.11,19.08,19.11,11800,225222.0
000029.SZ,2026-04-03 14:09:00,19.1,19.1,19.09,19.1,2300,43920.0
000029.SZ,2026-04-03 14:10:00,19.1,19.11,19.1,19.1,8000,152807.0
000029.SZ,2026-04-03 14:11:00,19.09,19.1,19.09,19.1,5700,108860.0
000029.SZ,2026-04-03 14:12:00,19.1,19.11,19.09,19.09,4600,87852.0
000029.SZ,2026-04-03 14:13:00,19.11,19.14,19.11,19.14,2100,40163.0
000029.SZ,2026-04-03 14:14:00,19.13,19.13,19.13,19.13,300,5739.0
000029.SZ,2026-04-03 14:15:00,19.12,19.14,19.12,19.12,6500,124294.0
000029.SZ,2026-04-03 14:16:00,19.13,19.13,19.12,19.12,1300,24866.0
000029.SZ,2026-04-03 14:17:00,19.12,19.13,19.12,19.13,1600,30597.0
000029.SZ,2026-04-03 14:18:00,19.11,19.11,19.11,19.11,1000,19110.0
000029.SZ,2026-04-03 14:19:00,19.1,19.11,19.1,19.1,5400,103152.0
000029.SZ,2026-04-03 14:20:00,19.11,19.12,19.11,19.12,1100,21026.0
000029.SZ,2026-04-03 14:21:00,19.11,19.13,19.11,19.12,4000,76484.0
000029.SZ,2026-04-03 14:22:00,19.12,19.12,19.12,19.12,1300,24856.0
000029.SZ,2026-04-03 14:23:00,19.12,19.15,19.11,19.15,11100,212306.0
000029.SZ,2026-04-03 14:24:00,19.14,19.14,19.13,19.13,1700,32524.0
000029.SZ,2026-04-03 14:25:00,19.14,19.16,19.13,19.16,10300,197155.0
000029.SZ,2026-04-03 14:26:00,19.16,19.23,19.16,19.2,48500,930371.0
000029.SZ,2026-04-03 14:27:00,19.2,19.23,19.2,19.23,27700,532341.0
000029.SZ,2026-04-03 14:28:00,19.23,19.24,19.23,19.24,15900,305925.0
000029.SZ,2026-04-03 14:29:00,19.25,19.27,19.24,19.26,18700,359950.0
000029.SZ,2026-04-03 14:30:00,19.24,19.26,19.23,19.23,4600,88511.0
000029.SZ,2026-04-03 14:31:00,19.23,19.24,19.2,19.23,7500,144136.0
000029.SZ,2026-04-03 14:32:00,19.2,19.2,19.2,19.2,6200,119040.0
000029.SZ,2026-04-03 14:33:00,19.2,19.2,19.18,19.18,6500,124770.0
000029.SZ,2026-04-03 14:34:00,19.18,19.18,19.1,19.16,6600,126235.0
000029.SZ,2026-04-03 14:35:00,19.13,19.17,19.13,19.15,27900,534502.0
000029.SZ,2026-04-03 14:36:00,19.14,19.15,19.13,19.13,2100,40191.0
000029.SZ,2026-04-03 14:37:00,19.13,19.14,19.13,19.14,1100,21047.0
000029.SZ,2026-04-03 14:38:00,19.14,19.14,19.13,19.13,3000,57406.0
000029.SZ,2026-04-03 14:39:00,19.13,19.14,19.13,19.13,9600,183665.0
000029.SZ,2026-04-03 14:40:00,19.13,19.17,19.11,19.15,53500,1023758.0
000029.SZ,2026-04-03 14:41:00,19.17,19.18,19.16,19.18,26400,506027.0
000029.SZ,2026-04-03 14:42:00,19.16,19.16,19.15,19.15,1300,24907.0
000029.SZ,2026-04-03 14:43:00,19.15,19.17,19.15,19.17,4900,93871.0
000029.SZ,2026-04-03 14:44:00,19.17,19.18,19.17,19.17,7900,151464.0
000029.SZ,2026-04-03 14:45:00,19.17,19.18,19.17,19.17,5300,101613.0
000029.SZ,2026-04-03 14:46:00,19.17,19.18,19.17,19.18,3200,61364.0
000029.SZ,2026-04-03 14:47:00,19.17,19.22,19.17,19.18,27700,531464.0
000029.SZ,2026-04-03 14:48:00,19.17,19.19,19.17,19.19,5700,109321.0
000029.SZ,2026-04-03 14:49:00,19.17,19.19,19.17,19.17,11300,216797.0
000029.SZ,2026-04-03 14:50:00,19.19,19.23,19.19,19.2,65600,1259690.0
000029.SZ,2026-04-03 14:51:00,19.23,19.26,19.23,19.26,34400,661783.0
000029.SZ,2026-04-03 14:52:00,19.25,19.27,19.25,19.25,26600,512247.0
000029.SZ,2026-04-03 14:53:00,19.26,19.32,19.26,19.32,45200,872219.0
000029.SZ,2026-04-03 14:54:00,19.32,19.34,19.31,19.34,56300,1088131.0
000029.SZ,2026-04-03 14:55:00,19.32,19.32,19.26,19.27,182100,3517842.0
000029.SZ,2026-04-03 14:56:00,19.27,19.27,19.22,19.23,53900,1037934.0
000029.SZ,2026-04-03 14:57:00,19.23,19.27,19.23,19.25,10000,192418.0
000029.SZ,2026-04-03 14:58:00,19.25,19.25,19.25,19.25,0,0.0
000029.SZ,2026-04-03 14:59:00,19.25,19.25,19.25,19.25,0,0.0
000029.SZ,2026-04-03 15:00:00,19.27,19.27,19.27,19.27,44100,849807.0
000029.SZ,2026-04-07 09:30:00,19.27,19.3,19.27,19.3,20300,391193.0
000029.SZ,2026-04-07 09:31:00,19.29,19.48,19.24,19.38,201900,3903757.0
000029.SZ,2026-04-07 09:32:00,19.38,19.43,19.35,19.35,104800,2031843.0
000029.SZ,2026-04-07 09:33:00,19.36,19.45,19.35,19.35,24400,473321.0
000029.SZ,2026-04-07 09:34:00,19.39,19.42,19.38,19.39,82700,1603699.0
000029.SZ,2026-04-07 09:35:00,19.39,19.39,19.34,19.37,45000,870714.0
000029.SZ,2026-04-07 09:36:00,19.37,19.37,19.3,19.36,84300,1628033.0
000029.SZ,2026-04-07 09:37:00,19.36,19.36,19.27,19.33,22600,436590.0
000029.SZ,2026-04-07 09:38:00,19.33,19.34,19.22,19.22,15900,306419.0
000029.SZ,2026-04-07 09:39:00,19.21,19.24,19.16,19.18,26800,514465.0
000029.SZ,2026-04-07 09:40:00,19.16,19.17,19.11,19.11,79000,1511101.0
000029.SZ,2026-04-07 09:41:00,19.1,19.21,19.1,19.21,63600,1216598.0
000029.SZ,2026-04-07 09:42:00,19.22,19.36,19.22,19.3,21400,412666.0
000029.SZ,2026-04-07 09:43:00,19.24,19.31,19.23,19.25,27300,525996.0
000029.SZ,2026-04-07 09:44:00,19.21,19.24,19.2,19.2,43200,829945.0
000029.SZ,2026-04-07 09:45:00,19.19,19.2,19.14,19.2,17700,339333.0
000029.SZ,2026-04-07 09:46:00,19.22,19.27,19.21,19.21,19900,382408.0
000029.SZ,2026-04-07 09:47:00,19.24,19.28,19.24,19.24,28600,550578.0
000029.SZ,2026-04-07 09:48:00,19.24,19.25,19.2,19.23,16100,309484.0
000029.SZ,2026-04-07 09:49:00,19.23,19.23,19.15,19.18,23400,448830.0
000029.SZ,2026-04-07 09:50:00,19.15,19.15,19.12,19.13,63200,1209194.0
000029.SZ,2026-04-07 09:51:00,19.13,19.13,19.09,19.09,43100,823384.0
000029.SZ,2026-04-07 09:52:00,19.09,19.1,19.08,19.08,24200,461909.0
000029.SZ,2026-04-07 09:53:00,19.08,19.1,19.0,19.01,223900,4259179.0
000029.SZ,2026-04-07 09:54:00,19.05,19.1,19.05,19.1,28100,535945.0
000029.SZ,2026-04-07 09:55:00,19.07,19.07,19.06,19.06,36700,699807.0
000029.SZ,2026-04-07 09:56:00,19.05,19.05,18.98,19.0,57300,1089109.0
000029.SZ,2026-04-07 09:57:00,19.0,19.0,18.98,19.0,8500,161429.0
000029.SZ,2026-04-07 09:58:00,19.0,19.02,19.0,19.0,9100,173026.0
000029.SZ,2026-04-07 09:59:00,19.01,19.03,19.0,19.0,9200,174911.0
000029.SZ,2026-04-07 10:00:00,19.0,19.02,19.0,19.01,19000,361217.0
000029.SZ,2026-04-07 10:01:00,19.01,19.01,18.95,18.95,44000,835303.0
000029.SZ,2026-04-07 10:02:00,18.95,18.97,18.93,18.95,69800,1321822.0
000029.SZ,2026-04-07 10:03:00,18.97,19.02,18.97,19.02,10000,189843.0
000029.SZ,2026-04-07 10:04:00,18.99,19.01,18.98,19.0,15300,290716.0
000029.SZ,2026-04-07 10:05:00,19.0,19.01,18.98,18.98,1000,19001.0
000029.SZ,2026-04-07 10:06:00,19.0,19.03,19.0,19.03,15700,298468.0
000029.SZ,2026-04-07 10:07:00,19.01,19.01,18.98,18.98,22000,418118.0
000029.SZ,2026-04-07 10:08:00,18.98,18.98,18.93,18.93,28900,547879.0
000029.SZ,2026-04-07 10:09:00,18.93,18.94,18.91,18.94,15100,285708.0
000029.SZ,2026-04-07 10:10:00,18.94,18.94,18.93,18.93,8900,168518.0
000029.SZ,2026-04-07 10:11:00,18.94,18.98,18.93,18.98,26700,505799.0
000029.SZ,2026-04-07 10:12:00,18.96,19.0,18.95,18.97,12500,237127.0
000029.SZ,2026-04-07 10:13:00,18.98,18.98,18.97,18.97,5900,111981.0
000029.SZ,2026-04-07 10:14:00,18.98,18.98,18.96,18.96,9300,176415.0
000029.SZ,2026-04-07 10:15:00,18.97,18.97,18.93,18.95,15800,299498.0
000029.SZ,2026-04-07 10:16:00,18.96,18.96,18.95,18.95,3900,73923.0
000029.SZ,2026-04-07 10:17:00,18.95,18.97,18.95,18.97,15000,284397.0
000029.SZ,2026-04-07 10:18:00,18.96,18.99,18.95,18.95,25500,483625.0
000029.SZ,2026-04-07 10:19:00,18.99,18.99,18.97,18.97,3900,74048.0
000029.SZ,2026-04-07 10:20:00,18.97,18.98,18.97,18.98,2200,41738.0
000029.SZ,2026-04-07 10:21:00,18.98,18.98,18.98,18.98,2800,53144.0
000029.SZ,2026-04-07 10:22:00,18.98,18.99,18.94,18.99,53700,1018151.0
000029.SZ,2026-04-07 10:23:00,18.99,19.05,18.99,19.03,29100,553202.0
000029.SZ,2026-04-07 10:24:00,19.03,19.04,19.02,19.02,15100,287240.0
000029.SZ,2026-04-07 10:25:00,19.0,19.0,19.0,19.0,4300,81713.0
000029.SZ,2026-04-07 10:26:00,19.01,19.01,19.0,19.0,8700,165340.0
000029.SZ,2026-04-07 10:27:00,19.02,19.02,19.01,19.01,10900,207303.0
000029.SZ,2026-04-07 10:28:00,19.01,19.01,19.0,19.01,4600,87410.0
000029.SZ,2026-04-07 10:29:00,19.01,19.01,19.0,19.0,8700,165379.0
000029.SZ,2026-04-07 10:30:00,19.01,19.03,19.0,19.03,8500,161651.0
000029.SZ,2026-04-07 10:31:00,19.03,19.04,19.03,19.03,10300,196053.0
000029.SZ,2026-04-07 10:32:00,19.02,19.03,19.01,19.01,3600,68460.0
000029.SZ,2026-04-07 10:33:00,19.01,19.02,18.99,18.99,13200,250822.0
000029.SZ,2026-04-07 10:34:00,19.08,19.09,19.02,19.04,37500,714153.0
000029.SZ,2026-04-07 10:35:00,19.03,19.04,19.0,19.01,3900,74209.0
000029.SZ,2026-04-07 10:36:00,19.01,19.03,19.0,19.03,7500,142577.0
000029.SZ,2026-04-07 10:37:00,19.02,19.02,19.02,19.02,100,1902.0
000029.SZ,2026-04-07 10:38:00,19.01,19.02,19.01,19.02,1500,28527.0
000029.SZ,2026-04-07 10:39:00,19.02,19.03,19.01,19.02,3700,70363.0
000029.SZ,2026-04-07 10:40:00,19.01,19.03,19.01,19.03,12100,230023.0
000029.SZ,2026-04-07 10:41:00,19.02,19.04,19.0,19.04,12200,232084.0
000029.SZ,2026-04-07 10:42:00,19.02,19.03,19.0,19.0,5800,110236.0
000029.SZ,2026-04-07 10:43:00,18.98,18.98,18.98,18.98,9700,184206.0
000029.SZ,2026-04-07 10:44:00,18.97,18.97,18.97,18.97,3300,62601.0
000029.SZ,2026-04-07 10:45:00,18.97,18.97,18.95,18.97,19800,375406.0
000029.SZ,2026-04-07 10:46:00,18.97,19.01,18.97,18.98,30700,582885.0
000029.SZ,2026-04-07 10:47:00,19.01,19.01,19.01,19.01,300,5703.0
000029.SZ,2026-04-07 10:48:00,19.0,19.01,18.99,18.99,9800,186146.0
000029.SZ,2026-04-07 10:49:00,18.99,18.99,18.96,18.97,15600,296004.0
000029.SZ,2026-04-07 10:50:00,18.97,18.98,18.97,18.97,3000,56914.0
000029.SZ,2026-04-07 10:51:00,18.97,18.99,18.97,18.99,10600,201177.0
000029.SZ,2026-04-07 10:52:00,18.98,18.99,18.97,18.99,13800,261915.0
000029.SZ,2026-04-07 10:53:00,18.98,18.99,18.98,18.99,7300,138623.0
000029.SZ,2026-04-07 10:54:00,18.98,18.98,18.97,18.98,6800,129026.0
000029.SZ,2026-04-07 10:55:00,18.97,18.98,18.96,18.98,47900,908323.0
000029.SZ,2026-04-07 10:56:00,19.0,19.07,19.0,19.07,26300,500852.0
000029.SZ,2026-04-07 10:57:00,19.04,19.06,19.04,19.06,10100,192395.0
000029.SZ,2026-04-07 10:58:00,19.05,19.18,19.05,19.18,80100,1531764.0
000029.SZ,2026-04-07 10:59:00,19.19,19.19,19.15,19.15,78600,1507272.0
000029.SZ,2026-04-07 11:00:00,19.12,19.12,19.12,19.12,600,11471.0
000029.SZ,2026-04-07 11:01:00,19.1,19.13,19.09,19.13,3800,72595.0
000029.SZ,2026-04-07 11:02:00,19.13,19.18,19.13,19.16,5600,107261.0
000029.SZ,2026-04-07 11:03:00,19.15,19.15,19.14,19.14,5500,105288.0
000029.SZ,2026-04-07 11:04:00,19.15,19.15,19.14,19.14,2200,42111.0
000029.SZ,2026-04-07 11:05:00,19.15,19.16,19.15,19.16,3000,57467.0
000029.SZ,2026-04-07 11:06:00,19.17,19.18,19.16,19.16,18100,346975.0
000029.SZ,2026-04-07 11:07:00,19.16,19.17,19.16,19.16,8700,166740.0
000029.SZ,2026-04-07 11:08:00,19.15,19.17,19.15,19.17,5700,109242.0
000029.SZ,2026-04-07 11:09:00,19.17,19.17,19.16,19.16,4100,78574.0
000029.SZ,2026-04-07 11:10:00,19.15,19.17,19.15,19.17,4500,86205.0
000029.SZ,2026-04-07 11:11:00,19.17,19.17,19.17,19.17,1500,28755.0
000029.SZ,2026-04-07 11:12:00,19.17,19.18,19.17,19.18,16100,308694.0
000029.SZ,2026-04-07 11:13:00,19.18,19.25,19.18,19.23,20200,388034.0
000029.SZ,2026-04-07 11:14:00,19.24,19.29,19.23,19.23,43900,845936.0
000029.SZ,2026-04-07 11:15:00,19.23,19.29,19.23,19.25,14400,277229.0
000029.SZ,2026-04-07 11:16:00,19.24,19.24,19.2,19.2,2300,44207.0
000029.SZ,2026-04-07 11:17:00,19.17,19.18,19.16,19.16,9000,172514.0
000029.SZ,2026-04-07 11:18:00,19.17,19.17,19.16,19.16,400,7666.0
000029.SZ,2026-04-07 11:19:00,19.16,19.16,19.14,19.15,5000,95761.0
000029.SZ,2026-04-07 11:20:00,19.14,19.14,19.12,19.12,3800,72718.0
000029.SZ,2026-04-07 11:21:00,19.13,19.13,19.12,19.12,1400,26771.0
000029.SZ,2026-04-07 11:22:00,19.13,19.13,19.12,19.12,3900,74605.0
000029.SZ,2026-04-07 11:23:00,19.13,19.14,19.13,19.14,4000,76540.0
000029.SZ,2026-04-07 11:24:00,19.13,19.13,19.11,19.11,14000,267628.0
000029.SZ,2026-04-07 11:25:00,19.1,19.11,19.1,19.11,1500,28653.0
000029.SZ,2026-04-07 11:26:00,19.11,19.11,19.11,19.11,500,9555.0
000029.SZ,2026-04-07 11:27:00,19.1,19.1,19.1,19.1,1800,34384.0
000029.SZ,2026-04-07 11:28:00,19.1,19.11,19.1,19.11,4800,91687.0
000029.SZ,2026-04-07 11:29:00,19.1,19.11,19.06,19.06,11100,211802.0
000029.SZ,2026-04-07 11:30:00,19.06,19.09,19.06,19.09,3600,68675.0
000029.SZ,2026-04-07 13:01:00,19.07,19.09,19.05,19.07,5600,106808.0
000029.SZ,2026-04-07 13:02:00,19.06,19.08,19.05,19.08,4000,76240.0
000029.SZ,2026-04-07 13:03:00,19.06,19.06,19.05,19.06,2200,41930.0
000029.SZ,2026-04-07 13:04:00,19.1,19.1,19.09,19.1,3000,57248.0
000029.SZ,2026-04-07 13:05:00,19.09,19.09,19.08,19.09,2100,40080.0
000029.SZ,2026-04-07 13:06:00,19.1,19.12,19.09,19.12,8600,164230.0
000029.SZ,2026-04-07 13:07:00,19.12,19.13,19.12,19.12,1700,32507.0
000029.SZ,2026-04-07 13:08:00,19.13,19.14,19.11,19.11,21200,405274.0
000029.SZ,2026-04-07 13:09:00,19.11,19.11,19.11,19.11,900,17199.0
000029.SZ,2026-04-07 13:10:00,19.09,19.1,19.09,19.09,900,17182.0
000029.SZ,2026-04-07 13:11:00,19.09,19.1,19.09,19.1,900,17182.0
000029.SZ,2026-04-07 13:12:00,19.09,19.09,19.07,19.08,6000,114487.0
000029.SZ,2026-04-07 13:13:00,19.06,19.08,19.06,19.08,2800,53372.0
000029.SZ,2026-04-07 13:14:00,19.05,19.07,19.04,19.04,5700,108570.0
000029.SZ,2026-04-07 13:15:00,19.05,19.06,19.05,19.06,600,11431.0
000029.SZ,2026-04-07 13:16:00,19.05,19.05,19.05,19.05,400,7620.0
000029.SZ,2026-04-07 13:17:00,19.04,19.05,19.04,19.05,2200,41890.0
000029.SZ,2026-04-07 13:18:00,19.04,19.04,19.02,19.04,8200,156048.0
000029.SZ,2026-04-07 13:19:00,19.05,19.06,19.04,19.04,6000,114283.0
000029.SZ,2026-04-07 13:20:00,19.03,19.04,19.02,19.03,2500,47568.0
000029.SZ,2026-04-07 13:21:00,19.03,19.05,19.03,19.05,8000,152317.0
000029.SZ,2026-04-07 13:22:00,19.03,19.04,19.03,19.04,9900,188467.0
000029.SZ,2026-04-07 13:23:00,19.02,19.06,19.01,19.01,16100,306484.0
000029.SZ,2026-04-07 13:24:00,19.04,19.04,19.03,19.04,8400,159879.0
000029.SZ,2026-04-07 13:25:00,19.04,19.05,19.04,19.05,4900,93267.0
000029.SZ,2026-04-07 13:26:00,19.05,19.06,19.05,19.06,5800,110497.0
000029.SZ,2026-04-07 13:27:00,19.03,19.05,19.02,19.03,3700,70413.0
000029.SZ,2026-04-07 13:28:00,19.03,19.03,19.02,19.02,4500,85612.0
000029.SZ,2026-04-07 13:29:00,19.03,19.04,19.03,19.04,15000,285473.0
000029.SZ,2026-04-07 13:30:00,19.04,19.04,19.03,19.03,3900,74245.0
000029.SZ,2026-04-07 13:31:00,19.03,19.03,19.03,19.03,4700,89441.0
000029.SZ,2026-04-07 13:32:00,19.03,19.04,19.03,19.04,6600,125621.0
000029.SZ,2026-04-07 13:33:00,19.04,19.04,19.04,19.04,500,9520.0
000029.SZ,2026-04-07 13:34:00,19.03,19.03,19.03,19.03,8900,169363.0
000029.SZ,2026-04-07 13:35:00,19.05,19.05,19.05,19.05,17300,329293.0
000029.SZ,2026-04-07 13:36:00,19.05,19.05,19.05,19.05,200,3810.0
000029.SZ,2026-04-07 13:37:00,19.05,19.07,19.05,19.07,5800,110533.0
000029.SZ,2026-04-07 13:38:00,19.06,19.07,19.06,19.07,6800,129620.0
000029.SZ,2026-04-07 13:39:00,19.07,19.08,19.07,19.07,10200,194539.0
000029.SZ,2026-04-07 13:40:00,19.07,19.07,19.06,19.06,7000,133429.0
000029.SZ,2026-04-07 13:41:00,19.06,19.07,19.06,19.07,1900,36219.0
000029.SZ,2026-04-07 13:42:00,19.06,19.07,19.06,19.06,1300,24780.0
000029.SZ,2026-04-07 13:43:00,19.06,19.06,19.06,19.06,2000,38120.0
000029.SZ,2026-04-07 13:44:00,19.05,19.06,19.04,19.04,20200,384788.0
000029.SZ,2026-04-07 13:45:00,19.04,19.04,19.03,19.03,4100,78024.0
000029.SZ,2026-04-07 13:46:00,19.02,19.04,19.02,19.04,26500,504107.0
000029.SZ,2026-04-07 13:47:00,19.05,19.06,19.05,19.06,1600,30486.0
000029.SZ,2026-04-07 13:48:00,19.07,19.07,19.07,19.07,7200,137248.0
000029.SZ,2026-04-07 13:49:00,19.07,19.08,19.07,19.08,3900,74378.0
000029.SZ,2026-04-07 13:50:00,19.08,19.08,19.07,19.08,900,17167.0
000029.SZ,2026-04-07 13:51:00,19.07,19.1,19.07,19.1,5900,112589.0
000029.SZ,2026-04-07 13:52:00,19.07,19.09,19.07,19.08,1700,32444.0
000029.SZ,2026-04-07 13:53:00,19.08,19.09,19.08,19.09,7600,145037.0
000029.SZ,2026-04-07 13:54:00,19.09,19.15,19.09,19.14,37100,709454.0
000029.SZ,2026-04-07 13:55:00,19.14,19.14,19.12,19.13,5400,103297.0
000029.SZ,2026-04-07 13:56:00,19.12,19.14,19.1,19.14,31500,602102.0
000029.SZ,2026-04-07 13:57:00,19.1,19.14,19.1,19.14,18300,349615.0
000029.SZ,2026-04-07 13:58:00,19.14,19.14,19.11,19.12,1200,22947.0
000029.SZ,2026-04-07 13:59:00,19.12,19.14,19.12,19.12,600,11476.0
000029.SZ,2026-04-07 14:00:00,19.12,19.14,19.11,19.11,16700,319199.0
000029.SZ,2026-04-07 14:01:00,19.12,19.15,19.11,19.15,41900,800926.0
000029.SZ,2026-04-07 14:02:00,19.14,19.14,19.12,19.12,1900,36358.0
000029.SZ,2026-04-07 14:03:00,19.13,19.13,19.13,19.13,1100,21043.0
000029.SZ,2026-04-07 14:04:00,19.12,19.12,19.12,19.12,1000,19120.0
000029.SZ,2026-04-07 14:05:00,19.11,19.12,19.09,19.1,13300,254051.0
000029.SZ,2026-04-07 14:06:00,19.1,19.1,19.09,19.09,1700,32458.0
000029.SZ,2026-04-07 14:07:00,19.09,19.09,19.09,19.09,0,0.0
000029.SZ,2026-04-07 14:08:00,19.09,19.11,19.09,19.1,3300,63012.0
000029.SZ,2026-04-07 14:09:00,19.1,19.11,19.1,19.11,300,5732.0
000029.SZ,2026-04-07 14:10:00,19.11,19.11,19.09,19.09,3000,57295.0
000029.SZ,2026-04-07 14:11:00,19.1,19.1,19.09,19.09,2200,42002.0
000029.SZ,2026-04-07 14:12:00,19.09,19.11,19.09,19.1,6600,126056.0
000029.SZ,2026-04-07 14:13:00,19.1,19.1,19.1,19.1,1000,19100.0
000029.SZ,2026-04-07 14:14:00,19.09,19.1,19.09,19.1,2400,45820.0
000029.SZ,2026-04-07 14:15:00,19.09,19.09,19.08,19.09,2400,45815.0
000029.SZ,2026-04-07 14:16:00,19.11,19.13,19.11,19.11,8900,170084.0
000029.SZ,2026-04-07 14:17:00,19.11,19.11,19.1,19.1,5700,108889.0
000029.SZ,2026-04-07 14:18:00,19.11,19.11,19.09,19.09,4200,80219.0
000029.SZ,2026-04-07 14:19:00,19.09,19.11,19.09,19.09,2900,55376.0
000029.SZ,2026-04-07 14:20:00,19.09,19.11,19.09,19.1,7300,139393.0
000029.SZ,2026-04-07 14:21:00,19.1,19.11,19.09,19.11,9900,189066.0
000029.SZ,2026-04-07 14:22:00,19.1,19.11,19.09,19.11,4000,76376.0
000029.SZ,2026-04-07 14:23:00,19.11,19.12,19.09,19.1,26800,511812.0
000029.SZ,2026-04-07 14:24:00,19.09,19.09,19.07,19.07,8400,160248.0
000029.SZ,2026-04-07 14:25:00,19.08,19.09,19.07,19.09,2400,45794.0
000029.SZ,2026-04-07 14:26:00,19.08,19.08,19.07,19.08,7300,139281.0
000029.SZ,2026-04-07 14:27:00,19.09,19.1,19.09,19.09,5400,103095.0
000029.SZ,2026-04-07 14:28:00,19.09,19.09,19.08,19.09,8300,158386.0
000029.SZ,2026-04-07 14:29:00,19.09,19.09,19.08,19.09,1300,24811.0
000029.SZ,2026-04-07 14:30:00,19.09,19.09,19.09,19.09,100,1909.0
000029.SZ,2026-04-07 14:31:00,19.08,19.1,19.07,19.07,7200,137388.0
000029.SZ,2026-04-07 14:32:00,19.08,19.1,19.07,19.07,8900,169834.0
000029.SZ,2026-04-07 14:33:00,19.07,19.08,19.06,19.06,3600,68647.0
000029.SZ,2026-04-07 14:34:00,19.08,19.08,19.06,19.06,2900,55292.0
000029.SZ,2026-04-07 14:35:00,19.05,19.07,19.05,19.05,5300,101005.0
000029.SZ,2026-04-07 14:36:00,19.05,19.07,19.05,19.05,2500,47634.0
000029.SZ,2026-04-07 14:37:00,19.05,19.08,19.04,19.04,21200,403949.0
000029.SZ,2026-04-07 14:38:00,19.04,19.06,19.03,19.05,19300,367601.0
000029.SZ,2026-04-07 14:39:00,19.05,19.07,19.05,19.06,7500,143001.0
000029.SZ,2026-04-07 14:40:00,19.06,19.1,19.06,19.1,14000,267291.0
000029.SZ,2026-04-07 14:41:00,19.09,19.1,19.08,19.09,11200,213871.0
000029.SZ,2026-04-07 14:42:00,19.09,19.1,19.09,19.09,6200,118374.0
000029.SZ,2026-04-07 14:43:00,19.09,19.11,19.08,19.1,8500,162321.0
000029.SZ,2026-04-07 14:44:00,19.1,19.11,19.09,19.09,7700,147055.0
000029.SZ,2026-04-07 14:45:00,19.09,19.11,19.08,19.08,6500,124129.0
000029.SZ,2026-04-07 14:46:00,19.08,19.1,19.08,19.08,6800,129812.0
000029.SZ,2026-04-07 14:47:00,19.1,19.1,19.08,19.08,22100,422028.0
000029.SZ,2026-04-07 14:48:00,19.08,19.1,19.08,19.09,5100,97370.0
000029.SZ,2026-04-07 14:49:00,19.09,19.1,19.08,19.1,13300,253959.0
000029.SZ,2026-04-07 14:50:00,19.09,19.1,19.09,19.09,7300,139407.0
000029.SZ,2026-04-07 14:51:00,19.09,19.13,19.09,19.13,25200,481561.0
000029.SZ,2026-04-07 14:52:00,19.13,19.15,19.12,19.15,16600,317658.0
000029.SZ,2026-04-07 14:53:00,19.13,19.15,19.11,19.11,15600,298363.0
000029.SZ,2026-04-07 14:54:00,19.1,19.12,19.1,19.11,24100,460420.0
000029.SZ,2026-04-07 14:55:00,19.12,19.13,19.12,19.13,18300,349762.0
000029.SZ,2026-04-07 14:56:00,19.14,19.14,19.07,19.09,64500,1230811.0
000029.SZ,2026-04-07 14:57:00,19.09,19.1,19.08,19.1,35700,681492.0
000029.SZ,2026-04-07 14:58:00,19.1,19.1,19.1,19.1,0,0.0
000029.SZ,2026-04-07 14:59:00,19.1,19.1,19.1,19.1,0,0.0
000029.SZ,2026-04-07 15:00:00,19.08,19.08,19.08,19.08,41500,791820.0
000029.SZ,2026-04-08 09:30:00,19.39,19.41,19.39,19.41,35900,696123.0
000029.SZ,2026-04-08 09:31:00,19.42,19.5,19.4,19.4,199100,3872426.0
000029.SZ,2026-04-08 09:32:00,19.4,19.47,19.36,19.46,117300,2275181.0
000029.SZ,2026-04-08 09:33:00,19.48,19.48,19.39,19.41,108100,2098032.0
000029.SZ,2026-04-08 09:34:00,19.41,19.47,19.41,19.47,63700,1238414.0
000029.SZ,2026-04-08 09:35:00,19.46,19.48,19.44,19.47,148200,2884769.0
000029.SZ,2026-04-08 09:36:00,19.47,19.48,19.44,19.48,73700,1434754.0
000029.SZ,2026-04-08 09:37:00,19.5,19.53,19.49,19.53,128300,2501255.0
000029.SZ,2026-04-08 09:38:00,19.51,19.56,19.51,19.56,37900,740157.0
000029.SZ,2026-04-08 09:39:00,19.56,19.58,19.54,19.58,54200,1060521.0
000029.SZ,2026-04-08 09:40:00,19.57,19.57,19.53,19.53,26500,518043.0
000029.SZ,2026-04-08 09:41:00,19.53,19.58,19.53,19.58,53800,1051712.0
000029.SZ,2026-04-08 09:42:00,19.58,19.6,19.56,19.59,48900,957632.0
000029.SZ,2026-04-08 09:43:00,19.6,19.66,19.59,19.64,137400,2695867.0
000029.SZ,2026-04-08 09:44:00,19.63,19.66,19.63,19.65,29100,571846.0
000029.SZ,2026-04-08 09:45:00,19.65,19.67,19.63,19.66,71000,1395059.0
000029.SZ,2026-04-08 09:46:00,19.67,19.93,19.67,19.93,263900,5220322.0
000029.SZ,2026-04-08 09:47:00,19.92,19.97,19.84,19.87,167300,3324492.0
000029.SZ,2026-04-08 09:48:00,19.87,19.9,19.8,19.81,241800,4801952.0
000029.SZ,2026-04-08 09:49:00,19.82,19.85,19.79,19.79,26300,521165.0
000029.SZ,2026-04-08 09:50:00,19.8,19.85,19.78,19.83,52800,1046086.0
000029.SZ,2026-04-08 09:51:00,19.83,19.86,19.81,19.86,15200,301650.0
000029.SZ,2026-04-08 09:52:00,19.84,19.86,19.83,19.83,16500,327288.0
000029.SZ,2026-04-08 09:53:00,19.84,19.84,19.78,19.83,26400,522878.0
000029.SZ,2026-04-08 09:54:00,19.82,19.86,19.82,19.86,48300,958683.0
000029.SZ,2026-04-08 09:55:00,19.87,19.87,19.83,19.83,28300,562018.0
000029.SZ,2026-04-08 09:56:00,19.84,19.84,19.79,19.8,30000,594037.0
000029.SZ,2026-04-08 09:57:00,19.79,19.79,19.77,19.77,27800,549689.0
000029.SZ,2026-04-08 09:58:00,19.79,19.87,19.77,19.87,66500,1317513.0
000029.SZ,2026-04-08 09:59:00,19.86,19.88,19.84,19.85,44500,883744.0
000029.SZ,2026-04-08 10:00:00,19.84,19.87,19.81,19.87,21000,416733.0
000029.SZ,2026-04-08 10:01:00,19.87,19.98,19.87,19.98,112068,2231294.2
000029.SZ,2026-04-08 10:02:00,19.97,19.98,19.95,19.96,56500,1128195.0
000029.SZ,2026-04-08 10:03:00,19.93,19.98,19.93,19.95,28800,575137.0
000029.SZ,2026-04-08 10:04:00,19.96,19.97,19.92,19.97,35300,704509.0
000029.SZ,2026-04-08 10:05:00,19.97,20.07,19.96,20.0,301200,6026047.0
000029.SZ,2026-04-08 10:06:00,20.0,20.0,19.96,19.98,11900,237789.0
000029.SZ,2026-04-08 10:07:00,19.98,20.03,19.97,20.03,97400,1950176.0
000029.SZ,2026-04-08 10:08:00,20.02,20.02,19.96,19.96,69900,1397973.0
000029.SZ,2026-04-08 10:09:00,19.97,20.11,19.97,20.11,123000,2465437.0
000029.SZ,2026-04-08 10:10:00,20.11,20.14,20.1,20.1,33000,663726.0
000029.SZ,2026-04-08 10:11:00,20.1,20.1,20.05,20.08,18000,361166.0
000029.SZ,2026-04-08 10:12:00,20.08,20.08,20.07,20.07,5800,116462.0
000029.SZ,2026-04-08 10:13:00,20.08,20.08,20.04,20.04,15600,312826.0
000029.SZ,2026-04-08 10:14:00,20.02,20.04,20.02,20.03,7400,148193.0
000029.SZ,2026-04-08 10:15:00,20.03,20.05,20.02,20.05,9900,198330.0
000029.SZ,2026-04-08 10:16:00,20.05,20.08,20.04,20.08,25500,511184.0
000029.SZ,2026-04-08 10:17:00,20.06,20.06,20.04,20.05,8400,168422.0
000029.SZ,2026-04-08 10:18:00,20.05,20.05,20.0,20.0,20500,410120.0
000029.SZ,2026-04-08 10:19:00,20.0,20.0,19.96,19.97,10300,205716.0
000029.SZ,2026-04-08 10:20:00,19.97,20.04,19.96,20.04,54000,1078859.0
000029.SZ,2026-04-08 10:21:00,20.04,20.04,20.03,20.04,4100,82126.0
000029.SZ,2026-04-08 10:22:00,20.02,20.02,20.0,20.02,8900,178131.0
000029.SZ,2026-04-08 10:23:00,20.02,20.02,20.01,20.02,4000,80075.0
000029.SZ,2026-04-08 10:24:00,20.02,20.16,20.02,20.14,161600,3243830.0
000029.SZ,2026-04-08 10:25:00,20.14,20.15,20.12,20.12,11200,225519.0
000029.SZ,2026-04-08 10:26:00,20.12,20.12,20.11,20.12,3000,60352.0
000029.SZ,2026-04-08 10:27:00,20.11,20.12,20.1,20.12,10400,209070.0
000029.SZ,2026-04-08 10:28:00,20.12,20.12,20.11,20.11,4000,80476.0
000029.SZ,2026-04-08 10:29:00,20.1,20.11,20.1,20.1,2400,48254.0
000029.SZ,2026-04-08 10:30:00,20.11,20.14,20.1,20.14,15400,309807.0
000029.SZ,2026-04-08 10:31:00,20.12,20.19,20.12,20.16,161300,3252975.0
000029.SZ,2026-04-08 10:32:00,20.15,20.16,20.14,20.15,4100,82604.0
000029.SZ,2026-04-08 10:33:00,20.14,20.14,20.12,20.14,14000,281822.0
000029.SZ,2026-04-08 10:34:00,20.15,20.16,20.15,20.15,6100,122924.0
000029.SZ,2026-04-08 10:35:00,20.15,20.22,20.12,20.22,144954,2921935.0
000029.SZ,2026-04-08 10:36:00,20.25,20.28,20.21,20.24,33300,673813.0
000029.SZ,2026-04-08 10:37:00,20.23,20.24,20.2,20.22,36100,730377.0
000029.SZ,2026-04-08 10:38:00,20.22,20.22,20.2,20.21,7300,147472.0
000029.SZ,2026-04-08 10:39:00,20.19,20.3,20.19,20.3,34700,702789.0
000029.SZ,2026-04-08 10:40:00,20.3,20.3,20.24,20.24,35900,728280.0
000029.SZ,2026-04-08 10:41:00,20.24,20.28,20.24,20.27,27000,547281.0
000029.SZ,2026-04-08 10:42:00,20.27,20.27,20.26,20.27,1400,28375.0
000029.SZ,2026-04-08 10:43:00,20.27,20.27,20.24,20.24,19600,396967.0
000029.SZ,2026-04-08 10:44:00,20.24,20.25,20.23,20.25,8200,165925.0
000029.SZ,2026-04-08 10:45:00,20.25,20.26,20.23,20.24,13100,265202.0
000029.SZ,2026-04-08 10:46:00,20.24,20.24,20.23,20.24,7500,151758.0
000029.SZ,2026-04-08 10:47:00,20.24,20.24,20.18,20.18,40600,820669.0
000029.SZ,2026-04-08 10:48:00,20.19,20.2,20.17,20.17,8700,175541.0
000029.SZ,2026-04-08 10:49:00,20.17,20.18,20.16,20.18,48200,971659.0
000029.SZ,2026-04-08 10:50:00,20.18,20.18,20.16,20.18,7400,149212.0
000029.SZ,2026-04-08 10:51:00,20.18,20.18,20.17,20.17,5100,102889.0
000029.SZ,2026-04-08 10:52:00,20.17,20.18,20.16,20.17,14500,292403.0
000029.SZ,2026-04-08 10:53:00,20.17,20.29,20.17,20.24,63000,1273778.0
000029.SZ,2026-04-08 10:54:00,20.23,20.23,20.2,20.21,35800,723465.0
000029.SZ,2026-04-08 10:55:00,20.19,20.21,20.19,20.2,2500,50494.0
000029.SZ,2026-04-08 10:56:00,20.19,20.32,20.19,20.31,75200,1525012.0
000029.SZ,2026-04-08 10:57:00,20.32,20.32,20.28,20.29,54000,1095686.0
000029.SZ,2026-04-08 10:58:00,20.28,20.29,20.25,20.27,8900,180462.0
000029.SZ,2026-04-08 10:59:00,20.3,20.3,20.27,20.27,16100,326569.0
000029.SZ,2026-04-08 11:00:00,20.27,20.27,20.24,20.24,5800,117485.0
000029.SZ,2026-04-08 11:01:00,20.24,20.29,20.24,20.29,12300,249388.0
000029.SZ,2026-04-08 11:02:00,20.27,20.27,20.26,20.27,7200,145944.0
000029.SZ,2026-04-08 11:03:00,20.27,20.3,20.26,20.3,27700,561716.0
000029.SZ,2026-04-08 11:04:00,20.3,20.3,20.29,20.29,15300,310562.0
000029.SZ,2026-04-08 11:05:00,20.28,20.3,20.28,20.3,27400,556016.0
000029.SZ,2026-04-08 11:06:00,20.3,20.32,20.3,20.31,44100,895427.0
000029.SZ,2026-04-08 11:07:00,20.3,20.3,20.29,20.29,3800,77131.0
000029.SZ,2026-04-08 11:08:00,20.3,20.3,20.28,20.3,4300,87259.0
000029.SZ,2026-04-08 11:09:00,20.3,20.31,20.3,20.3,1700,34514.0
000029.SZ,2026-04-08 11:10:00,20.3,20.31,20.3,20.3,2300,46691.0
000029.SZ,2026-04-08 11:11:00,20.29,20.32,20.29,20.31,9200,186818.0
000029.SZ,2026-04-08 11:12:00,20.32,20.35,20.32,20.35,21500,437122.0
000029.SZ,2026-04-08 11:13:00,20.35,20.35,20.34,20.35,6300,128195.0
000029.SZ,2026-04-08 11:14:00,20.35,20.35,20.34,20.34,11400,231888.0
000029.SZ,2026-04-08 11:15:00,20.32,20.33,20.31,20.33,4900,99544.0
000029.SZ,2026-04-08 11:16:00,20.33,20.33,20.33,20.33,3500,71155.0
000029.SZ,2026-04-08 11:17:00,20.32,20.33,20.32,20.33,400,8131.0
000029.SZ,2026-04-08 11:18:00,20.31,20.33,20.31,20.31,4700,95517.0
000029.SZ,2026-04-08 11:19:00,20.3,20.31,20.3,20.31,2600,52797.0
000029.SZ,2026-04-08 11:20:00,20.29,20.29,20.28,20.28,29000,588397.0
000029.SZ,2026-04-08 11:21:00,20.28,20.28,20.27,20.27,3700,75005.0
000029.SZ,2026-04-08 11:22:00,20.28,20.28,20.27,20.28,1200,24329.0
000029.SZ,2026-04-08 11:23:00,20.27,20.27,20.26,20.26,8100,164183.0
000029.SZ,2026-04-08 11:24:00,20.26,20.26,20.25,20.25,4800,97245.0
000029.SZ,2026-04-08 11:25:00,20.25,20.25,20.25,20.25,23500,475879.0
000029.SZ,2026-04-08 11:26:00,20.26,20.27,20.26,20.27,9900,200596.0
000029.SZ,2026-04-08 11:27:00,20.26,20.27,20.25,20.27,5800,117487.0
000029.SZ,2026-04-08 11:28:00,20.26,20.26,20.26,20.26,700,14181.0
000029.SZ,2026-04-08 11:29:00,20.26,20.27,20.26,20.27,5200,105376.0
000029.SZ,2026-04-08 11:30:00,20.25,20.25,20.23,20.23,4500,91132.0
000029.SZ,2026-04-08 13:01:00,20.25,20.25,20.21,20.22,15500,313666.0
000029.SZ,2026-04-08 13:02:00,20.23,20.23,20.16,20.16,46300,935214.0
000029.SZ,2026-04-08 13:03:00,20.16,20.16,20.16,20.16,11300,227806.0
000029.SZ,2026-04-08 13:04:00,20.16,20.17,20.16,20.16,5700,114932.0
000029.SZ,2026-04-08 13:05:00,20.15,20.15,20.14,20.14,8000,161186.0
000029.SZ,2026-04-08 13:06:00,20.15,20.17,20.15,20.16,5900,118927.0
000029.SZ,2026-04-08 13:07:00,20.16,20.16,20.16,20.16,5600,112896.0
000029.SZ,2026-04-08 13:08:00,20.16,20.16,20.12,20.12,15100,304134.0
000029.SZ,2026-04-08 13:09:00,20.13,20.15,20.13,20.15,3500,70486.0
000029.SZ,2026-04-08 13:10:00,20.15,20.15,20.13,20.14,3200,64450.0
000029.SZ,2026-04-08 13:11:00,20.14,20.14,20.12,20.12,6000,120784.0
000029.SZ,2026-04-08 13:12:00,20.11,20.13,20.11,20.13,8500,170999.0
000029.SZ,2026-04-08 13:13:00,20.13,20.13,20.13,20.13,4700,94618.0
000029.SZ,2026-04-08 13:14:00,20.13,20.13,20.12,20.13,5500,110675.0
000029.SZ,2026-04-08 13:15:00,20.14,20.14,20.14,20.14,8800,177230.0
000029.SZ,2026-04-08 13:16:00,20.14,20.15,20.13,20.15,3800,76542.0
000029.SZ,2026-04-08 13:17:00,20.14,20.15,20.13,20.15,1900,38275.0
000029.SZ,2026-04-08 13:18:00,20.15,20.15,20.13,20.13,7400,148993.0
000029.SZ,2026-04-08 13:19:00,20.13,20.14,20.13,20.14,2500,50333.0
000029.SZ,2026-04-08 13:20:00,20.14,20.14,20.13,20.14,600,12080.0
000029.SZ,2026-04-08 13:21:00,20.14,20.16,20.14,20.16,7200,145046.0
000029.SZ,2026-04-08 13:22:00,20.15,20.25,20.13,20.25,249300,5027310.0
000029.SZ,2026-04-08 13:23:00,20.24,20.24,20.18,20.18,4100,82854.0
000029.SZ,2026-04-08 13:24:00,20.19,20.19,20.18,20.18,7100,143301.0
000029.SZ,2026-04-08 13:25:00,20.18,20.18,20.17,20.18,1400,28250.0
000029.SZ,2026-04-08 13:26:00,20.17,20.2,20.17,20.2,18500,373551.0
000029.SZ,2026-04-08 13:27:00,20.19,20.2,20.18,20.18,3800,76710.0
000029.SZ,2026-04-08 13:28:00,20.17,20.19,20.17,20.17,900,18158.0
000029.SZ,2026-04-08 13:29:00,20.16,20.18,20.16,20.16,6100,123022.0
000029.SZ,2026-04-08 13:30:00,20.16,20.17,20.15,20.15,3900,78594.0
000029.SZ,2026-04-08 13:31:00,20.15,20.15,20.12,20.15,16200,326197.0
000029.SZ,2026-04-08 13:32:00,20.18,20.19,20.18,20.19,2000,40373.0
000029.SZ,2026-04-08 13:33:00,20.19,20.2,20.19,20.2,8100,163556.0
000029.SZ,2026-04-08 13:34:00,20.2,20.22,20.2,20.22,15900,321240.0
000029.SZ,2026-04-08 13:35:00,20.21,20.21,20.19,20.19,6200,125217.0
000029.SZ,2026-04-08 13:36:00,20.19,20.22,20.18,20.2,30400,613954.0
000029.SZ,2026-04-08 13:37:00,20.2,20.2,20.19,20.19,9800,197865.0
000029.SZ,2026-04-08 13:38:00,20.19,20.2,20.19,20.2,10400,210017.0
000029.SZ,2026-04-08 13:39:00,20.2,20.2,20.19,20.19,2100,42406.0
000029.SZ,2026-04-08 13:40:00,20.19,20.19,20.18,20.19,6200,125174.0
000029.SZ,2026-04-08 13:41:00,20.2,20.2,20.19,20.2,23600,476517.0
000029.SZ,2026-04-08 13:42:00,20.2,20.21,20.2,20.21,900,18186.0
000029.SZ,2026-04-08 13:43:00,20.2,20.21,20.2,20.21,2700,54546.0
000029.SZ,2026-04-08 13:44:00,20.21,20.22,20.21,20.22,3800,76800.0
000029.SZ,2026-04-08 13:45:00,20.21,20.21,20.2,20.2,4000,80811.0
000029.SZ,2026-04-08 13:46:00,20.19,20.19,20.15,20.19,28500,575012.0
000029.SZ,2026-04-08 13:47:00,20.19,20.2,20.18,20.2,7400,149399.0
000029.SZ,2026-04-08 13:48:00,20.2,20.2,20.2,20.2,2900,58580.0
000029.SZ,2026-04-08 13:49:00,20.17,20.2,20.17,20.2,5200,104971.0
000029.SZ,2026-04-08 13:50:00,20.2,20.2,20.19,20.2,7600,153519.0
000029.SZ,2026-04-08 13:51:00,20.21,20.22,20.2,20.22,9600,194008.0
000029.SZ,2026-04-08 13:52:00,20.22,20.28,20.22,20.26,234400,4752810.0
000029.SZ,2026-04-08 13:53:00,20.27,20.27,20.21,20.27,13400,271341.0
000029.SZ,2026-04-08 13:54:00,20.25,20.26,20.18,20.22,25800,521854.0
000029.SZ,2026-04-08 13:55:00,20.22,20.23,20.21,20.23,4300,86928.0
000029.SZ,2026-04-08 13:56:00,20.23,20.23,20.22,20.22,2800,56619.0
000029.SZ,2026-04-08 13:57:00,20.22,20.22,20.19,20.2,11400,230307.0
000029.SZ,2026-04-08 13:58:00,20.2,20.2,20.19,20.19,4000,80774.0
000029.SZ,2026-04-08 13:59:00,20.19,20.19,20.18,20.19,6600,133253.0
000029.SZ,2026-04-08 14:00:00,20.18,20.2,20.18,20.2,2600,52496.0
000029.SZ,2026-04-08 14:01:00,20.2,20.2,20.2,20.2,19200,387840.0
000029.SZ,2026-04-08 14:02:00,20.21,20.21,20.2,20.2,1600,32322.0
000029.SZ,2026-04-08 14:03:00,20.2,20.22,20.2,20.21,13200,266745.0
000029.SZ,2026-04-08 14:04:00,20.22,20.22,20.2,20.2,2500,50525.0
000029.SZ,2026-04-08 14:05:00,20.22,20.22,20.21,20.21,400,8087.0
000029.SZ,2026-04-08 14:06:00,20.21,20.21,20.21,20.21,3100,62651.0
000029.SZ,2026-04-08 14:07:00,20.21,20.22,20.21,20.22,3300,66698.0
000029.SZ,2026-04-08 14:08:00,20.22,20.22,20.21,20.21,2600,52550.0
000029.SZ,2026-04-08 14:09:00,20.21,20.21,20.2,20.21,10400,210174.0
000029.SZ,2026-04-08 14:10:00,20.22,20.22,20.21,20.21,2400,48506.0
000029.SZ,2026-04-08 14:11:00,20.22,20.22,20.2,20.22,16200,327406.0
000029.SZ,2026-04-08 14:12:00,20.22,20.22,20.21,20.22,1700,34364.0
000029.SZ,2026-04-08 14:13:00,20.21,20.22,20.21,20.21,6400,129386.0
000029.SZ,2026-04-08 14:14:00,20.2,20.22,20.2,20.21,2600,52549.0
000029.SZ,2026-04-08 14:15:00,20.21,20.22,20.21,20.21,2100,42445.0
000029.SZ,2026-04-08 14:16:00,20.21,20.21,20.2,20.2,18600,375870.0
000029.SZ,2026-04-08 14:17:00,20.2,20.21,20.2,20.21,5600,113172.0
000029.SZ,2026-04-08 14:18:00,20.2,20.2,20.2,20.2,9700,195942.0
000029.SZ,2026-04-08 14:19:00,20.2,20.21,20.19,20.21,6200,125212.0
000029.SZ,2026-04-08 14:20:00,20.21,20.21,20.19,20.19,4600,92904.0
000029.SZ,2026-04-08 14:21:00,20.19,20.19,20.17,20.18,11900,240130.0
000029.SZ,2026-04-08 14:22:00,20.18,20.18,20.17,20.17,8100,163393.0
000029.SZ,2026-04-08 14:23:00,20.18,20.18,20.17,20.18,2300,46396.0
000029.SZ,2026-04-08 14:24:00,20.18,20.19,20.18,20.19,3500,70645.0
000029.SZ,2026-04-08 14:25:00,20.18,20.19,20.17,20.19,7500,151358.0
000029.SZ,2026-04-08 14:26:00,20.19,20.19,20.17,20.17,6000,121074.0
000029.SZ,2026-04-08 14:27:00,20.18,20.19,20.17,20.18,5900,119057.0
000029.SZ,2026-04-08 14:28:00,20.19,20.19,20.18,20.18,15600,314961.0
000029.SZ,2026-04-08 14:29:00,20.18,20.19,20.17,20.18,8200,165429.0
000029.SZ,2026-04-08 14:30:00,20.18,20.18,20.17,20.17,8700,175486.0
000029.SZ,2026-04-08 14:31:00,20.17,20.18,20.17,20.18,17000,342899.0
000029.SZ,2026-04-08 14:32:00,20.17,20.18,20.17,20.18,9000,181576.0
000029.SZ,2026-04-08 14:33:00,20.18,20.18,20.17,20.18,3800,76655.0
000029.SZ,2026-04-08 14:34:00,20.18,20.18,20.17,20.17,1100,22191.0
000029.SZ,2026-04-08 14:35:00,20.18,20.18,20.17,20.17,2800,56496.0
000029.SZ,2026-04-08 14:36:00,20.18,20.18,20.18,20.18,16600,334950.0
000029.SZ,2026-04-08 14:37:00,20.18,20.19,20.18,20.19,11400,230097.0
000029.SZ,2026-04-08 14:38:00,20.18,20.19,20.18,20.19,5800,117060.0
000029.SZ,2026-04-08 14:39:00,20.19,20.19,20.17,20.18,7900,159444.0
000029.SZ,2026-04-08 14:40:00,20.18,20.18,20.17,20.18,7400,149319.0
000029.SZ,2026-04-08 14:41:00,20.18,20.18,20.17,20.17,19300,389313.0
000029.SZ,2026-04-08 14:42:00,20.17,20.18,20.16,20.18,11800,237972.0
000029.SZ,2026-04-08 14:43:00,20.17,20.18,20.16,20.18,42500,857073.0
000029.SZ,2026-04-08 14:44:00,20.18,20.19,20.17,20.18,12200,246220.0
000029.SZ,2026-04-08 14:45:00,20.18,20.19,20.17,20.18,6200,125101.0
000029.SZ,2026-04-08 14:46:00,20.18,20.19,20.17,20.19,10200,205837.0
000029.SZ,2026-04-08 14:47:00,20.18,20.19,20.18,20.18,6500,131203.0
000029.SZ,2026-04-08 14:48:00,20.18,20.19,20.18,20.18,11100,224028.0
000029.SZ,2026-04-08 14:49:00,20.19,20.19,20.18,20.19,12700,256386.0
000029.SZ,2026-04-08 14:50:00,20.19,20.19,20.18,20.19,8700,175611.0
000029.SZ,2026-04-08 14:51:00,20.19,20.19,20.17,20.18,23600,476182.0
000029.SZ,2026-04-08 14:52:00,20.17,20.18,20.16,20.16,14300,288421.0
000029.SZ,2026-04-08 14:53:00,20.17,20.17,20.15,20.15,15300,308404.0
000029.SZ,2026-04-08 14:54:00,20.17,20.17,20.09,20.09,34700,698368.0
000029.SZ,2026-04-08 14:55:00,20.09,20.14,20.09,20.12,24300,489027.0
000029.SZ,2026-04-08 14:56:00,20.12,20.13,20.11,20.13,26300,529243.0
000029.SZ,2026-04-08 14:57:00,20.11,20.15,20.11,20.12,32400,652419.0
000029.SZ,2026-04-08 14:58:00,20.12,20.12,20.12,20.12,0,0.0
000029.SZ,2026-04-08 14:59:00,20.12,20.12,20.12,20.12,0,0.0
000029.SZ,2026-04-08 15:00:00,20.15,20.15,20.15,20.15,40200,810030.0
000029.SZ,2026-04-09 09:30:00,20.17,20.19,20.15,20.15,92300,1861695.0
000029.SZ,2026-04-09 09:31:00,20.13,20.13,19.91,20.01,71600,1432656.0
000029.SZ,2026-04-09 09:32:00,20.03,20.09,20.0,20.09,44100,884111.0
000029.SZ,2026-04-09 09:33:00,20.09,20.09,20.06,20.06,41800,839541.0
000029.SZ,2026-04-09 09:34:00,20.06,20.09,20.02,20.03,40000,801098.0
000029.SZ,2026-04-09 09:35:00,20.01,20.09,20.01,20.09,45300,907490.0
000029.SZ,2026-04-09 09:36:00,20.09,20.09,19.98,19.98,39000,780565.0
000029.SZ,2026-04-09 09:37:00,19.98,20.05,19.98,20.02,12700,254137.0
000029.SZ,2026-04-09 09:38:00,20.01,20.02,19.99,20.0,24200,484341.0
000029.SZ,2026-04-09 09:39:00,20.0,20.01,19.98,19.98,15400,307838.0
000029.SZ,2026-04-09 09:40:00,19.99,19.99,19.97,19.97,7800,155833.0
000029.SZ,2026-04-09 09:41:00,19.96,19.97,19.93,19.93,47100,939591.0
000029.SZ,2026-04-09 09:42:00,19.94,19.95,19.93,19.95,8800,175469.0
000029.SZ,2026-04-09 09:43:00,19.94,19.94,19.9,19.9,50400,1003776.0
000029.SZ,2026-04-09 09:44:00,19.9,19.92,19.88,19.88,24100,479627.0
000029.SZ,2026-04-09 09:45:00,19.88,19.95,19.88,19.9,25100,499233.0
000029.SZ,2026-04-09 09:46:00,19.89,19.9,19.87,19.87,16800,334126.0
000029.SZ,2026-04-09 09:47:00,19.87,19.9,19.85,19.86,29900,594010.0
000029.SZ,2026-04-09 09:48:00,19.86,19.86,19.81,19.83,36500,723546.0
000029.SZ,2026-04-09 09:49:00,19.83,19.83,19.81,19.82,17200,340978.0
000029.SZ,2026-04-09 09:50:00,19.82,19.82,19.76,19.82,95200,1883592.0
000029.SZ,2026-04-09 09:51:00,19.8,19.89,19.8,19.89,9900,196495.0
000029.SZ,2026-04-09 09:52:00,19.89,19.93,19.89,19.92,11200,222947.0
000029.SZ,2026-04-09 09:53:00,19.92,19.92,19.87,19.87,53600,1066214.0
000029.SZ,2026-04-09 09:54:00,19.86,19.88,19.86,19.88,41500,824249.0
000029.SZ,2026-04-09 09:55:00,19.86,19.92,19.86,19.92,32100,637848.0
000029.SZ,2026-04-09 09:56:00,19.92,19.93,19.9,19.93,10400,207151.0
000029.SZ,2026-04-09 09:57:00,19.92,19.93,19.91,19.93,10100,201234.0
000029.SZ,2026-04-09 09:58:00,19.93,19.96,19.93,19.93,14000,279242.0
000029.SZ,2026-04-09 09:59:00,19.92,19.93,19.89,19.91,40800,812108.0
000029.SZ,2026-04-09 10:00:00,19.9,19.91,19.9,19.91,6600,131358.0
000029.SZ,2026-04-09 10:01:00,19.9,19.9,19.88,19.89,14200,282483.0
000029.SZ,2026-04-09 10:02:00,19.89,19.92,19.88,19.92,7700,153258.0
000029.SZ,2026-04-09 10:03:00,19.91,19.91,19.87,19.87,20900,415562.0
000029.SZ,2026-04-09 10:04:00,19.87,19.89,19.87,19.88,5800,115278.0
000029.SZ,2026-04-09 10:05:00,19.87,19.87,19.82,19.84,67600,1342212.0
000029.SZ,2026-04-09 10:06:00,19.84,19.85,19.83,19.83,10400,206309.0
000029.SZ,2026-04-09 10:07:00,19.84,19.85,19.84,19.84,6400,127027.0
000029.SZ,2026-04-09 10:08:00,19.84,19.86,19.84,19.86,4300,85385.0
000029.SZ,2026-04-09 10:09:00,19.86,19.93,19.84,19.9,43400,862798.0
000029.SZ,2026-04-09 10:10:00,19.91,19.91,19.88,19.88,6100,121396.0
000029.SZ,2026-04-09 10:11:00,19.87,19.89,19.87,19.88,22700,451066.0
000029.SZ,2026-04-09 10:12:00,19.88,19.88,19.87,19.87,10800,214651.0
000029.SZ,2026-04-09 10:13:00,19.87,19.87,19.85,19.87,12700,252278.0
000029.SZ,2026-04-09 10:14:00,19.87,19.9,19.87,19.9,21700,431414.0
000029.SZ,2026-04-09 10:15:00,19.9,19.9,19.87,19.88,3500,69622.0
000029.SZ,2026-04-09 10:16:00,19.87,19.9,19.87,19.89,3400,67609.0
000029.SZ,2026-04-09 10:17:00,19.9,19.91,19.9,19.9,3800,75627.0
000029.SZ,2026-04-09 10:18:00,19.89,19.94,19.89,19.94,12900,257008.0
000029.SZ,2026-04-09 10:19:00,19.95,19.95,19.93,19.94,3400,67797.0
000029.SZ,2026-04-09 10:20:00,19.93,19.93,19.91,19.91,3900,77710.0
000029.SZ,2026-04-09 10:21:00,19.92,19.95,19.91,19.95,7900,157493.0
000029.SZ,2026-04-09 10:22:00,19.95,19.96,19.94,19.95,9400,187553.0
000029.SZ,2026-04-09 10:23:00,19.95,19.95,19.94,19.95,2400,47878.0
000029.SZ,2026-04-09 10:24:00,19.94,19.95,19.94,19.94,900,17951.0
000029.SZ,2026-04-09 10:25:00,19.94,19.94,19.93,19.93,6100,121627.0
000029.SZ,2026-04-09 10:26:00,19.94,19.96,19.93,19.96,8800,175482.0
000029.SZ,2026-04-09 10:27:00,19.97,19.97,19.92,19.94,8800,175500.0
000029.SZ,2026-04-09 10:28:00,19.94,19.94,19.93,19.93,4600,91708.0
000029.SZ,2026-04-09 10:29:00,19.92,19.92,19.9,19.91,29200,581412.0
000029.SZ,2026-04-09 10:30:00,19.9,19.91,19.89,19.89,13300,264660.0
000029.SZ,2026-04-09 10:31:00,19.89,19.9,19.88,19.88,2200,43751.0
000029.SZ,2026-04-09 10:32:00,19.88,19.89,19.88,19.89,8200,163094.0
000029.SZ,2026-04-09 10:33:00,19.88,19.98,19.88,19.98,119500,2389865.0
000029.SZ,2026-04-09 10:34:00,19.95,20.01,19.9,19.98,85900,1714596.0
000029.SZ,2026-04-09 10:35:00,19.98,20.05,19.98,20.01,85300,1708532.0
000029.SZ,2026-04-09 10:36:00,19.95,19.99,19.95,19.96,11400,227590.0
000029.SZ,2026-04-09 10:37:00,19.99,19.99,19.96,19.96,3600,71908.0
000029.SZ,2026-04-09 10:38:00,19.97,19.97,19.96,19.96,6000,119786.0
000029.SZ,2026-04-09 10:39:00,19.97,19.97,19.93,19.93,8500,169582.0
000029.SZ,2026-04-09 10:40:00,19.93,19.95,19.93,19.95,2500,49842.0
000029.SZ,2026-04-09 10:41:00,19.95,19.95,19.94,19.95,5900,117724.0
000029.SZ,2026-04-09 10:42:00,20.0,20.05,20.0,20.05,23500,470418.0
000029.SZ,2026-04-09 10:43:00,20.05,20.08,20.05,20.05,17900,359173.0
000029.SZ,2026-04-09 10:44:00,20.06,20.06,20.03,20.03,2900,58143.0
000029.SZ,2026-04-09 10:45:00,20.05,20.05,20.02,20.02,21600,433010.0
000029.SZ,2026-04-09 10:46:00,20.02,20.03,20.02,20.02,8700,174175.0
000029.SZ,2026-04-09 10:47:00,20.02,20.02,20.01,20.01,1400,28023.0
000029.SZ,2026-04-09 10:48:00,20.01,20.02,20.01,20.02,2900,58055.0
000029.SZ,2026-04-09 10:49:00,20.02,20.02,20.0,20.01,8000,160054.0
000029.SZ,2026-04-09 10:50:00,20.03,20.03,20.03,20.03,2600,52078.0
000029.SZ,2026-04-09 10:51:00,20.02,20.03,20.02,20.02,10900,218322.0
000029.SZ,2026-04-09 10:52:00,20.02,20.03,20.02,20.03,3800,76111.0
000029.SZ,2026-04-09 10:53:00,20.08,20.09,20.08,20.08,15100,302987.0
000029.SZ,2026-04-09 10:54:00,20.07,20.09,20.06,20.06,10400,208785.0
000029.SZ,2026-04-09 10:55:00,20.07,20.09,20.07,20.09,15300,307204.0
000029.SZ,2026-04-09 10:56:00,20.1,20.11,20.1,20.1,5200,104538.0
000029.SZ,2026-04-09 10:57:00,20.09,20.09,20.06,20.09,1700,34147.0
000029.SZ,2026-04-09 10:58:00,20.09,20.09,20.06,20.08,3200,64269.0
000029.SZ,2026-04-09 10:59:00,20.06,20.08,20.06,20.06,1500,30099.0
000029.SZ,2026-04-09 11:00:00,20.06,20.09,20.06,20.07,14672,294535.03
000029.SZ,2026-04-09 11:01:00,20.06,20.08,20.05,20.07,6700,134472.0
000029.SZ,2026-04-09 11:02:00,20.07,20.07,20.05,20.06,4000,80246.0
000029.SZ,2026-04-09 11:03:00,20.05,20.06,20.05,20.06,1100,22058.0
000029.SZ,2026-04-09 11:04:00,20.06,20.06,20.05,20.05,2900,58158.0
000029.SZ,2026-04-09 11:05:00,20.05,20.05,20.05,20.05,0,0.0
000029.SZ,2026-04-09 11:06:00,20.04,20.04,20.04,20.04,600,12024.0
000029.SZ,2026-04-09 11:07:00,20.03,20.03,20.03,20.03,1500,30046.0
000029.SZ,2026-04-09 11:08:00,20.04,20.06,20.03,20.06,4200,84184.0
000029.SZ,2026-04-09 11:09:00,20.06,20.06,20.05,20.05,500,10026.0
000029.SZ,2026-04-09 11:10:00,20.05,20.05,20.04,20.04,2400,48103.0
000029.SZ,2026-04-09 11:11:00,20.03,20.04,20.03,20.03,3700,74134.0
000029.SZ,2026-04-09 11:12:00,20.03,20.03,20.02,20.02,2400,48068.0
000029.SZ,2026-04-09 11:13:00,20.02,20.02,20.01,20.01,300,6004.0
000029.SZ,2026-04-09 11:14:00,19.99,19.99,19.96,19.96,12200,243851.0
000029.SZ,2026-04-09 11:15:00,19.96,19.98,19.96,19.97,5300,105809.0
000029.SZ,2026-04-09 11:16:00,19.97,19.97,19.97,19.97,1300,25961.0
000029.SZ,2026-04-09 11:17:00,19.97,20.0,19.97,20.0,8200,163925.0
000029.SZ,2026-04-09 11:18:00,20.0,20.0,19.99,19.99,1900,37995.0
000029.SZ,2026-04-09 11:19:00,20.0,20.0,20.0,20.0,1700,34000.0
000029.SZ,2026-04-09 11:20:00,20.0,20.0,19.99,19.99,1500,29999.0
000029.SZ,2026-04-09 11:21:00,20.01,20.03,20.01,20.03,5800,116093.0
000029.SZ,2026-04-09 11:22:00,20.01,20.01,20.01,20.01,1700,34017.0
000029.SZ,2026-04-09 11:23:00,20.0,20.0,20.0,20.0,1300,26000.0
000029.SZ,2026-04-09 11:24:00,20.0,20.0,20.0,20.0,1800,36000.0
000029.SZ,2026-04-09 11:25:00,19.99,20.0,19.99,19.99,2000,39982.0
000029.SZ,2026-04-09 11:26:00,19.99,19.99,19.99,19.99,700,13993.0
000029.SZ,2026-04-09 11:27:00,19.99,19.99,19.99,19.99,200,3998.0
000029.SZ,2026-04-09 11:28:00,19.98,19.98,19.98,19.98,200,3996.0
000029.SZ,2026-04-09 11:29:00,19.99,20.0,19.98,20.0,2200,43968.0
000029.SZ,2026-04-09 11:30:00,19.98,20.0,19.97,19.97,1800,35961.0
000029.SZ,2026-04-09 13:01:00,19.99,19.99,19.96,19.96,7100,141803.0
000029.SZ,2026-04-09 13:02:00,19.96,19.96,19.95,19.95,7000,139717.0
000029.SZ,2026-04-09 13:03:00,19.96,19.96,19.94,19.94,20100,400989.0
000029.SZ,2026-04-09 13:04:00,19.94,19.94,19.93,19.94,700,13957.0
000029.SZ,2026-04-09 13:05:00,19.93,19.94,19.93,19.94,4500,89725.0
000029.SZ,2026-04-09 13:06:00,19.94,19.94,19.94,19.94,2100,41874.0
000029.SZ,2026-04-09 13:07:00,19.95,19.97,19.95,19.97,5900,117770.0
000029.SZ,2026-04-09 13:08:00,19.97,19.97,19.96,19.96,1000,19967.0
000029.SZ,2026-04-09 13:09:00,19.96,19.98,19.95,19.97,2700,53915.0
000029.SZ,2026-04-09 13:10:00,19.96,19.96,19.94,19.94,5700,113755.0
000029.SZ,2026-04-09 13:11:00,19.94,19.95,19.94,19.95,1100,21944.0
000029.SZ,2026-04-09 13:12:00,19.95,19.95,19.95,19.95,1800,35910.0
000029.SZ,2026-04-09 13:13:00,19.95,19.95,19.93,19.93,3900,77762.0
000029.SZ,2026-04-09 13:14:00,19.94,19.94,19.93,19.94,5700,113682.0
000029.SZ,2026-04-09 13:15:00,19.94,19.95,19.94,19.95,3200,63836.0
000029.SZ,2026-04-09 13:16:00,19.94,19.94,19.94,19.94,600,11964.0
000029.SZ,2026-04-09 13:17:00,19.94,19.94,19.93,19.94,3900,77738.0
000029.SZ,2026-04-09 13:18:00,19.94,19.94,19.93,19.93,8600,171416.0
000029.SZ,2026-04-09 13:19:00,19.92,19.92,19.91,19.91,1300,25891.0
000029.SZ,2026-04-09 13:20:00,19.91,19.91,19.91,19.91,0,0.0
000029.SZ,2026-04-09 13:21:00,19.91,19.91,19.91,19.91,2600,51766.0
000029.SZ,2026-04-09 13:22:00,19.91,19.91,19.9,19.9,2400,47769.0
000029.SZ,2026-04-09 13:23:00,19.91,19.92,19.9,19.91,3400,67702.0
000029.SZ,2026-04-09 13:24:00,19.92,19.92,19.86,19.86,37800,751722.0
000029.SZ,2026-04-09 13:25:00,19.88,19.88,19.87,19.87,4600,91443.0
000029.SZ,2026-04-09 13:26:00,19.9,19.9,19.88,19.89,7000,139245.0
000029.SZ,2026-04-09 13:27:00,19.89,19.89,19.86,19.88,29500,586335.0
000029.SZ,2026-04-09 13:28:00,19.87,19.88,19.86,19.87,7000,139093.0
000029.SZ,2026-04-09 13:29:00,19.86,19.87,19.86,19.86,16000,317795.0
000029.SZ,2026-04-09 13:30:00,19.86,19.87,19.86,19.87,5400,107246.0
000029.SZ,2026-04-09 13:31:00,19.87,19.88,19.86,19.88,8900,176878.0
000029.SZ,2026-04-09 13:32:00,19.88,19.89,19.87,19.88,6500,129194.0
000029.SZ,2026-04-09 13:33:00,19.88,19.88,19.87,19.87,2100,41739.0
000029.SZ,2026-04-09 13:34:00,19.87,19.87,19.87,19.87,5800,115246.0
000029.SZ,2026-04-09 13:35:00,19.88,19.88,19.87,19.87,3800,75525.0
000029.SZ,2026-04-09 13:36:00,19.87,19.87,19.86,19.87,9800,194702.0
000029.SZ,2026-04-09 13:37:00,19.87,19.88,19.85,19.86,29800,591860.0
000029.SZ,2026-04-09 13:38:00,19.88,19.88,19.86,19.88,31200,619849.0
000029.SZ,2026-04-09 13:39:00,19.87,19.87,19.87,19.87,800,15896.0
000029.SZ,2026-04-09 13:40:00,19.87,19.87,19.87,19.87,8100,160947.0
000029.SZ,2026-04-09 13:41:00,19.86,19.88,19.86,19.86,7100,141034.0
000029.SZ,2026-04-09 13:42:00,19.87,19.87,19.86,19.86,6600,131104.0
000029.SZ,2026-04-09 13:43:00,19.86,19.88,19.8,19.8,146000,2897447.0
000029.SZ,2026-04-09 13:44:00,19.81,19.83,19.81,19.81,10600,210091.0
000029.SZ,2026-04-09 13:45:00,19.82,19.82,19.82,19.82,1600,31712.0
000029.SZ,2026-04-09 13:46:00,19.83,19.83,19.82,19.82,1900,37663.0
000029.SZ,2026-04-09 13:47:00,19.83,19.84,19.82,19.82,6000,118939.0
000029.SZ,2026-04-09 13:48:00,19.83,19.83,19.81,19.82,20700,410292.0
000029.SZ,2026-04-09 13:49:00,19.82,19.82,19.81,19.81,7200,142683.0
000029.SZ,2026-04-09 13:50:00,19.84,19.91,19.83,19.91,70200,1394508.0
000029.SZ,2026-04-09 13:51:00,19.87,19.88,19.87,19.88,3300,65592.0
000029.SZ,2026-04-09 13:52:00,19.91,19.93,19.89,19.93,14100,280758.0
000029.SZ,2026-04-09 13:53:00,19.93,19.93,19.92,19.92,3800,75700.0
000029.SZ,2026-04-09 13:54:00,19.9,19.97,19.9,19.95,20200,402893.0
000029.SZ,2026-04-09 13:55:00,19.95,20.0,19.95,20.0,22000,439758.0
000029.SZ,2026-04-09 13:56:00,20.03,20.03,20.02,20.02,31800,636554.0
000029.SZ,2026-04-09 13:57:00,20.02,20.02,20.0,20.01,9300,186133.0
000029.SZ,2026-04-09 13:58:00,20.0,20.03,20.0,20.02,14600,292280.0
000029.SZ,2026-04-09 13:59:00,20.02,20.03,20.02,20.02,5600,112127.0
000029.SZ,2026-04-09 14:00:00,20.02,20.03,20.02,20.02,5200,104131.0
000029.SZ,2026-04-09 14:01:00,20.02,20.03,20.01,20.01,3700,74065.0
000029.SZ,2026-04-09 14:02:00,20.02,20.04,20.01,20.02,16800,336388.0
000029.SZ,2026-04-09 14:03:00,20.03,20.04,20.03,20.04,1100,22043.0
000029.SZ,2026-04-09 14:04:00,20.02,20.02,20.01,20.01,4700,94051.0
000029.SZ,2026-04-09 14:05:00,20.0,20.01,19.98,19.98,2100,41982.0
000029.SZ,2026-04-09 14:06:00,19.98,19.98,19.98,19.98,3200,63937.0
000029.SZ,2026-04-09 14:07:00,20.01,20.01,19.99,19.99,400,7997.0
000029.SZ,2026-04-09 14:08:00,19.99,19.99,19.98,19.98,3792,75794.16
000029.SZ,2026-04-09 14:09:00,20.01,20.01,19.98,19.98,2800,55954.0
000029.SZ,2026-04-09 14:10:00,19.98,19.98,19.98,19.98,2100,41958.0
000029.SZ,2026-04-09 14:11:00,19.99,19.99,19.98,19.98,1200,23978.0
000029.SZ,2026-04-09 14:12:00,19.98,19.99,19.98,19.99,6700,133867.0
000029.SZ,2026-04-09 14:13:00,19.96,20.0,19.96,19.99,4700,93964.16
000029.SZ,2026-04-09 14:14:00,19.98,19.98,19.97,19.97,3100,61935.0
000029.SZ,2026-04-09 14:15:00,19.97,19.98,19.97,19.97,2400,47939.0
000029.SZ,2026-04-09 14:16:00,19.97,19.98,19.97,19.98,2000,39951.0
000029.SZ,2026-04-09 14:17:00,19.98,19.98,19.97,19.97,3000,59939.0
000029.SZ,2026-04-09 14:18:00,19.97,19.97,19.97,19.97,500,9985.0
000029.SZ,2026-04-09 14:19:00,19.96,19.97,19.95,19.96,9400,187633.0
000029.SZ,2026-04-09 14:20:00,19.97,19.97,19.95,19.95,5100,101784.0
000029.SZ,2026-04-09 14:21:00,19.96,19.98,19.96,19.96,22300,444747.0
000029.SZ,2026-04-09 14:22:00,19.97,19.98,19.97,19.97,400,7990.0
000029.SZ,2026-04-09 14:23:00,19.98,19.98,19.97,19.98,2700,53941.0
000029.SZ,2026-04-09 14:24:00,19.98,20.01,19.98,20.01,16600,331960.0
000029.SZ,2026-04-09 14:25:00,20.01,20.01,20.01,20.01,1000,20010.0
000029.SZ,2026-04-09 14:26:00,20.02,20.02,20.02,20.02,3300,66066.0
000029.SZ,2026-04-09 14:27:00,20.02,20.02,20.0,20.01,7200,144031.0
000029.SZ,2026-04-09 14:28:00,20.0,20.0,19.99,19.99,2600,51999.0
000029.SZ,2026-04-09 14:29:00,19.99,19.99,19.97,19.97,6500,129975.0
000029.SZ,2026-04-09 14:30:00,20.01,20.01,19.99,20.01,2600,51995.0
000029.SZ,2026-04-09 14:31:00,20.0,20.0,19.97,19.98,9200,183810.0
000029.SZ,2026-04-09 14:32:00,19.97,19.99,19.97,19.99,3700,73922.0
000029.SZ,2026-04-09 14:33:00,19.99,19.99,19.98,19.98,12600,251851.0
000029.SZ,2026-04-09 14:34:00,19.98,19.98,19.98,19.98,4100,81918.0
000029.SZ,2026-04-09 14:35:00,20.0,20.01,19.99,20.01,24600,491902.0
000029.SZ,2026-04-09 14:36:00,20.01,20.01,19.99,19.99,4500,90001.0
000029.SZ,2026-04-09 14:37:00,19.99,20.02,19.98,20.02,13200,264001.0
000029.SZ,2026-04-09 14:38:00,20.01,20.02,20.01,20.02,10000,200167.0
000029.SZ,2026-04-09 14:39:00,20.02,20.02,20.02,20.02,10068,201558.36
000029.SZ,2026-04-09 14:40:00,20.03,20.04,20.02,20.02,25900,518721.0
000029.SZ,2026-04-09 14:41:00,20.02,20.02,20.0,20.0,5700,114077.0
000029.SZ,2026-04-09 14:42:00,20.0,20.0,19.99,19.99,1300,25996.0
000029.SZ,2026-04-09 14:43:00,20.0,20.01,19.99,20.01,5200,104020.0
000029.SZ,2026-04-09 14:44:00,20.0,20.01,19.99,20.0,4300,86009.0
000029.SZ,2026-04-09 14:45:00,20.0,20.01,19.99,20.01,10900,217990.0
000029.SZ,2026-04-09 14:46:00,20.02,20.03,20.01,20.01,13900,278259.0
000029.SZ,2026-04-09 14:47:00,20.02,20.03,20.01,20.02,22400,448551.0
000029.SZ,2026-04-09 14:48:00,20.02,20.06,20.02,20.06,53000,1062303.0
000029.SZ,2026-04-09 14:49:00,20.06,20.07,20.04,20.05,19500,391092.0
000029.SZ,2026-04-09 14:50:00,20.06,20.08,20.05,20.07,17700,355184.0
000029.SZ,2026-04-09 14:51:00,20.07,20.09,20.05,20.08,44600,895415.0
000029.SZ,2026-04-09 14:52:00,20.06,20.08,20.05,20.06,243100,4878085.0
000029.SZ,2026-04-09 14:53:00,20.03,20.05,20.03,20.05,3400,68125.0
000029.SZ,2026-04-09 14:54:00,20.05,20.05,20.03,20.04,6800,136269.0
000029.SZ,2026-04-09 14:55:00,20.05,20.09,20.03,20.03,34200,686194.0
000029.SZ,2026-04-09 14:56:00,20.03,20.06,20.03,20.03,16400,328758.0
000029.SZ,2026-04-09 14:57:00,20.03,20.05,20.03,20.03,10400,208334.0
000029.SZ,2026-04-09 14:58:00,20.03,20.03,20.03,20.03,0,0.0
000029.SZ,2026-04-09 14:59:00,20.03,20.03,20.03,20.03,0,0.0
000029.SZ,2026-04-09 15:00:00,20.01,20.01,20.01,20.01,41300,826413.0
000029.SZ,2026-04-10 09:30:00,20.2,20.2,20.19,20.2,20300,410059.0
000029.SZ,2026-04-10 09:31:00,20.2,20.2,20.04,20.18,34400,693562.0
000029.SZ,2026-04-10 09:32:00,20.17,20.35,20.16,20.27,102200,2069117.0
000029.SZ,2026-04-10 09:33:00,20.28,20.39,20.28,20.32,34400,699601.0
000029.SZ,2026-04-10 09:34:00,20.33,20.33,20.25,20.25,32600,661673.0
000029.SZ,2026-04-10 09:35:00,20.27,20.31,20.26,20.28,39500,800913.0
000029.SZ,2026-04-10 09:36:00,20.28,20.28,20.22,20.23,6600,133661.0
000029.SZ,2026-04-10 09:37:00,20.22,20.25,20.21,20.25,7700,155778.0
000029.SZ,2026-04-10 09:38:00,20.23,20.24,20.22,20.23,8200,165940.0
000029.SZ,2026-04-10 09:39:00,20.22,20.23,20.2,20.2,52700,1065185.0
000029.SZ,2026-04-10 09:40:00,20.17,20.32,20.14,20.31,184500,3731787.0
000029.SZ,2026-04-10 09:41:00,20.36,20.36,20.31,20.33,49700,1010749.0
000029.SZ,2026-04-10 09:42:00,20.33,20.38,20.31,20.38,40500,824379.0
000029.SZ,2026-04-10 09:43:00,20.43,20.43,20.39,20.39,37600,766693.0
000029.SZ,2026-04-10 09:44:00,20.36,20.41,20.36,20.41,22200,452770.0
000029.SZ,2026-04-10 09:45:00,20.41,20.41,20.4,20.4,37400,763126.0
000029.SZ,2026-04-10 09:46:00,20.39,20.39,20.36,20.39,7400,150801.0
000029.SZ,2026-04-10 09:47:00,20.38,20.4,20.38,20.39,8100,165150.0
000029.SZ,2026-04-10 09:48:00,20.39,20.4,20.39,20.39,5900,120312.0
000029.SZ,2026-04-10 09:49:00,20.39,20.41,20.38,20.41,27400,558486.0
000029.SZ,2026-04-10 09:50:00,20.4,20.4,20.38,20.38,6400,130513.0
000029.SZ,2026-04-10 09:51:00,20.37,20.39,20.35,20.35,2500,50922.0
000029.SZ,2026-04-10 09:52:00,20.35,20.35,20.33,20.33,4300,87457.0
000029.SZ,2026-04-10 09:53:00,20.32,20.37,20.32,20.37,14300,290898.0
000029.SZ,2026-04-10 09:54:00,20.39,20.42,20.37,20.42,75900,1548372.0
000029.SZ,2026-04-10 09:55:00,20.43,20.44,20.42,20.43,17000,347328.0
000029.SZ,2026-04-10 09:56:00,20.44,20.44,20.42,20.42,3900,79639.0
000029.SZ,2026-04-10 09:57:00,20.41,20.43,20.41,20.41,12100,247070.0
000029.SZ,2026-04-10 09:58:00,20.43,20.51,20.43,20.5,215800,4415199.0
000029.SZ,2026-04-10 09:59:00,20.51,20.54,20.51,20.53,30300,621882.0
000029.SZ,2026-04-10 10:00:00,20.52,20.52,20.48,20.49,21200,434585.0
000029.SZ,2026-04-10 10:01:00,20.48,20.5,20.43,20.43,4300,87978.0
000029.SZ,2026-04-10 10:02:00,20.45,20.45,20.42,20.42,4200,85829.0
000029.SZ,2026-04-10 10:03:00,20.42,20.43,20.42,20.43,7100,145075.0
000029.SZ,2026-04-10 10:04:00,20.43,20.44,20.42,20.42,10100,206377.0
000029.SZ,2026-04-10 10:05:00,20.44,20.44,20.4,20.4,23500,480052.0
000029.SZ,2026-04-10 10:06:00,20.4,20.41,20.39,20.39,13700,279511.0
000029.SZ,2026-04-10 10:07:00,20.39,20.4,20.39,20.39,3200,65255.0
000029.SZ,2026-04-10 10:08:00,20.39,20.4,20.37,20.39,39000,795354.0
000029.SZ,2026-04-10 10:09:00,20.4,20.43,20.4,20.43,8100,165235.0
000029.SZ,2026-04-10 10:10:00,20.4,20.4,20.38,20.38,10400,211984.0
000029.SZ,2026-04-10 10:11:00,20.37,20.37,20.36,20.36,2100,42770.0
000029.SZ,2026-04-10 10:12:00,20.35,20.35,20.31,20.31,34000,691492.0
000029.SZ,2026-04-10 10:13:00,20.31,20.32,20.29,20.32,20400,414141.0
000029.SZ,2026-04-10 10:14:00,20.31,20.31,20.29,20.29,13100,266024.0
000029.SZ,2026-04-10 10:15:00,20.3,20.33,20.3,20.33,4400,89371.0
000029.SZ,2026-04-10 10:16:00,20.34,20.34,20.33,20.34,5900,119957.0
000029.SZ,2026-04-10 10:17:00,20.35,20.35,20.34,20.34,1200,24415.0
000029.SZ,2026-04-10 10:18:00,20.35,20.36,20.35,20.35,6000,122113.0
000029.SZ,2026-04-10 10:19:00,20.34,20.34,20.32,20.32,12600,256282.0
000029.SZ,2026-04-10 10:20:00,20.32,20.35,20.32,20.34,2000,40682.0
000029.SZ,2026-04-10 10:21:00,20.35,20.38,20.35,20.37,33500,681804.0
000029.SZ,2026-04-10 10:22:00,20.37,20.37,20.35,20.36,4000,81426.0
000029.SZ,2026-04-10 10:23:00,20.36,20.38,20.36,20.38,5600,114069.0
000029.SZ,2026-04-10 10:24:00,20.38,20.39,20.37,20.39,1700,34651.0
000029.SZ,2026-04-10 10:25:00,20.37,20.37,20.37,20.37,1300,26481.0
000029.SZ,2026-04-10 10:26:00,20.37,20.37,20.35,20.35,1300,26461.0
000029.SZ,2026-04-10 10:27:00,20.35,20.36,20.35,20.36,1500,30534.0
000029.SZ,2026-04-10 10:28:00,20.36,20.38,20.36,20.37,10800,219993.0
000029.SZ,2026-04-10 10:29:00,20.38,20.38,20.37,20.37,3400,69288.0
000029.SZ,2026-04-10 10:30:00,20.39,20.4,20.38,20.38,5700,116217.0
000029.SZ,2026-04-10 10:31:00,20.4,20.41,20.38,20.41,6300,128524.0
000029.SZ,2026-04-10 10:32:00,20.41,20.41,20.4,20.4,2400,48965.0
000029.SZ,2026-04-10 10:33:00,20.39,20.39,20.39,20.39,1300,26510.0
000029.SZ,2026-04-10 10:34:00,20.38,20.39,20.38,20.39,30700,625699.0
000029.SZ,2026-04-10 10:35:00,20.4,20.4,20.39,20.39,3600,73423.0
000029.SZ,2026-04-10 10:36:00,20.4,20.44,20.4,20.44,40600,828648.0
000029.SZ,2026-04-10 10:37:00,20.43,20.43,20.41,20.41,1400,28587.0
000029.SZ,2026-04-10 10:38:00,20.41,20.41,20.41,20.41,19700,402077.0
000029.SZ,2026-04-10 10:39:00,20.41,20.41,20.41,20.41,1200,24492.0
000029.SZ,2026-04-10 10:40:00,20.41,20.41,20.41,20.41,0,0.0
000029.SZ,2026-04-10 10:41:00,20.42,20.42,20.4,20.4,20200,412242.0
000029.SZ,2026-04-10 10:42:00,20.39,20.39,20.37,20.38,11000,224102.0
000029.SZ,2026-04-10 10:43:00,20.38,20.4,20.38,20.38,2100,42822.0
000029.SZ,2026-04-10 10:44:00,20.39,20.39,20.39,20.39,300,6117.0
000029.SZ,2026-04-10 10:45:00,20.39,20.39,20.38,20.38,2900,59130.0
000029.SZ,2026-04-10 10:46:00,20.39,20.4,20.38,20.39,6700,136613.0
000029.SZ,2026-04-10 10:47:00,20.39,20.43,20.39,20.42,18000,367538.0
000029.SZ,2026-04-10 10:48:00,20.41,20.41,20.41,20.41,900,18369.0
000029.SZ,2026-04-10 10:49:00,20.41,20.41,20.41,20.41,8100,165321.0
000029.SZ,2026-04-10 10:50:00,20.42,20.42,20.42,20.42,4400,89838.0
000029.SZ,2026-04-10 10:51:00,20.43,20.43,20.42,20.42,2200,44929.0
000029.SZ,2026-04-10 10:52:00,20.42,20.43,20.42,20.42,1300,26555.0
000029.SZ,2026-04-10 10:53:00,20.43,20.43,20.42,20.42,1500,30639.0
000029.SZ,2026-04-10 10:54:00,20.43,20.43,20.41,20.41,2300,46960.0
000029.SZ,2026-04-10 10:55:00,20.41,20.41,20.41,20.41,4000,81644.0
000029.SZ,2026-04-10 10:56:00,20.41,20.41,20.4,20.4,2000,40808.0
000029.SZ,2026-04-10 10:57:00,20.4,20.43,20.4,20.42,13500,275587.0
000029.SZ,2026-04-10 10:58:00,20.43,20.43,20.42,20.42,2800,57190.0
000029.SZ,2026-04-10 10:59:00,20.43,20.43,20.42,20.42,2100,42897.0
000029.SZ,2026-04-10 11:00:00,20.43,20.43,20.42,20.43,11900,243110.0
000029.SZ,2026-04-10 11:01:00,20.45,20.45,20.42,20.44,7700,157355.0
000029.SZ,2026-04-10 11:02:00,20.44,20.44,20.42,20.42,3600,73553.0
000029.SZ,2026-04-10 11:03:00,20.43,20.43,20.41,20.41,5600,114323.0
000029.SZ,2026-04-10 11:04:00,20.41,20.43,20.41,20.43,22300,455180.0
000029.SZ,2026-04-10 11:05:00,20.41,20.41,20.4,20.4,4700,95928.0
000029.SZ,2026-04-10 11:06:00,20.4,20.4,20.4,20.4,5300,108120.0
000029.SZ,2026-04-10 11:07:00,20.4,20.42,20.4,20.4,3600,73467.0
000029.SZ,2026-04-10 11:08:00,20.41,20.44,20.41,20.42,12600,257291.0
000029.SZ,2026-04-10 11:09:00,20.43,20.44,20.43,20.44,2900,59262.0
000029.SZ,2026-04-10 11:10:00,20.44,20.44,20.42,20.42,3400,69438.0
000029.SZ,2026-04-10 11:11:00,20.41,20.43,20.4,20.42,3500,71469.0
000029.SZ,2026-04-10 11:12:00,20.42,20.42,20.4,20.41,4300,87745.0
000029.SZ,2026-04-10 11:13:00,20.42,20.42,20.41,20.41,700,14289.0
000029.SZ,2026-04-10 11:14:00,20.42,20.42,20.39,20.39,2300,46920.0
000029.SZ,2026-04-10 11:15:00,20.4,20.4,20.39,20.39,400,8158.0
000029.SZ,2026-04-10 11:16:00,20.39,20.39,20.38,20.38,800,16309.0
000029.SZ,2026-04-10 11:17:00,20.38,20.38,20.38,20.38,100,2038.0
000029.SZ,2026-04-10 11:18:00,20.37,20.37,20.37,20.37,800,16299.0
000029.SZ,2026-04-10 11:19:00,20.37,20.39,20.36,20.37,7200,146661.0
000029.SZ,2026-04-10 11:20:00,20.37,20.38,20.37,20.37,2500,50947.0
000029.SZ,2026-04-10 11:21:00,20.38,20.38,20.37,20.37,1600,32598.0
000029.SZ,2026-04-10 11:22:00,20.39,20.39,20.38,20.38,1400,28544.0
000029.SZ,2026-04-10 11:23:00,20.38,20.38,20.38,20.38,1000,20380.0
000029.SZ,2026-04-10 11:24:00,20.38,20.38,20.37,20.37,1400,28528.0
000029.SZ,2026-04-10 11:25:00,20.37,20.37,20.37,20.37,200,4074.0
000029.SZ,2026-04-10 11:26:00,20.38,20.38,20.38,20.38,400,8152.0
000029.SZ,2026-04-10 11:27:00,20.38,20.38,20.37,20.37,12200,248626.0
000029.SZ,2026-04-10 11:28:00,20.33,20.33,20.33,20.33,28300,576235.0
000029.SZ,2026-04-10 11:29:00,20.32,20.34,20.32,20.33,19900,404693.0
000029.SZ,2026-04-10 11:30:00,20.32,20.34,20.32,20.34,6300,128092.0
000029.SZ,2026-04-10 13:01:00,20.35,20.37,20.34,20.36,9400,191324.0
000029.SZ,2026-04-10 13:02:00,20.37,20.37,20.35,20.36,9700,197474.0
000029.SZ,2026-04-10 13:03:00,20.37,20.37,20.35,20.35,6900,140461.0
000029.SZ,2026-04-10 13:04:00,20.34,20.39,20.34,20.38,37900,771617.0
000029.SZ,2026-04-10 13:05:00,20.39,20.4,20.39,20.4,7800,159056.0
000029.SZ,2026-04-10 13:06:00,20.41,20.41,20.41,20.41,6300,128539.0
000029.SZ,2026-04-10 13:07:00,20.41,20.41,20.41,20.41,1000,20410.0
000029.SZ,2026-04-10 13:08:00,20.41,20.41,20.41,20.41,1800,36738.0
000029.SZ,2026-04-10 13:09:00,20.41,20.41,20.4,20.4,3900,79569.0
000029.SZ,2026-04-10 13:10:00,20.41,20.42,20.39,20.41,23400,477435.0
000029.SZ,2026-04-10 13:11:00,20.42,20.42,20.38,20.38,22200,452972.0
000029.SZ,2026-04-10 13:12:00,20.4,20.4,20.38,20.38,6700,136611.0
000029.SZ,2026-04-10 13:13:00,20.38,20.38,20.37,20.37,300,6113.0
000029.SZ,2026-04-10 13:14:00,20.38,20.39,20.37,20.39,24400,497146.0
000029.SZ,2026-04-10 13:15:00,20.4,20.42,20.4,20.42,14846,302949.4
000029.SZ,2026-04-10 13:16:00,20.43,20.47,20.42,20.42,38000,777090.0
000029.SZ,2026-04-10 13:17:00,20.44,20.44,20.42,20.43,5100,104184.0
000029.SZ,2026-04-10 13:18:00,20.44,20.44,20.44,20.44,1300,26572.0
000029.SZ,2026-04-10 13:19:00,20.44,20.44,20.43,20.44,5000,102168.0
000029.SZ,2026-04-10 13:20:00,20.44,20.45,20.44,20.44,1800,36793.0
000029.SZ,2026-04-10 13:21:00,20.45,20.46,20.45,20.46,4600,94080.0
000029.SZ,2026-04-10 13:22:00,20.46,20.46,20.44,20.44,3200,65442.0
000029.SZ,2026-04-10 13:23:00,20.44,20.45,20.44,20.45,400,8178.0
000029.SZ,2026-04-10 13:24:00,20.44,20.46,20.44,20.46,5300,108421.0
000029.SZ,2026-04-10 13:25:00,20.45,20.45,20.45,20.45,3400,69540.0
000029.SZ,2026-04-10 13:26:00,20.45,20.45,20.45,20.45,1600,32720.0
000029.SZ,2026-04-10 13:27:00,20.44,20.46,20.44,20.46,4400,89971.0
000029.SZ,2026-04-10 13:28:00,20.45,20.45,20.45,20.45,1700,34765.0
000029.SZ,2026-04-10 13:29:00,20.45,20.45,20.44,20.44,900,18399.0
000029.SZ,2026-04-10 13:30:00,20.44,20.44,20.43,20.43,2400,49040.0
000029.SZ,2026-04-10 13:31:00,20.43,20.43,20.42,20.42,9400,192033.0
000029.SZ,2026-04-10 13:32:00,20.42,20.42,20.42,20.42,1700,34714.0
000029.SZ,2026-04-10 13:33:00,20.42,20.42,20.42,20.42,1900,38808.0
000029.SZ,2026-04-10 13:34:00,20.43,20.43,20.42,20.43,1000,20429.0
000029.SZ,2026-04-10 13:35:00,20.43,20.44,20.43,20.43,600,12259.0
000029.SZ,2026-04-10 13:36:00,20.43,20.43,20.4,20.41,8600,175488.0
000029.SZ,2026-04-10 13:37:00,20.43,20.43,20.4,20.4,6100,124516.0
000029.SZ,2026-04-10 13:38:00,20.4,20.4,20.4,20.4,200,4080.0
000029.SZ,2026-04-10 13:39:00,20.4,20.4,20.4,20.4,200,4080.0
000029.SZ,2026-04-10 13:40:00,20.4,20.42,20.4,20.41,2900,59190.0
000029.SZ,2026-04-10 13:41:00,20.41,20.41,20.4,20.4,3100,63269.0
000029.SZ,2026-04-10 13:42:00,20.41,20.41,20.4,20.4,1800,36737.0
000029.SZ,2026-04-10 13:43:00,20.4,20.4,20.4,20.4,3500,71400.0
000029.SZ,2026-04-10 13:44:00,20.4,20.4,20.39,20.39,2300,46909.0
000029.SZ,2026-04-10 13:45:00,20.39,20.4,20.39,20.4,400,8158.0
000029.SZ,2026-04-10 13:46:00,20.4,20.42,20.4,20.42,15600,318331.0
000029.SZ,2026-04-10 13:47:00,20.41,20.41,20.4,20.41,9800,199960.0
000029.SZ,2026-04-10 13:48:00,20.4,20.4,20.4,20.4,1300,26520.0
000029.SZ,2026-04-10 13:49:00,20.4,20.44,20.4,20.44,19900,406340.0
000029.SZ,2026-04-10 13:50:00,20.44,20.47,20.44,20.47,29700,607569.0
000029.SZ,2026-04-10 13:51:00,20.47,20.54,20.47,20.53,100700,2064843.0
000029.SZ,2026-04-10 13:52:00,20.54,20.54,20.51,20.51,20300,416700.0
000029.SZ,2026-04-10 13:53:00,20.5,20.51,20.5,20.51,12900,264561.0
000029.SZ,2026-04-10 13:54:00,20.54,20.55,20.53,20.53,31200,640538.0
000029.SZ,2026-04-10 13:55:00,20.53,20.54,20.52,20.52,6800,139632.0
000029.SZ,2026-04-10 13:56:00,20.54,20.55,20.53,20.55,20400,419108.0
000029.SZ,2026-04-10 13:57:00,20.55,20.55,20.54,20.55,5700,117108.0
000029.SZ,2026-04-10 13:58:00,20.54,20.55,20.54,20.54,8500,174591.0
000029.SZ,2026-04-10 13:59:00,20.54,20.54,20.53,20.54,2100,43132.0
000029.SZ,2026-04-10 14:00:00,20.54,20.54,20.53,20.53,1600,32857.0
000029.SZ,2026-04-10 14:01:00,20.53,20.55,20.53,20.55,21700,445552.0
000029.SZ,2026-04-10 14:02:00,20.55,20.56,20.55,20.55,41400,850886.0
000029.SZ,2026-04-10 14:03:00,20.55,20.55,20.53,20.53,3200,65725.0
000029.SZ,2026-04-10 14:04:00,20.53,20.54,20.52,20.52,12100,248403.0
000029.SZ,2026-04-10 14:05:00,20.53,20.53,20.52,20.52,3600,73874.0
000029.SZ,2026-04-10 14:06:00,20.52,20.52,20.51,20.51,19200,393976.0
000029.SZ,2026-04-10 14:07:00,20.54,20.55,20.53,20.55,5900,121167.0
000029.SZ,2026-04-10 14:08:00,20.55,20.55,20.53,20.53,2700,55462.0
000029.SZ,2026-04-10 14:09:00,20.55,20.55,20.53,20.55,1400,28760.0
000029.SZ,2026-04-10 14:10:00,20.54,20.55,20.53,20.55,5900,121203.0
000029.SZ,2026-04-10 14:11:00,20.55,20.55,20.54,20.54,12400,254808.0
000029.SZ,2026-04-10 14:12:00,20.54,20.55,20.53,20.53,8400,172545.0
000029.SZ,2026-04-10 14:13:00,20.54,20.57,20.54,20.56,17500,359756.0
000029.SZ,2026-04-10 14:14:00,20.57,20.62,20.55,20.57,80200,1651256.0
000029.SZ,2026-04-10 14:15:00,20.58,20.58,20.56,20.56,11400,234563.0
000029.SZ,2026-04-10 14:16:00,20.56,20.56,20.55,20.55,5500,113071.0
000029.SZ,2026-04-10 14:17:00,20.57,20.57,20.54,20.54,3200,65753.0
000029.SZ,2026-04-10 14:18:00,20.54,20.54,20.53,20.53,6600,135519.0
000029.SZ,2026-04-10 14:19:00,20.52,20.52,20.51,20.52,29400,603315.0
000029.SZ,2026-04-10 14:20:00,20.51,20.51,20.51,20.51,500,10255.0
000029.SZ,2026-04-10 14:21:00,20.51,20.51,20.51,20.51,3000,61530.0
000029.SZ,2026-04-10 14:22:00,20.5,20.51,20.5,20.5,21500,440960.0
000029.SZ,2026-04-10 14:23:00,20.51,20.51,20.5,20.5,3600,73802.0
000029.SZ,2026-04-10 14:24:00,20.5,20.5,20.5,20.5,1000,20500.0
000029.SZ,2026-04-10 14:25:00,20.5,20.52,20.5,20.52,19100,391767.0
000029.SZ,2026-04-10 14:26:00,20.52,20.53,20.52,20.52,2000,41042.0
000029.SZ,2026-04-10 14:27:00,20.53,20.53,20.53,20.53,500,10265.0
000029.SZ,2026-04-10 14:28:00,20.52,20.53,20.52,20.53,500,10263.0
000029.SZ,2026-04-10 14:29:00,20.52,20.52,20.51,20.52,10300,211344.0
000029.SZ,2026-04-10 14:30:00,20.53,20.53,20.5,20.5,23100,473765.0
000029.SZ,2026-04-10 14:31:00,20.48,20.48,20.47,20.48,61500,1259964.0
000029.SZ,2026-04-10 14:32:00,20.46,20.48,20.46,20.47,26600,544435.0
000029.SZ,2026-04-10 14:33:00,20.47,20.47,20.45,20.45,6500,132968.0
000029.SZ,2026-04-10 14:34:00,20.45,20.46,20.45,20.45,2100,42958.0
000029.SZ,2026-04-10 14:35:00,20.46,20.46,20.45,20.46,4100,83885.0
000029.SZ,2026-04-10 14:36:00,20.46,20.46,20.45,20.45,18300,374264.0
000029.SZ,2026-04-10 14:37:00,20.45,20.46,20.45,20.45,4600,94092.0
000029.SZ,2026-04-10 14:38:00,20.45,20.46,20.45,20.45,9800,200413.0
000029.SZ,2026-04-10 14:39:00,20.45,20.46,20.45,20.46,2400,49098.0
000029.SZ,2026-04-10 14:40:00,20.46,20.46,20.45,20.46,9000,184110.0
000029.SZ,2026-04-10 14:41:00,20.44,20.46,20.44,20.46,10600,216773.0
000029.SZ,2026-04-10 14:42:00,20.46,20.47,20.46,20.47,18500,378613.0
000029.SZ,2026-04-10 14:43:00,20.46,20.47,20.46,20.46,27600,564966.0
000029.SZ,2026-04-10 14:44:00,20.47,20.47,20.46,20.46,5700,116668.0
000029.SZ,2026-04-10 14:45:00,20.46,20.48,20.46,20.48,7400,151485.0
000029.SZ,2026-04-10 14:46:00,20.45,20.47,20.45,20.46,17500,358008.0
000029.SZ,2026-04-10 14:47:00,20.45,20.47,20.45,20.46,14000,286422.0
000029.SZ,2026-04-10 14:48:00,20.45,20.45,20.45,20.45,18200,372189.0
000029.SZ,2026-04-10 14:49:00,20.44,20.45,20.43,20.43,14600,298430.0
000029.SZ,2026-04-10 14:50:00,20.43,20.44,20.43,20.44,8308,169744.44
000029.SZ,2026-04-10 14:51:00,20.43,20.44,20.42,20.42,15192,310380.56
000029.SZ,2026-04-10 14:52:00,20.42,20.43,20.41,20.42,32800,669767.0
000029.SZ,2026-04-10 14:53:00,20.41,20.42,20.4,20.4,7000,142851.0
000029.SZ,2026-04-10 14:54:00,20.41,20.41,20.38,20.39,46400,946245.0
000029.SZ,2026-04-10 14:55:00,20.38,20.39,20.38,20.38,46400,945640.0
000029.SZ,2026-04-10 14:56:00,20.38,20.39,20.38,20.38,19300,393396.0
000029.SZ,2026-04-10 14:57:00,20.39,20.39,20.34,20.37,53800,1095488.0
000029.SZ,2026-04-10 14:58:00,20.37,20.37,20.37,20.37,0,0.0
000029.SZ,2026-04-10 14:59:00,20.37,20.37,20.37,20.37,0,0.0
000029.SZ,2026-04-10 15:00:00,20.37,20.37,20.37,20.37,43900,894243.0
000029.SZ,2026-04-13 09:30:00,20.3,20.3,20.18,20.3,38100,772863.0
000029.SZ,2026-04-13 09:31:00,20.34,20.54,20.34,20.46,119500,2438830.0
000029.SZ,2026-04-13 09:32:00,20.5,20.55,20.4,20.4,49900,1022049.0
000029.SZ,2026-04-13 09:33:00,20.4,20.4,20.3,20.33,48600,988392.0
000029.SZ,2026-04-13 09:34:00,20.35,20.35,20.16,20.22,144700,2933567.0
000029.SZ,2026-04-13 09:35:00,20.26,20.26,20.18,20.2,31300,632700.0
000029.SZ,2026-04-13 09:36:00,20.19,20.19,20.1,20.16,96600,1944678.0
000029.SZ,2026-04-13 09:37:00,20.14,20.23,20.14,20.19,47100,950350.0
000029.SZ,2026-04-13 09:38:00,20.19,20.19,20.17,20.18,28800,581138.0
000029.SZ,2026-04-13 09:39:00,20.17,20.17,20.15,20.15,9300,187451.0
000029.SZ,2026-04-13 09:40:00,20.16,20.16,20.11,20.15,44600,898052.0
000029.SZ,2026-04-13 09:41:00,20.14,20.22,20.14,20.2,55400,1118590.0
000029.SZ,2026-04-13 09:42:00,20.21,20.24,20.2,20.24,20900,422631.0
000029.SZ,2026-04-13 09:43:00,20.26,20.34,20.26,20.33,18000,365521.0
000029.SZ,2026-04-13 09:44:00,20.32,20.32,20.29,20.32,9100,184720.0
000029.SZ,2026-04-13 09:45:00,20.29,20.31,20.29,20.31,3600,73079.0
000029.SZ,2026-04-13 09:46:00,20.32,20.37,20.32,20.35,48000,977710.0
000029.SZ,2026-04-13 09:47:00,20.35,20.35,20.3,20.3,12300,249883.0
000029.SZ,2026-04-13 09:48:00,20.3,20.31,20.23,20.24,18900,383043.0
000029.SZ,2026-04-13 09:49:00,20.22,20.34,20.22,20.34,17400,352613.0
000029.SZ,2026-04-13 09:50:00,20.34,20.34,20.29,20.31,12400,251802.0
000029.SZ,2026-04-13 09:51:00,20.3,20.34,20.29,20.31,20700,420412.0
000029.SZ,2026-04-13 09:52:00,20.32,20.33,20.31,20.31,5100,103608.0
000029.SZ,2026-04-13 09:53:00,20.3,20.34,20.3,20.31,24700,501725.0
000029.SZ,2026-04-13 09:54:00,20.3,20.31,20.26,20.26,28800,584220.0
000029.SZ,2026-04-13 09:55:00,20.27,20.29,20.26,20.26,9500,192642.0
000029.SZ,2026-04-13 09:56:00,20.23,20.27,20.2,20.27,50600,1023714.0
000029.SZ,2026-04-13 09:57:00,20.27,20.27,20.24,20.26,3400,68835.0
000029.SZ,2026-04-13 09:58:00,20.26,20.26,20.24,20.25,5500,111377.0
000029.SZ,2026-04-13 09:59:00,20.22,20.26,20.22,20.24,14500,293392.0
000029.SZ,2026-04-13 10:00:00,20.24,20.29,20.24,20.29,6100,123671.0
000029.SZ,2026-04-13 10:01:00,20.26,20.3,20.25,20.3,6800,137859.0
000029.SZ,2026-04-13 10:02:00,20.31,20.32,20.29,20.31,11900,241642.0
000029.SZ,2026-04-13 10:03:00,20.3,20.31,20.3,20.31,2200,44663.0
000029.SZ,2026-04-13 10:04:00,20.3,20.33,20.3,20.33,11400,231465.0
000029.SZ,2026-04-13 10:05:00,20.3,20.3,20.29,20.29,900,18268.0
000029.SZ,2026-04-13 10:06:00,20.29,20.29,20.29,20.29,3200,64928.0
000029.SZ,2026-04-13 10:07:00,20.28,20.28,20.27,20.27,6200,125727.0
000029.SZ,2026-04-13 10:08:00,20.27,20.27,20.26,20.26,10200,206719.0
000029.SZ,2026-04-13 10:09:00,20.27,20.28,20.27,20.28,900,18248.0
000029.SZ,2026-04-13 10:10:00,20.29,20.3,20.29,20.3,3100,62901.0
000029.SZ,2026-04-13 10:11:00,20.3,20.3,20.28,20.28,6400,129856.0
000029.SZ,2026-04-13 10:12:00,20.28,20.28,20.25,20.25,8600,174285.0
000029.SZ,2026-04-13 10:13:00,20.25,20.25,20.21,20.21,19300,390507.0
000029.SZ,2026-04-13 10:14:00,20.21,20.22,20.2,20.21,6200,125294.0
000029.SZ,2026-04-13 10:15:00,20.21,20.21,20.18,20.19,20900,422144.0
000029.SZ,2026-04-13 10:16:00,20.19,20.19,20.17,20.19,7600,153408.0
000029.SZ,2026-04-13 10:17:00,20.17,20.2,20.16,20.16,13200,266340.0
000029.SZ,2026-04-13 10:18:00,20.19,20.19,20.1,20.11,109700,2207650.0
000029.SZ,2026-04-13 10:19:00,20.11,20.11,20.03,20.07,50200,1008390.0
000029.SZ,2026-04-13 10:20:00,20.07,20.1,20.07,20.1,13600,273237.0
000029.SZ,2026-04-13 10:21:00,20.09,20.14,20.09,20.14,18000,361964.0
000029.SZ,2026-04-13 10:22:00,20.14,20.14,20.12,20.13,5700,114766.0
000029.SZ,2026-04-13 10:23:00,20.13,20.13,20.1,20.1,23000,462555.0
000029.SZ,2026-04-13 10:24:00,20.1,20.11,20.1,20.11,6700,134681.0
000029.SZ,2026-04-13 10:25:00,20.13,20.13,20.12,20.12,1200,24156.0
000029.SZ,2026-04-13 10:26:00,20.11,20.14,20.11,20.14,1100,22135.0
000029.SZ,2026-04-13 10:27:00,20.14,20.15,20.12,20.15,1600,32218.0
000029.SZ,2026-04-13 10:28:00,20.15,20.15,20.14,20.14,5200,104769.0
000029.SZ,2026-04-13 10:29:00,20.14,20.15,20.13,20.13,3300,66484.0
000029.SZ,2026-04-13 10:30:00,20.13,20.15,20.13,20.13,3900,78516.0
000029.SZ,2026-04-13 10:31:00,20.16,20.16,20.15,20.15,1900,38286.0
000029.SZ,2026-04-13 10:32:00,20.16,20.16,20.14,20.14,2900,58436.0
000029.SZ,2026-04-13 10:33:00,20.14,20.14,20.13,20.13,7500,151014.0
000029.SZ,2026-04-13 10:34:00,20.12,20.13,20.12,20.13,500,10063.0
000029.SZ,2026-04-13 10:35:00,20.12,20.13,20.09,20.09,28500,573205.0
000029.SZ,2026-04-13 10:36:00,20.09,20.12,20.09,20.11,16000,321725.0
000029.SZ,2026-04-13 10:37:00,20.17,20.2,20.17,20.2,29400,592587.0
000029.SZ,2026-04-13 10:38:00,20.2,20.2,20.16,20.16,11900,239943.0
000029.SZ,2026-04-13 10:39:00,20.17,20.17,20.11,20.14,147100,2958685.0
000029.SZ,2026-04-13 10:40:00,20.14,20.14,20.09,20.1,36400,731894.0
000029.SZ,2026-04-13 10:41:00,20.09,20.14,20.09,20.11,6700,134678.0
000029.SZ,2026-04-13 10:42:00,20.11,20.14,20.1,20.14,4700,94531.0
000029.SZ,2026-04-13 10:43:00,20.16,20.16,20.13,20.13,5600,112791.0
000029.SZ,2026-04-13 10:44:00,20.13,20.17,20.13,20.17,22200,447175.0
000029.SZ,2026-04-13 10:45:00,20.18,20.18,20.18,20.18,2000,40357.0
000029.SZ,2026-04-13 10:46:00,20.19,20.19,20.15,20.15,35800,721665.0
000029.SZ,2026-04-13 10:47:00,20.16,20.22,20.15,20.22,60900,1229426.0
000029.SZ,2026-04-13 10:48:00,20.18,20.18,20.18,20.18,300,6054.0
000029.SZ,2026-04-13 10:49:00,20.18,20.18,20.18,20.18,200,4036.0
000029.SZ,2026-04-13 10:50:00,20.18,20.18,20.16,20.16,1200,24198.0
000029.SZ,2026-04-13 10:51:00,20.17,20.17,20.17,20.17,2200,44374.0
000029.SZ,2026-04-13 10:52:00,20.16,20.18,20.16,20.18,3300,66582.0
000029.SZ,2026-04-13 10:53:00,20.18,20.18,20.17,20.17,1500,30260.0
000029.SZ,2026-04-13 10:54:00,20.17,20.18,20.17,20.17,7900,159438.0
000029.SZ,2026-04-13 10:55:00,20.18,20.18,20.18,20.18,300,6054.0
000029.SZ,2026-04-13 10:56:00,20.19,20.19,20.19,20.19,200,4038.0
000029.SZ,2026-04-13 10:57:00,20.19,20.19,20.19,20.19,800,16152.0
000029.SZ,2026-04-13 10:58:00,20.19,20.21,20.19,20.21,9000,181813.0
000029.SZ,2026-04-13 10:59:00,20.22,20.23,20.22,20.23,8900,180005.0
000029.SZ,2026-04-13 11:00:00,20.23,20.24,20.22,20.22,7900,159835.0
000029.SZ,2026-04-13 11:01:00,20.22,20.24,20.22,20.22,20000,404741.0
000029.SZ,2026-04-13 11:02:00,20.21,20.21,20.19,20.19,3200,64649.0
000029.SZ,2026-04-13 11:03:00,20.2,20.21,20.2,20.21,1600,32331.0
000029.SZ,2026-04-13 11:04:00,20.2,20.21,20.2,20.2,1100,22225.0
000029.SZ,2026-04-13 11:05:00,20.22,20.22,20.18,20.19,14000,282684.0
000029.SZ,2026-04-13 11:06:00,20.19,20.19,20.19,20.19,200,4038.0
000029.SZ,2026-04-13 11:07:00,20.19,20.19,20.19,20.19,400,8076.0
000029.SZ,2026-04-13 11:08:00,20.18,20.2,20.18,20.2,2200,44412.0
000029.SZ,2026-04-13 11:09:00,20.17,20.18,20.15,20.17,46200,931637.0
000029.SZ,2026-04-13 11:10:00,20.16,20.16,20.16,20.16,400,8064.0
000029.SZ,2026-04-13 11:11:00,20.15,20.15,20.15,20.15,100,2015.0
000029.SZ,2026-04-13 11:12:00,20.15,20.16,20.15,20.16,1800,36281.0
000029.SZ,2026-04-13 11:13:00,20.16,20.17,20.14,20.16,12300,247801.0
000029.SZ,2026-04-13 11:14:00,20.15,20.15,20.13,20.13,7000,140978.0
000029.SZ,2026-04-13 11:15:00,20.14,20.14,20.13,20.13,1800,36242.0
000029.SZ,2026-04-13 11:16:00,20.14,20.14,20.13,20.13,3800,76531.0
000029.SZ,2026-04-13 11:17:00,20.14,20.14,20.14,20.14,100,2014.0
000029.SZ,2026-04-13 11:18:00,20.13,20.13,20.13,20.13,100,2013.0
000029.SZ,2026-04-13 11:19:00,20.12,20.14,20.12,20.14,14600,293868.0
000029.SZ,2026-04-13 11:20:00,20.13,20.15,20.13,20.14,3600,72474.0
000029.SZ,2026-04-13 11:21:00,20.15,20.15,20.11,20.11,19000,382223.0
000029.SZ,2026-04-13 11:22:00,20.11,20.11,20.06,20.07,52700,1058452.0
000029.SZ,2026-04-13 11:23:00,20.07,20.07,20.05,20.05,17900,359085.0
000029.SZ,2026-04-13 11:24:00,20.1,20.11,20.08,20.11,1800,36177.0
000029.SZ,2026-04-13 11:25:00,20.12,20.12,20.1,20.1,1500,30156.0
000029.SZ,2026-04-13 11:26:00,20.11,20.11,20.1,20.1,1700,34186.0
000029.SZ,2026-04-13 11:27:00,20.1,20.11,20.1,20.11,3300,66358.0
000029.SZ,2026-04-13 11:28:00,20.11,20.11,20.1,20.11,6900,138757.0
000029.SZ,2026-04-13 11:29:00,20.1,20.1,20.1,20.1,1700,34170.0
000029.SZ,2026-04-13 11:30:00,20.09,20.09,20.09,20.09,5100,102459.0
000029.SZ,2026-04-13 13:01:00,20.09,20.12,20.07,20.12,82300,1653770.0
000029.SZ,2026-04-13 13:02:00,20.11,20.11,20.11,20.11,300,6033.0
000029.SZ,2026-04-13 13:03:00,20.11,20.11,20.09,20.09,1400,28145.0
000029.SZ,2026-04-13 13:04:00,20.1,20.1,20.05,20.05,11400,228827.0
000029.SZ,2026-04-13 13:05:00,20.05,20.05,20.01,20.02,54600,1093529.0
000029.SZ,2026-04-13 13:06:00,20.03,20.03,19.96,19.96,176900,3538267.0
000029.SZ,2026-04-13 13:07:00,19.97,19.97,19.92,19.97,13500,269484.0
000029.SZ,2026-04-13 13:08:00,19.97,19.97,19.95,19.95,13400,267506.0
000029.SZ,2026-04-13 13:09:00,19.97,19.98,19.94,19.94,9000,179565.0
000029.SZ,2026-04-13 13:10:00,19.95,19.96,19.95,19.96,4300,85826.0
000029.SZ,2026-04-13 13:11:00,19.96,19.96,19.94,19.95,13800,275385.0
000029.SZ,2026-04-13 13:12:00,19.95,19.96,19.95,19.96,4200,83805.0
000029.SZ,2026-04-13 13:13:00,19.96,19.97,19.96,19.97,11900,237507.0
000029.SZ,2026-04-13 13:14:00,19.96,19.96,19.94,19.94,15100,301233.0
000029.SZ,2026-04-13 13:15:00,19.95,19.95,19.89,19.89,40800,812599.0
000029.SZ,2026-04-13 13:16:00,19.89,19.92,19.89,19.92,6100,121412.0
000029.SZ,2026-04-13 13:17:00,19.92,19.92,19.87,19.9,34600,688314.0
000029.SZ,2026-04-13 13:18:00,19.9,19.92,19.89,19.89,5500,109456.0
000029.SZ,2026-04-13 13:19:00,19.9,19.9,19.9,19.9,2800,55720.0
000029.SZ,2026-04-13 13:20:00,19.91,19.92,19.91,19.92,5600,111509.0
000029.SZ,2026-04-13 13:21:00,19.92,19.92,19.92,19.92,5700,113544.0
000029.SZ,2026-04-13 13:22:00,19.92,19.92,19.86,19.89,71100,1414255.0
000029.SZ,2026-04-13 13:23:00,19.89,19.91,19.89,19.91,3700,73633.0
000029.SZ,2026-04-13 13:24:00,19.91,19.93,19.9,19.93,15000,298690.0
000029.SZ,2026-04-13 13:25:00,19.94,19.95,19.93,19.93,12500,249242.0
000029.SZ,2026-04-13 13:26:00,19.93,19.93,19.9,19.93,23200,461818.0
000029.SZ,2026-04-13 13:27:00,19.93,19.93,19.91,19.93,4200,83677.0
000029.SZ,2026-04-13 13:28:00,19.92,19.92,19.9,19.9,14100,280745.0
000029.SZ,2026-04-13 13:29:00,19.9,19.9,19.88,19.89,12000,238627.0
000029.SZ,2026-04-13 13:30:00,19.89,19.9,19.89,19.9,5900,117373.0
000029.SZ,2026-04-13 13:31:00,19.9,19.91,19.89,19.9,2500,49753.0
000029.SZ,2026-04-13 13:32:00,19.9,19.9,19.88,19.88,34800,692171.0
000029.SZ,2026-04-13 13:33:00,19.89,19.96,19.88,19.95,50400,1003856.0
000029.SZ,2026-04-13 13:34:00,19.95,19.95,19.95,19.95,0,0.0
000029.SZ,2026-04-13 13:35:00,19.95,19.97,19.95,19.96,6500,129767.0
000029.SZ,2026-04-13 13:36:00,19.96,19.96,19.95,19.96,3300,65856.0
000029.SZ,2026-04-13 13:37:00,19.96,19.96,19.94,19.94,11700,233332.0
000029.SZ,2026-04-13 13:38:00,19.94,19.95,19.94,19.95,1700,33909.0
000029.SZ,2026-04-13 13:39:00,19.95,19.95,19.95,19.95,1600,31920.0
000029.SZ,2026-04-13 13:40:00,19.95,19.95,19.93,19.93,8900,177476.0
000029.SZ,2026-04-13 13:41:00,19.93,19.93,19.92,19.93,4200,83690.0
000029.SZ,2026-04-13 13:42:00,19.92,19.93,19.91,19.91,9100,181268.0
000029.SZ,2026-04-13 13:43:00,19.91,19.92,19.88,19.9,16700,332401.0
000029.SZ,2026-04-13 13:44:00,19.9,19.9,19.85,19.86,54800,1088839.0
000029.SZ,2026-04-13 13:45:00,19.86,19.89,19.86,19.88,11500,228541.0
000029.SZ,2026-04-13 13:46:00,19.87,19.87,19.83,19.83,27200,539990.0
000029.SZ,2026-04-13 13:47:00,19.83,19.87,19.83,19.86,24500,486068.0
000029.SZ,2026-04-13 13:48:00,19.87,19.88,19.86,19.87,4500,89384.0
000029.SZ,2026-04-13 13:49:00,19.87,19.88,19.87,19.88,5600,111288.0
000029.SZ,2026-04-13 13:50:00,19.89,19.89,19.85,19.86,29100,578380.0
000029.SZ,2026-04-13 13:51:00,19.86,19.89,19.86,19.87,900,17879.0
000029.SZ,2026-04-13 13:52:00,19.86,19.87,19.86,19.86,27600,548162.0
000029.SZ,2026-04-13 13:53:00,19.86,19.86,19.85,19.85,6700,133026.0
000029.SZ,2026-04-13 13:54:00,19.85,19.85,19.83,19.83,21700,430637.0
000029.SZ,2026-04-13 13:55:00,19.85,19.85,19.84,19.84,4300,85323.0
000029.SZ,2026-04-13 13:56:00,19.84,19.84,19.82,19.83,15300,303433.0
000029.SZ,2026-04-13 13:57:00,19.83,19.84,19.82,19.83,16100,319355.0
000029.SZ,2026-04-13 13:58:00,19.83,19.85,19.83,19.84,15700,311407.0
000029.SZ,2026-04-13 13:59:00,19.85,19.85,19.84,19.84,3800,75397.0
000029.SZ,2026-04-13 14:00:00,19.84,19.87,19.84,19.87,24900,494931.0
000029.SZ,2026-04-13 14:01:00,19.87,19.87,19.83,19.83,47000,932357.0
000029.SZ,2026-04-13 14:02:00,19.81,19.84,19.81,19.83,34900,691850.0
000029.SZ,2026-04-13 14:03:00,19.82,19.84,19.82,19.83,11400,226013.0
000029.SZ,2026-04-13 14:04:00,19.83,19.84,19.83,19.83,8400,166639.0
000029.SZ,2026-04-13 14:05:00,19.83,19.85,19.83,19.84,4100,81355.0
000029.SZ,2026-04-13 14:06:00,19.84,19.84,19.81,19.81,8700,172468.0
000029.SZ,2026-04-13 14:07:00,19.82,19.82,19.81,19.82,16700,330937.0
000029.SZ,2026-04-13 14:08:00,19.81,19.82,19.8,19.81,86700,1717458.0
000029.SZ,2026-04-13 14:09:00,19.81,19.81,19.81,19.81,6400,126784.0
000029.SZ,2026-04-13 14:10:00,19.81,19.88,19.81,19.84,9700,192416.0
000029.SZ,2026-04-13 14:11:00,19.84,19.84,19.82,19.84,24400,484042.0
000029.SZ,2026-04-13 14:12:00,19.84,19.84,19.82,19.83,30100,597092.0
000029.SZ,2026-04-13 14:13:00,19.83,19.84,19.83,19.83,10800,214169.0
000029.SZ,2026-04-13 14:14:00,19.83,19.83,19.82,19.82,7200,142747.0
000029.SZ,2026-04-13 14:15:00,19.82,19.82,19.82,19.82,5000,99112.0
000029.SZ,2026-04-13 14:16:00,19.84,19.85,19.83,19.85,12900,255969.0
000029.SZ,2026-04-13 14:17:00,19.85,19.88,19.85,19.88,6700,133096.0
000029.SZ,2026-04-13 14:18:00,19.88,19.9,19.88,19.89,8100,161093.0
000029.SZ,2026-04-13 14:19:00,19.91,19.91,19.88,19.88,28900,575081.0
000029.SZ,2026-04-13 14:20:00,19.9,19.91,19.89,19.91,2400,47761.0
000029.SZ,2026-04-13 14:21:00,19.89,19.89,19.86,19.87,13800,274346.0
000029.SZ,2026-04-13 14:22:00,19.87,19.87,19.87,19.87,1600,31792.0
000029.SZ,2026-04-13 14:23:00,19.87,19.88,19.87,19.88,5100,101380.0
000029.SZ,2026-04-13 14:24:00,19.88,19.88,19.88,19.88,1600,31808.0
000029.SZ,2026-04-13 14:25:00,19.88,19.88,19.88,19.88,1800,35784.0
000029.SZ,2026-04-13 14:26:00,19.88,19.88,19.88,19.88,0,0.0
000029.SZ,2026-04-13 14:27:00,19.88,19.88,19.86,19.87,10100,200700.0
000029.SZ,2026-04-13 14:28:00,19.87,19.87,19.87,19.87,2700,53649.0
000029.SZ,2026-04-13 14:29:00,19.87,19.87,19.84,19.84,54800,1088033.0
000029.SZ,2026-04-13 14:30:00,19.84,19.85,19.83,19.84,15800,313453.0
000029.SZ,2026-04-13 14:31:00,19.83,19.84,19.81,19.84,28900,572978.0
000029.SZ,2026-04-13 14:32:00,19.86,19.86,19.85,19.86,37200,738457.0
000029.SZ,2026-04-13 14:33:00,19.85,19.85,19.85,19.85,1600,31767.0
000029.SZ,2026-04-13 14:34:00,19.86,19.86,19.85,19.85,1900,37717.0
000029.SZ,2026-04-13 14:35:00,19.86,19.87,19.85,19.85,40600,806585.0
000029.SZ,2026-04-13 14:36:00,19.86,19.87,19.86,19.87,16600,329826.0
000029.SZ,2026-04-13 14:37:00,19.87,19.88,19.87,19.88,7695,152946.66
000029.SZ,2026-04-13 14:38:00,19.88,19.89,19.87,19.89,18205,361972.44
000029.SZ,2026-04-13 14:39:00,19.88,19.89,19.88,19.88,5300,105363.0
000029.SZ,2026-04-13 14:40:00,19.87,19.9,19.87,19.88,23700,471325.0
000029.SZ,2026-04-13 14:41:00,19.88,19.9,19.87,19.87,16400,326010.0
000029.SZ,2026-04-13 14:42:00,19.88,19.88,19.86,19.87,8100,160932.0
000029.SZ,2026-04-13 14:43:00,19.87,19.87,19.85,19.87,7700,152946.0
000029.SZ,2026-04-13 14:44:00,19.86,19.88,19.85,19.87,22100,438947.0
000029.SZ,2026-04-13 14:45:00,19.86,19.87,19.85,19.85,16400,325677.0
000029.SZ,2026-04-13 14:46:00,19.86,19.86,19.83,19.84,19700,390880.0
000029.SZ,2026-04-13 14:47:00,19.84,19.88,19.84,19.88,37300,740673.0
000029.SZ,2026-04-13 14:48:00,19.87,19.88,19.86,19.87,10900,216537.0
000029.SZ,2026-04-13 14:49:00,19.87,19.88,19.86,19.88,7700,153048.0
000029.SZ,2026-04-13 14:50:00,19.87,19.88,19.87,19.87,20600,409371.0
000029.SZ,2026-04-13 14:51:00,19.87,19.87,19.86,19.87,23400,464794.0
000029.SZ,2026-04-13 14:52:00,19.86,19.86,19.85,19.86,8000,158877.0
000029.SZ,2026-04-13 14:53:00,19.85,19.87,19.85,19.85,25100,498378.0
000029.SZ,2026-04-13 14:54:00,19.85,19.87,19.85,19.87,55500,1102308.0
000029.SZ,2026-04-13 14:55:00,19.88,19.97,19.88,19.91,97200,1935966.0
000029.SZ,2026-04-13 14:56:00,19.93,19.93,19.88,19.88,28800,573094.0
000029.SZ,2026-04-13 14:57:00,19.89,19.89,19.86,19.88,16900,335964.0
000029.SZ,2026-04-13 14:58:00,19.88,19.88,19.88,19.88,0,0.0
000029.SZ,2026-04-13 14:59:00,19.88,19.88,19.88,19.88,0,0.0
000029.SZ,2026-04-13 15:00:00,19.86,19.86,19.86,19.86,54500,1082370.0
000029.SZ,2026-04-14 09:30:00,20.08,20.2,20.08,20.16,36300,729037.0
000029.SZ,2026-04-14 09:31:00,20.13,20.13,19.94,19.94,45800,917988.0
000029.SZ,2026-04-14 09:32:00,19.97,19.98,19.91,19.94,29500,588533.0
000029.SZ,2026-04-14 09:33:00,19.95,19.95,19.89,19.91,32300,643371.0
000029.SZ,2026-04-14 09:34:00,19.91,19.91,19.91,19.91,4200,83622.0
000029.SZ,2026-04-14 09:35:00,19.91,19.92,19.85,19.86,65300,1298417.0
000029.SZ,2026-04-14 09:36:00,19.87,19.87,19.81,19.84,21800,432258.0
000029.SZ,2026-04-14 09:37:00,19.82,19.84,19.8,19.8,12400,245746.0
000029.SZ,2026-04-14 09:38:00,19.8,19.81,19.76,19.76,51500,1018784.0
000029.SZ,2026-04-14 09:39:00,19.77,19.8,19.76,19.76,55200,1091439.0
000029.SZ,2026-04-14 09:40:00,19.75,19.75,19.73,19.75,10800,213266.0
000029.SZ,2026-04-14 09:41:00,19.76,19.76,19.73,19.73,38700,763874.0
000029.SZ,2026-04-14 09:42:00,19.72,19.74,19.72,19.72,7300,144037.0
000029.SZ,2026-04-14 09:43:00,19.73,19.73,19.72,19.72,10800,213067.0
000029.SZ,2026-04-14 09:44:00,19.72,19.73,19.71,19.71,38100,751362.0
000029.SZ,2026-04-14 09:45:00,19.71,19.71,19.66,19.69,78800,1551709.0
000029.SZ,2026-04-14 09:46:00,19.7,19.7,19.68,19.68,24900,490248.0
000029.SZ,2026-04-14 09:47:00,19.68,19.71,19.68,19.71,20200,397784.0
000029.SZ,2026-04-14 09:48:00,19.72,19.72,19.7,19.7,9100,179369.0
000029.SZ,2026-04-14 09:49:00,19.71,19.72,19.69,19.72,20000,394075.0
000029.SZ,2026-04-14 09:50:00,19.72,19.72,19.7,19.7,6500,128225.0
000029.SZ,2026-04-14 09:51:00,19.7,19.72,19.68,19.72,12500,246266.0
000029.SZ,2026-04-14 09:52:00,19.72,19.75,19.72,19.75,7700,151920.0
000029.SZ,2026-04-14 09:53:00,19.75,19.78,19.75,19.78,7900,156144.0
000029.SZ,2026-04-14 09:54:00,19.78,19.88,19.78,19.88,14500,287433.0
000029.SZ,2026-04-14 09:55:00,19.88,19.88,19.84,19.86,6900,137032.0
000029.SZ,2026-04-14 09:56:00,19.86,19.86,19.83,19.85,3400,67497.0
000029.SZ,2026-04-14 09:57:00,19.85,19.85,19.83,19.83,4000,79371.0
000029.SZ,2026-04-14 09:58:00,19.83,19.83,19.81,19.81,34700,688031.0
000029.SZ,2026-04-14 09:59:00,19.81,19.81,19.8,19.8,6300,124793.0
000029.SZ,2026-04-14 10:00:00,19.8,19.8,19.78,19.78,6800,134542.0
000029.SZ,2026-04-14 10:01:00,19.78,19.79,19.77,19.79,19500,385299.0
000029.SZ,2026-04-14 10:02:00,19.78,19.79,19.77,19.77,32300,638197.0
000029.SZ,2026-04-14 10:03:00,19.77,19.77,19.74,19.76,6100,120549.0
000029.SZ,2026-04-14 10:04:00,19.76,19.76,19.74,19.74,2700,53330.0
000029.SZ,2026-04-14 10:05:00,19.74,19.76,19.72,19.73,4800,94701.0
000029.SZ,2026-04-14 10:06:00,19.74,19.75,19.73,19.73,2300,45403.0
000029.SZ,2026-04-14 10:07:00,19.73,19.75,19.73,19.74,2100,41459.0
000029.SZ,2026-04-14 10:08:00,19.75,19.75,19.74,19.74,900,17769.0
000029.SZ,2026-04-14 10:09:00,19.76,19.76,19.71,19.71,17900,353126.0
000029.SZ,2026-04-14 10:10:00,19.71,19.72,19.65,19.67,196600,3866805.0
000029.SZ,2026-04-14 10:11:00,19.68,19.68,19.62,19.65,14500,284923.0
000029.SZ,2026-04-14 10:12:00,19.62,19.67,19.6,19.64,63163,1239643.8
000029.SZ,2026-04-14 10:13:00,19.63,19.66,19.63,19.66,11137,218715.31
000029.SZ,2026-04-14 10:14:00,19.66,19.66,19.57,19.64,114800,2251329.0
000029.SZ,2026-04-14 10:15:00,19.64,19.67,19.64,19.67,2200,43244.0
000029.SZ,2026-04-14 10:16:00,19.67,19.73,19.67,19.7,5600,110338.0
000029.SZ,2026-04-14 10:17:00,19.73,19.73,19.69,19.7,19500,384221.0
000029.SZ,2026-04-14 10:18:00,19.69,19.69,19.62,19.62,95800,1878046.0
000029.SZ,2026-04-14 10:19:00,19.64,19.64,19.61,19.62,3900,76547.0
000029.SZ,2026-04-14 10:20:00,19.63,19.63,19.62,19.63,9800,192368.0
000029.SZ,2026-04-14 10:21:00,19.63,19.63,19.61,19.61,11800,231528.0
000029.SZ,2026-04-14 10:22:00,19.61,19.62,19.6,19.61,10300,201980.0
000029.SZ,2026-04-14 10:23:00,19.61,19.63,19.59,19.59,42800,839351.0
000029.SZ,2026-04-14 10:24:00,19.6,19.62,19.6,19.61,2600,50964.0
000029.SZ,2026-04-14 10:25:00,19.61,19.74,19.61,19.7,91800,1803932.0
000029.SZ,2026-04-14 10:26:00,19.7,19.7,19.67,19.68,3000,59047.0
000029.SZ,2026-04-14 10:27:00,19.68,19.69,19.65,19.65,18100,356210.0
000029.SZ,2026-04-14 10:28:00,19.65,19.68,19.65,19.68,4500,88541.0
000029.SZ,2026-04-14 10:29:00,19.69,19.73,19.69,19.72,28200,555863.0
000029.SZ,2026-04-14 10:30:00,19.72,19.75,19.72,19.74,17000,335618.0
000029.SZ,2026-04-14 10:31:00,19.74,19.81,19.74,19.77,41995,829966.3
000029.SZ,2026-04-14 10:32:00,19.77,19.79,19.76,19.78,20400,403449.0
000029.SZ,2026-04-14 10:33:00,19.79,19.82,19.79,19.8,28300,560589.0
000029.SZ,2026-04-14 10:34:00,19.8,19.84,19.8,19.84,26900,533106.0
000029.SZ,2026-04-14 10:35:00,19.84,19.87,19.84,19.85,30400,603582.0
000029.SZ,2026-04-14 10:36:00,19.81,19.88,19.81,19.82,46000,913361.0
000029.SZ,2026-04-14 10:37:00,19.82,19.82,19.81,19.82,3500,69348.0
000029.SZ,2026-04-14 10:38:00,19.82,19.82,19.81,19.81,3400,67373.0
000029.SZ,2026-04-14 10:39:00,19.81,19.82,19.8,19.81,12400,245605.0
000029.SZ,2026-04-14 10:40:00,19.78,19.78,19.77,19.77,1500,29669.0
000029.SZ,2026-04-14 10:41:00,19.77,19.79,19.77,19.78,2700,53407.0
000029.SZ,2026-04-14 10:42:00,19.79,19.79,19.77,19.78,7200,142411.0
000029.SZ,2026-04-14 10:43:00,19.78,19.78,19.78,19.78,4900,96959.0
000029.SZ,2026-04-14 10:44:00,19.78,19.79,19.78,19.79,6500,128629.0
000029.SZ,2026-04-14 10:45:00,19.79,19.8,19.79,19.8,2700,53460.0
000029.SZ,2026-04-14 10:46:00,19.81,19.85,19.8,19.83,10300,204133.0
000029.SZ,2026-04-14 10:47:00,19.83,19.85,19.82,19.84,4500,89280.0
000029.SZ,2026-04-14 10:48:00,19.84,19.84,19.83,19.83,2700,53563.0
000029.SZ,2026-04-14 10:49:00,19.83,19.84,19.83,19.83,5700,113073.0
000029.SZ,2026-04-14 10:50:00,19.83,19.84,19.83,19.84,3300,65466.0
000029.SZ,2026-04-14 10:51:00,19.84,19.87,19.83,19.84,5500,109149.0
000029.SZ,2026-04-14 10:52:00,19.84,19.85,19.83,19.83,5900,117036.0
000029.SZ,2026-04-14 10:53:00,19.83,19.83,19.77,19.78,20900,413720.0
000029.SZ,2026-04-14 10:54:00,19.78,19.81,19.77,19.81,4700,92993.0
000029.SZ,2026-04-14 10:55:00,19.8,19.8,19.76,19.76,10500,207825.0
000029.SZ,2026-04-14 10:56:00,19.76,19.76,19.76,19.76,1800,35568.0
000029.SZ,2026-04-14 10:57:00,19.76,19.77,19.76,19.76,3700,73146.0
000029.SZ,2026-04-14 10:58:00,19.76,19.77,19.74,19.74,4200,82976.0
000029.SZ,2026-04-14 10:59:00,19.74,19.74,19.73,19.73,8605,169852.7
000029.SZ,2026-04-14 11:00:00,19.73,19.75,19.73,19.74,6200,122422.0
000029.SZ,2026-04-14 11:01:00,19.75,19.75,19.74,19.74,1600,31592.0
000029.SZ,2026-04-14 11:02:00,19.76,19.76,19.75,19.75,2300,45433.0
000029.SZ,2026-04-14 11:03:00,19.75,19.75,19.74,19.74,24700,487821.0
000029.SZ,2026-04-14 11:04:00,19.76,19.76,19.72,19.72,39500,778450.0
000029.SZ,2026-04-14 11:05:00,19.72,19.72,19.7,19.7,3900,76863.0
000029.SZ,2026-04-14 11:06:00,19.71,19.72,19.71,19.71,4000,78866.0
000029.SZ,2026-04-14 11:07:00,19.71,19.71,19.7,19.7,12700,250293.0
000029.SZ,2026-04-14 11:08:00,19.71,19.73,19.71,19.73,6300,124223.0
000029.SZ,2026-04-14 11:09:00,19.74,19.76,19.74,19.74,2100,41460.0
000029.SZ,2026-04-14 11:10:00,19.74,19.75,19.74,19.75,3300,65174.0
000029.SZ,2026-04-14 11:11:00,19.75,19.75,19.75,19.75,1600,31600.0
000029.SZ,2026-04-14 11:12:00,19.75,19.75,19.74,19.74,12400,244799.0
000029.SZ,2026-04-14 11:13:00,19.74,19.74,19.74,19.74,6200,122388.0
000029.SZ,2026-04-14 11:14:00,19.73,19.74,19.72,19.73,1800,35515.0
000029.SZ,2026-04-14 11:15:00,19.7,19.73,19.7,19.72,21800,429656.0
000029.SZ,2026-04-14 11:16:00,19.72,19.73,19.71,19.71,6300,124230.0
000029.SZ,2026-04-14 11:17:00,19.72,19.75,19.72,19.75,13900,274269.0
000029.SZ,2026-04-14 11:18:00,19.72,19.73,19.72,19.73,1600,31554.0
000029.SZ,2026-04-14 11:19:00,19.73,19.75,19.73,19.74,3200,63175.0
000029.SZ,2026-04-14 11:20:00,19.74,19.74,19.73,19.73,600,11842.0
000029.SZ,2026-04-14 11:21:00,19.73,19.73,19.73,19.73,10000,197300.0
000029.SZ,2026-04-14 11:22:00,19.72,19.72,19.72,19.72,2500,49300.0
000029.SZ,2026-04-14 11:23:00,19.73,19.74,19.73,19.74,6500,128248.0
000029.SZ,2026-04-14 11:24:00,19.74,19.74,19.73,19.74,1200,23686.0
000029.SZ,2026-04-14 11:25:00,19.74,19.74,19.74,19.74,300,5922.0
000029.SZ,2026-04-14 11:26:00,19.74,19.75,19.73,19.75,25400,501199.0
000029.SZ,2026-04-14 11:27:00,19.74,19.74,19.73,19.74,6400,126347.0
000029.SZ,2026-04-14 11:28:00,19.73,19.76,19.73,19.76,16900,333503.0
000029.SZ,2026-04-14 11:29:00,19.73,19.76,19.73,19.74,13300,262477.0
000029.SZ,2026-04-14 11:30:00,19.74,19.74,19.72,19.72,5400,106554.0
000029.SZ,2026-04-14 13:01:00,19.81,19.94,19.81,19.94,204200,4054837.0
000029.SZ,2026-04-14 13:02:00,19.96,20.01,19.94,19.94,174600,3488725.0
000029.SZ,2026-04-14 13:03:00,19.93,19.93,19.89,19.89,6800,135393.0
000029.SZ,2026-04-14 13:04:00,19.89,19.9,19.85,19.85,5900,117289.0
000029.SZ,2026-04-14 13:05:00,19.85,19.88,19.84,19.85,4900,97267.0
000029.SZ,2026-04-14 13:06:00,19.85,19.88,19.84,19.86,6700,133016.0
000029.SZ,2026-04-14 13:07:00,19.87,19.89,19.85,19.89,3900,77493.0
000029.SZ,2026-04-14 13:08:00,19.89,19.9,19.88,19.9,13800,274500.0
000029.SZ,2026-04-14 13:09:00,19.89,19.9,19.85,19.85,11600,230575.0
000029.SZ,2026-04-14 13:10:00,19.85,19.86,19.84,19.85,14000,277980.0
000029.SZ,2026-04-14 13:11:00,19.86,19.88,19.86,19.88,3300,65579.0
000029.SZ,2026-04-14 13:12:00,19.89,19.89,19.88,19.89,6600,131271.0
000029.SZ,2026-04-14 13:13:00,19.9,19.93,19.9,19.9,8500,169173.0
000029.SZ,2026-04-14 13:14:00,19.89,19.92,19.89,19.9,5100,101539.0
000029.SZ,2026-04-14 13:15:00,19.9,19.9,19.88,19.88,1900,37760.0
000029.SZ,2026-04-14 13:16:00,19.88,19.88,19.86,19.86,6300,125276.0
000029.SZ,2026-04-14 13:17:00,19.86,19.87,19.86,19.86,4900,97293.0
000029.SZ,2026-04-14 13:18:00,19.85,19.85,19.83,19.83,2800,55578.0
000029.SZ,2026-04-14 13:19:00,19.84,19.86,19.84,19.84,3500,69454.0
000029.SZ,2026-04-14 13:20:00,19.84,19.84,19.82,19.83,8000,158643.0
000029.SZ,2026-04-14 13:21:00,19.84,19.84,19.83,19.84,5800,115040.0
000029.SZ,2026-04-14 13:22:00,19.82,19.82,19.8,19.81,17100,338751.0
000029.SZ,2026-04-14 13:23:00,19.79,19.81,19.75,19.75,18300,361972.0
000029.SZ,2026-04-14 13:24:00,19.75,19.76,19.75,19.76,400,7903.0
000029.SZ,2026-04-14 13:25:00,19.73,19.73,19.73,19.73,40300,795772.0
000029.SZ,2026-04-14 13:26:00,19.73,19.73,19.72,19.72,10600,209033.0
000029.SZ,2026-04-14 13:27:00,19.69,19.72,19.68,19.72,35100,691403.0
000029.SZ,2026-04-14 13:28:00,19.71,19.73,19.71,19.73,26100,514431.0
000029.SZ,2026-04-14 13:29:00,19.73,19.73,19.7,19.71,2900,57180.0
000029.SZ,2026-04-14 13:30:00,19.7,19.71,19.7,19.7,17900,352755.0
000029.SZ,2026-04-14 13:31:00,19.71,19.73,19.71,19.73,14100,277932.0
000029.SZ,2026-04-14 13:32:00,19.73,19.73,19.68,19.68,28200,555354.0
000029.SZ,2026-04-14 13:33:00,19.68,19.68,19.65,19.65,14600,287111.0
000029.SZ,2026-04-14 13:34:00,19.67,19.67,19.65,19.66,7000,137615.0
000029.SZ,2026-04-14 13:35:00,19.67,19.67,19.64,19.64,7800,153300.0
000029.SZ,2026-04-14 13:36:00,19.64,19.65,19.64,19.65,1600,31426.0
000029.SZ,2026-04-14 13:37:00,19.65,19.67,19.65,19.66,9685,190339.25
000029.SZ,2026-04-14 13:38:00,19.67,19.7,19.67,19.7,28300,557307.0
000029.SZ,2026-04-14 13:39:00,19.7,19.72,19.7,19.71,3700,72953.0
000029.SZ,2026-04-14 13:40:00,19.7,19.71,19.7,19.71,10500,206872.0
000029.SZ,2026-04-14 13:41:00,19.71,19.73,19.7,19.73,15600,307511.0
000029.SZ,2026-04-14 13:42:00,19.72,19.73,19.72,19.73,1400,27621.0
000029.SZ,2026-04-14 13:43:00,19.73,19.73,19.72,19.73,26500,522676.0
000029.SZ,2026-04-14 13:44:00,19.75,19.76,19.73,19.74,23400,461760.0
000029.SZ,2026-04-14 13:45:00,19.73,19.74,19.73,19.73,3100,61190.0
000029.SZ,2026-04-14 13:46:00,19.72,19.72,19.71,19.72,6000,118317.0
000029.SZ,2026-04-14 13:47:00,19.72,19.72,19.71,19.72,700,13802.0
000029.SZ,2026-04-14 13:48:00,19.72,19.72,19.71,19.71,5000,98551.0
000029.SZ,2026-04-14 13:49:00,19.72,19.72,19.69,19.69,15700,309404.0
000029.SZ,2026-04-14 13:50:00,19.7,19.71,19.7,19.71,1800,35472.0
000029.SZ,2026-04-14 13:51:00,19.71,19.77,19.71,19.75,39000,769346.0
000029.SZ,2026-04-14 13:52:00,19.75,19.82,19.75,19.81,30900,611586.0
000029.SZ,2026-04-14 13:53:00,19.82,19.83,19.81,19.81,15800,313188.0
000029.SZ,2026-04-14 13:54:00,19.82,19.93,19.82,19.93,83200,1654169.0
000029.SZ,2026-04-14 13:55:00,19.92,20.02,19.9,20.01,123400,2464241.0
000029.SZ,2026-04-14 13:56:00,20.03,20.03,20.0,20.02,99800,1997323.0
000029.SZ,2026-04-14 13:57:00,19.99,20.0,19.95,19.95,48900,976968.0
000029.SZ,2026-04-14 13:58:00,19.95,19.97,19.94,19.94,16400,327190.0
000029.SZ,2026-04-14 13:59:00,19.93,19.95,19.93,19.95,17700,352898.0
000029.SZ,2026-04-14 14:00:00,19.94,20.01,19.94,20.01,38200,763286.0
000029.SZ,2026-04-14 14:01:00,19.99,20.03,19.97,20.03,64100,1282141.0
000029.SZ,2026-04-14 14:02:00,20.06,20.1,20.04,20.08,116900,2346796.0
000029.SZ,2026-04-14 14:03:00,20.1,20.1,19.94,20.0,23500,470978.0
000029.SZ,2026-04-14 14:04:00,20.0,20.01,19.97,20.0,28200,563810.0
000029.SZ,2026-04-14 14:05:00,19.99,20.01,19.97,19.97,10600,211893.0
000029.SZ,2026-04-14 14:06:00,19.99,19.99,19.96,19.96,3500,69888.0
000029.SZ,2026-04-14 14:07:00,19.96,19.98,19.94,19.98,29200,582843.0
000029.SZ,2026-04-14 14:08:00,19.98,19.99,19.94,19.95,22600,451047.0
000029.SZ,2026-04-14 14:09:00,19.96,19.96,19.93,19.95,5200,103736.0
000029.SZ,2026-04-14 14:10:00,19.94,19.94,19.9,19.9,26200,522096.0
000029.SZ,2026-04-14 14:11:00,19.9,19.93,19.9,19.92,16000,318576.0
000029.SZ,2026-04-14 14:12:00,19.92,19.93,19.91,19.92,10000,199214.0
000029.SZ,2026-04-14 14:13:00,19.93,19.93,19.91,19.91,19100,380429.0
000029.SZ,2026-04-14 14:14:00,19.9,19.92,19.9,19.92,6800,135407.0
000029.SZ,2026-04-14 14:15:00,19.92,19.93,19.89,19.9,20000,398085.0
000029.SZ,2026-04-14 14:16:00,19.9,19.9,19.89,19.89,1900,37807.0
000029.SZ,2026-04-14 14:17:00,19.9,19.91,19.89,19.91,2400,47756.0
000029.SZ,2026-04-14 14:18:00,19.91,19.91,19.9,19.91,6900,137354.0
000029.SZ,2026-04-14 14:19:00,19.91,19.91,19.88,19.89,22300,443857.0
000029.SZ,2026-04-14 14:20:00,19.88,19.89,19.88,19.88,3200,63619.0
000029.SZ,2026-04-14 14:21:00,19.89,19.9,19.88,19.9,14300,284391.0
000029.SZ,2026-04-14 14:22:00,19.91,19.91,19.89,19.9,5300,105467.0
000029.SZ,2026-04-14 14:23:00,19.88,19.89,19.88,19.89,9200,182923.0
000029.SZ,2026-04-14 14:24:00,19.89,19.89,19.88,19.89,13100,260556.0
000029.SZ,2026-04-14 14:25:00,19.89,19.9,19.89,19.89,3300,65639.0
000029.SZ,2026-04-14 14:26:00,19.89,19.89,19.89,19.89,8100,161105.0
000029.SZ,2026-04-14 14:27:00,19.89,19.89,19.88,19.88,8400,167064.0
000029.SZ,2026-04-14 14:28:00,19.88,19.89,19.88,19.89,5800,115334.0
000029.SZ,2026-04-14 14:29:00,19.88,19.89,19.88,19.89,4600,91462.0
000029.SZ,2026-04-14 14:30:00,19.88,19.89,19.88,19.88,3900,77557.0
000029.SZ,2026-04-14 14:31:00,19.89,19.89,19.88,19.88,13400,266495.0
000029.SZ,2026-04-14 14:32:00,19.87,19.9,19.87,19.89,21900,435477.0
000029.SZ,2026-04-14 14:33:00,19.9,19.93,19.9,19.91,46700,929979.0
000029.SZ,2026-04-14 14:34:00,19.91,19.91,19.9,19.9,2700,53745.0
000029.SZ,2026-04-14 14:35:00,19.9,19.93,19.9,19.93,6500,129469.0
000029.SZ,2026-04-14 14:36:00,19.93,19.95,19.93,19.94,9400,187464.0
000029.SZ,2026-04-14 14:37:00,19.94,19.96,19.94,19.95,35200,702389.0
000029.SZ,2026-04-14 14:38:00,19.96,20.01,19.95,19.99,53900,1077509.0
000029.SZ,2026-04-14 14:39:00,19.99,19.99,19.98,19.99,8500,169883.0
000029.SZ,2026-04-14 14:40:00,19.99,20.0,19.98,19.98,19800,395869.0
000029.SZ,2026-04-14 14:41:00,19.98,19.99,19.96,19.99,8200,163872.0
000029.SZ,2026-04-14 14:42:00,19.98,19.98,19.94,19.95,6000,119823.0
000029.SZ,2026-04-14 14:43:00,19.96,19.99,19.96,19.99,14200,283753.0
000029.SZ,2026-04-14 14:44:00,19.98,19.99,19.97,19.99,5100,101918.0
000029.SZ,2026-04-14 14:45:00,19.99,19.99,19.97,19.98,3900,77928.0
000029.SZ,2026-04-14 14:46:00,19.99,19.99,19.97,19.99,11200,223793.0
000029.SZ,2026-04-14 14:47:00,19.99,20.0,19.98,19.99,11500,229878.0
000029.SZ,2026-04-14 14:48:00,20.0,20.01,19.99,20.0,15700,314000.0
000029.SZ,2026-04-14 14:49:00,20.01,20.01,19.99,20.0,18300,365952.0
000029.SZ,2026-04-14 14:50:00,19.99,20.0,19.99,19.99,9300,185910.0
000029.SZ,2026-04-14 14:51:00,19.98,20.0,19.98,20.0,26800,535916.0
000029.SZ,2026-04-14 14:52:00,20.0,20.0,19.99,20.0,14700,293932.0
000029.SZ,2026-04-14 14:53:00,20.0,20.01,19.99,20.0,30700,614078.0
000029.SZ,2026-04-14 14:54:00,20.0,20.0,19.96,19.99,38500,769779.0
000029.SZ,2026-04-14 14:55:00,19.98,19.99,19.97,19.98,15200,303737.0
000029.SZ,2026-04-14 14:56:00,19.98,19.98,19.97,19.97,12600,251673.0
000029.SZ,2026-04-14 14:57:00,19.97,19.98,19.96,19.97,21000,419407.0
000029.SZ,2026-04-14 14:58:00,19.97,19.97,19.97,19.97,0,0.0
000029.SZ,2026-04-14 14:59:00,19.97,19.97,19.97,19.97,0,0.0
000029.SZ,2026-04-14 15:00:00,19.96,19.96,19.96,19.96,58100,1159676.0
000029.SZ,2026-04-15 09:30:00,20.0,20.0,20.0,20.0,10200,204000.0
000029.SZ,2026-04-15 09:31:00,20.0,20.1,19.94,20.0,74200,1485232.0
000029.SZ,2026-04-15 09:32:00,20.02,20.08,19.99,20.07,44300,887509.0
000029.SZ,2026-04-15 09:33:00,20.08,20.2,20.07,20.1,103900,2092265.0
000029.SZ,2026-04-15 09:34:00,20.1,20.14,20.07,20.11,37500,753081.0
000029.SZ,2026-04-15 09:35:00,20.12,20.12,20.08,20.1,12300,247222.0
000029.SZ,2026-04-15 09:36:00,20.06,20.06,19.98,19.98,33600,671979.0
000029.SZ,2026-04-15 09:37:00,19.98,20.0,19.94,19.96,32300,644920.0
000029.SZ,2026-04-15 09:38:00,19.95,19.95,19.92,19.92,22200,442734.0
000029.SZ,2026-04-15 09:39:00,19.93,19.93,19.88,19.88,16100,320401.0
000029.SZ,2026-04-15 09:40:00,19.88,19.9,19.88,19.88,22800,453394.0
000029.SZ,2026-04-15 09:41:00,19.88,19.95,19.88,19.94,16400,326698.0
000029.SZ,2026-04-15 09:42:00,19.94,20.04,19.93,20.02,93300,1864721.0
000029.SZ,2026-04-15 09:43:00,20.01,20.01,19.97,19.97,14100,281859.0
000029.SZ,2026-04-15 09:44:00,19.96,19.98,19.96,19.98,19600,391386.0
000029.SZ,2026-04-15 09:45:00,19.98,19.98,19.95,19.95,14700,293427.0
000029.SZ,2026-04-15 09:46:00,19.95,19.96,19.93,19.96,16700,333024.0
000029.SZ,2026-04-15 09:47:00,19.95,19.95,19.95,19.95,21600,430815.0
000029.SZ,2026-04-15 09:48:00,19.95,19.97,19.94,19.96,44200,881906.0
000029.SZ,2026-04-15 09:49:00,19.99,20.01,19.98,19.98,42800,855222.0
000029.SZ,2026-04-15 09:50:00,20.01,20.01,19.99,20.0,10600,211960.0
000029.SZ,2026-04-15 09:51:00,20.0,20.01,19.97,19.97,33700,673871.0
000029.SZ,2026-04-15 09:52:00,19.96,20.0,19.96,20.0,18200,363567.0
000029.SZ,2026-04-15 09:53:00,20.0,20.01,19.96,19.96,43000,858940.0
000029.SZ,2026-04-15 09:54:00,19.96,19.96,19.91,19.94,13400,267237.0
000029.SZ,2026-04-15 09:55:00,19.94,19.97,19.92,19.92,38500,767660.0
000029.SZ,2026-04-15 09:56:00,19.92,19.94,19.92,19.94,4300,85708.0
000029.SZ,2026-04-15 09:57:00,19.94,19.94,19.92,19.93,4400,87691.0
000029.SZ,2026-04-15 09:58:00,19.95,20.0,19.95,19.99,20700,413410.0
000029.SZ,2026-04-15 09:59:00,20.01,20.01,19.97,19.97,6100,121987.0
000029.SZ,2026-04-15 10:00:00,19.97,19.99,19.97,19.99,3100,61945.0
000029.SZ,2026-04-15 10:01:00,19.98,19.98,19.96,19.96,3500,69909.0
000029.SZ,2026-04-15 10:02:00,19.95,19.97,19.95,19.96,11000,219554.0
000029.SZ,2026-04-15 10:03:00,19.96,19.97,19.95,19.97,8000,159697.0
000029.SZ,2026-04-15 10:04:00,19.97,19.97,19.96,19.97,2300,45923.0
000029.SZ,2026-04-15 10:05:00,19.96,19.97,19.95,19.97,37300,744627.0
000029.SZ,2026-04-15 10:06:00,19.99,19.99,19.97,19.97,700,13985.0
000029.SZ,2026-04-15 10:07:00,19.97,19.98,19.97,19.97,8300,165758.0
000029.SZ,2026-04-15 10:08:00,19.97,19.98,19.96,19.96,1900,37937.0
000029.SZ,2026-04-15 10:09:00,19.97,19.98,19.96,19.96,22200,443041.0
000029.SZ,2026-04-15 10:10:00,19.94,19.96,19.94,19.95,8700,173505.0
000029.SZ,2026-04-15 10:11:00,19.96,19.96,19.91,19.92,40300,803173.0
000029.SZ,2026-04-15 10:12:00,19.91,19.92,19.9,19.9,13500,268833.0
000029.SZ,2026-04-15 10:13:00,19.9,19.93,19.9,19.93,10300,204995.0
000029.SZ,2026-04-15 10:14:00,19.92,19.93,19.92,19.92,3700,73713.0
000029.SZ,2026-04-15 10:15:00,19.92,19.97,19.92,19.97,5500,109627.0
000029.SZ,2026-04-15 10:16:00,19.96,19.96,19.94,19.96,10700,213565.0
000029.SZ,2026-04-15 10:17:00,19.95,19.95,19.94,19.94,2800,55851.0
000029.SZ,2026-04-15 10:18:00,19.93,19.93,19.92,19.92,5900,117544.0
000029.SZ,2026-04-15 10:19:00,19.91,19.92,19.91,19.92,1000,19917.0
000029.SZ,2026-04-15 10:20:00,19.92,19.92,19.92,19.92,1600,31872.0
000029.SZ,2026-04-15 10:21:00,19.92,19.92,19.91,19.91,9000,179203.0
000029.SZ,2026-04-15 10:22:00,19.9,19.91,19.89,19.9,16500,328270.0
000029.SZ,2026-04-15 10:23:00,19.89,19.89,19.84,19.84,58200,1156113.0
000029.SZ,2026-04-15 10:24:00,19.84,19.84,19.81,19.82,44600,884043.0
000029.SZ,2026-04-15 10:25:00,19.82,19.83,19.82,19.83,5200,103087.0
000029.SZ,2026-04-15 10:26:00,19.83,19.83,19.77,19.78,69900,1384029.0
000029.SZ,2026-04-15 10:27:00,19.78,19.81,19.78,19.81,6500,128734.0
000029.SZ,2026-04-15 10:28:00,19.81,19.81,19.78,19.78,20200,399662.0
000029.SZ,2026-04-15 10:29:00,19.78,19.78,19.77,19.78,5800,114720.0
000029.SZ,2026-04-15 10:30:00,19.78,19.79,19.77,19.79,26800,530156.0
000029.SZ,2026-04-15 10:31:00,19.8,19.8,19.79,19.79,2400,47498.0
000029.SZ,2026-04-15 10:32:00,19.79,19.8,19.78,19.78,19300,382029.0
000029.SZ,2026-04-15 10:33:00,19.79,19.79,19.78,19.78,4400,87049.0
000029.SZ,2026-04-15 10:34:00,19.79,19.79,19.76,19.76,34100,674238.0
000029.SZ,2026-04-15 10:35:00,19.76,19.77,19.76,19.77,10000,197607.0
000029.SZ,2026-04-15 10:36:00,19.77,19.78,19.77,19.77,8000,158210.0
000029.SZ,2026-04-15 10:37:00,19.78,19.79,19.78,19.79,6200,122659.0
000029.SZ,2026-04-15 10:38:00,19.79,19.8,19.79,19.8,7200,142532.0
000029.SZ,2026-04-15 10:39:00,19.8,19.83,19.79,19.83,11800,233715.0
000029.SZ,2026-04-15 10:40:00,19.82,19.82,19.81,19.81,3900,77297.0
000029.SZ,2026-04-15 10:41:00,19.82,19.82,19.82,19.82,1100,21802.0
000029.SZ,2026-04-15 10:42:00,19.83,19.83,19.83,19.83,800,15864.0
000029.SZ,2026-04-15 10:43:00,19.83,19.84,19.83,19.84,6100,121004.0
000029.SZ,2026-04-15 10:44:00,19.84,19.84,19.83,19.84,6500,128928.0
000029.SZ,2026-04-15 10:45:00,19.83,19.83,19.83,19.83,4300,85269.0
000029.SZ,2026-04-15 10:46:00,19.83,19.83,19.82,19.82,1100,21807.0
000029.SZ,2026-04-15 10:47:00,19.82,19.82,19.81,19.81,17100,338799.0
000029.SZ,2026-04-15 10:48:00,19.8,19.81,19.8,19.81,23900,473217.0
000029.SZ,2026-04-15 10:49:00,19.79,19.82,19.79,19.8,4500,89111.0
000029.SZ,2026-04-15 10:50:00,19.8,19.8,19.8,19.8,2800,55441.0
000029.SZ,2026-04-15 10:51:00,19.8,19.82,19.8,19.8,10100,200078.0
000029.SZ,2026-04-15 10:52:00,19.82,19.82,19.82,19.82,400,7928.0
000029.SZ,2026-04-15 10:53:00,19.8,19.82,19.8,19.82,7600,150500.0
000029.SZ,2026-04-15 10:54:00,19.81,19.81,19.8,19.81,2200,43562.0
000029.SZ,2026-04-15 10:55:00,19.8,19.8,19.78,19.79,8800,174134.0
000029.SZ,2026-04-15 10:56:00,19.79,19.82,19.79,19.81,4500,89096.0
000029.SZ,2026-04-15 10:57:00,19.8,19.81,19.8,19.81,2100,41581.0
000029.SZ,2026-04-15 10:58:00,19.82,19.82,19.82,19.82,600,11888.0
000029.SZ,2026-04-15 10:59:00,19.81,19.81,19.8,19.8,1200,23762.0
000029.SZ,2026-04-15 11:00:00,19.81,19.82,19.81,19.82,3600,71322.0
000029.SZ,2026-04-15 11:01:00,19.8,19.81,19.8,19.8,5000,99012.0
000029.SZ,2026-04-15 11:02:00,19.78,19.79,19.78,19.78,4800,94971.0
000029.SZ,2026-04-15 11:03:00,19.79,19.8,19.79,19.79,11600,229516.0
000029.SZ,2026-04-15 11:04:00,19.79,19.79,19.79,19.79,1000,19790.0
000029.SZ,2026-04-15 11:05:00,19.79,19.79,19.78,19.79,3600,71243.0
000029.SZ,2026-04-15 11:06:00,19.8,19.8,19.8,19.8,100,1980.0
000029.SZ,2026-04-15 11:07:00,19.77,19.77,19.76,19.77,23800,470596.0
000029.SZ,2026-04-15 11:08:00,19.77,19.79,19.76,19.79,12600,249131.0
000029.SZ,2026-04-15 11:09:00,19.77,19.77,19.77,19.77,3100,61287.0
000029.SZ,2026-04-15 11:10:00,19.78,19.8,19.78,19.8,11200,221565.0
000029.SZ,2026-04-15 11:11:00,19.79,19.8,19.78,19.8,10700,211752.0
000029.SZ,2026-04-15 11:12:00,19.8,19.82,19.79,19.82,3000,59400.0
000029.SZ,2026-04-15 11:13:00,19.82,19.82,19.81,19.81,700,13872.0
000029.SZ,2026-04-15 11:14:00,19.8,19.8,19.78,19.78,12600,249362.0
000029.SZ,2026-04-15 11:15:00,19.78,19.8,19.78,19.8,1900,37614.0
000029.SZ,2026-04-15 11:16:00,19.8,19.8,19.79,19.8,2100,41579.0
000029.SZ,2026-04-15 11:17:00,19.81,19.82,19.8,19.82,6000,118896.0
000029.SZ,2026-04-15 11:18:00,19.81,19.81,19.81,19.81,100,1981.0
000029.SZ,2026-04-15 11:19:00,19.82,19.82,19.82,19.82,1200,23786.0
000029.SZ,2026-04-15 11:20:00,19.82,19.83,19.82,19.83,600,11894.0
000029.SZ,2026-04-15 11:21:00,19.82,19.82,19.81,19.81,4100,81275.0
000029.SZ,2026-04-15 11:22:00,19.81,19.83,19.81,19.83,700,13871.0
000029.SZ,2026-04-15 11:23:00,19.81,19.83,19.81,19.83,400,7927.0
000029.SZ,2026-04-15 11:24:00,19.81,19.81,19.81,19.81,100,1981.0
000029.SZ,2026-04-15 11:25:00,19.81,19.81,19.81,19.81,700,13867.0
000029.SZ,2026-04-15 11:26:00,19.81,19.83,19.81,19.81,2100,41618.0
000029.SZ,2026-04-15 11:27:00,19.83,19.84,19.83,19.84,5100,101151.0
000029.SZ,2026-04-15 11:28:00,19.83,19.84,19.83,19.84,2000,39671.0
000029.SZ,2026-04-15 11:29:00,19.83,19.84,19.83,19.84,12700,252030.0
000029.SZ,2026-04-15 11:30:00,19.84,19.84,19.83,19.83,1400,27774.0
000029.SZ,2026-04-15 13:01:00,19.83,19.83,19.82,19.82,57400,1137979.0
000029.SZ,2026-04-15 13:02:00,19.81,19.81,19.79,19.81,6100,120803.0
000029.SZ,2026-04-15 13:03:00,19.82,19.82,19.79,19.79,1400,27724.0
000029.SZ,2026-04-15 13:04:00,19.8,19.8,19.79,19.79,1300,25730.0
000029.SZ,2026-04-15 13:05:00,19.79,19.79,19.79,19.79,1400,27706.0
000029.SZ,2026-04-15 13:06:00,19.78,19.79,19.78,19.79,6000,118727.0
000029.SZ,2026-04-15 13:07:00,19.79,19.81,19.79,19.81,1900,37620.0
000029.SZ,2026-04-15 13:08:00,19.81,19.81,19.79,19.8,4000,79192.0
000029.SZ,2026-04-15 13:09:00,19.8,19.8,19.79,19.79,1500,29698.0
000029.SZ,2026-04-15 13:10:00,19.8,19.81,19.79,19.81,3300,65350.0
000029.SZ,2026-04-15 13:11:00,19.81,19.82,19.79,19.79,15100,299099.0
000029.SZ,2026-04-15 13:12:00,19.8,19.8,19.79,19.79,2300,45530.0
000029.SZ,2026-04-15 13:13:00,19.78,19.8,19.78,19.79,20700,409519.0
000029.SZ,2026-04-15 13:14:00,19.79,19.79,19.78,19.78,1700,33633.0
000029.SZ,2026-04-15 13:15:00,19.77,19.79,19.77,19.79,1800,35612.0
000029.SZ,2026-04-15 13:16:00,19.78,19.78,19.78,19.78,1900,37582.0
000029.SZ,2026-04-15 13:17:00,19.77,19.78,19.77,19.78,4500,88978.0
000029.SZ,2026-04-15 13:18:00,19.78,19.79,19.78,19.79,9100,180087.0
000029.SZ,2026-04-15 13:19:00,19.8,19.8,19.79,19.79,6600,130678.0
000029.SZ,2026-04-15 13:20:00,19.8,19.8,19.8,19.8,1100,21779.0
000029.SZ,2026-04-15 13:21:00,19.8,19.81,19.8,19.8,2100,41581.0
000029.SZ,2026-04-15 13:22:00,19.8,19.8,19.8,19.8,1200,23760.0
000029.SZ,2026-04-15 13:23:00,19.79,19.79,19.79,19.79,200,3958.0
000029.SZ,2026-04-15 13:24:00,19.8,19.8,19.78,19.78,800,15832.0
000029.SZ,2026-04-15 13:25:00,19.78,19.79,19.78,19.79,1800,35620.0
000029.SZ,2026-04-15 13:26:00,19.77,19.78,19.77,19.77,38700,765262.0
000029.SZ,2026-04-15 13:27:00,19.77,19.77,19.77,19.77,200,3954.0
000029.SZ,2026-04-15 13:28:00,19.77,19.77,19.77,19.77,9900,195724.0
000029.SZ,2026-04-15 13:29:00,19.77,19.77,19.73,19.75,61300,1211107.0
000029.SZ,2026-04-15 13:30:00,19.75,19.75,19.75,19.75,1300,25675.0
000029.SZ,2026-04-15 13:31:00,19.76,19.78,19.75,19.78,8700,171911.0
000029.SZ,2026-04-15 13:32:00,19.78,19.8,19.78,19.79,3900,77156.0
000029.SZ,2026-04-15 13:33:00,19.8,19.8,19.77,19.77,6200,122637.0
000029.SZ,2026-04-15 13:34:00,19.78,19.78,19.76,19.76,3600,71184.0
000029.SZ,2026-04-15 13:35:00,19.76,19.78,19.76,19.77,2800,55368.0
000029.SZ,2026-04-15 13:36:00,19.77,19.77,19.77,19.77,2300,45471.0
000029.SZ,2026-04-15 13:37:00,19.76,19.77,19.76,19.76,400,7906.0
000029.SZ,2026-04-15 13:38:00,19.75,19.75,19.74,19.74,26700,527475.0
000029.SZ,2026-04-15 13:39:00,19.75,19.76,19.75,19.76,9100,179736.0
000029.SZ,2026-04-15 13:40:00,19.76,19.76,19.76,19.76,700,13832.0
000029.SZ,2026-04-15 13:41:00,19.76,19.76,19.75,19.76,5300,104695.0
000029.SZ,2026-04-15 13:42:00,19.76,19.76,19.75,19.75,1000,19751.0
000029.SZ,2026-04-15 13:43:00,19.75,19.76,19.75,19.76,800,15807.0
000029.SZ,2026-04-15 13:44:00,19.75,19.75,19.75,19.75,5900,116501.0
000029.SZ,2026-04-15 13:45:00,19.75,19.75,19.73,19.73,5100,100674.0
000029.SZ,2026-04-15 13:46:00,19.74,19.74,19.71,19.71,58100,1146207.0
000029.SZ,2026-04-15 13:47:00,19.72,19.74,19.72,19.73,12200,240625.0
000029.SZ,2026-04-15 13:48:00,19.73,19.73,19.72,19.72,15100,297869.0
000029.SZ,2026-04-15 13:49:00,19.72,19.73,19.72,19.73,12900,254398.0
000029.SZ,2026-04-15 13:50:00,19.73,19.73,19.72,19.72,600,11837.0
000029.SZ,2026-04-15 13:51:00,19.72,19.73,19.72,19.73,7500,147954.0
000029.SZ,2026-04-15 13:52:00,19.74,19.74,19.72,19.74,22300,439999.0
000029.SZ,2026-04-15 13:53:00,19.73,19.73,19.72,19.72,2700,53249.0
000029.SZ,2026-04-15 13:54:00,19.72,19.73,19.72,19.73,6200,122313.0
000029.SZ,2026-04-15 13:55:00,19.74,19.74,19.73,19.74,10500,207269.0
000029.SZ,2026-04-15 13:56:00,19.75,19.76,19.75,19.76,2900,57294.0
000029.SZ,2026-04-15 13:57:00,19.76,19.77,19.76,19.77,5500,108670.0
000029.SZ,2026-04-15 13:58:00,19.77,19.77,19.75,19.76,1400,27664.0
000029.SZ,2026-04-15 13:59:00,19.75,19.75,19.75,19.75,1800,35550.0
000029.SZ,2026-04-15 14:00:00,19.75,19.75,19.74,19.75,7800,154040.0
000029.SZ,2026-04-15 14:01:00,19.75,19.75,19.74,19.75,5700,112572.0
000029.SZ,2026-04-15 14:02:00,19.76,19.76,19.74,19.75,1300,25674.0
000029.SZ,2026-04-15 14:03:00,19.75,19.75,19.74,19.74,900,17771.0
000029.SZ,2026-04-15 14:04:00,19.75,19.75,19.74,19.74,9700,191479.0
000029.SZ,2026-04-15 14:05:00,19.74,19.75,19.74,19.74,2800,55288.0
000029.SZ,2026-04-15 14:06:00,19.74,19.75,19.74,19.74,9100,179636.0
000029.SZ,2026-04-15 14:07:00,19.74,19.74,19.73,19.73,1600,31581.0
000029.SZ,2026-04-15 14:08:00,19.72,19.73,19.72,19.73,28000,552415.0
000029.SZ,2026-04-15 14:09:00,19.72,19.73,19.72,19.73,500,9864.0
000029.SZ,2026-04-15 14:10:00,19.73,19.74,19.73,19.74,3500,69066.0
000029.SZ,2026-04-15 14:11:00,19.73,19.74,19.72,19.73,4500,88789.0
000029.SZ,2026-04-15 14:12:00,19.72,19.74,19.72,19.73,10200,201255.0
000029.SZ,2026-04-15 14:13:00,19.73,19.74,19.73,19.74,300,5920.0
000029.SZ,2026-04-15 14:14:00,19.72,19.73,19.72,19.73,54100,1066848.0
000029.SZ,2026-04-15 14:15:00,19.73,19.73,19.72,19.72,1700,33531.0
000029.SZ,2026-04-15 14:16:00,19.72,19.73,19.72,19.73,1500,29582.0
000029.SZ,2026-04-15 14:17:00,19.72,19.73,19.71,19.73,21800,429731.0
000029.SZ,2026-04-15 14:18:00,19.72,19.73,19.72,19.72,9200,181444.0
000029.SZ,2026-04-15 14:19:00,19.72,19.75,19.72,19.75,13800,272288.0
000029.SZ,2026-04-15 14:20:00,19.73,19.75,19.73,19.74,2100,41459.0
000029.SZ,2026-04-15 14:21:00,19.75,19.75,19.74,19.75,3200,63185.0
000029.SZ,2026-04-15 14:22:00,19.75,19.75,19.73,19.73,9800,193539.0
000029.SZ,2026-04-15 14:23:00,19.74,19.75,19.74,19.74,5700,112566.0
000029.SZ,2026-04-15 14:24:00,19.74,19.75,19.74,19.74,3000,59233.0
000029.SZ,2026-04-15 14:25:00,19.74,19.75,19.73,19.73,11100,219086.0
000029.SZ,2026-04-15 14:26:00,19.73,19.74,19.73,19.74,5100,100647.0
000029.SZ,2026-04-15 14:27:00,19.73,19.74,19.73,19.74,8000,157884.0
000029.SZ,2026-04-15 14:28:00,19.73,19.74,19.72,19.73,11200,220956.0
000029.SZ,2026-04-15 14:29:00,19.74,19.76,19.74,19.76,18100,357355.0
000029.SZ,2026-04-15 14:30:00,19.75,19.76,19.74,19.76,3500,69133.0
000029.SZ,2026-04-15 14:31:00,19.74,19.78,19.74,19.75,16800,331875.0
000029.SZ,2026-04-15 14:32:00,19.75,19.76,19.75,19.75,2800,55304.0
000029.SZ,2026-04-15 14:33:00,19.75,19.77,19.74,19.74,9500,187613.0
000029.SZ,2026-04-15 14:34:00,19.74,19.75,19.73,19.75,22500,444135.0
000029.SZ,2026-04-15 14:35:00,19.74,19.75,19.73,19.74,11600,228940.0
000029.SZ,2026-04-15 14:36:00,19.73,19.73,19.72,19.72,2800,55239.0
000029.SZ,2026-04-15 14:37:00,19.72,19.74,19.72,19.73,10100,199315.0
000029.SZ,2026-04-15 14:38:00,19.73,19.74,19.72,19.74,7100,140126.0
000029.SZ,2026-04-15 14:39:00,19.73,19.74,19.73,19.74,4000,78951.0
000029.SZ,2026-04-15 14:40:00,19.73,19.75,19.73,19.75,34200,675095.0
000029.SZ,2026-04-15 14:41:00,19.75,19.76,19.72,19.74,6800,134212.0
000029.SZ,2026-04-15 14:42:00,19.73,19.73,19.73,19.73,7600,149948.0
000029.SZ,2026-04-15 14:43:00,19.74,19.74,19.73,19.73,5800,114465.0
000029.SZ,2026-04-15 14:44:00,19.74,19.75,19.74,19.75,6200,122413.0
000029.SZ,2026-04-15 14:45:00,19.75,19.75,19.73,19.75,18800,371147.0
000029.SZ,2026-04-15 14:46:00,19.75,19.76,19.74,19.75,17700,349539.0
000029.SZ,2026-04-15 14:47:00,19.73,19.75,19.73,19.74,5500,108564.0
000029.SZ,2026-04-15 14:48:00,19.74,19.76,19.74,19.74,7100,140197.0
000029.SZ,2026-04-15 14:49:00,19.74,19.76,19.74,19.75,14200,280430.0
000029.SZ,2026-04-15 14:50:00,19.74,19.76,19.74,19.76,21900,432626.0
000029.SZ,2026-04-15 14:51:00,19.75,19.76,19.75,19.76,5400,106690.0
000029.SZ,2026-04-15 14:52:00,19.76,19.77,19.76,19.77,19800,391160.0
000029.SZ,2026-04-15 14:53:00,19.75,19.77,19.75,19.77,3700,73121.0
000029.SZ,2026-04-15 14:54:00,19.77,19.79,19.76,19.76,19900,393431.0
000029.SZ,2026-04-15 14:55:00,19.77,19.78,19.76,19.76,2424,47922.24
000029.SZ,2026-04-15 14:56:00,19.76,19.76,19.74,19.75,46176,911931.5
000029.SZ,2026-04-15 14:57:00,19.74,19.76,19.74,19.75,12800,252737.0
000029.SZ,2026-04-15 14:58:00,19.75,19.75,19.75,19.75,0,0.0
000029.SZ,2026-04-15 14:59:00,19.75,19.75,19.75,19.75,0,0.0
000029.SZ,2026-04-15 15:00:00,19.73,19.73,19.73,19.73,30200,595846.0
000029.SZ,2026-04-16 09:30:00,19.81,19.81,19.8,19.8,2900,57443.0
000029.SZ,2026-04-16 09:31:00,19.81,19.81,19.71,19.73,26500,524328.0
000029.SZ,2026-04-16 09:32:00,19.73,19.78,19.73,19.77,15900,314090.0
000029.SZ,2026-04-16 09:33:00,19.77,19.77,19.72,19.74,21700,428340.0
000029.SZ,2026-04-16 09:34:00,19.75,19.81,19.71,19.81,40800,806411.0
000029.SZ,2026-04-16 09:35:00,19.81,20.0,19.81,19.95,140216,2792897.0
000029.SZ,2026-04-16 09:36:00,19.96,20.02,19.9,19.94,112900,2254756.0
000029.SZ,2026-04-16 09:37:00,19.94,19.97,19.92,19.97,13500,269202.0
000029.SZ,2026-04-16 09:38:00,19.95,19.98,19.95,19.95,20000,399302.0
000029.SZ,2026-04-16 09:39:00,19.94,19.96,19.85,19.85,14200,282828.0
000029.SZ,2026-04-16 09:40:00,19.86,19.86,19.8,19.85,18700,371059.0
000029.SZ,2026-04-16 09:41:00,19.85,19.86,19.83,19.83,7700,152808.0
000029.SZ,2026-04-16 09:42:00,19.84,19.86,19.84,19.86,3900,77418.0
000029.SZ,2026-04-16 09:43:00,19.84,19.88,19.84,19.86,31700,629719.0
000029.SZ,2026-04-16 09:44:00,19.88,19.88,19.86,19.86,4400,87392.0
000029.SZ,2026-04-16 09:45:00,19.85,19.86,19.85,19.85,9500,188588.0
000029.SZ,2026-04-16 09:46:00,19.85,19.87,19.84,19.87,14900,295832.0
000029.SZ,2026-04-16 09:47:00,19.87,19.87,19.84,19.84,12600,250120.0
000029.SZ,2026-04-16 09:48:00,19.84,19.85,19.84,19.84,15600,309528.0
000029.SZ,2026-04-16 09:49:00,19.84,19.85,19.84,19.85,14000,277778.0
000029.SZ,2026-04-16 09:50:00,19.84,19.85,19.84,19.85,1600,31745.0
000029.SZ,2026-04-16 09:51:00,19.84,19.84,19.82,19.82,20100,398588.0
000029.SZ,2026-04-16 09:52:00,19.8,19.82,19.8,19.81,6100,120881.0
000029.SZ,2026-04-16 09:53:00,19.81,19.83,19.81,19.81,3500,69385.0
000029.SZ,2026-04-16 09:54:00,19.81,19.82,19.81,19.82,11100,219916.0
000029.SZ,2026-04-16 09:55:00,19.8,19.82,19.8,19.82,3800,75252.0
000029.SZ,2026-04-16 09:56:00,19.8,19.81,19.8,19.81,1600,31697.0
000029.SZ,2026-04-16 09:57:00,19.81,19.81,19.78,19.79,19900,393926.0
000029.SZ,2026-04-16 09:58:00,19.78,19.79,19.77,19.78,11400,225489.0
000029.SZ,2026-04-16 09:59:00,19.78,19.81,19.78,19.81,11300,223682.0
000029.SZ,2026-04-16 10:00:00,19.8,19.86,19.8,19.85,12100,239996.0
000029.SZ,2026-04-16 10:01:00,19.84,19.85,19.83,19.84,3300,65482.0
000029.SZ,2026-04-16 10:02:00,19.86,19.89,19.85,19.85,13800,274167.0
000029.SZ,2026-04-16 10:03:00,19.85,19.85,19.85,19.85,100,1985.0
000029.SZ,2026-04-16 10:04:00,19.86,19.86,19.84,19.84,9300,184640.0
000029.SZ,2026-04-16 10:05:00,19.84,19.84,19.84,19.84,500,9921.0
000029.SZ,2026-04-16 10:06:00,19.84,19.84,19.84,19.84,200,3968.0
000029.SZ,2026-04-16 10:07:00,19.84,19.85,19.84,19.85,2000,39699.0
000029.SZ,2026-04-16 10:08:00,19.84,19.88,19.84,19.88,10900,216444.0
000029.SZ,2026-04-16 10:09:00,19.88,19.88,19.85,19.86,15800,313859.0
000029.SZ,2026-04-16 10:10:00,19.87,19.87,19.84,19.84,4400,87373.0
000029.SZ,2026-04-16 10:11:00,19.84,19.84,19.82,19.82,16700,331257.0
000029.SZ,2026-04-16 10:12:00,19.82,19.82,19.81,19.82,15700,311143.0
000029.SZ,2026-04-16 10:13:00,19.82,19.83,19.82,19.83,2000,39648.0
000029.SZ,2026-04-16 10:14:00,19.81,19.83,19.81,19.83,5500,108989.0
000029.SZ,2026-04-16 10:15:00,19.81,19.82,19.81,19.82,300,5944.0
000029.SZ,2026-04-16 10:16:00,19.81,19.82,19.81,19.81,3300,65379.0
000029.SZ,2026-04-16 10:17:00,19.81,19.83,19.81,19.81,6000,118875.0
000029.SZ,2026-04-16 10:18:00,19.8,19.82,19.77,19.79,75500,1493971.0
000029.SZ,2026-04-16 10:19:00,19.81,19.83,19.81,19.82,39300,778567.0
000029.SZ,2026-04-16 10:20:00,19.84,19.85,19.82,19.84,3500,69434.0
000029.SZ,2026-04-16 10:21:00,19.84,19.85,19.83,19.85,4000,79365.0
000029.SZ,2026-04-16 10:22:00,19.85,19.86,19.84,19.86,2900,57567.0
000029.SZ,2026-04-16 10:23:00,19.84,19.84,19.83,19.84,3700,73410.0
000029.SZ,2026-04-16 10:24:00,19.85,19.85,19.84,19.84,1800,35729.0
000029.SZ,2026-04-16 10:25:00,19.84,19.84,19.84,19.84,2300,45640.0
000029.SZ,2026-04-16 10:26:00,19.85,19.91,19.85,19.9,23000,457086.0
000029.SZ,2026-04-16 10:27:00,19.89,19.93,19.89,19.93,23600,470129.0
000029.SZ,2026-04-16 10:28:00,19.92,19.93,19.91,19.91,4200,83646.0
000029.SZ,2026-04-16 10:29:00,19.9,19.9,19.89,19.9,1500,29848.0
000029.SZ,2026-04-16 10:30:00,19.91,19.94,19.91,19.94,21300,424373.0
000029.SZ,2026-04-16 10:31:00,19.94,19.95,19.92,19.94,3900,77766.0
000029.SZ,2026-04-16 10:32:00,19.94,19.95,19.94,19.94,11700,233373.0
000029.SZ,2026-04-16 10:33:00,19.95,19.95,19.94,19.94,1300,25925.0
000029.SZ,2026-04-16 10:34:00,19.93,19.93,19.92,19.92,1800,35873.0
000029.SZ,2026-04-16 10:35:00,19.92,19.94,19.92,19.93,19500,388711.0
000029.SZ,2026-04-16 10:36:00,19.93,19.93,19.91,19.92,6200,123544.0
000029.SZ,2026-04-16 10:37:00,19.91,19.91,19.9,19.91,15000,298647.0
000029.SZ,2026-04-16 10:38:00,19.93,19.94,19.91,19.94,60000,1194901.0
000029.SZ,2026-04-16 10:39:00,19.94,19.94,19.93,19.93,9500,189426.0
000029.SZ,2026-04-16 10:40:00,19.93,19.93,19.93,19.93,3700,73739.0
000029.SZ,2026-04-16 10:41:00,19.92,19.93,19.92,19.93,2600,51806.0
000029.SZ,2026-04-16 10:42:00,19.93,19.93,19.92,19.92,7600,151404.0
000029.SZ,2026-04-16 10:43:00,19.92,19.93,19.92,19.93,4600,91637.39
000029.SZ,2026-04-16 10:44:00,19.92,19.93,19.92,19.93,600,11953.0
000029.SZ,2026-04-16 10:45:00,19.93,19.93,19.92,19.92,3500,69730.0
000029.SZ,2026-04-16 10:46:00,19.92,19.92,19.89,19.89,8700,173192.0
000029.SZ,2026-04-16 10:47:00,19.89,19.9,19.89,19.9,4800,95518.0
000029.SZ,2026-04-16 10:48:00,19.9,19.9,19.89,19.9,1800,35815.0
000029.SZ,2026-04-16 10:49:00,19.9,19.9,19.88,19.88,7300,145188.0
000029.SZ,2026-04-16 10:50:00,19.89,19.89,19.88,19.88,2400,47725.0
000029.SZ,2026-04-16 10:51:00,19.89,19.89,19.88,19.89,2000,39774.0
000029.SZ,2026-04-16 10:52:00,19.89,19.89,19.88,19.89,2900,57670.0
000029.SZ,2026-04-16 10:53:00,19.89,19.89,19.86,19.86,8500,168921.0
000029.SZ,2026-04-16 10:54:00,19.86,19.87,19.86,19.87,900,17880.0
000029.SZ,2026-04-16 10:55:00,19.87,19.88,19.87,19.88,8900,176788.0
000029.SZ,2026-04-16 10:56:00,19.88,19.89,19.88,19.89,1900,37774.0
000029.SZ,2026-04-16 10:57:00,19.88,19.9,19.88,19.89,5000,99424.0
000029.SZ,2026-04-16 10:58:00,19.9,19.91,19.9,19.91,1600,31848.0
000029.SZ,2026-04-16 10:59:00,19.91,19.92,19.9,19.9,7400,147343.0
000029.SZ,2026-04-16 11:00:00,19.93,19.98,19.93,19.96,78761,1571343.8
000029.SZ,2026-04-16 11:01:00,19.96,19.98,19.96,19.98,10700,213650.0
000029.SZ,2026-04-16 11:02:00,19.96,19.96,19.95,19.95,2000,39916.0
000029.SZ,2026-04-16 11:03:00,19.95,19.96,19.95,19.96,2100,41905.0
000029.SZ,2026-04-16 11:04:00,19.96,19.96,19.95,19.95,10000,199579.0
000029.SZ,2026-04-16 11:05:00,19.97,19.98,19.97,19.98,4300,85878.0
000029.SZ,2026-04-16 11:06:00,19.97,19.98,19.97,19.97,1200,23965.0
000029.SZ,2026-04-16 11:07:00,19.97,19.98,19.96,19.96,28000,559165.0
000029.SZ,2026-04-16 11:08:00,19.97,19.98,19.97,19.97,31600,631097.0
000029.SZ,2026-04-16 11:09:00,19.97,19.98,19.97,19.98,6000,119841.0
000029.SZ,2026-04-16 11:10:00,19.96,19.96,19.96,19.96,4900,97804.0
000029.SZ,2026-04-16 11:11:00,19.96,19.96,19.95,19.95,8300,165602.0
000029.SZ,2026-04-16 11:12:00,19.95,19.95,19.94,19.94,800,15955.0
000029.SZ,2026-04-16 11:13:00,19.94,19.94,19.93,19.93,4700,93709.0
000029.SZ,2026-04-16 11:14:00,19.93,19.94,19.93,19.94,700,13952.0
000029.SZ,2026-04-16 11:15:00,19.94,19.94,19.93,19.94,2600,51830.0
000029.SZ,2026-04-16 11:16:00,19.94,19.95,19.94,19.95,6600,131556.0
000029.SZ,2026-04-16 11:17:00,19.94,19.95,19.94,19.95,2800,55856.0
000029.SZ,2026-04-16 11:18:00,19.95,19.95,19.94,19.94,900,17949.0
000029.SZ,2026-04-16 11:19:00,19.95,19.96,19.95,19.96,6100,121713.0
000029.SZ,2026-04-16 11:20:00,19.95,19.95,19.94,19.95,900,17951.0
000029.SZ,2026-04-16 11:21:00,19.95,19.95,19.95,19.95,1700,33915.0
000029.SZ,2026-04-16 11:22:00,19.94,19.96,19.94,19.96,1500,29924.0
000029.SZ,2026-04-16 11:23:00,19.96,19.96,19.96,19.96,2300,45908.0
000029.SZ,2026-04-16 11:24:00,19.95,19.95,19.93,19.93,3900,77782.0
000029.SZ,2026-04-16 11:25:00,19.93,19.93,19.92,19.92,2200,43829.0
000029.SZ,2026-04-16 11:26:00,19.92,19.93,19.92,19.93,300,5977.0
000029.SZ,2026-04-16 11:27:00,19.92,19.93,19.92,19.93,5700,113592.0
000029.SZ,2026-04-16 11:28:00,19.9,19.93,19.9,19.93,1200,23899.0
000029.SZ,2026-04-16 11:29:00,19.9,19.93,19.9,19.93,1400,27889.0
000029.SZ,2026-04-16 11:30:00,19.93,19.93,19.9,19.9,2300,45776.0
000029.SZ,2026-04-16 13:01:00,19.9,19.9,19.87,19.87,23800,473314.0
000029.SZ,2026-04-16 13:02:00,19.86,19.88,19.86,19.87,19100,379337.0
000029.SZ,2026-04-16 13:03:00,19.86,19.88,19.86,19.88,12900,256250.0
000029.SZ,2026-04-16 13:04:00,19.86,19.86,19.86,19.86,200,3972.0
000029.SZ,2026-04-16 13:05:00,19.87,19.87,19.86,19.87,30200,599699.0
000029.SZ,2026-04-16 13:06:00,19.87,19.87,19.86,19.86,5100,101311.0
000029.SZ,2026-04-16 13:07:00,19.86,19.87,19.86,19.87,1900,37752.0
000029.SZ,2026-04-16 13:08:00,19.88,19.88,19.88,19.88,100,1988.0
000029.SZ,2026-04-16 13:09:00,19.9,19.9,19.87,19.88,5500,109322.0
000029.SZ,2026-04-16 13:10:00,19.88,19.88,19.85,19.85,20700,410945.0
000029.SZ,2026-04-16 13:11:00,19.85,19.88,19.85,19.88,73200,1453034.0
000029.SZ,2026-04-16 13:12:00,19.89,19.93,19.88,19.9,16000,318440.0
000029.SZ,2026-04-16 13:13:00,19.91,19.91,19.9,19.9,600,11941.0
000029.SZ,2026-04-16 13:14:00,19.9,19.9,19.9,19.9,0,0.0
000029.SZ,2026-04-16 13:15:00,19.9,19.9,19.9,19.9,1500,29850.0
000029.SZ,2026-04-16 13:16:00,19.9,19.9,19.9,19.9,0,0.0
000029.SZ,2026-04-16 13:17:00,19.9,19.9,19.89,19.89,5300,105467.0
000029.SZ,2026-04-16 13:18:00,19.9,19.91,19.9,19.91,8100,161191.0
000029.SZ,2026-04-16 13:19:00,19.9,20.04,19.9,20.02,134424,2686982.2
000029.SZ,2026-04-16 13:20:00,20.02,20.19,20.02,20.18,164200,3305676.0
000029.SZ,2026-04-16 13:21:00,20.19,20.19,20.11,20.14,40500,815544.0
000029.SZ,2026-04-16 13:22:00,20.14,20.15,20.11,20.11,12400,249473.0
000029.SZ,2026-04-16 13:23:00,20.11,20.12,20.09,20.09,11500,231208.0
000029.SZ,2026-04-16 13:24:00,20.09,20.1,20.07,20.08,24500,492131.0
000029.SZ,2026-04-16 13:25:00,20.11,20.11,20.1,20.1,21400,430197.0
000029.SZ,2026-04-16 13:26:00,20.09,20.1,20.08,20.08,9000,180763.0
000029.SZ,2026-04-16 13:27:00,20.06,20.08,20.06,20.08,7600,152522.0
000029.SZ,2026-04-16 13:28:00,20.08,20.1,20.08,20.1,5000,100437.0
000029.SZ,2026-04-16 13:29:00,20.1,20.17,20.1,20.17,92300,1858061.0
000029.SZ,2026-04-16 13:30:00,20.17,20.17,20.15,20.17,14600,294286.0
000029.SZ,2026-04-16 13:31:00,20.15,20.16,20.13,20.16,34900,703002.0
000029.SZ,2026-04-16 13:32:00,20.15,20.16,20.14,20.14,10400,209524.0
000029.SZ,2026-04-16 13:33:00,20.14,20.15,20.13,20.13,16500,332410.0
000029.SZ,2026-04-16 13:34:00,20.13,20.14,20.13,20.14,3500,70475.0
000029.SZ,2026-04-16 13:35:00,20.14,20.15,20.13,20.15,36500,735109.0
000029.SZ,2026-04-16 13:36:00,20.15,20.15,20.13,20.15,8000,161132.0
000029.SZ,2026-04-16 13:37:00,20.13,20.14,20.13,20.13,2100,42284.0
000029.SZ,2026-04-16 13:38:00,20.14,20.14,20.13,20.13,1300,26173.0
000029.SZ,2026-04-16 13:39:00,20.13,20.15,20.13,20.15,3900,78547.0
000029.SZ,2026-04-16 13:40:00,20.14,20.15,20.13,20.13,6400,128886.0
000029.SZ,2026-04-16 13:41:00,20.13,20.14,20.13,20.13,4600,92602.0
000029.SZ,2026-04-16 13:42:00,20.12,20.12,20.11,20.11,2800,56314.0
000029.SZ,2026-04-16 13:43:00,20.11,20.13,20.11,20.11,2600,52307.0
000029.SZ,2026-04-16 13:44:00,20.13,20.13,20.11,20.12,5800,116692.0
000029.SZ,2026-04-16 13:45:00,20.12,20.12,20.11,20.11,3300,66365.0
000029.SZ,2026-04-16 13:46:00,20.11,20.12,20.11,20.12,7000,140777.0
000029.SZ,2026-04-16 13:47:00,20.12,20.12,20.11,20.11,1200,24138.0
000029.SZ,2026-04-16 13:48:00,20.11,20.13,20.11,20.13,13300,267489.0
000029.SZ,2026-04-16 13:49:00,20.11,20.11,20.1,20.11,4800,96527.0
000029.SZ,2026-04-16 13:50:00,20.1,20.11,20.1,20.1,16000,321603.0
000029.SZ,2026-04-16 13:51:00,20.11,20.11,20.1,20.11,17300,347814.0
000029.SZ,2026-04-16 13:52:00,20.11,20.12,20.11,20.12,3600,72406.0
000029.SZ,2026-04-16 13:53:00,20.11,20.12,20.11,20.11,6200,124688.0
000029.SZ,2026-04-16 13:54:00,20.11,20.12,20.11,20.12,8700,174991.0
000029.SZ,2026-04-16 13:55:00,20.12,20.12,20.12,20.12,9400,189128.0
000029.SZ,2026-04-16 13:56:00,20.11,20.11,20.1,20.1,31300,629383.0
000029.SZ,2026-04-16 13:57:00,20.11,20.11,20.1,20.1,2200,44238.0
000029.SZ,2026-04-16 13:58:00,20.1,20.1,20.1,20.1,5600,112560.0
000029.SZ,2026-04-16 13:59:00,20.1,20.11,20.1,20.1,27700,556778.0
000029.SZ,2026-04-16 14:00:00,20.1,20.11,20.1,20.1,1600,32164.0
000029.SZ,2026-04-16 14:01:00,20.11,20.11,20.1,20.1,6300,126637.0
000029.SZ,2026-04-16 14:02:00,20.12,20.12,20.1,20.12,2000,40230.0
000029.SZ,2026-04-16 14:03:00,20.11,20.11,20.11,20.11,200,4022.0
000029.SZ,2026-04-16 14:04:00,20.11,20.11,20.1,20.11,5700,114588.0
000029.SZ,2026-04-16 14:05:00,20.11,20.11,20.11,20.11,1500,30165.0
000029.SZ,2026-04-16 14:06:00,20.11,20.11,20.1,20.11,3300,66357.0
000029.SZ,2026-04-16 14:07:00,20.11,20.11,20.11,20.11,500,10055.0
000029.SZ,2026-04-16 14:08:00,20.11,20.11,20.11,20.11,0,0.0
000029.SZ,2026-04-16 14:09:00,20.11,20.12,20.11,20.12,10800,217219.0
000029.SZ,2026-04-16 14:10:00,20.12,20.13,20.12,20.13,5000,100608.0
000029.SZ,2026-04-16 14:11:00,20.13,20.16,20.13,20.16,62300,1254810.0
000029.SZ,2026-04-16 14:12:00,20.16,20.16,20.13,20.15,14000,282040.0
000029.SZ,2026-04-16 14:13:00,20.15,20.15,20.13,20.14,1400,28200.0
000029.SZ,2026-04-16 14:14:00,20.13,20.13,20.12,20.12,7300,146943.0
000029.SZ,2026-04-16 14:15:00,20.12,20.15,20.11,20.15,36300,730658.0
000029.SZ,2026-04-16 14:16:00,20.15,20.15,20.14,20.14,4100,82596.0
000029.SZ,2026-04-16 14:17:00,20.13,20.14,20.13,20.14,800,16105.0
000029.SZ,2026-04-16 14:18:00,20.13,20.14,20.13,20.13,3800,76497.0
000029.SZ,2026-04-16 14:19:00,20.13,20.13,20.11,20.11,11000,221322.0
000029.SZ,2026-04-16 14:20:00,20.11,20.13,20.11,20.13,1700,34213.0
000029.SZ,2026-04-16 14:21:00,20.12,20.14,20.12,20.13,4500,90592.0
000029.SZ,2026-04-16 14:22:00,20.13,20.13,20.13,20.13,3600,72468.0
000029.SZ,2026-04-16 14:23:00,20.12,20.13,20.12,20.13,5100,102653.0
000029.SZ,2026-04-16 14:24:00,20.12,20.13,20.12,20.12,3900,78473.0
000029.SZ,2026-04-16 14:25:00,20.12,20.13,20.12,20.13,1800,36219.0
000029.SZ,2026-04-16 14:26:00,20.13,20.13,20.12,20.13,3200,64414.0
000029.SZ,2026-04-16 14:27:00,20.12,20.12,20.12,20.12,900,18108.0
000029.SZ,2026-04-16 14:28:00,20.12,20.13,20.12,20.13,1200,24148.0
000029.SZ,2026-04-16 14:29:00,20.12,20.12,20.12,20.12,6700,134804.0
000029.SZ,2026-04-16 14:30:00,20.12,20.13,20.12,20.13,2000,40248.0
000029.SZ,2026-04-16 14:31:00,20.13,20.13,20.12,20.13,9700,195202.0
000029.SZ,2026-04-16 14:32:00,20.13,20.14,20.13,20.14,5000,100681.0
000029.SZ,2026-04-16 14:33:00,20.14,20.15,20.14,20.15,10700,215555.0
000029.SZ,2026-04-16 14:34:00,20.15,20.16,20.15,20.16,6800,137043.0
000029.SZ,2026-04-16 14:35:00,20.14,20.15,20.14,20.14,8000,161131.0
000029.SZ,2026-04-16 14:36:00,20.15,20.15,20.13,20.14,11700,235639.0
000029.SZ,2026-04-16 14:37:00,20.14,20.15,20.14,20.14,19300,388810.0
000029.SZ,2026-04-16 14:38:00,20.15,20.15,20.14,20.15,2400,48346.0
000029.SZ,2026-04-16 14:39:00,20.14,20.25,20.14,20.25,355500,7176220.0
000029.SZ,2026-04-16 14:40:00,20.25,20.25,20.2,20.2,44800,905982.0
000029.SZ,2026-04-16 14:41:00,20.22,20.24,20.2,20.22,30200,610679.0
000029.SZ,2026-04-16 14:42:00,20.22,20.23,20.22,20.23,3800,76868.0
000029.SZ,2026-04-16 14:43:00,20.22,20.23,20.21,20.22,4500,90991.0
000029.SZ,2026-04-16 14:44:00,20.22,20.22,20.2,20.21,9600,194046.0
000029.SZ,2026-04-16 14:45:00,20.2,20.21,20.2,20.21,7100,143443.0
000029.SZ,2026-04-16 14:46:00,20.21,20.22,20.2,20.21,28900,584024.0
000029.SZ,2026-04-16 14:47:00,20.22,20.23,20.21,20.23,15800,319493.0
000029.SZ,2026-04-16 14:48:00,20.22,20.23,20.2,20.21,55800,1127358.0
000029.SZ,2026-04-16 14:49:00,20.21,20.22,20.21,20.21,28700,580259.0
000029.SZ,2026-04-16 14:50:00,20.21,20.22,20.21,20.22,11800,238526.0
000029.SZ,2026-04-16 14:51:00,20.22,20.23,20.21,20.22,73500,1486142.0
000029.SZ,2026-04-16 14:52:00,20.21,20.22,20.2,20.2,15500,313283.0
000029.SZ,2026-04-16 14:53:00,20.21,20.22,20.2,20.21,21000,424339.0
000029.SZ,2026-04-16 14:54:00,20.2,20.22,20.2,20.21,92200,1862752.0
000029.SZ,2026-04-16 14:55:00,20.21,20.21,20.2,20.2,26800,541432.0
000029.SZ,2026-04-16 14:56:00,20.2,20.21,20.19,20.2,33900,684706.0
000029.SZ,2026-04-16 14:57:00,20.19,20.2,20.15,20.18,8100,163399.0
000029.SZ,2026-04-16 14:58:00,20.18,20.18,20.18,20.18,0,0.0
000029.SZ,2026-04-16 14:59:00,20.18,20.18,20.18,20.18,0,0.0
000029.SZ,2026-04-16 15:00:00,20.16,20.16,20.16,20.16,22000,443520.0
000029.SZ,2026-04-17 09:30:00,20.2,20.22,20.2,20.22,14300,288928.0
000029.SZ,2026-04-17 09:31:00,20.18,20.18,20.09,20.09,36600,738123.0
000029.SZ,2026-04-17 09:32:00,20.11,20.12,20.08,20.1,30400,611027.0
000029.SZ,2026-04-17 09:33:00,20.07,20.07,19.94,19.99,174400,3486735.0
000029.SZ,2026-04-17 09:34:00,19.98,19.99,19.96,19.97,18500,369481.0
000029.SZ,2026-04-17 09:35:00,19.99,20.14,19.99,20.11,23800,477164.0
000029.SZ,2026-04-17 09:36:00,20.1,20.1,20.06,20.09,8800,176713.0
000029.SZ,2026-04-17 09:37:00,20.09,20.17,20.09,20.16,47200,950437.0
000029.SZ,2026-04-17 09:38:00,20.16,20.16,20.09,20.15,19300,388607.0
000029.SZ,2026-04-17 09:39:00,20.17,20.18,20.14,20.17,33400,673224.0
000029.SZ,2026-04-17 09:40:00,20.17,20.17,20.11,20.11,11500,231601.0
000029.SZ,2026-04-17 09:41:00,20.14,20.14,20.06,20.07,8100,162798.0
000029.SZ,2026-04-17 09:42:00,20.08,20.09,20.07,20.07,13500,271031.0
000029.SZ,2026-04-17 09:43:00,20.07,20.11,20.07,20.11,21200,425927.0
000029.SZ,2026-04-17 09:44:00,20.1,20.2,20.1,20.17,75100,1514414.0
000029.SZ,2026-04-17 09:45:00,20.17,20.2,20.15,20.19,24900,502699.0
000029.SZ,2026-04-17 09:46:00,20.2,20.28,20.2,20.28,38000,769345.0
000029.SZ,2026-04-17 09:47:00,20.28,20.31,20.27,20.3,55600,1128138.0
000029.SZ,2026-04-17 09:48:00,20.28,20.31,20.27,20.27,47700,968278.0
000029.SZ,2026-04-17 09:49:00,20.29,20.29,20.24,20.29,39300,797049.0
000029.SZ,2026-04-17 09:50:00,20.26,20.31,20.25,20.29,52300,1060434.0
000029.SZ,2026-04-17 09:51:00,20.3,20.32,20.28,20.31,31500,639648.0
000029.SZ,2026-04-17 09:52:00,20.31,20.31,20.28,20.28,13600,276024.0
000029.SZ,2026-04-17 09:53:00,20.28,20.34,20.27,20.34,53500,1086232.0
000029.SZ,2026-04-17 09:54:00,20.32,20.49,20.32,20.48,136600,2784237.0
000029.SZ,2026-04-17 09:55:00,20.46,20.48,20.43,20.47,109100,2232521.0
000029.SZ,2026-04-17 09:56:00,20.48,20.58,20.47,20.52,133588,2740033.0
000029.SZ,2026-04-17 09:57:00,20.52,20.57,20.52,20.57,66800,1373076.0
000029.SZ,2026-04-17 09:58:00,20.56,20.56,20.49,20.49,25600,525340.0
000029.SZ,2026-04-17 09:59:00,20.48,20.49,20.45,20.46,32700,669015.0
000029.SZ,2026-04-17 10:00:00,20.48,20.51,20.48,20.48,34000,696663.0
000029.SZ,2026-04-17 10:01:00,20.5,20.5,20.43,20.43,22400,458194.0
000029.SZ,2026-04-17 10:02:00,20.43,20.43,20.39,20.4,35100,716405.0
000029.SZ,2026-04-17 10:03:00,20.41,20.41,20.38,20.38,9500,193732.0
000029.SZ,2026-04-17 10:04:00,20.39,20.4,20.37,20.38,51900,1057789.0
000029.SZ,2026-04-17 10:05:00,20.37,20.37,20.34,20.37,18200,370537.0
000029.SZ,2026-04-17 10:06:00,20.37,20.4,20.36,20.39,15900,323906.0
000029.SZ,2026-04-17 10:07:00,20.39,20.45,20.39,20.4,23200,473566.0
000029.SZ,2026-04-17 10:08:00,20.4,20.45,20.38,20.41,18000,367549.0
000029.SZ,2026-04-17 10:09:00,20.41,20.41,20.38,20.39,9300,189609.0
000029.SZ,2026-04-17 10:10:00,20.36,20.38,20.35,20.36,33100,674042.0
000029.SZ,2026-04-17 10:11:00,20.35,20.4,20.35,20.4,7000,142668.0
000029.SZ,2026-04-17 10:12:00,20.42,20.45,20.41,20.43,8200,167508.0
000029.SZ,2026-04-17 10:13:00,20.43,20.45,20.42,20.44,17100,349452.0
000029.SZ,2026-04-17 10:14:00,20.45,20.45,20.42,20.42,10200,208379.0
000029.SZ,2026-04-17 10:15:00,20.42,20.43,20.4,20.4,4800,98004.0
000029.SZ,2026-04-17 10:16:00,20.39,20.4,20.38,20.39,6400,130521.0
000029.SZ,2026-04-17 10:17:00,20.4,20.4,20.37,20.39,2700,55055.0
000029.SZ,2026-04-17 10:18:00,20.38,20.41,20.38,20.4,8900,181508.0
000029.SZ,2026-04-17 10:19:00,20.41,20.46,20.41,20.46,32900,672505.0
000029.SZ,2026-04-17 10:20:00,20.43,20.46,20.43,20.45,11400,233204.0
000029.SZ,2026-04-17 10:21:00,20.44,20.46,20.43,20.43,3900,79716.0
000029.SZ,2026-04-17 10:22:00,20.43,20.49,20.42,20.49,26200,535816.0
000029.SZ,2026-04-17 10:23:00,20.47,20.51,20.46,20.5,43300,887369.0
000029.SZ,2026-04-17 10:24:00,20.5,20.53,20.48,20.49,24300,498202.0
000029.SZ,2026-04-17 10:25:00,20.48,20.49,20.46,20.48,11100,227285.0
000029.SZ,2026-04-17 10:26:00,20.48,20.49,20.46,20.47,5100,104446.0
000029.SZ,2026-04-17 10:27:00,20.46,20.47,20.43,20.43,3500,71614.0
000029.SZ,2026-04-17 10:28:00,20.46,20.46,20.4,20.4,26600,543114.0
000029.SZ,2026-04-17 10:29:00,20.41,20.43,20.41,20.43,8200,167344.0
000029.SZ,2026-04-17 10:30:00,20.42,20.45,20.42,20.45,3700,75587.0
000029.SZ,2026-04-17 10:31:00,20.43,20.44,20.4,20.4,6900,140834.0
000029.SZ,2026-04-17 10:32:00,20.4,20.44,20.39,20.42,9600,195954.0
000029.SZ,2026-04-17 10:33:00,20.42,20.47,20.42,20.47,16200,331222.0
000029.SZ,2026-04-17 10:34:00,20.46,20.47,20.46,20.46,8900,182156.0
000029.SZ,2026-04-17 10:35:00,20.46,20.48,20.44,20.46,10600,216947.0
000029.SZ,2026-04-17 10:36:00,20.47,20.48,20.45,20.45,10600,216907.0
000029.SZ,2026-04-17 10:37:00,20.45,20.46,20.43,20.45,11000,224914.0
000029.SZ,2026-04-17 10:38:00,20.44,20.45,20.44,20.44,5900,120609.0
000029.SZ,2026-04-17 10:39:00,20.44,20.44,20.41,20.43,16000,326853.0
000029.SZ,2026-04-17 10:40:00,20.43,20.46,20.42,20.46,12800,261739.0
000029.SZ,2026-04-17 10:41:00,20.46,20.49,20.45,20.49,16300,333691.0
000029.SZ,2026-04-17 10:42:00,20.49,20.5,20.48,20.48,11100,227474.0
000029.SZ,2026-04-17 10:43:00,20.5,20.51,20.48,20.49,18000,368951.0
000029.SZ,2026-04-17 10:44:00,20.49,20.5,20.48,20.48,13500,276602.0
000029.SZ,2026-04-17 10:45:00,20.48,20.5,20.48,20.5,22300,456945.0
000029.SZ,2026-04-17 10:46:00,20.49,20.49,20.47,20.48,12900,264221.0
000029.SZ,2026-04-17 10:47:00,20.49,20.5,20.47,20.5,27300,559426.0
000029.SZ,2026-04-17 10:48:00,20.49,20.51,20.49,20.51,3000,61492.0
000029.SZ,2026-04-17 10:49:00,20.49,20.5,20.48,20.5,25900,530656.0
000029.SZ,2026-04-17 10:50:00,20.51,20.55,20.51,20.54,41800,858202.0
000029.SZ,2026-04-17 10:51:00,20.54,20.54,20.5,20.52,5500,112890.0
000029.SZ,2026-04-17 10:52:00,20.51,20.51,20.49,20.51,5595,114744.55
000029.SZ,2026-04-17 10:53:00,20.51,20.52,20.5,20.52,23400,479870.0
000029.SZ,2026-04-17 10:54:00,20.53,20.54,20.49,20.5,40900,839154.0
000029.SZ,2026-04-17 10:55:00,20.51,20.53,20.5,20.51,54100,1109606.0
000029.SZ,2026-04-17 10:56:00,20.52,20.54,20.51,20.53,53200,1091752.0
000029.SZ,2026-04-17 10:57:00,20.55,20.56,20.54,20.55,20200,415114.0
000029.SZ,2026-04-17 10:58:00,20.55,20.55,20.51,20.51,10300,211580.0
000029.SZ,2026-04-17 10:59:00,20.52,20.52,20.45,20.46,14805,303086.44
000029.SZ,2026-04-17 11:00:00,20.46,20.46,20.42,20.42,28100,574278.0
000029.SZ,2026-04-17 11:01:00,20.42,20.43,20.42,20.43,7000,142995.0
000029.SZ,2026-04-17 11:02:00,20.42,20.43,20.4,20.43,30400,620777.0
000029.SZ,2026-04-17 11:03:00,20.43,20.45,20.42,20.42,4800,98112.0
000029.SZ,2026-04-17 11:04:00,20.42,20.45,20.42,20.45,6100,124662.0
000029.SZ,2026-04-17 11:05:00,20.45,20.45,20.45,20.45,0,0.0
000029.SZ,2026-04-17 11:06:00,20.43,20.43,20.39,20.4,16600,338812.0
000029.SZ,2026-04-17 11:07:00,20.4,20.4,20.39,20.4,4800,97919.0
000029.SZ,2026-04-17 11:08:00,20.4,20.4,20.38,20.38,18500,377223.0
000029.SZ,2026-04-17 11:09:00,20.38,20.38,20.36,20.36,9700,197648.0
000029.SZ,2026-04-17 11:10:00,20.36,20.37,20.33,20.33,14800,301280.0
000029.SZ,2026-04-17 11:11:00,20.33,20.35,20.33,20.33,8700,176902.0
000029.SZ,2026-04-17 11:12:00,20.33,20.33,20.31,20.31,29200,593465.0
000029.SZ,2026-04-17 11:13:00,20.3,20.31,20.3,20.31,9100,184825.0
000029.SZ,2026-04-17 11:14:00,20.32,20.33,20.31,20.31,9400,191040.0
000029.SZ,2026-04-17 11:15:00,20.32,20.32,20.28,20.29,12200,247684.0
000029.SZ,2026-04-17 11:16:00,20.3,20.3,20.3,20.3,5500,111650.0
000029.SZ,2026-04-17 11:17:00,20.31,20.31,20.3,20.3,3000,60929.0
000029.SZ,2026-04-17 11:18:00,20.31,20.31,20.3,20.31,7700,156385.0
000029.SZ,2026-04-17 11:19:00,20.27,20.29,20.26,20.28,36100,732395.0
000029.SZ,2026-04-17 11:20:00,20.27,20.27,20.25,20.25,24400,494380.0
000029.SZ,2026-04-17 11:21:00,20.27,20.27,20.27,20.27,800,16216.0
000029.SZ,2026-04-17 11:22:00,20.27,20.27,20.27,20.27,2900,58783.0
000029.SZ,2026-04-17 11:23:00,20.26,20.26,20.23,20.23,38800,785026.0
000029.SZ,2026-04-17 11:24:00,20.23,20.25,20.23,20.24,6700,135575.0
000029.SZ,2026-04-17 11:25:00,20.25,20.27,20.25,20.25,900,18235.0
000029.SZ,2026-04-17 11:26:00,20.26,20.26,20.25,20.25,2400,48622.0
000029.SZ,2026-04-17 11:27:00,20.23,20.23,20.23,20.23,6200,125513.0
000029.SZ,2026-04-17 11:28:00,20.23,20.23,20.23,20.23,400,8092.0
000029.SZ,2026-04-17 11:29:00,20.23,20.24,20.23,20.23,7300,147680.0
000029.SZ,2026-04-17 11:30:00,20.22,20.23,20.22,20.23,4600,93024.0
000029.SZ,2026-04-17 13:01:00,20.23,20.23,20.18,20.21,133700,2700953.0
000029.SZ,2026-04-17 13:02:00,20.21,20.21,20.21,20.21,8000,161682.0
000029.SZ,2026-04-17 13:03:00,20.2,20.22,20.2,20.21,4700,94992.0
000029.SZ,2026-04-17 13:04:00,20.19,20.2,20.19,20.19,15300,309007.0
000029.SZ,2026-04-17 13:05:00,20.19,20.2,20.19,20.2,12700,256464.0
000029.SZ,2026-04-17 13:06:00,20.21,20.21,20.21,20.21,1400,28294.0
000029.SZ,2026-04-17 13:07:00,20.19,20.19,20.19,20.19,10600,214113.0
000029.SZ,2026-04-17 13:08:00,20.19,20.19,20.16,20.16,11500,232050.0
000029.SZ,2026-04-17 13:09:00,20.16,20.17,20.16,20.16,8900,179446.0
000029.SZ,2026-04-17 13:10:00,20.16,20.17,20.16,20.17,7700,155301.0
000029.SZ,2026-04-17 13:11:00,20.18,20.18,20.18,20.18,2000,40360.0
000029.SZ,2026-04-17 13:12:00,20.18,20.18,20.17,20.17,1900,38335.0
000029.SZ,2026-04-17 13:13:00,20.17,20.2,20.17,20.2,21600,435936.0
000029.SZ,2026-04-17 13:14:00,20.2,20.2,20.18,20.18,13400,270457.0
000029.SZ,2026-04-17 13:15:00,20.18,20.18,20.17,20.17,1600,32281.0
000029.SZ,2026-04-17 13:16:00,20.17,20.18,20.17,20.18,9500,191701.0
000029.SZ,2026-04-17 13:17:00,20.18,20.18,20.16,20.16,22900,461836.0
000029.SZ,2026-04-17 13:18:00,20.16,20.17,20.15,20.16,4600,92737.0
000029.SZ,2026-04-17 13:19:00,20.16,20.18,20.16,20.17,14000,282357.0
000029.SZ,2026-04-17 13:20:00,20.17,20.18,20.16,20.18,900,18153.0
000029.SZ,2026-04-17 13:21:00,20.16,20.17,20.16,20.16,1500,30247.0
000029.SZ,2026-04-17 13:22:00,20.17,20.18,20.16,20.18,8400,169426.0
000029.SZ,2026-04-17 13:23:00,20.16,20.17,20.16,20.17,9300,187510.0
000029.SZ,2026-04-17 13:24:00,20.16,20.18,20.15,20.18,16100,324579.0
000029.SZ,2026-04-17 13:25:00,20.18,20.21,20.18,20.19,4900,98912.0
000029.SZ,2026-04-17 13:26:00,20.19,20.2,20.19,20.2,2000,40388.0
000029.SZ,2026-04-17 13:27:00,20.2,20.2,20.18,20.18,20600,415726.0
000029.SZ,2026-04-17 13:28:00,20.18,20.19,20.17,20.19,6700,135211.0
000029.SZ,2026-04-17 13:29:00,20.19,20.19,20.19,20.19,5700,115085.0
000029.SZ,2026-04-17 13:30:00,20.19,20.19,20.16,20.19,5100,102906.0
000029.SZ,2026-04-17 13:31:00,20.2,20.2,20.18,20.18,7700,155457.0
000029.SZ,2026-04-17 13:32:00,20.2,20.2,20.2,20.2,2100,42420.0
000029.SZ,2026-04-17 13:33:00,20.2,20.24,20.2,20.21,4900,99058.0
000029.SZ,2026-04-17 13:34:00,20.21,20.22,20.2,20.21,4700,94993.0
000029.SZ,2026-04-17 13:35:00,20.21,20.21,20.2,20.2,1600,32330.0
000029.SZ,2026-04-17 13:36:00,20.21,20.22,20.2,20.22,6500,131367.0
000029.SZ,2026-04-17 13:37:00,20.22,20.22,20.2,20.2,21400,432428.0
000029.SZ,2026-04-17 13:38:00,20.2,20.23,20.2,20.22,20800,420298.0
000029.SZ,2026-04-17 13:39:00,20.22,20.22,20.2,20.2,9300,187897.0
000029.SZ,2026-04-17 13:40:00,20.2,20.2,20.19,20.19,6900,139324.0
000029.SZ,2026-04-17 13:41:00,20.19,20.19,20.19,20.19,3800,76722.0
000029.SZ,2026-04-17 13:42:00,20.18,20.18,20.17,20.17,11200,226003.0
000029.SZ,2026-04-17 13:43:00,20.17,20.17,20.15,20.16,41400,834529.0
000029.SZ,2026-04-17 13:44:00,20.15,20.17,20.15,20.16,3000,60484.0
000029.SZ,2026-04-17 13:45:00,20.15,20.17,20.14,20.15,39500,795952.0
000029.SZ,2026-04-17 13:46:00,20.15,20.18,20.14,20.18,52800,1064035.0
000029.SZ,2026-04-17 13:47:00,20.18,20.2,20.18,20.2,10400,209936.0
000029.SZ,2026-04-17 13:48:00,20.2,20.3,20.2,20.3,24900,503709.0
000029.SZ,2026-04-17 13:49:00,20.28,20.28,20.27,20.27,5000,101393.0
000029.SZ,2026-04-17 13:50:00,20.27,20.32,20.26,20.32,31200,632748.0
000029.SZ,2026-04-17 13:51:00,20.32,20.32,20.31,20.32,4800,97516.0
000029.SZ,2026-04-17 13:52:00,20.32,20.36,20.32,20.36,12000,243975.0
000029.SZ,2026-04-17 13:53:00,20.36,20.38,20.36,20.37,13300,270898.0
000029.SZ,2026-04-17 13:54:00,20.37,20.37,20.36,20.37,4200,85542.0
000029.SZ,2026-04-17 13:55:00,20.38,20.4,20.36,20.37,20800,423897.0
000029.SZ,2026-04-17 13:56:00,20.37,20.4,20.37,20.38,31200,635917.0
000029.SZ,2026-04-17 13:57:00,20.4,20.4,20.36,20.36,14400,293473.0
000029.SZ,2026-04-17 13:58:00,20.37,20.38,20.36,20.36,12200,248623.0
000029.SZ,2026-04-17 13:59:00,20.36,20.36,20.36,20.36,2700,54972.0
000029.SZ,2026-04-17 14:00:00,20.35,20.36,20.35,20.36,5000,101791.0
000029.SZ,2026-04-17 14:01:00,20.37,20.39,20.37,20.39,15700,319903.0
000029.SZ,2026-04-17 14:02:00,20.39,20.39,20.37,20.38,5100,103910.0
000029.SZ,2026-04-17 14:03:00,20.38,20.39,20.37,20.39,12200,248691.0
000029.SZ,2026-04-17 14:04:00,20.38,20.39,20.38,20.38,1800,36695.0
000029.SZ,2026-04-17 14:05:00,20.37,20.38,20.37,20.38,5600,114125.0
000029.SZ,2026-04-17 14:06:00,20.38,20.39,20.38,20.38,3200,65228.0
000029.SZ,2026-04-17 14:07:00,20.39,20.4,20.39,20.39,14100,287578.0
000029.SZ,2026-04-17 14:08:00,20.39,20.39,20.37,20.38,41400,843683.0
000029.SZ,2026-04-17 14:09:00,20.37,20.37,20.35,20.35,2900,59067.0
000029.SZ,2026-04-17 14:10:00,20.37,20.38,20.35,20.35,1700,34624.0
000029.SZ,2026-04-17 14:11:00,20.35,20.37,20.34,20.35,6200,126128.0
000029.SZ,2026-04-17 14:12:00,20.33,20.35,20.33,20.35,3600,73249.0
000029.SZ,2026-04-17 14:13:00,20.33,20.36,20.33,20.33,3600,73266.0
000029.SZ,2026-04-17 14:14:00,20.33,20.35,20.33,20.35,2800,56974.0
000029.SZ,2026-04-17 14:15:00,20.33,20.34,20.33,20.34,600,12199.0
000029.SZ,2026-04-17 14:16:00,20.33,20.33,20.32,20.32,2900,58953.0
000029.SZ,2026-04-17 14:17:00,20.34,20.34,20.33,20.34,2200,44737.0
000029.SZ,2026-04-17 14:18:00,20.33,20.35,20.33,20.35,1900,38634.0
000029.SZ,2026-04-17 14:19:00,20.35,20.35,20.33,20.33,2800,56955.0
000029.SZ,2026-04-17 14:20:00,20.33,20.34,20.33,20.34,2100,42694.0
000029.SZ,2026-04-17 14:21:00,20.32,20.34,20.32,20.34,4100,83375.0
000029.SZ,2026-04-17 14:22:00,20.33,20.35,20.32,20.35,15400,313095.0
000029.SZ,2026-04-17 14:23:00,20.34,20.35,20.34,20.35,3900,79343.0
000029.SZ,2026-04-17 14:24:00,20.34,20.36,20.34,20.36,2400,48852.0
000029.SZ,2026-04-17 14:25:00,20.36,20.36,20.35,20.35,7300,148573.0
000029.SZ,2026-04-17 14:26:00,20.34,20.34,20.31,20.31,32200,654634.0
000029.SZ,2026-04-17 14:27:00,20.31,20.31,20.31,20.31,5800,117798.0
000029.SZ,2026-04-17 14:28:00,20.3,20.32,20.3,20.32,7500,152388.0
000029.SZ,2026-04-17 14:29:00,20.31,20.31,20.31,20.31,800,16248.0
000029.SZ,2026-04-17 14:30:00,20.3,20.34,20.3,20.32,8300,168643.0
000029.SZ,2026-04-17 14:31:00,20.33,20.34,20.32,20.32,1300,26434.0
000029.SZ,2026-04-17 14:32:00,20.32,20.35,20.32,20.35,9700,197311.0
000029.SZ,2026-04-17 14:33:00,20.36,20.36,20.33,20.34,6600,134233.0
000029.SZ,2026-04-17 14:34:00,20.34,20.34,20.33,20.33,6000,122039.0
000029.SZ,2026-04-17 14:35:00,20.33,20.33,20.32,20.33,12700,258210.0
000029.SZ,2026-04-17 14:36:00,20.33,20.34,20.33,20.33,1900,38641.0
000029.SZ,2026-04-17 14:37:00,20.34,20.34,20.33,20.34,6800,138257.0
000029.SZ,2026-04-17 14:38:00,20.33,20.36,20.33,20.36,59200,1204339.0
000029.SZ,2026-04-17 14:39:00,20.36,20.37,20.35,20.37,6600,134388.0
000029.SZ,2026-04-17 14:40:00,20.36,20.37,20.35,20.36,7800,158809.0
000029.SZ,2026-04-17 14:41:00,20.36,20.36,20.35,20.36,5600,113978.0
000029.SZ,2026-04-17 14:42:00,20.35,20.36,20.34,20.34,6800,138383.0
000029.SZ,2026-04-17 14:43:00,20.34,20.35,20.34,20.35,2100,42719.0
000029.SZ,2026-04-17 14:44:00,20.34,20.35,20.34,20.35,4700,95600.0
000029.SZ,2026-04-17 14:45:00,20.34,20.35,20.34,20.34,18100,368116.0
000029.SZ,2026-04-17 14:46:00,20.34,20.35,20.34,20.34,8600,174934.0
000029.SZ,2026-04-17 14:47:00,20.34,20.35,20.34,20.34,3600,73227.0
000029.SZ,2026-04-17 14:48:00,20.35,20.36,20.33,20.34,24100,490224.0
000029.SZ,2026-04-17 14:49:00,20.34,20.34,20.33,20.34,3300,67116.0
000029.SZ,2026-04-17 14:50:00,20.34,20.35,20.33,20.35,11800,239977.0
000029.SZ,2026-04-17 14:51:00,20.35,20.35,20.34,20.35,2600,52889.0
000029.SZ,2026-04-17 14:52:00,20.34,20.35,20.33,20.35,30400,618257.0
000029.SZ,2026-04-17 14:53:00,20.35,20.35,20.34,20.34,7100,144438.0
000029.SZ,2026-04-17 14:54:00,20.33,20.35,20.33,20.35,13100,266375.0
000029.SZ,2026-04-17 14:55:00,20.33,20.35,20.33,20.35,12400,252283.0
000029.SZ,2026-04-17 14:56:00,20.35,20.35,20.33,20.34,28200,573627.0
000029.SZ,2026-04-17 14:57:00,20.35,20.37,20.35,20.37,23400,476331.0
000029.SZ,2026-04-17 14:58:00,20.37,20.37,20.37,20.37,0,0.0
000029.SZ,2026-04-17 14:59:00,20.37,20.37,20.37,20.37,0,0.0
000029.SZ,2026-04-17 15:00:00,20.37,20.37,20.37,20.37,26100,531657.0
000029.SZ,2026-04-20 09:30:00,20.34,20.37,20.34,20.37,15600,317364.0
000029.SZ,2026-04-20 09:31:00,20.38,20.4,20.26,20.31,117300,2384547.0
000029.SZ,2026-04-20 09:32:00,20.25,20.25,20.14,20.2,97400,1967275.0
000029.SZ,2026-04-20 09:33:00,20.18,20.18,20.05,20.05,65800,1324506.0
000029.SZ,2026-04-20 09:34:00,20.06,20.08,20.05,20.08,45000,902790.0
000029.SZ,2026-04-20 09:35:00,20.08,20.11,20.06,20.08,45800,919658.0
000029.SZ,2026-04-20 09:36:00,20.07,20.09,20.02,20.05,158000,3168159.0
000029.SZ,2026-04-20 09:37:00,20.05,20.1,20.05,20.08,81800,1641936.0
000029.SZ,2026-04-20 09:38:00,20.07,20.08,20.05,20.06,43000,862611.0
000029.SZ,2026-04-20 09:39:00,20.06,20.06,19.97,20.0,94800,1896963.0
000029.SZ,2026-04-20 09:40:00,20.04,20.09,20.03,20.09,42100,844383.0
000029.SZ,2026-04-20 09:41:00,20.09,20.09,20.01,20.02,42000,841865.0
000029.SZ,2026-04-20 09:42:00,20.02,20.04,20.01,20.04,21700,434807.0
000029.SZ,2026-04-20 09:43:00,20.03,20.05,20.03,20.04,13100,262538.0
000029.SZ,2026-04-20 09:44:00,20.06,20.06,20.04,20.06,13000,260592.0
000029.SZ,2026-04-20 09:45:00,20.06,20.09,20.06,20.07,18900,379267.0
000029.SZ,2026-04-20 09:46:00,20.05,20.08,20.05,20.08,30500,612179.0
000029.SZ,2026-04-20 09:47:00,20.07,20.08,20.06,20.07,49700,997498.0
000029.SZ,2026-04-20 09:48:00,20.08,20.11,20.08,20.1,31200,626933.0
000029.SZ,2026-04-20 09:49:00,20.1,20.14,20.1,20.13,19600,394125.0
000029.SZ,2026-04-20 09:50:00,20.12,20.14,20.11,20.13,22100,444705.0
000029.SZ,2026-04-20 09:51:00,20.14,20.14,20.11,20.14,21300,428496.0
000029.SZ,2026-04-20 09:52:00,20.12,20.14,20.1,20.14,15900,319904.0
000029.SZ,2026-04-20 09:53:00,20.13,20.14,20.11,20.13,62800,1264546.0
000029.SZ,2026-04-20 09:54:00,20.13,20.13,20.09,20.11,18800,377940.0
000029.SZ,2026-04-20 09:55:00,20.12,20.12,20.08,20.1,22200,446287.0
000029.SZ,2026-04-20 09:56:00,20.09,20.1,20.08,20.09,31700,636627.0
000029.SZ,2026-04-20 09:57:00,20.1,20.14,20.1,20.14,30200,607244.0
000029.SZ,2026-04-20 09:58:00,20.14,20.14,20.12,20.13,16800,338210.0
000029.SZ,2026-04-20 09:59:00,20.13,20.13,20.11,20.11,10400,209296.0
000029.SZ,2026-04-20 10:00:00,20.09,20.11,20.09,20.09,17600,353718.0
000029.SZ,2026-04-20 10:01:00,20.09,20.1,20.05,20.06,29900,599881.0
000029.SZ,2026-04-20 10:02:00,20.06,20.06,20.02,20.03,53000,1062172.0
000029.SZ,2026-04-20 10:03:00,20.02,20.03,20.01,20.02,14500,290298.0
000029.SZ,2026-04-20 10:04:00,20.02,20.03,20.02,20.03,9300,186210.0
000029.SZ,2026-04-20 10:05:00,20.02,20.03,20.02,20.03,30700,614618.0
000029.SZ,2026-04-20 10:06:00,20.03,20.05,20.02,20.05,20200,404781.0
000029.SZ,2026-04-20 10:07:00,20.05,20.09,20.05,20.09,6000,120348.0
000029.SZ,2026-04-20 10:08:00,20.09,20.09,20.08,20.09,3200,64287.0
000029.SZ,2026-04-20 10:09:00,20.1,20.11,20.1,20.11,13500,271454.0
000029.SZ,2026-04-20 10:10:00,20.12,20.12,20.09,20.09,6500,130688.0
000029.SZ,2026-04-20 10:11:00,20.09,20.12,20.09,20.12,8200,164825.0
000029.SZ,2026-04-20 10:12:00,20.12,20.12,20.09,20.09,26200,526885.0
000029.SZ,2026-04-20 10:13:00,20.09,20.09,20.08,20.09,5900,118530.0
000029.SZ,2026-04-20 10:14:00,20.08,20.09,20.08,20.08,9900,198820.0
000029.SZ,2026-04-20 10:15:00,20.1,20.11,20.09,20.11,21800,437858.0
000029.SZ,2026-04-20 10:16:00,20.11,20.13,20.11,20.12,3100,62376.0
000029.SZ,2026-04-20 10:17:00,20.13,20.14,20.13,20.14,9700,195286.0
000029.SZ,2026-04-20 10:18:00,20.14,20.14,20.13,20.13,11600,233531.0
000029.SZ,2026-04-20 10:19:00,20.14,20.14,20.13,20.14,800,16108.0
000029.SZ,2026-04-20 10:20:00,20.14,20.16,20.13,20.16,32900,662676.0
000029.SZ,2026-04-20 10:21:00,20.16,20.16,20.16,20.16,3500,70563.0
000029.SZ,2026-04-20 10:22:00,20.15,20.17,20.15,20.17,10200,205611.0
000029.SZ,2026-04-20 10:23:00,20.17,20.17,20.15,20.15,9800,197543.0
000029.SZ,2026-04-20 10:24:00,20.16,20.16,20.16,20.16,100,2016.0
000029.SZ,2026-04-20 10:25:00,20.16,20.17,20.15,20.16,15000,302313.0
000029.SZ,2026-04-20 10:26:00,20.17,20.2,20.16,20.2,17200,347016.0
000029.SZ,2026-04-20 10:27:00,20.19,20.19,20.17,20.18,6200,125146.0
000029.SZ,2026-04-20 10:28:00,20.18,20.18,20.16,20.16,6100,123041.0
000029.SZ,2026-04-20 10:29:00,20.18,20.19,20.17,20.19,3000,60541.0
000029.SZ,2026-04-20 10:30:00,20.18,20.18,20.16,20.18,19700,397272.0
000029.SZ,2026-04-20 10:31:00,20.16,20.18,20.14,20.16,8100,163313.0
000029.SZ,2026-04-20 10:32:00,20.14,20.16,20.14,20.16,4700,94708.0
000029.SZ,2026-04-20 10:33:00,20.17,20.18,20.17,20.18,1500,30260.0
000029.SZ,2026-04-20 10:34:00,20.18,20.18,20.15,20.15,12000,241933.0
000029.SZ,2026-04-20 10:35:00,20.13,20.16,20.13,20.16,9800,197351.0
000029.SZ,2026-04-20 10:36:00,20.16,20.16,20.15,20.15,600,12094.0
000029.SZ,2026-04-20 10:37:00,20.16,20.16,20.15,20.16,4600,92709.0
000029.SZ,2026-04-20 10:38:00,20.16,20.16,20.16,20.16,600,12097.0
000029.SZ,2026-04-20 10:39:00,20.16,20.18,20.16,20.17,1200,24204.0
000029.SZ,2026-04-20 10:40:00,20.18,20.18,20.13,20.13,13100,264033.0
000029.SZ,2026-04-20 10:41:00,20.12,20.13,20.12,20.12,4100,82520.0
000029.SZ,2026-04-20 10:42:00,20.13,20.17,20.12,20.14,47300,954032.0
000029.SZ,2026-04-20 10:43:00,20.17,20.18,20.16,20.17,23600,476106.0
000029.SZ,2026-04-20 10:44:00,20.17,20.17,20.15,20.17,2600,52427.0
000029.SZ,2026-04-20 10:45:00,20.17,20.17,20.14,20.14,4500,90665.0
000029.SZ,2026-04-20 10:46:00,20.14,20.15,20.13,20.14,1500,30212.0
000029.SZ,2026-04-20 10:47:00,20.13,20.16,20.12,20.16,7100,142981.0
000029.SZ,2026-04-20 10:48:00,20.17,20.18,20.17,20.18,8600,173490.0
000029.SZ,2026-04-20 10:49:00,20.19,20.19,20.18,20.18,2500,50454.0
000029.SZ,2026-04-20 10:50:00,20.17,20.2,20.17,20.19,11900,240233.0
000029.SZ,2026-04-20 10:51:00,20.2,20.2,20.2,20.2,300,6060.0
000029.SZ,2026-04-20 10:52:00,20.19,20.21,20.18,20.2,15700,317087.0
000029.SZ,2026-04-20 10:53:00,20.21,20.21,20.2,20.2,4700,94986.0
000029.SZ,2026-04-20 10:54:00,20.22,20.22,20.21,20.21,3400,68718.0
000029.SZ,2026-04-20 10:55:00,20.21,20.21,20.21,20.21,1200,24252.0
000029.SZ,2026-04-20 10:56:00,20.22,20.22,20.22,20.22,2600,52572.0
000029.SZ,2026-04-20 10:57:00,20.22,20.23,20.22,20.23,23500,475242.0
000029.SZ,2026-04-20 10:58:00,20.23,20.24,20.23,20.23,2500,50579.0
000029.SZ,2026-04-20 10:59:00,20.22,20.23,20.22,20.22,3200,64720.0
000029.SZ,2026-04-20 11:00:00,20.23,20.23,20.23,20.23,1600,32368.0
000029.SZ,2026-04-20 11:01:00,20.23,20.23,20.22,20.22,2200,44491.0
000029.SZ,2026-04-20 11:02:00,20.23,20.23,20.22,20.22,1000,20224.0
000029.SZ,2026-04-20 11:03:00,20.22,20.22,20.22,20.22,4200,84927.0
000029.SZ,2026-04-20 11:04:00,20.22,20.22,20.19,20.19,47200,953816.0
000029.SZ,2026-04-20 11:05:00,20.19,20.19,20.15,20.18,6100,123087.0
000029.SZ,2026-04-20 11:06:00,20.17,20.17,20.13,20.13,7500,151147.0
000029.SZ,2026-04-20 11:07:00,20.15,20.18,20.15,20.18,5700,114993.0
000029.SZ,2026-04-20 11:08:00,20.18,20.19,20.18,20.18,2900,58524.0
000029.SZ,2026-04-20 11:09:00,20.19,20.2,20.17,20.17,6100,123118.0
000029.SZ,2026-04-20 11:10:00,20.2,20.2,20.18,20.18,1200,24223.0
000029.SZ,2026-04-20 11:11:00,20.18,20.18,20.18,20.18,900,18162.0
000029.SZ,2026-04-20 11:12:00,20.19,20.19,20.19,20.19,700,14130.0
000029.SZ,2026-04-20 11:13:00,20.18,20.19,20.18,20.18,800,16150.0
000029.SZ,2026-04-20 11:14:00,20.19,20.19,20.18,20.18,4100,82744.0
000029.SZ,2026-04-20 11:15:00,20.18,20.18,20.17,20.18,7200,145252.0
000029.SZ,2026-04-20 11:16:00,20.17,20.17,20.16,20.16,6500,131080.0
000029.SZ,2026-04-20 11:17:00,20.16,20.16,20.15,20.15,11200,225800.0
000029.SZ,2026-04-20 11:18:00,20.15,20.15,20.13,20.13,12600,253832.0
000029.SZ,2026-04-20 11:19:00,20.13,20.14,20.12,20.13,3600,72471.0
000029.SZ,2026-04-20 11:20:00,20.12,20.13,20.11,20.11,8300,166962.0
000029.SZ,2026-04-20 11:21:00,20.12,20.13,20.12,20.13,6500,130813.0
000029.SZ,2026-04-20 11:22:00,20.13,20.14,20.13,20.14,2800,56367.0
000029.SZ,2026-04-20 11:23:00,20.13,20.13,20.12,20.12,7600,152941.0
000029.SZ,2026-04-20 11:24:00,20.11,20.12,20.11,20.12,2300,46256.0
000029.SZ,2026-04-20 11:25:00,20.13,20.13,20.12,20.12,3100,62375.0
000029.SZ,2026-04-20 11:26:00,20.13,20.14,20.13,20.14,7600,153026.0
000029.SZ,2026-04-20 11:27:00,20.14,20.14,20.14,20.14,800,16112.0
000029.SZ,2026-04-20 11:28:00,20.14,20.15,20.14,20.14,800,16113.0
000029.SZ,2026-04-20 11:29:00,20.14,20.2,20.14,20.17,13200,266152.0
000029.SZ,2026-04-20 11:30:00,20.16,20.17,20.14,20.15,4800,96744.0
000029.SZ,2026-04-20 13:01:00,20.16,20.16,20.14,20.15,7300,147080.0
000029.SZ,2026-04-20 13:02:00,20.15,20.16,20.15,20.16,6900,139022.0
000029.SZ,2026-04-20 13:03:00,20.16,20.17,20.16,20.17,3400,68557.0
000029.SZ,2026-04-20 13:04:00,20.17,20.18,20.17,20.18,7000,141233.0
000029.SZ,2026-04-20 13:05:00,20.17,20.18,20.17,20.18,1200,24212.0
000029.SZ,2026-04-20 13:06:00,20.18,20.19,20.18,20.18,1900,38343.0
000029.SZ,2026-04-20 13:07:00,20.18,20.18,20.17,20.17,5000,100890.0
000029.SZ,2026-04-20 13:08:00,20.18,20.2,20.18,20.2,6401,129196.17
000029.SZ,2026-04-20 13:09:00,20.19,20.2,20.18,20.18,800,16150.0
000029.SZ,2026-04-20 13:10:00,20.19,20.2,20.18,20.18,2400,48451.0
000029.SZ,2026-04-20 13:11:00,20.19,20.19,20.18,20.18,500,10094.0
000029.SZ,2026-04-20 13:12:00,20.19,20.19,20.17,20.18,6900,139236.0
000029.SZ,2026-04-20 13:13:00,20.18,20.19,20.18,20.19,6300,127194.0
000029.SZ,2026-04-20 13:14:00,20.2,20.2,20.19,20.19,1900,38377.0
000029.SZ,2026-04-20 13:15:00,20.2,20.2,20.19,20.19,4800,96957.0
000029.SZ,2026-04-20 13:16:00,20.19,20.19,20.19,20.19,1800,36342.0
000029.SZ,2026-04-20 13:17:00,20.2,20.2,20.19,20.2,2800,56559.0
000029.SZ,2026-04-20 13:18:00,20.19,20.2,20.19,20.19,4100,82784.0
000029.SZ,2026-04-20 13:19:00,20.19,20.19,20.18,20.18,5300,106952.0
000029.SZ,2026-04-20 13:20:00,20.17,20.18,20.17,20.18,2100,42364.0
000029.SZ,2026-04-20 13:21:00,20.15,20.16,20.15,20.16,10800,217782.0
000029.SZ,2026-04-20 13:22:00,20.16,20.16,20.14,20.14,14000,282172.0
000029.SZ,2026-04-20 13:23:00,20.14,20.14,20.07,20.07,173300,3479445.0
000029.SZ,2026-04-20 13:24:00,20.07,20.08,20.07,20.08,3600,72272.0
000029.SZ,2026-04-20 13:25:00,20.08,20.1,20.05,20.05,74000,1484661.0
000029.SZ,2026-04-20 13:26:00,20.04,20.06,20.04,20.06,11300,226547.0
000029.SZ,2026-04-20 13:27:00,20.05,20.1,20.04,20.05,39701,797196.06
000029.SZ,2026-04-20 13:28:00,20.06,20.07,20.06,20.06,1800,36118.0
000029.SZ,2026-04-20 13:29:00,20.06,20.07,20.06,20.06,3400,68210.0
000029.SZ,2026-04-20 13:30:00,20.06,20.08,20.06,20.07,4400,88328.0
000029.SZ,2026-04-20 13:31:00,20.07,20.07,20.06,20.06,7900,158511.0
000029.SZ,2026-04-20 13:32:00,20.06,20.08,20.06,20.07,8100,162540.0
000029.SZ,2026-04-20 13:33:00,20.06,20.07,20.06,20.06,4000,80251.0
000029.SZ,2026-04-20 13:34:00,20.06,20.06,20.04,20.04,27900,559502.0
000029.SZ,2026-04-20 13:35:00,20.04,20.05,20.04,20.05,1100,22048.0
000029.SZ,2026-04-20 13:36:00,20.04,20.06,20.04,20.06,2800,56139.0
000029.SZ,2026-04-20 13:37:00,20.06,20.06,20.05,20.06,7800,156401.0
000029.SZ,2026-04-20 13:38:00,20.06,20.06,20.05,20.06,3600,72215.0
000029.SZ,2026-04-20 13:39:00,20.06,20.06,20.05,20.06,5400,108309.0
000029.SZ,2026-04-20 13:40:00,20.05,20.07,20.04,20.04,15700,315013.0
000029.SZ,2026-04-20 13:41:00,20.05,20.05,20.04,20.04,24600,493039.0
000029.SZ,2026-04-20 13:42:00,20.04,20.04,20.03,20.03,400,8013.0
000029.SZ,2026-04-20 13:43:00,20.04,20.04,20.04,20.04,4400,88176.0
000029.SZ,2026-04-20 13:44:00,20.03,20.04,20.03,20.04,2300,46089.0
000029.SZ,2026-04-20 13:45:00,20.04,20.04,20.04,20.04,7600,152304.0
000029.SZ,2026-04-20 13:46:00,20.05,20.05,20.05,20.05,500,10023.0
000029.SZ,2026-04-20 13:47:00,20.04,20.05,20.04,20.05,700,14032.0
000029.SZ,2026-04-20 13:48:00,20.04,20.04,20.03,20.03,9600,192314.0
000029.SZ,2026-04-20 13:49:00,20.04,20.04,20.03,20.03,7200,144284.0
000029.SZ,2026-04-20 13:50:00,20.04,20.04,20.03,20.03,5100,102177.0
000029.SZ,2026-04-20 13:51:00,20.04,20.05,20.04,20.05,3300,66140.0
000029.SZ,2026-04-20 13:52:00,20.04,20.05,20.04,20.05,2400,48119.0
000029.SZ,2026-04-20 13:53:00,20.04,20.05,20.04,20.05,3900,78194.0
000029.SZ,2026-04-20 13:54:00,20.05,20.05,20.05,20.05,800,16040.0
000029.SZ,2026-04-20 13:55:00,20.05,20.06,20.05,20.06,400,8021.0
000029.SZ,2026-04-20 13:56:00,20.06,20.06,20.05,20.05,1300,26077.0
000029.SZ,2026-04-20 13:57:00,20.05,20.06,20.05,20.06,200,4011.0
000029.SZ,2026-04-20 13:58:00,20.06,20.06,20.05,20.05,9100,182544.0
000029.SZ,2026-04-20 13:59:00,20.05,20.06,20.05,20.06,1300,26068.0
000029.SZ,2026-04-20 14:00:00,20.05,20.06,20.05,20.06,8300,166416.0
000029.SZ,2026-04-20 14:01:00,20.05,20.06,20.04,20.05,13500,270679.0
000029.SZ,2026-04-20 14:02:00,20.04,20.04,20.04,20.04,1100,22044.0
000029.SZ,2026-04-20 14:03:00,20.04,20.05,20.04,20.05,5500,110251.0
000029.SZ,2026-04-20 14:04:00,20.05,20.05,20.03,20.03,12300,246492.0
000029.SZ,2026-04-20 14:05:00,20.04,20.04,20.03,20.04,2100,42072.0
000029.SZ,2026-04-20 14:06:00,20.04,20.04,20.0,20.0,114300,2287382.0
000029.SZ,2026-04-20 14:07:00,20.0,20.0,19.99,19.99,6500,129962.0
000029.SZ,2026-04-20 14:08:00,19.99,20.0,19.99,19.99,18400,367940.0
000029.SZ,2026-04-20 14:09:00,20.01,20.01,20.0,20.0,24600,492038.0
000029.SZ,2026-04-20 14:10:00,20.01,20.01,20.0,20.0,3300,66016.0
000029.SZ,2026-04-20 14:11:00,20.0,20.02,20.0,20.01,17400,348089.0
000029.SZ,2026-04-20 14:12:00,20.0,20.0,19.98,20.0,64100,1281161.0
000029.SZ,2026-04-20 14:13:00,20.0,20.0,20.0,20.0,4300,86002.0
000029.SZ,2026-04-20 14:14:00,20.01,20.01,20.0,20.01,1600,32014.0
000029.SZ,2026-04-20 14:15:00,20.0,20.01,20.0,20.01,2600,52017.0
000029.SZ,2026-04-20 14:16:00,20.01,20.02,20.0,20.02,4600,92053.0
000029.SZ,2026-04-20 14:17:00,20.01,20.03,20.01,20.02,7300,146133.0
000029.SZ,2026-04-20 14:18:00,20.02,20.03,19.99,20.03,45300,905962.0
000029.SZ,2026-04-20 14:19:00,20.02,20.02,20.01,20.02,5100,102064.0
000029.SZ,2026-04-20 14:20:00,20.02,20.02,20.01,20.02,3500,70065.0
000029.SZ,2026-04-20 14:21:00,20.02,20.02,20.0,20.01,8500,170088.0
000029.SZ,2026-04-20 14:22:00,20.01,20.03,20.0,20.03,7000,140167.0
000029.SZ,2026-04-20 14:23:00,20.03,20.03,20.01,20.03,2200,44055.0
000029.SZ,2026-04-20 14:24:00,20.02,20.03,20.01,20.03,4800,96133.0
000029.SZ,2026-04-20 14:25:00,20.01,20.02,20.01,20.01,1600,32026.0
000029.SZ,2026-04-20 14:26:00,20.03,20.03,20.01,20.02,11300,226322.0
000029.SZ,2026-04-20 14:27:00,20.02,20.02,20.02,20.02,1800,36035.0
000029.SZ,2026-04-20 14:28:00,20.02,20.03,20.0,20.0,6800,136100.0
000029.SZ,2026-04-20 14:29:00,20.0,20.0,19.99,19.99,13900,277998.0
000029.SZ,2026-04-20 14:30:00,20.0,20.01,20.0,20.0,4500,90021.0
000029.SZ,2026-04-20 14:31:00,20.0,20.01,19.99,20.0,14000,279900.0
000029.SZ,2026-04-20 14:32:00,20.01,20.02,19.99,20.0,21700,434156.0
000029.SZ,2026-04-20 14:33:00,20.01,20.01,19.99,19.99,10800,216004.0
000029.SZ,2026-04-20 14:34:00,19.99,20.0,19.98,19.98,21400,427769.0
000029.SZ,2026-04-20 14:35:00,19.98,19.98,19.98,19.98,5000,99912.0
000029.SZ,2026-04-20 14:36:00,19.98,19.99,19.97,19.97,23400,467534.0
000029.SZ,2026-04-20 14:37:00,19.97,19.98,19.97,19.98,4900,97870.0
000029.SZ,2026-04-20 14:38:00,19.97,19.98,19.95,19.96,52000,1038294.0
000029.SZ,2026-04-20 14:39:00,19.96,19.97,19.95,19.95,17000,339334.0
000029.SZ,2026-04-20 14:40:00,19.95,19.97,19.95,19.96,36400,726645.0
000029.SZ,2026-04-20 14:41:00,19.97,19.98,19.96,19.98,36500,728843.0
000029.SZ,2026-04-20 14:42:00,19.99,19.99,19.97,19.99,9400,187831.0
000029.SZ,2026-04-20 14:43:00,19.99,19.99,19.97,19.99,7800,155844.0
000029.SZ,2026-04-20 14:44:00,19.98,20.0,19.97,19.98,7800,155851.0
000029.SZ,2026-04-20 14:45:00,19.98,19.99,19.97,19.97,10300,205766.0
000029.SZ,2026-04-20 14:46:00,19.97,19.99,19.97,19.98,11100,221700.0
000029.SZ,2026-04-20 14:47:00,19.97,19.98,19.97,19.98,26900,537446.0
000029.SZ,2026-04-20 14:48:00,19.97,19.99,19.97,19.98,9200,183812.0
000029.SZ,2026-04-20 14:49:00,19.98,19.99,19.97,19.98,7100,141875.0
000029.SZ,2026-04-20 14:50:00,19.98,19.99,19.98,19.99,18300,365688.0
000029.SZ,2026-04-20 14:51:00,19.98,19.99,19.98,19.99,22200,443705.0
000029.SZ,2026-04-20 14:52:00,19.98,19.99,19.98,19.99,12400,247758.0
000029.SZ,2026-04-20 14:53:00,19.98,19.99,19.98,19.98,16900,337768.0
000029.SZ,2026-04-20 14:54:00,19.98,19.98,19.96,19.97,35800,715185.0
000029.SZ,2026-04-20 14:55:00,19.96,19.98,19.96,19.97,43700,872652.0
000029.SZ,2026-04-20 14:56:00,19.98,19.99,19.96,19.97,53600,1071144.0
000029.SZ,2026-04-20 14:57:00,19.97,19.97,19.96,19.97,26000,519163.0
000029.SZ,2026-04-20 14:58:00,19.97,19.97,19.97,19.97,0,0.0
000029.SZ,2026-04-20 14:59:00,19.97,19.97,19.97,19.97,0,0.0
000029.SZ,2026-04-20 15:00:00,19.96,19.96,19.96,19.96,74400,1485024.0
000029.SZ,2026-04-21 09:30:00,20.05,20.05,20.05,20.05,20800,417040.0
000029.SZ,2026-04-21 09:31:00,20.01,20.08,19.95,20.07,40700,815229.0
000029.SZ,2026-04-21 09:32:00,20.05,20.07,20.02,20.04,62600,1254421.0
000029.SZ,2026-04-21 09:33:00,20.04,20.06,20.03,20.05,26700,535241.0
000029.SZ,2026-04-21 09:34:00,20.05,20.11,20.03,20.09,61300,1229086.0
000029.SZ,2026-04-21 09:35:00,20.11,20.11,20.08,20.1,39600,795917.0
000029.SZ,2026-04-21 09:36:00,20.1,20.11,20.06,20.09,18200,365611.0
000029.SZ,2026-04-21 09:37:00,20.1,20.11,20.01,20.04,28100,564103.0
000029.SZ,2026-04-21 09:38:00,20.05,20.05,19.98,19.99,48100,962309.0
000029.SZ,2026-04-21 09:39:00,19.98,19.98,19.9,19.94,21400,427131.0
000029.SZ,2026-04-21 09:40:00,19.96,19.96,19.9,19.94,18800,374682.0
000029.SZ,2026-04-21 09:41:00,19.94,19.94,19.82,19.84,66400,1320542.0
000029.SZ,2026-04-21 09:42:00,19.83,19.85,19.76,19.78,98000,1942383.0
000029.SZ,2026-04-21 09:43:00,19.78,19.79,19.75,19.78,66100,1307651.0
000029.SZ,2026-04-21 09:44:00,19.78,19.81,19.76,19.81,166640,3297383.5
000029.SZ,2026-04-21 09:45:00,19.84,19.89,19.84,19.89,10300,204685.0
000029.SZ,2026-04-21 09:46:00,19.89,19.92,19.88,19.88,34700,690302.0
000029.SZ,2026-04-21 09:47:00,19.88,19.88,19.81,19.83,21700,430563.0
000029.SZ,2026-04-21 09:48:00,19.83,19.85,19.82,19.85,6900,136793.0
000029.SZ,2026-04-21 09:49:00,19.86,19.86,19.84,19.85,3500,69463.0
000029.SZ,2026-04-21 09:50:00,19.85,19.85,19.83,19.83,4600,91294.0
000029.SZ,2026-04-21 09:51:00,19.84,19.88,19.83,19.88,5600,111123.0
000029.SZ,2026-04-21 09:52:00,19.88,19.88,19.85,19.86,7000,139118.0
000029.SZ,2026-04-21 09:53:00,19.86,19.86,19.81,19.82,34300,680528.0
000029.SZ,2026-04-21 09:54:00,19.83,19.85,19.81,19.81,10700,212152.0
000029.SZ,2026-04-21 09:55:00,19.81,19.82,19.81,19.82,12000,237758.0
000029.SZ,2026-04-21 09:56:00,19.82,19.89,19.82,19.89,124800,2475243.0
000029.SZ,2026-04-21 09:57:00,19.9,19.92,19.89,19.9,28300,563221.0
000029.SZ,2026-04-21 09:58:00,19.91,19.93,19.91,19.91,2200,43821.0
000029.SZ,2026-04-21 09:59:00,19.93,19.93,19.89,19.89,7600,151389.0
000029.SZ,2026-04-21 10:00:00,19.89,19.89,19.87,19.87,14500,288272.0
000029.SZ,2026-04-21 10:01:00,19.88,19.9,19.87,19.9,6100,121289.0
000029.SZ,2026-04-21 10:02:00,19.93,20.09,19.9,20.03,134600,2689863.0
000029.SZ,2026-04-21 10:03:00,20.03,20.05,20.03,20.05,19700,394886.0
000029.SZ,2026-04-21 10:04:00,20.03,20.04,20.02,20.02,4600,92119.0
000029.SZ,2026-04-21 10:05:00,20.01,20.05,20.01,20.05,22000,440834.0
000029.SZ,2026-04-21 10:06:00,20.07,20.08,20.06,20.08,15000,301140.0
000029.SZ,2026-04-21 10:07:00,20.06,20.08,20.06,20.07,22500,451745.0
000029.SZ,2026-04-21 10:08:00,20.06,20.09,20.05,20.08,36700,736382.0
000029.SZ,2026-04-21 10:09:00,20.09,20.09,20.01,20.01,38700,776854.0
000029.SZ,2026-04-21 10:10:00,20.02,20.02,20.0,20.01,3400,68035.0
000029.SZ,2026-04-21 10:11:00,20.01,20.03,20.0,20.01,19500,390261.0
000029.SZ,2026-04-21 10:12:00,20.01,20.02,20.01,20.01,5800,116064.0
000029.SZ,2026-04-21 10:13:00,20.01,20.01,19.98,19.98,15100,302003.0
000029.SZ,2026-04-21 10:14:00,20.0,20.01,19.99,20.0,6800,135998.0
000029.SZ,2026-04-21 10:15:00,20.0,20.01,20.0,20.01,6800,136018.0
000029.SZ,2026-04-21 10:16:00,20.01,20.01,20.0,20.0,3700,74007.0
000029.SZ,2026-04-21 10:17:00,20.0,20.0,19.99,19.99,1700,33998.0
000029.SZ,2026-04-21 10:18:00,19.99,19.99,19.97,19.97,5900,117916.0
000029.SZ,2026-04-21 10:19:00,19.98,19.98,19.97,19.98,1200,23972.0
000029.SZ,2026-04-21 10:20:00,19.97,19.98,19.97,19.97,3300,65903.0
000029.SZ,2026-04-21 10:21:00,19.97,19.97,19.94,19.95,5600,111786.0
000029.SZ,2026-04-21 10:22:00,19.95,19.95,19.94,19.94,1600,31918.0
000029.SZ,2026-04-21 10:23:00,19.91,19.93,19.91,19.93,15400,307026.0
000029.SZ,2026-04-21 10:24:00,19.95,19.95,19.93,19.93,2900,57847.0
000029.SZ,2026-04-21 10:25:00,19.93,19.94,19.93,19.94,3500,69759.0
000029.SZ,2026-04-21 10:26:00,19.94,19.94,19.94,19.94,600,11964.0
000029.SZ,2026-04-21 10:27:00,19.95,19.96,19.95,19.96,4300,85791.0
000029.SZ,2026-04-21 10:28:00,19.96,19.96,19.95,19.96,4300,85821.0
000029.SZ,2026-04-21 10:29:00,19.95,19.97,19.95,19.97,1700,33930.0
000029.SZ,2026-04-21 10:30:00,19.96,19.97,19.95,19.95,1400,27944.0
000029.SZ,2026-04-21 10:31:00,19.95,19.96,19.95,19.96,5300,105782.0
000029.SZ,2026-04-21 10:32:00,19.97,19.98,19.95,19.95,13800,275443.0
000029.SZ,2026-04-21 10:33:00,19.95,19.96,19.95,19.96,6500,129713.0
000029.SZ,2026-04-21 10:34:00,19.96,19.96,19.94,19.94,6800,135680.0
000029.SZ,2026-04-21 10:35:00,19.95,19.96,19.93,19.93,5900,117681.0
000029.SZ,2026-04-21 10:36:00,19.93,19.93,19.92,19.92,6700,133506.0
000029.SZ,2026-04-21 10:37:00,19.93,19.94,19.93,19.94,1100,21933.0
000029.SZ,2026-04-21 10:38:00,19.94,19.95,19.93,19.93,1100,21934.0
000029.SZ,2026-04-21 10:39:00,19.94,19.95,19.92,19.94,3700,73751.0
000029.SZ,2026-04-21 10:40:00,19.92,19.94,19.91,19.94,14600,290800.0
000029.SZ,2026-04-21 10:41:00,19.94,19.94,19.93,19.94,4200,83747.0
000029.SZ,2026-04-21 10:42:00,19.95,19.95,19.93,19.94,10800,215362.0
000029.SZ,2026-04-21 10:43:00,19.95,19.95,19.94,19.94,6100,121689.0
000029.SZ,2026-04-21 10:44:00,19.95,19.95,19.94,19.95,1800,35903.0
000029.SZ,2026-04-21 10:45:00,19.94,19.94,19.92,19.94,3800,75757.0
000029.SZ,2026-04-21 10:46:00,19.94,19.95,19.93,19.94,4000,79783.0
000029.SZ,2026-04-21 10:47:00,19.93,19.94,19.93,19.94,700,13953.0
000029.SZ,2026-04-21 10:48:00,19.95,19.96,19.95,19.95,3600,71841.0
000029.SZ,2026-04-21 10:49:00,19.96,19.96,19.95,19.96,1800,35921.0
000029.SZ,2026-04-21 10:50:00,19.96,19.96,19.94,19.94,7400,147626.0
000029.SZ,2026-04-21 10:51:00,19.94,19.94,19.94,19.94,600,11964.0
000029.SZ,2026-04-21 10:52:00,19.93,19.94,19.93,19.94,2900,57813.0
000029.SZ,2026-04-21 10:53:00,19.93,19.93,19.92,19.92,7800,155379.0
000029.SZ,2026-04-21 10:54:00,19.92,19.92,19.91,19.92,3100,61751.0
000029.SZ,2026-04-21 10:55:00,19.93,19.93,19.93,19.93,100,1993.0
000029.SZ,2026-04-21 10:56:00,19.93,19.94,19.91,19.94,2700,53825.0
000029.SZ,2026-04-21 10:57:00,19.93,19.93,19.93,19.93,1500,29895.0
000029.SZ,2026-04-21 10:58:00,19.93,19.96,19.93,19.95,3200,63831.0
000029.SZ,2026-04-21 10:59:00,19.95,19.95,19.93,19.93,7000,139598.0
000029.SZ,2026-04-21 11:00:00,19.93,19.95,19.92,19.93,13300,265169.0
000029.SZ,2026-04-21 11:01:00,19.94,19.94,19.92,19.92,11300,225151.0
000029.SZ,2026-04-21 11:02:00,19.91,19.94,19.91,19.91,10600,211123.0
000029.SZ,2026-04-21 11:03:00,19.91,19.91,19.91,19.91,300,5973.0
000029.SZ,2026-04-21 11:04:00,19.9,19.9,19.9,19.9,10800,214920.0
000029.SZ,2026-04-21 11:05:00,19.9,19.92,19.9,19.92,9300,185106.0
000029.SZ,2026-04-21 11:06:00,19.92,19.92,19.9,19.9,3700,73650.0
000029.SZ,2026-04-21 11:07:00,19.92,19.92,19.9,19.9,7500,149254.0
000029.SZ,2026-04-21 11:08:00,19.9,19.91,19.9,19.91,800,15926.0
000029.SZ,2026-04-21 11:09:00,19.91,19.92,19.91,19.92,1800,35839.0
000029.SZ,2026-04-21 11:10:00,19.92,19.92,19.92,19.92,31400,625481.0
000029.SZ,2026-04-21 11:11:00,19.91,19.91,19.9,19.91,2500,49772.0
000029.SZ,2026-04-21 11:12:00,19.91,19.93,19.91,19.93,1300,25890.0
000029.SZ,2026-04-21 11:13:00,19.92,19.92,19.91,19.91,4100,81664.0
000029.SZ,2026-04-21 11:14:00,19.9,19.93,19.9,19.92,4900,97577.0
000029.SZ,2026-04-21 11:15:00,19.93,19.93,19.92,19.92,4700,93668.0
000029.SZ,2026-04-21 11:16:00,19.92,19.92,19.91,19.91,5200,103539.0
000029.SZ,2026-04-21 11:17:00,19.91,19.91,19.9,19.9,600,11945.0
000029.SZ,2026-04-21 11:18:00,19.9,19.91,19.9,19.91,300,5971.0
000029.SZ,2026-04-21 11:19:00,19.9,19.9,19.89,19.89,3400,67659.0
000029.SZ,2026-04-21 11:20:00,19.89,19.9,19.89,19.89,5200,103473.0
000029.SZ,2026-04-21 11:21:00,19.9,19.9,19.89,19.9,4000,79596.0
000029.SZ,2026-04-21 11:22:00,19.9,19.9,19.87,19.87,10400,206842.0
000029.SZ,2026-04-21 11:23:00,19.89,19.89,19.89,19.89,800,15912.0
000029.SZ,2026-04-21 11:24:00,19.89,19.9,19.88,19.9,14000,278460.0
000029.SZ,2026-04-21 11:25:00,19.9,19.9,19.88,19.89,7000,139195.0
000029.SZ,2026-04-21 11:26:00,19.88,19.89,19.88,19.88,1900,37778.0
000029.SZ,2026-04-21 11:27:00,19.89,19.89,19.87,19.88,6300,125250.0
000029.SZ,2026-04-21 11:28:00,19.87,19.88,19.87,19.87,7500,149110.0
000029.SZ,2026-04-21 11:29:00,19.88,19.88,19.85,19.85,12100,240313.0
000029.SZ,2026-04-21 11:30:00,19.88,19.89,19.85,19.86,2800,55635.0
000029.SZ,2026-04-21 13:01:00,19.86,19.86,19.84,19.84,11800,234255.0
000029.SZ,2026-04-21 13:02:00,19.85,19.86,19.84,19.86,3200,63540.0
000029.SZ,2026-04-21 13:03:00,19.86,19.87,19.84,19.87,2200,43693.0
000029.SZ,2026-04-21 13:04:00,19.86,19.86,19.83,19.86,1600,31753.0
000029.SZ,2026-04-21 13:05:00,19.84,19.84,19.84,19.84,1000,19840.0
000029.SZ,2026-04-21 13:06:00,19.84,19.87,19.83,19.87,6200,122978.0
000029.SZ,2026-04-21 13:07:00,19.86,19.86,19.85,19.85,7300,144926.0
000029.SZ,2026-04-21 13:08:00,19.87,19.87,19.87,19.87,1200,23844.0
000029.SZ,2026-04-21 13:09:00,19.86,19.86,19.85,19.85,500,9926.0
000029.SZ,2026-04-21 13:10:00,19.85,19.86,19.85,19.86,14600,289828.0
000029.SZ,2026-04-21 13:11:00,19.86,19.86,19.85,19.86,2800,55613.0
000029.SZ,2026-04-21 13:12:00,19.86,19.88,19.86,19.88,4500,89422.0
000029.SZ,2026-04-21 13:13:00,19.86,19.87,19.86,19.86,600,11917.0
000029.SZ,2026-04-21 13:14:00,19.86,19.86,19.86,19.86,1100,21846.0
000029.SZ,2026-04-21 13:15:00,19.88,19.88,19.87,19.88,1700,33794.0
000029.SZ,2026-04-21 13:16:00,19.88,19.9,19.88,19.9,69300,1378908.0
000029.SZ,2026-04-21 13:17:00,19.9,19.9,19.89,19.89,19000,377993.0
000029.SZ,2026-04-21 13:18:00,19.9,19.9,19.89,19.89,12200,242765.0
000029.SZ,2026-04-21 13:19:00,19.89,19.89,19.89,19.89,2200,43761.0
000029.SZ,2026-04-21 13:20:00,19.89,19.89,19.87,19.87,5400,107339.0
000029.SZ,2026-04-21 13:21:00,19.87,19.87,19.87,19.87,300,5961.0
000029.SZ,2026-04-21 13:22:00,19.87,19.87,19.87,19.87,400,7948.0
000029.SZ,2026-04-21 13:23:00,19.87,19.87,19.87,19.87,12700,252349.0
000029.SZ,2026-04-21 13:24:00,19.87,19.87,19.87,19.87,1100,21857.0
000029.SZ,2026-04-21 13:25:00,19.87,19.88,19.87,19.87,3200,63588.0
000029.SZ,2026-04-21 13:26:00,19.88,19.88,19.87,19.87,1300,25843.0
000029.SZ,2026-04-21 13:27:00,19.88,19.88,19.88,19.88,2200,43736.0
000029.SZ,2026-04-21 13:28:00,19.88,19.89,19.88,19.89,4500,89495.0
000029.SZ,2026-04-21 13:29:00,19.9,19.9,19.88,19.88,5900,117337.0
000029.SZ,2026-04-21 13:30:00,19.87,19.87,19.86,19.86,4000,79465.0
000029.SZ,2026-04-21 13:31:00,19.84,19.85,19.83,19.85,18700,371037.0
000029.SZ,2026-04-21 13:32:00,19.83,19.85,19.83,19.85,3800,75414.0
000029.SZ,2026-04-21 13:33:00,19.84,19.84,19.83,19.83,4500,89266.0
000029.SZ,2026-04-21 13:34:00,19.81,19.83,19.78,19.81,226000,4470344.0
000029.SZ,2026-04-21 13:35:00,19.8,19.8,19.79,19.79,27800,550411.0
000029.SZ,2026-04-21 13:36:00,19.8,19.8,19.8,19.8,23700,469260.0
000029.SZ,2026-04-21 13:37:00,19.83,19.84,19.81,19.81,1400,27765.0
000029.SZ,2026-04-21 13:38:00,19.81,19.84,19.81,19.81,3300,65437.0
000029.SZ,2026-04-21 13:39:00,19.81,19.84,19.81,19.82,700,13875.0
000029.SZ,2026-04-21 13:40:00,19.82,19.83,19.82,19.82,2400,47569.0
000029.SZ,2026-04-21 13:41:00,19.82,19.83,19.82,19.83,2000,39654.0
000029.SZ,2026-04-21 13:42:00,19.83,19.83,19.78,19.81,98100,1942960.0
000029.SZ,2026-04-21 13:43:00,19.81,19.81,19.8,19.81,1200,23771.0
000029.SZ,2026-04-21 13:44:00,19.8,19.82,19.8,19.8,11200,221874.0
000029.SZ,2026-04-21 13:45:00,19.83,19.83,19.81,19.81,600,11889.0
000029.SZ,2026-04-21 13:46:00,19.82,19.82,19.8,19.8,2300,45562.0
000029.SZ,2026-04-21 13:47:00,19.83,19.83,19.8,19.8,24900,493551.0
000029.SZ,2026-04-21 13:48:00,19.8,19.82,19.8,19.82,6700,132681.0
000029.SZ,2026-04-21 13:49:00,19.8,19.82,19.79,19.81,14600,289040.0
000029.SZ,2026-04-21 13:50:00,19.78,19.81,19.78,19.81,1100,21764.0
000029.SZ,2026-04-21 13:51:00,19.81,19.82,19.8,19.8,1000,19810.0
000029.SZ,2026-04-21 13:52:00,19.8,19.8,19.8,19.8,1100,21780.0
000029.SZ,2026-04-21 13:53:00,19.8,19.88,19.79,19.87,111100,2204901.0
000029.SZ,2026-04-21 13:54:00,19.89,19.89,19.84,19.84,2000,39731.0
000029.SZ,2026-04-21 13:55:00,19.85,19.92,19.84,19.9,51106,1014785.9
000029.SZ,2026-04-21 13:56:00,19.93,19.93,19.85,19.87,4900,97452.0
000029.SZ,2026-04-21 13:57:00,19.87,19.87,19.87,19.87,500,9937.0
000029.SZ,2026-04-21 13:58:00,19.87,19.87,19.86,19.86,2400,47684.0
000029.SZ,2026-04-21 13:59:00,19.89,19.89,19.86,19.86,1400,27807.0
000029.SZ,2026-04-21 14:00:00,19.86,19.88,19.86,19.86,2200,43719.0
000029.SZ,2026-04-21 14:01:00,19.88,19.88,19.84,19.86,8200,162861.0
000029.SZ,2026-04-21 14:02:00,19.86,19.86,19.84,19.84,4700,93282.0
000029.SZ,2026-04-21 14:03:00,19.84,19.85,19.82,19.82,5800,115027.0
000029.SZ,2026-04-21 14:04:00,19.82,19.82,19.82,19.82,2700,53514.0
000029.SZ,2026-04-21 14:05:00,19.82,19.92,19.82,19.87,54400,1081891.0
000029.SZ,2026-04-21 14:06:00,19.87,19.87,19.85,19.85,400,7944.0
000029.SZ,2026-04-21 14:07:00,19.84,19.84,19.84,19.84,300,5952.0
000029.SZ,2026-04-21 14:08:00,19.85,19.85,19.85,19.85,1500,29775.0
000029.SZ,2026-04-21 14:09:00,19.85,19.87,19.84,19.87,7700,152862.0
000029.SZ,2026-04-21 14:10:00,19.86,19.86,19.85,19.86,3400,67520.0
000029.SZ,2026-04-21 14:11:00,19.86,19.86,19.85,19.85,800,15881.0
000029.SZ,2026-04-21 14:12:00,19.85,19.85,19.85,19.85,0,0.0
000029.SZ,2026-04-21 14:13:00,19.86,19.86,19.83,19.83,32000,634918.0
000029.SZ,2026-04-21 14:14:00,19.84,19.84,19.83,19.83,600,11899.0
000029.SZ,2026-04-21 14:15:00,19.83,19.84,19.83,19.84,2600,51569.0
000029.SZ,2026-04-21 14:16:00,19.84,19.85,19.83,19.84,2200,43651.0
000029.SZ,2026-04-21 14:17:00,19.84,19.85,19.84,19.84,1100,21825.0
000029.SZ,2026-04-21 14:18:00,19.84,19.85,19.83,19.83,2000,39687.0
000029.SZ,2026-04-21 14:19:00,19.84,19.84,19.83,19.84,1600,31741.0
000029.SZ,2026-04-21 14:20:00,19.84,19.84,19.83,19.83,2600,51560.0
000029.SZ,2026-04-21 14:21:00,19.83,19.83,19.83,19.83,1300,25779.0
000029.SZ,2026-04-21 14:22:00,19.84,19.86,19.83,19.86,8900,176564.0
000029.SZ,2026-04-21 14:23:00,19.88,19.88,19.86,19.86,3300,65543.0
000029.SZ,2026-04-21 14:24:00,19.87,19.88,19.86,19.86,8200,162943.0
000029.SZ,2026-04-21 14:25:00,19.87,19.88,19.86,19.88,1900,37756.0
000029.SZ,2026-04-21 14:26:00,19.88,19.89,19.88,19.89,3400,67595.0
000029.SZ,2026-04-21 14:27:00,19.89,19.92,19.88,19.88,41700,830121.0
000029.SZ,2026-04-21 14:28:00,19.89,19.9,19.88,19.9,4300,85525.0
000029.SZ,2026-04-21 14:29:00,19.9,19.91,19.89,19.91,3200,63672.0
000029.SZ,2026-04-21 14:30:00,19.9,19.92,19.89,19.91,5200,103533.0
000029.SZ,2026-04-21 14:31:00,19.91,19.92,19.9,19.92,12900,256921.0
000029.SZ,2026-04-21 14:32:00,19.91,19.96,19.91,19.95,47600,949346.0
000029.SZ,2026-04-21 14:33:00,19.98,19.98,19.96,19.98,24700,493267.0
000029.SZ,2026-04-21 14:34:00,19.99,20.0,19.98,19.98,37400,747463.0
000029.SZ,2026-04-21 14:35:00,19.98,20.0,19.98,19.98,3600,71937.0
000029.SZ,2026-04-21 14:36:00,19.98,19.99,19.97,19.97,1800,35970.0
000029.SZ,2026-04-21 14:37:00,19.98,20.0,19.98,19.98,27300,545744.0
000029.SZ,2026-04-21 14:38:00,20.0,20.05,20.0,20.02,37300,746788.0
000029.SZ,2026-04-21 14:39:00,20.02,20.02,20.0,20.0,3100,62047.0
000029.SZ,2026-04-21 14:40:00,20.01,20.01,20.0,20.0,8500,170026.0
000029.SZ,2026-04-21 14:41:00,20.0,20.01,20.0,20.0,11000,220002.0
000029.SZ,2026-04-21 14:42:00,20.0,20.0,19.99,19.99,12200,243916.0
000029.SZ,2026-04-21 14:43:00,20.0,20.0,19.99,19.99,2600,51976.0
000029.SZ,2026-04-21 14:44:00,20.0,20.0,19.98,19.98,15800,315907.0
000029.SZ,2026-04-21 14:45:00,19.98,19.99,19.98,19.98,6800,135865.0
000029.SZ,2026-04-21 14:46:00,19.98,19.98,19.96,19.97,19200,383475.0
000029.SZ,2026-04-21 14:47:00,19.97,19.99,19.97,19.98,18500,369607.0
000029.SZ,2026-04-21 14:48:00,19.99,19.99,19.97,19.97,7300,145846.0
000029.SZ,2026-04-21 14:49:00,19.98,19.98,19.95,19.95,17300,345443.0
000029.SZ,2026-04-21 14:50:00,19.95,19.97,19.95,19.97,13000,259527.0
000029.SZ,2026-04-21 14:51:00,19.97,19.98,19.97,19.97,8600,171754.0
000029.SZ,2026-04-21 14:52:00,19.95,19.99,19.95,19.98,27900,557194.0
000029.SZ,2026-04-21 14:53:00,19.98,19.98,19.97,19.97,8900,177794.0
000029.SZ,2026-04-21 14:54:00,19.96,19.99,19.96,19.97,31700,632917.0
000029.SZ,2026-04-21 14:55:00,19.97,19.98,19.96,19.98,24700,493094.0
000029.SZ,2026-04-21 14:56:00,19.96,19.98,19.93,19.94,28400,566448.0
000029.SZ,2026-04-21 14:57:00,19.94,19.99,19.92,19.94,30800,614726.0
000029.SZ,2026-04-21 14:58:00,19.94,19.94,19.94,19.94,0,0.0
000029.SZ,2026-04-21 14:59:00,19.94,19.94,19.94,19.94,0,0.0
000029.SZ,2026-04-21 15:00:00,19.93,19.93,19.93,19.93,44100,878913.0
000029.SZ,2026-04-22 09:30:00,19.89,19.97,19.89,19.97,13600,270512.0
000029.SZ,2026-04-22 09:31:00,19.9,20.08,19.9,20.04,90306,1804454.5
000029.SZ,2026-04-22 09:32:00,20.05,20.09,19.98,19.98,98300,1969706.0
000029.SZ,2026-04-22 09:33:00,19.98,20.04,19.98,20.0,11300,226083.0
000029.SZ,2026-04-22 09:34:00,20.0,20.0,19.98,20.0,12500,249964.0
000029.SZ,2026-04-22 09:35:00,20.0,20.04,20.0,20.03,16500,330257.0
000029.SZ,2026-04-22 09:36:00,20.02,20.03,20.0,20.0,8500,170077.0
000029.SZ,2026-04-22 09:37:00,19.99,20.0,19.97,19.97,26900,537463.0
000029.SZ,2026-04-22 09:38:00,19.96,20.02,19.95,20.0,17100,341576.0
000029.SZ,2026-04-22 09:39:00,19.97,20.02,19.97,20.02,24200,484265.0
000029.SZ,2026-04-22 09:40:00,20.02,20.08,20.02,20.07,41400,830129.0
000029.SZ,2026-04-22 09:41:00,20.07,20.07,20.05,20.05,11500,230610.0
000029.SZ,2026-04-22 09:42:00,20.04,20.06,20.02,20.06,25100,503109.0
000029.SZ,2026-04-22 09:43:00,20.06,20.1,20.06,20.09,37000,742985.0
000029.SZ,2026-04-22 09:44:00,20.09,20.1,20.05,20.09,31300,628845.0
000029.SZ,2026-04-22 09:45:00,20.09,20.12,20.07,20.07,72000,1447217.0
000029.SZ,2026-04-22 09:46:00,20.05,20.06,20.03,20.03,15800,316787.0
000029.SZ,2026-04-22 09:47:00,20.06,20.06,20.02,20.02,7400,148209.0
000029.SZ,2026-04-22 09:48:00,20.02,20.02,19.99,19.99,42300,846543.0
000029.SZ,2026-04-22 09:49:00,20.0,20.04,20.0,20.02,8300,166108.0
000029.SZ,2026-04-22 09:50:00,20.02,20.02,20.0,20.0,6900,138074.0
000029.SZ,2026-04-22 09:51:00,20.01,20.01,19.98,19.98,40000,799747.0
000029.SZ,2026-04-22 09:52:00,19.98,19.99,19.97,19.97,21500,429509.0
000029.SZ,2026-04-22 09:53:00,19.98,19.99,19.97,19.98,3200,63930.0
000029.SZ,2026-04-22 09:54:00,19.98,19.99,19.98,19.99,1000,19984.0
000029.SZ,2026-04-22 09:55:00,19.99,19.99,19.97,19.97,13800,275722.0
000029.SZ,2026-04-22 09:56:00,19.97,20.0,19.97,20.0,14800,295770.0
000029.SZ,2026-04-22 09:57:00,19.99,20.03,19.99,20.01,12000,240085.0
000029.SZ,2026-04-22 09:58:00,20.01,20.01,19.99,20.0,3900,77999.0
000029.SZ,2026-04-22 09:59:00,20.0,20.02,19.99,20.01,24800,496111.0
000029.SZ,2026-04-22 10:00:00,20.01,20.03,19.98,19.98,20300,406268.0
000029.SZ,2026-04-22 10:01:00,19.98,19.98,19.96,19.97,8000,159780.0
000029.SZ,2026-04-22 10:02:00,19.96,19.97,19.93,19.94,50000,997631.0
000029.SZ,2026-04-22 10:03:00,19.95,19.96,19.93,19.94,14100,281197.0
000029.SZ,2026-04-22 10:04:00,19.93,19.93,19.92,19.93,7200,143492.0
000029.SZ,2026-04-22 10:05:00,19.93,19.95,19.92,19.93,11400,227274.0
000029.SZ,2026-04-22 10:06:00,19.92,19.94,19.92,19.93,8300,165409.0
000029.SZ,2026-04-22 10:07:00,19.94,19.96,19.93,19.95,7700,153549.0
000029.SZ,2026-04-22 10:08:00,19.95,19.96,19.95,19.95,12400,247395.0
000029.SZ,2026-04-22 10:09:00,19.96,19.97,19.96,19.96,3200,63878.0
000029.SZ,2026-04-22 10:10:00,19.96,19.97,19.95,19.97,900,17969.0
000029.SZ,2026-04-22 10:11:00,19.97,19.97,19.97,19.97,100,1997.0
000029.SZ,2026-04-22 10:12:00,19.97,19.98,19.97,19.98,4100,81897.0
000029.SZ,2026-04-22 10:13:00,19.97,19.98,19.97,19.98,2200,43942.0
000029.SZ,2026-04-22 10:14:00,19.99,20.0,19.99,19.99,7800,155971.0
000029.SZ,2026-04-22 10:15:00,19.99,20.0,19.97,19.97,5100,101941.0
000029.SZ,2026-04-22 10:16:00,19.98,19.99,19.96,19.96,13568,270921.28
000029.SZ,2026-04-22 10:17:00,19.96,19.96,19.95,19.95,4832,96419.72
000029.SZ,2026-04-22 10:18:00,19.95,19.95,19.93,19.95,26200,522321.0
000029.SZ,2026-04-22 10:19:00,19.93,19.94,19.93,19.94,1200,23926.0
000029.SZ,2026-04-22 10:20:00,19.93,19.95,19.93,19.94,4000,79757.0
000029.SZ,2026-04-22 10:21:00,19.94,19.97,19.94,19.97,21000,418807.3
000029.SZ,2026-04-22 10:22:00,19.95,19.97,19.95,19.97,200,3992.0
000029.SZ,2026-04-22 10:23:00,19.96,19.96,19.94,19.94,2900,57851.0
000029.SZ,2026-04-22 10:24:00,19.94,19.95,19.94,19.94,4100,81756.0
000029.SZ,2026-04-22 10:25:00,19.94,19.95,19.94,19.95,8600,171505.0
000029.SZ,2026-04-22 10:26:00,19.95,19.95,19.94,19.94,7200,143569.0
000029.SZ,2026-04-22 10:27:00,19.94,19.94,19.93,19.93,9100,181375.0
000029.SZ,2026-04-22 10:28:00,19.93,19.93,19.92,19.92,1100,21919.0
000029.SZ,2026-04-22 10:29:00,19.92,19.94,19.92,19.93,2900,57796.0
000029.SZ,2026-04-22 10:30:00,19.94,19.94,19.92,19.92,16100,320832.0
000029.SZ,2026-04-22 10:31:00,19.92,19.93,19.92,19.93,600,11954.0
000029.SZ,2026-04-22 10:32:00,19.92,19.92,19.91,19.92,15000,298798.0
000029.SZ,2026-04-22 10:33:00,19.92,19.92,19.91,19.91,2300,45809.0
000029.SZ,2026-04-22 10:34:00,19.91,19.92,19.9,19.9,51000,1015219.0
000029.SZ,2026-04-22 10:35:00,19.9,19.91,19.89,19.89,27400,545246.0
000029.SZ,2026-04-22 10:36:00,19.9,19.9,19.89,19.9,1500,29847.0
000029.SZ,2026-04-22 10:37:00,19.89,19.92,19.89,19.92,22300,443806.0
000029.SZ,2026-04-22 10:38:00,19.91,19.91,19.9,19.9,2500,49753.0
000029.SZ,2026-04-22 10:39:00,19.9,19.91,19.89,19.89,1100,21886.0
000029.SZ,2026-04-22 10:40:00,19.89,19.9,19.89,19.89,1600,31825.0
000029.SZ,2026-04-22 10:41:00,19.89,19.9,19.89,19.89,9900,196922.0
000029.SZ,2026-04-22 10:42:00,19.89,19.9,19.89,19.9,1300,25861.0
000029.SZ,2026-04-22 10:43:00,19.89,19.9,19.88,19.89,4900,97458.0
000029.SZ,2026-04-22 10:44:00,19.9,19.9,19.89,19.89,4000,79561.0
000029.SZ,2026-04-22 10:45:00,19.9,19.94,19.89,19.94,28400,566045.0
000029.SZ,2026-04-22 10:46:00,19.94,19.94,19.93,19.94,1400,27914.0
000029.SZ,2026-04-22 10:47:00,19.93,19.93,19.92,19.92,4700,93667.0
000029.SZ,2026-04-22 10:48:00,19.92,19.92,19.9,19.9,3100,61726.0
000029.SZ,2026-04-22 10:49:00,19.9,19.91,19.9,19.9,3700,73631.0
000029.SZ,2026-04-22 10:50:00,19.9,19.9,19.89,19.9,2600,51739.0
000029.SZ,2026-04-22 10:51:00,19.9,19.9,19.9,19.9,0,0.0
000029.SZ,2026-04-22 10:52:00,19.9,19.9,19.89,19.89,700,13924.0
000029.SZ,2026-04-22 10:53:00,19.89,19.89,19.89,19.89,2300,45747.0
000029.SZ,2026-04-22 10:54:00,19.9,19.9,19.89,19.89,15800,314309.0
000029.SZ,2026-04-22 10:55:00,19.89,19.89,19.87,19.87,10800,214706.0
000029.SZ,2026-04-22 10:56:00,19.88,19.88,19.87,19.88,9300,184822.0
000029.SZ,2026-04-22 10:57:00,19.88,19.88,19.87,19.87,1300,25832.0
000029.SZ,2026-04-22 10:58:00,19.88,19.88,19.87,19.87,1500,29819.0
000029.SZ,2026-04-22 10:59:00,19.87,19.88,19.87,19.87,5800,115257.0
000029.SZ,2026-04-22 11:00:00,19.87,19.87,19.86,19.86,3200,63567.0
000029.SZ,2026-04-22 11:01:00,19.88,19.88,19.86,19.87,2800,55636.0
000029.SZ,2026-04-22 11:02:00,19.87,19.87,19.87,19.87,200,3974.0
000029.SZ,2026-04-22 11:03:00,19.86,19.86,19.86,19.86,29400,583884.0
000029.SZ,2026-04-22 11:04:00,19.88,19.93,19.88,19.93,46700,928985.0
000029.SZ,2026-04-22 11:05:00,19.93,20.0,19.93,19.98,45400,906911.0
000029.SZ,2026-04-22 11:06:00,19.98,20.0,19.98,20.0,7000,139921.0
000029.SZ,2026-04-22 11:07:00,19.99,20.0,19.99,20.0,2000,39989.0
000029.SZ,2026-04-22 11:08:00,19.99,20.02,19.99,20.02,23000,460112.0
000029.SZ,2026-04-22 11:09:00,20.03,20.03,19.99,19.99,9348,187033.52
000029.SZ,2026-04-22 11:10:00,19.99,19.99,19.98,19.98,800,15988.52
000029.SZ,2026-04-22 11:11:00,20.0,20.0,19.99,19.99,600,11996.0
000029.SZ,2026-04-22 11:12:00,19.98,20.01,19.98,19.99,2600,51987.0
000029.SZ,2026-04-22 11:13:00,19.99,19.99,19.97,19.97,3300,65927.0
000029.SZ,2026-04-22 11:14:00,19.97,19.97,19.97,19.97,400,7988.0
000029.SZ,2026-04-22 11:15:00,19.97,19.97,19.95,19.95,3200,63865.0
000029.SZ,2026-04-22 11:16:00,19.95,19.98,19.95,19.97,18700,373286.0
000029.SZ,2026-04-22 11:17:00,19.98,19.98,19.98,19.98,500,9988.0
000029.SZ,2026-04-22 11:18:00,19.98,19.98,19.97,19.97,500,9987.0
000029.SZ,2026-04-22 11:19:00,19.97,19.97,19.97,19.97,2200,43934.0
000029.SZ,2026-04-22 11:20:00,19.97,19.97,19.96,19.97,4100,81875.0
000029.SZ,2026-04-22 11:21:00,19.97,19.97,19.96,19.96,800,15972.0
000029.SZ,2026-04-22 11:22:00,19.96,19.96,19.96,19.96,0,0.0
000029.SZ,2026-04-22 11:23:00,19.97,19.97,19.97,19.97,5100,101847.0
000029.SZ,2026-04-22 11:24:00,19.96,19.96,19.96,19.96,1000,19960.0
000029.SZ,2026-04-22 11:25:00,19.96,19.96,19.95,19.95,8900,177617.0
000029.SZ,2026-04-22 11:26:00,19.94,19.95,19.94,19.95,500,9973.0
000029.SZ,2026-04-22 11:27:00,19.94,19.94,19.94,19.94,1000,19940.0
000029.SZ,2026-04-22 11:28:00,19.95,19.95,19.94,19.94,1000,19949.0
000029.SZ,2026-04-22 11:29:00,19.95,19.96,19.95,19.96,18900,377160.0
000029.SZ,2026-04-22 11:30:00,19.98,19.98,19.98,19.98,1100,21978.0
000029.SZ,2026-04-22 13:01:00,19.98,20.0,19.98,19.98,6400,127896.0
000029.SZ,2026-04-22 13:02:00,19.98,19.99,19.96,19.99,32600,651081.0
000029.SZ,2026-04-22 13:03:00,19.99,19.99,19.99,19.99,4200,83957.0
000029.SZ,2026-04-22 13:04:00,19.98,19.98,19.97,19.97,20800,415581.0
000029.SZ,2026-04-22 13:05:00,19.98,19.98,19.97,19.97,1600,31962.0
000029.SZ,2026-04-22 13:06:00,19.97,19.97,19.96,19.96,4200,83860.0
000029.SZ,2026-04-22 13:07:00,19.96,19.96,19.95,19.95,9800,195588.0
000029.SZ,2026-04-22 13:08:00,19.95,19.95,19.94,19.95,8300,165577.0
000029.SZ,2026-04-22 13:09:00,19.94,19.99,19.93,19.99,48100,959778.0
000029.SZ,2026-04-22 13:10:00,20.0,20.0,19.98,19.98,5800,115945.0
000029.SZ,2026-04-22 13:11:00,20.0,20.0,19.99,19.99,4400,87995.0
000029.SZ,2026-04-22 13:12:00,19.99,19.99,19.97,19.97,2700,53955.0
000029.SZ,2026-04-22 13:13:00,19.97,19.99,19.97,19.99,1500,29981.0
000029.SZ,2026-04-22 13:14:00,19.99,20.0,19.98,19.99,7000,139946.0
000029.SZ,2026-04-22 13:15:00,20.0,20.0,19.99,19.99,2500,49994.0
000029.SZ,2026-04-22 13:16:00,19.99,19.99,19.96,19.96,56900,1137395.0
000029.SZ,2026-04-22 13:17:00,19.97,19.99,19.97,19.99,1600,31976.0
000029.SZ,2026-04-22 13:18:00,19.99,19.99,19.97,19.97,3400,67952.0
000029.SZ,2026-04-22 13:19:00,19.98,19.98,19.98,19.98,1100,21978.0
000029.SZ,2026-04-22 13:20:00,19.98,19.98,19.98,19.98,0,0.0
000029.SZ,2026-04-22 13:21:00,19.98,19.98,19.98,19.98,300,5994.0
000029.SZ,2026-04-22 13:22:00,19.98,19.99,19.98,19.99,1400,27984.0
000029.SZ,2026-04-22 13:23:00,19.99,20.02,19.99,20.02,29400,588031.0
000029.SZ,2026-04-22 13:24:00,20.03,20.03,20.02,20.02,2300,46050.0
000029.SZ,2026-04-22 13:25:00,20.01,20.02,20.01,20.02,2200,44030.0
000029.SZ,2026-04-22 13:26:00,20.01,20.01,20.01,20.01,1300,26013.0
000029.SZ,2026-04-22 13:27:00,20.0,20.0,20.0,20.0,200,4000.0
000029.SZ,2026-04-22 13:28:00,20.01,20.01,20.01,20.01,100,2001.0
000029.SZ,2026-04-22 13:29:00,20.01,20.01,20.01,20.01,0,0.0
000029.SZ,2026-04-22 13:30:00,20.01,20.02,20.01,20.02,2600,52030.0
000029.SZ,2026-04-22 13:31:00,20.02,20.02,20.01,20.01,3700,74055.0
000029.SZ,2026-04-22 13:32:00,20.02,20.02,20.02,20.02,2500,50050.0
000029.SZ,2026-04-22 13:33:00,20.01,20.01,20.01,20.01,1700,34017.0
000029.SZ,2026-04-22 13:34:00,20.01,20.02,20.0,20.02,9300,186116.0
000029.SZ,2026-04-22 13:35:00,20.01,20.03,20.01,20.03,3000,60083.0
000029.SZ,2026-04-22 13:36:00,20.02,20.02,20.02,20.02,1700,34034.0
000029.SZ,2026-04-22 13:37:00,20.02,20.02,20.01,20.01,700,14011.0
000029.SZ,2026-04-22 13:38:00,20.02,20.02,20.02,20.02,1600,32032.0
000029.SZ,2026-04-22 13:39:00,20.02,20.02,20.02,20.02,2400,48047.0
000029.SZ,2026-04-22 13:40:00,20.03,20.03,20.03,20.03,4000,80120.0
000029.SZ,2026-04-22 13:41:00,20.03,20.03,20.02,20.03,2200,44063.0
000029.SZ,2026-04-22 13:42:00,20.02,20.02,20.01,20.02,5700,114099.0
000029.SZ,2026-04-22 13:43:00,20.02,20.02,20.01,20.02,4300,86083.0
000029.SZ,2026-04-22 13:44:00,20.03,20.03,20.03,20.03,8000,160240.0
000029.SZ,2026-04-22 13:45:00,20.03,20.03,20.02,20.02,4400,88130.0
000029.SZ,2026-04-22 13:46:00,20.02,20.03,20.02,20.02,2700,54055.0
000029.SZ,2026-04-22 13:47:00,20.02,20.02,20.0,20.0,9000,180126.0
000029.SZ,2026-04-22 13:48:00,20.02,20.02,20.01,20.01,8500,170100.0
000029.SZ,2026-04-22 13:49:00,20.02,20.02,20.01,20.01,2700,54052.0
000029.SZ,2026-04-22 13:50:00,20.01,20.02,20.0,20.0,6400,128056.0
000029.SZ,2026-04-22 13:51:00,20.0,20.03,20.0,20.03,16600,332265.0
000029.SZ,2026-04-22 13:52:00,20.08,20.22,20.07,20.16,386400,7780153.0
000029.SZ,2026-04-22 13:53:00,20.15,20.25,20.14,20.23,85900,1736124.0
000029.SZ,2026-04-22 13:54:00,20.23,20.23,20.21,20.21,29700,600721.0
000029.SZ,2026-04-22 13:55:00,20.2,20.2,20.16,20.2,9800,197793.0
000029.SZ,2026-04-22 13:56:00,20.2,20.2,20.17,20.17,38600,779218.0
000029.SZ,2026-04-22 13:57:00,20.17,20.17,20.16,20.16,4200,84700.0
000029.SZ,2026-04-22 13:58:00,20.16,20.16,20.15,20.15,5900,118925.0
000029.SZ,2026-04-22 13:59:00,20.14,20.15,20.14,20.15,8200,165207.0
000029.SZ,2026-04-22 14:00:00,20.14,20.17,20.14,20.16,6300,126973.0
000029.SZ,2026-04-22 14:01:00,20.17,20.17,20.15,20.17,5700,114930.0
000029.SZ,2026-04-22 14:02:00,20.16,20.17,20.15,20.16,17700,356796.0
000029.SZ,2026-04-22 14:03:00,20.16,20.16,20.15,20.15,3200,64504.0
000029.SZ,2026-04-22 14:04:00,20.15,20.15,20.14,20.15,7500,151120.0
000029.SZ,2026-04-22 14:05:00,20.14,20.15,20.14,20.14,4100,82603.0
000029.SZ,2026-04-22 14:06:00,20.14,20.15,20.14,20.14,2200,44310.0
000029.SZ,2026-04-22 14:07:00,20.14,20.15,20.14,20.15,5200,104754.0
000029.SZ,2026-04-22 14:08:00,20.14,20.25,20.14,20.24,121800,2461260.0
000029.SZ,2026-04-22 14:09:00,20.23,20.25,20.2,20.2,29600,599077.0
000029.SZ,2026-04-22 14:10:00,20.2,20.21,20.19,20.2,5200,105048.0
000029.SZ,2026-04-22 14:11:00,20.2,20.2,20.18,20.2,9500,191878.0
000029.SZ,2026-04-22 14:12:00,20.18,20.19,20.18,20.18,2700,54485.0
000029.SZ,2026-04-22 14:13:00,20.17,20.18,20.17,20.18,2000,40346.0
000029.SZ,2026-04-22 14:14:00,20.17,20.18,20.17,20.18,4900,98881.0
000029.SZ,2026-04-22 14:15:00,20.17,20.18,20.15,20.15,10700,215801.0
000029.SZ,2026-04-22 14:16:00,20.17,20.19,20.17,20.19,2600,52460.0
000029.SZ,2026-04-22 14:17:00,20.18,20.18,20.17,20.17,1800,36314.0
000029.SZ,2026-04-22 14:18:00,20.17,20.17,20.17,20.17,0,0.0
000029.SZ,2026-04-22 14:19:00,20.16,20.18,20.16,20.16,5800,116965.0
000029.SZ,2026-04-22 14:20:00,20.17,20.17,20.16,20.16,1600,32261.0
000029.SZ,2026-04-22 14:21:00,20.16,20.16,20.14,20.15,15200,306297.0
000029.SZ,2026-04-22 14:22:00,20.15,20.16,20.15,20.16,1100,22172.0
000029.SZ,2026-04-22 14:23:00,20.15,20.17,20.15,20.17,2600,52419.0
000029.SZ,2026-04-22 14:24:00,20.16,20.16,20.15,20.15,800,16127.0
000029.SZ,2026-04-22 14:25:00,20.16,20.16,20.16,20.16,1800,36288.0
000029.SZ,2026-04-22 14:26:00,20.16,20.16,20.15,20.16,2000,40318.0
000029.SZ,2026-04-22 14:27:00,20.16,20.17,20.16,20.17,700,14115.0
000029.SZ,2026-04-22 14:28:00,20.15,20.15,20.14,20.14,15200,306331.0
000029.SZ,2026-04-22 14:29:00,20.14,20.15,20.14,20.15,5800,116863.0
000029.SZ,2026-04-22 14:30:00,20.15,20.15,20.12,20.12,18100,364417.0
000029.SZ,2026-04-22 14:31:00,20.13,20.14,20.13,20.13,1000,20132.0
000029.SZ,2026-04-22 14:32:00,20.13,20.13,20.12,20.13,7300,146916.0
000029.SZ,2026-04-22 14:33:00,20.13,20.14,20.13,20.13,7000,140922.0
000029.SZ,2026-04-22 14:34:00,20.14,20.14,20.13,20.13,29600,595948.0
000029.SZ,2026-04-22 14:35:00,20.13,20.14,20.13,20.13,1800,36239.0
000029.SZ,2026-04-22 14:36:00,20.14,20.14,20.13,20.14,5800,116807.0
000029.SZ,2026-04-22 14:37:00,20.13,20.14,20.13,20.13,2400,48327.0
000029.SZ,2026-04-22 14:38:00,20.12,20.15,20.12,20.15,68500,1378931.0
000029.SZ,2026-04-22 14:39:00,20.15,20.15,20.12,20.13,16500,332428.0
000029.SZ,2026-04-22 14:40:00,20.14,20.14,20.13,20.14,3500,70488.0
000029.SZ,2026-04-22 14:41:00,20.13,20.14,20.13,20.13,4800,96630.0
000029.SZ,2026-04-22 14:42:00,20.14,20.15,20.13,20.13,4300,86600.0
000029.SZ,2026-04-22 14:43:00,20.14,20.15,20.13,20.13,5600,112794.0
000029.SZ,2026-04-22 14:44:00,20.13,20.14,20.12,20.13,10800,217404.0
000029.SZ,2026-04-22 14:45:00,20.12,20.14,20.12,20.13,10200,205279.0
000029.SZ,2026-04-22 14:46:00,20.13,20.13,20.12,20.12,11100,223353.0
000029.SZ,2026-04-22 14:47:00,20.13,20.14,20.12,20.12,21400,430722.0
000029.SZ,2026-04-22 14:48:00,20.13,20.14,20.11,20.11,30400,611681.0
000029.SZ,2026-04-22 14:49:00,20.12,20.14,20.11,20.11,10300,207231.0
000029.SZ,2026-04-22 14:50:00,20.14,20.14,20.11,20.13,24100,485253.0
000029.SZ,2026-04-22 14:51:00,20.11,20.15,20.11,20.14,7700,155051.0
000029.SZ,2026-04-22 14:52:00,20.11,20.15,20.11,20.13,16200,326031.0
000029.SZ,2026-04-22 14:53:00,20.12,20.14,20.12,20.14,23000,462950.0
000029.SZ,2026-04-22 14:54:00,20.13,20.15,20.11,20.14,59104,1189610.5
000029.SZ,2026-04-22 14:55:00,20.12,20.15,20.12,20.12,8100,163118.0
000029.SZ,2026-04-22 14:56:00,20.13,20.15,20.1,20.15,59322,1193504.1
000029.SZ,2026-04-22 14:57:00,20.15,20.15,20.1,20.11,42100,847080.0
000029.SZ,2026-04-22 14:58:00,20.11,20.11,20.11,20.11,0,0.0
000029.SZ,2026-04-22 14:59:00,20.11,20.11,20.11,20.11,0,0.0
000029.SZ,2026-04-22 15:00:00,20.14,20.14,20.14,20.14,52400,1055336.0
000029.SZ,2026-04-23 09:30:00,20.15,20.19,20.15,20.19,12000,241808.0
000029.SZ,2026-04-23 09:31:00,20.15,20.16,20.06,20.16,18800,378309.0
000029.SZ,2026-04-23 09:32:00,20.18,20.19,20.08,20.08,26500,532906.0
000029.SZ,2026-04-23 09:33:00,20.06,20.06,20.02,20.03,11800,236640.0
000029.SZ,2026-04-23 09:34:00,20.05,20.05,19.98,19.98,18700,374365.0
000029.SZ,2026-04-23 09:35:00,20.0,20.01,19.95,19.96,32500,649178.0
000029.SZ,2026-04-23 09:36:00,19.95,19.98,19.95,19.96,22300,445144.0
000029.SZ,2026-04-23 09:37:00,19.95,19.99,19.95,19.97,54800,1093960.0
000029.SZ,2026-04-23 09:38:00,19.98,20.02,19.97,20.01,30200,603545.0
000029.SZ,2026-04-23 09:39:00,20.01,20.07,20.01,20.06,7700,154413.0
000029.SZ,2026-04-23 09:40:00,20.1,20.17,20.1,20.14,31000,623871.0
000029.SZ,2026-04-23 09:41:00,20.11,20.15,20.06,20.14,58000,1166855.0
000029.SZ,2026-04-23 09:42:00,20.14,20.26,20.14,20.19,128900,2605018.0
000029.SZ,2026-04-23 09:43:00,20.19,20.19,20.1,20.11,23800,479795.0
000029.SZ,2026-04-23 09:44:00,20.14,20.15,20.09,20.12,16800,337971.0
000029.SZ,2026-04-23 09:45:00,20.11,20.11,20.09,20.09,4700,94453.0
000029.SZ,2026-04-23 09:46:00,20.09,20.09,20.06,20.06,16000,321356.0
000029.SZ,2026-04-23 09:47:00,20.06,20.1,20.06,20.08,12800,256980.0
000029.SZ,2026-04-23 09:48:00,20.07,20.08,20.06,20.06,10100,202682.0
000029.SZ,2026-04-23 09:49:00,20.07,20.08,20.06,20.08,20300,407511.0
000029.SZ,2026-04-23 09:50:00,20.07,20.09,20.06,20.09,18100,363304.0
000029.SZ,2026-04-23 09:51:00,20.09,20.18,20.09,20.14,17000,342458.0
000029.SZ,2026-04-23 09:52:00,20.2,20.2,20.14,20.14,63277,1275431.8
000029.SZ,2026-04-23 09:53:00,20.14,20.16,20.1,20.1,5800,116760.0
000029.SZ,2026-04-23 09:54:00,20.14,20.17,20.13,20.16,11800,237702.0
000029.SZ,2026-04-23 09:55:00,20.17,20.17,20.12,20.16,29100,586099.0
000029.SZ,2026-04-23 09:56:00,20.15,20.15,20.14,20.15,16500,332231.0
000029.SZ,2026-04-23 09:57:00,20.15,20.15,20.12,20.14,4200,84582.0
000029.SZ,2026-04-23 09:58:00,20.14,20.14,20.12,20.13,8400,169072.0
000029.SZ,2026-04-23 09:59:00,20.15,20.15,20.13,20.13,2300,46314.0
000029.SZ,2026-04-23 10:00:00,20.15,20.16,20.13,20.16,15800,318372.0
000029.SZ,2026-04-23 10:01:00,20.16,20.17,20.16,20.17,6800,137125.0
000029.SZ,2026-04-23 10:02:00,20.17,20.2,20.17,20.19,40700,821549.0
000029.SZ,2026-04-23 10:03:00,20.19,20.2,20.17,20.18,11800,238159.0
000029.SZ,2026-04-23 10:04:00,20.19,20.23,20.18,20.21,32800,663093.0
000029.SZ,2026-04-23 10:05:00,20.23,20.25,20.23,20.25,17600,356166.0
000029.SZ,2026-04-23 10:06:00,20.24,20.24,20.21,20.21,28200,570498.0
000029.SZ,2026-04-23 10:07:00,20.21,20.21,20.2,20.21,22300,450501.0
000029.SZ,2026-04-23 10:08:00,20.21,20.21,20.2,20.2,9300,187872.0
000029.SZ,2026-04-23 10:09:00,20.2,20.22,20.2,20.21,7500,151507.0
000029.SZ,2026-04-23 10:10:00,20.21,20.21,20.2,20.2,8300,167674.0
000029.SZ,2026-04-23 10:11:00,20.2,20.21,20.2,20.2,3300,66661.0
000029.SZ,2026-04-23 10:12:00,20.19,20.19,20.17,20.18,27700,559132.0
000029.SZ,2026-04-23 10:13:00,20.19,20.2,20.19,20.2,2300,46450.0
000029.SZ,2026-04-23 10:14:00,20.2,20.2,20.18,20.18,15400,310970.0
000029.SZ,2026-04-23 10:15:00,20.19,20.21,20.19,20.21,14800,299054.0
000029.SZ,2026-04-23 10:16:00,20.21,20.21,20.19,20.2,4400,88880.0
000029.SZ,2026-04-23 10:17:00,20.2,20.2,20.18,20.18,2200,44416.0
000029.SZ,2026-04-23 10:18:00,20.19,20.19,20.16,20.16,11300,227980.0
000029.SZ,2026-04-23 10:19:00,20.19,20.21,20.19,20.21,48026,969699.94
000029.SZ,2026-04-23 10:20:00,20.21,20.21,20.18,20.19,11000,222146.0
000029.SZ,2026-04-23 10:21:00,20.18,20.19,20.18,20.19,2300,46436.0
000029.SZ,2026-04-23 10:22:00,20.2,20.21,20.19,20.2,21400,432262.0
000029.SZ,2026-04-23 10:23:00,20.2,20.25,20.2,20.24,52700,1065883.0
000029.SZ,2026-04-23 10:24:00,20.24,20.27,20.24,20.27,26100,528589.0
000029.SZ,2026-04-23 10:25:00,20.26,20.27,20.25,20.25,5100,103305.0
000029.SZ,2026-04-23 10:26:00,20.25,20.28,20.25,20.27,36900,748053.0
000029.SZ,2026-04-23 10:27:00,20.26,20.27,20.25,20.25,7400,149876.0
000029.SZ,2026-04-23 10:28:00,20.25,20.25,20.24,20.24,49600,1004077.0
000029.SZ,2026-04-23 10:29:00,20.27,20.27,20.26,20.26,2000,40522.0
000029.SZ,2026-04-23 10:30:00,20.25,20.26,20.25,20.25,1800,36465.0
000029.SZ,2026-04-23 10:31:00,20.25,20.27,20.25,20.27,59300,1200956.0
000029.SZ,2026-04-23 10:32:00,20.27,20.3,20.26,20.3,26200,531569.0
000029.SZ,2026-04-23 10:33:00,20.3,20.31,20.29,20.29,38900,789624.0
000029.SZ,2026-04-23 10:34:00,20.29,20.33,20.28,20.31,32092,651336.06
000029.SZ,2026-04-23 10:35:00,20.31,20.31,20.28,20.31,8600,174570.0
000029.SZ,2026-04-23 10:36:00,20.31,20.35,20.31,20.35,18300,372044.0
000029.SZ,2026-04-23 10:37:00,20.35,20.47,20.34,20.47,139400,2843929.0
000029.SZ,2026-04-23 10:38:00,20.45,20.5,20.45,20.47,35200,720890.0
000029.SZ,2026-04-23 10:39:00,20.47,20.51,20.45,20.5,47900,981508.0
000029.SZ,2026-04-23 10:40:00,20.5,20.5,20.46,20.48,35900,735097.0
000029.SZ,2026-04-23 10:41:00,20.48,20.48,20.43,20.43,27500,562381.0
000029.SZ,2026-04-23 10:42:00,20.43,20.45,20.42,20.45,17500,357536.0
000029.SZ,2026-04-23 10:43:00,20.46,20.46,20.45,20.45,11100,227091.0
000029.SZ,2026-04-23 10:44:00,20.44,20.46,20.44,20.44,3000,61343.0
000029.SZ,2026-04-23 10:45:00,20.44,20.45,20.44,20.44,7400,151259.0
000029.SZ,2026-04-23 10:46:00,20.43,20.43,20.4,20.4,12200,249016.0
000029.SZ,2026-04-23 10:47:00,20.4,20.4,20.36,20.38,47800,973991.0
000029.SZ,2026-04-23 10:48:00,20.37,20.37,20.36,20.37,3900,79436.0
000029.SZ,2026-04-23 10:49:00,20.37,20.38,20.37,20.37,8900,181298.0
000029.SZ,2026-04-23 10:50:00,20.37,20.38,20.37,20.38,10700,218027.0
000029.SZ,2026-04-23 10:51:00,20.37,20.38,20.37,20.38,6900,140558.0
000029.SZ,2026-04-23 10:52:00,20.38,20.38,20.37,20.38,1400,28526.0
000029.SZ,2026-04-23 10:53:00,20.37,20.38,20.37,20.38,12200,248613.0
000029.SZ,2026-04-23 10:54:00,20.38,20.42,20.37,20.42,10100,205922.0
000029.SZ,2026-04-23 10:55:00,20.41,20.58,20.4,20.56,251700,5162626.0
000029.SZ,2026-04-23 10:56:00,20.55,20.62,20.55,20.59,51600,1061704.0
000029.SZ,2026-04-23 10:57:00,20.6,20.6,20.58,20.59,22100,455075.0
000029.SZ,2026-04-23 10:58:00,20.59,20.59,20.58,20.59,12600,259397.0
000029.SZ,2026-04-23 10:59:00,20.59,20.59,20.55,20.58,53500,1101008.0
000029.SZ,2026-04-23 11:00:00,20.54,20.58,20.52,20.58,13700,281724.0
000029.SZ,2026-04-23 11:01:00,20.58,20.58,20.53,20.53,47700,981616.0
000029.SZ,2026-04-23 11:02:00,20.5,20.52,20.5,20.51,4300,88169.0
000029.SZ,2026-04-23 11:03:00,20.5,20.51,20.49,20.49,5600,114795.0
000029.SZ,2026-04-23 11:04:00,20.49,20.5,20.49,20.5,2400,49179.0
000029.SZ,2026-04-23 11:05:00,20.5,20.5,20.49,20.49,10900,223419.0
000029.SZ,2026-04-23 11:06:00,20.48,20.48,20.47,20.47,3500,71664.0
000029.SZ,2026-04-23 11:07:00,20.47,20.48,20.47,20.47,3300,67559.0
000029.SZ,2026-04-23 11:08:00,20.47,20.48,20.47,20.47,2600,53232.0
000029.SZ,2026-04-23 11:09:00,20.47,20.48,20.46,20.47,12200,249749.0
000029.SZ,2026-04-23 11:10:00,20.47,20.48,20.46,20.46,26400,540228.0
000029.SZ,2026-04-23 11:11:00,20.47,20.58,20.46,20.56,78800,1619947.0
000029.SZ,2026-04-23 11:12:00,20.58,20.61,20.53,20.59,82400,1696342.0
000029.SZ,2026-04-23 11:13:00,20.6,20.61,20.55,20.58,76500,1575617.0
000029.SZ,2026-04-23 11:14:00,20.58,20.58,20.56,20.56,52700,1084020.0
000029.SZ,2026-04-23 11:15:00,20.56,20.58,20.56,20.58,12900,265472.0
000029.SZ,2026-04-23 11:16:00,20.56,20.56,20.52,20.52,9400,193106.0
000029.SZ,2026-04-23 11:17:00,20.54,20.54,20.52,20.54,20200,414844.0
000029.SZ,2026-04-23 11:18:00,20.54,20.54,20.52,20.52,11200,229994.0
000029.SZ,2026-04-23 11:19:00,20.51,20.52,20.5,20.51,6500,133307.0
000029.SZ,2026-04-23 11:20:00,20.5,20.5,20.47,20.49,13000,266435.0
000029.SZ,2026-04-23 11:21:00,20.5,20.5,20.49,20.49,3300,67648.0
000029.SZ,2026-04-23 11:22:00,20.49,20.49,20.48,20.49,10500,215105.0
000029.SZ,2026-04-23 11:23:00,20.49,20.5,20.49,20.5,23200,475421.0
000029.SZ,2026-04-23 11:24:00,20.5,20.51,20.48,20.51,9100,186498.0
000029.SZ,2026-04-23 11:25:00,20.52,20.57,20.52,20.57,29452,605048.06
000029.SZ,2026-04-23 11:26:00,20.57,20.57,20.54,20.54,800,16438.0
000029.SZ,2026-04-23 11:27:00,20.54,20.54,20.51,20.52,4600,94403.0
000029.SZ,2026-04-23 11:28:00,20.52,20.52,20.5,20.52,7300,149663.0
000029.SZ,2026-04-23 11:29:00,20.52,20.52,20.48,20.48,9600,196794.0
000029.SZ,2026-04-23 11:30:00,20.48,20.5,20.48,20.5,10100,206993.0
000029.SZ,2026-04-23 13:01:00,20.5,20.5,20.45,20.47,66100,1353293.0
000029.SZ,2026-04-23 13:02:00,20.5,20.5,20.48,20.48,21200,434546.0
000029.SZ,2026-04-23 13:03:00,20.48,20.48,20.42,20.42,26100,533511.0
000029.SZ,2026-04-23 13:04:00,20.43,20.45,20.43,20.44,13000,265627.0
000029.SZ,2026-04-23 13:05:00,20.44,20.46,20.44,20.46,4400,89937.0
000029.SZ,2026-04-23 13:06:00,20.46,20.46,20.44,20.46,16900,345597.0
000029.SZ,2026-04-23 13:07:00,20.46,20.5,20.46,20.5,18300,374757.0
000029.SZ,2026-04-23 13:08:00,20.5,20.5,20.46,20.48,18300,374962.0
000029.SZ,2026-04-23 13:09:00,20.47,20.48,20.46,20.46,5900,120751.0
000029.SZ,2026-04-23 13:10:00,20.45,20.47,20.45,20.47,9700,198536.0
000029.SZ,2026-04-23 13:11:00,20.46,20.46,20.42,20.42,4000,81772.0
000029.SZ,2026-04-23 13:12:00,20.41,20.43,20.41,20.42,8300,169479.0
000029.SZ,2026-04-23 13:13:00,20.44,20.44,20.42,20.44,1000,20437.0
000029.SZ,2026-04-23 13:14:00,20.44,20.44,20.43,20.43,2000,40864.0
000029.SZ,2026-04-23 13:15:00,20.44,20.44,20.42,20.44,8000,163405.0
000029.SZ,2026-04-23 13:16:00,20.44,20.44,20.42,20.42,1300,26565.0
000029.SZ,2026-04-23 13:17:00,20.42,20.44,20.42,20.42,3800,77602.0
000029.SZ,2026-04-23 13:18:00,20.41,20.42,20.41,20.42,5100,104111.0
000029.SZ,2026-04-23 13:19:00,20.42,20.42,20.41,20.41,2800,57151.0
000029.SZ,2026-04-23 13:20:00,20.42,20.43,20.42,20.43,3400,69430.0
000029.SZ,2026-04-23 13:21:00,20.43,20.43,20.41,20.42,2800,57185.0
000029.SZ,2026-04-23 13:22:00,20.42,20.43,20.41,20.43,6000,122512.0
000029.SZ,2026-04-23 13:23:00,20.41,20.44,20.41,20.43,5200,106232.0
000029.SZ,2026-04-23 13:24:00,20.43,20.43,20.42,20.43,4900,100130.0
000029.SZ,2026-04-23 13:25:00,20.43,20.44,20.42,20.42,13100,267612.0
000029.SZ,2026-04-23 13:26:00,20.42,20.43,20.41,20.42,7700,157219.0
000029.SZ,2026-04-23 13:27:00,20.42,20.42,20.41,20.42,6400,130656.0
000029.SZ,2026-04-23 13:28:00,20.41,20.42,20.41,20.42,1800,36755.0
000029.SZ,2026-04-23 13:29:00,20.42,20.42,20.41,20.41,700,14292.0
000029.SZ,2026-04-23 13:30:00,20.42,20.43,20.42,20.43,13400,273699.0
000029.SZ,2026-04-23 13:31:00,20.42,20.43,20.42,20.43,2300,46988.0
000029.SZ,2026-04-23 13:32:00,20.43,20.43,20.42,20.42,6100,124568.0
000029.SZ,2026-04-23 13:33:00,20.41,20.42,20.41,20.41,2600,53071.0
000029.SZ,2026-04-23 13:34:00,20.41,20.42,20.41,20.42,11400,232705.0
000029.SZ,2026-04-23 13:35:00,20.42,20.42,20.4,20.4,1600,32659.0
000029.SZ,2026-04-23 13:36:00,20.4,20.51,20.4,20.5,89000,1821656.0
000029.SZ,2026-04-23 13:37:00,20.49,20.49,20.46,20.46,5000,102379.0
000029.SZ,2026-04-23 13:38:00,20.46,20.47,20.46,20.46,1500,30691.0
000029.SZ,2026-04-23 13:39:00,20.46,20.46,20.45,20.46,1900,38866.0
000029.SZ,2026-04-23 13:40:00,20.45,20.46,20.41,20.41,8100,165457.0
000029.SZ,2026-04-23 13:41:00,20.4,20.4,20.38,20.38,25100,511992.0
000029.SZ,2026-04-23 13:42:00,20.38,20.4,20.38,20.4,1200,24465.0
000029.SZ,2026-04-23 13:43:00,20.4,20.4,20.38,20.38,2000,40783.0
000029.SZ,2026-04-23 13:44:00,20.38,20.38,20.36,20.36,16500,336088.0
000029.SZ,2026-04-23 13:45:00,20.36,20.38,20.35,20.35,14500,295114.0
000029.SZ,2026-04-23 13:46:00,20.36,20.37,20.36,20.37,1200,24434.0
000029.SZ,2026-04-23 13:47:00,20.38,20.39,20.37,20.39,20400,415789.0
000029.SZ,2026-04-23 13:48:00,20.39,20.39,20.38,20.38,3200,65219.0
000029.SZ,2026-04-23 13:49:00,20.37,20.38,20.35,20.38,24500,498748.0
000029.SZ,2026-04-23 13:50:00,20.37,20.49,20.37,20.46,83800,1710914.0
000029.SZ,2026-04-23 13:51:00,20.46,20.46,20.42,20.43,5100,104225.0
000029.SZ,2026-04-23 13:52:00,20.42,20.42,20.42,20.42,1900,38798.0
000029.SZ,2026-04-23 13:53:00,20.42,20.43,20.37,20.37,5000,102012.0
000029.SZ,2026-04-23 13:54:00,20.39,20.39,20.39,20.39,14000,285204.0
000029.SZ,2026-04-23 13:55:00,20.4,20.4,20.4,20.4,2100,42847.0
000029.SZ,2026-04-23 13:56:00,20.39,20.44,20.39,20.44,2800,57194.0
000029.SZ,2026-04-23 13:57:00,20.43,20.43,20.41,20.41,3900,79668.0
000029.SZ,2026-04-23 13:58:00,20.4,20.42,20.4,20.42,1300,26543.0
000029.SZ,2026-04-23 13:59:00,20.43,20.43,20.41,20.41,5500,112361.0
000029.SZ,2026-04-23 14:00:00,20.42,20.42,20.42,20.42,1300,26546.0
000029.SZ,2026-04-23 14:01:00,20.43,20.48,20.43,20.48,19700,402922.0
000029.SZ,2026-04-23 14:02:00,20.47,20.48,20.46,20.46,11200,229290.0
000029.SZ,2026-04-23 14:03:00,20.45,20.46,20.44,20.46,3300,67494.0
000029.SZ,2026-04-23 14:04:00,20.45,20.45,20.45,20.45,9700,198413.0
000029.SZ,2026-04-23 14:05:00,20.45,20.45,20.44,20.44,1400,28625.0
000029.SZ,2026-04-23 14:06:00,20.45,20.45,20.4,20.41,13300,271792.0
000029.SZ,2026-04-23 14:07:00,20.42,20.42,20.42,20.42,3700,75554.0
000029.SZ,2026-04-23 14:08:00,20.42,20.44,20.42,20.43,3000,61287.0
000029.SZ,2026-04-23 14:09:00,20.43,20.43,20.42,20.42,500,10211.0
000029.SZ,2026-04-23 14:10:00,20.42,20.43,20.42,20.42,1400,28598.0
000029.SZ,2026-04-23 14:11:00,20.42,20.42,20.41,20.41,12100,247077.0
000029.SZ,2026-04-23 14:12:00,20.41,20.42,20.4,20.41,6900,140848.0
000029.SZ,2026-04-23 14:13:00,20.42,20.43,20.41,20.43,12400,253207.0
000029.SZ,2026-04-23 14:14:00,20.41,20.42,20.41,20.41,5700,116344.0
000029.SZ,2026-04-23 14:15:00,20.43,20.43,20.41,20.43,11600,236963.0
000029.SZ,2026-04-23 14:16:00,20.43,20.43,20.41,20.41,5200,106142.0
000029.SZ,2026-04-23 14:17:00,20.41,20.41,20.4,20.4,10800,220374.0
000029.SZ,2026-04-23 14:18:00,20.39,20.4,20.39,20.4,5400,110136.0
000029.SZ,2026-04-23 14:19:00,20.4,20.4,20.39,20.39,2900,59158.0
000029.SZ,2026-04-23 14:20:00,20.39,20.39,20.39,20.39,600,12234.0
000029.SZ,2026-04-23 14:21:00,20.39,20.39,20.38,20.38,6700,136589.0
000029.SZ,2026-04-23 14:22:00,20.38,20.4,20.38,20.38,2400,48939.0
000029.SZ,2026-04-23 14:23:00,20.39,20.41,20.39,20.4,3600,73417.0
000029.SZ,2026-04-23 14:24:00,20.4,20.4,20.38,20.39,9800,199813.0
000029.SZ,2026-04-23 14:25:00,20.39,20.4,20.38,20.38,8300,169260.0
000029.SZ,2026-04-23 14:26:00,20.39,20.42,20.39,20.39,6400,130559.0
000029.SZ,2026-04-23 14:27:00,20.38,20.38,20.37,20.38,5000,101896.0
000029.SZ,2026-04-23 14:28:00,20.38,20.38,20.35,20.35,28300,576524.0
000029.SZ,2026-04-23 14:29:00,20.35,20.35,20.33,20.34,6400,130191.0
000029.SZ,2026-04-23 14:30:00,20.33,20.36,20.31,20.32,12200,248075.0
000029.SZ,2026-04-23 14:31:00,20.32,20.34,20.32,20.33,4900,99611.0
000029.SZ,2026-04-23 14:32:00,20.33,20.33,20.3,20.32,21100,428682.0
000029.SZ,2026-04-23 14:33:00,20.32,20.33,20.31,20.32,6600,134093.0
000029.SZ,2026-04-23 14:34:00,20.32,20.33,20.31,20.31,11900,241787.0
000029.SZ,2026-04-23 14:35:00,20.33,20.34,20.3,20.33,14200,288475.0
000029.SZ,2026-04-23 14:36:00,20.33,20.33,20.31,20.33,5300,107715.0
000029.SZ,2026-04-23 14:37:00,20.34,20.35,20.34,20.34,10200,207479.0
000029.SZ,2026-04-23 14:38:00,20.33,20.36,20.33,20.35,11100,225785.0
000029.SZ,2026-04-23 14:39:00,20.35,20.36,20.34,20.35,17000,345969.0
000029.SZ,2026-04-23 14:40:00,20.35,20.36,20.34,20.34,9600,195393.0
000029.SZ,2026-04-23 14:41:00,20.34,20.35,20.34,20.34,3600,73235.0
000029.SZ,2026-04-23 14:42:00,20.35,20.36,20.34,20.34,6000,122068.0
000029.SZ,2026-04-23 14:43:00,20.35,20.36,20.34,20.36,4200,85463.0
000029.SZ,2026-04-23 14:44:00,20.34,20.38,20.34,20.37,12800,260695.0
000029.SZ,2026-04-23 14:45:00,20.37,20.38,20.36,20.37,12400,252582.0
000029.SZ,2026-04-23 14:46:00,20.37,20.38,20.37,20.38,9500,193530.0
000029.SZ,2026-04-23 14:47:00,20.38,20.39,20.37,20.38,20100,409530.0
000029.SZ,2026-04-23 14:48:00,20.39,20.39,20.37,20.37,7400,150762.0
000029.SZ,2026-04-23 14:49:00,20.37,20.38,20.36,20.38,11700,238325.0
000029.SZ,2026-04-23 14:50:00,20.38,20.38,20.36,20.37,15500,315738.0
000029.SZ,2026-04-23 14:51:00,20.36,20.37,20.36,20.37,15100,307500.0
000029.SZ,2026-04-23 14:52:00,20.36,20.38,20.35,20.35,20800,423528.0
000029.SZ,2026-04-23 14:53:00,20.35,20.37,20.35,20.37,13900,283046.0
000029.SZ,2026-04-23 14:54:00,20.37,20.37,20.35,20.37,16280,331510.0
000029.SZ,2026-04-23 14:55:00,20.37,20.37,20.35,20.37,23100,470406.0
000029.SZ,2026-04-23 14:56:00,20.37,20.39,20.35,20.39,43200,879895.0
000029.SZ,2026-04-23 14:57:00,20.37,20.39,20.35,20.35,16700,340136.0
000029.SZ,2026-04-23 14:58:00,20.35,20.35,20.35,20.35,0,0.0
000029.SZ,2026-04-23 14:59:00,20.35,20.35,20.35,20.35,0,0.0
000029.SZ,2026-04-23 15:00:00,20.33,20.33,20.33,20.33,53000,1077490.0
000029.SZ,2026-04-24 09:30:00,20.32,20.32,20.31,20.31,16500,335227.0
000029.SZ,2026-04-24 09:31:00,20.25,20.41,20.02,20.4,178900,3622904.0
000029.SZ,2026-04-24 09:32:00,20.4,20.49,20.4,20.44,66300,1355856.0
000029.SZ,2026-04-24 09:33:00,20.44,20.44,20.35,20.4,55700,1136711.0
000029.SZ,2026-04-24 09:34:00,20.4,20.4,20.23,20.23,43000,872749.0
000029.SZ,2026-04-24 09:35:00,20.25,20.27,20.21,20.26,87500,1770462.0
000029.SZ,2026-04-24 09:36:00,20.26,20.26,20.16,20.24,48000,970268.0
000029.SZ,2026-04-24 09:37:00,20.25,20.25,20.16,20.22,38600,780004.0
000029.SZ,2026-04-24 09:38:00,20.22,20.22,20.16,20.2,46800,944791.0
000029.SZ,2026-04-24 09:39:00,20.2,20.22,20.19,20.21,26800,541266.0
000029.SZ,2026-04-24 09:40:00,20.21,20.21,20.16,20.17,34800,702261.0
000029.SZ,2026-04-24 09:41:00,20.18,20.18,20.12,20.12,44700,900628.0
000029.SZ,2026-04-24 09:42:00,20.13,20.15,20.11,20.13,23600,474863.0
000029.SZ,2026-04-24 09:43:00,20.13,20.15,20.12,20.12,10300,207295.0
000029.SZ,2026-04-24 09:44:00,20.13,20.13,20.12,20.13,20700,416637.0
000029.SZ,2026-04-24 09:45:00,20.13,20.15,20.13,20.14,18700,376626.0
000029.SZ,2026-04-24 09:46:00,20.15,20.17,20.1,20.1,56100,1129454.0
000029.SZ,2026-04-24 09:47:00,20.1,20.14,20.08,20.08,43400,872470.0
000029.SZ,2026-04-24 09:48:00,20.09,20.09,20.03,20.05,99800,2001160.0
000029.SZ,2026-04-24 09:49:00,20.06,20.06,20.04,20.05,20200,405035.0
000029.SZ,2026-04-24 09:50:00,20.04,20.05,20.03,20.04,35200,705373.0
000029.SZ,2026-04-24 09:51:00,20.04,20.08,20.03,20.08,33300,667520.0
000029.SZ,2026-04-24 09:52:00,20.09,20.1,20.07,20.1,12900,259219.0
000029.SZ,2026-04-24 09:53:00,20.11,20.11,20.1,20.1,24500,492617.0
000029.SZ,2026-04-24 09:54:00,20.1,20.11,20.09,20.09,12600,253258.0
000029.SZ,2026-04-24 09:55:00,20.07,20.07,20.06,20.06,18700,375439.0
000029.SZ,2026-04-24 09:56:00,20.06,20.06,20.03,20.05,52200,1046364.0
000029.SZ,2026-04-24 09:57:00,20.05,20.08,20.05,20.08,18100,363254.0
000029.SZ,2026-04-24 09:58:00,20.12,20.13,20.09,20.13,8200,164917.0
000029.SZ,2026-04-24 09:59:00,20.12,20.28,20.09,20.28,45300,915479.0
000029.SZ,2026-04-24 10:00:00,20.27,20.4,20.27,20.36,63100,1284886.0
000029.SZ,2026-04-24 10:01:00,20.35,20.41,20.33,20.34,50300,1024713.0
000029.SZ,2026-04-24 10:02:00,20.35,20.4,20.34,20.39,47800,974111.0
000029.SZ,2026-04-24 10:03:00,20.36,20.36,20.34,20.34,16700,339936.0
000029.SZ,2026-04-24 10:04:00,20.34,20.41,20.34,20.4,51000,1039602.0
000029.SZ,2026-04-24 10:05:00,20.4,20.42,20.36,20.39,42500,866790.0
000029.SZ,2026-04-24 10:06:00,20.37,20.38,20.3,20.3,14700,298780.0
000029.SZ,2026-04-24 10:07:00,20.31,20.32,20.29,20.32,10200,207130.0
000029.SZ,2026-04-24 10:08:00,20.3,20.31,20.26,20.31,14400,292188.0
000029.SZ,2026-04-24 10:09:00,20.31,20.31,20.27,20.29,6100,123695.0
000029.SZ,2026-04-24 10:10:00,20.29,20.29,20.26,20.29,4900,99367.0
000029.SZ,2026-04-24 10:11:00,20.29,20.3,20.26,20.3,8900,180460.0
000029.SZ,2026-04-24 10:12:00,20.3,20.3,20.25,20.27,4600,93255.0
000029.SZ,2026-04-24 10:13:00,20.27,20.3,20.25,20.25,7300,147895.0
000029.SZ,2026-04-24 10:14:00,20.26,20.3,20.26,20.27,8500,172372.0
000029.SZ,2026-04-24 10:15:00,20.27,20.28,20.26,20.26,3700,75003.0
000029.SZ,2026-04-24 10:16:00,20.26,20.33,20.26,20.3,13300,269844.0
000029.SZ,2026-04-24 10:17:00,20.28,20.31,20.27,20.3,4300,87289.0
000029.SZ,2026-04-24 10:18:00,20.3,20.3,20.21,20.23,25700,520580.0
000029.SZ,2026-04-24 10:19:00,20.23,20.24,20.23,20.24,1100,22262.0
000029.SZ,2026-04-24 10:20:00,20.23,20.23,20.2,20.2,14500,293178.0
000029.SZ,2026-04-24 10:21:00,20.2,20.22,20.19,20.19,6700,135369.0
000029.SZ,2026-04-24 10:22:00,20.2,20.21,20.19,20.2,1748,35310.12
000029.SZ,2026-04-24 10:23:00,20.19,20.2,20.17,20.18,9552,192828.88
000029.SZ,2026-04-24 10:24:00,20.16,20.16,20.16,20.16,900,18144.0
000029.SZ,2026-04-24 10:25:00,20.16,20.19,20.16,20.18,18592,374957.72
000029.SZ,2026-04-24 10:26:00,20.18,20.18,20.18,20.18,600,12108.0
000029.SZ,2026-04-24 10:27:00,20.18,20.18,20.17,20.17,3400,68610.0
000029.SZ,2026-04-24 10:28:00,20.17,20.17,20.16,20.17,5200,104881.0
000029.SZ,2026-04-24 10:29:00,20.17,20.18,20.16,20.16,3800,76653.0
000029.SZ,2026-04-24 10:30:00,20.16,20.18,20.15,20.18,20524,413685.38
000029.SZ,2026-04-24 10:31:00,20.18,20.23,20.18,20.23,16800,339479.0
000029.SZ,2026-04-24 10:32:00,20.23,20.24,20.23,20.23,3700,74854.0
000029.SZ,2026-04-24 10:33:00,20.23,20.26,20.23,20.26,3500,70825.0
000029.SZ,2026-04-24 10:34:00,20.25,20.26,20.25,20.25,1500,30385.0
000029.SZ,2026-04-24 10:35:00,20.26,20.26,20.25,20.25,9200,186321.0
000029.SZ,2026-04-24 10:36:00,20.24,20.24,20.22,20.22,14500,293432.0
000029.SZ,2026-04-24 10:37:00,20.22,20.23,20.21,20.21,2700,54585.0
000029.SZ,2026-04-24 10:38:00,20.21,20.21,20.19,20.19,8800,177755.0
000029.SZ,2026-04-24 10:39:00,20.21,20.21,20.19,20.19,21500,434111.0
000029.SZ,2026-04-24 10:40:00,20.2,20.2,20.19,20.19,600,12117.0
000029.SZ,2026-04-24 10:41:00,20.19,20.19,20.18,20.19,2200,44417.0
000029.SZ,2026-04-24 10:42:00,20.18,20.18,20.17,20.18,2300,46404.0
000029.SZ,2026-04-24 10:43:00,20.18,20.19,20.17,20.18,2200,44403.0
000029.SZ,2026-04-24 10:44:00,20.18,20.18,20.17,20.17,5700,114979.0
000029.SZ,2026-04-24 10:45:00,20.16,20.17,20.16,20.16,4000,80642.0
000029.SZ,2026-04-24 10:46:00,20.16,20.17,20.15,20.15,8500,171367.0
000029.SZ,2026-04-24 10:47:00,20.18,20.23,20.18,20.19,11600,234311.0
000029.SZ,2026-04-24 10:48:00,20.19,20.21,20.19,20.2,5600,113127.0
000029.SZ,2026-04-24 10:49:00,20.2,20.2,20.18,20.18,5300,106983.0
000029.SZ,2026-04-24 10:50:00,20.18,20.19,20.17,20.17,3100,62555.0
000029.SZ,2026-04-24 10:51:00,20.17,20.19,20.17,20.18,2500,50455.0
000029.SZ,2026-04-24 10:52:00,20.18,20.18,20.17,20.17,2400,48415.0
000029.SZ,2026-04-24 10:53:00,20.16,20.18,20.16,20.16,8300,167463.0
000029.SZ,2026-04-24 10:54:00,20.17,20.18,20.17,20.17,6800,137157.0
000029.SZ,2026-04-24 10:55:00,20.17,20.17,20.16,20.16,2600,52432.0
000029.SZ,2026-04-24 10:56:00,20.17,20.18,20.17,20.17,4500,90771.0
000029.SZ,2026-04-24 10:57:00,20.18,20.19,20.18,20.18,5000,100925.0
000029.SZ,2026-04-24 10:58:00,20.2,20.2,20.18,20.2,1900,38373.0
000029.SZ,2026-04-24 10:59:00,20.2,20.21,20.18,20.18,7600,153493.0
000029.SZ,2026-04-24 11:00:00,20.18,20.19,20.18,20.19,7800,157408.0
000029.SZ,2026-04-24 11:01:00,20.17,20.2,20.17,20.2,8100,163430.0
000029.SZ,2026-04-24 11:02:00,20.2,20.2,20.19,20.19,2300,46442.0
000029.SZ,2026-04-24 11:03:00,20.19,20.19,20.18,20.18,2500,50459.0
000029.SZ,2026-04-24 11:04:00,20.18,20.28,20.18,20.28,99100,2003003.0
000029.SZ,2026-04-24 11:05:00,20.25,20.26,20.25,20.25,8000,162033.0
000029.SZ,2026-04-24 11:06:00,20.24,20.25,20.24,20.25,8100,163963.0
000029.SZ,2026-04-24 11:07:00,20.25,20.25,20.24,20.24,1900,38455.0
000029.SZ,2026-04-24 11:08:00,20.24,20.26,20.24,20.26,1700,34410.0
000029.SZ,2026-04-24 11:09:00,20.24,20.25,20.23,20.23,5400,109266.0
000029.SZ,2026-04-24 11:10:00,20.23,20.27,20.23,20.27,11500,233006.0
000029.SZ,2026-04-24 11:11:00,20.28,20.29,20.27,20.28,4300,87169.0
000029.SZ,2026-04-24 11:12:00,20.28,20.28,20.27,20.28,4900,99367.0
000029.SZ,2026-04-24 11:13:00,20.29,20.3,20.29,20.3,13000,263825.0
000029.SZ,2026-04-24 11:14:00,20.29,20.29,20.27,20.27,3100,62869.0
000029.SZ,2026-04-24 11:15:00,20.27,20.28,20.27,20.28,3500,70959.0
000029.SZ,2026-04-24 11:16:00,20.28,20.29,20.28,20.29,3400,68953.0
000029.SZ,2026-04-24 11:17:00,20.29,20.29,20.27,20.28,4500,91266.0
000029.SZ,2026-04-24 11:18:00,20.29,20.29,20.27,20.28,1400,28399.0
000029.SZ,2026-04-24 11:19:00,20.28,20.28,20.26,20.26,3300,66897.0
000029.SZ,2026-04-24 11:20:00,20.26,20.26,20.25,20.26,1900,38493.0
000029.SZ,2026-04-24 11:21:00,20.26,20.26,20.25,20.25,500,10127.0
000029.SZ,2026-04-24 11:22:00,20.26,20.27,20.25,20.26,3400,68868.0
000029.SZ,2026-04-24 11:23:00,20.27,20.27,20.25,20.25,2700,54705.0
000029.SZ,2026-04-24 11:24:00,20.25,20.26,20.24,20.25,2600,52649.0
000029.SZ,2026-04-24 11:25:00,20.25,20.25,20.24,20.25,1200,24299.0
000029.SZ,2026-04-24 11:26:00,20.24,20.25,20.23,20.24,1400,28338.0
000029.SZ,2026-04-24 11:27:00,20.23,20.23,20.19,20.19,9000,181967.0
000029.SZ,2026-04-24 11:28:00,20.19,20.21,20.19,20.21,3000,60595.0
000029.SZ,2026-04-24 11:29:00,20.21,20.21,20.2,20.21,600,12122.0
000029.SZ,2026-04-24 11:30:00,20.21,20.22,20.19,20.21,5500,111128.0
000029.SZ,2026-04-24 13:01:00,20.21,20.35,20.21,20.31,72101,1463535.4
000029.SZ,2026-04-24 13:02:00,20.31,20.31,20.31,20.31,13600,276219.0
000029.SZ,2026-04-24 13:03:00,20.33,20.33,20.3,20.31,5200,105579.0
000029.SZ,2026-04-24 13:04:00,20.31,20.31,20.3,20.31,2700,54821.0
000029.SZ,2026-04-24 13:05:00,20.3,20.32,20.29,20.32,9100,184681.0
000029.SZ,2026-04-24 13:06:00,20.29,20.33,20.29,20.33,28700,582837.0
000029.SZ,2026-04-24 13:07:00,20.35,20.35,20.32,20.32,9000,183005.0
000029.SZ,2026-04-24 13:08:00,20.33,20.33,20.32,20.32,1700,34547.0
000029.SZ,2026-04-24 13:09:00,20.32,20.32,20.32,20.32,3900,79248.0
000029.SZ,2026-04-24 13:10:00,20.32,20.32,20.32,20.32,8400,170673.0
000029.SZ,2026-04-24 13:11:00,20.29,20.29,20.27,20.27,4100,83155.0
000029.SZ,2026-04-24 13:12:00,20.26,20.26,20.23,20.24,17000,344110.0
000029.SZ,2026-04-24 13:13:00,20.26,20.26,20.24,20.24,2800,56708.0
000029.SZ,2026-04-24 13:14:00,20.25,20.25,20.24,20.24,1500,30373.0
000029.SZ,2026-04-24 13:15:00,20.25,20.25,20.24,20.24,3800,76930.0
000029.SZ,2026-04-24 13:16:00,20.24,20.24,20.24,20.24,1200,24288.0
000029.SZ,2026-04-24 13:17:00,20.24,20.24,20.24,20.24,1900,38456.0
000029.SZ,2026-04-24 13:18:00,20.24,20.24,20.24,20.24,2500,50600.0
000029.SZ,2026-04-24 13:19:00,20.24,20.24,20.24,20.24,3400,68816.0
000029.SZ,2026-04-24 13:20:00,20.24,20.24,20.23,20.23,6400,129493.0
000029.SZ,2026-04-24 13:21:00,20.23,20.23,20.22,20.22,1100,22243.0
000029.SZ,2026-04-24 13:22:00,20.22,20.23,20.22,20.23,1600,32365.0
000029.SZ,2026-04-24 13:23:00,20.23,20.24,20.23,20.24,2800,56666.0
000029.SZ,2026-04-24 13:24:00,20.23,20.23,20.22,20.22,3300,66744.0
000029.SZ,2026-04-24 13:25:00,20.22,20.23,20.22,20.22,8100,163808.0
000029.SZ,2026-04-24 13:26:00,20.23,20.23,20.22,20.22,4600,93052.0
000029.SZ,2026-04-24 13:27:00,20.22,20.22,20.22,20.22,2300,46506.0
000029.SZ,2026-04-24 13:28:00,20.22,20.22,20.21,20.21,1500,30316.0
000029.SZ,2026-04-24 13:29:00,20.21,20.21,20.19,20.19,5100,103017.0
000029.SZ,2026-04-24 13:30:00,20.2,20.2,20.18,20.2,15700,316995.0
000029.SZ,2026-04-24 13:31:00,20.2,20.21,20.2,20.21,1500,30302.0
000029.SZ,2026-04-24 13:32:00,20.2,20.21,20.19,20.2,5600,113092.0
000029.SZ,2026-04-24 13:33:00,20.2,20.2,20.19,20.19,5700,115087.0
000029.SZ,2026-04-24 13:34:00,20.19,20.2,20.19,20.19,15100,304878.0
000029.SZ,2026-04-24 13:35:00,20.18,20.19,20.18,20.19,3200,64590.0
000029.SZ,2026-04-24 13:36:00,20.19,20.19,20.18,20.19,2400,48443.0
000029.SZ,2026-04-24 13:37:00,20.18,20.18,20.18,20.18,2300,46414.0
000029.SZ,2026-04-24 13:38:00,20.19,20.19,20.19,20.19,10300,207962.0
000029.SZ,2026-04-24 13:39:00,20.19,20.19,20.19,20.19,500,10095.0
000029.SZ,2026-04-24 13:40:00,20.19,20.2,20.19,20.2,12600,254519.0
000029.SZ,2026-04-24 13:41:00,20.2,20.2,20.19,20.19,5800,117152.0
000029.SZ,2026-04-24 13:42:00,20.19,20.19,20.19,20.19,500,10095.0
000029.SZ,2026-04-24 13:43:00,20.19,20.19,20.18,20.19,10900,220069.0
000029.SZ,2026-04-24 13:44:00,20.19,20.19,20.19,20.19,200,4038.0
000029.SZ,2026-04-24 13:45:00,20.2,20.2,20.2,20.2,900,18180.0
000029.SZ,2026-04-24 13:46:00,20.19,20.19,20.19,20.19,8200,165558.0
000029.SZ,2026-04-24 13:47:00,20.19,20.19,20.19,20.19,4400,88836.0
000029.SZ,2026-04-24 13:48:00,20.19,20.19,20.18,20.18,1200,24224.0
000029.SZ,2026-04-24 13:49:00,20.19,20.19,20.19,20.19,200,4038.0
000029.SZ,2026-04-24 13:50:00,20.18,20.2,20.18,20.2,7200,145380.0
000029.SZ,2026-04-24 13:51:00,20.2,20.2,20.2,20.2,0,0.0
000029.SZ,2026-04-24 13:52:00,20.19,20.2,20.19,20.2,2900,58570.0
000029.SZ,2026-04-24 13:53:00,20.19,20.2,20.19,20.2,5000,100963.0
000029.SZ,2026-04-24 13:54:00,20.19,20.2,20.19,20.19,1400,28274.0
000029.SZ,2026-04-24 13:55:00,20.18,20.19,20.18,20.19,25000,504553.0
000029.SZ,2026-04-24 13:56:00,20.18,20.2,20.18,20.19,5500,111065.0
000029.SZ,2026-04-24 13:57:00,20.2,20.2,20.19,20.2,1400,28279.0
000029.SZ,2026-04-24 13:58:00,20.19,20.23,20.19,20.23,38500,777826.0
000029.SZ,2026-04-24 13:59:00,20.22,20.22,20.21,20.21,700,14153.0
000029.SZ,2026-04-24 14:00:00,20.22,20.22,20.21,20.21,7700,155691.0
000029.SZ,2026-04-24 14:01:00,20.22,20.22,20.21,20.21,1800,36385.0
000029.SZ,2026-04-24 14:02:00,20.22,20.25,20.22,20.25,64800,1310470.0
000029.SZ,2026-04-24 14:03:00,20.25,20.25,20.22,20.24,77700,1571539.0
000029.SZ,2026-04-24 14:04:00,20.23,20.23,20.23,20.23,9700,196231.0
000029.SZ,2026-04-24 14:05:00,20.23,20.24,20.23,20.24,8000,161868.0
000029.SZ,2026-04-24 14:06:00,20.24,20.24,20.23,20.24,3000,60718.0
000029.SZ,2026-04-24 14:07:00,20.23,20.23,20.23,20.23,1900,38437.0
000029.SZ,2026-04-24 14:08:00,20.23,20.23,20.23,20.23,2500,50575.0
000029.SZ,2026-04-24 14:09:00,20.23,20.24,20.23,20.24,3300,66776.0
000029.SZ,2026-04-24 14:10:00,20.24,20.24,20.24,20.24,2800,56672.0
000029.SZ,2026-04-24 14:11:00,20.24,20.26,20.24,20.25,18300,370442.0
000029.SZ,2026-04-24 14:12:00,20.24,20.25,20.24,20.25,1600,32398.0
000029.SZ,2026-04-24 14:13:00,20.25,20.27,20.25,20.27,2300,46593.0
000029.SZ,2026-04-24 14:14:00,20.25,20.25,20.24,20.25,5400,109348.0
000029.SZ,2026-04-24 14:15:00,20.25,20.25,20.24,20.24,11900,240862.0
000029.SZ,2026-04-24 14:16:00,20.24,20.26,20.24,20.26,2500,50637.0
000029.SZ,2026-04-24 14:17:00,20.26,20.26,20.24,20.24,5000,101226.0
000029.SZ,2026-04-24 14:18:00,20.25,20.25,20.25,20.25,13500,273375.0
000029.SZ,2026-04-24 14:19:00,20.24,20.24,20.24,20.24,900,18216.0
000029.SZ,2026-04-24 14:20:00,20.25,20.25,20.24,20.25,29000,587013.0
000029.SZ,2026-04-24 14:21:00,20.25,20.29,20.25,20.28,31497,638546.2
000029.SZ,2026-04-24 14:22:00,20.28,20.29,20.28,20.29,3900,79129.0
000029.SZ,2026-04-24 14:23:00,20.29,20.29,20.29,20.29,4300,87247.0
000029.SZ,2026-04-24 14:24:00,20.3,20.33,20.3,20.3,7800,158371.0
000029.SZ,2026-04-24 14:25:00,20.3,20.3,20.29,20.3,4700,95391.0
000029.SZ,2026-04-24 14:26:00,20.3,20.3,20.28,20.28,10800,219088.0
000029.SZ,2026-04-24 14:27:00,20.28,20.28,20.26,20.26,3400,68966.0
000029.SZ,2026-04-24 14:28:00,20.26,20.27,20.26,20.26,2700,54711.0
000029.SZ,2026-04-24 14:29:00,20.26,20.26,20.26,20.26,3200,64845.0
000029.SZ,2026-04-24 14:30:00,20.28,20.28,20.24,20.24,12600,255195.0
000029.SZ,2026-04-24 14:31:00,20.23,20.23,20.23,20.23,9800,198256.0
000029.SZ,2026-04-24 14:32:00,20.24,20.25,20.23,20.23,3300,66789.0
000029.SZ,2026-04-24 14:33:00,20.23,20.24,20.22,20.24,8200,165871.0
000029.SZ,2026-04-24 14:34:00,20.24,20.25,20.24,20.24,5600,113348.0
000029.SZ,2026-04-24 14:35:00,20.24,20.25,20.23,20.23,7300,147752.0
000029.SZ,2026-04-24 14:36:00,20.23,20.26,20.23,20.25,7600,153895.0
000029.SZ,2026-04-24 14:37:00,20.26,20.26,20.25,20.26,9200,186318.0
000029.SZ,2026-04-24 14:38:00,20.24,20.25,20.23,20.24,3700,74879.0
000029.SZ,2026-04-24 14:39:00,20.24,20.24,20.24,20.24,1300,26312.0
000029.SZ,2026-04-24 14:40:00,20.24,20.25,20.24,20.25,2700,54652.0
000029.SZ,2026-04-24 14:41:00,20.25,20.25,20.23,20.25,7500,151808.0
000029.SZ,2026-04-24 14:42:00,20.25,20.26,20.23,20.23,5800,117405.0
000029.SZ,2026-04-24 14:43:00,20.23,20.24,20.21,20.21,24800,501683.0
000029.SZ,2026-04-24 14:44:00,20.21,20.23,20.2,20.2,21200,428440.4
000029.SZ,2026-04-24 14:45:00,20.2,20.22,20.2,20.2,3300,66664.0
000029.SZ,2026-04-24 14:46:00,20.21,20.22,20.2,20.21,17800,359727.0
000029.SZ,2026-04-24 14:47:00,20.21,20.21,20.19,20.2,31100,628195.0
000029.SZ,2026-04-24 14:48:00,20.2,20.2,20.19,20.19,8200,165623.0
000029.SZ,2026-04-24 14:49:00,20.19,20.2,20.18,20.18,7800,157472.0
000029.SZ,2026-04-24 14:50:00,20.2,20.2,20.17,20.2,16600,335116.0
000029.SZ,2026-04-24 14:51:00,20.2,20.2,20.18,20.18,18600,375475.0
000029.SZ,2026-04-24 14:52:00,20.18,20.2,20.18,20.18,8100,163484.0
000029.SZ,2026-04-24 14:53:00,20.17,20.2,20.17,20.18,10400,209950.0
000029.SZ,2026-04-24 14:54:00,20.18,20.19,20.15,20.19,34300,691965.0
000029.SZ,2026-04-24 14:55:00,20.17,20.2,20.16,20.18,21700,438131.0
000029.SZ,2026-04-24 14:56:00,20.18,20.2,20.17,20.17,14200,286406.0
000029.SZ,2026-04-24 14:57:00,20.19,20.22,20.17,20.17,13500,272628.0
000029.SZ,2026-04-24 14:58:00,20.17,20.17,20.17,20.17,0,0.0
000029.SZ,2026-04-24 14:59:00,20.17,20.17,20.17,20.17,0,0.0
000029.SZ,2026-04-24 15:00:00,20.17,20.17,20.17,20.17,45300,913701.0
000029.SZ,2026-04-27 09:30:00,20.25,20.25,20.25,20.25,27900,564975.0
000029.SZ,2026-04-27 09:31:00,20.25,20.28,20.15,20.21,64700,1307759.0
000029.SZ,2026-04-27 09:32:00,20.21,20.24,20.16,20.21,210600,4256259.0
000029.SZ,2026-04-27 09:33:00,20.24,20.3,20.22,20.27,89400,1809933.0
000029.SZ,2026-04-27 09:34:00,20.24,20.28,20.24,20.26,54400,1102239.0
000029.SZ,2026-04-27 09:35:00,20.24,20.24,20.21,20.21,14800,299320.0
000029.SZ,2026-04-27 09:36:00,20.19,20.19,20.13,20.18,54200,1093825.0
000029.SZ,2026-04-27 09:37:00,20.17,20.19,20.15,20.17,33300,671460.0
000029.SZ,2026-04-27 09:38:00,20.17,20.25,20.16,20.19,29800,602328.0
000029.SZ,2026-04-27 09:39:00,20.2,20.2,20.12,20.13,39400,793455.0
000029.SZ,2026-04-27 09:40:00,20.13,20.15,20.08,20.13,46600,936886.0
000029.SZ,2026-04-27 09:41:00,20.12,20.14,20.12,20.14,9000,181154.0
000029.SZ,2026-04-27 09:42:00,20.14,20.15,20.13,20.13,6700,134895.0
000029.SZ,2026-04-27 09:43:00,20.14,20.24,20.14,20.21,44900,906646.0
000029.SZ,2026-04-27 09:44:00,20.22,20.25,20.22,20.24,18300,370178.0
000029.SZ,2026-04-27 09:45:00,20.26,20.26,20.23,20.24,14500,293563.0
000029.SZ,2026-04-27 09:46:00,20.24,20.24,20.22,20.24,5900,119375.0
000029.SZ,2026-04-27 09:47:00,20.24,20.24,20.2,20.2,26700,539577.0
000029.SZ,2026-04-27 09:48:00,20.2,20.24,20.2,20.21,49200,995036.0
000029.SZ,2026-04-27 09:49:00,20.2,20.21,20.18,20.21,9300,187847.0
000029.SZ,2026-04-27 09:50:00,20.2,20.21,20.15,20.19,10400,209886.0
000029.SZ,2026-04-27 09:51:00,20.16,20.17,20.14,20.14,8000,161195.0
000029.SZ,2026-04-27 09:52:00,20.14,20.17,20.14,20.17,10700,215604.0
000029.SZ,2026-04-27 09:53:00,20.16,20.19,20.15,20.19,28500,574503.0
000029.SZ,2026-04-27 09:54:00,20.26,20.33,20.26,20.29,131612,2668300.5
000029.SZ,2026-04-27 09:55:00,20.29,20.34,20.22,20.22,13400,272149.0
000029.SZ,2026-04-27 09:56:00,20.29,20.32,20.29,20.32,12800,259987.0
000029.SZ,2026-04-27 09:57:00,20.33,20.33,20.29,20.32,7700,156449.0
000029.SZ,2026-04-27 09:58:00,20.31,20.32,20.31,20.32,10900,221427.0
000029.SZ,2026-04-27 09:59:00,20.31,20.32,20.29,20.31,31600,641706.0
000029.SZ,2026-04-27 10:00:00,20.3,20.31,20.28,20.31,4100,83230.0
000029.SZ,2026-04-27 10:01:00,20.31,20.31,20.28,20.28,6500,131928.0
000029.SZ,2026-04-27 10:02:00,20.29,20.34,20.29,20.34,34600,703016.0
000029.SZ,2026-04-27 10:03:00,20.35,20.36,20.31,20.32,12500,254319.0
000029.SZ,2026-04-27 10:04:00,20.34,20.37,20.33,20.37,31300,637167.0
000029.SZ,2026-04-27 10:05:00,20.37,20.37,20.35,20.35,11000,224030.0
000029.SZ,2026-04-27 10:06:00,20.36,20.36,20.33,20.33,19600,398823.0
000029.SZ,2026-04-27 10:07:00,20.33,20.33,20.32,20.32,1800,36587.0
000029.SZ,2026-04-27 10:08:00,20.32,20.33,20.31,20.31,4400,89404.0
000029.SZ,2026-04-27 10:09:00,20.3,20.36,20.3,20.36,22100,448984.0
000029.SZ,2026-04-27 10:10:00,20.36,20.42,20.36,20.42,32200,656058.0
000029.SZ,2026-04-27 10:11:00,20.41,20.41,20.36,20.38,9100,185618.0
000029.SZ,2026-04-27 10:12:00,20.36,20.36,20.35,20.35,6300,128221.0
000029.SZ,2026-04-27 10:13:00,20.34,20.34,20.34,20.34,1700,34578.0
000029.SZ,2026-04-27 10:14:00,20.34,20.34,20.32,20.32,9300,189078.0
000029.SZ,2026-04-27 10:15:00,20.33,20.33,20.32,20.33,2600,52851.0
000029.SZ,2026-04-27 10:16:00,20.32,20.36,20.32,20.33,8300,168848.0
000029.SZ,2026-04-27 10:17:00,20.33,20.34,20.33,20.34,1400,28472.0
000029.SZ,2026-04-27 10:18:00,20.33,20.33,20.32,20.33,4100,83331.0
000029.SZ,2026-04-27 10:19:00,20.32,20.38,20.31,20.38,51400,1045689.0
000029.SZ,2026-04-27 10:20:00,20.37,20.45,20.37,20.45,31200,636906.0
000029.SZ,2026-04-27 10:21:00,20.45,20.45,20.41,20.41,8300,169605.0
000029.SZ,2026-04-27 10:22:00,20.42,20.43,20.41,20.43,4300,87831.0
000029.SZ,2026-04-27 10:23:00,20.43,20.49,20.43,20.48,75300,1541535.0
000029.SZ,2026-04-27 10:24:00,20.48,20.5,20.46,20.49,60000,1229102.0
000029.SZ,2026-04-27 10:25:00,20.49,20.49,20.45,20.47,8100,165720.0
000029.SZ,2026-04-27 10:26:00,20.47,20.47,20.46,20.47,5500,112574.0
000029.SZ,2026-04-27 10:27:00,20.48,20.48,20.46,20.47,4700,96212.0
000029.SZ,2026-04-27 10:28:00,20.46,20.46,20.44,20.44,7400,151368.0
000029.SZ,2026-04-27 10:29:00,20.44,20.44,20.43,20.43,1600,32695.0
000029.SZ,2026-04-27 10:30:00,20.41,20.41,20.4,20.4,21800,444866.0
000029.SZ,2026-04-27 10:31:00,20.39,20.4,20.38,20.38,3900,79519.0
000029.SZ,2026-04-27 10:32:00,20.38,20.38,20.38,20.38,3000,61140.0
000029.SZ,2026-04-27 10:33:00,20.37,20.39,20.37,20.38,5300,108013.0
000029.SZ,2026-04-27 10:34:00,20.41,20.41,20.38,20.4,25900,528303.0
000029.SZ,2026-04-27 10:35:00,20.4,20.43,20.39,20.43,1600,32645.0
000029.SZ,2026-04-27 10:36:00,20.42,20.42,20.41,20.42,2100,42866.0
000029.SZ,2026-04-27 10:37:00,20.42,20.42,20.39,20.4,13600,277508.0
000029.SZ,2026-04-27 10:38:00,20.39,20.39,20.37,20.37,6300,128393.0
000029.SZ,2026-04-27 10:39:00,20.38,20.39,20.37,20.37,3100,63178.0
000029.SZ,2026-04-27 10:40:00,20.38,20.39,20.37,20.38,2200,44834.0
000029.SZ,2026-04-27 10:41:00,20.38,20.38,20.37,20.37,3400,69298.0
000029.SZ,2026-04-27 10:42:00,20.39,20.39,20.37,20.38,2600,52974.0
000029.SZ,2026-04-27 10:43:00,20.37,20.38,20.36,20.38,2600,52957.0
000029.SZ,2026-04-27 10:44:00,20.37,20.38,20.36,20.38,5900,120227.0
000029.SZ,2026-04-27 10:45:00,20.38,20.38,20.36,20.36,2700,54985.0
000029.SZ,2026-04-27 10:46:00,20.35,20.36,20.34,20.35,22400,455810.0
000029.SZ,2026-04-27 10:47:00,20.34,20.34,20.33,20.33,17800,361919.0
000029.SZ,2026-04-27 10:48:00,20.33,20.34,20.33,20.33,3700,75241.0
000029.SZ,2026-04-27 10:49:00,20.34,20.34,20.33,20.34,2900,58962.0
000029.SZ,2026-04-27 10:50:00,20.33,20.34,20.33,20.34,12600,256182.0
000029.SZ,2026-04-27 10:51:00,20.35,20.36,20.34,20.35,2900,59035.0
000029.SZ,2026-04-27 10:52:00,20.37,20.37,20.35,20.37,1900,38699.0
000029.SZ,2026-04-27 10:53:00,20.39,20.39,20.37,20.37,6800,138640.0
000029.SZ,2026-04-27 10:54:00,20.37,20.4,20.37,20.4,1600,32614.0
000029.SZ,2026-04-27 10:55:00,20.4,20.4,20.4,20.4,500,10200.0
000029.SZ,2026-04-27 10:56:00,20.38,20.4,20.38,20.4,800,16313.0
000029.SZ,2026-04-27 10:57:00,20.4,20.4,20.4,20.4,0,0.0
000029.SZ,2026-04-27 10:58:00,20.4,20.4,20.39,20.39,3000,61180.0
000029.SZ,2026-04-27 10:59:00,20.39,20.4,20.39,20.4,10100,205968.0
000029.SZ,2026-04-27 11:00:00,20.39,20.4,20.38,20.4,4800,97857.0
000029.SZ,2026-04-27 11:01:00,20.4,20.4,20.38,20.39,21500,438521.0
000029.SZ,2026-04-27 11:02:00,20.39,20.41,20.38,20.41,13300,271275.0
000029.SZ,2026-04-27 11:03:00,20.39,20.41,20.38,20.41,5200,106027.0
000029.SZ,2026-04-27 11:04:00,20.39,20.39,20.39,20.39,4200,85638.0
000029.SZ,2026-04-27 11:05:00,20.41,20.41,20.4,20.4,6100,124498.0
000029.SZ,2026-04-27 11:06:00,20.4,20.41,20.4,20.4,4500,91839.0
000029.SZ,2026-04-27 11:07:00,20.41,20.42,20.4,20.42,11900,242892.0
000029.SZ,2026-04-27 11:08:00,20.42,20.47,20.42,20.46,18800,384648.0
000029.SZ,2026-04-27 11:09:00,20.44,20.46,20.43,20.44,4400,89930.0
000029.SZ,2026-04-27 11:10:00,20.44,20.46,20.44,20.46,2300,47040.0
000029.SZ,2026-04-27 11:11:00,20.45,20.46,20.45,20.46,1700,34769.0
000029.SZ,2026-04-27 11:12:00,20.46,20.46,20.44,20.44,4500,92035.0
000029.SZ,2026-04-27 11:13:00,20.43,20.45,20.43,20.45,6300,128747.0
000029.SZ,2026-04-27 11:14:00,20.45,20.45,20.43,20.43,3600,73611.0
000029.SZ,2026-04-27 11:15:00,20.45,20.47,20.45,20.47,25800,527868.0
000029.SZ,2026-04-27 11:16:00,20.48,20.48,20.47,20.48,8300,169973.0
000029.SZ,2026-04-27 11:17:00,20.47,20.48,20.47,20.47,2800,57327.0
000029.SZ,2026-04-27 11:18:00,20.48,20.48,20.46,20.46,2500,51176.0
000029.SZ,2026-04-27 11:19:00,20.46,20.47,20.46,20.47,2000,40937.0
000029.SZ,2026-04-27 11:20:00,20.47,20.47,20.46,20.47,3700,75735.0
000029.SZ,2026-04-27 11:21:00,20.46,20.46,20.46,20.46,1700,34782.0
000029.SZ,2026-04-27 11:22:00,20.46,20.46,20.44,20.44,1500,30674.0
000029.SZ,2026-04-27 11:23:00,20.45,20.46,20.44,20.44,5500,112423.0
000029.SZ,2026-04-27 11:24:00,20.45,20.45,20.44,20.44,1600,32709.0
000029.SZ,2026-04-27 11:25:00,20.44,20.46,20.44,20.46,700,14315.0
000029.SZ,2026-04-27 11:26:00,20.44,20.45,20.43,20.45,1300,26579.0
000029.SZ,2026-04-27 11:27:00,20.45,20.45,20.42,20.42,3200,65378.0
000029.SZ,2026-04-27 11:28:00,20.42,20.42,20.39,20.41,4400,89787.0
000029.SZ,2026-04-27 11:29:00,20.42,20.42,20.41,20.41,1800,36750.0
000029.SZ,2026-04-27 11:30:00,20.41,20.42,20.4,20.4,2600,53066.0
000029.SZ,2026-04-27 13:01:00,20.42,20.42,20.39,20.4,7900,161213.0
000029.SZ,2026-04-27 13:02:00,20.4,20.42,20.4,20.41,20200,412282.0
000029.SZ,2026-04-27 13:03:00,20.4,20.43,20.4,20.4,17100,349117.0
000029.SZ,2026-04-27 13:04:00,20.41,20.43,20.41,20.41,11900,242970.0
000029.SZ,2026-04-27 13:05:00,20.38,20.43,20.38,20.38,90700,1849630.0
000029.SZ,2026-04-27 13:06:00,20.39,20.41,20.37,20.38,8200,167197.0
000029.SZ,2026-04-27 13:07:00,20.38,20.39,20.38,20.39,6000,122281.0
000029.SZ,2026-04-27 13:08:00,20.38,20.39,20.37,20.37,10800,220057.0
000029.SZ,2026-04-27 13:09:00,20.37,20.38,20.37,20.37,1300,26483.0
000029.SZ,2026-04-27 13:10:00,20.38,20.38,20.38,20.38,3000,61140.0
000029.SZ,2026-04-27 13:11:00,20.38,20.38,20.37,20.37,1600,32596.0
000029.SZ,2026-04-27 13:12:00,20.38,20.41,20.38,20.41,2700,55058.0
000029.SZ,2026-04-27 13:13:00,20.41,20.43,20.41,20.41,4700,95933.0
000029.SZ,2026-04-27 13:14:00,20.41,20.43,20.41,20.43,800,16332.0
000029.SZ,2026-04-27 13:15:00,20.41,20.41,20.4,20.4,2700,55100.0
000029.SZ,2026-04-27 13:16:00,20.4,20.4,20.4,20.4,700,14281.0
000029.SZ,2026-04-27 13:17:00,20.41,20.41,20.41,20.41,2100,42861.0
000029.SZ,2026-04-27 13:18:00,20.41,20.41,20.4,20.4,1600,32654.0
000029.SZ,2026-04-27 13:19:00,20.41,20.42,20.41,20.42,3900,79601.0
000029.SZ,2026-04-27 13:20:00,20.42,20.43,20.42,20.43,500,10211.0
000029.SZ,2026-04-27 13:21:00,20.41,20.41,20.4,20.41,22800,465316.0
000029.SZ,2026-04-27 13:22:00,20.4,20.41,20.38,20.38,26900,548565.0
000029.SZ,2026-04-27 13:23:00,20.39,20.41,20.39,20.39,3700,75445.0
000029.SZ,2026-04-27 13:24:00,20.39,20.39,20.39,20.39,1900,38741.0
000029.SZ,2026-04-27 13:25:00,20.39,20.4,20.39,20.4,600,12235.0
000029.SZ,2026-04-27 13:26:00,20.39,20.4,20.38,20.38,5500,112162.0
000029.SZ,2026-04-27 13:27:00,20.38,20.39,20.38,20.39,1600,32616.0
000029.SZ,2026-04-27 13:28:00,20.38,20.38,20.37,20.37,8500,173229.0
000029.SZ,2026-04-27 13:29:00,20.38,20.38,20.37,20.37,2900,59096.0
000029.SZ,2026-04-27 13:30:00,20.38,20.4,20.38,20.38,4400,89696.0
000029.SZ,2026-04-27 13:31:00,20.39,20.4,20.39,20.39,2400,48952.0
000029.SZ,2026-04-27 13:32:00,20.4,20.4,20.39,20.39,1500,30589.0
000029.SZ,2026-04-27 13:33:00,20.4,20.4,20.38,20.4,1200,24472.0
000029.SZ,2026-04-27 13:34:00,20.38,20.39,20.36,20.39,39300,800888.0
000029.SZ,2026-04-27 13:35:00,20.38,20.41,20.38,20.4,63900,1303843.0
000029.SZ,2026-04-27 13:36:00,20.42,20.42,20.39,20.4,16600,338656.0
000029.SZ,2026-04-27 13:37:00,20.4,20.41,20.39,20.39,18900,385571.0
000029.SZ,2026-04-27 13:38:00,20.39,20.39,20.39,20.39,900,18352.0
000029.SZ,2026-04-27 13:39:00,20.39,20.39,20.39,20.39,10400,212059.0
000029.SZ,2026-04-27 13:40:00,20.39,20.39,20.38,20.38,11900,242625.0
000029.SZ,2026-04-27 13:41:00,20.39,20.39,20.36,20.37,6400,130373.0
000029.SZ,2026-04-27 13:42:00,20.37,20.4,20.37,20.38,1900,38725.52
000029.SZ,2026-04-27 13:43:00,20.38,20.39,20.37,20.37,2200,44829.0
000029.SZ,2026-04-27 13:44:00,20.37,20.43,20.37,20.42,63948,1304114.2
000029.SZ,2026-04-27 13:45:00,20.42,20.42,20.4,20.42,5200,106144.0
000029.SZ,2026-04-27 13:46:00,20.42,20.45,20.42,20.45,32900,671954.0
000029.SZ,2026-04-27 13:47:00,20.43,20.47,20.42,20.47,25700,525508.0
000029.SZ,2026-04-27 13:48:00,20.46,20.51,20.45,20.51,161900,3318135.0
000029.SZ,2026-04-27 13:49:00,20.5,20.53,20.46,20.52,60600,1241869.0
000029.SZ,2026-04-27 13:50:00,20.52,20.55,20.51,20.53,55100,1131857.0
000029.SZ,2026-04-27 13:51:00,20.54,20.57,20.52,20.56,66400,1364656.0
000029.SZ,2026-04-27 13:52:00,20.57,20.59,20.55,20.55,34600,711898.0
000029.SZ,2026-04-27 13:53:00,20.55,20.55,20.52,20.52,9900,203354.0
000029.SZ,2026-04-27 13:54:00,20.52,20.52,20.52,20.52,3100,63615.0
000029.SZ,2026-04-27 13:55:00,20.54,20.68,20.53,20.68,135000,2782421.0
000029.SZ,2026-04-27 13:56:00,20.68,20.72,20.68,20.69,65500,1355554.0
000029.SZ,2026-04-27 13:57:00,20.69,20.69,20.68,20.68,8500,175844.0
000029.SZ,2026-04-27 13:58:00,20.67,20.68,20.66,20.67,15600,322439.0
000029.SZ,2026-04-27 13:59:00,20.67,20.67,20.65,20.65,7500,154999.0
000029.SZ,2026-04-27 14:00:00,20.65,20.7,20.65,20.7,30600,632619.0
000029.SZ,2026-04-27 14:01:00,20.72,20.75,20.7,20.74,39700,822836.0
000029.SZ,2026-04-27 14:02:00,20.72,20.72,20.67,20.69,9700,200846.0
000029.SZ,2026-04-27 14:03:00,20.68,20.69,20.67,20.68,6300,130264.0
000029.SZ,2026-04-27 14:04:00,20.67,20.68,20.66,20.68,3800,78551.0
000029.SZ,2026-04-27 14:05:00,20.68,20.69,20.67,20.69,9300,192315.0
000029.SZ,2026-04-27 14:06:00,20.68,20.69,20.66,20.67,6400,132308.0
000029.SZ,2026-04-27 14:07:00,20.67,20.67,20.65,20.65,8200,169381.0
000029.SZ,2026-04-27 14:08:00,20.64,20.65,20.62,20.63,6400,132061.0
000029.SZ,2026-04-27 14:09:00,20.63,20.66,20.6,20.66,37900,782239.0
000029.SZ,2026-04-27 14:10:00,20.66,20.66,20.65,20.65,4800,99153.0
000029.SZ,2026-04-27 14:11:00,20.66,20.75,20.66,20.73,90900,1882275.0
000029.SZ,2026-04-27 14:12:00,20.74,20.77,20.74,20.76,40300,836462.0
000029.SZ,2026-04-27 14:13:00,20.76,20.76,20.73,20.73,18300,379661.0
000029.SZ,2026-04-27 14:14:00,20.71,20.71,20.68,20.68,9400,194602.0
000029.SZ,2026-04-27 14:15:00,20.68,20.7,20.68,20.69,3500,72389.0
000029.SZ,2026-04-27 14:16:00,20.69,20.69,20.67,20.67,2000,41361.0
000029.SZ,2026-04-27 14:17:00,20.67,20.7,20.67,20.7,35800,740449.0
000029.SZ,2026-04-27 14:18:00,20.7,20.71,20.68,20.68,6500,134544.0
000029.SZ,2026-04-27 14:19:00,20.68,20.69,20.67,20.67,5900,121982.0
000029.SZ,2026-04-27 14:20:00,20.67,20.67,20.66,20.66,35800,739960.0
000029.SZ,2026-04-27 14:21:00,20.66,20.66,20.63,20.63,12100,249770.0
000029.SZ,2026-04-27 14:22:00,20.66,20.66,20.64,20.65,2100,43366.0
000029.SZ,2026-04-27 14:23:00,20.65,20.67,20.65,20.67,8000,165283.0
000029.SZ,2026-04-27 14:24:00,20.67,20.68,20.66,20.67,13100,270830.0
000029.SZ,2026-04-27 14:25:00,20.67,20.68,20.66,20.67,29600,612473.0
000029.SZ,2026-04-27 14:26:00,20.67,20.7,20.65,20.69,6900,142653.0
000029.SZ,2026-04-27 14:27:00,20.69,20.69,20.67,20.67,11699,242044.33
000029.SZ,2026-04-27 14:28:00,20.68,20.71,20.65,20.68,32900,680812.0
000029.SZ,2026-04-27 14:29:00,20.68,20.7,20.68,20.68,1400,28958.0
000029.SZ,2026-04-27 14:30:00,20.7,20.71,20.68,20.71,4200,86929.0
000029.SZ,2026-04-27 14:31:00,20.7,20.7,20.68,20.69,16500,341460.0
000029.SZ,2026-04-27 14:32:00,20.69,20.69,20.66,20.68,24500,506378.0
000029.SZ,2026-04-27 14:33:00,20.67,20.69,20.67,20.69,9500,196460.0
000029.SZ,2026-04-27 14:34:00,20.69,20.7,20.68,20.7,41400,856280.0
000029.SZ,2026-04-27 14:35:00,20.7,20.71,20.69,20.69,27100,561002.0
000029.SZ,2026-04-27 14:36:00,20.69,20.7,20.67,20.7,17700,366081.0
000029.SZ,2026-04-27 14:37:00,20.66,20.68,20.66,20.68,3300,68217.0
000029.SZ,2026-04-27 14:38:00,20.67,20.68,20.66,20.67,9300,192244.0
000029.SZ,2026-04-27 14:39:00,20.67,20.68,20.67,20.68,7700,159189.0
000029.SZ,2026-04-27 14:40:00,20.68,20.71,20.68,20.71,52200,1080707.0
000029.SZ,2026-04-27 14:41:00,20.7,20.71,20.7,20.71,17900,370600.0
000029.SZ,2026-04-27 14:42:00,20.71,20.71,20.7,20.71,23300,482521.0
000029.SZ,2026-04-27 14:43:00,20.7,20.71,20.69,20.69,13200,273254.0
000029.SZ,2026-04-27 14:44:00,20.7,20.72,20.68,20.72,37100,768098.0
000029.SZ,2026-04-27 14:45:00,20.72,20.78,20.71,20.78,140000,2904982.0
000029.SZ,2026-04-27 14:46:00,20.78,20.83,20.77,20.8,115200,2395300.0
000029.SZ,2026-04-27 14:47:00,20.8,20.84,20.79,20.81,59200,1231437.0
000029.SZ,2026-04-27 14:48:00,20.82,20.88,20.82,20.83,61200,1275598.0
000029.SZ,2026-04-27 14:49:00,20.82,20.86,20.81,20.85,57200,1192613.0
000029.SZ,2026-04-27 14:50:00,20.84,20.85,20.82,20.82,36600,762680.0
000029.SZ,2026-04-27 14:51:00,20.82,20.86,20.8,20.86,110800,2309707.0
000029.SZ,2026-04-27 14:52:00,20.83,20.83,20.81,20.81,25300,526881.0
000029.SZ,2026-04-27 14:53:00,20.81,20.84,20.81,20.82,9100,189423.0
000029.SZ,2026-04-27 14:54:00,20.81,20.81,20.79,20.79,53600,1115102.0
000029.SZ,2026-04-27 14:55:00,20.78,20.79,20.77,20.77,30700,637952.0
000029.SZ,2026-04-27 14:56:00,20.77,20.78,20.76,20.76,26400,548297.0
000029.SZ,2026-04-27 14:57:00,20.76,20.77,20.74,20.74,44600,925700.0
000029.SZ,2026-04-27 14:58:00,20.74,20.74,20.74,20.74,0,0.0
000029.SZ,2026-04-27 14:59:00,20.74,20.74,20.74,20.74,0,0.0
000029.SZ,2026-04-27 15:00:00,20.74,20.74,20.74,20.74,81400,1688236.0
000029.SZ,2026-04-28 09:30:00,20.69,20.74,20.69,20.74,15100,312482.0
000029.SZ,2026-04-28 09:31:00,20.72,20.95,20.67,20.89,83600,1737984.0
000029.SZ,2026-04-28 09:32:00,20.91,21.04,20.86,20.86,137000,2872906.0
000029.SZ,2026-04-28 09:33:00,20.83,20.96,20.83,20.95,118500,2478264.0
000029.SZ,2026-04-28 09:34:00,20.95,20.95,20.91,20.92,19900,416400.0
000029.SZ,2026-04-28 09:35:00,20.92,20.96,20.88,20.96,64800,1354541.0
000029.SZ,2026-04-28 09:36:00,20.97,21.03,20.95,21.02,48800,1024162.0
000029.SZ,2026-04-28 09:37:00,21.01,21.01,20.94,20.98,51200,1073447.0
000029.SZ,2026-04-28 09:38:00,20.98,21.0,20.94,20.97,36100,757229.0
000029.SZ,2026-04-28 09:39:00,20.96,20.99,20.93,20.94,51300,1075259.0
000029.SZ,2026-04-28 09:40:00,20.94,20.96,20.9,20.92,19200,401704.0
000029.SZ,2026-04-28 09:41:00,20.92,20.96,20.85,20.96,141800,2962364.0
000029.SZ,2026-04-28 09:42:00,20.95,20.96,20.88,20.91,59900,1255249.0
000029.SZ,2026-04-28 09:43:00,20.89,20.92,20.88,20.92,25200,526808.0
000029.SZ,2026-04-28 09:44:00,20.88,20.9,20.86,20.9,32000,668381.0
000029.SZ,2026-04-28 09:45:00,20.9,20.9,20.85,20.85,15400,321374.0
000029.SZ,2026-04-28 09:46:00,20.85,20.87,20.85,20.85,18700,389949.0
000029.SZ,2026-04-28 09:47:00,20.85,20.85,20.75,20.82,65300,1358925.0
000029.SZ,2026-04-28 09:48:00,20.79,20.81,20.79,20.8,25100,522046.0
000029.SZ,2026-04-28 09:49:00,20.8,20.82,20.8,20.82,13600,282970.0
000029.SZ,2026-04-28 09:50:00,20.8,20.85,20.8,20.84,27600,574622.0
000029.SZ,2026-04-28 09:51:00,20.83,20.84,20.82,20.84,18300,381158.0
000029.SZ,2026-04-28 09:52:00,20.84,20.84,20.83,20.83,14700,306221.0
000029.SZ,2026-04-28 09:53:00,20.81,20.81,20.8,20.81,9900,205967.0
000029.SZ,2026-04-28 09:54:00,20.81,20.82,20.77,20.77,21800,453254.0
000029.SZ,2026-04-28 09:55:00,20.77,20.77,20.74,20.76,18000,373544.0
000029.SZ,2026-04-28 09:56:00,20.75,20.77,20.75,20.77,11700,242869.0
000029.SZ,2026-04-28 09:57:00,20.76,20.76,20.75,20.76,13200,274025.0
000029.SZ,2026-04-28 09:58:00,20.79,20.84,20.78,20.82,25800,536887.0
000029.SZ,2026-04-28 09:59:00,20.82,20.82,20.8,20.8,10000,208074.0
000029.SZ,2026-04-28 10:00:00,20.76,20.76,20.72,20.72,56600,1174150.0
000029.SZ,2026-04-28 10:01:00,20.71,20.72,20.7,20.72,106800,2211736.0
000029.SZ,2026-04-28 10:02:00,20.73,20.73,20.68,20.68,61000,1263415.0
000029.SZ,2026-04-28 10:03:00,20.67,20.67,20.65,20.66,7900,163248.0
000029.SZ,2026-04-28 10:04:00,20.65,20.67,20.65,20.66,13200,272681.0
000029.SZ,2026-04-28 10:05:00,20.65,20.65,20.62,20.65,33900,699818.0
000029.SZ,2026-04-28 10:06:00,20.66,20.67,20.62,20.66,27800,573863.0
000029.SZ,2026-04-28 10:07:00,20.66,20.66,20.56,20.58,58600,1207961.0
000029.SZ,2026-04-28 10:08:00,20.59,20.6,20.56,20.6,21800,448623.0
000029.SZ,2026-04-28 10:09:00,20.6,20.61,20.6,20.61,3800,78273.0
000029.SZ,2026-04-28 10:10:00,20.59,20.6,20.57,20.6,12000,247030.0
000029.SZ,2026-04-28 10:11:00,20.6,20.6,20.56,20.57,11500,236670.0
000029.SZ,2026-04-28 10:12:00,20.56,20.57,20.54,20.56,15000,308374.0
000029.SZ,2026-04-28 10:13:00,20.56,20.56,20.52,20.53,17400,357437.0
000029.SZ,2026-04-28 10:14:00,20.54,20.55,20.54,20.54,8700,178691.0
000029.SZ,2026-04-28 10:15:00,20.54,20.54,20.53,20.53,22200,455827.0
000029.SZ,2026-04-28 10:16:00,20.53,20.53,20.51,20.52,19500,400224.0
000029.SZ,2026-04-28 10:17:00,20.51,20.52,20.51,20.51,22200,455326.0
000029.SZ,2026-04-28 10:18:00,20.51,20.53,20.51,20.51,21800,447286.0
000029.SZ,2026-04-28 10:19:00,20.51,20.52,20.5,20.51,12600,258474.0
000029.SZ,2026-04-28 10:20:00,20.51,20.52,20.49,20.51,26300,539286.0
000029.SZ,2026-04-28 10:21:00,20.51,20.52,20.5,20.5,9800,200981.0
000029.SZ,2026-04-28 10:22:00,20.5,20.5,20.46,20.47,22700,465241.0
000029.SZ,2026-04-28 10:23:00,20.48,20.5,20.48,20.49,5000,102465.0
000029.SZ,2026-04-28 10:24:00,20.48,20.48,20.47,20.47,6800,139221.0
000029.SZ,2026-04-28 10:25:00,20.48,20.49,20.47,20.49,19400,397313.0
000029.SZ,2026-04-28 10:26:00,20.48,20.5,20.48,20.5,10900,223407.0
000029.SZ,2026-04-28 10:27:00,20.5,20.5,20.49,20.49,8300,170074.0
000029.SZ,2026-04-28 10:28:00,20.49,20.49,20.47,20.48,10400,212990.0
000029.SZ,2026-04-28 10:29:00,20.47,20.48,20.44,20.44,39500,808178.0
000029.SZ,2026-04-28 10:30:00,20.44,20.44,20.41,20.42,16700,341138.0
000029.SZ,2026-04-28 10:31:00,20.42,20.42,20.39,20.39,40200,820391.0
000029.SZ,2026-04-28 10:32:00,20.4,20.4,20.36,20.36,24800,505577.0
000029.SZ,2026-04-28 10:33:00,20.38,20.4,20.38,20.4,9500,193705.0
000029.SZ,2026-04-28 10:34:00,20.37,20.37,20.35,20.35,29100,592779.0
000029.SZ,2026-04-28 10:35:00,20.34,20.34,20.31,20.33,36700,746303.0
000029.SZ,2026-04-28 10:36:00,20.33,20.4,20.32,20.4,30100,612841.0
000029.SZ,2026-04-28 10:37:00,20.4,20.42,20.39,20.42,1600,32640.0
000029.SZ,2026-04-28 10:38:00,20.42,20.43,20.42,20.42,9000,183853.0
000029.SZ,2026-04-28 10:39:00,20.42,20.42,20.38,20.39,32200,656816.0
000029.SZ,2026-04-28 10:40:00,20.39,20.4,20.39,20.39,7800,159112.0
000029.SZ,2026-04-28 10:41:00,20.38,20.4,20.35,20.35,15900,323905.0
000029.SZ,2026-04-28 10:42:00,20.35,20.36,20.35,20.35,10700,217784.0
000029.SZ,2026-04-28 10:43:00,20.35,20.37,20.35,20.37,8600,175142.0
000029.SZ,2026-04-28 10:44:00,20.37,20.4,20.35,20.4,44500,906257.0
000029.SZ,2026-04-28 10:45:00,20.4,20.41,20.39,20.41,4100,83651.0
000029.SZ,2026-04-28 10:46:00,20.39,20.4,20.39,20.39,5900,120314.0
000029.SZ,2026-04-28 10:47:00,20.4,20.4,20.37,20.37,4500,91757.0
000029.SZ,2026-04-28 10:48:00,20.38,20.38,20.38,20.38,5900,120242.0
000029.SZ,2026-04-28 10:49:00,20.38,20.38,20.38,20.38,500,10190.0
000029.SZ,2026-04-28 10:50:00,20.38,20.38,20.35,20.36,10600,215870.0
000029.SZ,2026-04-28 10:51:00,20.36,20.36,20.33,20.33,14800,301192.0
000029.SZ,2026-04-28 10:52:00,20.33,20.35,20.33,20.34,12200,248042.0
000029.SZ,2026-04-28 10:53:00,20.33,20.34,20.33,20.33,4800,97585.0
000029.SZ,2026-04-28 10:54:00,20.34,20.34,20.31,20.32,42200,857465.0
000029.SZ,2026-04-28 10:55:00,20.33,20.35,20.33,20.35,3400,69144.0
000029.SZ,2026-04-28 10:56:00,20.39,20.39,20.36,20.36,10500,213792.0
000029.SZ,2026-04-28 10:57:00,20.37,20.38,20.37,20.38,900,18340.0
000029.SZ,2026-04-28 10:58:00,20.37,20.39,20.36,20.39,3200,65187.0
000029.SZ,2026-04-28 10:59:00,20.39,20.39,20.38,20.38,19000,387402.0
000029.SZ,2026-04-28 11:00:00,20.38,20.38,20.38,20.38,2500,50950.0
000029.SZ,2026-04-28 11:01:00,20.38,20.39,20.38,20.39,4000,81542.0
000029.SZ,2026-04-28 11:02:00,20.39,20.39,20.39,20.39,2500,50975.0
000029.SZ,2026-04-28 11:03:00,20.39,20.41,20.39,20.41,4500,91808.0
000029.SZ,2026-04-28 11:04:00,20.4,20.41,20.39,20.4,17600,359152.0
000029.SZ,2026-04-28 11:05:00,20.41,20.43,20.4,20.41,20900,426669.0
000029.SZ,2026-04-28 11:06:00,20.4,20.42,20.4,20.42,15000,306069.0
000029.SZ,2026-04-28 11:07:00,20.41,20.42,20.4,20.4,10800,220444.0
000029.SZ,2026-04-28 11:08:00,20.4,20.41,20.4,20.4,11600,236710.0
000029.SZ,2026-04-28 11:09:00,20.4,20.42,20.4,20.42,1000,20407.0
000029.SZ,2026-04-28 11:10:00,20.41,20.41,20.39,20.4,16200,330480.0
000029.SZ,2026-04-28 11:11:00,20.39,20.39,20.37,20.38,7600,154918.0
000029.SZ,2026-04-28 11:12:00,20.39,20.39,20.37,20.37,4600,93704.0
000029.SZ,2026-04-28 11:13:00,20.37,20.37,20.37,20.37,100,2037.0
000029.SZ,2026-04-28 11:14:00,20.37,20.39,20.37,20.39,5100,103967.0
000029.SZ,2026-04-28 11:15:00,20.4,20.4,20.39,20.39,8100,165171.0
000029.SZ,2026-04-28 11:16:00,20.38,20.39,20.38,20.38,1500,30571.0
000029.SZ,2026-04-28 11:17:00,20.38,20.38,20.34,20.36,16800,342023.0
000029.SZ,2026-04-28 11:18:00,20.36,20.37,20.35,20.37,4500,91624.0
000029.SZ,2026-04-28 11:19:00,20.37,20.38,20.35,20.38,23700,482751.0
000029.SZ,2026-04-28 11:20:00,20.38,20.4,20.38,20.4,3200,65244.0
000029.SZ,2026-04-28 11:21:00,20.4,20.4,20.39,20.39,2900,59142.0
000029.SZ,2026-04-28 11:22:00,20.39,20.4,20.39,20.4,3500,71387.0
000029.SZ,2026-04-28 11:23:00,20.4,20.4,20.39,20.39,10500,214191.0
000029.SZ,2026-04-28 11:24:00,20.38,20.38,20.38,20.38,3100,63178.0
000029.SZ,2026-04-28 11:25:00,20.38,20.38,20.38,20.38,2200,44836.0
000029.SZ,2026-04-28 11:26:00,20.37,20.37,20.36,20.37,4300,87588.0
000029.SZ,2026-04-28 11:27:00,20.35,20.37,20.35,20.35,5200,105861.0
000029.SZ,2026-04-28 11:28:00,20.35,20.37,20.35,20.37,5100,103813.0
000029.SZ,2026-04-28 11:29:00,20.35,20.37,20.35,20.36,2700,54977.0
000029.SZ,2026-04-28 11:30:00,20.35,20.35,20.34,20.35,5500,111887.0
000029.SZ,2026-04-28 13:01:00,20.34,20.34,20.26,20.29,205100,4165741.0
000029.SZ,2026-04-28 13:02:00,20.29,20.31,20.29,20.31,2300,46708.0
000029.SZ,2026-04-28 13:03:00,20.31,20.32,20.31,20.31,3700,75158.0
000029.SZ,2026-04-28 13:04:00,20.32,20.32,20.31,20.31,2400,48749.0
000029.SZ,2026-04-28 13:05:00,20.31,20.33,20.31,20.33,7600,154377.0
000029.SZ,2026-04-28 13:06:00,20.32,20.34,20.32,20.33,5500,111824.0
000029.SZ,2026-04-28 13:07:00,20.34,20.34,20.33,20.34,3900,79320.0
000029.SZ,2026-04-28 13:08:00,20.34,20.35,20.33,20.33,15900,323256.0
000029.SZ,2026-04-28 13:09:00,20.33,20.33,20.33,20.33,4400,89458.0
000029.SZ,2026-04-28 13:10:00,20.34,20.35,20.25,20.27,173800,3529901.0
000029.SZ,2026-04-28 13:11:00,20.34,20.34,20.26,20.26,35700,724609.0
000029.SZ,2026-04-28 13:12:00,20.27,20.29,20.25,20.29,28800,583568.0
000029.SZ,2026-04-28 13:13:00,20.28,20.29,20.26,20.29,19400,393452.0
000029.SZ,2026-04-28 13:14:00,20.28,20.28,20.22,20.22,45700,925643.0
000029.SZ,2026-04-28 13:15:00,20.24,20.24,20.18,20.19,95600,1931797.0
000029.SZ,2026-04-28 13:16:00,20.19,20.27,20.18,20.24,33400,675359.0
000029.SZ,2026-04-28 13:17:00,20.24,20.27,20.22,20.25,20300,411240.0
000029.SZ,2026-04-28 13:18:00,20.26,20.26,20.2,20.21,63400,1282976.0
000029.SZ,2026-04-28 13:19:00,20.21,20.21,20.15,20.15,28500,575006.0
000029.SZ,2026-04-28 13:20:00,20.15,20.2,20.13,20.17,34200,689786.0
000029.SZ,2026-04-28 13:21:00,20.17,20.18,20.15,20.15,31800,641571.25
000029.SZ,2026-04-28 13:22:00,20.16,20.22,20.16,20.2,22073,445940.6
000029.SZ,2026-04-28 13:23:00,20.25,20.25,20.2,20.25,31200,631078.0
000029.SZ,2026-04-28 13:24:00,20.25,20.25,20.21,20.21,11600,234634.0
000029.SZ,2026-04-28 13:25:00,20.21,20.21,20.17,20.18,24100,486748.0
000029.SZ,2026-04-28 13:26:00,20.17,20.17,20.13,20.13,50100,1009803.0
000029.SZ,2026-04-28 13:27:00,20.15,20.18,20.13,20.18,19500,392964.0
000029.SZ,2026-04-28 13:28:00,20.16,20.18,20.16,20.17,5300,106902.0
000029.SZ,2026-04-28 13:29:00,20.17,20.18,20.16,20.16,10200,205733.0
000029.SZ,2026-04-28 13:30:00,20.15,20.17,20.15,20.17,18200,366907.0
000029.SZ,2026-04-28 13:31:00,20.17,20.17,20.13,20.15,8800,177295.0
000029.SZ,2026-04-28 13:32:00,20.14,20.16,20.12,20.14,76900,1549463.0
000029.SZ,2026-04-28 13:33:00,20.14,20.16,20.13,20.15,4100,82597.0
000029.SZ,2026-04-28 13:34:00,20.15,20.15,20.12,20.12,15500,312314.0
000029.SZ,2026-04-28 13:35:00,20.12,20.15,20.12,20.13,3500,70469.0
000029.SZ,2026-04-28 13:36:00,20.13,20.15,20.13,20.14,3600,72480.0
000029.SZ,2026-04-28 13:37:00,20.14,20.14,20.11,20.13,100600,2024733.0
000029.SZ,2026-04-28 13:38:00,20.11,20.11,20.09,20.1,111100,2233177.0
000029.SZ,2026-04-28 13:39:00,20.1,20.13,20.1,20.13,8900,178998.0
000029.SZ,2026-04-28 13:40:00,20.13,20.16,20.13,20.16,6100,122865.0
000029.SZ,2026-04-28 13:41:00,20.15,20.16,20.13,20.14,20600,414935.0
000029.SZ,2026-04-28 13:42:00,20.14,20.22,20.14,20.19,54700,1103781.0
000029.SZ,2026-04-28 13:43:00,20.18,20.22,20.18,20.22,16500,333486.0
000029.SZ,2026-04-28 13:44:00,20.22,20.28,20.22,20.25,40700,824336.0
000029.SZ,2026-04-28 13:45:00,20.25,20.28,20.25,20.28,8100,164139.0
000029.SZ,2026-04-28 13:46:00,20.26,20.28,20.22,20.23,38600,782067.0
000029.SZ,2026-04-28 13:47:00,20.25,20.26,20.22,20.25,9200,186229.0
000029.SZ,2026-04-28 13:48:00,20.26,20.3,20.25,20.29,13200,267581.0
000029.SZ,2026-04-28 13:49:00,20.29,20.29,20.26,20.27,3100,62868.0
000029.SZ,2026-04-28 13:50:00,20.26,20.28,20.26,20.28,8600,174336.0
000029.SZ,2026-04-28 13:51:00,20.3,20.3,20.26,20.26,18800,381236.0
000029.SZ,2026-04-28 13:52:00,20.28,20.29,20.27,20.29,12900,261634.0
000029.SZ,2026-04-28 13:53:00,20.29,20.31,20.28,20.3,16700,338983.0
000029.SZ,2026-04-28 13:54:00,20.3,20.31,20.29,20.31,8900,180733.0
000029.SZ,2026-04-28 13:55:00,20.31,20.32,20.31,20.32,9700,197056.0
000029.SZ,2026-04-28 13:56:00,20.3,20.31,20.3,20.3,5100,103548.0
000029.SZ,2026-04-28 13:57:00,20.31,20.33,20.31,20.33,11900,241866.0
000029.SZ,2026-04-28 13:58:00,20.32,20.32,20.32,20.32,3000,60964.0
000029.SZ,2026-04-28 13:59:00,20.32,20.33,20.32,20.32,1500,30482.0
000029.SZ,2026-04-28 14:00:00,20.33,20.41,20.32,20.39,40300,820252.0
000029.SZ,2026-04-28 14:01:00,20.39,20.46,20.39,20.45,50600,1034158.0
000029.SZ,2026-04-28 14:02:00,20.42,20.44,20.4,20.44,14800,302327.0
000029.SZ,2026-04-28 14:03:00,20.43,20.51,20.43,20.5,43300,887016.9
000029.SZ,2026-04-28 14:04:00,20.51,20.57,20.51,20.52,46302,951156.06
000029.SZ,2026-04-28 14:05:00,20.55,20.58,20.55,20.55,28900,594101.0
000029.SZ,2026-04-28 14:06:00,20.53,20.54,20.53,20.54,5800,119110.0
000029.SZ,2026-04-28 14:07:00,20.57,20.57,20.54,20.56,20000,411111.0
000029.SZ,2026-04-28 14:08:00,20.57,20.57,20.56,20.57,7900,162469.0
000029.SZ,2026-04-28 14:09:00,20.56,20.58,20.56,20.58,29000,596688.0
000029.SZ,2026-04-28 14:10:00,20.57,20.57,20.52,20.52,12400,254791.0
000029.SZ,2026-04-28 14:11:00,20.52,20.53,20.52,20.53,3800,78013.0
000029.SZ,2026-04-28 14:12:00,20.53,20.55,20.53,20.54,3600,73954.0
000029.SZ,2026-04-28 14:13:00,20.54,20.55,20.51,20.52,16800,344772.0
000029.SZ,2026-04-28 14:14:00,20.51,20.51,20.5,20.5,8400,172244.0
000029.SZ,2026-04-28 14:15:00,20.5,20.5,20.47,20.47,19100,391482.0
000029.SZ,2026-04-28 14:16:00,20.48,20.49,20.48,20.49,1100,22529.0
000029.SZ,2026-04-28 14:17:00,20.49,20.49,20.48,20.48,3200,65538.0
000029.SZ,2026-04-28 14:18:00,20.47,20.48,20.43,20.43,13200,270079.0
000029.SZ,2026-04-28 14:19:00,20.45,20.45,20.42,20.42,9100,185982.0
000029.SZ,2026-04-28 14:20:00,20.43,20.43,20.42,20.42,1900,38801.0
000029.SZ,2026-04-28 14:21:00,20.42,20.43,20.42,20.43,3800,77617.0
000029.SZ,2026-04-28 14:22:00,20.42,20.43,20.37,20.4,12100,246971.0
000029.SZ,2026-04-28 14:23:00,20.38,20.4,20.38,20.4,2500,50979.0
000029.SZ,2026-04-28 14:24:00,20.41,20.41,20.41,20.41,400,8164.0
000029.SZ,2026-04-28 14:25:00,20.4,20.41,20.4,20.4,2000,40805.0
000029.SZ,2026-04-28 14:26:00,20.39,20.39,20.37,20.38,10600,216136.0
000029.SZ,2026-04-28 14:27:00,20.37,20.39,20.37,20.38,3700,75396.0
000029.SZ,2026-04-28 14:28:00,20.39,20.39,20.37,20.38,2700,55026.0
000029.SZ,2026-04-28 14:29:00,20.36,20.38,20.35,20.35,1800,36647.0
000029.SZ,2026-04-28 14:30:00,20.36,20.36,20.32,20.33,8700,176937.0
000029.SZ,2026-04-28 14:31:00,20.34,20.37,20.33,20.34,5800,117993.0
000029.SZ,2026-04-28 14:32:00,20.34,20.35,20.33,20.33,5800,117973.0
000029.SZ,2026-04-28 14:33:00,20.33,20.36,20.32,20.35,11100,225654.0
000029.SZ,2026-04-28 14:34:00,20.35,20.36,20.35,20.36,1300,26459.0
000029.SZ,2026-04-28 14:35:00,20.36,20.36,20.35,20.35,4400,89571.0
000029.SZ,2026-04-28 14:36:00,20.36,20.38,20.36,20.36,4000,81462.0
000029.SZ,2026-04-28 14:37:00,20.37,20.37,20.34,20.34,13100,266622.0
000029.SZ,2026-04-28 14:38:00,20.32,20.36,20.32,20.36,28100,571275.0
000029.SZ,2026-04-28 14:39:00,20.36,20.37,20.34,20.37,13500,274778.0
000029.SZ,2026-04-28 14:40:00,20.35,20.37,20.35,20.37,800,16290.0
000029.SZ,2026-04-28 14:41:00,20.37,20.38,20.36,20.36,2700,54994.0
000029.SZ,2026-04-28 14:42:00,20.35,20.35,20.33,20.33,14400,293085.0
000029.SZ,2026-04-28 14:43:00,20.35,20.36,20.33,20.33,10500,213611.0
000029.SZ,2026-04-28 14:44:00,20.32,20.35,20.3,20.35,33200,674860.0
000029.SZ,2026-04-28 14:45:00,20.35,20.38,20.33,20.33,32800,667648.0
000029.SZ,2026-04-28 14:46:00,20.35,20.39,20.34,20.35,21100,429669.0
000029.SZ,2026-04-28 14:47:00,20.33,20.35,20.32,20.33,16100,327516.0
000029.SZ,2026-04-28 14:48:00,20.34,20.34,20.32,20.32,2800,56920.0
000029.SZ,2026-04-28 14:49:00,20.32,20.33,20.3,20.33,10400,211250.0
000029.SZ,2026-04-28 14:50:00,20.33,20.34,20.32,20.32,13300,270369.0
000029.SZ,2026-04-28 14:51:00,20.34,20.34,20.31,20.32,60100,1221681.0
000029.SZ,2026-04-28 14:52:00,20.32,20.34,20.32,20.34,12900,262261.0
000029.SZ,2026-04-28 14:53:00,20.33,20.34,20.33,20.33,5800,117949.0
000029.SZ,2026-04-28 14:54:00,20.33,20.36,20.32,20.36,50800,1033445.0
000029.SZ,2026-04-28 14:55:00,20.34,20.35,20.34,20.35,9200,187186.0
000029.SZ,2026-04-28 14:56:00,20.36,20.36,20.34,20.34,21400,435617.0
000029.SZ,2026-04-28 14:57:00,20.34,20.36,20.3,20.33,27300,555461.0
000029.SZ,2026-04-28 14:58:00,20.33,20.33,20.33,20.33,0,0.0
000029.SZ,2026-04-28 14:59:00,20.33,20.33,20.33,20.33,0,0.0
000029.SZ,2026-04-28 15:00:00,20.35,20.35,20.35,20.35,14600,297110.0
000029.SZ,2026-04-29 09:30:00,20.41,20.43,20.41,20.43,20600,420456.0
000029.SZ,2026-04-29 09:31:00,20.41,20.53,20.36,20.41,109500,2236489.0
000029.SZ,2026-04-29 09:32:00,20.47,20.62,20.42,20.58,101700,2086170.0
000029.SZ,2026-04-29 09:33:00,20.57,20.69,20.52,20.69,88800,1830203.0
000029.SZ,2026-04-29 09:34:00,20.69,20.73,20.69,20.71,54800,1134751.0
000029.SZ,2026-04-29 09:35:00,20.71,20.72,20.64,20.68,41700,862221.0
000029.SZ,2026-04-29 09:36:00,20.7,20.74,20.66,20.69,98600,2041403.0
000029.SZ,2026-04-29 09:37:00,20.68,20.78,20.63,20.75,82700,1712956.0
000029.SZ,2026-04-29 09:38:00,20.76,20.84,20.76,20.76,121400,2524881.0
000029.SZ,2026-04-29 09:39:00,20.79,20.88,20.77,20.88,73900,1538939.0
000029.SZ,2026-04-29 09:40:00,20.88,20.88,20.84,20.84,49300,1027953.0
000029.SZ,2026-04-29 09:41:00,20.84,20.98,20.84,20.94,277227,5796594.0
000029.SZ,2026-04-29 09:42:00,20.95,20.98,20.92,20.93,76900,1610731.0
000029.SZ,2026-04-29 09:43:00,20.92,20.93,20.87,20.87,29300,612498.0
000029.SZ,2026-04-29 09:44:00,20.89,21.09,20.87,21.03,339700,7137559.0
000029.SZ,2026-04-29 09:45:00,21.03,21.04,20.96,20.98,75800,1592489.0
000029.SZ,2026-04-29 09:46:00,20.98,20.99,20.96,20.98,32700,686084.0
000029.SZ,2026-04-29 09:47:00,20.99,20.99,20.94,20.95,41200,864163.0
000029.SZ,2026-04-29 09:48:00,20.92,20.92,20.88,20.92,9200,192342.0
000029.SZ,2026-04-29 09:49:00,20.92,20.92,20.87,20.87,27100,566196.0
000029.SZ,2026-04-29 09:50:00,20.87,20.87,20.84,20.84,24100,502717.0
000029.SZ,2026-04-29 09:51:00,20.84,20.84,20.81,20.83,36800,766261.0
000029.SZ,2026-04-29 09:52:00,20.82,20.82,20.78,20.78,46500,967214.0
000029.SZ,2026-04-29 09:53:00,20.79,20.83,20.79,20.83,77800,1618538.0
000029.SZ,2026-04-29 09:54:00,20.8,20.82,20.79,20.79,27900,580453.0
000029.SZ,2026-04-29 09:55:00,20.82,20.82,20.73,20.77,39600,822712.0
000029.SZ,2026-04-29 09:56:00,20.76,20.86,20.76,20.86,21900,455527.0
000029.SZ,2026-04-29 09:57:00,20.86,20.86,20.81,20.82,15000,312694.0
000029.SZ,2026-04-29 09:58:00,20.83,20.86,20.82,20.82,9200,191701.0
000029.SZ,2026-04-29 09:59:00,20.82,20.84,20.8,20.82,26400,549722.0
000029.SZ,2026-04-29 10:00:00,20.82,20.87,20.81,20.85,40100,836247.0
000029.SZ,2026-04-29 10:01:00,20.85,20.85,20.82,20.85,27300,569145.0
000029.SZ,2026-04-29 10:02:00,20.85,20.85,20.8,20.8,16700,347648.0
000029.SZ,2026-04-29 10:03:00,20.8,20.8,20.78,20.79,17400,361775.0
000029.SZ,2026-04-29 10:04:00,20.79,20.79,20.77,20.77,20100,417599.0
000029.SZ,2026-04-29 10:05:00,20.75,20.77,20.71,20.77,44800,929083.0
000029.SZ,2026-04-29 10:06:00,20.77,20.78,20.77,20.78,9300,193227.0
000029.SZ,2026-04-29 10:07:00,20.79,20.87,20.79,20.87,58800,1225178.0
000029.SZ,2026-04-29 10:08:00,20.9,20.92,20.9,20.9,26500,553836.0
000029.SZ,2026-04-29 10:09:00,20.91,20.92,20.9,20.91,27500,574931.0
000029.SZ,2026-04-29 10:10:00,20.91,20.91,20.89,20.89,7100,148398.0
000029.SZ,2026-04-29 10:11:00,20.89,20.89,20.85,20.85,15200,317348.0
000029.SZ,2026-04-29 10:12:00,20.84,20.85,20.84,20.84,9700,202156.0
000029.SZ,2026-04-29 10:13:00,20.83,20.83,20.82,20.83,8500,177026.0
000029.SZ,2026-04-29 10:14:00,20.83,20.84,20.81,20.84,21200,441389.0
000029.SZ,2026-04-29 10:15:00,20.85,20.85,20.83,20.83,10700,223068.0
000029.SZ,2026-04-29 10:16:00,20.85,20.85,20.83,20.83,7600,158438.0
000029.SZ,2026-04-29 10:17:00,20.84,20.84,20.81,20.81,8200,170793.0
000029.SZ,2026-04-29 10:18:00,20.81,20.82,20.79,20.79,52500,1091641.0
000029.SZ,2026-04-29 10:19:00,20.82,20.82,20.78,20.78,50500,1050142.0
000029.SZ,2026-04-29 10:20:00,20.81,20.81,20.79,20.8,6000,124841.0
000029.SZ,2026-04-29 10:21:00,20.82,20.84,20.82,20.84,8600,179136.0
000029.SZ,2026-04-29 10:22:00,20.83,20.83,20.8,20.81,34800,724629.0
000029.SZ,2026-04-29 10:23:00,20.81,20.81,20.81,20.81,1600,33296.0
000029.SZ,2026-04-29 10:24:00,20.81,20.81,20.79,20.79,18400,382726.0
000029.SZ,2026-04-29 10:25:00,20.8,20.81,20.79,20.81,4400,91535.0
000029.SZ,2026-04-29 10:26:00,20.78,20.79,20.75,20.78,22900,475859.0
000029.SZ,2026-04-29 10:27:00,20.78,20.79,20.78,20.78,11200,232751.0
000029.SZ,2026-04-29 10:28:00,20.78,20.78,20.77,20.78,6500,135059.0
000029.SZ,2026-04-29 10:29:00,20.77,20.77,20.74,20.74,6700,139099.0
000029.SZ,2026-04-29 10:30:00,20.74,20.76,20.74,20.76,2100,43586.0
000029.SZ,2026-04-29 10:31:00,20.76,20.76,20.73,20.74,11700,242709.0
000029.SZ,2026-04-29 10:32:00,20.75,20.75,20.75,20.75,2600,53950.0
000029.SZ,2026-04-29 10:33:00,20.74,20.75,20.74,20.74,3000,62224.0
000029.SZ,2026-04-29 10:34:00,20.74,20.74,20.72,20.73,2700,55973.0
000029.SZ,2026-04-29 10:35:00,20.73,20.74,20.72,20.74,6100,126441.0
000029.SZ,2026-04-29 10:36:00,20.73,20.73,20.72,20.72,11400,236232.0
000029.SZ,2026-04-29 10:37:00,20.71,20.73,20.7,20.73,27500,569610.0
000029.SZ,2026-04-29 10:38:00,20.73,20.73,20.72,20.72,1200,24874.0
000029.SZ,2026-04-29 10:39:00,20.72,20.72,20.71,20.72,4400,91165.0
000029.SZ,2026-04-29 10:40:00,20.71,20.71,20.71,20.71,7900,163609.0
000029.SZ,2026-04-29 10:41:00,20.7,20.73,20.7,20.7,20000,414183.0
000029.SZ,2026-04-29 10:42:00,20.7,20.71,20.68,20.68,13500,279378.0
000029.SZ,2026-04-29 10:43:00,20.67,20.68,20.67,20.68,8200,169526.0
000029.SZ,2026-04-29 10:44:00,20.68,20.69,20.68,20.69,6600,136516.0
000029.SZ,2026-04-29 10:45:00,20.68,20.69,20.67,20.68,3000,62039.0
000029.SZ,2026-04-29 10:46:00,20.68,20.68,20.67,20.68,10400,215030.0
000029.SZ,2026-04-29 10:47:00,20.69,20.69,20.66,20.66,13300,275084.0
000029.SZ,2026-04-29 10:48:00,20.66,20.67,20.66,20.66,12100,250090.0
000029.SZ,2026-04-29 10:49:00,20.66,20.66,20.66,20.66,3100,64046.0
000029.SZ,2026-04-29 10:50:00,20.67,20.67,20.64,20.64,3700,76422.0
000029.SZ,2026-04-29 10:51:00,20.65,20.65,20.65,20.65,16700,344855.0
000029.SZ,2026-04-29 10:52:00,20.65,20.67,20.65,20.67,14900,307796.0
000029.SZ,2026-04-29 10:53:00,20.66,20.67,20.66,20.66,2700,55783.0
000029.SZ,2026-04-29 10:54:00,20.65,20.65,20.64,20.64,7700,159008.0
000029.SZ,2026-04-29 10:55:00,20.65,20.65,20.64,20.64,12200,251828.0
000029.SZ,2026-04-29 10:56:00,20.64,20.64,20.6,20.6,51000,1051570.0
000029.SZ,2026-04-29 10:57:00,20.6,20.61,20.6,20.6,5500,113311.0
000029.SZ,2026-04-29 10:58:00,20.6,20.61,20.6,20.61,700,14421.0
000029.SZ,2026-04-29 10:59:00,20.6,20.61,20.6,20.61,4000,82434.0
000029.SZ,2026-04-29 11:00:00,20.6,20.61,20.6,20.61,1700,35034.0
000029.SZ,2026-04-29 11:01:00,20.61,20.61,20.6,20.61,3400,70070.0
000029.SZ,2026-04-29 11:02:00,20.61,20.61,20.58,20.59,32300,665115.0
000029.SZ,2026-04-29 11:03:00,20.59,20.67,20.59,20.67,44600,920474.0
000029.SZ,2026-04-29 11:04:00,20.64,20.64,20.64,20.64,3500,72260.0
000029.SZ,2026-04-29 11:05:00,20.63,20.64,20.62,20.64,2500,51574.0
000029.SZ,2026-04-29 11:06:00,20.63,20.64,20.63,20.64,4400,90815.0
000029.SZ,2026-04-29 11:07:00,20.64,20.65,20.63,20.65,8500,175431.0
000029.SZ,2026-04-29 11:08:00,20.65,20.65,20.63,20.65,15000,309684.0
000029.SZ,2026-04-29 11:09:00,20.65,20.67,20.65,20.65,7900,163180.0
000029.SZ,2026-04-29 11:10:00,20.66,20.66,20.66,20.66,400,8264.0
000029.SZ,2026-04-29 11:11:00,20.66,20.66,20.65,20.65,5200,107430.0
000029.SZ,2026-04-29 11:12:00,20.66,20.67,20.65,20.67,18500,382198.0
000029.SZ,2026-04-29 11:13:00,20.66,20.71,20.66,20.69,9800,202656.0
000029.SZ,2026-04-29 11:14:00,20.7,20.71,20.7,20.71,4000,82830.0
000029.SZ,2026-04-29 11:15:00,20.71,20.71,20.7,20.7,1500,31054.0
000029.SZ,2026-04-29 11:16:00,20.73,20.73,20.71,20.72,9600,198921.0
000029.SZ,2026-04-29 11:17:00,20.71,20.71,20.7,20.7,1200,24844.0
000029.SZ,2026-04-29 11:18:00,20.71,20.71,20.69,20.7,2000,41398.0
000029.SZ,2026-04-29 11:19:00,20.7,20.7,20.7,20.7,2400,49680.0
000029.SZ,2026-04-29 11:20:00,20.7,20.7,20.69,20.69,4400,91079.0
000029.SZ,2026-04-29 11:21:00,20.69,20.69,20.69,20.69,3000,62097.0
000029.SZ,2026-04-29 11:22:00,20.7,20.71,20.7,20.71,4800,99406.0
000029.SZ,2026-04-29 11:23:00,20.71,20.72,20.71,20.71,2100,43501.0
000029.SZ,2026-04-29 11:24:00,20.71,20.71,20.7,20.7,5700,118046.0
000029.SZ,2026-04-29 11:25:00,20.71,20.71,20.7,20.7,700,14496.0
000029.SZ,2026-04-29 11:26:00,20.7,20.7,20.7,20.7,1100,22770.0
000029.SZ,2026-04-29 11:27:00,20.7,20.7,20.69,20.69,10600,219366.0
000029.SZ,2026-04-29 11:28:00,20.69,20.71,20.69,20.71,6200,128310.0
000029.SZ,2026-04-29 11:29:00,20.69,20.7,20.69,20.7,4400,91071.0
000029.SZ,2026-04-29 11:30:00,20.69,20.71,20.69,20.71,3100,64170.0
000029.SZ,2026-04-29 13:01:00,20.7,20.73,20.67,20.73,68700,1422102.0
000029.SZ,2026-04-29 13:02:00,20.72,20.73,20.7,20.7,4500,93216.0
000029.SZ,2026-04-29 13:03:00,20.7,20.71,20.69,20.69,2500,51766.0
000029.SZ,2026-04-29 13:04:00,20.69,20.69,20.66,20.67,20800,429950.0
000029.SZ,2026-04-29 13:05:00,20.67,20.67,20.67,20.67,1700,35139.0
000029.SZ,2026-04-29 13:06:00,20.67,20.67,20.65,20.66,11900,245929.0
000029.SZ,2026-04-29 13:07:00,20.66,20.66,20.65,20.65,7200,148752.0
000029.SZ,2026-04-29 13:08:00,20.65,20.66,20.65,20.66,1800,37178.0
000029.SZ,2026-04-29 13:09:00,20.65,20.66,20.63,20.64,27000,557484.0
000029.SZ,2026-04-29 13:10:00,20.63,20.64,20.62,20.64,25900,534139.0
000029.SZ,2026-04-29 13:11:00,20.65,20.66,20.64,20.64,4600,94960.0
000029.SZ,2026-04-29 13:12:00,20.64,20.64,20.62,20.62,5800,119682.0
000029.SZ,2026-04-29 13:13:00,20.63,20.63,20.6,20.61,10600,218442.0
000029.SZ,2026-04-29 13:14:00,20.61,20.63,20.61,20.63,7600,156739.0
000029.SZ,2026-04-29 13:15:00,20.63,20.63,20.62,20.63,3600,74265.0
000029.SZ,2026-04-29 13:16:00,20.63,20.64,20.63,20.64,8700,179536.0
000029.SZ,2026-04-29 13:17:00,20.64,20.65,20.64,20.65,3200,66065.0
000029.SZ,2026-04-29 13:18:00,20.64,20.7,20.64,20.7,21900,452575.0
000029.SZ,2026-04-29 13:19:00,20.69,20.75,20.68,20.7,39100,809512.0
000029.SZ,2026-04-29 13:20:00,20.69,20.69,20.69,20.69,6500,134498.0
000029.SZ,2026-04-29 13:21:00,20.7,20.72,20.7,20.71,15900,329354.0
000029.SZ,2026-04-29 13:22:00,20.7,20.7,20.68,20.68,4700,97226.0
000029.SZ,2026-04-29 13:23:00,20.68,20.74,20.68,20.74,64400,1332473.0
000029.SZ,2026-04-29 13:24:00,20.73,20.74,20.73,20.73,8400,174168.0
000029.SZ,2026-04-29 13:25:00,20.72,20.73,20.68,20.72,25500,527849.0
000029.SZ,2026-04-29 13:26:00,20.71,20.71,20.7,20.7,4200,86942.0
000029.SZ,2026-04-29 13:27:00,20.71,20.71,20.71,20.71,2800,57988.0
000029.SZ,2026-04-29 13:28:00,20.72,20.74,20.7,20.72,34500,714206.0
000029.SZ,2026-04-29 13:29:00,20.73,20.74,20.73,20.74,2700,55976.0
000029.SZ,2026-04-29 13:30:00,20.74,20.75,20.73,20.75,5200,107886.0
000029.SZ,2026-04-29 13:31:00,20.75,20.76,20.74,20.75,20100,417183.0
000029.SZ,2026-04-29 13:32:00,20.74,20.74,20.73,20.73,7000,145192.0
000029.SZ,2026-04-29 13:33:00,20.75,20.75,20.75,20.75,200,4150.0
000029.SZ,2026-04-29 13:34:00,20.75,20.75,20.74,20.74,3000,62242.0
000029.SZ,2026-04-29 13:35:00,20.75,20.75,20.73,20.74,6900,143106.0
000029.SZ,2026-04-29 13:36:00,20.74,20.74,20.73,20.73,4100,84998.0
000029.SZ,2026-04-29 13:37:00,20.73,20.73,20.73,20.73,2800,58044.0
000029.SZ,2026-04-29 13:38:00,20.73,20.73,20.72,20.72,3200,66330.0
000029.SZ,2026-04-29 13:39:00,20.73,20.74,20.73,20.74,2400,49758.0
000029.SZ,2026-04-29 13:40:00,20.73,20.74,20.72,20.74,2700,55975.0
000029.SZ,2026-04-29 13:41:00,20.74,20.75,20.74,20.75,5100,105776.0
000029.SZ,2026-04-29 13:42:00,20.74,20.75,20.74,20.75,6000,124490.0
000029.SZ,2026-04-29 13:43:00,20.75,20.78,20.75,20.78,16900,350786.0
000029.SZ,2026-04-29 13:44:00,20.77,20.77,20.76,20.77,17400,361393.0
000029.SZ,2026-04-29 13:45:00,20.77,20.79,20.77,20.79,7800,162104.0
000029.SZ,2026-04-29 13:46:00,20.8,20.81,20.79,20.8,49900,1037903.0
000029.SZ,2026-04-29 13:47:00,20.8,20.81,20.8,20.8,8100,168532.0
000029.SZ,2026-04-29 13:48:00,20.81,20.81,20.8,20.8,33500,696804.0
000029.SZ,2026-04-29 13:49:00,20.8,20.81,20.79,20.8,23400,486737.0
000029.SZ,2026-04-29 13:50:00,20.8,20.8,20.79,20.79,4000,83187.0
000029.SZ,2026-04-29 13:51:00,20.8,20.8,20.79,20.8,1600,33275.0
000029.SZ,2026-04-29 13:52:00,20.8,20.8,20.79,20.79,900,18719.0
000029.SZ,2026-04-29 13:53:00,20.8,20.8,20.79,20.79,3000,62396.0
000029.SZ,2026-04-29 13:54:00,20.8,20.85,20.79,20.84,68400,1424109.0
000029.SZ,2026-04-29 13:55:00,20.84,20.9,20.84,20.9,61800,1290960.0
000029.SZ,2026-04-29 13:56:00,20.9,20.92,20.88,20.89,16400,342619.0
000029.SZ,2026-04-29 13:57:00,20.9,20.9,20.89,20.89,6200,129539.0
000029.SZ,2026-04-29 13:58:00,20.89,20.89,20.86,20.86,25200,526316.0
000029.SZ,2026-04-29 13:59:00,20.84,20.85,20.84,20.85,3400,70889.0
000029.SZ,2026-04-29 14:00:00,20.85,20.86,20.85,20.85,5500,114678.0
000029.SZ,2026-04-29 14:01:00,20.85,20.92,20.85,20.92,72700,1520002.0
000029.SZ,2026-04-29 14:02:00,20.92,20.97,20.91,20.97,48800,1021716.0
000029.SZ,2026-04-29 14:03:00,20.96,21.13,20.96,21.1,280900,5913998.0
000029.SZ,2026-04-29 14:04:00,21.08,21.15,21.08,21.09,94000,1985201.0
000029.SZ,2026-04-29 14:05:00,21.12,21.12,21.06,21.08,46700,984811.0
000029.SZ,2026-04-29 14:06:00,21.09,21.09,21.07,21.08,25600,539397.0
000029.SZ,2026-04-29 14:07:00,21.11,21.11,21.04,21.05,21200,447099.0
000029.SZ,2026-04-29 14:08:00,21.06,21.06,21.04,21.06,10700,225196.0
000029.SZ,2026-04-29 14:09:00,21.05,21.16,21.05,21.16,77300,1631885.0
000029.SZ,2026-04-29 14:10:00,21.16,21.16,21.1,21.11,8200,173300.0
000029.SZ,2026-04-29 14:11:00,21.1,21.15,21.1,21.13,35400,747717.0
000029.SZ,2026-04-29 14:12:00,21.12,21.13,21.1,21.11,16100,339876.0
000029.SZ,2026-04-29 14:13:00,21.1,21.11,21.08,21.08,17400,367093.0
000029.SZ,2026-04-29 14:14:00,21.08,21.1,21.08,21.1,6900,145575.0
000029.SZ,2026-04-29 14:15:00,21.09,21.09,21.09,21.09,3200,67491.0
000029.SZ,2026-04-29 14:16:00,21.08,21.08,21.07,21.07,8900,187585.0
000029.SZ,2026-04-29 14:17:00,21.08,21.08,21.04,21.04,6700,141091.0
000029.SZ,2026-04-29 14:18:00,21.04,21.04,21.03,21.04,4200,88366.0
000029.SZ,2026-04-29 14:19:00,21.05,21.05,21.04,21.04,14500,305153.0
000029.SZ,2026-04-29 14:20:00,21.04,21.04,21.02,21.02,8600,180832.0
000029.SZ,2026-04-29 14:21:00,21.02,21.03,21.02,21.02,17900,376250.0
000029.SZ,2026-04-29 14:22:00,21.01,21.02,21.01,21.01,18400,386599.0
000029.SZ,2026-04-29 14:23:00,21.0,21.0,20.98,20.98,21300,447319.0
000029.SZ,2026-04-29 14:24:00,20.97,20.98,20.97,20.98,45800,960516.0
000029.SZ,2026-04-29 14:25:00,20.96,21.01,20.96,21.0,37000,776525.0
000029.SZ,2026-04-29 14:26:00,21.02,21.05,21.02,21.05,8700,183021.0
000029.SZ,2026-04-29 14:27:00,21.05,21.05,21.03,21.04,17900,376649.0
000029.SZ,2026-04-29 14:28:00,21.03,21.06,21.03,21.05,18700,393629.0
000029.SZ,2026-04-29 14:29:00,21.06,21.06,21.04,21.04,8200,172633.0
000029.SZ,2026-04-29 14:30:00,21.04,21.05,21.04,21.05,7300,153605.0
000029.SZ,2026-04-29 14:31:00,21.07,21.08,21.05,21.06,31200,657641.0
000029.SZ,2026-04-29 14:32:00,21.02,21.05,21.02,21.05,55300,1163569.0
000029.SZ,2026-04-29 14:33:00,21.08,21.08,21.05,21.07,6900,145357.0
000029.SZ,2026-04-29 14:34:00,21.05,21.05,21.04,21.04,3400,71569.0
000029.SZ,2026-04-29 14:35:00,21.04,21.05,21.04,21.04,25900,545061.0
000029.SZ,2026-04-29 14:36:00,21.04,21.04,21.02,21.02,8200,172454.0
000029.SZ,2026-04-29 14:37:00,21.02,21.02,21.01,21.02,4300,90384.0
000029.SZ,2026-04-29 14:38:00,21.01,21.02,21.0,21.01,6900,144961.0
000029.SZ,2026-04-29 14:39:00,21.01,21.02,21.01,21.02,4200,88275.0
000029.SZ,2026-04-29 14:40:00,21.01,21.02,21.01,21.02,19700,414024.0
000029.SZ,2026-04-29 14:41:00,21.03,21.03,21.01,21.02,14900,313116.0
000029.SZ,2026-04-29 14:42:00,21.02,21.02,21.01,21.02,18500,388789.0
000029.SZ,2026-04-29 14:43:00,21.0,21.02,21.0,21.0,21400,449507.0
000029.SZ,2026-04-29 14:44:00,21.01,21.01,20.96,20.96,66900,1404403.0
000029.SZ,2026-04-29 14:45:00,20.99,21.01,20.99,20.99,24000,503731.0
000029.SZ,2026-04-29 14:46:00,20.99,21.0,20.99,20.99,6500,136441.0
000029.SZ,2026-04-29 14:47:00,21.0,21.0,20.95,20.95,47600,998516.0
000029.SZ,2026-04-29 14:48:00,20.96,20.97,20.96,20.96,15200,318680.0
000029.SZ,2026-04-29 14:49:00,20.97,20.97,20.94,20.94,21000,440041.0
000029.SZ,2026-04-29 14:50:00,20.94,20.94,20.91,20.91,28300,592194.0
000029.SZ,2026-04-29 14:51:00,20.93,20.95,20.92,20.92,29200,611250.0
000029.SZ,2026-04-29 14:52:00,20.92,20.94,20.92,20.92,32200,673833.0
000029.SZ,2026-04-29 14:53:00,20.93,20.93,20.89,20.9,52900,1105961.0
000029.SZ,2026-04-29 14:54:00,20.91,20.91,20.89,20.89,12800,267499.0
000029.SZ,2026-04-29 14:55:00,20.89,20.9,20.88,20.89,36000,752046.0
000029.SZ,2026-04-29 14:56:00,20.88,20.93,20.88,20.91,86000,1798802.0
000029.SZ,2026-04-29 14:57:00,20.96,20.99,20.91,20.95,82800,1735615.0
000029.SZ,2026-04-29 14:58:00,20.95,20.95,20.95,20.95,0,0.0
000029.SZ,2026-04-29 14:59:00,20.95,20.95,20.95,20.95,0,0.0
000029.SZ,2026-04-29 15:00:00,20.95,20.95,20.95,20.95,29500,618025.0
000029.SZ,2026-04-30 09:30:00,20.81,20.81,20.81,20.81,129300,2690733.0
000029.SZ,2026-04-30 09:31:00,20.81,20.85,20.51,20.59,245200,5076632.0
000029.SZ,2026-04-30 09:32:00,20.57,20.6,20.26,20.31,344000,7026683.0
000029.SZ,2026-04-30 09:33:00,20.33,20.35,20.25,20.27,325200,6605705.0
000029.SZ,2026-04-30 09:34:00,20.28,20.38,20.28,20.34,93300,1895499.0
000029.SZ,2026-04-30 09:35:00,20.36,20.43,20.32,20.36,121500,2475723.0
000029.SZ,2026-04-30 09:36:00,20.37,20.37,20.29,20.32,99200,2015636.0
000029.SZ,2026-04-30 09:37:00,20.32,20.34,20.3,20.31,82400,1672893.0
000029.SZ,2026-04-30 09:38:00,20.3,20.31,20.26,20.26,145700,2956285.0
000029.SZ,2026-04-30 09:39:00,20.28,20.29,20.27,20.29,39200,795051.0
000029.SZ,2026-04-30 09:40:00,20.29,20.41,20.29,20.39,138900,2820334.0
000029.SZ,2026-04-30 09:41:00,20.39,20.39,20.36,20.36,33300,678516.0
000029.SZ,2026-04-30 09:42:00,20.38,20.51,20.38,20.51,76600,1566961.0
000029.SZ,2026-04-30 09:43:00,20.51,20.52,20.47,20.49,50600,1037784.0
000029.SZ,2026-04-30 09:44:00,20.5,20.66,20.5,20.64,145100,2994387.0
000029.SZ,2026-04-30 09:45:00,20.64,20.9,20.64,20.86,72700,1508112.0
000029.SZ,2026-04-30 09:46:00,20.91,20.94,20.89,20.89,139600,2919417.0
000029.SZ,2026-04-30 09:47:00,20.89,21.08,20.89,21.05,227200,4770369.0
000029.SZ,2026-04-30 09:48:00,21.02,21.09,21.01,21.01,61000,1284063.0
000029.SZ,2026-04-30 09:49:00,21.01,21.06,20.93,20.98,117700,2475156.0
000029.SZ,2026-04-30 09:50:00,20.9,20.96,20.9,20.96,34400,719552.0
000029.SZ,2026-04-30 09:51:00,20.98,21.01,20.95,20.95,40000,839252.0
000029.SZ,2026-04-30 09:52:00,20.96,20.99,20.95,20.99,35400,742495.0
000029.SZ,2026-04-30 09:53:00,21.01,21.04,20.98,20.98,72600,1525052.0
000029.SZ,2026-04-30 09:54:00,20.99,21.04,20.98,21.03,40500,850467.0
000029.SZ,2026-04-30 09:55:00,21.03,21.05,21.02,21.05,35100,738360.0
000029.SZ,2026-04-30 09:56:00,21.01,21.01,20.98,20.98,15800,331955.0
000029.SZ,2026-04-30 09:57:00,20.98,21.0,20.98,20.99,18600,390368.0
000029.SZ,2026-04-30 09:58:00,20.99,20.99,20.94,20.94,38200,800809.0
000029.SZ,2026-04-30 09:59:00,20.95,20.96,20.92,20.93,21600,452210.0
000029.SZ,2026-04-30 10:00:00,20.93,20.93,20.89,20.89,15500,324124.0
000029.SZ,2026-04-30 10:01:00,20.88,20.89,20.84,20.85,41300,861250.0
000029.SZ,2026-04-30 10:02:00,20.85,20.88,20.85,20.86,10300,214878.0
000029.SZ,2026-04-30 10:03:00,20.86,20.87,20.79,20.82,32600,679108.0
000029.SZ,2026-04-30 10:04:00,20.82,20.83,20.75,20.75,17700,367940.0
000029.SZ,2026-04-30 10:05:00,20.75,20.8,20.75,20.8,26800,556503.0
000029.SZ,2026-04-30 10:06:00,20.79,20.82,20.79,20.82,8700,180957.0
000029.SZ,2026-04-30 10:07:00,20.81,20.84,20.8,20.81,14800,308012.0
000029.SZ,2026-04-30 10:08:00,20.81,20.81,20.79,20.81,15200,316160.0
000029.SZ,2026-04-30 10:09:00,20.81,20.81,20.79,20.8,10100,210148.0
000029.SZ,2026-04-30 10:10:00,20.79,20.86,20.79,20.86,21700,451906.0
000029.SZ,2026-04-30 10:11:00,20.86,20.89,20.85,20.89,23000,479864.0
000029.SZ,2026-04-30 10:12:00,20.88,20.9,20.88,20.9,5700,119075.0
000029.SZ,2026-04-30 10:13:00,20.9,20.9,20.88,20.9,15000,313426.0
000029.SZ,2026-04-30 10:14:00,20.92,20.95,20.91,20.91,31300,654866.0
000029.SZ,2026-04-30 10:15:00,20.9,20.91,20.87,20.9,20400,426186.0
000029.SZ,2026-04-30 10:16:00,20.9,20.9,20.84,20.84,27300,569748.0
000029.SZ,2026-04-30 10:17:00,20.85,20.85,20.81,20.83,15000,312435.0
000029.SZ,2026-04-30 10:18:00,20.84,20.87,20.84,20.86,4400,91723.0
000029.SZ,2026-04-30 10:19:00,20.86,21.03,20.85,20.95,105000,2201766.0
000029.SZ,2026-04-30 10:20:00,20.92,20.96,20.88,20.92,7800,163135.0
000029.SZ,2026-04-30 10:21:00,20.91,20.98,20.9,20.98,12300,257481.0
000029.SZ,2026-04-30 10:22:00,20.98,21.1,20.98,21.04,64500,1357619.0
000029.SZ,2026-04-30 10:23:00,21.03,21.03,21.0,21.01,9000,189094.0
000029.SZ,2026-04-30 10:24:00,21.0,21.01,20.96,20.96,26200,549912.0
000029.SZ,2026-04-30 10:25:00,20.95,20.96,20.95,20.96,5700,119427.0
000029.SZ,2026-04-30 10:26:00,20.96,20.96,20.92,20.93,13400,280595.0
000029.SZ,2026-04-30 10:27:00,20.92,20.96,20.91,20.95,7900,165415.0
000029.SZ,2026-04-30 10:28:00,20.95,21.15,20.94,21.1,130000,2737881.0
000029.SZ,2026-04-30 10:29:00,21.1,21.14,21.02,21.06,4300,90677.0
000029.SZ,2026-04-30 10:30:00,21.06,21.12,21.02,21.11,96200,2027833.0
000029.SZ,2026-04-30 10:31:00,21.11,21.11,21.06,21.08,10200,214991.0
000029.SZ,2026-04-30 10:32:00,21.07,21.15,21.05,21.15,41000,864660.0
000029.SZ,2026-04-30 10:33:00,21.14,21.35,21.14,21.33,357100,7584676.0
000029.SZ,2026-04-30 10:34:00,21.33,21.33,21.26,21.28,39227,836128.3
000029.SZ,2026-04-30 10:35:00,21.26,21.31,21.25,21.25,61200,1302216.0
000029.SZ,2026-04-30 10:36:00,21.26,21.28,21.23,21.23,8100,172173.0
000029.SZ,2026-04-30 10:37:00,21.22,21.24,21.18,21.2,33500,710792.0
000029.SZ,2026-04-30 10:38:00,21.19,21.26,21.19,21.23,65300,1387441.0
000029.SZ,2026-04-30 10:39:00,21.24,21.26,21.23,21.26,13000,276168.0
000029.SZ,2026-04-30 10:40:00,21.26,21.26,21.21,21.22,17700,375680.0
000029.SZ,2026-04-30 10:41:00,21.21,21.22,21.19,21.21,19900,421956.0
000029.SZ,2026-04-30 10:42:00,21.21,21.31,21.2,21.29,69500,1476355.0
000029.SZ,2026-04-30 10:43:00,21.28,21.29,21.2,21.26,10500,223251.0
000029.SZ,2026-04-30 10:44:00,21.27,21.27,21.25,21.25,6900,146683.0
000029.SZ,2026-04-30 10:45:00,21.26,21.27,21.2,21.22,22800,484522.0
000029.SZ,2026-04-30 10:46:00,21.22,21.24,21.21,21.23,14700,311976.0
000029.SZ,2026-04-30 10:47:00,21.22,21.22,21.16,21.16,28700,608269.0
000029.SZ,2026-04-30 10:48:00,21.15,21.17,21.15,21.16,10100,213680.0
000029.SZ,2026-04-30 10:49:00,21.15,21.16,21.15,21.16,11100,234869.0
000029.SZ,2026-04-30 10:50:00,21.15,21.16,21.11,21.12,10100,213485.0
000029.SZ,2026-04-30 10:51:00,21.12,21.12,21.11,21.11,2800,59124.0
000029.SZ,2026-04-30 10:52:00,21.12,21.13,21.1,21.12,36600,772827.0
000029.SZ,2026-04-30 10:53:00,21.13,21.13,21.11,21.12,7000,147864.0
000029.SZ,2026-04-30 10:54:00,21.12,21.13,21.11,21.11,7300,154149.0
000029.SZ,2026-04-30 10:55:00,21.11,21.12,21.1,21.11,5400,114004.0
000029.SZ,2026-04-30 10:56:00,21.11,21.12,21.1,21.1,4500,95001.0
000029.SZ,2026-04-30 10:57:00,21.12,21.12,21.1,21.1,4500,94977.0
000029.SZ,2026-04-30 10:58:00,21.1,21.13,21.1,21.13,10100,213197.0
000029.SZ,2026-04-30 10:59:00,21.13,21.13,21.11,21.11,5100,107719.0
000029.SZ,2026-04-30 11:00:00,21.1,21.12,21.1,21.12,13300,280781.0
000029.SZ,2026-04-30 11:01:00,21.18,21.19,21.16,21.17,35400,749110.0
000029.SZ,2026-04-30 11:02:00,21.15,21.17,21.14,21.17,2401,50789.14
000029.SZ,2026-04-30 11:03:00,21.17,21.17,21.11,21.13,13399,283447.88
000029.SZ,2026-04-30 11:04:00,21.13,21.14,21.11,21.13,1000,21121.0
000029.SZ,2026-04-30 11:05:00,21.13,21.14,21.12,21.13,3200,67617.0
000029.SZ,2026-04-30 11:06:00,21.12,21.14,21.12,21.13,2800,59168.0
000029.SZ,2026-04-30 11:07:00,21.12,21.13,21.1,21.1,12100,255393.0
000029.SZ,2026-04-30 11:08:00,21.1,21.11,21.08,21.08,19400,409299.0
000029.SZ,2026-04-30 11:09:00,21.08,21.13,21.08,21.12,9100,192092.0
000029.SZ,2026-04-30 11:10:00,21.12,21.12,21.11,21.11,2200,46443.0
000029.SZ,2026-04-30 11:11:00,21.1,21.1,21.08,21.1,18600,392436.0
000029.SZ,2026-04-30 11:12:00,21.12,21.14,21.1,21.1,15800,333599.0
000029.SZ,2026-04-30 11:13:00,21.1,21.11,21.1,21.11,6800,143539.0
000029.SZ,2026-04-30 11:14:00,21.11,21.14,21.09,21.13,33100,698740.0
000029.SZ,2026-04-30 11:15:00,21.13,21.13,21.11,21.13,19000,401454.0
000029.SZ,2026-04-30 11:16:00,21.1,21.1,21.09,21.09,400,8438.0
000029.SZ,2026-04-30 11:17:00,21.1,21.1,21.06,21.07,16800,354136.0
000029.SZ,2026-04-30 11:18:00,21.07,21.08,21.07,21.08,1000,21078.0
000029.SZ,2026-04-30 11:19:00,21.08,21.1,21.08,21.1,7000,147619.0
000029.SZ,2026-04-30 11:20:00,21.09,21.11,21.09,21.1,1700,35868.0
000029.SZ,2026-04-30 11:21:00,21.1,21.11,21.09,21.11,6800,143481.0
000029.SZ,2026-04-30 11:22:00,21.15,21.18,21.14,21.18,21200,448341.0
000029.SZ,2026-04-30 11:23:00,21.17,21.17,21.14,21.14,2000,42328.0
000029.SZ,2026-04-30 11:24:00,21.16,21.16,21.15,21.16,2400,50777.0
000029.SZ,2026-04-30 11:25:00,21.16,21.16,21.14,21.14,2200,46538.0
000029.SZ,2026-04-30 11:26:00,21.13,21.15,21.13,21.15,3800,80324.0
000029.SZ,2026-04-30 11:27:00,21.15,21.15,21.13,21.13,1300,27484.0
000029.SZ,2026-04-30 11:28:00,21.14,21.16,21.14,21.16,14600,308738.0
000029.SZ,2026-04-30 11:29:00,21.15,21.15,21.14,21.15,6200,131086.0
000029.SZ,2026-04-30 11:30:00,21.14,21.15,21.13,21.15,6400,135291.0
000029.SZ,2026-04-30 13:01:00,21.15,21.15,21.04,21.05,75600,1593758.0
000029.SZ,2026-04-30 13:02:00,21.04,21.04,21.01,21.01,10900,229162.0
000029.SZ,2026-04-30 13:03:00,21.01,21.01,20.95,20.95,29400,617383.0
000029.SZ,2026-04-30 13:04:00,20.96,20.98,20.94,20.94,8400,176036.0
000029.SZ,2026-04-30 13:05:00,20.94,20.95,20.93,20.93,6200,129844.0
000029.SZ,2026-04-30 13:06:00,20.93,20.93,20.9,20.92,23800,497756.0
000029.SZ,2026-04-30 13:07:00,20.92,20.93,20.9,20.9,15400,321974.0
000029.SZ,2026-04-30 13:08:00,20.91,20.91,20.9,20.9,47400,990670.0
000029.SZ,2026-04-30 13:09:00,20.91,20.92,20.9,20.91,19700,411828.0
000029.SZ,2026-04-30 13:10:00,20.91,20.91,20.89,20.91,11300,236084.0
000029.SZ,2026-04-30 13:11:00,20.9,20.91,20.89,20.9,7100,148407.0
000029.SZ,2026-04-30 13:12:00,20.89,20.89,20.88,20.88,14300,298648.0
000029.SZ,2026-04-30 13:13:00,20.88,20.89,20.86,20.86,17200,359127.0
000029.SZ,2026-04-30 13:14:00,20.86,20.86,20.85,20.85,10400,216923.0
000029.SZ,2026-04-30 13:15:00,20.85,20.87,20.85,20.87,19200,400563.0
000029.SZ,2026-04-30 13:16:00,20.87,20.88,20.86,20.88,10900,227529.0
000029.SZ,2026-04-30 13:17:00,20.88,20.89,20.87,20.87,10400,217215.0
000029.SZ,2026-04-30 13:18:00,20.88,20.89,20.87,20.89,7100,148264.0
000029.SZ,2026-04-30 13:19:00,20.89,20.9,20.89,20.89,8500,177644.0
000029.SZ,2026-04-30 13:20:00,20.9,20.9,20.86,20.87,30700,641109.0
000029.SZ,2026-04-30 13:21:00,20.87,20.87,20.84,20.84,22900,477535.0
000029.SZ,2026-04-30 13:22:00,20.84,20.86,20.79,20.79,38700,805205.0
000029.SZ,2026-04-30 13:23:00,20.78,20.8,20.74,20.74,96800,2009398.0
000029.SZ,2026-04-30 13:24:00,20.73,20.74,20.72,20.74,10900,225961.0
000029.SZ,2026-04-30 13:25:00,20.7,20.75,20.7,20.71,35300,731440.0
000029.SZ,2026-04-30 13:26:00,20.7,20.73,20.7,20.73,37500,776675.0
000029.SZ,2026-04-30 13:27:00,20.71,20.73,20.71,20.71,12700,263063.0
000029.SZ,2026-04-30 13:28:00,20.74,20.74,20.71,20.71,14700,304494.0
000029.SZ,2026-04-30 13:29:00,20.71,20.72,20.7,20.72,3800,78682.0
000029.SZ,2026-04-30 13:30:00,20.71,20.71,20.7,20.71,9700,200837.0
000029.SZ,2026-04-30 13:31:00,20.71,20.71,20.67,20.7,44000,910450.0
000029.SZ,2026-04-30 13:32:00,20.69,20.71,20.68,20.68,16500,341426.0
000029.SZ,2026-04-30 13:33:00,20.7,20.71,20.68,20.7,19700,407758.0
000029.SZ,2026-04-30 13:34:00,20.7,20.7,20.68,20.68,2800,57926.0
000029.SZ,2026-04-30 13:35:00,20.69,20.7,20.68,20.69,4700,97252.0
000029.SZ,2026-04-30 13:36:00,20.7,20.71,20.66,20.66,37100,767822.0
000029.SZ,2026-04-30 13:37:00,20.7,20.78,20.68,20.75,74800,1551363.0
000029.SZ,2026-04-30 13:38:00,20.72,20.77,20.69,20.77,73400,1520019.0
000029.SZ,2026-04-30 13:39:00,20.72,20.76,20.65,20.74,91000,1883300.0
000029.SZ,2026-04-30 13:40:00,20.7,20.74,20.69,20.71,26300,543765.0
000029.SZ,2026-04-30 13:41:00,20.7,20.71,20.6,20.65,93000,1920530.0
000029.SZ,2026-04-30 13:42:00,20.67,20.67,20.66,20.67,2600,53734.0
000029.SZ,2026-04-30 13:43:00,20.67,20.7,20.67,20.7,4400,91044.0
000029.SZ,2026-04-30 13:44:00,20.7,20.72,20.69,20.72,12300,254781.0
000029.SZ,2026-04-30 13:45:00,20.72,20.81,20.7,20.81,33500,695017.0
000029.SZ,2026-04-30 13:46:00,20.81,20.83,20.76,20.8,29700,617641.0
000029.SZ,2026-04-30 13:47:00,20.8,20.8,20.78,20.8,2800,58224.0
000029.SZ,2026-04-30 13:48:00,20.78,20.78,20.78,20.78,1400,29092.0
000029.SZ,2026-04-30 13:49:00,20.78,20.79,20.77,20.77,2800,58184.0
000029.SZ,2026-04-30 13:50:00,20.77,20.78,20.76,20.76,6200,128811.0
000029.SZ,2026-04-30 13:51:00,20.76,20.8,20.76,20.79,11400,236951.0
000029.SZ,2026-04-30 13:52:00,20.79,20.85,20.79,20.83,15800,328842.0
000029.SZ,2026-04-30 13:53:00,20.82,20.84,20.82,20.84,10200,212557.0
000029.SZ,2026-04-30 13:54:00,20.84,20.84,20.82,20.82,4400,91669.0
000029.SZ,2026-04-30 13:55:00,20.81,20.85,20.81,20.85,11100,231261.0
000029.SZ,2026-04-30 13:56:00,20.86,20.86,20.85,20.85,3000,62552.0
000029.SZ,2026-04-30 13:57:00,20.85,20.87,20.85,20.87,10100,210720.0
000029.SZ,2026-04-30 13:58:00,20.87,20.92,20.87,20.91,13100,273780.0
000029.SZ,2026-04-30 13:59:00,20.92,20.93,20.89,20.89,42500,888669.0
000029.SZ,2026-04-30 14:00:00,20.92,20.92,20.9,20.9,8900,186110.0
000029.SZ,2026-04-30 14:01:00,20.9,20.96,20.9,20.96,41200,862291.0
000029.SZ,2026-04-30 14:02:00,20.96,20.96,20.93,20.95,15200,318507.0
000029.SZ,2026-04-30 14:03:00,20.94,20.94,20.93,20.93,2800,58613.0
000029.SZ,2026-04-30 14:04:00,20.92,20.92,20.87,20.87,12300,257242.0
000029.SZ,2026-04-30 14:05:00,20.89,20.89,20.89,20.89,5000,104450.0
000029.SZ,2026-04-30 14:06:00,20.89,20.89,20.87,20.87,9100,190028.0
000029.SZ,2026-04-30 14:07:00,20.87,20.87,20.87,20.87,1000,20870.0
000029.SZ,2026-04-30 14:08:00,20.88,20.88,20.87,20.87,2000,41742.0
000029.SZ,2026-04-30 14:09:00,20.87,20.89,20.87,20.89,6900,144048.0
000029.SZ,2026-04-30 14:10:00,20.88,20.9,20.88,20.9,5200,108629.0
000029.SZ,2026-04-30 14:11:00,20.89,20.9,20.89,20.9,15400,321774.0
000029.SZ,2026-04-30 14:12:00,20.91,20.92,20.91,20.91,3500,73187.0
000029.SZ,2026-04-30 14:13:00,20.92,20.92,20.9,20.91,12400,259289.0
000029.SZ,2026-04-30 14:14:00,20.91,20.91,20.9,20.9,4700,98264.0
000029.SZ,2026-04-30 14:15:00,20.9,20.91,20.9,20.9,1500,31353.0
000029.SZ,2026-04-30 14:16:00,20.9,20.9,20.89,20.9,2700,56421.0
000029.SZ,2026-04-30 14:17:00,20.9,20.91,20.89,20.91,5600,117073.0
000029.SZ,2026-04-30 14:18:00,20.91,20.91,20.9,20.91,4400,91987.0
000029.SZ,2026-04-30 14:19:00,20.9,20.92,20.9,20.91,5900,123353.0
000029.SZ,2026-04-30 14:20:00,20.91,20.95,20.91,20.95,23000,481319.0
000029.SZ,2026-04-30 14:21:00,20.93,20.96,20.92,20.93,26000,544413.0
000029.SZ,2026-04-30 14:22:00,20.92,20.94,20.92,20.93,9900,207179.0
000029.SZ,2026-04-30 14:23:00,20.92,20.93,20.91,20.93,10800,225987.0
000029.SZ,2026-04-30 14:24:00,20.91,20.93,20.91,20.93,28400,594195.0
000029.SZ,2026-04-30 14:25:00,20.94,20.94,20.93,20.93,1400,29303.0
000029.SZ,2026-04-30 14:26:00,20.93,20.95,20.93,20.95,9100,190601.0
000029.SZ,2026-04-30 14:27:00,20.95,20.95,20.94,20.94,3400,71224.0
000029.SZ,2026-04-30 14:28:00,20.93,20.95,20.93,20.95,11500,240883.0
000029.SZ,2026-04-30 14:29:00,20.95,20.98,20.95,20.95,44000,922254.0
000029.SZ,2026-04-30 14:30:00,20.95,20.96,20.92,20.93,24000,502390.0
000029.SZ,2026-04-30 14:31:00,20.95,20.97,20.92,20.97,31300,655392.0
000029.SZ,2026-04-30 14:32:00,20.95,21.09,20.95,21.06,90200,1895571.0
000029.SZ,2026-04-30 14:33:00,21.06,21.11,21.05,21.11,76000,1601398.0
000029.SZ,2026-04-30 14:34:00,21.11,21.13,21.06,21.12,89700,1892880.0
000029.SZ,2026-04-30 14:35:00,21.13,21.14,21.12,21.12,24400,515573.0
000029.SZ,2026-04-30 14:36:00,21.12,21.18,21.12,21.15,49600,1048676.0
000029.SZ,2026-04-30 14:37:00,21.15,21.19,21.14,21.19,42600,902053.0
000029.SZ,2026-04-30 14:38:00,21.16,21.16,21.13,21.13,59300,1253711.0
000029.SZ,2026-04-30 14:39:00,21.13,21.14,21.12,21.14,24700,521869.0
000029.SZ,2026-04-30 14:40:00,21.14,21.17,21.14,21.16,30700,649315.0
000029.SZ,2026-04-30 14:41:00,21.16,21.17,21.14,21.17,54400,1150982.0
000029.SZ,2026-04-30 14:42:00,21.16,21.19,21.16,21.17,41000,868571.0
000029.SZ,2026-04-30 14:43:00,21.19,21.24,21.16,21.24,108500,2300397.0
000029.SZ,2026-04-30 14:44:00,21.22,21.31,21.22,21.24,137300,2922308.0
000029.SZ,2026-04-30 14:45:00,21.25,21.25,21.22,21.23,24900,528923.0
000029.SZ,2026-04-30 14:46:00,21.23,21.23,21.19,21.2,48200,1022591.0
000029.SZ,2026-04-30 14:47:00,21.19,21.22,21.19,21.2,26000,551286.0
000029.SZ,2026-04-30 14:48:00,21.19,21.25,21.18,21.25,41200,873382.0
000029.SZ,2026-04-30 14:49:00,21.24,21.28,21.23,21.24,33000,701151.0
000029.SZ,2026-04-30 14:50:00,21.24,21.25,21.22,21.23,54100,1148250.0
000029.SZ,2026-04-30 14:51:00,21.23,21.27,21.23,21.26,74000,1573032.0
000029.SZ,2026-04-30 14:52:00,21.26,21.26,21.23,21.25,32900,698850.0
000029.SZ,2026-04-30 14:53:00,21.25,21.31,21.25,21.3,119300,2539781.0
000029.SZ,2026-04-30 14:54:00,21.28,21.32,21.28,21.32,72500,1543855.0
000029.SZ,2026-04-30 14:55:00,21.32,21.33,21.29,21.31,58500,1246773.0
000029.SZ,2026-04-30 14:56:00,21.31,21.33,21.31,21.33,96800,2063592.0
000029.SZ,2026-04-30 14:57:00,21.32,21.33,21.3,21.31,77500,1651781.0
000029.SZ,2026-04-30 14:58:00,21.31,21.31,21.31,21.31,0,0.0
000029.SZ,2026-04-30 14:59:00,21.31,21.31,21.31,21.31,0,0.0
000029.SZ,2026-04-30 15:00:00,21.26,21.26,21.26,21.26,117600,2500176.0
