ts_code,trade_time,open,high,low,close,vol,amount
000630.SZ,2026-04-01 09:30:00,6.01,6.05,6.01,6.02,7278300,43771780.0
000630.SZ,2026-04-01 09:31:00,6.02,6.06,6.02,6.02,18165276,109622500.0
000630.SZ,2026-04-01 09:32:00,6.02,6.07,6.02,6.03,16874300,101902270.0
000630.SZ,2026-04-01 09:33:00,6.03,6.05,6.0,6.02,9321005,56191684.0
000630.SZ,2026-04-01 09:34:00,6.01,6.03,6.0,6.0,5884900,35387096.0
000630.SZ,2026-04-01 09:35:00,6.0,6.01,5.99,5.99,8426200,50575630.0
000630.SZ,2026-04-01 09:36:00,5.99,5.99,5.97,5.97,5474200,32758500.0
000630.SZ,2026-04-01 09:37:00,5.98,5.98,5.96,5.97,4211223,25161056.0
000630.SZ,2026-04-01 09:38:00,5.97,5.97,5.95,5.95,3582200,21348464.0
000630.SZ,2026-04-01 09:39:00,5.96,5.97,5.96,5.96,2780663,16577019.0
000630.SZ,2026-04-01 09:40:00,5.96,5.97,5.93,5.94,3684700,21936948.0
000630.SZ,2026-04-01 09:41:00,5.93,5.94,5.92,5.93,3291800,19526034.0
000630.SZ,2026-04-01 09:42:00,5.93,5.96,5.93,5.96,2913706,17338192.0
000630.SZ,2026-04-01 09:43:00,5.96,5.97,5.95,5.96,1745400,10406526.0
000630.SZ,2026-04-01 09:44:00,5.96,5.97,5.94,5.95,2793700,16628378.0
000630.SZ,2026-04-01 09:45:00,5.94,5.97,5.94,5.96,2090700,12456636.0
000630.SZ,2026-04-01 09:46:00,5.97,5.97,5.96,5.97,1021200,6090127.0
000630.SZ,2026-04-01 09:47:00,5.96,5.96,5.94,5.95,2140500,12742167.0
000630.SZ,2026-04-01 09:48:00,5.94,5.96,5.94,5.96,1135000,6754106.0
000630.SZ,2026-04-01 09:49:00,5.95,5.96,5.95,5.96,1084300,6453877.0
000630.SZ,2026-04-01 09:50:00,5.96,5.96,5.94,5.94,1104300,6570380.0
000630.SZ,2026-04-01 09:51:00,5.95,5.95,5.93,5.94,1829000,10863153.0
000630.SZ,2026-04-01 09:52:00,5.93,5.94,5.92,5.92,1806900,10713733.0
000630.SZ,2026-04-01 09:53:00,5.92,5.93,5.92,5.93,1190700,7050978.0
000630.SZ,2026-04-01 09:54:00,5.93,5.95,5.93,5.94,2414700,14335866.0
000630.SZ,2026-04-01 09:55:00,5.94,5.94,5.92,5.93,1503300,8914309.0
000630.SZ,2026-04-01 09:56:00,5.93,5.94,5.93,5.93,643500,3818736.0
000630.SZ,2026-04-01 09:57:00,5.93,5.94,5.93,5.94,597800,3546094.0
000630.SZ,2026-04-01 09:58:00,5.93,5.94,5.93,5.93,619800,3678956.0
000630.SZ,2026-04-01 09:59:00,5.93,5.94,5.93,5.93,1265100,7504965.0
000630.SZ,2026-04-01 10:00:00,5.93,5.93,5.91,5.91,2642800,15640714.0
000630.SZ,2026-04-01 10:01:00,5.91,5.92,5.91,5.91,895300,5293681.0
000630.SZ,2026-04-01 10:02:00,5.91,5.92,5.9,5.91,1409200,8326898.0
000630.SZ,2026-04-01 10:03:00,5.9,5.91,5.9,5.91,1108400,6542949.0
000630.SZ,2026-04-01 10:04:00,5.91,5.91,5.9,5.9,805100,4754822.0
000630.SZ,2026-04-01 10:05:00,5.9,5.91,5.9,5.9,484500,2861424.0
000630.SZ,2026-04-01 10:06:00,5.9,5.92,5.9,5.92,1892200,11188932.0
000630.SZ,2026-04-01 10:07:00,5.93,5.93,5.91,5.92,1913900,11326640.0
000630.SZ,2026-04-01 10:08:00,5.92,5.92,5.91,5.91,1860400,10995561.0
000630.SZ,2026-04-01 10:09:00,5.91,5.91,5.89,5.91,2884000,17018452.0
000630.SZ,2026-04-01 10:10:00,5.91,5.91,5.9,5.91,420500,2482142.0
000630.SZ,2026-04-01 10:11:00,5.9,5.92,5.9,5.91,843400,4986449.0
000630.SZ,2026-04-01 10:12:00,5.92,5.92,5.91,5.91,323200,1912553.0
000630.SZ,2026-04-01 10:13:00,5.92,5.92,5.91,5.92,477500,2826333.0
000630.SZ,2026-04-01 10:14:00,5.92,5.93,5.91,5.92,1336400,7912330.0
000630.SZ,2026-04-01 10:15:00,5.92,5.92,5.91,5.91,331200,1959348.0
000630.SZ,2026-04-01 10:16:00,5.92,5.92,5.91,5.91,236000,1396002.0
000630.SZ,2026-04-01 10:17:00,5.91,5.92,5.91,5.92,722800,4272945.0
000630.SZ,2026-04-01 10:18:00,5.92,5.92,5.91,5.91,203300,1202586.0
000630.SZ,2026-04-01 10:19:00,5.92,5.93,5.92,5.92,1354200,8020529.0
000630.SZ,2026-04-01 10:20:00,5.93,5.93,5.92,5.93,584300,3463845.0
000630.SZ,2026-04-01 10:21:00,5.93,5.93,5.92,5.93,319600,1893449.0
000630.SZ,2026-04-01 10:22:00,5.93,5.93,5.92,5.93,369500,2190259.0
000630.SZ,2026-04-01 10:23:00,5.93,5.93,5.92,5.92,1174500,6956553.0
000630.SZ,2026-04-01 10:24:00,5.93,5.93,5.92,5.93,560300,3321449.0
000630.SZ,2026-04-01 10:25:00,5.93,5.93,5.92,5.93,412700,2444995.0
000630.SZ,2026-04-01 10:26:00,5.93,5.93,5.91,5.92,985900,5837309.0
000630.SZ,2026-04-01 10:27:00,5.92,5.92,5.91,5.91,397300,2349994.0
000630.SZ,2026-04-01 10:28:00,5.92,5.92,5.91,5.92,243500,1440650.0
000630.SZ,2026-04-01 10:29:00,5.91,5.92,5.91,5.92,383600,2269471.0
000630.SZ,2026-04-01 10:30:00,5.92,5.92,5.91,5.92,678200,4013631.0
000630.SZ,2026-04-01 10:31:00,5.91,5.92,5.91,5.91,1291700,7637193.0
000630.SZ,2026-04-01 10:32:00,5.92,5.92,5.91,5.92,377900,2235534.0
000630.SZ,2026-04-01 10:33:00,5.92,5.92,5.91,5.92,160000,946348.0
000630.SZ,2026-04-01 10:34:00,5.91,5.94,5.91,5.94,1807400,10714143.0
000630.SZ,2026-04-01 10:35:00,5.93,5.95,5.93,5.95,1933300,11489466.0
000630.SZ,2026-04-01 10:36:00,5.95,5.95,5.94,5.95,454500,2703523.0
000630.SZ,2026-04-01 10:37:00,5.94,5.95,5.94,5.95,512800,3049953.0
000630.SZ,2026-04-01 10:38:00,5.94,5.95,5.94,5.94,596400,3547359.0
000630.SZ,2026-04-01 10:39:00,5.95,5.96,5.94,5.95,1491600,8876154.0
000630.SZ,2026-04-01 10:40:00,5.96,5.96,5.94,5.95,1006500,5988666.0
000630.SZ,2026-04-01 10:41:00,5.95,5.95,5.94,5.95,479200,2850556.0
000630.SZ,2026-04-01 10:42:00,5.94,5.96,5.94,5.95,724000,4309030.0
000630.SZ,2026-04-01 10:43:00,5.94,5.95,5.94,5.94,281300,1672926.0
000630.SZ,2026-04-01 10:44:00,5.95,5.95,5.94,5.95,246000,1463464.0
000630.SZ,2026-04-01 10:45:00,5.95,5.96,5.95,5.96,1094200,6512843.0
000630.SZ,2026-04-01 10:46:00,5.95,5.96,5.95,5.95,182600,1087261.0
000630.SZ,2026-04-01 10:47:00,5.96,5.96,5.94,5.94,823800,4901986.0
000630.SZ,2026-04-01 10:48:00,5.95,5.95,5.94,5.94,344000,2045923.0
000630.SZ,2026-04-01 10:49:00,5.94,5.95,5.94,5.94,356600,2118680.0
000630.SZ,2026-04-01 10:50:00,5.95,5.95,5.93,5.93,1159300,6886512.0
000630.SZ,2026-04-01 10:51:00,5.94,5.95,5.93,5.94,275700,1637514.0
000630.SZ,2026-04-01 10:52:00,5.94,5.95,5.94,5.94,142400,845962.0
000630.SZ,2026-04-01 10:53:00,5.94,5.96,5.94,5.95,1875900,11168467.0
000630.SZ,2026-04-01 10:54:00,5.95,5.96,5.95,5.96,422400,2514403.0
000630.SZ,2026-04-01 10:55:00,5.96,5.96,5.95,5.96,203800,1213853.0
000630.SZ,2026-04-01 10:56:00,5.96,5.96,5.95,5.96,288200,1716709.0
000630.SZ,2026-04-01 10:57:00,5.96,5.96,5.95,5.95,290300,1728070.0
000630.SZ,2026-04-01 10:58:00,5.95,5.96,5.95,5.96,196800,1171789.0
000630.SZ,2026-04-01 10:59:00,5.95,5.96,5.95,5.95,443400,2639790.0
000630.SZ,2026-04-01 11:00:00,5.95,5.96,5.94,5.95,575400,3423063.0
000630.SZ,2026-04-01 11:01:00,5.95,5.95,5.94,5.95,201100,1196050.0
000630.SZ,2026-04-01 11:02:00,5.94,5.95,5.94,5.94,138600,823807.0
000630.SZ,2026-04-01 11:03:00,5.94,5.95,5.94,5.95,159800,950106.0
000630.SZ,2026-04-01 11:04:00,5.95,5.95,5.94,5.95,407700,2424436.0
000630.SZ,2026-04-01 11:05:00,5.94,5.95,5.94,5.94,1005000,5970619.0
000630.SZ,2026-04-01 11:06:00,5.94,5.94,5.93,5.93,258300,1532813.0
000630.SZ,2026-04-01 11:07:00,5.93,5.94,5.93,5.93,155200,920995.0
000630.SZ,2026-04-01 11:08:00,5.93,5.94,5.93,5.94,133400,791491.0
000630.SZ,2026-04-01 11:09:00,5.94,5.94,5.93,5.94,470300,2789334.0
000630.SZ,2026-04-01 11:10:00,5.94,5.94,5.93,5.94,179100,1063195.0
000630.SZ,2026-04-01 11:11:00,5.94,5.95,5.94,5.94,438300,2603515.0
000630.SZ,2026-04-01 11:12:00,5.94,5.95,5.93,5.94,405300,2407567.0
000630.SZ,2026-04-01 11:13:00,5.94,5.94,5.93,5.94,298400,1772453.0
000630.SZ,2026-04-01 11:14:00,5.95,5.95,5.94,5.95,255400,1517589.0
000630.SZ,2026-04-01 11:15:00,5.95,5.95,5.94,5.94,164300,976924.0
000630.SZ,2026-04-01 11:16:00,5.94,5.95,5.94,5.94,122900,730602.0
000630.SZ,2026-04-01 11:17:00,5.95,5.95,5.94,5.94,225200,1339227.0
000630.SZ,2026-04-01 11:18:00,5.94,5.96,5.94,5.95,2975400,17718540.0
000630.SZ,2026-04-01 11:19:00,5.95,5.96,5.95,5.96,116400,693364.0
000630.SZ,2026-04-01 11:20:00,5.95,5.96,5.95,5.96,890200,5304831.0
000630.SZ,2026-04-01 11:21:00,5.96,5.96,5.95,5.95,241200,1436716.0
000630.SZ,2026-04-01 11:22:00,5.95,5.95,5.94,5.95,618300,3678196.0
000630.SZ,2026-04-01 11:23:00,5.95,5.95,5.94,5.94,120200,714676.0
000630.SZ,2026-04-01 11:24:00,5.94,5.95,5.94,5.94,266500,1584895.0
000630.SZ,2026-04-01 11:25:00,5.95,5.95,5.94,5.95,102400,608697.0
000630.SZ,2026-04-01 11:26:00,5.94,5.95,5.93,5.93,874200,5192256.0
000630.SZ,2026-04-01 11:27:00,5.93,5.94,5.93,5.93,122300,725805.0
000630.SZ,2026-04-01 11:28:00,5.93,5.94,5.93,5.93,526800,3128159.0
000630.SZ,2026-04-01 11:29:00,5.94,5.94,5.93,5.94,872100,5179332.0
000630.SZ,2026-04-01 11:30:00,5.93,5.94,5.93,5.93,304000,1803576.0
000630.SZ,2026-04-01 13:01:00,5.94,5.94,5.92,5.92,1484900,8807617.0
000630.SZ,2026-04-01 13:02:00,5.93,5.93,5.92,5.92,280500,1662437.0
000630.SZ,2026-04-01 13:03:00,5.93,5.93,5.92,5.93,129500,767199.0
000630.SZ,2026-04-01 13:04:00,5.92,5.94,5.92,5.93,344700,2044463.0
000630.SZ,2026-04-01 13:05:00,5.93,5.94,5.93,5.94,152100,902749.0
000630.SZ,2026-04-01 13:06:00,5.93,5.94,5.93,5.94,292300,1733910.0
000630.SZ,2026-04-01 13:07:00,5.94,5.94,5.93,5.94,108400,643447.0
000630.SZ,2026-04-01 13:08:00,5.93,5.94,5.93,5.93,132300,785430.0
000630.SZ,2026-04-01 13:09:00,5.94,5.95,5.93,5.94,1033000,6135979.0
000630.SZ,2026-04-01 13:10:00,5.95,5.95,5.94,5.95,101200,601988.0
000630.SZ,2026-04-01 13:11:00,5.95,5.95,5.94,5.94,195500,1162970.0
000630.SZ,2026-04-01 13:12:00,5.95,5.95,5.94,5.95,144100,856632.0
000630.SZ,2026-04-01 13:13:00,5.95,5.95,5.94,5.95,1231900,7329414.0
000630.SZ,2026-04-01 13:14:00,5.96,5.96,5.95,5.95,780200,4649030.0
000630.SZ,2026-04-01 13:15:00,5.95,5.96,5.95,5.96,410800,2447478.0
000630.SZ,2026-04-01 13:16:00,5.95,5.96,5.95,5.95,788100,4689925.0
000630.SZ,2026-04-01 13:17:00,5.95,5.96,5.95,5.96,543500,3238481.0
000630.SZ,2026-04-01 13:18:00,5.96,5.96,5.95,5.95,344300,2051088.0
000630.SZ,2026-04-01 13:19:00,5.96,5.96,5.95,5.95,475700,2834014.0
000630.SZ,2026-04-01 13:20:00,5.96,5.96,5.95,5.95,315200,1876982.0
000630.SZ,2026-04-01 13:21:00,5.96,5.96,5.95,5.96,308100,1834967.0
000630.SZ,2026-04-01 13:22:00,5.96,5.96,5.95,5.96,176200,1049387.0
000630.SZ,2026-04-01 13:23:00,5.96,5.96,5.95,5.96,445800,2656496.0
000630.SZ,2026-04-01 13:24:00,5.96,5.97,5.95,5.96,2199900,13113011.0
000630.SZ,2026-04-01 13:25:00,5.97,5.98,5.96,5.98,2176000,12990117.0
000630.SZ,2026-04-01 13:26:00,5.97,5.98,5.97,5.98,543200,3246907.0
000630.SZ,2026-04-01 13:27:00,5.98,5.98,5.97,5.98,522900,3125471.0
000630.SZ,2026-04-01 13:28:00,5.99,5.99,5.98,5.99,2566800,15356623.0
000630.SZ,2026-04-01 13:29:00,5.99,5.99,5.98,5.99,2454600,14703479.0
000630.SZ,2026-04-01 13:30:00,5.99,6.0,5.99,6.0,1376400,8249156.0
000630.SZ,2026-04-01 13:31:00,6.0,6.0,5.99,6.0,1015600,6090586.0
000630.SZ,2026-04-01 13:32:00,6.0,6.0,5.99,5.99,647000,3877426.0
000630.SZ,2026-04-01 13:33:00,5.99,5.99,5.99,5.99,979900,5872213.0
000630.SZ,2026-04-01 13:34:00,5.99,6.0,5.98,5.98,728900,4366339.0
000630.SZ,2026-04-01 13:35:00,5.99,5.99,5.98,5.98,1005300,6019362.0
000630.SZ,2026-04-01 13:36:00,5.98,5.99,5.98,5.98,447600,2678351.0
000630.SZ,2026-04-01 13:37:00,5.98,5.98,5.97,5.97,1063100,6356071.0
000630.SZ,2026-04-01 13:38:00,5.97,5.98,5.97,5.98,609400,3640550.0
000630.SZ,2026-04-01 13:39:00,5.98,5.99,5.98,5.99,1890800,11313492.0
000630.SZ,2026-04-01 13:40:00,5.99,5.99,5.98,5.98,969900,5808673.0
000630.SZ,2026-04-01 13:41:00,5.98,5.99,5.98,5.98,450300,2695982.0
000630.SZ,2026-04-01 13:42:00,5.99,5.99,5.98,5.99,363700,2176596.0
000630.SZ,2026-04-01 13:43:00,5.98,5.99,5.98,5.98,459400,2749356.0
000630.SZ,2026-04-01 13:44:00,5.98,5.99,5.98,5.99,610100,3652382.0
000630.SZ,2026-04-01 13:45:00,5.98,5.99,5.98,5.99,491300,2940600.0
000630.SZ,2026-04-01 13:46:00,5.99,5.99,5.98,5.98,428800,2565606.0
000630.SZ,2026-04-01 13:47:00,5.98,5.99,5.97,5.97,1709900,10224930.0
000630.SZ,2026-04-01 13:48:00,5.98,5.98,5.97,5.97,375500,2242418.0
000630.SZ,2026-04-01 13:49:00,5.97,5.98,5.96,5.96,421700,2516207.0
000630.SZ,2026-04-01 13:50:00,5.96,5.97,5.96,5.96,477500,2847466.0
000630.SZ,2026-04-01 13:51:00,5.96,5.97,5.96,5.96,579100,3452592.0
000630.SZ,2026-04-01 13:52:00,5.96,5.97,5.96,5.96,303700,1811065.0
000630.SZ,2026-04-01 13:53:00,5.96,5.97,5.96,5.97,197000,1174957.0
000630.SZ,2026-04-01 13:54:00,5.96,5.97,5.96,5.96,203500,1213703.0
000630.SZ,2026-04-01 13:55:00,5.97,5.97,5.96,5.97,275396,1643185.1
000630.SZ,2026-04-01 13:56:00,5.96,5.97,5.96,5.97,320400,1910463.0
000630.SZ,2026-04-01 13:57:00,5.97,5.97,5.95,5.96,2342504,13952516.0
000630.SZ,2026-04-01 13:58:00,5.95,5.96,5.94,5.95,1000600,5951514.0
000630.SZ,2026-04-01 13:59:00,5.94,5.95,5.94,5.94,259200,1540979.0
000630.SZ,2026-04-01 14:00:00,5.95,5.95,5.94,5.94,304400,1809253.0
000630.SZ,2026-04-01 14:01:00,5.94,5.95,5.94,5.94,241900,1437830.0
000630.SZ,2026-04-01 14:02:00,5.94,5.95,5.94,5.95,370900,2206075.0
000630.SZ,2026-04-01 14:03:00,5.94,5.95,5.94,5.95,889700,5292599.0
000630.SZ,2026-04-01 14:04:00,5.96,5.96,5.95,5.96,166300,990722.0
000630.SZ,2026-04-01 14:05:00,5.96,5.96,5.95,5.96,350600,2088529.0
000630.SZ,2026-04-01 14:06:00,5.96,5.96,5.95,5.96,1146900,6835110.0
000630.SZ,2026-04-01 14:07:00,5.96,5.96,5.95,5.96,496800,2960025.0
000630.SZ,2026-04-01 14:08:00,5.97,5.97,5.95,5.96,364500,2172893.0
000630.SZ,2026-04-01 14:09:00,5.95,5.96,5.95,5.95,162800,969742.0
000630.SZ,2026-04-01 14:10:00,5.96,5.96,5.95,5.96,201300,1198522.0
000630.SZ,2026-04-01 14:11:00,5.95,5.96,5.95,5.96,464900,2770139.0
000630.SZ,2026-04-01 14:12:00,5.96,5.96,5.95,5.95,340000,2025502.0
000630.SZ,2026-04-01 14:13:00,5.96,5.97,5.95,5.96,321900,1918147.0
000630.SZ,2026-04-01 14:14:00,5.96,5.96,5.95,5.96,134700,802541.0
000630.SZ,2026-04-01 14:15:00,5.96,5.96,5.95,5.96,212800,1267764.0
000630.SZ,2026-04-01 14:16:00,5.96,5.96,5.95,5.95,270500,1611377.0
000630.SZ,2026-04-01 14:17:00,5.96,5.96,5.95,5.96,186800,1112731.0
000630.SZ,2026-04-01 14:18:00,5.96,5.96,5.95,5.96,295500,1760874.0
000630.SZ,2026-04-01 14:19:00,5.95,5.96,5.95,5.96,285300,1699702.0
000630.SZ,2026-04-01 14:20:00,5.95,5.96,5.95,5.96,172100,1024950.0
000630.SZ,2026-04-01 14:21:00,5.95,5.96,5.95,5.96,155400,925492.0
000630.SZ,2026-04-01 14:22:00,5.96,5.96,5.95,5.96,246200,1466853.0
000630.SZ,2026-04-01 14:23:00,5.96,5.96,5.95,5.96,225600,1344211.0
000630.SZ,2026-04-01 14:24:00,5.96,5.96,5.95,5.96,250300,1491304.0
000630.SZ,2026-04-01 14:25:00,5.95,5.96,5.95,5.96,261100,1555580.0
000630.SZ,2026-04-01 14:26:00,5.95,5.96,5.95,5.96,835000,4976314.0
000630.SZ,2026-04-01 14:27:00,5.96,5.97,5.95,5.96,394300,2349296.0
000630.SZ,2026-04-01 14:28:00,5.96,5.96,5.95,5.95,545600,3251309.0
000630.SZ,2026-04-01 14:29:00,5.96,5.96,5.95,5.96,218300,1300210.0
000630.SZ,2026-04-01 14:30:00,5.96,5.96,5.95,5.95,327900,1953106.0
000630.SZ,2026-04-01 14:31:00,5.95,5.96,5.95,5.95,295900,1762672.0
000630.SZ,2026-04-01 14:32:00,5.95,5.96,5.95,5.96,456900,2722474.0
000630.SZ,2026-04-01 14:33:00,5.96,5.96,5.95,5.95,332300,1978902.0
000630.SZ,2026-04-01 14:34:00,5.95,5.96,5.95,5.95,189400,1128164.0
000630.SZ,2026-04-01 14:35:00,5.95,5.96,5.95,5.96,276000,1643967.0
000630.SZ,2026-04-01 14:36:00,5.95,5.96,5.95,5.96,893300,5323128.0
000630.SZ,2026-04-01 14:37:00,5.95,5.96,5.95,5.95,405000,2412636.0
000630.SZ,2026-04-01 14:38:00,5.95,5.96,5.95,5.96,891000,5309638.0
000630.SZ,2026-04-01 14:39:00,5.95,5.96,5.95,5.96,536800,3198874.0
000630.SZ,2026-04-01 14:40:00,5.95,5.96,5.95,5.96,505800,3013460.0
000630.SZ,2026-04-01 14:41:00,5.96,5.96,5.95,5.95,732200,4362234.0
000630.SZ,2026-04-01 14:42:00,5.96,5.96,5.95,5.96,656600,3912819.0
000630.SZ,2026-04-01 14:43:00,5.96,5.96,5.95,5.96,789900,4706235.0
000630.SZ,2026-04-01 14:44:00,5.96,5.97,5.95,5.97,639000,3808248.0
000630.SZ,2026-04-01 14:45:00,5.97,5.97,5.96,5.97,444000,2648317.0
000630.SZ,2026-04-01 14:46:00,5.97,5.97,5.96,5.97,908400,5421279.0
000630.SZ,2026-04-01 14:47:00,5.97,5.97,5.96,5.96,884600,5279421.0
000630.SZ,2026-04-01 14:48:00,5.96,5.97,5.96,5.97,748500,4466102.0
000630.SZ,2026-04-01 14:49:00,5.97,5.97,5.96,5.97,973000,5807319.0
000630.SZ,2026-04-01 14:50:00,5.97,5.97,5.96,5.96,740100,4416811.0
000630.SZ,2026-04-01 14:51:00,5.97,5.97,5.96,5.96,954800,5697022.0
000630.SZ,2026-04-01 14:52:00,5.97,5.97,5.96,5.96,1359700,8115231.0
000630.SZ,2026-04-01 14:53:00,5.96,5.98,5.96,5.98,1440000,8598454.0
000630.SZ,2026-04-01 14:54:00,5.98,5.98,5.97,5.98,1313400,7850530.0
000630.SZ,2026-04-01 14:55:00,5.98,5.98,5.97,5.98,1598100,9551718.0
000630.SZ,2026-04-01 14:56:00,5.98,5.98,5.97,5.97,2182400,13045565.0
000630.SZ,2026-04-01 14:57:00,5.97,5.98,5.97,5.98,2018100,12062816.0
000630.SZ,2026-04-01 14:58:00,5.98,5.98,5.98,5.98,0,0.0
000630.SZ,2026-04-01 14:59:00,5.98,5.98,5.98,5.98,0,0.0
000630.SZ,2026-04-01 15:00:00,5.98,5.98,5.98,5.98,2693900,16109522.0
000630.SZ,2026-04-02 09:30:00,5.97,5.97,5.95,5.95,2375300,14176031.0
000630.SZ,2026-04-02 09:31:00,5.94,5.94,5.88,5.89,7886777,46595900.0
000630.SZ,2026-04-02 09:32:00,5.89,5.91,5.87,5.9,6007629,35384668.0
000630.SZ,2026-04-02 09:33:00,5.9,5.91,5.89,5.89,3212800,18971588.0
000630.SZ,2026-04-02 09:34:00,5.89,5.91,5.89,5.9,2228300,13147347.0
000630.SZ,2026-04-02 09:35:00,5.9,5.91,5.89,5.91,2090500,12327761.0
000630.SZ,2026-04-02 09:36:00,5.9,5.91,5.9,5.91,1186171,7000972.0
000630.SZ,2026-04-02 09:37:00,5.91,5.93,5.91,5.93,2088700,12358430.0
000630.SZ,2026-04-02 09:38:00,5.92,5.94,5.92,5.93,1165600,6909960.0
000630.SZ,2026-04-02 09:39:00,5.93,5.93,5.92,5.93,1381600,8191058.0
000630.SZ,2026-04-02 09:40:00,5.92,5.94,5.92,5.94,1809000,10732096.0
000630.SZ,2026-04-02 09:41:00,5.94,5.96,5.94,5.96,1694600,10080463.0
000630.SZ,2026-04-02 09:42:00,5.96,5.96,5.95,5.96,870200,5181058.0
000630.SZ,2026-04-02 09:43:00,5.96,5.96,5.93,5.94,2071700,12321335.0
000630.SZ,2026-04-02 09:44:00,5.93,5.93,5.92,5.93,1275500,7563030.0
000630.SZ,2026-04-02 09:45:00,5.92,5.92,5.91,5.91,1603700,9490544.0
000630.SZ,2026-04-02 09:46:00,5.92,5.93,5.91,5.93,1085600,6425412.0
000630.SZ,2026-04-02 09:47:00,5.93,5.94,5.91,5.93,1090000,6458254.0
000630.SZ,2026-04-02 09:48:00,5.93,5.93,5.91,5.91,1684400,9976166.0
000630.SZ,2026-04-02 09:49:00,5.91,5.92,5.91,5.92,776700,4592419.0
000630.SZ,2026-04-02 09:50:00,5.92,5.93,5.91,5.92,1084700,6421929.0
000630.SZ,2026-04-02 09:51:00,5.92,5.92,5.91,5.92,1864200,11027906.0
000630.SZ,2026-04-02 09:52:00,5.92,5.93,5.92,5.92,529783,3137234.2
000630.SZ,2026-04-02 09:53:00,5.92,5.93,5.92,5.93,523000,3097839.0
000630.SZ,2026-04-02 09:54:00,5.93,5.94,5.92,5.94,1371500,8131467.0
000630.SZ,2026-04-02 09:55:00,5.94,5.95,5.93,5.94,932500,5538251.0
000630.SZ,2026-04-02 09:56:00,5.94,5.95,5.94,5.94,681000,4046268.0
000630.SZ,2026-04-02 09:57:00,5.95,5.95,5.94,5.95,559800,3327799.0
000630.SZ,2026-04-02 09:58:00,5.94,5.95,5.94,5.95,359900,2139277.0
000630.SZ,2026-04-02 09:59:00,5.94,5.95,5.94,5.94,704200,4183714.0
000630.SZ,2026-04-02 10:00:00,5.94,5.95,5.94,5.94,401300,2385125.0
000630.SZ,2026-04-02 10:01:00,5.94,5.95,5.94,5.95,985400,5854491.0
000630.SZ,2026-04-02 10:02:00,5.94,5.95,5.94,5.95,606000,3600284.0
000630.SZ,2026-04-02 10:03:00,5.95,5.95,5.93,5.93,660800,3925253.0
000630.SZ,2026-04-02 10:04:00,5.93,5.95,5.93,5.94,903700,5367651.0
000630.SZ,2026-04-02 10:05:00,5.94,5.94,5.93,5.93,542500,3217788.0
000630.SZ,2026-04-02 10:06:00,5.93,5.95,5.93,5.95,1086800,6453814.0
000630.SZ,2026-04-02 10:07:00,5.95,5.95,5.92,5.94,1344500,7974645.0
000630.SZ,2026-04-02 10:08:00,5.93,5.95,5.93,5.95,943879,5604603.5
000630.SZ,2026-04-02 10:09:00,5.94,5.95,5.93,5.93,362100,2150571.2
000630.SZ,2026-04-02 10:10:00,5.93,5.94,5.93,5.94,402700,2389444.0
000630.SZ,2026-04-02 10:11:00,5.94,5.94,5.93,5.93,545900,3240893.0
000630.SZ,2026-04-02 10:12:00,5.93,5.94,5.93,5.93,1176100,6975663.0
000630.SZ,2026-04-02 10:13:00,5.93,5.93,5.92,5.92,353800,2095523.0
000630.SZ,2026-04-02 10:14:00,5.92,5.93,5.91,5.92,2403100,14216205.0
000630.SZ,2026-04-02 10:15:00,5.91,5.92,5.91,5.92,410500,2427056.0
000630.SZ,2026-04-02 10:16:00,5.91,5.92,5.91,5.92,424000,2506388.0
000630.SZ,2026-04-02 10:17:00,5.92,5.92,5.91,5.91,799300,4729892.0
000630.SZ,2026-04-02 10:18:00,5.91,5.92,5.91,5.92,473500,2799454.0
000630.SZ,2026-04-02 10:19:00,5.91,5.92,5.91,5.92,668100,3948862.0
000630.SZ,2026-04-02 10:20:00,5.91,5.92,5.9,5.91,1057400,6249392.0
000630.SZ,2026-04-02 10:21:00,5.91,5.92,5.91,5.92,374300,2212643.0
000630.SZ,2026-04-02 10:22:00,5.92,5.92,5.9,5.91,828100,4892454.0
000630.SZ,2026-04-02 10:23:00,5.9,5.91,5.9,5.9,440000,2598332.0
000630.SZ,2026-04-02 10:24:00,5.9,5.91,5.9,5.91,273800,1615926.0
000630.SZ,2026-04-02 10:25:00,5.9,5.91,5.9,5.9,783100,4620780.0
000630.SZ,2026-04-02 10:26:00,5.91,5.91,5.9,5.9,621500,3668109.0
000630.SZ,2026-04-02 10:27:00,5.91,5.91,5.9,5.91,313000,1847453.0
000630.SZ,2026-04-02 10:28:00,5.9,5.91,5.9,5.9,341400,2014828.0
000630.SZ,2026-04-02 10:29:00,5.9,5.91,5.9,5.91,718100,4237735.0
000630.SZ,2026-04-02 10:30:00,5.91,5.91,5.9,5.91,484700,2861384.0
000630.SZ,2026-04-02 10:31:00,5.9,5.9,5.89,5.9,2611696,15400376.0
000630.SZ,2026-04-02 10:32:00,5.89,5.9,5.89,5.9,1476000,8694098.0
000630.SZ,2026-04-02 10:33:00,5.89,5.9,5.89,5.9,575200,3392120.0
000630.SZ,2026-04-02 10:34:00,5.89,5.9,5.89,5.9,281000,1656574.0
000630.SZ,2026-04-02 10:35:00,5.89,5.9,5.88,5.89,2093600,12328755.0
000630.SZ,2026-04-02 10:36:00,5.88,5.89,5.88,5.88,972700,5722114.0
000630.SZ,2026-04-02 10:37:00,5.89,5.89,5.87,5.88,2607600,15328605.0
000630.SZ,2026-04-02 10:38:00,5.87,5.88,5.87,5.87,800300,4701651.0
000630.SZ,2026-04-02 10:39:00,5.87,5.88,5.87,5.87,763300,4484439.0
000630.SZ,2026-04-02 10:40:00,5.88,5.89,5.88,5.89,924200,5435125.0
000630.SZ,2026-04-02 10:41:00,5.89,5.89,5.88,5.88,304400,1791516.0
000630.SZ,2026-04-02 10:42:00,5.89,5.9,5.88,5.9,1033000,6085084.0
000630.SZ,2026-04-02 10:43:00,5.9,5.9,5.89,5.9,552800,3257010.0
000630.SZ,2026-04-02 10:44:00,5.9,5.9,5.89,5.89,641600,3780154.0
000630.SZ,2026-04-02 10:45:00,5.89,5.89,5.88,5.88,179200,1054861.0
000630.SZ,2026-04-02 10:46:00,5.88,5.9,5.88,5.89,508836,2996464.8
000630.SZ,2026-04-02 10:47:00,5.89,5.89,5.88,5.89,333400,1962070.0
000630.SZ,2026-04-02 10:48:00,5.89,5.89,5.88,5.89,323264,1903454.4
000630.SZ,2026-04-02 10:49:00,5.89,5.9,5.89,5.9,172600,1016816.0
000630.SZ,2026-04-02 10:50:00,5.89,5.9,5.88,5.88,333300,1963837.0
000630.SZ,2026-04-02 10:51:00,5.88,5.9,5.88,5.89,262700,1548155.0
000630.SZ,2026-04-02 10:52:00,5.89,5.9,5.89,5.9,779900,4595909.0
000630.SZ,2026-04-02 10:53:00,5.9,5.9,5.89,5.89,233300,1375103.0
000630.SZ,2026-04-02 10:54:00,5.9,5.9,5.89,5.9,1717100,10129013.0
000630.SZ,2026-04-02 10:55:00,5.9,5.91,5.9,5.9,143800,849173.0
000630.SZ,2026-04-02 10:56:00,5.9,5.91,5.9,5.91,806500,4765384.0
000630.SZ,2026-04-02 10:57:00,5.92,5.92,5.91,5.92,239900,1418081.0
000630.SZ,2026-04-02 10:58:00,5.92,5.92,5.91,5.92,129500,765661.0
000630.SZ,2026-04-02 10:59:00,5.91,5.92,5.91,5.91,106700,630824.0
000630.SZ,2026-04-02 11:00:00,5.91,5.92,5.9,5.91,635200,3752349.0
000630.SZ,2026-04-02 11:01:00,5.9,5.91,5.9,5.9,710600,4192604.0
000630.SZ,2026-04-02 11:02:00,5.9,5.91,5.89,5.9,401800,2370899.0
000630.SZ,2026-04-02 11:03:00,5.9,5.9,5.89,5.9,222500,1312348.0
000630.SZ,2026-04-02 11:04:00,5.89,5.9,5.89,5.9,97000,571628.0
000630.SZ,2026-04-02 11:05:00,5.89,5.9,5.89,5.9,63900,376546.0
000630.SZ,2026-04-02 11:06:00,5.89,5.9,5.89,5.89,113600,669461.0
000630.SZ,2026-04-02 11:07:00,5.89,5.89,5.88,5.88,1467600,8643671.0
000630.SZ,2026-04-02 11:08:00,5.88,5.89,5.88,5.88,554700,3262129.0
000630.SZ,2026-04-02 11:09:00,5.88,5.89,5.88,5.89,169400,996477.0
000630.SZ,2026-04-02 11:10:00,5.88,5.89,5.88,5.89,366900,2157598.0
000630.SZ,2026-04-02 11:11:00,5.89,5.89,5.88,5.88,253100,1489166.0
000630.SZ,2026-04-02 11:12:00,5.89,5.89,5.88,5.88,186300,1096869.0
000630.SZ,2026-04-02 11:13:00,5.88,5.89,5.88,5.89,281500,1656184.0
000630.SZ,2026-04-02 11:14:00,5.89,5.89,5.88,5.89,101100,594815.0
000630.SZ,2026-04-02 11:15:00,5.88,5.89,5.88,5.89,162100,953455.0
000630.SZ,2026-04-02 11:16:00,5.88,5.89,5.88,5.89,318100,1872712.0
000630.SZ,2026-04-02 11:17:00,5.88,5.89,5.88,5.89,144700,851853.0
000630.SZ,2026-04-02 11:18:00,5.88,5.89,5.88,5.88,175000,1030281.0
000630.SZ,2026-04-02 11:19:00,5.88,5.89,5.88,5.89,122700,721839.0
000630.SZ,2026-04-02 11:20:00,5.89,5.89,5.88,5.88,118800,698924.0
000630.SZ,2026-04-02 11:21:00,5.89,5.89,5.88,5.89,93100,547781.0
000630.SZ,2026-04-02 11:22:00,5.89,5.89,5.88,5.88,240600,1416277.0
000630.SZ,2026-04-02 11:23:00,5.89,5.89,5.88,5.88,90600,533388.0
000630.SZ,2026-04-02 11:24:00,5.88,5.89,5.88,5.89,176800,1040258.0
000630.SZ,2026-04-02 11:25:00,5.88,5.89,5.88,5.88,404400,2381438.0
000630.SZ,2026-04-02 11:26:00,5.89,5.89,5.88,5.89,145500,856533.0
000630.SZ,2026-04-02 11:27:00,5.88,5.89,5.88,5.89,298700,1757219.0
000630.SZ,2026-04-02 11:28:00,5.88,5.88,5.87,5.87,1729800,10169096.0
000630.SZ,2026-04-02 11:29:00,5.87,5.88,5.87,5.88,104100,611748.0
000630.SZ,2026-04-02 11:30:00,5.88,5.88,5.87,5.88,244440,1436212.8
000630.SZ,2026-04-02 13:01:00,5.88,5.88,5.86,5.86,2535360,14881304.0
000630.SZ,2026-04-02 13:02:00,5.87,5.87,5.86,5.86,343600,2014159.0
000630.SZ,2026-04-02 13:03:00,5.87,5.87,5.86,5.86,524000,3071183.0
000630.SZ,2026-04-02 13:04:00,5.86,5.87,5.86,5.86,132400,776241.0
000630.SZ,2026-04-02 13:05:00,5.87,5.87,5.86,5.86,236800,1388825.0
000630.SZ,2026-04-02 13:06:00,5.87,5.87,5.85,5.85,3459100,20246408.0
000630.SZ,2026-04-02 13:07:00,5.85,5.86,5.85,5.86,1113700,6515933.0
000630.SZ,2026-04-02 13:08:00,5.85,5.86,5.84,5.85,956600,5595419.0
000630.SZ,2026-04-02 13:09:00,5.84,5.85,5.84,5.85,698700,4081040.0
000630.SZ,2026-04-02 13:10:00,5.84,5.85,5.84,5.84,331200,1934861.0
000630.SZ,2026-04-02 13:11:00,5.84,5.85,5.83,5.84,776800,4536363.0
000630.SZ,2026-04-02 13:12:00,5.83,5.85,5.83,5.84,642600,3751305.0
000630.SZ,2026-04-02 13:13:00,5.85,5.85,5.84,5.85,394500,2304618.0
000630.SZ,2026-04-02 13:14:00,5.85,5.85,5.84,5.84,400300,2338981.0
000630.SZ,2026-04-02 13:15:00,5.84,5.85,5.83,5.84,547600,3198200.0
000630.SZ,2026-04-02 13:16:00,5.84,5.85,5.83,5.83,396600,2316218.0
000630.SZ,2026-04-02 13:17:00,5.84,5.84,5.83,5.84,329600,1922316.0
000630.SZ,2026-04-02 13:18:00,5.84,5.84,5.83,5.83,283900,1656326.0
000630.SZ,2026-04-02 13:19:00,5.83,5.84,5.83,5.83,300400,1752349.0
000630.SZ,2026-04-02 13:20:00,5.84,5.84,5.81,5.82,3416800,19902110.0
000630.SZ,2026-04-02 13:21:00,5.82,5.82,5.8,5.81,6400800,37147210.0
000630.SZ,2026-04-02 13:22:00,5.81,5.81,5.8,5.81,1084300,6294748.0
000630.SZ,2026-04-02 13:23:00,5.81,5.83,5.81,5.82,1303900,7587686.0
000630.SZ,2026-04-02 13:24:00,5.82,5.82,5.81,5.81,338700,1969978.0
000630.SZ,2026-04-02 13:25:00,5.82,5.82,5.81,5.81,365200,2124202.0
000630.SZ,2026-04-02 13:26:00,5.82,5.82,5.81,5.82,475100,2763376.0
000630.SZ,2026-04-02 13:27:00,5.83,5.83,5.82,5.83,446200,2598802.0
000630.SZ,2026-04-02 13:28:00,5.83,5.84,5.82,5.84,474600,2767455.0
000630.SZ,2026-04-02 13:29:00,5.84,5.84,5.83,5.83,1163000,6777963.0
000630.SZ,2026-04-02 13:30:00,5.83,5.83,5.82,5.83,227700,1326164.0
000630.SZ,2026-04-02 13:31:00,5.82,5.83,5.82,5.82,547400,3186768.0
000630.SZ,2026-04-02 13:32:00,5.82,5.83,5.82,5.82,180900,1053126.0
000630.SZ,2026-04-02 13:33:00,5.82,5.84,5.82,5.84,746400,4351135.0
000630.SZ,2026-04-02 13:34:00,5.83,5.83,5.82,5.83,461900,2691710.0
000630.SZ,2026-04-02 13:35:00,5.83,5.83,5.81,5.82,904400,5261590.0
000630.SZ,2026-04-02 13:36:00,5.82,5.82,5.81,5.81,485400,2821367.0
000630.SZ,2026-04-02 13:37:00,5.81,5.81,5.8,5.8,1506300,8748271.0
000630.SZ,2026-04-02 13:38:00,5.81,5.81,5.8,5.8,486600,2823776.0
000630.SZ,2026-04-02 13:39:00,5.8,5.81,5.8,5.81,557800,3236592.0
000630.SZ,2026-04-02 13:40:00,5.8,5.81,5.8,5.81,271200,1574157.0
000630.SZ,2026-04-02 13:41:00,5.81,5.81,5.8,5.81,595200,3456833.0
000630.SZ,2026-04-02 13:42:00,5.8,5.82,5.8,5.82,337500,1961395.0
000630.SZ,2026-04-02 13:43:00,5.82,5.82,5.81,5.81,180200,1047755.0
000630.SZ,2026-04-02 13:44:00,5.81,5.82,5.81,5.82,270100,1570887.0
000630.SZ,2026-04-02 13:45:00,5.82,5.82,5.81,5.81,163700,951653.0
000630.SZ,2026-04-02 13:46:00,5.82,5.82,5.81,5.82,272800,1586675.0
000630.SZ,2026-04-02 13:47:00,5.82,5.82,5.81,5.81,244500,1421698.0
000630.SZ,2026-04-02 13:48:00,5.81,5.82,5.81,5.81,237200,1378717.0
000630.SZ,2026-04-02 13:49:00,5.81,5.82,5.81,5.82,246000,1430101.0
000630.SZ,2026-04-02 13:50:00,5.81,5.82,5.8,5.8,1427400,8292710.0
000630.SZ,2026-04-02 13:51:00,5.81,5.81,5.8,5.81,351200,2038533.0
000630.SZ,2026-04-02 13:52:00,5.8,5.81,5.8,5.81,1123300,6520859.0
000630.SZ,2026-04-02 13:53:00,5.8,5.81,5.8,5.81,370700,2151164.0
000630.SZ,2026-04-02 13:54:00,5.81,5.81,5.79,5.79,2828200,16402520.0
000630.SZ,2026-04-02 13:55:00,5.8,5.8,5.79,5.8,1000500,5794037.0
000630.SZ,2026-04-02 13:56:00,5.8,5.8,5.79,5.79,563900,3265897.0
000630.SZ,2026-04-02 13:57:00,5.8,5.8,5.79,5.8,265700,1539941.0
000630.SZ,2026-04-02 13:58:00,5.8,5.8,5.79,5.8,246100,1426030.0
000630.SZ,2026-04-02 13:59:00,5.8,5.8,5.79,5.8,320200,1855454.0
000630.SZ,2026-04-02 14:00:00,5.8,5.8,5.79,5.8,544500,3154257.0
000630.SZ,2026-04-02 14:01:00,5.79,5.8,5.78,5.79,1249400,7233162.0
000630.SZ,2026-04-02 14:02:00,5.79,5.79,5.78,5.79,345000,1995679.0
000630.SZ,2026-04-02 14:03:00,5.79,5.79,5.78,5.79,511600,2959923.0
000630.SZ,2026-04-02 14:04:00,5.79,5.79,5.78,5.79,259600,1502106.0
000630.SZ,2026-04-02 14:05:00,5.79,5.8,5.78,5.79,899000,5204143.0
000630.SZ,2026-04-02 14:06:00,5.8,5.8,5.79,5.8,486900,2820290.0
000630.SZ,2026-04-02 14:07:00,5.8,5.8,5.79,5.8,489500,2836990.0
000630.SZ,2026-04-02 14:08:00,5.79,5.8,5.79,5.8,283300,1641392.0
000630.SZ,2026-04-02 14:09:00,5.8,5.8,5.79,5.8,387100,2243448.0
000630.SZ,2026-04-02 14:10:00,5.8,5.8,5.79,5.8,314600,1823543.0
000630.SZ,2026-04-02 14:11:00,5.8,5.8,5.8,5.8,1324300,7680157.0
000630.SZ,2026-04-02 14:12:00,5.8,5.8,5.78,5.79,1490400,8629530.0
000630.SZ,2026-04-02 14:13:00,5.79,5.8,5.78,5.79,489100,2831082.0
000630.SZ,2026-04-02 14:14:00,5.8,5.8,5.79,5.79,251800,1459215.0
000630.SZ,2026-04-02 14:15:00,5.79,5.81,5.79,5.81,1195800,6932010.0
000630.SZ,2026-04-02 14:16:00,5.81,5.81,5.8,5.81,514500,2988336.0
000630.SZ,2026-04-02 14:17:00,5.8,5.81,5.8,5.81,272600,1583083.0
000630.SZ,2026-04-02 14:18:00,5.8,5.82,5.8,5.81,199900,1161721.0
000630.SZ,2026-04-02 14:19:00,5.82,5.83,5.81,5.82,902300,5252217.0
000630.SZ,2026-04-02 14:20:00,5.82,5.82,5.81,5.82,817000,4754669.0
000630.SZ,2026-04-02 14:21:00,5.82,5.83,5.82,5.83,541054,3149067.2
000630.SZ,2026-04-02 14:22:00,5.83,5.83,5.82,5.82,563100,3281211.0
000630.SZ,2026-04-02 14:23:00,5.83,5.84,5.83,5.83,1364300,7954115.0
000630.SZ,2026-04-02 14:24:00,5.82,5.83,5.82,5.82,375500,2187676.0
000630.SZ,2026-04-02 14:25:00,5.83,5.84,5.82,5.84,541800,3158024.0
000630.SZ,2026-04-02 14:26:00,5.84,5.84,5.83,5.83,394900,2303184.0
000630.SZ,2026-04-02 14:27:00,5.83,5.83,5.82,5.83,604900,3524830.0
000630.SZ,2026-04-02 14:28:00,5.83,5.84,5.83,5.84,280600,1636906.0
000630.SZ,2026-04-02 14:29:00,5.83,5.84,5.82,5.83,355900,2074274.0
000630.SZ,2026-04-02 14:30:00,5.83,5.83,5.82,5.83,171300,998060.0
000630.SZ,2026-04-02 14:31:00,5.82,5.82,5.81,5.82,1248200,7262568.0
000630.SZ,2026-04-02 14:32:00,5.82,5.83,5.81,5.82,1043200,6071192.0
000630.SZ,2026-04-02 14:33:00,5.82,5.83,5.81,5.81,181900,1058482.0
000630.SZ,2026-04-02 14:34:00,5.81,5.82,5.81,5.81,292800,1702040.0
000630.SZ,2026-04-02 14:35:00,5.82,5.82,5.81,5.82,245200,1425219.0
000630.SZ,2026-04-02 14:36:00,5.82,5.82,5.81,5.81,300600,1747828.0
000630.SZ,2026-04-02 14:37:00,5.81,5.82,5.81,5.81,566500,3292025.0
000630.SZ,2026-04-02 14:38:00,5.81,5.82,5.81,5.82,423000,2458392.0
000630.SZ,2026-04-02 14:39:00,5.82,5.82,5.81,5.82,279300,1623381.0
000630.SZ,2026-04-02 14:40:00,5.82,5.82,5.81,5.82,429800,2500040.0
000630.SZ,2026-04-02 14:41:00,5.81,5.82,5.81,5.81,290800,1690688.0
000630.SZ,2026-04-02 14:42:00,5.81,5.82,5.81,5.81,446800,2597235.0
000630.SZ,2026-04-02 14:43:00,5.82,5.82,5.81,5.81,240960,1400660.6
000630.SZ,2026-04-02 14:44:00,5.82,5.82,5.81,5.82,542500,3155885.0
000630.SZ,2026-04-02 14:45:00,5.82,5.82,5.81,5.82,428600,2493079.0
000630.SZ,2026-04-02 14:46:00,5.82,5.82,5.81,5.81,552300,3210015.0
000630.SZ,2026-04-02 14:47:00,5.81,5.81,5.8,5.8,2460440,14292696.0
000630.SZ,2026-04-02 14:48:00,5.8,5.81,5.8,5.8,429000,2489533.0
000630.SZ,2026-04-02 14:49:00,5.8,5.81,5.8,5.81,703100,4080940.0
000630.SZ,2026-04-02 14:50:00,5.81,5.82,5.81,5.81,1345200,7816877.0
000630.SZ,2026-04-02 14:51:00,5.81,5.82,5.81,5.81,519100,3018405.0
000630.SZ,2026-04-02 14:52:00,5.81,5.82,5.81,5.82,745100,4332063.0
000630.SZ,2026-04-02 14:53:00,5.82,5.82,5.81,5.81,838200,4873741.0
000630.SZ,2026-04-02 14:54:00,5.81,5.82,5.81,5.82,631500,3671766.0
000630.SZ,2026-04-02 14:55:00,5.82,5.82,5.81,5.82,1737100,10107684.0
000630.SZ,2026-04-02 14:56:00,5.82,5.83,5.81,5.83,928300,5403979.0
000630.SZ,2026-04-02 14:57:00,5.83,5.83,5.82,5.83,1031800,6012647.0
000630.SZ,2026-04-02 14:58:00,5.83,5.83,5.83,5.83,0,0.0
000630.SZ,2026-04-02 14:59:00,5.83,5.83,5.83,5.83,0,0.0
000630.SZ,2026-04-02 15:00:00,5.83,5.83,5.83,5.83,1684900,9822967.0
000630.SZ,2026-04-03 09:30:00,5.85,5.86,5.84,5.86,757900,4434808.0
000630.SZ,2026-04-03 09:31:00,5.86,5.87,5.83,5.83,2016700,11795826.0
000630.SZ,2026-04-03 09:32:00,5.82,5.83,5.81,5.82,1571500,9150205.0
000630.SZ,2026-04-03 09:33:00,5.82,5.82,5.8,5.8,1686800,9800010.0
000630.SZ,2026-04-03 09:34:00,5.8,5.81,5.78,5.79,1805637,10460635.0
000630.SZ,2026-04-03 09:35:00,5.79,5.8,5.79,5.79,1032200,5979429.0
000630.SZ,2026-04-03 09:36:00,5.79,5.8,5.79,5.79,1462100,8469908.0
000630.SZ,2026-04-03 09:37:00,5.79,5.81,5.79,5.81,1026200,5950505.0
000630.SZ,2026-04-03 09:38:00,5.81,5.81,5.8,5.8,556500,3230022.0
000630.SZ,2026-04-03 09:39:00,5.8,5.81,5.8,5.8,930400,5397345.0
000630.SZ,2026-04-03 09:40:00,5.8,5.8,5.79,5.8,666300,3860381.0
000630.SZ,2026-04-03 09:41:00,5.79,5.81,5.79,5.8,1235600,7165190.0
000630.SZ,2026-04-03 09:42:00,5.8,5.81,5.79,5.79,623100,3614635.0
000630.SZ,2026-04-03 09:43:00,5.79,5.81,5.79,5.81,681400,3953272.0
000630.SZ,2026-04-03 09:44:00,5.8,5.81,5.8,5.8,433500,2515638.0
000630.SZ,2026-04-03 09:45:00,5.8,5.81,5.8,5.8,620400,3600393.0
000630.SZ,2026-04-03 09:46:00,5.8,5.82,5.8,5.82,786100,4565580.0
000630.SZ,2026-04-03 09:47:00,5.82,5.82,5.79,5.79,874500,5075579.0
000630.SZ,2026-04-03 09:48:00,5.79,5.81,5.79,5.8,630000,3654195.0
000630.SZ,2026-04-03 09:49:00,5.81,5.81,5.79,5.8,384800,2231502.0
000630.SZ,2026-04-03 09:50:00,5.8,5.8,5.79,5.79,441300,2556384.0
000630.SZ,2026-04-03 09:51:00,5.8,5.8,5.79,5.79,571800,3311188.0
000630.SZ,2026-04-03 09:52:00,5.79,5.8,5.78,5.8,1314400,7610224.0
000630.SZ,2026-04-03 09:53:00,5.79,5.8,5.78,5.78,654400,3785415.0
000630.SZ,2026-04-03 09:54:00,5.79,5.79,5.78,5.78,740571,4281083.5
000630.SZ,2026-04-03 09:55:00,5.78,5.79,5.77,5.78,1169192,6758400.0
000630.SZ,2026-04-03 09:56:00,5.78,5.78,5.77,5.77,1075400,6205622.0
000630.SZ,2026-04-03 09:57:00,5.77,5.78,5.77,5.77,1095700,6322872.0
000630.SZ,2026-04-03 09:58:00,5.77,5.77,5.76,5.76,1256000,7239759.0
000630.SZ,2026-04-03 09:59:00,5.76,5.77,5.76,5.76,1814300,10451663.0
000630.SZ,2026-04-03 10:00:00,5.76,5.77,5.76,5.77,653900,3767759.0
000630.SZ,2026-04-03 10:01:00,5.76,5.78,5.76,5.77,1413600,8155236.0
000630.SZ,2026-04-03 10:02:00,5.78,5.79,5.78,5.79,881100,5091154.0
000630.SZ,2026-04-03 10:03:00,5.79,5.79,5.77,5.77,872400,5038604.0
000630.SZ,2026-04-03 10:04:00,5.77,5.78,5.76,5.76,517800,2987544.0
000630.SZ,2026-04-03 10:05:00,5.76,5.77,5.76,5.76,487500,2809549.0
000630.SZ,2026-04-03 10:06:00,5.76,5.77,5.75,5.76,1227200,7067773.0
000630.SZ,2026-04-03 10:07:00,5.76,5.77,5.75,5.77,757700,4363497.0
000630.SZ,2026-04-03 10:08:00,5.77,5.77,5.75,5.75,562900,3241657.0
000630.SZ,2026-04-03 10:09:00,5.75,5.76,5.75,5.75,479200,2756906.0
000630.SZ,2026-04-03 10:10:00,5.76,5.76,5.75,5.76,742900,4275884.0
000630.SZ,2026-04-03 10:11:00,5.76,5.76,5.75,5.75,775300,4462433.0
000630.SZ,2026-04-03 10:12:00,5.76,5.76,5.75,5.76,690100,3971960.0
000630.SZ,2026-04-03 10:13:00,5.76,5.76,5.75,5.76,488100,2809465.0
000630.SZ,2026-04-03 10:14:00,5.76,5.76,5.75,5.75,463900,2668172.0
000630.SZ,2026-04-03 10:15:00,5.75,5.75,5.74,5.75,1214200,6976354.0
000630.SZ,2026-04-03 10:16:00,5.74,5.75,5.73,5.73,944500,5421032.0
000630.SZ,2026-04-03 10:17:00,5.73,5.74,5.73,5.74,779100,4465727.0
000630.SZ,2026-04-03 10:18:00,5.74,5.74,5.73,5.73,410600,2354530.0
000630.SZ,2026-04-03 10:19:00,5.73,5.74,5.73,5.73,1125009,6447135.5
000630.SZ,2026-04-03 10:20:00,5.74,5.74,5.73,5.73,476700,2732168.0
000630.SZ,2026-04-03 10:21:00,5.74,5.75,5.73,5.75,905900,5198525.0
000630.SZ,2026-04-03 10:22:00,5.74,5.75,5.74,5.75,656700,3774455.0
000630.SZ,2026-04-03 10:23:00,5.75,5.76,5.75,5.75,377700,2172800.0
000630.SZ,2026-04-03 10:24:00,5.76,5.76,5.74,5.75,562000,3231238.0
000630.SZ,2026-04-03 10:25:00,5.74,5.75,5.74,5.75,193100,1108967.0
000630.SZ,2026-04-03 10:26:00,5.75,5.75,5.74,5.75,450700,2590949.0
000630.SZ,2026-04-03 10:27:00,5.75,5.76,5.75,5.75,295100,1697655.0
000630.SZ,2026-04-03 10:28:00,5.76,5.76,5.75,5.75,260400,1498984.0
000630.SZ,2026-04-03 10:29:00,5.75,5.77,5.75,5.76,379100,2183820.0
000630.SZ,2026-04-03 10:30:00,5.77,5.77,5.76,5.76,885800,5104244.0
000630.SZ,2026-04-03 10:31:00,5.77,5.78,5.76,5.78,506400,2922311.0
000630.SZ,2026-04-03 10:32:00,5.78,5.78,5.77,5.78,163500,944172.0
000630.SZ,2026-04-03 10:33:00,5.78,5.79,5.78,5.78,560500,3239701.0
000630.SZ,2026-04-03 10:34:00,5.78,5.79,5.78,5.79,324500,1877782.0
000630.SZ,2026-04-03 10:35:00,5.79,5.79,5.78,5.79,241100,1394620.0
000630.SZ,2026-04-03 10:36:00,5.79,5.79,5.78,5.79,291900,1688837.0
000630.SZ,2026-04-03 10:37:00,5.79,5.79,5.78,5.79,723200,4186816.0
000630.SZ,2026-04-03 10:38:00,5.78,5.8,5.78,5.79,521700,3020559.0
000630.SZ,2026-04-03 10:39:00,5.79,5.8,5.78,5.78,371400,2150657.0
000630.SZ,2026-04-03 10:40:00,5.78,5.79,5.77,5.77,683847,3952234.2
000630.SZ,2026-04-03 10:41:00,5.77,5.79,5.77,5.79,300800,1738660.0
000630.SZ,2026-04-03 10:42:00,5.79,5.79,5.78,5.79,261500,1512165.0
000630.SZ,2026-04-03 10:43:00,5.78,5.79,5.78,5.78,245900,1421770.0
000630.SZ,2026-04-03 10:44:00,5.78,5.78,5.77,5.77,191800,1107719.0
000630.SZ,2026-04-03 10:45:00,5.77,5.78,5.77,5.77,103200,595861.0
000630.SZ,2026-04-03 10:46:00,5.78,5.79,5.77,5.79,892100,5157094.0
000630.SZ,2026-04-03 10:47:00,5.78,5.79,5.78,5.78,303900,1758023.0
000630.SZ,2026-04-03 10:48:00,5.79,5.79,5.78,5.79,172000,994441.0
000630.SZ,2026-04-03 10:49:00,5.79,5.79,5.78,5.78,365700,2116548.0
000630.SZ,2026-04-03 10:50:00,5.78,5.79,5.78,5.79,527600,3053965.0
000630.SZ,2026-04-03 10:51:00,5.78,5.79,5.78,5.79,369900,2138312.0
000630.SZ,2026-04-03 10:52:00,5.79,5.8,5.79,5.79,1368400,7932275.0
000630.SZ,2026-04-03 10:53:00,5.79,5.8,5.79,5.8,208700,1209414.0
000630.SZ,2026-04-03 10:54:00,5.79,5.8,5.78,5.79,444700,2574814.0
000630.SZ,2026-04-03 10:55:00,5.79,5.8,5.79,5.79,167800,971650.0
000630.SZ,2026-04-03 10:56:00,5.78,5.79,5.78,5.78,167700,969978.0
000630.SZ,2026-04-03 10:57:00,5.77,5.78,5.77,5.77,636700,3678799.0
000630.SZ,2026-04-03 10:58:00,5.78,5.78,5.77,5.78,111700,644640.0
000630.SZ,2026-04-03 10:59:00,5.77,5.78,5.76,5.76,270800,1562631.0
000630.SZ,2026-04-03 11:00:00,5.76,5.77,5.76,5.76,613900,3536499.0
000630.SZ,2026-04-03 11:01:00,5.76,5.77,5.75,5.77,171900,990158.0
000630.SZ,2026-04-03 11:02:00,5.77,5.77,5.76,5.77,122200,704421.0
000630.SZ,2026-04-03 11:03:00,5.76,5.77,5.76,5.76,117500,677005.0
000630.SZ,2026-04-03 11:04:00,5.76,5.77,5.76,5.77,271800,1567091.0
000630.SZ,2026-04-03 11:05:00,5.76,5.77,5.76,5.77,246900,1422601.0
000630.SZ,2026-04-03 11:06:00,5.77,5.77,5.76,5.77,267900,1545226.0
000630.SZ,2026-04-03 11:07:00,5.77,5.78,5.76,5.77,170400,983062.0
000630.SZ,2026-04-03 11:08:00,5.78,5.78,5.77,5.78,79300,457937.0
000630.SZ,2026-04-03 11:09:00,5.78,5.78,5.77,5.78,125600,725739.0
000630.SZ,2026-04-03 11:10:00,5.78,5.78,5.77,5.77,100700,581457.0
000630.SZ,2026-04-03 11:11:00,5.78,5.78,5.76,5.78,591600,3413382.0
000630.SZ,2026-04-03 11:12:00,5.77,5.78,5.77,5.78,92800,535695.0
000630.SZ,2026-04-03 11:13:00,5.78,5.78,5.77,5.78,104700,604444.0
000630.SZ,2026-04-03 11:14:00,5.78,5.78,5.77,5.78,84000,484970.0
000630.SZ,2026-04-03 11:15:00,5.78,5.78,5.76,5.77,855100,4933320.0
000630.SZ,2026-04-03 11:16:00,5.77,5.77,5.76,5.77,178700,1029770.0
000630.SZ,2026-04-03 11:17:00,5.77,5.77,5.75,5.76,521300,3001833.0
000630.SZ,2026-04-03 11:18:00,5.75,5.76,5.75,5.75,248200,1427791.0
000630.SZ,2026-04-03 11:19:00,5.76,5.76,5.75,5.76,458500,2640445.0
000630.SZ,2026-04-03 11:20:00,5.75,5.76,5.75,5.76,127800,735510.0
000630.SZ,2026-04-03 11:21:00,5.76,5.76,5.75,5.76,171700,987764.0
000630.SZ,2026-04-03 11:22:00,5.76,5.77,5.76,5.77,258700,1490146.0
000630.SZ,2026-04-03 11:23:00,5.76,5.77,5.76,5.76,279900,1612395.0
000630.SZ,2026-04-03 11:24:00,5.77,5.77,5.76,5.77,126300,727769.0
000630.SZ,2026-04-03 11:25:00,5.76,5.77,5.75,5.76,236400,1361595.0
000630.SZ,2026-04-03 11:26:00,5.76,5.76,5.75,5.75,78800,453543.0
000630.SZ,2026-04-03 11:27:00,5.76,5.76,5.75,5.75,163500,940647.0
000630.SZ,2026-04-03 11:28:00,5.76,5.76,5.75,5.76,94000,540734.0
000630.SZ,2026-04-03 11:29:00,5.76,5.76,5.75,5.75,132200,760641.0
000630.SZ,2026-04-03 11:30:00,5.76,5.76,5.75,5.76,265000,1524931.0
000630.SZ,2026-04-03 13:01:00,5.76,5.76,5.74,5.74,1422600,8182480.0
000630.SZ,2026-04-03 13:02:00,5.75,5.75,5.74,5.74,140500,807341.0
000630.SZ,2026-04-03 13:03:00,5.75,5.75,5.74,5.74,254100,1458825.0
000630.SZ,2026-04-03 13:04:00,5.74,5.75,5.74,5.74,420200,2412250.0
000630.SZ,2026-04-03 13:05:00,5.74,5.75,5.74,5.74,128100,735516.0
000630.SZ,2026-04-03 13:06:00,5.74,5.74,5.73,5.74,838800,4812071.0
000630.SZ,2026-04-03 13:07:00,5.74,5.74,5.73,5.74,308400,1768905.0
000630.SZ,2026-04-03 13:08:00,5.74,5.75,5.74,5.74,336800,1933047.0
000630.SZ,2026-04-03 13:09:00,5.74,5.75,5.74,5.74,296700,1703683.0
000630.SZ,2026-04-03 13:10:00,5.74,5.75,5.74,5.75,271800,1560731.0
000630.SZ,2026-04-03 13:11:00,5.74,5.75,5.74,5.75,216500,1244639.0
000630.SZ,2026-04-03 13:12:00,5.75,5.75,5.74,5.74,161700,928870.0
000630.SZ,2026-04-03 13:13:00,5.74,5.75,5.74,5.75,204000,1171975.0
000630.SZ,2026-04-03 13:14:00,5.74,5.75,5.74,5.74,144200,828114.0
000630.SZ,2026-04-03 13:15:00,5.75,5.75,5.74,5.74,196200,1126818.0
000630.SZ,2026-04-03 13:16:00,5.75,5.75,5.74,5.74,113100,649522.0
000630.SZ,2026-04-03 13:17:00,5.74,5.75,5.74,5.74,126600,726998.0
000630.SZ,2026-04-03 13:18:00,5.74,5.74,5.73,5.73,808900,4642127.0
000630.SZ,2026-04-03 13:19:00,5.73,5.74,5.73,5.74,217800,1249135.0
000630.SZ,2026-04-03 13:20:00,5.73,5.74,5.73,5.74,874400,5017109.0
000630.SZ,2026-04-03 13:21:00,5.74,5.75,5.74,5.74,546400,3138377.0
000630.SZ,2026-04-03 13:22:00,5.74,5.75,5.74,5.74,498000,2859344.0
000630.SZ,2026-04-03 13:23:00,5.74,5.75,5.74,5.74,222100,1274128.0
000630.SZ,2026-04-03 13:24:00,5.75,5.75,5.73,5.74,855600,4908647.0
000630.SZ,2026-04-03 13:25:00,5.74,5.75,5.73,5.75,504300,2892759.0
000630.SZ,2026-04-03 13:26:00,5.74,5.75,5.74,5.75,105000,603084.0
000630.SZ,2026-04-03 13:27:00,5.75,5.75,5.74,5.75,112200,644786.0
000630.SZ,2026-04-03 13:28:00,5.75,5.75,5.74,5.74,127500,732123.0
000630.SZ,2026-04-03 13:29:00,5.74,5.75,5.74,5.75,936800,5386082.0
000630.SZ,2026-04-03 13:30:00,5.76,5.76,5.75,5.76,196800,1132932.0
000630.SZ,2026-04-03 13:31:00,5.75,5.76,5.75,5.76,174900,1006251.0
000630.SZ,2026-04-03 13:32:00,5.75,5.76,5.75,5.75,425700,2448271.0
000630.SZ,2026-04-03 13:33:00,5.75,5.75,5.74,5.75,266100,1529395.0
000630.SZ,2026-04-03 13:34:00,5.75,5.75,5.74,5.75,135200,776302.0
000630.SZ,2026-04-03 13:35:00,5.75,5.75,5.74,5.75,172600,991952.0
000630.SZ,2026-04-03 13:36:00,5.75,5.75,5.74,5.74,390400,2243981.0
000630.SZ,2026-04-03 13:37:00,5.76,5.76,5.75,5.76,217600,1251760.0
000630.SZ,2026-04-03 13:38:00,5.75,5.76,5.75,5.76,179900,1035351.0
000630.SZ,2026-04-03 13:39:00,5.75,5.77,5.75,5.77,546300,3147082.0
000630.SZ,2026-04-03 13:40:00,5.77,5.77,5.76,5.77,245500,1416198.0
000630.SZ,2026-04-03 13:41:00,5.76,5.77,5.76,5.76,251200,1448614.0
000630.SZ,2026-04-03 13:42:00,5.77,5.78,5.76,5.78,667000,3848965.0
000630.SZ,2026-04-03 13:43:00,5.78,5.78,5.77,5.78,180100,1040064.0
000630.SZ,2026-04-03 13:44:00,5.78,5.78,5.77,5.78,184400,1064709.0
000630.SZ,2026-04-03 13:45:00,5.77,5.78,5.77,5.78,180500,1042752.0
000630.SZ,2026-04-03 13:46:00,5.77,5.78,5.76,5.76,760200,4385976.0
000630.SZ,2026-04-03 13:47:00,5.76,5.77,5.76,5.76,185900,1071058.0
000630.SZ,2026-04-03 13:48:00,5.76,5.77,5.76,5.76,99300,572502.0
000630.SZ,2026-04-03 13:49:00,5.77,5.77,5.76,5.76,115200,663817.0
000630.SZ,2026-04-03 13:50:00,5.76,5.77,5.76,5.76,135100,779111.0
000630.SZ,2026-04-03 13:51:00,5.77,5.77,5.76,5.76,177400,1023392.0
000630.SZ,2026-04-03 13:52:00,5.77,5.77,5.76,5.77,105300,606887.0
000630.SZ,2026-04-03 13:53:00,5.76,5.77,5.76,5.77,83300,480157.0
000630.SZ,2026-04-03 13:54:00,5.77,5.78,5.76,5.77,871700,5029140.0
000630.SZ,2026-04-03 13:55:00,5.78,5.78,5.76,5.76,453000,2614647.0
000630.SZ,2026-04-03 13:56:00,5.77,5.77,5.76,5.77,183400,1057688.0
000630.SZ,2026-04-03 13:57:00,5.76,5.77,5.76,5.76,131400,757304.0
000630.SZ,2026-04-03 13:58:00,5.76,5.77,5.76,5.76,138300,797015.0
000630.SZ,2026-04-03 13:59:00,5.76,5.77,5.76,5.76,153500,885039.0
000630.SZ,2026-04-03 14:00:00,5.76,5.77,5.76,5.76,194200,1119414.0
000630.SZ,2026-04-03 14:01:00,5.77,5.78,5.76,5.77,655345,3781056.2
000630.SZ,2026-04-03 14:02:00,5.78,5.79,5.77,5.78,1088400,6293000.0
000630.SZ,2026-04-03 14:03:00,5.78,5.79,5.78,5.78,343800,1987849.0
000630.SZ,2026-04-03 14:04:00,5.78,5.78,5.77,5.77,459500,2655215.0
000630.SZ,2026-04-03 14:05:00,5.78,5.78,5.77,5.78,234800,1355269.0
000630.SZ,2026-04-03 14:06:00,5.78,5.78,5.76,5.77,728700,4204211.0
000630.SZ,2026-04-03 14:07:00,5.77,5.77,5.76,5.76,647600,3730624.0
000630.SZ,2026-04-03 14:08:00,5.76,5.76,5.75,5.76,542200,3122736.0
000630.SZ,2026-04-03 14:09:00,5.76,5.76,5.75,5.76,103600,596367.0
000630.SZ,2026-04-03 14:10:00,5.75,5.76,5.75,5.76,212200,1221358.0
000630.SZ,2026-04-03 14:11:00,5.76,5.77,5.75,5.76,528600,3043837.0
000630.SZ,2026-04-03 14:12:00,5.76,5.77,5.76,5.77,100800,581084.0
000630.SZ,2026-04-03 14:13:00,5.76,5.77,5.76,5.76,184300,1062497.0
000630.SZ,2026-04-03 14:14:00,5.77,5.77,5.76,5.76,861600,4963397.0
000630.SZ,2026-04-03 14:15:00,5.76,5.77,5.76,5.76,200000,1152792.0
000630.SZ,2026-04-03 14:16:00,5.76,5.77,5.76,5.76,174400,1004712.0
000630.SZ,2026-04-03 14:17:00,5.77,5.77,5.76,5.77,140400,809022.0
000630.SZ,2026-04-03 14:18:00,5.77,5.77,5.76,5.76,129800,748207.0
000630.SZ,2026-04-03 14:19:00,5.77,5.77,5.75,5.76,769000,4429586.0
000630.SZ,2026-04-03 14:20:00,5.77,5.77,5.75,5.76,169700,977157.0
000630.SZ,2026-04-03 14:21:00,5.76,5.76,5.75,5.75,291200,1676950.0
000630.SZ,2026-04-03 14:22:00,5.76,5.76,5.75,5.75,231300,1331921.0
000630.SZ,2026-04-03 14:23:00,5.76,5.77,5.75,5.76,154200,887761.0
000630.SZ,2026-04-03 14:24:00,5.76,5.77,5.75,5.76,443800,2556682.0
000630.SZ,2026-04-03 14:25:00,5.76,5.76,5.75,5.76,227900,1312259.0
000630.SZ,2026-04-03 14:26:00,5.75,5.76,5.75,5.75,214500,1234516.0
000630.SZ,2026-04-03 14:27:00,5.76,5.76,5.75,5.76,197600,1137425.0
000630.SZ,2026-04-03 14:28:00,5.75,5.76,5.75,5.75,174600,1004691.0
000630.SZ,2026-04-03 14:29:00,5.75,5.76,5.75,5.76,271900,1564775.0
000630.SZ,2026-04-03 14:30:00,5.76,5.76,5.75,5.76,254000,1461999.0
000630.SZ,2026-04-03 14:31:00,5.76,5.76,5.75,5.75,251900,1450120.0
000630.SZ,2026-04-03 14:32:00,5.75,5.76,5.75,5.75,179000,1030330.0
000630.SZ,2026-04-03 14:33:00,5.75,5.76,5.75,5.76,188800,1086149.0
000630.SZ,2026-04-03 14:34:00,5.76,5.76,5.75,5.76,355700,2047076.0
000630.SZ,2026-04-03 14:35:00,5.75,5.76,5.75,5.76,606100,3486173.0
000630.SZ,2026-04-03 14:36:00,5.76,5.76,5.75,5.76,438200,2522222.0
000630.SZ,2026-04-03 14:37:00,5.76,5.76,5.75,5.76,270500,1557101.0
000630.SZ,2026-04-03 14:38:00,5.75,5.76,5.75,5.76,231700,1332852.0
000630.SZ,2026-04-03 14:39:00,5.75,5.76,5.74,5.75,2804500,16125550.0
000630.SZ,2026-04-03 14:40:00,5.75,5.75,5.74,5.75,991000,5689912.0
000630.SZ,2026-04-03 14:41:00,5.74,5.75,5.74,5.75,462600,2656287.0
000630.SZ,2026-04-03 14:42:00,5.75,5.75,5.74,5.75,1747600,10032217.0
000630.SZ,2026-04-03 14:43:00,5.75,5.75,5.74,5.74,627400,3601694.0
000630.SZ,2026-04-03 14:44:00,5.74,5.75,5.74,5.75,613800,3525451.0
000630.SZ,2026-04-03 14:45:00,5.75,5.75,5.74,5.75,206800,1187673.0
000630.SZ,2026-04-03 14:46:00,5.74,5.75,5.74,5.74,802600,4609920.0
000630.SZ,2026-04-03 14:47:00,5.75,5.75,5.74,5.75,360600,2072658.0
000630.SZ,2026-04-03 14:48:00,5.74,5.75,5.74,5.74,431600,2478618.0
000630.SZ,2026-04-03 14:49:00,5.75,5.75,5.74,5.75,611200,3510913.0
000630.SZ,2026-04-03 14:50:00,5.74,5.75,5.74,5.74,698300,4009434.0
000630.SZ,2026-04-03 14:51:00,5.75,5.75,5.74,5.75,570900,3278987.0
000630.SZ,2026-04-03 14:52:00,5.75,5.75,5.74,5.75,765000,4395679.0
000630.SZ,2026-04-03 14:53:00,5.75,5.75,5.74,5.75,428100,2459594.0
000630.SZ,2026-04-03 14:54:00,5.74,5.75,5.74,5.74,736600,4230890.0
000630.SZ,2026-04-03 14:55:00,5.75,5.75,5.74,5.75,1409900,8104331.0
000630.SZ,2026-04-03 14:56:00,5.75,5.76,5.74,5.76,1131300,6502816.0
000630.SZ,2026-04-03 14:57:00,5.75,5.76,5.75,5.76,678700,3906350.0
000630.SZ,2026-04-03 14:58:00,5.76,5.76,5.76,5.76,0,0.0
000630.SZ,2026-04-03 14:59:00,5.76,5.76,5.76,5.76,0,0.0
000630.SZ,2026-04-03 15:00:00,5.75,5.75,5.75,5.75,1785800,10268350.0
000630.SZ,2026-04-07 09:30:00,5.76,5.77,5.75,5.77,708500,4080959.0
000630.SZ,2026-04-07 09:31:00,5.76,5.78,5.72,5.75,4838000,27830536.0
000630.SZ,2026-04-07 09:32:00,5.75,5.75,5.72,5.73,1612300,9240178.0
000630.SZ,2026-04-07 09:33:00,5.74,5.74,5.72,5.72,1717900,9852298.0
000630.SZ,2026-04-07 09:34:00,5.73,5.74,5.72,5.74,2141928,12259466.0
000630.SZ,2026-04-07 09:35:00,5.74,5.74,5.73,5.74,1014700,5819464.0
000630.SZ,2026-04-07 09:36:00,5.74,5.74,5.73,5.73,760300,4359689.0
000630.SZ,2026-04-07 09:37:00,5.73,5.75,5.73,5.75,997447,5725811.5
000630.SZ,2026-04-07 09:38:00,5.74,5.75,5.73,5.74,818900,4700995.0
000630.SZ,2026-04-07 09:39:00,5.74,5.74,5.72,5.73,1244042,7127813.0
000630.SZ,2026-04-07 09:40:00,5.73,5.73,5.72,5.72,920500,5267982.0
000630.SZ,2026-04-07 09:41:00,5.72,5.74,5.72,5.73,1468169,8412414.0
000630.SZ,2026-04-07 09:42:00,5.74,5.76,5.73,5.76,1667700,9581923.0
000630.SZ,2026-04-07 09:43:00,5.76,5.77,5.75,5.77,1068800,6155705.0
000630.SZ,2026-04-07 09:44:00,5.77,5.77,5.76,5.77,750100,4325767.0
000630.SZ,2026-04-07 09:45:00,5.77,5.77,5.76,5.76,691200,3985431.0
000630.SZ,2026-04-07 09:46:00,5.76,5.77,5.76,5.77,1286700,7423378.0
000630.SZ,2026-04-07 09:47:00,5.77,5.79,5.77,5.79,1747800,10108669.0
000630.SZ,2026-04-07 09:48:00,5.79,5.8,5.79,5.79,1282700,7433724.0
000630.SZ,2026-04-07 09:49:00,5.8,5.8,5.79,5.79,557800,3233208.0
000630.SZ,2026-04-07 09:50:00,5.8,5.8,5.79,5.8,627500,3635440.0
000630.SZ,2026-04-07 09:51:00,5.8,5.8,5.79,5.8,1693600,9820035.0
000630.SZ,2026-04-07 09:52:00,5.79,5.8,5.79,5.8,497100,2880974.0
000630.SZ,2026-04-07 09:53:00,5.79,5.79,5.78,5.79,1465600,8479983.0
000630.SZ,2026-04-07 09:54:00,5.78,5.79,5.77,5.78,522100,3017656.0
000630.SZ,2026-04-07 09:55:00,5.78,5.78,5.77,5.78,380300,2196821.0
000630.SZ,2026-04-07 09:56:00,5.78,5.78,5.77,5.77,471735,2723464.0
000630.SZ,2026-04-07 09:57:00,5.77,5.78,5.77,5.77,401000,2314819.0
000630.SZ,2026-04-07 09:58:00,5.77,5.78,5.77,5.77,235300,1358852.0
000630.SZ,2026-04-07 09:59:00,5.78,5.79,5.78,5.79,901100,5210239.0
000630.SZ,2026-04-07 10:00:00,5.78,5.79,5.78,5.78,283500,1640545.0
000630.SZ,2026-04-07 10:01:00,5.79,5.79,5.78,5.78,414600,2399192.0
000630.SZ,2026-04-07 10:02:00,5.79,5.79,5.77,5.78,1023200,5909657.0
000630.SZ,2026-04-07 10:03:00,5.78,5.78,5.77,5.77,293500,1694407.0
000630.SZ,2026-04-07 10:04:00,5.77,5.78,5.77,5.78,543500,3140580.0
000630.SZ,2026-04-07 10:05:00,5.78,5.79,5.77,5.78,408100,2359203.0
000630.SZ,2026-04-07 10:06:00,5.79,5.79,5.78,5.79,155900,901701.0
000630.SZ,2026-04-07 10:07:00,5.79,5.79,5.78,5.78,552700,3195547.0
000630.SZ,2026-04-07 10:08:00,5.78,5.79,5.78,5.78,588900,3404148.0
000630.SZ,2026-04-07 10:09:00,5.77,5.79,5.77,5.78,559000,3230176.0
000630.SZ,2026-04-07 10:10:00,5.78,5.79,5.78,5.78,212200,1227610.0
000630.SZ,2026-04-07 10:11:00,5.79,5.8,5.78,5.79,2996200,17360488.0
000630.SZ,2026-04-07 10:12:00,5.79,5.8,5.79,5.8,1105700,6412390.0
000630.SZ,2026-04-07 10:13:00,5.8,5.81,5.79,5.81,861400,4996173.0
000630.SZ,2026-04-07 10:14:00,5.8,5.81,5.8,5.8,968600,5620986.0
000630.SZ,2026-04-07 10:15:00,5.8,5.81,5.8,5.8,684000,3969885.0
000630.SZ,2026-04-07 10:16:00,5.81,5.81,5.8,5.8,373200,2166877.0
000630.SZ,2026-04-07 10:17:00,5.81,5.81,5.8,5.81,310300,1801136.0
000630.SZ,2026-04-07 10:18:00,5.81,5.81,5.79,5.79,1640300,9514561.0
000630.SZ,2026-04-07 10:19:00,5.8,5.8,5.79,5.79,587700,3405214.0
000630.SZ,2026-04-07 10:20:00,5.79,5.8,5.79,5.8,238200,1380026.0
000630.SZ,2026-04-07 10:21:00,5.8,5.8,5.79,5.79,174100,1009190.0
000630.SZ,2026-04-07 10:22:00,5.79,5.8,5.79,5.8,228900,1326531.0
000630.SZ,2026-04-07 10:23:00,5.79,5.8,5.79,5.79,1029400,5960415.0
000630.SZ,2026-04-07 10:24:00,5.79,5.8,5.78,5.8,633200,3666676.0
000630.SZ,2026-04-07 10:25:00,5.79,5.8,5.79,5.79,238600,1382375.0
000630.SZ,2026-04-07 10:26:00,5.8,5.8,5.79,5.79,377100,2184602.0
000630.SZ,2026-04-07 10:27:00,5.79,5.8,5.78,5.79,454400,2631198.0
000630.SZ,2026-04-07 10:28:00,5.79,5.8,5.79,5.8,268600,1556692.0
000630.SZ,2026-04-07 10:29:00,5.79,5.81,5.79,5.81,3042700,17652792.0
000630.SZ,2026-04-07 10:30:00,5.8,5.81,5.8,5.81,206200,1197315.0
000630.SZ,2026-04-07 10:31:00,5.8,5.82,5.8,5.82,1313400,7630882.0
000630.SZ,2026-04-07 10:32:00,5.82,5.82,5.81,5.81,829700,4828137.0
000630.SZ,2026-04-07 10:33:00,5.81,5.82,5.81,5.82,229300,1333287.0
000630.SZ,2026-04-07 10:34:00,5.81,5.82,5.81,5.81,199700,1161481.0
000630.SZ,2026-04-07 10:35:00,5.82,5.82,5.81,5.81,338300,1967182.0
000630.SZ,2026-04-07 10:36:00,5.81,5.83,5.81,5.82,1477800,8600422.0
000630.SZ,2026-04-07 10:37:00,5.82,5.82,5.81,5.81,202000,1175024.0
000630.SZ,2026-04-07 10:38:00,5.81,5.82,5.81,5.82,173100,1007215.0
000630.SZ,2026-04-07 10:39:00,5.82,5.82,5.81,5.82,451500,2627354.0
000630.SZ,2026-04-07 10:40:00,5.81,5.83,5.81,5.83,823700,4795899.0
000630.SZ,2026-04-07 10:41:00,5.82,5.83,5.82,5.83,273300,1591701.0
000630.SZ,2026-04-07 10:42:00,5.82,5.83,5.82,5.82,227500,1325474.0
000630.SZ,2026-04-07 10:43:00,5.82,5.83,5.82,5.82,887700,5167074.0
000630.SZ,2026-04-07 10:44:00,5.83,5.83,5.82,5.83,200300,1166174.0
000630.SZ,2026-04-07 10:45:00,5.83,5.84,5.82,5.84,2480300,14463315.0
000630.SZ,2026-04-07 10:46:00,5.83,5.84,5.83,5.84,724100,4228364.0
000630.SZ,2026-04-07 10:47:00,5.84,5.84,5.83,5.84,862500,5033323.0
000630.SZ,2026-04-07 10:48:00,5.83,5.84,5.83,5.83,207600,1211304.0
000630.SZ,2026-04-07 10:49:00,5.84,5.84,5.83,5.83,328600,1917400.0
000630.SZ,2026-04-07 10:50:00,5.84,5.84,5.83,5.84,252600,1473990.0
000630.SZ,2026-04-07 10:51:00,5.83,5.85,5.83,5.85,1691500,9882406.0
000630.SZ,2026-04-07 10:52:00,5.84,5.85,5.84,5.84,490200,2865825.0
000630.SZ,2026-04-07 10:53:00,5.84,5.85,5.83,5.84,1136800,6638759.0
000630.SZ,2026-04-07 10:54:00,5.84,5.84,5.83,5.84,445800,2602470.0
000630.SZ,2026-04-07 10:55:00,5.83,5.84,5.83,5.84,426200,2485540.0
000630.SZ,2026-04-07 10:56:00,5.84,5.84,5.83,5.83,285500,1665601.0
000630.SZ,2026-04-07 10:57:00,5.83,5.84,5.83,5.84,342800,2000203.0
000630.SZ,2026-04-07 10:58:00,5.84,5.84,5.83,5.83,317500,1852318.0
000630.SZ,2026-04-07 10:59:00,5.83,5.84,5.83,5.84,149800,873885.0
000630.SZ,2026-04-07 11:00:00,5.84,5.84,5.83,5.83,182900,1067194.0
000630.SZ,2026-04-07 11:01:00,5.83,5.84,5.83,5.83,331600,1935401.0
000630.SZ,2026-04-07 11:02:00,5.84,5.84,5.83,5.84,324300,1893395.0
000630.SZ,2026-04-07 11:03:00,5.83,5.84,5.83,5.84,2158100,12605542.0
000630.SZ,2026-04-07 11:04:00,5.85,5.85,5.84,5.85,813700,4758294.0
000630.SZ,2026-04-07 11:05:00,5.85,5.85,5.84,5.85,328100,1917755.0
000630.SZ,2026-04-07 11:06:00,5.84,5.85,5.83,5.84,675400,3944807.0
000630.SZ,2026-04-07 11:07:00,5.84,5.84,5.83,5.84,223100,1302098.0
000630.SZ,2026-04-07 11:08:00,5.84,5.84,5.83,5.83,159600,931004.0
000630.SZ,2026-04-07 11:09:00,5.84,5.84,5.83,5.83,161800,943791.0
000630.SZ,2026-04-07 11:10:00,5.84,5.84,5.83,5.83,249400,1455255.0
000630.SZ,2026-04-07 11:11:00,5.83,5.84,5.83,5.83,283700,1655043.0
000630.SZ,2026-04-07 11:12:00,5.83,5.84,5.82,5.82,864300,5037613.0
000630.SZ,2026-04-07 11:13:00,5.82,5.83,5.82,5.82,427400,2487723.0
000630.SZ,2026-04-07 11:14:00,5.82,5.82,5.81,5.81,628600,3657594.0
000630.SZ,2026-04-07 11:15:00,5.81,5.82,5.81,5.81,402600,2339651.0
000630.SZ,2026-04-07 11:16:00,5.81,5.82,5.81,5.82,151900,883044.0
000630.SZ,2026-04-07 11:17:00,5.81,5.82,5.81,5.81,140900,819121.0
000630.SZ,2026-04-07 11:18:00,5.81,5.82,5.81,5.82,179900,1045632.0
000630.SZ,2026-04-07 11:19:00,5.81,5.82,5.8,5.8,865500,5028368.0
000630.SZ,2026-04-07 11:20:00,5.8,5.81,5.8,5.81,299300,1736360.0
000630.SZ,2026-04-07 11:21:00,5.8,5.81,5.8,5.81,220700,1280385.0
000630.SZ,2026-04-07 11:22:00,5.81,5.81,5.8,5.8,855900,4964903.0
000630.SZ,2026-04-07 11:23:00,5.8,5.81,5.8,5.81,71200,413127.0
000630.SZ,2026-04-07 11:24:00,5.8,5.81,5.79,5.79,701700,4069491.0
000630.SZ,2026-04-07 11:25:00,5.79,5.8,5.79,5.79,247400,1433075.0
000630.SZ,2026-04-07 11:26:00,5.8,5.8,5.79,5.8,315800,1831128.0
000630.SZ,2026-04-07 11:27:00,5.79,5.8,5.79,5.8,153300,888731.0
000630.SZ,2026-04-07 11:28:00,5.8,5.8,5.79,5.8,497200,2883581.0
000630.SZ,2026-04-07 11:29:00,5.8,5.81,5.8,5.8,255000,1479384.0
000630.SZ,2026-04-07 11:30:00,5.8,5.8,5.79,5.79,171300,992502.0
000630.SZ,2026-04-07 13:01:00,5.79,5.81,5.79,5.8,1111800,6447450.0
000630.SZ,2026-04-07 13:02:00,5.81,5.81,5.8,5.81,275300,1599158.0
000630.SZ,2026-04-07 13:03:00,5.81,5.81,5.8,5.8,94600,549227.0
000630.SZ,2026-04-07 13:04:00,5.8,5.81,5.8,5.81,124600,723118.0
000630.SZ,2026-04-07 13:05:00,5.81,5.81,5.8,5.81,95100,552197.0
000630.SZ,2026-04-07 13:06:00,5.81,5.81,5.8,5.81,144200,836750.0
000630.SZ,2026-04-07 13:07:00,5.81,5.82,5.81,5.82,1850000,10751736.0
000630.SZ,2026-04-07 13:08:00,5.82,5.82,5.81,5.82,319900,1859308.0
000630.SZ,2026-04-07 13:09:00,5.82,5.82,5.8,5.81,521700,3030436.0
000630.SZ,2026-04-07 13:10:00,5.8,5.81,5.8,5.8,146000,847032.0
000630.SZ,2026-04-07 13:11:00,5.8,5.81,5.8,5.81,158100,918083.0
000630.SZ,2026-04-07 13:12:00,5.8,5.81,5.8,5.81,286100,1661976.0
000630.SZ,2026-04-07 13:13:00,5.8,5.81,5.8,5.81,158700,921249.0
000630.SZ,2026-04-07 13:14:00,5.81,5.81,5.8,5.8,237100,1375587.0
000630.SZ,2026-04-07 13:15:00,5.81,5.81,5.79,5.79,1423400,8254839.0
000630.SZ,2026-04-07 13:16:00,5.79,5.8,5.79,5.8,846600,4902071.0
000630.SZ,2026-04-07 13:17:00,5.8,5.8,5.79,5.8,302000,1749841.0
000630.SZ,2026-04-07 13:18:00,5.8,5.8,5.79,5.8,385400,2232113.0
000630.SZ,2026-04-07 13:19:00,5.8,5.8,5.78,5.78,807500,4675933.0
000630.SZ,2026-04-07 13:20:00,5.79,5.79,5.78,5.78,253400,1465222.0
000630.SZ,2026-04-07 13:21:00,5.78,5.79,5.78,5.79,682700,3946923.0
000630.SZ,2026-04-07 13:22:00,5.78,5.79,5.78,5.79,491100,2842298.0
000630.SZ,2026-04-07 13:23:00,5.78,5.79,5.78,5.78,290800,1682524.0
000630.SZ,2026-04-07 13:24:00,5.78,5.79,5.78,5.79,306800,1774777.0
000630.SZ,2026-04-07 13:25:00,5.79,5.79,5.78,5.79,193300,1118370.0
000630.SZ,2026-04-07 13:26:00,5.79,5.8,5.78,5.8,660700,3825718.0
000630.SZ,2026-04-07 13:27:00,5.79,5.8,5.79,5.79,305100,1766820.0
000630.SZ,2026-04-07 13:28:00,5.79,5.79,5.78,5.79,114000,659611.0
000630.SZ,2026-04-07 13:29:00,5.78,5.8,5.78,5.8,1030700,5969046.0
000630.SZ,2026-04-07 13:30:00,5.8,5.8,5.79,5.8,164300,952175.0
000630.SZ,2026-04-07 13:31:00,5.8,5.8,5.79,5.79,243500,1410356.0
000630.SZ,2026-04-07 13:32:00,5.8,5.8,5.79,5.8,663600,3848354.0
000630.SZ,2026-04-07 13:33:00,5.8,5.81,5.8,5.81,877700,5091291.0
000630.SZ,2026-04-07 13:34:00,5.81,5.81,5.8,5.81,137800,799595.0
000630.SZ,2026-04-07 13:35:00,5.81,5.81,5.8,5.8,316800,1837983.0
000630.SZ,2026-04-07 13:36:00,5.81,5.81,5.8,5.8,77100,447540.0
000630.SZ,2026-04-07 13:37:00,5.8,5.81,5.8,5.81,394500,2289666.0
000630.SZ,2026-04-07 13:38:00,5.81,5.81,5.8,5.81,107900,626365.0
000630.SZ,2026-04-07 13:39:00,5.81,5.81,5.8,5.81,249700,1450019.0
000630.SZ,2026-04-07 13:40:00,5.8,5.81,5.8,5.8,262700,1525891.0
000630.SZ,2026-04-07 13:41:00,5.81,5.82,5.81,5.81,1379800,8015326.0
000630.SZ,2026-04-07 13:42:00,5.82,5.82,5.81,5.81,250900,1458310.0
000630.SZ,2026-04-07 13:43:00,5.81,5.82,5.8,5.8,278400,1617861.0
000630.SZ,2026-04-07 13:44:00,5.81,5.81,5.8,5.8,415500,2410645.0
000630.SZ,2026-04-07 13:45:00,5.81,5.81,5.8,5.81,93000,539938.0
000630.SZ,2026-04-07 13:46:00,5.8,5.81,5.8,5.81,69100,400973.0
000630.SZ,2026-04-07 13:47:00,5.8,5.81,5.8,5.81,291500,1692627.0
000630.SZ,2026-04-07 13:48:00,5.81,5.81,5.8,5.8,97500,565998.0
000630.SZ,2026-04-07 13:49:00,5.8,5.81,5.8,5.8,60500,351203.0
000630.SZ,2026-04-07 13:50:00,5.81,5.81,5.8,5.81,246600,1431513.0
000630.SZ,2026-04-07 13:51:00,5.81,5.81,5.8,5.8,87500,507916.0
000630.SZ,2026-04-07 13:52:00,5.81,5.81,5.8,5.8,180800,1048849.0
000630.SZ,2026-04-07 13:53:00,5.8,5.81,5.8,5.81,55900,324381.0
000630.SZ,2026-04-07 13:54:00,5.81,5.81,5.8,5.81,351000,2039166.0
000630.SZ,2026-04-07 13:55:00,5.81,5.81,5.8,5.8,159400,925869.0
000630.SZ,2026-04-07 13:56:00,5.8,5.82,5.8,5.82,1656600,9625737.0
000630.SZ,2026-04-07 13:57:00,5.82,5.82,5.81,5.82,150700,876608.0
000630.SZ,2026-04-07 13:58:00,5.81,5.82,5.81,5.81,116700,678839.0
000630.SZ,2026-04-07 13:59:00,5.82,5.82,5.82,5.82,267300,1553971.0
000630.SZ,2026-04-07 14:00:00,5.82,5.83,5.82,5.83,2182800,12707642.0
000630.SZ,2026-04-07 14:01:00,5.83,5.83,5.82,5.83,623400,3633476.0
000630.SZ,2026-04-07 14:02:00,5.83,5.83,5.82,5.83,612800,3571997.0
000630.SZ,2026-04-07 14:03:00,5.83,5.83,5.82,5.82,427400,2491270.0
000630.SZ,2026-04-07 14:04:00,5.83,5.83,5.82,5.82,139200,810701.0
000630.SZ,2026-04-07 14:05:00,5.83,5.83,5.82,5.83,169500,987135.0
000630.SZ,2026-04-07 14:06:00,5.82,5.83,5.82,5.83,468700,2730617.0
000630.SZ,2026-04-07 14:07:00,5.82,5.83,5.82,5.82,338300,1970657.0
000630.SZ,2026-04-07 14:08:00,5.83,5.83,5.82,5.83,251700,1466293.0
000630.SZ,2026-04-07 14:09:00,5.82,5.83,5.82,5.82,237500,1383342.0
000630.SZ,2026-04-07 14:10:00,5.82,5.83,5.82,5.82,212700,1239152.0
000630.SZ,2026-04-07 14:11:00,5.82,5.83,5.82,5.83,229700,1338374.0
000630.SZ,2026-04-07 14:12:00,5.83,5.83,5.82,5.83,151600,883182.0
000630.SZ,2026-04-07 14:13:00,5.82,5.83,5.82,5.83,281400,1639936.0
000630.SZ,2026-04-07 14:14:00,5.82,5.83,5.82,5.83,221500,1290192.0
000630.SZ,2026-04-07 14:15:00,5.83,5.83,5.82,5.83,409600,2386434.0
000630.SZ,2026-04-07 14:16:00,5.82,5.83,5.82,5.83,244600,1424195.0
000630.SZ,2026-04-07 14:17:00,5.83,5.83,5.82,5.83,130400,759481.0
000630.SZ,2026-04-07 14:18:00,5.82,5.83,5.82,5.83,188400,1097225.0
000630.SZ,2026-04-07 14:19:00,5.83,5.83,5.82,5.83,280400,1632556.0
000630.SZ,2026-04-07 14:20:00,5.83,5.83,5.82,5.82,293100,1708476.0
000630.SZ,2026-04-07 14:21:00,5.82,5.83,5.82,5.83,200598,1168004.4
000630.SZ,2026-04-07 14:22:00,5.83,5.83,5.82,5.83,241500,1406227.0
000630.SZ,2026-04-07 14:23:00,5.83,5.83,5.82,5.83,530500,3087860.0
000630.SZ,2026-04-07 14:24:00,5.83,5.83,5.82,5.82,325800,1896424.0
000630.SZ,2026-04-07 14:25:00,5.83,5.83,5.82,5.83,282700,1646410.0
000630.SZ,2026-04-07 14:26:00,5.83,5.83,5.82,5.83,287800,1676051.0
000630.SZ,2026-04-07 14:27:00,5.83,5.83,5.82,5.82,686800,4002159.0
000630.SZ,2026-04-07 14:28:00,5.83,5.83,5.82,5.82,838400,4880589.0
000630.SZ,2026-04-07 14:29:00,5.82,5.83,5.81,5.81,1814500,10560716.0
000630.SZ,2026-04-07 14:30:00,5.83,5.83,5.82,5.82,606100,3526502.0
000630.SZ,2026-04-07 14:31:00,5.82,5.83,5.82,5.82,531500,3093732.0
000630.SZ,2026-04-07 14:32:00,5.82,5.83,5.81,5.82,815900,4747375.0
000630.SZ,2026-04-07 14:33:00,5.82,5.83,5.81,5.82,650100,3783710.0
000630.SZ,2026-04-07 14:34:00,5.82,5.82,5.81,5.82,192800,1120864.0
000630.SZ,2026-04-07 14:35:00,5.82,5.82,5.81,5.82,320600,1864396.0
000630.SZ,2026-04-07 14:36:00,5.82,5.82,5.81,5.82,1195000,6947197.0
000630.SZ,2026-04-07 14:37:00,5.82,5.82,5.81,5.82,396400,2306275.0
000630.SZ,2026-04-07 14:38:00,5.81,5.82,5.81,5.81,347800,2022761.0
000630.SZ,2026-04-07 14:39:00,5.81,5.82,5.81,5.81,1211300,7049248.0
000630.SZ,2026-04-07 14:40:00,5.82,5.82,5.81,5.82,353800,2058487.0
000630.SZ,2026-04-07 14:41:00,5.82,5.82,5.81,5.82,210700,1225544.0
000630.SZ,2026-04-07 14:42:00,5.82,5.82,5.81,5.81,403400,2344959.0
000630.SZ,2026-04-07 14:43:00,5.82,5.82,5.81,5.81,534600,3107397.0
000630.SZ,2026-04-07 14:44:00,5.81,5.82,5.81,5.81,405300,2356249.0
000630.SZ,2026-04-07 14:45:00,5.81,5.82,5.81,5.81,369000,2145462.0
000630.SZ,2026-04-07 14:46:00,5.81,5.82,5.81,5.81,495100,2878454.0
000630.SZ,2026-04-07 14:47:00,5.81,5.82,5.81,5.81,356100,2070336.0
000630.SZ,2026-04-07 14:48:00,5.81,5.82,5.81,5.81,567700,3300223.0
000630.SZ,2026-04-07 14:49:00,5.82,5.82,5.81,5.81,310200,1803828.0
000630.SZ,2026-04-07 14:50:00,5.82,5.82,5.81,5.81,695500,4043045.0
000630.SZ,2026-04-07 14:51:00,5.81,5.82,5.81,5.82,774600,4501646.0
000630.SZ,2026-04-07 14:52:00,5.81,5.82,5.81,5.82,671400,3902030.0
000630.SZ,2026-04-07 14:53:00,5.81,5.82,5.81,5.82,1315100,7643816.0
000630.SZ,2026-04-07 14:54:00,5.81,5.82,5.81,5.81,877600,5100513.0
000630.SZ,2026-04-07 14:55:00,5.81,5.82,5.81,5.81,755500,4392220.0
000630.SZ,2026-04-07 14:56:00,5.82,5.82,5.81,5.81,1447300,8418089.0
000630.SZ,2026-04-07 14:57:00,5.82,5.82,5.81,5.82,1145400,6661323.0
000630.SZ,2026-04-07 14:58:00,5.82,5.82,5.82,5.82,0,0.0
000630.SZ,2026-04-07 14:59:00,5.82,5.82,5.82,5.82,0,0.0
000630.SZ,2026-04-07 15:00:00,5.82,5.82,5.82,5.82,1698300,9884106.0
000630.SZ,2026-04-08 09:30:00,6.03,6.05,6.02,6.05,5717400,34478700.0
000630.SZ,2026-04-08 09:31:00,6.04,6.05,6.01,6.02,14220500,85786400.0
000630.SZ,2026-04-08 09:32:00,6.02,6.08,6.01,6.07,13874557,83781704.0
000630.SZ,2026-04-08 09:33:00,6.08,6.09,6.05,6.05,7338800,44553164.0
000630.SZ,2026-04-08 09:34:00,6.07,6.07,6.05,6.05,7075600,42890132.0
000630.SZ,2026-04-08 09:35:00,6.05,6.07,6.04,6.07,6416400,38862630.0
000630.SZ,2026-04-08 09:36:00,6.06,6.06,6.05,6.05,3536480,21411804.0
000630.SZ,2026-04-08 09:37:00,6.05,6.06,6.05,6.05,5408361,32763230.0
000630.SZ,2026-04-08 09:38:00,6.06,6.06,6.05,6.06,4425900,26807872.0
000630.SZ,2026-04-08 09:39:00,6.06,6.07,6.05,6.06,2526300,15313372.0
000630.SZ,2026-04-08 09:40:00,6.06,6.08,6.06,6.08,4257900,25851258.0
000630.SZ,2026-04-08 09:41:00,6.08,6.08,6.07,6.08,4496100,27332506.0
000630.SZ,2026-04-08 09:42:00,6.08,6.08,6.07,6.08,2588600,15733682.0
000630.SZ,2026-04-08 09:43:00,6.07,6.08,6.07,6.08,3463700,21049330.0
000630.SZ,2026-04-08 09:44:00,6.08,6.09,6.07,6.08,2222900,13520496.0
000630.SZ,2026-04-08 09:45:00,6.08,6.08,6.07,6.07,2618300,15895899.0
000630.SZ,2026-04-08 09:46:00,6.07,6.08,6.06,6.07,4105700,24930096.0
000630.SZ,2026-04-08 09:47:00,6.08,6.08,6.07,6.07,1780500,10816389.0
000630.SZ,2026-04-08 09:48:00,6.08,6.09,6.08,6.08,3779100,22983220.0
000630.SZ,2026-04-08 09:49:00,6.08,6.09,6.06,6.06,3622900,22009528.0
000630.SZ,2026-04-08 09:50:00,6.07,6.07,6.06,6.07,2215000,13436851.0
000630.SZ,2026-04-08 09:51:00,6.07,6.08,6.06,6.08,1990600,12081852.0
000630.SZ,2026-04-08 09:52:00,6.07,6.08,6.06,6.07,1393400,8456182.0
000630.SZ,2026-04-08 09:53:00,6.07,6.07,6.06,6.06,2168700,13148149.0
000630.SZ,2026-04-08 09:54:00,6.06,6.07,6.05,6.05,1050500,6366960.0
000630.SZ,2026-04-08 09:55:00,6.06,6.06,6.04,6.04,3090000,18704086.0
000630.SZ,2026-04-08 09:56:00,6.04,6.05,6.04,6.04,2365600,14291766.0
000630.SZ,2026-04-08 09:57:00,6.04,6.05,6.04,6.04,2027600,12249743.0
000630.SZ,2026-04-08 09:58:00,6.05,6.05,6.04,6.04,1867800,11285234.0
000630.SZ,2026-04-08 09:59:00,6.04,6.04,6.03,6.03,1477000,8916130.0
000630.SZ,2026-04-08 10:00:00,6.03,6.03,6.02,6.03,3655900,22042436.0
000630.SZ,2026-04-08 10:01:00,6.03,6.05,6.03,6.05,3361000,20314020.0
000630.SZ,2026-04-08 10:02:00,6.05,6.06,6.05,6.05,776500,4700479.0
000630.SZ,2026-04-08 10:03:00,6.05,6.05,6.04,6.05,1455400,8801914.0
000630.SZ,2026-04-08 10:04:00,6.04,6.05,6.04,6.05,992300,6001725.0
000630.SZ,2026-04-08 10:05:00,6.05,6.06,6.05,6.05,869800,5266817.0
000630.SZ,2026-04-08 10:06:00,6.05,6.06,6.04,6.05,1642800,9939715.0
000630.SZ,2026-04-08 10:07:00,6.05,6.06,6.05,6.05,1033100,6256950.0
000630.SZ,2026-04-08 10:08:00,6.06,6.07,6.06,6.07,2274900,13789423.0
000630.SZ,2026-04-08 10:09:00,6.06,6.07,6.06,6.06,753500,4568302.0
000630.SZ,2026-04-08 10:10:00,6.06,6.07,6.06,6.06,1071100,6493869.0
000630.SZ,2026-04-08 10:11:00,6.07,6.07,6.06,6.06,687000,4165948.0
000630.SZ,2026-04-08 10:12:00,6.06,6.07,6.06,6.06,480300,2911431.0
000630.SZ,2026-04-08 10:13:00,6.07,6.07,6.06,6.07,575200,3488982.0
000630.SZ,2026-04-08 10:14:00,6.07,6.07,6.06,6.07,3509600,21305142.0
000630.SZ,2026-04-08 10:15:00,6.07,6.08,6.06,6.06,714600,4336471.0
000630.SZ,2026-04-08 10:16:00,6.06,6.07,6.06,6.07,689800,4184969.0
000630.SZ,2026-04-08 10:17:00,6.07,6.07,6.06,6.07,1091600,6626466.0
000630.SZ,2026-04-08 10:18:00,6.06,6.07,6.06,6.07,462500,2806042.0
000630.SZ,2026-04-08 10:19:00,6.07,6.08,6.07,6.07,1126000,6837380.0
000630.SZ,2026-04-08 10:20:00,6.08,6.08,6.06,6.07,1115800,6774880.0
000630.SZ,2026-04-08 10:21:00,6.06,6.08,6.06,6.07,621900,3775137.0
000630.SZ,2026-04-08 10:22:00,6.08,6.08,6.07,6.08,574700,3491676.0
000630.SZ,2026-04-08 10:23:00,6.08,6.08,6.07,6.07,1145400,6958964.0
000630.SZ,2026-04-08 10:24:00,6.08,6.08,6.07,6.08,460600,2798514.0
000630.SZ,2026-04-08 10:25:00,6.07,6.08,6.07,6.07,461600,2804043.0
000630.SZ,2026-04-08 10:26:00,6.07,6.08,6.07,6.07,414800,2519825.0
000630.SZ,2026-04-08 10:27:00,6.08,6.09,6.07,6.08,6206600,37737744.0
000630.SZ,2026-04-08 10:28:00,6.08,6.09,6.08,6.09,706000,4298533.0
000630.SZ,2026-04-08 10:29:00,6.09,6.09,6.08,6.09,626100,3811186.0
000630.SZ,2026-04-08 10:30:00,6.08,6.1,6.08,6.1,6335901,38600732.0
000630.SZ,2026-04-08 10:31:00,6.1,6.12,6.1,6.11,7216401,44036104.0
000630.SZ,2026-04-08 10:32:00,6.11,6.12,6.11,6.12,2511400,15362574.0
000630.SZ,2026-04-08 10:33:00,6.12,6.12,6.11,6.11,1117900,6839728.0
000630.SZ,2026-04-08 10:34:00,6.12,6.12,6.11,6.12,1009300,6175488.0
000630.SZ,2026-04-08 10:35:00,6.12,6.13,6.12,6.13,1917800,11737445.0
000630.SZ,2026-04-08 10:36:00,6.13,6.13,6.11,6.12,2011200,12312328.0
000630.SZ,2026-04-08 10:37:00,6.11,6.12,6.11,6.11,661800,4048077.0
000630.SZ,2026-04-08 10:38:00,6.11,6.13,6.11,6.13,2045800,12519823.0
000630.SZ,2026-04-08 10:39:00,6.12,6.13,6.12,6.13,1996500,12237000.0
000630.SZ,2026-04-08 10:40:00,6.13,6.14,6.12,6.13,1786800,10946698.0
000630.SZ,2026-04-08 10:41:00,6.13,6.13,6.12,6.12,717300,4392261.0
000630.SZ,2026-04-08 10:42:00,6.12,6.13,6.12,6.12,710900,4356401.0
000630.SZ,2026-04-08 10:43:00,6.13,6.13,6.12,6.13,639500,3919155.0
000630.SZ,2026-04-08 10:44:00,6.13,6.14,6.13,6.14,1635800,10027175.0
000630.SZ,2026-04-08 10:45:00,6.13,6.14,6.13,6.14,465600,2857338.0
000630.SZ,2026-04-08 10:46:00,6.13,6.14,6.13,6.14,768400,4715805.0
000630.SZ,2026-04-08 10:47:00,6.14,6.14,6.13,6.14,543700,3336474.0
000630.SZ,2026-04-08 10:48:00,6.14,6.14,6.13,6.14,541100,3320969.0
000630.SZ,2026-04-08 10:49:00,6.14,6.14,6.13,6.14,724600,4446813.0
000630.SZ,2026-04-08 10:50:00,6.14,6.14,6.13,6.14,1410300,8656784.0
000630.SZ,2026-04-08 10:51:00,6.14,6.14,6.13,6.14,1288500,7906455.0
000630.SZ,2026-04-08 10:52:00,6.14,6.15,6.13,6.15,2343500,14391895.0
000630.SZ,2026-04-08 10:53:00,6.15,6.15,6.14,6.14,819000,5034108.0
000630.SZ,2026-04-08 10:54:00,6.14,6.14,6.13,6.13,2331400,14313534.0
000630.SZ,2026-04-08 10:55:00,6.13,6.14,6.13,6.14,1754100,10769386.0
000630.SZ,2026-04-08 10:56:00,6.14,6.14,6.13,6.14,556000,3412983.0
000630.SZ,2026-04-08 10:57:00,6.14,6.14,6.13,6.13,505300,3101578.0
000630.SZ,2026-04-08 10:58:00,6.14,6.14,6.13,6.14,573400,3519458.0
000630.SZ,2026-04-08 10:59:00,6.14,6.14,6.12,6.12,2724700,16696509.0
000630.SZ,2026-04-08 11:00:00,6.12,6.13,6.12,6.12,862100,5278186.0
000630.SZ,2026-04-08 11:01:00,6.13,6.13,6.12,6.12,488900,2994328.0
000630.SZ,2026-04-08 11:02:00,6.13,6.13,6.12,6.12,285600,1748757.0
000630.SZ,2026-04-08 11:03:00,6.13,6.13,6.12,6.12,316900,1941016.0
000630.SZ,2026-04-08 11:04:00,6.12,6.13,6.12,6.12,262900,1609944.0
000630.SZ,2026-04-08 11:05:00,6.13,6.13,6.12,6.12,319600,1956876.0
000630.SZ,2026-04-08 11:06:00,6.13,6.13,6.12,6.13,266600,1632418.0
000630.SZ,2026-04-08 11:07:00,6.12,6.12,6.11,6.11,1981600,12122231.0
000630.SZ,2026-04-08 11:08:00,6.11,6.12,6.11,6.11,612900,3745838.0
000630.SZ,2026-04-08 11:09:00,6.11,6.12,6.11,6.12,452300,2764992.0
000630.SZ,2026-04-08 11:10:00,6.11,6.12,6.11,6.11,896400,5484568.0
000630.SZ,2026-04-08 11:11:00,6.11,6.12,6.11,6.12,318300,1946731.0
000630.SZ,2026-04-08 11:12:00,6.11,6.12,6.11,6.12,262200,1603711.0
000630.SZ,2026-04-08 11:13:00,6.12,6.12,6.11,6.12,455100,2784494.0
000630.SZ,2026-04-08 11:14:00,6.11,6.13,6.11,6.12,1459200,8940478.0
000630.SZ,2026-04-08 11:15:00,6.13,6.13,6.12,6.13,768300,4709254.0
000630.SZ,2026-04-08 11:16:00,6.13,6.14,6.12,6.13,481900,2953988.0
000630.SZ,2026-04-08 11:17:00,6.14,6.14,6.13,6.14,619600,3803544.0
000630.SZ,2026-04-08 11:18:00,6.14,6.14,6.13,6.13,204600,1255633.0
000630.SZ,2026-04-08 11:19:00,6.13,6.14,6.13,6.14,186705,1145215.6
000630.SZ,2026-04-08 11:20:00,6.14,6.14,6.13,6.13,453600,2783351.0
000630.SZ,2026-04-08 11:21:00,6.13,6.14,6.12,6.13,1126495,6905354.5
000630.SZ,2026-04-08 11:22:00,6.12,6.13,6.12,6.13,834805,5116739.5
000630.SZ,2026-04-08 11:23:00,6.13,6.14,6.12,6.12,677400,4153518.0
000630.SZ,2026-04-08 11:24:00,6.13,6.13,6.12,6.13,548400,3361119.0
000630.SZ,2026-04-08 11:25:00,6.13,6.14,6.13,6.14,385600,2366005.0
000630.SZ,2026-04-08 11:26:00,6.13,6.14,6.13,6.13,299100,1833997.0
000630.SZ,2026-04-08 11:27:00,6.14,6.14,6.12,6.13,683800,4190719.0
000630.SZ,2026-04-08 11:28:00,6.12,6.13,6.12,6.13,682700,4184204.0
000630.SZ,2026-04-08 11:29:00,6.13,6.13,6.12,6.13,325500,1994188.0
000630.SZ,2026-04-08 11:30:00,6.13,6.14,6.12,6.13,456900,2801520.0
000630.SZ,2026-04-08 13:01:00,6.14,6.14,6.13,6.14,3466428,21265504.0
000630.SZ,2026-04-08 13:02:00,6.14,6.15,6.13,6.15,808200,4965413.0
000630.SZ,2026-04-08 13:03:00,6.14,6.15,6.14,6.14,407600,2505056.0
000630.SZ,2026-04-08 13:04:00,6.14,6.15,6.14,6.14,484800,2979285.0
000630.SZ,2026-04-08 13:05:00,6.14,6.15,6.14,6.14,892400,5485582.0
000630.SZ,2026-04-08 13:06:00,6.14,6.15,6.14,6.15,452500,2781573.0
000630.SZ,2026-04-08 13:07:00,6.15,6.15,6.14,6.14,796200,4894621.0
000630.SZ,2026-04-08 13:08:00,6.15,6.15,6.14,6.14,432500,2658922.0
000630.SZ,2026-04-08 13:09:00,6.15,6.15,6.14,6.15,732600,4503351.0
000630.SZ,2026-04-08 13:10:00,6.15,6.16,6.15,6.16,6921500,42591560.0
000630.SZ,2026-04-08 13:11:00,6.16,6.17,6.16,6.16,1467200,9044114.0
000630.SZ,2026-04-08 13:12:00,6.16,6.18,6.16,6.18,1700000,10488561.0
000630.SZ,2026-04-08 13:13:00,6.17,6.18,6.16,6.17,3855600,23775148.0
000630.SZ,2026-04-08 13:14:00,6.17,6.18,6.16,6.18,935100,5772491.0
000630.SZ,2026-04-08 13:15:00,6.17,6.18,6.17,6.18,905500,5592440.0
000630.SZ,2026-04-08 13:16:00,6.17,6.18,6.17,6.17,2870037,17703760.0
000630.SZ,2026-04-08 13:17:00,6.17,6.18,6.16,6.18,1679863,10363871.0
000630.SZ,2026-04-08 13:18:00,6.17,6.18,6.17,6.17,451500,2788419.0
000630.SZ,2026-04-08 13:19:00,6.18,6.18,6.17,6.18,963900,5952859.0
000630.SZ,2026-04-08 13:20:00,6.17,6.18,6.17,6.18,346100,2137113.0
000630.SZ,2026-04-08 13:21:00,6.17,6.18,6.17,6.18,501400,3096723.0
000630.SZ,2026-04-08 13:22:00,6.18,6.18,6.17,6.18,716800,4426438.0
000630.SZ,2026-04-08 13:23:00,6.18,6.18,6.17,6.18,420700,2598596.0
000630.SZ,2026-04-08 13:24:00,6.17,6.18,6.17,6.18,932600,5761924.0
000630.SZ,2026-04-08 13:25:00,6.18,6.19,6.18,6.19,1948400,12044014.0
000630.SZ,2026-04-08 13:26:00,6.19,6.19,6.18,6.19,1127800,6979786.0
000630.SZ,2026-04-08 13:27:00,6.19,6.19,6.18,6.19,1375600,8514256.0
000630.SZ,2026-04-08 13:28:00,6.19,6.2,6.19,6.2,1494000,9257811.0
000630.SZ,2026-04-08 13:29:00,6.2,6.2,6.19,6.19,2840500,17585122.0
000630.SZ,2026-04-08 13:30:00,6.19,6.19,6.18,6.18,2774300,17141460.0
000630.SZ,2026-04-08 13:31:00,6.18,6.18,6.17,6.17,900700,5559077.0
000630.SZ,2026-04-08 13:32:00,6.17,6.17,6.16,6.16,1060300,6533112.0
000630.SZ,2026-04-08 13:33:00,6.17,6.17,6.16,6.17,771500,4755213.0
000630.SZ,2026-04-08 13:34:00,6.16,6.2,6.16,6.19,2966700,18336200.0
000630.SZ,2026-04-08 13:35:00,6.19,6.2,6.19,6.19,728300,4509113.0
000630.SZ,2026-04-08 13:36:00,6.19,6.2,6.19,6.19,950100,5882472.0
000630.SZ,2026-04-08 13:37:00,6.19,6.19,6.18,6.19,1010300,6251302.0
000630.SZ,2026-04-08 13:38:00,6.19,6.2,6.18,6.2,2000400,12379864.0
000630.SZ,2026-04-08 13:39:00,6.2,6.2,6.19,6.2,673600,4171981.0
000630.SZ,2026-04-08 13:40:00,6.2,6.2,6.19,6.2,2109300,13068582.0
000630.SZ,2026-04-08 13:41:00,6.19,6.2,6.19,6.2,439900,2726027.0
000630.SZ,2026-04-08 13:42:00,6.2,6.2,6.19,6.2,447500,2772616.0
000630.SZ,2026-04-08 13:43:00,6.19,6.2,6.19,6.19,1258200,7791177.0
000630.SZ,2026-04-08 13:44:00,6.19,6.2,6.19,6.19,680500,4215954.0
000630.SZ,2026-04-08 13:45:00,6.19,6.2,6.19,6.19,1185100,7337622.0
000630.SZ,2026-04-08 13:46:00,6.19,6.2,6.19,6.2,711700,4407886.0
000630.SZ,2026-04-08 13:47:00,6.2,6.2,6.19,6.19,542900,3364831.0
000630.SZ,2026-04-08 13:48:00,6.19,6.2,6.19,6.2,454400,2814080.0
000630.SZ,2026-04-08 13:49:00,6.2,6.2,6.19,6.2,761300,4715201.0
000630.SZ,2026-04-08 13:50:00,6.2,6.2,6.19,6.19,1340500,8307135.0
000630.SZ,2026-04-08 13:51:00,6.19,6.2,6.19,6.2,348500,2159410.0
000630.SZ,2026-04-08 13:52:00,6.19,6.2,6.19,6.2,1022000,6334136.0
000630.SZ,2026-04-08 13:53:00,6.2,6.2,6.19,6.2,494800,3066685.0
000630.SZ,2026-04-08 13:54:00,6.2,6.2,6.19,6.2,673800,4176254.0
000630.SZ,2026-04-08 13:55:00,6.2,6.2,6.19,6.19,568600,3522847.0
000630.SZ,2026-04-08 13:56:00,6.2,6.2,6.19,6.19,418500,2592374.0
000630.SZ,2026-04-08 13:57:00,6.19,6.2,6.19,6.2,490900,3040778.0
000630.SZ,2026-04-08 13:58:00,6.2,6.2,6.19,6.19,627700,3889724.0
000630.SZ,2026-04-08 13:59:00,6.2,6.2,6.18,6.18,3754300,23240180.0
000630.SZ,2026-04-08 14:00:00,6.18,6.19,6.18,6.19,658100,4071439.0
000630.SZ,2026-04-08 14:01:00,6.19,6.19,6.18,6.19,371000,2295084.0
000630.SZ,2026-04-08 14:02:00,6.18,6.19,6.18,6.18,642900,3975728.0
000630.SZ,2026-04-08 14:03:00,6.18,6.19,6.18,6.18,380300,2352286.0
000630.SZ,2026-04-08 14:04:00,6.19,6.19,6.18,6.19,352300,2178650.0
000630.SZ,2026-04-08 14:05:00,6.19,6.19,6.17,6.17,2576600,15918459.0
000630.SZ,2026-04-08 14:06:00,6.17,6.18,6.17,6.17,441700,2726874.0
000630.SZ,2026-04-08 14:07:00,6.18,6.18,6.17,6.18,357400,2207112.0
000630.SZ,2026-04-08 14:08:00,6.18,6.18,6.17,6.17,407300,2514832.0
000630.SZ,2026-04-08 14:09:00,6.17,6.17,6.16,6.17,1784300,11006980.0
000630.SZ,2026-04-08 14:10:00,6.16,6.17,6.16,6.16,621600,3831131.0
000630.SZ,2026-04-08 14:11:00,6.17,6.17,6.16,6.17,461300,2842809.0
000630.SZ,2026-04-08 14:12:00,6.16,6.17,6.16,6.16,615400,3793688.0
000630.SZ,2026-04-08 14:13:00,6.16,6.17,6.16,6.16,283000,1744479.0
000630.SZ,2026-04-08 14:14:00,6.16,6.17,6.16,6.17,473400,2917258.0
000630.SZ,2026-04-08 14:15:00,6.17,6.17,6.16,6.16,611600,3770116.0
000630.SZ,2026-04-08 14:16:00,6.17,6.17,6.16,6.17,749300,4618465.0
000630.SZ,2026-04-08 14:17:00,6.17,6.17,6.16,6.16,312000,1923075.0
000630.SZ,2026-04-08 14:18:00,6.16,6.17,6.16,6.16,2118000,13047158.0
000630.SZ,2026-04-08 14:19:00,6.16,6.16,6.15,6.15,700700,4312971.0
000630.SZ,2026-04-08 14:20:00,6.16,6.16,6.15,6.16,462200,2845043.0
000630.SZ,2026-04-08 14:21:00,6.15,6.16,6.15,6.16,1621400,9986375.0
000630.SZ,2026-04-08 14:22:00,6.16,6.17,6.16,6.16,966400,5954629.0
000630.SZ,2026-04-08 14:23:00,6.16,6.17,6.16,6.17,657400,4053035.0
000630.SZ,2026-04-08 14:24:00,6.17,6.17,6.16,6.16,2592600,15972686.0
000630.SZ,2026-04-08 14:25:00,6.16,6.17,6.16,6.16,908300,5596204.0
000630.SZ,2026-04-08 14:26:00,6.16,6.17,6.16,6.17,337600,2080679.0
000630.SZ,2026-04-08 14:27:00,6.17,6.17,6.16,6.17,646700,3986933.0
000630.SZ,2026-04-08 14:28:00,6.16,6.17,6.16,6.17,529800,3265463.0
000630.SZ,2026-04-08 14:29:00,6.17,6.17,6.16,6.17,627900,3869611.0
000630.SZ,2026-04-08 14:30:00,6.16,6.17,6.16,6.16,525600,3239864.0
000630.SZ,2026-04-08 14:31:00,6.17,6.17,6.16,6.17,1361700,8393530.0
000630.SZ,2026-04-08 14:32:00,6.17,6.17,6.16,6.17,810200,4996592.0
000630.SZ,2026-04-08 14:33:00,6.17,6.17,6.16,6.17,2572700,15869646.0
000630.SZ,2026-04-08 14:34:00,6.17,6.18,6.16,6.18,1544975,9533614.0
000630.SZ,2026-04-08 14:35:00,6.18,6.18,6.17,6.17,1266838,7818241.5
000630.SZ,2026-04-08 14:36:00,6.18,6.18,6.16,6.16,1675062,10328235.0
000630.SZ,2026-04-08 14:37:00,6.16,6.17,6.16,6.16,550900,3396611.0
000630.SZ,2026-04-08 14:38:00,6.17,6.17,6.16,6.16,1615900,9967993.0
000630.SZ,2026-04-08 14:39:00,6.17,6.17,6.16,6.17,810700,5000311.0
000630.SZ,2026-04-08 14:40:00,6.16,6.17,6.16,6.16,1551300,9568261.0
000630.SZ,2026-04-08 14:41:00,6.17,6.17,6.16,6.17,895700,5524279.0
000630.SZ,2026-04-08 14:42:00,6.17,6.17,6.16,6.17,1182900,7293248.0
000630.SZ,2026-04-08 14:43:00,6.16,6.17,6.16,6.17,1478800,9119243.0
000630.SZ,2026-04-08 14:44:00,6.17,6.17,6.17,6.17,1071100,6608505.0
000630.SZ,2026-04-08 14:45:00,6.17,6.17,6.16,6.16,1225700,7564520.0
000630.SZ,2026-04-08 14:46:00,6.17,6.17,6.16,6.17,1166700,7198095.0
000630.SZ,2026-04-08 14:47:00,6.17,6.18,6.17,6.18,577800,3567307.0
000630.SZ,2026-04-08 14:48:00,6.18,6.18,6.17,6.18,1469600,9071940.0
000630.SZ,2026-04-08 14:49:00,6.17,6.18,6.17,6.18,1143969,7063441.5
000630.SZ,2026-04-08 14:50:00,6.17,6.18,6.17,6.18,1085600,6702929.0
000630.SZ,2026-04-08 14:51:00,6.17,6.18,6.17,6.18,1190400,7350383.0
000630.SZ,2026-04-08 14:52:00,6.17,6.18,6.17,6.17,1410200,8707177.0
000630.SZ,2026-04-08 14:53:00,6.18,6.18,6.17,6.17,1749900,10806967.0
000630.SZ,2026-04-08 14:54:00,6.17,6.18,6.17,6.17,1633500,10089707.0
000630.SZ,2026-04-08 14:55:00,6.18,6.18,6.17,6.17,2229300,13766243.0
000630.SZ,2026-04-08 14:56:00,6.18,6.19,6.17,6.19,3135438,19370420.0
000630.SZ,2026-04-08 14:57:00,6.18,6.19,6.17,6.19,2355300,14559219.0
000630.SZ,2026-04-08 14:58:00,6.19,6.19,6.19,6.19,0,0.0
000630.SZ,2026-04-08 14:59:00,6.19,6.19,6.19,6.19,0,0.0
000630.SZ,2026-04-08 15:00:00,6.19,6.19,6.19,6.19,3905500,24175044.0
000630.SZ,2026-04-09 09:30:00,6.09,6.1,6.09,6.09,6146900,37435292.0
000630.SZ,2026-04-09 09:31:00,6.08,6.1,6.06,6.09,16306076,99188200.0
000630.SZ,2026-04-09 09:32:00,6.09,6.09,6.07,6.09,8257324,50210976.0
000630.SZ,2026-04-09 09:33:00,6.08,6.08,6.06,6.07,5846200,35481104.0
000630.SZ,2026-04-09 09:34:00,6.07,6.08,6.06,6.07,5095600,30916720.0
000630.SZ,2026-04-09 09:35:00,6.06,6.09,6.06,6.09,5438950,33034020.0
000630.SZ,2026-04-09 09:36:00,6.1,6.1,6.07,6.07,3182100,19358840.0
000630.SZ,2026-04-09 09:37:00,6.07,6.08,6.06,6.06,2780700,16876004.0
000630.SZ,2026-04-09 09:38:00,6.06,6.08,6.06,6.07,2931600,17795708.0
000630.SZ,2026-04-09 09:39:00,6.07,6.07,6.05,6.06,5219777,31635920.0
000630.SZ,2026-04-09 09:40:00,6.06,6.07,6.05,6.06,2708100,16402839.0
000630.SZ,2026-04-09 09:41:00,6.06,6.07,6.06,6.07,3437400,20834248.0
000630.SZ,2026-04-09 09:42:00,6.07,6.09,6.06,6.09,2769800,16827584.0
000630.SZ,2026-04-09 09:43:00,6.08,6.09,6.07,6.09,2252200,13693814.0
000630.SZ,2026-04-09 09:44:00,6.08,6.09,6.07,6.08,1757200,10683450.0
000630.SZ,2026-04-09 09:45:00,6.07,6.09,6.07,6.09,3056200,18587144.0
000630.SZ,2026-04-09 09:46:00,6.09,6.1,6.09,6.1,2486833,15149439.0
000630.SZ,2026-04-09 09:47:00,6.1,6.1,6.09,6.1,3095100,18854966.0
000630.SZ,2026-04-09 09:48:00,6.1,6.1,6.08,6.09,1324600,8062352.0
000630.SZ,2026-04-09 09:49:00,6.08,6.09,6.08,6.08,1419300,8630469.0
000630.SZ,2026-04-09 09:50:00,6.08,6.1,6.08,6.1,2018300,12281796.0
000630.SZ,2026-04-09 09:51:00,6.09,6.1,6.08,6.09,1128300,6872078.0
000630.SZ,2026-04-09 09:52:00,6.1,6.12,6.09,6.12,3930800,23987130.0
000630.SZ,2026-04-09 09:53:00,6.11,6.13,6.11,6.12,1635400,10005258.0
000630.SZ,2026-04-09 09:54:00,6.12,6.13,6.12,6.13,883200,5409623.0
000630.SZ,2026-04-09 09:55:00,6.13,6.13,6.12,6.12,2370500,14515325.0
000630.SZ,2026-04-09 09:56:00,6.12,6.12,6.11,6.12,1058300,6470643.0
000630.SZ,2026-04-09 09:57:00,6.12,6.12,6.11,6.11,1007200,6158470.0
000630.SZ,2026-04-09 09:58:00,6.12,6.12,6.11,6.12,1009800,6177100.0
000630.SZ,2026-04-09 09:59:00,6.12,6.12,6.11,6.11,1416600,8659142.0
000630.SZ,2026-04-09 10:00:00,6.11,6.11,6.1,6.1,1132300,6912950.0
000630.SZ,2026-04-09 10:01:00,6.1,6.11,6.1,6.1,2038000,12432434.0
000630.SZ,2026-04-09 10:02:00,6.11,6.11,6.1,6.1,1316700,8032405.0
000630.SZ,2026-04-09 10:03:00,6.1,6.1,6.09,6.1,618100,3768931.0
000630.SZ,2026-04-09 10:04:00,6.09,6.11,6.09,6.1,1111000,6774124.0
000630.SZ,2026-04-09 10:05:00,6.1,6.11,6.1,6.1,691900,4222291.0
000630.SZ,2026-04-09 10:06:00,6.1,6.13,6.1,6.13,2036015,12450081.0
000630.SZ,2026-04-09 10:07:00,6.12,6.13,6.12,6.13,449700,2754705.0
000630.SZ,2026-04-09 10:08:00,6.12,6.15,6.12,6.15,2829900,17357226.0
000630.SZ,2026-04-09 10:09:00,6.14,6.14,6.13,6.14,1451000,8907797.0
000630.SZ,2026-04-09 10:10:00,6.14,6.14,6.13,6.13,934200,5732732.0
000630.SZ,2026-04-09 10:11:00,6.13,6.14,6.13,6.13,768700,4717489.0
000630.SZ,2026-04-09 10:12:00,6.13,6.14,6.13,6.14,474700,2911710.0
000630.SZ,2026-04-09 10:13:00,6.13,6.13,6.12,6.13,1704400,10445360.0
000630.SZ,2026-04-09 10:14:00,6.12,6.13,6.12,6.12,361900,2215431.0
000630.SZ,2026-04-09 10:15:00,6.13,6.13,6.12,6.13,421300,2580311.0
000630.SZ,2026-04-09 10:16:00,6.13,6.13,6.12,6.13,321000,1965686.0
000630.SZ,2026-04-09 10:17:00,6.12,6.13,6.12,6.13,304700,1866818.0
000630.SZ,2026-04-09 10:18:00,6.12,6.13,6.12,6.12,1075800,6585716.0
000630.SZ,2026-04-09 10:19:00,6.12,6.14,6.12,6.14,1714100,10515283.0
000630.SZ,2026-04-09 10:20:00,6.13,6.15,6.13,6.15,1114400,6841118.0
000630.SZ,2026-04-09 10:21:00,6.15,6.15,6.13,6.15,826100,5072710.0
000630.SZ,2026-04-09 10:22:00,6.15,6.15,6.14,6.15,474500,2917213.0
000630.SZ,2026-04-09 10:23:00,6.15,6.15,6.14,6.14,628385,3863445.0
000630.SZ,2026-04-09 10:24:00,6.14,6.15,6.14,6.15,471400,2897591.0
000630.SZ,2026-04-09 10:25:00,6.15,6.15,6.14,6.14,485500,2984066.0
000630.SZ,2026-04-09 10:26:00,6.14,6.15,6.14,6.15,513400,3156473.0
000630.SZ,2026-04-09 10:27:00,6.15,6.15,6.14,6.15,327800,2014379.0
000630.SZ,2026-04-09 10:28:00,6.14,6.14,6.13,6.14,2445800,15014932.0
000630.SZ,2026-04-09 10:29:00,6.15,6.15,6.14,6.15,223700,1374354.0
000630.SZ,2026-04-09 10:30:00,6.14,6.15,6.14,6.15,656500,4034345.0
000630.SZ,2026-04-09 10:31:00,6.15,6.15,6.14,6.14,989100,6075166.0
000630.SZ,2026-04-09 10:32:00,6.15,6.15,6.14,6.15,915500,5628203.0
000630.SZ,2026-04-09 10:33:00,6.14,6.15,6.14,6.14,190900,1172645.0
000630.SZ,2026-04-09 10:34:00,6.14,6.15,6.14,6.15,383100,2354618.0
000630.SZ,2026-04-09 10:35:00,6.15,6.15,6.14,6.14,268800,1651225.0
000630.SZ,2026-04-09 10:36:00,6.14,6.15,6.14,6.15,1230200,7561857.0
000630.SZ,2026-04-09 10:37:00,6.14,6.15,6.14,6.15,342300,2103187.0
000630.SZ,2026-04-09 10:38:00,6.14,6.15,6.14,6.15,248100,1524373.0
000630.SZ,2026-04-09 10:39:00,6.14,6.15,6.13,6.13,982400,6031569.0
000630.SZ,2026-04-09 10:40:00,6.14,6.14,6.13,6.13,385500,2364942.0
000630.SZ,2026-04-09 10:41:00,6.13,6.14,6.13,6.14,209400,1284425.0
000630.SZ,2026-04-09 10:42:00,6.14,6.14,6.13,6.14,410600,2520326.0
000630.SZ,2026-04-09 10:43:00,6.14,6.15,6.13,6.15,746400,4583041.0
000630.SZ,2026-04-09 10:44:00,6.15,6.15,6.14,6.15,248500,1526980.0
000630.SZ,2026-04-09 10:45:00,6.14,6.16,6.14,6.15,1814059,11155880.0
000630.SZ,2026-04-09 10:46:00,6.15,6.15,6.14,6.15,447300,2750698.0
000630.SZ,2026-04-09 10:47:00,6.14,6.15,6.13,6.14,1248900,7668087.0
000630.SZ,2026-04-09 10:48:00,6.13,6.14,6.13,6.13,195000,1195937.0
000630.SZ,2026-04-09 10:49:00,6.14,6.14,6.12,6.12,1392100,8532260.0
000630.SZ,2026-04-09 10:50:00,6.13,6.13,6.12,6.12,595600,3645874.0
000630.SZ,2026-04-09 10:51:00,6.12,6.14,6.12,6.13,776540,4759968.0
000630.SZ,2026-04-09 10:52:00,6.13,6.14,6.12,6.14,146600,898954.0
000630.SZ,2026-04-09 10:53:00,6.14,6.14,6.13,6.14,271100,1663429.0
000630.SZ,2026-04-09 10:54:00,6.14,6.14,6.13,6.13,256400,1573087.0
000630.SZ,2026-04-09 10:55:00,6.13,6.14,6.13,6.13,200300,1228691.0
000630.SZ,2026-04-09 10:56:00,6.13,6.14,6.13,6.13,270400,1657944.0
000630.SZ,2026-04-09 10:57:00,6.13,6.14,6.12,6.12,808100,4955151.0
000630.SZ,2026-04-09 10:58:00,6.12,6.13,6.12,6.13,151000,924841.0
000630.SZ,2026-04-09 10:59:00,6.12,6.13,6.12,6.12,227200,1390888.0
000630.SZ,2026-04-09 11:00:00,6.12,6.12,6.11,6.11,1198560,7334297.0
000630.SZ,2026-04-09 11:01:00,6.12,6.12,6.11,6.11,643900,3938047.0
000630.SZ,2026-04-09 11:02:00,6.12,6.12,6.11,6.11,380500,2325372.0
000630.SZ,2026-04-09 11:03:00,6.11,6.12,6.11,6.11,243700,1489285.0
000630.SZ,2026-04-09 11:04:00,6.11,6.12,6.1,6.11,1116700,6823411.0
000630.SZ,2026-04-09 11:05:00,6.11,6.12,6.11,6.12,698500,4268743.0
000630.SZ,2026-04-09 11:06:00,6.12,6.12,6.11,6.11,148800,909650.0
000630.SZ,2026-04-09 11:07:00,6.12,6.12,6.11,6.11,170300,1040789.0
000630.SZ,2026-04-09 11:08:00,6.11,6.12,6.11,6.12,127500,779719.0
000630.SZ,2026-04-09 11:09:00,6.12,6.13,6.11,6.12,1092600,6687497.0
000630.SZ,2026-04-09 11:10:00,6.13,6.13,6.11,6.12,465700,2849973.0
000630.SZ,2026-04-09 11:11:00,6.12,6.13,6.12,6.12,224300,1372748.0
000630.SZ,2026-04-09 11:12:00,6.12,6.12,6.11,6.11,573300,3504402.0
000630.SZ,2026-04-09 11:13:00,6.11,6.11,6.1,6.1,518100,3164404.0
000630.SZ,2026-04-09 11:14:00,6.11,6.11,6.09,6.09,2206500,13459655.0
000630.SZ,2026-04-09 11:15:00,6.09,6.1,6.09,6.09,407900,2484685.0
000630.SZ,2026-04-09 11:16:00,6.09,6.1,6.09,6.1,419881,2558262.2
000630.SZ,2026-04-09 11:17:00,6.09,6.1,6.09,6.09,165800,1010314.0
000630.SZ,2026-04-09 11:18:00,6.09,6.1,6.09,6.09,319700,1949423.0
000630.SZ,2026-04-09 11:19:00,6.09,6.1,6.09,6.09,438200,2670298.0
000630.SZ,2026-04-09 11:20:00,6.1,6.1,6.09,6.09,275100,1677545.0
000630.SZ,2026-04-09 11:21:00,6.1,6.11,6.1,6.1,912600,5568315.0
000630.SZ,2026-04-09 11:22:00,6.1,6.11,6.1,6.1,535400,3266543.0
000630.SZ,2026-04-09 11:23:00,6.1,6.1,6.09,6.1,106900,651796.0
000630.SZ,2026-04-09 11:24:00,6.1,6.1,6.09,6.1,109500,667509.0
000630.SZ,2026-04-09 11:25:00,6.1,6.1,6.09,6.09,275700,1679747.0
000630.SZ,2026-04-09 11:26:00,6.09,6.1,6.09,6.1,184500,1124189.0
000630.SZ,2026-04-09 11:27:00,6.1,6.1,6.09,6.09,188000,1145473.0
000630.SZ,2026-04-09 11:28:00,6.1,6.1,6.09,6.09,264000,1609063.0
000630.SZ,2026-04-09 11:29:00,6.1,6.1,6.09,6.1,352200,2146765.0
000630.SZ,2026-04-09 11:30:00,6.09,6.1,6.09,6.09,333450,2031726.5
000630.SZ,2026-04-09 13:01:00,6.1,6.1,6.09,6.09,1637100,9970896.0
000630.SZ,2026-04-09 13:02:00,6.09,6.09,6.08,6.08,371000,2256891.0
000630.SZ,2026-04-09 13:03:00,6.08,6.09,6.08,6.09,350800,2133558.0
000630.SZ,2026-04-09 13:04:00,6.08,6.09,6.08,6.09,764700,4650312.0
000630.SZ,2026-04-09 13:05:00,6.08,6.09,6.07,6.07,2834900,17231110.0
000630.SZ,2026-04-09 13:06:00,6.07,6.07,6.06,6.07,1981700,12027500.0
000630.SZ,2026-04-09 13:07:00,6.06,6.07,6.06,6.07,1512500,9178508.0
000630.SZ,2026-04-09 13:08:00,6.07,6.08,6.07,6.07,644900,3918183.0
000630.SZ,2026-04-09 13:09:00,6.07,6.08,6.07,6.08,332500,2019457.0
000630.SZ,2026-04-09 13:10:00,6.07,6.08,6.07,6.07,551900,3351271.0
000630.SZ,2026-04-09 13:11:00,6.07,6.08,6.07,6.08,290700,1766066.0
000630.SZ,2026-04-09 13:12:00,6.08,6.08,6.07,6.07,396400,2407424.0
000630.SZ,2026-04-09 13:13:00,6.08,6.08,6.07,6.08,981400,5958481.0
000630.SZ,2026-04-09 13:14:00,6.08,6.08,6.06,6.07,1554400,9435124.0
000630.SZ,2026-04-09 13:15:00,6.06,6.07,6.06,6.06,600100,3637922.0
000630.SZ,2026-04-09 13:16:00,6.07,6.07,6.06,6.06,514800,3122139.0
000630.SZ,2026-04-09 13:17:00,6.06,6.07,6.06,6.06,540700,3277761.0
000630.SZ,2026-04-09 13:18:00,6.06,6.07,6.06,6.06,949000,5758840.0
000630.SZ,2026-04-09 13:19:00,6.06,6.07,6.06,6.07,318100,1928906.0
000630.SZ,2026-04-09 13:20:00,6.06,6.07,6.06,6.07,358800,2175980.0
000630.SZ,2026-04-09 13:21:00,6.06,6.07,6.06,6.07,475500,2882967.0
000630.SZ,2026-04-09 13:22:00,6.07,6.07,6.06,6.06,1425100,8638554.0
000630.SZ,2026-04-09 13:23:00,6.06,6.07,6.06,6.06,757900,4594697.0
000630.SZ,2026-04-09 13:24:00,6.07,6.08,6.06,6.08,1429800,8677820.0
000630.SZ,2026-04-09 13:25:00,6.07,6.08,6.07,6.07,302000,1834557.0
000630.SZ,2026-04-09 13:26:00,6.08,6.08,6.07,6.08,1332300,8098437.0
000630.SZ,2026-04-09 13:27:00,6.08,6.09,6.08,6.09,594400,3615421.0
000630.SZ,2026-04-09 13:28:00,6.09,6.09,6.08,6.08,406900,2474583.0
000630.SZ,2026-04-09 13:29:00,6.09,6.09,6.08,6.08,205800,1251945.0
000630.SZ,2026-04-09 13:30:00,6.09,6.09,6.08,6.09,621100,3777072.0
000630.SZ,2026-04-09 13:31:00,6.08,6.09,6.08,6.09,367700,2238003.0
000630.SZ,2026-04-09 13:32:00,6.09,6.1,6.09,6.1,927900,5651902.0
000630.SZ,2026-04-09 13:33:00,6.09,6.1,6.09,6.1,323200,1970110.0
000630.SZ,2026-04-09 13:34:00,6.09,6.1,6.09,6.1,335100,2043727.0
000630.SZ,2026-04-09 13:35:00,6.09,6.1,6.09,6.09,303400,1849864.0
000630.SZ,2026-04-09 13:36:00,6.09,6.1,6.09,6.1,159000,969201.0
000630.SZ,2026-04-09 13:37:00,6.1,6.1,6.09,6.1,616100,3757490.0
000630.SZ,2026-04-09 13:38:00,6.09,6.1,6.09,6.1,208900,1273749.0
000630.SZ,2026-04-09 13:39:00,6.1,6.1,6.09,6.1,555200,3386291.0
000630.SZ,2026-04-09 13:40:00,6.1,6.11,6.1,6.11,222500,1358653.0
000630.SZ,2026-04-09 13:41:00,6.1,6.11,6.1,6.11,314300,1917965.0
000630.SZ,2026-04-09 13:42:00,6.1,6.11,6.09,6.09,460700,2809430.0
000630.SZ,2026-04-09 13:43:00,6.09,6.1,6.09,6.1,189625,1155395.2
000630.SZ,2026-04-09 13:44:00,6.1,6.1,6.09,6.09,245700,1497461.0
000630.SZ,2026-04-09 13:45:00,6.09,6.1,6.09,6.1,265700,1618485.0
000630.SZ,2026-04-09 13:46:00,6.11,6.11,6.1,6.1,820100,5004188.0
000630.SZ,2026-04-09 13:47:00,6.1,6.11,6.1,6.1,1057805,6453159.5
000630.SZ,2026-04-09 13:48:00,6.11,6.11,6.1,6.11,179500,1095383.0
000630.SZ,2026-04-09 13:49:00,6.1,6.11,6.1,6.1,523895,3195971.5
000630.SZ,2026-04-09 13:50:00,6.09,6.1,6.09,6.1,567700,3462311.0
000630.SZ,2026-04-09 13:51:00,6.1,6.1,6.09,6.1,189900,1157459.0
000630.SZ,2026-04-09 13:52:00,6.1,6.1,6.09,6.1,206700,1259339.0
000630.SZ,2026-04-09 13:53:00,6.09,6.1,6.08,6.08,1801275,10969882.0
000630.SZ,2026-04-09 13:54:00,6.09,6.09,6.08,6.09,115900,705131.0
000630.SZ,2026-04-09 13:55:00,6.09,6.09,6.08,6.09,95800,583135.0
000630.SZ,2026-04-09 13:56:00,6.09,6.1,6.08,6.1,1279500,7793263.0
000630.SZ,2026-04-09 13:57:00,6.09,6.1,6.09,6.09,796500,4854959.0
000630.SZ,2026-04-09 13:58:00,6.09,6.1,6.09,6.09,207100,1261687.0
000630.SZ,2026-04-09 13:59:00,6.09,6.1,6.09,6.09,136200,829873.0
000630.SZ,2026-04-09 14:00:00,6.1,6.1,6.09,6.1,232900,1419106.0
000630.SZ,2026-04-09 14:01:00,6.09,6.1,6.09,6.1,157600,961050.0
000630.SZ,2026-04-09 14:02:00,6.1,6.11,6.09,6.1,2202031,13432411.0
000630.SZ,2026-04-09 14:03:00,6.1,6.11,6.1,6.11,216500,1321627.0
000630.SZ,2026-04-09 14:04:00,6.11,6.11,6.09,6.1,522300,3185709.0
000630.SZ,2026-04-09 14:05:00,6.1,6.11,6.1,6.1,108200,660272.0
000630.SZ,2026-04-09 14:06:00,6.1,6.11,6.1,6.11,377200,2301078.0
000630.SZ,2026-04-09 14:07:00,6.1,6.11,6.1,6.1,144300,881138.0
000630.SZ,2026-04-09 14:08:00,6.11,6.11,6.1,6.1,266200,1624271.0
000630.SZ,2026-04-09 14:09:00,6.1,6.11,6.1,6.1,578000,3526418.0
000630.SZ,2026-04-09 14:10:00,6.1,6.11,6.09,6.1,960300,5857881.0
000630.SZ,2026-04-09 14:11:00,6.1,6.1,6.09,6.1,1208800,7372205.0
000630.SZ,2026-04-09 14:12:00,6.1,6.1,6.09,6.1,411700,2509542.0
000630.SZ,2026-04-09 14:13:00,6.09,6.1,6.09,6.09,332600,2027075.0
000630.SZ,2026-04-09 14:14:00,6.09,6.1,6.09,6.09,292200,1780284.0
000630.SZ,2026-04-09 14:15:00,6.1,6.1,6.09,6.1,284100,1731281.0
000630.SZ,2026-04-09 14:16:00,6.1,6.1,6.09,6.1,455200,2774536.0
000630.SZ,2026-04-09 14:17:00,6.1,6.1,6.09,6.09,2184900,13307475.0
000630.SZ,2026-04-09 14:18:00,6.08,6.09,6.08,6.09,830900,5057960.0
000630.SZ,2026-04-09 14:19:00,6.09,6.09,6.08,6.08,698500,4252995.0
000630.SZ,2026-04-09 14:20:00,6.08,6.1,6.08,6.09,495000,3014309.0
000630.SZ,2026-04-09 14:21:00,6.1,6.1,6.09,6.1,310100,1890475.0
000630.SZ,2026-04-09 14:22:00,6.09,6.1,6.09,6.09,187600,1142712.0
000630.SZ,2026-04-09 14:23:00,6.1,6.1,6.09,6.09,192500,1173169.0
000630.SZ,2026-04-09 14:24:00,6.1,6.1,6.09,6.1,126900,773478.0
000630.SZ,2026-04-09 14:25:00,6.1,6.1,6.09,6.09,239800,1460825.0
000630.SZ,2026-04-09 14:26:00,6.09,6.1,6.09,6.09,400100,2437914.0
000630.SZ,2026-04-09 14:27:00,6.09,6.1,6.09,6.09,269000,1639234.0
000630.SZ,2026-04-09 14:28:00,6.09,6.1,6.09,6.1,403700,2461309.0
000630.SZ,2026-04-09 14:29:00,6.09,6.1,6.09,6.09,1837600,11191677.0
000630.SZ,2026-04-09 14:30:00,6.09,6.1,6.09,6.1,685100,4172482.0
000630.SZ,2026-04-09 14:31:00,6.1,6.1,6.09,6.09,413100,2516206.0
000630.SZ,2026-04-09 14:32:00,6.09,6.1,6.08,6.09,513600,3127900.0
000630.SZ,2026-04-09 14:33:00,6.09,6.1,6.08,6.08,642500,3912719.0
000630.SZ,2026-04-09 14:34:00,6.09,6.09,6.08,6.08,370500,2255167.0
000630.SZ,2026-04-09 14:35:00,6.09,6.09,6.08,6.09,480100,2922241.0
000630.SZ,2026-04-09 14:36:00,6.09,6.09,6.08,6.09,411700,2506775.0
000630.SZ,2026-04-09 14:37:00,6.08,6.1,6.08,6.09,494400,3009577.0
000630.SZ,2026-04-09 14:38:00,6.09,6.1,6.09,6.09,386700,2355304.0
000630.SZ,2026-04-09 14:39:00,6.09,6.1,6.09,6.09,205400,1251336.0
000630.SZ,2026-04-09 14:40:00,6.09,6.1,6.09,6.09,251500,1532242.0
000630.SZ,2026-04-09 14:41:00,6.09,6.09,6.08,6.08,932800,5680106.0
000630.SZ,2026-04-09 14:42:00,6.08,6.09,6.08,6.09,489900,2979880.0
000630.SZ,2026-04-09 14:43:00,6.08,6.09,6.08,6.08,431500,2625012.0
000630.SZ,2026-04-09 14:44:00,6.08,6.09,6.08,6.09,571600,3478167.0
000630.SZ,2026-04-09 14:45:00,6.08,6.09,6.08,6.09,623000,3789738.0
000630.SZ,2026-04-09 14:46:00,6.08,6.09,6.08,6.08,347700,2115111.0
000630.SZ,2026-04-09 14:47:00,6.09,6.09,6.08,6.09,317600,1932486.0
000630.SZ,2026-04-09 14:48:00,6.09,6.09,6.08,6.08,477200,2903049.0
000630.SZ,2026-04-09 14:49:00,6.09,6.09,6.08,6.09,620100,3773170.0
000630.SZ,2026-04-09 14:50:00,6.09,6.09,6.08,6.09,763700,4648467.0
000630.SZ,2026-04-09 14:51:00,6.09,6.09,6.08,6.08,477400,2904693.0
000630.SZ,2026-04-09 14:52:00,6.08,6.09,6.08,6.09,945100,5753218.0
000630.SZ,2026-04-09 14:53:00,6.08,6.09,6.08,6.08,1205300,7337326.0
000630.SZ,2026-04-09 14:54:00,6.08,6.09,6.08,6.09,779200,4743205.0
000630.SZ,2026-04-09 14:55:00,6.09,6.09,6.08,6.08,1611900,9810880.0
000630.SZ,2026-04-09 14:56:00,6.09,6.1,6.08,6.09,1758600,10710038.0
000630.SZ,2026-04-09 14:57:00,6.1,6.1,6.09,6.1,1462700,8916415.0
000630.SZ,2026-04-09 14:58:00,6.1,6.1,6.1,6.1,0,0.0
000630.SZ,2026-04-09 14:59:00,6.1,6.1,6.1,6.1,0,0.0
000630.SZ,2026-04-09 15:00:00,6.1,6.1,6.1,6.1,1675300,10219330.0
000630.SZ,2026-04-10 09:30:00,6.16,6.17,6.16,6.16,1545275,9520261.0
000630.SZ,2026-04-10 09:31:00,6.17,6.18,6.12,6.13,6422925,39510070.0
000630.SZ,2026-04-10 09:32:00,6.13,6.13,6.09,6.1,5298500,32338238.0
000630.SZ,2026-04-10 09:33:00,6.11,6.12,6.11,6.12,1663400,10172313.0
000630.SZ,2026-04-10 09:34:00,6.12,6.13,6.11,6.13,1365900,8361304.0
000630.SZ,2026-04-10 09:35:00,6.13,6.13,6.11,6.12,2384600,14589961.0
000630.SZ,2026-04-10 09:36:00,6.12,6.13,6.11,6.13,2229300,13641224.0
000630.SZ,2026-04-10 09:37:00,6.13,6.13,6.11,6.13,2221100,13599628.0
000630.SZ,2026-04-10 09:38:00,6.12,6.14,6.12,6.13,1362100,8348846.0
000630.SZ,2026-04-10 09:39:00,6.13,6.14,6.12,6.13,1190700,7296035.0
000630.SZ,2026-04-10 09:40:00,6.12,6.13,6.12,6.13,1196700,7324414.0
000630.SZ,2026-04-10 09:41:00,6.13,6.15,6.13,6.15,1945700,11943296.0
000630.SZ,2026-04-10 09:42:00,6.15,6.15,6.14,6.14,1021600,6281058.0
000630.SZ,2026-04-10 09:43:00,6.15,6.15,6.13,6.14,1988200,12200285.0
000630.SZ,2026-04-10 09:44:00,6.14,6.15,6.14,6.14,1032100,6338853.0
000630.SZ,2026-04-10 09:45:00,6.14,6.15,6.13,6.15,919700,5645590.0
000630.SZ,2026-04-10 09:46:00,6.14,6.15,6.14,6.15,1555500,9557447.0
000630.SZ,2026-04-10 09:47:00,6.14,6.16,6.14,6.15,2294600,14112439.0
000630.SZ,2026-04-10 09:48:00,6.15,6.16,6.14,6.15,1237650,7615173.5
000630.SZ,2026-04-10 09:49:00,6.16,6.16,6.15,6.16,2802500,17262502.0
000630.SZ,2026-04-10 09:50:00,6.15,6.16,6.14,6.15,2518000,15490928.0
000630.SZ,2026-04-10 09:51:00,6.15,6.15,6.14,6.15,1308100,8043027.0
000630.SZ,2026-04-10 09:52:00,6.15,6.16,6.15,6.16,728800,4484240.0
000630.SZ,2026-04-10 09:53:00,6.16,6.16,6.14,6.14,1248500,7679792.0
000630.SZ,2026-04-10 09:54:00,6.14,6.15,6.14,6.15,498506,3063438.8
000630.SZ,2026-04-10 09:55:00,6.15,6.15,6.14,6.14,515700,3168821.0
000630.SZ,2026-04-10 09:56:00,6.15,6.16,6.14,6.15,1737200,10686186.0
000630.SZ,2026-04-10 09:57:00,6.15,6.16,6.15,6.15,670600,4128376.0
000630.SZ,2026-04-10 09:58:00,6.15,6.16,6.15,6.15,720700,4435920.0
000630.SZ,2026-04-10 09:59:00,6.15,6.16,6.15,6.16,547800,3371443.0
000630.SZ,2026-04-10 10:00:00,6.16,6.16,6.15,6.15,1174000,7223874.0
000630.SZ,2026-04-10 10:01:00,6.15,6.16,6.15,6.15,1771400,10900265.0
000630.SZ,2026-04-10 10:02:00,6.15,6.16,6.15,6.15,1314400,8085994.0
000630.SZ,2026-04-10 10:03:00,6.16,6.16,6.14,6.15,1036700,6374979.0
000630.SZ,2026-04-10 10:04:00,6.15,6.16,6.14,6.14,810700,4985274.0
000630.SZ,2026-04-10 10:05:00,6.15,6.15,6.14,6.15,1097500,6748223.0
000630.SZ,2026-04-10 10:06:00,6.15,6.15,6.14,6.15,636800,3912017.0
000630.SZ,2026-04-10 10:07:00,6.15,6.17,6.14,6.17,4199700,25861190.0
000630.SZ,2026-04-10 10:08:00,6.17,6.18,6.16,6.18,3042000,18773160.0
000630.SZ,2026-04-10 10:09:00,6.18,6.19,6.17,6.19,3381700,20906236.0
000630.SZ,2026-04-10 10:10:00,6.19,6.2,6.18,6.18,2115700,13091764.0
000630.SZ,2026-04-10 10:11:00,6.18,6.19,6.17,6.18,1196200,7392580.0
000630.SZ,2026-04-10 10:12:00,6.17,6.18,6.17,6.18,724300,4473983.0
000630.SZ,2026-04-10 10:13:00,6.17,6.17,6.15,6.15,1662100,10245548.0
000630.SZ,2026-04-10 10:14:00,6.15,6.16,6.15,6.16,638300,3928918.0
000630.SZ,2026-04-10 10:15:00,6.15,6.16,6.14,6.16,1950475,11995895.0
000630.SZ,2026-04-10 10:16:00,6.15,6.17,6.15,6.16,878000,5408022.0
000630.SZ,2026-04-10 10:17:00,6.16,6.16,6.15,6.16,302500,1862704.0
000630.SZ,2026-04-10 10:18:00,6.16,6.16,6.15,6.15,1862025,11453134.0
000630.SZ,2026-04-10 10:19:00,6.15,6.15,6.14,6.15,639700,3930918.0
000630.SZ,2026-04-10 10:20:00,6.15,6.15,6.14,6.15,409200,2514621.0
000630.SZ,2026-04-10 10:21:00,6.15,6.16,6.14,6.16,654760,4025621.0
000630.SZ,2026-04-10 10:22:00,6.15,6.16,6.14,6.16,1004100,6175541.5
000630.SZ,2026-04-10 10:23:00,6.16,6.16,6.14,6.15,1051000,6462258.0
000630.SZ,2026-04-10 10:24:00,6.15,6.16,6.15,6.16,365200,2246443.0
000630.SZ,2026-04-10 10:25:00,6.16,6.16,6.15,6.16,217900,1341288.0
000630.SZ,2026-04-10 10:26:00,6.15,6.17,6.15,6.16,1391900,8570895.0
000630.SZ,2026-04-10 10:27:00,6.17,6.17,6.16,6.17,239600,1477839.0
000630.SZ,2026-04-10 10:28:00,6.17,6.17,6.15,6.15,1060800,6535243.0
000630.SZ,2026-04-10 10:29:00,6.16,6.16,6.14,6.14,1100000,6765203.0
000630.SZ,2026-04-10 10:30:00,6.15,6.15,6.14,6.14,527800,3244562.0
000630.SZ,2026-04-10 10:31:00,6.15,6.15,6.14,6.14,2604040,15989068.0
000630.SZ,2026-04-10 10:32:00,6.14,6.14,6.13,6.13,738000,4529121.0
000630.SZ,2026-04-10 10:33:00,6.13,6.14,6.13,6.14,1092600,6703325.0
000630.SZ,2026-04-10 10:34:00,6.13,6.14,6.13,6.14,562500,3450840.0
000630.SZ,2026-04-10 10:35:00,6.13,6.13,6.12,6.13,3820300,23413624.0
000630.SZ,2026-04-10 10:36:00,6.13,6.13,6.13,6.13,669000,4100038.0
000630.SZ,2026-04-10 10:37:00,6.13,6.14,6.13,6.14,202600,1243223.0
000630.SZ,2026-04-10 10:38:00,6.14,6.14,6.13,6.13,842200,5163623.0
000630.SZ,2026-04-10 10:39:00,6.14,6.14,6.13,6.13,384700,2360248.0
000630.SZ,2026-04-10 10:40:00,6.13,6.14,6.12,6.13,1855000,11371215.0
000630.SZ,2026-04-10 10:41:00,6.13,6.14,6.12,6.13,565700,3467730.0
000630.SZ,2026-04-10 10:42:00,6.12,6.13,6.12,6.13,455600,2791771.0
000630.SZ,2026-04-10 10:43:00,6.13,6.13,6.12,6.12,516800,3163847.0
000630.SZ,2026-04-10 10:44:00,6.12,6.13,6.12,6.12,284800,1744425.0
000630.SZ,2026-04-10 10:45:00,6.13,6.13,6.11,6.11,3113200,19047364.0
000630.SZ,2026-04-10 10:46:00,6.11,6.12,6.11,6.11,455100,2781376.0
000630.SZ,2026-04-10 10:47:00,6.12,6.12,6.11,6.11,1150618,7031115.0
000630.SZ,2026-04-10 10:48:00,6.11,6.12,6.11,6.11,392800,2400343.0
000630.SZ,2026-04-10 10:49:00,6.11,6.12,6.11,6.12,255000,1559038.0
000630.SZ,2026-04-10 10:50:00,6.11,6.12,6.11,6.12,718600,4394031.0
000630.SZ,2026-04-10 10:51:00,6.12,6.13,6.11,6.13,1868000,11431964.0
000630.SZ,2026-04-10 10:52:00,6.13,6.13,6.12,6.13,189200,1158815.0
000630.SZ,2026-04-10 10:53:00,6.12,6.13,6.12,6.12,271700,1665023.0
000630.SZ,2026-04-10 10:54:00,6.12,6.13,6.12,6.13,199100,1219237.0
000630.SZ,2026-04-10 10:55:00,6.12,6.13,6.12,6.12,336200,2058903.0
000630.SZ,2026-04-10 10:56:00,6.13,6.13,6.12,6.12,273800,1677165.0
000630.SZ,2026-04-10 10:57:00,6.12,6.13,6.12,6.13,199200,1220012.0
000630.SZ,2026-04-10 10:58:00,6.13,6.13,6.12,6.13,809800,4957017.0
000630.SZ,2026-04-10 10:59:00,6.12,6.13,6.12,6.12,208200,1274602.0
000630.SZ,2026-04-10 11:00:00,6.12,6.13,6.11,6.11,679900,4161061.0
000630.SZ,2026-04-10 11:01:00,6.12,6.12,6.11,6.12,183300,1120658.0
000630.SZ,2026-04-10 11:02:00,6.12,6.12,6.11,6.12,269000,1644639.0
000630.SZ,2026-04-10 11:03:00,6.11,6.12,6.11,6.11,216200,1321962.0
000630.SZ,2026-04-10 11:04:00,6.11,6.12,6.1,6.11,2312682,14130929.0
000630.SZ,2026-04-10 11:05:00,6.11,6.11,6.1,6.11,251300,1533884.0
000630.SZ,2026-04-10 11:06:00,6.1,6.11,6.1,6.1,862300,5264823.0
000630.SZ,2026-04-10 11:07:00,6.1,6.12,6.1,6.11,909400,5555749.0
000630.SZ,2026-04-10 11:08:00,6.11,6.12,6.11,6.11,290300,1774074.0
000630.SZ,2026-04-10 11:09:00,6.11,6.11,6.11,6.11,863400,5275092.0
000630.SZ,2026-04-10 11:10:00,6.11,6.11,6.1,6.11,384800,2350861.0
000630.SZ,2026-04-10 11:11:00,6.11,6.11,6.1,6.1,414000,2527134.0
000630.SZ,2026-04-10 11:12:00,6.1,6.11,6.1,6.1,468000,2855957.0
000630.SZ,2026-04-10 11:13:00,6.11,6.11,6.1,6.1,1236300,7545824.0
000630.SZ,2026-04-10 11:14:00,6.1,6.11,6.1,6.1,621100,3792792.0
000630.SZ,2026-04-10 11:15:00,6.11,6.11,6.1,6.11,629200,3843325.0
000630.SZ,2026-04-10 11:16:00,6.1,6.11,6.1,6.11,955200,5827765.0
000630.SZ,2026-04-10 11:17:00,6.1,6.11,6.1,6.11,304500,1859193.0
000630.SZ,2026-04-10 11:18:00,6.11,6.11,6.1,6.11,317900,1940856.0
000630.SZ,2026-04-10 11:19:00,6.11,6.11,6.1,6.1,200800,1225617.0
000630.SZ,2026-04-10 11:20:00,6.11,6.11,6.1,6.11,384600,2348177.0
000630.SZ,2026-04-10 11:21:00,6.1,6.11,6.1,6.11,430900,2631794.0
000630.SZ,2026-04-10 11:22:00,6.11,6.11,6.1,6.11,526600,3216126.0
000630.SZ,2026-04-10 11:23:00,6.11,6.11,6.1,6.1,364100,2223516.0
000630.SZ,2026-04-10 11:24:00,6.11,6.11,6.1,6.11,169900,1037471.0
000630.SZ,2026-04-10 11:25:00,6.1,6.11,6.1,6.11,219600,1341131.0
000630.SZ,2026-04-10 11:26:00,6.11,6.12,6.11,6.11,269200,1644960.0
000630.SZ,2026-04-10 11:27:00,6.11,6.12,6.11,6.12,172600,1055294.0
000630.SZ,2026-04-10 11:28:00,6.11,6.12,6.1,6.11,453100,2767726.0
000630.SZ,2026-04-10 11:29:00,6.11,6.11,6.1,6.11,833800,5092411.0
000630.SZ,2026-04-10 11:30:00,6.11,6.11,6.09,6.09,3985800,24313116.0
000630.SZ,2026-04-10 13:01:00,6.09,6.11,6.09,6.1,1747700,10654661.0
000630.SZ,2026-04-10 13:02:00,6.11,6.11,6.1,6.1,395200,2413494.0
000630.SZ,2026-04-10 13:03:00,6.11,6.11,6.1,6.11,314500,1920016.0
000630.SZ,2026-04-10 13:04:00,6.11,6.11,6.1,6.1,450100,2748618.0
000630.SZ,2026-04-10 13:05:00,6.1,6.11,6.1,6.11,251800,1537917.0
000630.SZ,2026-04-10 13:06:00,6.11,6.11,6.1,6.11,189200,1155169.0
000630.SZ,2026-04-10 13:07:00,6.1,6.11,6.1,6.11,261000,1592984.0
000630.SZ,2026-04-10 13:08:00,6.1,6.11,6.1,6.11,261300,1595879.0
000630.SZ,2026-04-10 13:09:00,6.11,6.12,6.1,6.12,646600,3951793.0
000630.SZ,2026-04-10 13:10:00,6.12,6.12,6.11,6.12,213000,1302985.0
000630.SZ,2026-04-10 13:11:00,6.12,6.12,6.1,6.11,1410700,8619195.0
000630.SZ,2026-04-10 13:12:00,6.11,6.11,6.1,6.1,796300,4858413.0
000630.SZ,2026-04-10 13:13:00,6.1,6.11,6.1,6.1,358000,2184489.0
000630.SZ,2026-04-10 13:14:00,6.11,6.11,6.1,6.11,259000,1580917.0
000630.SZ,2026-04-10 13:15:00,6.1,6.11,6.1,6.1,285900,1745102.0
000630.SZ,2026-04-10 13:16:00,6.1,6.11,6.1,6.1,209900,1280953.0
000630.SZ,2026-04-10 13:17:00,6.11,6.11,6.1,6.11,364100,2223625.0
000630.SZ,2026-04-10 13:18:00,6.11,6.11,6.1,6.1,585900,3578975.0
000630.SZ,2026-04-10 13:19:00,6.11,6.11,6.1,6.1,265400,1620661.0
000630.SZ,2026-04-10 13:20:00,6.1,6.11,6.1,6.11,433100,2645295.0
000630.SZ,2026-04-10 13:21:00,6.11,6.12,6.1,6.11,900700,5503546.0
000630.SZ,2026-04-10 13:22:00,6.11,6.12,6.11,6.12,118000,721526.0
000630.SZ,2026-04-10 13:23:00,6.11,6.12,6.11,6.11,318500,1946932.0
000630.SZ,2026-04-10 13:24:00,6.12,6.12,6.1,6.11,915800,5595847.0
000630.SZ,2026-04-10 13:25:00,6.1,6.11,6.1,6.11,404300,2470038.0
000630.SZ,2026-04-10 13:26:00,6.11,6.12,6.1,6.11,377500,2306483.0
000630.SZ,2026-04-10 13:27:00,6.11,6.11,6.1,6.11,351100,2144768.0
000630.SZ,2026-04-10 13:28:00,6.11,6.12,6.1,6.12,921500,5631314.0
000630.SZ,2026-04-10 13:29:00,6.11,6.12,6.11,6.11,145800,891496.0
000630.SZ,2026-04-10 13:30:00,6.11,6.12,6.1,6.1,896400,5476800.0
000630.SZ,2026-04-10 13:31:00,6.1,6.11,6.1,6.1,200000,1221377.0
000630.SZ,2026-04-10 13:32:00,6.1,6.11,6.1,6.11,402700,2460101.0
000630.SZ,2026-04-10 13:33:00,6.11,6.12,6.11,6.12,198200,1211606.0
000630.SZ,2026-04-10 13:34:00,6.11,6.12,6.11,6.12,100000,611682.0
000630.SZ,2026-04-10 13:35:00,6.11,6.12,6.11,6.12,237700,1453429.0
000630.SZ,2026-04-10 13:36:00,6.11,6.13,6.11,6.12,2016200,12345176.0
000630.SZ,2026-04-10 13:37:00,6.12,6.13,6.12,6.12,411300,2521053.0
000630.SZ,2026-04-10 13:38:00,6.12,6.13,6.12,6.13,612400,3753292.8
000630.SZ,2026-04-10 13:39:00,6.13,6.14,6.13,6.14,398700,2445898.0
000630.SZ,2026-04-10 13:40:00,6.13,6.14,6.13,6.14,152000,932561.0
000630.SZ,2026-04-10 13:41:00,6.13,6.14,6.12,6.13,1186000,7269727.0
000630.SZ,2026-04-10 13:42:00,6.13,6.13,6.12,6.13,171400,1049809.0
000630.SZ,2026-04-10 13:43:00,6.12,6.13,6.12,6.12,233500,1429879.0
000630.SZ,2026-04-10 13:44:00,6.12,6.13,6.11,6.12,1035500,6337167.0
000630.SZ,2026-04-10 13:45:00,6.12,6.12,6.11,6.11,643000,3934740.0
000630.SZ,2026-04-10 13:46:00,6.12,6.13,6.11,6.13,393400,2408728.0
000630.SZ,2026-04-10 13:47:00,6.13,6.13,6.12,6.12,100500,615215.0
000630.SZ,2026-04-10 13:48:00,6.12,6.13,6.12,6.13,106100,649816.0
000630.SZ,2026-04-10 13:49:00,6.13,6.13,6.12,6.12,111400,682428.0
000630.SZ,2026-04-10 13:50:00,6.12,6.13,6.12,6.13,256800,1572413.0
000630.SZ,2026-04-10 13:51:00,6.12,6.13,6.12,6.13,246100,1507980.0
000630.SZ,2026-04-10 13:52:00,6.12,6.13,6.12,6.13,181200,1110131.0
000630.SZ,2026-04-10 13:53:00,6.13,6.13,6.12,6.13,383600,2349142.0
000630.SZ,2026-04-10 13:54:00,6.13,6.13,6.12,6.13,151000,924979.0
000630.SZ,2026-04-10 13:55:00,6.13,6.13,6.12,6.12,211400,1295000.0
000630.SZ,2026-04-10 13:56:00,6.13,6.14,6.13,6.14,1404300,8611065.0
000630.SZ,2026-04-10 13:57:00,6.14,6.14,6.13,6.13,174100,1068234.0
000630.SZ,2026-04-10 13:58:00,6.13,6.14,6.13,6.13,293400,1799790.0
000630.SZ,2026-04-10 13:59:00,6.13,6.14,6.13,6.13,128900,790575.0
000630.SZ,2026-04-10 14:00:00,6.13,6.14,6.13,6.13,327400,2008044.0
000630.SZ,2026-04-10 14:01:00,6.13,6.14,6.12,6.13,792500,4857811.0
000630.SZ,2026-04-10 14:02:00,6.13,6.13,6.12,6.13,305300,1870484.0
000630.SZ,2026-04-10 14:03:00,6.12,6.13,6.12,6.13,221600,1357983.0
000630.SZ,2026-04-10 14:04:00,6.13,6.13,6.12,6.13,181700,1113310.0
000630.SZ,2026-04-10 14:05:00,6.12,6.13,6.11,6.12,1409200,8622161.0
000630.SZ,2026-04-10 14:06:00,6.11,6.12,6.11,6.12,504100,3080654.0
000630.SZ,2026-04-10 14:07:00,6.11,6.12,6.11,6.11,216800,1325727.0
000630.SZ,2026-04-10 14:08:00,6.11,6.12,6.11,6.12,406000,2484056.0
000630.SZ,2026-04-10 14:09:00,6.11,6.12,6.11,6.11,126500,773208.0
000630.SZ,2026-04-10 14:10:00,6.11,6.12,6.11,6.11,277100,1693593.0
000630.SZ,2026-04-10 14:11:00,6.12,6.12,6.11,6.12,374000,2288139.0
000630.SZ,2026-04-10 14:12:00,6.12,6.12,6.11,6.11,182200,1114405.0
000630.SZ,2026-04-10 14:13:00,6.11,6.12,6.11,6.12,271400,1660272.0
000630.SZ,2026-04-10 14:14:00,6.11,6.12,6.11,6.12,211500,1293099.0
000630.SZ,2026-04-10 14:15:00,6.11,6.12,6.11,6.11,332000,2030443.0
000630.SZ,2026-04-10 14:16:00,6.11,6.12,6.11,6.11,199600,1220170.0
000630.SZ,2026-04-10 14:17:00,6.11,6.12,6.11,6.12,215700,1318680.0
000630.SZ,2026-04-10 14:18:00,6.11,6.12,6.11,6.11,2715800,16594887.0
000630.SZ,2026-04-10 14:19:00,6.1,6.11,6.1,6.1,1346300,8222079.0
000630.SZ,2026-04-10 14:20:00,6.1,6.11,6.1,6.11,326000,1989567.0
000630.SZ,2026-04-10 14:21:00,6.11,6.11,6.1,6.1,939600,5738713.0
000630.SZ,2026-04-10 14:22:00,6.1,6.11,6.1,6.11,674700,4118212.0
000630.SZ,2026-04-10 14:23:00,6.1,6.11,6.1,6.11,1094800,6687845.0
000630.SZ,2026-04-10 14:24:00,6.11,6.11,6.1,6.11,393800,2404903.0
000630.SZ,2026-04-10 14:25:00,6.1,6.11,6.1,6.11,511600,3123984.0
000630.SZ,2026-04-10 14:26:00,6.1,6.11,6.1,6.1,207400,1265971.0
000630.SZ,2026-04-10 14:27:00,6.1,6.11,6.1,6.11,349600,2133478.0
000630.SZ,2026-04-10 14:28:00,6.1,6.11,6.1,6.1,484300,2955088.0
000630.SZ,2026-04-10 14:29:00,6.1,6.11,6.1,6.1,491700,3000544.0
000630.SZ,2026-04-10 14:30:00,6.1,6.11,6.1,6.11,446400,2725052.0
000630.SZ,2026-04-10 14:31:00,6.1,6.11,6.1,6.11,610000,3725782.0
000630.SZ,2026-04-10 14:32:00,6.11,6.11,6.1,6.1,1094600,6685471.0
000630.SZ,2026-04-10 14:33:00,6.11,6.11,6.1,6.1,1165093,7114404.5
000630.SZ,2026-04-10 14:34:00,6.11,6.11,6.1,6.1,913000,5576764.0
000630.SZ,2026-04-10 14:35:00,6.1,6.12,6.1,6.11,658600,4023462.0
000630.SZ,2026-04-10 14:36:00,6.11,6.11,6.1,6.1,412000,2515657.0
000630.SZ,2026-04-10 14:37:00,6.11,6.11,6.1,6.11,679000,4146348.0
000630.SZ,2026-04-10 14:38:00,6.11,6.11,6.1,6.1,415400,2536267.0
000630.SZ,2026-04-10 14:39:00,6.1,6.11,6.1,6.1,484950,2959699.0
000630.SZ,2026-04-10 14:40:00,6.1,6.11,6.1,6.1,755400,4609725.0
000630.SZ,2026-04-10 14:41:00,6.1,6.11,6.1,6.1,1657533,10112328.0
000630.SZ,2026-04-10 14:42:00,6.09,6.1,6.09,6.09,5948524,36261200.0
000630.SZ,2026-04-10 14:43:00,6.09,6.09,6.08,6.09,2323700,14149911.0
000630.SZ,2026-04-10 14:44:00,6.09,6.09,6.08,6.09,1824500,11106376.0
000630.SZ,2026-04-10 14:45:00,6.09,6.09,6.08,6.09,787700,4793290.0
000630.SZ,2026-04-10 14:46:00,6.08,6.09,6.08,6.09,988600,6017820.0
000630.SZ,2026-04-10 14:47:00,6.08,6.09,6.08,6.09,782900,4766309.0
000630.SZ,2026-04-10 14:48:00,6.09,6.09,6.08,6.08,1268000,7719144.0
000630.SZ,2026-04-10 14:49:00,6.09,6.09,6.08,6.09,1037200,6313261.0
000630.SZ,2026-04-10 14:50:00,6.09,6.09,6.08,6.08,856500,5212277.0
000630.SZ,2026-04-10 14:51:00,6.09,6.09,6.08,6.08,792580,4822609.5
000630.SZ,2026-04-10 14:52:00,6.09,6.09,6.08,6.09,873500,5315425.0
000630.SZ,2026-04-10 14:53:00,6.09,6.09,6.08,6.08,1146200,6977490.0
000630.SZ,2026-04-10 14:54:00,6.09,6.09,6.08,6.09,1320400,8039039.0
000630.SZ,2026-04-10 14:55:00,6.09,6.1,6.08,6.09,1579700,9621609.0
000630.SZ,2026-04-10 14:56:00,6.09,6.1,6.09,6.1,1137500,6930758.0
000630.SZ,2026-04-10 14:57:00,6.09,6.1,6.09,6.1,848800,5171954.0
000630.SZ,2026-04-10 14:58:00,6.1,6.1,6.1,6.1,0,0.0
000630.SZ,2026-04-10 14:59:00,6.1,6.1,6.1,6.1,0,0.0
000630.SZ,2026-04-10 15:00:00,6.09,6.09,6.09,6.09,2344700,14279223.0
000630.SZ,2026-04-13 09:30:00,6.06,6.07,6.06,6.07,2847500,17258214.0
000630.SZ,2026-04-13 09:31:00,6.07,6.13,6.05,6.11,8786000,53502164.0
000630.SZ,2026-04-13 09:32:00,6.13,6.13,6.09,6.09,2922300,17858462.0
000630.SZ,2026-04-13 09:33:00,6.1,6.11,6.09,6.1,1784188,10882767.0
000630.SZ,2026-04-13 09:34:00,6.1,6.12,6.1,6.12,2096500,12815111.0
000630.SZ,2026-04-13 09:35:00,6.12,6.12,6.11,6.12,1853600,11341077.0
000630.SZ,2026-04-13 09:36:00,6.11,6.12,6.09,6.09,3066400,18707554.0
000630.SZ,2026-04-13 09:37:00,6.09,6.1,6.09,6.1,1330000,8108980.0
000630.SZ,2026-04-13 09:38:00,6.1,6.11,6.1,6.11,1888700,11537574.0
000630.SZ,2026-04-13 09:39:00,6.11,6.11,6.1,6.1,1106400,6760377.0
000630.SZ,2026-04-13 09:40:00,6.11,6.11,6.1,6.1,1133100,6915631.0
000630.SZ,2026-04-13 09:41:00,6.1,6.12,6.1,6.11,1560100,9530115.0
000630.SZ,2026-04-13 09:42:00,6.11,6.11,6.1,6.1,898100,5484622.0
000630.SZ,2026-04-13 09:43:00,6.1,6.11,6.1,6.11,1788181,10909557.0
000630.SZ,2026-04-13 09:44:00,6.1,6.1,6.09,6.1,855919,5219318.0
000630.SZ,2026-04-13 09:45:00,6.1,6.1,6.08,6.08,2715400,16532796.0
000630.SZ,2026-04-13 09:46:00,6.08,6.09,6.08,6.08,1459100,8873971.0
000630.SZ,2026-04-13 09:47:00,6.08,6.09,6.07,6.07,712800,4334143.0
000630.SZ,2026-04-13 09:48:00,6.08,6.09,6.07,6.08,812400,4939824.0
000630.SZ,2026-04-13 09:49:00,6.08,6.09,6.07,6.08,817900,4969800.0
000630.SZ,2026-04-13 09:50:00,6.09,6.1,6.08,6.09,1075400,6548753.0
000630.SZ,2026-04-13 09:51:00,6.1,6.11,6.09,6.1,1134000,6916411.0
000630.SZ,2026-04-13 09:52:00,6.1,6.1,6.09,6.1,652000,3974027.0
000630.SZ,2026-04-13 09:53:00,6.1,6.11,6.09,6.11,532500,3248202.0
000630.SZ,2026-04-13 09:54:00,6.11,6.12,6.1,6.12,1679000,10261063.0
000630.SZ,2026-04-13 09:55:00,6.12,6.12,6.11,6.12,479600,2933321.0
000630.SZ,2026-04-13 09:56:00,6.11,6.13,6.11,6.12,2622600,16055702.0
000630.SZ,2026-04-13 09:57:00,6.13,6.13,6.12,6.13,632500,3876184.0
000630.SZ,2026-04-13 09:58:00,6.12,6.13,6.12,6.12,1372300,8408351.0
000630.SZ,2026-04-13 09:59:00,6.12,6.13,6.12,6.13,631500,3869197.0
000630.SZ,2026-04-13 10:00:00,6.13,6.13,6.11,6.12,2186900,13382681.0
000630.SZ,2026-04-13 10:01:00,6.11,6.12,6.11,6.11,908100,5557268.0
000630.SZ,2026-04-13 10:02:00,6.11,6.12,6.11,6.11,460800,2819029.0
000630.SZ,2026-04-13 10:03:00,6.11,6.12,6.1,6.1,1821300,11124400.0
000630.SZ,2026-04-13 10:04:00,6.11,6.11,6.1,6.11,585200,3574467.0
000630.SZ,2026-04-13 10:05:00,6.11,6.11,6.1,6.11,456200,2786250.0
000630.SZ,2026-04-13 10:06:00,6.11,6.11,6.1,6.1,461100,2815922.0
000630.SZ,2026-04-13 10:07:00,6.11,6.11,6.1,6.1,1020000,6230428.0
000630.SZ,2026-04-13 10:08:00,6.11,6.12,6.1,6.11,388700,2375154.0
000630.SZ,2026-04-13 10:09:00,6.12,6.12,6.11,6.11,334800,2047300.0
000630.SZ,2026-04-13 10:10:00,6.11,6.12,6.11,6.12,1842500,11275227.0
000630.SZ,2026-04-13 10:11:00,6.11,6.12,6.11,6.11,278700,1704418.0
000630.SZ,2026-04-13 10:12:00,6.11,6.12,6.11,6.11,893000,5457290.0
000630.SZ,2026-04-13 10:13:00,6.11,6.12,6.11,6.11,808100,4937686.0
000630.SZ,2026-04-13 10:14:00,6.12,6.12,6.1,6.1,615200,3757620.0
000630.SZ,2026-04-13 10:15:00,6.1,6.11,6.1,6.11,452200,2761390.0
000630.SZ,2026-04-13 10:16:00,6.11,6.11,6.1,6.11,323700,1976327.0
000630.SZ,2026-04-13 10:17:00,6.1,6.12,6.1,6.12,1267600,7745440.0
000630.SZ,2026-04-13 10:18:00,6.11,6.13,6.11,6.12,1402667,8582421.0
000630.SZ,2026-04-13 10:19:00,6.12,6.13,6.12,6.12,664500,4071375.0
000630.SZ,2026-04-13 10:20:00,6.12,6.13,6.12,6.12,962100,5891576.0
000630.SZ,2026-04-13 10:21:00,6.11,6.12,6.11,6.11,1407300,8605418.0
000630.SZ,2026-04-13 10:22:00,6.1,6.12,6.1,6.12,348600,2130155.0
000630.SZ,2026-04-13 10:23:00,6.11,6.12,6.11,6.11,418700,2559186.0
000630.SZ,2026-04-13 10:24:00,6.11,6.11,6.1,6.1,443800,2710135.0
000630.SZ,2026-04-13 10:25:00,6.11,6.11,6.1,6.11,241200,1472428.0
000630.SZ,2026-04-13 10:26:00,6.1,6.11,6.1,6.11,154600,943834.0
000630.SZ,2026-04-13 10:27:00,6.1,6.11,6.1,6.11,399000,2435127.0
000630.SZ,2026-04-13 10:28:00,6.11,6.11,6.1,6.11,937300,5727229.0
000630.SZ,2026-04-13 10:29:00,6.12,6.12,6.11,6.12,379900,2321786.0
000630.SZ,2026-04-13 10:30:00,6.11,6.12,6.11,6.12,205400,1255741.0
000630.SZ,2026-04-13 10:31:00,6.12,6.13,6.11,6.12,1909200,11682516.0
000630.SZ,2026-04-13 10:32:00,6.12,6.14,6.12,6.14,2448600,15010277.0
000630.SZ,2026-04-13 10:33:00,6.13,6.14,6.13,6.14,562400,3452843.0
000630.SZ,2026-04-13 10:34:00,6.14,6.14,6.13,6.13,1715400,10518477.0
000630.SZ,2026-04-13 10:35:00,6.13,6.14,6.13,6.14,688300,4221132.0
000630.SZ,2026-04-13 10:36:00,6.13,6.14,6.13,6.13,500300,3066764.0
000630.SZ,2026-04-13 10:37:00,6.13,6.13,6.12,6.13,269700,1652692.0
000630.SZ,2026-04-13 10:38:00,6.12,6.13,6.12,6.12,811200,4965702.0
000630.SZ,2026-04-13 10:39:00,6.12,6.13,6.12,6.13,513700,3148502.0
000630.SZ,2026-04-13 10:40:00,6.12,6.13,6.12,6.13,151600,928622.0
000630.SZ,2026-04-13 10:41:00,6.13,6.13,6.12,6.13,133500,817755.0
000630.SZ,2026-04-13 10:42:00,6.13,6.13,6.12,6.13,256200,1569030.0
000630.SZ,2026-04-13 10:43:00,6.12,6.13,6.11,6.12,808000,4944987.0
000630.SZ,2026-04-13 10:44:00,6.12,6.12,6.11,6.12,1192400,7288279.0
000630.SZ,2026-04-13 10:45:00,6.12,6.12,6.11,6.12,147800,904376.0
000630.SZ,2026-04-13 10:46:00,6.11,6.12,6.11,6.12,363700,2222811.0
000630.SZ,2026-04-13 10:47:00,6.12,6.12,6.11,6.11,540800,3304958.0
000630.SZ,2026-04-13 10:48:00,6.11,6.11,6.1,6.11,425800,2599944.0
000630.SZ,2026-04-13 10:49:00,6.11,6.12,6.1,6.11,591900,3616434.0
000630.SZ,2026-04-13 10:50:00,6.11,6.11,6.1,6.1,135900,830048.0
000630.SZ,2026-04-13 10:51:00,6.1,6.11,6.1,6.11,141500,863796.0
000630.SZ,2026-04-13 10:52:00,6.11,6.11,6.1,6.1,152400,930514.0
000630.SZ,2026-04-13 10:53:00,6.1,6.11,6.1,6.1,367600,2243358.0
000630.SZ,2026-04-13 10:54:00,6.1,6.1,6.09,6.1,3409100,20793988.0
000630.SZ,2026-04-13 10:55:00,6.09,6.1,6.09,6.09,333800,2033916.0
000630.SZ,2026-04-13 10:56:00,6.1,6.1,6.09,6.09,264200,1610818.0
000630.SZ,2026-04-13 10:57:00,6.1,6.1,6.09,6.09,248200,1512841.0
000630.SZ,2026-04-13 10:58:00,6.1,6.1,6.09,6.09,155500,948206.0
000630.SZ,2026-04-13 10:59:00,6.1,6.1,6.09,6.1,243800,1486810.0
000630.SZ,2026-04-13 11:00:00,6.1,6.11,6.09,6.11,1162100,7091775.0
000630.SZ,2026-04-13 11:01:00,6.11,6.11,6.1,6.11,155700,949939.0
000630.SZ,2026-04-13 11:02:00,6.11,6.11,6.1,6.1,269000,1641606.0
000630.SZ,2026-04-13 11:03:00,6.11,6.11,6.1,6.1,68900,420546.0
000630.SZ,2026-04-13 11:04:00,6.1,6.11,6.1,6.11,60700,370545.0
000630.SZ,2026-04-13 11:05:00,6.11,6.11,6.1,6.11,108000,659068.0
000630.SZ,2026-04-13 11:06:00,6.11,6.11,6.1,6.1,59100,360707.0
000630.SZ,2026-04-13 11:07:00,6.1,6.11,6.1,6.11,105500,643901.0
000630.SZ,2026-04-13 11:08:00,6.11,6.11,6.1,6.1,192000,1172249.0
000630.SZ,2026-04-13 11:09:00,6.11,6.11,6.1,6.1,132600,809448.0
000630.SZ,2026-04-13 11:10:00,6.1,6.11,6.1,6.1,296800,1811008.0
000630.SZ,2026-04-13 11:11:00,6.1,6.1,6.09,6.09,1017200,6204057.0
000630.SZ,2026-04-13 11:12:00,6.09,6.1,6.09,6.1,333700,2034114.0
000630.SZ,2026-04-13 11:13:00,6.1,6.1,6.09,6.09,164000,999964.0
000630.SZ,2026-04-13 11:14:00,6.09,6.11,6.09,6.1,292400,1783700.0
000630.SZ,2026-04-13 11:15:00,6.1,6.11,6.1,6.11,90500,552225.0
000630.SZ,2026-04-13 11:16:00,6.11,6.11,6.1,6.11,232100,1416619.0
000630.SZ,2026-04-13 11:17:00,6.11,6.11,6.1,6.1,207000,1263100.0
000630.SZ,2026-04-13 11:18:00,6.1,6.11,6.1,6.1,100200,611565.0
000630.SZ,2026-04-13 11:19:00,6.11,6.11,6.1,6.11,74900,457295.0
000630.SZ,2026-04-13 11:20:00,6.1,6.11,6.1,6.1,121900,744008.0
000630.SZ,2026-04-13 11:21:00,6.11,6.11,6.1,6.11,176800,1079494.0
000630.SZ,2026-04-13 11:22:00,6.11,6.11,6.1,6.11,177900,1085926.0
000630.SZ,2026-04-13 11:23:00,6.1,6.11,6.1,6.11,307600,1878679.0
000630.SZ,2026-04-13 11:24:00,6.1,6.11,6.1,6.11,132800,810795.0
000630.SZ,2026-04-13 11:25:00,6.1,6.11,6.1,6.1,142200,867816.0
000630.SZ,2026-04-13 11:26:00,6.1,6.11,6.1,6.11,1359300,8303195.0
000630.SZ,2026-04-13 11:27:00,6.11,6.12,6.11,6.11,327000,1997999.0
000630.SZ,2026-04-13 11:28:00,6.12,6.12,6.11,6.11,148000,904644.0
000630.SZ,2026-04-13 11:29:00,6.11,6.12,6.11,6.12,114800,701520.0
000630.SZ,2026-04-13 11:30:00,6.12,6.12,6.11,6.11,147800,903368.0
000630.SZ,2026-04-13 13:01:00,6.11,6.13,6.11,6.13,4567000,27973070.0
000630.SZ,2026-04-13 13:02:00,6.13,6.14,6.13,6.14,1130700,6939394.0
000630.SZ,2026-04-13 13:03:00,6.13,6.15,6.13,6.13,4993900,30668932.0
000630.SZ,2026-04-13 13:04:00,6.14,6.15,6.13,6.14,997000,6124521.0
000630.SZ,2026-04-13 13:05:00,6.14,6.15,6.14,6.14,1568700,9642514.0
000630.SZ,2026-04-13 13:06:00,6.14,6.15,6.13,6.13,585000,3592279.0
000630.SZ,2026-04-13 13:07:00,6.13,6.14,6.13,6.14,492100,3019101.0
000630.SZ,2026-04-13 13:08:00,6.13,6.14,6.13,6.13,543000,3332554.0
000630.SZ,2026-04-13 13:09:00,6.13,6.17,6.13,6.16,9634827,59292904.0
000630.SZ,2026-04-13 13:10:00,6.16,6.17,6.16,6.17,1436094,8851876.0
000630.SZ,2026-04-13 13:11:00,6.17,6.17,6.15,6.16,1326206,8170808.0
000630.SZ,2026-04-13 13:12:00,6.16,6.16,6.15,6.16,598300,3684641.0
000630.SZ,2026-04-13 13:13:00,6.15,6.16,6.15,6.15,459200,2827964.0
000630.SZ,2026-04-13 13:14:00,6.15,6.16,6.15,6.16,673200,4143356.0
000630.SZ,2026-04-13 13:15:00,6.15,6.16,6.15,6.15,373400,2298614.0
000630.SZ,2026-04-13 13:16:00,6.15,6.16,6.14,6.15,1241600,7636695.0
000630.SZ,2026-04-13 13:17:00,6.15,6.16,6.15,6.15,357700,2200412.0
000630.SZ,2026-04-13 13:18:00,6.15,6.16,6.15,6.15,561700,3455286.0
000630.SZ,2026-04-13 13:19:00,6.16,6.16,6.15,6.15,398700,2455509.0
000630.SZ,2026-04-13 13:20:00,6.16,6.17,6.16,6.16,1955000,12046217.0
000630.SZ,2026-04-13 13:21:00,6.16,6.17,6.16,6.17,735300,4534728.0
000630.SZ,2026-04-13 13:22:00,6.17,6.17,6.16,6.17,741700,4574314.0
000630.SZ,2026-04-13 13:23:00,6.17,6.17,6.15,6.16,2931800,18066056.0
000630.SZ,2026-04-13 13:24:00,6.17,6.18,6.16,6.18,3156100,19477436.0
000630.SZ,2026-04-13 13:25:00,6.17,6.18,6.17,6.17,738700,4562373.0
000630.SZ,2026-04-13 13:26:00,6.18,6.19,6.17,6.18,3645606,22538202.0
000630.SZ,2026-04-13 13:27:00,6.18,6.19,6.18,6.19,2406500,14894363.0
000630.SZ,2026-04-13 13:28:00,6.19,6.22,6.19,6.22,8088783,50169504.0
000630.SZ,2026-04-13 13:29:00,6.21,6.23,6.21,6.23,4502800,28009788.0
000630.SZ,2026-04-13 13:30:00,6.23,6.25,6.23,6.24,4142900,25841558.0
000630.SZ,2026-04-13 13:31:00,6.24,6.25,6.23,6.23,5162100,32212780.0
000630.SZ,2026-04-13 13:32:00,6.24,6.24,6.22,6.22,2206500,13747169.0
000630.SZ,2026-04-13 13:33:00,6.22,6.23,6.21,6.22,2377400,14789244.0
000630.SZ,2026-04-13 13:34:00,6.23,6.23,6.21,6.21,1526000,9495395.0
000630.SZ,2026-04-13 13:35:00,6.21,6.25,6.21,6.24,3265500,20347328.0
000630.SZ,2026-04-13 13:36:00,6.24,6.25,6.23,6.24,1840600,11489344.0
000630.SZ,2026-04-13 13:37:00,6.24,6.25,6.23,6.23,1192100,7440811.0
000630.SZ,2026-04-13 13:38:00,6.24,6.25,6.23,6.24,1750500,10923545.0
000630.SZ,2026-04-13 13:39:00,6.24,6.24,6.23,6.23,790900,4933137.0
000630.SZ,2026-04-13 13:40:00,6.23,6.24,6.22,6.22,1490000,9283096.0
000630.SZ,2026-04-13 13:41:00,6.22,6.23,6.22,6.22,1455800,9059120.0
000630.SZ,2026-04-13 13:42:00,6.22,6.22,6.21,6.21,553500,3440140.0
000630.SZ,2026-04-13 13:43:00,6.21,6.22,6.21,6.21,514200,3195717.0
000630.SZ,2026-04-13 13:44:00,6.21,6.22,6.21,6.22,567500,3527943.0
000630.SZ,2026-04-13 13:45:00,6.22,6.22,6.21,6.21,1282500,7970189.0
000630.SZ,2026-04-13 13:46:00,6.22,6.22,6.21,6.22,414800,2578245.0
000630.SZ,2026-04-13 13:47:00,6.21,6.22,6.21,6.22,269400,1674908.0
000630.SZ,2026-04-13 13:48:00,6.22,6.22,6.2,6.21,1599700,9933854.0
000630.SZ,2026-04-13 13:49:00,6.21,6.21,6.2,6.2,401400,2491082.0
000630.SZ,2026-04-13 13:50:00,6.21,6.21,6.2,6.2,521300,3234242.0
000630.SZ,2026-04-13 13:51:00,6.2,6.21,6.2,6.2,499700,3100857.0
000630.SZ,2026-04-13 13:52:00,6.21,6.21,6.2,6.2,451800,2804241.0
000630.SZ,2026-04-13 13:53:00,6.21,6.21,6.2,6.21,681000,4226100.0
000630.SZ,2026-04-13 13:54:00,6.21,6.21,6.2,6.21,432100,2682495.0
000630.SZ,2026-04-13 13:55:00,6.2,6.21,6.2,6.21,656700,4077067.0
000630.SZ,2026-04-13 13:56:00,6.21,6.21,6.2,6.2,434100,2694623.0
000630.SZ,2026-04-13 13:57:00,6.21,6.21,6.2,6.21,521100,3234146.0
000630.SZ,2026-04-13 13:58:00,6.21,6.21,6.2,6.2,402700,2499774.0
000630.SZ,2026-04-13 13:59:00,6.2,6.21,6.2,6.2,579700,3598138.0
000630.SZ,2026-04-13 14:00:00,6.2,6.21,6.2,6.2,600000,3721901.0
000630.SZ,2026-04-13 14:01:00,6.21,6.21,6.2,6.2,756200,4691483.0
000630.SZ,2026-04-13 14:02:00,6.2,6.22,6.2,6.22,993800,6170816.0
000630.SZ,2026-04-13 14:03:00,6.21,6.22,6.21,6.22,317400,1972396.0
000630.SZ,2026-04-13 14:04:00,6.22,6.22,6.21,6.22,208300,1295026.0
000630.SZ,2026-04-13 14:05:00,6.21,6.22,6.21,6.21,375800,2336475.0
000630.SZ,2026-04-13 14:06:00,6.21,6.22,6.2,6.21,1386200,8608783.0
000630.SZ,2026-04-13 14:07:00,6.21,6.22,6.2,6.22,616900,3832507.0
000630.SZ,2026-04-13 14:08:00,6.22,6.22,6.21,6.21,425300,2643730.0
000630.SZ,2026-04-13 14:09:00,6.22,6.23,6.22,6.23,1839100,11441804.0
000630.SZ,2026-04-13 14:10:00,6.22,6.23,6.22,6.22,652100,4061447.0
000630.SZ,2026-04-13 14:11:00,6.23,6.23,6.22,6.23,444000,2763910.0
000630.SZ,2026-04-13 14:12:00,6.22,6.23,6.22,6.23,600000,3735340.0
000630.SZ,2026-04-13 14:13:00,6.23,6.23,6.22,6.23,555100,3457011.0
000630.SZ,2026-04-13 14:14:00,6.23,6.23,6.22,6.23,418300,2604336.0
000630.SZ,2026-04-13 14:15:00,6.22,6.23,6.22,6.23,496200,3089419.0
000630.SZ,2026-04-13 14:16:00,6.22,6.23,6.21,6.22,1205700,7500411.0
000630.SZ,2026-04-13 14:17:00,6.22,6.23,6.22,6.22,1518400,9446167.0
000630.SZ,2026-04-13 14:18:00,6.22,6.23,6.22,6.22,434700,2705294.0
000630.SZ,2026-04-13 14:19:00,6.22,6.22,6.21,6.22,543200,3377989.0
000630.SZ,2026-04-13 14:20:00,6.22,6.22,6.21,6.21,447300,2781237.0
000630.SZ,2026-04-13 14:21:00,6.21,6.23,6.21,6.23,527200,3278541.0
000630.SZ,2026-04-13 14:22:00,6.22,6.23,6.22,6.22,721500,4490633.0
000630.SZ,2026-04-13 14:23:00,6.22,6.23,6.22,6.23,585500,3644647.0
000630.SZ,2026-04-13 14:24:00,6.22,6.24,6.22,6.24,2776600,17299552.0
000630.SZ,2026-04-13 14:25:00,6.23,6.24,6.23,6.23,850400,5302853.0
000630.SZ,2026-04-13 14:26:00,6.23,6.24,6.23,6.23,623100,3884879.0
000630.SZ,2026-04-13 14:27:00,6.23,6.24,6.22,6.23,2697000,16816074.0
000630.SZ,2026-04-13 14:28:00,6.23,6.24,6.23,6.24,1751800,10928818.0
000630.SZ,2026-04-13 14:29:00,6.24,6.25,6.24,6.25,644600,4026585.0
000630.SZ,2026-04-13 14:30:00,6.25,6.25,6.24,6.25,1203100,7515471.0
000630.SZ,2026-04-13 14:31:00,6.24,6.24,6.23,6.24,953900,5950758.0
000630.SZ,2026-04-13 14:32:00,6.23,6.24,6.23,6.23,1731500,10803086.0
000630.SZ,2026-04-13 14:33:00,6.24,6.24,6.23,6.23,802100,5004100.0
000630.SZ,2026-04-13 14:34:00,6.23,6.24,6.23,6.23,1008200,6281756.0
000630.SZ,2026-04-13 14:35:00,6.24,6.24,6.23,6.23,1496000,9323115.0
000630.SZ,2026-04-13 14:36:00,6.23,6.24,6.22,6.23,749606,4669118.5
000630.SZ,2026-04-13 14:37:00,6.23,6.24,6.22,6.22,532300,3314555.0
000630.SZ,2026-04-13 14:38:00,6.22,6.23,6.22,6.22,347700,2163716.0
000630.SZ,2026-04-13 14:39:00,6.22,6.23,6.22,6.22,452900,2819268.0
000630.SZ,2026-04-13 14:40:00,6.22,6.23,6.22,6.22,359000,2234713.0
000630.SZ,2026-04-13 14:41:00,6.22,6.23,6.22,6.22,386800,2408353.0
000630.SZ,2026-04-13 14:42:00,6.22,6.23,6.22,6.23,813900,5067991.0
000630.SZ,2026-04-13 14:43:00,6.23,6.23,6.22,6.22,583600,3632644.0
000630.SZ,2026-04-13 14:44:00,6.22,6.23,6.22,6.23,917500,5713705.0
000630.SZ,2026-04-13 14:45:00,6.23,6.23,6.22,6.22,855100,5324904.0
000630.SZ,2026-04-13 14:46:00,6.23,6.23,6.22,6.22,787500,4904494.0
000630.SZ,2026-04-13 14:47:00,6.23,6.23,6.22,6.22,678200,4224156.0
000630.SZ,2026-04-13 14:48:00,6.23,6.23,6.22,6.22,694600,4325553.0
000630.SZ,2026-04-13 14:49:00,6.22,6.23,6.22,6.23,727300,4528661.0
000630.SZ,2026-04-13 14:50:00,6.23,6.23,6.22,6.22,930600,5796048.0
000630.SZ,2026-04-13 14:51:00,6.22,6.23,6.22,6.22,848200,5280529.0
000630.SZ,2026-04-13 14:52:00,6.23,6.23,6.22,6.23,1497200,9320369.0
000630.SZ,2026-04-13 14:53:00,6.23,6.23,6.22,6.23,1374300,8558525.0
000630.SZ,2026-04-13 14:54:00,6.23,6.23,6.22,6.22,1364800,8498873.0
000630.SZ,2026-04-13 14:55:00,6.22,6.23,6.22,6.22,1790300,11149611.0
000630.SZ,2026-04-13 14:56:00,6.23,6.23,6.22,6.22,1956700,12187277.0
000630.SZ,2026-04-13 14:57:00,6.22,6.24,6.22,6.24,2896600,18048366.0
000630.SZ,2026-04-13 14:58:00,6.24,6.24,6.24,6.24,0,0.0
000630.SZ,2026-04-13 14:59:00,6.24,6.24,6.24,6.24,0,0.0
000630.SZ,2026-04-13 15:00:00,6.23,6.23,6.23,6.23,3393300,21140260.0
000630.SZ,2026-04-14 09:30:00,6.4,6.42,6.39,6.4,4734900,30303176.0
000630.SZ,2026-04-14 09:31:00,6.4,6.45,6.31,6.4,19546100,124811590.0
000630.SZ,2026-04-14 09:32:00,6.4,6.45,6.38,6.45,11929800,76480056.0
000630.SZ,2026-04-14 09:33:00,6.43,6.44,6.39,6.39,5063900,32505800.0
000630.SZ,2026-04-14 09:34:00,6.39,6.39,6.37,6.38,3595400,22942386.0
000630.SZ,2026-04-14 09:35:00,6.37,6.37,6.34,6.36,5339250,33915904.0
000630.SZ,2026-04-14 09:36:00,6.36,6.37,6.36,6.36,5174400,32963254.0
000630.SZ,2026-04-14 09:37:00,6.35,6.38,6.34,6.38,4857200,30855074.0
000630.SZ,2026-04-14 09:38:00,6.38,6.38,6.35,6.35,2756796,17551986.0
000630.SZ,2026-04-14 09:39:00,6.35,6.36,6.35,6.36,1990400,12651988.0
000630.SZ,2026-04-14 09:40:00,6.35,6.36,6.34,6.35,3335004,21171498.0
000630.SZ,2026-04-14 09:41:00,6.35,6.37,6.35,6.36,2570400,16351401.0
000630.SZ,2026-04-14 09:42:00,6.37,6.37,6.35,6.36,3770400,23972354.0
000630.SZ,2026-04-14 09:43:00,6.37,6.38,6.37,6.38,2842900,18124276.0
000630.SZ,2026-04-14 09:44:00,6.37,6.37,6.35,6.37,2654100,16893532.0
000630.SZ,2026-04-14 09:45:00,6.37,6.37,6.35,6.37,2100600,13366388.0
000630.SZ,2026-04-14 09:46:00,6.37,6.4,6.37,6.4,4380912,27994800.0
000630.SZ,2026-04-14 09:47:00,6.4,6.41,6.39,6.41,2384075,15257698.0
000630.SZ,2026-04-14 09:48:00,6.41,6.41,6.38,6.39,4351713,27830046.0
000630.SZ,2026-04-14 09:49:00,6.39,6.4,6.39,6.39,1367200,8745421.0
000630.SZ,2026-04-14 09:50:00,6.4,6.4,6.39,6.4,1213945,7764187.5
000630.SZ,2026-04-14 09:51:00,6.4,6.4,6.39,6.4,4298834,27488650.0
000630.SZ,2026-04-14 09:52:00,6.4,6.41,6.4,6.41,2199000,14085117.0
000630.SZ,2026-04-14 09:53:00,6.41,6.41,6.4,6.4,2498400,15997090.0
000630.SZ,2026-04-14 09:54:00,6.4,6.42,6.4,6.41,1766400,11323782.0
000630.SZ,2026-04-14 09:55:00,6.42,6.42,6.4,6.4,1595400,10225410.0
000630.SZ,2026-04-14 09:56:00,6.41,6.41,6.4,6.41,1681100,10771092.0
000630.SZ,2026-04-14 09:57:00,6.41,6.41,6.38,6.38,3244400,20745400.0
000630.SZ,2026-04-14 09:58:00,6.39,6.39,6.37,6.37,3401100,21690852.0
000630.SZ,2026-04-14 09:59:00,6.37,6.37,6.36,6.37,2104506,13397586.0
000630.SZ,2026-04-14 10:00:00,6.38,6.38,6.37,6.38,722300,4604982.0
000630.SZ,2026-04-14 10:01:00,6.38,6.38,6.36,6.37,1715600,10927075.0
000630.SZ,2026-04-14 10:02:00,6.37,6.38,6.36,6.38,1710000,10885654.0
000630.SZ,2026-04-14 10:03:00,6.37,6.38,6.37,6.37,468200,2984388.0
000630.SZ,2026-04-14 10:04:00,6.37,6.37,6.35,6.36,2478994,15776506.0
000630.SZ,2026-04-14 10:05:00,6.35,6.36,6.35,6.36,920000,5844985.0
000630.SZ,2026-04-14 10:06:00,6.35,6.37,6.35,6.36,1307006,8313626.0
000630.SZ,2026-04-14 10:07:00,6.36,6.37,6.36,6.36,437900,2786314.0
000630.SZ,2026-04-14 10:08:00,6.37,6.37,6.35,6.36,1002600,6375545.0
000630.SZ,2026-04-14 10:09:00,6.36,6.36,6.34,6.34,4285700,27209190.0
000630.SZ,2026-04-14 10:10:00,6.34,6.34,6.33,6.33,2171650,13760376.0
000630.SZ,2026-04-14 10:11:00,6.33,6.35,6.33,6.35,2101850,13316000.0
000630.SZ,2026-04-14 10:12:00,6.35,6.35,6.34,6.35,503600,3195386.0
000630.SZ,2026-04-14 10:13:00,6.35,6.35,6.34,6.35,1004900,6373269.0
000630.SZ,2026-04-14 10:14:00,6.34,6.35,6.34,6.34,524300,3326400.0
000630.SZ,2026-04-14 10:15:00,6.34,6.36,6.34,6.35,2149000,13640750.0
000630.SZ,2026-04-14 10:16:00,6.36,6.36,6.35,6.35,1397900,8881434.0
000630.SZ,2026-04-14 10:17:00,6.36,6.36,6.35,6.36,582500,3703077.0
000630.SZ,2026-04-14 10:18:00,6.36,6.37,6.35,6.37,787400,5009354.0
000630.SZ,2026-04-14 10:19:00,6.36,6.37,6.36,6.37,518800,3302931.0
000630.SZ,2026-04-14 10:20:00,6.37,6.37,6.35,6.36,1065900,6779550.0
000630.SZ,2026-04-14 10:21:00,6.35,6.36,6.35,6.35,656900,4177150.0
000630.SZ,2026-04-14 10:22:00,6.35,6.36,6.35,6.35,441900,2807376.0
000630.SZ,2026-04-14 10:23:00,6.35,6.36,6.35,6.35,1039900,6604653.0
000630.SZ,2026-04-14 10:24:00,6.36,6.36,6.35,6.35,584800,3715222.0
000630.SZ,2026-04-14 10:25:00,6.36,6.37,6.35,6.36,1090600,6935770.0
000630.SZ,2026-04-14 10:26:00,6.37,6.37,6.36,6.37,436000,2775282.0
000630.SZ,2026-04-14 10:27:00,6.36,6.37,6.35,6.36,892500,5676755.0
000630.SZ,2026-04-14 10:28:00,6.36,6.36,6.35,6.35,1287600,8176860.0
000630.SZ,2026-04-14 10:29:00,6.34,6.35,6.34,6.34,291600,1850294.0
000630.SZ,2026-04-14 10:30:00,6.34,6.35,6.34,6.34,372600,2363430.0
000630.SZ,2026-04-14 10:31:00,6.35,6.35,6.34,6.35,466000,2956778.0
000630.SZ,2026-04-14 10:32:00,6.34,6.34,6.33,6.34,1360700,8626468.0
000630.SZ,2026-04-14 10:33:00,6.33,6.34,6.33,6.34,454800,2880920.0
000630.SZ,2026-04-14 10:34:00,6.34,6.34,6.33,6.34,662600,4195492.0
000630.SZ,2026-04-14 10:35:00,6.34,6.34,6.32,6.32,2166600,13715337.0
000630.SZ,2026-04-14 10:36:00,6.32,6.33,6.32,6.33,602000,3806838.0
000630.SZ,2026-04-14 10:37:00,6.32,6.33,6.32,6.32,1704785,10775417.0
000630.SZ,2026-04-14 10:38:00,6.33,6.33,6.32,6.32,734200,4642047.0
000630.SZ,2026-04-14 10:39:00,6.32,6.33,6.32,6.32,1069900,6761820.0
000630.SZ,2026-04-14 10:40:00,6.32,6.32,6.31,6.32,636900,4020379.0
000630.SZ,2026-04-14 10:41:00,6.31,6.32,6.31,6.32,560200,3537128.0
000630.SZ,2026-04-14 10:42:00,6.31,6.32,6.31,6.32,1292300,8164319.0
000630.SZ,2026-04-14 10:43:00,6.32,6.33,6.32,6.32,331353,2096057.0
000630.SZ,2026-04-14 10:44:00,6.33,6.33,6.32,6.33,341100,2158480.0
000630.SZ,2026-04-14 10:45:00,6.33,6.33,6.32,6.33,473800,2997922.0
000630.SZ,2026-04-14 10:46:00,6.33,6.33,6.32,6.33,396500,2508146.0
000630.SZ,2026-04-14 10:47:00,6.32,6.33,6.32,6.32,584100,3693717.0
000630.SZ,2026-04-14 10:48:00,6.33,6.34,6.33,6.34,1320900,8363525.0
000630.SZ,2026-04-14 10:49:00,6.34,6.35,6.33,6.34,1047400,6641078.0
000630.SZ,2026-04-14 10:50:00,6.34,6.34,6.33,6.34,365700,2318193.0
000630.SZ,2026-04-14 10:51:00,6.34,6.34,6.33,6.34,313600,1987000.0
000630.SZ,2026-04-14 10:52:00,6.34,6.34,6.33,6.33,213700,1354378.0
000630.SZ,2026-04-14 10:53:00,6.34,6.35,6.34,6.34,582000,3690847.0
000630.SZ,2026-04-14 10:54:00,6.34,6.34,6.33,6.34,320400,2030778.0
000630.SZ,2026-04-14 10:55:00,6.33,6.34,6.33,6.34,678500,4297825.0
000630.SZ,2026-04-14 10:56:00,6.33,6.34,6.33,6.34,299300,1896328.0
000630.SZ,2026-04-14 10:57:00,6.33,6.34,6.33,6.34,342200,2168803.0
000630.SZ,2026-04-14 10:58:00,6.34,6.34,6.33,6.33,423800,2686070.0
000630.SZ,2026-04-14 10:59:00,6.34,6.34,6.33,6.34,711100,4507164.0
000630.SZ,2026-04-14 11:00:00,6.33,6.35,6.33,6.35,1055500,6698121.0
000630.SZ,2026-04-14 11:01:00,6.35,6.35,6.34,6.35,254400,1614700.0
000630.SZ,2026-04-14 11:02:00,6.35,6.35,6.33,6.34,1059300,6717354.0
000630.SZ,2026-04-14 11:03:00,6.34,6.34,6.33,6.34,772100,4895363.0
000630.SZ,2026-04-14 11:04:00,6.34,6.35,6.34,6.35,294900,1870996.0
000630.SZ,2026-04-14 11:05:00,6.35,6.35,6.34,6.35,940900,5966395.0
000630.SZ,2026-04-14 11:06:00,6.35,6.35,6.34,6.35,406000,2576591.0
000630.SZ,2026-04-14 11:07:00,6.34,6.35,6.34,6.34,341300,2164635.0
000630.SZ,2026-04-14 11:08:00,6.34,6.35,6.34,6.34,449800,2853910.0
000630.SZ,2026-04-14 11:09:00,6.35,6.35,6.34,6.34,132400,839936.0
000630.SZ,2026-04-14 11:10:00,6.35,6.35,6.34,6.35,312600,1982462.0
000630.SZ,2026-04-14 11:11:00,6.34,6.35,6.34,6.35,164000,1041173.0
000630.SZ,2026-04-14 11:12:00,6.35,6.35,6.34,6.35,250000,1586283.0
000630.SZ,2026-04-14 11:13:00,6.34,6.35,6.34,6.35,201600,1278606.0
000630.SZ,2026-04-14 11:14:00,6.35,6.35,6.34,6.35,361400,2293790.0
000630.SZ,2026-04-14 11:15:00,6.34,6.35,6.33,6.33,880600,5583366.0
000630.SZ,2026-04-14 11:16:00,6.33,6.34,6.33,6.33,323200,2046754.0
000630.SZ,2026-04-14 11:17:00,6.33,6.34,6.33,6.33,547500,3466822.0
000630.SZ,2026-04-14 11:18:00,6.33,6.34,6.33,6.34,362500,2296069.0
000630.SZ,2026-04-14 11:19:00,6.34,6.34,6.33,6.34,458100,2904061.0
000630.SZ,2026-04-14 11:20:00,6.33,6.34,6.33,6.34,308300,1953419.0
000630.SZ,2026-04-14 11:21:00,6.34,6.34,6.33,6.33,341600,2164074.0
000630.SZ,2026-04-14 11:22:00,6.34,6.34,6.33,6.34,224800,1424512.0
000630.SZ,2026-04-14 11:23:00,6.33,6.34,6.33,6.34,239900,1520276.0
000630.SZ,2026-04-14 11:24:00,6.34,6.35,6.33,6.35,364200,2309484.0
000630.SZ,2026-04-14 11:25:00,6.34,6.35,6.33,6.34,299700,1900552.0
000630.SZ,2026-04-14 11:26:00,6.33,6.34,6.33,6.33,139800,885782.0
000630.SZ,2026-04-14 11:27:00,6.34,6.34,6.33,6.34,483700,3064329.0
000630.SZ,2026-04-14 11:28:00,6.34,6.35,6.34,6.34,211200,1339877.0
000630.SZ,2026-04-14 11:29:00,6.34,6.35,6.33,6.33,382100,2422131.0
000630.SZ,2026-04-14 11:30:00,6.33,6.34,6.33,6.33,255200,1617463.0
000630.SZ,2026-04-14 13:01:00,6.34,6.35,6.33,6.34,1604200,10166105.0
000630.SZ,2026-04-14 13:02:00,6.34,6.34,6.32,6.33,2682200,16968852.0
000630.SZ,2026-04-14 13:03:00,6.33,6.33,6.32,6.32,904300,5721050.0
000630.SZ,2026-04-14 13:04:00,6.32,6.33,6.32,6.33,643800,4072579.0
000630.SZ,2026-04-14 13:05:00,6.32,6.33,6.32,6.32,265000,1676138.0
000630.SZ,2026-04-14 13:06:00,6.33,6.33,6.32,6.32,339300,2145599.0
000630.SZ,2026-04-14 13:07:00,6.32,6.33,6.32,6.33,192000,1213944.0
000630.SZ,2026-04-14 13:08:00,6.32,6.33,6.32,6.33,870300,5507020.0
000630.SZ,2026-04-14 13:09:00,6.33,6.34,6.33,6.33,641500,4063046.0
000630.SZ,2026-04-14 13:10:00,6.34,6.34,6.33,6.34,578700,3664986.0
000630.SZ,2026-04-14 13:11:00,6.34,6.34,6.33,6.33,310000,1963298.0
000630.SZ,2026-04-14 13:12:00,6.33,6.33,6.32,6.33,520700,3294650.0
000630.SZ,2026-04-14 13:13:00,6.32,6.33,6.31,6.32,1016900,6426883.0
000630.SZ,2026-04-14 13:14:00,6.31,6.32,6.31,6.31,468100,2955608.0
000630.SZ,2026-04-14 13:15:00,6.32,6.32,6.31,6.32,291400,1839936.0
000630.SZ,2026-04-14 13:16:00,6.32,6.32,6.3,6.3,2658700,16777159.0
000630.SZ,2026-04-14 13:17:00,6.31,6.31,6.3,6.3,696000,4386349.0
000630.SZ,2026-04-14 13:18:00,6.29,6.3,6.28,6.28,5999400,37751664.0
000630.SZ,2026-04-14 13:19:00,6.29,6.29,6.27,6.28,1065500,6692396.0
000630.SZ,2026-04-14 13:20:00,6.29,6.29,6.28,6.29,585100,3677512.0
000630.SZ,2026-04-14 13:21:00,6.29,6.3,6.29,6.3,1359500,8556262.0
000630.SZ,2026-04-14 13:22:00,6.29,6.3,6.29,6.3,566300,3563269.0
000630.SZ,2026-04-14 13:23:00,6.3,6.3,6.28,6.28,537500,3380182.0
000630.SZ,2026-04-14 13:24:00,6.28,6.29,6.28,6.28,418500,2629524.0
000630.SZ,2026-04-14 13:25:00,6.28,6.29,6.27,6.27,1536100,9646992.0
000630.SZ,2026-04-14 13:26:00,6.27,6.28,6.27,6.27,645400,4047139.0
000630.SZ,2026-04-14 13:27:00,6.27,6.27,6.26,6.27,1037400,6500779.0
000630.SZ,2026-04-14 13:28:00,6.26,6.28,6.26,6.27,636500,3990668.0
000630.SZ,2026-04-14 13:29:00,6.28,6.28,6.27,6.28,359100,2252880.0
000630.SZ,2026-04-14 13:30:00,6.27,6.28,6.27,6.27,897500,5631820.0
000630.SZ,2026-04-14 13:31:00,6.27,6.28,6.27,6.27,410500,2576357.0
000630.SZ,2026-04-14 13:32:00,6.28,6.28,6.26,6.27,2384400,14943413.0
000630.SZ,2026-04-14 13:33:00,6.27,6.27,6.26,6.26,514300,3221219.0
000630.SZ,2026-04-14 13:34:00,6.26,6.27,6.26,6.26,402000,2517550.0
000630.SZ,2026-04-14 13:35:00,6.27,6.27,6.26,6.26,1320000,8264570.0
000630.SZ,2026-04-14 13:36:00,6.26,6.27,6.26,6.26,631300,3953844.0
000630.SZ,2026-04-14 13:37:00,6.26,6.27,6.26,6.27,1147900,7196075.0
000630.SZ,2026-04-14 13:38:00,6.27,6.27,6.26,6.27,529100,3316750.0
000630.SZ,2026-04-14 13:39:00,6.27,6.27,6.26,6.27,423600,2654894.0
000630.SZ,2026-04-14 13:40:00,6.27,6.27,6.26,6.27,426100,2670593.0
000630.SZ,2026-04-14 13:41:00,6.27,6.28,6.26,6.28,425400,2668025.0
000630.SZ,2026-04-14 13:42:00,6.27,6.28,6.27,6.27,366900,2301709.0
000630.SZ,2026-04-14 13:43:00,6.28,6.29,6.27,6.29,1102900,6926166.0
000630.SZ,2026-04-14 13:44:00,6.29,6.3,6.28,6.3,1357700,8540039.0
000630.SZ,2026-04-14 13:45:00,6.3,6.31,6.3,6.31,1142100,7195248.0
000630.SZ,2026-04-14 13:46:00,6.3,6.3,6.29,6.3,1615900,10174294.0
000630.SZ,2026-04-14 13:47:00,6.29,6.3,6.29,6.3,170300,1071817.0
000630.SZ,2026-04-14 13:48:00,6.29,6.3,6.28,6.28,789800,4967134.0
000630.SZ,2026-04-14 13:49:00,6.29,6.29,6.28,6.29,180100,1131962.0
000630.SZ,2026-04-14 13:50:00,6.28,6.29,6.28,6.29,176300,1107687.0
000630.SZ,2026-04-14 13:51:00,6.28,6.29,6.28,6.29,197800,1242802.0
000630.SZ,2026-04-14 13:52:00,6.28,6.29,6.27,6.28,1078700,6773515.0
000630.SZ,2026-04-14 13:53:00,6.28,6.28,6.27,6.28,346000,2170539.0
000630.SZ,2026-04-14 13:54:00,6.28,6.28,6.27,6.27,209900,1316986.0
000630.SZ,2026-04-14 13:55:00,6.27,6.28,6.27,6.28,198700,1246224.0
000630.SZ,2026-04-14 13:56:00,6.27,6.28,6.27,6.28,389600,2445598.0
000630.SZ,2026-04-14 13:57:00,6.28,6.29,6.28,6.29,435800,2736910.0
000630.SZ,2026-04-14 13:58:00,6.29,6.29,6.28,6.28,620700,3896568.0
000630.SZ,2026-04-14 13:59:00,6.28,6.28,6.27,6.28,357100,2241967.0
000630.SZ,2026-04-14 14:00:00,6.28,6.28,6.27,6.27,191900,1204648.0
000630.SZ,2026-04-14 14:01:00,6.28,6.29,6.27,6.28,401100,2518793.0
000630.SZ,2026-04-14 14:02:00,6.29,6.29,6.28,6.29,520500,3268526.0
000630.SZ,2026-04-14 14:03:00,6.28,6.29,6.28,6.28,348300,2188206.0
000630.SZ,2026-04-14 14:04:00,6.28,6.29,6.28,6.28,660500,4148999.0
000630.SZ,2026-04-14 14:05:00,6.29,6.3,6.28,6.29,999000,6283352.0
000630.SZ,2026-04-14 14:06:00,6.29,6.3,6.29,6.29,302100,1901549.0
000630.SZ,2026-04-14 14:07:00,6.3,6.3,6.29,6.29,185200,1166073.0
000630.SZ,2026-04-14 14:08:00,6.3,6.3,6.29,6.3,290600,1828474.0
000630.SZ,2026-04-14 14:09:00,6.3,6.3,6.29,6.29,217100,1366890.0
000630.SZ,2026-04-14 14:10:00,6.29,6.3,6.29,6.3,176900,1113127.0
000630.SZ,2026-04-14 14:11:00,6.29,6.3,6.28,6.29,1107400,6964404.0
000630.SZ,2026-04-14 14:12:00,6.29,6.29,6.28,6.29,190100,1194839.0
000630.SZ,2026-04-14 14:13:00,6.28,6.29,6.28,6.29,137600,864674.0
000630.SZ,2026-04-14 14:14:00,6.28,6.29,6.28,6.28,176600,1109577.0
000630.SZ,2026-04-14 14:15:00,6.29,6.29,6.28,6.29,796300,5002212.0
000630.SZ,2026-04-14 14:16:00,6.28,6.29,6.28,6.28,332200,2086811.0
000630.SZ,2026-04-14 14:17:00,6.28,6.29,6.28,6.28,301600,1894993.0
000630.SZ,2026-04-14 14:18:00,6.29,6.29,6.28,6.29,256400,1611760.0
000630.SZ,2026-04-14 14:19:00,6.28,6.29,6.28,6.29,724200,4549389.0
000630.SZ,2026-04-14 14:20:00,6.29,6.29,6.28,6.29,198800,1249003.0
000630.SZ,2026-04-14 14:21:00,6.28,6.29,6.28,6.28,338200,2125472.0
000630.SZ,2026-04-14 14:22:00,6.28,6.29,6.28,6.29,338500,2126523.0
000630.SZ,2026-04-14 14:23:00,6.29,6.29,6.28,6.28,434100,2729135.0
000630.SZ,2026-04-14 14:24:00,6.29,6.29,6.28,6.29,319800,2010285.0
000630.SZ,2026-04-14 14:25:00,6.29,6.29,6.28,6.28,537400,3375844.0
000630.SZ,2026-04-14 14:26:00,6.28,6.29,6.28,6.28,851700,5350987.0
000630.SZ,2026-04-14 14:27:00,6.29,6.29,6.28,6.28,303200,1905274.0
000630.SZ,2026-04-14 14:28:00,6.28,6.29,6.28,6.29,1130000,7097120.0
000630.SZ,2026-04-14 14:29:00,6.28,6.29,6.28,6.28,228600,1436230.0
000630.SZ,2026-04-14 14:30:00,6.28,6.29,6.28,6.28,813200,5108197.0
000630.SZ,2026-04-14 14:31:00,6.28,6.29,6.28,6.29,209300,1315138.0
000630.SZ,2026-04-14 14:32:00,6.29,6.29,6.28,6.28,768000,4827523.0
000630.SZ,2026-04-14 14:33:00,6.28,6.29,6.28,6.29,307000,1929429.0
000630.SZ,2026-04-14 14:34:00,6.29,6.29,6.28,6.29,2668368,16783342.0
000630.SZ,2026-04-14 14:35:00,6.29,6.29,6.28,6.29,466532,2934020.2
000630.SZ,2026-04-14 14:36:00,6.29,6.29,6.28,6.29,541000,3400938.0
000630.SZ,2026-04-14 14:37:00,6.29,6.29,6.28,6.28,582700,3663989.0
000630.SZ,2026-04-14 14:38:00,6.29,6.3,6.29,6.3,636100,4003276.2
000630.SZ,2026-04-14 14:39:00,6.3,6.3,6.29,6.3,261600,1647453.0
000630.SZ,2026-04-14 14:40:00,6.3,6.32,6.3,6.31,4255068,26827402.0
000630.SZ,2026-04-14 14:41:00,6.31,6.31,6.3,6.31,833100,5251702.0
000630.SZ,2026-04-14 14:42:00,6.31,6.31,6.3,6.31,670100,4225915.0
000630.SZ,2026-04-14 14:43:00,6.31,6.31,6.3,6.31,452100,2851431.0
000630.SZ,2026-04-14 14:44:00,6.31,6.32,6.31,6.32,1471800,9286704.0
000630.SZ,2026-04-14 14:45:00,6.32,6.32,6.31,6.32,879600,5557722.0
000630.SZ,2026-04-14 14:46:00,6.32,6.33,6.32,6.33,841300,5320278.0
000630.SZ,2026-04-14 14:47:00,6.32,6.33,6.32,6.33,381500,2413848.0
000630.SZ,2026-04-14 14:48:00,6.32,6.33,6.32,6.33,599500,3793406.0
000630.SZ,2026-04-14 14:49:00,6.33,6.34,6.33,6.33,1697400,10749415.0
000630.SZ,2026-04-14 14:50:00,6.33,6.34,6.33,6.33,1006500,6375338.0
000630.SZ,2026-04-14 14:51:00,6.33,6.34,6.33,6.33,2359533,14941956.0
000630.SZ,2026-04-14 14:52:00,6.33,6.33,6.32,6.33,1485000,9397079.0
000630.SZ,2026-04-14 14:53:00,6.33,6.34,6.32,6.34,1181873,7482943.5
000630.SZ,2026-04-14 14:54:00,6.33,6.34,6.33,6.34,1463400,9273934.0
000630.SZ,2026-04-14 14:55:00,6.34,6.34,6.33,6.34,1358200,8608225.0
000630.SZ,2026-04-14 14:56:00,6.34,6.34,6.33,6.34,1195356,7573523.5
000630.SZ,2026-04-14 14:57:00,6.33,6.34,6.33,6.33,2356200,14927809.0
000630.SZ,2026-04-14 14:58:00,6.33,6.33,6.33,6.33,0,0.0
000630.SZ,2026-04-14 14:59:00,6.33,6.33,6.33,6.33,0,0.0
000630.SZ,2026-04-14 15:00:00,6.34,6.34,6.34,6.34,1920900,12178506.0
000630.SZ,2026-04-15 09:30:00,6.48,6.51,6.47,6.48,4910700,31842154.0
000630.SZ,2026-04-15 09:31:00,6.49,6.51,6.42,6.51,14402000,93231300.0
000630.SZ,2026-04-15 09:32:00,6.51,6.54,6.49,6.52,10770500,70115050.0
000630.SZ,2026-04-15 09:33:00,6.5,6.51,6.46,6.47,6326200,41033610.0
000630.SZ,2026-04-15 09:34:00,6.48,6.48,6.46,6.47,3641300,23574684.0
000630.SZ,2026-04-15 09:35:00,6.48,6.48,6.46,6.46,3834400,24801044.0
000630.SZ,2026-04-15 09:36:00,6.46,6.48,6.46,6.48,2725200,17631912.0
000630.SZ,2026-04-15 09:37:00,6.48,6.48,6.47,6.47,3094800,20040458.0
000630.SZ,2026-04-15 09:38:00,6.46,6.48,6.46,6.46,5442400,35232230.0
000630.SZ,2026-04-15 09:39:00,6.47,6.47,6.46,6.46,2708100,17504252.0
000630.SZ,2026-04-15 09:40:00,6.46,6.46,6.45,6.46,2993506,19324300.0
000630.SZ,2026-04-15 09:41:00,6.45,6.46,6.45,6.46,3526394,22765372.0
000630.SZ,2026-04-15 09:42:00,6.46,6.46,6.45,6.45,1611800,10408443.0
000630.SZ,2026-04-15 09:43:00,6.45,6.46,6.45,6.45,1541700,9955266.0
000630.SZ,2026-04-15 09:44:00,6.45,6.47,6.45,6.46,1842339,11901534.0
000630.SZ,2026-04-15 09:45:00,6.45,6.46,6.45,6.46,1666800,10763291.0
000630.SZ,2026-04-15 09:46:00,6.46,6.47,6.46,6.46,1001800,6476736.0
000630.SZ,2026-04-15 09:47:00,6.47,6.47,6.45,6.45,3867700,24984320.0
000630.SZ,2026-04-15 09:48:00,6.46,6.47,6.46,6.46,2070600,13379773.0
000630.SZ,2026-04-15 09:49:00,6.46,6.46,6.45,6.46,2471700,15953457.0
000630.SZ,2026-04-15 09:50:00,6.46,6.48,6.46,6.48,3560400,23031420.0
000630.SZ,2026-04-15 09:51:00,6.48,6.49,6.47,6.49,3442800,22303468.0
000630.SZ,2026-04-15 09:52:00,6.49,6.5,6.49,6.49,3372000,21901240.0
000630.SZ,2026-04-15 09:53:00,6.49,6.49,6.47,6.47,3789800,24568476.0
000630.SZ,2026-04-15 09:54:00,6.47,6.47,6.44,6.45,4850900,31324568.0
000630.SZ,2026-04-15 09:55:00,6.45,6.45,6.43,6.43,3715500,23929988.0
000630.SZ,2026-04-15 09:56:00,6.44,6.44,6.43,6.44,2169800,13968950.0
000630.SZ,2026-04-15 09:57:00,6.44,6.45,6.44,6.45,1308400,8430541.0
000630.SZ,2026-04-15 09:58:00,6.45,6.45,6.44,6.45,711900,4589387.0
000630.SZ,2026-04-15 09:59:00,6.45,6.45,6.44,6.45,1487300,9589217.0
000630.SZ,2026-04-15 10:00:00,6.44,6.45,6.43,6.44,2623600,16894096.0
000630.SZ,2026-04-15 10:01:00,6.44,6.44,6.43,6.44,721000,4640530.0
000630.SZ,2026-04-15 10:02:00,6.44,6.47,6.44,6.46,2279400,14698803.0
000630.SZ,2026-04-15 10:03:00,6.47,6.47,6.45,6.45,1251000,8085715.0
000630.SZ,2026-04-15 10:04:00,6.46,6.46,6.45,6.46,815400,5265574.0
000630.SZ,2026-04-15 10:05:00,6.46,6.46,6.44,6.44,1300100,8388910.0
000630.SZ,2026-04-15 10:06:00,6.44,6.45,6.44,6.44,581600,3749550.0
000630.SZ,2026-04-15 10:07:00,6.44,6.45,6.44,6.45,835200,5385846.0
000630.SZ,2026-04-15 10:08:00,6.45,6.47,6.45,6.47,2036400,13165239.0
000630.SZ,2026-04-15 10:09:00,6.48,6.48,6.46,6.47,884500,5724236.0
000630.SZ,2026-04-15 10:10:00,6.47,6.47,6.45,6.46,882400,5699765.0
000630.SZ,2026-04-15 10:11:00,6.46,6.46,6.44,6.44,1580500,10195853.0
000630.SZ,2026-04-15 10:12:00,6.44,6.45,6.44,6.44,636200,4101217.0
000630.SZ,2026-04-15 10:13:00,6.43,6.44,6.42,6.42,4870000,31323348.0
000630.SZ,2026-04-15 10:14:00,6.43,6.43,6.42,6.43,1296200,8328461.0
000630.SZ,2026-04-15 10:15:00,6.43,6.43,6.42,6.43,784100,5039048.0
000630.SZ,2026-04-15 10:16:00,6.42,6.43,6.41,6.41,4201700,26962796.0
000630.SZ,2026-04-15 10:17:00,6.42,6.42,6.41,6.41,866400,5558250.0
000630.SZ,2026-04-15 10:18:00,6.41,6.42,6.41,6.42,791800,5081016.0
000630.SZ,2026-04-15 10:19:00,6.42,6.42,6.4,6.41,3466100,22218724.0
000630.SZ,2026-04-15 10:20:00,6.41,6.41,6.4,6.4,961200,6158602.0
000630.SZ,2026-04-15 10:21:00,6.41,6.41,6.4,6.4,848300,5433780.0
000630.SZ,2026-04-15 10:22:00,6.4,6.41,6.38,6.38,5994900,38347468.0
000630.SZ,2026-04-15 10:23:00,6.38,6.39,6.38,6.39,1152700,7361071.0
000630.SZ,2026-04-15 10:24:00,6.38,6.39,6.38,6.39,850800,5433283.0
000630.SZ,2026-04-15 10:25:00,6.38,6.39,6.38,6.39,803400,5129390.0
000630.SZ,2026-04-15 10:26:00,6.38,6.38,6.36,6.36,3198100,20383574.0
000630.SZ,2026-04-15 10:27:00,6.36,6.37,6.35,6.36,3489400,22196692.0
000630.SZ,2026-04-15 10:28:00,6.37,6.38,6.37,6.37,685425,4365747.0
000630.SZ,2026-04-15 10:29:00,6.38,6.38,6.37,6.38,1479500,9427843.0
000630.SZ,2026-04-15 10:30:00,6.37,6.38,6.37,6.37,1256400,8004390.0
000630.SZ,2026-04-15 10:31:00,6.37,6.38,6.37,6.37,691400,4404848.0
000630.SZ,2026-04-15 10:32:00,6.37,6.38,6.36,6.37,965800,6152320.0
000630.SZ,2026-04-15 10:33:00,6.37,6.38,6.37,6.37,903400,5755017.0
000630.SZ,2026-04-15 10:34:00,6.37,6.37,6.36,6.36,2716775,17279852.0
000630.SZ,2026-04-15 10:35:00,6.36,6.36,6.35,6.35,1085125,6896844.0
000630.SZ,2026-04-15 10:36:00,6.35,6.36,6.35,6.36,1193600,7587944.0
000630.SZ,2026-04-15 10:37:00,6.35,6.36,6.35,6.36,650200,4133065.0
000630.SZ,2026-04-15 10:38:00,6.36,6.36,6.35,6.36,906800,5761658.0
000630.SZ,2026-04-15 10:39:00,6.35,6.37,6.35,6.36,848646,5396037.5
000630.SZ,2026-04-15 10:40:00,6.36,6.37,6.35,6.36,1559354,9920397.0
000630.SZ,2026-04-15 10:41:00,6.36,6.36,6.35,6.36,897000,5702112.0
000630.SZ,2026-04-15 10:42:00,6.35,6.37,6.35,6.37,700100,4454356.0
000630.SZ,2026-04-15 10:43:00,6.37,6.37,6.36,6.37,549400,3498427.0
000630.SZ,2026-04-15 10:44:00,6.37,6.38,6.37,6.37,967400,6166838.0
000630.SZ,2026-04-15 10:45:00,6.38,6.39,6.38,6.39,1096900,7004539.0
000630.SZ,2026-04-15 10:46:00,6.39,6.39,6.37,6.37,1686700,10770490.0
000630.SZ,2026-04-15 10:47:00,6.37,6.38,6.36,6.37,1141300,7270373.0
000630.SZ,2026-04-15 10:48:00,6.36,6.37,6.35,6.36,1663800,10581596.0
000630.SZ,2026-04-15 10:49:00,6.35,6.36,6.35,6.36,566500,3600673.0
000630.SZ,2026-04-15 10:50:00,6.36,6.36,6.35,6.36,737100,4683447.0
000630.SZ,2026-04-15 10:51:00,6.36,6.36,6.35,6.36,577400,3671116.0
000630.SZ,2026-04-15 10:52:00,6.36,6.36,6.35,6.35,464200,2950750.0
000630.SZ,2026-04-15 10:53:00,6.36,6.36,6.35,6.36,596200,3789884.0
000630.SZ,2026-04-15 10:54:00,6.35,6.36,6.35,6.35,445200,2828437.0
000630.SZ,2026-04-15 10:55:00,6.35,6.36,6.35,6.36,530100,3367359.0
000630.SZ,2026-04-15 10:56:00,6.36,6.36,6.34,6.35,4435575,28152050.0
000630.SZ,2026-04-15 10:57:00,6.35,6.35,6.34,6.35,344800,2187971.0
000630.SZ,2026-04-15 10:58:00,6.35,6.37,6.35,6.37,1760100,11193859.0
000630.SZ,2026-04-15 10:59:00,6.37,6.37,6.35,6.36,631200,4014066.0
000630.SZ,2026-04-15 11:00:00,6.36,6.36,6.35,6.35,1177600,7478581.0
000630.SZ,2026-04-15 11:01:00,6.35,6.35,6.33,6.34,1933300,12258295.0
000630.SZ,2026-04-15 11:02:00,6.34,6.34,6.33,6.33,639900,4052709.0
000630.SZ,2026-04-15 11:03:00,6.33,6.34,6.33,6.33,647400,4099617.0
000630.SZ,2026-04-15 11:04:00,6.33,6.34,6.33,6.34,410300,2599179.0
000630.SZ,2026-04-15 11:05:00,6.33,6.34,6.32,6.32,1490800,9437775.0
000630.SZ,2026-04-15 11:06:00,6.33,6.33,6.32,6.33,477800,3020735.0
000630.SZ,2026-04-15 11:07:00,6.32,6.33,6.32,6.32,393700,2489237.0
000630.SZ,2026-04-15 11:08:00,6.32,6.33,6.31,6.33,1979600,12515206.0
000630.SZ,2026-04-15 11:09:00,6.33,6.33,6.32,6.33,209600,1325617.0
000630.SZ,2026-04-15 11:10:00,6.32,6.33,6.31,6.32,1321000,8344968.0
000630.SZ,2026-04-15 11:11:00,6.32,6.32,6.31,6.31,916800,5787259.0
000630.SZ,2026-04-15 11:12:00,6.32,6.32,6.31,6.32,719200,4541425.0
000630.SZ,2026-04-15 11:13:00,6.32,6.33,6.32,6.32,635700,4018426.0
000630.SZ,2026-04-15 11:14:00,6.32,6.33,6.32,6.32,452700,2860510.0
000630.SZ,2026-04-15 11:15:00,6.32,6.33,6.32,6.33,585600,3700769.0
000630.SZ,2026-04-15 11:16:00,6.32,6.33,6.32,6.33,755600,4781572.0
000630.SZ,2026-04-15 11:17:00,6.33,6.34,6.32,6.34,717000,4539479.0
000630.SZ,2026-04-15 11:18:00,6.34,6.34,6.33,6.34,376200,2384296.0
000630.SZ,2026-04-15 11:19:00,6.33,6.34,6.33,6.33,625000,3958936.0
000630.SZ,2026-04-15 11:20:00,6.33,6.34,6.32,6.33,1442000,9123440.0
000630.SZ,2026-04-15 11:21:00,6.33,6.33,6.31,6.32,648200,4095855.0
000630.SZ,2026-04-15 11:22:00,6.32,6.32,6.31,6.32,517900,3270552.0
000630.SZ,2026-04-15 11:23:00,6.32,6.32,6.31,6.32,273400,1727364.0
000630.SZ,2026-04-15 11:24:00,6.32,6.32,6.31,6.32,295400,1865446.0
000630.SZ,2026-04-15 11:25:00,6.32,6.32,6.31,6.32,279700,1766625.0
000630.SZ,2026-04-15 11:26:00,6.31,6.32,6.31,6.32,386700,2441807.0
000630.SZ,2026-04-15 11:27:00,6.31,6.33,6.31,6.33,557100,3521739.0
000630.SZ,2026-04-15 11:28:00,6.33,6.33,6.32,6.32,652300,4128048.0
000630.SZ,2026-04-15 11:29:00,6.33,6.34,6.32,6.34,469300,2970096.0
000630.SZ,2026-04-15 11:30:00,6.34,6.34,6.33,6.34,298100,1888605.0
000630.SZ,2026-04-15 13:01:00,6.34,6.34,6.32,6.32,2064200,13075866.0
000630.SZ,2026-04-15 13:02:00,6.33,6.33,6.31,6.31,1061100,6706445.0
000630.SZ,2026-04-15 13:03:00,6.32,6.32,6.31,6.32,524500,3313211.0
000630.SZ,2026-04-15 13:04:00,6.32,6.33,6.32,6.32,215000,1359371.0
000630.SZ,2026-04-15 13:05:00,6.33,6.33,6.31,6.32,814300,5147116.0
000630.SZ,2026-04-15 13:06:00,6.31,6.32,6.31,6.32,279600,1765916.0
000630.SZ,2026-04-15 13:07:00,6.31,6.33,6.31,6.32,384800,2431188.0
000630.SZ,2026-04-15 13:08:00,6.32,6.33,6.32,6.33,323100,2041778.0
000630.SZ,2026-04-15 13:09:00,6.32,6.33,6.32,6.32,141700,896164.0
000630.SZ,2026-04-15 13:10:00,6.32,6.33,6.32,6.33,553400,3498609.0
000630.SZ,2026-04-15 13:11:00,6.33,6.33,6.32,6.33,142000,898567.0
000630.SZ,2026-04-15 13:12:00,6.33,6.33,6.32,6.32,241600,1528827.0
000630.SZ,2026-04-15 13:13:00,6.33,6.33,6.31,6.31,1790700,11313807.0
000630.SZ,2026-04-15 13:14:00,6.31,6.32,6.31,6.32,714800,4515112.0
000630.SZ,2026-04-15 13:15:00,6.31,6.32,6.31,6.31,1072500,6776939.0
000630.SZ,2026-04-15 13:16:00,6.31,6.32,6.3,6.31,2181100,13764226.0
000630.SZ,2026-04-15 13:17:00,6.31,6.31,6.3,6.31,470000,2963402.0
000630.SZ,2026-04-15 13:18:00,6.3,6.31,6.3,6.3,464100,2925036.0
000630.SZ,2026-04-15 13:19:00,6.3,6.31,6.3,6.31,290800,1833207.0
000630.SZ,2026-04-15 13:20:00,6.3,6.31,6.3,6.3,474300,2991440.0
000630.SZ,2026-04-15 13:21:00,6.3,6.31,6.3,6.31,465600,2934965.0
000630.SZ,2026-04-15 13:22:00,6.3,6.31,6.3,6.3,339400,2139826.0
000630.SZ,2026-04-15 13:23:00,6.3,6.31,6.3,6.3,371000,2338277.0
000630.SZ,2026-04-15 13:24:00,6.31,6.31,6.28,6.28,5249400,33043296.0
000630.SZ,2026-04-15 13:25:00,6.28,6.29,6.28,6.28,1381000,8677350.0
000630.SZ,2026-04-15 13:26:00,6.28,6.29,6.28,6.28,967000,6073889.0
000630.SZ,2026-04-15 13:27:00,6.28,6.29,6.28,6.28,218900,1375704.0
000630.SZ,2026-04-15 13:28:00,6.29,6.29,6.28,6.29,881300,5538666.0
000630.SZ,2026-04-15 13:29:00,6.28,6.29,6.28,6.29,446200,2802779.0
000630.SZ,2026-04-15 13:30:00,6.28,6.29,6.27,6.28,903300,5672533.0
000630.SZ,2026-04-15 13:31:00,6.28,6.29,6.28,6.29,404200,2540134.0
000630.SZ,2026-04-15 13:32:00,6.29,6.29,6.28,6.28,392900,2468344.0
000630.SZ,2026-04-15 13:33:00,6.28,6.29,6.28,6.29,328700,2065751.0
000630.SZ,2026-04-15 13:34:00,6.28,6.29,6.28,6.29,175800,1104775.0
000630.SZ,2026-04-15 13:35:00,6.28,6.29,6.28,6.29,794300,4995408.0
000630.SZ,2026-04-15 13:36:00,6.28,6.29,6.28,6.29,219200,1377614.0
000630.SZ,2026-04-15 13:37:00,6.29,6.29,6.28,6.29,379400,2385060.0
000630.SZ,2026-04-15 13:38:00,6.29,6.29,6.27,6.28,1940900,12187453.0
000630.SZ,2026-04-15 13:39:00,6.27,6.28,6.27,6.28,304900,1913703.0
000630.SZ,2026-04-15 13:40:00,6.28,6.28,6.27,6.28,437700,2747020.0
000630.SZ,2026-04-15 13:41:00,6.27,6.28,6.27,6.28,1343300,8435178.0
000630.SZ,2026-04-15 13:42:00,6.28,6.28,6.27,6.28,709800,4457131.0
000630.SZ,2026-04-15 13:43:00,6.28,6.29,6.28,6.28,286900,1802201.0
000630.SZ,2026-04-15 13:44:00,6.29,6.29,6.28,6.28,571100,3587592.0
000630.SZ,2026-04-15 13:45:00,6.29,6.29,6.27,6.28,1089500,6840990.0
000630.SZ,2026-04-15 13:46:00,6.27,6.28,6.27,6.27,294900,1850363.0
000630.SZ,2026-04-15 13:47:00,6.28,6.28,6.27,6.28,206100,1292957.0
000630.SZ,2026-04-15 13:48:00,6.27,6.28,6.27,6.27,302000,1894315.0
000630.SZ,2026-04-15 13:49:00,6.28,6.28,6.27,6.28,620600,3892426.0
000630.SZ,2026-04-15 13:50:00,6.28,6.28,6.26,6.27,2026200,12704768.0
000630.SZ,2026-04-15 13:51:00,6.27,6.27,6.26,6.26,1301800,8153029.0
000630.SZ,2026-04-15 13:52:00,6.27,6.27,6.26,6.26,1043000,6530046.0
000630.SZ,2026-04-15 13:53:00,6.26,6.27,6.26,6.26,1767300,11063892.0
000630.SZ,2026-04-15 13:54:00,6.26,6.27,6.25,6.26,634500,3972673.0
000630.SZ,2026-04-15 13:55:00,6.26,6.26,6.25,6.26,2828900,17713096.0
000630.SZ,2026-04-15 13:56:00,6.26,6.27,6.26,6.27,1975000,12376922.0
000630.SZ,2026-04-15 13:57:00,6.27,6.28,6.27,6.28,1473500,9241444.0
000630.SZ,2026-04-15 13:58:00,6.27,6.28,6.27,6.28,456800,2866603.0
000630.SZ,2026-04-15 13:59:00,6.28,6.28,6.27,6.28,1040800,6534191.0
000630.SZ,2026-04-15 14:00:00,6.28,6.28,6.27,6.28,352800,2214886.0
000630.SZ,2026-04-15 14:01:00,6.28,6.29,6.28,6.29,313400,1969762.0
000630.SZ,2026-04-15 14:02:00,6.29,6.29,6.28,6.28,267000,1678293.0
000630.SZ,2026-04-15 14:03:00,6.28,6.28,6.27,6.27,862400,5414396.0
000630.SZ,2026-04-15 14:04:00,6.28,6.28,6.26,6.27,909600,5701335.0
000630.SZ,2026-04-15 14:05:00,6.26,6.27,6.26,6.26,294000,1841005.0
000630.SZ,2026-04-15 14:06:00,6.26,6.26,6.25,6.25,1665300,10423425.0
000630.SZ,2026-04-15 14:07:00,6.25,6.26,6.25,6.25,656100,4102995.0
000630.SZ,2026-04-15 14:08:00,6.25,6.26,6.25,6.25,542000,3388932.0
000630.SZ,2026-04-15 14:09:00,6.26,6.26,6.25,6.26,391900,2451661.0
000630.SZ,2026-04-15 14:10:00,6.25,6.26,6.25,6.26,335500,2098135.0
000630.SZ,2026-04-15 14:11:00,6.25,6.26,6.25,6.26,692900,4332758.0
000630.SZ,2026-04-15 14:12:00,6.25,6.26,6.25,6.26,369300,2309487.0
000630.SZ,2026-04-15 14:13:00,6.25,6.26,6.25,6.25,275800,1724899.0
000630.SZ,2026-04-15 14:14:00,6.26,6.26,6.25,6.26,945800,5913054.0
000630.SZ,2026-04-15 14:15:00,6.25,6.26,6.25,6.25,406300,2540159.0
000630.SZ,2026-04-15 14:16:00,6.25,6.26,6.25,6.26,219300,1371421.0
000630.SZ,2026-04-15 14:17:00,6.26,6.26,6.25,6.25,1003900,6275851.0
000630.SZ,2026-04-15 14:18:00,6.25,6.26,6.25,6.25,643700,4023691.0
000630.SZ,2026-04-15 14:19:00,6.25,6.26,6.25,6.25,534600,3341825.0
000630.SZ,2026-04-15 14:20:00,6.25,6.26,6.25,6.26,522000,3264389.0
000630.SZ,2026-04-15 14:21:00,6.26,6.26,6.25,6.25,599100,3746881.0
000630.SZ,2026-04-15 14:22:00,6.26,6.26,6.25,6.26,1233800,7712236.0
000630.SZ,2026-04-15 14:23:00,6.25,6.26,6.25,6.26,270200,1689667.0
000630.SZ,2026-04-15 14:24:00,6.26,6.26,6.25,6.26,517000,3232249.0
000630.SZ,2026-04-15 14:25:00,6.25,6.26,6.25,6.25,344100,2151659.0
000630.SZ,2026-04-15 14:26:00,6.25,6.26,6.25,6.25,575500,3597591.0
000630.SZ,2026-04-15 14:27:00,6.25,6.26,6.25,6.25,381900,2389036.0
000630.SZ,2026-04-15 14:28:00,6.25,6.26,6.25,6.26,655600,4098653.0
000630.SZ,2026-04-15 14:29:00,6.26,6.26,6.25,6.26,387400,2422931.0
000630.SZ,2026-04-15 14:30:00,6.25,6.26,6.25,6.26,687900,4302431.0
000630.SZ,2026-04-15 14:31:00,6.25,6.26,6.25,6.26,582100,3643122.0
000630.SZ,2026-04-15 14:32:00,6.26,6.26,6.25,6.26,653400,4086917.0
000630.SZ,2026-04-15 14:33:00,6.26,6.26,6.25,6.25,545600,3413438.0
000630.SZ,2026-04-15 14:34:00,6.25,6.25,6.24,6.24,2443500,15269637.0
000630.SZ,2026-04-15 14:35:00,6.24,6.25,6.24,6.25,1633800,10197828.0
000630.SZ,2026-04-15 14:36:00,6.24,6.24,6.23,6.23,2142600,13362644.0
000630.SZ,2026-04-15 14:37:00,6.24,6.25,6.23,6.24,1419300,8858771.0
000630.SZ,2026-04-15 14:38:00,6.25,6.25,6.24,6.24,668500,4172249.0
000630.SZ,2026-04-15 14:39:00,6.24,6.24,6.23,6.23,839900,5234622.0
000630.SZ,2026-04-15 14:40:00,6.23,6.24,6.23,6.23,801700,4997235.0
000630.SZ,2026-04-15 14:41:00,6.23,6.24,6.23,6.24,1209000,7533605.0
000630.SZ,2026-04-15 14:42:00,6.24,6.24,6.23,6.23,1121400,6987619.0
000630.SZ,2026-04-15 14:43:00,6.23,6.23,6.22,6.23,2415700,15043313.0
000630.SZ,2026-04-15 14:44:00,6.23,6.24,6.23,6.24,1408400,8776571.0
000630.SZ,2026-04-15 14:45:00,6.23,6.24,6.23,6.24,798800,4977994.0
000630.SZ,2026-04-15 14:46:00,6.24,6.24,6.22,6.23,1309900,8152636.0
000630.SZ,2026-04-15 14:47:00,6.23,6.23,6.22,6.22,852300,5304702.0
000630.SZ,2026-04-15 14:48:00,6.22,6.23,6.22,6.22,801300,4986004.0
000630.SZ,2026-04-15 14:49:00,6.23,6.23,6.22,6.22,2206100,13742287.0
000630.SZ,2026-04-15 14:50:00,6.23,6.24,6.22,6.23,1221700,7608487.0
000630.SZ,2026-04-15 14:51:00,6.24,6.24,6.23,6.23,570900,3558622.0
000630.SZ,2026-04-15 14:52:00,6.24,6.24,6.23,6.24,850600,5303073.0
000630.SZ,2026-04-15 14:53:00,6.24,6.24,6.23,6.23,1301400,8118266.0
000630.SZ,2026-04-15 14:54:00,6.24,6.25,6.23,6.24,1495200,9331373.0
000630.SZ,2026-04-15 14:55:00,6.25,6.25,6.24,6.24,1369200,8552783.0
000630.SZ,2026-04-15 14:56:00,6.24,6.25,6.24,6.25,1326100,8284501.0
000630.SZ,2026-04-15 14:57:00,6.25,6.27,6.25,6.27,2055000,12867723.0
000630.SZ,2026-04-15 14:58:00,6.27,6.27,6.27,6.27,0,0.0
000630.SZ,2026-04-15 14:59:00,6.27,6.27,6.27,6.27,0,0.0
000630.SZ,2026-04-15 15:00:00,6.27,6.27,6.27,6.27,3043670,19083810.0
000630.SZ,2026-04-16 09:30:00,6.25,6.27,6.24,6.25,1735100,10844959.0
000630.SZ,2026-04-16 09:31:00,6.25,6.3,6.25,6.3,4618300,28965678.0
000630.SZ,2026-04-16 09:32:00,6.3,6.31,6.29,6.29,2710400,17066318.0
000630.SZ,2026-04-16 09:33:00,6.28,6.29,6.26,6.26,2603600,16347461.0
000630.SZ,2026-04-16 09:34:00,6.27,6.28,6.25,6.25,3751600,23506006.0
000630.SZ,2026-04-16 09:35:00,6.26,6.27,6.26,6.27,2404500,15059685.0
000630.SZ,2026-04-16 09:36:00,6.26,6.27,6.26,6.26,1452200,9097816.0
000630.SZ,2026-04-16 09:37:00,6.26,6.28,6.26,6.28,1910700,11984817.0
000630.SZ,2026-04-16 09:38:00,6.27,6.28,6.27,6.28,1299500,8157973.0
000630.SZ,2026-04-16 09:39:00,6.28,6.28,6.27,6.27,1620800,10175041.0
000630.SZ,2026-04-16 09:40:00,6.26,6.26,6.25,6.26,4996700,31264756.0
000630.SZ,2026-04-16 09:41:00,6.25,6.28,6.25,6.28,3072800,19246316.0
000630.SZ,2026-04-16 09:42:00,6.28,6.28,6.26,6.27,791000,4954701.0
000630.SZ,2026-04-16 09:43:00,6.27,6.28,6.26,6.27,1621600,10166340.0
000630.SZ,2026-04-16 09:44:00,6.27,6.28,6.26,6.26,1191400,7471565.0
000630.SZ,2026-04-16 09:45:00,6.27,6.27,6.25,6.25,3512000,21972532.0
000630.SZ,2026-04-16 09:46:00,6.25,6.28,6.24,6.27,3802500,23791882.0
000630.SZ,2026-04-16 09:47:00,6.27,6.28,6.26,6.27,922700,5787017.0
000630.SZ,2026-04-16 09:48:00,6.26,6.28,6.26,6.28,1082200,6786759.0
000630.SZ,2026-04-16 09:49:00,6.28,6.28,6.27,6.27,702100,4407404.0
000630.SZ,2026-04-16 09:50:00,6.28,6.28,6.27,6.28,506700,3179650.0
000630.SZ,2026-04-16 09:51:00,6.27,6.28,6.27,6.28,544400,3415347.0
000630.SZ,2026-04-16 09:52:00,6.27,6.27,6.26,6.26,1910400,11973918.0
000630.SZ,2026-04-16 09:53:00,6.26,6.27,6.26,6.27,806100,5049446.0
000630.SZ,2026-04-16 09:54:00,6.27,6.27,6.26,6.26,775400,4856567.0
000630.SZ,2026-04-16 09:55:00,6.27,6.27,6.26,6.26,536300,3359819.0
000630.SZ,2026-04-16 09:56:00,6.26,6.26,6.25,6.25,1830800,11457699.0
000630.SZ,2026-04-16 09:57:00,6.26,6.27,6.26,6.26,1293700,8099227.0
000630.SZ,2026-04-16 09:58:00,6.27,6.27,6.26,6.26,437400,2739724.0
000630.SZ,2026-04-16 09:59:00,6.27,6.27,6.26,6.27,998000,6248211.0
000630.SZ,2026-04-16 10:00:00,6.26,6.26,6.25,6.26,1386000,8669248.0
000630.SZ,2026-04-16 10:01:00,6.26,6.26,6.25,6.25,3171200,19830062.0
000630.SZ,2026-04-16 10:02:00,6.26,6.27,6.25,6.27,1459000,9130458.0
000630.SZ,2026-04-16 10:03:00,6.27,6.27,6.25,6.26,1201100,7515645.0
000630.SZ,2026-04-16 10:04:00,6.26,6.26,6.25,6.26,988500,6185937.0
000630.SZ,2026-04-16 10:05:00,6.26,6.27,6.26,6.26,388800,2435279.0
000630.SZ,2026-04-16 10:06:00,6.26,6.28,6.26,6.27,1953200,12245504.0
000630.SZ,2026-04-16 10:07:00,6.28,6.28,6.27,6.27,802900,5038100.0
000630.SZ,2026-04-16 10:08:00,6.28,6.28,6.27,6.28,482400,3026073.0
000630.SZ,2026-04-16 10:09:00,6.27,6.27,6.26,6.27,1239600,7770749.0
000630.SZ,2026-04-16 10:10:00,6.27,6.27,6.26,6.26,526700,3300646.0
000630.SZ,2026-04-16 10:11:00,6.26,6.27,6.26,6.27,681200,4268536.0
000630.SZ,2026-04-16 10:12:00,6.27,6.27,6.26,6.27,395600,2478701.0
000630.SZ,2026-04-16 10:13:00,6.26,6.27,6.26,6.26,410200,2569528.0
000630.SZ,2026-04-16 10:14:00,6.27,6.28,6.27,6.28,724200,4541412.0
000630.SZ,2026-04-16 10:15:00,6.28,6.28,6.27,6.28,432900,2715924.0
000630.SZ,2026-04-16 10:16:00,6.27,6.27,6.26,6.26,3527400,22095504.0
000630.SZ,2026-04-16 10:17:00,6.26,6.26,6.25,6.25,566600,3546428.0
000630.SZ,2026-04-16 10:18:00,6.26,6.26,6.25,6.25,410300,2567116.0
000630.SZ,2026-04-16 10:19:00,6.26,6.27,6.25,6.25,453200,2836552.0
000630.SZ,2026-04-16 10:20:00,6.25,6.26,6.25,6.26,412300,2579335.0
000630.SZ,2026-04-16 10:21:00,6.26,6.26,6.25,6.25,425100,2659421.0
000630.SZ,2026-04-16 10:22:00,6.26,6.26,6.25,6.26,336700,2106393.0
000630.SZ,2026-04-16 10:23:00,6.25,6.26,6.25,6.26,313300,1959526.0
000630.SZ,2026-04-16 10:24:00,6.26,6.26,6.25,6.26,538800,3371166.0
000630.SZ,2026-04-16 10:25:00,6.26,6.26,6.25,6.25,260300,1628614.0
000630.SZ,2026-04-16 10:26:00,6.25,6.26,6.25,6.26,426200,2665797.0
000630.SZ,2026-04-16 10:27:00,6.25,6.26,6.25,6.26,332400,2078194.0
000630.SZ,2026-04-16 10:28:00,6.26,6.26,6.25,6.26,222700,1392838.0
000630.SZ,2026-04-16 10:29:00,6.25,6.26,6.24,6.24,3555800,22221574.0
000630.SZ,2026-04-16 10:30:00,6.24,6.25,6.24,6.24,680000,4245579.0
000630.SZ,2026-04-16 10:31:00,6.25,6.25,6.24,6.25,718726,4486048.0
000630.SZ,2026-04-16 10:32:00,6.25,6.25,6.24,6.24,656000,4095768.0
000630.SZ,2026-04-16 10:33:00,6.25,6.25,6.24,6.25,736600,4601327.0
000630.SZ,2026-04-16 10:34:00,6.25,6.25,6.24,6.25,671900,4197691.0
000630.SZ,2026-04-16 10:35:00,6.24,6.25,6.23,6.24,2376974,14832875.0
000630.SZ,2026-04-16 10:36:00,6.24,6.24,6.23,6.23,618100,3852609.0
000630.SZ,2026-04-16 10:37:00,6.23,6.24,6.22,6.23,1404900,8753316.0
000630.SZ,2026-04-16 10:38:00,6.23,6.24,6.23,6.23,683200,4257547.0
000630.SZ,2026-04-16 10:39:00,6.23,6.24,6.23,6.23,602600,3755279.0
000630.SZ,2026-04-16 10:40:00,6.23,6.24,6.23,6.23,528600,3293850.0
000630.SZ,2026-04-16 10:41:00,6.23,6.24,6.23,6.24,388300,2420630.0
000630.SZ,2026-04-16 10:42:00,6.23,6.24,6.23,6.23,438300,2731660.0
000630.SZ,2026-04-16 10:43:00,6.24,6.24,6.23,6.23,498200,3104906.0
000630.SZ,2026-04-16 10:44:00,6.24,6.24,6.23,6.23,337200,2101466.0
000630.SZ,2026-04-16 10:45:00,6.23,6.24,6.23,6.23,471300,2936857.0
000630.SZ,2026-04-16 10:46:00,6.23,6.25,6.23,6.25,2249900,14037749.0
000630.SZ,2026-04-16 10:47:00,6.24,6.25,6.24,6.25,694800,4340239.0
000630.SZ,2026-04-16 10:48:00,6.24,6.25,6.24,6.24,402800,2516096.0
000630.SZ,2026-04-16 10:49:00,6.24,6.25,6.24,6.25,1008500,6293964.0
000630.SZ,2026-04-16 10:50:00,6.24,6.25,6.24,6.25,433700,2707064.0
000630.SZ,2026-04-16 10:51:00,6.25,6.25,6.24,6.25,291200,1819231.0
000630.SZ,2026-04-16 10:52:00,6.24,6.25,6.24,6.24,534200,3336750.0
000630.SZ,2026-04-16 10:53:00,6.24,6.25,6.24,6.24,239000,1491779.0
000630.SZ,2026-04-16 10:54:00,6.24,6.25,6.24,6.25,312700,1953093.0
000630.SZ,2026-04-16 10:55:00,6.25,6.25,6.24,6.25,268900,1678599.0
000630.SZ,2026-04-16 10:56:00,6.25,6.25,6.24,6.24,428900,2679015.0
000630.SZ,2026-04-16 10:57:00,6.24,6.25,6.24,6.24,801400,5001075.0
000630.SZ,2026-04-16 10:58:00,6.24,6.25,6.24,6.24,418200,2611461.0
000630.SZ,2026-04-16 10:59:00,6.24,6.25,6.24,6.25,462200,2887546.0
000630.SZ,2026-04-16 11:00:00,6.25,6.25,6.24,6.25,471000,2941628.0
000630.SZ,2026-04-16 11:01:00,6.25,6.26,6.24,6.25,1009200,6308311.0
000630.SZ,2026-04-16 11:02:00,6.26,6.26,6.25,6.26,193700,1211902.0
000630.SZ,2026-04-16 11:03:00,6.25,6.27,6.25,6.27,1380900,8644335.0
000630.SZ,2026-04-16 11:04:00,6.27,6.27,6.26,6.26,978600,6135321.0
000630.SZ,2026-04-16 11:05:00,6.27,6.27,6.26,6.26,305100,1912392.0
000630.SZ,2026-04-16 11:06:00,6.26,6.27,6.26,6.27,538500,3375509.0
000630.SZ,2026-04-16 11:07:00,6.27,6.28,6.27,6.28,357300,2242010.0
000630.SZ,2026-04-16 11:08:00,6.28,6.28,6.27,6.28,482500,3029420.0
000630.SZ,2026-04-16 11:09:00,6.28,6.28,6.27,6.28,435800,2735837.0
000630.SZ,2026-04-16 11:10:00,6.27,6.28,6.27,6.27,337479,2117417.2
000630.SZ,2026-04-16 11:11:00,6.27,6.28,6.27,6.27,639800,4015054.0
000630.SZ,2026-04-16 11:12:00,6.28,6.28,6.27,6.27,333700,2093796.0
000630.SZ,2026-04-16 11:13:00,6.27,6.28,6.26,6.26,1037421,6504700.5
000630.SZ,2026-04-16 11:14:00,6.26,6.27,6.26,6.27,95500,598355.0
000630.SZ,2026-04-16 11:15:00,6.27,6.27,6.26,6.27,1035900,6494203.0
000630.SZ,2026-04-16 11:16:00,6.27,6.28,6.27,6.28,234000,1468279.0
000630.SZ,2026-04-16 11:17:00,6.28,6.28,6.27,6.28,649500,4077950.0
000630.SZ,2026-04-16 11:18:00,6.28,6.28,6.27,6.28,231100,1450286.0
000630.SZ,2026-04-16 11:19:00,6.27,6.28,6.27,6.28,320700,2012780.0
000630.SZ,2026-04-16 11:20:00,6.27,6.28,6.27,6.28,346100,2172476.0
000630.SZ,2026-04-16 11:21:00,6.27,6.28,6.27,6.28,205700,1290867.0
000630.SZ,2026-04-16 11:22:00,6.28,6.28,6.27,6.28,1414800,8884007.0
000630.SZ,2026-04-16 11:23:00,6.28,6.29,6.27,6.28,1298700,8155599.0
000630.SZ,2026-04-16 11:24:00,6.28,6.29,6.28,6.29,324200,2038305.0
000630.SZ,2026-04-16 11:25:00,6.29,6.29,6.28,6.28,610200,3834888.0
000630.SZ,2026-04-16 11:26:00,6.28,6.29,6.28,6.29,483300,3038964.0
000630.SZ,2026-04-16 11:27:00,6.29,6.29,6.28,6.28,373300,2347283.0
000630.SZ,2026-04-16 11:28:00,6.29,6.29,6.28,6.28,257800,1620417.0
000630.SZ,2026-04-16 11:29:00,6.29,6.29,6.28,6.28,183700,1154145.0
000630.SZ,2026-04-16 11:30:00,6.28,6.29,6.28,6.29,461600,2901531.0
000630.SZ,2026-04-16 13:01:00,6.29,6.31,6.28,6.3,5266600,33158480.0
000630.SZ,2026-04-16 13:02:00,6.31,6.31,6.3,6.3,1056300,6654915.0
000630.SZ,2026-04-16 13:03:00,6.3,6.3,6.29,6.3,383000,2412265.0
000630.SZ,2026-04-16 13:04:00,6.3,6.31,6.29,6.3,1289700,8123399.0
000630.SZ,2026-04-16 13:05:00,6.31,6.31,6.3,6.31,1009900,6369953.0
000630.SZ,2026-04-16 13:06:00,6.31,6.31,6.3,6.31,1097700,6921202.0
000630.SZ,2026-04-16 13:07:00,6.31,6.31,6.3,6.31,920700,5807596.0
000630.SZ,2026-04-16 13:08:00,6.31,6.31,6.29,6.29,1572000,9901110.0
000630.SZ,2026-04-16 13:09:00,6.29,6.29,6.28,6.29,874000,5495453.0
000630.SZ,2026-04-16 13:10:00,6.28,6.28,6.27,6.28,1039300,6525128.0
000630.SZ,2026-04-16 13:11:00,6.28,6.28,6.27,6.27,223700,1403274.0
000630.SZ,2026-04-16 13:12:00,6.27,6.28,6.27,6.28,310500,1948509.0
000630.SZ,2026-04-16 13:13:00,6.27,6.28,6.27,6.27,400000,2509890.0
000630.SZ,2026-04-16 13:14:00,6.28,6.28,6.27,6.27,253900,1593671.0
000630.SZ,2026-04-16 13:15:00,6.27,6.28,6.27,6.27,449400,2819565.0
000630.SZ,2026-04-16 13:16:00,6.27,6.29,6.27,6.28,390700,2452351.0
000630.SZ,2026-04-16 13:17:00,6.28,6.29,6.28,6.28,317600,1995788.0
000630.SZ,2026-04-16 13:18:00,6.29,6.29,6.28,6.28,898700,5647356.0
000630.SZ,2026-04-16 13:19:00,6.28,6.3,6.28,6.29,852400,5362035.0
000630.SZ,2026-04-16 13:20:00,6.3,6.3,6.29,6.3,916100,5764745.0
000630.SZ,2026-04-16 13:21:00,6.3,6.3,6.29,6.29,1003800,6321437.0
000630.SZ,2026-04-16 13:22:00,6.3,6.3,6.29,6.29,272000,1712832.0
000630.SZ,2026-04-16 13:23:00,6.3,6.3,6.29,6.29,1052200,6619575.0
000630.SZ,2026-04-16 13:24:00,6.3,6.3,6.29,6.3,956300,6020411.0
000630.SZ,2026-04-16 13:25:00,6.3,6.3,6.29,6.3,323700,2036891.0
000630.SZ,2026-04-16 13:26:00,6.29,6.3,6.29,6.29,696900,4383929.0
000630.SZ,2026-04-16 13:27:00,6.29,6.29,6.28,6.29,550600,3459532.0
000630.SZ,2026-04-16 13:28:00,6.29,6.3,6.28,6.29,957400,6020634.0
000630.SZ,2026-04-16 13:29:00,6.28,6.29,6.28,6.29,266400,1675194.0
000630.SZ,2026-04-16 13:30:00,6.29,6.3,6.28,6.29,305100,1919664.0
000630.SZ,2026-04-16 13:31:00,6.28,6.3,6.28,6.29,347500,2187011.0
000630.SZ,2026-04-16 13:32:00,6.29,6.3,6.29,6.3,420700,2648309.0
000630.SZ,2026-04-16 13:33:00,6.29,6.3,6.29,6.29,287605,1809922.5
000630.SZ,2026-04-16 13:34:00,6.29,6.3,6.29,6.29,462700,2912665.0
000630.SZ,2026-04-16 13:35:00,6.29,6.3,6.29,6.3,334600,2105831.0
000630.SZ,2026-04-16 13:36:00,6.3,6.3,6.29,6.3,391500,2463198.0
000630.SZ,2026-04-16 13:37:00,6.29,6.3,6.29,6.29,561800,3534800.0
000630.SZ,2026-04-16 13:38:00,6.29,6.29,6.29,6.29,661495,4162089.5
000630.SZ,2026-04-16 13:39:00,6.29,6.29,6.28,6.29,334500,2103175.0
000630.SZ,2026-04-16 13:40:00,6.28,6.29,6.28,6.29,229200,1439910.0
000630.SZ,2026-04-16 13:41:00,6.28,6.29,6.28,6.28,172800,1086399.0
000630.SZ,2026-04-16 13:42:00,6.29,6.3,6.28,6.29,817900,5144247.0
000630.SZ,2026-04-16 13:43:00,6.3,6.3,6.29,6.29,309000,1943674.0
000630.SZ,2026-04-16 13:44:00,6.29,6.29,6.28,6.28,202300,1271961.0
000630.SZ,2026-04-16 13:45:00,6.28,6.29,6.28,6.28,324000,2036422.0
000630.SZ,2026-04-16 13:46:00,6.29,6.29,6.28,6.28,232400,1460018.0
000630.SZ,2026-04-16 13:47:00,6.28,6.29,6.28,6.29,583900,3671476.0
000630.SZ,2026-04-16 13:48:00,6.28,6.29,6.28,6.28,284700,1789250.0
000630.SZ,2026-04-16 13:49:00,6.28,6.29,6.28,6.28,383300,2408455.0
000630.SZ,2026-04-16 13:50:00,6.28,6.29,6.28,6.28,202300,1271198.0
000630.SZ,2026-04-16 13:51:00,6.29,6.29,6.28,6.28,375000,2357170.0
000630.SZ,2026-04-16 13:52:00,6.29,6.29,6.28,6.29,306300,1924786.0
000630.SZ,2026-04-16 13:53:00,6.29,6.29,6.28,6.28,560400,3521947.0
000630.SZ,2026-04-16 13:54:00,6.29,6.29,6.28,6.28,494100,3105502.0
000630.SZ,2026-04-16 13:55:00,6.28,6.29,6.28,6.29,419000,2633398.0
000630.SZ,2026-04-16 13:56:00,6.28,6.29,6.28,6.28,501400,3150237.0
000630.SZ,2026-04-16 13:57:00,6.28,6.29,6.28,6.29,236100,1484019.0
000630.SZ,2026-04-16 13:58:00,6.29,6.29,6.28,6.29,354300,2227546.0
000630.SZ,2026-04-16 13:59:00,6.29,6.29,6.28,6.29,834600,5248328.0
000630.SZ,2026-04-16 14:00:00,6.29,6.29,6.28,6.29,491500,3089180.0
000630.SZ,2026-04-16 14:01:00,6.28,6.3,6.28,6.3,375800,2363455.0
000630.SZ,2026-04-16 14:02:00,6.29,6.3,6.29,6.29,267400,1683212.0
000630.SZ,2026-04-16 14:03:00,6.3,6.3,6.29,6.3,400600,2522030.0
000630.SZ,2026-04-16 14:04:00,6.3,6.3,6.29,6.29,1210000,7611334.0
000630.SZ,2026-04-16 14:05:00,6.28,6.3,6.28,6.28,555900,3495322.0
000630.SZ,2026-04-16 14:06:00,6.28,6.29,6.28,6.29,148600,934231.0
000630.SZ,2026-04-16 14:07:00,6.29,6.29,6.28,6.29,533700,3355530.0
000630.SZ,2026-04-16 14:08:00,6.29,6.3,6.29,6.29,367600,2312163.0
000630.SZ,2026-04-16 14:09:00,6.29,6.3,6.29,6.29,476600,2999206.0
000630.SZ,2026-04-16 14:10:00,6.29,6.3,6.29,6.29,358900,2259202.0
000630.SZ,2026-04-16 14:11:00,6.29,6.3,6.29,6.3,294500,1853786.0
000630.SZ,2026-04-16 14:12:00,6.29,6.3,6.29,6.3,210400,1324390.0
000630.SZ,2026-04-16 14:13:00,6.3,6.3,6.29,6.3,370600,2333217.0
000630.SZ,2026-04-16 14:14:00,6.3,6.3,6.29,6.29,195900,1233067.0
000630.SZ,2026-04-16 14:15:00,6.3,6.3,6.29,6.3,804100,5060279.0
000630.SZ,2026-04-16 14:16:00,6.3,6.3,6.29,6.29,487000,3064766.0
000630.SZ,2026-04-16 14:17:00,6.29,6.3,6.29,6.3,534800,3364624.0
000630.SZ,2026-04-16 14:18:00,6.3,6.3,6.29,6.29,698800,4398489.0
000630.SZ,2026-04-16 14:19:00,6.29,6.3,6.29,6.3,407700,2564963.0
000630.SZ,2026-04-16 14:20:00,6.3,6.3,6.29,6.29,341000,2146460.0
000630.SZ,2026-04-16 14:21:00,6.3,6.3,6.29,6.3,224600,1413787.0
000630.SZ,2026-04-16 14:22:00,6.29,6.3,6.29,6.29,489500,3080820.0
000630.SZ,2026-04-16 14:23:00,6.29,6.3,6.29,6.3,300800,1893285.0
000630.SZ,2026-04-16 14:24:00,6.29,6.3,6.29,6.3,379400,2387676.0
000630.SZ,2026-04-16 14:25:00,6.29,6.3,6.29,6.3,348700,2195178.0
000630.SZ,2026-04-16 14:26:00,6.29,6.3,6.29,6.29,705700,4444131.0
000630.SZ,2026-04-16 14:27:00,6.3,6.3,6.29,6.29,325800,2051445.0
000630.SZ,2026-04-16 14:28:00,6.3,6.3,6.29,6.29,1455000,9153004.0
000630.SZ,2026-04-16 14:29:00,6.29,6.3,6.29,6.3,584700,3678485.0
000630.SZ,2026-04-16 14:30:00,6.3,6.3,6.29,6.3,661300,4163741.0
000630.SZ,2026-04-16 14:31:00,6.29,6.3,6.29,6.3,520300,3273867.0
000630.SZ,2026-04-16 14:32:00,6.3,6.3,6.29,6.3,371600,2339397.0
000630.SZ,2026-04-16 14:33:00,6.29,6.3,6.29,6.29,474400,2986836.0
000630.SZ,2026-04-16 14:34:00,6.29,6.3,6.29,6.3,415900,2617968.0
000630.SZ,2026-04-16 14:35:00,6.3,6.3,6.29,6.29,1223600,7697972.0
000630.SZ,2026-04-16 14:36:00,6.3,6.3,6.29,6.29,495100,3116166.0
000630.SZ,2026-04-16 14:37:00,6.29,6.3,6.29,6.29,757400,4768029.0
000630.SZ,2026-04-16 14:38:00,6.3,6.3,6.29,6.3,476600,3000073.0
000630.SZ,2026-04-16 14:39:00,6.29,6.3,6.29,6.3,410300,2581668.0
000630.SZ,2026-04-16 14:40:00,6.3,6.3,6.29,6.3,574800,3618346.0
000630.SZ,2026-04-16 14:41:00,6.29,6.3,6.29,6.29,647800,4077079.0
000630.SZ,2026-04-16 14:42:00,6.29,6.3,6.29,6.3,767300,4828620.0
000630.SZ,2026-04-16 14:43:00,6.3,6.3,6.29,6.29,426300,2683452.0
000630.SZ,2026-04-16 14:44:00,6.3,6.3,6.29,6.3,1020400,6425142.0
000630.SZ,2026-04-16 14:45:00,6.3,6.3,6.29,6.29,1141900,7190375.0
000630.SZ,2026-04-16 14:46:00,6.3,6.3,6.29,6.3,1328500,8365190.0
000630.SZ,2026-04-16 14:47:00,6.3,6.33,6.3,6.32,7863100,49610464.0
000630.SZ,2026-04-16 14:48:00,6.33,6.33,6.31,6.32,2113900,13350751.0
000630.SZ,2026-04-16 14:49:00,6.31,6.32,6.31,6.32,708700,4476725.0
000630.SZ,2026-04-16 14:50:00,6.31,6.32,6.31,6.32,1226300,7742249.0
000630.SZ,2026-04-16 14:51:00,6.31,6.32,6.31,6.32,1023700,6466788.0
000630.SZ,2026-04-16 14:52:00,6.32,6.32,6.31,6.32,944000,5961457.0
000630.SZ,2026-04-16 14:53:00,6.32,6.32,6.31,6.31,1273300,8041835.0
000630.SZ,2026-04-16 14:54:00,6.32,6.32,6.31,6.31,1021900,6455347.0
000630.SZ,2026-04-16 14:55:00,6.32,6.32,6.31,6.32,1757700,11103481.0
000630.SZ,2026-04-16 14:56:00,6.32,6.32,6.31,6.32,1499900,9474118.0
000630.SZ,2026-04-16 14:57:00,6.31,6.32,6.31,6.32,2776900,17543072.0
000630.SZ,2026-04-16 14:58:00,6.32,6.32,6.32,6.32,0,0.0
000630.SZ,2026-04-16 14:59:00,6.32,6.32,6.32,6.32,0,0.0
000630.SZ,2026-04-16 15:00:00,6.32,6.32,6.32,6.32,2280900,14415288.0
000630.SZ,2026-04-17 09:30:00,6.31,6.32,6.31,6.31,6638100,41894230.0
000630.SZ,2026-04-17 09:31:00,6.33,6.42,6.33,6.36,16991300,108121750.0
000630.SZ,2026-04-17 09:32:00,6.37,6.43,6.37,6.41,12048600,77030820.0
000630.SZ,2026-04-17 09:33:00,6.41,6.42,6.4,6.42,9590400,61464420.0
000630.SZ,2026-04-17 09:34:00,6.41,6.43,6.41,6.42,5694600,36577070.0
000630.SZ,2026-04-17 09:35:00,6.42,6.44,6.42,6.44,6202400,39872524.0
000630.SZ,2026-04-17 09:36:00,6.43,6.45,6.43,6.45,5302500,34144190.0
000630.SZ,2026-04-17 09:37:00,6.45,6.45,6.43,6.45,5775200,37196310.0
000630.SZ,2026-04-17 09:38:00,6.45,6.5,6.45,6.49,10359627,67039612.0
000630.SZ,2026-04-17 09:39:00,6.49,6.51,6.49,6.49,8826200,57340540.0
000630.SZ,2026-04-17 09:40:00,6.5,6.52,6.49,6.49,10992500,71523040.0
000630.SZ,2026-04-17 09:41:00,6.49,6.49,6.46,6.46,4646300,30111448.0
000630.SZ,2026-04-17 09:42:00,6.46,6.46,6.44,6.44,3515300,22681618.0
000630.SZ,2026-04-17 09:43:00,6.44,6.45,6.43,6.45,3557000,22909780.0
000630.SZ,2026-04-17 09:44:00,6.44,6.47,6.44,6.46,2995000,19339286.0
000630.SZ,2026-04-17 09:45:00,6.47,6.47,6.46,6.46,1957100,12646275.0
000630.SZ,2026-04-17 09:46:00,6.46,6.46,6.44,6.44,2322000,14981432.0
000630.SZ,2026-04-17 09:47:00,6.45,6.46,6.44,6.46,2370300,15282101.0
000630.SZ,2026-04-17 09:48:00,6.46,6.46,6.44,6.45,1882800,12143682.0
000630.SZ,2026-04-17 09:49:00,6.46,6.47,6.45,6.46,4421100,28558000.0
000630.SZ,2026-04-17 09:50:00,6.45,6.46,6.44,6.44,1836900,11850443.0
000630.SZ,2026-04-17 09:51:00,6.45,6.45,6.44,6.44,1390400,8961199.0
000630.SZ,2026-04-17 09:52:00,6.44,6.45,6.43,6.44,2320700,14951344.0
000630.SZ,2026-04-17 09:53:00,6.45,6.45,6.44,6.45,1092900,7044733.0
000630.SZ,2026-04-17 09:54:00,6.45,6.45,6.43,6.43,3307000,21286812.0
000630.SZ,2026-04-17 09:55:00,6.43,6.43,6.41,6.43,3709000,23812906.0
000630.SZ,2026-04-17 09:56:00,6.43,6.43,6.41,6.42,1966900,12631241.0
000630.SZ,2026-04-17 09:57:00,6.42,6.43,6.42,6.43,1369500,8794006.0
000630.SZ,2026-04-17 09:58:00,6.43,6.43,6.42,6.42,1175500,7550496.0
000630.SZ,2026-04-17 09:59:00,6.42,6.42,6.4,6.4,3811800,24427824.0
000630.SZ,2026-04-17 10:00:00,6.4,6.42,6.4,6.41,2905100,18609030.0
000630.SZ,2026-04-17 10:01:00,6.41,6.46,6.41,6.45,4717600,30360504.0
000630.SZ,2026-04-17 10:02:00,6.46,6.46,6.43,6.43,2396300,15419441.0
000630.SZ,2026-04-17 10:03:00,6.43,6.44,6.42,6.43,4665400,29993814.0
000630.SZ,2026-04-17 10:04:00,6.43,6.44,6.43,6.43,4414500,28383572.0
000630.SZ,2026-04-17 10:05:00,6.43,6.43,6.42,6.42,527400,3388327.0
000630.SZ,2026-04-17 10:06:00,6.42,6.44,6.41,6.43,1642100,10550180.0
000630.SZ,2026-04-17 10:07:00,6.44,6.44,6.43,6.44,1897500,12221841.0
000630.SZ,2026-04-17 10:08:00,6.44,6.45,6.44,6.45,1162400,7488494.0
000630.SZ,2026-04-17 10:09:00,6.45,6.45,6.43,6.43,1256600,8095046.0
000630.SZ,2026-04-17 10:10:00,6.44,6.45,6.43,6.44,1226300,7897632.0
000630.SZ,2026-04-17 10:11:00,6.44,6.44,6.43,6.44,449900,2894595.0
000630.SZ,2026-04-17 10:12:00,6.43,6.44,6.43,6.44,1014400,6529953.0
000630.SZ,2026-04-17 10:13:00,6.44,6.44,6.43,6.43,1682900,10824744.0
000630.SZ,2026-04-17 10:14:00,6.42,6.43,6.42,6.43,852500,5473933.0
000630.SZ,2026-04-17 10:15:00,6.41,6.42,6.41,6.42,946300,6070626.0
000630.SZ,2026-04-17 10:16:00,6.42,6.42,6.41,6.42,1353100,8683407.0
000630.SZ,2026-04-17 10:17:00,6.42,6.43,6.42,6.43,1088000,6989569.0
000630.SZ,2026-04-17 10:18:00,6.43,6.46,6.42,6.46,6472400,41747704.0
000630.SZ,2026-04-17 10:19:00,6.46,6.47,6.46,6.46,1265500,8182195.0
000630.SZ,2026-04-17 10:20:00,6.47,6.47,6.46,6.46,1062100,6863350.0
000630.SZ,2026-04-17 10:21:00,6.47,6.47,6.45,6.45,980700,6337847.0
000630.SZ,2026-04-17 10:22:00,6.45,6.46,6.45,6.45,542000,3498485.0
000630.SZ,2026-04-17 10:23:00,6.45,6.46,6.45,6.46,1472900,9507316.0
000630.SZ,2026-04-17 10:24:00,6.46,6.46,6.44,6.44,1168800,7542674.0
000630.SZ,2026-04-17 10:25:00,6.44,6.45,6.43,6.43,1782900,11477516.0
000630.SZ,2026-04-17 10:26:00,6.43,6.44,6.43,6.43,757700,4876374.0
000630.SZ,2026-04-17 10:27:00,6.44,6.44,6.43,6.43,629100,4049816.0
000630.SZ,2026-04-17 10:28:00,6.43,6.44,6.42,6.42,961500,6183339.0
000630.SZ,2026-04-17 10:29:00,6.42,6.43,6.42,6.43,173300,1113522.0
000630.SZ,2026-04-17 10:30:00,6.42,6.43,6.42,6.42,608900,3912076.0
000630.SZ,2026-04-17 10:31:00,6.43,6.43,6.42,6.42,1494500,9597082.0
000630.SZ,2026-04-17 10:32:00,6.42,6.43,6.42,6.42,234700,1507347.0
000630.SZ,2026-04-17 10:33:00,6.43,6.43,6.42,6.43,474700,3051413.0
000630.SZ,2026-04-17 10:34:00,6.42,6.43,6.42,6.43,262100,1684541.0
000630.SZ,2026-04-17 10:35:00,6.42,6.43,6.42,6.43,197800,1270991.0
000630.SZ,2026-04-17 10:36:00,6.43,6.43,6.42,6.42,286900,1843261.0
000630.SZ,2026-04-17 10:37:00,6.42,6.43,6.42,6.42,831600,5341710.0
000630.SZ,2026-04-17 10:38:00,6.43,6.44,6.42,6.43,478800,3079073.0
000630.SZ,2026-04-17 10:39:00,6.44,6.44,6.43,6.44,294500,1894717.0
000630.SZ,2026-04-17 10:40:00,6.44,6.44,6.43,6.43,366910,2360207.2
000630.SZ,2026-04-17 10:41:00,6.43,6.44,6.43,6.44,320500,2061720.0
000630.SZ,2026-04-17 10:42:00,6.43,6.43,6.42,6.43,340490,2188855.8
000630.SZ,2026-04-17 10:43:00,6.43,6.43,6.42,6.42,225600,1449576.0
000630.SZ,2026-04-17 10:44:00,6.42,6.43,6.42,6.43,211800,1360507.0
000630.SZ,2026-04-17 10:45:00,6.43,6.43,6.42,6.42,176100,1131160.0
000630.SZ,2026-04-17 10:46:00,6.43,6.43,6.42,6.42,595214,3826596.0
000630.SZ,2026-04-17 10:47:00,6.43,6.44,6.42,6.44,491100,3157742.0
000630.SZ,2026-04-17 10:48:00,6.43,6.44,6.43,6.43,269900,1736581.0
000630.SZ,2026-04-17 10:49:00,6.44,6.44,6.43,6.43,141600,911538.0
000630.SZ,2026-04-17 10:50:00,6.44,6.44,6.43,6.44,473500,3046996.0
000630.SZ,2026-04-17 10:51:00,6.44,6.44,6.43,6.43,570700,3670371.0
000630.SZ,2026-04-17 10:52:00,6.43,6.44,6.43,6.43,558500,3591465.0
000630.SZ,2026-04-17 10:53:00,6.43,6.43,6.42,6.43,1333700,8567494.0
000630.SZ,2026-04-17 10:54:00,6.43,6.44,6.42,6.42,314500,2021811.0
000630.SZ,2026-04-17 10:55:00,6.43,6.43,6.43,6.43,311600,2003494.0
000630.SZ,2026-04-17 10:56:00,6.42,6.43,6.42,6.43,394900,2538341.0
000630.SZ,2026-04-17 10:57:00,6.43,6.44,6.43,6.44,612400,3942804.0
000630.SZ,2026-04-17 10:58:00,6.43,6.44,6.42,6.43,580100,3730649.0
000630.SZ,2026-04-17 10:59:00,6.43,6.43,6.42,6.42,187200,1202953.0
000630.SZ,2026-04-17 11:00:00,6.42,6.43,6.41,6.41,1749586,11230743.0
000630.SZ,2026-04-17 11:01:00,6.41,6.42,6.41,6.41,295800,1897189.0
000630.SZ,2026-04-17 11:02:00,6.41,6.42,6.41,6.42,235700,1512412.0
000630.SZ,2026-04-17 11:03:00,6.41,6.42,6.41,6.42,159200,1021602.0
000630.SZ,2026-04-17 11:04:00,6.42,6.42,6.41,6.41,334700,2147943.0
000630.SZ,2026-04-17 11:05:00,6.41,6.42,6.41,6.41,260600,1671688.0
000630.SZ,2026-04-17 11:06:00,6.41,6.42,6.41,6.41,165400,1060892.0
000630.SZ,2026-04-17 11:07:00,6.42,6.42,6.41,6.42,176700,1133228.0
000630.SZ,2026-04-17 11:08:00,6.41,6.42,6.41,6.41,402100,2578471.0
000630.SZ,2026-04-17 11:09:00,6.41,6.42,6.41,6.42,217400,1395188.0
000630.SZ,2026-04-17 11:10:00,6.41,6.42,6.41,6.41,151000,968809.0
000630.SZ,2026-04-17 11:11:00,6.41,6.42,6.41,6.41,277900,1782970.0
000630.SZ,2026-04-17 11:12:00,6.41,6.42,6.41,6.41,174500,1118954.0
000630.SZ,2026-04-17 11:13:00,6.42,6.42,6.41,6.42,323800,2077354.0
000630.SZ,2026-04-17 11:14:00,6.42,6.42,6.41,6.41,220800,1417078.0
000630.SZ,2026-04-17 11:15:00,6.41,6.43,6.41,6.43,1194000,7666320.0
000630.SZ,2026-04-17 11:16:00,6.42,6.43,6.42,6.42,110300,708776.0
000630.SZ,2026-04-17 11:17:00,6.43,6.43,6.42,6.43,607000,3897575.0
000630.SZ,2026-04-17 11:18:00,6.43,6.43,6.42,6.43,309000,1986028.0
000630.SZ,2026-04-17 11:19:00,6.43,6.43,6.42,6.43,203700,1309235.0
000630.SZ,2026-04-17 11:20:00,6.43,6.43,6.42,6.42,224600,1442792.0
000630.SZ,2026-04-17 11:21:00,6.42,6.43,6.42,6.42,159400,1024069.0
000630.SZ,2026-04-17 11:22:00,6.42,6.43,6.42,6.43,159300,1023414.0
000630.SZ,2026-04-17 11:23:00,6.42,6.43,6.42,6.42,158300,1016994.0
000630.SZ,2026-04-17 11:24:00,6.43,6.43,6.42,6.43,115600,742921.0
000630.SZ,2026-04-17 11:25:00,6.43,6.43,6.42,6.42,178400,1146331.0
000630.SZ,2026-04-17 11:26:00,6.43,6.43,6.42,6.42,541500,3476769.0
000630.SZ,2026-04-17 11:27:00,6.42,6.43,6.42,6.42,527600,3387679.0
000630.SZ,2026-04-17 11:28:00,6.42,6.43,6.42,6.43,138400,888844.0
000630.SZ,2026-04-17 11:29:00,6.42,6.43,6.41,6.42,774900,4974592.0
000630.SZ,2026-04-17 11:30:00,6.42,6.42,6.41,6.42,608300,3904156.0
000630.SZ,2026-04-17 13:01:00,6.41,6.43,6.41,6.43,1667100,10698691.0
000630.SZ,2026-04-17 13:02:00,6.42,6.42,6.41,6.42,600700,3855965.0
000630.SZ,2026-04-17 13:03:00,6.41,6.42,6.4,6.41,2114800,13555901.0
000630.SZ,2026-04-17 13:04:00,6.41,6.41,6.4,6.41,600616,3851273.5
000630.SZ,2026-04-17 13:05:00,6.4,6.41,6.4,6.41,269300,1724402.0
000630.SZ,2026-04-17 13:06:00,6.41,6.41,6.4,6.4,167300,1071193.0
000630.SZ,2026-04-17 13:07:00,6.4,6.41,6.4,6.4,1704800,10916814.0
000630.SZ,2026-04-17 13:08:00,6.4,6.4,6.38,6.38,3927784,25122962.0
000630.SZ,2026-04-17 13:09:00,6.38,6.4,6.38,6.39,580500,3707649.0
000630.SZ,2026-04-17 13:10:00,6.39,6.4,6.39,6.39,304900,1948698.0
000630.SZ,2026-04-17 13:11:00,6.39,6.4,6.39,6.4,354400,2267019.0
000630.SZ,2026-04-17 13:12:00,6.4,6.4,6.39,6.39,567100,3629186.0
000630.SZ,2026-04-17 13:13:00,6.4,6.41,6.4,6.41,348900,2232984.0
000630.SZ,2026-04-17 13:14:00,6.4,6.41,6.4,6.4,205000,1312358.0
000630.SZ,2026-04-17 13:15:00,6.4,6.41,6.4,6.41,233100,1492877.0
000630.SZ,2026-04-17 13:16:00,6.41,6.41,6.4,6.41,158800,1017401.0
000630.SZ,2026-04-17 13:17:00,6.4,6.41,6.4,6.41,213200,1364782.0
000630.SZ,2026-04-17 13:18:00,6.41,6.41,6.4,6.4,155400,995346.0
000630.SZ,2026-04-17 13:19:00,6.4,6.41,6.4,6.4,164100,1050802.0
000630.SZ,2026-04-17 13:20:00,6.4,6.41,6.4,6.4,206500,1322420.0
000630.SZ,2026-04-17 13:21:00,6.4,6.42,6.4,6.41,958900,6147235.0
000630.SZ,2026-04-17 13:22:00,6.41,6.42,6.41,6.41,123000,789168.0
000630.SZ,2026-04-17 13:23:00,6.42,6.42,6.41,6.42,216400,1388644.0
000630.SZ,2026-04-17 13:24:00,6.42,6.42,6.41,6.41,99600,639026.0
000630.SZ,2026-04-17 13:25:00,6.42,6.42,6.41,6.41,206000,1321902.0
000630.SZ,2026-04-17 13:26:00,6.41,6.42,6.41,6.42,1364500,8760287.0
000630.SZ,2026-04-17 13:27:00,6.42,6.43,6.42,6.42,277000,1778915.0
000630.SZ,2026-04-17 13:28:00,6.43,6.43,6.42,6.42,168500,1083175.0
000630.SZ,2026-04-17 13:29:00,6.43,6.43,6.42,6.43,269200,1729925.0
000630.SZ,2026-04-17 13:30:00,6.43,6.43,6.42,6.42,305900,1965102.0
000630.SZ,2026-04-17 13:31:00,6.42,6.43,6.42,6.43,358100,2300753.0
000630.SZ,2026-04-17 13:32:00,6.42,6.43,6.42,6.43,539700,3469837.0
000630.SZ,2026-04-17 13:33:00,6.43,6.43,6.42,6.42,326000,2095710.0
000630.SZ,2026-04-17 13:34:00,6.43,6.43,6.42,6.43,417400,2682284.0
000630.SZ,2026-04-17 13:35:00,6.43,6.43,6.42,6.42,392700,2524018.0
000630.SZ,2026-04-17 13:36:00,6.43,6.43,6.42,6.43,309900,1991232.0
000630.SZ,2026-04-17 13:37:00,6.42,6.43,6.42,6.43,141300,907842.0
000630.SZ,2026-04-17 13:38:00,6.43,6.45,6.42,6.45,2510842,16162586.0
000630.SZ,2026-04-17 13:39:00,6.44,6.45,6.44,6.45,308500,1989326.0
000630.SZ,2026-04-17 13:40:00,6.44,6.45,6.43,6.43,1067300,6874047.0
000630.SZ,2026-04-17 13:41:00,6.44,6.44,6.43,6.43,281200,1809656.0
000630.SZ,2026-04-17 13:42:00,6.43,6.44,6.43,6.44,348000,2239575.0
000630.SZ,2026-04-17 13:43:00,6.43,6.43,6.42,6.42,1270600,8169094.0
000630.SZ,2026-04-17 13:44:00,6.43,6.43,6.42,6.42,106600,684626.0
000630.SZ,2026-04-17 13:45:00,6.43,6.43,6.42,6.43,383900,2465805.0
000630.SZ,2026-04-17 13:46:00,6.42,6.43,6.42,6.43,567200,3646803.0
000630.SZ,2026-04-17 13:47:00,6.43,6.44,6.43,6.43,416700,2679356.0
000630.SZ,2026-04-17 13:48:00,6.42,6.44,6.42,6.43,472200,3035984.0
000630.SZ,2026-04-17 13:49:00,6.44,6.44,6.42,6.43,482300,3101092.0
000630.SZ,2026-04-17 13:50:00,6.43,6.43,6.42,6.43,288300,1853262.0
000630.SZ,2026-04-17 13:51:00,6.42,6.43,6.42,6.42,233400,1499349.0
000630.SZ,2026-04-17 13:52:00,6.43,6.43,6.42,6.43,344700,2215722.0
000630.SZ,2026-04-17 13:53:00,6.44,6.44,6.43,6.43,171500,1103880.0
000630.SZ,2026-04-17 13:54:00,6.44,6.44,6.43,6.44,352500,2269449.0
000630.SZ,2026-04-17 13:55:00,6.44,6.44,6.43,6.44,514400,3312290.0
000630.SZ,2026-04-17 13:56:00,6.44,6.44,6.43,6.44,265800,1711113.0
000630.SZ,2026-04-17 13:57:00,6.43,6.44,6.43,6.44,510900,3289670.0
000630.SZ,2026-04-17 13:58:00,6.43,6.44,6.43,6.44,206600,1330042.0
000630.SZ,2026-04-17 13:59:00,6.44,6.44,6.43,6.44,288900,1859119.0
000630.SZ,2026-04-17 14:00:00,6.44,6.44,6.43,6.43,286600,1843725.0
000630.SZ,2026-04-17 14:01:00,6.43,6.44,6.43,6.44,312000,2008244.0
000630.SZ,2026-04-17 14:02:00,6.43,6.44,6.43,6.43,536800,3456459.0
000630.SZ,2026-04-17 14:03:00,6.43,6.44,6.43,6.44,349500,2249879.0
000630.SZ,2026-04-17 14:04:00,6.44,6.44,6.43,6.44,273300,1758955.0
000630.SZ,2026-04-17 14:05:00,6.44,6.44,6.43,6.43,193900,1248085.0
000630.SZ,2026-04-17 14:06:00,6.44,6.44,6.43,6.43,288300,1856318.0
000630.SZ,2026-04-17 14:07:00,6.43,6.45,6.43,6.44,1154100,7431141.0
000630.SZ,2026-04-17 14:08:00,6.44,6.44,6.43,6.44,551600,3551262.0
000630.SZ,2026-04-17 14:09:00,6.43,6.44,6.43,6.44,359900,2317041.0
000630.SZ,2026-04-17 14:10:00,6.44,6.44,6.43,6.43,742800,4779770.0
000630.SZ,2026-04-17 14:11:00,6.43,6.44,6.43,6.44,222500,1431744.0
000630.SZ,2026-04-17 14:12:00,6.43,6.44,6.43,6.43,381700,2455739.0
000630.SZ,2026-04-17 14:13:00,6.43,6.44,6.43,6.44,299000,1923085.0
000630.SZ,2026-04-17 14:14:00,6.43,6.44,6.43,6.43,314000,2020580.0
000630.SZ,2026-04-17 14:15:00,6.43,6.44,6.42,6.42,3378400,21715540.0
000630.SZ,2026-04-17 14:16:00,6.42,6.43,6.42,6.43,168800,1084119.0
000630.SZ,2026-04-17 14:17:00,6.42,6.43,6.42,6.42,509400,3270948.0
000630.SZ,2026-04-17 14:18:00,6.43,6.43,6.42,6.43,183600,1179741.0
000630.SZ,2026-04-17 14:19:00,6.43,6.43,6.42,6.43,240100,1542208.0
000630.SZ,2026-04-17 14:20:00,6.42,6.43,6.42,6.43,1268100,8142522.0
000630.SZ,2026-04-17 14:21:00,6.42,6.43,6.41,6.42,579000,3717547.0
000630.SZ,2026-04-17 14:22:00,6.42,6.42,6.41,6.42,191800,1230478.0
000630.SZ,2026-04-17 14:23:00,6.41,6.42,6.41,6.42,247100,1584793.0
000630.SZ,2026-04-17 14:24:00,6.42,6.42,6.41,6.42,252900,1622855.0
000630.SZ,2026-04-17 14:25:00,6.41,6.42,6.41,6.42,505700,3244996.0
000630.SZ,2026-04-17 14:26:00,6.42,6.43,6.41,6.42,1028000,6599346.0
000630.SZ,2026-04-17 14:27:00,6.42,6.43,6.42,6.42,274000,1760105.0
000630.SZ,2026-04-17 14:28:00,6.43,6.43,6.42,6.43,407500,2618855.0
000630.SZ,2026-04-17 14:29:00,6.43,6.43,6.42,6.43,327100,2101272.0
000630.SZ,2026-04-17 14:30:00,6.42,6.43,6.42,6.43,374100,2403193.0
000630.SZ,2026-04-17 14:31:00,6.43,6.43,6.42,6.42,518400,3329069.0
000630.SZ,2026-04-17 14:32:00,6.43,6.43,6.42,6.42,428400,2751961.0
000630.SZ,2026-04-17 14:33:00,6.43,6.43,6.42,6.43,611400,3926749.0
000630.SZ,2026-04-17 14:34:00,6.43,6.43,6.42,6.43,231000,1484018.0
000630.SZ,2026-04-17 14:35:00,6.42,6.43,6.42,6.43,242600,1558800.0
000630.SZ,2026-04-17 14:36:00,6.42,6.43,6.42,6.42,600300,3857804.0
000630.SZ,2026-04-17 14:37:00,6.43,6.43,6.42,6.43,2412600,15511630.0
000630.SZ,2026-04-17 14:38:00,6.43,6.43,6.42,6.42,698400,4486790.0
000630.SZ,2026-04-17 14:39:00,6.42,6.43,6.42,6.43,328500,2110015.0
000630.SZ,2026-04-17 14:40:00,6.42,6.43,6.42,6.43,516700,3319388.0
000630.SZ,2026-04-17 14:41:00,6.42,6.43,6.42,6.42,383000,2461363.0
000630.SZ,2026-04-17 14:42:00,6.43,6.43,6.42,6.42,529100,3398097.0
000630.SZ,2026-04-17 14:43:00,6.42,6.43,6.42,6.42,1720000,11043438.0
000630.SZ,2026-04-17 14:44:00,6.42,6.43,6.42,6.42,1117600,7176176.0
000630.SZ,2026-04-17 14:45:00,6.42,6.43,6.42,6.42,782300,5023989.0
000630.SZ,2026-04-17 14:46:00,6.42,6.43,6.42,6.43,1115700,7165108.0
000630.SZ,2026-04-17 14:47:00,6.43,6.43,6.42,6.42,568110,3648947.2
000630.SZ,2026-04-17 14:48:00,6.42,6.43,6.42,6.43,763600,4904599.0
000630.SZ,2026-04-17 14:49:00,6.42,6.43,6.42,6.42,631300,4054649.0
000630.SZ,2026-04-17 14:50:00,6.42,6.43,6.42,6.42,973400,6254126.0
000630.SZ,2026-04-17 14:51:00,6.42,6.43,6.42,6.43,883600,5674948.0
000630.SZ,2026-04-17 14:52:00,6.42,6.43,6.42,6.43,1009900,6489723.0
000630.SZ,2026-04-17 14:53:00,6.43,6.43,6.42,6.43,1455100,9348784.0
000630.SZ,2026-04-17 14:54:00,6.42,6.43,6.42,6.42,845300,5430610.0
000630.SZ,2026-04-17 14:55:00,6.42,6.43,6.42,6.42,1356800,8718066.0
000630.SZ,2026-04-17 14:56:00,6.42,6.43,6.42,6.42,2265156,14553711.0
000630.SZ,2026-04-17 14:57:00,6.43,6.43,6.42,6.43,2065200,13268311.0
000630.SZ,2026-04-17 14:58:00,6.43,6.43,6.43,6.43,0,0.0
000630.SZ,2026-04-17 14:59:00,6.43,6.43,6.43,6.43,0,0.0
000630.SZ,2026-04-17 15:00:00,6.43,6.43,6.43,6.43,2370400,15241672.0
000630.SZ,2026-04-20 09:30:00,6.45,6.46,6.45,6.45,8068500,52051116.0
000630.SZ,2026-04-20 09:31:00,6.47,6.59,6.47,6.59,21493200,140641660.0
000630.SZ,2026-04-20 09:32:00,6.6,6.64,6.52,6.52,14774000,97319330.0
000630.SZ,2026-04-20 09:33:00,6.52,6.53,6.52,6.52,7798100,50895724.0
000630.SZ,2026-04-20 09:34:00,6.52,6.52,6.49,6.5,5582900,36303560.0
000630.SZ,2026-04-20 09:35:00,6.5,6.5,6.47,6.49,8183500,53045572.0
000630.SZ,2026-04-20 09:36:00,6.48,6.5,6.48,6.5,3839200,24938224.0
000630.SZ,2026-04-20 09:37:00,6.5,6.5,6.48,6.48,5181000,33602308.0
000630.SZ,2026-04-20 09:38:00,6.48,6.5,6.48,6.49,4817089,31248624.0
000630.SZ,2026-04-20 09:39:00,6.49,6.5,6.48,6.5,3761300,24418144.0
000630.SZ,2026-04-20 09:40:00,6.51,6.53,6.5,6.5,3420300,22294968.0
000630.SZ,2026-04-20 09:41:00,6.51,6.51,6.49,6.49,2372011,15411988.0
000630.SZ,2026-04-20 09:42:00,6.49,6.5,6.49,6.5,3402400,22106708.0
000630.SZ,2026-04-20 09:43:00,6.5,6.52,6.49,6.51,3544100,23062532.0
000630.SZ,2026-04-20 09:44:00,6.52,6.53,6.52,6.53,2527200,16496246.0
000630.SZ,2026-04-20 09:45:00,6.53,6.54,6.53,6.54,2689700,17570902.0
000630.SZ,2026-04-20 09:46:00,6.54,6.56,6.53,6.56,4405100,28839574.0
000630.SZ,2026-04-20 09:47:00,6.56,6.56,6.53,6.55,2564900,16783230.0
000630.SZ,2026-04-20 09:48:00,6.54,6.55,6.54,6.54,2402000,15719760.0
000630.SZ,2026-04-20 09:49:00,6.55,6.57,6.54,6.56,4668500,30607128.0
000630.SZ,2026-04-20 09:50:00,6.57,6.57,6.56,6.57,2281400,14985734.0
000630.SZ,2026-04-20 09:51:00,6.57,6.58,6.57,6.57,2903600,19096636.0
000630.SZ,2026-04-20 09:52:00,6.57,6.58,6.55,6.55,3382400,22196972.0
000630.SZ,2026-04-20 09:53:00,6.55,6.56,6.55,6.55,1948700,12774190.0
000630.SZ,2026-04-20 09:54:00,6.56,6.57,6.55,6.56,2374600,15575401.0
000630.SZ,2026-04-20 09:55:00,6.55,6.56,6.55,6.55,1276700,8369459.0
000630.SZ,2026-04-20 09:56:00,6.56,6.56,6.54,6.55,2555700,16734616.0
000630.SZ,2026-04-20 09:57:00,6.55,6.55,6.53,6.54,2062300,13495356.0
000630.SZ,2026-04-20 09:58:00,6.54,6.56,6.53,6.55,2369100,15501453.0
000630.SZ,2026-04-20 09:59:00,6.56,6.56,6.55,6.55,2112600,13854909.0
000630.SZ,2026-04-20 10:00:00,6.55,6.56,6.55,6.56,1284300,8421440.0
000630.SZ,2026-04-20 10:01:00,6.55,6.56,6.54,6.55,2133100,13970682.0
000630.SZ,2026-04-20 10:02:00,6.55,6.56,6.54,6.54,1706300,11178921.0
000630.SZ,2026-04-20 10:03:00,6.56,6.56,6.54,6.54,1431300,9376960.0
000630.SZ,2026-04-20 10:04:00,6.55,6.55,6.54,6.54,1098100,7186302.0
000630.SZ,2026-04-20 10:05:00,6.54,6.54,6.52,6.52,3061500,19990640.0
000630.SZ,2026-04-20 10:06:00,6.52,6.52,6.5,6.51,6465000,42042096.0
000630.SZ,2026-04-20 10:07:00,6.51,6.51,6.5,6.5,1887600,12271017.0
000630.SZ,2026-04-20 10:08:00,6.5,6.51,6.5,6.51,941100,6123525.0
000630.SZ,2026-04-20 10:09:00,6.52,6.53,6.5,6.53,2342822,15255564.0
000630.SZ,2026-04-20 10:10:00,6.52,6.52,6.5,6.5,1750078,11397769.0
000630.SZ,2026-04-20 10:11:00,6.5,6.52,6.5,6.51,2589100,16838008.0
000630.SZ,2026-04-20 10:12:00,6.51,6.52,6.51,6.51,522222,3400657.2
000630.SZ,2026-04-20 10:13:00,6.51,6.51,6.5,6.51,2676078,17404604.0
000630.SZ,2026-04-20 10:14:00,6.5,6.51,6.5,6.5,2337234,15202310.0
000630.SZ,2026-04-20 10:15:00,6.51,6.52,6.5,6.52,2958200,19247068.0
000630.SZ,2026-04-20 10:16:00,6.52,6.52,6.51,6.51,724100,4715136.0
000630.SZ,2026-04-20 10:17:00,6.51,6.52,6.51,6.51,336100,2188894.0
000630.SZ,2026-04-20 10:18:00,6.51,6.51,6.5,6.51,1384900,9011597.0
000630.SZ,2026-04-20 10:19:00,6.51,6.52,6.5,6.51,1395500,9083505.0
000630.SZ,2026-04-20 10:20:00,6.5,6.52,6.5,6.52,1207500,7864449.0
000630.SZ,2026-04-20 10:21:00,6.51,6.53,6.51,6.52,1604023,10457746.0
000630.SZ,2026-04-20 10:22:00,6.52,6.53,6.51,6.51,783100,5105761.0
000630.SZ,2026-04-20 10:23:00,6.52,6.52,6.51,6.52,683300,4449206.0
000630.SZ,2026-04-20 10:24:00,6.51,6.52,6.51,6.52,1078600,7030994.0
000630.SZ,2026-04-20 10:25:00,6.52,6.54,6.52,6.54,1502600,9806510.0
000630.SZ,2026-04-20 10:26:00,6.54,6.55,6.53,6.55,1388200,9076927.0
000630.SZ,2026-04-20 10:27:00,6.55,6.55,6.54,6.55,635000,4156486.0
000630.SZ,2026-04-20 10:28:00,6.55,6.56,6.54,6.56,2446200,16022077.0
000630.SZ,2026-04-20 10:29:00,6.55,6.56,6.55,6.56,779900,5112609.0
000630.SZ,2026-04-20 10:30:00,6.56,6.56,6.55,6.55,752600,4933690.0
000630.SZ,2026-04-20 10:31:00,6.55,6.57,6.55,6.56,2956700,19396430.0
000630.SZ,2026-04-20 10:32:00,6.56,6.56,6.55,6.56,2348000,15399978.0
000630.SZ,2026-04-20 10:33:00,6.56,6.57,6.55,6.56,1409300,9245805.0
000630.SZ,2026-04-20 10:34:00,6.56,6.56,6.55,6.56,508700,3333835.0
000630.SZ,2026-04-20 10:35:00,6.55,6.56,6.55,6.56,2167500,14218822.0
000630.SZ,2026-04-20 10:36:00,6.56,6.56,6.55,6.55,987100,6470096.0
000630.SZ,2026-04-20 10:37:00,6.55,6.56,6.55,6.55,1069800,7012513.0
000630.SZ,2026-04-20 10:38:00,6.56,6.56,6.55,6.56,1345900,8826809.0
000630.SZ,2026-04-20 10:39:00,6.56,6.57,6.56,6.56,484100,3176460.0
000630.SZ,2026-04-20 10:40:00,6.56,6.57,6.56,6.56,464400,3047818.0
000630.SZ,2026-04-20 10:41:00,6.56,6.57,6.56,6.57,1234500,8107225.0
000630.SZ,2026-04-20 10:42:00,6.57,6.57,6.56,6.56,302700,1986958.0
000630.SZ,2026-04-20 10:43:00,6.57,6.57,6.56,6.56,379300,2489481.0
000630.SZ,2026-04-20 10:44:00,6.56,6.57,6.55,6.55,836800,5489951.0
000630.SZ,2026-04-20 10:45:00,6.56,6.56,6.55,6.56,451300,2956956.0
000630.SZ,2026-04-20 10:46:00,6.56,6.56,6.54,6.55,2339700,15318845.0
000630.SZ,2026-04-20 10:47:00,6.56,6.56,6.55,6.55,711100,4658928.0
000630.SZ,2026-04-20 10:48:00,6.56,6.56,6.55,6.55,530400,3475304.0
000630.SZ,2026-04-20 10:49:00,6.55,6.56,6.55,6.55,1197600,7844466.0
000630.SZ,2026-04-20 10:50:00,6.55,6.56,6.55,6.55,423100,2772588.0
000630.SZ,2026-04-20 10:51:00,6.55,6.56,6.55,6.55,622800,4083988.0
000630.SZ,2026-04-20 10:52:00,6.55,6.56,6.54,6.55,1465700,9600662.0
000630.SZ,2026-04-20 10:53:00,6.55,6.56,6.54,6.56,829700,5431519.0
000630.SZ,2026-04-20 10:54:00,6.56,6.56,6.54,6.54,491700,3220486.0
000630.SZ,2026-04-20 10:55:00,6.54,6.55,6.54,6.54,330600,2163917.0
000630.SZ,2026-04-20 10:56:00,6.54,6.55,6.53,6.54,1128000,7377436.0
000630.SZ,2026-04-20 10:57:00,6.55,6.55,6.54,6.54,271700,1777405.0
000630.SZ,2026-04-20 10:58:00,6.55,6.55,6.54,6.54,314100,2054500.0
000630.SZ,2026-04-20 10:59:00,6.54,6.54,6.53,6.53,605200,3954880.0
000630.SZ,2026-04-20 11:00:00,6.54,6.54,6.53,6.53,244100,1595200.0
000630.SZ,2026-04-20 11:01:00,6.53,6.55,6.53,6.55,1154800,7551050.0
000630.SZ,2026-04-20 11:02:00,6.54,6.55,6.54,6.54,435100,2846682.0
000630.SZ,2026-04-20 11:03:00,6.54,6.54,6.53,6.54,208100,1360420.0
000630.SZ,2026-04-20 11:04:00,6.54,6.54,6.53,6.53,281900,1841760.0
000630.SZ,2026-04-20 11:05:00,6.53,6.54,6.52,6.53,1390700,9080382.0
000630.SZ,2026-04-20 11:06:00,6.53,6.53,6.52,6.52,1335400,8709069.0
000630.SZ,2026-04-20 11:07:00,6.52,6.52,6.51,6.51,305200,1987945.0
000630.SZ,2026-04-20 11:08:00,6.51,6.53,6.51,6.52,941400,6138559.0
000630.SZ,2026-04-20 11:09:00,6.52,6.53,6.52,6.53,276600,1804274.0
000630.SZ,2026-04-20 11:10:00,6.52,6.53,6.51,6.52,1387900,9045952.0
000630.SZ,2026-04-20 11:11:00,6.51,6.52,6.51,6.51,316700,2063704.0
000630.SZ,2026-04-20 11:12:00,6.52,6.52,6.51,6.51,209400,1364001.0
000630.SZ,2026-04-20 11:13:00,6.51,6.52,6.51,6.52,401400,2614434.0
000630.SZ,2026-04-20 11:14:00,6.51,6.51,6.5,6.5,2573700,16742435.0
000630.SZ,2026-04-20 11:15:00,6.51,6.52,6.51,6.52,666800,4340998.0
000630.SZ,2026-04-20 11:16:00,6.52,6.52,6.51,6.51,175700,1144395.0
000630.SZ,2026-04-20 11:17:00,6.51,6.52,6.51,6.52,1000100,6519583.0
000630.SZ,2026-04-20 11:18:00,6.52,6.52,6.51,6.52,543673,3542801.2
000630.SZ,2026-04-20 11:19:00,6.52,6.52,6.51,6.51,1333327,8681007.0
000630.SZ,2026-04-20 11:20:00,6.51,6.51,6.5,6.51,713500,4643492.0
000630.SZ,2026-04-20 11:21:00,6.51,6.52,6.51,6.52,471200,3065612.0
000630.SZ,2026-04-20 11:22:00,6.52,6.52,6.51,6.51,406600,2650214.0
000630.SZ,2026-04-20 11:23:00,6.52,6.52,6.51,6.51,158100,1029864.0
000630.SZ,2026-04-20 11:24:00,6.51,6.52,6.51,6.51,242200,1577220.0
000630.SZ,2026-04-20 11:25:00,6.51,6.52,6.51,6.52,281300,1832924.0
000630.SZ,2026-04-20 11:26:00,6.52,6.52,6.51,6.51,279100,1818450.0
000630.SZ,2026-04-20 11:27:00,6.51,6.52,6.51,6.51,412300,2686762.0
000630.SZ,2026-04-20 11:28:00,6.51,6.52,6.51,6.52,585300,3814612.0
000630.SZ,2026-04-20 11:29:00,6.52,6.52,6.51,6.52,338600,2206684.0
000630.SZ,2026-04-20 11:30:00,6.51,6.52,6.51,6.52,390444,2543987.5
000630.SZ,2026-04-20 13:01:00,6.51,6.53,6.51,6.52,2100900,13697499.0
000630.SZ,2026-04-20 13:02:00,6.52,6.53,6.51,6.53,701200,4572234.0
000630.SZ,2026-04-20 13:03:00,6.53,6.53,6.52,6.53,227900,1487810.0
000630.SZ,2026-04-20 13:04:00,6.53,6.53,6.52,6.52,220100,1436085.0
000630.SZ,2026-04-20 13:05:00,6.53,6.54,6.53,6.53,1256000,8204077.0
000630.SZ,2026-04-20 13:06:00,6.54,6.54,6.53,6.53,314200,2054232.0
000630.SZ,2026-04-20 13:07:00,6.54,6.54,6.53,6.54,321300,2100050.0
000630.SZ,2026-04-20 13:08:00,6.54,6.54,6.53,6.53,607000,3966863.0
000630.SZ,2026-04-20 13:09:00,6.53,6.54,6.52,6.52,915600,5977796.0
000630.SZ,2026-04-20 13:10:00,6.52,6.53,6.52,6.52,251300,1639465.0
000630.SZ,2026-04-20 13:11:00,6.52,6.53,6.52,6.52,216400,1411866.0
000630.SZ,2026-04-20 13:12:00,6.53,6.53,6.52,6.53,212700,1387438.0
000630.SZ,2026-04-20 13:13:00,6.52,6.53,6.52,6.52,378100,2467607.0
000630.SZ,2026-04-20 13:14:00,6.52,6.53,6.52,6.52,193300,1261371.0
000630.SZ,2026-04-20 13:15:00,6.52,6.53,6.52,6.53,733500,4784335.0
000630.SZ,2026-04-20 13:16:00,6.52,6.53,6.52,6.53,1387700,9057672.0
000630.SZ,2026-04-20 13:17:00,6.52,6.53,6.52,6.52,240500,1569105.0
000630.SZ,2026-04-20 13:18:00,6.52,6.53,6.52,6.53,251600,1641501.0
000630.SZ,2026-04-20 13:19:00,6.52,6.53,6.52,6.52,506400,3303334.0
000630.SZ,2026-04-20 13:20:00,6.52,6.52,6.51,6.51,2731856,17792196.0
000630.SZ,2026-04-20 13:21:00,6.51,6.51,6.5,6.5,1595500,10372877.0
000630.SZ,2026-04-20 13:22:00,6.51,6.51,6.5,6.51,678700,4413780.0
000630.SZ,2026-04-20 13:23:00,6.5,6.5,6.49,6.49,3600100,23392272.0
000630.SZ,2026-04-20 13:24:00,6.49,6.5,6.48,6.49,1732600,11244552.0
000630.SZ,2026-04-20 13:25:00,6.49,6.5,6.49,6.5,595500,3865920.0
000630.SZ,2026-04-20 13:26:00,6.5,6.5,6.48,6.48,873900,5671587.0
000630.SZ,2026-04-20 13:27:00,6.48,6.49,6.48,6.48,988800,6408925.0
000630.SZ,2026-04-20 13:28:00,6.48,6.49,6.48,6.48,681900,4419655.0
000630.SZ,2026-04-20 13:29:00,6.49,6.49,6.48,6.48,1873600,12145946.0
000630.SZ,2026-04-20 13:30:00,6.48,6.49,6.48,6.49,1020100,6618661.0
000630.SZ,2026-04-20 13:31:00,6.48,6.5,6.48,6.49,437300,2839634.0
000630.SZ,2026-04-20 13:32:00,6.49,6.5,6.49,6.5,132400,859911.0
000630.SZ,2026-04-20 13:33:00,6.49,6.5,6.49,6.5,682300,4433956.0
000630.SZ,2026-04-20 13:34:00,6.51,6.51,6.5,6.5,1067100,6937400.0
000630.SZ,2026-04-20 13:35:00,6.51,6.51,6.5,6.51,336600,2190316.0
000630.SZ,2026-04-20 13:36:00,6.5,6.51,6.5,6.5,732800,4765240.0
000630.SZ,2026-04-20 13:37:00,6.51,6.51,6.5,6.51,337400,2195041.0
000630.SZ,2026-04-20 13:38:00,6.51,6.51,6.5,6.5,331000,2152551.0
000630.SZ,2026-04-20 13:39:00,6.5,6.51,6.5,6.51,616600,4012279.0
000630.SZ,2026-04-20 13:40:00,6.5,6.51,6.5,6.5,875700,5692635.0
000630.SZ,2026-04-20 13:41:00,6.5,6.5,6.49,6.5,1033500,6715381.0
000630.SZ,2026-04-20 13:42:00,6.49,6.5,6.49,6.49,177100,1149893.0
000630.SZ,2026-04-20 13:43:00,6.5,6.5,6.48,6.48,1594000,10344140.0
000630.SZ,2026-04-20 13:44:00,6.48,6.49,6.48,6.48,285600,1851702.0
000630.SZ,2026-04-20 13:45:00,6.48,6.49,6.48,6.49,544300,3527634.0
000630.SZ,2026-04-20 13:46:00,6.48,6.5,6.48,6.49,1105900,7176140.0
000630.SZ,2026-04-20 13:47:00,6.5,6.5,6.49,6.49,362600,2355194.0
000630.SZ,2026-04-20 13:48:00,6.5,6.5,6.49,6.49,184000,1195287.0
000630.SZ,2026-04-20 13:49:00,6.49,6.5,6.49,6.49,290200,1884463.0
000630.SZ,2026-04-20 13:50:00,6.5,6.5,6.48,6.49,1229700,7978821.0
000630.SZ,2026-04-20 13:51:00,6.49,6.49,6.48,6.48,880800,5714841.0
000630.SZ,2026-04-20 13:52:00,6.48,6.49,6.48,6.49,387700,2512801.0
000630.SZ,2026-04-20 13:53:00,6.48,6.49,6.48,6.49,414200,2685453.0
000630.SZ,2026-04-20 13:54:00,6.48,6.49,6.48,6.49,386100,2502745.0
000630.SZ,2026-04-20 13:55:00,6.49,6.49,6.48,6.49,452000,2931891.0
000630.SZ,2026-04-20 13:56:00,6.49,6.49,6.48,6.49,450800,2924021.0
000630.SZ,2026-04-20 13:57:00,6.49,6.49,6.48,6.48,154800,1003852.0
000630.SZ,2026-04-20 13:58:00,6.48,6.49,6.47,6.48,1877400,12164824.0
000630.SZ,2026-04-20 13:59:00,6.47,6.48,6.47,6.48,402275,2603718.2
000630.SZ,2026-04-20 14:00:00,6.48,6.48,6.47,6.48,574500,3721595.0
000630.SZ,2026-04-20 14:01:00,6.48,6.49,6.47,6.48,1026500,6650388.0
000630.SZ,2026-04-20 14:02:00,6.48,6.49,6.48,6.49,251200,1629590.0
000630.SZ,2026-04-20 14:03:00,6.48,6.49,6.48,6.48,230400,1493333.0
000630.SZ,2026-04-20 14:04:00,6.48,6.49,6.48,6.48,202300,1311449.0
000630.SZ,2026-04-20 14:05:00,6.48,6.49,6.48,6.49,2063900,13374505.0
000630.SZ,2026-04-20 14:06:00,6.49,6.49,6.48,6.49,201800,1308697.0
000630.SZ,2026-04-20 14:07:00,6.48,6.49,6.48,6.48,268400,1739971.0
000630.SZ,2026-04-20 14:08:00,6.49,6.49,6.48,6.49,336500,2182183.0
000630.SZ,2026-04-20 14:09:00,6.49,6.49,6.48,6.49,535100,3471314.0
000630.SZ,2026-04-20 14:10:00,6.49,6.5,6.49,6.5,882300,5726740.0
000630.SZ,2026-04-20 14:11:00,6.49,6.5,6.49,6.49,192400,1249279.0
000630.SZ,2026-04-20 14:12:00,6.49,6.5,6.49,6.49,293800,1907461.0
000630.SZ,2026-04-20 14:13:00,6.49,6.5,6.49,6.5,298100,1935338.0
000630.SZ,2026-04-20 14:14:00,6.49,6.5,6.49,6.49,204900,1330829.0
000630.SZ,2026-04-20 14:15:00,6.49,6.5,6.49,6.49,344100,2233955.0
000630.SZ,2026-04-20 14:16:00,6.5,6.5,6.49,6.5,1702404,11049432.0
000630.SZ,2026-04-20 14:17:00,6.49,6.5,6.49,6.49,177200,1150379.0
000630.SZ,2026-04-20 14:18:00,6.5,6.5,6.49,6.49,229100,1487106.0
000630.SZ,2026-04-20 14:19:00,6.49,6.5,6.49,6.5,579500,3761281.0
000630.SZ,2026-04-20 14:20:00,6.49,6.5,6.49,6.49,430700,2796497.0
000630.SZ,2026-04-20 14:21:00,6.5,6.5,6.49,6.49,168000,1090897.0
000630.SZ,2026-04-20 14:22:00,6.49,6.5,6.49,6.49,324900,2109478.0
000630.SZ,2026-04-20 14:23:00,6.49,6.5,6.49,6.49,1256991,8158047.5
000630.SZ,2026-04-20 14:24:00,6.49,6.5,6.49,6.5,270700,1757182.0
000630.SZ,2026-04-20 14:25:00,6.5,6.5,6.49,6.49,409100,2655426.0
000630.SZ,2026-04-20 14:26:00,6.49,6.5,6.49,6.49,320400,2079620.0
000630.SZ,2026-04-20 14:27:00,6.49,6.5,6.49,6.49,426900,2771657.0
000630.SZ,2026-04-20 14:28:00,6.5,6.5,6.49,6.5,350000,2271968.0
000630.SZ,2026-04-20 14:29:00,6.49,6.5,6.49,6.5,566400,3676716.0
000630.SZ,2026-04-20 14:30:00,6.49,6.5,6.49,6.5,504000,3272925.0
000630.SZ,2026-04-20 14:31:00,6.5,6.5,6.49,6.49,227800,1479430.0
000630.SZ,2026-04-20 14:32:00,6.49,6.5,6.49,6.5,1479200,9611986.0
000630.SZ,2026-04-20 14:33:00,6.49,6.5,6.49,6.49,418800,2720924.0
000630.SZ,2026-04-20 14:34:00,6.49,6.5,6.49,6.5,512600,3330656.0
000630.SZ,2026-04-20 14:35:00,6.49,6.51,6.49,6.51,2048600,13314164.0
000630.SZ,2026-04-20 14:36:00,6.51,6.51,6.5,6.5,562000,3654803.0
000630.SZ,2026-04-20 14:37:00,6.5,6.51,6.5,6.5,566700,3685012.0
000630.SZ,2026-04-20 14:38:00,6.51,6.51,6.5,6.51,283700,1845355.0
000630.SZ,2026-04-20 14:39:00,6.5,6.51,6.5,6.51,316100,2055763.0
000630.SZ,2026-04-20 14:40:00,6.51,6.51,6.5,6.5,302200,1965552.0
000630.SZ,2026-04-20 14:41:00,6.51,6.51,6.5,6.5,664300,4322728.0
000630.SZ,2026-04-20 14:42:00,6.51,6.51,6.5,6.51,1278500,8314584.0
000630.SZ,2026-04-20 14:43:00,6.5,6.51,6.5,6.5,1828500,11887091.0
000630.SZ,2026-04-20 14:44:00,6.5,6.51,6.5,6.5,608500,3958224.0
000630.SZ,2026-04-20 14:45:00,6.51,6.51,6.5,6.51,475300,3091443.0
000630.SZ,2026-04-20 14:46:00,6.5,6.51,6.5,6.51,964400,6276960.0
000630.SZ,2026-04-20 14:47:00,6.51,6.51,6.5,6.51,594200,3866196.0
000630.SZ,2026-04-20 14:48:00,6.51,6.51,6.5,6.51,606300,3943941.0
000630.SZ,2026-04-20 14:49:00,6.5,6.51,6.5,6.51,516200,3358541.0
000630.SZ,2026-04-20 14:50:00,6.51,6.51,6.5,6.51,1375700,8952832.0
000630.SZ,2026-04-20 14:51:00,6.51,6.51,6.5,6.51,1198700,7799981.0
000630.SZ,2026-04-20 14:52:00,6.51,6.51,6.5,6.51,1724600,11225075.0
000630.SZ,2026-04-20 14:53:00,6.51,6.51,6.5,6.51,931800,6063924.0
000630.SZ,2026-04-20 14:54:00,6.51,6.52,6.51,6.51,1832800,11943213.0
000630.SZ,2026-04-20 14:55:00,6.52,6.52,6.51,6.51,1064100,6933295.0
000630.SZ,2026-04-20 14:56:00,6.51,6.52,6.51,6.51,906400,5905070.0
000630.SZ,2026-04-20 14:57:00,6.51,6.52,6.51,6.52,1732500,11291629.0
000630.SZ,2026-04-20 14:58:00,6.52,6.52,6.52,6.52,0,0.0
000630.SZ,2026-04-20 14:59:00,6.52,6.52,6.52,6.52,0,0.0
000630.SZ,2026-04-20 15:00:00,6.52,6.52,6.52,6.52,2067700,13481404.0
000630.SZ,2026-04-21 09:30:00,6.47,6.47,6.46,6.47,1707800,11047274.0
000630.SZ,2026-04-21 09:31:00,6.45,6.49,6.41,6.41,7538100,48559950.0
000630.SZ,2026-04-21 09:32:00,6.42,6.42,6.36,6.39,8970300,57299480.0
000630.SZ,2026-04-21 09:33:00,6.39,6.39,6.38,6.39,4064500,25962600.0
000630.SZ,2026-04-21 09:34:00,6.39,6.41,6.38,6.41,3202700,20479860.0
000630.SZ,2026-04-21 09:35:00,6.41,6.42,6.41,6.42,2666500,17103056.0
000630.SZ,2026-04-21 09:36:00,6.41,6.41,6.4,6.4,3429900,21965744.0
000630.SZ,2026-04-21 09:37:00,6.41,6.41,6.39,6.4,1454500,9304817.0
000630.SZ,2026-04-21 09:38:00,6.39,6.39,6.38,6.38,3738500,23877720.0
000630.SZ,2026-04-21 09:39:00,6.39,6.39,6.36,6.36,5110100,32563712.0
000630.SZ,2026-04-21 09:40:00,6.36,6.37,6.34,6.35,5391900,34256630.0
000630.SZ,2026-04-21 09:41:00,6.35,6.35,6.33,6.34,3820000,24238120.0
000630.SZ,2026-04-21 09:42:00,6.33,6.34,6.32,6.34,4413600,27925860.0
000630.SZ,2026-04-21 09:43:00,6.34,6.35,6.34,6.35,3396800,21547932.0
000630.SZ,2026-04-21 09:44:00,6.35,6.37,6.35,6.36,1867300,11869096.0
000630.SZ,2026-04-21 09:45:00,6.36,6.37,6.36,6.37,1664900,10600089.0
000630.SZ,2026-04-21 09:46:00,6.38,6.39,6.37,6.38,1714400,10940377.0
000630.SZ,2026-04-21 09:47:00,6.38,6.38,6.37,6.38,1704600,10871346.0
000630.SZ,2026-04-21 09:48:00,6.37,6.38,6.37,6.37,1122700,7152046.0
000630.SZ,2026-04-21 09:49:00,6.37,6.37,6.35,6.36,1888500,12011273.0
000630.SZ,2026-04-21 09:50:00,6.36,6.38,6.36,6.38,2199600,14019629.0
000630.SZ,2026-04-21 09:51:00,6.38,6.39,6.37,6.38,1502100,9579938.0
000630.SZ,2026-04-21 09:52:00,6.38,6.39,6.37,6.39,616300,3933303.0
000630.SZ,2026-04-21 09:53:00,6.38,6.39,6.37,6.37,2258500,14407248.0
000630.SZ,2026-04-21 09:54:00,6.37,6.38,6.35,6.36,1523400,9693972.0
000630.SZ,2026-04-21 09:55:00,6.35,6.36,6.34,6.36,2519000,15993646.0
000630.SZ,2026-04-21 09:56:00,6.36,6.38,6.36,6.37,793100,5050180.0
000630.SZ,2026-04-21 09:57:00,6.38,6.38,6.36,6.38,575465,3666711.0
000630.SZ,2026-04-21 09:58:00,6.37,6.39,6.37,6.38,751600,4795317.0
000630.SZ,2026-04-21 09:59:00,6.38,6.39,6.38,6.38,743100,4741845.0
000630.SZ,2026-04-21 10:00:00,6.38,6.39,6.38,6.38,422900,2699445.0
000630.SZ,2026-04-21 10:01:00,6.39,6.39,6.38,6.39,1362600,8705954.0
000630.SZ,2026-04-21 10:02:00,6.38,6.39,6.38,6.39,883300,5640485.0
000630.SZ,2026-04-21 10:03:00,6.39,6.4,6.39,6.4,1037100,6629477.0
000630.SZ,2026-04-21 10:04:00,6.4,6.4,6.39,6.39,899300,5748522.0
000630.SZ,2026-04-21 10:05:00,6.39,6.4,6.39,6.4,785500,5024091.0
000630.SZ,2026-04-21 10:06:00,6.39,6.4,6.39,6.39,272600,1743204.0
000630.SZ,2026-04-21 10:07:00,6.39,6.41,6.39,6.41,2203300,14109215.0
000630.SZ,2026-04-21 10:08:00,6.41,6.42,6.41,6.41,1056100,6774891.0
000630.SZ,2026-04-21 10:09:00,6.41,6.41,6.39,6.39,1621700,10381853.0
000630.SZ,2026-04-21 10:10:00,6.39,6.4,6.39,6.39,676200,4321926.0
000630.SZ,2026-04-21 10:11:00,6.39,6.39,6.38,6.38,343000,2190613.0
000630.SZ,2026-04-21 10:12:00,6.39,6.39,6.38,6.38,982100,6267222.0
000630.SZ,2026-04-21 10:13:00,6.38,6.39,6.38,6.38,274300,1750437.0
000630.SZ,2026-04-21 10:14:00,6.39,6.39,6.38,6.38,244100,1557973.0
000630.SZ,2026-04-21 10:15:00,6.38,6.39,6.38,6.38,569700,3637521.0
000630.SZ,2026-04-21 10:16:00,6.39,6.39,6.38,6.39,275000,1755065.0
000630.SZ,2026-04-21 10:17:00,6.38,6.4,6.38,6.4,1111200,7099855.0
000630.SZ,2026-04-21 10:18:00,6.4,6.4,6.38,6.4,469200,2998391.0
000630.SZ,2026-04-21 10:19:00,6.39,6.4,6.38,6.39,528200,3374134.0
000630.SZ,2026-04-21 10:20:00,6.38,6.39,6.38,6.38,282400,1802297.0
000630.SZ,2026-04-21 10:21:00,6.39,6.39,6.38,6.38,1376500,8782580.0
000630.SZ,2026-04-21 10:22:00,6.38,6.38,6.37,6.37,416700,2655213.0
000630.SZ,2026-04-21 10:23:00,6.38,6.38,6.37,6.37,372500,2373530.0
000630.SZ,2026-04-21 10:24:00,6.37,6.38,6.37,6.38,386400,2462639.0
000630.SZ,2026-04-21 10:25:00,6.38,6.38,6.37,6.37,830397,5294178.0
000630.SZ,2026-04-21 10:26:00,6.37,6.39,6.37,6.38,487900,3112654.0
000630.SZ,2026-04-21 10:27:00,6.39,6.39,6.38,6.38,458000,2922682.0
000630.SZ,2026-04-21 10:28:00,6.39,6.39,6.38,6.38,323300,2063856.0
000630.SZ,2026-04-21 10:29:00,6.38,6.4,6.38,6.4,931500,5950036.0
000630.SZ,2026-04-21 10:30:00,6.39,6.4,6.39,6.4,372300,2380222.0
000630.SZ,2026-04-21 10:31:00,6.4,6.4,6.39,6.39,609700,3896725.0
000630.SZ,2026-04-21 10:32:00,6.39,6.39,6.38,6.39,849400,5424964.0
000630.SZ,2026-04-21 10:33:00,6.38,6.39,6.38,6.39,324900,2075302.0
000630.SZ,2026-04-21 10:34:00,6.38,6.39,6.38,6.39,180700,1153829.0
000630.SZ,2026-04-21 10:35:00,6.38,6.39,6.38,6.38,424000,2707651.0
000630.SZ,2026-04-21 10:36:00,6.38,6.4,6.38,6.39,447500,2859497.0
000630.SZ,2026-04-21 10:37:00,6.39,6.4,6.39,6.4,330100,2109760.0
000630.SZ,2026-04-21 10:38:00,6.4,6.4,6.39,6.39,199700,1276894.0
000630.SZ,2026-04-21 10:39:00,6.4,6.4,6.39,6.4,986800,6305231.0
000630.SZ,2026-04-21 10:40:00,6.39,6.4,6.39,6.39,174000,1112113.0
000630.SZ,2026-04-21 10:41:00,6.39,6.4,6.39,6.4,225400,1440912.0
000630.SZ,2026-04-21 10:42:00,6.39,6.4,6.39,6.4,177900,1137677.0
000630.SZ,2026-04-21 10:43:00,6.4,6.4,6.39,6.39,474800,3038388.0
000630.SZ,2026-04-21 10:44:00,6.39,6.4,6.39,6.4,171500,1096471.0
000630.SZ,2026-04-21 10:45:00,6.4,6.4,6.39,6.4,575400,3677844.0
000630.SZ,2026-04-21 10:46:00,6.39,6.4,6.39,6.39,775200,4953952.0
000630.SZ,2026-04-21 10:47:00,6.38,6.39,6.38,6.38,252500,1612032.0
000630.SZ,2026-04-21 10:48:00,6.38,6.4,6.38,6.39,742400,4743795.0
000630.SZ,2026-04-21 10:49:00,6.39,6.4,6.38,6.39,257400,1645018.0
000630.SZ,2026-04-21 10:50:00,6.39,6.39,6.38,6.39,458900,2930994.0
000630.SZ,2026-04-21 10:51:00,6.39,6.4,6.39,6.39,257400,1645594.0
000630.SZ,2026-04-21 10:52:00,6.39,6.4,6.38,6.39,226300,1445626.0
000630.SZ,2026-04-21 10:53:00,6.38,6.39,6.38,6.38,276700,1767109.0
000630.SZ,2026-04-21 10:54:00,6.39,6.39,6.38,6.39,224000,1430258.0
000630.SZ,2026-04-21 10:55:00,6.38,6.39,6.38,6.38,156300,997778.0
000630.SZ,2026-04-21 10:56:00,6.39,6.4,6.38,6.39,360800,2304591.0
000630.SZ,2026-04-21 10:57:00,6.4,6.4,6.39,6.39,281000,1796161.0
000630.SZ,2026-04-21 10:58:00,6.39,6.4,6.39,6.39,139200,889762.0
000630.SZ,2026-04-21 10:59:00,6.39,6.4,6.39,6.4,215000,1374292.0
000630.SZ,2026-04-21 11:00:00,6.39,6.4,6.39,6.4,189300,1210255.0
000630.SZ,2026-04-21 11:01:00,6.4,6.4,6.39,6.39,204300,1306382.0
000630.SZ,2026-04-21 11:02:00,6.39,6.4,6.39,6.39,302100,1931705.0
000630.SZ,2026-04-21 11:03:00,6.4,6.4,6.39,6.4,147200,941146.0
000630.SZ,2026-04-21 11:04:00,6.39,6.4,6.39,6.39,178600,1141912.0
000630.SZ,2026-04-21 11:05:00,6.4,6.4,6.39,6.4,565900,3620917.0
000630.SZ,2026-04-21 11:06:00,6.4,6.4,6.38,6.38,901700,5762242.0
000630.SZ,2026-04-21 11:07:00,6.39,6.39,6.38,6.38,163900,1046712.0
000630.SZ,2026-04-21 11:08:00,6.38,6.39,6.38,6.38,201200,1283887.0
000630.SZ,2026-04-21 11:09:00,6.38,6.39,6.38,6.39,470800,3004659.0
000630.SZ,2026-04-21 11:10:00,6.39,6.39,6.38,6.38,167900,1071749.0
000630.SZ,2026-04-21 11:11:00,6.39,6.39,6.38,6.38,270400,1726771.0
000630.SZ,2026-04-21 11:12:00,6.39,6.39,6.38,6.39,184400,1177779.0
000630.SZ,2026-04-21 11:13:00,6.39,6.39,6.38,6.38,184700,1179070.0
000630.SZ,2026-04-21 11:14:00,6.38,6.39,6.38,6.38,305500,1949379.0
000630.SZ,2026-04-21 11:15:00,6.38,6.39,6.38,6.38,191700,1223998.0
000630.SZ,2026-04-21 11:16:00,6.38,6.39,6.38,6.38,2830900,18066608.0
000630.SZ,2026-04-21 11:17:00,6.37,6.38,6.37,6.38,322200,2052985.0
000630.SZ,2026-04-21 11:18:00,6.37,6.38,6.37,6.37,546200,3479826.0
000630.SZ,2026-04-21 11:19:00,6.37,6.38,6.37,6.37,1221403,7780679.0
000630.SZ,2026-04-21 11:20:00,6.37,6.37,6.36,6.36,887600,5645897.0
000630.SZ,2026-04-21 11:21:00,6.36,6.37,6.36,6.36,535100,3403858.0
000630.SZ,2026-04-21 11:22:00,6.36,6.37,6.35,6.36,1270600,8080171.0
000630.SZ,2026-04-21 11:23:00,6.36,6.36,6.35,6.35,1107900,7041354.0
000630.SZ,2026-04-21 11:24:00,6.35,6.36,6.35,6.36,535400,3403832.0
000630.SZ,2026-04-21 11:25:00,6.35,6.36,6.35,6.35,305900,1943469.0
000630.SZ,2026-04-21 11:26:00,6.36,6.36,6.35,6.35,237000,1506138.0
000630.SZ,2026-04-21 11:27:00,6.35,6.36,6.35,6.35,264500,1680374.0
000630.SZ,2026-04-21 11:28:00,6.36,6.36,6.35,6.35,398900,2535125.0
000630.SZ,2026-04-21 11:29:00,6.36,6.36,6.35,6.36,461200,2929512.0
000630.SZ,2026-04-21 11:30:00,6.36,6.36,6.35,6.35,705200,4479767.0
000630.SZ,2026-04-21 13:01:00,6.35,6.36,6.34,6.34,2926300,18583916.0
000630.SZ,2026-04-21 13:02:00,6.34,6.36,6.34,6.35,700400,4447117.0
000630.SZ,2026-04-21 13:03:00,6.35,6.37,6.35,6.37,633300,4027048.0
000630.SZ,2026-04-21 13:04:00,6.37,6.37,6.36,6.37,488700,3111167.0
000630.SZ,2026-04-21 13:05:00,6.37,6.37,6.36,6.36,294100,1872994.0
000630.SZ,2026-04-21 13:06:00,6.36,6.38,6.36,6.38,467800,2979538.0
000630.SZ,2026-04-21 13:07:00,6.37,6.38,6.37,6.37,168900,1076624.0
000630.SZ,2026-04-21 13:08:00,6.37,6.38,6.37,6.37,283600,1807553.0
000630.SZ,2026-04-21 13:09:00,6.37,6.38,6.37,6.38,608400,3880695.0
000630.SZ,2026-04-21 13:10:00,6.38,6.39,6.38,6.38,252100,1608989.0
000630.SZ,2026-04-21 13:11:00,6.39,6.39,6.37,6.38,953900,6086439.0
000630.SZ,2026-04-21 13:12:00,6.37,6.38,6.37,6.38,475400,3032274.0
000630.SZ,2026-04-21 13:13:00,6.39,6.39,6.38,6.38,314700,2008571.0
000630.SZ,2026-04-21 13:14:00,6.38,6.39,6.38,6.38,374100,2387069.0
000630.SZ,2026-04-21 13:15:00,6.39,6.39,6.38,6.38,94800,605184.0
000630.SZ,2026-04-21 13:16:00,6.4,6.41,6.4,6.4,3264700,20881072.0
000630.SZ,2026-04-21 13:17:00,6.41,6.41,6.4,6.4,302400,1936872.0
000630.SZ,2026-04-21 13:18:00,6.41,6.41,6.39,6.39,926500,5930080.0
000630.SZ,2026-04-21 13:19:00,6.4,6.4,6.39,6.39,122600,784023.0
000630.SZ,2026-04-21 13:20:00,6.4,6.4,6.38,6.39,700800,4477501.0
000630.SZ,2026-04-21 13:21:00,6.39,6.39,6.38,6.38,238500,1522382.0
000630.SZ,2026-04-21 13:22:00,6.39,6.4,6.38,6.39,570000,3643285.0
000630.SZ,2026-04-21 13:23:00,6.41,6.41,6.39,6.39,1428300,9144913.0
000630.SZ,2026-04-21 13:24:00,6.4,6.4,6.39,6.4,473000,3026731.0
000630.SZ,2026-04-21 13:25:00,6.4,6.4,6.39,6.39,156000,998101.0
000630.SZ,2026-04-21 13:26:00,6.4,6.4,6.39,6.4,241100,1542265.0
000630.SZ,2026-04-21 13:27:00,6.4,6.4,6.39,6.4,169200,1082376.0
000630.SZ,2026-04-21 13:28:00,6.4,6.4,6.39,6.4,249000,1592069.0
000630.SZ,2026-04-21 13:29:00,6.4,6.4,6.39,6.4,160600,1027555.0
000630.SZ,2026-04-21 13:30:00,6.4,6.4,6.39,6.4,434100,2776912.0
000630.SZ,2026-04-21 13:31:00,6.4,6.4,6.39,6.4,193400,1237296.0
000630.SZ,2026-04-21 13:32:00,6.4,6.41,6.39,6.41,412500,2639925.0
000630.SZ,2026-04-21 13:33:00,6.4,6.41,6.4,6.4,415500,2660230.0
000630.SZ,2026-04-21 13:34:00,6.4,6.41,6.4,6.4,716400,4585709.0
000630.SZ,2026-04-21 13:35:00,6.4,6.41,6.4,6.4,181100,1159773.0
000630.SZ,2026-04-21 13:36:00,6.41,6.41,6.4,6.4,181300,1161266.0
000630.SZ,2026-04-21 13:37:00,6.41,6.41,6.4,6.4,747900,4787094.0
000630.SZ,2026-04-21 13:38:00,6.41,6.41,6.4,6.41,151700,971328.0
000630.SZ,2026-04-21 13:39:00,6.41,6.41,6.4,6.41,283700,1817855.0
000630.SZ,2026-04-21 13:40:00,6.41,6.42,6.4,6.41,2085800,13370328.0
000630.SZ,2026-04-21 13:41:00,6.42,6.42,6.41,6.42,909300,5823656.0
000630.SZ,2026-04-21 13:42:00,6.42,6.42,6.41,6.42,199600,1280882.0
000630.SZ,2026-04-21 13:43:00,6.41,6.42,6.41,6.42,396600,2545139.0
000630.SZ,2026-04-21 13:44:00,6.42,6.42,6.41,6.42,310600,1993612.0
000630.SZ,2026-04-21 13:45:00,6.41,6.42,6.41,6.42,189800,1217430.0
000630.SZ,2026-04-21 13:46:00,6.41,6.42,6.41,6.41,1017900,6525913.0
000630.SZ,2026-04-21 13:47:00,6.41,6.41,6.41,6.41,610800,3914565.0
000630.SZ,2026-04-21 13:48:00,6.41,6.41,6.4,6.4,732700,4689641.0
000630.SZ,2026-04-21 13:49:00,6.4,6.4,6.39,6.39,754800,4829982.0
000630.SZ,2026-04-21 13:50:00,6.39,6.4,6.39,6.4,217300,1390049.0
000630.SZ,2026-04-21 13:51:00,6.4,6.4,6.39,6.39,186200,1190959.0
000630.SZ,2026-04-21 13:52:00,6.39,6.4,6.39,6.4,152400,974778.0
000630.SZ,2026-04-21 13:53:00,6.39,6.41,6.39,6.4,1393600,8922402.0
000630.SZ,2026-04-21 13:54:00,6.4,6.41,6.4,6.4,1049800,6721384.0
000630.SZ,2026-04-21 13:55:00,6.4,6.41,6.4,6.41,218800,1400965.0
000630.SZ,2026-04-21 13:56:00,6.4,6.41,6.4,6.4,198100,1268694.0
000630.SZ,2026-04-21 13:57:00,6.41,6.41,6.4,6.4,301800,1932834.0
000630.SZ,2026-04-21 13:58:00,6.41,6.41,6.4,6.4,214900,1376158.0
000630.SZ,2026-04-21 13:59:00,6.4,6.41,6.4,6.41,773400,4951811.0
000630.SZ,2026-04-21 14:00:00,6.41,6.41,6.39,6.4,614700,3934610.0
000630.SZ,2026-04-21 14:01:00,6.39,6.4,6.39,6.39,290900,1859880.0
000630.SZ,2026-04-21 14:02:00,6.39,6.4,6.39,6.4,164600,1052869.0
000630.SZ,2026-04-21 14:03:00,6.4,6.4,6.39,6.4,117400,751134.0
000630.SZ,2026-04-21 14:04:00,6.39,6.4,6.39,6.39,203100,1298764.0
000630.SZ,2026-04-21 14:05:00,6.4,6.41,6.39,6.4,629700,4030213.0
000630.SZ,2026-04-21 14:06:00,6.4,6.41,6.4,6.4,943200,6036788.0
000630.SZ,2026-04-21 14:07:00,6.4,6.41,6.39,6.4,361100,2310881.0
000630.SZ,2026-04-21 14:08:00,6.4,6.4,6.39,6.39,456700,2919035.0
000630.SZ,2026-04-21 14:09:00,6.4,6.41,6.39,6.4,647800,4145889.0
000630.SZ,2026-04-21 14:10:00,6.41,6.41,6.4,6.41,177500,1136500.0
000630.SZ,2026-04-21 14:11:00,6.4,6.41,6.4,6.41,265500,1700584.0
000630.SZ,2026-04-21 14:12:00,6.41,6.41,6.4,6.41,219600,1406762.0
000630.SZ,2026-04-21 14:13:00,6.41,6.41,6.4,6.41,441700,2830155.0
000630.SZ,2026-04-21 14:14:00,6.41,6.41,6.4,6.4,303500,1942794.0
000630.SZ,2026-04-21 14:15:00,6.39,6.4,6.39,6.39,1555100,9951364.0
000630.SZ,2026-04-21 14:16:00,6.39,6.4,6.39,6.39,279600,1787976.0
000630.SZ,2026-04-21 14:17:00,6.4,6.41,6.39,6.41,2771700,17753376.0
000630.SZ,2026-04-21 14:18:00,6.41,6.42,6.4,6.42,928200,5949989.0
000630.SZ,2026-04-21 14:19:00,6.41,6.42,6.41,6.41,137700,883202.0
000630.SZ,2026-04-21 14:20:00,6.41,6.44,6.41,6.43,3841400,24687520.0
000630.SZ,2026-04-21 14:21:00,6.44,6.44,6.42,6.43,1340200,8617697.0
000630.SZ,2026-04-21 14:22:00,6.44,6.46,6.43,6.45,2870066,18500032.0
000630.SZ,2026-04-21 14:23:00,6.45,6.46,6.45,6.46,1184900,7650377.0
000630.SZ,2026-04-21 14:24:00,6.45,6.45,6.44,6.44,1020334,6580508.5
000630.SZ,2026-04-21 14:25:00,6.45,6.45,6.44,6.44,653400,4208178.0
000630.SZ,2026-04-21 14:26:00,6.44,6.44,6.43,6.43,655600,4218953.0
000630.SZ,2026-04-21 14:27:00,6.43,6.44,6.43,6.43,126000,810712.0
000630.SZ,2026-04-21 14:28:00,6.44,6.45,6.43,6.45,937900,6040937.0
000630.SZ,2026-04-21 14:29:00,6.45,6.45,6.44,6.44,540800,3483221.0
000630.SZ,2026-04-21 14:30:00,6.44,6.45,6.44,6.45,815500,5255182.0
000630.SZ,2026-04-21 14:31:00,6.44,6.45,6.44,6.44,351100,2262864.0
000630.SZ,2026-04-21 14:32:00,6.45,6.46,6.45,6.46,1947100,12558621.0
000630.SZ,2026-04-21 14:33:00,6.46,6.46,6.45,6.46,642100,4143671.0
000630.SZ,2026-04-21 14:34:00,6.45,6.46,6.45,6.46,309400,1997894.0
000630.SZ,2026-04-21 14:35:00,6.45,6.46,6.45,6.45,307500,1984268.0
000630.SZ,2026-04-21 14:36:00,6.45,6.46,6.45,6.46,237500,1532833.0
000630.SZ,2026-04-21 14:37:00,6.46,6.46,6.45,6.46,262600,1695369.0
000630.SZ,2026-04-21 14:38:00,6.45,6.46,6.45,6.46,293800,1896371.0
000630.SZ,2026-04-21 14:39:00,6.46,6.46,6.45,6.46,366400,2365910.0
000630.SZ,2026-04-21 14:40:00,6.46,6.46,6.45,6.45,2134708,13770023.0
000630.SZ,2026-04-21 14:41:00,6.45,6.45,6.44,6.44,1138392,7338203.5
000630.SZ,2026-04-21 14:42:00,6.45,6.46,6.45,6.46,1380508,8906022.0
000630.SZ,2026-04-21 14:43:00,6.46,6.46,6.45,6.45,341500,2204120.0
000630.SZ,2026-04-21 14:44:00,6.45,6.46,6.45,6.45,361100,2330674.0
000630.SZ,2026-04-21 14:45:00,6.46,6.46,6.45,6.45,599700,3870960.0
000630.SZ,2026-04-21 14:46:00,6.46,6.46,6.45,6.46,360500,2326559.0
000630.SZ,2026-04-21 14:47:00,6.45,6.46,6.45,6.46,544800,3516152.0
000630.SZ,2026-04-21 14:48:00,6.46,6.46,6.45,6.46,345900,2232506.0
000630.SZ,2026-04-21 14:49:00,6.45,6.46,6.45,6.45,1570000,10130931.0
000630.SZ,2026-04-21 14:50:00,6.46,6.46,6.45,6.45,1222300,7886891.0
000630.SZ,2026-04-21 14:51:00,6.46,6.46,6.45,6.46,2114748,13655263.0
000630.SZ,2026-04-21 14:52:00,6.45,6.46,6.45,6.46,486000,3136863.0
000630.SZ,2026-04-21 14:53:00,6.45,6.46,6.45,6.46,777100,5017143.0
000630.SZ,2026-04-21 14:54:00,6.45,6.46,6.45,6.45,1001900,6465344.0
000630.SZ,2026-04-21 14:55:00,6.46,6.46,6.45,6.45,967700,6246028.0
000630.SZ,2026-04-21 14:56:00,6.45,6.46,6.45,6.45,1506500,9721124.0
000630.SZ,2026-04-21 14:57:00,6.46,6.46,6.45,6.46,2373500,15314497.0
000630.SZ,2026-04-21 14:58:00,6.46,6.46,6.46,6.46,0,0.0
000630.SZ,2026-04-21 14:59:00,6.46,6.46,6.46,6.46,0,0.0
000630.SZ,2026-04-21 15:00:00,6.45,6.45,6.45,6.45,2252500,14528625.0
000630.SZ,2026-04-22 09:30:00,6.4,6.42,6.39,6.4,2074700,13279588.0
000630.SZ,2026-04-22 09:31:00,6.4,6.43,6.37,6.39,3793746,24267160.0
000630.SZ,2026-04-22 09:32:00,6.39,6.4,6.38,6.39,1618300,10341862.0
000630.SZ,2026-04-22 09:33:00,6.4,6.42,6.39,6.42,2093340,13403595.0
000630.SZ,2026-04-22 09:34:00,6.41,6.46,6.41,6.46,2926400,18827054.0
000630.SZ,2026-04-22 09:35:00,6.46,6.47,6.45,6.46,2828700,18263094.0
000630.SZ,2026-04-22 09:36:00,6.46,6.48,6.46,6.47,2320600,15016219.0
000630.SZ,2026-04-22 09:37:00,6.46,6.46,6.44,6.45,1647600,10628912.0
000630.SZ,2026-04-22 09:38:00,6.45,6.47,6.45,6.47,1414500,9141208.0
000630.SZ,2026-04-22 09:39:00,6.46,6.46,6.44,6.45,1706300,11011021.0
000630.SZ,2026-04-22 09:40:00,6.45,6.47,6.45,6.47,1872900,12102258.0
000630.SZ,2026-04-22 09:41:00,6.46,6.47,6.46,6.47,869900,5623724.0
000630.SZ,2026-04-22 09:42:00,6.47,6.48,6.46,6.47,2193100,14198114.0
000630.SZ,2026-04-22 09:43:00,6.48,6.48,6.47,6.48,1770500,11462332.0
000630.SZ,2026-04-22 09:44:00,6.48,6.48,6.46,6.46,1019300,6591998.0
000630.SZ,2026-04-22 09:45:00,6.46,6.48,6.46,6.48,1955100,12641412.0
000630.SZ,2026-04-22 09:46:00,6.47,6.48,6.47,6.48,670500,4341434.0
000630.SZ,2026-04-22 09:47:00,6.48,6.48,6.47,6.48,1302800,8433104.0
000630.SZ,2026-04-22 09:48:00,6.48,6.49,6.47,6.48,2763000,17900252.0
000630.SZ,2026-04-22 09:49:00,6.51,6.52,6.5,6.51,5952000,38708070.0
000630.SZ,2026-04-22 09:50:00,6.51,6.52,6.5,6.51,1728200,11254543.0
000630.SZ,2026-04-22 09:51:00,6.51,6.51,6.5,6.5,2432100,15816193.0
000630.SZ,2026-04-22 09:52:00,6.5,6.5,6.48,6.49,2047400,13279911.0
000630.SZ,2026-04-22 09:53:00,6.49,6.5,6.48,6.49,1057400,6862271.0
000630.SZ,2026-04-22 09:54:00,6.49,6.51,6.49,6.49,1829200,11886913.0
000630.SZ,2026-04-22 09:55:00,6.49,6.5,6.47,6.47,1635200,10603257.0
000630.SZ,2026-04-22 09:56:00,6.47,6.49,6.47,6.49,700000,4535719.0
000630.SZ,2026-04-22 09:57:00,6.49,6.5,6.48,6.5,1068300,6934340.0
000630.SZ,2026-04-22 09:58:00,6.5,6.5,6.49,6.49,1064300,6908305.0
000630.SZ,2026-04-22 09:59:00,6.49,6.49,6.47,6.47,1666700,10799980.0
000630.SZ,2026-04-22 10:00:00,6.47,6.47,6.45,6.45,2143700,13859355.0
000630.SZ,2026-04-22 10:01:00,6.46,6.46,6.45,6.46,940800,6074096.0
000630.SZ,2026-04-22 10:02:00,6.46,6.46,6.45,6.46,883200,5703291.0
000630.SZ,2026-04-22 10:03:00,6.46,6.46,6.44,6.44,2726800,17586676.0
000630.SZ,2026-04-22 10:04:00,6.44,6.45,6.43,6.43,1472800,9480940.0
000630.SZ,2026-04-22 10:05:00,6.43,6.44,6.43,6.44,833000,5358549.0
000630.SZ,2026-04-22 10:06:00,6.43,6.44,6.43,6.43,394700,2540163.0
000630.SZ,2026-04-22 10:07:00,6.44,6.44,6.43,6.43,772200,4968144.0
000630.SZ,2026-04-22 10:08:00,6.43,6.44,6.43,6.43,1698700,10924965.0
000630.SZ,2026-04-22 10:09:00,6.43,6.44,6.43,6.44,594800,3824749.0
000630.SZ,2026-04-22 10:10:00,6.44,6.45,6.43,6.44,1224300,7884437.0
000630.SZ,2026-04-22 10:11:00,6.44,6.45,6.44,6.45,744700,4796197.0
000630.SZ,2026-04-22 10:12:00,6.45,6.46,6.44,6.45,944900,6092982.0
000630.SZ,2026-04-22 10:13:00,6.45,6.45,6.44,6.44,585000,3771464.0
000630.SZ,2026-04-22 10:14:00,6.45,6.46,6.44,6.45,593900,3830586.0
000630.SZ,2026-04-22 10:15:00,6.46,6.46,6.45,6.45,228200,1472924.0
000630.SZ,2026-04-22 10:16:00,6.46,6.47,6.46,6.47,649600,4197133.0
000630.SZ,2026-04-22 10:17:00,6.47,6.47,6.45,6.45,339400,2192306.0
000630.SZ,2026-04-22 10:18:00,6.45,6.46,6.45,6.46,892200,5755316.0
000630.SZ,2026-04-22 10:19:00,6.45,6.46,6.45,6.46,602100,3890409.0
000630.SZ,2026-04-22 10:20:00,6.46,6.48,6.46,6.47,646500,4181924.0
000630.SZ,2026-04-22 10:21:00,6.48,6.48,6.47,6.47,359300,2327394.0
000630.SZ,2026-04-22 10:22:00,6.47,6.48,6.47,6.47,466000,3016103.0
000630.SZ,2026-04-22 10:23:00,6.46,6.47,6.46,6.46,725900,4692018.0
000630.SZ,2026-04-22 10:24:00,6.45,6.47,6.45,6.45,647600,4184019.0
000630.SZ,2026-04-22 10:25:00,6.45,6.46,6.45,6.45,382600,2468960.0
000630.SZ,2026-04-22 10:26:00,6.45,6.46,6.45,6.46,554400,3578800.0
000630.SZ,2026-04-22 10:27:00,6.46,6.47,6.45,6.45,1091300,7046989.0
000630.SZ,2026-04-22 10:28:00,6.46,6.46,6.45,6.45,236200,1524999.0
000630.SZ,2026-04-22 10:29:00,6.46,6.47,6.46,6.46,316000,2042212.0
000630.SZ,2026-04-22 10:30:00,6.47,6.48,6.46,6.47,962100,6224521.0
000630.SZ,2026-04-22 10:31:00,6.48,6.48,6.47,6.47,482600,3122883.0
000630.SZ,2026-04-22 10:32:00,6.46,6.48,6.46,6.47,538500,3483775.0
000630.SZ,2026-04-22 10:33:00,6.48,6.48,6.46,6.47,856600,5544312.0
000630.SZ,2026-04-22 10:34:00,6.46,6.47,6.46,6.46,855700,5529633.0
000630.SZ,2026-04-22 10:35:00,6.46,6.46,6.45,6.46,412600,2665567.0
000630.SZ,2026-04-22 10:36:00,6.46,6.46,6.45,6.45,202400,1306513.0
000630.SZ,2026-04-22 10:37:00,6.45,6.46,6.45,6.45,290213,1873252.9
000630.SZ,2026-04-22 10:38:00,6.45,6.46,6.45,6.45,298100,1924025.0
000630.SZ,2026-04-22 10:39:00,6.45,6.46,6.45,6.45,158400,1022417.0
000630.SZ,2026-04-22 10:40:00,6.45,6.46,6.44,6.44,1699200,10955204.0
000630.SZ,2026-04-22 10:41:00,6.45,6.46,6.44,6.46,448700,2893426.0
000630.SZ,2026-04-22 10:42:00,6.45,6.45,6.44,6.45,354700,2287604.0
000630.SZ,2026-04-22 10:43:00,6.44,6.45,6.44,6.44,452500,2915046.0
000630.SZ,2026-04-22 10:44:00,6.44,6.45,6.44,6.44,204800,1319380.0
000630.SZ,2026-04-22 10:45:00,6.44,6.45,6.44,6.44,147200,948775.0
000630.SZ,2026-04-22 10:46:00,6.45,6.46,6.45,6.46,530200,3420394.0
000630.SZ,2026-04-22 10:47:00,6.45,6.46,6.45,6.45,410800,2650696.0
000630.SZ,2026-04-22 10:48:00,6.45,6.46,6.45,6.46,611600,3950979.0
000630.SZ,2026-04-22 10:49:00,6.46,6.47,6.45,6.45,429500,2774870.0
000630.SZ,2026-04-22 10:50:00,6.46,6.47,6.46,6.46,421300,2722967.0
000630.SZ,2026-04-22 10:51:00,6.46,6.48,6.46,6.47,980900,6345164.0
000630.SZ,2026-04-22 10:52:00,6.47,6.48,6.47,6.47,315400,2041525.0
000630.SZ,2026-04-22 10:53:00,6.47,6.48,6.47,6.48,236300,1529782.0
000630.SZ,2026-04-22 10:54:00,6.47,6.48,6.47,6.48,545300,3529385.0
000630.SZ,2026-04-22 10:55:00,6.47,6.48,6.47,6.48,190000,1230233.0
000630.SZ,2026-04-22 10:56:00,6.47,6.49,6.47,6.49,2251800,14595335.0
000630.SZ,2026-04-22 10:57:00,6.49,6.49,6.48,6.49,846300,5490593.0
000630.SZ,2026-04-22 10:58:00,6.49,6.5,6.49,6.5,627900,4076682.0
000630.SZ,2026-04-22 10:59:00,6.5,6.52,6.49,6.52,6343700,41272170.0
000630.SZ,2026-04-22 11:00:00,6.51,6.52,6.51,6.51,1292200,8414432.0
000630.SZ,2026-04-22 11:01:00,6.51,6.51,6.5,6.51,1623000,10561683.0
000630.SZ,2026-04-22 11:02:00,6.51,6.51,6.5,6.5,867800,5645321.0
000630.SZ,2026-04-22 11:03:00,6.51,6.51,6.5,6.51,366000,2380453.0
000630.SZ,2026-04-22 11:04:00,6.5,6.51,6.5,6.51,382500,2488898.0
000630.SZ,2026-04-22 11:05:00,6.51,6.53,6.51,6.53,5480500,35717736.0
000630.SZ,2026-04-22 11:06:00,6.53,6.54,6.52,6.54,2120700,13846202.0
000630.SZ,2026-04-22 11:07:00,6.53,6.54,6.52,6.53,1652100,10788763.0
000630.SZ,2026-04-22 11:08:00,6.53,6.53,6.51,6.51,1439800,9388221.0
000630.SZ,2026-04-22 11:09:00,6.52,6.52,6.51,6.51,667900,4352548.0
000630.SZ,2026-04-22 11:10:00,6.51,6.51,6.5,6.5,1521600,9906277.0
000630.SZ,2026-04-22 11:11:00,6.5,6.51,6.5,6.51,1134800,7386353.0
000630.SZ,2026-04-22 11:12:00,6.51,6.51,6.49,6.5,1298300,8438926.0
000630.SZ,2026-04-22 11:13:00,6.5,6.51,6.49,6.5,578100,3757159.0
000630.SZ,2026-04-22 11:14:00,6.5,6.51,6.5,6.5,205200,1335093.0
000630.SZ,2026-04-22 11:15:00,6.5,6.51,6.5,6.51,143300,932191.0
000630.SZ,2026-04-22 11:16:00,6.51,6.51,6.5,6.51,575100,3742788.0
000630.SZ,2026-04-22 11:17:00,6.51,6.52,6.51,6.51,638298,4155786.0
000630.SZ,2026-04-22 11:18:00,6.52,6.52,6.51,6.52,447200,2912846.0
000630.SZ,2026-04-22 11:19:00,6.51,6.52,6.51,6.52,650000,4236782.0
000630.SZ,2026-04-22 11:20:00,6.52,6.52,6.51,6.51,325200,2118265.0
000630.SZ,2026-04-22 11:21:00,6.51,6.51,6.5,6.51,1233100,8024345.0
000630.SZ,2026-04-22 11:22:00,6.51,6.52,6.5,6.51,496200,3229794.0
000630.SZ,2026-04-22 11:23:00,6.51,6.53,6.51,6.52,2057152,13411267.0
000630.SZ,2026-04-22 11:24:00,6.53,6.53,6.52,6.52,342600,2234722.0
000630.SZ,2026-04-22 11:25:00,6.52,6.53,6.52,6.52,493100,3217044.0
000630.SZ,2026-04-22 11:26:00,6.52,6.53,6.52,6.53,502600,3278252.0
000630.SZ,2026-04-22 11:27:00,6.53,6.53,6.52,6.52,381600,2489129.0
000630.SZ,2026-04-22 11:28:00,6.52,6.53,6.52,6.52,900900,5879626.0
000630.SZ,2026-04-22 11:29:00,6.52,6.53,6.52,6.52,198300,1293437.0
000630.SZ,2026-04-22 11:30:00,6.53,6.53,6.52,6.53,358600,2339105.0
000630.SZ,2026-04-22 13:01:00,6.53,6.53,6.52,6.52,3481500,22728244.0
000630.SZ,2026-04-22 13:02:00,6.53,6.54,6.52,6.54,734000,4793496.0
000630.SZ,2026-04-22 13:03:00,6.54,6.54,6.53,6.54,992400,6486571.0
000630.SZ,2026-04-22 13:04:00,6.53,6.53,6.52,6.53,541100,3532413.0
000630.SZ,2026-04-22 13:05:00,6.53,6.53,6.51,6.51,2094700,13658331.0
000630.SZ,2026-04-22 13:06:00,6.51,6.52,6.5,6.5,1281400,8342581.0
000630.SZ,2026-04-22 13:07:00,6.51,6.51,6.5,6.5,515000,3351695.0
000630.SZ,2026-04-22 13:08:00,6.51,6.52,6.5,6.51,823800,5360581.0
000630.SZ,2026-04-22 13:09:00,6.52,6.52,6.51,6.52,429500,2798917.0
000630.SZ,2026-04-22 13:10:00,6.52,6.52,6.51,6.52,523800,3413860.0
000630.SZ,2026-04-22 13:11:00,6.51,6.52,6.51,6.52,920200,5999456.0
000630.SZ,2026-04-22 13:12:00,6.52,6.53,6.52,6.52,451000,2941309.0
000630.SZ,2026-04-22 13:13:00,6.52,6.53,6.51,6.52,324300,2113865.0
000630.SZ,2026-04-22 13:14:00,6.52,6.53,6.52,6.52,1440100,9401451.0
000630.SZ,2026-04-22 13:15:00,6.52,6.52,6.52,6.52,244700,1596328.0
000630.SZ,2026-04-22 13:16:00,6.52,6.53,6.51,6.52,851100,5548039.0
000630.SZ,2026-04-22 13:17:00,6.51,6.52,6.51,6.51,230600,1502397.0
000630.SZ,2026-04-22 13:18:00,6.51,6.52,6.51,6.52,363900,2371362.0
000630.SZ,2026-04-22 13:19:00,6.52,6.53,6.51,6.52,1254400,8179851.0
000630.SZ,2026-04-22 13:20:00,6.52,6.53,6.52,6.53,943100,6156794.0
000630.SZ,2026-04-22 13:21:00,6.53,6.54,6.53,6.53,2193200,14323201.0
000630.SZ,2026-04-22 13:22:00,6.53,6.54,6.53,6.54,469400,3067611.0
000630.SZ,2026-04-22 13:23:00,6.54,6.54,6.53,6.54,522000,3412722.0
000630.SZ,2026-04-22 13:24:00,6.53,6.54,6.53,6.53,402400,2630122.0
000630.SZ,2026-04-22 13:25:00,6.53,6.54,6.53,6.53,436200,2851100.0
000630.SZ,2026-04-22 13:26:00,6.53,6.54,6.53,6.53,369700,2415595.0
000630.SZ,2026-04-22 13:27:00,6.54,6.54,6.53,6.53,617800,4038124.0
000630.SZ,2026-04-22 13:28:00,6.53,6.54,6.53,6.53,320500,2094847.0
000630.SZ,2026-04-22 13:29:00,6.54,6.54,6.53,6.54,629000,4108980.0
000630.SZ,2026-04-22 13:30:00,6.53,6.54,6.53,6.53,963500,6299173.0
000630.SZ,2026-04-22 13:31:00,6.53,6.54,6.53,6.54,634600,4146462.0
000630.SZ,2026-04-22 13:32:00,6.54,6.54,6.53,6.53,421500,2754082.0
000630.SZ,2026-04-22 13:33:00,6.54,6.54,6.53,6.53,313200,2045635.0
000630.SZ,2026-04-22 13:34:00,6.53,6.54,6.53,6.53,772300,5043982.0
000630.SZ,2026-04-22 13:35:00,6.53,6.54,6.53,6.54,362800,2370138.0
000630.SZ,2026-04-22 13:36:00,6.53,6.54,6.53,6.53,262600,1715529.0
000630.SZ,2026-04-22 13:37:00,6.54,6.54,6.52,6.52,1546500,10098516.0
000630.SZ,2026-04-22 13:38:00,6.53,6.53,6.52,6.53,250200,1632407.0
000630.SZ,2026-04-22 13:39:00,6.53,6.53,6.52,6.53,268100,1749092.0
000630.SZ,2026-04-22 13:40:00,6.53,6.53,6.52,6.52,254400,1659672.0
000630.SZ,2026-04-22 13:41:00,6.52,6.53,6.52,6.52,1170500,7631893.0
000630.SZ,2026-04-22 13:42:00,6.52,6.53,6.52,6.52,869600,5669850.0
000630.SZ,2026-04-22 13:43:00,6.52,6.53,6.52,6.52,398600,2599323.0
000630.SZ,2026-04-22 13:44:00,6.53,6.53,6.52,6.53,246100,1605249.0
000630.SZ,2026-04-22 13:45:00,6.52,6.53,6.51,6.51,991600,6465406.0
000630.SZ,2026-04-22 13:46:00,6.51,6.52,6.51,6.51,222100,1446378.0
000630.SZ,2026-04-22 13:47:00,6.51,6.52,6.51,6.52,322300,2098525.0
000630.SZ,2026-04-22 13:48:00,6.51,6.52,6.51,6.51,319100,2078242.0
000630.SZ,2026-04-22 13:49:00,6.52,6.52,6.51,6.52,306300,1995461.0
000630.SZ,2026-04-22 13:50:00,6.52,6.52,6.51,6.51,211703,1379034.5
000630.SZ,2026-04-22 13:51:00,6.52,6.52,6.51,6.51,425300,2769715.0
000630.SZ,2026-04-22 13:52:00,6.52,6.52,6.51,6.51,221400,1441921.0
000630.SZ,2026-04-22 13:53:00,6.52,6.52,6.51,6.51,692900,4513843.0
000630.SZ,2026-04-22 13:54:00,6.52,6.52,6.51,6.51,461400,3004022.0
000630.SZ,2026-04-22 13:55:00,6.51,6.52,6.51,6.52,302600,1971012.0
000630.SZ,2026-04-22 13:56:00,6.52,6.52,6.51,6.51,230000,1497790.0
000630.SZ,2026-04-22 13:57:00,6.51,6.52,6.51,6.51,1344900,8754643.0
000630.SZ,2026-04-22 13:58:00,6.52,6.52,6.51,6.51,570600,3714456.0
000630.SZ,2026-04-22 13:59:00,6.51,6.52,6.51,6.51,438500,2855102.0
000630.SZ,2026-04-22 14:00:00,6.51,6.52,6.51,6.51,273300,1780109.0
000630.SZ,2026-04-22 14:01:00,6.52,6.52,6.51,6.51,295600,1925278.0
000630.SZ,2026-04-22 14:02:00,6.51,6.52,6.51,6.51,246100,1603065.0
000630.SZ,2026-04-22 14:03:00,6.52,6.52,6.51,6.52,295100,1922714.0
000630.SZ,2026-04-22 14:04:00,6.51,6.52,6.51,6.51,383800,2500645.0
000630.SZ,2026-04-22 14:05:00,6.52,6.52,6.51,6.51,642300,4183338.0
000630.SZ,2026-04-22 14:06:00,6.52,6.52,6.51,6.52,549900,3582654.0
000630.SZ,2026-04-22 14:07:00,6.52,6.52,6.51,6.51,609730,3971224.2
000630.SZ,2026-04-22 14:08:00,6.51,6.52,6.51,6.52,405000,2638947.0
000630.SZ,2026-04-22 14:09:00,6.52,6.52,6.51,6.51,366700,2389021.0
000630.SZ,2026-04-22 14:10:00,6.52,6.52,6.51,6.51,564581,3679354.2
000630.SZ,2026-04-22 14:11:00,6.51,6.52,6.51,6.51,572200,3727095.0
000630.SZ,2026-04-22 14:12:00,6.52,6.52,6.51,6.51,1062500,6919128.0
000630.SZ,2026-04-22 14:13:00,6.51,6.51,6.5,6.5,801800,5218231.0
000630.SZ,2026-04-22 14:14:00,6.51,6.51,6.5,6.51,404100,2628620.0
000630.SZ,2026-04-22 14:15:00,6.5,6.51,6.5,6.51,446200,2902452.0
000630.SZ,2026-04-22 14:16:00,6.5,6.51,6.5,6.51,2447300,15929414.0
000630.SZ,2026-04-22 14:17:00,6.51,6.52,6.51,6.51,631300,4111271.0
000630.SZ,2026-04-22 14:18:00,6.52,6.52,6.51,6.51,642500,4184291.0
000630.SZ,2026-04-22 14:19:00,6.51,6.52,6.5,6.52,1005400,6543726.0
000630.SZ,2026-04-22 14:20:00,6.51,6.52,6.5,6.52,528700,3444873.0
000630.SZ,2026-04-22 14:21:00,6.52,6.52,6.51,6.51,323700,2109246.0
000630.SZ,2026-04-22 14:22:00,6.52,6.52,6.51,6.52,574900,3745115.0
000630.SZ,2026-04-22 14:23:00,6.52,6.52,6.51,6.51,289700,1887930.0
000630.SZ,2026-04-22 14:24:00,6.52,6.52,6.51,6.51,402100,2619714.0
000630.SZ,2026-04-22 14:25:00,6.51,6.52,6.51,6.51,467600,3046597.0
000630.SZ,2026-04-22 14:26:00,6.51,6.52,6.51,6.52,320600,2088387.0
000630.SZ,2026-04-22 14:27:00,6.51,6.52,6.51,6.51,370200,2411005.0
000630.SZ,2026-04-22 14:28:00,6.51,6.52,6.51,6.52,843500,5496756.0
000630.SZ,2026-04-22 14:29:00,6.51,6.52,6.51,6.52,672100,4379001.0
000630.SZ,2026-04-22 14:30:00,6.51,6.52,6.51,6.51,401200,2614269.0
000630.SZ,2026-04-22 14:31:00,6.51,6.52,6.51,6.51,879600,5732348.0
000630.SZ,2026-04-22 14:32:00,6.52,6.52,6.51,6.51,367000,2391206.0
000630.SZ,2026-04-22 14:33:00,6.51,6.52,6.51,6.52,870000,5666957.0
000630.SZ,2026-04-22 14:34:00,6.51,6.52,6.51,6.52,418900,2728523.0
000630.SZ,2026-04-22 14:35:00,6.52,6.52,6.51,6.51,565900,3687738.0
000630.SZ,2026-04-22 14:36:00,6.51,6.52,6.51,6.51,423200,2757790.0
000630.SZ,2026-04-22 14:37:00,6.51,6.52,6.51,6.52,390900,2547443.0
000630.SZ,2026-04-22 14:38:00,6.52,6.52,6.51,6.52,1041800,6790653.0
000630.SZ,2026-04-22 14:39:00,6.52,6.52,6.51,6.51,546400,3559311.0
000630.SZ,2026-04-22 14:40:00,6.52,6.52,6.51,6.52,486366,3169526.8
000630.SZ,2026-04-22 14:41:00,6.51,6.52,6.51,6.51,471300,3070253.0
000630.SZ,2026-04-22 14:42:00,6.52,6.52,6.51,6.51,812450,5295269.5
000630.SZ,2026-04-22 14:43:00,6.52,6.53,6.52,6.52,2363900,15413676.0
000630.SZ,2026-04-22 14:44:00,6.52,6.53,6.52,6.52,423400,2762327.0
000630.SZ,2026-04-22 14:45:00,6.52,6.53,6.52,6.52,611700,3991686.0
000630.SZ,2026-04-22 14:46:00,6.53,6.53,6.52,6.52,708100,4620888.0
000630.SZ,2026-04-22 14:47:00,6.53,6.53,6.52,6.53,544200,3551704.0
000630.SZ,2026-04-22 14:48:00,6.53,6.53,6.52,6.52,951400,6207697.0
000630.SZ,2026-04-22 14:49:00,6.53,6.53,6.52,6.52,1158300,7559286.0
000630.SZ,2026-04-22 14:50:00,6.52,6.53,6.52,6.52,633300,4132270.0
000630.SZ,2026-04-22 14:51:00,6.53,6.53,6.52,6.52,1089900,7114022.0
000630.SZ,2026-04-22 14:52:00,6.52,6.53,6.52,6.53,957800,6248403.0
000630.SZ,2026-04-22 14:53:00,6.52,6.53,6.52,6.52,1006200,6566781.0
000630.SZ,2026-04-22 14:54:00,6.52,6.53,6.52,6.53,1154100,7529640.0
000630.SZ,2026-04-22 14:55:00,6.52,6.53,6.52,6.53,2271100,14816125.0
000630.SZ,2026-04-22 14:56:00,6.52,6.53,6.52,6.53,1333100,8698430.0
000630.SZ,2026-04-22 14:57:00,6.53,6.53,6.52,6.52,2458100,16046864.0
000630.SZ,2026-04-22 14:58:00,6.52,6.52,6.52,6.52,0,0.0
000630.SZ,2026-04-22 14:59:00,6.52,6.52,6.52,6.52,0,0.0
000630.SZ,2026-04-22 15:00:00,6.53,6.53,6.53,6.53,1809500,11816035.0
000630.SZ,2026-04-23 09:30:00,6.6,6.63,6.59,6.6,2945300,19450400.0
000630.SZ,2026-04-23 09:31:00,6.61,6.67,6.6,6.62,11391942,75659060.0
000630.SZ,2026-04-23 09:32:00,6.62,6.62,6.58,6.59,4444987,29350694.0
000630.SZ,2026-04-23 09:33:00,6.59,6.59,6.57,6.57,2363261,15555798.0
000630.SZ,2026-04-23 09:34:00,6.57,6.59,6.57,6.58,3971000,26122616.0
000630.SZ,2026-04-23 09:35:00,6.58,6.59,6.56,6.57,2988400,19650228.0
000630.SZ,2026-04-23 09:36:00,6.57,6.57,6.55,6.56,3336089,21876764.0
000630.SZ,2026-04-23 09:37:00,6.56,6.56,6.51,6.53,4783100,31255444.0
000630.SZ,2026-04-23 09:38:00,6.52,6.53,6.51,6.52,2890000,18842690.0
000630.SZ,2026-04-23 09:39:00,6.52,6.52,6.51,6.52,2789800,18183738.0
000630.SZ,2026-04-23 09:40:00,6.51,6.53,6.51,6.53,2224346,14500873.0
000630.SZ,2026-04-23 09:41:00,6.53,6.54,6.49,6.5,10732365,69846650.0
000630.SZ,2026-04-23 09:42:00,6.49,6.51,6.48,6.51,2653800,17246030.0
000630.SZ,2026-04-23 09:43:00,6.5,6.5,6.49,6.49,2747600,17844390.0
000630.SZ,2026-04-23 09:44:00,6.49,6.5,6.49,6.5,2442500,15866427.0
000630.SZ,2026-04-23 09:45:00,6.49,6.49,6.47,6.48,2983400,19335232.0
000630.SZ,2026-04-23 09:46:00,6.47,6.48,6.46,6.46,1655100,10710137.0
000630.SZ,2026-04-23 09:47:00,6.46,6.47,6.45,6.46,2193200,14167407.0
000630.SZ,2026-04-23 09:48:00,6.46,6.46,6.43,6.43,5027557,32399972.0
000630.SZ,2026-04-23 09:49:00,6.43,6.43,6.42,6.43,2552143,16399766.0
000630.SZ,2026-04-23 09:50:00,6.43,6.44,6.42,6.44,1890000,12157589.0
000630.SZ,2026-04-23 09:51:00,6.44,6.45,6.42,6.42,5371100,34557920.0
000630.SZ,2026-04-23 09:52:00,6.42,6.43,6.38,6.39,7719900,49468496.0
000630.SZ,2026-04-23 09:53:00,6.39,6.39,6.37,6.38,4401700,28077376.0
000630.SZ,2026-04-23 09:54:00,6.38,6.39,6.38,6.39,3420600,21830474.0
000630.SZ,2026-04-23 09:55:00,6.38,6.39,6.37,6.39,2398200,15302347.0
000630.SZ,2026-04-23 09:56:00,6.39,6.4,6.39,6.4,2649500,16945084.0
000630.SZ,2026-04-23 09:57:00,6.4,6.4,6.38,6.39,3766900,24075924.0
000630.SZ,2026-04-23 09:58:00,6.38,6.4,6.38,6.4,846119,5409527.0
000630.SZ,2026-04-23 09:59:00,6.39,6.4,6.39,6.4,1243100,7947995.0
000630.SZ,2026-04-23 10:00:00,6.39,6.42,6.39,6.42,988000,6327010.0
000630.SZ,2026-04-23 10:01:00,6.42,6.42,6.41,6.41,1889700,12119409.0
000630.SZ,2026-04-23 10:02:00,6.41,6.42,6.41,6.41,1441300,9246783.0
000630.SZ,2026-04-23 10:03:00,6.42,6.42,6.39,6.39,2915200,18668080.0
000630.SZ,2026-04-23 10:04:00,6.4,6.41,6.39,6.41,588000,3763221.0
000630.SZ,2026-04-23 10:05:00,6.41,6.42,6.4,6.4,903300,5789111.0
000630.SZ,2026-04-23 10:06:00,6.4,6.41,6.39,6.4,1770200,11328516.0
000630.SZ,2026-04-23 10:07:00,6.39,6.41,6.39,6.41,941100,6023206.0
000630.SZ,2026-04-23 10:08:00,6.41,6.41,6.4,6.41,826800,5298485.0
000630.SZ,2026-04-23 10:09:00,6.4,6.42,6.4,6.42,1049200,6722970.0
000630.SZ,2026-04-23 10:10:00,6.41,6.42,6.4,6.4,2224000,14238997.0
000630.SZ,2026-04-23 10:11:00,6.4,6.41,6.39,6.39,802000,5132772.0
000630.SZ,2026-04-23 10:12:00,6.39,6.4,6.39,6.39,2388100,15262430.0
000630.SZ,2026-04-23 10:13:00,6.39,6.4,6.39,6.39,642200,4104479.0
000630.SZ,2026-04-23 10:14:00,6.4,6.4,6.39,6.4,442100,2826758.0
000630.SZ,2026-04-23 10:15:00,6.39,6.41,6.39,6.4,1647200,10536517.0
000630.SZ,2026-04-23 10:16:00,6.4,6.4,6.39,6.4,700500,4481032.0
000630.SZ,2026-04-23 10:17:00,6.4,6.42,6.4,6.42,1172500,7510546.0
000630.SZ,2026-04-23 10:18:00,6.42,6.42,6.41,6.41,586000,3758730.0
000630.SZ,2026-04-23 10:19:00,6.41,6.42,6.41,6.41,543600,3485603.0
000630.SZ,2026-04-23 10:20:00,6.41,6.41,6.4,6.41,408300,2614702.0
000630.SZ,2026-04-23 10:21:00,6.4,6.41,6.4,6.41,1271400,8140851.0
000630.SZ,2026-04-23 10:22:00,6.41,6.42,6.41,6.42,1030300,6605903.0
000630.SZ,2026-04-23 10:23:00,6.43,6.43,6.42,6.43,766700,4927996.0
000630.SZ,2026-04-23 10:24:00,6.43,6.43,6.41,6.41,1078600,6928914.0
000630.SZ,2026-04-23 10:25:00,6.41,6.43,6.41,6.43,389900,2503963.0
000630.SZ,2026-04-23 10:26:00,6.43,6.43,6.41,6.42,721700,4635156.0
000630.SZ,2026-04-23 10:27:00,6.42,6.44,6.41,6.44,457600,2940668.0
000630.SZ,2026-04-23 10:28:00,6.44,6.44,6.43,6.44,518200,3334793.0
000630.SZ,2026-04-23 10:29:00,6.44,6.44,6.43,6.43,597900,3848568.0
000630.SZ,2026-04-23 10:30:00,6.44,6.44,6.43,6.44,442500,2846745.0
000630.SZ,2026-04-23 10:31:00,6.43,6.44,6.42,6.42,986300,6342246.0
000630.SZ,2026-04-23 10:32:00,6.42,6.42,6.41,6.41,1303500,8365801.0
000630.SZ,2026-04-23 10:33:00,6.41,6.42,6.41,6.42,327800,2101790.0
000630.SZ,2026-04-23 10:34:00,6.41,6.42,6.41,6.41,323800,2076188.0
000630.SZ,2026-04-23 10:35:00,6.42,6.42,6.41,6.42,162900,1044638.0
000630.SZ,2026-04-23 10:36:00,6.41,6.42,6.4,6.41,986400,6322764.0
000630.SZ,2026-04-23 10:37:00,6.41,6.42,6.41,6.41,262700,1684162.0
000630.SZ,2026-04-23 10:38:00,6.42,6.42,6.4,6.41,418500,2681387.0
000630.SZ,2026-04-23 10:39:00,6.41,6.41,6.4,6.41,1156000,7401000.0
000630.SZ,2026-04-23 10:40:00,6.4,6.41,6.39,6.39,3308700,21158676.0
000630.SZ,2026-04-23 10:41:00,6.39,6.4,6.38,6.39,812500,5191266.0
000630.SZ,2026-04-23 10:42:00,6.39,6.39,6.38,6.38,770800,4920488.0
000630.SZ,2026-04-23 10:43:00,6.39,6.39,6.38,6.38,551100,3518914.0
000630.SZ,2026-04-23 10:44:00,6.38,6.39,6.38,6.38,2969700,18953826.0
000630.SZ,2026-04-23 10:45:00,6.39,6.39,6.37,6.38,2648481,16895830.0
000630.SZ,2026-04-23 10:46:00,6.38,6.38,6.37,6.37,1035100,6595823.0
000630.SZ,2026-04-23 10:47:00,6.37,6.38,6.37,6.38,1149200,7323835.0
000630.SZ,2026-04-23 10:48:00,6.38,6.38,6.37,6.37,891500,5683396.0
000630.SZ,2026-04-23 10:49:00,6.37,6.38,6.37,6.38,546300,3483920.0
000630.SZ,2026-04-23 10:50:00,6.37,6.39,6.37,6.38,899600,5738863.0
000630.SZ,2026-04-23 10:51:00,6.38,6.39,6.38,6.39,705300,4503988.0
000630.SZ,2026-04-23 10:52:00,6.39,6.39,6.37,6.38,1449900,9251274.0
000630.SZ,2026-04-23 10:53:00,6.38,6.38,6.37,6.38,796700,5077865.0
000630.SZ,2026-04-23 10:54:00,6.38,6.38,6.36,6.36,4180600,26623852.0
000630.SZ,2026-04-23 10:55:00,6.36,6.37,6.36,6.37,980300,6241367.0
000630.SZ,2026-04-23 10:56:00,6.37,6.38,6.37,6.37,414100,2638360.0
000630.SZ,2026-04-23 10:57:00,6.37,6.37,6.36,6.37,996505,6344703.0
000630.SZ,2026-04-23 10:58:00,6.37,6.37,6.36,6.37,250900,1597357.0
000630.SZ,2026-04-23 10:59:00,6.37,6.37,6.36,6.37,547935,3486902.5
000630.SZ,2026-04-23 11:00:00,6.37,6.37,6.36,6.36,867900,5522875.0
000630.SZ,2026-04-23 11:01:00,6.36,6.37,6.36,6.36,957000,6088957.0
000630.SZ,2026-04-23 11:02:00,6.36,6.37,6.36,6.36,1324300,8423453.0
000630.SZ,2026-04-23 11:03:00,6.36,6.37,6.36,6.37,685600,4362080.0
000630.SZ,2026-04-23 11:04:00,6.36,6.37,6.36,6.36,385200,2451374.0
000630.SZ,2026-04-23 11:05:00,6.37,6.37,6.35,6.35,3141700,19981776.0
000630.SZ,2026-04-23 11:06:00,6.35,6.36,6.35,6.36,1203200,7644308.0
000630.SZ,2026-04-23 11:07:00,6.35,6.36,6.35,6.36,742030,4713390.5
000630.SZ,2026-04-23 11:08:00,6.35,6.36,6.35,6.36,1213600,7710660.0
000630.SZ,2026-04-23 11:09:00,6.35,6.36,6.35,6.35,754200,4791830.0
000630.SZ,2026-04-23 11:10:00,6.35,6.36,6.35,6.35,796200,5058240.0
000630.SZ,2026-04-23 11:11:00,6.35,6.36,6.33,6.34,3438170,21818876.0
000630.SZ,2026-04-23 11:12:00,6.34,6.35,6.34,6.35,305500,1937347.0
000630.SZ,2026-04-23 11:13:00,6.35,6.35,6.34,6.34,477700,3029411.0
000630.SZ,2026-04-23 11:14:00,6.34,6.35,6.33,6.34,2102000,13322836.0
000630.SZ,2026-04-23 11:15:00,6.34,6.35,6.34,6.34,523600,3320607.0
000630.SZ,2026-04-23 11:16:00,6.34,6.34,6.33,6.34,1274700,8070986.0
000630.SZ,2026-04-23 11:17:00,6.34,6.34,6.33,6.33,572500,3626053.0
000630.SZ,2026-04-23 11:18:00,6.34,6.34,6.33,6.33,652600,4132462.0
000630.SZ,2026-04-23 11:19:00,6.34,6.34,6.33,6.34,582900,3690918.0
000630.SZ,2026-04-23 11:20:00,6.33,6.34,6.33,6.34,453100,2869242.0
000630.SZ,2026-04-23 11:21:00,6.34,6.34,6.33,6.33,806600,5107474.0
000630.SZ,2026-04-23 11:22:00,6.33,6.34,6.32,6.32,1003800,6353246.0
000630.SZ,2026-04-23 11:23:00,6.32,6.33,6.32,6.32,613900,3882048.0
000630.SZ,2026-04-23 11:24:00,6.32,6.33,6.32,6.32,776300,4907247.0
000630.SZ,2026-04-23 11:25:00,6.32,6.33,6.32,6.33,1196800,7564745.0
000630.SZ,2026-04-23 11:26:00,6.32,6.33,6.31,6.32,556100,3515697.0
000630.SZ,2026-04-23 11:27:00,6.32,6.32,6.31,6.32,765200,4834378.0
000630.SZ,2026-04-23 11:28:00,6.32,6.33,6.32,6.33,389400,2461886.0
000630.SZ,2026-04-23 11:29:00,6.32,6.33,6.32,6.32,707300,4470795.0
000630.SZ,2026-04-23 11:30:00,6.32,6.32,6.31,6.31,1393900,8797402.0
000630.SZ,2026-04-23 13:01:00,6.31,6.32,6.3,6.3,3665300,23130944.0
000630.SZ,2026-04-23 13:02:00,6.31,6.31,6.3,6.3,1130000,7120137.0
000630.SZ,2026-04-23 13:03:00,6.3,6.31,6.28,6.28,3371200,21233528.0
000630.SZ,2026-04-23 13:04:00,6.28,6.3,6.28,6.29,1532800,9638146.0
000630.SZ,2026-04-23 13:05:00,6.3,6.3,6.29,6.3,1482500,9336410.0
000630.SZ,2026-04-23 13:06:00,6.29,6.3,6.28,6.29,858300,5400609.0
000630.SZ,2026-04-23 13:07:00,6.29,6.29,6.28,6.28,594400,3734018.0
000630.SZ,2026-04-23 13:08:00,6.28,6.29,6.27,6.29,1203700,7560700.0
000630.SZ,2026-04-23 13:09:00,6.29,6.3,6.28,6.29,1844600,11609393.0
000630.SZ,2026-04-23 13:10:00,6.29,6.3,6.28,6.29,309100,1944348.0
000630.SZ,2026-04-23 13:11:00,6.3,6.3,6.29,6.3,359500,2263699.0
000630.SZ,2026-04-23 13:12:00,6.3,6.3,6.29,6.29,275900,1737464.0
000630.SZ,2026-04-23 13:13:00,6.3,6.31,6.29,6.31,1003900,6324759.0
000630.SZ,2026-04-23 13:14:00,6.31,6.31,6.3,6.31,557000,3512778.0
000630.SZ,2026-04-23 13:15:00,6.31,6.31,6.3,6.31,318000,2005577.0
000630.SZ,2026-04-23 13:16:00,6.31,6.31,6.3,6.31,821400,5178352.0
000630.SZ,2026-04-23 13:17:00,6.31,6.31,6.3,6.3,1130900,7128557.0
000630.SZ,2026-04-23 13:18:00,6.3,6.31,6.29,6.3,1136900,7163009.0
000630.SZ,2026-04-23 13:19:00,6.31,6.31,6.3,6.31,116200,732941.0
000630.SZ,2026-04-23 13:20:00,6.31,6.32,6.3,6.31,852100,5377697.0
000630.SZ,2026-04-23 13:21:00,6.32,6.32,6.31,6.32,635600,4014117.0
000630.SZ,2026-04-23 13:22:00,6.32,6.32,6.31,6.32,363900,2298182.0
000630.SZ,2026-04-23 13:23:00,6.32,6.32,6.3,6.31,786200,4958744.0
000630.SZ,2026-04-23 13:24:00,6.31,6.31,6.3,6.3,610700,3848089.0
000630.SZ,2026-04-23 13:25:00,6.3,6.31,6.3,6.31,352700,2222826.0
000630.SZ,2026-04-23 13:26:00,6.31,6.31,6.29,6.3,997400,6283859.0
000630.SZ,2026-04-23 13:27:00,6.3,6.3,6.29,6.3,289600,1822446.0
000630.SZ,2026-04-23 13:28:00,6.29,6.3,6.28,6.28,2109500,13264812.0
000630.SZ,2026-04-23 13:29:00,6.29,6.29,6.28,6.29,458300,2880831.0
000630.SZ,2026-04-23 13:30:00,6.28,6.3,6.28,6.3,748900,4709580.0
000630.SZ,2026-04-23 13:31:00,6.3,6.3,6.28,6.28,846600,5325014.0
000630.SZ,2026-04-23 13:32:00,6.28,6.3,6.28,6.3,812800,5112449.0
000630.SZ,2026-04-23 13:33:00,6.3,6.3,6.29,6.3,663300,4176278.0
000630.SZ,2026-04-23 13:34:00,6.3,6.31,6.29,6.31,413500,2605261.0
000630.SZ,2026-04-23 13:35:00,6.31,6.31,6.3,6.31,278800,1758124.0
000630.SZ,2026-04-23 13:36:00,6.3,6.31,6.29,6.3,1525200,9609058.0
000630.SZ,2026-04-23 13:37:00,6.31,6.31,6.29,6.31,367700,2316899.0
000630.SZ,2026-04-23 13:38:00,6.3,6.31,6.3,6.31,257000,1620161.0
000630.SZ,2026-04-23 13:39:00,6.31,6.31,6.3,6.31,813900,5129145.0
000630.SZ,2026-04-23 13:40:00,6.3,6.31,6.29,6.3,1078300,6792463.0
000630.SZ,2026-04-23 13:41:00,6.3,6.3,6.29,6.29,306100,1926947.0
000630.SZ,2026-04-23 13:42:00,6.29,6.3,6.29,6.3,774600,4878686.0
000630.SZ,2026-04-23 13:43:00,6.3,6.31,6.3,6.31,787900,4969428.0
000630.SZ,2026-04-23 13:44:00,6.31,6.32,6.3,6.32,524800,3311711.0
000630.SZ,2026-04-23 13:45:00,6.32,6.32,6.31,6.32,442200,2791806.0
000630.SZ,2026-04-23 13:46:00,6.31,6.32,6.31,6.32,460400,2908803.0
000630.SZ,2026-04-23 13:47:00,6.32,6.33,6.32,6.33,1030300,6513174.0
000630.SZ,2026-04-23 13:48:00,6.33,6.33,6.32,6.33,444000,2807225.0
000630.SZ,2026-04-23 13:49:00,6.33,6.33,6.32,6.33,531300,3359882.0
000630.SZ,2026-04-23 13:50:00,6.32,6.33,6.32,6.32,255000,1612610.0
000630.SZ,2026-04-23 13:51:00,6.33,6.33,6.32,6.32,288000,1822231.0
000630.SZ,2026-04-23 13:52:00,6.33,6.33,6.31,6.32,768400,4855538.0
000630.SZ,2026-04-23 13:53:00,6.32,6.32,6.31,6.32,415600,2624154.0
000630.SZ,2026-04-23 13:54:00,6.32,6.32,6.3,6.3,1150600,7259450.0
000630.SZ,2026-04-23 13:55:00,6.31,6.31,6.3,6.31,1636400,10315980.0
000630.SZ,2026-04-23 13:56:00,6.31,6.32,6.31,6.32,572600,3617441.0
000630.SZ,2026-04-23 13:57:00,6.33,6.33,6.32,6.32,232600,1471636.0
000630.SZ,2026-04-23 13:58:00,6.32,6.33,6.32,6.32,665200,4209769.0
000630.SZ,2026-04-23 13:59:00,6.33,6.34,6.32,6.34,286400,1813881.0
000630.SZ,2026-04-23 14:00:00,6.33,6.34,6.33,6.34,642400,4068396.0
000630.SZ,2026-04-23 14:01:00,6.33,6.34,6.33,6.34,420900,2666652.0
000630.SZ,2026-04-23 14:02:00,6.34,6.34,6.33,6.33,579400,3669974.0
000630.SZ,2026-04-23 14:03:00,6.34,6.34,6.33,6.34,239700,1518399.0
000630.SZ,2026-04-23 14:04:00,6.33,6.33,6.32,6.33,1050400,6647812.0
000630.SZ,2026-04-23 14:05:00,6.32,6.33,6.32,6.33,383100,2421727.0
000630.SZ,2026-04-23 14:06:00,6.32,6.32,6.31,6.31,684300,4324178.0
000630.SZ,2026-04-23 14:07:00,6.32,6.32,6.31,6.32,289400,1826899.0
000630.SZ,2026-04-23 14:08:00,6.32,6.32,6.31,6.32,359400,2269951.0
000630.SZ,2026-04-23 14:09:00,6.32,6.32,6.31,6.32,271800,1717149.0
000630.SZ,2026-04-23 14:10:00,6.32,6.32,6.31,6.31,695800,4396931.0
000630.SZ,2026-04-23 14:11:00,6.31,6.32,6.31,6.32,309400,1953937.0
000630.SZ,2026-04-23 14:12:00,6.32,6.32,6.31,6.32,425500,2686614.0
000630.SZ,2026-04-23 14:13:00,6.31,6.32,6.31,6.32,386900,2443161.0
000630.SZ,2026-04-23 14:14:00,6.31,6.32,6.3,6.31,2311500,14581669.0
000630.SZ,2026-04-23 14:15:00,6.3,6.31,6.3,6.3,387300,2440727.0
000630.SZ,2026-04-23 14:16:00,6.3,6.31,6.3,6.31,383800,2419730.0
000630.SZ,2026-04-23 14:17:00,6.31,6.31,6.3,6.3,446900,2817123.0
000630.SZ,2026-04-23 14:18:00,6.3,6.32,6.3,6.31,794800,5015484.0
000630.SZ,2026-04-23 14:19:00,6.31,6.32,6.31,6.31,772500,4874804.0
000630.SZ,2026-04-23 14:20:00,6.31,6.31,6.3,6.31,393800,2481783.0
000630.SZ,2026-04-23 14:21:00,6.31,6.31,6.29,6.29,2145500,13516734.0
000630.SZ,2026-04-23 14:22:00,6.3,6.3,6.29,6.3,672300,4233628.0
000630.SZ,2026-04-23 14:23:00,6.3,6.31,6.3,6.3,339300,2137986.0
000630.SZ,2026-04-23 14:24:00,6.31,6.31,6.3,6.3,306000,1929063.0
000630.SZ,2026-04-23 14:25:00,6.31,6.31,6.3,6.31,240500,1515875.0
000630.SZ,2026-04-23 14:26:00,6.31,6.31,6.3,6.3,301900,1902517.0
000630.SZ,2026-04-23 14:27:00,6.3,6.31,6.3,6.31,998500,6292515.0
000630.SZ,2026-04-23 14:28:00,6.31,6.31,6.29,6.29,715700,4509171.0
000630.SZ,2026-04-23 14:29:00,6.3,6.3,6.29,6.3,241000,1517416.0
000630.SZ,2026-04-23 14:30:00,6.3,6.3,6.29,6.29,814400,5124156.0
000630.SZ,2026-04-23 14:31:00,6.3,6.3,6.29,6.29,756900,4762932.0
000630.SZ,2026-04-23 14:32:00,6.29,6.29,6.28,6.28,3592600,22584352.0
000630.SZ,2026-04-23 14:33:00,6.28,6.29,6.28,6.28,592800,3727523.0
000630.SZ,2026-04-23 14:34:00,6.28,6.29,6.28,6.28,318300,2001228.0
000630.SZ,2026-04-23 14:35:00,6.29,6.29,6.28,6.29,737600,4638082.0
000630.SZ,2026-04-23 14:36:00,6.29,6.29,6.28,6.29,733400,4608487.0
000630.SZ,2026-04-23 14:37:00,6.29,6.29,6.28,6.29,1104800,6945534.0
000630.SZ,2026-04-23 14:38:00,6.29,6.3,6.29,6.29,579100,3643549.0
000630.SZ,2026-04-23 14:39:00,6.29,6.3,6.29,6.3,489800,3084821.0
000630.SZ,2026-04-23 14:40:00,6.3,6.3,6.29,6.29,726900,4574301.0
000630.SZ,2026-04-23 14:41:00,6.29,6.3,6.29,6.3,787200,4953947.0
000630.SZ,2026-04-23 14:42:00,6.3,6.3,6.29,6.3,426700,2686424.0
000630.SZ,2026-04-23 14:43:00,6.3,6.3,6.29,6.29,560600,3529304.0
000630.SZ,2026-04-23 14:44:00,6.3,6.31,6.3,6.3,1148400,7234873.0
000630.SZ,2026-04-23 14:45:00,6.31,6.31,6.3,6.3,784800,4946466.0
000630.SZ,2026-04-23 14:46:00,6.31,6.31,6.3,6.31,627800,3958117.0
000630.SZ,2026-04-23 14:47:00,6.3,6.31,6.3,6.31,851300,5365036.0
000630.SZ,2026-04-23 14:48:00,6.31,6.31,6.3,6.3,1523000,9596528.0
000630.SZ,2026-04-23 14:49:00,6.3,6.3,6.29,6.3,2303600,14498619.0
000630.SZ,2026-04-23 14:50:00,6.29,6.3,6.29,6.3,1823900,11471411.0
000630.SZ,2026-04-23 14:51:00,6.3,6.3,6.29,6.29,803000,5054027.0
000630.SZ,2026-04-23 14:52:00,6.29,6.3,6.29,6.29,873800,5499938.0
000630.SZ,2026-04-23 14:53:00,6.3,6.3,6.29,6.3,1122700,7064470.0
000630.SZ,2026-04-23 14:54:00,6.3,6.3,6.29,6.3,962600,6057100.0
000630.SZ,2026-04-23 14:55:00,6.29,6.3,6.29,6.29,1030100,6482740.0
000630.SZ,2026-04-23 14:56:00,6.29,6.3,6.29,6.3,1094400,6888007.0
000630.SZ,2026-04-23 14:57:00,6.29,6.3,6.29,6.3,1631300,10264198.0
000630.SZ,2026-04-23 14:58:00,6.3,6.3,6.3,6.3,0,0.0
000630.SZ,2026-04-23 14:59:00,6.3,6.3,6.3,6.3,0,0.0
000630.SZ,2026-04-23 15:00:00,6.3,6.3,6.3,6.3,2031200,12796560.0
000630.SZ,2026-04-24 09:30:00,6.23,6.25,6.23,6.24,1884475,11741438.0
000630.SZ,2026-04-24 09:31:00,6.24,6.25,6.22,6.24,4298602,26813012.0
000630.SZ,2026-04-24 09:32:00,6.24,6.27,6.24,6.26,2860200,17885712.0
000630.SZ,2026-04-24 09:33:00,6.26,6.26,6.24,6.24,2944600,18395022.0
000630.SZ,2026-04-24 09:34:00,6.24,6.25,6.24,6.25,2275442,14202288.0
000630.SZ,2026-04-24 09:35:00,6.24,6.24,6.22,6.23,1998258,12455216.0
000630.SZ,2026-04-24 09:36:00,6.23,6.25,6.23,6.25,2593300,16183339.0
000630.SZ,2026-04-24 09:37:00,6.24,6.25,6.23,6.23,1857200,11578413.0
000630.SZ,2026-04-24 09:38:00,6.23,6.23,6.2,6.21,3934500,24438520.0
000630.SZ,2026-04-24 09:39:00,6.21,6.21,6.19,6.21,3720565,23070620.0
000630.SZ,2026-04-24 09:40:00,6.2,6.22,6.2,6.22,1463900,9091606.0
000630.SZ,2026-04-24 09:41:00,6.22,6.22,6.2,6.2,1471200,9135766.0
000630.SZ,2026-04-24 09:42:00,6.21,6.21,6.2,6.2,1981000,12284407.0
000630.SZ,2026-04-24 09:43:00,6.2,6.22,6.2,6.2,2390100,14842347.0
000630.SZ,2026-04-24 09:44:00,6.2,6.2,6.18,6.19,3642400,22559038.0
000630.SZ,2026-04-24 09:45:00,6.2,6.2,6.18,6.19,1450000,8970226.0
000630.SZ,2026-04-24 09:46:00,6.18,6.2,6.18,6.19,2390600,14797601.0
000630.SZ,2026-04-24 09:47:00,6.19,6.19,6.18,6.18,839100,5190311.0
000630.SZ,2026-04-24 09:48:00,6.19,6.19,6.17,6.17,2907600,17961260.0
000630.SZ,2026-04-24 09:49:00,6.17,6.2,6.17,6.19,4213000,26057320.0
000630.SZ,2026-04-24 09:50:00,6.19,6.21,6.19,6.21,4429100,27459888.0
000630.SZ,2026-04-24 09:51:00,6.2,6.2,6.19,6.19,1358200,8416458.0
000630.SZ,2026-04-24 09:52:00,6.19,6.2,6.19,6.19,2075900,12850986.0
000630.SZ,2026-04-24 09:53:00,6.2,6.21,6.2,6.2,1323400,8207513.0
000630.SZ,2026-04-24 09:54:00,6.21,6.22,6.2,6.21,777600,4827696.0
000630.SZ,2026-04-24 09:55:00,6.21,6.22,6.19,6.2,1896300,11761516.0
000630.SZ,2026-04-24 09:56:00,6.2,6.21,6.2,6.21,606400,3761333.0
000630.SZ,2026-04-24 09:57:00,6.2,6.21,6.19,6.2,958200,5943030.0
000630.SZ,2026-04-24 09:58:00,6.21,6.24,6.21,6.24,1629300,10138199.0
000630.SZ,2026-04-24 09:59:00,6.24,6.24,6.21,6.21,1062700,6613368.0
000630.SZ,2026-04-24 10:00:00,6.21,6.23,6.21,6.22,1383900,8608549.0
000630.SZ,2026-04-24 10:01:00,6.23,6.24,6.2,6.21,1783900,11096088.0
000630.SZ,2026-04-24 10:02:00,6.21,6.21,6.2,6.2,1453600,9022941.0
000630.SZ,2026-04-24 10:03:00,6.2,6.21,6.19,6.19,2009400,12446831.0
000630.SZ,2026-04-24 10:04:00,6.19,6.21,6.19,6.2,1141200,7073790.0
000630.SZ,2026-04-24 10:05:00,6.2,6.21,6.19,6.19,717000,4444711.0
000630.SZ,2026-04-24 10:06:00,6.2,6.2,6.19,6.2,946400,5865085.0
000630.SZ,2026-04-24 10:07:00,6.19,6.2,6.19,6.19,634400,3929228.0
000630.SZ,2026-04-24 10:08:00,6.19,6.2,6.19,6.2,484600,3000598.0
000630.SZ,2026-04-24 10:09:00,6.19,6.21,6.19,6.21,712500,4415207.0
000630.SZ,2026-04-24 10:10:00,6.2,6.21,6.2,6.2,682000,4229662.0
000630.SZ,2026-04-24 10:11:00,6.2,6.2,6.18,6.19,1333300,8251456.0
000630.SZ,2026-04-24 10:12:00,6.2,6.2,6.19,6.2,524500,3247693.0
000630.SZ,2026-04-24 10:13:00,6.19,6.2,6.18,6.18,557500,3450682.0
000630.SZ,2026-04-24 10:14:00,6.18,6.2,6.18,6.19,843600,5222453.0
000630.SZ,2026-04-24 10:15:00,6.19,6.2,6.19,6.2,704100,4363765.0
000630.SZ,2026-04-24 10:16:00,6.21,6.21,6.2,6.2,787900,4889673.0
000630.SZ,2026-04-24 10:17:00,6.21,6.22,6.2,6.21,513200,3186950.0
000630.SZ,2026-04-24 10:18:00,6.21,6.22,6.21,6.22,283600,1762533.0
000630.SZ,2026-04-24 10:19:00,6.22,6.22,6.2,6.21,558300,3467543.0
000630.SZ,2026-04-24 10:20:00,6.21,6.21,6.19,6.2,1656800,10272539.0
000630.SZ,2026-04-24 10:21:00,6.19,6.2,6.19,6.2,693800,4300598.0
000630.SZ,2026-04-24 10:22:00,6.21,6.21,6.2,6.21,203100,1259628.0
000630.SZ,2026-04-24 10:23:00,6.2,6.21,6.2,6.21,256600,1591371.0
000630.SZ,2026-04-24 10:24:00,6.21,6.21,6.2,6.21,223400,1385517.0
000630.SZ,2026-04-24 10:25:00,6.2,6.21,6.19,6.2,454400,2816850.0
000630.SZ,2026-04-24 10:26:00,6.19,6.2,6.19,6.19,236900,1467388.0
000630.SZ,2026-04-24 10:27:00,6.19,6.2,6.19,6.2,350200,2169297.0
000630.SZ,2026-04-24 10:28:00,6.2,6.2,6.19,6.2,354800,2197654.0
000630.SZ,2026-04-24 10:29:00,6.19,6.2,6.19,6.2,430500,2665718.0
000630.SZ,2026-04-24 10:30:00,6.19,6.2,6.18,6.18,1627000,10070891.0
000630.SZ,2026-04-24 10:31:00,6.19,6.2,6.18,6.2,496600,3072557.0
000630.SZ,2026-04-24 10:32:00,6.2,6.21,6.2,6.2,974800,6044287.0
000630.SZ,2026-04-24 10:33:00,6.2,6.21,6.2,6.21,878600,5452427.0
000630.SZ,2026-04-24 10:34:00,6.21,6.21,6.2,6.2,171000,1060710.0
000630.SZ,2026-04-24 10:35:00,6.21,6.21,6.2,6.2,199500,1237756.0
000630.SZ,2026-04-24 10:36:00,6.21,6.21,6.2,6.21,695200,4313491.0
000630.SZ,2026-04-24 10:37:00,6.21,6.21,6.2,6.2,156000,967919.0
000630.SZ,2026-04-24 10:38:00,6.2,6.21,6.2,6.2,280600,1740283.0
000630.SZ,2026-04-24 10:39:00,6.2,6.21,6.2,6.21,564000,3500862.0
000630.SZ,2026-04-24 10:40:00,6.21,6.22,6.21,6.22,401000,2490588.0
000630.SZ,2026-04-24 10:41:00,6.22,6.22,6.21,6.21,405700,2520514.0
000630.SZ,2026-04-24 10:42:00,6.21,6.22,6.2,6.2,371300,2305058.0
000630.SZ,2026-04-24 10:43:00,6.2,6.22,6.2,6.22,772300,4795900.0
000630.SZ,2026-04-24 10:44:00,6.22,6.22,6.21,6.22,313500,1948235.0
000630.SZ,2026-04-24 10:45:00,6.22,6.22,6.21,6.22,245300,1524723.0
000630.SZ,2026-04-24 10:46:00,6.22,6.22,6.21,6.22,316000,1963095.0
000630.SZ,2026-04-24 10:47:00,6.21,6.22,6.21,6.22,582600,3622012.0
000630.SZ,2026-04-24 10:48:00,6.21,6.22,6.21,6.22,465900,2897711.0
000630.SZ,2026-04-24 10:49:00,6.22,6.22,6.21,6.21,1514000,9402954.0
000630.SZ,2026-04-24 10:50:00,6.21,6.21,6.2,6.2,280600,1740810.0
000630.SZ,2026-04-24 10:51:00,6.2,6.21,6.2,6.2,833200,5166038.0
000630.SZ,2026-04-24 10:52:00,6.2,6.21,6.19,6.19,549400,3406247.0
000630.SZ,2026-04-24 10:53:00,6.2,6.2,6.19,6.19,254200,1574441.0
000630.SZ,2026-04-24 10:54:00,6.19,6.2,6.19,6.19,189700,1174733.0
000630.SZ,2026-04-24 10:55:00,6.2,6.2,6.19,6.19,305100,1889708.0
000630.SZ,2026-04-24 10:56:00,6.19,6.21,6.19,6.2,778900,4828144.0
000630.SZ,2026-04-24 10:57:00,6.2,6.2,6.19,6.2,221200,1370653.0
000630.SZ,2026-04-24 10:58:00,6.19,6.2,6.19,6.19,223600,1384964.0
000630.SZ,2026-04-24 10:59:00,6.2,6.2,6.19,6.2,156000,965941.0
000630.SZ,2026-04-24 11:00:00,6.19,6.2,6.19,6.2,778900,4823304.0
000630.SZ,2026-04-24 11:01:00,6.2,6.2,6.19,6.19,186000,1152855.0
000630.SZ,2026-04-24 11:02:00,6.19,6.2,6.19,6.2,138800,859504.0
000630.SZ,2026-04-24 11:03:00,6.2,6.2,6.19,6.19,233700,1447476.0
000630.SZ,2026-04-24 11:04:00,6.2,6.2,6.18,6.19,1828000,11315438.0
000630.SZ,2026-04-24 11:05:00,6.19,6.19,6.18,6.19,202600,1252725.0
000630.SZ,2026-04-24 11:06:00,6.18,6.19,6.18,6.18,222600,1376041.0
000630.SZ,2026-04-24 11:07:00,6.18,6.19,6.18,6.19,492900,3049821.0
000630.SZ,2026-04-24 11:08:00,6.19,6.19,6.17,6.17,4549125,28102838.0
000630.SZ,2026-04-24 11:09:00,6.17,6.18,6.17,6.18,601000,3709315.0
000630.SZ,2026-04-24 11:10:00,6.17,6.18,6.17,6.17,362100,2234864.0
000630.SZ,2026-04-24 11:11:00,6.18,6.18,6.17,6.18,272200,1681422.0
000630.SZ,2026-04-24 11:12:00,6.18,6.18,6.17,6.18,352700,2178038.0
000630.SZ,2026-04-24 11:13:00,6.17,6.18,6.17,6.18,392700,2423651.0
000630.SZ,2026-04-24 11:14:00,6.18,6.18,6.17,6.17,338550,2091265.5
000630.SZ,2026-04-24 11:15:00,6.17,6.18,6.17,6.18,613900,3789288.0
000630.SZ,2026-04-24 11:16:00,6.18,6.18,6.17,6.18,221800,1370035.0
000630.SZ,2026-04-24 11:17:00,6.17,6.18,6.17,6.18,291500,1799837.0
000630.SZ,2026-04-24 11:18:00,6.18,6.18,6.17,6.17,259800,1604651.0
000630.SZ,2026-04-24 11:19:00,6.18,6.18,6.17,6.17,238400,1471733.0
000630.SZ,2026-04-24 11:20:00,6.17,6.18,6.17,6.18,386700,2387689.0
000630.SZ,2026-04-24 11:21:00,6.18,6.19,6.17,6.19,769300,4753611.0
000630.SZ,2026-04-24 11:22:00,6.18,6.19,6.18,6.19,193500,1196806.0
000630.SZ,2026-04-24 11:23:00,6.19,6.19,6.18,6.18,896805,5550644.0
000630.SZ,2026-04-24 11:24:00,6.19,6.19,6.18,6.18,180000,1113098.0
000630.SZ,2026-04-24 11:25:00,6.19,6.19,6.18,6.18,613900,3794753.0
000630.SZ,2026-04-24 11:26:00,6.18,6.18,6.17,6.18,816295,5043846.0
000630.SZ,2026-04-24 11:27:00,6.18,6.18,6.17,6.17,271700,1678199.0
000630.SZ,2026-04-24 11:28:00,6.18,6.18,6.17,6.18,173500,1071200.0
000630.SZ,2026-04-24 11:29:00,6.17,6.18,6.17,6.17,242500,1497417.0
000630.SZ,2026-04-24 11:30:00,6.17,6.19,6.17,6.18,441800,2730486.0
000630.SZ,2026-04-24 13:01:00,6.18,6.2,6.18,6.19,1351600,8359459.0
000630.SZ,2026-04-24 13:02:00,6.19,6.19,6.18,6.19,350500,2168145.0
000630.SZ,2026-04-24 13:03:00,6.18,6.19,6.18,6.18,339000,2096993.0
000630.SZ,2026-04-24 13:04:00,6.19,6.19,6.18,6.19,161600,999280.0
000630.SZ,2026-04-24 13:05:00,6.18,6.19,6.18,6.19,314400,1945402.0
000630.SZ,2026-04-24 13:06:00,6.19,6.19,6.18,6.18,321900,1990503.0
000630.SZ,2026-04-24 13:07:00,6.18,6.19,6.17,6.17,885000,5469622.0
000630.SZ,2026-04-24 13:08:00,6.18,6.18,6.17,6.18,378500,2336344.0
000630.SZ,2026-04-24 13:09:00,6.17,6.18,6.17,6.17,239100,1475776.0
000630.SZ,2026-04-24 13:10:00,6.17,6.17,6.16,6.17,3572425,22028262.0
000630.SZ,2026-04-24 13:11:00,6.17,6.17,6.16,6.16,290900,1793914.0
000630.SZ,2026-04-24 13:12:00,6.17,6.17,6.15,6.15,2616400,16114590.0
000630.SZ,2026-04-24 13:13:00,6.16,6.16,6.15,6.15,219800,1352453.0
000630.SZ,2026-04-24 13:14:00,6.15,6.16,6.15,6.15,422000,2597280.0
000630.SZ,2026-04-24 13:15:00,6.15,6.16,6.15,6.15,533600,3283238.0
000630.SZ,2026-04-24 13:16:00,6.16,6.16,6.15,6.15,269200,1656547.0
000630.SZ,2026-04-24 13:17:00,6.15,6.16,6.15,6.16,296000,1821796.0
000630.SZ,2026-04-24 13:18:00,6.16,6.16,6.15,6.15,730000,4491061.0
000630.SZ,2026-04-24 13:19:00,6.16,6.16,6.15,6.16,1176400,7244311.0
000630.SZ,2026-04-24 13:20:00,6.16,6.17,6.15,6.16,704800,4342231.0
000630.SZ,2026-04-24 13:21:00,6.17,6.17,6.15,6.15,644500,3966468.0
000630.SZ,2026-04-24 13:22:00,6.16,6.16,6.15,6.16,226300,1392362.0
000630.SZ,2026-04-24 13:23:00,6.15,6.17,6.15,6.16,516300,3180350.0
000630.SZ,2026-04-24 13:24:00,6.17,6.18,6.16,6.18,827300,5104276.0
000630.SZ,2026-04-24 13:25:00,6.18,6.19,6.17,6.18,1118400,6911666.0
000630.SZ,2026-04-24 13:26:00,6.19,6.19,6.17,6.17,528500,3266144.0
000630.SZ,2026-04-24 13:27:00,6.17,6.19,6.17,6.19,433000,2675570.0
000630.SZ,2026-04-24 13:28:00,6.18,6.19,6.18,6.18,305900,1891446.0
000630.SZ,2026-04-24 13:29:00,6.18,6.2,6.18,6.19,1331200,8241330.0
000630.SZ,2026-04-24 13:30:00,6.19,6.2,6.19,6.19,169400,1049334.0
000630.SZ,2026-04-24 13:31:00,6.2,6.21,6.19,6.21,2205300,13674395.0
000630.SZ,2026-04-24 13:32:00,6.21,6.21,6.2,6.21,218200,1354326.0
000630.SZ,2026-04-24 13:33:00,6.2,6.21,6.2,6.2,332900,2066524.0
000630.SZ,2026-04-24 13:34:00,6.2,6.21,6.2,6.2,395100,2450837.0
000630.SZ,2026-04-24 13:35:00,6.2,6.21,6.2,6.21,165300,1025634.0
000630.SZ,2026-04-24 13:36:00,6.21,6.21,6.2,6.2,315600,1957514.0
000630.SZ,2026-04-24 13:37:00,6.2,6.22,6.2,6.22,1227500,7622352.0
000630.SZ,2026-04-24 13:38:00,6.21,6.22,6.21,6.22,628600,3908824.0
000630.SZ,2026-04-24 13:39:00,6.22,6.22,6.21,6.21,205800,1279376.0
000630.SZ,2026-04-24 13:40:00,6.21,6.23,6.21,6.23,2656400,16532911.0
000630.SZ,2026-04-24 13:41:00,6.23,6.23,6.22,6.23,516700,3218218.0
000630.SZ,2026-04-24 13:42:00,6.23,6.23,6.22,6.23,895500,5578569.0
000630.SZ,2026-04-24 13:43:00,6.23,6.24,6.23,6.24,345200,2152570.0
000630.SZ,2026-04-24 13:44:00,6.24,6.24,6.23,6.24,433600,2703062.0
000630.SZ,2026-04-24 13:45:00,6.23,6.24,6.23,6.24,1694700,10573275.0
000630.SZ,2026-04-24 13:46:00,6.24,6.24,6.23,6.23,283400,1768024.0
000630.SZ,2026-04-24 13:47:00,6.24,6.25,6.24,6.25,732400,4570610.0
000630.SZ,2026-04-24 13:48:00,6.24,6.25,6.23,6.24,907200,5661519.0
000630.SZ,2026-04-24 13:49:00,6.24,6.24,6.23,6.24,685900,4279918.0
000630.SZ,2026-04-24 13:50:00,6.24,6.24,6.23,6.23,245600,1531446.0
000630.SZ,2026-04-24 13:51:00,6.23,6.24,6.23,6.23,480300,2992472.0
000630.SZ,2026-04-24 13:52:00,6.23,6.24,6.23,6.24,1307600,8157868.0
000630.SZ,2026-04-24 13:53:00,6.24,6.25,6.24,6.25,1182500,7383238.0
000630.SZ,2026-04-24 13:54:00,6.25,6.25,6.24,6.24,168300,1050543.0
000630.SZ,2026-04-24 13:55:00,6.24,6.25,6.24,6.25,441900,2760588.0
000630.SZ,2026-04-24 13:56:00,6.24,6.28,6.24,6.28,4158000,26024428.0
000630.SZ,2026-04-24 13:57:00,6.28,6.28,6.27,6.28,702200,4408720.0
000630.SZ,2026-04-24 13:58:00,6.27,6.28,6.27,6.27,412000,2586493.0
000630.SZ,2026-04-24 13:59:00,6.28,6.28,6.27,6.27,478000,2999789.0
000630.SZ,2026-04-24 14:00:00,6.27,6.28,6.27,6.28,866200,5438077.0
000630.SZ,2026-04-24 14:01:00,6.27,6.28,6.27,6.28,556500,3492024.0
000630.SZ,2026-04-24 14:02:00,6.27,6.29,6.27,6.28,1016300,6382297.0
000630.SZ,2026-04-24 14:03:00,6.29,6.3,6.28,6.29,1256300,7902434.0
000630.SZ,2026-04-24 14:04:00,6.3,6.3,6.29,6.29,363400,2288295.0
000630.SZ,2026-04-24 14:05:00,6.3,6.3,6.29,6.3,721600,4545543.0
000630.SZ,2026-04-24 14:06:00,6.3,6.31,6.3,6.31,1012900,6383523.0
000630.SZ,2026-04-24 14:07:00,6.31,6.31,6.3,6.3,577100,3641027.0
000630.SZ,2026-04-24 14:08:00,6.3,6.3,6.29,6.29,1622300,10219039.0
000630.SZ,2026-04-24 14:09:00,6.3,6.31,6.29,6.3,803700,5064280.0
000630.SZ,2026-04-24 14:10:00,6.31,6.31,6.3,6.31,768600,4846503.0
000630.SZ,2026-04-24 14:11:00,6.3,6.31,6.3,6.31,605300,3817565.0
000630.SZ,2026-04-24 14:12:00,6.31,6.31,6.3,6.31,416100,2624299.0
000630.SZ,2026-04-24 14:13:00,6.3,6.31,6.3,6.31,481000,3034571.0
000630.SZ,2026-04-24 14:14:00,6.31,6.31,6.3,6.31,515400,3251391.0
000630.SZ,2026-04-24 14:15:00,6.3,6.32,6.3,6.31,1148300,7246375.0
000630.SZ,2026-04-24 14:16:00,6.32,6.32,6.31,6.32,417600,2637816.0
000630.SZ,2026-04-24 14:17:00,6.32,6.32,6.31,6.32,435100,2748228.0
000630.SZ,2026-04-24 14:18:00,6.32,6.32,6.31,6.31,1166700,7365226.0
000630.SZ,2026-04-24 14:19:00,6.31,6.31,6.3,6.3,678500,4275848.0
000630.SZ,2026-04-24 14:20:00,6.3,6.31,6.3,6.3,489800,3086158.0
000630.SZ,2026-04-24 14:21:00,6.3,6.31,6.3,6.31,544000,3431312.0
000630.SZ,2026-04-24 14:22:00,6.3,6.32,6.3,6.32,1237900,7811114.0
000630.SZ,2026-04-24 14:23:00,6.31,6.32,6.31,6.32,406800,2568905.0
000630.SZ,2026-04-24 14:24:00,6.31,6.32,6.31,6.32,220300,1391452.0
000630.SZ,2026-04-24 14:25:00,6.31,6.32,6.31,6.32,317300,2004455.0
000630.SZ,2026-04-24 14:26:00,6.32,6.32,6.31,6.31,538900,3402531.0
000630.SZ,2026-04-24 14:27:00,6.31,6.32,6.31,6.32,296000,1868246.0
000630.SZ,2026-04-24 14:28:00,6.31,6.32,6.31,6.31,369100,2330765.0
000630.SZ,2026-04-24 14:29:00,6.31,6.32,6.3,6.3,463500,2924489.0
000630.SZ,2026-04-24 14:30:00,6.3,6.31,6.3,6.3,404300,2548210.0
000630.SZ,2026-04-24 14:31:00,6.3,6.31,6.3,6.3,249600,1573463.0
000630.SZ,2026-04-24 14:32:00,6.31,6.31,6.3,6.3,865140,5450881.0
000630.SZ,2026-04-24 14:33:00,6.3,6.31,6.29,6.31,979800,6169654.5
000630.SZ,2026-04-24 14:34:00,6.31,6.31,6.3,6.31,657900,4149831.0
000630.SZ,2026-04-24 14:35:00,6.31,6.33,6.31,6.32,3426000,21637602.0
000630.SZ,2026-04-24 14:36:00,6.32,6.33,6.32,6.33,594000,3759019.0
000630.SZ,2026-04-24 14:37:00,6.33,6.33,6.32,6.32,523200,3311034.0
000630.SZ,2026-04-24 14:38:00,6.33,6.34,6.32,6.33,776700,4918457.0
000630.SZ,2026-04-24 14:39:00,6.33,6.34,6.33,6.34,1000200,6339974.0
000630.SZ,2026-04-24 14:40:00,6.34,6.34,6.33,6.33,232200,1471443.0
000630.SZ,2026-04-24 14:41:00,6.33,6.34,6.32,6.32,1464600,9267949.0
000630.SZ,2026-04-24 14:42:00,6.33,6.33,6.31,6.31,1648100,10412488.0
000630.SZ,2026-04-24 14:43:00,6.31,6.32,6.3,6.3,1174900,7413094.0
000630.SZ,2026-04-24 14:44:00,6.3,6.31,6.3,6.31,943600,5952772.0
000630.SZ,2026-04-24 14:45:00,6.31,6.31,6.3,6.31,404900,2553368.0
000630.SZ,2026-04-24 14:46:00,6.31,6.31,6.3,6.3,304200,1917684.0
000630.SZ,2026-04-24 14:47:00,6.31,6.31,6.3,6.3,446600,2815058.0
000630.SZ,2026-04-24 14:48:00,6.3,6.31,6.3,6.3,900000,5670469.0
000630.SZ,2026-04-24 14:49:00,6.3,6.31,6.3,6.3,533000,3358526.0
000630.SZ,2026-04-24 14:50:00,6.31,6.31,6.3,6.3,818700,5160472.0
000630.SZ,2026-04-24 14:51:00,6.3,6.31,6.3,6.3,503000,3170876.0
000630.SZ,2026-04-24 14:52:00,6.3,6.31,6.3,6.31,517100,3259882.0
000630.SZ,2026-04-24 14:53:00,6.31,6.31,6.3,6.3,614100,3870120.0
000630.SZ,2026-04-24 14:54:00,6.3,6.31,6.3,6.3,608400,3834410.0
000630.SZ,2026-04-24 14:55:00,6.3,6.31,6.29,6.3,1039000,6545845.0
000630.SZ,2026-04-24 14:56:00,6.29,6.3,6.29,6.29,815000,5130976.0
000630.SZ,2026-04-24 14:57:00,6.29,6.3,6.29,6.3,1049200,6608330.0
000630.SZ,2026-04-24 14:58:00,6.3,6.3,6.3,6.3,0,0.0
000630.SZ,2026-04-24 14:59:00,6.3,6.3,6.3,6.3,0,0.0
000630.SZ,2026-04-24 15:00:00,6.29,6.29,6.29,6.29,1269900,7987671.0
000630.SZ,2026-04-27 09:30:00,6.26,6.26,6.24,6.26,1590000,9949753.0
000630.SZ,2026-04-27 09:31:00,6.26,6.34,6.26,6.34,6747300,42519536.0
000630.SZ,2026-04-27 09:32:00,6.34,6.36,6.32,6.33,4433600,28100954.0
000630.SZ,2026-04-27 09:33:00,6.32,6.32,6.29,6.29,1725500,10892670.0
000630.SZ,2026-04-27 09:34:00,6.3,6.3,6.28,6.29,2210600,13909511.0
000630.SZ,2026-04-27 09:35:00,6.29,6.29,6.28,6.28,1711000,10746494.0
000630.SZ,2026-04-27 09:36:00,6.28,6.29,6.28,6.29,1965400,12352189.0
000630.SZ,2026-04-27 09:37:00,6.29,6.3,6.28,6.28,1272400,8002194.0
000630.SZ,2026-04-27 09:38:00,6.28,6.29,6.28,6.29,1243300,7811015.0
000630.SZ,2026-04-27 09:39:00,6.29,6.29,6.27,6.27,1269400,7974505.0
000630.SZ,2026-04-27 09:40:00,6.27,6.28,6.27,6.27,1185300,7433107.0
000630.SZ,2026-04-27 09:41:00,6.27,6.27,6.25,6.26,1707100,10687427.0
000630.SZ,2026-04-27 09:42:00,6.26,6.28,6.25,6.27,1449700,9080998.0
000630.SZ,2026-04-27 09:43:00,6.27,6.28,6.26,6.27,885700,5552790.0
000630.SZ,2026-04-27 09:44:00,6.26,6.27,6.25,6.26,1764600,11044625.0
000630.SZ,2026-04-27 09:45:00,6.26,6.27,6.26,6.27,1330200,8338692.0
000630.SZ,2026-04-27 09:46:00,6.27,6.28,6.27,6.28,769900,4832419.0
000630.SZ,2026-04-27 09:47:00,6.29,6.29,6.28,6.28,496700,3121151.0
000630.SZ,2026-04-27 09:48:00,6.28,6.31,6.28,6.3,2457600,15472500.0
000630.SZ,2026-04-27 09:49:00,6.3,6.3,6.28,6.29,908900,5716971.0
000630.SZ,2026-04-27 09:50:00,6.29,6.3,6.28,6.3,972100,6119537.0
000630.SZ,2026-04-27 09:51:00,6.3,6.3,6.28,6.29,973700,6125286.0
000630.SZ,2026-04-27 09:52:00,6.28,6.29,6.28,6.29,365500,2297702.0
000630.SZ,2026-04-27 09:53:00,6.29,6.3,6.28,6.28,592100,3724191.0
000630.SZ,2026-04-27 09:54:00,6.29,6.3,6.28,6.3,2093000,13182223.0
000630.SZ,2026-04-27 09:55:00,6.3,6.31,6.3,6.31,668300,4212662.0
000630.SZ,2026-04-27 09:56:00,6.3,6.31,6.3,6.31,588800,3713253.0
000630.SZ,2026-04-27 09:57:00,6.3,6.32,6.3,6.32,2704900,17067592.0
000630.SZ,2026-04-27 09:58:00,6.32,6.32,6.3,6.31,1322800,8349086.0
000630.SZ,2026-04-27 09:59:00,6.31,6.31,6.3,6.3,970300,6116251.0
000630.SZ,2026-04-27 10:00:00,6.31,6.31,6.3,6.31,349800,2205353.0
000630.SZ,2026-04-27 10:01:00,6.31,6.32,6.3,6.31,2233168,14092051.0
000630.SZ,2026-04-27 10:02:00,6.32,6.32,6.31,6.31,859900,5428571.0
000630.SZ,2026-04-27 10:03:00,6.31,6.31,6.3,6.3,609800,3846312.0
000630.SZ,2026-04-27 10:04:00,6.31,6.31,6.3,6.3,597100,3764279.0
000630.SZ,2026-04-27 10:05:00,6.3,6.3,6.28,6.28,2957400,18614304.0
000630.SZ,2026-04-27 10:06:00,6.29,6.29,6.27,6.28,1118400,7023908.0
000630.SZ,2026-04-27 10:07:00,6.27,6.28,6.27,6.28,554900,3484613.0
000630.SZ,2026-04-27 10:08:00,6.28,6.29,6.28,6.28,293200,1842315.0
000630.SZ,2026-04-27 10:09:00,6.29,6.3,6.28,6.29,792100,4982190.0
000630.SZ,2026-04-27 10:10:00,6.3,6.3,6.29,6.3,488500,3074701.0
000630.SZ,2026-04-27 10:11:00,6.29,6.3,6.28,6.28,356500,2241856.0
000630.SZ,2026-04-27 10:12:00,6.29,6.29,6.28,6.28,377600,2374433.0
000630.SZ,2026-04-27 10:13:00,6.29,6.3,6.29,6.29,735300,4625664.0
000630.SZ,2026-04-27 10:14:00,6.29,6.3,6.29,6.29,422100,2655827.0
000630.SZ,2026-04-27 10:15:00,6.29,6.3,6.29,6.29,419100,2636855.0
000630.SZ,2026-04-27 10:16:00,6.29,6.31,6.29,6.31,1363900,8590532.0
000630.SZ,2026-04-27 10:17:00,6.3,6.31,6.3,6.3,242300,1527429.0
000630.SZ,2026-04-27 10:18:00,6.3,6.31,6.3,6.3,208305,1313065.5
000630.SZ,2026-04-27 10:19:00,6.3,6.31,6.3,6.31,1347100,8500273.0
000630.SZ,2026-04-27 10:20:00,6.31,6.31,6.31,6.31,956100,6033656.0
000630.SZ,2026-04-27 10:21:00,6.31,6.32,6.3,6.32,1047600,6608974.0
000630.SZ,2026-04-27 10:22:00,6.32,6.32,6.3,6.31,408600,2577055.0
000630.SZ,2026-04-27 10:23:00,6.31,6.32,6.3,6.31,3895900,24599162.0
000630.SZ,2026-04-27 10:24:00,6.32,6.32,6.31,6.31,618500,3902741.0
000630.SZ,2026-04-27 10:25:00,6.31,6.31,6.3,6.31,132600,836056.0
000630.SZ,2026-04-27 10:26:00,6.31,6.31,6.3,6.3,154000,970483.0
000630.SZ,2026-04-27 10:27:00,6.3,6.31,6.3,6.3,202700,1277786.0
000630.SZ,2026-04-27 10:28:00,6.31,6.31,6.3,6.3,1313695,8277188.5
000630.SZ,2026-04-27 10:29:00,6.3,6.3,6.29,6.3,544200,3424789.0
000630.SZ,2026-04-27 10:30:00,6.3,6.3,6.29,6.29,246100,1548581.0
000630.SZ,2026-04-27 10:31:00,6.29,6.3,6.29,6.29,907200,5706705.0
000630.SZ,2026-04-27 10:32:00,6.3,6.3,6.29,6.29,326900,2057120.0
000630.SZ,2026-04-27 10:33:00,6.3,6.3,6.29,6.29,201300,1266709.0
000630.SZ,2026-04-27 10:34:00,6.29,6.3,6.29,6.3,352800,2219788.0
000630.SZ,2026-04-27 10:35:00,6.29,6.3,6.29,6.29,184000,1158124.0
000630.SZ,2026-04-27 10:36:00,6.29,6.3,6.29,6.29,223300,1405599.0
000630.SZ,2026-04-27 10:37:00,6.3,6.3,6.29,6.29,339400,2137248.0
000630.SZ,2026-04-27 10:38:00,6.3,6.3,6.29,6.3,226200,1423680.0
000630.SZ,2026-04-27 10:39:00,6.3,6.31,6.29,6.31,894600,5635930.0
000630.SZ,2026-04-27 10:40:00,6.3,6.31,6.3,6.3,218400,1376743.0
000630.SZ,2026-04-27 10:41:00,6.3,6.31,6.3,6.3,237000,1494601.0
000630.SZ,2026-04-27 10:42:00,6.31,6.31,6.3,6.3,224500,1415586.0
000630.SZ,2026-04-27 10:43:00,6.31,6.31,6.3,6.31,452800,2853051.0
000630.SZ,2026-04-27 10:44:00,6.3,6.3,6.29,6.29,423400,2666859.0
000630.SZ,2026-04-27 10:45:00,6.29,6.3,6.29,6.3,274400,1728385.0
000630.SZ,2026-04-27 10:46:00,6.3,6.3,6.29,6.3,358600,2257140.0
000630.SZ,2026-04-27 10:47:00,6.29,6.3,6.29,6.3,139800,879981.0
000630.SZ,2026-04-27 10:48:00,6.29,6.3,6.29,6.29,727900,4578904.0
000630.SZ,2026-04-27 10:49:00,6.3,6.3,6.29,6.29,377600,2376974.0
000630.SZ,2026-04-27 10:50:00,6.29,6.31,6.29,6.3,1156600,7287127.0
000630.SZ,2026-04-27 10:51:00,6.3,6.32,6.3,6.32,953600,6016831.0
000630.SZ,2026-04-27 10:52:00,6.32,6.32,6.31,6.32,1342000,8479958.0
000630.SZ,2026-04-27 10:53:00,6.32,6.33,6.31,6.32,1433200,9058254.0
000630.SZ,2026-04-27 10:54:00,6.33,6.33,6.32,6.32,380700,2407164.0
000630.SZ,2026-04-27 10:55:00,6.33,6.33,6.32,6.33,648500,4104238.0
000630.SZ,2026-04-27 10:56:00,6.32,6.33,6.32,6.33,810400,5127444.0
000630.SZ,2026-04-27 10:57:00,6.33,6.33,6.32,6.33,533100,3373292.0
000630.SZ,2026-04-27 10:58:00,6.32,6.33,6.31,6.31,545400,3446962.0
000630.SZ,2026-04-27 10:59:00,6.32,6.33,6.32,6.32,404700,2559016.0
000630.SZ,2026-04-27 11:00:00,6.33,6.33,6.32,6.33,228000,1442490.0
000630.SZ,2026-04-27 11:01:00,6.32,6.33,6.32,6.33,233800,1479187.0
000630.SZ,2026-04-27 11:02:00,6.33,6.33,6.32,6.32,505900,3197965.0
000630.SZ,2026-04-27 11:03:00,6.32,6.32,6.3,6.31,803100,5070663.0
000630.SZ,2026-04-27 11:04:00,6.31,6.33,6.3,6.31,874300,5524217.0
000630.SZ,2026-04-27 11:05:00,6.31,6.32,6.31,6.32,122700,774691.0
000630.SZ,2026-04-27 11:06:00,6.32,6.32,6.31,6.31,216100,1363926.0
000630.SZ,2026-04-27 11:07:00,6.32,6.32,6.31,6.31,276900,1748953.0
000630.SZ,2026-04-27 11:08:00,6.31,6.33,6.31,6.33,687400,4344483.0
000630.SZ,2026-04-27 11:09:00,6.32,6.33,6.32,6.32,96100,607676.0
000630.SZ,2026-04-27 11:10:00,6.32,6.33,6.31,6.32,459800,2906075.0
000630.SZ,2026-04-27 11:11:00,6.31,6.33,6.31,6.32,236700,1496277.0
000630.SZ,2026-04-27 11:12:00,6.33,6.33,6.32,6.32,134600,850939.0
000630.SZ,2026-04-27 11:13:00,6.32,6.33,6.31,6.33,2354200,14896138.0
000630.SZ,2026-04-27 11:14:00,6.33,6.34,6.33,6.33,237100,1501474.0
000630.SZ,2026-04-27 11:15:00,6.33,6.34,6.33,6.34,156000,988234.0
000630.SZ,2026-04-27 11:16:00,6.34,6.34,6.33,6.33,342200,2168007.0
000630.SZ,2026-04-27 11:17:00,6.33,6.34,6.32,6.33,537500,3401949.0
000630.SZ,2026-04-27 11:18:00,6.33,6.34,6.32,6.33,582900,3689829.0
000630.SZ,2026-04-27 11:19:00,6.33,6.33,6.32,6.33,155300,982095.0
000630.SZ,2026-04-27 11:20:00,6.32,6.33,6.32,6.33,129500,819312.0
000630.SZ,2026-04-27 11:21:00,6.33,6.34,6.32,6.34,494600,3130478.0
000630.SZ,2026-04-27 11:22:00,6.34,6.34,6.33,6.33,202800,1284113.0
000630.SZ,2026-04-27 11:23:00,6.33,6.33,6.32,6.32,369700,2339495.0
000630.SZ,2026-04-27 11:24:00,6.33,6.33,6.32,6.32,185800,1174975.0
000630.SZ,2026-04-27 11:25:00,6.32,6.33,6.32,6.32,208700,1319282.0
000630.SZ,2026-04-27 11:26:00,6.32,6.33,6.32,6.32,132500,837937.0
000630.SZ,2026-04-27 11:27:00,6.32,6.32,6.31,6.32,1101700,6961890.0
000630.SZ,2026-04-27 11:28:00,6.32,6.32,6.31,6.32,72800,459843.0
000630.SZ,2026-04-27 11:29:00,6.32,6.32,6.31,6.31,105000,663045.0
000630.SZ,2026-04-27 11:30:00,6.32,6.33,6.31,6.33,159100,1005086.0
000630.SZ,2026-04-27 13:01:00,6.32,6.35,6.32,6.33,7077540,44887836.0
000630.SZ,2026-04-27 13:02:00,6.33,6.34,6.32,6.32,407200,2576723.0
000630.SZ,2026-04-27 13:03:00,6.32,6.33,6.31,6.32,770200,4867054.0
000630.SZ,2026-04-27 13:04:00,6.32,6.33,6.31,6.32,262100,1656132.0
000630.SZ,2026-04-27 13:05:00,6.32,6.32,6.31,6.32,161000,1017168.0
000630.SZ,2026-04-27 13:06:00,6.31,6.32,6.3,6.3,908000,5729534.0
000630.SZ,2026-04-27 13:07:00,6.3,6.31,6.3,6.31,96100,606097.0
000630.SZ,2026-04-27 13:08:00,6.31,6.32,6.3,6.3,346200,2184172.8
000630.SZ,2026-04-27 13:09:00,6.31,6.31,6.3,6.31,120600,760476.0
000630.SZ,2026-04-27 13:10:00,6.31,6.31,6.3,6.31,406400,2561029.0
000630.SZ,2026-04-27 13:11:00,6.3,6.31,6.3,6.31,246300,1552806.0
000630.SZ,2026-04-27 13:12:00,6.3,6.31,6.3,6.3,262800,1656041.0
000630.SZ,2026-04-27 13:13:00,6.3,6.31,6.3,6.31,148900,938590.0
000630.SZ,2026-04-27 13:14:00,6.31,6.31,6.3,6.31,306200,1929602.0
000630.SZ,2026-04-27 13:15:00,6.3,6.31,6.3,6.3,581900,3666590.0
000630.SZ,2026-04-27 13:16:00,6.3,6.3,6.28,6.28,2914600,18339826.0
000630.SZ,2026-04-27 13:17:00,6.28,6.3,6.28,6.29,462600,2908880.0
000630.SZ,2026-04-27 13:18:00,6.3,6.3,6.29,6.29,98000,616697.0
000630.SZ,2026-04-27 13:19:00,6.29,6.29,6.28,6.29,1155800,7269257.0
000630.SZ,2026-04-27 13:20:00,6.28,6.3,6.28,6.3,143700,904048.0
000630.SZ,2026-04-27 13:21:00,6.29,6.3,6.29,6.3,87500,550516.0
000630.SZ,2026-04-27 13:22:00,6.3,6.3,6.29,6.3,1364300,8594131.0
000630.SZ,2026-04-27 13:23:00,6.31,6.31,6.3,6.31,264600,1668564.0
000630.SZ,2026-04-27 13:24:00,6.3,6.31,6.3,6.31,153000,965108.0
000630.SZ,2026-04-27 13:25:00,6.31,6.31,6.3,6.3,352300,2220395.0
000630.SZ,2026-04-27 13:26:00,6.3,6.31,6.3,6.3,110100,694276.0
000630.SZ,2026-04-27 13:27:00,6.3,6.31,6.3,6.3,148300,934797.0
000630.SZ,2026-04-27 13:28:00,6.31,6.31,6.3,6.3,90800,572557.0
000630.SZ,2026-04-27 13:29:00,6.3,6.32,6.3,6.31,559700,3531598.0
000630.SZ,2026-04-27 13:30:00,6.32,6.32,6.31,6.31,118800,750275.0
000630.SZ,2026-04-27 13:31:00,6.31,6.32,6.31,6.32,142600,900262.0
000630.SZ,2026-04-27 13:32:00,6.32,6.32,6.31,6.31,1535600,9686596.0
000630.SZ,2026-04-27 13:33:00,6.3,6.31,6.3,6.3,75000,472837.0
000630.SZ,2026-04-27 13:34:00,6.3,6.31,6.3,6.3,160400,1010880.0
000630.SZ,2026-04-27 13:35:00,6.31,6.31,6.29,6.3,1149000,7238922.0
000630.SZ,2026-04-27 13:36:00,6.3,6.3,6.29,6.29,1228000,7724338.0
000630.SZ,2026-04-27 13:37:00,6.29,6.29,6.28,6.28,564800,3551802.0
000630.SZ,2026-04-27 13:38:00,6.29,6.29,6.28,6.28,226400,1422918.0
000630.SZ,2026-04-27 13:39:00,6.29,6.29,6.28,6.29,238600,1498871.0
000630.SZ,2026-04-27 13:40:00,6.28,6.29,6.28,6.29,202800,1274689.0
000630.SZ,2026-04-27 13:41:00,6.29,6.29,6.27,6.27,2972100,18661136.0
000630.SZ,2026-04-27 13:42:00,6.28,6.28,6.27,6.28,337300,2117689.0
000630.SZ,2026-04-27 13:43:00,6.28,6.29,6.28,6.28,125100,786287.0
000630.SZ,2026-04-27 13:44:00,6.29,6.29,6.28,6.29,87700,551180.0
000630.SZ,2026-04-27 13:45:00,6.28,6.29,6.28,6.29,209000,1312968.0
000630.SZ,2026-04-27 13:46:00,6.28,6.29,6.28,6.28,123700,777536.0
000630.SZ,2026-04-27 13:47:00,6.29,6.3,6.28,6.3,670400,4217054.0
000630.SZ,2026-04-27 13:48:00,6.29,6.3,6.29,6.3,57000,358609.0
000630.SZ,2026-04-27 13:49:00,6.29,6.3,6.28,6.29,769200,4838290.0
000630.SZ,2026-04-27 13:50:00,6.29,6.3,6.29,6.3,624800,3930509.0
000630.SZ,2026-04-27 13:51:00,6.29,6.3,6.29,6.3,121300,763571.0
000630.SZ,2026-04-27 13:52:00,6.3,6.31,6.29,6.31,555700,3500821.0
000630.SZ,2026-04-27 13:53:00,6.3,6.31,6.3,6.31,142000,895108.0
000630.SZ,2026-04-27 13:54:00,6.31,6.31,6.3,6.3,112400,708400.0
000630.SZ,2026-04-27 13:55:00,6.3,6.31,6.3,6.3,87500,551438.0
000630.SZ,2026-04-27 13:56:00,6.3,6.31,6.3,6.3,439600,2769631.0
000630.SZ,2026-04-27 13:57:00,6.3,6.31,6.29,6.29,2246400,14152923.0
000630.SZ,2026-04-27 13:58:00,6.3,6.3,6.29,6.3,118200,743757.0
000630.SZ,2026-04-27 13:59:00,6.29,6.3,6.29,6.29,136400,858146.0
000630.SZ,2026-04-27 14:00:00,6.3,6.3,6.29,6.29,142200,894900.0
000630.SZ,2026-04-27 14:01:00,6.29,6.3,6.29,6.3,292700,1842215.0
000630.SZ,2026-04-27 14:02:00,6.3,6.3,6.29,6.29,339500,2136188.0
000630.SZ,2026-04-27 14:03:00,6.29,6.3,6.29,6.3,571500,3597153.0
000630.SZ,2026-04-27 14:04:00,6.29,6.3,6.29,6.3,171000,1076471.0
000630.SZ,2026-04-27 14:05:00,6.29,6.3,6.29,6.3,451400,2842290.0
000630.SZ,2026-04-27 14:06:00,6.29,6.3,6.29,6.3,194600,1224972.0
000630.SZ,2026-04-27 14:07:00,6.29,6.3,6.29,6.3,245800,1547322.0
000630.SZ,2026-04-27 14:08:00,6.3,6.3,6.29,6.3,153500,966140.0
000630.SZ,2026-04-27 14:09:00,6.3,6.3,6.29,6.29,113300,713010.0
000630.SZ,2026-04-27 14:10:00,6.3,6.3,6.29,6.29,232500,1462762.0
000630.SZ,2026-04-27 14:11:00,6.29,6.3,6.29,6.29,192300,1210201.0
000630.SZ,2026-04-27 14:12:00,6.3,6.3,6.29,6.29,135600,853208.0
000630.SZ,2026-04-27 14:13:00,6.29,6.3,6.29,6.3,1492000,9385477.0
000630.SZ,2026-04-27 14:14:00,6.29,6.3,6.29,6.29,179000,1126342.0
000630.SZ,2026-04-27 14:15:00,6.29,6.3,6.29,6.3,174700,1099849.0
000630.SZ,2026-04-27 14:16:00,6.29,6.31,6.29,6.3,1838600,11581159.0
000630.SZ,2026-04-27 14:17:00,6.3,6.31,6.29,6.3,1199600,7557331.0
000630.SZ,2026-04-27 14:18:00,6.3,6.31,6.29,6.29,217100,1367498.0
000630.SZ,2026-04-27 14:19:00,6.3,6.3,6.29,6.29,238200,1498701.0
000630.SZ,2026-04-27 14:20:00,6.3,6.3,6.29,6.29,129305,813600.44
000630.SZ,2026-04-27 14:21:00,6.3,6.3,6.29,6.29,130000,818447.0
000630.SZ,2026-04-27 14:22:00,6.29,6.3,6.29,6.29,213500,1344180.0
000630.SZ,2026-04-27 14:23:00,6.3,6.31,6.29,6.3,878900,5535874.0
000630.SZ,2026-04-27 14:24:00,6.3,6.31,6.3,6.31,537200,3384579.0
000630.SZ,2026-04-27 14:25:00,6.3,6.31,6.29,6.3,296900,1869745.0
000630.SZ,2026-04-27 14:26:00,6.3,6.3,6.29,6.29,268500,1689465.0
000630.SZ,2026-04-27 14:27:00,6.3,6.31,6.3,6.31,842000,5304791.0
000630.SZ,2026-04-27 14:28:00,6.31,6.31,6.3,6.3,265200,1671422.0
000630.SZ,2026-04-27 14:29:00,6.3,6.31,6.29,6.3,615100,3875472.0
000630.SZ,2026-04-27 14:30:00,6.3,6.31,6.3,6.3,144400,909927.0
000630.SZ,2026-04-27 14:31:00,6.3,6.31,6.3,6.3,261000,1645582.0
000630.SZ,2026-04-27 14:32:00,6.3,6.31,6.29,6.3,781300,4922251.0
000630.SZ,2026-04-27 14:33:00,6.3,6.31,6.3,6.3,231800,1460991.0
000630.SZ,2026-04-27 14:34:00,6.3,6.31,6.29,6.29,299700,1888346.0
000630.SZ,2026-04-27 14:35:00,6.29,6.3,6.29,6.3,426200,2684456.0
000630.SZ,2026-04-27 14:36:00,6.29,6.3,6.29,6.3,316300,1990521.0
000630.SZ,2026-04-27 14:37:00,6.29,6.3,6.29,6.29,109200,687133.0
000630.SZ,2026-04-27 14:38:00,6.29,6.3,6.29,6.29,276600,1740415.0
000630.SZ,2026-04-27 14:39:00,6.29,6.3,6.29,6.29,451530,2841725.8
000630.SZ,2026-04-27 14:40:00,6.29,6.3,6.29,6.3,302519,1904288.5
000630.SZ,2026-04-27 14:41:00,6.29,6.3,6.29,6.29,954500,6006004.0
000630.SZ,2026-04-27 14:42:00,6.29,6.3,6.29,6.3,322900,2032881.0
000630.SZ,2026-04-27 14:43:00,6.29,6.3,6.29,6.29,335800,2114257.0
000630.SZ,2026-04-27 14:44:00,6.29,6.3,6.29,6.29,625600,3940309.0
000630.SZ,2026-04-27 14:45:00,6.3,6.3,6.29,6.29,762600,4802750.0
000630.SZ,2026-04-27 14:46:00,6.29,6.3,6.29,6.3,1050500,6615310.0
000630.SZ,2026-04-27 14:47:00,6.3,6.3,6.29,6.3,1976400,12437177.0
000630.SZ,2026-04-27 14:48:00,6.29,6.3,6.29,6.29,1584600,9969003.0
000630.SZ,2026-04-27 14:49:00,6.29,6.3,6.29,6.29,449500,2829325.0
000630.SZ,2026-04-27 14:50:00,6.29,6.3,6.29,6.29,542400,3412019.0
000630.SZ,2026-04-27 14:51:00,6.29,6.3,6.29,6.3,614100,3864146.0
000630.SZ,2026-04-27 14:52:00,6.3,6.3,6.29,6.29,473100,2976427.0
000630.SZ,2026-04-27 14:53:00,6.29,6.3,6.28,6.29,760700,4785459.0
000630.SZ,2026-04-27 14:54:00,6.29,6.3,6.29,6.29,485700,3056496.0
000630.SZ,2026-04-27 14:55:00,6.3,6.3,6.29,6.29,528500,3326620.0
000630.SZ,2026-04-27 14:56:00,6.3,6.3,6.29,6.29,788302,4961037.5
000630.SZ,2026-04-27 14:57:00,6.3,6.3,6.29,6.29,791900,4984502.0
000630.SZ,2026-04-27 14:58:00,6.29,6.29,6.29,6.29,0,0.0
000630.SZ,2026-04-27 14:59:00,6.29,6.29,6.29,6.29,0,0.0
000630.SZ,2026-04-27 15:00:00,6.29,6.29,6.29,6.29,1440200,9058858.0
000630.SZ,2026-04-28 09:30:00,6.25,6.26,6.24,6.25,812500,5077534.0
000630.SZ,2026-04-28 09:31:00,6.24,6.24,6.2,6.21,4502500,28017128.0
000630.SZ,2026-04-28 09:32:00,6.21,6.21,6.19,6.19,3037900,18822568.0
000630.SZ,2026-04-28 09:33:00,6.2,6.2,6.18,6.19,3993300,24729620.0
000630.SZ,2026-04-28 09:34:00,6.18,6.18,6.15,6.18,5026800,31022772.0
000630.SZ,2026-04-28 09:35:00,6.18,6.19,6.17,6.18,1486800,9184443.0
000630.SZ,2026-04-28 09:36:00,6.18,6.19,6.18,6.19,1611300,9961806.0
000630.SZ,2026-04-28 09:37:00,6.19,6.19,6.17,6.18,2145100,13252643.0
000630.SZ,2026-04-28 09:38:00,6.18,6.2,6.18,6.18,3087100,19094786.0
000630.SZ,2026-04-28 09:39:00,6.18,6.18,6.17,6.18,877300,5418698.0
000630.SZ,2026-04-28 09:40:00,6.17,6.2,6.17,6.2,1772900,10955381.0
000630.SZ,2026-04-28 09:41:00,6.19,6.2,6.19,6.19,1001000,6199184.0
000630.SZ,2026-04-28 09:42:00,6.18,6.19,6.17,6.18,2522200,15589101.0
000630.SZ,2026-04-28 09:43:00,6.17,6.19,6.17,6.18,1100600,6798361.0
000630.SZ,2026-04-28 09:44:00,6.18,6.21,6.18,6.2,3736600,23113020.0
000630.SZ,2026-04-28 09:45:00,6.2,6.21,6.2,6.21,1217600,7557756.0
000630.SZ,2026-04-28 09:46:00,6.21,6.21,6.2,6.2,1456300,9028951.0
000630.SZ,2026-04-28 09:47:00,6.2,6.21,6.2,6.2,1013500,6290394.0
000630.SZ,2026-04-28 09:48:00,6.21,6.22,6.21,6.21,919800,5712515.0
000630.SZ,2026-04-28 09:49:00,6.21,6.21,6.19,6.19,1888000,11705593.0
000630.SZ,2026-04-28 09:50:00,6.19,6.2,6.18,6.18,1775100,10979567.0
000630.SZ,2026-04-28 09:51:00,6.18,6.19,6.18,6.18,1388500,8582130.0
000630.SZ,2026-04-28 09:52:00,6.19,6.19,6.17,6.18,992614,6133153.5
000630.SZ,2026-04-28 09:53:00,6.17,6.18,6.15,6.15,5427286,33453210.0
000630.SZ,2026-04-28 09:54:00,6.15,6.16,6.13,6.14,6216900,38215144.0
000630.SZ,2026-04-28 09:55:00,6.14,6.16,6.14,6.16,1994827,12258004.0
000630.SZ,2026-04-28 09:56:00,6.16,6.16,6.14,6.15,1778273,10939175.0
000630.SZ,2026-04-28 09:57:00,6.14,6.15,6.14,6.15,1361500,8367227.0
000630.SZ,2026-04-28 09:58:00,6.15,6.15,6.14,6.14,1869300,11480443.0
000630.SZ,2026-04-28 09:59:00,6.14,6.14,6.12,6.13,3171700,19447772.0
000630.SZ,2026-04-28 10:00:00,6.13,6.13,6.12,6.13,1772200,10853833.0
000630.SZ,2026-04-28 10:01:00,6.12,6.13,6.11,6.12,1665700,10192082.0
000630.SZ,2026-04-28 10:02:00,6.11,6.12,6.11,6.12,1356900,8296252.0
000630.SZ,2026-04-28 10:03:00,6.11,6.12,6.1,6.11,2306000,14090277.0
000630.SZ,2026-04-28 10:04:00,6.11,6.13,6.11,6.13,1757800,10754977.0
000630.SZ,2026-04-28 10:05:00,6.13,6.14,6.12,6.13,1263400,7739376.0
000630.SZ,2026-04-28 10:06:00,6.13,6.13,6.12,6.13,990600,6067092.0
000630.SZ,2026-04-28 10:07:00,6.13,6.13,6.12,6.13,898600,5502813.0
000630.SZ,2026-04-28 10:08:00,6.13,6.13,6.12,6.13,1905700,11669282.0
000630.SZ,2026-04-28 10:09:00,6.14,6.15,6.13,6.15,832000,5105800.0
000630.SZ,2026-04-28 10:10:00,6.15,6.15,6.13,6.13,532900,3269330.0
000630.SZ,2026-04-28 10:11:00,6.14,6.14,6.12,6.12,1513100,9278173.0
000630.SZ,2026-04-28 10:12:00,6.13,6.13,6.12,6.13,703800,4309287.0
000630.SZ,2026-04-28 10:13:00,6.12,6.14,6.12,6.14,939200,5757737.0
000630.SZ,2026-04-28 10:14:00,6.14,6.14,6.13,6.14,871100,5344554.0
000630.SZ,2026-04-28 10:15:00,6.15,6.15,6.14,6.15,1120000,6885542.0
000630.SZ,2026-04-28 10:16:00,6.15,6.16,6.15,6.15,813100,5001367.0
000630.SZ,2026-04-28 10:17:00,6.15,6.17,6.15,6.17,1393600,8582289.0
000630.SZ,2026-04-28 10:18:00,6.17,6.17,6.16,6.17,668700,4121103.0
000630.SZ,2026-04-28 10:19:00,6.17,6.17,6.15,6.16,656700,4045234.0
000630.SZ,2026-04-28 10:20:00,6.16,6.17,6.15,6.15,1109000,6831872.0
000630.SZ,2026-04-28 10:21:00,6.16,6.16,6.15,6.16,903900,5565036.0
000630.SZ,2026-04-28 10:22:00,6.15,6.16,6.15,6.15,865400,5323200.0
000630.SZ,2026-04-28 10:23:00,6.15,6.17,6.15,6.16,764900,4710209.0
000630.SZ,2026-04-28 10:24:00,6.16,6.18,6.16,6.18,805800,4968097.0
000630.SZ,2026-04-28 10:25:00,6.18,6.18,6.16,6.17,476800,2939291.0
000630.SZ,2026-04-28 10:26:00,6.17,6.17,6.16,6.17,344900,2127380.0
000630.SZ,2026-04-28 10:27:00,6.17,6.18,6.17,6.17,526400,3248387.0
000630.SZ,2026-04-28 10:28:00,6.17,6.18,6.17,6.18,176700,1090994.0
000630.SZ,2026-04-28 10:29:00,6.17,6.18,6.17,6.18,264200,1630495.0
000630.SZ,2026-04-28 10:30:00,6.17,6.18,6.17,6.17,278600,1719669.0
000630.SZ,2026-04-28 10:31:00,6.17,6.18,6.16,6.16,601900,3713447.0
000630.SZ,2026-04-28 10:32:00,6.16,6.17,6.16,6.16,345786,2130180.8
000630.SZ,2026-04-28 10:33:00,6.16,6.17,6.16,6.16,570400,3514854.0
000630.SZ,2026-04-28 10:34:00,6.16,6.17,6.16,6.16,278000,1713327.0
000630.SZ,2026-04-28 10:35:00,6.16,6.17,6.16,6.16,489500,3015589.0
000630.SZ,2026-04-28 10:36:00,6.15,6.17,6.15,6.16,443700,2732820.0
000630.SZ,2026-04-28 10:37:00,6.16,6.17,6.16,6.16,217200,1338375.0
000630.SZ,2026-04-28 10:38:00,6.17,6.17,6.16,6.17,319500,1968677.0
000630.SZ,2026-04-28 10:39:00,6.16,6.17,6.15,6.15,469000,2889259.0
000630.SZ,2026-04-28 10:40:00,6.16,6.17,6.15,6.16,269600,1660311.0
000630.SZ,2026-04-28 10:41:00,6.16,6.17,6.16,6.17,157700,972224.0
000630.SZ,2026-04-28 10:42:00,6.16,6.17,6.16,6.16,425700,2624471.0
000630.SZ,2026-04-28 10:43:00,6.16,6.18,6.16,6.17,1600700,9881514.0
000630.SZ,2026-04-28 10:44:00,6.17,6.18,6.17,6.18,255300,1577046.0
000630.SZ,2026-04-28 10:45:00,6.17,6.18,6.17,6.17,128500,793673.0
000630.SZ,2026-04-28 10:46:00,6.18,6.18,6.17,6.18,169100,1043925.0
000630.SZ,2026-04-28 10:47:00,6.18,6.18,6.17,6.18,294600,1820004.0
000630.SZ,2026-04-28 10:48:00,6.17,6.18,6.17,6.17,394300,2435946.0
000630.SZ,2026-04-28 10:49:00,6.17,6.18,6.17,6.18,251000,1550053.0
000630.SZ,2026-04-28 10:50:00,6.18,6.18,6.17,6.18,743500,4594794.0
000630.SZ,2026-04-28 10:51:00,6.18,6.18,6.17,6.18,307700,1899238.0
000630.SZ,2026-04-28 10:52:00,6.17,6.18,6.17,6.17,115800,714832.0
000630.SZ,2026-04-28 10:53:00,6.17,6.18,6.17,6.18,200700,1238549.0
000630.SZ,2026-04-28 10:54:00,6.17,6.18,6.17,6.18,256000,1579779.0
000630.SZ,2026-04-28 10:55:00,6.17,6.18,6.17,6.17,248600,1534102.0
000630.SZ,2026-04-28 10:56:00,6.17,6.18,6.16,6.16,598500,3693117.0
000630.SZ,2026-04-28 10:57:00,6.16,6.17,6.16,6.16,250985,1546789.6
000630.SZ,2026-04-28 10:58:00,6.17,6.17,6.16,6.16,115100,709294.0
000630.SZ,2026-04-28 10:59:00,6.16,6.17,6.16,6.16,153000,942739.0
000630.SZ,2026-04-28 11:00:00,6.16,6.18,6.16,6.18,677000,4175768.0
000630.SZ,2026-04-28 11:01:00,6.17,6.19,6.17,6.19,930900,5752036.0
000630.SZ,2026-04-28 11:02:00,6.18,6.19,6.18,6.18,742400,4588415.0
000630.SZ,2026-04-28 11:03:00,6.18,6.19,6.17,6.18,177100,1094511.0
000630.SZ,2026-04-28 11:04:00,6.18,6.18,6.17,6.17,59900,369725.0
000630.SZ,2026-04-28 11:05:00,6.18,6.18,6.17,6.18,120600,744619.0
000630.SZ,2026-04-28 11:06:00,6.18,6.18,6.17,6.18,214400,1324129.0
000630.SZ,2026-04-28 11:07:00,6.17,6.18,6.17,6.17,186300,1149620.0
000630.SZ,2026-04-28 11:08:00,6.17,6.17,6.16,6.16,627200,3869729.0
000630.SZ,2026-04-28 11:09:00,6.16,6.17,6.16,6.17,259000,1596337.0
000630.SZ,2026-04-28 11:10:00,6.17,6.17,6.16,6.17,383900,2364970.0
000630.SZ,2026-04-28 11:11:00,6.16,6.17,6.16,6.17,204100,1257452.0
000630.SZ,2026-04-28 11:12:00,6.16,6.17,6.15,6.15,242300,1491849.0
000630.SZ,2026-04-28 11:13:00,6.16,6.16,6.15,6.16,485200,2984590.0
000630.SZ,2026-04-28 11:14:00,6.15,6.17,6.15,6.17,609400,3751823.0
000630.SZ,2026-04-28 11:15:00,6.16,6.17,6.16,6.16,192400,1185744.0
000630.SZ,2026-04-28 11:16:00,6.17,6.17,6.16,6.16,250700,1544901.0
000630.SZ,2026-04-28 11:17:00,6.16,6.17,6.16,6.16,119300,735393.0
000630.SZ,2026-04-28 11:18:00,6.16,6.17,6.16,6.17,159500,982970.0
000630.SZ,2026-04-28 11:19:00,6.16,6.17,6.16,6.17,779900,4810713.0
000630.SZ,2026-04-28 11:20:00,6.17,6.19,6.17,6.18,1267500,7834428.0
000630.SZ,2026-04-28 11:21:00,6.18,6.19,6.18,6.19,1094200,6772652.0
000630.SZ,2026-04-28 11:22:00,6.19,6.2,6.19,6.2,353800,2192989.0
000630.SZ,2026-04-28 11:23:00,6.19,6.2,6.19,6.19,244900,1516363.0
000630.SZ,2026-04-28 11:24:00,6.2,6.2,6.18,6.19,470700,2913877.0
000630.SZ,2026-04-28 11:25:00,6.19,6.2,6.19,6.19,308200,1908177.0
000630.SZ,2026-04-28 11:26:00,6.19,6.2,6.19,6.19,343800,2128264.0
000630.SZ,2026-04-28 11:27:00,6.19,6.2,6.19,6.2,359000,2224085.0
000630.SZ,2026-04-28 11:28:00,6.21,6.21,6.2,6.21,1074400,6663518.0
000630.SZ,2026-04-28 11:29:00,6.2,6.21,6.2,6.21,435300,2700333.0
000630.SZ,2026-04-28 11:30:00,6.2,6.21,6.2,6.21,218400,1355204.0
000630.SZ,2026-04-28 13:01:00,6.2,6.22,6.2,6.2,1576099,9784924.0
000630.SZ,2026-04-28 13:02:00,6.21,6.28,6.21,6.26,6099400,38112550.0
000630.SZ,2026-04-28 13:03:00,6.27,6.27,6.24,6.24,969500,6068316.0
000630.SZ,2026-04-28 13:04:00,6.24,6.25,6.24,6.24,498800,3112927.0
000630.SZ,2026-04-28 13:05:00,6.24,6.24,6.23,6.24,298100,1858408.0
000630.SZ,2026-04-28 13:06:00,6.23,6.25,6.23,6.23,747300,4662523.0
000630.SZ,2026-04-28 13:07:00,6.23,6.24,6.23,6.24,253700,1582380.0
000630.SZ,2026-04-28 13:08:00,6.24,6.24,6.23,6.23,306300,1910271.0
000630.SZ,2026-04-28 13:09:00,6.24,6.24,6.22,6.23,745200,4641903.0
000630.SZ,2026-04-28 13:10:00,6.22,6.23,6.21,6.22,727400,4524330.0
000630.SZ,2026-04-28 13:11:00,6.22,6.23,6.22,6.22,380307,2366083.5
000630.SZ,2026-04-28 13:12:00,6.23,6.24,6.22,6.24,899400,5603779.0
000630.SZ,2026-04-28 13:13:00,6.23,6.24,6.22,6.22,268200,1670399.0
000630.SZ,2026-04-28 13:14:00,6.22,6.22,6.21,6.21,1089993,6779304.5
000630.SZ,2026-04-28 13:15:00,6.21,6.22,6.21,6.22,656500,4080714.0
000630.SZ,2026-04-28 13:16:00,6.22,6.23,6.22,6.22,256600,1596787.0
000630.SZ,2026-04-28 13:17:00,6.22,6.24,6.22,6.24,541800,3375642.0
000630.SZ,2026-04-28 13:18:00,6.24,6.24,6.23,6.23,170700,1063830.0
000630.SZ,2026-04-28 13:19:00,6.23,6.23,6.22,6.23,450700,2807603.0
000630.SZ,2026-04-28 13:20:00,6.23,6.24,6.22,6.23,266800,1661094.0
000630.SZ,2026-04-28 13:21:00,6.23,6.23,6.22,6.23,104200,648430.0
000630.SZ,2026-04-28 13:22:00,6.23,6.24,6.22,6.23,631700,3935443.0
000630.SZ,2026-04-28 13:23:00,6.23,6.24,6.23,6.23,252000,1570767.0
000630.SZ,2026-04-28 13:24:00,6.24,6.24,6.23,6.23,523600,3262504.0
000630.SZ,2026-04-28 13:25:00,6.24,6.24,6.23,6.23,184000,1146645.0
000630.SZ,2026-04-28 13:26:00,6.23,6.24,6.23,6.24,1545300,9638733.0
000630.SZ,2026-04-28 13:27:00,6.24,6.27,6.24,6.27,2480700,15512368.0
000630.SZ,2026-04-28 13:28:00,6.26,6.28,6.26,6.26,2426200,15220297.0
000630.SZ,2026-04-28 13:29:00,6.27,6.27,6.25,6.26,478300,2993605.0
000630.SZ,2026-04-28 13:30:00,6.26,6.27,6.25,6.26,459000,2872986.0
000630.SZ,2026-04-28 13:31:00,6.26,6.26,6.24,6.24,1361800,8512427.0
000630.SZ,2026-04-28 13:32:00,6.24,6.25,6.24,6.24,908500,5677713.0
000630.SZ,2026-04-28 13:33:00,6.24,6.25,6.24,6.24,195700,1221889.0
000630.SZ,2026-04-28 13:34:00,6.24,6.25,6.24,6.25,250300,1563216.0
000630.SZ,2026-04-28 13:35:00,6.24,6.25,6.24,6.25,355700,2221189.0
000630.SZ,2026-04-28 13:36:00,6.24,6.25,6.23,6.23,1179500,7359427.0
000630.SZ,2026-04-28 13:37:00,6.23,6.23,6.22,6.22,1082400,6742193.0
000630.SZ,2026-04-28 13:38:00,6.22,6.23,6.21,6.21,785900,4888099.0
000630.SZ,2026-04-28 13:39:00,6.21,6.23,6.21,6.23,591500,3677136.0
000630.SZ,2026-04-28 13:40:00,6.22,6.23,6.22,6.23,288500,1794903.0
000630.SZ,2026-04-28 13:41:00,6.22,6.23,6.22,6.22,81700,508397.0
000630.SZ,2026-04-28 13:42:00,6.22,6.23,6.22,6.22,119000,740481.0
000630.SZ,2026-04-28 13:43:00,6.22,6.23,6.22,6.22,791700,4924767.0
000630.SZ,2026-04-28 13:44:00,6.22,6.22,6.21,6.21,429200,2668562.0
000630.SZ,2026-04-28 13:45:00,6.21,6.21,6.21,6.21,209679,1302247.6
000630.SZ,2026-04-28 13:46:00,6.21,6.22,6.21,6.21,384700,2389810.0
000630.SZ,2026-04-28 13:47:00,6.21,6.21,6.2,6.2,1206621,7493220.5
000630.SZ,2026-04-28 13:48:00,6.2,6.22,6.2,6.21,317479,1971673.6
000630.SZ,2026-04-28 13:49:00,6.22,6.22,6.21,6.21,82100,509975.0
000630.SZ,2026-04-28 13:50:00,6.21,6.22,6.21,6.21,225300,1399609.0
000630.SZ,2026-04-28 13:51:00,6.21,6.22,6.2,6.21,642621,3990607.5
000630.SZ,2026-04-28 13:52:00,6.2,6.21,6.2,6.2,218500,1355158.0
000630.SZ,2026-04-28 13:53:00,6.2,6.21,6.2,6.21,223300,1385950.0
000630.SZ,2026-04-28 13:54:00,6.21,6.21,6.2,6.2,170400,1057187.0
000630.SZ,2026-04-28 13:55:00,6.21,6.22,6.21,6.22,559179,3473356.5
000630.SZ,2026-04-28 13:56:00,6.21,6.22,6.21,6.21,145800,905605.0
000630.SZ,2026-04-28 13:57:00,6.21,6.23,6.21,6.22,499000,3103797.0
000630.SZ,2026-04-28 13:58:00,6.22,6.23,6.21,6.22,132800,825942.0
000630.SZ,2026-04-28 13:59:00,6.22,6.23,6.21,6.23,920000,5725572.0
000630.SZ,2026-04-28 14:00:00,6.23,6.23,6.22,6.22,340100,2117016.0
000630.SZ,2026-04-28 14:01:00,6.22,6.23,6.22,6.22,223200,1388224.0
000630.SZ,2026-04-28 14:02:00,6.22,6.22,6.21,6.21,269500,1673805.0
000630.SZ,2026-04-28 14:03:00,6.21,6.22,6.21,6.21,412000,2558817.0
000630.SZ,2026-04-28 14:04:00,6.22,6.22,6.21,6.21,102400,636065.0
000630.SZ,2026-04-28 14:05:00,6.21,6.22,6.21,6.22,126600,786877.0
000630.SZ,2026-04-28 14:06:00,6.21,6.22,6.21,6.21,383500,2382525.0
000630.SZ,2026-04-28 14:07:00,6.22,6.22,6.21,6.21,250100,1553529.0
000630.SZ,2026-04-28 14:08:00,6.21,6.22,6.21,6.21,128000,794979.0
000630.SZ,2026-04-28 14:09:00,6.21,6.23,6.21,6.23,909600,5657916.0
000630.SZ,2026-04-28 14:10:00,6.23,6.23,6.22,6.22,308500,1919699.0
000630.SZ,2026-04-28 14:11:00,6.23,6.23,6.21,6.21,1859600,11546954.0
000630.SZ,2026-04-28 14:12:00,6.21,6.22,6.21,6.21,173000,1074292.0
000630.SZ,2026-04-28 14:13:00,6.21,6.22,6.21,6.21,290900,1807985.0
000630.SZ,2026-04-28 14:14:00,6.21,6.22,6.21,6.21,604800,3761461.0
000630.SZ,2026-04-28 14:15:00,6.21,6.22,6.21,6.22,493500,3069140.0
000630.SZ,2026-04-28 14:16:00,6.22,6.24,6.21,6.24,1123400,6992038.0
000630.SZ,2026-04-28 14:17:00,6.24,6.25,6.23,6.24,993900,6203064.0
000630.SZ,2026-04-28 14:18:00,6.23,6.24,6.23,6.23,637800,3974186.0
000630.SZ,2026-04-28 14:19:00,6.23,6.23,6.22,6.22,183600,1142950.0
000630.SZ,2026-04-28 14:20:00,6.22,6.23,6.22,6.22,219000,1363488.0
000630.SZ,2026-04-28 14:21:00,6.22,6.23,6.21,6.21,763700,4749617.0
000630.SZ,2026-04-28 14:22:00,6.22,6.22,6.21,6.21,168200,1045315.0
000630.SZ,2026-04-28 14:23:00,6.21,6.22,6.21,6.22,479300,2978053.0
000630.SZ,2026-04-28 14:24:00,6.21,6.22,6.21,6.21,173700,1079139.0
000630.SZ,2026-04-28 14:25:00,6.21,6.21,6.2,6.21,798100,4955636.0
000630.SZ,2026-04-28 14:26:00,6.2,6.21,6.2,6.2,218100,1353030.0
000630.SZ,2026-04-28 14:27:00,6.2,6.21,6.2,6.2,351300,2178929.0
000630.SZ,2026-04-28 14:28:00,6.21,6.21,6.2,6.2,650200,4032481.0
000630.SZ,2026-04-28 14:29:00,6.2,6.21,6.2,6.21,298200,1849605.0
000630.SZ,2026-04-28 14:30:00,6.2,6.21,6.19,6.19,501200,3108114.0
000630.SZ,2026-04-28 14:31:00,6.19,6.21,6.19,6.2,510662,3167275.5
000630.SZ,2026-04-28 14:32:00,6.2,6.21,6.2,6.2,443400,2750029.0
000630.SZ,2026-04-28 14:33:00,6.2,6.21,6.2,6.2,328300,2036676.0
000630.SZ,2026-04-28 14:34:00,6.2,6.21,6.19,6.21,1449300,8986118.0
000630.SZ,2026-04-28 14:35:00,6.2,6.21,6.2,6.2,345500,2142311.0
000630.SZ,2026-04-28 14:36:00,6.2,6.21,6.2,6.2,689100,4277005.0
000630.SZ,2026-04-28 14:37:00,6.21,6.22,6.2,6.21,1332800,8277717.0
000630.SZ,2026-04-28 14:38:00,6.21,6.22,6.21,6.22,182600,1134697.0
000630.SZ,2026-04-28 14:39:00,6.21,6.23,6.21,6.23,1023700,6367808.0
000630.SZ,2026-04-28 14:40:00,6.22,6.23,6.21,6.21,905000,5628656.0
000630.SZ,2026-04-28 14:41:00,6.22,6.23,6.21,6.22,1320800,8221107.0
000630.SZ,2026-04-28 14:42:00,6.22,6.23,6.22,6.22,406300,2530196.0
000630.SZ,2026-04-28 14:43:00,6.22,6.23,6.22,6.22,676200,4210404.0
000630.SZ,2026-04-28 14:44:00,6.23,6.24,6.22,6.23,1473500,9180471.0
000630.SZ,2026-04-28 14:45:00,6.24,6.24,6.23,6.23,1062700,6629131.0
000630.SZ,2026-04-28 14:46:00,6.24,6.24,6.23,6.23,530700,3308774.0
000630.SZ,2026-04-28 14:47:00,6.24,6.25,6.23,6.24,1397600,8721423.0
000630.SZ,2026-04-28 14:48:00,6.25,6.25,6.24,6.24,1321100,8247042.0
000630.SZ,2026-04-28 14:49:00,6.24,6.25,6.24,6.24,1554600,9702504.0
000630.SZ,2026-04-28 14:50:00,6.24,6.25,6.24,6.24,956300,5973148.0
000630.SZ,2026-04-28 14:51:00,6.24,6.25,6.24,6.24,1149200,7179252.0
000630.SZ,2026-04-28 14:52:00,6.25,6.25,6.24,6.24,1153200,7205252.0
000630.SZ,2026-04-28 14:53:00,6.25,6.25,6.24,6.24,1003800,6269991.0
000630.SZ,2026-04-28 14:54:00,6.25,6.25,6.24,6.25,1211700,7569926.0
000630.SZ,2026-04-28 14:55:00,6.24,6.25,6.24,6.24,1117030,6976543.0
000630.SZ,2026-04-28 14:56:00,6.25,6.25,6.24,6.25,1214900,7581333.5
000630.SZ,2026-04-28 14:57:00,6.25,6.25,6.24,6.24,1026100,6405782.0
000630.SZ,2026-04-28 14:58:00,6.24,6.24,6.24,6.24,0,0.0
000630.SZ,2026-04-28 14:59:00,6.24,6.24,6.24,6.24,0,0.0
000630.SZ,2026-04-28 15:00:00,6.24,6.24,6.24,6.24,1059166,6609196.0
000630.SZ,2026-04-29 09:30:00,5.97,5.98,5.95,5.95,8437007,50366052.0
000630.SZ,2026-04-29 09:31:00,5.98,6.05,5.94,6.03,14388600,86259480.0
000630.SZ,2026-04-29 09:32:00,6.03,6.07,6.03,6.06,6820500,41266788.0
000630.SZ,2026-04-29 09:33:00,6.05,6.05,6.01,6.03,5505500,33194620.0
000630.SZ,2026-04-29 09:34:00,6.03,6.06,6.03,6.06,3214900,19411472.0
000630.SZ,2026-04-29 09:35:00,6.06,6.08,6.05,6.08,2388547,14487537.0
000630.SZ,2026-04-29 09:36:00,6.08,6.11,6.08,6.11,5037600,30687452.0
000630.SZ,2026-04-29 09:37:00,6.11,6.12,6.1,6.12,2709500,16556380.0
000630.SZ,2026-04-29 09:38:00,6.11,6.14,6.11,6.12,3477400,21283848.0
000630.SZ,2026-04-29 09:39:00,6.12,6.13,6.11,6.13,3432158,20994498.0
000630.SZ,2026-04-29 09:40:00,6.12,6.13,6.11,6.12,1125400,6890104.0
000630.SZ,2026-04-29 09:41:00,6.11,6.12,6.11,6.12,1885600,11521866.0
000630.SZ,2026-04-29 09:42:00,6.12,6.13,6.11,6.13,1982100,12128646.0
000630.SZ,2026-04-29 09:43:00,6.12,6.13,6.11,6.12,2109500,12908403.0
000630.SZ,2026-04-29 09:44:00,6.11,6.12,6.11,6.12,1801900,11015857.0
000630.SZ,2026-04-29 09:45:00,6.12,6.12,6.11,6.11,1172600,7168947.0
000630.SZ,2026-04-29 09:46:00,6.11,6.11,6.1,6.11,2639100,16118815.0
000630.SZ,2026-04-29 09:47:00,6.11,6.12,6.1,6.1,1927500,11770118.0
000630.SZ,2026-04-29 09:48:00,6.11,6.11,6.1,6.11,2111800,12890705.0
000630.SZ,2026-04-29 09:49:00,6.11,6.12,6.11,6.12,2746900,16791558.0
000630.SZ,2026-04-29 09:50:00,6.11,6.13,6.11,6.12,1285200,7861427.0
000630.SZ,2026-04-29 09:51:00,6.13,6.14,6.13,6.14,1857900,11393090.0
000630.SZ,2026-04-29 09:52:00,6.14,6.15,6.13,6.14,1647000,10110166.0
000630.SZ,2026-04-29 09:53:00,6.14,6.14,6.13,6.13,2092600,12834550.0
000630.SZ,2026-04-29 09:54:00,6.14,6.15,6.13,6.15,919000,5639640.0
000630.SZ,2026-04-29 09:55:00,6.15,6.16,6.14,6.16,1147800,7057871.0
000630.SZ,2026-04-29 09:56:00,6.16,6.16,6.15,6.16,491100,3023233.0
000630.SZ,2026-04-29 09:57:00,6.16,6.17,6.16,6.17,1858500,11458001.0
000630.SZ,2026-04-29 09:58:00,6.17,6.17,6.16,6.16,733900,4523816.0
000630.SZ,2026-04-29 09:59:00,6.16,6.17,6.15,6.16,1233300,7597095.0
000630.SZ,2026-04-29 10:00:00,6.16,6.17,6.16,6.17,561900,3464473.0
000630.SZ,2026-04-29 10:01:00,6.16,6.17,6.15,6.15,1412300,8702617.0
000630.SZ,2026-04-29 10:02:00,6.16,6.17,6.15,6.16,820700,5055664.0
000630.SZ,2026-04-29 10:03:00,6.17,6.17,6.16,6.16,421900,2600156.0
000630.SZ,2026-04-29 10:04:00,6.17,6.18,6.16,6.18,1808400,11157066.0
000630.SZ,2026-04-29 10:05:00,6.18,6.18,6.15,6.15,1210900,7465361.0
000630.SZ,2026-04-29 10:06:00,6.16,6.17,6.15,6.16,1169100,7200941.0
000630.SZ,2026-04-29 10:07:00,6.16,6.18,6.15,6.18,1931900,11916659.0
000630.SZ,2026-04-29 10:08:00,6.18,6.19,6.18,6.18,765400,4732350.0
000630.SZ,2026-04-29 10:09:00,6.19,6.2,6.18,6.2,2116400,13105857.0
000630.SZ,2026-04-29 10:10:00,6.2,6.21,6.2,6.2,1820000,11283346.0
000630.SZ,2026-04-29 10:11:00,6.2,6.21,6.19,6.21,1866100,11562156.0
000630.SZ,2026-04-29 10:12:00,6.21,6.21,6.2,6.21,348400,2161875.0
000630.SZ,2026-04-29 10:13:00,6.2,6.21,6.19,6.19,1945100,12061796.0
000630.SZ,2026-04-29 10:14:00,6.19,6.22,6.19,6.22,1868900,11596538.0
000630.SZ,2026-04-29 10:15:00,6.21,6.22,6.21,6.22,415800,2583571.0
000630.SZ,2026-04-29 10:16:00,6.22,6.23,6.21,6.22,1372900,8539550.0
000630.SZ,2026-04-29 10:17:00,6.23,6.23,6.2,6.21,1063400,6608960.0
000630.SZ,2026-04-29 10:18:00,6.2,6.22,6.2,6.21,638900,3965973.0
000630.SZ,2026-04-29 10:19:00,6.21,6.22,6.21,6.22,445400,2767161.0
000630.SZ,2026-04-29 10:20:00,6.22,6.22,6.2,6.2,1081100,6714113.0
000630.SZ,2026-04-29 10:21:00,6.2,6.21,6.19,6.2,1910100,11842570.0
000630.SZ,2026-04-29 10:22:00,6.2,6.21,6.19,6.2,745200,4621371.0
000630.SZ,2026-04-29 10:23:00,6.2,6.2,6.19,6.19,382200,2367335.0
000630.SZ,2026-04-29 10:24:00,6.2,6.2,6.18,6.18,1475200,9128693.0
000630.SZ,2026-04-29 10:25:00,6.19,6.19,6.18,6.18,1119900,6923491.0
000630.SZ,2026-04-29 10:26:00,6.18,6.19,6.18,6.18,316700,1957858.0
000630.SZ,2026-04-29 10:27:00,6.18,6.18,6.17,6.18,1051315,6493056.5
000630.SZ,2026-04-29 10:28:00,6.18,6.18,6.17,6.18,614800,3798347.0
000630.SZ,2026-04-29 10:29:00,6.18,6.19,6.18,6.19,218400,1351195.0
000630.SZ,2026-04-29 10:30:00,6.18,6.19,6.18,6.19,370100,2288896.0
000630.SZ,2026-04-29 10:31:00,6.18,6.19,6.17,6.19,1790100,11063409.0
000630.SZ,2026-04-29 10:32:00,6.19,6.2,6.18,6.18,1191200,7371760.0
000630.SZ,2026-04-29 10:33:00,6.19,6.19,6.18,6.19,550300,3404880.0
000630.SZ,2026-04-29 10:34:00,6.18,6.19,6.18,6.18,308200,1906753.0
000630.SZ,2026-04-29 10:35:00,6.18,6.19,6.18,6.18,324200,2004248.0
000630.SZ,2026-04-29 10:36:00,6.18,6.19,6.18,6.18,322800,1995617.0
000630.SZ,2026-04-29 10:37:00,6.19,6.19,6.18,6.18,287300,1776694.0
000630.SZ,2026-04-29 10:38:00,6.18,6.19,6.18,6.18,210100,1298850.0
000630.SZ,2026-04-29 10:39:00,6.19,6.2,6.18,6.2,1220300,7554894.0
000630.SZ,2026-04-29 10:40:00,6.19,6.2,6.18,6.18,579700,3588998.0
000630.SZ,2026-04-29 10:41:00,6.18,6.19,6.18,6.18,475000,2939634.0
000630.SZ,2026-04-29 10:42:00,6.2,6.2,6.19,6.2,931000,5763170.0
000630.SZ,2026-04-29 10:43:00,6.19,6.2,6.19,6.2,1107600,6865481.0
000630.SZ,2026-04-29 10:44:00,6.19,6.2,6.19,6.2,824100,5108612.0
000630.SZ,2026-04-29 10:45:00,6.2,6.22,6.2,6.22,810800,5034173.0
000630.SZ,2026-04-29 10:46:00,6.22,6.23,6.2,6.22,1672300,10400108.0
000630.SZ,2026-04-29 10:47:00,6.23,6.23,6.21,6.22,597400,3715707.0
000630.SZ,2026-04-29 10:48:00,6.21,6.22,6.21,6.21,323700,2011513.0
000630.SZ,2026-04-29 10:49:00,6.21,6.24,6.21,6.24,2496799,15544551.0
000630.SZ,2026-04-29 10:50:00,6.23,6.24,6.23,6.24,708600,4420385.0
000630.SZ,2026-04-29 10:51:00,6.24,6.24,6.23,6.23,474500,2959246.0
000630.SZ,2026-04-29 10:52:00,6.23,6.24,6.23,6.23,728000,4539374.0
000630.SZ,2026-04-29 10:53:00,6.24,6.24,6.23,6.24,1138000,7099438.0
000630.SZ,2026-04-29 10:54:00,6.23,6.24,6.23,6.23,470900,2937732.0
000630.SZ,2026-04-29 10:55:00,6.24,6.24,6.23,6.23,603600,3762336.0
000630.SZ,2026-04-29 10:56:00,6.23,6.24,6.22,6.23,1526700,9511898.0
000630.SZ,2026-04-29 10:57:00,6.23,6.24,6.23,6.24,524100,3266006.0
000630.SZ,2026-04-29 10:58:00,6.23,6.24,6.23,6.23,215400,1343147.0
000630.SZ,2026-04-29 10:59:00,6.23,6.24,6.23,6.24,462500,2882329.0
000630.SZ,2026-04-29 11:00:00,6.23,6.24,6.23,6.23,524800,3271087.0
000630.SZ,2026-04-29 11:01:00,6.24,6.25,6.23,6.24,1937700,12090163.0
000630.SZ,2026-04-29 11:02:00,6.24,6.25,6.24,6.25,367100,2292953.0
000630.SZ,2026-04-29 11:03:00,6.24,6.25,6.24,6.25,1216600,7597066.0
000630.SZ,2026-04-29 11:04:00,6.25,6.26,6.24,6.25,2738300,17114406.0
000630.SZ,2026-04-29 11:05:00,6.26,6.26,6.25,6.25,1491000,9321108.0
000630.SZ,2026-04-29 11:06:00,6.25,6.26,6.25,6.25,1448100,9051263.0
000630.SZ,2026-04-29 11:07:00,6.26,6.26,6.25,6.26,461000,2882766.0
000630.SZ,2026-04-29 11:08:00,6.26,6.26,6.25,6.26,313100,1958610.0
000630.SZ,2026-04-29 11:09:00,6.25,6.26,6.25,6.26,806200,5043184.0
000630.SZ,2026-04-29 11:10:00,6.25,6.26,6.25,6.25,665200,4159696.0
000630.SZ,2026-04-29 11:11:00,6.26,6.27,6.26,6.27,3767200,23587692.0
000630.SZ,2026-04-29 11:12:00,6.26,6.28,6.26,6.27,816700,5120653.0
000630.SZ,2026-04-29 11:13:00,6.27,6.27,6.26,6.27,657700,4122648.0
000630.SZ,2026-04-29 11:14:00,6.26,6.27,6.26,6.26,467011,2927328.8
000630.SZ,2026-04-29 11:15:00,6.27,6.27,6.25,6.26,2015089,12605579.0
000630.SZ,2026-04-29 11:16:00,6.26,6.26,6.25,6.26,449200,2808477.0
000630.SZ,2026-04-29 11:17:00,6.26,6.26,6.25,6.25,660200,4127864.0
000630.SZ,2026-04-29 11:18:00,6.26,6.27,6.25,6.27,685400,4287093.0
000630.SZ,2026-04-29 11:19:00,6.26,6.27,6.26,6.26,907800,5684616.0
000630.SZ,2026-04-29 11:20:00,6.25,6.26,6.25,6.25,565300,3534075.0
000630.SZ,2026-04-29 11:21:00,6.24,6.25,6.24,6.25,281800,1760430.0
000630.SZ,2026-04-29 11:22:00,6.25,6.25,6.24,6.24,294000,1836020.0
000630.SZ,2026-04-29 11:23:00,6.25,6.25,6.23,6.23,1212200,7561780.0
000630.SZ,2026-04-29 11:24:00,6.24,6.24,6.23,6.23,690300,4301211.0
000630.SZ,2026-04-29 11:25:00,6.23,6.23,6.22,6.23,369500,2300379.0
000630.SZ,2026-04-29 11:26:00,6.22,6.24,6.22,6.23,974800,6070159.0
000630.SZ,2026-04-29 11:27:00,6.23,6.24,6.22,6.23,365400,2276147.0
000630.SZ,2026-04-29 11:28:00,6.22,6.23,6.22,6.22,240400,1496333.0
000630.SZ,2026-04-29 11:29:00,6.22,6.24,6.22,6.23,794300,4948285.0
000630.SZ,2026-04-29 11:30:00,6.23,6.24,6.23,6.23,506800,3159120.0
000630.SZ,2026-04-29 13:01:00,6.23,6.26,6.23,6.26,3773000,23546288.0
000630.SZ,2026-04-29 13:02:00,6.25,6.27,6.25,6.26,2214800,13859389.0
000630.SZ,2026-04-29 13:03:00,6.26,6.27,6.26,6.26,1150200,7202446.0
000630.SZ,2026-04-29 13:04:00,6.27,6.28,6.26,6.27,1289300,8083832.0
000630.SZ,2026-04-29 13:05:00,6.27,6.28,6.27,6.28,483600,3034414.0
000630.SZ,2026-04-29 13:06:00,6.27,6.27,6.26,6.27,1350200,8464832.0
000630.SZ,2026-04-29 13:07:00,6.28,6.29,6.27,6.29,2129600,13373434.0
000630.SZ,2026-04-29 13:08:00,6.28,6.29,6.28,6.28,1434600,9013219.0
000630.SZ,2026-04-29 13:09:00,6.28,6.28,6.27,6.27,205300,1288426.0
000630.SZ,2026-04-29 13:10:00,6.28,6.29,6.28,6.28,1118900,7027365.0
000630.SZ,2026-04-29 13:11:00,6.29,6.3,6.29,6.29,2492801,15676924.0
000630.SZ,2026-04-29 13:12:00,6.29,6.3,6.29,6.29,712792,4488191.5
000630.SZ,2026-04-29 13:13:00,6.29,6.3,6.29,6.3,390900,2460636.0
000630.SZ,2026-04-29 13:14:00,6.29,6.3,6.29,6.29,338100,2128037.0
000630.SZ,2026-04-29 13:15:00,6.29,6.3,6.29,6.29,1395308,8777230.0
000630.SZ,2026-04-29 13:16:00,6.29,6.31,6.29,6.3,4256200,26803476.0
000630.SZ,2026-04-29 13:17:00,6.3,6.31,6.29,6.3,954700,6015952.0
000630.SZ,2026-04-29 13:18:00,6.3,6.3,6.29,6.29,1217500,7660370.0
000630.SZ,2026-04-29 13:19:00,6.29,6.29,6.28,6.28,772100,4849445.0
000630.SZ,2026-04-29 13:20:00,6.28,6.3,6.28,6.29,918600,5776241.0
000630.SZ,2026-04-29 13:21:00,6.29,6.3,6.29,6.29,347900,2189202.0
000630.SZ,2026-04-29 13:22:00,6.29,6.29,6.28,6.28,661100,4156560.0
000630.SZ,2026-04-29 13:23:00,6.28,6.3,6.28,6.29,837400,5266997.0
000630.SZ,2026-04-29 13:24:00,6.29,6.3,6.29,6.3,583300,3672166.0
000630.SZ,2026-04-29 13:25:00,6.3,6.32,6.29,6.31,4020900,25347200.0
000630.SZ,2026-04-29 13:26:00,6.32,6.32,6.31,6.32,1466600,9265511.0
000630.SZ,2026-04-29 13:27:00,6.32,6.32,6.3,6.31,593000,3740703.0
000630.SZ,2026-04-29 13:28:00,6.3,6.31,6.3,6.3,449100,2831061.0
000630.SZ,2026-04-29 13:29:00,6.31,6.31,6.3,6.3,533400,3362833.0
000630.SZ,2026-04-29 13:30:00,6.31,6.31,6.3,6.3,970900,6125070.0
000630.SZ,2026-04-29 13:31:00,6.31,6.31,6.3,6.3,357500,2254416.0
000630.SZ,2026-04-29 13:32:00,6.3,6.31,6.29,6.3,2104200,13245489.0
000630.SZ,2026-04-29 13:33:00,6.29,6.3,6.29,6.29,571200,3593739.0
000630.SZ,2026-04-29 13:34:00,6.29,6.29,6.28,6.28,244600,1536836.0
000630.SZ,2026-04-29 13:35:00,6.28,6.29,6.27,6.28,995200,6248856.0
000630.SZ,2026-04-29 13:36:00,6.28,6.29,6.27,6.28,1046200,6568733.0
000630.SZ,2026-04-29 13:37:00,6.29,6.29,6.28,6.28,854200,5364777.0
000630.SZ,2026-04-29 13:38:00,6.28,6.29,6.27,6.28,743400,4668482.0
000630.SZ,2026-04-29 13:39:00,6.28,6.29,6.28,6.28,234200,1471045.0
000630.SZ,2026-04-29 13:40:00,6.28,6.28,6.27,6.27,678000,4256361.0
000630.SZ,2026-04-29 13:41:00,6.28,6.29,6.27,6.29,795000,4992266.0
000630.SZ,2026-04-29 13:42:00,6.28,6.29,6.28,6.29,296100,1859980.0
000630.SZ,2026-04-29 13:43:00,6.28,6.29,6.28,6.28,218000,1369325.0
000630.SZ,2026-04-29 13:44:00,6.28,6.29,6.28,6.29,229100,1438981.0
000630.SZ,2026-04-29 13:45:00,6.29,6.3,6.28,6.29,1845200,11608376.0
000630.SZ,2026-04-29 13:46:00,6.29,6.3,6.29,6.29,195400,1230273.0
000630.SZ,2026-04-29 13:47:00,6.29,6.3,6.29,6.29,351900,2214611.0
000630.SZ,2026-04-29 13:48:00,6.29,6.3,6.29,6.3,365700,2302930.0
000630.SZ,2026-04-29 13:49:00,6.3,6.3,6.29,6.3,270600,1703595.0
000630.SZ,2026-04-29 13:50:00,6.3,6.3,6.29,6.3,622600,3921184.0
000630.SZ,2026-04-29 13:51:00,6.29,6.31,6.29,6.3,2392820,15078243.0
000630.SZ,2026-04-29 13:52:00,6.3,6.31,6.3,6.31,541400,3413958.0
000630.SZ,2026-04-29 13:53:00,6.3,6.31,6.3,6.31,367900,2319438.0
000630.SZ,2026-04-29 13:54:00,6.3,6.31,6.3,6.31,503700,3177384.0
000630.SZ,2026-04-29 13:55:00,6.3,6.31,6.3,6.31,709300,4473974.0
000630.SZ,2026-04-29 13:56:00,6.3,6.31,6.3,6.31,164000,1033804.0
000630.SZ,2026-04-29 13:57:00,6.3,6.31,6.3,6.3,372300,2346472.0
000630.SZ,2026-04-29 13:58:00,6.3,6.31,6.3,6.31,620900,3912592.0
000630.SZ,2026-04-29 13:59:00,6.3,6.3,6.29,6.29,930500,5861900.0
000630.SZ,2026-04-29 14:00:00,6.29,6.31,6.29,6.3,1603600,10107879.0
000630.SZ,2026-04-29 14:01:00,6.3,6.32,6.3,6.31,2522500,15918393.0
000630.SZ,2026-04-29 14:02:00,6.31,6.33,6.31,6.32,3008400,19011998.0
000630.SZ,2026-04-29 14:03:00,6.32,6.33,6.32,6.33,474400,3000780.0
000630.SZ,2026-04-29 14:04:00,6.33,6.33,6.32,6.33,347200,2196920.0
000630.SZ,2026-04-29 14:05:00,6.32,6.33,6.32,6.32,530300,3354116.0
000630.SZ,2026-04-29 14:06:00,6.32,6.33,6.32,6.32,553500,3501810.0
000630.SZ,2026-04-29 14:07:00,6.32,6.33,6.32,6.32,392100,2478686.0
000630.SZ,2026-04-29 14:08:00,6.32,6.32,6.31,6.31,975500,6164555.0
000630.SZ,2026-04-29 14:09:00,6.32,6.32,6.31,6.31,171000,1079874.0
000630.SZ,2026-04-29 14:10:00,6.32,6.32,6.31,6.32,402200,2539617.0
000630.SZ,2026-04-29 14:11:00,6.32,6.33,6.32,6.33,2745300,17355518.0
000630.SZ,2026-04-29 14:12:00,6.33,6.33,6.32,6.32,358700,2269176.0
000630.SZ,2026-04-29 14:13:00,6.33,6.33,6.32,6.32,513300,3245623.0
000630.SZ,2026-04-29 14:14:00,6.33,6.33,6.32,6.32,463200,2929225.0
000630.SZ,2026-04-29 14:15:00,6.33,6.33,6.32,6.32,378900,2397104.0
000630.SZ,2026-04-29 14:16:00,6.32,6.33,6.32,6.32,294900,1865195.0
000630.SZ,2026-04-29 14:17:00,6.32,6.33,6.32,6.32,1116700,7067262.0
000630.SZ,2026-04-29 14:18:00,6.32,6.33,6.32,6.32,639300,4043868.0
000630.SZ,2026-04-29 14:19:00,6.33,6.33,6.32,6.33,357600,2261468.0
000630.SZ,2026-04-29 14:20:00,6.33,6.34,6.32,6.33,3627563,22964238.0
000630.SZ,2026-04-29 14:21:00,6.33,6.34,6.33,6.33,303400,1922392.0
000630.SZ,2026-04-29 14:22:00,6.33,6.34,6.33,6.34,250200,1585015.0
000630.SZ,2026-04-29 14:23:00,6.34,6.34,6.33,6.33,450600,2855251.0
000630.SZ,2026-04-29 14:24:00,6.33,6.34,6.33,6.34,475766,3013856.8
000630.SZ,2026-04-29 14:25:00,6.34,6.34,6.33,6.34,878800,5570210.0
000630.SZ,2026-04-29 14:26:00,6.34,6.35,6.33,6.34,2524800,16006753.0
000630.SZ,2026-04-29 14:27:00,6.34,6.35,6.34,6.34,740100,4694972.0
000630.SZ,2026-04-29 14:28:00,6.34,6.34,6.34,6.34,919500,5830518.0
000630.SZ,2026-04-29 14:29:00,6.34,6.34,6.33,6.34,648300,4107766.0
000630.SZ,2026-04-29 14:30:00,6.34,6.34,6.33,6.33,883900,5601547.0
000630.SZ,2026-04-29 14:31:00,6.33,6.34,6.33,6.33,388300,2459446.0
000630.SZ,2026-04-29 14:32:00,6.33,6.33,6.33,6.33,851500,5390793.0
000630.SZ,2026-04-29 14:33:00,6.33,6.34,6.33,6.34,670100,4242285.0
000630.SZ,2026-04-29 14:34:00,6.34,6.34,6.33,6.34,562700,3562711.0
000630.SZ,2026-04-29 14:35:00,6.34,6.34,6.33,6.33,419900,2659586.0
000630.SZ,2026-04-29 14:36:00,6.33,6.34,6.33,6.33,689300,4364579.0
000630.SZ,2026-04-29 14:37:00,6.33,6.34,6.33,6.33,824500,5219715.0
000630.SZ,2026-04-29 14:38:00,6.33,6.34,6.33,6.33,597900,3785832.0
000630.SZ,2026-04-29 14:39:00,6.33,6.34,6.33,6.33,758300,4800969.0
000630.SZ,2026-04-29 14:40:00,6.34,6.35,6.34,6.35,4735300,30026588.0
000630.SZ,2026-04-29 14:41:00,6.35,6.35,6.34,6.34,499200,3166225.0
000630.SZ,2026-04-29 14:42:00,6.34,6.35,6.34,6.34,1575300,9988730.0
000630.SZ,2026-04-29 14:43:00,6.34,6.35,6.34,6.34,561800,3563442.0
000630.SZ,2026-04-29 14:44:00,6.34,6.35,6.33,6.33,1132900,7182099.0
000630.SZ,2026-04-29 14:45:00,6.33,6.34,6.33,6.34,814600,5158158.0
000630.SZ,2026-04-29 14:46:00,6.33,6.34,6.33,6.34,426800,2703632.0
000630.SZ,2026-04-29 14:47:00,6.34,6.34,6.33,6.34,707900,4484198.0
000630.SZ,2026-04-29 14:48:00,6.34,6.34,6.33,6.34,538700,3412098.0
000630.SZ,2026-04-29 14:49:00,6.34,6.34,6.33,6.34,649900,4116437.0
000630.SZ,2026-04-29 14:50:00,6.34,6.34,6.33,6.34,1164965,7379057.5
000630.SZ,2026-04-29 14:51:00,6.33,6.34,6.33,6.34,1372700,8691878.0
000630.SZ,2026-04-29 14:52:00,6.33,6.34,6.33,6.33,1469800,9306133.0
000630.SZ,2026-04-29 14:53:00,6.34,6.34,6.33,6.33,1028840,6516003.0
000630.SZ,2026-04-29 14:54:00,6.34,6.34,6.33,6.33,835000,5288335.0
000630.SZ,2026-04-29 14:55:00,6.33,6.34,6.33,6.33,2568100,16262116.0
000630.SZ,2026-04-29 14:56:00,6.34,6.34,6.32,6.33,1341200,8487758.0
000630.SZ,2026-04-29 14:57:00,6.32,6.33,6.32,6.32,1461100,9242165.0
000630.SZ,2026-04-29 14:58:00,6.32,6.32,6.32,6.32,0,0.0
000630.SZ,2026-04-29 14:59:00,6.32,6.32,6.32,6.32,0,0.0
000630.SZ,2026-04-29 15:00:00,6.33,6.33,6.33,6.33,2271500,14378595.0
000630.SZ,2026-04-30 09:30:00,6.29,6.29,6.27,6.28,2349500,14775946.0
000630.SZ,2026-04-30 09:31:00,6.29,6.33,6.26,6.31,5509300,34710670.0
000630.SZ,2026-04-30 09:32:00,6.31,6.31,6.27,6.28,2744600,17258046.0
000630.SZ,2026-04-30 09:33:00,6.28,6.28,6.25,6.25,3630500,22731394.0
000630.SZ,2026-04-30 09:34:00,6.25,6.27,6.25,6.27,1931800,12085477.0
000630.SZ,2026-04-30 09:35:00,6.26,6.26,6.23,6.23,3730000,23307164.0
000630.SZ,2026-04-30 09:36:00,6.23,6.24,6.21,6.22,3899300,24282656.0
000630.SZ,2026-04-30 09:37:00,6.22,6.22,6.2,6.2,4734900,29384644.0
000630.SZ,2026-04-30 09:38:00,6.2,6.24,6.19,6.24,2395150,14870258.0
000630.SZ,2026-04-30 09:39:00,6.23,6.25,6.23,6.24,2354800,14682457.0
000630.SZ,2026-04-30 09:40:00,6.24,6.24,6.22,6.23,1791300,11159310.0
000630.SZ,2026-04-30 09:41:00,6.22,6.24,6.22,6.22,1910900,11896641.0
000630.SZ,2026-04-30 09:42:00,6.22,6.24,6.22,6.22,2510547,15628485.0
000630.SZ,2026-04-30 09:43:00,6.23,6.23,6.21,6.21,2621200,16302775.0
000630.SZ,2026-04-30 09:44:00,6.21,6.22,6.21,6.22,3026300,18797120.0
000630.SZ,2026-04-30 09:45:00,6.22,6.22,6.21,6.22,1484500,9227691.0
000630.SZ,2026-04-30 09:46:00,6.22,6.22,6.21,6.22,1620700,10073435.0
000630.SZ,2026-04-30 09:47:00,6.21,6.22,6.21,6.22,3783000,23481608.0
000630.SZ,2026-04-30 09:48:00,6.21,6.23,6.21,6.23,705100,4388674.0
000630.SZ,2026-04-30 09:49:00,6.23,6.23,6.22,6.23,1211400,7536764.0
000630.SZ,2026-04-30 09:50:00,6.23,6.26,6.23,6.26,1718800,10737348.0
000630.SZ,2026-04-30 09:51:00,6.25,6.26,6.23,6.23,796000,4972384.0
000630.SZ,2026-04-30 09:52:00,6.23,6.25,6.23,6.25,1214900,7579301.0
000630.SZ,2026-04-30 09:53:00,6.24,6.25,6.24,6.25,716800,4473922.0
000630.SZ,2026-04-30 09:54:00,6.25,6.26,6.23,6.26,2779100,17355634.0
000630.SZ,2026-04-30 09:55:00,6.26,6.28,6.26,6.28,738900,4630653.0
000630.SZ,2026-04-30 09:56:00,6.28,6.28,6.27,6.27,1003300,6292569.0
000630.SZ,2026-04-30 09:57:00,6.27,6.28,6.26,6.28,763700,4787734.0
000630.SZ,2026-04-30 09:58:00,6.27,6.27,6.26,6.26,706000,4424103.0
000630.SZ,2026-04-30 09:59:00,6.26,6.27,6.25,6.25,1127100,7049945.0
000630.SZ,2026-04-30 10:00:00,6.25,6.25,6.24,6.25,663000,4140185.0
000630.SZ,2026-04-30 10:01:00,6.25,6.25,6.23,6.23,1717400,10704420.0
000630.SZ,2026-04-30 10:02:00,6.24,6.24,6.23,6.23,315422,1966160.0
000630.SZ,2026-04-30 10:03:00,6.23,6.24,6.22,6.22,2325778,14472689.0
000630.SZ,2026-04-30 10:04:00,6.23,6.23,6.21,6.22,1308900,8140561.0
000630.SZ,2026-04-30 10:05:00,6.22,6.23,6.21,6.23,1051200,6537971.0
000630.SZ,2026-04-30 10:06:00,6.23,6.23,6.22,6.23,447100,2782789.0
000630.SZ,2026-04-30 10:07:00,6.23,6.23,6.21,6.21,1563200,9723496.0
000630.SZ,2026-04-30 10:08:00,6.21,6.22,6.21,6.22,338200,2102344.0
000630.SZ,2026-04-30 10:09:00,6.21,6.22,6.21,6.22,348500,2166048.0
000630.SZ,2026-04-30 10:10:00,6.22,6.22,6.21,6.22,488000,3033884.0
000630.SZ,2026-04-30 10:11:00,6.21,6.21,6.2,6.21,4679100,29051008.0
000630.SZ,2026-04-30 10:12:00,6.21,6.21,6.2,6.2,519100,3221366.0
000630.SZ,2026-04-30 10:13:00,6.21,6.21,6.2,6.21,353600,2193964.0
000630.SZ,2026-04-30 10:14:00,6.21,6.21,6.2,6.2,564600,3502753.0
000630.SZ,2026-04-30 10:15:00,6.19,6.2,6.19,6.19,5408600,33519348.0
000630.SZ,2026-04-30 10:16:00,6.19,6.2,6.19,6.2,1580400,9797145.0
000630.SZ,2026-04-30 10:17:00,6.2,6.21,6.2,6.21,380400,2359370.0
000630.SZ,2026-04-30 10:18:00,6.2,6.2,6.19,6.2,1373100,8511941.0
000630.SZ,2026-04-30 10:19:00,6.2,6.2,6.18,6.19,2253900,13953419.0
000630.SZ,2026-04-30 10:20:00,6.18,6.19,6.18,6.18,706800,4369956.0
000630.SZ,2026-04-30 10:21:00,6.18,6.19,6.17,6.17,2488700,15376552.0
000630.SZ,2026-04-30 10:22:00,6.18,6.18,6.17,6.18,656600,4054022.0
000630.SZ,2026-04-30 10:23:00,6.18,6.19,6.18,6.18,1386600,8569175.0
000630.SZ,2026-04-30 10:24:00,6.19,6.19,6.18,6.18,438800,2713707.0
000630.SZ,2026-04-30 10:25:00,6.19,6.19,6.18,6.18,1155000,7148103.0
000630.SZ,2026-04-30 10:26:00,6.19,6.19,6.18,6.19,794700,4916296.0
000630.SZ,2026-04-30 10:27:00,6.19,6.19,6.18,6.18,428800,2652422.0
000630.SZ,2026-04-30 10:28:00,6.19,6.19,6.18,6.18,359500,2223092.0
000630.SZ,2026-04-30 10:29:00,6.18,6.19,6.18,6.18,392500,2427968.0
000630.SZ,2026-04-30 10:30:00,6.19,6.19,6.18,6.19,530000,3279408.0
000630.SZ,2026-04-30 10:31:00,6.19,6.19,6.17,6.17,2607900,16114616.0
000630.SZ,2026-04-30 10:32:00,6.18,6.18,6.16,6.17,2581600,15925943.0
000630.SZ,2026-04-30 10:33:00,6.16,6.17,6.16,6.17,1531400,9444847.0
000630.SZ,2026-04-30 10:34:00,6.17,6.17,6.16,6.17,1141200,7032102.0
000630.SZ,2026-04-30 10:35:00,6.17,6.17,6.16,6.17,656687,4049992.0
000630.SZ,2026-04-30 10:36:00,6.17,6.18,6.16,6.18,1053600,6500122.0
000630.SZ,2026-04-30 10:37:00,6.18,6.18,6.16,6.17,1058800,6533721.0
000630.SZ,2026-04-30 10:38:00,6.17,6.17,6.16,6.16,809900,4993725.0
000630.SZ,2026-04-30 10:39:00,6.17,6.17,6.15,6.16,2770713,17067404.0
000630.SZ,2026-04-30 10:40:00,6.15,6.16,6.15,6.16,823700,5071610.0
000630.SZ,2026-04-30 10:41:00,6.16,6.16,6.15,6.16,1487600,9162383.0
000630.SZ,2026-04-30 10:42:00,6.16,6.17,6.16,6.16,576800,3554226.0
000630.SZ,2026-04-30 10:43:00,6.17,6.17,6.16,6.16,1370300,8441545.0
000630.SZ,2026-04-30 10:44:00,6.16,6.16,6.15,6.16,808300,4975528.0
000630.SZ,2026-04-30 10:45:00,6.16,6.16,6.15,6.16,440800,2713461.0
000630.SZ,2026-04-30 10:46:00,6.14,6.14,6.13,6.14,8188000,50321376.0
000630.SZ,2026-04-30 10:47:00,6.14,6.15,6.14,6.15,444500,2730843.0
000630.SZ,2026-04-30 10:48:00,6.15,6.15,6.14,6.15,652000,4007534.0
000630.SZ,2026-04-30 10:49:00,6.14,6.15,6.14,6.15,551400,3390426.0
000630.SZ,2026-04-30 10:50:00,6.15,6.15,6.14,6.14,320600,1970223.0
000630.SZ,2026-04-30 10:51:00,6.15,6.15,6.14,6.15,834000,5127739.0
000630.SZ,2026-04-30 10:52:00,6.15,6.15,6.14,6.15,451545,2776057.2
000630.SZ,2026-04-30 10:53:00,6.15,6.15,6.14,6.15,419600,2578105.0
000630.SZ,2026-04-30 10:54:00,6.15,6.15,6.14,6.14,351300,2159045.0
000630.SZ,2026-04-30 10:55:00,6.14,6.15,6.14,6.15,412700,2535617.0
000630.SZ,2026-04-30 10:56:00,6.14,6.15,6.14,6.15,507000,3114855.0
000630.SZ,2026-04-30 10:57:00,6.15,6.15,6.14,6.15,437800,2689995.0
000630.SZ,2026-04-30 10:58:00,6.15,6.15,6.14,6.15,1530100,9395419.0
000630.SZ,2026-04-30 10:59:00,6.15,6.15,6.14,6.15,288600,1772893.0
000630.SZ,2026-04-30 11:00:00,6.15,6.15,6.14,6.15,760700,4673814.0
000630.SZ,2026-04-30 11:01:00,6.15,6.15,6.14,6.15,245000,1505823.0
000630.SZ,2026-04-30 11:02:00,6.14,6.15,6.14,6.15,173100,1064015.0
000630.SZ,2026-04-30 11:03:00,6.15,6.15,6.14,6.14,327400,2011683.0
000630.SZ,2026-04-30 11:04:00,6.15,6.15,6.14,6.15,470900,2894662.0
000630.SZ,2026-04-30 11:05:00,6.15,6.15,6.14,6.15,1344100,8253840.0
000630.SZ,2026-04-30 11:06:00,6.15,6.15,6.13,6.13,1757500,10785453.0
000630.SZ,2026-04-30 11:07:00,6.14,6.14,6.14,6.14,492900,3024449.0
000630.SZ,2026-04-30 11:08:00,6.14,6.14,6.13,6.14,326700,2004742.0
000630.SZ,2026-04-30 11:09:00,6.14,6.14,6.13,6.14,374000,2295386.0
000630.SZ,2026-04-30 11:10:00,6.14,6.14,6.13,6.14,545900,3348059.0
000630.SZ,2026-04-30 11:11:00,6.14,6.15,6.13,6.14,1035400,6356534.0
000630.SZ,2026-04-30 11:12:00,6.14,6.14,6.13,6.13,460700,2828131.0
000630.SZ,2026-04-30 11:13:00,6.14,6.15,6.14,6.15,391900,2407543.0
000630.SZ,2026-04-30 11:14:00,6.14,6.15,6.14,6.14,1037500,6371402.0
000630.SZ,2026-04-30 11:15:00,6.14,6.14,6.13,6.14,516400,3169625.0
000630.SZ,2026-04-30 11:16:00,6.14,6.14,6.13,6.13,498800,3060324.0
000630.SZ,2026-04-30 11:17:00,6.13,6.14,6.13,6.14,238100,1460764.0
000630.SZ,2026-04-30 11:18:00,6.14,6.14,6.13,6.14,588300,3611136.0
000630.SZ,2026-04-30 11:19:00,6.14,6.14,6.13,6.13,416800,2557031.0
000630.SZ,2026-04-30 11:20:00,6.14,6.14,6.13,6.14,302100,1854184.0
000630.SZ,2026-04-30 11:21:00,6.13,6.14,6.13,6.13,504000,3091918.0
000630.SZ,2026-04-30 11:22:00,6.14,6.14,6.13,6.14,463400,2842851.0
000630.SZ,2026-04-30 11:23:00,6.14,6.14,6.13,6.14,968300,5943725.0
000630.SZ,2026-04-30 11:24:00,6.14,6.15,6.13,6.15,554600,3407012.0
000630.SZ,2026-04-30 11:25:00,6.15,6.15,6.14,6.15,466300,2864118.0
000630.SZ,2026-04-30 11:26:00,6.14,6.16,6.14,6.14,1099200,6759568.0
000630.SZ,2026-04-30 11:27:00,6.15,6.15,6.14,6.14,498500,3064585.0
000630.SZ,2026-04-30 11:28:00,6.15,6.15,6.14,6.14,247900,1524036.0
000630.SZ,2026-04-30 11:29:00,6.15,6.15,6.14,6.15,656400,4036002.0
000630.SZ,2026-04-30 11:30:00,6.15,6.15,6.14,6.15,807800,4966323.0
000630.SZ,2026-04-30 13:01:00,6.14,6.15,6.11,6.12,9752800,59802800.0
000630.SZ,2026-04-30 13:02:00,6.12,6.12,6.11,6.12,834800,5103958.0
000630.SZ,2026-04-30 13:03:00,6.11,6.12,6.11,6.11,669000,4089203.0
000630.SZ,2026-04-30 13:04:00,6.11,6.12,6.11,6.12,1194600,7299983.0
000630.SZ,2026-04-30 13:05:00,6.11,6.12,6.1,6.1,2125100,12982123.0
000630.SZ,2026-04-30 13:06:00,6.11,6.11,6.1,6.11,533300,3256649.0
000630.SZ,2026-04-30 13:07:00,6.11,6.12,6.1,6.12,1872000,11442237.0
000630.SZ,2026-04-30 13:08:00,6.12,6.12,6.11,6.11,1627000,9944982.0
000630.SZ,2026-04-30 13:09:00,6.11,6.12,6.11,6.11,497800,3042961.0
000630.SZ,2026-04-30 13:10:00,6.12,6.12,6.11,6.12,1050500,6419768.0
000630.SZ,2026-04-30 13:11:00,6.11,6.12,6.11,6.12,617600,3777805.0
000630.SZ,2026-04-30 13:12:00,6.11,6.12,6.11,6.12,406100,2482203.0
000630.SZ,2026-04-30 13:13:00,6.11,6.12,6.11,6.11,317400,1940801.0
000630.SZ,2026-04-30 13:14:00,6.11,6.12,6.11,6.12,433800,2653339.0
000630.SZ,2026-04-30 13:15:00,6.11,6.12,6.11,6.12,502700,3075595.0
000630.SZ,2026-04-30 13:16:00,6.12,6.12,6.11,6.11,660700,4038449.0
000630.SZ,2026-04-30 13:17:00,6.11,6.12,6.11,6.11,268000,1637962.0
000630.SZ,2026-04-30 13:18:00,6.11,6.12,6.11,6.12,401200,2453386.0
000630.SZ,2026-04-30 13:19:00,6.12,6.12,6.11,6.12,266500,1629373.0
000630.SZ,2026-04-30 13:20:00,6.11,6.12,6.11,6.12,569400,3482244.0
000630.SZ,2026-04-30 13:21:00,6.11,6.12,6.11,6.12,439500,2687679.0
000630.SZ,2026-04-30 13:22:00,6.12,6.12,6.11,6.12,1131000,6918631.0
000630.SZ,2026-04-30 13:23:00,6.12,6.12,6.11,6.12,684400,4187832.0
000630.SZ,2026-04-30 13:24:00,6.12,6.12,6.11,6.12,345500,2113727.0
000630.SZ,2026-04-30 13:25:00,6.11,6.12,6.11,6.12,760200,4646014.0
000630.SZ,2026-04-30 13:26:00,6.11,6.12,6.1,6.1,2132600,13029362.0
000630.SZ,2026-04-30 13:27:00,6.1,6.11,6.1,6.1,265400,1620173.0
000630.SZ,2026-04-30 13:28:00,6.11,6.11,6.1,6.11,357900,2184679.0
000630.SZ,2026-04-30 13:29:00,6.11,6.11,6.1,6.1,735600,4488882.0
000630.SZ,2026-04-30 13:30:00,6.11,6.11,6.1,6.11,619500,3780387.0
000630.SZ,2026-04-30 13:31:00,6.11,6.11,6.1,6.11,758000,4627830.0
000630.SZ,2026-04-30 13:32:00,6.1,6.11,6.1,6.11,779600,4761879.0
000630.SZ,2026-04-30 13:33:00,6.11,6.11,6.1,6.11,625000,3814934.0
000630.SZ,2026-04-30 13:34:00,6.1,6.11,6.1,6.11,542900,3315702.0
000630.SZ,2026-04-30 13:35:00,6.11,6.11,6.1,6.11,414318,2529859.8
000630.SZ,2026-04-30 13:36:00,6.11,6.11,6.1,6.11,595700,3637169.0
000630.SZ,2026-04-30 13:37:00,6.1,6.11,6.1,6.11,720900,4400421.0
000630.SZ,2026-04-30 13:38:00,6.1,6.11,6.1,6.11,416300,2541519.0
000630.SZ,2026-04-30 13:39:00,6.11,6.11,6.1,6.11,435800,2661334.0
000630.SZ,2026-04-30 13:40:00,6.11,6.12,6.1,6.11,1951900,11925395.0
000630.SZ,2026-04-30 13:41:00,6.1,6.12,6.1,6.11,951000,5809562.0
000630.SZ,2026-04-30 13:42:00,6.11,6.12,6.11,6.11,1009400,6168074.0
000630.SZ,2026-04-30 13:43:00,6.12,6.12,6.11,6.12,281100,1719403.0
000630.SZ,2026-04-30 13:44:00,6.12,6.12,6.12,6.12,780900,4778131.0
000630.SZ,2026-04-30 13:45:00,6.12,6.12,6.11,6.11,616200,3769625.0
000630.SZ,2026-04-30 13:46:00,6.12,6.12,6.11,6.12,688300,4208361.0
000630.SZ,2026-04-30 13:47:00,6.11,6.12,6.1,6.1,3001900,18343140.0
000630.SZ,2026-04-30 13:48:00,6.1,6.11,6.1,6.11,410400,2506652.0
000630.SZ,2026-04-30 13:49:00,6.11,6.11,6.1,6.11,496800,3034810.0
000630.SZ,2026-04-30 13:50:00,6.12,6.12,6.1,6.11,667200,4076055.0
000630.SZ,2026-04-30 13:51:00,6.1,6.11,6.1,6.11,659500,4025548.0
000630.SZ,2026-04-30 13:52:00,6.11,6.11,6.1,6.11,288000,1758684.0
000630.SZ,2026-04-30 13:53:00,6.11,6.11,6.1,6.11,562800,3437156.0
000630.SZ,2026-04-30 13:54:00,6.11,6.11,6.1,6.11,716200,4372547.0
000630.SZ,2026-04-30 13:55:00,6.11,6.12,6.1,6.12,1651200,10088483.0
000630.SZ,2026-04-30 13:56:00,6.12,6.12,6.11,6.12,354300,2167479.0
000630.SZ,2026-04-30 13:57:00,6.12,6.12,6.11,6.12,416100,2545064.0
000630.SZ,2026-04-30 13:58:00,6.12,6.12,6.11,6.12,899300,5501325.0
000630.SZ,2026-04-30 13:59:00,6.12,6.12,6.11,6.12,938800,5744426.0
000630.SZ,2026-04-30 14:00:00,6.12,6.12,6.11,6.12,639900,3916425.0
000630.SZ,2026-04-30 14:01:00,6.12,6.12,6.11,6.11,467100,2856377.0
000630.SZ,2026-04-30 14:02:00,6.12,6.12,6.11,6.11,227800,1393378.0
000630.SZ,2026-04-30 14:03:00,6.12,6.13,6.11,6.12,1697700,10390803.0
000630.SZ,2026-04-30 14:04:00,6.12,6.13,6.12,6.12,580700,3555174.0
000630.SZ,2026-04-30 14:05:00,6.12,6.13,6.12,6.13,436700,2676115.0
000630.SZ,2026-04-30 14:06:00,6.13,6.14,6.12,6.14,1254500,7692245.0
000630.SZ,2026-04-30 14:07:00,6.14,6.14,6.13,6.14,531000,3259911.0
000630.SZ,2026-04-30 14:08:00,6.14,6.14,6.13,6.13,851400,5225298.0
000630.SZ,2026-04-30 14:09:00,6.14,6.14,6.13,6.14,437900,2686482.0
000630.SZ,2026-04-30 14:10:00,6.14,6.14,6.12,6.12,1656400,10155259.0
000630.SZ,2026-04-30 14:11:00,6.13,6.13,6.12,6.13,268400,1644441.0
000630.SZ,2026-04-30 14:12:00,6.13,6.13,6.12,6.13,503641,3084704.0
000630.SZ,2026-04-30 14:13:00,6.13,6.13,6.12,6.13,673259,4125381.0
000630.SZ,2026-04-30 14:14:00,6.12,6.13,6.12,6.13,284800,1743963.0
000630.SZ,2026-04-30 14:15:00,6.13,6.13,6.12,6.13,2320500,14202812.0
000630.SZ,2026-04-30 14:16:00,6.12,6.13,6.12,6.12,503400,3082062.0
000630.SZ,2026-04-30 14:17:00,6.12,6.13,6.12,6.12,321700,1970087.0
000630.SZ,2026-04-30 14:18:00,6.13,6.13,6.12,6.13,451000,2761418.0
000630.SZ,2026-04-30 14:19:00,6.13,6.13,6.12,6.12,552900,3385123.0
000630.SZ,2026-04-30 14:20:00,6.13,6.13,6.12,6.13,335300,2053174.0
000630.SZ,2026-04-30 14:21:00,6.13,6.13,6.12,6.13,228600,1399793.0
000630.SZ,2026-04-30 14:22:00,6.13,6.13,6.12,6.12,194900,1193927.0
000630.SZ,2026-04-30 14:23:00,6.12,6.13,6.12,6.13,317600,1944676.0
000630.SZ,2026-04-30 14:24:00,6.12,6.13,6.12,6.13,1013400,6203635.0
000630.SZ,2026-04-30 14:25:00,6.12,6.13,6.12,6.13,351400,2152363.0
000630.SZ,2026-04-30 14:26:00,6.13,6.13,6.12,6.12,381000,2333732.0
000630.SZ,2026-04-30 14:27:00,6.13,6.13,6.12,6.12,282300,1729501.0
000630.SZ,2026-04-30 14:28:00,6.12,6.13,6.12,6.12,593800,3637946.0
000630.SZ,2026-04-30 14:29:00,6.13,6.14,6.12,6.14,3291800,20196240.0
000630.SZ,2026-04-30 14:30:00,6.14,6.14,6.13,6.14,599800,3680591.0
000630.SZ,2026-04-30 14:31:00,6.14,6.15,6.14,6.15,984200,6043126.0
000630.SZ,2026-04-30 14:32:00,6.15,6.16,6.15,6.16,1094700,6734910.0
000630.SZ,2026-04-30 14:33:00,6.16,6.16,6.15,6.15,431100,2653760.0
000630.SZ,2026-04-30 14:34:00,6.16,6.16,6.15,6.16,298600,1838350.0
000630.SZ,2026-04-30 14:35:00,6.16,6.16,6.15,6.16,606400,3731588.0
000630.SZ,2026-04-30 14:36:00,6.16,6.16,6.15,6.15,546400,3364956.0
000630.SZ,2026-04-30 14:37:00,6.15,6.16,6.15,6.15,398901,2455401.2
000630.SZ,2026-04-30 14:38:00,6.16,6.16,6.15,6.15,1050100,6461763.0
000630.SZ,2026-04-30 14:39:00,6.16,6.16,6.15,6.16,414100,2549743.0
000630.SZ,2026-04-30 14:40:00,6.16,6.16,6.15,6.16,773000,4760064.0
000630.SZ,2026-04-30 14:41:00,6.16,6.16,6.15,6.15,449200,2764979.0
000630.SZ,2026-04-30 14:42:00,6.15,6.16,6.15,6.15,653500,4022799.0
000630.SZ,2026-04-30 14:43:00,6.16,6.16,6.15,6.15,713100,4390387.0
000630.SZ,2026-04-30 14:44:00,6.16,6.16,6.15,6.16,938500,5778958.0
000630.SZ,2026-04-30 14:45:00,6.16,6.16,6.15,6.16,610400,3757230.0
000630.SZ,2026-04-30 14:46:00,6.16,6.16,6.15,6.15,945100,5818299.0
000630.SZ,2026-04-30 14:47:00,6.15,6.16,6.15,6.16,543200,3343526.0
000630.SZ,2026-04-30 14:48:00,6.16,6.16,6.15,6.15,1008700,6206627.0
000630.SZ,2026-04-30 14:49:00,6.15,6.16,6.15,6.15,955800,5883060.0
000630.SZ,2026-04-30 14:50:00,6.15,6.16,6.15,6.15,1321500,8132348.0
000630.SZ,2026-04-30 14:51:00,6.16,6.16,6.15,6.16,1643000,10114770.0
000630.SZ,2026-04-30 14:52:00,6.16,6.16,6.15,6.15,1474000,9072142.0
000630.SZ,2026-04-30 14:53:00,6.16,6.16,6.15,6.15,3562600,21914724.0
000630.SZ,2026-04-30 14:54:00,6.15,6.16,6.15,6.15,957300,5889253.0
000630.SZ,2026-04-30 14:55:00,6.15,6.16,6.15,6.15,1475423,9077067.0
000630.SZ,2026-04-30 14:56:00,6.15,6.16,6.15,6.15,2289703,14086733.0
000630.SZ,2026-04-30 14:57:00,6.15,6.16,6.14,6.15,2380886,14644332.0
000630.SZ,2026-04-30 14:58:00,6.15,6.15,6.15,6.15,0,0.0
000630.SZ,2026-04-30 14:59:00,6.15,6.15,6.15,6.15,0,0.0
000630.SZ,2026-04-30 15:00:00,6.15,6.15,6.15,6.15,2286800,14063820.0
