ts_code,trade_time,open,high,low,close,vol,amount
000026.SZ,2026-03-02 09:30:00,15.65,15.68,15.65,15.65,37500,586905.0
000026.SZ,2026-03-02 09:31:00,15.66,15.8,15.6,15.65,161700,2529500.0
000026.SZ,2026-03-02 09:32:00,15.63,15.76,15.63,15.76,60300,947783.0
000026.SZ,2026-03-02 09:33:00,15.76,15.76,15.7,15.71,67600,1063118.0
000026.SZ,2026-03-02 09:34:00,15.72,15.76,15.67,15.69,94900,1493613.0
000026.SZ,2026-03-02 09:35:00,15.66,15.66,15.61,15.65,47000,734665.0
000026.SZ,2026-03-02 09:36:00,15.65,15.65,15.62,15.62,27700,433056.0
000026.SZ,2026-03-02 09:37:00,15.61,15.63,15.6,15.63,43400,677538.0
000026.SZ,2026-03-02 09:38:00,15.61,15.62,15.58,15.6,122900,1917476.0
000026.SZ,2026-03-02 09:39:00,15.58,15.6,15.55,15.58,74200,1155698.0
000026.SZ,2026-03-02 09:40:00,15.62,15.7,15.61,15.7,43400,679131.0
000026.SZ,2026-03-02 09:41:00,15.71,15.75,15.7,15.71,39600,622591.0
000026.SZ,2026-03-02 09:42:00,15.71,15.71,15.65,15.65,26800,420423.0
000026.SZ,2026-03-02 09:43:00,15.66,15.7,15.65,15.67,66500,1041279.0
000026.SZ,2026-03-02 09:44:00,15.69,15.69,15.65,15.65,34200,536076.0
000026.SZ,2026-03-02 09:45:00,15.65,15.67,15.63,15.64,24800,387813.0
000026.SZ,2026-03-02 09:46:00,15.64,15.67,15.63,15.63,36700,574083.0
000026.SZ,2026-03-02 09:47:00,15.64,15.65,15.58,15.59,42100,656862.0
000026.SZ,2026-03-02 09:48:00,15.6,15.63,15.58,15.62,51900,810357.0
000026.SZ,2026-03-02 09:49:00,15.62,15.62,15.6,15.6,34300,535296.0
000026.SZ,2026-03-02 09:50:00,15.6,15.6,15.59,15.6,15600,243283.0
000026.SZ,2026-03-02 09:51:00,15.6,15.6,15.56,15.57,57200,891244.0
000026.SZ,2026-03-02 09:52:00,15.57,15.61,15.57,15.59,28600,445767.0
000026.SZ,2026-03-02 09:53:00,15.58,15.59,15.58,15.59,4100,63902.0
000026.SZ,2026-03-02 09:54:00,15.58,15.58,15.57,15.57,26900,419050.0
000026.SZ,2026-03-02 09:55:00,15.56,15.57,15.54,15.55,85400,1328426.0
000026.SZ,2026-03-02 09:56:00,15.55,15.55,15.53,15.53,22200,345019.0
000026.SZ,2026-03-02 09:57:00,15.54,15.54,15.52,15.52,40900,635223.0
000026.SZ,2026-03-02 09:58:00,15.54,15.54,15.52,15.53,13801,214316.52
000026.SZ,2026-03-02 09:59:00,15.52,15.54,15.52,15.52,59199,918945.5
000026.SZ,2026-03-02 10:00:00,15.52,15.55,15.51,15.52,38101,591684.5
000026.SZ,2026-03-02 10:01:00,15.54,15.55,15.52,15.55,23700,368131.0
000026.SZ,2026-03-02 10:02:00,15.55,15.57,15.54,15.56,27400,426318.0
000026.SZ,2026-03-02 10:03:00,15.57,15.6,15.56,15.57,34500,537456.0
000026.SZ,2026-03-02 10:04:00,15.58,15.58,15.51,15.51,73099,1135470.5
000026.SZ,2026-03-02 10:05:00,15.51,15.52,15.48,15.49,194100,3008813.0
000026.SZ,2026-03-02 10:06:00,15.5,15.5,15.48,15.48,43700,677162.0
000026.SZ,2026-03-02 10:07:00,15.49,15.49,15.47,15.48,73800,1142203.0
000026.SZ,2026-03-02 10:08:00,15.47,15.47,15.41,15.42,145500,2246974.0
000026.SZ,2026-03-02 10:09:00,15.42,15.45,15.41,15.42,43600,672547.0
000026.SZ,2026-03-02 10:10:00,15.42,15.44,15.42,15.43,39600,610914.0
000026.SZ,2026-03-02 10:11:00,15.42,15.42,15.39,15.39,89300,1375772.0
000026.SZ,2026-03-02 10:12:00,15.39,15.4,15.38,15.4,8600,132321.0
000026.SZ,2026-03-02 10:13:00,15.4,15.4,15.36,15.36,61800,950590.0
000026.SZ,2026-03-02 10:14:00,15.35,15.37,15.35,15.37,72300,1110295.0
000026.SZ,2026-03-02 10:15:00,15.38,15.39,15.37,15.38,46100,709002.0
000026.SZ,2026-03-02 10:16:00,15.38,15.4,15.37,15.4,63400,975207.0
000026.SZ,2026-03-02 10:17:00,15.4,15.4,15.38,15.38,16100,247900.0
000026.SZ,2026-03-02 10:18:00,15.38,15.38,15.37,15.37,19100,293601.0
000026.SZ,2026-03-02 10:19:00,15.36,15.37,15.36,15.36,37900,582145.0
000026.SZ,2026-03-02 10:20:00,15.36,15.37,15.35,15.37,16200,248862.0
000026.SZ,2026-03-02 10:21:00,15.35,15.38,15.35,15.37,39700,609825.0
000026.SZ,2026-03-02 10:22:00,15.37,15.39,15.37,15.38,5900,90708.0
000026.SZ,2026-03-02 10:23:00,15.39,15.39,15.36,15.38,36100,554895.0
000026.SZ,2026-03-02 10:24:00,15.38,15.38,15.37,15.38,7700,118392.0
000026.SZ,2026-03-02 10:25:00,15.38,15.39,15.38,15.39,14300,219934.0
000026.SZ,2026-03-02 10:26:00,15.39,15.4,15.39,15.4,3200,49264.0
000026.SZ,2026-03-02 10:27:00,15.4,15.4,15.4,15.4,7400,113960.0
000026.SZ,2026-03-02 10:28:00,15.4,15.41,15.39,15.4,5700,87797.0
000026.SZ,2026-03-02 10:29:00,15.41,15.41,15.4,15.41,10100,155569.0
000026.SZ,2026-03-02 10:30:00,15.4,15.4,15.36,15.36,74300,1142279.0
000026.SZ,2026-03-02 10:31:00,15.35,15.36,15.34,15.34,50200,770556.0
000026.SZ,2026-03-02 10:32:00,15.34,15.34,15.33,15.34,23000,352752.0
000026.SZ,2026-03-02 10:33:00,15.36,15.38,15.36,15.38,50000,767910.0
000026.SZ,2026-03-02 10:34:00,15.39,15.39,15.35,15.35,42500,652460.0
000026.SZ,2026-03-02 10:35:00,15.35,15.36,15.35,15.36,4100,62969.0
000026.SZ,2026-03-02 10:36:00,15.37,15.38,15.35,15.38,4300,66090.0
000026.SZ,2026-03-02 10:37:00,15.37,15.37,15.37,15.37,3300,50721.0
000026.SZ,2026-03-02 10:38:00,15.37,15.39,15.37,15.39,17600,270471.0
000026.SZ,2026-03-02 10:39:00,15.39,15.41,15.39,15.41,5300,81629.0
000026.SZ,2026-03-02 10:40:00,15.41,15.41,15.41,15.41,8600,132526.0
000026.SZ,2026-03-02 10:41:00,15.41,15.41,15.4,15.41,5200,80124.0
000026.SZ,2026-03-02 10:42:00,15.41,15.42,15.41,15.42,9700,149572.0
000026.SZ,2026-03-02 10:43:00,15.43,15.43,15.4,15.4,33600,518160.0
000026.SZ,2026-03-02 10:44:00,15.41,15.41,15.41,15.41,1700,26197.0
000026.SZ,2026-03-02 10:45:00,15.42,15.42,15.41,15.41,14300,220371.0
000026.SZ,2026-03-02 10:46:00,15.41,15.42,15.41,15.42,6000,92493.0
000026.SZ,2026-03-02 10:47:00,15.42,15.43,15.41,15.43,5600,86339.0
000026.SZ,2026-03-02 10:48:00,15.42,15.43,15.41,15.42,12200,188068.0
000026.SZ,2026-03-02 10:49:00,15.41,15.44,15.41,15.44,12400,191266.0
000026.SZ,2026-03-02 10:50:00,15.44,15.45,15.43,15.45,11700,180708.0
000026.SZ,2026-03-02 10:51:00,15.45,15.47,15.45,15.46,6000,92723.0
000026.SZ,2026-03-02 10:52:00,15.47,15.47,15.46,15.46,5900,91237.0
000026.SZ,2026-03-02 10:53:00,15.46,15.47,15.44,15.46,8700,134444.0
000026.SZ,2026-03-02 10:54:00,15.44,15.45,15.44,15.45,1600,24718.0
000026.SZ,2026-03-02 10:55:00,15.44,15.44,15.43,15.43,25400,391840.0
000026.SZ,2026-03-02 10:56:00,15.43,15.43,15.42,15.43,1400,21597.0
000026.SZ,2026-03-02 10:57:00,15.42,15.43,15.42,15.42,3400,52430.0
000026.SZ,2026-03-02 10:58:00,15.42,15.43,15.42,15.42,8300,128005.0
000026.SZ,2026-03-02 10:59:00,15.43,15.43,15.41,15.41,11100,171194.0
000026.SZ,2026-03-02 11:00:00,15.41,15.44,15.41,15.44,29000,447328.0
000026.SZ,2026-03-02 11:01:00,15.43,15.43,15.41,15.41,12600,194269.0
000026.SZ,2026-03-02 11:02:00,15.42,15.42,15.4,15.4,9600,147924.0
000026.SZ,2026-03-02 11:03:00,15.4,15.41,15.4,15.41,8900,137112.0
000026.SZ,2026-03-02 11:04:00,15.42,15.42,15.41,15.42,10600,163440.0
000026.SZ,2026-03-02 11:05:00,15.43,15.45,15.42,15.45,7400,114232.0
000026.SZ,2026-03-02 11:06:00,15.44,15.44,15.43,15.43,16300,251624.0
000026.SZ,2026-03-02 11:07:00,15.42,15.44,15.41,15.44,20000,308552.0
000026.SZ,2026-03-02 11:08:00,15.46,15.46,15.44,15.46,4200,64893.0
000026.SZ,2026-03-02 11:09:00,15.46,15.46,15.44,15.44,3800,58705.0
000026.SZ,2026-03-02 11:10:00,15.45,15.45,15.42,15.43,3600,55561.0
000026.SZ,2026-03-02 11:11:00,15.42,15.43,15.42,15.42,4700,72484.0
000026.SZ,2026-03-02 11:12:00,15.43,15.43,15.42,15.43,1300,20057.0
000026.SZ,2026-03-02 11:13:00,15.43,15.44,15.42,15.42,26000,401069.0
000026.SZ,2026-03-02 11:14:00,15.44,15.44,15.43,15.44,7400,114194.0
000026.SZ,2026-03-02 11:15:00,15.42,15.42,15.4,15.4,10000,154115.0
000026.SZ,2026-03-02 11:16:00,15.4,15.41,15.4,15.41,7500,115556.0
000026.SZ,2026-03-02 11:17:00,15.41,15.41,15.4,15.41,12100,186351.0
000026.SZ,2026-03-02 11:18:00,15.41,15.41,15.4,15.41,6300,97062.0
000026.SZ,2026-03-02 11:19:00,15.43,15.43,15.4,15.43,13100,201957.0
000026.SZ,2026-03-02 11:20:00,15.43,15.44,15.41,15.43,13300,205112.0
000026.SZ,2026-03-02 11:21:00,15.44,15.44,15.42,15.43,13200,203725.0
000026.SZ,2026-03-02 11:22:00,15.42,15.44,15.41,15.43,14500,223721.0
000026.SZ,2026-03-02 11:23:00,15.43,15.45,15.41,15.45,34700,535927.0
000026.SZ,2026-03-02 11:24:00,15.47,15.47,15.46,15.47,7500,115973.0
000026.SZ,2026-03-02 11:25:00,15.48,15.48,15.47,15.47,4100,63440.0
000026.SZ,2026-03-02 11:26:00,15.46,15.47,15.45,15.45,24900,384780.0
000026.SZ,2026-03-02 11:27:00,15.46,15.46,15.45,15.46,2000,30907.0
000026.SZ,2026-03-02 11:28:00,15.46,15.46,15.45,15.46,6600,101980.0
000026.SZ,2026-03-02 11:29:00,15.46,15.47,15.45,15.47,7400,114415.0
000026.SZ,2026-03-02 11:30:00,15.47,15.47,15.46,15.46,4300,66512.0
000026.SZ,2026-03-02 13:01:00,15.46,15.49,15.46,15.46,54300,840034.0
000026.SZ,2026-03-02 13:02:00,15.45,15.45,15.44,15.45,34800,537742.0
000026.SZ,2026-03-02 13:03:00,15.45,15.48,15.45,15.47,15700,242895.0
000026.SZ,2026-03-02 13:04:00,15.51,15.51,15.48,15.5,42600,660183.0
000026.SZ,2026-03-02 13:05:00,15.5,15.5,15.48,15.48,8400,130154.0
000026.SZ,2026-03-02 13:06:00,15.49,15.5,15.48,15.49,28800,445899.0
000026.SZ,2026-03-02 13:07:00,15.48,15.5,15.48,15.5,4500,69710.0
000026.SZ,2026-03-02 13:08:00,15.5,15.51,15.5,15.51,18700,289866.0
000026.SZ,2026-03-02 13:09:00,15.51,15.51,15.5,15.5,14200,220112.0
000026.SZ,2026-03-02 13:10:00,15.5,15.51,15.5,15.51,4500,69764.0
000026.SZ,2026-03-02 13:11:00,15.5,15.51,15.5,15.51,7100,110058.0
000026.SZ,2026-03-02 13:12:00,15.51,15.51,15.5,15.5,3100,48067.0
000026.SZ,2026-03-02 13:13:00,15.5,15.51,15.49,15.5,18500,286748.0
000026.SZ,2026-03-02 13:14:00,15.49,15.5,15.49,15.49,3400,52684.0
000026.SZ,2026-03-02 13:15:00,15.5,15.5,15.49,15.49,5300,82101.0
000026.SZ,2026-03-02 13:16:00,15.49,15.5,15.49,15.49,11900,184333.0
000026.SZ,2026-03-02 13:17:00,15.5,15.5,15.49,15.49,19000,294485.0
000026.SZ,2026-03-02 13:18:00,15.49,15.49,15.49,15.49,20400,315996.0
000026.SZ,2026-03-02 13:19:00,15.48,15.5,15.48,15.5,13000,201385.0
000026.SZ,2026-03-02 13:20:00,15.5,15.52,15.5,15.52,32400,502594.0
000026.SZ,2026-03-02 13:21:00,15.53,15.54,15.53,15.53,8100,125814.0
000026.SZ,2026-03-02 13:22:00,15.53,15.53,15.53,15.53,3200,49696.0
000026.SZ,2026-03-02 13:23:00,15.53,15.53,15.52,15.52,4000,62115.0
000026.SZ,2026-03-02 13:24:00,15.52,15.52,15.52,15.52,5900,91569.0
000026.SZ,2026-03-02 13:25:00,15.52,15.53,15.52,15.53,5300,82303.0
000026.SZ,2026-03-02 13:26:00,15.53,15.53,15.53,15.53,6100,94733.0
000026.SZ,2026-03-02 13:27:00,15.53,15.54,15.53,15.54,12400,192642.0
000026.SZ,2026-03-02 13:28:00,15.54,15.54,15.53,15.53,3000,46608.0
000026.SZ,2026-03-02 13:29:00,15.54,15.54,15.53,15.53,3800,59041.0
000026.SZ,2026-03-02 13:30:00,15.54,15.54,15.52,15.52,15400,239168.0
000026.SZ,2026-03-02 13:31:00,15.52,15.53,15.52,15.53,18400,285681.0
000026.SZ,2026-03-02 13:32:00,15.53,15.53,15.52,15.53,7900,122624.0
000026.SZ,2026-03-02 13:33:00,15.52,15.53,15.51,15.51,9100,141232.0
000026.SZ,2026-03-02 13:34:00,15.53,15.53,15.52,15.52,3100,48115.0
000026.SZ,2026-03-02 13:35:00,15.52,15.53,15.51,15.53,14600,226496.0
000026.SZ,2026-03-02 13:36:00,15.52,15.53,15.52,15.53,4400,68290.0
000026.SZ,2026-03-02 13:37:00,15.52,15.52,15.51,15.51,5600,86900.0
000026.SZ,2026-03-02 13:38:00,15.52,15.52,15.52,15.52,10100,156752.0
000026.SZ,2026-03-02 13:39:00,15.53,15.53,15.53,15.53,6800,105604.0
000026.SZ,2026-03-02 13:40:00,15.53,15.53,15.53,15.53,900,13977.0
000026.SZ,2026-03-02 13:41:00,15.52,15.52,15.51,15.51,46600,722870.0
000026.SZ,2026-03-02 13:42:00,15.52,15.53,15.52,15.53,15500,240449.0
000026.SZ,2026-03-02 13:43:00,15.53,15.53,15.51,15.51,17600,273165.0
000026.SZ,2026-03-02 13:44:00,15.52,15.53,15.52,15.52,4600,71395.0
000026.SZ,2026-03-02 13:45:00,15.53,15.53,15.51,15.51,4000,62070.0
000026.SZ,2026-03-02 13:46:00,15.51,15.52,15.51,15.51,1800,27923.0
000026.SZ,2026-03-02 13:47:00,15.52,15.52,15.52,15.52,2100,32592.0
000026.SZ,2026-03-02 13:48:00,15.52,15.52,15.5,15.51,15400,238836.0
000026.SZ,2026-03-02 13:49:00,15.52,15.52,15.51,15.51,2100,32585.0
000026.SZ,2026-03-02 13:50:00,15.52,15.54,15.52,15.54,29200,453390.0
000026.SZ,2026-03-02 13:51:00,15.55,15.58,15.54,15.58,80900,1258019.0
000026.SZ,2026-03-02 13:52:00,15.56,15.58,15.55,15.55,7600,118280.0
000026.SZ,2026-03-02 13:53:00,15.57,15.58,15.55,15.58,47900,746149.0
000026.SZ,2026-03-02 13:54:00,15.6,15.61,15.59,15.6,93400,1456945.0
000026.SZ,2026-03-02 13:55:00,15.6,15.6,15.59,15.6,16500,257372.0
000026.SZ,2026-03-02 13:56:00,15.61,15.64,15.61,15.64,14800,231154.0
000026.SZ,2026-03-02 13:57:00,15.64,15.64,15.63,15.63,18800,294138.0
000026.SZ,2026-03-02 13:58:00,15.63,15.65,15.63,15.64,31200,487765.0
000026.SZ,2026-03-02 13:59:00,15.64,15.64,15.61,15.61,6900,107903.0
000026.SZ,2026-03-02 14:00:00,15.61,15.64,15.61,15.64,33600,525441.0
000026.SZ,2026-03-02 14:01:00,15.65,15.65,15.62,15.62,6800,106303.0
000026.SZ,2026-03-02 14:02:00,15.63,15.64,15.61,15.61,18200,284425.0
000026.SZ,2026-03-02 14:03:00,15.61,15.62,15.61,15.62,8700,135875.0
000026.SZ,2026-03-02 14:04:00,15.62,15.62,15.61,15.61,8700,135833.0
000026.SZ,2026-03-02 14:05:00,15.6,15.61,15.6,15.6,16800,262081.0
000026.SZ,2026-03-02 14:06:00,15.61,15.61,15.59,15.59,16100,251138.0
000026.SZ,2026-03-02 14:07:00,15.58,15.6,15.58,15.6,33500,522519.0
000026.SZ,2026-03-02 14:08:00,15.61,15.61,15.6,15.61,21900,341759.0
000026.SZ,2026-03-02 14:09:00,15.62,15.62,15.59,15.6,35600,555460.0
000026.SZ,2026-03-02 14:10:00,15.61,15.61,15.59,15.61,23000,358873.0
000026.SZ,2026-03-02 14:11:00,15.62,15.62,15.59,15.62,20100,313932.0
000026.SZ,2026-03-02 14:12:00,15.63,15.63,15.62,15.62,7800,121890.0
000026.SZ,2026-03-02 14:13:00,15.63,15.67,15.63,15.66,79500,1243663.0
000026.SZ,2026-03-02 14:14:00,15.67,15.67,15.66,15.66,11000,172295.0
000026.SZ,2026-03-02 14:15:00,15.66,15.67,15.65,15.67,22200,347828.0
000026.SZ,2026-03-02 14:16:00,15.67,15.67,15.65,15.66,26600,416808.0
000026.SZ,2026-03-02 14:17:00,15.66,15.67,15.65,15.67,27100,424616.0
000026.SZ,2026-03-02 14:18:00,15.67,15.67,15.66,15.66,21600,338463.0
000026.SZ,2026-03-02 14:19:00,15.66,15.68,15.65,15.68,18500,289866.0
000026.SZ,2026-03-02 14:20:00,15.68,15.7,15.67,15.7,47900,751144.0
000026.SZ,2026-03-02 14:21:00,15.7,15.72,15.69,15.69,55100,865741.0
000026.SZ,2026-03-02 14:22:00,15.72,15.75,15.7,15.74,64500,1015423.0
000026.SZ,2026-03-02 14:23:00,15.75,15.76,15.74,15.74,8900,140139.0
000026.SZ,2026-03-02 14:24:00,15.74,15.76,15.73,15.76,35900,565348.0
000026.SZ,2026-03-02 14:25:00,15.75,15.76,15.75,15.75,10400,163831.0
000026.SZ,2026-03-02 14:26:00,15.75,15.75,15.72,15.72,39800,626820.0
000026.SZ,2026-03-02 14:27:00,15.74,15.74,15.72,15.72,19100,300484.0
000026.SZ,2026-03-02 14:28:00,15.72,15.73,15.72,15.72,19200,301833.0
000026.SZ,2026-03-02 14:29:00,15.71,15.74,15.71,15.74,16800,264238.0
000026.SZ,2026-03-02 14:30:00,15.75,15.75,15.71,15.71,44600,701398.0
000026.SZ,2026-03-02 14:31:00,15.7,15.7,15.67,15.67,11000,172470.0
000026.SZ,2026-03-02 14:32:00,15.66,15.67,15.65,15.65,20100,314701.0
000026.SZ,2026-03-02 14:33:00,15.65,15.66,15.63,15.66,57100,893654.0
000026.SZ,2026-03-02 14:34:00,15.66,15.66,15.63,15.64,28200,441090.0
000026.SZ,2026-03-02 14:35:00,15.64,15.64,15.63,15.64,9400,147010.0
000026.SZ,2026-03-02 14:36:00,15.63,15.63,15.61,15.61,15100,235935.0
000026.SZ,2026-03-02 14:37:00,15.61,15.62,15.61,15.62,18600,290446.0
000026.SZ,2026-03-02 14:38:00,15.62,15.63,15.61,15.62,14400,224909.0
000026.SZ,2026-03-02 14:39:00,15.6,15.61,15.6,15.61,27400,427703.0
000026.SZ,2026-03-02 14:40:00,15.6,15.61,15.6,15.6,21300,332299.0
000026.SZ,2026-03-02 14:41:00,15.6,15.61,15.59,15.59,27100,422779.0
000026.SZ,2026-03-02 14:42:00,15.59,15.6,15.55,15.55,49900,777117.0
000026.SZ,2026-03-02 14:43:00,15.55,15.58,15.55,15.58,12600,196144.0
000026.SZ,2026-03-02 14:44:00,15.58,15.58,15.56,15.56,14400,224211.0
000026.SZ,2026-03-02 14:45:00,15.56,15.56,15.56,15.56,11100,172716.0
000026.SZ,2026-03-02 14:46:00,15.56,15.57,15.56,15.57,39000,607140.0
000026.SZ,2026-03-02 14:47:00,15.57,15.57,15.56,15.57,7800,121440.0
000026.SZ,2026-03-02 14:48:00,15.57,15.58,15.56,15.57,68600,1068573.0
000026.SZ,2026-03-02 14:49:00,15.58,15.6,15.58,15.58,17600,274244.0
000026.SZ,2026-03-02 14:50:00,15.59,15.6,15.57,15.57,20700,322636.0
000026.SZ,2026-03-02 14:51:00,15.58,15.59,15.57,15.57,38500,599888.0
000026.SZ,2026-03-02 14:52:00,15.57,15.59,15.57,15.58,29800,464408.0
000026.SZ,2026-03-02 14:53:00,15.58,15.6,15.57,15.58,15600,243151.0
000026.SZ,2026-03-02 14:54:00,15.57,15.59,15.57,15.58,33500,521820.0
000026.SZ,2026-03-02 14:55:00,15.59,15.59,15.58,15.58,27200,423843.0
000026.SZ,2026-03-02 14:56:00,15.58,15.59,15.58,15.58,19200,299198.0
000026.SZ,2026-03-02 14:57:00,15.58,15.59,15.57,15.58,20500,319481.0
000026.SZ,2026-03-02 14:58:00,15.58,15.58,15.58,15.58,0,0.0
000026.SZ,2026-03-02 14:59:00,15.58,15.58,15.58,15.58,0,0.0
000026.SZ,2026-03-02 15:00:00,15.59,15.59,15.59,15.59,60200,938518.0
000026.SZ,2026-03-03 09:30:00,15.65,15.65,15.6,15.65,15700,245700.0
000026.SZ,2026-03-03 09:31:00,15.63,15.63,15.57,15.57,28300,441771.0
000026.SZ,2026-03-03 09:32:00,15.56,15.6,15.55,15.57,25100,391054.0
000026.SZ,2026-03-03 09:33:00,15.59,15.59,15.54,15.56,33200,516546.0
000026.SZ,2026-03-03 09:34:00,15.56,15.56,15.54,15.54,33800,525591.0
000026.SZ,2026-03-03 09:35:00,15.53,15.54,15.51,15.52,32900,510882.0
000026.SZ,2026-03-03 09:36:00,15.51,15.56,15.5,15.56,79700,1237260.0
000026.SZ,2026-03-03 09:37:00,15.56,15.6,15.56,15.6,32700,509740.0
000026.SZ,2026-03-03 09:38:00,15.6,15.63,15.59,15.63,44000,686456.0
000026.SZ,2026-03-03 09:39:00,15.63,15.63,15.6,15.6,18300,285684.0
000026.SZ,2026-03-03 09:40:00,15.61,15.69,15.58,15.69,54500,852030.0
000026.SZ,2026-03-03 09:41:00,15.66,15.69,15.59,15.62,39800,623215.0
000026.SZ,2026-03-03 09:42:00,15.61,15.61,15.6,15.61,19500,304297.0
000026.SZ,2026-03-03 09:43:00,15.59,15.59,15.58,15.59,30100,469182.0
000026.SZ,2026-03-03 09:44:00,15.59,15.6,15.58,15.6,18700,291551.0
000026.SZ,2026-03-03 09:45:00,15.6,15.6,15.57,15.57,8400,130869.0
000026.SZ,2026-03-03 09:46:00,15.57,15.63,15.57,15.63,59000,920301.0
000026.SZ,2026-03-03 09:47:00,15.61,15.62,15.6,15.61,27600,430977.0
000026.SZ,2026-03-03 09:48:00,15.61,15.61,15.59,15.59,17300,269862.0
000026.SZ,2026-03-03 09:49:00,15.59,15.61,15.59,15.59,19600,305696.0
000026.SZ,2026-03-03 09:50:00,15.6,15.6,15.56,15.56,15400,240002.0
000026.SZ,2026-03-03 09:51:00,15.56,15.56,15.54,15.56,32100,499374.0
000026.SZ,2026-03-03 09:52:00,15.56,15.56,15.54,15.54,7100,110416.0
000026.SZ,2026-03-03 09:53:00,15.55,15.56,15.54,15.54,14400,223877.0
000026.SZ,2026-03-03 09:54:00,15.54,15.54,15.51,15.51,23400,363353.0
000026.SZ,2026-03-03 09:55:00,15.51,15.52,15.5,15.5,64000,992337.0
000026.SZ,2026-03-03 09:56:00,15.5,15.5,15.46,15.46,31600,489412.0
000026.SZ,2026-03-03 09:57:00,15.47,15.49,15.47,15.48,26800,414982.0
000026.SZ,2026-03-03 09:58:00,15.49,15.49,15.47,15.48,20500,317285.0
000026.SZ,2026-03-03 09:59:00,15.49,15.51,15.48,15.51,26300,407612.0
000026.SZ,2026-03-03 10:00:00,15.51,15.51,15.48,15.48,11500,178102.0
000026.SZ,2026-03-03 10:01:00,15.5,15.5,15.48,15.49,14800,229154.0
000026.SZ,2026-03-03 10:02:00,15.48,15.49,15.47,15.48,20200,312665.0
000026.SZ,2026-03-03 10:03:00,15.47,15.47,15.38,15.38,85500,1319671.0
000026.SZ,2026-03-03 10:04:00,15.42,15.42,15.38,15.38,59700,918812.0
000026.SZ,2026-03-03 10:05:00,15.35,15.39,15.33,15.37,49200,755508.0
000026.SZ,2026-03-03 10:06:00,15.36,15.36,15.3,15.31,69000,1057516.0
000026.SZ,2026-03-03 10:07:00,15.31,15.33,15.28,15.28,39800,608961.0
000026.SZ,2026-03-03 10:08:00,15.28,15.33,15.28,15.32,40400,618251.0
000026.SZ,2026-03-03 10:09:00,15.32,15.34,15.31,15.33,31200,477931.0
000026.SZ,2026-03-03 10:10:00,15.33,15.33,15.29,15.29,29600,453146.0
000026.SZ,2026-03-03 10:11:00,15.3,15.3,15.27,15.27,69000,1054741.0
000026.SZ,2026-03-03 10:12:00,15.27,15.3,15.27,15.28,33500,511786.0
000026.SZ,2026-03-03 10:13:00,15.26,15.29,15.22,15.22,51100,778955.0
000026.SZ,2026-03-03 10:14:00,15.24,15.26,15.24,15.24,33500,510440.0
000026.SZ,2026-03-03 10:15:00,15.23,15.26,15.23,15.25,23100,352034.0
000026.SZ,2026-03-03 10:16:00,15.25,15.25,15.19,15.2,77900,1185290.0
000026.SZ,2026-03-03 10:17:00,15.19,15.2,15.18,15.19,13600,206602.0
000026.SZ,2026-03-03 10:18:00,15.19,15.2,15.18,15.19,24400,370648.0
000026.SZ,2026-03-03 10:19:00,15.19,15.19,15.18,15.19,15100,229318.0
000026.SZ,2026-03-03 10:20:00,15.18,15.18,15.16,15.17,67800,1028411.0
000026.SZ,2026-03-03 10:21:00,15.18,15.18,15.15,15.16,53500,810879.0
000026.SZ,2026-03-03 10:22:00,15.16,15.17,15.15,15.17,58300,883651.0
000026.SZ,2026-03-03 10:23:00,15.16,15.2,15.16,15.2,11300,171699.0
000026.SZ,2026-03-03 10:24:00,15.2,15.22,15.19,15.21,19800,301047.0
000026.SZ,2026-03-03 10:25:00,15.2,15.21,15.19,15.2,12400,188503.0
000026.SZ,2026-03-03 10:26:00,15.2,15.23,15.2,15.22,18500,281479.0
000026.SZ,2026-03-03 10:27:00,15.23,15.24,15.23,15.23,28200,429618.0
000026.SZ,2026-03-03 10:28:00,15.24,15.25,15.23,15.25,20000,305038.0
000026.SZ,2026-03-03 10:29:00,15.25,15.26,15.24,15.25,7000,106763.0
000026.SZ,2026-03-03 10:30:00,15.24,15.25,15.23,15.23,38000,578850.0
000026.SZ,2026-03-03 10:31:00,15.23,15.26,15.23,15.25,20100,306199.0
000026.SZ,2026-03-03 10:32:00,15.25,15.26,15.24,15.26,3600,54905.0
000026.SZ,2026-03-03 10:33:00,15.26,15.3,15.25,15.3,10100,154254.0
000026.SZ,2026-03-03 10:34:00,15.29,15.29,15.27,15.28,9500,145122.0
000026.SZ,2026-03-03 10:35:00,15.27,15.27,15.25,15.25,8500,129665.0
000026.SZ,2026-03-03 10:36:00,15.25,15.25,15.23,15.25,7600,115845.0
000026.SZ,2026-03-03 10:37:00,15.24,15.28,15.24,15.26,9500,144894.0
000026.SZ,2026-03-03 10:38:00,15.26,15.27,15.24,15.24,9800,149456.0
000026.SZ,2026-03-03 10:39:00,15.24,15.25,15.23,15.24,17200,262108.0
000026.SZ,2026-03-03 10:40:00,15.24,15.24,15.22,15.24,12900,196460.0
000026.SZ,2026-03-03 10:41:00,15.24,15.26,15.24,15.25,11100,169292.0
000026.SZ,2026-03-03 10:42:00,15.25,15.25,15.25,15.25,16700,254625.0
000026.SZ,2026-03-03 10:43:00,15.24,15.24,15.22,15.23,17500,266453.0
000026.SZ,2026-03-03 10:44:00,15.22,15.22,15.2,15.21,14700,223608.0
000026.SZ,2026-03-03 10:45:00,15.21,15.22,15.2,15.22,8300,126256.0
000026.SZ,2026-03-03 10:46:00,15.22,15.24,15.22,15.23,7200,109639.0
000026.SZ,2026-03-03 10:47:00,15.23,15.3,15.23,15.3,53800,821629.0
000026.SZ,2026-03-03 10:48:00,15.32,15.35,15.28,15.3,97800,1499168.0
000026.SZ,2026-03-03 10:49:00,15.3,15.3,15.29,15.3,10600,162163.0
000026.SZ,2026-03-03 10:50:00,15.31,15.31,15.3,15.3,11300,172994.0
000026.SZ,2026-03-03 10:51:00,15.3,15.31,15.28,15.28,21100,322772.0
000026.SZ,2026-03-03 10:52:00,15.28,15.28,15.27,15.28,5700,87044.0
000026.SZ,2026-03-03 10:53:00,15.28,15.29,15.28,15.28,3500,53481.0
000026.SZ,2026-03-03 10:54:00,15.28,15.28,15.28,15.28,3500,53480.0
000026.SZ,2026-03-03 10:55:00,15.28,15.29,15.28,15.29,5600,85623.0
000026.SZ,2026-03-03 10:56:00,15.29,15.29,15.29,15.29,3600,55044.0
000026.SZ,2026-03-03 10:57:00,15.28,15.28,15.27,15.28,5500,84038.0
000026.SZ,2026-03-03 10:58:00,15.28,15.28,15.27,15.28,9900,151210.0
000026.SZ,2026-03-03 10:59:00,15.28,15.29,15.28,15.29,2200,33630.0
000026.SZ,2026-03-03 11:00:00,15.29,15.29,15.28,15.29,7400,113143.0
000026.SZ,2026-03-03 11:01:00,15.29,15.29,15.28,15.28,4200,64183.0
000026.SZ,2026-03-03 11:02:00,15.29,15.29,15.28,15.28,4200,64177.0
000026.SZ,2026-03-03 11:03:00,15.28,15.31,15.28,15.31,14800,226363.0
000026.SZ,2026-03-03 11:04:00,15.29,15.31,15.29,15.31,2400,36719.0
000026.SZ,2026-03-03 11:05:00,15.31,15.32,15.3,15.32,4500,68895.0
000026.SZ,2026-03-03 11:06:00,15.31,15.31,15.29,15.3,2700,41307.0
000026.SZ,2026-03-03 11:07:00,15.3,15.3,15.29,15.29,300,4589.0
000026.SZ,2026-03-03 11:08:00,15.3,15.34,15.3,15.34,9400,144037.0
000026.SZ,2026-03-03 11:09:00,15.33,15.36,15.32,15.34,30100,462026.0
000026.SZ,2026-03-03 11:10:00,15.36,15.37,15.33,15.34,21400,328830.0
000026.SZ,2026-03-03 11:11:00,15.34,15.37,15.34,15.34,23800,365697.0
000026.SZ,2026-03-03 11:12:00,15.36,15.36,15.34,15.34,33500,514552.0
000026.SZ,2026-03-03 11:13:00,15.34,15.35,15.34,15.35,2600,39885.0
000026.SZ,2026-03-03 11:14:00,15.34,15.37,15.33,15.34,12200,187305.0
000026.SZ,2026-03-03 11:15:00,15.36,15.36,15.33,15.34,10800,165845.0
000026.SZ,2026-03-03 11:16:00,15.33,15.34,15.33,15.33,14300,219319.0
000026.SZ,2026-03-03 11:17:00,15.34,15.34,15.33,15.33,10000,153399.0
000026.SZ,2026-03-03 11:18:00,15.33,15.33,15.32,15.32,2800,42915.0
000026.SZ,2026-03-03 11:19:00,15.32,15.32,15.31,15.32,1200,18379.0
000026.SZ,2026-03-03 11:20:00,15.3,15.32,15.3,15.32,10200,156131.0
000026.SZ,2026-03-03 11:21:00,15.32,15.32,15.31,15.32,1000,15316.0
000026.SZ,2026-03-03 11:22:00,15.32,15.32,15.3,15.3,200,3062.0
000026.SZ,2026-03-03 11:23:00,15.3,15.31,15.3,15.31,3500,53554.0
000026.SZ,2026-03-03 11:24:00,15.31,15.31,15.31,15.31,12100,185251.0
000026.SZ,2026-03-03 11:25:00,15.32,15.32,15.32,15.32,12800,195896.0
000026.SZ,2026-03-03 11:26:00,15.33,15.33,15.3,15.3,23400,358349.0
000026.SZ,2026-03-03 11:27:00,15.32,15.32,15.28,15.28,9300,142231.0
000026.SZ,2026-03-03 11:28:00,15.29,15.29,15.28,15.28,200,3057.0
000026.SZ,2026-03-03 11:29:00,15.28,15.28,15.28,15.28,2200,33616.0
000026.SZ,2026-03-03 11:30:00,15.28,15.29,15.27,15.27,10315,157642.05
000026.SZ,2026-03-03 13:01:00,15.27,15.28,15.25,15.25,23885,364661.94
000026.SZ,2026-03-03 13:02:00,15.23,15.23,15.22,15.22,10600,161388.0
000026.SZ,2026-03-03 13:03:00,15.21,15.21,15.21,15.21,9000,136890.0
000026.SZ,2026-03-03 13:04:00,15.21,15.21,15.21,15.21,6000,91260.0
000026.SZ,2026-03-03 13:05:00,15.21,15.23,15.21,15.23,5000,76103.0
000026.SZ,2026-03-03 13:06:00,15.23,15.23,15.23,15.23,2200,33506.0
000026.SZ,2026-03-03 13:07:00,15.22,15.23,15.22,15.23,14700,223748.0
000026.SZ,2026-03-03 13:08:00,15.22,15.23,15.21,15.23,12500,190318.0
000026.SZ,2026-03-03 13:09:00,15.23,15.23,15.21,15.23,14800,225273.0
000026.SZ,2026-03-03 13:10:00,15.22,15.22,15.2,15.2,18300,278428.0
000026.SZ,2026-03-03 13:11:00,15.2,15.22,15.2,15.22,33700,512733.0
000026.SZ,2026-03-03 13:12:00,15.22,15.24,15.22,15.22,13700,208618.0
000026.SZ,2026-03-03 13:13:00,15.23,15.23,15.23,15.23,7000,106610.0
000026.SZ,2026-03-03 13:14:00,15.23,15.24,15.23,15.24,5300,80732.0
000026.SZ,2026-03-03 13:15:00,15.28,15.28,15.26,15.27,12000,182977.0
000026.SZ,2026-03-03 13:16:00,15.26,15.27,15.25,15.25,6200,94615.0
000026.SZ,2026-03-03 13:17:00,15.26,15.26,15.25,15.26,12600,192265.0
000026.SZ,2026-03-03 13:18:00,15.25,15.26,15.25,15.25,6700,102233.0
000026.SZ,2026-03-03 13:19:00,15.25,15.25,15.25,15.25,7200,109800.0
000026.SZ,2026-03-03 13:20:00,15.24,15.24,15.23,15.24,12800,195018.0
000026.SZ,2026-03-03 13:21:00,15.23,15.24,15.23,15.24,11400,173676.0
000026.SZ,2026-03-03 13:22:00,15.24,15.24,15.23,15.23,6300,95969.0
000026.SZ,2026-03-03 13:23:00,15.24,15.24,15.21,15.22,13500,205463.0
000026.SZ,2026-03-03 13:24:00,15.23,15.24,15.23,15.24,2200,33512.0
000026.SZ,2026-03-03 13:25:00,15.23,15.27,15.23,15.26,26700,407286.0
000026.SZ,2026-03-03 13:26:00,15.25,15.26,15.25,15.26,1100,16779.0
000026.SZ,2026-03-03 13:27:00,15.24,15.24,15.22,15.22,5400,82238.0
000026.SZ,2026-03-03 13:28:00,15.22,15.24,15.2,15.2,17800,270777.0
000026.SZ,2026-03-03 13:29:00,15.21,15.22,15.2,15.22,40400,614242.0
000026.SZ,2026-03-03 13:30:00,15.2,15.21,15.2,15.2,12600,191581.0
000026.SZ,2026-03-03 13:31:00,15.25,15.28,15.25,15.26,55300,843141.0
000026.SZ,2026-03-03 13:32:00,15.23,15.26,15.23,15.25,12400,189169.0
000026.SZ,2026-03-03 13:33:00,15.26,15.3,15.24,15.3,73300,1119176.0
000026.SZ,2026-03-03 13:34:00,15.28,15.3,15.27,15.28,7900,120802.0
000026.SZ,2026-03-03 13:35:00,15.28,15.28,15.26,15.26,14100,215351.0
000026.SZ,2026-03-03 13:36:00,15.26,15.26,15.25,15.26,16700,254780.0
000026.SZ,2026-03-03 13:37:00,15.25,15.25,15.23,15.25,8000,121997.0
000026.SZ,2026-03-03 13:38:00,15.23,15.25,15.22,15.25,11600,176745.0
000026.SZ,2026-03-03 13:39:00,15.24,15.24,15.2,15.2,5600,85176.0
000026.SZ,2026-03-03 13:40:00,15.2,15.21,15.2,15.2,6300,95782.0
000026.SZ,2026-03-03 13:41:00,15.2,15.2,15.19,15.19,15900,241679.0
000026.SZ,2026-03-03 13:42:00,15.2,15.2,15.19,15.2,12800,194467.0
000026.SZ,2026-03-03 13:43:00,15.19,15.2,15.19,15.19,6800,103300.0
000026.SZ,2026-03-03 13:44:00,15.19,15.2,15.19,15.19,700,10634.0
000026.SZ,2026-03-03 13:45:00,15.19,15.2,15.19,15.2,5800,88156.0
000026.SZ,2026-03-03 13:46:00,15.2,15.21,15.2,15.2,1600,24321.0
000026.SZ,2026-03-03 13:47:00,15.2,15.21,15.2,15.21,3900,59281.0
000026.SZ,2026-03-03 13:48:00,15.21,15.21,15.2,15.2,500,7601.0
000026.SZ,2026-03-03 13:49:00,15.21,15.21,15.21,15.21,3300,50188.0
000026.SZ,2026-03-03 13:50:00,15.2,15.2,15.18,15.18,29100,441908.0
000026.SZ,2026-03-03 13:51:00,15.17,15.18,15.16,15.16,12300,186602.0
000026.SZ,2026-03-03 13:52:00,15.17,15.17,15.15,15.15,56800,861098.0
000026.SZ,2026-03-03 13:53:00,15.16,15.16,15.12,15.13,56400,854055.0
000026.SZ,2026-03-03 13:54:00,15.13,15.13,15.12,15.12,28300,427996.0
000026.SZ,2026-03-03 13:55:00,15.12,15.13,15.12,15.12,21800,329787.0
000026.SZ,2026-03-03 13:56:00,15.13,15.13,15.11,15.11,21500,325061.0
000026.SZ,2026-03-03 13:57:00,15.12,15.12,15.11,15.12,27000,408149.0
000026.SZ,2026-03-03 13:58:00,15.12,15.12,15.11,15.12,29600,447326.0
000026.SZ,2026-03-03 13:59:00,15.12,15.13,15.11,15.12,23300,352396.0
000026.SZ,2026-03-03 14:00:00,15.12,15.14,15.12,15.12,41500,627501.0
000026.SZ,2026-03-03 14:01:00,15.12,15.14,15.12,15.13,14400,217851.0
000026.SZ,2026-03-03 14:02:00,15.14,15.14,15.12,15.12,30900,467516.0
000026.SZ,2026-03-03 14:03:00,15.12,15.12,15.12,15.12,4500,68040.0
000026.SZ,2026-03-03 14:04:00,15.12,15.12,15.12,15.12,1500,22680.0
000026.SZ,2026-03-03 14:05:00,15.12,15.13,15.11,15.12,5200,78619.0
000026.SZ,2026-03-03 14:06:00,15.12,15.13,15.11,15.13,28800,435590.0
000026.SZ,2026-03-03 14:07:00,15.13,15.14,15.11,15.11,19000,287184.0
000026.SZ,2026-03-03 14:08:00,15.11,15.14,15.11,15.12,8900,134597.0
000026.SZ,2026-03-03 14:09:00,15.11,15.11,15.1,15.11,28000,422982.0
000026.SZ,2026-03-03 14:10:00,15.1,15.11,15.1,15.11,6100,92128.0
000026.SZ,2026-03-03 14:11:00,15.1,15.11,15.09,15.1,36500,551195.0
000026.SZ,2026-03-03 14:12:00,15.1,15.1,15.06,15.06,15100,227732.0
000026.SZ,2026-03-03 14:13:00,15.07,15.12,15.07,15.12,52800,796463.0
000026.SZ,2026-03-03 14:14:00,15.11,15.11,15.08,15.1,29300,442453.0
000026.SZ,2026-03-03 14:15:00,15.08,15.09,15.08,15.08,8400,126683.0
000026.SZ,2026-03-03 14:16:00,15.08,15.08,15.07,15.08,13700,206595.0
000026.SZ,2026-03-03 14:17:00,15.07,15.12,15.06,15.1,54700,824911.0
000026.SZ,2026-03-03 14:18:00,15.09,15.1,15.08,15.08,22300,336494.0
000026.SZ,2026-03-03 14:19:00,15.1,15.1,15.09,15.1,7400,111739.0
000026.SZ,2026-03-03 14:20:00,15.1,15.1,15.09,15.1,9400,141923.0
000026.SZ,2026-03-03 14:21:00,15.1,15.1,15.09,15.1,14000,211394.0
000026.SZ,2026-03-03 14:22:00,15.09,15.1,15.08,15.08,39300,593209.0
000026.SZ,2026-03-03 14:23:00,15.08,15.11,15.08,15.11,28000,422546.0
000026.SZ,2026-03-03 14:24:00,15.1,15.1,15.06,15.06,59000,889774.0
000026.SZ,2026-03-03 14:25:00,15.06,15.06,15.02,15.02,70000,1053680.0
000026.SZ,2026-03-03 14:26:00,15.02,15.02,15.01,15.02,22200,333424.0
000026.SZ,2026-03-03 14:27:00,15.03,15.03,15.02,15.03,34300,515374.0
000026.SZ,2026-03-03 14:28:00,15.03,15.06,15.03,15.05,126500,1903278.0
000026.SZ,2026-03-03 14:29:00,15.06,15.09,15.05,15.08,25900,390130.0
000026.SZ,2026-03-03 14:30:00,15.08,15.09,15.07,15.09,14400,217227.0
000026.SZ,2026-03-03 14:31:00,15.09,15.1,15.02,15.04,49400,744557.0
000026.SZ,2026-03-03 14:32:00,15.05,15.05,15.0,15.0,71600,1075488.0
000026.SZ,2026-03-03 14:33:00,15.02,15.03,15.0,15.01,31600,474321.0
000026.SZ,2026-03-03 14:34:00,15.01,15.05,15.01,15.01,41700,626523.0
000026.SZ,2026-03-03 14:35:00,15.01,15.04,15.0,15.01,79000,1185256.0
000026.SZ,2026-03-03 14:36:00,15.0,15.02,14.99,14.99,24200,363015.0
000026.SZ,2026-03-03 14:37:00,14.98,14.98,14.96,14.96,22700,339866.0
000026.SZ,2026-03-03 14:38:00,14.96,14.97,14.94,14.97,36600,547232.0
000026.SZ,2026-03-03 14:39:00,14.96,14.97,14.95,14.96,33500,501151.0
000026.SZ,2026-03-03 14:40:00,14.98,14.98,14.95,14.96,22400,335158.0
000026.SZ,2026-03-03 14:41:00,14.95,14.97,14.95,14.97,39500,590693.0
000026.SZ,2026-03-03 14:42:00,14.97,14.98,14.95,14.95,18500,276894.0
000026.SZ,2026-03-03 14:43:00,14.95,14.95,14.93,14.94,39700,593284.0
000026.SZ,2026-03-03 14:44:00,14.95,14.95,14.93,14.94,63400,947401.0
000026.SZ,2026-03-03 14:45:00,14.93,14.93,14.91,14.91,91500,1364967.0
000026.SZ,2026-03-03 14:46:00,14.91,14.92,14.91,14.92,39600,590480.0
000026.SZ,2026-03-03 14:47:00,14.92,14.95,14.92,14.94,59900,894279.0
000026.SZ,2026-03-03 14:48:00,14.94,14.95,14.93,14.93,35200,525832.0
000026.SZ,2026-03-03 14:49:00,14.93,14.94,14.92,14.92,20000,298579.0
000026.SZ,2026-03-03 14:50:00,14.92,14.93,14.9,14.92,39400,587657.0
000026.SZ,2026-03-03 14:51:00,14.93,14.93,14.9,14.91,49100,732029.0
000026.SZ,2026-03-03 14:52:00,14.91,14.91,14.9,14.9,57100,851104.0
000026.SZ,2026-03-03 14:53:00,14.91,14.91,14.89,14.9,50200,747801.0
000026.SZ,2026-03-03 14:54:00,14.9,14.9,14.89,14.89,90800,1352387.0
000026.SZ,2026-03-03 14:55:00,14.9,14.9,14.88,14.88,62900,936473.0
000026.SZ,2026-03-03 14:56:00,14.89,14.9,14.88,14.88,81976,1220473.9
000026.SZ,2026-03-03 14:57:00,14.88,14.91,14.86,14.91,74800,1113976.5
000026.SZ,2026-03-03 14:58:00,14.91,14.91,14.91,14.91,0,0.0
000026.SZ,2026-03-03 14:59:00,14.91,14.91,14.91,14.91,0,0.0
000026.SZ,2026-03-03 15:00:00,14.91,14.91,14.91,14.91,69900,1042209.0
000026.SZ,2026-03-04 09:30:00,14.77,14.77,14.7,14.7,29900,441256.0
000026.SZ,2026-03-04 09:31:00,14.72,14.76,14.66,14.66,167500,2463779.0
000026.SZ,2026-03-04 09:32:00,14.66,14.77,14.66,14.73,56100,825898.0
000026.SZ,2026-03-04 09:33:00,14.73,14.8,14.73,14.77,68500,1011147.0
000026.SZ,2026-03-04 09:34:00,14.74,14.78,14.72,14.72,61300,903691.0
000026.SZ,2026-03-04 09:35:00,14.7,14.75,14.68,14.72,47600,699708.0
000026.SZ,2026-03-04 09:36:00,14.75,14.76,14.72,14.75,47600,701766.0
000026.SZ,2026-03-04 09:37:00,14.76,14.82,14.76,14.82,37400,552671.0
000026.SZ,2026-03-04 09:38:00,14.82,14.83,14.79,14.79,40700,602292.0
000026.SZ,2026-03-04 09:39:00,14.78,14.78,14.74,14.77,92200,1359810.0
000026.SZ,2026-03-04 09:40:00,14.77,14.8,14.77,14.8,31700,468368.0
000026.SZ,2026-03-04 09:41:00,14.8,14.85,14.8,14.83,54500,807521.0
000026.SZ,2026-03-04 09:42:00,14.82,14.82,14.77,14.77,48900,723381.0
000026.SZ,2026-03-04 09:43:00,14.77,14.83,14.75,14.83,61300,906064.0
000026.SZ,2026-03-04 09:44:00,14.83,14.83,14.79,14.82,13100,193953.0
000026.SZ,2026-03-04 09:45:00,14.8,14.83,14.8,14.82,20200,299339.0
000026.SZ,2026-03-04 09:46:00,14.82,14.86,14.82,14.86,46100,684060.0
000026.SZ,2026-03-04 09:47:00,14.88,14.88,14.87,14.88,9800,145688.0
000026.SZ,2026-03-04 09:48:00,14.88,14.91,14.88,14.91,17500,260555.0
000026.SZ,2026-03-04 09:49:00,14.91,14.91,14.88,14.88,49200,732821.0
000026.SZ,2026-03-04 09:50:00,14.88,14.89,14.86,14.89,18300,272262.0
000026.SZ,2026-03-04 09:51:00,14.89,14.9,14.87,14.9,12800,190580.0
000026.SZ,2026-03-04 09:52:00,14.89,14.94,14.89,14.94,16000,238657.0
000026.SZ,2026-03-04 09:53:00,14.94,14.95,14.92,14.95,17500,261377.0
000026.SZ,2026-03-04 09:54:00,14.95,14.97,14.95,14.96,25500,381309.0
000026.SZ,2026-03-04 09:55:00,14.96,14.96,14.94,14.94,33300,497828.0
000026.SZ,2026-03-04 09:56:00,14.94,14.95,14.93,14.94,7900,118014.0
000026.SZ,2026-03-04 09:57:00,14.93,14.94,14.9,14.92,20200,301515.0
000026.SZ,2026-03-04 09:58:00,14.9,14.92,14.89,14.9,7400,110302.0
000026.SZ,2026-03-04 09:59:00,14.9,14.92,14.89,14.9,6500,96891.0
000026.SZ,2026-03-04 10:00:00,14.89,14.92,14.89,14.92,33700,501989.0
000026.SZ,2026-03-04 10:01:00,14.9,14.9,14.89,14.9,13500,201166.0
000026.SZ,2026-03-04 10:02:00,14.9,14.9,14.86,14.89,51800,770184.0
000026.SZ,2026-03-04 10:03:00,14.89,14.89,14.86,14.89,20400,303306.0
000026.SZ,2026-03-04 10:04:00,14.89,14.9,14.85,14.9,51300,762631.0
000026.SZ,2026-03-04 10:05:00,14.88,14.91,14.87,14.91,39300,585427.0
000026.SZ,2026-03-04 10:06:00,14.91,14.91,14.87,14.89,2300,34237.0
000026.SZ,2026-03-04 10:07:00,14.88,14.9,14.88,14.9,11000,163751.0
000026.SZ,2026-03-04 10:08:00,14.9,14.92,14.89,14.91,11300,168450.0
000026.SZ,2026-03-04 10:09:00,14.92,14.93,14.91,14.92,20400,304464.0
000026.SZ,2026-03-04 10:10:00,14.92,14.92,14.9,14.91,12400,184889.0
000026.SZ,2026-03-04 10:11:00,14.9,14.94,14.9,14.93,21800,325183.0
000026.SZ,2026-03-04 10:12:00,14.9,14.94,14.9,14.93,24100,359528.0
000026.SZ,2026-03-04 10:13:00,14.93,14.93,14.91,14.92,3700,55198.0
000026.SZ,2026-03-04 10:14:00,14.92,14.95,14.92,14.95,11300,168768.0
000026.SZ,2026-03-04 10:15:00,14.95,14.98,14.95,14.98,38300,572932.0
000026.SZ,2026-03-04 10:16:00,14.98,14.98,14.96,14.98,10700,160167.0
000026.SZ,2026-03-04 10:17:00,14.98,14.98,14.97,14.97,6200,92831.0
000026.SZ,2026-03-04 10:18:00,14.97,14.97,14.95,14.96,18400,275237.0
000026.SZ,2026-03-04 10:19:00,14.97,14.97,14.96,14.96,3700,55362.0
000026.SZ,2026-03-04 10:20:00,14.96,14.96,14.91,14.94,95100,1419158.0
000026.SZ,2026-03-04 10:21:00,14.95,14.96,14.94,14.94,1000,14950.0
000026.SZ,2026-03-04 10:22:00,14.93,14.93,14.9,14.9,28800,429414.0
000026.SZ,2026-03-04 10:23:00,14.88,14.91,14.88,14.89,11300,168165.0
000026.SZ,2026-03-04 10:24:00,14.9,14.9,14.87,14.9,5300,78862.0
000026.SZ,2026-03-04 10:25:00,14.9,14.9,14.89,14.89,1600,23828.0
000026.SZ,2026-03-04 10:26:00,14.9,14.91,14.88,14.91,21100,314261.0
000026.SZ,2026-03-04 10:27:00,14.92,14.92,14.87,14.87,6900,102716.0
000026.SZ,2026-03-04 10:28:00,14.89,14.92,14.89,14.92,1700,25359.0
000026.SZ,2026-03-04 10:29:00,14.92,14.92,14.91,14.91,1400,20887.0
000026.SZ,2026-03-04 10:30:00,14.92,14.92,14.91,14.92,9200,137260.0
000026.SZ,2026-03-04 10:31:00,14.92,14.92,14.91,14.91,5900,87972.0
000026.SZ,2026-03-04 10:32:00,14.91,14.91,14.9,14.91,3000,44714.0
000026.SZ,2026-03-04 10:33:00,14.91,14.91,14.9,14.91,9000,134112.0
000026.SZ,2026-03-04 10:34:00,14.91,14.91,14.9,14.9,900,13415.0
000026.SZ,2026-03-04 10:35:00,14.89,14.9,14.88,14.88,5500,81864.0
000026.SZ,2026-03-04 10:36:00,14.87,14.87,14.85,14.86,19300,286774.0
000026.SZ,2026-03-04 10:37:00,14.86,14.86,14.82,14.84,19700,292506.0
000026.SZ,2026-03-04 10:38:00,14.84,14.85,14.83,14.85,5200,77145.0
000026.SZ,2026-03-04 10:39:00,14.83,14.83,14.8,14.8,41700,617576.0
000026.SZ,2026-03-04 10:40:00,14.8,14.81,14.79,14.79,18600,275235.0
000026.SZ,2026-03-04 10:41:00,14.78,14.81,14.78,14.81,10500,155404.0
000026.SZ,2026-03-04 10:42:00,14.79,14.82,14.78,14.82,77900,1152417.0
000026.SZ,2026-03-04 10:43:00,14.82,14.83,14.82,14.83,6200,91940.0
000026.SZ,2026-03-04 10:44:00,14.82,14.82,14.79,14.8,8000,118413.0
000026.SZ,2026-03-04 10:45:00,14.82,14.82,14.81,14.81,8200,121442.0
000026.SZ,2026-03-04 10:46:00,14.83,14.87,14.83,14.87,11300,167532.0
000026.SZ,2026-03-04 10:47:00,14.87,14.87,14.85,14.87,22600,335627.0
000026.SZ,2026-03-04 10:48:00,14.87,14.87,14.84,14.85,3300,49000.0
000026.SZ,2026-03-04 10:49:00,14.84,14.85,14.84,14.85,7600,112791.0
000026.SZ,2026-03-04 10:50:00,14.85,14.85,14.83,14.84,13500,200321.0
000026.SZ,2026-03-04 10:51:00,14.83,14.84,14.83,14.83,8200,121618.0
000026.SZ,2026-03-04 10:52:00,14.83,14.83,14.81,14.83,9200,136300.0
000026.SZ,2026-03-04 10:53:00,14.83,14.83,14.81,14.83,1300,19275.0
000026.SZ,2026-03-04 10:54:00,14.81,14.82,14.81,14.81,22100,327734.0
000026.SZ,2026-03-04 10:55:00,14.83,14.83,14.81,14.82,900,13334.0
000026.SZ,2026-03-04 10:56:00,14.8,14.81,14.8,14.81,1500,22213.0
000026.SZ,2026-03-04 10:57:00,14.83,14.84,14.83,14.84,3500,51937.0
000026.SZ,2026-03-04 10:58:00,14.83,14.83,14.82,14.83,3600,53375.0
000026.SZ,2026-03-04 10:59:00,14.82,14.83,14.81,14.83,4700,69670.0
000026.SZ,2026-03-04 11:00:00,14.82,14.83,14.82,14.82,1700,25195.0
000026.SZ,2026-03-04 11:01:00,14.83,14.83,14.81,14.82,3600,53357.0
000026.SZ,2026-03-04 11:02:00,14.83,14.83,14.81,14.83,3200,47396.0
000026.SZ,2026-03-04 11:03:00,14.81,14.83,14.81,14.83,3300,48933.0
000026.SZ,2026-03-04 11:04:00,14.82,14.82,14.8,14.81,16300,241352.38
000026.SZ,2026-03-04 11:05:00,14.8,14.8,14.78,14.79,50400,745776.0
000026.SZ,2026-03-04 11:06:00,14.78,14.81,14.78,14.81,12000,177584.0
000026.SZ,2026-03-04 11:07:00,14.79,14.81,14.78,14.8,2800,41440.0
000026.SZ,2026-03-04 11:08:00,14.78,14.79,14.77,14.79,5000,73901.0
000026.SZ,2026-03-04 11:09:00,14.78,14.79,14.77,14.77,4700,69494.0
000026.SZ,2026-03-04 11:10:00,14.77,14.78,14.77,14.77,2000,29541.0
000026.SZ,2026-03-04 11:11:00,14.77,14.78,14.77,14.77,14200,209740.0
000026.SZ,2026-03-04 11:12:00,14.78,14.78,14.76,14.76,20400,301290.0
000026.SZ,2026-03-04 11:13:00,14.76,14.76,14.75,14.75,12100,178576.0
000026.SZ,2026-03-04 11:14:00,14.76,14.76,14.73,14.73,17900,263918.0
000026.SZ,2026-03-04 11:15:00,14.75,14.76,14.75,14.76,5300,78183.0
000026.SZ,2026-03-04 11:16:00,14.76,14.76,14.75,14.75,1700,25090.0
000026.SZ,2026-03-04 11:17:00,14.76,14.79,14.75,14.78,9100,134342.0
000026.SZ,2026-03-04 11:18:00,14.78,14.78,14.78,14.78,11500,169903.0
000026.SZ,2026-03-04 11:19:00,14.78,14.79,14.76,14.79,37915,560410.9
000026.SZ,2026-03-04 11:20:00,14.8,14.81,14.79,14.81,10100,149487.0
000026.SZ,2026-03-04 11:21:00,14.81,14.82,14.8,14.82,6800,100677.0
000026.SZ,2026-03-04 11:22:00,14.82,14.83,14.79,14.79,5400,79934.0
000026.SZ,2026-03-04 11:23:00,14.79,14.79,14.77,14.77,2232,32999.64
000026.SZ,2026-03-04 11:24:00,14.77,14.77,14.75,14.75,7068,104324.36
000026.SZ,2026-03-04 11:25:00,14.75,14.78,14.75,14.78,12000,177252.0
000026.SZ,2026-03-04 11:26:00,14.78,14.79,14.78,14.79,200,2957.0
000026.SZ,2026-03-04 11:27:00,14.78,14.79,14.77,14.77,7500,110828.0
000026.SZ,2026-03-04 11:28:00,14.76,14.77,14.76,14.76,9600,141703.0
000026.SZ,2026-03-04 11:29:00,14.78,14.78,14.76,14.76,400,5908.0
000026.SZ,2026-03-04 11:30:00,14.77,14.78,14.76,14.77,12500,184535.0
000026.SZ,2026-03-04 13:01:00,14.77,14.82,14.77,14.8,14900,220201.0
000026.SZ,2026-03-04 13:02:00,14.81,14.81,14.79,14.8,6100,90269.0
000026.SZ,2026-03-04 13:03:00,14.79,14.8,14.77,14.78,5500,81281.0
000026.SZ,2026-03-04 13:04:00,14.79,14.79,14.79,14.79,500,7395.0
000026.SZ,2026-03-04 13:05:00,14.78,14.78,14.76,14.76,30700,453431.0
000026.SZ,2026-03-04 13:06:00,14.76,14.76,14.74,14.74,18800,277338.0
000026.SZ,2026-03-04 13:07:00,14.76,14.77,14.76,14.77,1100,16233.0
000026.SZ,2026-03-04 13:08:00,14.76,14.79,14.75,14.79,2400,35468.0
000026.SZ,2026-03-04 13:09:00,14.78,14.78,14.77,14.78,14400,212830.0
000026.SZ,2026-03-04 13:10:00,14.75,14.76,14.73,14.75,11300,166611.0
000026.SZ,2026-03-04 13:11:00,14.75,14.75,14.75,14.75,1100,16225.0
000026.SZ,2026-03-04 13:12:00,14.76,14.76,14.75,14.75,5300,78208.0
000026.SZ,2026-03-04 13:13:00,14.77,14.77,14.74,14.74,3900,57562.0
000026.SZ,2026-03-04 13:14:00,14.77,14.77,14.75,14.76,2300,33956.0
000026.SZ,2026-03-04 13:15:00,14.77,14.77,14.75,14.77,10800,159351.0
000026.SZ,2026-03-04 13:16:00,14.77,14.77,14.75,14.77,60300,888200.0
000026.SZ,2026-03-04 13:17:00,14.77,14.77,14.76,14.76,15900,234822.0
000026.SZ,2026-03-04 13:18:00,14.77,14.78,14.76,14.78,7400,109292.0
000026.SZ,2026-03-04 13:19:00,14.79,14.8,14.78,14.8,2100,31075.0
000026.SZ,2026-03-04 13:20:00,14.8,14.81,14.8,14.81,4900,72526.0
000026.SZ,2026-03-04 13:21:00,14.8,14.8,14.79,14.79,2800,41438.0
000026.SZ,2026-03-04 13:22:00,14.79,14.79,14.77,14.78,5300,78345.0
000026.SZ,2026-03-04 13:23:00,14.76,14.76,14.73,14.73,10200,150446.0
000026.SZ,2026-03-04 13:24:00,14.72,14.75,14.72,14.74,4800,70727.0
000026.SZ,2026-03-04 13:25:00,14.75,14.75,14.75,14.75,5407,79753.25
000026.SZ,2026-03-04 13:26:00,14.76,14.77,14.76,14.76,2300,33949.0
000026.SZ,2026-03-04 13:27:00,14.77,14.8,14.77,14.8,8300,122683.0
000026.SZ,2026-03-04 13:28:00,14.79,14.81,14.79,14.81,27000,399671.0
000026.SZ,2026-03-04 13:29:00,14.81,14.81,14.8,14.81,8500,125828.0
000026.SZ,2026-03-04 13:30:00,14.8,14.81,14.8,14.81,2600,38502.0
000026.SZ,2026-03-04 13:31:00,14.81,14.81,14.81,14.81,2000,29620.0
000026.SZ,2026-03-04 13:32:00,14.81,14.81,14.8,14.81,10100,149580.0
000026.SZ,2026-03-04 13:33:00,14.81,14.82,14.81,14.82,3600,53320.0
000026.SZ,2026-03-04 13:34:00,14.82,14.83,14.82,14.82,13800,204520.0
000026.SZ,2026-03-04 13:35:00,14.83,14.83,14.83,14.83,2800,41524.0
000026.SZ,2026-03-04 13:36:00,14.83,14.83,14.82,14.82,2800,41517.0
000026.SZ,2026-03-04 13:37:00,14.82,14.83,14.82,14.83,7100,105277.0
000026.SZ,2026-03-04 13:38:00,14.83,14.84,14.83,14.84,2600,38582.0
000026.SZ,2026-03-04 13:39:00,14.84,14.85,14.84,14.85,9500,140995.0
000026.SZ,2026-03-04 13:40:00,14.86,14.88,14.86,14.88,18200,270600.0
000026.SZ,2026-03-04 13:41:00,14.88,14.88,14.87,14.88,13000,193419.0
000026.SZ,2026-03-04 13:42:00,14.88,14.88,14.88,14.88,2100,31248.0
000026.SZ,2026-03-04 13:43:00,14.88,14.88,14.87,14.87,3400,50564.0
000026.SZ,2026-03-04 13:44:00,14.86,14.86,14.86,14.86,1300,19323.0
000026.SZ,2026-03-04 13:45:00,14.85,14.85,14.82,14.82,4100,60836.0
000026.SZ,2026-03-04 13:46:00,14.82,14.82,14.8,14.8,6800,100714.0
000026.SZ,2026-03-04 13:47:00,14.82,14.82,14.82,14.82,5800,85956.0
000026.SZ,2026-03-04 13:48:00,14.82,14.83,14.81,14.83,7900,117107.0
000026.SZ,2026-03-04 13:49:00,14.82,14.85,14.82,14.84,6600,97912.0
000026.SZ,2026-03-04 13:50:00,14.83,14.85,14.83,14.83,6400,94964.0
000026.SZ,2026-03-04 13:51:00,14.85,14.85,14.85,14.85,11600,172164.0
000026.SZ,2026-03-04 13:52:00,14.84,14.85,14.84,14.85,2700,40074.0
000026.SZ,2026-03-04 13:53:00,14.85,14.86,14.85,14.86,1700,25247.0
000026.SZ,2026-03-04 13:54:00,14.85,14.86,14.85,14.86,3200,47526.0
000026.SZ,2026-03-04 13:55:00,14.85,14.85,14.85,14.85,6500,96525.0
000026.SZ,2026-03-04 13:56:00,14.85,14.86,14.85,14.86,4800,71283.0
000026.SZ,2026-03-04 13:57:00,14.86,14.86,14.86,14.86,4100,60926.0
000026.SZ,2026-03-04 13:58:00,14.86,14.88,14.86,14.88,7800,115975.0
000026.SZ,2026-03-04 13:59:00,14.87,14.88,14.87,14.88,3200,47586.0
000026.SZ,2026-03-04 14:00:00,14.87,14.87,14.86,14.87,9600,142745.0
000026.SZ,2026-03-04 14:01:00,14.87,14.87,14.86,14.86,8100,120429.0
000026.SZ,2026-03-04 14:02:00,14.86,14.86,14.86,14.86,1000,14860.0
000026.SZ,2026-03-04 14:03:00,14.86,14.87,14.86,14.86,3800,56469.0
000026.SZ,2026-03-04 14:04:00,14.86,14.87,14.85,14.87,3300,49027.0
000026.SZ,2026-03-04 14:05:00,14.85,14.85,14.85,14.85,2500,37125.0
000026.SZ,2026-03-04 14:06:00,14.84,14.85,14.84,14.85,12000,178082.0
000026.SZ,2026-03-04 14:07:00,14.83,14.84,14.83,14.84,3300,48942.0
000026.SZ,2026-03-04 14:08:00,14.84,14.84,14.84,14.84,500,7420.0
000026.SZ,2026-03-04 14:09:00,14.84,14.84,14.82,14.82,5500,81531.0
000026.SZ,2026-03-04 14:10:00,14.82,14.82,14.82,14.82,10800,160056.0
000026.SZ,2026-03-04 14:11:00,14.81,14.81,14.8,14.8,13300,196880.0
000026.SZ,2026-03-04 14:12:00,14.81,14.81,14.8,14.8,9100,134696.0
000026.SZ,2026-03-04 14:13:00,14.81,14.81,14.8,14.81,1300,19251.0
000026.SZ,2026-03-04 14:14:00,14.8,14.81,14.8,14.8,4200,62162.0
000026.SZ,2026-03-04 14:15:00,14.8,14.8,14.8,14.8,4200,62160.0
000026.SZ,2026-03-04 14:16:00,14.81,14.81,14.81,14.81,1400,20724.0
000026.SZ,2026-03-04 14:17:00,14.81,14.81,14.81,14.81,5700,84417.0
000026.SZ,2026-03-04 14:18:00,14.81,14.82,14.81,14.82,15700,232583.0
000026.SZ,2026-03-04 14:19:00,14.83,14.83,14.82,14.82,16000,237149.0
000026.SZ,2026-03-04 14:20:00,14.82,14.83,14.82,14.83,7500,111151.0
000026.SZ,2026-03-04 14:21:00,14.83,14.84,14.83,14.83,20000,296637.0
000026.SZ,2026-03-04 14:22:00,14.84,14.84,14.84,14.84,2300,34132.0
000026.SZ,2026-03-04 14:23:00,14.84,14.84,14.84,14.84,1100,16324.0
000026.SZ,2026-03-04 14:24:00,14.83,14.83,14.8,14.8,19900,294761.0
000026.SZ,2026-03-04 14:25:00,14.8,14.8,14.8,14.8,200,2960.0
000026.SZ,2026-03-04 14:26:00,14.8,14.8,14.79,14.79,6500,96198.0
000026.SZ,2026-03-04 14:27:00,14.79,14.8,14.79,14.8,8400,124317.0
000026.SZ,2026-03-04 14:28:00,14.81,14.81,14.79,14.79,400,5918.0
000026.SZ,2026-03-04 14:29:00,14.79,14.79,14.78,14.78,19600,289837.0
000026.SZ,2026-03-04 14:30:00,14.78,14.79,14.78,14.79,8000,118267.0
000026.SZ,2026-03-04 14:31:00,14.79,14.8,14.78,14.78,6400,94669.0
000026.SZ,2026-03-04 14:32:00,14.78,14.78,14.76,14.78,25500,376879.0
000026.SZ,2026-03-04 14:33:00,14.76,14.79,14.76,14.79,55100,814129.0
000026.SZ,2026-03-04 14:34:00,14.8,14.8,14.79,14.8,6800,100633.0
000026.SZ,2026-03-04 14:35:00,14.8,14.81,14.79,14.81,16000,236924.0
000026.SZ,2026-03-04 14:36:00,14.81,14.82,14.8,14.8,9600,142196.0
000026.SZ,2026-03-04 14:37:00,14.8,14.82,14.8,14.81,4400,65178.0
000026.SZ,2026-03-04 14:38:00,14.81,14.82,14.81,14.81,4000,59241.0
000026.SZ,2026-03-04 14:39:00,14.81,14.82,14.81,14.82,600,8891.0
000026.SZ,2026-03-04 14:40:00,14.81,14.82,14.81,14.81,7500,111090.0
000026.SZ,2026-03-04 14:41:00,14.8,14.81,14.8,14.8,5100,75494.0
000026.SZ,2026-03-04 14:42:00,14.81,14.82,14.8,14.8,6000,88826.0
000026.SZ,2026-03-04 14:43:00,14.8,14.82,14.8,14.8,10800,159930.0
000026.SZ,2026-03-04 14:44:00,14.82,14.83,14.79,14.8,9500,140678.0
000026.SZ,2026-03-04 14:45:00,14.78,14.8,14.77,14.8,61400,907603.0
000026.SZ,2026-03-04 14:46:00,14.8,14.8,14.78,14.78,4300,63626.0
000026.SZ,2026-03-04 14:47:00,14.8,14.8,14.77,14.78,33900,500821.0
000026.SZ,2026-03-04 14:48:00,14.79,14.79,14.77,14.78,3500,51749.0
000026.SZ,2026-03-04 14:49:00,14.77,14.78,14.77,14.78,9100,134469.0
000026.SZ,2026-03-04 14:50:00,14.78,14.78,14.77,14.77,11600,171421.0
000026.SZ,2026-03-04 14:51:00,14.78,14.78,14.76,14.78,47800,706029.0
000026.SZ,2026-03-04 14:52:00,14.77,14.78,14.77,14.77,9100,134409.0
000026.SZ,2026-03-04 14:53:00,14.78,14.79,14.77,14.79,49800,735310.0
000026.SZ,2026-03-04 14:54:00,14.77,14.81,14.76,14.8,68700,1016524.0
000026.SZ,2026-03-04 14:55:00,14.8,14.8,14.78,14.8,12800,189378.0
000026.SZ,2026-03-04 14:56:00,14.8,14.82,14.8,14.8,12800,189535.0
000026.SZ,2026-03-04 14:57:00,14.82,14.83,14.82,14.83,16500,244580.0
000026.SZ,2026-03-04 14:58:00,14.83,14.83,14.83,14.83,0,0.0
000026.SZ,2026-03-04 14:59:00,14.83,14.83,14.83,14.83,0,0.0
000026.SZ,2026-03-04 15:00:00,14.82,14.82,14.82,14.82,20800,308256.0
000026.SZ,2026-03-05 09:30:00,15.05,15.05,15.04,15.05,23200,349158.0
000026.SZ,2026-03-05 09:31:00,15.01,15.05,14.99,15.04,75700,1137413.0
000026.SZ,2026-03-05 09:32:00,15.03,15.03,15.0,15.02,24900,373947.0
000026.SZ,2026-03-05 09:33:00,15.01,15.01,14.98,15.01,45600,683866.0
000026.SZ,2026-03-05 09:34:00,14.99,15.0,14.98,14.99,11100,166439.0
000026.SZ,2026-03-05 09:35:00,14.98,14.99,14.94,14.98,17200,257470.0
000026.SZ,2026-03-05 09:36:00,14.97,15.02,14.97,15.0,64700,970243.0
000026.SZ,2026-03-05 09:37:00,14.99,15.02,14.99,15.0,4600,69024.0
000026.SZ,2026-03-05 09:38:00,15.01,15.02,15.0,15.01,22000,330185.0
000026.SZ,2026-03-05 09:39:00,15.01,15.02,15.01,15.02,17200,258275.0
000026.SZ,2026-03-05 09:40:00,15.03,15.06,15.03,15.06,56280,846467.2
000026.SZ,2026-03-05 09:41:00,15.06,15.07,15.03,15.03,10900,164043.0
000026.SZ,2026-03-05 09:42:00,15.04,15.08,15.04,15.07,31200,469632.0
000026.SZ,2026-03-05 09:43:00,15.06,15.06,15.02,15.02,28300,425548.0
000026.SZ,2026-03-05 09:44:00,15.02,15.05,15.01,15.05,7200,108168.0
000026.SZ,2026-03-05 09:45:00,15.05,15.06,15.05,15.06,20900,314684.0
000026.SZ,2026-03-05 09:46:00,15.07,15.12,15.06,15.11,71900,1084883.0
000026.SZ,2026-03-05 09:47:00,15.1,15.1,15.08,15.09,13900,209803.0
000026.SZ,2026-03-05 09:48:00,15.09,15.09,15.07,15.07,11900,179515.0
000026.SZ,2026-03-05 09:49:00,15.08,15.08,15.06,15.06,7100,107026.0
000026.SZ,2026-03-05 09:50:00,15.06,15.11,15.05,15.11,16700,251996.0
000026.SZ,2026-03-05 09:51:00,15.12,15.13,15.11,15.13,37200,562367.0
000026.SZ,2026-03-05 09:52:00,15.14,15.14,15.11,15.11,10800,163334.0
000026.SZ,2026-03-05 09:53:00,15.11,15.14,15.1,15.1,37700,569756.0
000026.SZ,2026-03-05 09:54:00,15.1,15.12,15.1,15.12,47100,711579.0
000026.SZ,2026-03-05 09:55:00,15.12,15.12,15.1,15.11,39100,590492.0
000026.SZ,2026-03-05 09:56:00,15.09,15.1,15.09,15.1,16900,255184.0
000026.SZ,2026-03-05 09:57:00,15.1,15.1,15.09,15.09,17700,267133.0
000026.SZ,2026-03-05 09:58:00,15.08,15.08,15.08,15.08,4900,73892.0
000026.SZ,2026-03-05 09:59:00,15.07,15.08,15.05,15.05,8400,126560.0
000026.SZ,2026-03-05 10:00:00,15.05,15.06,15.05,15.06,32300,486160.0
000026.SZ,2026-03-05 10:01:00,15.06,15.06,15.04,15.05,41700,627672.0
000026.SZ,2026-03-05 10:02:00,15.04,15.05,15.03,15.03,6300,94740.0
000026.SZ,2026-03-05 10:03:00,15.02,15.03,15.02,15.03,9100,136771.0
000026.SZ,2026-03-05 10:04:00,15.03,15.05,15.03,15.03,14900,224074.0
000026.SZ,2026-03-05 10:05:00,15.02,15.04,15.0,15.01,93300,1399849.0
000026.SZ,2026-03-05 10:06:00,15.0,15.0,14.99,14.99,13900,208399.0
000026.SZ,2026-03-05 10:07:00,15.0,15.0,14.99,15.0,16900,253448.0
000026.SZ,2026-03-05 10:08:00,15.01,15.01,15.0,15.01,4800,72016.0
000026.SZ,2026-03-05 10:09:00,15.01,15.01,15.0,15.01,8200,123068.0
000026.SZ,2026-03-05 10:10:00,15.01,15.01,15.0,15.0,11800,177068.0
000026.SZ,2026-03-05 10:11:00,15.0,15.01,15.0,15.0,18700,280506.0
000026.SZ,2026-03-05 10:12:00,15.0,15.01,14.99,15.01,15000,225079.0
000026.SZ,2026-03-05 10:13:00,15.0,15.0,15.0,15.0,12300,184480.0
000026.SZ,2026-03-05 10:14:00,14.99,15.01,14.99,14.99,12700,190399.0
000026.SZ,2026-03-05 10:15:00,14.99,14.99,14.98,14.98,8400,125901.0
000026.SZ,2026-03-05 10:16:00,15.0,15.0,14.99,14.99,800,11999.0
000026.SZ,2026-03-05 10:17:00,14.99,15.0,14.99,15.0,7800,116968.0
000026.SZ,2026-03-05 10:18:00,15.0,15.01,15.0,15.01,1700,25502.0
000026.SZ,2026-03-05 10:19:00,15.01,15.02,15.01,15.02,1700,25526.0
000026.SZ,2026-03-05 10:20:00,15.02,15.02,15.01,15.02,15100,226896.0
000026.SZ,2026-03-05 10:21:00,15.01,15.01,15.0,15.0,25800,387064.0
000026.SZ,2026-03-05 10:22:00,15.0,15.0,14.99,15.0,5100,76495.0
000026.SZ,2026-03-05 10:23:00,14.97,14.98,14.97,14.98,15500,232271.0
000026.SZ,2026-03-05 10:24:00,14.96,14.98,14.96,14.98,10000,149695.0
000026.SZ,2026-03-05 10:25:00,14.97,14.98,14.96,14.97,13500,202076.0
000026.SZ,2026-03-05 10:26:00,14.97,14.97,14.97,14.97,12300,184131.0
000026.SZ,2026-03-05 10:27:00,14.98,14.99,14.98,14.99,2600,38952.0
000026.SZ,2026-03-05 10:28:00,14.99,14.99,14.98,14.98,3100,46457.0
000026.SZ,2026-03-05 10:29:00,14.98,14.98,14.96,14.98,22400,335525.0
000026.SZ,2026-03-05 10:30:00,14.98,14.98,14.96,14.96,2900,43414.0
000026.SZ,2026-03-05 10:31:00,14.97,14.98,14.97,14.98,2400,35945.0
000026.SZ,2026-03-05 10:32:00,14.98,14.98,14.97,14.97,3800,56922.0
000026.SZ,2026-03-05 10:33:00,14.97,15.0,14.97,14.99,24900,373083.0
000026.SZ,2026-03-05 10:34:00,15.0,15.01,15.0,15.0,2100,31502.0
000026.SZ,2026-03-05 10:35:00,15.0,15.01,15.0,15.01,1300,19510.0
000026.SZ,2026-03-05 10:36:00,15.01,15.01,15.0,15.0,7100,106538.0
000026.SZ,2026-03-05 10:37:00,15.0,15.01,15.0,15.01,7200,108069.0
000026.SZ,2026-03-05 10:38:00,15.02,15.02,15.0,15.0,1600,24005.0
000026.SZ,2026-03-05 10:39:00,15.0,15.02,14.99,15.02,22000,330066.0
000026.SZ,2026-03-05 10:40:00,15.01,15.01,15.0,15.0,1100,16510.0
000026.SZ,2026-03-05 10:41:00,15.0,15.0,14.99,15.0,1700,25495.0
000026.SZ,2026-03-05 10:42:00,15.0,15.01,14.99,14.99,2500,37497.0
000026.SZ,2026-03-05 10:43:00,14.99,15.0,14.99,14.99,3500,52497.0
000026.SZ,2026-03-05 10:44:00,15.01,15.03,15.01,15.03,52700,791928.0
000026.SZ,2026-03-05 10:45:00,15.02,15.04,15.02,15.04,7800,117266.0
000026.SZ,2026-03-05 10:46:00,15.03,15.04,15.03,15.04,3400,51126.0
000026.SZ,2026-03-05 10:47:00,15.03,15.04,15.03,15.04,2200,33083.0
000026.SZ,2026-03-05 10:48:00,15.04,15.04,15.04,15.04,8100,121815.0
000026.SZ,2026-03-05 10:49:00,15.04,15.05,15.04,15.04,6000,90265.0
000026.SZ,2026-03-05 10:50:00,15.04,15.06,15.03,15.06,94100,1415767.0
000026.SZ,2026-03-05 10:51:00,15.08,15.1,15.08,15.1,34600,521900.0
000026.SZ,2026-03-05 10:52:00,15.09,15.09,15.08,15.09,14300,215761.0
000026.SZ,2026-03-05 10:53:00,15.09,15.12,15.09,15.12,46700,705170.0
000026.SZ,2026-03-05 10:54:00,15.11,15.11,15.1,15.1,7600,114833.0
000026.SZ,2026-03-05 10:55:00,15.11,15.12,15.11,15.11,4000,60446.0
000026.SZ,2026-03-05 10:56:00,15.11,15.11,15.1,15.1,3700,55904.0
000026.SZ,2026-03-05 10:57:00,15.1,15.1,15.1,15.1,10700,161570.0
000026.SZ,2026-03-05 10:58:00,15.1,15.1,15.1,15.1,7200,108720.0
000026.SZ,2026-03-05 10:59:00,15.1,15.11,15.1,15.11,11800,178212.0
000026.SZ,2026-03-05 11:00:00,15.11,15.11,15.09,15.09,17200,259771.0
000026.SZ,2026-03-05 11:01:00,15.08,15.09,15.08,15.09,2800,42247.0
000026.SZ,2026-03-05 11:02:00,15.09,15.09,15.08,15.08,7700,116170.0
000026.SZ,2026-03-05 11:03:00,15.08,15.09,15.08,15.08,7800,117697.0
000026.SZ,2026-03-05 11:04:00,15.09,15.09,15.08,15.09,10300,155379.0
000026.SZ,2026-03-05 11:05:00,15.09,15.09,15.09,15.09,8900,134299.0
000026.SZ,2026-03-05 11:06:00,15.09,15.13,15.08,15.13,92400,1394994.0
000026.SZ,2026-03-05 11:07:00,15.11,15.12,15.11,15.11,10300,155687.0
000026.SZ,2026-03-05 11:08:00,15.11,15.11,15.11,15.11,11000,166211.0
000026.SZ,2026-03-05 11:09:00,15.12,15.12,15.1,15.11,5900,89104.0
000026.SZ,2026-03-05 11:10:00,15.11,15.11,15.09,15.1,9400,141976.0
000026.SZ,2026-03-05 11:11:00,15.1,15.11,15.09,15.11,9100,137388.0
000026.SZ,2026-03-05 11:12:00,15.11,15.11,15.09,15.1,8000,120787.0
000026.SZ,2026-03-05 11:13:00,15.09,15.11,15.09,15.11,9300,140383.0
000026.SZ,2026-03-05 11:14:00,15.11,15.11,15.1,15.1,2400,36245.0
000026.SZ,2026-03-05 11:15:00,15.09,15.1,15.09,15.1,900,13588.0
000026.SZ,2026-03-05 11:16:00,15.09,15.1,15.09,15.1,500,7547.0
000026.SZ,2026-03-05 11:17:00,15.1,15.11,15.1,15.11,6500,98168.0
000026.SZ,2026-03-05 11:18:00,15.09,15.11,15.09,15.09,3900,58887.0
000026.SZ,2026-03-05 11:19:00,15.1,15.1,15.09,15.09,500,7548.0
000026.SZ,2026-03-05 11:20:00,15.09,15.1,15.09,15.09,2200,33215.0
000026.SZ,2026-03-05 11:21:00,15.1,15.1,15.09,15.1,1200,18111.0
000026.SZ,2026-03-05 11:22:00,15.1,15.1,15.09,15.09,1200,18115.0
000026.SZ,2026-03-05 11:23:00,15.09,15.09,15.09,15.09,600,9054.0
000026.SZ,2026-03-05 11:24:00,15.11,15.11,15.09,15.09,1900,28690.0
000026.SZ,2026-03-05 11:25:00,15.09,15.1,15.09,15.1,700,10567.0
000026.SZ,2026-03-05 11:26:00,15.09,15.11,15.09,15.11,3900,58906.0
000026.SZ,2026-03-05 11:27:00,15.09,15.09,15.09,15.09,1700,25673.0
000026.SZ,2026-03-05 11:28:00,15.1,15.1,15.09,15.09,8700,131344.0
000026.SZ,2026-03-05 11:29:00,15.09,15.11,15.09,15.11,5500,83034.0
000026.SZ,2026-03-05 11:30:00,15.09,15.09,15.09,15.09,300,4527.0
000026.SZ,2026-03-05 13:01:00,15.09,15.11,15.09,15.09,8000,120772.0
000026.SZ,2026-03-05 13:02:00,15.1,15.1,15.08,15.08,5700,86009.0
000026.SZ,2026-03-05 13:03:00,15.08,15.08,15.06,15.07,22800,343765.0
000026.SZ,2026-03-05 13:04:00,15.08,15.09,15.08,15.08,7500,113104.0
000026.SZ,2026-03-05 13:05:00,15.09,15.09,15.08,15.08,4300,64847.0
000026.SZ,2026-03-05 13:06:00,15.08,15.08,15.07,15.08,5300,79895.0
000026.SZ,2026-03-05 13:07:00,15.08,15.08,15.07,15.08,3700,55768.0
000026.SZ,2026-03-05 13:08:00,15.08,15.08,15.07,15.07,2800,42210.0
000026.SZ,2026-03-05 13:09:00,15.08,15.08,15.08,15.08,6100,91985.0
000026.SZ,2026-03-05 13:10:00,15.08,15.08,15.07,15.07,3100,46737.0
000026.SZ,2026-03-05 13:11:00,15.08,15.09,15.06,15.08,34700,522784.0
000026.SZ,2026-03-05 13:12:00,15.08,15.09,15.08,15.09,3500,52811.0
000026.SZ,2026-03-05 13:13:00,15.08,15.08,15.08,15.08,2200,33176.0
000026.SZ,2026-03-05 13:14:00,15.09,15.09,15.09,15.09,300,4527.0
000026.SZ,2026-03-05 13:15:00,15.09,15.09,15.09,15.09,8100,122229.0
000026.SZ,2026-03-05 13:16:00,15.09,15.09,15.09,15.09,2100,31689.0
000026.SZ,2026-03-05 13:17:00,15.08,15.09,15.08,15.09,4100,61829.0
000026.SZ,2026-03-05 13:18:00,15.09,15.09,15.09,15.09,800,12072.0
000026.SZ,2026-03-05 13:19:00,15.09,15.09,15.09,15.09,2800,42252.0
000026.SZ,2026-03-05 13:20:00,15.08,15.09,15.08,15.09,3400,51287.0
000026.SZ,2026-03-05 13:21:00,15.09,15.09,15.08,15.08,1200,18099.0
000026.SZ,2026-03-05 13:22:00,15.08,15.08,15.07,15.07,13100,197530.0
000026.SZ,2026-03-05 13:23:00,15.08,15.08,15.08,15.08,700,10556.0
000026.SZ,2026-03-05 13:24:00,15.07,15.08,15.07,15.07,5100,76864.0
000026.SZ,2026-03-05 13:25:00,15.07,15.08,15.06,15.08,1500,22607.0
000026.SZ,2026-03-05 13:26:00,15.08,15.08,15.07,15.07,500,7536.0
000026.SZ,2026-03-05 13:27:00,15.06,15.07,15.06,15.07,1100,16574.0
000026.SZ,2026-03-05 13:28:00,15.06,15.07,15.06,15.07,3100,46716.0
000026.SZ,2026-03-05 13:29:00,15.07,15.07,15.07,15.07,0,0.0
000026.SZ,2026-03-05 13:30:00,15.06,15.08,15.05,15.08,10200,153586.0
000026.SZ,2026-03-05 13:31:00,15.06,15.06,15.06,15.06,1700,25601.0
000026.SZ,2026-03-05 13:32:00,15.07,15.07,15.05,15.05,5700,85800.0
000026.SZ,2026-03-05 13:33:00,15.06,15.06,15.05,15.05,2900,43673.0
000026.SZ,2026-03-05 13:34:00,15.05,15.07,15.05,15.07,5900,88819.0
000026.SZ,2026-03-05 13:35:00,15.05,15.06,15.05,15.06,2500,37633.0
000026.SZ,2026-03-05 13:36:00,15.05,15.05,15.04,15.04,2900,43644.0
000026.SZ,2026-03-05 13:37:00,15.04,15.05,15.03,15.05,13500,202989.0
000026.SZ,2026-03-05 13:38:00,15.05,15.05,15.05,15.05,1300,19555.0
000026.SZ,2026-03-05 13:39:00,15.04,15.04,15.04,15.04,700,10528.0
000026.SZ,2026-03-05 13:40:00,15.05,15.05,15.04,15.04,9900,148947.0
000026.SZ,2026-03-05 13:41:00,15.04,15.04,15.03,15.03,2700,40603.0
000026.SZ,2026-03-05 13:42:00,15.03,15.04,15.03,15.03,6200,93191.0
000026.SZ,2026-03-05 13:43:00,15.03,15.03,15.03,15.03,4600,69138.0
000026.SZ,2026-03-05 13:44:00,15.04,15.04,15.03,15.03,5600,84207.0
000026.SZ,2026-03-05 13:45:00,15.03,15.04,15.03,15.04,3100,46621.0
000026.SZ,2026-03-05 13:46:00,15.04,15.04,15.04,15.04,2900,43616.0
000026.SZ,2026-03-05 13:47:00,15.04,15.04,15.03,15.04,3500,52617.0
000026.SZ,2026-03-05 13:48:00,15.04,15.04,15.03,15.03,7000,105214.0
000026.SZ,2026-03-05 13:49:00,15.03,15.03,15.03,15.03,2300,34569.0
000026.SZ,2026-03-05 13:50:00,15.03,15.03,15.03,15.03,4200,63127.0
000026.SZ,2026-03-05 13:51:00,15.03,15.03,15.02,15.03,2700,40560.0
000026.SZ,2026-03-05 13:52:00,15.02,15.02,15.01,15.02,14900,223783.0
000026.SZ,2026-03-05 13:53:00,15.02,15.02,15.01,15.01,9500,142613.0
000026.SZ,2026-03-05 13:54:00,15.01,15.02,15.01,15.02,12400,186191.0
000026.SZ,2026-03-05 13:55:00,15.02,15.03,15.01,15.03,2700,40554.0
000026.SZ,2026-03-05 13:56:00,15.03,15.03,15.02,15.03,5100,76624.0
000026.SZ,2026-03-05 13:57:00,15.03,15.03,15.02,15.02,1200,18035.0
000026.SZ,2026-03-05 13:58:00,15.03,15.04,15.03,15.04,8500,127785.0
000026.SZ,2026-03-05 13:59:00,15.03,15.04,15.03,15.04,3300,49603.0
000026.SZ,2026-03-05 14:00:00,15.03,15.04,15.02,15.02,3300,49598.0
000026.SZ,2026-03-05 14:01:00,15.04,15.04,15.02,15.02,600,9014.0
000026.SZ,2026-03-05 14:02:00,15.04,15.04,15.02,15.03,1500,22533.0
000026.SZ,2026-03-05 14:03:00,15.03,15.03,15.02,15.02,2800,42057.0
000026.SZ,2026-03-05 14:04:00,15.02,15.02,15.01,15.02,59000,885196.0
000026.SZ,2026-03-05 14:05:00,15.01,15.02,15.01,15.02,1400,21015.0
000026.SZ,2026-03-05 14:06:00,15.02,15.02,15.01,15.01,500,7506.0
000026.SZ,2026-03-05 14:07:00,15.01,15.02,15.01,15.01,4200,63043.0
000026.SZ,2026-03-05 14:08:00,15.0,15.0,15.0,15.0,400,6001.0
000026.SZ,2026-03-05 14:09:00,15.01,15.01,15.01,15.01,200,3002.0
000026.SZ,2026-03-05 14:10:00,15.01,15.01,15.0,15.01,7800,117053.0
000026.SZ,2026-03-05 14:11:00,15.01,15.01,15.0,15.0,11200,168003.0
000026.SZ,2026-03-05 14:12:00,15.0,15.0,14.99,14.99,6600,98966.0
000026.SZ,2026-03-05 14:13:00,15.0,15.0,15.0,15.0,100,1500.0
000026.SZ,2026-03-05 14:14:00,15.0,15.0,14.99,14.99,443000,6640579.0
000026.SZ,2026-03-05 14:15:00,14.98,14.98,14.96,14.96,31500,471556.0
000026.SZ,2026-03-05 14:16:00,14.95,14.96,14.95,14.95,4600,68800.0
000026.SZ,2026-03-05 14:17:00,14.96,14.96,14.94,14.95,40700,608489.0
000026.SZ,2026-03-05 14:18:00,14.94,14.95,14.94,14.95,8100,121052.0
000026.SZ,2026-03-05 14:19:00,14.94,14.95,14.94,14.95,15100,225627.0
000026.SZ,2026-03-05 14:20:00,14.94,14.95,14.93,14.93,20200,301620.0
000026.SZ,2026-03-05 14:21:00,14.92,14.93,14.9,14.9,15300,228135.0
000026.SZ,2026-03-05 14:22:00,14.9,14.92,14.9,14.92,90500,1349395.0
000026.SZ,2026-03-05 14:23:00,14.92,14.93,14.92,14.93,20900,311853.0
000026.SZ,2026-03-05 14:24:00,14.93,14.93,14.93,14.93,1200,17916.0
000026.SZ,2026-03-05 14:25:00,14.92,14.93,14.92,14.93,2600,38805.0
000026.SZ,2026-03-05 14:26:00,14.93,14.93,14.93,14.93,4800,71664.0
000026.SZ,2026-03-05 14:27:00,14.93,14.93,14.92,14.92,2200,32844.0
000026.SZ,2026-03-05 14:28:00,14.93,14.94,14.92,14.93,46300,691295.0
000026.SZ,2026-03-05 14:29:00,14.93,14.93,14.92,14.92,8700,129889.0
000026.SZ,2026-03-05 14:30:00,14.93,14.93,14.92,14.93,12000,179065.0
000026.SZ,2026-03-05 14:31:00,14.93,14.94,14.92,14.93,32500,485183.0
000026.SZ,2026-03-05 14:32:00,14.92,14.93,14.91,14.92,35600,531063.0
000026.SZ,2026-03-05 14:33:00,14.92,14.92,14.91,14.91,9500,141651.0
000026.SZ,2026-03-05 14:34:00,14.91,14.92,14.89,14.92,66100,984985.0
000026.SZ,2026-03-05 14:35:00,14.92,14.92,14.91,14.91,7900,117791.0
000026.SZ,2026-03-05 14:36:00,14.91,14.92,14.91,14.92,3200,47713.0
000026.SZ,2026-03-05 14:37:00,14.91,14.91,14.9,14.91,5000,74510.0
000026.SZ,2026-03-05 14:38:00,14.91,14.92,14.9,14.91,8100,120773.0
000026.SZ,2026-03-05 14:39:00,14.91,14.92,14.91,14.92,12900,192321.0
000026.SZ,2026-03-05 14:40:00,14.91,14.93,14.91,14.91,10500,156694.0
000026.SZ,2026-03-05 14:41:00,14.93,14.94,14.91,14.92,7400,110425.0
000026.SZ,2026-03-05 14:42:00,14.91,14.94,14.91,14.94,1600,23892.0
000026.SZ,2026-03-05 14:43:00,14.94,14.94,14.93,14.94,24500,366024.0
000026.SZ,2026-03-05 14:44:00,14.94,14.94,14.92,14.94,4400,65681.0
000026.SZ,2026-03-05 14:45:00,14.93,14.93,14.93,14.93,1300,19409.0
000026.SZ,2026-03-05 14:46:00,14.93,14.94,14.92,14.93,4200,62730.0
000026.SZ,2026-03-05 14:47:00,14.92,14.93,14.92,14.93,700,10445.0
000026.SZ,2026-03-05 14:48:00,14.93,14.94,14.93,14.94,7500,112006.0
000026.SZ,2026-03-05 14:49:00,14.93,14.94,14.93,14.94,7300,109022.0
000026.SZ,2026-03-05 14:50:00,14.92,14.94,14.91,14.91,60900,908810.0
000026.SZ,2026-03-05 14:51:00,14.93,14.94,14.91,14.93,6700,100005.0
000026.SZ,2026-03-05 14:52:00,14.93,14.94,14.9,14.94,53200,793451.0
000026.SZ,2026-03-05 14:53:00,14.93,14.94,14.93,14.93,4900,73167.0
000026.SZ,2026-03-05 14:54:00,14.93,14.94,14.93,14.94,7100,106021.0
000026.SZ,2026-03-05 14:55:00,14.93,14.95,14.93,14.95,37600,561757.0
000026.SZ,2026-03-05 14:56:00,14.94,14.95,14.93,14.95,13200,197297.0
000026.SZ,2026-03-05 14:57:00,14.94,15.0,14.94,15.0,76000,1136533.0
000026.SZ,2026-03-05 14:58:00,15.0,15.0,15.0,15.0,0,0.0
000026.SZ,2026-03-05 14:59:00,15.0,15.0,15.0,15.0,0,0.0
000026.SZ,2026-03-05 15:00:00,14.99,14.99,14.99,14.99,16900,253331.0
000026.SZ,2026-03-06 09:30:00,15.01,15.01,15.0,15.0,24700,370730.0
000026.SZ,2026-03-06 09:31:00,14.97,14.97,14.89,14.94,40200,599969.0
000026.SZ,2026-03-06 09:32:00,14.94,15.0,14.94,14.99,19000,284466.0
000026.SZ,2026-03-06 09:33:00,14.98,15.02,14.92,15.02,21800,326607.0
000026.SZ,2026-03-06 09:34:00,15.03,15.09,15.02,15.02,37000,557178.0
000026.SZ,2026-03-06 09:35:00,15.02,15.02,15.0,15.02,10500,157658.0
000026.SZ,2026-03-06 09:36:00,15.0,15.01,14.96,14.96,7200,107919.0
000026.SZ,2026-03-06 09:37:00,14.96,15.0,14.96,15.0,6900,103331.0
000026.SZ,2026-03-06 09:38:00,14.99,15.03,14.99,15.03,16600,248967.0
000026.SZ,2026-03-06 09:39:00,15.01,15.03,14.99,15.03,6400,96161.0
000026.SZ,2026-03-06 09:40:00,15.02,15.03,15.02,15.03,11900,178788.0
000026.SZ,2026-03-06 09:41:00,15.03,15.06,15.03,15.05,5500,82753.0
000026.SZ,2026-03-06 09:42:00,15.05,15.06,15.04,15.06,36900,555153.0
000026.SZ,2026-03-06 09:43:00,15.06,15.07,15.05,15.06,77400,1164971.0
000026.SZ,2026-03-06 09:44:00,15.07,15.07,15.05,15.07,12300,185294.0
000026.SZ,2026-03-06 09:45:00,15.05,15.06,15.04,15.04,2500,37610.0
000026.SZ,2026-03-06 09:46:00,15.04,15.04,15.04,15.04,2500,37600.0
000026.SZ,2026-03-06 09:47:00,15.04,15.04,15.04,15.04,5100,76704.0
000026.SZ,2026-03-06 09:48:00,15.04,15.06,15.04,15.06,9400,141449.0
000026.SZ,2026-03-06 09:49:00,15.04,15.04,15.04,15.04,3100,46625.0
000026.SZ,2026-03-06 09:50:00,15.04,15.04,15.03,15.03,9000,135284.0
000026.SZ,2026-03-06 09:51:00,15.04,15.04,15.03,15.03,700,10524.0
000026.SZ,2026-03-06 09:52:00,15.04,15.04,15.02,15.04,7500,112748.0
000026.SZ,2026-03-06 09:53:00,15.04,15.04,15.02,15.02,3400,51111.0
000026.SZ,2026-03-06 09:54:00,15.02,15.03,15.02,15.03,6600,99139.0
000026.SZ,2026-03-06 09:55:00,15.03,15.03,15.01,15.01,5200,78093.0
000026.SZ,2026-03-06 09:56:00,15.01,15.02,15.01,15.02,6400,96096.0
000026.SZ,2026-03-06 09:57:00,15.03,15.04,15.03,15.03,14300,214825.0
000026.SZ,2026-03-06 09:58:00,15.04,15.04,15.02,15.02,6700,100753.0
000026.SZ,2026-03-06 09:59:00,15.03,15.05,15.02,15.04,13000,195442.0
000026.SZ,2026-03-06 10:00:00,15.04,15.04,15.03,15.04,6200,93244.0
000026.SZ,2026-03-06 10:01:00,15.03,15.03,15.02,15.03,17300,259992.0
000026.SZ,2026-03-06 10:02:00,15.03,15.03,15.01,15.01,4200,63070.0
000026.SZ,2026-03-06 10:03:00,15.02,15.02,15.0,15.0,8200,123069.0
000026.SZ,2026-03-06 10:04:00,15.0,15.01,14.99,15.0,10000,150000.0
000026.SZ,2026-03-06 10:05:00,15.0,15.02,14.99,15.02,27700,415276.0
000026.SZ,2026-03-06 10:06:00,15.02,15.03,15.0,15.0,5700,85537.0
000026.SZ,2026-03-06 10:07:00,15.0,15.02,15.0,15.02,6200,93102.0
000026.SZ,2026-03-06 10:08:00,15.02,15.05,15.02,15.05,9400,141320.0
000026.SZ,2026-03-06 10:09:00,15.05,15.05,15.04,15.04,1800,27075.0
000026.SZ,2026-03-06 10:10:00,15.03,15.05,15.03,15.05,2800,42105.0
000026.SZ,2026-03-06 10:11:00,15.03,15.04,15.03,15.03,4100,61623.0
000026.SZ,2026-03-06 10:12:00,15.05,15.05,15.03,15.03,4900,73709.0
000026.SZ,2026-03-06 10:13:00,15.06,15.06,15.04,15.05,19300,290451.0
000026.SZ,2026-03-06 10:14:00,15.05,15.05,15.04,15.05,9900,148960.0
000026.SZ,2026-03-06 10:15:00,15.06,15.06,15.05,15.05,1900,28598.0
000026.SZ,2026-03-06 10:16:00,15.06,15.06,15.05,15.05,9000,135452.0
000026.SZ,2026-03-06 10:17:00,15.06,15.06,15.05,15.05,24900,374670.0
000026.SZ,2026-03-06 10:18:00,15.06,15.07,15.02,15.05,38200,574714.0
000026.SZ,2026-03-06 10:19:00,15.06,15.06,15.06,15.06,3000,45180.0
000026.SZ,2026-03-06 10:20:00,15.05,15.06,15.05,15.06,2600,39133.0
000026.SZ,2026-03-06 10:21:00,15.05,15.05,15.05,15.05,2800,42143.0
000026.SZ,2026-03-06 10:22:00,15.06,15.06,15.06,15.06,4000,60240.0
000026.SZ,2026-03-06 10:23:00,15.06,15.06,15.05,15.05,4200,63222.0
000026.SZ,2026-03-06 10:24:00,15.05,15.06,15.05,15.05,9800,147491.0
000026.SZ,2026-03-06 10:25:00,15.03,15.07,15.03,15.07,40400,608376.0
000026.SZ,2026-03-06 10:26:00,15.07,15.07,15.06,15.06,18700,281648.0
000026.SZ,2026-03-06 10:27:00,15.06,15.08,15.05,15.05,31500,474512.0
000026.SZ,2026-03-06 10:28:00,15.08,15.08,15.05,15.06,22900,345265.0
000026.SZ,2026-03-06 10:29:00,15.05,15.06,15.04,15.05,3200,48168.0
000026.SZ,2026-03-06 10:30:00,15.06,15.07,15.06,15.06,2500,37651.0
000026.SZ,2026-03-06 10:31:00,15.07,15.07,15.05,15.07,18400,277105.0
000026.SZ,2026-03-06 10:32:00,15.08,15.08,15.07,15.08,14000,211103.0
000026.SZ,2026-03-06 10:33:00,15.08,15.08,15.07,15.08,17600,265407.0
000026.SZ,2026-03-06 10:34:00,15.07,15.07,15.06,15.07,4100,61781.0
000026.SZ,2026-03-06 10:35:00,15.06,15.06,15.06,15.06,2600,39159.0
000026.SZ,2026-03-06 10:36:00,15.06,15.07,15.05,15.05,8800,132528.0
000026.SZ,2026-03-06 10:37:00,15.06,15.06,15.06,15.06,5200,78310.0
000026.SZ,2026-03-06 10:38:00,15.06,15.06,15.06,15.06,800,12048.0
000026.SZ,2026-03-06 10:39:00,15.06,15.06,15.04,15.04,37600,565743.0
000026.SZ,2026-03-06 10:40:00,15.04,15.06,15.04,15.05,8300,125010.0
000026.SZ,2026-03-06 10:41:00,15.07,15.07,15.06,15.06,1200,18077.0
000026.SZ,2026-03-06 10:42:00,15.06,15.06,15.05,15.06,3800,57198.0
000026.SZ,2026-03-06 10:43:00,15.05,15.1,15.05,15.09,76000,1146532.0
000026.SZ,2026-03-06 10:44:00,15.1,15.1,15.07,15.07,15200,229348.0
000026.SZ,2026-03-06 10:45:00,15.08,15.09,15.08,15.09,2700,40717.0
000026.SZ,2026-03-06 10:46:00,15.09,15.09,15.08,15.08,19400,292573.0
000026.SZ,2026-03-06 10:47:00,15.08,15.09,15.08,15.09,2700,40736.0
000026.SZ,2026-03-06 10:48:00,15.09,15.09,15.07,15.07,8100,122122.0
000026.SZ,2026-03-06 10:49:00,15.07,15.08,15.07,15.07,5400,81433.0
000026.SZ,2026-03-06 10:50:00,15.08,15.08,15.07,15.07,6400,96504.0
000026.SZ,2026-03-06 10:51:00,15.07,15.08,15.06,15.06,14400,217006.0
000026.SZ,2026-03-06 10:52:00,15.06,15.07,15.06,15.06,3600,54226.0
000026.SZ,2026-03-06 10:53:00,15.06,15.07,15.06,15.07,12400,186847.0
000026.SZ,2026-03-06 10:54:00,15.08,15.08,15.07,15.07,9800,147706.0
000026.SZ,2026-03-06 10:55:00,15.07,15.08,15.06,15.06,9300,140128.0
000026.SZ,2026-03-06 10:56:00,15.06,15.07,15.06,15.07,9500,143131.0
000026.SZ,2026-03-06 10:57:00,15.08,15.08,15.07,15.07,1100,16579.0
000026.SZ,2026-03-06 10:58:00,15.08,15.09,15.07,15.09,57600,868772.0
000026.SZ,2026-03-06 10:59:00,15.11,15.13,15.1,15.12,41300,624022.0
000026.SZ,2026-03-06 11:00:00,15.12,15.12,15.1,15.1,10600,160257.0
000026.SZ,2026-03-06 11:01:00,15.1,15.12,15.1,15.11,25100,379521.0
000026.SZ,2026-03-06 11:02:00,15.12,15.13,15.12,15.12,11300,170880.0
000026.SZ,2026-03-06 11:03:00,15.13,15.19,15.12,15.16,99800,1512056.0
000026.SZ,2026-03-06 11:04:00,15.16,15.17,15.14,15.14,4100,62153.0
000026.SZ,2026-03-06 11:05:00,15.14,15.15,15.14,15.14,6000,90864.0
000026.SZ,2026-03-06 11:06:00,15.15,15.15,15.14,15.14,19500,295320.0
000026.SZ,2026-03-06 11:07:00,15.14,15.14,15.12,15.14,11600,175514.0
000026.SZ,2026-03-06 11:08:00,15.14,15.14,15.12,15.14,7300,110504.0
000026.SZ,2026-03-06 11:09:00,15.14,15.14,15.12,15.12,4000,60524.0
000026.SZ,2026-03-06 11:10:00,15.12,15.12,15.11,15.11,4800,72556.0
000026.SZ,2026-03-06 11:11:00,15.11,15.12,15.11,15.11,900,13600.0
000026.SZ,2026-03-06 11:12:00,15.11,15.11,15.11,15.11,2100,31731.0
000026.SZ,2026-03-06 11:13:00,15.11,15.12,15.11,15.11,3300,49869.0
000026.SZ,2026-03-06 11:14:00,15.12,15.12,15.1,15.1,6600,99721.0
000026.SZ,2026-03-06 11:15:00,15.11,15.12,15.1,15.1,3600,54399.0
000026.SZ,2026-03-06 11:16:00,15.1,15.11,15.1,15.1,1000,15104.0
000026.SZ,2026-03-06 11:17:00,15.1,15.1,15.1,15.1,2500,37750.0
000026.SZ,2026-03-06 11:18:00,15.1,15.1,15.1,15.1,2800,42280.0
000026.SZ,2026-03-06 11:19:00,15.11,15.11,15.1,15.1,1200,18130.0
000026.SZ,2026-03-06 11:20:00,15.11,15.11,15.1,15.1,2000,30212.0
000026.SZ,2026-03-06 11:21:00,15.1,15.11,15.1,15.1,2300,34737.0
000026.SZ,2026-03-06 11:22:00,15.1,15.11,15.1,15.1,4100,61937.0
000026.SZ,2026-03-06 11:23:00,15.1,15.12,15.1,15.1,2400,36243.0
000026.SZ,2026-03-06 11:24:00,15.12,15.12,15.1,15.1,1900,28692.0
000026.SZ,2026-03-06 11:25:00,15.11,15.11,15.1,15.1,2400,36252.0
000026.SZ,2026-03-06 11:26:00,15.12,15.12,15.1,15.1,2100,31722.0
000026.SZ,2026-03-06 11:27:00,15.1,15.11,15.1,15.1,2400,36246.0
000026.SZ,2026-03-06 11:28:00,15.1,15.12,15.1,15.12,1500,22652.0
000026.SZ,2026-03-06 11:29:00,15.1,15.12,15.1,15.1,6200,93669.0
000026.SZ,2026-03-06 11:30:00,15.12,15.12,15.1,15.12,1500,22674.0
000026.SZ,2026-03-06 13:01:00,15.12,15.17,15.1,15.14,131900,1997368.0
000026.SZ,2026-03-06 13:02:00,15.14,15.17,15.14,15.14,400,6059.0
000026.SZ,2026-03-06 13:03:00,15.13,15.14,15.13,15.14,13800,208924.0
000026.SZ,2026-03-06 13:04:00,15.12,15.14,15.12,15.12,2000,30246.0
000026.SZ,2026-03-06 13:05:00,15.12,15.12,15.11,15.11,1900,28722.0
000026.SZ,2026-03-06 13:06:00,15.13,15.13,15.12,15.12,500,7561.0
000026.SZ,2026-03-06 13:07:00,15.11,15.12,15.11,15.11,1600,24187.0
000026.SZ,2026-03-06 13:08:00,15.11,15.12,15.11,15.12,4100,61980.0
000026.SZ,2026-03-06 13:09:00,15.14,15.14,15.11,15.11,15600,235888.0
000026.SZ,2026-03-06 13:10:00,15.11,15.11,15.11,15.11,300,4533.0
000026.SZ,2026-03-06 13:11:00,15.12,15.12,15.11,15.12,6900,104312.0
000026.SZ,2026-03-06 13:12:00,15.11,15.12,15.11,15.11,10800,163294.0
000026.SZ,2026-03-06 13:13:00,15.12,15.12,15.1,15.1,17100,258369.0
000026.SZ,2026-03-06 13:14:00,15.11,15.11,15.09,15.09,23300,351811.0
000026.SZ,2026-03-06 13:15:00,15.09,15.09,15.09,15.09,2300,34707.0
000026.SZ,2026-03-06 13:16:00,15.09,15.09,15.08,15.09,7600,114668.0
000026.SZ,2026-03-06 13:17:00,15.09,15.09,15.09,15.09,1300,19617.0
000026.SZ,2026-03-06 13:18:00,15.1,15.1,15.08,15.08,7800,117685.0
000026.SZ,2026-03-06 13:19:00,15.08,15.1,15.08,15.08,4200,63362.0
000026.SZ,2026-03-06 13:20:00,15.08,15.08,15.07,15.07,12900,194556.0
000026.SZ,2026-03-06 13:21:00,15.07,15.07,15.07,15.07,8500,128100.0
000026.SZ,2026-03-06 13:22:00,15.08,15.08,15.08,15.08,14400,217084.0
000026.SZ,2026-03-06 13:23:00,15.08,15.09,15.07,15.09,16200,244450.0
000026.SZ,2026-03-06 13:24:00,15.1,15.11,15.09,15.09,4200,63438.0
000026.SZ,2026-03-06 13:25:00,15.09,15.1,15.09,15.09,2400,36228.0
000026.SZ,2026-03-06 13:26:00,15.1,15.11,15.1,15.1,2490,37600.0
000026.SZ,2026-03-06 13:27:00,15.1,15.1,15.1,15.1,1900,28690.0
000026.SZ,2026-03-06 13:28:00,15.1,15.12,15.1,15.11,3300,49853.0
000026.SZ,2026-03-06 13:29:00,15.11,15.11,15.1,15.11,5700,86126.0
000026.SZ,2026-03-06 13:30:00,15.11,15.11,15.1,15.1,10100,152522.0
000026.SZ,2026-03-06 13:31:00,15.11,15.12,15.11,15.12,4000,60480.0
000026.SZ,2026-03-06 13:32:00,15.12,15.13,15.11,15.12,4000,60485.0
000026.SZ,2026-03-06 13:33:00,15.11,15.11,15.11,15.11,1500,22665.0
000026.SZ,2026-03-06 13:34:00,15.11,15.11,15.11,15.11,3200,48352.0
000026.SZ,2026-03-06 13:35:00,15.11,15.12,15.11,15.12,6800,102808.0
000026.SZ,2026-03-06 13:36:00,15.13,15.13,15.12,15.13,5200,78675.0
000026.SZ,2026-03-06 13:37:00,15.13,15.13,15.13,15.13,2800,42364.0
000026.SZ,2026-03-06 13:38:00,15.13,15.13,15.12,15.13,7900,119516.0
000026.SZ,2026-03-06 13:39:00,15.13,15.14,15.12,15.13,11000,166421.0
000026.SZ,2026-03-06 13:40:00,15.14,15.15,15.14,15.14,8700,131723.0
000026.SZ,2026-03-06 13:41:00,15.14,15.14,15.14,15.14,3000,45422.0
000026.SZ,2026-03-06 13:42:00,15.14,15.14,15.14,15.14,10700,161999.0
000026.SZ,2026-03-06 13:43:00,15.14,15.14,15.13,15.13,6200,93867.0
000026.SZ,2026-03-06 13:44:00,15.14,15.14,15.13,15.14,6800,102933.0
000026.SZ,2026-03-06 13:45:00,15.13,15.15,15.13,15.15,6800,102986.0
000026.SZ,2026-03-06 13:46:00,15.15,15.15,15.14,15.14,13600,206043.0
000026.SZ,2026-03-06 13:47:00,15.14,15.14,15.14,15.14,3500,52990.0
000026.SZ,2026-03-06 13:48:00,15.13,15.14,15.13,15.13,6400,96879.0
000026.SZ,2026-03-06 13:49:00,15.13,15.15,15.13,15.15,2200,33290.0
000026.SZ,2026-03-06 13:50:00,15.14,15.15,15.13,15.15,1200,18172.0
000026.SZ,2026-03-06 13:51:00,15.13,15.15,15.13,15.15,5400,81739.0
000026.SZ,2026-03-06 13:52:00,15.14,15.15,15.13,15.15,13200,199937.0
000026.SZ,2026-03-06 13:53:00,15.14,15.15,15.14,15.14,1700,25749.0
000026.SZ,2026-03-06 13:54:00,15.15,15.15,15.14,15.14,3000,45432.0
000026.SZ,2026-03-06 13:55:00,15.14,15.14,15.13,15.14,3200,48436.0
000026.SZ,2026-03-06 13:56:00,15.14,15.17,15.14,15.17,80500,1220016.0
000026.SZ,2026-03-06 13:57:00,15.17,15.17,15.16,15.17,9600,145557.0
000026.SZ,2026-03-06 13:58:00,15.16,15.16,15.16,15.16,7700,116732.0
000026.SZ,2026-03-06 13:59:00,15.16,15.17,15.16,15.17,45700,692874.0
000026.SZ,2026-03-06 14:00:00,15.16,15.17,15.16,15.16,3700,56108.0
000026.SZ,2026-03-06 14:01:00,15.17,15.2,15.17,15.19,138000,2095019.0
000026.SZ,2026-03-06 14:02:00,15.2,15.2,15.19,15.19,16300,247626.0
000026.SZ,2026-03-06 14:03:00,15.19,15.21,15.19,15.21,53000,805644.0
000026.SZ,2026-03-06 14:04:00,15.21,15.21,15.2,15.2,12300,187033.0
000026.SZ,2026-03-06 14:05:00,15.2,15.22,15.2,15.22,52000,790855.0
000026.SZ,2026-03-06 14:06:00,15.21,15.23,15.21,15.23,40200,611901.0
000026.SZ,2026-03-06 14:07:00,15.23,15.24,15.23,15.23,16500,251430.0
000026.SZ,2026-03-06 14:08:00,15.23,15.24,15.23,15.24,13700,208771.0
000026.SZ,2026-03-06 14:09:00,15.24,15.25,15.24,15.24,3600,54867.0
000026.SZ,2026-03-06 14:10:00,15.24,15.26,15.24,15.26,30700,468109.0
000026.SZ,2026-03-06 14:11:00,15.25,15.25,15.24,15.25,21600,329404.0
000026.SZ,2026-03-06 14:12:00,15.27,15.3,15.27,15.29,124200,1897711.0
000026.SZ,2026-03-06 14:13:00,15.3,15.38,15.3,15.35,100800,1546255.0
000026.SZ,2026-03-06 14:14:00,15.34,15.34,15.3,15.3,28900,442689.0
000026.SZ,2026-03-06 14:15:00,15.31,15.32,15.3,15.31,39300,601781.0
000026.SZ,2026-03-06 14:16:00,15.31,15.32,15.29,15.29,16600,253995.0
000026.SZ,2026-03-06 14:17:00,15.29,15.3,15.29,15.3,5200,79510.0
000026.SZ,2026-03-06 14:18:00,15.3,15.3,15.29,15.3,4400,67298.0
000026.SZ,2026-03-06 14:19:00,15.29,15.3,15.29,15.29,15800,241686.0
000026.SZ,2026-03-06 14:20:00,15.3,15.3,15.29,15.3,25200,385463.0
000026.SZ,2026-03-06 14:21:00,15.3,15.31,15.3,15.3,15200,232579.0
000026.SZ,2026-03-06 14:22:00,15.3,15.31,15.3,15.3,4800,73444.0
000026.SZ,2026-03-06 14:23:00,15.3,15.3,15.29,15.29,10800,165236.0
000026.SZ,2026-03-06 14:24:00,15.3,15.3,15.29,15.3,13900,212649.0
000026.SZ,2026-03-06 14:25:00,15.31,15.32,15.29,15.32,20900,319927.0
000026.SZ,2026-03-06 14:26:00,15.31,15.31,15.31,15.31,1600,24496.0
000026.SZ,2026-03-06 14:27:00,15.32,15.32,15.3,15.3,9600,146948.0
000026.SZ,2026-03-06 14:28:00,15.31,15.33,15.31,15.33,17200,263490.0
000026.SZ,2026-03-06 14:29:00,15.33,15.35,15.33,15.34,33200,509199.0
000026.SZ,2026-03-06 14:30:00,15.33,15.36,15.33,15.35,30800,472734.0
000026.SZ,2026-03-06 14:31:00,15.35,15.35,15.33,15.33,32000,490907.0
000026.SZ,2026-03-06 14:32:00,15.33,15.36,15.33,15.35,30400,466602.0
000026.SZ,2026-03-06 14:33:00,15.34,15.35,15.33,15.34,3500,53699.0
000026.SZ,2026-03-06 14:34:00,15.34,15.34,15.33,15.33,5300,81264.0
000026.SZ,2026-03-06 14:35:00,15.33,15.34,15.33,15.33,28000,429486.0
000026.SZ,2026-03-06 14:36:00,15.34,15.34,15.34,15.34,4300,65964.0
000026.SZ,2026-03-06 14:37:00,15.34,15.34,15.33,15.33,21300,326693.0
000026.SZ,2026-03-06 14:38:00,15.33,15.34,15.33,15.34,6700,102759.0
000026.SZ,2026-03-06 14:39:00,15.34,15.35,15.33,15.33,8500,130420.0
000026.SZ,2026-03-06 14:40:00,15.34,15.34,15.33,15.33,9100,139576.0
000026.SZ,2026-03-06 14:41:00,15.33,15.35,15.33,15.33,6700,102723.0
000026.SZ,2026-03-06 14:42:00,15.34,15.34,15.33,15.33,12700,194807.0
000026.SZ,2026-03-06 14:43:00,15.34,15.35,15.31,15.31,40200,616339.0
000026.SZ,2026-03-06 14:44:00,15.32,15.32,15.3,15.3,31600,483779.0
000026.SZ,2026-03-06 14:45:00,15.32,15.32,15.3,15.31,1600,24496.0
000026.SZ,2026-03-06 14:46:00,15.31,15.32,15.3,15.32,13500,206694.0
000026.SZ,2026-03-06 14:47:00,15.31,15.31,15.3,15.3,5400,82642.0
000026.SZ,2026-03-06 14:48:00,15.31,15.31,15.3,15.3,17300,264760.0
000026.SZ,2026-03-06 14:49:00,15.3,15.32,15.3,15.32,28100,430442.0
000026.SZ,2026-03-06 14:50:00,15.32,15.32,15.31,15.31,5900,90342.0
000026.SZ,2026-03-06 14:51:00,15.31,15.32,15.31,15.31,12200,186805.0
000026.SZ,2026-03-06 14:52:00,15.3,15.3,15.29,15.3,20000,305913.0
000026.SZ,2026-03-06 14:53:00,15.29,15.3,15.29,15.29,4800,73424.0
000026.SZ,2026-03-06 14:54:00,15.29,15.31,15.29,15.3,30000,458975.0
000026.SZ,2026-03-06 14:55:00,15.3,15.3,15.28,15.3,27000,412805.0
000026.SZ,2026-03-06 14:56:00,15.29,15.29,15.27,15.29,12751,194866.28
000026.SZ,2026-03-06 14:57:00,15.28,15.3,15.27,15.3,46749,714592.75
000026.SZ,2026-03-06 14:58:00,15.3,15.3,15.3,15.3,0,0.0
000026.SZ,2026-03-06 14:59:00,15.3,15.3,15.3,15.3,0,0.0
000026.SZ,2026-03-06 15:00:00,15.32,15.32,15.32,15.32,48200,738424.0
000026.SZ,2026-03-09 09:30:00,15.05,15.05,15.05,15.05,38400,577920.0
000026.SZ,2026-03-09 09:31:00,15.06,15.18,15.03,15.17,88600,1337394.0
000026.SZ,2026-03-09 09:32:00,15.17,15.2,15.12,15.2,46100,698609.0
000026.SZ,2026-03-09 09:33:00,15.21,15.21,15.12,15.18,47900,725891.0
000026.SZ,2026-03-09 09:34:00,15.17,15.25,15.1,15.25,446100,6744186.0
000026.SZ,2026-03-09 09:35:00,15.23,15.25,15.12,15.12,191600,2909976.0
000026.SZ,2026-03-09 09:36:00,15.15,15.18,15.13,15.13,76300,1156231.0
000026.SZ,2026-03-09 09:37:00,15.14,15.15,15.11,15.15,64800,980730.0
000026.SZ,2026-03-09 09:38:00,15.18,15.24,15.16,15.23,62100,944921.0
000026.SZ,2026-03-09 09:39:00,15.22,15.24,15.2,15.2,28500,433501.0
000026.SZ,2026-03-09 09:40:00,15.21,15.21,15.13,15.13,41700,632470.0
000026.SZ,2026-03-09 09:41:00,15.12,15.13,15.09,15.13,72400,1093557.0
000026.SZ,2026-03-09 09:42:00,15.15,15.27,15.15,15.2,156800,2385580.0
000026.SZ,2026-03-09 09:43:00,15.21,15.23,15.17,15.23,48100,731020.0
000026.SZ,2026-03-09 09:44:00,15.2,15.22,15.18,15.18,45600,692828.0
000026.SZ,2026-03-09 09:45:00,15.19,15.23,15.19,15.23,80400,1221657.0
000026.SZ,2026-03-09 09:46:00,15.24,15.24,15.2,15.2,23800,362254.94
000026.SZ,2026-03-09 09:47:00,15.22,15.39,15.22,15.33,108707,1663885.6
000026.SZ,2026-03-09 09:48:00,15.33,15.33,15.24,15.26,17500,267390.0
000026.SZ,2026-03-09 09:49:00,15.26,15.31,15.26,15.3,19700,300727.0
000026.SZ,2026-03-09 09:50:00,15.3,15.31,15.28,15.28,29600,452749.0
000026.SZ,2026-03-09 09:51:00,15.27,15.3,15.24,15.24,10700,163358.0
000026.SZ,2026-03-09 09:52:00,15.23,15.26,15.22,15.22,11493,175079.39
000026.SZ,2026-03-09 09:53:00,15.22,15.23,15.19,15.23,50000,759941.0
000026.SZ,2026-03-09 09:54:00,15.21,15.21,15.18,15.19,21900,332615.0
000026.SZ,2026-03-09 09:55:00,15.19,15.2,15.18,15.18,24000,364366.0
000026.SZ,2026-03-09 09:56:00,15.17,15.2,15.16,15.18,32300,490050.0
000026.SZ,2026-03-09 09:57:00,15.18,15.18,15.16,15.16,17400,264000.0
000026.SZ,2026-03-09 09:58:00,15.18,15.18,15.14,15.14,29700,450044.0
000026.SZ,2026-03-09 09:59:00,15.15,15.16,15.14,15.14,18300,277257.0
000026.SZ,2026-03-09 10:00:00,15.14,15.14,15.12,15.12,21100,319203.0
000026.SZ,2026-03-09 10:01:00,15.11,15.14,15.11,15.11,77200,1166567.9
000026.SZ,2026-03-09 10:02:00,15.12,15.17,15.11,15.14,48200,729887.0
000026.SZ,2026-03-09 10:03:00,15.14,15.14,15.11,15.11,14900,225373.0
000026.SZ,2026-03-09 10:04:00,15.11,15.14,15.1,15.13,17000,257166.0
000026.SZ,2026-03-09 10:05:00,15.13,15.2,15.12,15.2,49400,747442.0
000026.SZ,2026-03-09 10:06:00,15.2,15.23,15.18,15.23,24500,372497.0
000026.SZ,2026-03-09 10:07:00,15.23,15.23,15.19,15.19,20700,314834.0
000026.SZ,2026-03-09 10:08:00,15.2,15.22,15.16,15.2,27700,420583.0
000026.SZ,2026-03-09 10:09:00,15.2,15.22,15.17,15.22,47600,722967.0
000026.SZ,2026-03-09 10:10:00,15.23,15.23,15.18,15.18,15300,232634.0
000026.SZ,2026-03-09 10:11:00,15.17,15.18,15.15,15.15,43000,652066.0
000026.SZ,2026-03-09 10:12:00,15.15,15.17,15.15,15.16,12900,195525.0
000026.SZ,2026-03-09 10:13:00,15.15,15.15,15.14,15.15,18000,272596.0
000026.SZ,2026-03-09 10:14:00,15.15,15.15,15.14,15.15,1400,21209.0
000026.SZ,2026-03-09 10:15:00,15.14,15.15,15.14,15.15,3200,48471.0
000026.SZ,2026-03-09 10:16:00,15.13,15.14,15.12,15.13,30500,461477.0
000026.SZ,2026-03-09 10:17:00,15.13,15.2,15.13,15.2,28900,437988.0
000026.SZ,2026-03-09 10:18:00,15.2,15.24,15.2,15.22,14700,223912.0
000026.SZ,2026-03-09 10:19:00,15.22,15.23,15.21,15.21,12300,187118.0
000026.SZ,2026-03-09 10:20:00,15.21,15.21,15.19,15.19,4200,63860.0
000026.SZ,2026-03-09 10:21:00,15.19,15.2,15.19,15.19,9200,139750.0
000026.SZ,2026-03-09 10:22:00,15.21,15.22,15.19,15.19,12400,188416.0
000026.SZ,2026-03-09 10:23:00,15.19,15.19,15.16,15.18,6200,94055.0
000026.SZ,2026-03-09 10:24:00,15.18,15.18,15.16,15.16,4900,74336.0
000026.SZ,2026-03-09 10:25:00,15.15,15.15,15.14,15.14,4000,60563.0
000026.SZ,2026-03-09 10:26:00,15.14,15.15,15.13,15.15,1607,24334.98
000026.SZ,2026-03-09 10:27:00,15.14,15.16,15.14,15.16,3700,56039.0
000026.SZ,2026-03-09 10:28:00,15.15,15.15,15.15,15.15,2800,42419.0
000026.SZ,2026-03-09 10:29:00,15.16,15.16,15.14,15.15,2600,39386.0
000026.SZ,2026-03-09 10:30:00,15.15,15.16,15.14,15.15,6400,96956.0
000026.SZ,2026-03-09 10:31:00,15.14,15.16,15.14,15.16,2900,43930.0
000026.SZ,2026-03-09 10:32:00,15.16,15.16,15.16,15.16,400,6064.0
000026.SZ,2026-03-09 10:33:00,15.15,15.16,15.14,15.15,6500,98454.0
000026.SZ,2026-03-09 10:34:00,15.14,15.17,15.14,15.17,6800,102984.0
000026.SZ,2026-03-09 10:35:00,15.15,15.18,15.14,15.14,11000,166657.0
000026.SZ,2026-03-09 10:36:00,15.14,15.16,15.14,15.14,5100,77288.0
000026.SZ,2026-03-09 10:37:00,15.16,15.16,15.15,15.15,400,6061.0
000026.SZ,2026-03-09 10:38:00,15.15,15.15,15.14,15.14,3400,51478.0
000026.SZ,2026-03-09 10:39:00,15.16,15.16,15.13,15.14,24293,367768.03
000026.SZ,2026-03-09 10:40:00,15.13,15.13,15.11,15.13,28200,426367.0
000026.SZ,2026-03-09 10:41:00,15.12,15.12,15.12,15.12,700,10584.0
000026.SZ,2026-03-09 10:42:00,15.12,15.14,15.12,15.12,4200,63524.0
000026.SZ,2026-03-09 10:43:00,15.12,15.15,15.12,15.15,13900,210189.0
000026.SZ,2026-03-09 10:44:00,15.15,15.15,15.14,15.14,3500,53013.0
000026.SZ,2026-03-09 10:45:00,15.13,15.13,15.13,15.13,2000,30260.0
000026.SZ,2026-03-09 10:46:00,15.12,15.13,15.12,15.13,2100,31768.0
000026.SZ,2026-03-09 10:47:00,15.12,15.14,15.12,15.14,21100,319140.0
000026.SZ,2026-03-09 10:48:00,15.14,15.15,15.14,15.15,1600,24230.0
000026.SZ,2026-03-09 10:49:00,15.15,15.15,15.13,15.15,9500,143759.0
000026.SZ,2026-03-09 10:50:00,15.13,15.15,15.13,15.15,500,7566.0
000026.SZ,2026-03-09 10:51:00,15.14,15.14,15.13,15.13,800,12110.0
000026.SZ,2026-03-09 10:52:00,15.13,15.15,15.12,15.15,10800,163406.0
000026.SZ,2026-03-09 10:53:00,15.15,15.15,15.15,15.15,500,7575.0
000026.SZ,2026-03-09 10:54:00,15.15,15.15,15.15,15.15,0,0.0
000026.SZ,2026-03-09 10:55:00,15.14,15.15,15.14,15.15,4200,63609.0
000026.SZ,2026-03-09 10:56:00,15.15,15.17,15.15,15.17,4200,63638.0
000026.SZ,2026-03-09 10:57:00,15.16,15.17,15.15,15.17,10600,160635.0
000026.SZ,2026-03-09 10:58:00,15.15,15.15,15.13,15.14,9300,140831.0
000026.SZ,2026-03-09 10:59:00,15.14,15.15,15.13,15.13,5000,75688.0
000026.SZ,2026-03-09 11:00:00,15.13,15.13,15.13,15.13,0,0.0
000026.SZ,2026-03-09 11:01:00,15.13,15.14,15.13,15.14,4600,69625.0
000026.SZ,2026-03-09 11:02:00,15.14,15.15,15.14,15.15,5400,81758.0
000026.SZ,2026-03-09 11:03:00,15.15,15.15,15.15,15.15,4100,62114.0
000026.SZ,2026-03-09 11:04:00,15.15,15.15,15.15,15.15,100,1515.0
000026.SZ,2026-03-09 11:05:00,15.15,15.16,15.15,15.15,800,12124.0
000026.SZ,2026-03-09 11:06:00,15.15,15.16,15.13,15.14,27217,412016.22
000026.SZ,2026-03-09 11:07:00,15.13,15.13,15.13,15.13,23683,358118.78
000026.SZ,2026-03-09 11:08:00,15.13,15.14,15.13,15.14,2200,33287.0
000026.SZ,2026-03-09 11:09:00,15.13,15.13,15.12,15.13,2100,31773.0
000026.SZ,2026-03-09 11:10:00,15.13,15.13,15.13,15.13,0,0.0
000026.SZ,2026-03-09 11:11:00,15.12,15.13,15.12,15.12,12600,190516.0
000026.SZ,2026-03-09 11:12:00,15.11,15.12,15.11,15.12,4500,67997.0
000026.SZ,2026-03-09 11:13:00,15.12,15.13,15.09,15.12,40400,610196.0
000026.SZ,2026-03-09 11:14:00,15.1,15.11,15.09,15.09,1400,21130.0
000026.SZ,2026-03-09 11:15:00,15.1,15.11,15.1,15.1,1600,24171.0
000026.SZ,2026-03-09 11:16:00,15.1,15.1,15.1,15.1,200,3020.0
000026.SZ,2026-03-09 11:17:00,15.1,15.13,15.1,15.13,6600,99776.0
000026.SZ,2026-03-09 11:18:00,15.11,15.11,15.11,15.11,100,1511.0
000026.SZ,2026-03-09 11:19:00,15.11,15.12,15.11,15.12,1200,18143.0
000026.SZ,2026-03-09 11:20:00,15.12,15.13,15.11,15.11,1100,16636.0
000026.SZ,2026-03-09 11:21:00,15.13,15.14,15.11,15.14,25100,379763.0
000026.SZ,2026-03-09 11:22:00,15.14,15.14,15.13,15.13,1900,28751.0
000026.SZ,2026-03-09 11:23:00,15.12,15.12,15.12,15.12,600,9072.0
000026.SZ,2026-03-09 11:24:00,15.12,15.12,15.11,15.11,2900,43835.0
000026.SZ,2026-03-09 11:25:00,15.11,15.13,15.11,15.12,18400,278036.0
000026.SZ,2026-03-09 11:26:00,15.11,15.11,15.11,15.11,200,3022.0
000026.SZ,2026-03-09 11:27:00,15.11,15.12,15.11,15.11,5000,75553.0
000026.SZ,2026-03-09 11:28:00,15.1,15.11,15.1,15.1,1000,15102.0
000026.SZ,2026-03-09 11:29:00,15.1,15.11,15.09,15.11,18300,276338.0
000026.SZ,2026-03-09 11:30:00,15.1,15.11,15.1,15.1,500,7552.0
000026.SZ,2026-03-09 13:01:00,15.11,15.11,15.06,15.06,59400,896053.0
000026.SZ,2026-03-09 13:02:00,15.06,15.08,15.06,15.08,900,13566.0
000026.SZ,2026-03-09 13:03:00,15.1,15.1,15.1,15.1,900,13590.0
000026.SZ,2026-03-09 13:04:00,15.11,15.11,15.11,15.11,800,12083.0
000026.SZ,2026-03-09 13:05:00,15.11,15.13,15.11,15.13,21400,323425.0
000026.SZ,2026-03-09 13:06:00,15.13,15.15,15.13,15.15,9600,145305.0
000026.SZ,2026-03-09 13:07:00,15.14,15.15,15.12,15.12,25000,378500.0
000026.SZ,2026-03-09 13:08:00,15.13,15.15,15.12,15.15,6300,95339.0
000026.SZ,2026-03-09 13:09:00,15.12,15.14,15.12,15.12,1000,15132.0
000026.SZ,2026-03-09 13:10:00,15.12,15.14,15.11,15.11,2300,34785.0
000026.SZ,2026-03-09 13:11:00,15.12,15.14,15.1,15.14,2200,33259.0
000026.SZ,2026-03-09 13:12:00,15.14,15.14,15.12,15.13,1900,28741.0
000026.SZ,2026-03-09 13:13:00,15.12,15.13,15.12,15.13,300,4537.0
000026.SZ,2026-03-09 13:14:00,15.12,15.13,15.12,15.12,2500,37820.0
000026.SZ,2026-03-09 13:15:00,15.12,15.13,15.1,15.13,900,13609.0
000026.SZ,2026-03-09 13:16:00,15.11,15.11,15.11,15.11,200,3022.0
000026.SZ,2026-03-09 13:17:00,15.12,15.12,15.11,15.11,400,6047.0
000026.SZ,2026-03-09 13:18:00,15.13,15.13,15.11,15.11,10700,161722.0
000026.SZ,2026-03-09 13:19:00,15.13,15.15,15.12,15.15,29800,450510.0
000026.SZ,2026-03-09 13:20:00,15.13,15.15,15.13,15.15,13100,198257.0
000026.SZ,2026-03-09 13:21:00,15.13,15.15,15.13,15.15,1500,22722.0
000026.SZ,2026-03-09 13:22:00,15.14,15.15,15.14,15.14,300,4543.0
000026.SZ,2026-03-09 13:23:00,15.15,15.17,15.15,15.16,5700,86373.0
000026.SZ,2026-03-09 13:24:00,15.16,15.18,15.15,15.18,3800,57613.0
000026.SZ,2026-03-09 13:25:00,15.15,15.18,15.15,15.17,2500,37901.0
000026.SZ,2026-03-09 13:26:00,15.18,15.18,15.15,15.18,8300,125833.0
000026.SZ,2026-03-09 13:27:00,15.16,15.16,15.15,15.15,700,10610.0
000026.SZ,2026-03-09 13:28:00,15.15,15.17,15.14,15.16,7700,116667.0
000026.SZ,2026-03-09 13:29:00,15.14,15.17,15.14,15.15,1500,22736.0
000026.SZ,2026-03-09 13:30:00,15.15,15.16,15.15,15.15,1600,24249.0
000026.SZ,2026-03-09 13:31:00,15.15,15.16,15.14,15.15,3800,57557.0
000026.SZ,2026-03-09 13:32:00,15.15,15.15,15.13,15.15,3800,57567.0
000026.SZ,2026-03-09 13:33:00,15.15,15.15,15.14,15.15,3800,57542.0
000026.SZ,2026-03-09 13:34:00,15.15,15.17,15.15,15.17,10500,159188.0
000026.SZ,2026-03-09 13:35:00,15.15,15.17,15.15,15.15,4100,62133.0
000026.SZ,2026-03-09 13:36:00,15.15,15.17,15.15,15.17,600,9096.0
000026.SZ,2026-03-09 13:37:00,15.15,15.17,15.15,15.17,3200,48511.0
000026.SZ,2026-03-09 13:38:00,15.15,15.17,15.15,15.16,20300,307535.0
000026.SZ,2026-03-09 13:39:00,15.15,15.17,15.14,15.14,7300,110647.0
000026.SZ,2026-03-09 13:40:00,15.14,15.16,15.14,15.16,1300,19704.0
000026.SZ,2026-03-09 13:41:00,15.16,15.16,15.15,15.15,1500,22727.0
000026.SZ,2026-03-09 13:42:00,15.15,15.16,15.14,15.16,5100,77244.0
000026.SZ,2026-03-09 13:43:00,15.14,15.16,15.14,15.16,3000,45449.0
000026.SZ,2026-03-09 13:44:00,15.16,15.16,15.15,15.15,1200,18190.0
000026.SZ,2026-03-09 13:45:00,15.15,15.17,15.15,15.17,5600,84940.0
000026.SZ,2026-03-09 13:46:00,15.17,15.18,15.16,15.18,5400,81913.0
000026.SZ,2026-03-09 13:47:00,15.17,15.17,15.16,15.16,3700,56097.0
000026.SZ,2026-03-09 13:48:00,15.18,15.18,15.17,15.18,6600,100175.0
000026.SZ,2026-03-09 13:49:00,15.18,15.18,15.16,15.16,1100,16678.0
000026.SZ,2026-03-09 13:50:00,15.18,15.18,15.17,15.18,5400,81966.0
000026.SZ,2026-03-09 13:51:00,15.17,15.19,15.17,15.19,1900,28844.0
000026.SZ,2026-03-09 13:52:00,15.18,15.18,15.17,15.17,800,12138.0
000026.SZ,2026-03-09 13:53:00,15.18,15.19,15.18,15.19,2100,31879.0
000026.SZ,2026-03-09 13:54:00,15.18,15.2,15.17,15.19,43900,666936.0
000026.SZ,2026-03-09 13:55:00,15.2,15.22,15.19,15.19,5700,86681.0
000026.SZ,2026-03-09 13:56:00,15.19,15.2,15.19,15.2,11100,168618.0
000026.SZ,2026-03-09 13:57:00,15.19,15.21,15.19,15.21,4600,69919.0
000026.SZ,2026-03-09 13:58:00,15.19,15.2,15.18,15.19,9100,138230.0
000026.SZ,2026-03-09 13:59:00,15.2,15.2,15.18,15.18,6600,100299.0
000026.SZ,2026-03-09 14:00:00,15.2,15.2,15.18,15.2,800,12154.0
000026.SZ,2026-03-09 14:01:00,15.2,15.22,15.18,15.21,28700,436325.0
000026.SZ,2026-03-09 14:02:00,15.19,15.22,15.19,15.2,1000,15205.0
000026.SZ,2026-03-09 14:03:00,15.19,15.19,15.19,15.19,300,4559.0
000026.SZ,2026-03-09 14:04:00,15.19,15.21,15.19,15.21,800,12164.0
000026.SZ,2026-03-09 14:05:00,15.19,15.21,15.19,15.21,1100,16726.0
000026.SZ,2026-03-09 14:06:00,15.21,15.21,15.2,15.2,3400,51682.0
000026.SZ,2026-03-09 14:07:00,15.2,15.2,15.2,15.2,1400,21280.0
000026.SZ,2026-03-09 14:08:00,15.2,15.21,15.2,15.2,1200,18242.0
000026.SZ,2026-03-09 14:09:00,15.21,15.21,15.19,15.2,24500,372297.0
000026.SZ,2026-03-09 14:10:00,15.2,15.21,15.19,15.21,4200,63806.0
000026.SZ,2026-03-09 14:11:00,15.18,15.21,15.18,15.2,12400,188230.0
000026.SZ,2026-03-09 14:12:00,15.18,15.2,15.18,15.2,1000,15196.0
000026.SZ,2026-03-09 14:13:00,15.19,15.2,15.19,15.2,1700,25834.0
000026.SZ,2026-03-09 14:14:00,15.19,15.2,15.19,15.2,2100,31911.0
000026.SZ,2026-03-09 14:15:00,15.19,15.2,15.19,15.19,6000,91143.0
000026.SZ,2026-03-09 14:16:00,15.18,15.2,15.18,15.19,900,13674.0
000026.SZ,2026-03-09 14:17:00,15.19,15.2,15.18,15.2,2400,36472.0
000026.SZ,2026-03-09 14:18:00,15.2,15.2,15.18,15.18,1300,19755.0
000026.SZ,2026-03-09 14:19:00,15.19,15.2,15.18,15.2,17900,271816.0
000026.SZ,2026-03-09 14:20:00,15.17,15.2,15.17,15.2,2000,30391.0
000026.SZ,2026-03-09 14:21:00,15.19,15.19,15.18,15.18,9300,141184.0
000026.SZ,2026-03-09 14:22:00,15.18,15.19,15.18,15.19,2100,31881.0
000026.SZ,2026-03-09 14:23:00,15.19,15.19,15.18,15.19,1000,15186.0
000026.SZ,2026-03-09 14:24:00,15.18,15.19,15.18,15.19,2200,33411.0
000026.SZ,2026-03-09 14:25:00,15.19,15.19,15.17,15.17,11900,180539.0
000026.SZ,2026-03-09 14:26:00,15.18,15.19,15.17,15.17,3500,53110.0
000026.SZ,2026-03-09 14:27:00,15.17,15.18,15.17,15.18,4500,68269.0
000026.SZ,2026-03-09 14:28:00,15.17,15.18,15.17,15.18,1400,21248.0
000026.SZ,2026-03-09 14:29:00,15.16,15.17,15.16,15.17,7700,116780.0
000026.SZ,2026-03-09 14:30:00,15.17,15.17,15.16,15.17,400,6067.0
000026.SZ,2026-03-09 14:31:00,15.16,15.17,15.15,15.15,49800,754750.0
000026.SZ,2026-03-09 14:32:00,15.15,15.16,15.15,15.15,13900,210590.0
000026.SZ,2026-03-09 14:33:00,15.16,15.16,15.15,15.16,4400,66673.0
000026.SZ,2026-03-09 14:34:00,15.16,15.17,15.16,15.17,10800,163736.0
000026.SZ,2026-03-09 14:35:00,15.16,15.17,15.16,15.17,1100,16679.0
000026.SZ,2026-03-09 14:36:00,15.17,15.17,15.17,15.17,300,4551.0
000026.SZ,2026-03-09 14:37:00,15.16,15.17,15.16,15.17,9800,148636.0
000026.SZ,2026-03-09 14:38:00,15.17,15.18,15.17,15.17,13900,210900.0
000026.SZ,2026-03-09 14:39:00,15.19,15.19,15.17,15.18,8700,132095.0
000026.SZ,2026-03-09 14:40:00,15.18,15.19,15.18,15.18,4300,65276.0
000026.SZ,2026-03-09 14:41:00,15.18,15.19,15.18,15.18,8500,129043.0
000026.SZ,2026-03-09 14:42:00,15.17,15.18,15.17,15.18,3500,53107.0
000026.SZ,2026-03-09 14:43:00,15.17,15.17,15.16,15.17,30300,459597.0
000026.SZ,2026-03-09 14:44:00,15.17,15.17,15.17,15.17,1500,22753.0
000026.SZ,2026-03-09 14:45:00,15.17,15.18,15.17,15.17,8400,127446.0
000026.SZ,2026-03-09 14:46:00,15.18,15.18,15.16,15.16,10200,154782.0
000026.SZ,2026-03-09 14:47:00,15.16,15.17,15.16,15.16,3800,57628.0
000026.SZ,2026-03-09 14:48:00,15.16,15.16,15.15,15.15,17600,266720.0
000026.SZ,2026-03-09 14:49:00,15.15,15.15,15.15,15.15,4300,65145.0
000026.SZ,2026-03-09 14:50:00,15.15,15.16,15.15,15.15,8500,128826.0
000026.SZ,2026-03-09 14:51:00,15.15,15.15,15.14,15.15,32400,490807.0
000026.SZ,2026-03-09 14:52:00,15.14,15.15,15.13,15.14,18600,281677.0
000026.SZ,2026-03-09 14:53:00,15.14,15.14,15.13,15.14,9700,146843.0
000026.SZ,2026-03-09 14:54:00,15.14,15.15,15.13,15.15,17100,258889.0
000026.SZ,2026-03-09 14:55:00,15.14,15.14,15.13,15.13,7500,113522.0
000026.SZ,2026-03-09 14:56:00,15.13,15.14,15.13,15.14,23900,361721.0
000026.SZ,2026-03-09 14:57:00,15.14,15.14,15.12,15.12,43200,653900.0
000026.SZ,2026-03-09 14:58:00,15.12,15.12,15.12,15.12,0,0.0
000026.SZ,2026-03-09 14:59:00,15.12,15.12,15.12,15.12,0,0.0
000026.SZ,2026-03-09 15:00:00,15.16,15.16,15.16,15.16,26200,397192.0
000026.SZ,2026-03-10 09:30:00,15.28,15.28,15.28,15.28,11500,175720.0
000026.SZ,2026-03-10 09:31:00,15.25,15.28,15.18,15.26,22000,335538.0
000026.SZ,2026-03-10 09:32:00,15.26,15.27,15.24,15.26,58700,895309.0
000026.SZ,2026-03-10 09:33:00,15.26,15.32,15.25,15.28,57100,872203.0
000026.SZ,2026-03-10 09:34:00,15.28,15.36,15.28,15.35,77700,1189492.0
000026.SZ,2026-03-10 09:35:00,15.34,15.39,15.34,15.38,86200,1324062.0
000026.SZ,2026-03-10 09:36:00,15.38,15.43,15.38,15.42,36100,556332.0
000026.SZ,2026-03-10 09:37:00,15.41,15.42,15.39,15.4,44100,678979.0
000026.SZ,2026-03-10 09:38:00,15.39,15.4,15.38,15.39,27800,427950.0
000026.SZ,2026-03-10 09:39:00,15.37,15.37,15.35,15.37,14100,216574.0
000026.SZ,2026-03-10 09:40:00,15.36,15.4,15.36,15.37,46000,707610.0
000026.SZ,2026-03-10 09:41:00,15.35,15.38,15.35,15.38,7300,112221.0
000026.SZ,2026-03-10 09:42:00,15.37,15.38,15.36,15.37,39900,612823.0
000026.SZ,2026-03-10 09:43:00,15.36,15.37,15.36,15.36,6600,101424.0
000026.SZ,2026-03-10 09:44:00,15.35,15.36,15.34,15.35,10800,165766.0
000026.SZ,2026-03-10 09:45:00,15.34,15.35,15.34,15.35,32500,498711.0
000026.SZ,2026-03-10 09:46:00,15.36,15.38,15.35,15.36,33400,513211.0
000026.SZ,2026-03-10 09:47:00,15.38,15.38,15.37,15.37,2800,43039.0
000026.SZ,2026-03-10 09:48:00,15.37,15.37,15.36,15.36,4400,67622.0
000026.SZ,2026-03-10 09:49:00,15.37,15.37,15.36,15.36,1000,15363.0
000026.SZ,2026-03-10 09:50:00,15.37,15.37,15.36,15.36,10700,164402.0
000026.SZ,2026-03-10 09:51:00,15.36,15.38,15.36,15.38,18600,285798.0
000026.SZ,2026-03-10 09:52:00,15.37,15.41,15.37,15.41,56600,871269.0
000026.SZ,2026-03-10 09:53:00,15.42,15.42,15.39,15.39,12500,192583.0
000026.SZ,2026-03-10 09:54:00,15.4,15.41,15.4,15.41,11140,171595.0
000026.SZ,2026-03-10 09:55:00,15.4,15.41,15.4,15.4,19900,306515.0
000026.SZ,2026-03-10 09:56:00,15.4,15.4,15.39,15.4,6360,97941.0
000026.SZ,2026-03-10 09:57:00,15.39,15.4,15.39,15.4,2900,44645.0
000026.SZ,2026-03-10 09:58:00,15.4,15.4,15.39,15.39,9000,138466.0
000026.SZ,2026-03-10 09:59:00,15.38,15.39,15.37,15.38,15000,230703.0
000026.SZ,2026-03-10 10:00:00,15.38,15.39,15.37,15.37,22900,352275.0
000026.SZ,2026-03-10 10:01:00,15.38,15.38,15.37,15.38,6900,106111.0
000026.SZ,2026-03-10 10:02:00,15.37,15.38,15.36,15.37,10300,158299.0
000026.SZ,2026-03-10 10:03:00,15.36,15.38,15.36,15.37,11700,179851.0
000026.SZ,2026-03-10 10:04:00,15.36,15.37,15.35,15.35,11300,173479.0
000026.SZ,2026-03-10 10:05:00,15.35,15.35,15.34,15.34,15100,231687.0
000026.SZ,2026-03-10 10:06:00,15.35,15.35,15.34,15.34,5800,89011.0
000026.SZ,2026-03-10 10:07:00,15.34,15.35,15.34,15.35,11700,179490.0
000026.SZ,2026-03-10 10:08:00,15.35,15.35,15.33,15.34,23600,362123.0
000026.SZ,2026-03-10 10:09:00,15.36,15.36,15.35,15.35,1200,18429.0
000026.SZ,2026-03-10 10:10:00,15.36,15.37,15.35,15.37,2100,32255.0
000026.SZ,2026-03-10 10:11:00,15.36,15.36,15.35,15.35,4100,62956.0
000026.SZ,2026-03-10 10:12:00,15.35,15.35,15.34,15.35,9000,138141.0
000026.SZ,2026-03-10 10:13:00,15.36,15.36,15.36,15.36,1900,29184.0
000026.SZ,2026-03-10 10:14:00,15.36,15.36,15.36,15.36,1900,29184.0
000026.SZ,2026-03-10 10:15:00,15.36,15.37,15.36,15.36,6500,99863.0
000026.SZ,2026-03-10 10:16:00,15.37,15.38,15.37,15.38,4900,75320.0
000026.SZ,2026-03-10 10:17:00,15.37,15.38,15.37,15.38,4200,64584.0
000026.SZ,2026-03-10 10:18:00,15.38,15.39,15.38,15.39,21800,335291.0
000026.SZ,2026-03-10 10:19:00,15.39,15.39,15.38,15.39,6300,96907.0
000026.SZ,2026-03-10 10:20:00,15.39,15.4,15.39,15.39,19300,297029.0
000026.SZ,2026-03-10 10:21:00,15.39,15.4,15.39,15.4,1200,18474.0
000026.SZ,2026-03-10 10:22:00,15.39,15.4,15.38,15.38,19500,299943.0
000026.SZ,2026-03-10 10:23:00,15.39,15.39,15.38,15.38,5700,87718.0
000026.SZ,2026-03-10 10:24:00,15.39,15.4,15.39,15.39,17200,264711.0
000026.SZ,2026-03-10 10:25:00,15.39,15.39,15.39,15.39,2200,33858.0
000026.SZ,2026-03-10 10:26:00,15.4,15.4,15.39,15.4,3700,56955.0
000026.SZ,2026-03-10 10:27:00,15.39,15.39,15.38,15.38,1400,21544.0
000026.SZ,2026-03-10 10:28:00,15.39,15.39,15.39,15.39,200,3078.0
000026.SZ,2026-03-10 10:29:00,15.39,15.39,15.39,15.39,1500,23085.0
000026.SZ,2026-03-10 10:30:00,15.39,15.39,15.38,15.38,4500,69218.0
000026.SZ,2026-03-10 10:31:00,15.38,15.39,15.38,15.39,8400,129259.0
000026.SZ,2026-03-10 10:32:00,15.39,15.4,15.39,15.4,10300,158521.0
000026.SZ,2026-03-10 10:33:00,15.4,15.4,15.39,15.4,9200,141671.0
000026.SZ,2026-03-10 10:34:00,15.39,15.39,15.38,15.39,12900,198444.0
000026.SZ,2026-03-10 10:35:00,15.39,15.39,15.38,15.38,5700,87671.0
000026.SZ,2026-03-10 10:36:00,15.38,15.38,15.37,15.38,1700,26131.0
000026.SZ,2026-03-10 10:37:00,15.37,15.4,15.37,15.4,28100,432521.0
000026.SZ,2026-03-10 10:38:00,15.39,15.42,15.39,15.42,125200,1929307.0
000026.SZ,2026-03-10 10:39:00,15.42,15.43,15.42,15.43,15100,232950.0
000026.SZ,2026-03-10 10:40:00,15.43,15.44,15.43,15.43,15300,236149.0
000026.SZ,2026-03-10 10:41:00,15.42,15.43,15.42,15.43,3600,55527.0
000026.SZ,2026-03-10 10:42:00,15.42,15.43,15.42,15.43,14900,229853.0
000026.SZ,2026-03-10 10:43:00,15.43,15.44,15.42,15.44,20800,321001.0
000026.SZ,2026-03-10 10:44:00,15.43,15.43,15.42,15.43,2300,35469.0
000026.SZ,2026-03-10 10:45:00,15.43,15.43,15.42,15.43,7100,109518.0
000026.SZ,2026-03-10 10:46:00,15.42,15.43,15.42,15.43,2400,37010.0
000026.SZ,2026-03-10 10:47:00,15.42,15.43,15.42,15.42,8500,131142.0
000026.SZ,2026-03-10 10:48:00,15.42,15.42,15.41,15.41,3400,52405.0
000026.SZ,2026-03-10 10:49:00,15.41,15.42,15.41,15.42,3600,55495.0
000026.SZ,2026-03-10 10:50:00,15.42,15.42,15.41,15.41,3800,58580.0
000026.SZ,2026-03-10 10:51:00,15.42,15.42,15.42,15.42,9200,141864.0
000026.SZ,2026-03-10 10:52:00,15.41,15.41,15.41,15.41,2400,36984.0
000026.SZ,2026-03-10 10:53:00,15.42,15.42,15.41,15.42,6500,100180.0
000026.SZ,2026-03-10 10:54:00,15.42,15.42,15.41,15.42,2400,37006.0
000026.SZ,2026-03-10 10:55:00,15.42,15.42,15.41,15.42,5200,80163.0
000026.SZ,2026-03-10 10:56:00,15.42,15.42,15.4,15.4,14300,220366.0
000026.SZ,2026-03-10 10:57:00,15.4,15.41,15.4,15.41,7500,115542.0
000026.SZ,2026-03-10 10:58:00,15.41,15.41,15.4,15.4,2000,30818.0
000026.SZ,2026-03-10 10:59:00,15.4,15.42,15.4,15.42,14500,223401.0
000026.SZ,2026-03-10 11:00:00,15.42,15.42,15.41,15.42,2700,41626.0
000026.SZ,2026-03-10 11:01:00,15.42,15.44,15.41,15.44,45500,701718.0
000026.SZ,2026-03-10 11:02:00,15.42,15.44,15.42,15.44,10800,166603.0
000026.SZ,2026-03-10 11:03:00,15.44,15.44,15.42,15.42,15400,237774.0
000026.SZ,2026-03-10 11:04:00,15.42,15.43,15.42,15.43,3400,52450.0
000026.SZ,2026-03-10 11:05:00,15.43,15.45,15.43,15.45,11100,171405.0
000026.SZ,2026-03-10 11:06:00,15.43,15.45,15.43,15.44,17900,276403.0
000026.SZ,2026-03-10 11:07:00,15.44,15.44,15.43,15.44,6200,95727.0
000026.SZ,2026-03-10 11:08:00,15.44,15.45,15.44,15.45,4100,63314.0
000026.SZ,2026-03-10 11:09:00,15.44,15.45,15.44,15.45,5300,81869.0
000026.SZ,2026-03-10 11:10:00,15.44,15.45,15.44,15.45,23400,361419.0
000026.SZ,2026-03-10 11:11:00,15.45,15.48,15.45,15.48,57100,882737.0
000026.SZ,2026-03-10 11:12:00,15.48,15.49,15.47,15.48,22600,349900.0
000026.SZ,2026-03-10 11:13:00,15.48,15.49,15.48,15.49,14800,229217.0
000026.SZ,2026-03-10 11:14:00,15.49,15.54,15.49,15.5,76700,1189692.0
000026.SZ,2026-03-10 11:15:00,15.5,15.52,15.49,15.49,16900,262037.0
000026.SZ,2026-03-10 11:16:00,15.49,15.51,15.49,15.5,12200,189115.0
000026.SZ,2026-03-10 11:17:00,15.49,15.5,15.48,15.49,7800,120839.0
000026.SZ,2026-03-10 11:18:00,15.49,15.49,15.49,15.49,3100,48020.0
000026.SZ,2026-03-10 11:19:00,15.49,15.5,15.49,15.49,13600,210775.0
000026.SZ,2026-03-10 11:20:00,15.5,15.51,15.49,15.51,16800,260497.0
000026.SZ,2026-03-10 11:21:00,15.51,15.52,15.51,15.51,10600,164492.0
000026.SZ,2026-03-10 11:22:00,15.52,15.53,15.52,15.53,8100,125770.0
000026.SZ,2026-03-10 11:23:00,15.53,15.54,15.52,15.52,9600,149088.0
000026.SZ,2026-03-10 11:24:00,15.52,15.54,15.52,15.54,16200,251708.0
000026.SZ,2026-03-10 11:25:00,15.54,15.54,15.53,15.53,6000,93230.0
000026.SZ,2026-03-10 11:26:00,15.54,15.56,15.53,15.55,56700,881439.0
000026.SZ,2026-03-10 11:27:00,15.55,15.59,15.55,15.59,37900,590252.0
000026.SZ,2026-03-10 11:28:00,15.58,15.77,15.58,15.76,250600,3926135.0
000026.SZ,2026-03-10 11:29:00,15.77,15.77,15.69,15.69,147500,2319898.0
000026.SZ,2026-03-10 11:30:00,15.68,15.69,15.65,15.65,49500,775825.0
000026.SZ,2026-03-10 13:01:00,15.6,15.62,15.57,15.61,77400,1208427.0
000026.SZ,2026-03-10 13:02:00,15.6,15.6,15.57,15.57,15400,239928.0
000026.SZ,2026-03-10 13:03:00,15.58,15.58,15.56,15.57,6500,101233.0
000026.SZ,2026-03-10 13:04:00,15.59,15.59,15.58,15.59,4800,74827.0
000026.SZ,2026-03-10 13:05:00,15.57,15.59,15.57,15.57,18600,289751.0
000026.SZ,2026-03-10 13:06:00,15.57,15.58,15.56,15.58,6000,93404.0
000026.SZ,2026-03-10 13:07:00,15.57,15.57,15.57,15.57,9600,149472.0
000026.SZ,2026-03-10 13:08:00,15.57,15.57,15.56,15.56,5300,82501.0
000026.SZ,2026-03-10 13:09:00,15.56,15.56,15.55,15.55,5500,85532.0
000026.SZ,2026-03-10 13:10:00,15.57,15.57,15.54,15.55,5400,83972.0
000026.SZ,2026-03-10 13:11:00,15.55,15.57,15.55,15.56,7700,119772.0
000026.SZ,2026-03-10 13:12:00,15.56,15.57,15.55,15.55,7600,118271.0
000026.SZ,2026-03-10 13:13:00,15.55,15.56,15.55,15.55,10700,166389.0
000026.SZ,2026-03-10 13:14:00,15.54,15.56,15.54,15.54,3100,48179.0
000026.SZ,2026-03-10 13:15:00,15.54,15.55,15.54,15.55,7600,118175.0
000026.SZ,2026-03-10 13:16:00,15.55,15.55,15.53,15.53,5200,80798.0
000026.SZ,2026-03-10 13:17:00,15.53,15.53,15.53,15.53,100,1553.0
000026.SZ,2026-03-10 13:18:00,15.53,15.54,15.53,15.53,5800,90080.0
000026.SZ,2026-03-10 13:19:00,15.53,15.54,15.53,15.54,3900,60593.0
000026.SZ,2026-03-10 13:20:00,15.53,15.53,15.51,15.51,21800,338354.0
000026.SZ,2026-03-10 13:21:00,15.5,15.53,15.5,15.53,1500,23253.0
000026.SZ,2026-03-10 13:22:00,15.53,15.53,15.5,15.53,7000,108568.0
000026.SZ,2026-03-10 13:23:00,15.53,15.53,15.49,15.51,57700,893197.0
000026.SZ,2026-03-10 13:24:00,15.47,15.52,15.47,15.48,66000,1021507.0
000026.SZ,2026-03-10 13:25:00,15.48,15.5,15.47,15.48,5600,86748.0
000026.SZ,2026-03-10 13:26:00,15.48,15.49,15.45,15.48,79400,1227044.0
000026.SZ,2026-03-10 13:27:00,15.48,15.48,15.42,15.43,85000,1311675.0
000026.SZ,2026-03-10 13:28:00,15.44,15.47,15.43,15.44,4000,61772.0
000026.SZ,2026-03-10 13:29:00,15.44,15.48,15.43,15.47,35700,552177.0
000026.SZ,2026-03-10 13:30:00,15.47,15.5,15.44,15.5,49900,772825.0
000026.SZ,2026-03-10 13:31:00,15.51,15.51,15.43,15.47,62500,964986.0
000026.SZ,2026-03-10 13:32:00,15.44,15.47,15.44,15.47,4200,64928.0
000026.SZ,2026-03-10 13:33:00,15.47,15.47,15.45,15.46,6100,94299.0
000026.SZ,2026-03-10 13:34:00,15.45,15.47,15.45,15.47,5200,80365.0
000026.SZ,2026-03-10 13:35:00,15.47,15.47,15.46,15.47,3500,54126.0
000026.SZ,2026-03-10 13:36:00,15.46,15.46,15.45,15.46,11500,177735.0
000026.SZ,2026-03-10 13:37:00,15.45,15.46,15.45,15.46,3100,47913.0
000026.SZ,2026-03-10 13:38:00,15.46,15.46,15.45,15.46,10800,166949.0
000026.SZ,2026-03-10 13:39:00,15.46,15.46,15.44,15.46,1800,27803.0
000026.SZ,2026-03-10 13:40:00,15.46,15.46,15.44,15.45,2900,44798.0
000026.SZ,2026-03-10 13:41:00,15.45,15.45,15.44,15.45,2700,41699.0
000026.SZ,2026-03-10 13:42:00,15.45,15.45,15.44,15.44,2200,33986.0
000026.SZ,2026-03-10 13:43:00,15.45,15.45,15.44,15.44,12600,194569.0
000026.SZ,2026-03-10 13:44:00,15.44,15.46,15.44,15.46,9500,146737.0
000026.SZ,2026-03-10 13:45:00,15.46,15.46,15.45,15.46,800,12367.0
000026.SZ,2026-03-10 13:46:00,15.46,15.46,15.45,15.46,1400,21643.0
000026.SZ,2026-03-10 13:47:00,15.46,15.47,15.45,15.47,9900,153035.0
000026.SZ,2026-03-10 13:48:00,15.47,15.47,15.47,15.47,500,7735.0
000026.SZ,2026-03-10 13:49:00,15.46,15.47,15.46,15.47,6300,97401.0
000026.SZ,2026-03-10 13:50:00,15.47,15.47,15.46,15.47,26600,411452.0
000026.SZ,2026-03-10 13:51:00,15.47,15.47,15.47,15.47,600,9282.0
000026.SZ,2026-03-10 13:52:00,15.47,15.47,15.46,15.47,6700,103635.0
000026.SZ,2026-03-10 13:53:00,15.47,15.47,15.47,15.47,1200,18564.0
000026.SZ,2026-03-10 13:54:00,15.47,15.47,15.47,15.47,9100,140777.0
000026.SZ,2026-03-10 13:55:00,15.46,15.47,15.46,15.47,2500,38672.0
000026.SZ,2026-03-10 13:56:00,15.47,15.5,15.47,15.5,32700,506068.0
000026.SZ,2026-03-10 13:57:00,15.5,15.5,15.5,15.5,1400,21699.0
000026.SZ,2026-03-10 13:58:00,15.5,15.5,15.49,15.5,3000,46499.0
000026.SZ,2026-03-10 13:59:00,15.5,15.5,15.5,15.5,1600,24792.0
000026.SZ,2026-03-10 14:00:00,15.5,15.5,15.5,15.5,700,10850.0
000026.SZ,2026-03-10 14:01:00,15.5,15.52,15.49,15.52,28000,434002.0
000026.SZ,2026-03-10 14:02:00,15.52,15.53,15.51,15.53,11600,180013.0
000026.SZ,2026-03-10 14:03:00,15.51,15.52,15.51,15.52,4200,65167.0
000026.SZ,2026-03-10 14:04:00,15.51,15.52,15.51,15.52,2300,35682.0
000026.SZ,2026-03-10 14:05:00,15.51,15.52,15.51,15.52,4900,76033.0
000026.SZ,2026-03-10 14:06:00,15.51,15.52,15.51,15.52,3100,48085.0
000026.SZ,2026-03-10 14:07:00,15.52,15.52,15.51,15.52,15800,245148.0
000026.SZ,2026-03-10 14:08:00,15.52,15.52,15.5,15.51,4100,63590.0
000026.SZ,2026-03-10 14:09:00,15.51,15.51,15.5,15.51,700,10856.0
000026.SZ,2026-03-10 14:10:00,15.5,15.51,15.5,15.51,3900,60457.0
000026.SZ,2026-03-10 14:11:00,15.51,15.51,15.5,15.51,3000,46510.0
000026.SZ,2026-03-10 14:12:00,15.51,15.51,15.51,15.51,1200,18611.0
000026.SZ,2026-03-10 14:13:00,15.51,15.52,15.5,15.52,8000,124070.0
000026.SZ,2026-03-10 14:14:00,15.51,15.52,15.51,15.51,5700,88425.0
000026.SZ,2026-03-10 14:15:00,15.51,15.52,15.51,15.52,6500,100867.0
000026.SZ,2026-03-10 14:16:00,15.52,15.54,15.52,15.54,7800,121106.0
000026.SZ,2026-03-10 14:17:00,15.53,15.55,15.53,15.55,18700,290670.0
000026.SZ,2026-03-10 14:18:00,15.54,15.55,15.54,15.54,700,10881.0
000026.SZ,2026-03-10 14:19:00,15.53,15.54,15.53,15.54,5100,79234.0
000026.SZ,2026-03-10 14:20:00,15.54,15.55,15.54,15.55,2200,34208.0
000026.SZ,2026-03-10 14:21:00,15.55,15.55,15.55,15.55,8900,138395.0
000026.SZ,2026-03-10 14:22:00,15.55,15.55,15.55,15.55,9300,144628.0
000026.SZ,2026-03-10 14:23:00,15.54,15.54,15.53,15.53,15500,240851.0
000026.SZ,2026-03-10 14:24:00,15.53,15.54,15.53,15.53,6900,107159.0
000026.SZ,2026-03-10 14:25:00,15.54,15.54,15.52,15.52,400,6212.0
000026.SZ,2026-03-10 14:26:00,15.53,15.54,15.53,15.54,4000,62124.0
000026.SZ,2026-03-10 14:27:00,15.55,15.55,15.55,15.55,16300,253448.0
000026.SZ,2026-03-10 14:28:00,15.55,15.55,15.54,15.54,3000,46626.0
000026.SZ,2026-03-10 14:29:00,15.54,15.54,15.54,15.54,1300,20202.0
000026.SZ,2026-03-10 14:30:00,15.54,15.55,15.54,15.55,1500,23318.0
000026.SZ,2026-03-10 14:31:00,15.55,15.56,15.53,15.56,30000,466461.0
000026.SZ,2026-03-10 14:32:00,15.56,15.56,15.55,15.56,5300,82435.0
000026.SZ,2026-03-10 14:33:00,15.55,15.55,15.54,15.55,5400,83920.0
000026.SZ,2026-03-10 14:34:00,15.55,15.55,15.54,15.55,1800,27983.0
000026.SZ,2026-03-10 14:35:00,15.54,15.55,15.54,15.54,7500,116554.0
000026.SZ,2026-03-10 14:36:00,15.54,15.55,15.54,15.54,4500,69948.0
000026.SZ,2026-03-10 14:37:00,15.55,15.55,15.53,15.53,17600,273435.0
000026.SZ,2026-03-10 14:38:00,15.54,15.55,15.53,15.55,6500,100981.0
000026.SZ,2026-03-10 14:39:00,15.53,15.55,15.53,15.54,13400,208240.0
000026.SZ,2026-03-10 14:40:00,15.54,15.55,15.54,15.54,3100,48182.0
000026.SZ,2026-03-10 14:41:00,15.53,15.55,15.53,15.55,3800,59076.0
000026.SZ,2026-03-10 14:42:00,15.55,15.55,15.54,15.54,4400,68395.0
000026.SZ,2026-03-10 14:43:00,15.55,15.55,15.54,15.54,5200,80829.0
000026.SZ,2026-03-10 14:44:00,15.54,15.55,15.54,15.55,6900,107278.0
000026.SZ,2026-03-10 14:45:00,15.55,15.55,15.55,15.55,30100,468045.0
000026.SZ,2026-03-10 14:46:00,15.56,15.56,15.55,15.55,14200,220813.0
000026.SZ,2026-03-10 14:47:00,15.55,15.55,15.54,15.54,10200,158608.0
000026.SZ,2026-03-10 14:48:00,15.55,15.55,15.54,15.55,7400,115038.0
000026.SZ,2026-03-10 14:49:00,15.55,15.55,15.54,15.54,16000,248708.0
000026.SZ,2026-03-10 14:50:00,15.54,15.55,15.54,15.54,24500,380742.0
000026.SZ,2026-03-10 14:51:00,15.53,15.56,15.53,15.54,40400,627950.0
000026.SZ,2026-03-10 14:52:00,15.54,15.55,15.54,15.55,25900,402696.0
000026.SZ,2026-03-10 14:53:00,15.55,15.56,15.54,15.56,25700,399610.0
000026.SZ,2026-03-10 14:54:00,15.55,15.56,15.55,15.55,39300,611325.0
000026.SZ,2026-03-10 14:55:00,15.55,15.56,15.54,15.54,60500,940445.0
000026.SZ,2026-03-10 14:56:00,15.54,15.56,15.54,15.55,14000,217576.0
000026.SZ,2026-03-10 14:57:00,15.54,15.56,15.54,15.55,26900,418414.0
000026.SZ,2026-03-10 14:58:00,15.55,15.55,15.55,15.55,0,0.0
000026.SZ,2026-03-10 14:59:00,15.55,15.55,15.55,15.55,0,0.0
000026.SZ,2026-03-10 15:00:00,15.54,15.54,15.54,15.54,25876,402113.03
000026.SZ,2026-03-11 09:30:00,15.7,15.7,15.54,15.54,23900,375118.0
000026.SZ,2026-03-11 09:31:00,15.57,15.65,15.55,15.6,38278,597093.25
000026.SZ,2026-03-11 09:32:00,15.6,15.62,15.57,15.62,69422,1082748.8
000026.SZ,2026-03-11 09:33:00,15.61,15.62,15.59,15.59,72400,1130083.0
000026.SZ,2026-03-11 09:34:00,15.59,15.59,15.56,15.56,29800,463891.0
000026.SZ,2026-03-11 09:35:00,15.56,15.58,15.53,15.58,88100,1370214.0
000026.SZ,2026-03-11 09:36:00,15.6,15.61,15.57,15.6,95000,1481012.0
000026.SZ,2026-03-11 09:37:00,15.6,15.61,15.55,15.56,66100,1030501.0
000026.SZ,2026-03-11 09:38:00,15.56,15.57,15.52,15.52,25700,399473.0
000026.SZ,2026-03-11 09:39:00,15.51,15.53,15.5,15.5,27900,432655.0
000026.SZ,2026-03-11 09:40:00,15.5,15.52,15.5,15.52,20700,321075.0
000026.SZ,2026-03-11 09:41:00,15.51,15.53,15.51,15.53,14600,226671.0
000026.SZ,2026-03-11 09:42:00,15.52,15.53,15.52,15.52,14600,226634.0
000026.SZ,2026-03-11 09:43:00,15.53,15.53,15.51,15.51,14100,218707.0
000026.SZ,2026-03-11 09:44:00,15.5,15.51,15.49,15.49,30200,468200.0
000026.SZ,2026-03-11 09:45:00,15.5,15.51,15.47,15.47,27700,429034.0
000026.SZ,2026-03-11 09:46:00,15.48,15.5,15.47,15.5,23300,360950.0
000026.SZ,2026-03-11 09:47:00,15.48,15.48,15.47,15.47,8600,133119.0
000026.SZ,2026-03-11 09:48:00,15.47,15.48,15.46,15.46,54200,838348.0
000026.SZ,2026-03-11 09:49:00,15.46,15.46,15.44,15.45,83800,1294651.0
000026.SZ,2026-03-11 09:50:00,15.45,15.46,15.45,15.46,29100,449697.0
000026.SZ,2026-03-11 09:51:00,15.46,15.46,15.45,15.45,9100,140635.0
000026.SZ,2026-03-11 09:52:00,15.44,15.44,15.43,15.44,23700,366038.0
000026.SZ,2026-03-11 09:53:00,15.43,15.43,15.42,15.42,8800,135778.0
000026.SZ,2026-03-11 09:54:00,15.42,15.42,15.4,15.4,59000,909002.0
000026.SZ,2026-03-11 09:55:00,15.41,15.41,15.4,15.4,16900,260297.0
000026.SZ,2026-03-11 09:56:00,15.41,15.41,15.4,15.41,18900,291198.0
000026.SZ,2026-03-11 09:57:00,15.41,15.41,15.39,15.4,78400,1207371.0
000026.SZ,2026-03-11 09:58:00,15.4,15.4,15.38,15.38,50100,770958.0
000026.SZ,2026-03-11 09:59:00,15.38,15.39,15.38,15.39,22217,341707.47
000026.SZ,2026-03-11 10:00:00,15.38,15.39,15.38,15.38,4700,72312.0
000026.SZ,2026-03-11 10:01:00,15.39,15.4,15.38,15.4,85100,1309134.0
000026.SZ,2026-03-11 10:02:00,15.41,15.46,15.4,15.43,35800,552460.0
000026.SZ,2026-03-11 10:03:00,15.44,15.44,15.41,15.41,35000,540016.0
000026.SZ,2026-03-11 10:04:00,15.43,15.43,15.42,15.42,2500,38569.0
000026.SZ,2026-03-11 10:05:00,15.42,15.42,15.41,15.42,6800,104882.0
000026.SZ,2026-03-11 10:06:00,15.42,15.43,15.41,15.42,6500,100226.0
000026.SZ,2026-03-11 10:07:00,15.41,15.42,15.41,15.42,6500,100211.0
000026.SZ,2026-03-11 10:08:00,15.42,15.43,15.41,15.41,10200,157240.0
000026.SZ,2026-03-11 10:09:00,15.41,15.41,15.4,15.4,14900,229557.0
000026.SZ,2026-03-11 10:10:00,15.4,15.4,15.39,15.39,48500,746883.0
000026.SZ,2026-03-11 10:11:00,15.39,15.39,15.38,15.39,18000,276971.0
000026.SZ,2026-03-11 10:12:00,15.38,15.4,15.38,15.4,4500,69261.0
000026.SZ,2026-03-11 10:13:00,15.39,15.41,15.38,15.4,18300,281834.0
000026.SZ,2026-03-11 10:14:00,15.4,15.41,15.39,15.39,5400,83174.0
000026.SZ,2026-03-11 10:15:00,15.39,15.4,15.39,15.4,3100,47737.0
000026.SZ,2026-03-11 10:16:00,15.39,15.41,15.39,15.41,4100,63120.0
000026.SZ,2026-03-11 10:17:00,15.41,15.41,15.41,15.41,5000,77059.0
000026.SZ,2026-03-11 10:18:00,15.42,15.42,15.42,15.42,6800,104856.0
000026.SZ,2026-03-11 10:19:00,15.43,15.43,15.42,15.42,3300,50914.0
000026.SZ,2026-03-11 10:20:00,15.43,15.44,15.42,15.42,6000,92559.0
000026.SZ,2026-03-11 10:21:00,15.42,15.42,15.41,15.41,2300,35465.0
000026.SZ,2026-03-11 10:22:00,15.41,15.42,15.41,15.42,1000,15411.0
000026.SZ,2026-03-11 10:23:00,15.41,15.41,15.4,15.4,30100,463628.0
000026.SZ,2026-03-11 10:24:00,15.39,15.39,15.38,15.38,68900,1060076.0
000026.SZ,2026-03-11 10:25:00,15.38,15.39,15.37,15.39,700,10770.0
000026.SZ,2026-03-11 10:26:00,15.39,15.39,15.38,15.39,6300,96941.0
000026.SZ,2026-03-11 10:27:00,15.39,15.47,15.39,15.45,109300,1687202.0
000026.SZ,2026-03-11 10:28:00,15.45,15.45,15.43,15.43,2300,35510.0
000026.SZ,2026-03-11 10:29:00,15.43,15.44,15.43,15.43,7100,109575.0
000026.SZ,2026-03-11 10:30:00,15.43,15.46,15.43,15.46,79700,1230279.0
000026.SZ,2026-03-11 10:31:00,15.46,15.47,15.46,15.46,3200,49496.0
000026.SZ,2026-03-11 10:32:00,15.44,15.48,15.43,15.47,48900,756553.0
000026.SZ,2026-03-11 10:33:00,15.47,15.48,15.44,15.44,15800,244291.0
000026.SZ,2026-03-11 10:34:00,15.46,15.46,15.46,15.46,1200,18552.0
000026.SZ,2026-03-11 10:35:00,15.46,15.46,15.45,15.46,1400,21634.0
000026.SZ,2026-03-11 10:36:00,15.46,15.46,15.46,15.46,2000,30919.0
000026.SZ,2026-03-11 10:37:00,15.46,15.47,15.46,15.46,5600,86610.0
000026.SZ,2026-03-11 10:38:00,15.47,15.47,15.46,15.47,16500,255114.0
000026.SZ,2026-03-11 10:39:00,15.47,15.47,15.46,15.47,4400,68029.0
000026.SZ,2026-03-11 10:40:00,15.47,15.47,15.46,15.46,3400,52571.0
000026.SZ,2026-03-11 10:41:00,15.46,15.47,15.46,15.47,6600,102039.0
000026.SZ,2026-03-11 10:42:00,15.47,15.47,15.47,15.47,300,4641.0
000026.SZ,2026-03-11 10:43:00,15.46,15.46,15.46,15.46,900,13914.0
000026.SZ,2026-03-11 10:44:00,15.46,15.46,15.46,15.46,1700,26282.0
000026.SZ,2026-03-11 10:45:00,15.47,15.47,15.47,15.47,300,4641.0
000026.SZ,2026-03-11 10:46:00,15.46,15.46,15.44,15.44,40800,630602.0
000026.SZ,2026-03-11 10:47:00,15.44,15.45,15.43,15.43,7000,108051.0
000026.SZ,2026-03-11 10:48:00,15.43,15.44,15.43,15.43,5300,81795.0
000026.SZ,2026-03-11 10:49:00,15.43,15.43,15.42,15.43,1400,21600.0
000026.SZ,2026-03-11 10:50:00,15.43,15.44,15.43,15.44,1400,21615.0
000026.SZ,2026-03-11 10:51:00,15.44,15.45,15.44,15.45,10300,159132.0
000026.SZ,2026-03-11 10:52:00,15.43,15.43,15.42,15.42,16500,254741.0
000026.SZ,2026-03-11 10:53:00,15.42,15.43,15.42,15.43,3700,57068.0
000026.SZ,2026-03-11 10:54:00,15.42,15.44,15.42,15.44,13800,212878.0
000026.SZ,2026-03-11 10:55:00,15.44,15.44,15.42,15.42,400,6170.0
000026.SZ,2026-03-11 10:56:00,15.43,15.43,15.43,15.43,500,7715.0
000026.SZ,2026-03-11 10:57:00,15.43,15.43,15.43,15.43,0,0.0
000026.SZ,2026-03-11 10:58:00,15.43,15.44,15.43,15.43,1600,24691.0
000026.SZ,2026-03-11 10:59:00,15.44,15.44,15.44,15.44,1500,23160.0
000026.SZ,2026-03-11 11:00:00,15.45,15.45,15.45,15.45,3400,52514.0
000026.SZ,2026-03-11 11:01:00,15.45,15.48,15.45,15.48,22100,341991.0
000026.SZ,2026-03-11 11:02:00,15.48,15.48,15.47,15.47,6600,102118.37
000026.SZ,2026-03-11 11:03:00,15.46,15.46,15.46,15.46,3600,55656.0
000026.SZ,2026-03-11 11:04:00,15.46,15.46,15.46,15.46,700,10822.0
000026.SZ,2026-03-11 11:05:00,15.45,15.47,15.45,15.47,1400,21645.0
000026.SZ,2026-03-11 11:06:00,15.47,15.47,15.47,15.47,100,1547.0
000026.SZ,2026-03-11 11:07:00,15.47,15.47,15.45,15.45,12600,194672.0
000026.SZ,2026-03-11 11:08:00,15.44,15.44,15.44,15.44,2700,41688.0
000026.SZ,2026-03-11 11:09:00,15.44,15.44,15.44,15.44,0,0.0
000026.SZ,2026-03-11 11:10:00,15.44,15.45,15.44,15.45,300,4633.0
000026.SZ,2026-03-11 11:11:00,15.44,15.45,15.44,15.45,2000,30881.0
000026.SZ,2026-03-11 11:12:00,15.45,15.45,15.44,15.45,1600,24710.0
000026.SZ,2026-03-11 11:13:00,15.45,15.45,15.45,15.45,5100,78795.0
000026.SZ,2026-03-11 11:14:00,15.45,15.45,15.44,15.44,1100,16989.0
000026.SZ,2026-03-11 11:15:00,15.45,15.45,15.44,15.44,1400,21620.0
000026.SZ,2026-03-11 11:16:00,15.45,15.45,15.44,15.44,5200,80290.0
000026.SZ,2026-03-11 11:17:00,15.45,15.45,15.45,15.45,400,6180.0
000026.SZ,2026-03-11 11:18:00,15.44,15.45,15.44,15.44,3800,58674.0
000026.SZ,2026-03-11 11:19:00,15.44,15.44,15.44,15.44,1600,24704.0
000026.SZ,2026-03-11 11:20:00,15.44,15.45,15.44,15.44,13100,202273.0
000026.SZ,2026-03-11 11:21:00,15.44,15.44,15.43,15.44,11900,183693.0
000026.SZ,2026-03-11 11:22:00,15.43,15.43,15.42,15.43,20700,319381.0
000026.SZ,2026-03-11 11:23:00,15.43,15.43,15.43,15.43,1000,15427.0
000026.SZ,2026-03-11 11:24:00,15.43,15.43,15.43,15.43,300,4629.0
000026.SZ,2026-03-11 11:25:00,15.43,15.44,15.43,15.44,1300,20065.0
000026.SZ,2026-03-11 11:26:00,15.44,15.44,15.43,15.43,2600,40122.0
000026.SZ,2026-03-11 11:27:00,15.44,15.44,15.43,15.44,2000,30877.0
000026.SZ,2026-03-11 11:28:00,15.43,15.45,15.43,15.43,2800,43208.0
000026.SZ,2026-03-11 11:29:00,15.45,15.45,15.43,15.44,1000,15436.0
000026.SZ,2026-03-11 11:30:00,15.43,15.43,15.43,15.43,300,4629.0
000026.SZ,2026-03-11 13:01:00,15.43,15.45,15.43,15.43,3000,46304.0
000026.SZ,2026-03-11 13:02:00,15.45,15.45,15.44,15.45,3900,60232.0
000026.SZ,2026-03-11 13:03:00,15.45,15.45,15.45,15.45,200,3090.0
000026.SZ,2026-03-11 13:04:00,15.44,15.46,15.44,15.46,13100,202440.0
000026.SZ,2026-03-11 13:05:00,15.46,15.47,15.45,15.47,6700,103564.0
000026.SZ,2026-03-11 13:06:00,15.47,15.47,15.46,15.46,1300,20100.0
000026.SZ,2026-03-11 13:07:00,15.46,15.46,15.46,15.46,2700,41721.0
000026.SZ,2026-03-11 13:08:00,15.46,15.46,15.45,15.45,3900,60262.0
000026.SZ,2026-03-11 13:09:00,15.44,15.47,15.44,15.45,1500,23184.0
000026.SZ,2026-03-11 13:10:00,15.46,15.46,15.45,15.45,2200,33994.0
000026.SZ,2026-03-11 13:11:00,15.44,15.45,15.44,15.45,1000,15446.0
000026.SZ,2026-03-11 13:12:00,15.44,15.44,15.44,15.44,1400,21616.0
000026.SZ,2026-03-11 13:13:00,15.44,15.44,15.44,15.44,5700,88009.0
000026.SZ,2026-03-11 13:14:00,15.44,15.44,15.44,15.44,4200,64848.0
000026.SZ,2026-03-11 13:15:00,15.44,15.44,15.43,15.43,1900,29333.0
000026.SZ,2026-03-11 13:16:00,15.43,15.44,15.43,15.44,700,10803.0
000026.SZ,2026-03-11 13:17:00,15.43,15.44,15.43,15.44,1100,16982.0
000026.SZ,2026-03-11 13:18:00,15.43,15.44,15.43,15.44,2400,37034.0
000026.SZ,2026-03-11 13:19:00,15.44,15.44,15.44,15.44,100,1544.0
000026.SZ,2026-03-11 13:20:00,15.44,15.44,15.43,15.43,2100,32414.0
000026.SZ,2026-03-11 13:21:00,15.43,15.43,15.43,15.43,6900,106467.0
000026.SZ,2026-03-11 13:22:00,15.44,15.44,15.43,15.43,1400,21603.0
000026.SZ,2026-03-11 13:23:00,15.42,15.42,15.42,15.42,1900,29312.0
000026.SZ,2026-03-11 13:24:00,15.43,15.43,15.43,15.43,2200,33946.0
000026.SZ,2026-03-11 13:25:00,15.43,15.43,15.42,15.42,1300,20056.0
000026.SZ,2026-03-11 13:26:00,15.42,15.42,15.4,15.41,95400,1470577.0
000026.SZ,2026-03-11 13:27:00,15.4,15.4,15.4,15.4,4500,69300.0
000026.SZ,2026-03-11 13:28:00,15.4,15.41,15.4,15.4,9100,140145.0
000026.SZ,2026-03-11 13:29:00,15.4,15.41,15.4,15.41,5400,83197.0
000026.SZ,2026-03-11 13:30:00,15.39,15.4,15.39,15.39,29900,460412.0
000026.SZ,2026-03-11 13:31:00,15.4,15.4,15.37,15.37,78300,1204580.0
000026.SZ,2026-03-11 13:32:00,15.38,15.38,15.37,15.38,9600,147558.0
000026.SZ,2026-03-11 13:33:00,15.38,15.38,15.36,15.37,18200,279732.0
000026.SZ,2026-03-11 13:34:00,15.37,15.38,15.36,15.37,2400,36885.0
000026.SZ,2026-03-11 13:35:00,15.37,15.38,15.37,15.38,8300,127579.0
000026.SZ,2026-03-11 13:36:00,15.37,15.38,15.37,15.38,9400,144521.0
000026.SZ,2026-03-11 13:37:00,15.37,15.39,15.37,15.39,31800,489089.0
000026.SZ,2026-03-11 13:38:00,15.39,15.39,15.38,15.39,1400,21544.0
000026.SZ,2026-03-11 13:39:00,15.39,15.39,15.38,15.38,21000,322981.0
000026.SZ,2026-03-11 13:40:00,15.37,15.38,15.37,15.38,19500,299721.0
000026.SZ,2026-03-11 13:41:00,15.38,15.38,15.38,15.38,1400,21531.0
000026.SZ,2026-03-11 13:42:00,15.37,15.38,15.37,15.38,3400,52280.0
000026.SZ,2026-03-11 13:43:00,15.37,15.38,15.37,15.38,1100,16916.0
000026.SZ,2026-03-11 13:44:00,15.38,15.38,15.38,15.38,6300,96894.0
000026.SZ,2026-03-11 13:45:00,15.38,15.38,15.37,15.38,7900,121446.0
000026.SZ,2026-03-11 13:46:00,15.38,15.38,15.37,15.38,600,9226.0
000026.SZ,2026-03-11 13:47:00,15.37,15.38,15.37,15.37,3400,52281.0
000026.SZ,2026-03-11 13:48:00,15.38,15.38,15.37,15.38,10800,166002.0
000026.SZ,2026-03-11 13:49:00,15.38,15.38,15.37,15.38,1000,15372.0
000026.SZ,2026-03-11 13:50:00,15.38,15.38,15.37,15.38,600,9224.0
000026.SZ,2026-03-11 13:51:00,15.37,15.38,15.37,15.38,900,13835.0
000026.SZ,2026-03-11 13:52:00,15.37,15.38,15.37,15.37,23100,355058.0
000026.SZ,2026-03-11 13:53:00,15.37,15.37,15.36,15.37,12800,196675.0
000026.SZ,2026-03-11 13:54:00,15.37,15.37,15.36,15.37,9400,144420.0
000026.SZ,2026-03-11 13:55:00,15.38,15.38,15.37,15.38,2400,36890.0
000026.SZ,2026-03-11 13:56:00,15.37,15.38,15.37,15.38,16400,252087.0
000026.SZ,2026-03-11 13:57:00,15.38,15.38,15.37,15.38,4600,70743.0
000026.SZ,2026-03-11 13:58:00,15.38,15.38,15.38,15.38,1000,15379.0
000026.SZ,2026-03-11 13:59:00,15.37,15.38,15.37,15.38,7100,109166.0
000026.SZ,2026-03-11 14:00:00,15.38,15.38,15.35,15.37,34900,536132.0
000026.SZ,2026-03-11 14:01:00,15.37,15.38,15.37,15.37,2000,30746.0
000026.SZ,2026-03-11 14:02:00,15.38,15.39,15.38,15.39,12500,192270.0
000026.SZ,2026-03-11 14:03:00,15.39,15.39,15.38,15.39,3200,49243.0
000026.SZ,2026-03-11 14:04:00,15.39,15.41,15.38,15.41,18000,277517.0
000026.SZ,2026-03-11 14:05:00,15.38,15.39,15.38,15.39,20500,316037.0
000026.SZ,2026-03-11 14:06:00,15.39,15.41,15.39,15.39,3300,50797.0
000026.SZ,2026-03-11 14:07:00,15.4,15.4,15.4,15.4,100,1540.0
000026.SZ,2026-03-11 14:08:00,15.41,15.41,15.39,15.39,1400,21552.0
000026.SZ,2026-03-11 14:09:00,15.39,15.39,15.38,15.39,14900,229176.0
000026.SZ,2026-03-11 14:10:00,15.39,15.39,15.38,15.39,2100,32305.0
000026.SZ,2026-03-11 14:11:00,15.39,15.4,15.38,15.38,29600,455300.0
000026.SZ,2026-03-11 14:12:00,15.39,15.39,15.39,15.39,900,13851.0
000026.SZ,2026-03-11 14:13:00,15.39,15.39,15.38,15.38,2800,43068.0
000026.SZ,2026-03-11 14:14:00,15.39,15.39,15.39,15.39,1000,15390.0
000026.SZ,2026-03-11 14:15:00,15.39,15.39,15.39,15.39,1500,23084.0
000026.SZ,2026-03-11 14:16:00,15.39,15.39,15.37,15.37,8500,130740.0
000026.SZ,2026-03-11 14:17:00,15.39,15.39,15.38,15.38,1100,16922.0
000026.SZ,2026-03-11 14:18:00,15.38,15.38,15.36,15.37,15600,239743.0
000026.SZ,2026-03-11 14:19:00,15.37,15.37,15.36,15.37,1400,21515.0
000026.SZ,2026-03-11 14:20:00,15.36,15.38,15.36,15.37,16200,248860.0
000026.SZ,2026-03-11 14:21:00,15.36,15.38,15.36,15.38,6000,92228.0
000026.SZ,2026-03-11 14:22:00,15.36,15.38,15.36,15.38,5500,84562.0
000026.SZ,2026-03-11 14:23:00,15.36,15.38,15.36,15.37,2800,43041.0
000026.SZ,2026-03-11 14:24:00,15.36,15.37,15.36,15.37,13600,209028.0
000026.SZ,2026-03-11 14:25:00,15.38,15.38,15.36,15.37,6100,93749.0
000026.SZ,2026-03-11 14:26:00,15.38,15.38,15.37,15.37,1900,29209.0
000026.SZ,2026-03-11 14:27:00,15.37,15.38,15.37,15.38,700,10761.0
000026.SZ,2026-03-11 14:28:00,15.38,15.43,15.38,15.38,30500,469985.0
000026.SZ,2026-03-11 14:29:00,15.39,15.41,15.39,15.4,5800,89310.0
000026.SZ,2026-03-11 14:30:00,15.39,15.41,15.39,15.39,6700,103159.0
000026.SZ,2026-03-11 14:31:00,15.41,15.41,15.39,15.41,6000,92437.0
000026.SZ,2026-03-11 14:32:00,15.4,15.41,15.39,15.39,6200,95441.0
000026.SZ,2026-03-11 14:33:00,15.39,15.41,15.37,15.38,20900,321415.0
000026.SZ,2026-03-11 14:34:00,15.39,15.4,15.38,15.4,2500,38467.0
000026.SZ,2026-03-11 14:35:00,15.38,15.4,15.38,15.39,2600,40009.0
000026.SZ,2026-03-11 14:36:00,15.39,15.4,15.39,15.4,1000,15399.0
000026.SZ,2026-03-11 14:37:00,15.39,15.4,15.39,15.4,8800,135484.0
000026.SZ,2026-03-11 14:38:00,15.4,15.41,15.39,15.4,3500,53899.0
000026.SZ,2026-03-11 14:39:00,15.4,15.43,15.4,15.41,14300,220315.0
000026.SZ,2026-03-11 14:40:00,15.41,15.42,15.39,15.39,3700,57005.0
000026.SZ,2026-03-11 14:41:00,15.39,15.41,15.39,15.39,9700,149305.0
000026.SZ,2026-03-11 14:42:00,15.39,15.41,15.39,15.41,1500,23108.0
000026.SZ,2026-03-11 14:43:00,15.39,15.41,15.39,15.41,9100,140077.0
000026.SZ,2026-03-11 14:44:00,15.4,15.41,15.4,15.4,4500,69312.0
000026.SZ,2026-03-11 14:45:00,15.41,15.41,15.4,15.4,5200,80087.0
000026.SZ,2026-03-11 14:46:00,15.41,15.42,15.4,15.42,15100,232627.0
000026.SZ,2026-03-11 14:47:00,15.41,15.41,15.4,15.41,12500,192568.0
000026.SZ,2026-03-11 14:48:00,15.41,15.42,15.41,15.42,8400,129490.0
000026.SZ,2026-03-11 14:49:00,15.41,15.42,15.41,15.42,5200,80163.0
000026.SZ,2026-03-11 14:50:00,15.42,15.42,15.41,15.41,4200,64755.0
000026.SZ,2026-03-11 14:51:00,15.42,15.42,15.41,15.42,19400,298984.0
000026.SZ,2026-03-11 14:52:00,15.42,15.42,15.41,15.41,9700,149535.0
000026.SZ,2026-03-11 14:53:00,15.41,15.43,15.41,15.42,16200,249751.0
000026.SZ,2026-03-11 14:54:00,15.41,15.43,15.41,15.42,25300,390026.0
000026.SZ,2026-03-11 14:55:00,15.42,15.43,15.41,15.42,23400,360753.0
000026.SZ,2026-03-11 14:56:00,15.42,15.42,15.41,15.42,17000,262158.0
000026.SZ,2026-03-11 14:57:00,15.42,15.43,15.41,15.43,26900,414952.0
000026.SZ,2026-03-11 14:58:00,15.43,15.43,15.43,15.43,0,0.0
000026.SZ,2026-03-11 14:59:00,15.43,15.43,15.43,15.43,0,0.0
000026.SZ,2026-03-11 15:00:00,15.44,15.44,15.44,15.44,13500,208440.0
000026.SZ,2026-03-12 09:30:00,15.45,15.45,15.4,15.4,28500,440228.0
000026.SZ,2026-03-12 09:31:00,15.38,15.48,15.38,15.45,39700,612505.0
000026.SZ,2026-03-12 09:32:00,15.43,15.45,15.41,15.44,46300,714434.0
000026.SZ,2026-03-12 09:33:00,15.45,15.45,15.39,15.39,33600,517611.0
000026.SZ,2026-03-12 09:34:00,15.39,15.43,15.38,15.41,21500,330958.0
000026.SZ,2026-03-12 09:35:00,15.42,15.45,15.41,15.44,8700,134228.0
000026.SZ,2026-03-12 09:36:00,15.44,15.45,15.44,15.45,23700,366115.0
000026.SZ,2026-03-12 09:37:00,15.44,15.5,15.44,15.49,49400,764139.0
000026.SZ,2026-03-12 09:38:00,15.48,15.49,15.45,15.49,55000,851367.0
000026.SZ,2026-03-12 09:39:00,15.49,15.5,15.47,15.47,39300,608627.0
000026.SZ,2026-03-12 09:40:00,15.47,15.52,15.47,15.52,67800,1051022.0
000026.SZ,2026-03-12 09:41:00,15.51,15.51,15.49,15.49,7200,111620.0
000026.SZ,2026-03-12 09:42:00,15.5,15.5,15.47,15.47,14200,219848.0
000026.SZ,2026-03-12 09:43:00,15.47,15.48,15.47,15.47,6600,102142.0
000026.SZ,2026-03-12 09:44:00,15.47,15.5,15.46,15.48,7000,108303.0
000026.SZ,2026-03-12 09:45:00,15.48,15.49,15.47,15.47,10300,159410.0
000026.SZ,2026-03-12 09:46:00,15.46,15.48,15.46,15.48,12300,190214.0
000026.SZ,2026-03-12 09:47:00,15.47,15.47,15.45,15.46,7200,111251.0
000026.SZ,2026-03-12 09:48:00,15.46,15.47,15.45,15.46,12200,188635.0
000026.SZ,2026-03-12 09:49:00,15.45,15.45,15.43,15.44,13300,205310.0
000026.SZ,2026-03-12 09:50:00,15.43,15.44,15.41,15.41,43800,675351.0
000026.SZ,2026-03-12 09:51:00,15.42,15.42,15.4,15.41,36500,562205.0
000026.SZ,2026-03-12 09:52:00,15.41,15.45,15.41,15.43,29100,449042.0
000026.SZ,2026-03-12 09:53:00,15.44,15.46,15.44,15.46,58463,903251.4
000026.SZ,2026-03-12 09:54:00,15.45,15.45,15.42,15.42,13700,211379.0
000026.SZ,2026-03-12 09:55:00,15.42,15.42,15.41,15.41,7700,118711.0
000026.SZ,2026-03-12 09:56:00,15.42,15.43,15.42,15.43,800,12342.0
000026.SZ,2026-03-12 09:57:00,15.43,15.43,15.42,15.43,30000,462686.0
000026.SZ,2026-03-12 09:58:00,15.42,15.45,15.42,15.44,9100,140503.0
000026.SZ,2026-03-12 09:59:00,15.45,15.45,15.44,15.45,4800,74128.0
000026.SZ,2026-03-12 10:00:00,15.44,15.45,15.44,15.45,600,9265.0
000026.SZ,2026-03-12 10:01:00,15.45,15.49,15.45,15.48,79500,1229302.0
000026.SZ,2026-03-12 10:02:00,15.47,15.49,15.47,15.48,16900,261555.0
000026.SZ,2026-03-12 10:03:00,15.48,15.48,15.46,15.46,9500,147052.0
000026.SZ,2026-03-12 10:04:00,15.46,15.48,15.46,15.48,3200,49523.0
000026.SZ,2026-03-12 10:05:00,15.47,15.48,15.47,15.48,3800,58805.0
000026.SZ,2026-03-12 10:06:00,15.48,15.48,15.47,15.48,2100,32491.0
000026.SZ,2026-03-12 10:07:00,15.47,15.48,15.47,15.48,4300,66550.0
000026.SZ,2026-03-12 10:08:00,15.47,15.47,15.46,15.46,5700,88166.0
000026.SZ,2026-03-12 10:09:00,15.46,15.48,15.46,15.48,4800,74256.0
000026.SZ,2026-03-12 10:10:00,15.47,15.48,15.47,15.48,4100,63449.0
000026.SZ,2026-03-12 10:11:00,15.48,15.48,15.48,15.48,6900,106812.0
000026.SZ,2026-03-12 10:12:00,15.47,15.47,15.47,15.47,700,10829.0
000026.SZ,2026-03-12 10:13:00,15.47,15.48,15.47,15.48,2500,38680.0
000026.SZ,2026-03-12 10:14:00,15.47,15.48,15.47,15.48,9800,151633.0
000026.SZ,2026-03-12 10:15:00,15.48,15.49,15.48,15.48,3700,57278.0
000026.SZ,2026-03-12 10:16:00,15.49,15.56,15.49,15.54,292400,4539562.0
000026.SZ,2026-03-12 10:17:00,15.54,15.54,15.52,15.52,15200,235912.0
000026.SZ,2026-03-12 10:18:00,15.52,15.52,15.51,15.51,5800,89953.0
000026.SZ,2026-03-12 10:19:00,15.5,15.5,15.49,15.5,3600,55786.0
000026.SZ,2026-03-12 10:20:00,15.49,15.5,15.48,15.48,5800,89848.0
000026.SZ,2026-03-12 10:21:00,15.49,15.5,15.49,15.5,7400,114687.0
000026.SZ,2026-03-12 10:22:00,15.51,15.52,15.51,15.52,25700,398636.0
000026.SZ,2026-03-12 10:23:00,15.52,15.56,15.52,15.55,21100,327805.0
000026.SZ,2026-03-12 10:24:00,15.54,15.55,15.54,15.54,12100,188084.0
000026.SZ,2026-03-12 10:25:00,15.54,15.54,15.52,15.52,20800,323047.0
000026.SZ,2026-03-12 10:26:00,15.52,15.52,15.52,15.52,7100,110192.0
000026.SZ,2026-03-12 10:27:00,15.53,15.53,15.52,15.53,3800,59009.0
000026.SZ,2026-03-12 10:28:00,15.52,15.53,15.52,15.53,7600,118018.0
000026.SZ,2026-03-12 10:29:00,15.53,15.53,15.52,15.52,5700,88502.0
000026.SZ,2026-03-12 10:30:00,15.52,15.53,15.52,15.52,2800,43471.0
000026.SZ,2026-03-12 10:31:00,15.53,15.53,15.53,15.53,3200,49696.0
000026.SZ,2026-03-12 10:32:00,15.53,15.56,15.53,15.56,196800,3057124.0
000026.SZ,2026-03-12 10:33:00,15.56,15.56,15.55,15.56,24400,379614.0
000026.SZ,2026-03-12 10:34:00,15.56,15.56,15.55,15.55,4400,68460.0
000026.SZ,2026-03-12 10:35:00,15.56,15.56,15.53,15.53,15600,242442.0
000026.SZ,2026-03-12 10:36:00,15.54,15.54,15.54,15.54,2500,38836.0
000026.SZ,2026-03-12 10:37:00,15.53,15.53,15.52,15.52,3800,59003.0
000026.SZ,2026-03-12 10:38:00,15.52,15.52,15.5,15.5,12400,192374.0
000026.SZ,2026-03-12 10:39:00,15.52,15.52,15.49,15.49,30100,466569.0
000026.SZ,2026-03-12 10:40:00,15.5,15.5,15.49,15.49,5300,82115.0
000026.SZ,2026-03-12 10:41:00,15.49,15.5,15.49,15.49,6400,99144.0
000026.SZ,2026-03-12 10:42:00,15.5,15.5,15.48,15.48,5400,83607.0
000026.SZ,2026-03-12 10:43:00,15.47,15.47,15.47,15.47,3600,55712.0
000026.SZ,2026-03-12 10:44:00,15.48,15.49,15.47,15.47,800,12384.0
000026.SZ,2026-03-12 10:45:00,15.49,15.49,15.47,15.48,2300,35611.0
000026.SZ,2026-03-12 10:46:00,15.47,15.47,15.47,15.47,3300,51051.0
000026.SZ,2026-03-12 10:47:00,15.47,15.48,15.47,15.48,9000,139302.0
000026.SZ,2026-03-12 10:48:00,15.48,15.48,15.47,15.48,3100,47959.0
000026.SZ,2026-03-12 10:49:00,15.47,15.48,15.47,15.48,2200,34040.0
000026.SZ,2026-03-12 10:50:00,15.47,15.48,15.47,15.47,1400,21659.0
000026.SZ,2026-03-12 10:51:00,15.47,15.48,15.47,15.48,4700,72715.0
000026.SZ,2026-03-12 10:52:00,15.48,15.49,15.47,15.47,16600,256965.0
000026.SZ,2026-03-12 10:53:00,15.48,15.5,15.48,15.5,5200,80521.0
000026.SZ,2026-03-12 10:54:00,15.5,15.5,15.48,15.48,3000,46474.0
000026.SZ,2026-03-12 10:55:00,15.48,15.49,15.47,15.47,6200,95931.0
000026.SZ,2026-03-12 10:56:00,15.47,15.47,15.47,15.47,3200,49502.0
000026.SZ,2026-03-12 10:57:00,15.47,15.47,15.46,15.46,1500,23203.0
000026.SZ,2026-03-12 10:58:00,15.46,15.46,15.44,15.44,33000,509992.0
000026.SZ,2026-03-12 10:59:00,15.44,15.45,15.44,15.45,1800,27796.0
000026.SZ,2026-03-12 11:00:00,15.45,15.45,15.45,15.45,1500,23175.0
000026.SZ,2026-03-12 11:01:00,15.45,15.45,15.45,15.45,7800,120517.0
000026.SZ,2026-03-12 11:02:00,15.45,15.45,15.45,15.45,100,1545.0
000026.SZ,2026-03-12 11:03:00,15.44,15.45,15.44,15.45,5300,81884.0
000026.SZ,2026-03-12 11:04:00,15.44,15.45,15.44,15.44,24500,378286.0
000026.SZ,2026-03-12 11:05:00,15.45,15.46,15.45,15.45,2700,41717.0
000026.SZ,2026-03-12 11:06:00,15.46,15.46,15.45,15.45,1400,21631.0
000026.SZ,2026-03-12 11:07:00,15.45,15.45,15.45,15.45,200,3090.0
000026.SZ,2026-03-12 11:08:00,15.44,15.45,15.44,15.45,7500,115842.0
000026.SZ,2026-03-12 11:09:00,15.45,15.46,15.45,15.46,5100,78804.0
000026.SZ,2026-03-12 11:10:00,15.45,15.46,15.45,15.45,1000,15451.0
000026.SZ,2026-03-12 11:11:00,15.45,15.45,15.43,15.43,22300,344303.0
000026.SZ,2026-03-12 11:12:00,15.43,15.44,15.4,15.43,25600,394464.0
000026.SZ,2026-03-12 11:13:00,15.43,15.43,15.43,15.43,800,12344.0
000026.SZ,2026-03-12 11:14:00,15.43,15.43,15.42,15.42,4100,63261.0
000026.SZ,2026-03-12 11:15:00,15.42,15.43,15.41,15.43,8200,126452.0
000026.SZ,2026-03-12 11:16:00,15.42,15.44,15.42,15.42,6300,97164.0
000026.SZ,2026-03-12 11:17:00,15.44,15.44,15.43,15.43,300,4630.0
000026.SZ,2026-03-12 11:18:00,15.44,15.44,15.43,15.43,1300,20069.0
000026.SZ,2026-03-12 11:19:00,15.43,15.43,15.43,15.43,1400,21602.0
000026.SZ,2026-03-12 11:20:00,15.42,15.43,15.42,15.42,1100,16963.0
000026.SZ,2026-03-12 11:21:00,15.42,15.43,15.42,15.43,500,7713.0
000026.SZ,2026-03-12 11:22:00,15.43,15.43,15.42,15.43,2600,40107.0
000026.SZ,2026-03-12 11:23:00,15.43,15.43,15.43,15.43,6100,94123.0
000026.SZ,2026-03-12 11:24:00,15.42,15.43,15.42,15.43,4900,75597.0
000026.SZ,2026-03-12 11:25:00,15.43,15.44,15.42,15.44,6100,94139.0
000026.SZ,2026-03-12 11:26:00,15.42,15.43,15.42,15.42,7200,111035.0
000026.SZ,2026-03-12 11:27:00,15.43,15.43,15.4,15.41,56600,871796.0
000026.SZ,2026-03-12 11:28:00,15.4,15.4,15.4,15.4,8100,124740.0
000026.SZ,2026-03-12 11:29:00,15.4,15.41,15.4,15.4,8200,126281.0
000026.SZ,2026-03-12 11:30:00,15.4,15.41,15.39,15.41,2800,43125.0
000026.SZ,2026-03-12 13:01:00,15.4,15.4,15.36,15.38,43100,663140.0
000026.SZ,2026-03-12 13:02:00,15.38,15.38,15.38,15.38,1000,15380.0
000026.SZ,2026-03-12 13:03:00,15.38,15.39,15.38,15.39,19200,295302.0
000026.SZ,2026-03-12 13:04:00,15.38,15.4,15.38,15.39,3600,55389.0
000026.SZ,2026-03-12 13:05:00,15.39,15.4,15.39,15.4,2700,41568.0
000026.SZ,2026-03-12 13:06:00,15.4,15.4,15.39,15.39,10900,167766.0
000026.SZ,2026-03-12 13:07:00,15.4,15.41,15.4,15.41,1100,16943.0
000026.SZ,2026-03-12 13:08:00,15.42,15.42,15.42,15.42,900,13878.0
000026.SZ,2026-03-12 13:09:00,15.42,15.42,15.41,15.41,6200,95546.0
000026.SZ,2026-03-12 13:10:00,15.41,15.41,15.41,15.41,600,9246.0
000026.SZ,2026-03-12 13:11:00,15.4,15.4,15.4,15.4,4600,70840.0
000026.SZ,2026-03-12 13:12:00,15.4,15.4,15.39,15.39,900,13852.0
000026.SZ,2026-03-12 13:13:00,15.39,15.39,15.38,15.39,6300,96906.0
000026.SZ,2026-03-12 13:14:00,15.38,15.38,15.37,15.38,5400,83029.0
000026.SZ,2026-03-12 13:15:00,15.37,15.38,15.37,15.37,3900,59953.0
000026.SZ,2026-03-12 13:16:00,15.38,15.39,15.37,15.39,4800,73827.0
000026.SZ,2026-03-12 13:17:00,15.38,15.38,15.38,15.38,1200,18456.0
000026.SZ,2026-03-12 13:18:00,15.38,15.39,15.38,15.39,11000,169216.0
000026.SZ,2026-03-12 13:19:00,15.39,15.39,15.39,15.39,1000,15389.0
000026.SZ,2026-03-12 13:20:00,15.38,15.39,15.38,15.38,5000,76938.0
000026.SZ,2026-03-12 13:21:00,15.39,15.39,15.38,15.38,4000,61523.0
000026.SZ,2026-03-12 13:22:00,15.38,15.39,15.38,15.38,3000,46141.0
000026.SZ,2026-03-12 13:23:00,15.39,15.39,15.38,15.38,600,9229.0
000026.SZ,2026-03-12 13:24:00,15.38,15.39,15.38,15.39,700,10768.0
000026.SZ,2026-03-12 13:25:00,15.39,15.39,15.38,15.39,2500,38474.0
000026.SZ,2026-03-12 13:26:00,15.39,15.39,15.39,15.39,15400,236881.0
000026.SZ,2026-03-12 13:27:00,15.39,15.4,15.39,15.4,8000,123129.0
000026.SZ,2026-03-12 13:28:00,15.4,15.4,15.38,15.38,18400,283124.0
000026.SZ,2026-03-12 13:29:00,15.38,15.39,15.38,15.39,1500,23075.0
000026.SZ,2026-03-12 13:30:00,15.38,15.38,15.38,15.38,3500,53830.0
000026.SZ,2026-03-12 13:31:00,15.39,15.39,15.38,15.39,1700,26162.0
000026.SZ,2026-03-12 13:32:00,15.38,15.4,15.38,15.4,8200,126210.0
000026.SZ,2026-03-12 13:33:00,15.4,15.4,15.39,15.39,5700,87778.0
000026.SZ,2026-03-12 13:34:00,15.4,15.41,15.4,15.41,700,10783.0
000026.SZ,2026-03-12 13:35:00,15.4,15.4,15.39,15.4,24100,370970.0
000026.SZ,2026-03-12 13:36:00,15.4,15.4,15.39,15.4,1400,21554.0
000026.SZ,2026-03-12 13:37:00,15.4,15.4,15.4,15.4,1000,15400.0
000026.SZ,2026-03-12 13:38:00,15.4,15.41,15.4,15.41,5500,84707.0
000026.SZ,2026-03-12 13:39:00,15.41,15.41,15.4,15.41,12100,186402.0
000026.SZ,2026-03-12 13:40:00,15.41,15.41,15.39,15.4,3300,50819.0
000026.SZ,2026-03-12 13:41:00,15.4,15.41,15.4,15.41,3500,53934.0
000026.SZ,2026-03-12 13:42:00,15.4,15.41,15.4,15.4,2700,41591.0
000026.SZ,2026-03-12 13:43:00,15.41,15.41,15.41,15.41,3600,55476.0
000026.SZ,2026-03-12 13:44:00,15.41,15.42,15.41,15.41,4800,73970.0
000026.SZ,2026-03-12 13:45:00,15.41,15.44,15.41,15.44,10600,163468.0
000026.SZ,2026-03-12 13:46:00,15.44,15.44,15.43,15.43,3900,60211.0
000026.SZ,2026-03-12 13:47:00,15.44,15.44,15.42,15.44,8900,137324.0
000026.SZ,2026-03-12 13:48:00,15.44,15.44,15.44,15.44,1000,15440.0
000026.SZ,2026-03-12 13:49:00,15.44,15.44,15.44,15.44,3800,58672.0
000026.SZ,2026-03-12 13:50:00,15.44,15.44,15.43,15.44,2800,43231.0
000026.SZ,2026-03-12 13:51:00,15.44,15.44,15.42,15.42,10300,158945.0
000026.SZ,2026-03-12 13:52:00,15.42,15.42,15.42,15.42,100,1542.0
000026.SZ,2026-03-12 13:53:00,15.42,15.42,15.41,15.42,15200,234334.0
000026.SZ,2026-03-12 13:54:00,15.42,15.42,15.41,15.42,70000,1078749.0
000026.SZ,2026-03-12 13:55:00,15.42,15.46,15.42,15.43,19600,302674.0
000026.SZ,2026-03-12 13:56:00,15.43,15.45,15.43,15.45,11600,179283.0
000026.SZ,2026-03-12 13:57:00,15.44,15.44,15.43,15.43,2900,44775.0
000026.SZ,2026-03-12 13:58:00,15.44,15.44,15.44,15.44,2500,38586.0
000026.SZ,2026-03-12 13:59:00,15.43,15.44,15.43,15.44,4800,74067.0
000026.SZ,2026-03-12 14:00:00,15.44,15.44,15.43,15.44,1000,15435.0
000026.SZ,2026-03-12 14:01:00,15.42,15.43,15.42,15.43,4600,70978.0
000026.SZ,2026-03-12 14:02:00,15.43,15.43,15.43,15.43,1700,26232.0
000026.SZ,2026-03-12 14:03:00,15.44,15.44,15.44,15.44,100,1544.0
000026.SZ,2026-03-12 14:04:00,15.44,15.44,15.44,15.44,3900,60189.0
000026.SZ,2026-03-12 14:05:00,15.43,15.43,15.42,15.43,8700,134240.0
000026.SZ,2026-03-12 14:06:00,15.43,15.43,15.42,15.42,33400,514787.0
000026.SZ,2026-03-12 14:07:00,15.43,15.43,15.42,15.42,1500,23142.0
000026.SZ,2026-03-12 14:08:00,15.43,15.44,15.43,15.43,13700,211396.0
000026.SZ,2026-03-12 14:09:00,15.44,15.44,15.42,15.42,3600,55521.0
000026.SZ,2026-03-12 14:10:00,15.43,15.43,15.42,15.42,4300,66312.0
000026.SZ,2026-03-12 14:11:00,15.41,15.41,15.41,15.41,19100,294331.0
000026.SZ,2026-03-12 14:12:00,15.4,15.4,15.4,15.4,34100,524885.0
000026.SZ,2026-03-12 14:13:00,15.4,15.4,15.39,15.4,2100,32335.0
000026.SZ,2026-03-12 14:14:00,15.4,15.4,15.4,15.4,1200,18480.0
000026.SZ,2026-03-12 14:15:00,15.4,15.4,15.4,15.4,300,4620.0
000026.SZ,2026-03-12 14:16:00,15.4,15.4,15.39,15.39,10400,160080.0
000026.SZ,2026-03-12 14:17:00,15.39,15.39,15.38,15.39,4600,70775.0
000026.SZ,2026-03-12 14:18:00,15.39,15.39,15.38,15.39,900,13849.0
000026.SZ,2026-03-12 14:19:00,15.39,15.39,15.38,15.38,6700,103051.0
000026.SZ,2026-03-12 14:20:00,15.38,15.39,15.38,15.39,5700,87722.0
000026.SZ,2026-03-12 14:21:00,15.39,15.39,15.38,15.39,5900,90766.0
000026.SZ,2026-03-12 14:22:00,15.38,15.39,15.38,15.38,6100,93820.0
000026.SZ,2026-03-12 14:23:00,15.39,15.39,15.39,15.39,600,9234.0
000026.SZ,2026-03-12 14:24:00,15.38,15.39,15.38,15.39,3800,58455.0
000026.SZ,2026-03-12 14:25:00,15.39,15.39,15.39,15.39,1400,21545.0
000026.SZ,2026-03-12 14:26:00,15.39,15.39,15.38,15.39,2600,40012.0
000026.SZ,2026-03-12 14:27:00,15.39,15.39,15.38,15.39,3000,46165.0
000026.SZ,2026-03-12 14:28:00,15.39,15.39,15.39,15.39,4200,64632.0
000026.SZ,2026-03-12 14:29:00,15.4,15.4,15.39,15.4,3100,47715.0
000026.SZ,2026-03-12 14:30:00,15.39,15.4,15.39,15.39,6300,96965.0
000026.SZ,2026-03-12 14:31:00,15.4,15.4,15.39,15.4,4700,72343.0
000026.SZ,2026-03-12 14:32:00,15.4,15.4,15.39,15.4,3000,46188.0
000026.SZ,2026-03-12 14:33:00,15.4,15.4,15.39,15.4,11800,181615.0
000026.SZ,2026-03-12 14:34:00,15.4,15.4,15.39,15.4,11400,175534.0
000026.SZ,2026-03-12 14:35:00,15.41,15.41,15.4,15.41,9000,138647.0
000026.SZ,2026-03-12 14:36:00,15.41,15.41,15.4,15.4,7500,115526.0
000026.SZ,2026-03-12 14:37:00,15.4,15.4,15.4,15.4,1700,26180.0
000026.SZ,2026-03-12 14:38:00,15.4,15.4,15.39,15.4,40900,629539.0
000026.SZ,2026-03-12 14:39:00,15.4,15.4,15.39,15.4,5000,76965.0
000026.SZ,2026-03-12 14:40:00,15.4,15.4,15.39,15.4,9600,147771.0
000026.SZ,2026-03-12 14:41:00,15.39,15.4,15.38,15.39,69700,1072586.0
000026.SZ,2026-03-12 14:42:00,15.39,15.39,15.37,15.37,19700,302964.0
000026.SZ,2026-03-12 14:43:00,15.37,15.38,15.36,15.38,21900,336624.0
000026.SZ,2026-03-12 14:44:00,15.38,15.38,15.36,15.38,38100,585428.0
000026.SZ,2026-03-12 14:45:00,15.36,15.39,15.36,15.37,28000,430622.0
000026.SZ,2026-03-12 14:46:00,15.38,15.38,15.37,15.37,1600,24599.0
000026.SZ,2026-03-12 14:47:00,15.38,15.38,15.37,15.38,8700,133757.0
000026.SZ,2026-03-12 14:48:00,15.37,15.38,15.37,15.37,14900,229079.0
000026.SZ,2026-03-12 14:49:00,15.36,15.38,15.36,15.38,13500,207406.0
000026.SZ,2026-03-12 14:50:00,15.36,15.38,15.36,15.37,11000,168965.0
000026.SZ,2026-03-12 14:51:00,15.37,15.37,15.36,15.37,46900,720461.0
000026.SZ,2026-03-12 14:52:00,15.36,15.37,15.35,15.36,29500,453035.0
000026.SZ,2026-03-12 14:53:00,15.35,15.36,15.35,15.36,6800,104454.0
000026.SZ,2026-03-12 14:54:00,15.36,15.36,15.33,15.34,39000,598597.0
000026.SZ,2026-03-12 14:55:00,15.35,15.35,15.32,15.34,38100,584104.0
000026.SZ,2026-03-12 14:56:00,15.33,15.34,15.32,15.34,41500,636459.0
000026.SZ,2026-03-12 14:57:00,15.34,15.34,15.32,15.33,29600,453685.0
000026.SZ,2026-03-12 14:58:00,15.33,15.33,15.33,15.33,0,0.0
000026.SZ,2026-03-12 14:59:00,15.33,15.33,15.33,15.33,0,0.0
000026.SZ,2026-03-12 15:00:00,15.4,15.4,15.4,15.4,37300,574420.0
000026.SZ,2026-03-13 09:30:00,15.37,15.37,15.35,15.35,15200,233616.0
000026.SZ,2026-03-13 09:31:00,15.35,15.35,15.3,15.3,39100,598607.0
000026.SZ,2026-03-13 09:32:00,15.3,15.39,15.26,15.36,27500,421029.0
000026.SZ,2026-03-13 09:33:00,15.4,15.4,15.34,15.34,13200,202836.0
000026.SZ,2026-03-13 09:34:00,15.34,15.36,15.33,15.36,10600,162546.0
000026.SZ,2026-03-13 09:35:00,15.35,15.36,15.33,15.36,17600,270133.0
000026.SZ,2026-03-13 09:36:00,15.36,15.39,15.34,15.39,14600,224420.0
000026.SZ,2026-03-13 09:37:00,15.38,15.39,15.36,15.36,39600,609105.0
000026.SZ,2026-03-13 09:38:00,15.35,15.35,15.32,15.34,18700,286856.0
000026.SZ,2026-03-13 09:39:00,15.34,15.35,15.32,15.32,9400,144132.0
000026.SZ,2026-03-13 09:40:00,15.32,15.34,15.3,15.33,16200,248161.0
000026.SZ,2026-03-13 09:41:00,15.33,15.37,15.33,15.34,30600,469741.0
000026.SZ,2026-03-13 09:42:00,15.34,15.35,15.28,15.29,40100,613836.0
000026.SZ,2026-03-13 09:43:00,15.28,15.3,15.28,15.29,20600,314985.0
000026.SZ,2026-03-13 09:44:00,15.29,15.29,15.28,15.28,8000,122302.0
000026.SZ,2026-03-13 09:45:00,15.28,15.3,15.28,15.29,32200,492289.0
000026.SZ,2026-03-13 09:46:00,15.29,15.3,15.28,15.28,10500,160535.0
000026.SZ,2026-03-13 09:47:00,15.29,15.29,15.28,15.28,14600,223214.0
000026.SZ,2026-03-13 09:48:00,15.29,15.32,15.28,15.31,28500,436108.0
000026.SZ,2026-03-13 09:49:00,15.32,15.32,15.29,15.29,12100,185249.0
000026.SZ,2026-03-13 09:50:00,15.29,15.32,15.29,15.31,2400,36738.0
000026.SZ,2026-03-13 09:51:00,15.31,15.31,15.29,15.29,30600,468006.0
000026.SZ,2026-03-13 09:52:00,15.29,15.29,15.28,15.28,24400,372919.0
000026.SZ,2026-03-13 09:53:00,15.28,15.31,15.28,15.31,11300,172894.0
000026.SZ,2026-03-13 09:54:00,15.3,15.36,15.3,15.33,31000,475310.0
000026.SZ,2026-03-13 09:55:00,15.33,15.34,15.33,15.33,2400,36806.0
000026.SZ,2026-03-13 09:56:00,15.34,15.37,15.34,15.37,11900,182650.0
000026.SZ,2026-03-13 09:57:00,15.37,15.37,15.36,15.36,13400,205907.0
000026.SZ,2026-03-13 09:58:00,15.36,15.36,15.35,15.35,6200,95204.0
000026.SZ,2026-03-13 09:59:00,15.35,15.35,15.34,15.35,15700,240967.0
000026.SZ,2026-03-13 10:00:00,15.35,15.36,15.35,15.35,7200,110538.0
000026.SZ,2026-03-13 10:01:00,15.35,15.37,15.35,15.36,37700,579128.0
000026.SZ,2026-03-13 10:02:00,15.36,15.36,15.35,15.35,3600,55274.0
000026.SZ,2026-03-13 10:03:00,15.35,15.35,15.34,15.34,6300,96703.0
000026.SZ,2026-03-13 10:04:00,15.34,15.35,15.34,15.34,1700,26080.0
000026.SZ,2026-03-13 10:05:00,15.34,15.36,15.34,15.36,3700,56794.0
000026.SZ,2026-03-13 10:06:00,15.36,15.37,15.35,15.36,19700,302585.0
000026.SZ,2026-03-13 10:07:00,15.36,15.37,15.35,15.37,10500,161291.0
000026.SZ,2026-03-13 10:08:00,15.39,15.39,15.38,15.38,18700,287706.0
000026.SZ,2026-03-13 10:09:00,15.38,15.4,15.38,15.39,12900,198532.0
000026.SZ,2026-03-13 10:10:00,15.39,15.4,15.39,15.39,5000,76996.0
000026.SZ,2026-03-13 10:11:00,15.39,15.39,15.38,15.38,8300,127727.0
000026.SZ,2026-03-13 10:12:00,15.38,15.39,15.38,15.38,1500,23072.0
000026.SZ,2026-03-13 10:13:00,15.38,15.38,15.37,15.37,6000,92270.0
000026.SZ,2026-03-13 10:14:00,15.37,15.38,15.37,15.37,6000,92229.0
000026.SZ,2026-03-13 10:15:00,15.37,15.37,15.36,15.37,7000,107560.0
000026.SZ,2026-03-13 10:16:00,15.37,15.37,15.37,15.37,8000,122950.0
000026.SZ,2026-03-13 10:17:00,15.37,15.38,15.37,15.38,4900,75354.0
000026.SZ,2026-03-13 10:18:00,15.38,15.39,15.37,15.37,1300,19994.0
000026.SZ,2026-03-13 10:19:00,15.37,15.37,15.37,15.37,2900,44574.0
000026.SZ,2026-03-13 10:20:00,15.37,15.38,15.37,15.37,2800,43047.0
000026.SZ,2026-03-13 10:21:00,15.36,15.37,15.36,15.37,6100,93716.0
000026.SZ,2026-03-13 10:22:00,15.37,15.38,15.36,15.38,3000,46123.0
000026.SZ,2026-03-13 10:23:00,15.36,15.37,15.36,15.37,4000,61452.0
000026.SZ,2026-03-13 10:24:00,15.36,15.36,15.35,15.35,5300,81407.0
000026.SZ,2026-03-13 10:25:00,15.36,15.36,15.35,15.35,1100,16890.0
000026.SZ,2026-03-13 10:26:00,15.35,15.35,15.35,15.35,300,4605.0
000026.SZ,2026-03-13 10:27:00,15.36,15.37,15.35,15.35,4700,72172.0
000026.SZ,2026-03-13 10:28:00,15.35,15.36,15.35,15.35,1000,15353.0
000026.SZ,2026-03-13 10:29:00,15.35,15.36,15.35,15.35,1300,19965.0
000026.SZ,2026-03-13 10:30:00,15.35,15.36,15.35,15.35,1200,18421.0
000026.SZ,2026-03-13 10:31:00,15.35,15.36,15.34,15.36,23400,359233.0
000026.SZ,2026-03-13 10:32:00,15.36,15.36,15.35,15.35,10800,165802.0
000026.SZ,2026-03-13 10:33:00,15.34,15.36,15.34,15.35,6200,95169.0
000026.SZ,2026-03-13 10:34:00,15.35,15.35,15.32,15.32,14100,216304.0
000026.SZ,2026-03-13 10:35:00,15.32,15.33,15.32,15.32,9500,145617.0
000026.SZ,2026-03-13 10:36:00,15.32,15.36,15.32,15.34,9700,148753.0
000026.SZ,2026-03-13 10:37:00,15.34,15.35,15.34,15.34,2300,35283.0
000026.SZ,2026-03-13 10:38:00,15.34,15.34,15.31,15.31,15600,239102.0
000026.SZ,2026-03-13 10:39:00,15.32,15.33,15.31,15.31,17700,271166.0
000026.SZ,2026-03-13 10:40:00,15.32,15.33,15.32,15.32,800,12257.0
000026.SZ,2026-03-13 10:41:00,15.32,15.32,15.31,15.31,17400,266564.0
000026.SZ,2026-03-13 10:42:00,15.31,15.31,15.31,15.31,4600,70427.0
000026.SZ,2026-03-13 10:43:00,15.32,15.34,15.31,15.34,40000,612862.0
000026.SZ,2026-03-13 10:44:00,15.33,15.33,15.33,15.33,3700,56721.0
000026.SZ,2026-03-13 10:45:00,15.33,15.34,15.33,15.34,9700,148790.0
000026.SZ,2026-03-13 10:46:00,15.34,15.35,15.34,15.34,4700,72106.0
000026.SZ,2026-03-13 10:47:00,15.34,15.36,15.34,15.35,9300,142764.0
000026.SZ,2026-03-13 10:48:00,15.35,15.36,15.35,15.36,1400,21492.0
000026.SZ,2026-03-13 10:49:00,15.36,15.36,15.35,15.35,19100,293252.0
000026.SZ,2026-03-13 10:50:00,15.35,15.36,15.35,15.35,14900,228837.0
000026.SZ,2026-03-13 10:51:00,15.35,15.35,15.34,15.34,3500,53722.0
000026.SZ,2026-03-13 10:52:00,15.35,15.35,15.34,15.35,6000,92092.0
000026.SZ,2026-03-13 10:53:00,15.34,15.35,15.34,15.34,4800,73666.0
000026.SZ,2026-03-13 10:54:00,15.35,15.35,15.35,15.35,28900,443616.0
000026.SZ,2026-03-13 10:55:00,15.35,15.36,15.35,15.36,5900,90619.0
000026.SZ,2026-03-13 10:56:00,15.36,15.36,15.35,15.36,3300,50686.0
000026.SZ,2026-03-13 10:57:00,15.35,15.36,15.34,15.34,15200,233312.0
000026.SZ,2026-03-13 10:58:00,15.35,15.35,15.34,15.34,2600,39890.0
000026.SZ,2026-03-13 10:59:00,15.35,15.35,15.34,15.34,1500,23023.0
000026.SZ,2026-03-13 11:00:00,15.34,15.35,15.34,15.35,22200,340768.0
000026.SZ,2026-03-13 11:01:00,15.35,15.35,15.34,15.34,3900,59862.0
000026.SZ,2026-03-13 11:02:00,15.34,15.34,15.33,15.33,14000,214758.0
000026.SZ,2026-03-13 11:03:00,15.33,15.33,15.32,15.32,4500,68979.0
000026.SZ,2026-03-13 11:04:00,15.32,15.33,15.32,15.32,2500,38301.0
000026.SZ,2026-03-13 11:05:00,15.31,15.32,15.31,15.32,22300,341632.0
000026.SZ,2026-03-13 11:06:00,15.32,15.34,15.32,15.33,22800,349485.0
000026.SZ,2026-03-13 11:07:00,15.33,15.34,15.33,15.33,4800,73587.0
000026.SZ,2026-03-13 11:08:00,15.33,15.33,15.32,15.32,3100,47507.0
000026.SZ,2026-03-13 11:09:00,15.33,15.33,15.33,15.33,2200,33726.0
000026.SZ,2026-03-13 11:10:00,15.33,15.33,15.32,15.32,6700,102645.0
000026.SZ,2026-03-13 11:11:00,15.32,15.32,15.32,15.32,2800,42896.0
000026.SZ,2026-03-13 11:12:00,15.32,15.32,15.3,15.3,32700,500550.0
000026.SZ,2026-03-13 11:13:00,15.3,15.31,15.29,15.29,24200,370233.0
000026.SZ,2026-03-13 11:14:00,15.31,15.31,15.3,15.31,1000,15306.0
000026.SZ,2026-03-13 11:15:00,15.3,15.31,15.3,15.31,1400,21424.0
000026.SZ,2026-03-13 11:16:00,15.3,15.31,15.3,15.3,900,13774.0
000026.SZ,2026-03-13 11:17:00,15.3,15.3,15.3,15.3,3900,59670.0
000026.SZ,2026-03-13 11:18:00,15.3,15.3,15.3,15.3,100,1530.0
000026.SZ,2026-03-13 11:19:00,15.29,15.3,15.29,15.3,300,4588.0
000026.SZ,2026-03-13 11:20:00,15.29,15.3,15.29,15.29,22700,347086.0
000026.SZ,2026-03-13 11:21:00,15.29,15.29,15.29,15.29,10700,163603.0
000026.SZ,2026-03-13 11:22:00,15.29,15.3,15.28,15.29,6300,96319.0
000026.SZ,2026-03-13 11:23:00,15.3,15.3,15.28,15.29,33500,512026.0
000026.SZ,2026-03-13 11:24:00,15.29,15.3,15.29,15.29,1100,16821.0
000026.SZ,2026-03-13 11:25:00,15.29,15.3,15.29,15.29,9600,146786.0
000026.SZ,2026-03-13 11:26:00,15.29,15.29,15.29,15.29,4100,62689.0
000026.SZ,2026-03-13 11:27:00,15.3,15.3,15.29,15.29,600,9175.0
000026.SZ,2026-03-13 11:28:00,15.29,15.29,15.29,15.29,1000,15290.0
000026.SZ,2026-03-13 11:29:00,15.3,15.3,15.3,15.3,2900,44366.0
000026.SZ,2026-03-13 11:30:00,15.29,15.3,15.29,15.3,4500,68808.0
000026.SZ,2026-03-13 13:01:00,15.3,15.3,15.22,15.23,90800,1386024.0
000026.SZ,2026-03-13 13:02:00,15.23,15.24,15.23,15.24,14900,226941.0
000026.SZ,2026-03-13 13:03:00,15.25,15.25,15.23,15.25,5100,77726.0
000026.SZ,2026-03-13 13:04:00,15.23,15.25,15.23,15.25,10900,166112.0
000026.SZ,2026-03-13 13:05:00,15.23,15.24,15.22,15.23,15100,230000.0
000026.SZ,2026-03-13 13:06:00,15.22,15.23,15.22,15.23,5700,86773.0
000026.SZ,2026-03-13 13:07:00,15.23,15.23,15.2,15.21,41500,631363.0
000026.SZ,2026-03-13 13:08:00,15.2,15.23,15.2,15.23,51300,781181.0
000026.SZ,2026-03-13 13:09:00,15.23,15.24,15.23,15.24,5500,83795.0
000026.SZ,2026-03-13 13:10:00,15.23,15.23,15.21,15.21,7800,118777.0
000026.SZ,2026-03-13 13:11:00,15.23,15.24,15.21,15.21,10300,156786.0
000026.SZ,2026-03-13 13:12:00,15.22,15.23,15.21,15.22,9800,149147.0
000026.SZ,2026-03-13 13:13:00,15.22,15.22,15.22,15.22,6800,103496.0
000026.SZ,2026-03-13 13:14:00,15.22,15.22,15.21,15.22,10500,159723.0
000026.SZ,2026-03-13 13:15:00,15.21,15.21,15.21,15.21,6500,98865.0
000026.SZ,2026-03-13 13:16:00,15.22,15.22,15.2,15.21,8400,127731.0
000026.SZ,2026-03-13 13:17:00,15.21,15.22,15.2,15.22,7000,106466.0
000026.SZ,2026-03-13 13:18:00,15.22,15.22,15.21,15.22,5900,89777.0
000026.SZ,2026-03-13 13:19:00,15.22,15.22,15.2,15.2,5600,85154.0
000026.SZ,2026-03-13 13:20:00,15.21,15.21,15.2,15.21,7600,115545.0
000026.SZ,2026-03-13 13:21:00,15.2,15.21,15.2,15.21,12000,182420.0
000026.SZ,2026-03-13 13:22:00,15.2,15.21,15.19,15.21,5400,82080.0
000026.SZ,2026-03-13 13:23:00,15.21,15.21,15.19,15.2,10200,155025.0
000026.SZ,2026-03-13 13:24:00,15.2,15.2,15.19,15.2,14000,212681.0
000026.SZ,2026-03-13 13:25:00,15.18,15.2,15.18,15.18,9500,144287.0
000026.SZ,2026-03-13 13:26:00,15.18,15.19,15.18,15.19,10600,160940.0
000026.SZ,2026-03-13 13:27:00,15.18,15.19,15.17,15.19,14000,212534.0
000026.SZ,2026-03-13 13:28:00,15.18,15.19,15.18,15.19,5700,86535.0
000026.SZ,2026-03-13 13:29:00,15.18,15.19,15.17,15.18,15200,230749.0
000026.SZ,2026-03-13 13:30:00,15.18,15.19,15.17,15.19,8000,121443.0
000026.SZ,2026-03-13 13:31:00,15.17,15.19,15.17,15.19,8900,135099.0
000026.SZ,2026-03-13 13:32:00,15.18,15.19,15.17,15.19,10700,162415.0
000026.SZ,2026-03-13 13:33:00,15.17,15.18,15.15,15.15,42600,645832.0
000026.SZ,2026-03-13 13:34:00,15.15,15.19,15.14,15.19,46000,697183.0
000026.SZ,2026-03-13 13:35:00,15.19,15.19,15.15,15.19,32300,490198.0
000026.SZ,2026-03-13 13:36:00,15.17,15.19,15.17,15.18,5400,81962.0
000026.SZ,2026-03-13 13:37:00,15.18,15.19,15.18,15.19,7100,107807.0
000026.SZ,2026-03-13 13:38:00,15.19,15.19,15.18,15.18,4300,65287.0
000026.SZ,2026-03-13 13:39:00,15.18,15.19,15.17,15.17,12900,195816.0
000026.SZ,2026-03-13 13:40:00,15.17,15.18,15.17,15.18,11000,166926.0
000026.SZ,2026-03-13 13:41:00,15.19,15.19,15.17,15.18,14000,212494.0
000026.SZ,2026-03-13 13:42:00,15.19,15.25,15.18,15.25,92000,1398190.0
000026.SZ,2026-03-13 13:43:00,15.2,15.26,15.2,15.22,27500,418893.0
000026.SZ,2026-03-13 13:44:00,15.21,15.22,15.21,15.22,6800,103460.0
000026.SZ,2026-03-13 13:45:00,15.21,15.22,15.21,15.22,7300,111039.0
000026.SZ,2026-03-13 13:46:00,15.21,15.22,15.21,15.21,6700,101909.0
000026.SZ,2026-03-13 13:47:00,15.21,15.21,15.2,15.21,7600,115542.0
000026.SZ,2026-03-13 13:48:00,15.2,15.2,15.19,15.19,2400,36473.0
000026.SZ,2026-03-13 13:49:00,15.2,15.21,15.19,15.21,11200,170241.0
000026.SZ,2026-03-13 13:50:00,15.2,15.2,15.18,15.18,8900,135169.0
000026.SZ,2026-03-13 13:51:00,15.19,15.19,15.17,15.19,41800,634200.0
000026.SZ,2026-03-13 13:52:00,15.18,15.19,15.15,15.17,40800,618841.0
000026.SZ,2026-03-13 13:53:00,15.17,15.17,15.16,15.17,8500,128886.0
000026.SZ,2026-03-13 13:54:00,15.17,15.17,15.15,15.17,11500,174332.0
000026.SZ,2026-03-13 13:55:00,15.17,15.17,15.15,15.16,7200,109169.0
000026.SZ,2026-03-13 13:56:00,15.15,15.16,15.15,15.16,4500,68187.0
000026.SZ,2026-03-13 13:57:00,15.16,15.16,15.16,15.16,600,9096.0
000026.SZ,2026-03-13 13:58:00,15.16,15.16,15.14,15.15,39500,598362.0
000026.SZ,2026-03-13 13:59:00,15.15,15.16,15.14,15.14,13800,209114.0
000026.SZ,2026-03-13 14:00:00,15.15,15.16,15.15,15.16,11900,180307.0
000026.SZ,2026-03-13 14:01:00,15.16,15.16,15.15,15.16,21600,327285.0
000026.SZ,2026-03-13 14:02:00,15.16,15.16,15.13,15.15,29900,452825.0
000026.SZ,2026-03-13 14:03:00,15.15,15.16,15.15,15.16,17500,265145.0
000026.SZ,2026-03-13 14:04:00,15.16,15.16,15.15,15.15,12600,190920.0
000026.SZ,2026-03-13 14:05:00,15.15,15.15,15.14,15.14,10400,157469.0
000026.SZ,2026-03-13 14:06:00,15.14,15.14,15.12,15.13,54300,821508.0
000026.SZ,2026-03-13 14:07:00,15.12,15.13,15.12,15.12,12000,181452.0
000026.SZ,2026-03-13 14:08:00,15.12,15.14,15.12,15.13,9000,136156.0
000026.SZ,2026-03-13 14:09:00,15.13,15.14,15.13,15.13,4600,69589.0
000026.SZ,2026-03-13 14:10:00,15.13,15.14,15.13,15.13,12800,193672.0
000026.SZ,2026-03-13 14:11:00,15.13,15.13,15.12,15.12,8000,121024.0
000026.SZ,2026-03-13 14:12:00,15.13,15.13,15.12,15.13,16200,245067.0
000026.SZ,2026-03-13 14:13:00,15.13,15.13,15.13,15.13,1700,25721.0
000026.SZ,2026-03-13 14:14:00,15.13,15.13,15.11,15.13,30400,459661.0
000026.SZ,2026-03-13 14:15:00,15.12,15.12,15.1,15.11,25600,386802.0
000026.SZ,2026-03-13 14:16:00,15.11,15.12,15.1,15.12,15800,238744.0
000026.SZ,2026-03-13 14:17:00,15.11,15.11,15.1,15.11,11900,179799.0
000026.SZ,2026-03-13 14:18:00,15.1,15.11,15.1,15.11,37500,566283.0
000026.SZ,2026-03-13 14:19:00,15.11,15.11,15.11,15.11,4300,64962.0
000026.SZ,2026-03-13 14:20:00,15.11,15.11,15.08,15.09,43200,652174.0
000026.SZ,2026-03-13 14:21:00,15.08,15.09,15.08,15.09,11100,167441.0
000026.SZ,2026-03-13 14:22:00,15.09,15.09,15.08,15.09,8600,129731.0
000026.SZ,2026-03-13 14:23:00,15.09,15.09,15.07,15.08,11300,170432.0
000026.SZ,2026-03-13 14:24:00,15.08,15.09,15.06,15.09,37100,559220.0
000026.SZ,2026-03-13 14:25:00,15.09,15.09,15.06,15.07,33900,511119.0
000026.SZ,2026-03-13 14:26:00,15.06,15.08,15.06,15.07,14600,220037.0
000026.SZ,2026-03-13 14:27:00,15.08,15.08,15.07,15.08,12800,192960.0
000026.SZ,2026-03-13 14:28:00,15.07,15.09,15.07,15.07,28000,422284.0
000026.SZ,2026-03-13 14:29:00,15.07,15.08,15.07,15.07,18000,271264.0
000026.SZ,2026-03-13 14:30:00,15.07,15.08,15.07,15.08,22800,343635.0
000026.SZ,2026-03-13 14:31:00,15.07,15.08,15.07,15.07,17700,266773.0
000026.SZ,2026-03-13 14:32:00,15.08,15.08,15.08,15.08,3000,45240.0
000026.SZ,2026-03-13 14:33:00,15.07,15.08,15.07,15.08,4100,61805.0
000026.SZ,2026-03-13 14:34:00,15.08,15.08,15.07,15.08,7100,107041.0
000026.SZ,2026-03-13 14:35:00,15.07,15.07,15.05,15.05,114300,1721208.0
000026.SZ,2026-03-13 14:36:00,15.05,15.05,15.03,15.05,40400,607761.0
000026.SZ,2026-03-13 14:37:00,15.06,15.06,15.05,15.05,5900,88801.0
000026.SZ,2026-03-13 14:38:00,15.04,15.05,15.04,15.05,3500,52660.0
000026.SZ,2026-03-13 14:39:00,15.04,15.05,15.04,15.05,18500,278283.0
000026.SZ,2026-03-13 14:40:00,15.04,15.05,15.03,15.04,11300,169970.0
000026.SZ,2026-03-13 14:41:00,15.03,15.04,15.03,15.03,30500,458470.0
000026.SZ,2026-03-13 14:42:00,15.03,15.04,15.03,15.04,9300,139807.0
000026.SZ,2026-03-13 14:43:00,15.04,15.05,15.04,15.05,32400,487398.0
000026.SZ,2026-03-13 14:44:00,15.05,15.05,15.04,15.05,8300,124902.0
000026.SZ,2026-03-13 14:45:00,15.04,15.04,15.01,15.02,72000,1082137.0
000026.SZ,2026-03-13 14:46:00,15.02,15.03,15.02,15.03,40800,612684.0
000026.SZ,2026-03-13 14:47:00,15.03,15.03,15.02,15.02,24900,374046.0
000026.SZ,2026-03-13 14:48:00,15.03,15.03,15.02,15.03,9900,148750.0
000026.SZ,2026-03-13 14:49:00,15.03,15.03,15.02,15.02,32900,494183.0
000026.SZ,2026-03-13 14:50:00,15.02,15.03,15.01,15.02,25000,375486.0
000026.SZ,2026-03-13 14:51:00,15.02,15.04,15.02,15.04,36700,551530.0
000026.SZ,2026-03-13 14:52:00,15.03,15.05,15.03,15.05,34500,519130.0
000026.SZ,2026-03-13 14:53:00,15.04,15.05,15.04,15.05,34776,523244.03
000026.SZ,2026-03-13 14:54:00,15.04,15.06,15.04,15.06,22800,343194.0
000026.SZ,2026-03-13 14:55:00,15.06,15.06,15.04,15.05,35200,529745.0
000026.SZ,2026-03-13 14:56:00,15.05,15.07,15.05,15.06,17500,263523.0
000026.SZ,2026-03-13 14:57:00,15.06,15.23,15.05,15.08,70300,1061865.0
000026.SZ,2026-03-13 14:58:00,15.08,15.08,15.08,15.08,0,0.0
000026.SZ,2026-03-13 14:59:00,15.08,15.08,15.08,15.08,0,0.0
000026.SZ,2026-03-13 15:00:00,15.1,15.1,15.1,15.1,79100,1194410.0
000026.SZ,2026-03-16 09:30:00,14.95,14.95,14.95,14.95,19000,284050.0
000026.SZ,2026-03-16 09:31:00,14.95,14.97,14.9,14.91,258600,3862610.0
000026.SZ,2026-03-16 09:32:00,14.9,14.93,14.85,14.93,182200,2712305.0
000026.SZ,2026-03-16 09:33:00,14.91,15.01,14.9,14.99,81100,1213799.0
000026.SZ,2026-03-16 09:34:00,14.97,14.97,14.89,14.89,49800,742872.0
000026.SZ,2026-03-16 09:35:00,14.89,14.91,14.86,14.88,104800,1559596.0
000026.SZ,2026-03-16 09:36:00,14.91,14.91,14.86,14.89,65800,978764.0
000026.SZ,2026-03-16 09:37:00,14.88,14.91,14.87,14.91,36700,546372.0
000026.SZ,2026-03-16 09:38:00,14.89,14.91,14.89,14.91,8000,119239.0
000026.SZ,2026-03-16 09:39:00,14.91,14.92,14.84,14.84,89300,1328003.0
000026.SZ,2026-03-16 09:40:00,14.82,14.85,14.79,14.85,106200,1572857.0
000026.SZ,2026-03-16 09:41:00,14.84,14.84,14.69,14.71,215400,3181157.0
000026.SZ,2026-03-16 09:42:00,14.7,14.7,14.58,14.63,223900,3278528.0
000026.SZ,2026-03-16 09:43:00,14.6,14.62,14.49,14.49,283600,4132693.0
000026.SZ,2026-03-16 09:44:00,14.5,14.55,14.45,14.53,225400,3269137.0
000026.SZ,2026-03-16 09:45:00,14.55,14.55,14.49,14.5,146300,2124955.0
000026.SZ,2026-03-16 09:46:00,14.51,14.51,14.46,14.46,133700,1935815.0
000026.SZ,2026-03-16 09:47:00,14.46,14.49,14.43,14.48,164800,2382789.0
000026.SZ,2026-03-16 09:48:00,14.46,14.49,14.45,14.48,128900,1863869.0
000026.SZ,2026-03-16 09:49:00,14.49,14.63,14.48,14.58,172100,2504580.0
000026.SZ,2026-03-16 09:50:00,14.57,14.57,14.51,14.55,136700,1986553.0
000026.SZ,2026-03-16 09:51:00,14.55,14.56,14.51,14.51,111300,1617238.0
000026.SZ,2026-03-16 09:52:00,14.48,14.48,14.41,14.43,242800,3513836.0
000026.SZ,2026-03-16 09:53:00,14.41,14.44,14.41,14.43,85200,1229355.0
000026.SZ,2026-03-16 09:54:00,14.43,14.45,14.36,14.37,255400,3679835.0
000026.SZ,2026-03-16 09:55:00,14.36,14.38,14.32,14.35,141600,2031059.0
000026.SZ,2026-03-16 09:56:00,14.35,14.36,14.31,14.31,90800,1301625.0
000026.SZ,2026-03-16 09:57:00,14.31,14.31,14.26,14.27,137400,1963164.0
000026.SZ,2026-03-16 09:58:00,14.27,14.27,14.25,14.27,77300,1102391.0
000026.SZ,2026-03-16 09:59:00,14.25,14.31,14.25,14.3,77700,1110401.0
000026.SZ,2026-03-16 10:00:00,14.38,14.4,14.32,14.38,53300,764825.0
000026.SZ,2026-03-16 10:01:00,14.34,14.42,14.34,14.36,71600,1031661.0
000026.SZ,2026-03-16 10:02:00,14.36,14.37,14.35,14.35,59800,859105.0
000026.SZ,2026-03-16 10:03:00,14.34,14.36,14.31,14.31,221700,3176229.0
000026.SZ,2026-03-16 10:04:00,14.3,14.31,14.29,14.29,136400,1950919.0
000026.SZ,2026-03-16 10:05:00,14.29,14.31,14.29,14.3,75600,1081001.0
000026.SZ,2026-03-16 10:06:00,14.3,14.3,14.24,14.24,161000,2296818.0
000026.SZ,2026-03-16 10:07:00,14.24,14.24,14.23,14.24,57400,817314.0
000026.SZ,2026-03-16 10:08:00,14.24,14.25,14.23,14.24,82900,1180418.0
000026.SZ,2026-03-16 10:09:00,14.23,14.24,14.22,14.22,100900,1436280.0
000026.SZ,2026-03-16 10:10:00,14.22,14.25,14.18,14.22,267900,3808657.0
000026.SZ,2026-03-16 10:11:00,14.24,14.28,14.23,14.26,56400,805323.0
000026.SZ,2026-03-16 10:12:00,14.24,14.28,14.24,14.24,21700,309247.0
000026.SZ,2026-03-16 10:13:00,14.25,14.25,14.22,14.22,26200,372928.0
000026.SZ,2026-03-16 10:14:00,14.22,14.23,14.22,14.22,37500,533444.0
000026.SZ,2026-03-16 10:15:00,14.23,14.27,14.23,14.25,45300,645920.0
000026.SZ,2026-03-16 10:16:00,14.25,14.29,14.25,14.29,37500,535448.0
000026.SZ,2026-03-16 10:17:00,14.3,14.3,14.26,14.27,61800,882525.0
000026.SZ,2026-03-16 10:18:00,14.27,14.3,14.26,14.3,37800,539548.0
000026.SZ,2026-03-16 10:19:00,14.33,14.35,14.3,14.33,58400,836734.0
000026.SZ,2026-03-16 10:20:00,14.3,14.33,14.29,14.3,38100,545150.0
000026.SZ,2026-03-16 10:21:00,14.3,14.32,14.3,14.32,36400,520563.0
000026.SZ,2026-03-16 10:22:00,14.32,14.33,14.3,14.3,38900,556764.0
000026.SZ,2026-03-16 10:23:00,14.3,14.3,14.29,14.3,20600,294579.0
000026.SZ,2026-03-16 10:24:00,14.3,14.3,14.26,14.27,57200,816981.0
000026.SZ,2026-03-16 10:25:00,14.27,14.27,14.23,14.25,197400,2810115.0
000026.SZ,2026-03-16 10:26:00,14.25,14.26,14.24,14.25,12600,179604.0
000026.SZ,2026-03-16 10:27:00,14.25,14.28,14.25,14.26,17200,245360.0
000026.SZ,2026-03-16 10:28:00,14.25,14.27,14.24,14.25,27300,389184.0
000026.SZ,2026-03-16 10:29:00,14.28,14.28,14.25,14.27,24200,344954.0
000026.SZ,2026-03-16 10:30:00,14.28,14.28,14.26,14.28,3500,49960.0
000026.SZ,2026-03-16 10:31:00,14.28,14.29,14.26,14.27,21600,308372.0
000026.SZ,2026-03-16 10:32:00,14.29,14.31,14.28,14.28,30900,441769.0
000026.SZ,2026-03-16 10:33:00,14.28,14.33,14.28,14.3,23300,333337.0
000026.SZ,2026-03-16 10:34:00,14.3,14.32,14.29,14.3,40500,579562.0
000026.SZ,2026-03-16 10:35:00,14.31,14.31,14.3,14.3,900,12877.0
000026.SZ,2026-03-16 10:36:00,14.31,14.31,14.3,14.3,8400,120127.0
000026.SZ,2026-03-16 10:37:00,14.29,14.29,14.26,14.26,17600,251330.0
000026.SZ,2026-03-16 10:38:00,14.27,14.29,14.27,14.29,8800,125651.0
000026.SZ,2026-03-16 10:39:00,14.29,14.29,14.27,14.29,14800,211316.0
000026.SZ,2026-03-16 10:40:00,14.29,14.29,14.27,14.28,3600,51415.0
000026.SZ,2026-03-16 10:41:00,14.29,14.29,14.28,14.29,6000,85721.0
000026.SZ,2026-03-16 10:42:00,14.3,14.3,14.29,14.29,6100,87191.0
000026.SZ,2026-03-16 10:43:00,14.3,14.3,14.29,14.3,5600,80069.0
000026.SZ,2026-03-16 10:44:00,14.3,14.3,14.28,14.28,21100,301552.0
000026.SZ,2026-03-16 10:45:00,14.28,14.29,14.28,14.29,11500,164271.0
000026.SZ,2026-03-16 10:46:00,14.3,14.3,14.26,14.27,23700,338536.0
000026.SZ,2026-03-16 10:47:00,14.27,14.28,14.27,14.27,6000,85631.0
000026.SZ,2026-03-16 10:48:00,14.26,14.27,14.26,14.26,34700,495062.0
000026.SZ,2026-03-16 10:49:00,14.27,14.3,14.27,14.28,15000,214120.0
000026.SZ,2026-03-16 10:50:00,14.29,14.3,14.28,14.29,4400,62883.0
000026.SZ,2026-03-16 10:51:00,14.28,14.29,14.28,14.29,3200,45698.0
000026.SZ,2026-03-16 10:52:00,14.29,14.29,14.28,14.28,14000,200055.0
000026.SZ,2026-03-16 10:53:00,14.28,14.28,14.27,14.28,7700,109926.0
000026.SZ,2026-03-16 10:54:00,14.28,14.28,14.25,14.25,44100,628685.0
000026.SZ,2026-03-16 10:55:00,14.27,14.27,14.27,14.27,1000,14270.0
000026.SZ,2026-03-16 10:56:00,14.28,14.28,14.26,14.26,6600,94182.0
000026.SZ,2026-03-16 10:57:00,14.27,14.27,14.26,14.26,2700,38525.0
000026.SZ,2026-03-16 10:58:00,14.26,14.26,14.25,14.25,34600,493414.0
000026.SZ,2026-03-16 10:59:00,14.27,14.28,14.27,14.28,1900,27115.0
000026.SZ,2026-03-16 11:00:00,14.25,14.27,14.25,14.26,13800,196756.0
000026.SZ,2026-03-16 11:01:00,14.26,14.27,14.26,14.26,10700,152672.0
000026.SZ,2026-03-16 11:02:00,14.25,14.25,14.25,14.25,500,7125.0
000026.SZ,2026-03-16 11:03:00,14.26,14.27,14.25,14.27,19600,279536.0
000026.SZ,2026-03-16 11:04:00,14.27,14.27,14.25,14.25,4700,66989.0
000026.SZ,2026-03-16 11:05:00,14.27,14.27,14.25,14.26,13300,189656.0
000026.SZ,2026-03-16 11:06:00,14.26,14.26,14.25,14.25,10600,151100.0
000026.SZ,2026-03-16 11:07:00,14.25,14.26,14.25,14.26,12900,183896.0
000026.SZ,2026-03-16 11:08:00,14.27,14.27,14.26,14.26,1200,17116.0
000026.SZ,2026-03-16 11:09:00,14.26,14.27,14.26,14.27,9000,128415.0
000026.SZ,2026-03-16 11:10:00,14.26,14.26,14.24,14.24,36300,517321.0
000026.SZ,2026-03-16 11:11:00,14.25,14.25,14.25,14.25,2900,41325.0
000026.SZ,2026-03-16 11:12:00,14.25,14.26,14.25,14.26,9900,141119.0
000026.SZ,2026-03-16 11:13:00,14.26,14.27,14.26,14.27,4700,67043.0
000026.SZ,2026-03-16 11:14:00,14.27,14.27,14.26,14.27,3700,52774.0
000026.SZ,2026-03-16 11:15:00,14.26,14.27,14.25,14.25,4800,68440.0
000026.SZ,2026-03-16 11:16:00,14.26,14.26,14.25,14.26,6200,88357.0
000026.SZ,2026-03-16 11:17:00,14.26,14.26,14.26,14.26,3300,47058.0
000026.SZ,2026-03-16 11:18:00,14.27,14.27,14.26,14.26,800,11415.0
000026.SZ,2026-03-16 11:19:00,14.26,14.27,14.25,14.27,7100,101283.0
000026.SZ,2026-03-16 11:20:00,14.28,14.29,14.26,14.26,9000,128521.0
000026.SZ,2026-03-16 11:21:00,14.28,14.28,14.26,14.26,7600,108436.0
000026.SZ,2026-03-16 11:22:00,14.26,14.26,14.25,14.26,2800,39926.0
000026.SZ,2026-03-16 11:23:00,14.26,14.27,14.26,14.27,3800,54222.0
000026.SZ,2026-03-16 11:24:00,14.28,14.28,14.28,14.28,700,9996.0
000026.SZ,2026-03-16 11:25:00,14.28,14.29,14.28,14.29,2900,41422.0
000026.SZ,2026-03-16 11:26:00,14.29,14.3,14.28,14.28,23900,341528.0
000026.SZ,2026-03-16 11:27:00,14.29,14.3,14.29,14.3,6600,94363.0
000026.SZ,2026-03-16 11:28:00,14.29,14.3,14.28,14.3,7000,100048.0
000026.SZ,2026-03-16 11:29:00,14.3,14.3,14.28,14.28,4400,62878.0
000026.SZ,2026-03-16 11:30:00,14.29,14.3,14.29,14.3,8300,118614.0
000026.SZ,2026-03-16 13:01:00,14.3,14.33,14.3,14.32,48300,690615.0
000026.SZ,2026-03-16 13:02:00,14.35,14.36,14.32,14.36,25800,370202.0
000026.SZ,2026-03-16 13:03:00,14.36,14.36,14.35,14.35,15000,215335.0
000026.SZ,2026-03-16 13:04:00,14.37,14.38,14.37,14.37,10300,148025.0
000026.SZ,2026-03-16 13:05:00,14.38,14.4,14.38,14.4,17700,254680.0
000026.SZ,2026-03-16 13:06:00,14.39,14.39,14.37,14.37,22200,319257.0
000026.SZ,2026-03-16 13:07:00,14.39,14.39,14.37,14.38,7600,109293.0
000026.SZ,2026-03-16 13:08:00,14.39,14.4,14.38,14.38,16400,236047.0
000026.SZ,2026-03-16 13:09:00,14.38,14.38,14.37,14.37,7800,112161.0
000026.SZ,2026-03-16 13:10:00,14.37,14.38,14.35,14.35,14000,201173.0
000026.SZ,2026-03-16 13:11:00,14.35,14.36,14.33,14.35,12500,179361.0
000026.SZ,2026-03-16 13:12:00,14.36,14.36,14.35,14.35,7800,111941.0
000026.SZ,2026-03-16 13:13:00,14.35,14.37,14.35,14.37,4500,64623.0
000026.SZ,2026-03-16 13:14:00,14.39,14.4,14.39,14.4,5700,82024.0
000026.SZ,2026-03-16 13:15:00,14.4,14.4,14.38,14.38,8700,125209.0
000026.SZ,2026-03-16 13:16:00,14.38,14.38,14.37,14.38,23200,333814.0
000026.SZ,2026-03-16 13:17:00,14.37,14.39,14.37,14.38,6700,96311.0
000026.SZ,2026-03-16 13:18:00,14.38,14.4,14.37,14.4,22000,316489.0
000026.SZ,2026-03-16 13:19:00,14.38,14.4,14.38,14.4,9000,129581.0
000026.SZ,2026-03-16 13:20:00,14.4,14.42,14.4,14.42,13900,200232.0
000026.SZ,2026-03-16 13:21:00,14.4,14.41,14.4,14.4,2500,36022.0
000026.SZ,2026-03-16 13:22:00,14.4,14.4,14.38,14.38,42900,617736.0
000026.SZ,2026-03-16 13:23:00,14.4,14.41,14.4,14.41,5700,82088.0
000026.SZ,2026-03-16 13:24:00,14.4,14.42,14.4,14.41,2800,40351.0
000026.SZ,2026-03-16 13:25:00,14.42,14.42,14.42,14.42,9300,134106.0
000026.SZ,2026-03-16 13:26:00,14.42,14.42,14.42,14.42,14000,201841.0
000026.SZ,2026-03-16 13:27:00,14.42,14.42,14.39,14.41,38300,551977.0
000026.SZ,2026-03-16 13:28:00,14.42,14.42,14.41,14.41,10400,149943.0
000026.SZ,2026-03-16 13:29:00,14.42,14.43,14.41,14.42,20000,288477.0
000026.SZ,2026-03-16 13:30:00,14.44,14.48,14.42,14.47,55830,806862.9
000026.SZ,2026-03-16 13:31:00,14.46,14.46,14.44,14.45,6100,88187.0
000026.SZ,2026-03-16 13:32:00,14.45,14.45,14.44,14.44,3900,56349.0
000026.SZ,2026-03-16 13:33:00,14.45,14.45,14.43,14.43,9500,137152.0
000026.SZ,2026-03-16 13:34:00,14.42,14.42,14.41,14.42,26000,374857.0
000026.SZ,2026-03-16 13:35:00,14.42,14.43,14.42,14.43,16000,230764.0
000026.SZ,2026-03-16 13:36:00,14.43,14.44,14.43,14.44,3500,50506.0
000026.SZ,2026-03-16 13:37:00,14.44,14.44,14.43,14.44,6300,90965.0
000026.SZ,2026-03-16 13:38:00,14.44,14.44,14.44,14.44,3600,51985.0
000026.SZ,2026-03-16 13:39:00,14.44,14.44,14.42,14.42,5500,79375.0
000026.SZ,2026-03-16 13:40:00,14.42,14.43,14.42,14.43,400,5771.0
000026.SZ,2026-03-16 13:41:00,14.43,14.45,14.43,14.45,14800,213733.0
000026.SZ,2026-03-16 13:42:00,14.45,14.45,14.45,14.45,1600,23120.0
000026.SZ,2026-03-16 13:43:00,14.46,14.48,14.46,14.47,24200,350218.0
000026.SZ,2026-03-16 13:44:00,14.55,14.58,14.48,14.52,76300,1108829.0
000026.SZ,2026-03-16 13:45:00,14.54,14.54,14.52,14.53,11000,159799.0
000026.SZ,2026-03-16 13:46:00,14.51,14.51,14.5,14.5,3500,50793.0
000026.SZ,2026-03-16 13:47:00,14.51,14.51,14.49,14.49,19000,275504.0
000026.SZ,2026-03-16 13:48:00,14.48,14.48,14.47,14.48,2100,30406.0
000026.SZ,2026-03-16 13:49:00,14.49,14.49,14.47,14.48,3800,55044.0
000026.SZ,2026-03-16 13:50:00,14.48,14.48,14.47,14.47,5900,85407.0
000026.SZ,2026-03-16 13:51:00,14.47,14.47,14.46,14.47,1000,14465.0
000026.SZ,2026-03-16 13:52:00,14.46,14.47,14.45,14.46,8300,120082.0
000026.SZ,2026-03-16 13:53:00,14.46,14.47,14.46,14.47,1400,20253.0
000026.SZ,2026-03-16 13:54:00,14.47,14.48,14.46,14.48,10700,154801.0
000026.SZ,2026-03-16 13:55:00,14.48,14.48,14.47,14.47,800,11580.0
000026.SZ,2026-03-16 13:56:00,14.48,14.48,14.48,14.48,3800,55024.0
000026.SZ,2026-03-16 13:57:00,14.49,14.49,14.48,14.49,14100,204530.0
000026.SZ,2026-03-16 13:58:00,14.49,14.5,14.49,14.49,2400,34779.0
000026.SZ,2026-03-16 13:59:00,14.49,14.49,14.47,14.49,4800,69550.0
000026.SZ,2026-03-16 14:00:00,14.49,14.49,14.48,14.48,4200,60829.0
000026.SZ,2026-03-16 14:01:00,14.49,14.49,14.47,14.47,10700,154934.0
000026.SZ,2026-03-16 14:02:00,14.48,14.49,14.47,14.47,21700,314231.0
000026.SZ,2026-03-16 14:03:00,14.48,14.55,14.48,14.55,116400,1691761.0
000026.SZ,2026-03-16 14:04:00,14.57,14.57,14.53,14.53,55200,803088.0
000026.SZ,2026-03-16 14:05:00,14.53,14.54,14.52,14.52,2200,31977.0
000026.SZ,2026-03-16 14:06:00,14.52,14.52,14.51,14.52,3100,44994.0
000026.SZ,2026-03-16 14:07:00,14.52,14.52,14.5,14.5,21700,314938.0
000026.SZ,2026-03-16 14:08:00,14.5,14.52,14.5,14.52,13800,200158.0
000026.SZ,2026-03-16 14:09:00,14.51,14.51,14.51,14.51,5800,84158.0
000026.SZ,2026-03-16 14:10:00,14.52,14.55,14.51,14.55,31600,458797.0
000026.SZ,2026-03-16 14:11:00,14.51,14.59,14.51,14.58,63200,920490.0
000026.SZ,2026-03-16 14:12:00,14.59,14.59,14.56,14.59,28900,421399.0
000026.SZ,2026-03-16 14:13:00,14.58,14.59,14.58,14.58,12700,185217.0
000026.SZ,2026-03-16 14:14:00,14.58,14.58,14.57,14.58,4100,59777.0
000026.SZ,2026-03-16 14:15:00,14.58,14.58,14.55,14.55,3000,43729.0
000026.SZ,2026-03-16 14:16:00,14.55,14.58,14.55,14.55,8100,117894.0
000026.SZ,2026-03-16 14:17:00,14.55,14.58,14.55,14.57,3900,56828.0
000026.SZ,2026-03-16 14:18:00,14.56,14.58,14.56,14.58,27800,405100.0
000026.SZ,2026-03-16 14:19:00,14.57,14.58,14.57,14.58,7200,104966.0
000026.SZ,2026-03-16 14:20:00,14.58,14.58,14.57,14.57,5000,72865.0
000026.SZ,2026-03-16 14:21:00,14.57,14.57,14.57,14.57,4200,61190.0
000026.SZ,2026-03-16 14:22:00,14.56,14.57,14.56,14.56,2000,29135.0
000026.SZ,2026-03-16 14:23:00,14.57,14.57,14.55,14.57,9000,131041.0
000026.SZ,2026-03-16 14:24:00,14.56,14.56,14.56,14.56,2300,33488.0
000026.SZ,2026-03-16 14:25:00,14.56,14.56,14.56,14.56,7800,113568.0
000026.SZ,2026-03-16 14:26:00,14.57,14.57,14.56,14.56,2500,36412.0
000026.SZ,2026-03-16 14:27:00,14.57,14.57,14.56,14.57,2400,34961.0
000026.SZ,2026-03-16 14:28:00,14.56,14.56,14.56,14.56,2800,40768.0
000026.SZ,2026-03-16 14:29:00,14.57,14.57,14.55,14.56,8900,129594.0
000026.SZ,2026-03-16 14:30:00,14.55,14.56,14.55,14.55,6700,97505.0
000026.SZ,2026-03-16 14:31:00,14.55,14.56,14.54,14.55,6500,94589.0
000026.SZ,2026-03-16 14:32:00,14.55,14.55,14.54,14.54,4300,62527.0
000026.SZ,2026-03-16 14:33:00,14.54,14.55,14.54,14.54,9000,130914.0
000026.SZ,2026-03-16 14:34:00,14.54,14.54,14.54,14.54,9700,141038.0
000026.SZ,2026-03-16 14:35:00,14.55,14.55,14.54,14.54,1600,23272.0
000026.SZ,2026-03-16 14:36:00,14.53,14.53,14.53,14.53,18400,267498.0
000026.SZ,2026-03-16 14:37:00,14.53,14.53,14.51,14.51,21300,309442.0
000026.SZ,2026-03-16 14:38:00,14.51,14.52,14.51,14.52,3400,49345.0
000026.SZ,2026-03-16 14:39:00,14.51,14.51,14.51,14.51,2100,30472.0
000026.SZ,2026-03-16 14:40:00,14.51,14.52,14.5,14.5,4300,62392.0
000026.SZ,2026-03-16 14:41:00,14.5,14.51,14.5,14.5,6900,100057.0
000026.SZ,2026-03-16 14:42:00,14.5,14.51,14.49,14.5,39700,575600.0
000026.SZ,2026-03-16 14:43:00,14.5,14.51,14.5,14.5,19100,276977.0
000026.SZ,2026-03-16 14:44:00,14.51,14.52,14.49,14.49,18700,271220.0
000026.SZ,2026-03-16 14:45:00,14.5,14.51,14.5,14.5,3700,53657.0
000026.SZ,2026-03-16 14:46:00,14.5,14.52,14.5,14.51,20300,294424.0
000026.SZ,2026-03-16 14:47:00,14.52,14.52,14.51,14.51,6300,91418.0
000026.SZ,2026-03-16 14:48:00,14.52,14.52,14.5,14.5,29500,427812.0
000026.SZ,2026-03-16 14:49:00,14.51,14.51,14.5,14.5,19700,285687.0
000026.SZ,2026-03-16 14:50:00,14.5,14.5,14.49,14.5,20200,292861.0
000026.SZ,2026-03-16 14:51:00,14.51,14.51,14.49,14.49,7000,101521.0
000026.SZ,2026-03-16 14:52:00,14.49,14.49,14.43,14.44,171500,2482241.0
000026.SZ,2026-03-16 14:53:00,14.44,14.55,14.43,14.49,104077,1507808.1
000026.SZ,2026-03-16 14:54:00,14.49,14.55,14.49,14.52,58200,845586.0
000026.SZ,2026-03-16 14:55:00,14.52,14.56,14.51,14.53,27600,401476.0
000026.SZ,2026-03-16 14:56:00,14.57,14.57,14.5,14.57,29500,429231.0
000026.SZ,2026-03-16 14:57:00,14.55,14.57,14.53,14.56,32300,470395.0
000026.SZ,2026-03-16 14:58:00,14.56,14.56,14.56,14.56,0,0.0
000026.SZ,2026-03-16 14:59:00,14.56,14.56,14.56,14.56,0,0.0
000026.SZ,2026-03-16 15:00:00,14.56,14.56,14.56,14.56,36000,524160.0
000026.SZ,2026-03-17 09:30:00,14.63,14.63,14.63,14.63,55100,806113.0
000026.SZ,2026-03-17 09:31:00,14.56,14.56,14.45,14.52,54100,785961.0
000026.SZ,2026-03-17 09:32:00,14.54,14.55,14.5,14.51,30200,438354.0
000026.SZ,2026-03-17 09:33:00,14.5,14.51,14.48,14.48,18500,268270.0
000026.SZ,2026-03-17 09:34:00,14.49,14.49,14.46,14.48,36400,526899.0
000026.SZ,2026-03-17 09:35:00,14.49,14.49,14.46,14.47,55100,797060.0
000026.SZ,2026-03-17 09:36:00,14.47,14.5,14.46,14.47,25000,361802.0
000026.SZ,2026-03-17 09:37:00,14.47,14.51,14.47,14.47,38600,559284.0
000026.SZ,2026-03-17 09:38:00,14.47,14.48,14.44,14.45,30100,435390.0
000026.SZ,2026-03-17 09:39:00,14.45,14.45,14.43,14.43,18300,264260.0
000026.SZ,2026-03-17 09:40:00,14.46,14.47,14.44,14.47,37600,543349.0
000026.SZ,2026-03-17 09:41:00,14.45,14.48,14.45,14.46,11600,167693.0
000026.SZ,2026-03-17 09:42:00,14.45,14.46,14.44,14.45,24400,352571.0
000026.SZ,2026-03-17 09:43:00,14.45,14.47,14.44,14.47,26600,384302.0
000026.SZ,2026-03-17 09:44:00,14.47,14.47,14.43,14.43,42200,609413.0
000026.SZ,2026-03-17 09:45:00,14.44,14.44,14.42,14.43,32200,464425.0
000026.SZ,2026-03-17 09:46:00,14.42,14.44,14.42,14.44,22400,323177.0
000026.SZ,2026-03-17 09:47:00,14.44,14.44,14.42,14.44,13500,194886.0
000026.SZ,2026-03-17 09:48:00,14.43,14.44,14.43,14.44,22200,320356.0
000026.SZ,2026-03-17 09:49:00,14.43,14.45,14.43,14.45,59900,864274.0
000026.SZ,2026-03-17 09:50:00,14.45,14.46,14.45,14.45,15800,228428.0
000026.SZ,2026-03-17 09:51:00,14.44,14.45,14.44,14.44,9700,140151.0
000026.SZ,2026-03-17 09:52:00,14.45,14.5,14.45,14.5,17400,251895.0
000026.SZ,2026-03-17 09:53:00,14.5,14.5,14.48,14.49,13400,194221.0
000026.SZ,2026-03-17 09:54:00,14.49,14.53,14.49,14.53,13000,188604.0
000026.SZ,2026-03-17 09:55:00,14.53,14.53,14.52,14.52,12000,174271.0
000026.SZ,2026-03-17 09:56:00,14.52,14.52,14.51,14.52,2300,33392.0
000026.SZ,2026-03-17 09:57:00,14.52,14.52,14.5,14.5,16500,239339.0
000026.SZ,2026-03-17 09:58:00,14.5,14.53,14.49,14.51,50900,738142.0
000026.SZ,2026-03-17 09:59:00,14.5,14.52,14.5,14.52,3400,49306.0
000026.SZ,2026-03-17 10:00:00,14.53,14.58,14.53,14.56,64800,942936.0
000026.SZ,2026-03-17 10:01:00,14.56,14.6,14.55,14.6,21200,308981.0
000026.SZ,2026-03-17 10:02:00,14.61,14.61,14.59,14.59,52300,763743.0
000026.SZ,2026-03-17 10:03:00,14.58,14.59,14.58,14.58,8900,129777.0
000026.SZ,2026-03-17 10:04:00,14.58,14.58,14.56,14.56,17300,252076.0
000026.SZ,2026-03-17 10:05:00,14.56,14.56,14.55,14.55,15200,221227.0
000026.SZ,2026-03-17 10:06:00,14.56,14.56,14.55,14.56,6500,94636.0
000026.SZ,2026-03-17 10:07:00,14.56,14.57,14.56,14.57,32500,473331.0
000026.SZ,2026-03-17 10:08:00,14.57,14.57,14.57,14.57,19800,288486.0
000026.SZ,2026-03-17 10:09:00,14.57,14.57,14.56,14.56,22400,326222.0
000026.SZ,2026-03-17 10:10:00,14.56,14.57,14.56,14.56,12100,176216.0
000026.SZ,2026-03-17 10:11:00,14.56,14.56,14.55,14.56,7700,112104.0
000026.SZ,2026-03-17 10:12:00,14.56,14.56,14.55,14.55,1400,20383.0
000026.SZ,2026-03-17 10:13:00,14.55,14.56,14.55,14.56,12800,186299.0
000026.SZ,2026-03-17 10:14:00,14.57,14.58,14.55,14.58,88200,1284316.0
000026.SZ,2026-03-17 10:15:00,14.58,14.58,14.56,14.56,20800,302854.0
000026.SZ,2026-03-17 10:16:00,14.56,14.57,14.55,14.55,5100,74271.0
000026.SZ,2026-03-17 10:17:00,14.57,14.57,14.55,14.57,1000,14566.0
000026.SZ,2026-03-17 10:18:00,14.56,14.56,14.55,14.56,2500,36389.0
000026.SZ,2026-03-17 10:19:00,14.56,14.56,14.53,14.56,34700,504849.0
000026.SZ,2026-03-17 10:20:00,14.54,14.56,14.54,14.55,5500,79995.0
000026.SZ,2026-03-17 10:21:00,14.56,14.56,14.56,14.56,4800,69887.0
000026.SZ,2026-03-17 10:22:00,14.56,14.56,14.54,14.55,10900,158607.0
000026.SZ,2026-03-17 10:23:00,14.54,14.55,14.54,14.55,5100,74189.0
000026.SZ,2026-03-17 10:24:00,14.55,14.55,14.54,14.55,17300,251696.0
000026.SZ,2026-03-17 10:25:00,14.56,14.57,14.56,14.57,19200,279564.0
000026.SZ,2026-03-17 10:26:00,14.57,14.57,14.56,14.56,700,10193.0
000026.SZ,2026-03-17 10:27:00,14.56,14.56,14.56,14.56,3600,52416.0
000026.SZ,2026-03-17 10:28:00,14.56,14.56,14.56,14.56,2800,40763.0
000026.SZ,2026-03-17 10:29:00,14.56,14.56,14.55,14.56,3400,49503.0
000026.SZ,2026-03-17 10:30:00,14.56,14.56,14.55,14.56,3400,49499.0
000026.SZ,2026-03-17 10:31:00,14.55,14.57,14.55,14.56,26800,390215.0
000026.SZ,2026-03-17 10:32:00,14.57,14.57,14.56,14.56,20600,300135.0
000026.SZ,2026-03-17 10:33:00,14.57,14.57,14.57,14.57,9200,134044.0
000026.SZ,2026-03-17 10:34:00,14.57,14.57,14.56,14.57,7700,112184.0
000026.SZ,2026-03-17 10:35:00,14.57,14.57,14.57,14.57,1000,14570.0
000026.SZ,2026-03-17 10:36:00,14.56,14.57,14.55,14.56,24600,358109.0
000026.SZ,2026-03-17 10:37:00,14.55,14.56,14.54,14.54,12200,177441.0
000026.SZ,2026-03-17 10:38:00,14.54,14.54,14.53,14.54,12100,175832.0
000026.SZ,2026-03-17 10:39:00,14.53,14.54,14.53,14.53,2000,29061.0
000026.SZ,2026-03-17 10:40:00,14.53,14.53,14.52,14.53,1300,18886.0
000026.SZ,2026-03-17 10:41:00,14.53,14.53,14.52,14.53,400,5810.0
000026.SZ,2026-03-17 10:42:00,14.53,14.53,14.52,14.52,1400,20332.0
000026.SZ,2026-03-17 10:43:00,14.52,14.53,14.52,14.53,7100,103093.0
000026.SZ,2026-03-17 10:44:00,14.52,14.53,14.52,14.53,4400,63897.0
000026.SZ,2026-03-17 10:45:00,14.53,14.53,14.53,14.53,1800,26154.0
000026.SZ,2026-03-17 10:46:00,14.52,14.52,14.5,14.51,38700,561358.0
000026.SZ,2026-03-17 10:47:00,14.51,14.56,14.51,14.56,32200,468136.0
000026.SZ,2026-03-17 10:48:00,14.57,14.57,14.54,14.55,53300,776470.0
000026.SZ,2026-03-17 10:49:00,14.55,14.55,14.53,14.54,600,8723.0
000026.SZ,2026-03-17 10:50:00,14.55,14.55,14.55,14.55,100,1455.0
000026.SZ,2026-03-17 10:51:00,14.52,14.55,14.52,14.54,6400,93075.0
000026.SZ,2026-03-17 10:52:00,14.53,14.54,14.53,14.54,3700,53790.0
000026.SZ,2026-03-17 10:53:00,14.54,14.54,14.52,14.53,2000,29070.0
000026.SZ,2026-03-17 10:54:00,14.52,14.52,14.51,14.52,10100,146650.0
000026.SZ,2026-03-17 10:55:00,14.51,14.51,14.51,14.51,3800,55138.0
000026.SZ,2026-03-17 10:56:00,14.51,14.51,14.5,14.51,2100,30461.0
000026.SZ,2026-03-17 10:57:00,14.51,14.51,14.5,14.51,5000,72503.0
000026.SZ,2026-03-17 10:58:00,14.5,14.52,14.5,14.52,2800,40630.0
000026.SZ,2026-03-17 10:59:00,14.51,14.51,14.51,14.51,4800,69648.0
000026.SZ,2026-03-17 11:00:00,14.51,14.51,14.5,14.5,9800,142182.0
000026.SZ,2026-03-17 11:01:00,14.5,14.5,14.49,14.49,25200,365277.0
000026.SZ,2026-03-17 11:02:00,14.49,14.49,14.49,14.49,2400,34776.0
000026.SZ,2026-03-17 11:03:00,14.49,14.49,14.49,14.49,5200,75348.0
000026.SZ,2026-03-17 11:04:00,14.49,14.5,14.49,14.49,3000,43485.0
000026.SZ,2026-03-17 11:05:00,14.49,14.49,14.49,14.49,1800,26082.0
000026.SZ,2026-03-17 11:06:00,14.49,14.49,14.48,14.48,9500,137598.0
000026.SZ,2026-03-17 11:07:00,14.49,14.49,14.48,14.48,8500,123106.0
000026.SZ,2026-03-17 11:08:00,14.48,14.48,14.47,14.48,14200,205599.0
000026.SZ,2026-03-17 11:09:00,14.48,14.48,14.47,14.47,5900,85375.0
000026.SZ,2026-03-17 11:10:00,14.47,14.47,14.47,14.47,0,0.0
000026.SZ,2026-03-17 11:11:00,14.47,14.47,14.47,14.47,200,2894.0
000026.SZ,2026-03-17 11:12:00,14.47,14.47,14.46,14.46,2300,33277.0
000026.SZ,2026-03-17 11:13:00,14.47,14.49,14.47,14.47,6400,92664.0
000026.SZ,2026-03-17 11:14:00,14.48,14.49,14.47,14.49,4400,63686.0
000026.SZ,2026-03-17 11:15:00,14.49,14.49,14.47,14.47,2800,40541.0
000026.SZ,2026-03-17 11:16:00,14.47,14.48,14.47,14.47,1700,24606.0
000026.SZ,2026-03-17 11:17:00,14.48,14.48,14.48,14.48,1000,14480.0
000026.SZ,2026-03-17 11:18:00,14.49,14.49,14.49,14.49,200,2898.0
000026.SZ,2026-03-17 11:19:00,14.48,14.49,14.48,14.49,700,10141.0
000026.SZ,2026-03-17 11:20:00,14.49,14.49,14.48,14.48,1100,15933.0
000026.SZ,2026-03-17 11:21:00,14.49,14.49,14.49,14.49,1100,15939.0
000026.SZ,2026-03-17 11:22:00,14.48,14.49,14.47,14.47,6000,86880.0
000026.SZ,2026-03-17 11:23:00,14.47,14.47,14.47,14.47,700,10129.0
000026.SZ,2026-03-17 11:24:00,14.47,14.48,14.47,14.48,7700,111420.0
000026.SZ,2026-03-17 11:25:00,14.46,14.47,14.46,14.47,1000,14465.0
000026.SZ,2026-03-17 11:26:00,14.47,14.47,14.46,14.46,15500,224214.0
000026.SZ,2026-03-17 11:27:00,14.46,14.47,14.46,14.46,1400,20252.0
000026.SZ,2026-03-17 11:28:00,14.47,14.47,14.47,14.47,2600,37622.0
000026.SZ,2026-03-17 11:29:00,14.46,14.47,14.46,14.47,4800,69433.0
000026.SZ,2026-03-17 11:30:00,14.47,14.47,14.46,14.47,6800,98388.0
000026.SZ,2026-03-17 13:01:00,14.45,14.45,14.44,14.45,40500,585213.0
000026.SZ,2026-03-17 13:02:00,14.45,14.47,14.45,14.46,19600,283176.0
000026.SZ,2026-03-17 13:03:00,14.45,14.48,14.44,14.46,12700,183516.0
000026.SZ,2026-03-17 13:04:00,14.46,14.46,14.45,14.45,200,2891.0
000026.SZ,2026-03-17 13:05:00,14.45,14.45,14.45,14.45,200,2890.0
000026.SZ,2026-03-17 13:06:00,14.47,14.48,14.46,14.48,1800,26054.0
000026.SZ,2026-03-17 13:07:00,14.47,14.47,14.46,14.46,200,2893.0
000026.SZ,2026-03-17 13:08:00,14.46,14.46,14.45,14.46,1500,21689.0
000026.SZ,2026-03-17 13:09:00,14.46,14.46,14.46,14.46,200,2892.0
000026.SZ,2026-03-17 13:10:00,14.45,14.46,14.45,14.45,10100,145982.0
000026.SZ,2026-03-17 13:11:00,14.45,14.45,14.44,14.44,400,5779.0
000026.SZ,2026-03-17 13:12:00,14.45,14.45,14.44,14.44,7300,105455.0
000026.SZ,2026-03-17 13:13:00,14.45,14.45,14.43,14.44,10400,150191.0
000026.SZ,2026-03-17 13:14:00,14.44,14.44,14.44,14.44,2700,38988.0
000026.SZ,2026-03-17 13:15:00,14.44,14.44,14.43,14.44,600,8663.0
000026.SZ,2026-03-17 13:16:00,14.45,14.47,14.45,14.47,10600,153158.0
000026.SZ,2026-03-17 13:17:00,14.46,14.46,14.46,14.46,1300,18798.0
000026.SZ,2026-03-17 13:18:00,14.46,14.47,14.46,14.46,7200,104065.0
000026.SZ,2026-03-17 13:19:00,14.46,14.47,14.46,14.47,4800,69454.0
000026.SZ,2026-03-17 13:20:00,14.48,14.49,14.47,14.49,6300,91205.0
000026.SZ,2026-03-17 13:21:00,14.47,14.48,14.47,14.48,400,5790.0
000026.SZ,2026-03-17 13:22:00,14.47,14.48,14.47,14.48,1300,18814.0
000026.SZ,2026-03-17 13:23:00,14.47,14.47,14.46,14.46,7000,101289.0
000026.SZ,2026-03-17 13:24:00,14.46,14.47,14.46,14.46,1900,27482.0
000026.SZ,2026-03-17 13:25:00,14.47,14.47,14.47,14.47,4700,68009.0
000026.SZ,2026-03-17 13:26:00,14.46,14.46,14.46,14.46,3100,44826.0
000026.SZ,2026-03-17 13:27:00,14.45,14.46,14.45,14.46,1800,26020.0
000026.SZ,2026-03-17 13:28:00,14.45,14.45,14.44,14.44,1200,17343.0
000026.SZ,2026-03-17 13:29:00,14.45,14.46,14.45,14.45,5300,76586.0
000026.SZ,2026-03-17 13:30:00,14.46,14.46,14.46,14.46,100,1446.0
000026.SZ,2026-03-17 13:31:00,14.45,14.45,14.44,14.45,14300,206612.0
000026.SZ,2026-03-17 13:32:00,14.44,14.45,14.44,14.45,11300,163177.0
000026.SZ,2026-03-17 13:33:00,14.44,14.45,14.44,14.45,2600,37549.0
000026.SZ,2026-03-17 13:34:00,14.45,14.45,14.44,14.44,9800,141543.0
000026.SZ,2026-03-17 13:35:00,14.45,14.45,14.44,14.44,1800,26006.0
000026.SZ,2026-03-17 13:36:00,14.45,14.45,14.45,14.45,100,1445.0
000026.SZ,2026-03-17 13:37:00,14.45,14.45,14.44,14.45,1700,24564.0
000026.SZ,2026-03-17 13:38:00,14.45,14.45,14.43,14.43,4600,66428.0
000026.SZ,2026-03-17 13:39:00,14.43,14.44,14.43,14.44,7900,114056.0
000026.SZ,2026-03-17 13:40:00,14.44,14.44,14.44,14.44,600,8664.0
000026.SZ,2026-03-17 13:41:00,14.44,14.44,14.42,14.42,43900,633593.0
000026.SZ,2026-03-17 13:42:00,14.43,14.43,14.42,14.42,700,10100.0
000026.SZ,2026-03-17 13:43:00,14.43,14.43,14.42,14.43,2000,28849.0
000026.SZ,2026-03-17 13:44:00,14.42,14.42,14.42,14.42,6900,99498.0
000026.SZ,2026-03-17 13:45:00,14.43,14.43,14.41,14.42,20300,292714.0
000026.SZ,2026-03-17 13:46:00,14.42,14.42,14.4,14.4,10200,146959.0
000026.SZ,2026-03-17 13:47:00,14.41,14.41,14.41,14.41,4200,60522.0
000026.SZ,2026-03-17 13:48:00,14.4,14.4,14.38,14.4,48200,693966.0
000026.SZ,2026-03-17 13:49:00,14.41,14.41,14.4,14.4,1800,25921.0
000026.SZ,2026-03-17 13:50:00,14.39,14.4,14.39,14.4,19200,276399.0
000026.SZ,2026-03-17 13:51:00,14.4,14.4,14.39,14.39,9700,139654.0
000026.SZ,2026-03-17 13:52:00,14.39,14.39,14.38,14.38,9900,142385.0
000026.SZ,2026-03-17 13:53:00,14.39,14.39,14.38,14.39,700,10072.0
000026.SZ,2026-03-17 13:54:00,14.39,14.4,14.39,14.39,9800,141064.0
000026.SZ,2026-03-17 13:55:00,14.4,14.41,14.39,14.39,8300,119454.0
000026.SZ,2026-03-17 13:56:00,14.39,14.39,14.39,14.39,900,12951.0
000026.SZ,2026-03-17 13:57:00,14.39,14.39,14.39,14.39,300,4317.0
000026.SZ,2026-03-17 13:58:00,14.39,14.39,14.39,14.39,1500,21585.0
000026.SZ,2026-03-17 13:59:00,14.39,14.4,14.39,14.39,24400,351090.0
000026.SZ,2026-03-17 14:00:00,14.38,14.39,14.38,14.39,6900,99224.0
000026.SZ,2026-03-17 14:01:00,14.37,14.37,14.36,14.37,8300,119257.0
000026.SZ,2026-03-17 14:02:00,14.37,14.38,14.36,14.38,11600,166687.0
000026.SZ,2026-03-17 14:03:00,14.38,14.38,14.35,14.35,14400,206877.0
000026.SZ,2026-03-17 14:04:00,14.36,14.36,14.36,14.36,2300,33028.0
000026.SZ,2026-03-17 14:05:00,14.34,14.35,14.34,14.34,10400,149227.0
000026.SZ,2026-03-17 14:06:00,14.35,14.35,14.35,14.35,300,4305.0
000026.SZ,2026-03-17 14:07:00,14.34,14.34,14.33,14.33,4700,67397.0
000026.SZ,2026-03-17 14:08:00,14.33,14.34,14.33,14.33,12400,177702.0
000026.SZ,2026-03-17 14:09:00,14.34,14.34,14.32,14.34,16100,230765.0
000026.SZ,2026-03-17 14:10:00,14.34,14.34,14.33,14.34,12800,183344.0
000026.SZ,2026-03-17 14:11:00,14.34,14.34,14.33,14.33,4200,60194.0
000026.SZ,2026-03-17 14:12:00,14.32,14.33,14.3,14.32,16700,239013.0
000026.SZ,2026-03-17 14:13:00,14.32,14.33,14.32,14.33,20200,289269.0
000026.SZ,2026-03-17 14:14:00,14.34,14.35,14.34,14.34,5700,81743.0
000026.SZ,2026-03-17 14:15:00,14.34,14.34,14.33,14.34,4000,57345.0
000026.SZ,2026-03-17 14:16:00,14.34,14.34,14.33,14.34,3400,48748.0
000026.SZ,2026-03-17 14:17:00,14.34,14.35,14.34,14.34,11000,157759.0
000026.SZ,2026-03-17 14:18:00,14.35,14.35,14.34,14.34,30800,441475.0
000026.SZ,2026-03-17 14:19:00,14.33,14.33,14.33,14.33,6200,88846.0
000026.SZ,2026-03-17 14:20:00,14.32,14.32,14.31,14.31,7200,103095.0
000026.SZ,2026-03-17 14:21:00,14.31,14.32,14.31,14.31,1500,21466.0
000026.SZ,2026-03-17 14:22:00,14.32,14.32,14.31,14.31,4500,64398.0
000026.SZ,2026-03-17 14:23:00,14.32,14.32,14.32,14.32,700,10024.0
000026.SZ,2026-03-17 14:24:00,14.32,14.32,14.31,14.31,10200,146019.0
000026.SZ,2026-03-17 14:25:00,14.31,14.32,14.31,14.32,7600,108825.0
000026.SZ,2026-03-17 14:26:00,14.32,14.32,14.3,14.3,20700,296075.0
000026.SZ,2026-03-17 14:27:00,14.3,14.31,14.3,14.3,29700,424777.0
000026.SZ,2026-03-17 14:28:00,14.3,14.3,14.29,14.29,18900,270101.0
000026.SZ,2026-03-17 14:29:00,14.29,14.3,14.28,14.29,8500,121458.0
000026.SZ,2026-03-17 14:30:00,14.29,14.29,14.28,14.28,11300,161424.0
000026.SZ,2026-03-17 14:31:00,14.28,14.28,14.26,14.27,20800,296831.0
000026.SZ,2026-03-17 14:32:00,14.28,14.29,14.28,14.29,9900,141414.0
000026.SZ,2026-03-17 14:33:00,14.29,14.29,14.27,14.27,16900,241351.0
000026.SZ,2026-03-17 14:34:00,14.27,14.29,14.27,14.29,13900,198547.0
000026.SZ,2026-03-17 14:35:00,14.3,14.3,14.27,14.28,13800,197144.0
000026.SZ,2026-03-17 14:36:00,14.28,14.28,14.27,14.28,9700,138488.0
000026.SZ,2026-03-17 14:37:00,14.28,14.28,14.27,14.28,7200,102781.0
000026.SZ,2026-03-17 14:38:00,14.29,14.29,14.28,14.28,11000,157117.0
000026.SZ,2026-03-17 14:39:00,14.28,14.29,14.27,14.27,15200,216988.0
000026.SZ,2026-03-17 14:40:00,14.28,14.28,14.27,14.27,7100,101354.0
000026.SZ,2026-03-17 14:41:00,14.28,14.29,14.28,14.28,11500,164220.0
000026.SZ,2026-03-17 14:42:00,14.27,14.28,14.27,14.28,9000,128496.0
000026.SZ,2026-03-17 14:43:00,14.29,14.29,14.28,14.29,7200,102854.0
000026.SZ,2026-03-17 14:44:00,14.28,14.28,14.26,14.27,37300,532267.0
000026.SZ,2026-03-17 14:45:00,14.27,14.28,14.26,14.27,21800,311112.0
000026.SZ,2026-03-17 14:46:00,14.27,14.28,14.26,14.27,16900,241193.0
000026.SZ,2026-03-17 14:47:00,14.27,14.28,14.26,14.27,11900,169773.0
000026.SZ,2026-03-17 14:48:00,14.26,14.27,14.24,14.26,52400,746983.0
000026.SZ,2026-03-17 14:49:00,14.25,14.26,14.24,14.26,16400,233725.0
000026.SZ,2026-03-17 14:50:00,14.25,14.27,14.25,14.27,11700,166783.0
000026.SZ,2026-03-17 14:51:00,14.27,14.27,14.26,14.27,4500,64198.0
000026.SZ,2026-03-17 14:52:00,14.27,14.27,14.26,14.26,13000,185391.0
000026.SZ,2026-03-17 14:53:00,14.26,14.27,14.25,14.25,15000,213839.0
000026.SZ,2026-03-17 14:54:00,14.25,14.26,14.23,14.24,37500,534143.0
000026.SZ,2026-03-17 14:55:00,14.25,14.25,14.23,14.24,26000,370155.0
000026.SZ,2026-03-17 14:56:00,14.24,14.24,14.23,14.24,23200,330358.0
000026.SZ,2026-03-17 14:57:00,14.24,14.31,14.24,14.25,63000,898854.0
000026.SZ,2026-03-17 14:58:00,14.25,14.25,14.25,14.25,0,0.0
000026.SZ,2026-03-17 14:59:00,14.25,14.25,14.25,14.25,0,0.0
000026.SZ,2026-03-17 15:00:00,14.34,14.34,14.34,14.34,72000,1032480.0
000026.SZ,2026-03-18 09:30:00,14.34,14.36,14.32,14.36,34900,500498.0
000026.SZ,2026-03-18 09:31:00,14.36,14.39,14.35,14.38,61500,883283.0
000026.SZ,2026-03-18 09:32:00,14.38,14.39,14.35,14.35,73300,1052174.0
000026.SZ,2026-03-18 09:33:00,14.38,14.38,14.32,14.32,13500,193850.0
000026.SZ,2026-03-18 09:34:00,14.32,14.33,14.28,14.3,16100,230504.0
000026.SZ,2026-03-18 09:35:00,14.28,14.3,14.28,14.3,4700,67128.0
000026.SZ,2026-03-18 09:36:00,14.3,14.31,14.29,14.29,26700,381787.0
000026.SZ,2026-03-18 09:37:00,14.29,14.29,14.26,14.28,18900,269803.0
000026.SZ,2026-03-18 09:38:00,14.28,14.28,14.26,14.26,48800,696340.0
000026.SZ,2026-03-18 09:39:00,14.25,14.27,14.25,14.27,18900,269467.0
000026.SZ,2026-03-18 09:40:00,14.26,14.31,14.26,14.31,32900,469904.0
000026.SZ,2026-03-18 09:41:00,14.31,14.31,14.29,14.29,7100,101479.0
000026.SZ,2026-03-18 09:42:00,14.27,14.32,14.27,14.32,27800,397115.0
000026.SZ,2026-03-18 09:43:00,14.32,14.32,14.3,14.3,37400,534908.0
000026.SZ,2026-03-18 09:44:00,14.32,14.38,14.31,14.33,21500,308608.0
000026.SZ,2026-03-18 09:45:00,14.33,14.33,14.3,14.3,10000,143180.0
000026.SZ,2026-03-18 09:46:00,14.3,14.31,14.3,14.3,5300,75835.0
000026.SZ,2026-03-18 09:47:00,14.3,14.31,14.29,14.3,13000,185901.0
000026.SZ,2026-03-18 09:48:00,14.3,14.3,14.28,14.28,10700,152880.0
000026.SZ,2026-03-18 09:49:00,14.28,14.29,14.27,14.28,10900,155641.0
000026.SZ,2026-03-18 09:50:00,14.27,14.28,14.26,14.27,7200,102736.0
000026.SZ,2026-03-18 09:51:00,14.26,14.29,14.26,14.27,4000,57096.0
000026.SZ,2026-03-18 09:52:00,14.29,14.3,14.26,14.3,6100,87137.0
000026.SZ,2026-03-18 09:53:00,14.29,14.29,14.29,14.29,3900,55732.0
000026.SZ,2026-03-18 09:54:00,14.29,14.33,14.28,14.29,11500,164438.0
000026.SZ,2026-03-18 09:55:00,14.31,14.31,14.29,14.29,2300,32882.0
000026.SZ,2026-03-18 09:56:00,14.29,14.29,14.28,14.28,5900,84261.0
000026.SZ,2026-03-18 09:57:00,14.27,14.27,14.25,14.25,20900,298063.0
000026.SZ,2026-03-18 09:58:00,14.25,14.26,14.25,14.26,5500,78408.0
000026.SZ,2026-03-18 09:59:00,14.25,14.25,14.25,14.25,1600,22800.0
000026.SZ,2026-03-18 10:00:00,14.25,14.26,14.25,14.26,16600,236642.0
000026.SZ,2026-03-18 10:01:00,14.26,14.27,14.26,14.27,13700,195454.0
000026.SZ,2026-03-18 10:02:00,14.27,14.28,14.26,14.28,10000,142675.0
000026.SZ,2026-03-18 10:03:00,14.27,14.27,14.26,14.26,11900,169745.0
000026.SZ,2026-03-18 10:04:00,14.25,14.27,14.25,14.27,11900,169685.0
000026.SZ,2026-03-18 10:05:00,14.27,14.29,14.27,14.29,30100,429815.0
000026.SZ,2026-03-18 10:06:00,14.29,14.31,14.29,14.3,25900,370566.0
000026.SZ,2026-03-18 10:07:00,14.3,14.3,14.29,14.29,500,7149.0
000026.SZ,2026-03-18 10:08:00,14.3,14.3,14.28,14.28,4300,61446.0
000026.SZ,2026-03-18 10:09:00,14.27,14.27,14.27,14.27,2500,35675.0
000026.SZ,2026-03-18 10:10:00,14.26,14.27,14.26,14.27,2900,41382.0
000026.SZ,2026-03-18 10:11:00,14.3,14.3,14.26,14.26,4400,62797.0
000026.SZ,2026-03-18 10:12:00,14.27,14.27,14.27,14.27,5000,71350.0
000026.SZ,2026-03-18 10:13:00,14.28,14.28,14.28,14.28,2000,28560.0
000026.SZ,2026-03-18 10:14:00,14.28,14.29,14.28,14.28,7300,104248.0
000026.SZ,2026-03-18 10:15:00,14.29,14.3,14.29,14.3,5000,71467.0
000026.SZ,2026-03-18 10:16:00,14.31,14.32,14.31,14.32,6900,98754.0
000026.SZ,2026-03-18 10:17:00,14.33,14.33,14.33,14.33,17400,249248.0
000026.SZ,2026-03-18 10:18:00,14.32,14.34,14.32,14.34,25600,366850.0
000026.SZ,2026-03-18 10:19:00,14.34,14.35,14.34,14.35,3700,53065.0
000026.SZ,2026-03-18 10:20:00,14.35,14.37,14.35,14.37,15000,215386.0
000026.SZ,2026-03-18 10:21:00,14.36,14.37,14.36,14.37,14600,209689.0
000026.SZ,2026-03-18 10:22:00,14.37,14.37,14.36,14.37,2100,30176.0
000026.SZ,2026-03-18 10:23:00,14.37,14.38,14.36,14.38,19000,273026.0
000026.SZ,2026-03-18 10:24:00,14.37,14.37,14.35,14.35,17500,251290.0
000026.SZ,2026-03-18 10:25:00,14.35,14.37,14.35,14.37,23400,335989.0
000026.SZ,2026-03-18 10:26:00,14.38,14.38,14.37,14.37,5100,73337.0
000026.SZ,2026-03-18 10:27:00,14.38,14.38,14.37,14.37,2800,40253.0
000026.SZ,2026-03-18 10:28:00,14.38,14.38,14.38,14.38,7000,100659.0
000026.SZ,2026-03-18 10:29:00,14.38,14.38,14.37,14.38,4100,58956.0
000026.SZ,2026-03-18 10:30:00,14.38,14.38,14.37,14.37,2800,40248.0
000026.SZ,2026-03-18 10:31:00,14.38,14.38,14.36,14.36,8100,116344.0
000026.SZ,2026-03-18 10:32:00,14.38,14.38,14.37,14.37,1500,21568.0
000026.SZ,2026-03-18 10:33:00,14.38,14.38,14.36,14.38,8600,123616.0
000026.SZ,2026-03-18 10:34:00,14.37,14.38,14.36,14.38,19700,283165.0
000026.SZ,2026-03-18 10:35:00,14.38,14.38,14.36,14.36,22900,329264.0
000026.SZ,2026-03-18 10:36:00,14.37,14.37,14.36,14.36,4500,64636.0
000026.SZ,2026-03-18 10:37:00,14.36,14.37,14.36,14.36,3700,53139.0
000026.SZ,2026-03-18 10:38:00,14.37,14.37,14.36,14.37,4100,58907.0
000026.SZ,2026-03-18 10:39:00,14.37,14.37,14.37,14.37,1700,24423.0
000026.SZ,2026-03-18 10:40:00,14.37,14.37,14.36,14.37,2900,41667.0
000026.SZ,2026-03-18 10:41:00,14.38,14.42,14.38,14.4,59800,860321.0
000026.SZ,2026-03-18 10:42:00,14.38,14.39,14.38,14.39,3100,44579.0
000026.SZ,2026-03-18 10:43:00,14.38,14.38,14.37,14.38,1200,17249.0
000026.SZ,2026-03-18 10:44:00,14.37,14.38,14.37,14.38,16200,232796.0
000026.SZ,2026-03-18 10:45:00,14.37,14.38,14.36,14.36,2900,41687.0
000026.SZ,2026-03-18 10:46:00,14.38,14.38,14.36,14.37,4900,70428.0
000026.SZ,2026-03-18 10:47:00,14.37,14.37,14.36,14.36,1500,21541.0
000026.SZ,2026-03-18 10:48:00,14.35,14.35,14.35,14.35,12800,183745.0
000026.SZ,2026-03-18 10:49:00,14.35,14.35,14.34,14.34,5600,80306.0
000026.SZ,2026-03-18 10:50:00,14.33,14.34,14.33,14.34,1000,14334.0
000026.SZ,2026-03-18 10:51:00,14.33,14.33,14.32,14.33,1500,21494.0
000026.SZ,2026-03-18 10:52:00,14.33,14.33,14.33,14.33,1400,20062.0
000026.SZ,2026-03-18 10:53:00,14.32,14.33,14.32,14.33,1600,22919.0
000026.SZ,2026-03-18 10:54:00,14.32,14.32,14.32,14.32,3301,47270.32
000026.SZ,2026-03-18 10:55:00,14.4,14.4,14.4,14.4,19800,284736.0
000026.SZ,2026-03-18 10:56:00,14.32,14.33,14.31,14.32,14100,201820.0
000026.SZ,2026-03-18 10:57:00,14.32,14.32,14.31,14.31,22899,328309.66
000026.SZ,2026-03-18 10:58:00,14.32,14.35,14.32,14.35,19300,276908.0
000026.SZ,2026-03-18 10:59:00,14.35,14.38,14.35,14.35,28600,410960.0
000026.SZ,2026-03-18 11:00:00,14.36,14.36,14.35,14.35,11900,170770.0
000026.SZ,2026-03-18 11:01:00,14.36,14.36,14.34,14.34,3900,55962.0
000026.SZ,2026-03-18 11:02:00,14.33,14.36,14.33,14.36,8000,114802.0
000026.SZ,2026-03-18 11:03:00,14.36,14.36,14.35,14.36,2500,35899.0
000026.SZ,2026-03-18 11:04:00,14.34,14.36,14.34,14.36,1200,17226.0
000026.SZ,2026-03-18 11:05:00,14.35,14.35,14.35,14.35,700,10045.0
000026.SZ,2026-03-18 11:06:00,14.35,14.35,14.34,14.34,3200,45913.0
000026.SZ,2026-03-18 11:07:00,14.34,14.37,14.34,14.37,17100,245446.0
000026.SZ,2026-03-18 11:08:00,14.37,14.37,14.35,14.35,6600,94821.0
000026.SZ,2026-03-18 11:09:00,14.35,14.35,14.35,14.35,800,11480.0
000026.SZ,2026-03-18 11:10:00,14.35,14.35,14.35,14.35,100,1435.0
000026.SZ,2026-03-18 11:11:00,14.35,14.35,14.35,14.35,800,11480.0
000026.SZ,2026-03-18 11:12:00,14.35,14.35,14.33,14.33,6300,90383.0
000026.SZ,2026-03-18 11:13:00,14.33,14.36,14.33,14.36,8300,119004.0
000026.SZ,2026-03-18 11:14:00,14.37,14.37,14.34,14.36,1900,27275.0
000026.SZ,2026-03-18 11:15:00,14.34,14.35,14.34,14.35,5200,74580.0
000026.SZ,2026-03-18 11:16:00,14.36,14.37,14.35,14.36,4900,70368.0
000026.SZ,2026-03-18 11:17:00,14.36,14.36,14.35,14.35,6400,91853.0
000026.SZ,2026-03-18 11:18:00,14.35,14.35,14.33,14.35,4700,67434.0
000026.SZ,2026-03-18 11:19:00,14.35,14.36,14.33,14.33,42900,614143.0
000026.SZ,2026-03-18 11:20:00,14.37,14.43,14.37,14.41,63600,915532.0
000026.SZ,2026-03-18 11:21:00,14.39,14.39,14.37,14.37,5600,80561.0
000026.SZ,2026-03-18 11:22:00,14.37,14.37,14.36,14.36,8200,117807.0
000026.SZ,2026-03-18 11:23:00,14.37,14.37,14.36,14.36,13500,193894.0
000026.SZ,2026-03-18 11:24:00,14.36,14.37,14.36,14.36,2300,33031.0
000026.SZ,2026-03-18 11:25:00,14.37,14.37,14.36,14.36,2200,31606.0
000026.SZ,2026-03-18 11:26:00,14.36,14.46,14.36,14.41,50900,734755.0
000026.SZ,2026-03-18 11:27:00,14.45,14.45,14.44,14.44,16600,239676.0
000026.SZ,2026-03-18 11:28:00,14.45,14.48,14.42,14.44,48800,705214.0
000026.SZ,2026-03-18 11:29:00,14.44,14.44,14.42,14.44,12800,184830.0
000026.SZ,2026-03-18 11:30:00,14.41,14.44,14.41,14.42,1000,14435.0
000026.SZ,2026-03-18 13:01:00,14.44,14.44,14.39,14.4,13800,199043.0
000026.SZ,2026-03-18 13:02:00,14.4,14.41,14.4,14.41,8400,120993.0
000026.SZ,2026-03-18 13:03:00,14.41,14.42,14.41,14.42,2600,37482.0
000026.SZ,2026-03-18 13:04:00,14.43,14.43,14.43,14.43,1200,17316.0
000026.SZ,2026-03-18 13:05:00,14.42,14.45,14.41,14.44,27700,399926.0
000026.SZ,2026-03-18 13:06:00,14.46,14.46,14.44,14.45,12000,173399.0
000026.SZ,2026-03-18 13:07:00,14.44,14.44,14.44,14.44,600,8664.0
000026.SZ,2026-03-18 13:08:00,14.44,14.45,14.44,14.45,4800,69338.0
000026.SZ,2026-03-18 13:09:00,14.44,14.44,14.44,14.44,4200,60648.0
000026.SZ,2026-03-18 13:10:00,14.44,14.47,14.44,14.45,26200,378775.0
000026.SZ,2026-03-18 13:11:00,14.46,14.46,14.43,14.43,5200,75114.0
000026.SZ,2026-03-18 13:12:00,14.41,14.41,14.41,14.41,26500,381892.0
000026.SZ,2026-03-18 13:13:00,14.43,14.43,14.41,14.41,2300,33167.0
000026.SZ,2026-03-18 13:14:00,14.41,14.41,14.4,14.41,3100,44666.0
000026.SZ,2026-03-18 13:15:00,14.41,14.41,14.41,14.41,100,1441.0
000026.SZ,2026-03-18 13:16:00,14.4,14.4,14.39,14.39,4100,59033.0
000026.SZ,2026-03-18 13:17:00,14.39,14.4,14.38,14.38,16900,243046.0
000026.SZ,2026-03-18 13:18:00,14.4,14.41,14.4,14.41,3100,44645.0
000026.SZ,2026-03-18 13:19:00,14.4,14.4,14.4,14.4,900,12960.0
000026.SZ,2026-03-18 13:20:00,14.4,14.41,14.4,14.41,1500,21607.0
000026.SZ,2026-03-18 13:21:00,14.4,14.43,14.4,14.43,2400,34595.0
000026.SZ,2026-03-18 13:22:00,14.41,14.41,14.41,14.41,500,7205.0
000026.SZ,2026-03-18 13:23:00,14.42,14.42,14.41,14.41,5900,85040.0
000026.SZ,2026-03-18 13:24:00,14.41,14.41,14.39,14.39,11900,171342.0
000026.SZ,2026-03-18 13:25:00,14.39,14.4,14.38,14.39,23500,338151.0
000026.SZ,2026-03-18 13:26:00,14.4,14.4,14.35,14.35,39400,565865.0
000026.SZ,2026-03-18 13:27:00,14.37,14.37,14.35,14.35,8300,119145.0
000026.SZ,2026-03-18 13:28:00,14.34,14.34,14.34,14.34,2400,34416.0
000026.SZ,2026-03-18 13:29:00,14.35,14.36,14.35,14.35,1700,24396.0
000026.SZ,2026-03-18 13:30:00,14.34,14.35,14.34,14.35,2300,32983.0
000026.SZ,2026-03-18 13:31:00,14.35,14.36,14.35,14.36,1100,15786.0
000026.SZ,2026-03-18 13:32:00,14.36,14.36,14.35,14.36,5800,83263.0
000026.SZ,2026-03-18 13:33:00,14.36,14.36,14.36,14.36,1900,27284.0
000026.SZ,2026-03-18 13:34:00,14.36,14.36,14.36,14.36,1700,24412.0
000026.SZ,2026-03-18 13:35:00,14.36,14.37,14.36,14.37,8000,114890.0
000026.SZ,2026-03-18 13:36:00,14.38,14.38,14.37,14.37,1600,22994.0
000026.SZ,2026-03-18 13:37:00,14.38,14.4,14.38,14.4,3300,47501.0
000026.SZ,2026-03-18 13:38:00,14.4,14.4,14.4,14.4,9300,133920.0
000026.SZ,2026-03-18 13:39:00,14.42,14.42,14.42,14.42,400,5768.0
000026.SZ,2026-03-18 13:40:00,14.41,14.41,14.4,14.41,3300,47540.0
000026.SZ,2026-03-18 13:41:00,14.39,14.4,14.38,14.39,4900,70513.0
000026.SZ,2026-03-18 13:42:00,14.39,14.39,14.39,14.39,200,2878.0
000026.SZ,2026-03-18 13:43:00,14.39,14.41,14.39,14.41,2600,37428.0
000026.SZ,2026-03-18 13:44:00,14.41,14.41,14.4,14.41,2300,33133.0
000026.SZ,2026-03-18 13:45:00,14.41,14.42,14.41,14.42,300,4324.0
000026.SZ,2026-03-18 13:46:00,14.41,14.41,14.41,14.41,1700,24497.0
000026.SZ,2026-03-18 13:47:00,14.4,14.41,14.4,14.41,5100,73482.0
000026.SZ,2026-03-18 13:48:00,14.41,14.41,14.41,14.41,3500,50435.0
000026.SZ,2026-03-18 13:49:00,14.41,14.41,14.41,14.41,0,0.0
000026.SZ,2026-03-18 13:50:00,14.41,14.42,14.41,14.42,7200,103806.0
000026.SZ,2026-03-18 13:51:00,14.42,14.42,14.41,14.41,10200,146993.0
000026.SZ,2026-03-18 13:52:00,14.4,14.41,14.4,14.41,2200,31693.0
000026.SZ,2026-03-18 13:53:00,14.41,14.41,14.4,14.4,1300,18726.0
000026.SZ,2026-03-18 13:54:00,14.41,14.41,14.41,14.41,2100,30254.0
000026.SZ,2026-03-18 13:55:00,14.42,14.42,14.41,14.41,600,8651.0
000026.SZ,2026-03-18 13:56:00,14.41,14.41,14.4,14.4,2900,41776.0
000026.SZ,2026-03-18 13:57:00,14.41,14.41,14.41,14.41,1300,18733.0
000026.SZ,2026-03-18 13:58:00,14.4,14.41,14.4,14.4,3400,48961.0
000026.SZ,2026-03-18 13:59:00,14.43,14.45,14.43,14.44,38200,550794.0
000026.SZ,2026-03-18 14:00:00,14.44,14.45,14.44,14.45,2100,30326.0
000026.SZ,2026-03-18 14:01:00,14.45,14.45,14.44,14.45,3500,50551.0
000026.SZ,2026-03-18 14:02:00,14.43,14.49,14.43,14.47,112300,1622350.0
000026.SZ,2026-03-18 14:03:00,14.49,14.52,14.49,14.5,29100,422061.0
000026.SZ,2026-03-18 14:04:00,14.49,14.55,14.49,14.54,90300,1311943.0
000026.SZ,2026-03-18 14:05:00,14.53,14.54,14.51,14.52,24100,350141.0
000026.SZ,2026-03-18 14:06:00,14.51,14.52,14.5,14.5,7600,110230.0
000026.SZ,2026-03-18 14:07:00,14.5,14.5,14.5,14.5,3600,52200.0
000026.SZ,2026-03-18 14:08:00,14.5,14.5,14.49,14.49,5500,79722.0
000026.SZ,2026-03-18 14:09:00,14.49,14.5,14.49,14.49,11300,163840.0
000026.SZ,2026-03-18 14:10:00,14.51,14.52,14.51,14.52,8500,123397.0
000026.SZ,2026-03-18 14:11:00,14.52,14.52,14.51,14.51,4500,65324.0
000026.SZ,2026-03-18 14:12:00,14.51,14.51,14.51,14.51,600,8706.0
000026.SZ,2026-03-18 14:13:00,14.51,14.51,14.5,14.5,14900,216185.0
000026.SZ,2026-03-18 14:14:00,14.49,14.5,14.47,14.48,13700,198606.0
000026.SZ,2026-03-18 14:15:00,14.48,14.49,14.48,14.48,1100,15933.0
000026.SZ,2026-03-18 14:16:00,14.48,14.49,14.48,14.48,9500,137564.0
000026.SZ,2026-03-18 14:17:00,14.47,14.48,14.47,14.47,4400,63679.0
000026.SZ,2026-03-18 14:18:00,14.48,14.48,14.48,14.48,1900,27512.0
000026.SZ,2026-03-18 14:19:00,14.47,14.48,14.47,14.47,2100,30397.0
000026.SZ,2026-03-18 14:20:00,14.49,14.5,14.49,14.5,24200,350699.0
000026.SZ,2026-03-18 14:21:00,14.5,14.51,14.5,14.5,1000,14504.0
000026.SZ,2026-03-18 14:22:00,14.51,14.52,14.51,14.51,4200,60950.0
000026.SZ,2026-03-18 14:23:00,14.5,14.53,14.5,14.52,8200,119039.0
000026.SZ,2026-03-18 14:24:00,14.52,14.52,14.51,14.51,3200,46452.0
000026.SZ,2026-03-18 14:25:00,14.52,14.52,14.52,14.52,1800,26136.0
000026.SZ,2026-03-18 14:26:00,14.52,14.52,14.52,14.52,300,4356.0
000026.SZ,2026-03-18 14:27:00,14.51,14.51,14.51,14.51,600,8706.0
000026.SZ,2026-03-18 14:28:00,14.51,14.52,14.51,14.52,8000,116127.0
000026.SZ,2026-03-18 14:29:00,14.51,14.52,14.51,14.52,2500,36288.0
000026.SZ,2026-03-18 14:30:00,14.52,14.52,14.51,14.51,10700,155276.0
000026.SZ,2026-03-18 14:31:00,14.52,14.52,14.5,14.5,21500,311879.0
000026.SZ,2026-03-18 14:32:00,14.5,14.5,14.49,14.5,20700,300126.0
000026.SZ,2026-03-18 14:33:00,14.49,14.5,14.49,14.5,1300,18839.0
000026.SZ,2026-03-18 14:34:00,14.49,14.5,14.49,14.5,5100,73924.0
000026.SZ,2026-03-18 14:35:00,14.5,14.5,14.5,14.5,4700,68151.0
000026.SZ,2026-03-18 14:36:00,14.5,14.51,14.5,14.51,4000,58002.0
000026.SZ,2026-03-18 14:37:00,14.5,14.51,14.5,14.5,4300,62352.0
000026.SZ,2026-03-18 14:38:00,14.51,14.51,14.5,14.5,13300,192887.0
000026.SZ,2026-03-18 14:39:00,14.51,14.51,14.5,14.51,5800,84154.0
000026.SZ,2026-03-18 14:40:00,14.5,14.51,14.48,14.5,14600,211660.0
000026.SZ,2026-03-18 14:41:00,14.48,14.51,14.48,14.49,16800,243382.0
000026.SZ,2026-03-18 14:42:00,14.5,14.51,14.49,14.49,11400,165343.0
000026.SZ,2026-03-18 14:43:00,14.51,14.51,14.5,14.51,3200,46427.0
000026.SZ,2026-03-18 14:44:00,14.5,14.51,14.5,14.5,9400,136314.0
000026.SZ,2026-03-18 14:45:00,14.5,14.51,14.5,14.5,5000,72520.0
000026.SZ,2026-03-18 14:46:00,14.51,14.51,14.5,14.5,4400,63828.0
000026.SZ,2026-03-18 14:47:00,14.51,14.52,14.5,14.5,30000,435164.0
000026.SZ,2026-03-18 14:48:00,14.51,14.52,14.51,14.51,2400,34833.0
000026.SZ,2026-03-18 14:49:00,14.5,14.52,14.5,14.51,7900,114610.0
000026.SZ,2026-03-18 14:50:00,14.5,14.52,14.49,14.52,55300,802417.0
000026.SZ,2026-03-18 14:51:00,14.52,14.52,14.49,14.5,17800,258130.0
000026.SZ,2026-03-18 14:52:00,14.5,14.5,14.49,14.49,2900,42047.0
000026.SZ,2026-03-18 14:53:00,14.49,14.5,14.49,14.5,17400,252227.0
000026.SZ,2026-03-18 14:54:00,14.49,14.5,14.48,14.49,13000,188455.0
000026.SZ,2026-03-18 14:55:00,14.49,14.49,14.48,14.49,22500,326012.0
000026.SZ,2026-03-18 14:56:00,14.5,14.5,14.49,14.49,35500,514498.0
000026.SZ,2026-03-18 14:57:00,14.49,14.53,14.48,14.53,69900,1014074.0
000026.SZ,2026-03-18 14:58:00,14.53,14.53,14.53,14.53,0,0.0
000026.SZ,2026-03-18 14:59:00,14.53,14.53,14.53,14.53,0,0.0
000026.SZ,2026-03-18 15:00:00,14.52,14.52,14.52,14.52,43500,631620.0
000026.SZ,2026-03-19 09:30:00,14.3,14.3,14.3,14.3,20700,296010.0
000026.SZ,2026-03-19 09:31:00,14.36,14.42,14.32,14.36,32300,464957.0
000026.SZ,2026-03-19 09:32:00,14.3,14.48,14.3,14.44,37000,532085.0
000026.SZ,2026-03-19 09:33:00,14.42,14.44,14.42,14.42,23400,337557.0
000026.SZ,2026-03-19 09:34:00,14.4,14.42,14.38,14.42,64100,924413.0
000026.SZ,2026-03-19 09:35:00,14.43,14.45,14.43,14.44,13400,193461.0
000026.SZ,2026-03-19 09:36:00,14.44,14.44,14.41,14.44,10500,151484.0
000026.SZ,2026-03-19 09:37:00,14.42,14.44,14.42,14.43,19000,274079.0
000026.SZ,2026-03-19 09:38:00,14.44,14.45,14.4,14.45,55200,796065.0
000026.SZ,2026-03-19 09:39:00,14.47,14.47,14.42,14.43,5100,73639.0
000026.SZ,2026-03-19 09:40:00,14.43,14.43,14.42,14.42,2400,34621.0
000026.SZ,2026-03-19 09:41:00,14.42,14.42,14.35,14.35,16800,241717.0
000026.SZ,2026-03-19 09:42:00,14.35,14.35,14.32,14.33,15400,220898.0
000026.SZ,2026-03-19 09:43:00,14.34,14.34,14.31,14.31,34300,491542.0
000026.SZ,2026-03-19 09:44:00,14.32,14.33,14.31,14.32,2100,30076.0
000026.SZ,2026-03-19 09:45:00,14.32,14.33,14.31,14.32,21400,306442.0
000026.SZ,2026-03-19 09:46:00,14.33,14.36,14.33,14.33,27700,397025.0
000026.SZ,2026-03-19 09:47:00,14.34,14.34,14.32,14.33,15800,226265.0
000026.SZ,2026-03-19 09:48:00,14.33,14.34,14.31,14.31,29000,415122.0
000026.SZ,2026-03-19 09:49:00,14.31,14.32,14.3,14.31,13300,190337.0
000026.SZ,2026-03-19 09:50:00,14.34,14.34,14.34,14.34,3000,43012.0
000026.SZ,2026-03-19 09:51:00,14.36,14.36,14.34,14.34,2500,35876.0
000026.SZ,2026-03-19 09:52:00,14.34,14.34,14.32,14.33,3900,55901.0
000026.SZ,2026-03-19 09:53:00,14.33,14.33,14.32,14.33,5200,74498.0
000026.SZ,2026-03-19 09:54:00,14.34,14.34,14.33,14.33,4900,70219.0
000026.SZ,2026-03-19 09:55:00,14.33,14.33,14.3,14.3,35800,512555.0
000026.SZ,2026-03-19 09:56:00,14.31,14.32,14.3,14.32,4600,65826.0
000026.SZ,2026-03-19 09:57:00,14.31,14.34,14.31,14.34,3500,50149.0
000026.SZ,2026-03-19 09:58:00,14.34,14.35,14.34,14.35,900,12911.0
000026.SZ,2026-03-19 09:59:00,14.35,14.36,14.34,14.34,3400,48790.0
000026.SZ,2026-03-19 10:00:00,14.35,14.36,14.35,14.36,1100,15786.0
000026.SZ,2026-03-19 10:01:00,14.36,14.37,14.35,14.37,11200,160771.0
000026.SZ,2026-03-19 10:02:00,14.36,14.36,14.35,14.36,900,12920.0
000026.SZ,2026-03-19 10:03:00,14.36,14.36,14.35,14.35,5600,80390.0
000026.SZ,2026-03-19 10:04:00,14.35,14.35,14.34,14.34,1500,21523.0
000026.SZ,2026-03-19 10:05:00,14.34,14.34,14.34,14.34,4200,60228.0
000026.SZ,2026-03-19 10:06:00,14.35,14.35,14.32,14.32,23900,342515.0
000026.SZ,2026-03-19 10:07:00,14.32,14.32,14.31,14.32,28600,409468.0
000026.SZ,2026-03-19 10:08:00,14.31,14.32,14.3,14.31,19500,279040.0
000026.SZ,2026-03-19 10:09:00,14.31,14.32,14.3,14.31,4300,61535.0
000026.SZ,2026-03-19 10:10:00,14.3,14.31,14.29,14.29,49700,710817.0
000026.SZ,2026-03-19 10:11:00,14.3,14.3,14.3,14.3,3700,52910.0
000026.SZ,2026-03-19 10:12:00,14.28,14.28,14.28,14.28,28400,405738.0
000026.SZ,2026-03-19 10:13:00,14.28,14.28,14.26,14.26,29700,423974.0
000026.SZ,2026-03-19 10:14:00,14.26,14.26,14.23,14.24,38700,551582.0
000026.SZ,2026-03-19 10:15:00,14.24,14.26,14.23,14.24,14800,210872.0
000026.SZ,2026-03-19 10:16:00,14.24,14.24,14.23,14.24,8700,123837.0
000026.SZ,2026-03-19 10:17:00,14.23,14.23,14.23,14.23,4400,62612.0
000026.SZ,2026-03-19 10:18:00,14.24,14.24,14.22,14.23,6000,85382.0
000026.SZ,2026-03-19 10:19:00,14.23,14.25,14.23,14.24,17100,243364.0
000026.SZ,2026-03-19 10:20:00,14.24,14.25,14.22,14.22,14200,202100.0
000026.SZ,2026-03-19 10:21:00,14.22,14.24,14.22,14.22,24000,341496.0
000026.SZ,2026-03-19 10:22:00,14.23,14.23,14.23,14.23,2000,28460.0
000026.SZ,2026-03-19 10:23:00,14.23,14.24,14.23,14.24,8900,126649.0
000026.SZ,2026-03-19 10:24:00,14.22,14.23,14.22,14.22,1300,18488.0
000026.SZ,2026-03-19 10:25:00,14.22,14.23,14.22,14.22,19300,274458.0
000026.SZ,2026-03-19 10:26:00,14.21,14.23,14.21,14.23,23800,338241.0
000026.SZ,2026-03-19 10:27:00,14.23,14.23,14.23,14.23,1300,18504.0
000026.SZ,2026-03-19 10:28:00,14.23,14.24,14.23,14.23,4200,59783.0
000026.SZ,2026-03-19 10:29:00,14.23,14.24,14.23,14.24,8400,119573.0
000026.SZ,2026-03-19 10:30:00,14.24,14.25,14.24,14.25,3100,44171.0
000026.SZ,2026-03-19 10:31:00,14.25,14.26,14.24,14.25,4600,65567.0
000026.SZ,2026-03-19 10:32:00,14.26,14.27,14.24,14.26,7700,109811.0
000026.SZ,2026-03-19 10:33:00,14.26,14.26,14.24,14.24,2100,29944.0
000026.SZ,2026-03-19 10:34:00,14.25,14.25,14.23,14.23,14000,199389.0
000026.SZ,2026-03-19 10:35:00,14.23,14.24,14.23,14.24,4200,59772.0
000026.SZ,2026-03-19 10:36:00,14.23,14.25,14.23,14.25,6600,93982.0
000026.SZ,2026-03-19 10:37:00,14.25,14.25,14.24,14.24,700,9974.0
000026.SZ,2026-03-19 10:38:00,14.24,14.25,14.23,14.24,11800,168028.0
000026.SZ,2026-03-19 10:39:00,14.24,14.24,14.24,14.24,300,4272.0
000026.SZ,2026-03-19 10:40:00,14.25,14.25,14.25,14.25,100,1425.0
000026.SZ,2026-03-19 10:41:00,14.25,14.25,14.24,14.25,2500,35620.0
000026.SZ,2026-03-19 10:42:00,14.24,14.25,14.24,14.24,37200,530395.0
000026.SZ,2026-03-19 10:43:00,14.25,14.25,14.24,14.24,500,7124.0
000026.SZ,2026-03-19 10:44:00,14.24,14.24,14.24,14.24,1300,18514.0
000026.SZ,2026-03-19 10:45:00,14.24,14.24,14.24,14.24,200,2848.0
000026.SZ,2026-03-19 10:46:00,14.24,14.25,14.24,14.25,1700,24218.0
000026.SZ,2026-03-19 10:47:00,14.26,14.26,14.24,14.24,7200,102564.0
000026.SZ,2026-03-19 10:48:00,14.25,14.26,14.25,14.26,2200,31351.0
000026.SZ,2026-03-19 10:49:00,14.25,14.26,14.24,14.24,15000,213823.0
000026.SZ,2026-03-19 10:50:00,14.24,14.24,14.23,14.23,6700,95397.0
000026.SZ,2026-03-19 10:51:00,14.24,14.24,14.24,14.24,1100,15664.0
000026.SZ,2026-03-19 10:52:00,14.24,14.24,14.23,14.24,11800,168029.0
000026.SZ,2026-03-19 10:53:00,14.23,14.24,14.22,14.23,12100,172184.0
000026.SZ,2026-03-19 10:54:00,14.23,14.23,14.22,14.22,20600,292939.0
000026.SZ,2026-03-19 10:55:00,14.23,14.23,14.21,14.21,7000,99520.0
000026.SZ,2026-03-19 10:56:00,14.22,14.22,14.21,14.21,6700,95221.0
000026.SZ,2026-03-19 10:57:00,14.22,14.23,14.22,14.23,1600,22762.0
000026.SZ,2026-03-19 10:58:00,14.22,14.23,14.22,14.23,1000,14228.0
000026.SZ,2026-03-19 10:59:00,14.24,14.24,14.23,14.23,1000,14231.0
000026.SZ,2026-03-19 11:00:00,14.23,14.24,14.23,14.23,900,12808.0
000026.SZ,2026-03-19 11:01:00,14.23,14.23,14.23,14.23,300,4269.0
000026.SZ,2026-03-19 11:02:00,14.24,14.24,14.24,14.24,600,8544.0
000026.SZ,2026-03-19 11:03:00,14.23,14.23,14.23,14.23,700,9961.0
000026.SZ,2026-03-19 11:04:00,14.24,14.25,14.23,14.23,4300,61232.0
000026.SZ,2026-03-19 11:05:00,14.25,14.25,14.23,14.25,4200,59814.0
000026.SZ,2026-03-19 11:06:00,14.25,14.25,14.25,14.25,1100,15675.0
000026.SZ,2026-03-19 11:07:00,14.25,14.25,14.23,14.23,10000,142450.0
000026.SZ,2026-03-19 11:08:00,14.24,14.24,14.24,14.24,4800,68352.0
000026.SZ,2026-03-19 11:09:00,14.24,14.24,14.24,14.24,0,0.0
000026.SZ,2026-03-19 11:10:00,14.23,14.23,14.22,14.22,30900,439682.0
000026.SZ,2026-03-19 11:11:00,14.22,14.23,14.2,14.2,122300,1738485.0
000026.SZ,2026-03-19 11:12:00,14.2,14.2,14.18,14.19,73800,1047619.0
000026.SZ,2026-03-19 11:13:00,14.18,14.22,14.18,14.21,77200,1098273.0
000026.SZ,2026-03-19 11:14:00,14.25,14.25,14.21,14.23,13800,196365.0
000026.SZ,2026-03-19 11:15:00,14.21,14.21,14.19,14.2,7300,103683.0
000026.SZ,2026-03-19 11:16:00,14.2,14.2,14.16,14.17,25700,364527.0
000026.SZ,2026-03-19 11:17:00,14.18,14.19,14.18,14.19,3700,52481.0
000026.SZ,2026-03-19 11:18:00,14.2,14.22,14.2,14.22,4900,69641.0
000026.SZ,2026-03-19 11:19:00,14.22,14.23,14.22,14.23,4500,64020.0
000026.SZ,2026-03-19 11:20:00,14.22,14.22,14.22,14.22,3200,45504.0
000026.SZ,2026-03-19 11:21:00,14.22,14.23,14.22,14.23,1000,14221.0
000026.SZ,2026-03-19 11:22:00,14.23,14.23,14.21,14.21,36800,523318.0
000026.SZ,2026-03-19 11:23:00,14.21,14.21,14.2,14.21,2700,38365.0
000026.SZ,2026-03-19 11:24:00,14.21,14.21,14.21,14.21,0,0.0
000026.SZ,2026-03-19 11:25:00,14.2,14.2,14.2,14.2,2200,31243.0
000026.SZ,2026-03-19 11:26:00,14.2,14.2,14.19,14.19,12600,178912.0
000026.SZ,2026-03-19 11:27:00,14.2,14.21,14.2,14.21,5100,72461.0
000026.SZ,2026-03-19 11:28:00,14.22,14.22,14.21,14.22,1000,14219.0
000026.SZ,2026-03-19 11:29:00,14.22,14.22,14.22,14.22,700,9954.0
000026.SZ,2026-03-19 11:30:00,14.22,14.23,14.22,14.22,3100,44094.0
000026.SZ,2026-03-19 13:01:00,14.22,14.22,14.19,14.19,21700,308306.0
000026.SZ,2026-03-19 13:02:00,14.19,14.22,14.19,14.19,1200,17035.0
000026.SZ,2026-03-19 13:03:00,14.2,14.21,14.19,14.19,5800,82358.0
000026.SZ,2026-03-19 13:04:00,14.19,14.19,14.19,14.19,100,1419.0
000026.SZ,2026-03-19 13:05:00,14.19,14.22,14.19,14.22,400,5680.0
000026.SZ,2026-03-19 13:06:00,14.2,14.21,14.2,14.21,500,7104.0
000026.SZ,2026-03-19 13:07:00,14.21,14.21,14.2,14.2,3500,49717.0
000026.SZ,2026-03-19 13:08:00,14.2,14.21,14.2,14.21,10400,147750.0
000026.SZ,2026-03-19 13:09:00,14.2,14.21,14.2,14.2,3200,45444.0
000026.SZ,2026-03-19 13:10:00,14.19,14.19,14.18,14.19,39900,566174.0
000026.SZ,2026-03-19 13:11:00,14.18,14.19,14.18,14.18,8100,114873.0
000026.SZ,2026-03-19 13:12:00,14.18,14.18,14.17,14.17,14200,201344.0
000026.SZ,2026-03-19 13:13:00,14.18,14.18,14.17,14.17,5900,83613.0
000026.SZ,2026-03-19 13:14:00,14.17,14.18,14.17,14.18,4000,56686.0
000026.SZ,2026-03-19 13:15:00,14.18,14.18,14.17,14.17,2700,38281.0
000026.SZ,2026-03-19 13:16:00,14.18,14.18,14.17,14.17,7000,99233.0
000026.SZ,2026-03-19 13:17:00,14.17,14.17,14.17,14.17,3700,52429.0
000026.SZ,2026-03-19 13:18:00,14.17,14.18,14.17,14.18,1900,26930.0
000026.SZ,2026-03-19 13:19:00,14.18,14.19,14.18,14.18,10500,148903.0
000026.SZ,2026-03-19 13:20:00,14.19,14.19,14.18,14.18,2700,38291.0
000026.SZ,2026-03-19 13:21:00,14.18,14.19,14.18,14.19,1800,25541.0
000026.SZ,2026-03-19 13:22:00,14.2,14.21,14.2,14.21,11000,156222.0
000026.SZ,2026-03-19 13:23:00,14.21,14.21,14.2,14.2,2400,34103.0
000026.SZ,2026-03-19 13:24:00,14.2,14.2,14.2,14.2,100,1420.0
000026.SZ,2026-03-19 13:25:00,14.21,14.21,14.2,14.2,900,12781.0
000026.SZ,2026-03-19 13:26:00,14.21,14.21,14.2,14.2,2900,41187.0
000026.SZ,2026-03-19 13:27:00,14.2,14.2,14.19,14.19,7800,110697.0
000026.SZ,2026-03-19 13:28:00,14.18,14.18,14.18,14.18,200,2836.0
000026.SZ,2026-03-19 13:29:00,14.19,14.19,14.17,14.18,5600,79412.0
000026.SZ,2026-03-19 13:30:00,14.16,14.18,14.16,14.16,7400,104843.0
000026.SZ,2026-03-19 13:31:00,14.17,14.17,14.16,14.16,9300,131698.0
000026.SZ,2026-03-19 13:32:00,14.16,14.17,14.16,14.17,3600,51011.0
000026.SZ,2026-03-19 13:33:00,14.17,14.17,14.16,14.17,4600,65145.0
000026.SZ,2026-03-19 13:34:00,14.16,14.16,14.11,14.14,89100,1259712.0
000026.SZ,2026-03-19 13:35:00,14.14,14.15,14.14,14.14,2900,41022.0
000026.SZ,2026-03-19 13:36:00,14.15,14.15,14.13,14.13,4400,62210.0
000026.SZ,2026-03-19 13:37:00,14.14,14.15,14.12,14.12,22600,319466.0
000026.SZ,2026-03-19 13:38:00,14.13,14.14,14.12,14.14,13500,190755.0
000026.SZ,2026-03-19 13:39:00,14.13,14.15,14.07,14.08,61900,873107.0
000026.SZ,2026-03-19 13:40:00,14.12,14.12,14.1,14.1,11000,155234.0
000026.SZ,2026-03-19 13:41:00,14.12,14.12,14.08,14.1,8300,117022.0
000026.SZ,2026-03-19 13:42:00,14.1,14.11,14.09,14.11,14700,207520.0
000026.SZ,2026-03-19 13:43:00,14.11,14.11,14.08,14.08,7400,104209.0
000026.SZ,2026-03-19 13:44:00,14.11,14.12,14.09,14.09,3000,42337.0
000026.SZ,2026-03-19 13:45:00,14.11,14.11,14.09,14.11,7300,102879.0
000026.SZ,2026-03-19 13:46:00,14.1,14.11,14.1,14.1,8300,117035.0
000026.SZ,2026-03-19 13:47:00,14.09,14.11,14.09,14.11,8500,119824.0
000026.SZ,2026-03-19 13:48:00,14.1,14.1,14.1,14.1,2000,28200.0
000026.SZ,2026-03-19 13:49:00,14.11,14.11,14.1,14.1,13300,187554.0
000026.SZ,2026-03-19 13:50:00,14.1,14.1,14.09,14.09,3600,50725.0
000026.SZ,2026-03-19 13:51:00,14.1,14.1,14.08,14.08,14000,197235.0
000026.SZ,2026-03-19 13:52:00,14.09,14.12,14.08,14.08,34900,492153.0
000026.SZ,2026-03-19 13:53:00,14.12,14.12,14.08,14.11,16900,238186.0
000026.SZ,2026-03-19 13:54:00,14.1,14.2,14.1,14.14,78700,1114604.0
000026.SZ,2026-03-19 13:55:00,14.17,14.17,14.14,14.14,2900,41036.0
000026.SZ,2026-03-19 13:56:00,14.16,14.22,14.14,14.14,23000,326376.0
000026.SZ,2026-03-19 13:57:00,14.15,14.15,14.15,14.15,3200,45280.0
000026.SZ,2026-03-19 13:58:00,14.16,14.16,14.15,14.15,1300,18402.0
000026.SZ,2026-03-19 13:59:00,14.15,14.15,14.15,14.15,6400,90560.0
000026.SZ,2026-03-19 14:00:00,14.14,14.15,14.14,14.14,3700,52324.0
000026.SZ,2026-03-19 14:01:00,14.13,14.13,14.11,14.13,2900,40965.0
000026.SZ,2026-03-19 14:02:00,14.13,14.15,14.12,14.14,5400,76339.0
000026.SZ,2026-03-19 14:03:00,14.13,14.14,14.13,14.13,4000,56530.0
000026.SZ,2026-03-19 14:04:00,14.14,14.16,14.14,14.16,7900,111751.0
000026.SZ,2026-03-19 14:05:00,14.16,14.17,14.16,14.17,1100,15585.0
000026.SZ,2026-03-19 14:06:00,14.17,14.2,14.17,14.18,2100,29774.0
000026.SZ,2026-03-19 14:07:00,14.18,14.19,14.17,14.17,2700,38299.0
000026.SZ,2026-03-19 14:08:00,14.17,14.2,14.16,14.16,3300,46799.0
000026.SZ,2026-03-19 14:09:00,14.16,14.16,14.15,14.15,2400,33978.0
000026.SZ,2026-03-19 14:10:00,14.17,14.17,14.15,14.15,600,8494.0
000026.SZ,2026-03-19 14:11:00,14.18,14.18,14.18,14.18,800,11344.0
000026.SZ,2026-03-19 14:12:00,14.17,14.18,14.15,14.15,9600,135943.0
000026.SZ,2026-03-19 14:13:00,14.15,14.15,14.15,14.15,800,11320.0
000026.SZ,2026-03-19 14:14:00,14.14,14.15,14.14,14.14,4900,69302.0
000026.SZ,2026-03-19 14:15:00,14.13,14.2,14.12,14.2,11700,165452.0
000026.SZ,2026-03-19 14:16:00,14.13,14.16,14.12,14.13,18800,265870.0
000026.SZ,2026-03-19 14:17:00,14.13,14.15,14.12,14.12,9900,139931.0
000026.SZ,2026-03-19 14:18:00,14.15,14.2,14.15,14.15,22500,319012.0
000026.SZ,2026-03-19 14:19:00,14.15,14.16,14.15,14.16,6400,90571.0
000026.SZ,2026-03-19 14:20:00,14.14,14.16,14.13,14.16,13500,190831.0
000026.SZ,2026-03-19 14:21:00,14.13,14.13,14.11,14.12,22000,310662.0
000026.SZ,2026-03-19 14:22:00,14.13,14.13,14.1,14.12,16200,228599.0
000026.SZ,2026-03-19 14:23:00,14.11,14.11,14.1,14.1,8500,119859.0
000026.SZ,2026-03-19 14:24:00,14.1,14.1,14.1,14.1,1700,23970.0
000026.SZ,2026-03-19 14:25:00,14.1,14.11,14.1,14.11,1300,18334.0
000026.SZ,2026-03-19 14:26:00,14.1,14.1,14.09,14.1,11100,156476.0
000026.SZ,2026-03-19 14:27:00,14.08,14.09,14.08,14.08,4700,66213.0
000026.SZ,2026-03-19 14:28:00,14.08,14.1,14.08,14.09,4000,56374.0
000026.SZ,2026-03-19 14:29:00,14.09,14.1,14.09,14.09,6500,91605.0
000026.SZ,2026-03-19 14:30:00,14.09,14.12,14.09,14.12,1100,15515.0
000026.SZ,2026-03-19 14:31:00,14.12,14.12,14.08,14.08,17600,248087.0
000026.SZ,2026-03-19 14:32:00,14.09,14.09,14.08,14.08,1500,21129.0
000026.SZ,2026-03-19 14:33:00,14.1,14.1,14.08,14.08,7500,105634.0
000026.SZ,2026-03-19 14:34:00,14.08,14.09,14.08,14.08,16100,226710.0
000026.SZ,2026-03-19 14:35:00,14.08,14.09,14.07,14.09,5100,71818.0
000026.SZ,2026-03-19 14:36:00,14.08,14.09,14.08,14.08,16800,236659.0
000026.SZ,2026-03-19 14:37:00,14.08,14.08,14.07,14.07,22800,320823.0
000026.SZ,2026-03-19 14:38:00,14.07,14.07,14.06,14.06,6300,88595.0
000026.SZ,2026-03-19 14:39:00,14.07,14.07,14.06,14.07,7400,104054.0
000026.SZ,2026-03-19 14:40:00,14.07,14.07,14.06,14.07,5700,80198.0
000026.SZ,2026-03-19 14:41:00,14.08,14.08,14.07,14.08,7000,98536.0
000026.SZ,2026-03-19 14:42:00,14.08,14.09,14.08,14.08,13400,188763.0
000026.SZ,2026-03-19 14:43:00,14.09,14.1,14.08,14.1,13500,190195.0
000026.SZ,2026-03-19 14:44:00,14.09,14.1,14.09,14.09,24900,351060.0
000026.SZ,2026-03-19 14:45:00,14.08,14.08,14.07,14.08,23800,335185.0
000026.SZ,2026-03-19 14:46:00,14.07,14.08,14.07,14.07,24700,347560.0
000026.SZ,2026-03-19 14:47:00,14.06,14.06,14.05,14.05,50100,704233.0
000026.SZ,2026-03-19 14:48:00,14.06,14.07,14.06,14.06,27200,382389.0
000026.SZ,2026-03-19 14:49:00,14.06,14.07,14.05,14.05,32200,452613.0
000026.SZ,2026-03-19 14:50:00,14.06,14.06,14.04,14.05,8100,113825.0
000026.SZ,2026-03-19 14:51:00,14.05,14.06,14.05,14.06,3200,44970.0
000026.SZ,2026-03-19 14:52:00,14.05,14.07,14.05,14.06,5500,77334.0
000026.SZ,2026-03-19 14:53:00,14.06,14.08,14.06,14.08,10800,151969.0
000026.SZ,2026-03-19 14:54:00,14.08,14.11,14.08,14.11,22200,312935.0
000026.SZ,2026-03-19 14:55:00,14.1,14.11,14.1,14.11,32300,455667.0
000026.SZ,2026-03-19 14:56:00,14.11,14.12,14.1,14.12,20700,292075.0
000026.SZ,2026-03-19 14:57:00,14.12,14.15,14.1,14.12,14100,198878.0
000026.SZ,2026-03-19 14:58:00,14.12,14.12,14.12,14.12,0,0.0
000026.SZ,2026-03-19 14:59:00,14.12,14.12,14.12,14.12,0,0.0
000026.SZ,2026-03-19 15:00:00,14.12,14.12,14.12,14.12,53500,755420.0
000026.SZ,2026-03-20 09:30:00,14.17,14.17,14.16,14.16,18000,255053.0
000026.SZ,2026-03-20 09:31:00,14.18,14.19,14.15,14.16,29400,416528.0
000026.SZ,2026-03-20 09:32:00,14.17,14.19,14.16,14.19,7200,102027.0
000026.SZ,2026-03-20 09:33:00,14.19,14.19,14.18,14.18,14400,204243.0
000026.SZ,2026-03-20 09:34:00,14.18,14.18,14.17,14.17,9800,138894.0
000026.SZ,2026-03-20 09:35:00,14.16,14.17,14.15,14.17,22100,312870.0
000026.SZ,2026-03-20 09:36:00,14.14,14.17,14.14,14.16,4109,58203.26
000026.SZ,2026-03-20 09:37:00,14.17,14.17,14.14,14.14,20200,285788.0
000026.SZ,2026-03-20 09:38:00,14.15,14.19,14.15,14.19,21200,300666.0
000026.SZ,2026-03-20 09:39:00,14.2,14.23,14.19,14.2,15700,222992.0
000026.SZ,2026-03-20 09:40:00,14.19,14.2,14.18,14.19,13700,194469.0
000026.SZ,2026-03-20 09:41:00,14.19,14.19,14.19,14.19,6700,95072.0
000026.SZ,2026-03-20 09:42:00,14.19,14.19,14.16,14.17,7500,106300.0
000026.SZ,2026-03-20 09:43:00,14.17,14.18,14.17,14.17,29200,413780.0
000026.SZ,2026-03-20 09:44:00,14.18,14.28,14.18,14.25,81300,1157864.0
000026.SZ,2026-03-20 09:45:00,14.25,14.25,14.24,14.25,7200,102574.0
000026.SZ,2026-03-20 09:46:00,14.24,14.24,14.22,14.22,7100,101014.0
000026.SZ,2026-03-20 09:47:00,14.23,14.23,14.2,14.2,14300,203253.0
000026.SZ,2026-03-20 09:48:00,14.18,14.19,14.18,14.18,20000,283750.0
000026.SZ,2026-03-20 09:49:00,14.18,14.19,14.18,14.19,5000,70913.0
000026.SZ,2026-03-20 09:50:00,14.2,14.2,14.18,14.18,11700,165960.0
000026.SZ,2026-03-20 09:51:00,14.18,14.19,14.17,14.17,26300,372924.0
000026.SZ,2026-03-20 09:52:00,14.18,14.18,14.16,14.16,7600,107687.0
000026.SZ,2026-03-20 09:53:00,14.16,14.16,14.13,14.13,61000,863171.0
000026.SZ,2026-03-20 09:54:00,14.13,14.13,14.12,14.13,12200,172290.0
000026.SZ,2026-03-20 09:55:00,14.13,14.14,14.13,14.14,9300,131422.0
000026.SZ,2026-03-20 09:56:00,14.13,14.13,14.11,14.12,19500,275350.0
000026.SZ,2026-03-20 09:57:00,14.1,14.12,14.1,14.1,19900,280739.0
000026.SZ,2026-03-20 09:58:00,14.09,14.16,14.08,14.14,102000,1442718.0
000026.SZ,2026-03-20 09:59:00,14.15,14.15,14.13,14.13,29900,423914.0
000026.SZ,2026-03-20 10:00:00,14.13,14.16,14.13,14.15,7300,103314.0
000026.SZ,2026-03-20 10:01:00,14.15,14.18,14.15,14.16,14700,208173.0
000026.SZ,2026-03-20 10:02:00,14.15,14.16,14.14,14.14,3000,42434.0
000026.SZ,2026-03-20 10:03:00,14.14,14.16,14.13,14.16,7800,110306.0
000026.SZ,2026-03-20 10:04:00,14.16,14.16,14.14,14.14,7400,104673.0
000026.SZ,2026-03-20 10:05:00,14.14,14.14,14.12,14.12,36300,512978.0
000026.SZ,2026-03-20 10:06:00,14.11,14.12,14.11,14.12,15200,214479.0
000026.SZ,2026-03-20 10:07:00,14.11,14.12,14.1,14.12,10700,150940.0
000026.SZ,2026-03-20 10:08:00,14.13,14.13,14.12,14.12,10400,146871.0
000026.SZ,2026-03-20 10:09:00,14.13,14.14,14.13,14.14,2100,29676.0
000026.SZ,2026-03-20 10:10:00,14.13,14.14,14.13,14.13,9700,137059.0
000026.SZ,2026-03-20 10:11:00,14.12,14.12,14.11,14.11,5100,72001.0
000026.SZ,2026-03-20 10:12:00,14.12,14.12,14.11,14.11,18300,258364.0
000026.SZ,2026-03-20 10:13:00,14.12,14.12,14.12,14.12,2000,28240.0
000026.SZ,2026-03-20 10:14:00,14.12,14.12,14.1,14.1,14400,203101.0
000026.SZ,2026-03-20 10:15:00,14.09,14.1,14.06,14.06,45400,639338.0
000026.SZ,2026-03-20 10:16:00,14.07,14.07,14.06,14.07,5400,75942.0
000026.SZ,2026-03-20 10:17:00,14.06,14.08,14.06,14.07,12200,171565.0
000026.SZ,2026-03-20 10:18:00,14.06,14.09,14.06,14.09,6700,94373.0
000026.SZ,2026-03-20 10:19:00,14.1,14.11,14.1,14.11,6700,94535.0
000026.SZ,2026-03-20 10:20:00,14.1,14.12,14.1,14.12,5200,73325.0
000026.SZ,2026-03-20 10:21:00,14.12,14.12,14.11,14.11,11500,162259.0
000026.SZ,2026-03-20 10:22:00,14.11,14.11,14.11,14.11,400,5644.0
000026.SZ,2026-03-20 10:23:00,14.11,14.12,14.11,14.12,33700,475515.0
000026.SZ,2026-03-20 10:24:00,14.11,14.11,14.09,14.09,10200,143828.0
000026.SZ,2026-03-20 10:25:00,14.11,14.11,14.09,14.09,3000,42280.0
000026.SZ,2026-03-20 10:26:00,14.1,14.1,14.1,14.1,600,8460.0
000026.SZ,2026-03-20 10:27:00,14.11,14.11,14.1,14.11,5300,74781.0
000026.SZ,2026-03-20 10:28:00,14.11,14.11,14.09,14.09,7300,102894.0
000026.SZ,2026-03-20 10:29:00,14.09,14.1,14.09,14.1,900,12682.0
000026.SZ,2026-03-20 10:30:00,14.08,14.1,14.08,14.09,1600,22557.0
000026.SZ,2026-03-20 10:31:00,14.11,14.11,14.09,14.1,13600,191712.0
000026.SZ,2026-03-20 10:32:00,14.08,14.08,14.07,14.07,4700,66168.0
000026.SZ,2026-03-20 10:33:00,14.08,14.08,14.07,14.08,3800,53490.0
000026.SZ,2026-03-20 10:34:00,14.08,14.08,14.08,14.08,5100,71808.0
000026.SZ,2026-03-20 10:35:00,14.09,14.1,14.09,14.09,10300,145167.0
000026.SZ,2026-03-20 10:36:00,14.09,14.1,14.09,14.1,6100,85962.0
000026.SZ,2026-03-20 10:37:00,14.09,14.1,14.09,14.1,5500,77531.0
000026.SZ,2026-03-20 10:38:00,14.1,14.1,14.08,14.08,12800,180271.0
000026.SZ,2026-03-20 10:39:00,14.07,14.07,14.06,14.07,13800,194165.0
000026.SZ,2026-03-20 10:40:00,14.06,14.06,14.03,14.03,49400,694203.0
000026.SZ,2026-03-20 10:41:00,14.03,14.04,14.02,14.02,19800,277789.0
000026.SZ,2026-03-20 10:42:00,14.03,14.04,14.02,14.02,9900,138879.0
000026.SZ,2026-03-20 10:43:00,14.03,14.04,14.02,14.02,17500,245402.0
000026.SZ,2026-03-20 10:44:00,14.04,14.04,14.04,14.04,2100,29487.0
000026.SZ,2026-03-20 10:45:00,14.04,14.04,14.04,14.04,1200,16856.0
000026.SZ,2026-03-20 10:46:00,14.04,14.04,14.03,14.03,4200,58966.0
000026.SZ,2026-03-20 10:47:00,14.02,14.03,14.02,14.03,8900,124812.0
000026.SZ,2026-03-20 10:48:00,14.05,14.05,14.05,14.05,4300,60384.0
000026.SZ,2026-03-20 10:49:00,14.04,14.05,14.04,14.05,2300,32310.0
000026.SZ,2026-03-20 10:50:00,14.05,14.05,14.05,14.05,3000,42150.0
000026.SZ,2026-03-20 10:51:00,14.05,14.05,14.04,14.04,7700,108135.0
000026.SZ,2026-03-20 10:52:00,14.03,14.04,14.03,14.04,7400,103824.0
000026.SZ,2026-03-20 10:53:00,14.05,14.05,14.05,14.05,2300,32315.0
000026.SZ,2026-03-20 10:54:00,14.04,14.05,14.04,14.05,3400,47742.0
000026.SZ,2026-03-20 10:55:00,14.05,14.06,14.05,14.05,3500,49186.0
000026.SZ,2026-03-20 10:56:00,14.06,14.06,14.05,14.05,3300,46372.0
000026.SZ,2026-03-20 10:57:00,14.05,14.05,14.03,14.03,15800,221740.0
000026.SZ,2026-03-20 10:58:00,14.02,14.02,14.02,14.02,16800,235537.0
000026.SZ,2026-03-20 10:59:00,14.02,14.02,14.02,14.02,11400,159838.0
000026.SZ,2026-03-20 11:00:00,14.03,14.03,14.0,14.0,14800,207328.0
000026.SZ,2026-03-20 11:01:00,14.01,14.01,14.0,14.0,55000,770029.0
000026.SZ,2026-03-20 11:02:00,14.0,14.0,13.99,13.99,12500,174957.0
000026.SZ,2026-03-20 11:03:00,13.98,13.99,13.97,13.97,10900,152355.0
000026.SZ,2026-03-20 11:04:00,13.97,13.98,13.97,13.98,8600,120216.0
000026.SZ,2026-03-20 11:05:00,13.99,14.0,13.99,14.0,10800,151159.0
000026.SZ,2026-03-20 11:06:00,14.02,14.04,14.02,14.04,39800,557700.0
000026.SZ,2026-03-20 11:07:00,14.04,14.04,14.03,14.03,8400,117916.0
000026.SZ,2026-03-20 11:08:00,14.03,14.05,14.03,14.05,4000,56190.0
000026.SZ,2026-03-20 11:09:00,14.06,14.07,14.06,14.07,2500,35166.0
000026.SZ,2026-03-20 11:10:00,14.08,14.08,14.06,14.06,9600,135079.0
000026.SZ,2026-03-20 11:11:00,14.06,14.06,14.06,14.06,400,5624.0
000026.SZ,2026-03-20 11:12:00,14.06,14.07,14.06,14.07,9600,135052.0
000026.SZ,2026-03-20 11:13:00,14.07,14.07,14.07,14.07,3300,46431.0
000026.SZ,2026-03-20 11:14:00,14.06,14.07,14.06,14.07,3200,45009.0
000026.SZ,2026-03-20 11:15:00,14.07,14.09,14.07,14.08,7600,107011.0
000026.SZ,2026-03-20 11:16:00,14.08,14.1,14.08,14.1,2800,39438.0
000026.SZ,2026-03-20 11:17:00,14.11,14.15,14.11,14.15,23300,329472.0
000026.SZ,2026-03-20 11:18:00,14.15,14.18,14.15,14.16,11600,164448.0
000026.SZ,2026-03-20 11:19:00,14.16,14.16,14.15,14.15,7200,101950.0
000026.SZ,2026-03-20 11:20:00,14.15,14.17,14.15,14.17,4300,60891.0
000026.SZ,2026-03-20 11:21:00,14.15,14.16,14.15,14.15,5900,83487.0
000026.SZ,2026-03-20 11:22:00,14.13,14.15,14.13,14.15,9300,131412.0
000026.SZ,2026-03-20 11:23:00,14.15,14.15,14.14,14.14,1800,25469.0
000026.SZ,2026-03-20 11:24:00,14.15,14.17,14.15,14.17,14100,199712.0
000026.SZ,2026-03-20 11:25:00,14.15,14.15,14.15,14.15,600,8490.0
000026.SZ,2026-03-20 11:26:00,14.17,14.17,14.17,14.17,3000,42509.0
000026.SZ,2026-03-20 11:27:00,14.16,14.17,14.16,14.16,16100,228052.0
000026.SZ,2026-03-20 11:28:00,14.15,14.17,14.15,14.16,2300,32555.0
000026.SZ,2026-03-20 11:29:00,14.16,14.19,14.15,14.17,12700,179898.0
000026.SZ,2026-03-20 11:30:00,14.16,14.18,14.16,14.18,2100,29765.0
000026.SZ,2026-03-20 13:01:00,14.18,14.23,14.18,14.21,35300,501639.0
000026.SZ,2026-03-20 13:02:00,14.21,14.22,14.2,14.2,9700,137789.0
000026.SZ,2026-03-20 13:03:00,14.2,14.22,14.2,14.22,15000,213228.0
000026.SZ,2026-03-20 13:04:00,14.21,14.24,14.2,14.24,28500,405376.0
000026.SZ,2026-03-20 13:05:00,14.23,14.23,14.21,14.21,8600,122322.0
000026.SZ,2026-03-20 13:06:00,14.21,14.23,14.21,14.21,8100,115054.0
000026.SZ,2026-03-20 13:07:00,14.2,14.22,14.2,14.22,9300,132179.0
000026.SZ,2026-03-20 13:08:00,14.22,14.24,14.22,14.23,13900,197836.0
000026.SZ,2026-03-20 13:09:00,14.22,14.23,14.22,14.22,4600,65439.0
000026.SZ,2026-03-20 13:10:00,14.22,14.23,14.21,14.21,8000,113765.0
000026.SZ,2026-03-20 13:11:00,14.21,14.21,14.2,14.2,10200,144885.0
000026.SZ,2026-03-20 13:12:00,14.2,14.2,14.19,14.19,17800,252677.0
000026.SZ,2026-03-20 13:13:00,14.19,14.19,14.18,14.18,3400,48214.0
000026.SZ,2026-03-20 13:14:00,14.18,14.18,14.17,14.18,4400,62382.0
000026.SZ,2026-03-20 13:15:00,14.18,14.18,14.18,14.18,1800,25524.0
000026.SZ,2026-03-20 13:16:00,14.18,14.18,14.16,14.16,3300,46760.0
000026.SZ,2026-03-20 13:17:00,14.18,14.18,14.1,14.1,25700,363500.0
000026.SZ,2026-03-20 13:18:00,14.13,14.13,14.13,14.13,300,4239.0
000026.SZ,2026-03-20 13:19:00,14.13,14.14,14.13,14.14,2700,38167.0
000026.SZ,2026-03-20 13:20:00,14.14,14.15,14.13,14.13,5400,76308.0
000026.SZ,2026-03-20 13:21:00,14.12,14.13,14.12,14.12,8800,124289.0
000026.SZ,2026-03-20 13:22:00,14.12,14.12,14.12,14.12,4600,64951.0
000026.SZ,2026-03-20 13:23:00,14.11,14.12,14.11,14.12,1700,24003.0
000026.SZ,2026-03-20 13:24:00,14.12,14.13,14.12,14.13,3100,43775.0
000026.SZ,2026-03-20 13:25:00,14.12,14.12,14.12,14.12,7700,108724.0
000026.SZ,2026-03-20 13:26:00,14.12,14.13,14.12,14.13,5900,83335.0
000026.SZ,2026-03-20 13:27:00,14.13,14.14,14.13,14.14,12200,172485.0
000026.SZ,2026-03-20 13:28:00,14.13,14.14,14.13,14.14,6300,89032.0
000026.SZ,2026-03-20 13:29:00,14.13,14.14,14.13,14.14,800,11311.0
000026.SZ,2026-03-20 13:30:00,14.14,14.14,14.14,14.14,100,1414.0
000026.SZ,2026-03-20 13:31:00,14.14,14.14,14.12,14.12,17700,249982.0
000026.SZ,2026-03-20 13:32:00,14.12,14.12,14.11,14.12,1300,18354.0
000026.SZ,2026-03-20 13:33:00,14.12,14.13,14.12,14.13,16800,237258.0
000026.SZ,2026-03-20 13:34:00,14.13,14.13,14.11,14.11,6200,87547.0
000026.SZ,2026-03-20 13:35:00,14.12,14.12,14.11,14.12,1800,25413.0
000026.SZ,2026-03-20 13:36:00,14.12,14.13,14.12,14.13,1800,25424.0
000026.SZ,2026-03-20 13:37:00,14.12,14.17,14.12,14.17,42500,600862.0
000026.SZ,2026-03-20 13:38:00,14.16,14.17,14.14,14.14,15500,219470.0
000026.SZ,2026-03-20 13:39:00,14.15,14.15,14.14,14.14,2700,38183.0
000026.SZ,2026-03-20 13:40:00,14.14,14.15,14.14,14.14,1700,24039.0
000026.SZ,2026-03-20 13:41:00,14.14,14.14,14.14,14.14,3200,45248.0
000026.SZ,2026-03-20 13:42:00,14.14,14.15,14.14,14.15,6900,97568.0
000026.SZ,2026-03-20 13:43:00,14.15,14.15,14.15,14.15,6000,84900.0
000026.SZ,2026-03-20 13:44:00,14.15,14.16,14.15,14.16,2900,41047.0
000026.SZ,2026-03-20 13:45:00,14.17,14.18,14.17,14.18,5600,79390.0
000026.SZ,2026-03-20 13:46:00,14.18,14.19,14.18,14.18,2200,31199.0
000026.SZ,2026-03-20 13:47:00,14.17,14.17,14.17,14.17,5700,80769.0
000026.SZ,2026-03-20 13:48:00,14.17,14.17,14.16,14.16,10800,152958.0
000026.SZ,2026-03-20 13:49:00,14.16,14.16,14.16,14.16,500,7080.0
000026.SZ,2026-03-20 13:50:00,14.16,14.17,14.16,14.16,2600,36819.0
000026.SZ,2026-03-20 13:51:00,14.15,14.16,14.15,14.15,1400,19814.0
000026.SZ,2026-03-20 13:52:00,14.15,14.15,14.13,14.14,16800,237600.0
000026.SZ,2026-03-20 13:53:00,14.12,14.12,14.11,14.11,28600,403922.0
000026.SZ,2026-03-20 13:54:00,14.12,14.12,14.11,14.12,600,8468.0
000026.SZ,2026-03-20 13:55:00,14.12,14.12,14.12,14.12,400,5648.0
000026.SZ,2026-03-20 13:56:00,14.11,14.12,14.11,14.12,600,8468.0
000026.SZ,2026-03-20 13:57:00,14.12,14.12,14.11,14.11,5700,80432.0
000026.SZ,2026-03-20 13:58:00,14.12,14.12,14.11,14.12,1100,15527.0
000026.SZ,2026-03-20 13:59:00,14.11,14.11,14.1,14.11,4000,56437.0
000026.SZ,2026-03-20 14:00:00,14.11,14.11,14.1,14.1,8800,124128.0
000026.SZ,2026-03-20 14:01:00,14.1,14.1,14.08,14.08,7300,102853.0
000026.SZ,2026-03-20 14:02:00,14.08,14.09,14.08,14.09,3200,45058.0
000026.SZ,2026-03-20 14:03:00,14.08,14.08,14.07,14.07,9000,126719.0
000026.SZ,2026-03-20 14:04:00,14.08,14.08,14.08,14.08,800,11264.0
000026.SZ,2026-03-20 14:05:00,14.08,14.08,14.08,14.08,1700,23936.0
000026.SZ,2026-03-20 14:06:00,14.08,14.08,14.08,14.08,1400,19712.0
000026.SZ,2026-03-20 14:07:00,14.08,14.1,14.08,14.1,8700,122589.0
000026.SZ,2026-03-20 14:08:00,14.1,14.1,14.1,14.1,1000,14100.0
000026.SZ,2026-03-20 14:09:00,14.1,14.1,14.09,14.09,3900,54952.0
000026.SZ,2026-03-20 14:10:00,14.09,14.1,14.08,14.08,5200,73267.0
000026.SZ,2026-03-20 14:11:00,14.08,14.09,14.08,14.08,20800,292878.0
000026.SZ,2026-03-20 14:12:00,14.06,14.06,14.05,14.06,67000,942546.0
000026.SZ,2026-03-20 14:13:00,14.05,14.06,14.04,14.05,10700,150322.0
000026.SZ,2026-03-20 14:14:00,14.06,14.06,14.05,14.05,4700,66040.0
000026.SZ,2026-03-20 14:15:00,14.04,14.04,14.04,14.04,200,2808.0
000026.SZ,2026-03-20 14:16:00,14.05,14.06,14.05,14.06,5700,80087.0
000026.SZ,2026-03-20 14:17:00,14.06,14.06,14.05,14.05,6900,96965.0
000026.SZ,2026-03-20 14:18:00,14.04,14.05,14.04,14.04,2900,40740.0
000026.SZ,2026-03-20 14:19:00,14.05,14.07,14.05,14.07,8200,115243.0
000026.SZ,2026-03-20 14:20:00,14.07,14.07,14.04,14.06,5600,78701.0
000026.SZ,2026-03-20 14:21:00,14.04,14.05,14.04,14.05,2700,37931.0
000026.SZ,2026-03-20 14:22:00,14.05,14.05,14.04,14.05,600,8429.0
000026.SZ,2026-03-20 14:23:00,14.04,14.05,14.04,14.05,800,11234.0
000026.SZ,2026-03-20 14:24:00,14.05,14.05,14.04,14.04,9200,129224.0
000026.SZ,2026-03-20 14:25:00,14.04,14.05,14.04,14.05,26300,369466.0
000026.SZ,2026-03-20 14:26:00,14.05,14.05,14.04,14.05,2700,37925.0
000026.SZ,2026-03-20 14:27:00,14.04,14.05,14.04,14.05,6000,84273.0
000026.SZ,2026-03-20 14:28:00,14.04,14.05,14.04,14.04,12000,168508.0
000026.SZ,2026-03-20 14:29:00,14.04,14.05,14.04,14.04,30300,425460.0
000026.SZ,2026-03-20 14:30:00,14.05,14.05,14.04,14.05,8400,118004.0
000026.SZ,2026-03-20 14:31:00,14.06,14.06,14.04,14.04,47900,672841.0
000026.SZ,2026-03-20 14:32:00,14.04,14.05,14.03,14.04,18800,263921.0
000026.SZ,2026-03-20 14:33:00,14.03,14.04,14.03,14.04,6600,92606.0
000026.SZ,2026-03-20 14:34:00,14.03,14.04,14.03,14.03,6000,84193.0
000026.SZ,2026-03-20 14:35:00,14.04,14.04,14.03,14.04,8500,119278.0
000026.SZ,2026-03-20 14:36:00,14.03,14.04,14.03,14.03,26900,377442.0
000026.SZ,2026-03-20 14:37:00,14.02,14.03,14.02,14.03,16800,235582.0
000026.SZ,2026-03-20 14:38:00,14.03,14.03,14.01,14.01,70700,990439.0
000026.SZ,2026-03-20 14:39:00,14.01,14.02,14.0,14.0,14300,200317.0
000026.SZ,2026-03-20 14:40:00,14.01,14.01,14.0,14.0,5800,81251.0
000026.SZ,2026-03-20 14:41:00,14.0,14.0,13.99,13.99,30900,432589.0
000026.SZ,2026-03-20 14:42:00,13.99,14.0,13.99,14.0,14300,200098.0
000026.SZ,2026-03-20 14:43:00,13.98,13.98,13.96,13.96,83100,1161880.0
000026.SZ,2026-03-20 14:44:00,13.97,13.98,13.96,13.98,20300,283596.16
000026.SZ,2026-03-20 14:45:00,13.97,13.97,13.96,13.97,7900,110335.0
000026.SZ,2026-03-20 14:46:00,13.97,13.97,13.95,13.95,16000,223386.0
000026.SZ,2026-03-20 14:47:00,13.95,13.97,13.95,13.95,13700,191287.0
000026.SZ,2026-03-20 14:48:00,13.96,13.97,13.95,13.97,19700,275109.0
000026.SZ,2026-03-20 14:49:00,13.97,13.98,13.95,13.97,58200,812822.0
000026.SZ,2026-03-20 14:50:00,13.94,13.97,13.94,13.96,15700,219041.0
000026.SZ,2026-03-20 14:51:00,13.95,13.96,13.93,13.95,46500,648308.0
000026.SZ,2026-03-20 14:52:00,13.95,13.96,13.94,13.95,24400,340466.0
000026.SZ,2026-03-20 14:53:00,13.96,13.96,13.93,13.93,47300,659117.0
000026.SZ,2026-03-20 14:54:00,13.92,13.93,13.9,13.9,24700,343630.0
000026.SZ,2026-03-20 14:55:00,13.9,13.91,13.9,13.9,17600,244701.0
000026.SZ,2026-03-20 14:56:00,13.9,13.91,13.89,13.9,27500,382205.0
000026.SZ,2026-03-20 14:57:00,13.91,13.91,13.88,13.91,11400,158477.0
000026.SZ,2026-03-20 14:58:00,13.91,13.91,13.91,13.91,0,0.0
000026.SZ,2026-03-20 14:59:00,13.91,13.91,13.91,13.91,0,0.0
000026.SZ,2026-03-20 15:00:00,13.93,13.93,13.93,13.93,208300,2901619.0
000026.SZ,2026-03-23 09:30:00,13.5,13.5,13.48,13.48,45000,607498.0
000026.SZ,2026-03-23 09:31:00,13.5,13.5,13.38,13.4,98050,1317977.0
000026.SZ,2026-03-23 09:32:00,13.45,13.54,13.36,13.51,162100,2177680.0
000026.SZ,2026-03-23 09:33:00,13.52,13.65,13.5,13.57,145900,1979478.0
000026.SZ,2026-03-23 09:34:00,13.52,13.53,13.45,13.52,43400,585999.0
000026.SZ,2026-03-23 09:35:00,13.53,13.53,13.42,13.42,26500,357378.0
000026.SZ,2026-03-23 09:36:00,13.45,13.45,13.36,13.36,64100,860646.0
000026.SZ,2026-03-23 09:37:00,13.35,13.4,13.32,13.37,68200,911675.0
000026.SZ,2026-03-23 09:38:00,13.37,13.46,13.37,13.46,61600,825956.0
000026.SZ,2026-03-23 09:39:00,13.46,13.48,13.42,13.48,43800,589661.0
000026.SZ,2026-03-23 09:40:00,13.43,13.57,13.43,13.57,50000,677410.0
000026.SZ,2026-03-23 09:41:00,13.57,13.57,13.48,13.48,49200,665686.0
000026.SZ,2026-03-23 09:42:00,13.46,13.49,13.46,13.46,16800,226428.0
000026.SZ,2026-03-23 09:43:00,13.45,13.49,13.43,13.47,20600,277430.0
000026.SZ,2026-03-23 09:44:00,13.48,13.5,13.45,13.47,38300,515952.0
000026.SZ,2026-03-23 09:45:00,13.47,13.5,13.44,13.45,31800,428023.0
000026.SZ,2026-03-23 09:46:00,13.44,13.49,13.44,13.48,47000,632389.0
000026.SZ,2026-03-23 09:47:00,13.47,13.52,13.47,13.5,40800,550629.0
000026.SZ,2026-03-23 09:48:00,13.52,13.54,13.51,13.54,12600,170359.0
000026.SZ,2026-03-23 09:49:00,13.54,13.54,13.5,13.5,27300,369220.0
000026.SZ,2026-03-23 09:50:00,13.49,13.53,13.49,13.53,13800,186556.0
000026.SZ,2026-03-23 09:51:00,13.54,13.54,13.51,13.51,72700,983296.0
000026.SZ,2026-03-23 09:52:00,13.5,13.5,13.49,13.5,18200,245625.0
000026.SZ,2026-03-23 09:53:00,13.48,13.51,13.48,13.48,12300,165964.0
000026.SZ,2026-03-23 09:54:00,13.5,13.51,13.47,13.47,13700,184988.0
000026.SZ,2026-03-23 09:55:00,13.47,13.49,13.45,13.49,29900,402597.0
000026.SZ,2026-03-23 09:56:00,13.46,13.54,13.46,13.54,10300,139299.0
000026.SZ,2026-03-23 09:57:00,13.54,13.58,13.52,13.58,23200,314342.0
000026.SZ,2026-03-23 09:58:00,13.57,13.59,13.54,13.54,29500,400179.0
000026.SZ,2026-03-23 09:59:00,13.54,13.62,13.54,13.62,56500,767394.0
000026.SZ,2026-03-23 10:00:00,13.64,13.64,13.6,13.62,22900,311951.0
000026.SZ,2026-03-23 10:01:00,13.6,13.64,13.6,13.61,14000,190698.0
000026.SZ,2026-03-23 10:02:00,13.61,13.63,13.61,13.63,18100,246510.0
000026.SZ,2026-03-23 10:03:00,13.63,13.65,13.63,13.65,34700,473348.0
000026.SZ,2026-03-23 10:04:00,13.66,13.69,13.66,13.69,30500,417364.0
000026.SZ,2026-03-23 10:05:00,13.69,13.71,13.68,13.69,70000,958521.0
000026.SZ,2026-03-23 10:06:00,13.69,13.69,13.68,13.68,2900,39676.0
000026.SZ,2026-03-23 10:07:00,13.68,13.71,13.68,13.7,12800,175383.0
000026.SZ,2026-03-23 10:08:00,13.69,13.71,13.69,13.69,12000,164396.0
000026.SZ,2026-03-23 10:09:00,13.71,13.73,13.66,13.69,19700,270181.0
000026.SZ,2026-03-23 10:10:00,13.72,13.72,13.69,13.69,900,12324.0
000026.SZ,2026-03-23 10:11:00,13.69,13.69,13.66,13.66,12800,175006.0
000026.SZ,2026-03-23 10:12:00,13.67,13.67,13.61,13.61,14700,200744.0
000026.SZ,2026-03-23 10:13:00,13.64,13.66,13.64,13.64,21400,291914.0
000026.SZ,2026-03-23 10:14:00,13.65,13.66,13.65,13.66,8000,109275.0
000026.SZ,2026-03-23 10:15:00,13.66,13.68,13.65,13.67,50100,684419.0
000026.SZ,2026-03-23 10:16:00,13.65,13.65,13.64,13.65,3200,43674.0
000026.SZ,2026-03-23 10:17:00,13.65,13.65,13.64,13.65,2200,30010.0
000026.SZ,2026-03-23 10:18:00,13.64,13.66,13.63,13.66,9000,122840.0
000026.SZ,2026-03-23 10:19:00,13.66,13.67,13.65,13.66,9200,125655.0
000026.SZ,2026-03-23 10:20:00,13.66,13.67,13.66,13.67,4000,54669.0
000026.SZ,2026-03-23 10:21:00,13.67,13.68,13.67,13.68,1400,19145.0
000026.SZ,2026-03-23 10:22:00,13.67,13.67,13.66,13.66,3000,41006.0
000026.SZ,2026-03-23 10:23:00,13.65,13.68,13.65,13.68,21500,293559.0
000026.SZ,2026-03-23 10:24:00,13.67,13.67,13.67,13.67,2500,34175.0
000026.SZ,2026-03-23 10:25:00,13.67,13.67,13.65,13.65,6400,87388.0
000026.SZ,2026-03-23 10:26:00,13.65,13.65,13.64,13.64,2900,39583.0
000026.SZ,2026-03-23 10:27:00,13.63,13.64,13.63,13.63,9600,130873.0
000026.SZ,2026-03-23 10:28:00,13.63,13.63,13.63,13.63,3000,40890.0
000026.SZ,2026-03-23 10:29:00,13.64,13.64,13.64,13.64,3800,51832.0
000026.SZ,2026-03-23 10:30:00,13.61,13.64,13.61,13.64,1300,17713.0
000026.SZ,2026-03-23 10:31:00,13.6,13.6,13.56,13.57,66200,900419.0
000026.SZ,2026-03-23 10:32:00,13.57,13.58,13.57,13.57,7200,97724.0
000026.SZ,2026-03-23 10:33:00,13.56,13.57,13.56,13.57,7200,97663.0
000026.SZ,2026-03-23 10:34:00,13.57,13.57,13.56,13.56,4900,66450.0
000026.SZ,2026-03-23 10:35:00,13.57,13.57,13.54,13.54,14800,200610.0
000026.SZ,2026-03-23 10:36:00,13.54,13.55,13.53,13.53,30800,416969.0
000026.SZ,2026-03-23 10:37:00,13.53,13.54,13.53,13.54,14000,189438.0
000026.SZ,2026-03-23 10:38:00,13.54,13.55,13.54,13.55,3800,51485.0
000026.SZ,2026-03-23 10:39:00,13.55,13.55,13.53,13.53,5900,79887.0
000026.SZ,2026-03-23 10:40:00,13.53,13.53,13.51,13.51,5100,68972.0
000026.SZ,2026-03-23 10:41:00,13.52,13.52,13.51,13.52,4300,58146.0
000026.SZ,2026-03-23 10:42:00,13.52,13.52,13.5,13.5,18600,251342.0
000026.SZ,2026-03-23 10:43:00,13.53,13.53,13.53,13.53,500,6765.0
000026.SZ,2026-03-23 10:44:00,13.5,13.52,13.5,13.51,2300,31062.0
000026.SZ,2026-03-23 10:45:00,13.51,13.51,13.51,13.51,3300,44583.0
000026.SZ,2026-03-23 10:46:00,13.48,13.5,13.48,13.49,16500,222677.0
000026.SZ,2026-03-23 10:47:00,13.49,13.49,13.49,13.49,400,5396.0
000026.SZ,2026-03-23 10:48:00,13.49,13.51,13.49,13.5,5000,67481.0
000026.SZ,2026-03-23 10:49:00,13.49,13.5,13.49,13.5,2700,36428.0
000026.SZ,2026-03-23 10:50:00,13.5,13.5,13.47,13.5,7100,95778.0
000026.SZ,2026-03-23 10:51:00,13.47,13.48,13.46,13.46,6700,90195.0
000026.SZ,2026-03-23 10:52:00,13.46,13.46,13.45,13.46,6000,80759.0
000026.SZ,2026-03-23 10:53:00,13.43,13.45,13.42,13.42,18500,248597.0
000026.SZ,2026-03-23 10:54:00,13.45,13.45,13.42,13.42,1400,18797.0
000026.SZ,2026-03-23 10:55:00,13.4,13.4,13.4,13.4,3100,41555.0
000026.SZ,2026-03-23 10:56:00,13.44,13.44,13.41,13.41,5300,71125.0
000026.SZ,2026-03-23 10:57:00,13.44,13.44,13.41,13.44,30100,403984.0
000026.SZ,2026-03-23 10:58:00,13.44,13.44,13.43,13.44,5100,68534.0
000026.SZ,2026-03-23 10:59:00,13.44,13.45,13.44,13.45,6200,83377.0
000026.SZ,2026-03-23 11:00:00,13.44,13.47,13.44,13.46,36500,491303.0
000026.SZ,2026-03-23 11:01:00,13.46,13.51,13.46,13.49,10000,134795.0
000026.SZ,2026-03-23 11:02:00,13.48,13.49,13.48,13.49,14200,191430.0
000026.SZ,2026-03-23 11:03:00,13.51,13.51,13.51,13.51,4200,56742.0
000026.SZ,2026-03-23 11:04:00,13.52,13.52,13.49,13.5,33800,456444.0
000026.SZ,2026-03-23 11:05:00,13.52,13.52,13.52,13.52,1600,21632.0
000026.SZ,2026-03-23 11:06:00,13.52,13.52,13.49,13.5,9900,133676.0
000026.SZ,2026-03-23 11:07:00,13.5,13.5,13.5,13.5,200,2700.0
000026.SZ,2026-03-23 11:08:00,13.5,13.5,13.49,13.49,4300,58013.0
000026.SZ,2026-03-23 11:09:00,13.49,13.5,13.48,13.48,9400,126855.0
000026.SZ,2026-03-23 11:10:00,13.48,13.48,13.48,13.48,19000,256120.0
000026.SZ,2026-03-23 11:11:00,13.48,13.48,13.45,13.48,12700,170868.0
000026.SZ,2026-03-23 11:12:00,13.47,13.48,13.47,13.48,29000,390644.0
000026.SZ,2026-03-23 11:13:00,13.48,13.48,13.48,13.48,2100,28308.0
000026.SZ,2026-03-23 11:14:00,13.46,13.48,13.45,13.47,2000,26928.0
000026.SZ,2026-03-23 11:15:00,13.47,13.47,13.45,13.45,3900,52489.0
000026.SZ,2026-03-23 11:16:00,13.45,13.45,13.45,13.45,2300,30935.0
000026.SZ,2026-03-23 11:17:00,13.44,13.44,13.44,13.44,1700,22848.0
000026.SZ,2026-03-23 11:18:00,13.45,13.45,13.45,13.45,2400,32280.0
000026.SZ,2026-03-23 11:19:00,13.46,13.46,13.45,13.46,3200,43065.0
000026.SZ,2026-03-23 11:20:00,13.45,13.45,13.43,13.43,20200,271481.0
000026.SZ,2026-03-23 11:21:00,13.46,13.46,13.43,13.44,1700,22847.0
000026.SZ,2026-03-23 11:22:00,13.44,13.45,13.44,13.44,4100,55122.0
000026.SZ,2026-03-23 11:23:00,13.45,13.45,13.42,13.45,1600,21517.0
000026.SZ,2026-03-23 11:24:00,13.44,13.44,13.44,13.44,200,2688.0
000026.SZ,2026-03-23 11:25:00,13.43,13.43,13.43,13.43,2300,30891.0
000026.SZ,2026-03-23 11:26:00,13.42,13.43,13.42,13.42,4400,59070.0
000026.SZ,2026-03-23 11:27:00,13.42,13.43,13.42,13.43,9300,124897.0
000026.SZ,2026-03-23 11:28:00,13.44,13.44,13.43,13.43,3600,48353.0
000026.SZ,2026-03-23 11:29:00,13.44,13.44,13.4,13.4,10500,140865.0
000026.SZ,2026-03-23 11:30:00,13.4,13.4,13.38,13.39,42900,574755.0
000026.SZ,2026-03-23 13:01:00,13.39,13.43,13.36,13.41,47400,634540.0
000026.SZ,2026-03-23 13:02:00,13.43,13.43,13.41,13.42,2000,26836.0
000026.SZ,2026-03-23 13:03:00,13.42,13.45,13.42,13.45,9900,133041.0
000026.SZ,2026-03-23 13:04:00,13.46,13.48,13.45,13.45,16400,220747.0
000026.SZ,2026-03-23 13:05:00,13.49,13.49,13.44,13.44,9700,130608.0
000026.SZ,2026-03-23 13:06:00,13.44,13.44,13.41,13.41,12300,165161.0
000026.SZ,2026-03-23 13:07:00,13.4,13.41,13.39,13.4,9000,120605.0
000026.SZ,2026-03-23 13:08:00,13.4,13.43,13.39,13.43,44500,596304.0
000026.SZ,2026-03-23 13:09:00,13.4,13.4,13.35,13.35,66300,885784.0
000026.SZ,2026-03-23 13:10:00,13.35,13.36,13.33,13.34,11100,148133.0
000026.SZ,2026-03-23 13:11:00,13.33,13.33,13.3,13.3,43700,582138.0
000026.SZ,2026-03-23 13:12:00,13.31,13.31,13.3,13.3,23400,311224.0
000026.SZ,2026-03-23 13:13:00,13.3,13.31,13.28,13.31,22800,303226.0
000026.SZ,2026-03-23 13:14:00,13.31,13.32,13.31,13.32,500,6658.0
000026.SZ,2026-03-23 13:15:00,13.36,13.39,13.36,13.36,77200,1033546.0
000026.SZ,2026-03-23 13:16:00,13.37,13.37,13.32,13.32,14200,189357.0
000026.SZ,2026-03-23 13:17:00,13.31,13.33,13.3,13.33,21700,288816.0
000026.SZ,2026-03-23 13:18:00,13.33,13.34,13.3,13.31,29700,395534.0
000026.SZ,2026-03-23 13:19:00,13.31,13.45,13.31,13.35,112700,1505002.0
000026.SZ,2026-03-23 13:20:00,13.34,13.34,13.33,13.33,2600,34678.0
000026.SZ,2026-03-23 13:21:00,13.33,13.33,13.3,13.3,20300,270015.0
000026.SZ,2026-03-23 13:22:00,13.29,13.3,13.29,13.3,8400,111681.0
000026.SZ,2026-03-23 13:23:00,13.3,13.3,13.29,13.29,8700,115633.0
000026.SZ,2026-03-23 13:24:00,13.3,13.3,13.27,13.28,49400,656116.0
000026.SZ,2026-03-23 13:25:00,13.29,13.29,13.26,13.26,4800,63678.0
000026.SZ,2026-03-23 13:26:00,13.26,13.3,13.26,13.3,21100,280204.0
000026.SZ,2026-03-23 13:27:00,13.3,13.3,13.29,13.3,5300,70473.0
000026.SZ,2026-03-23 13:28:00,13.3,13.3,13.28,13.28,5600,74389.0
000026.SZ,2026-03-23 13:29:00,13.28,13.28,13.26,13.26,16700,221520.0
000026.SZ,2026-03-23 13:30:00,13.25,13.28,13.25,13.26,5700,75618.0
000026.SZ,2026-03-23 13:31:00,13.25,13.25,13.22,13.22,26500,350552.0
000026.SZ,2026-03-23 13:32:00,13.22,13.24,13.21,13.23,18200,240656.0
000026.SZ,2026-03-23 13:33:00,13.23,13.25,13.2,13.2,17200,227559.0
000026.SZ,2026-03-23 13:34:00,13.23,13.23,13.18,13.21,43100,568514.0
000026.SZ,2026-03-23 13:35:00,13.19,13.25,13.19,13.21,8400,111031.0
000026.SZ,2026-03-23 13:36:00,13.27,13.32,13.24,13.32,13200,175324.0
000026.SZ,2026-03-23 13:37:00,13.3,13.3,13.25,13.25,9900,131555.0
000026.SZ,2026-03-23 13:38:00,13.25,13.29,13.25,13.28,9600,127493.0
000026.SZ,2026-03-23 13:39:00,13.23,13.33,13.23,13.33,12400,164794.0
000026.SZ,2026-03-23 13:40:00,13.33,13.34,13.31,13.32,25400,338394.0
000026.SZ,2026-03-23 13:41:00,13.32,13.32,13.29,13.29,3800,50557.0
000026.SZ,2026-03-23 13:42:00,13.29,13.3,13.27,13.28,40200,534142.0
000026.SZ,2026-03-23 13:43:00,13.27,13.32,13.23,13.3,135800,1797637.0
000026.SZ,2026-03-23 13:44:00,13.24,13.31,13.24,13.31,6100,80799.0
000026.SZ,2026-03-23 13:45:00,13.23,13.28,13.22,13.25,21900,289776.0
000026.SZ,2026-03-23 13:46:00,13.24,13.27,13.22,13.23,20900,276689.0
000026.SZ,2026-03-23 13:47:00,13.22,13.27,13.21,13.27,17500,231565.0
000026.SZ,2026-03-23 13:48:00,13.26,13.28,13.26,13.27,1100,14597.0
000026.SZ,2026-03-23 13:49:00,13.23,13.27,13.21,13.25,11900,157449.0
000026.SZ,2026-03-23 13:50:00,13.23,13.23,13.22,13.22,2700,35706.0
000026.SZ,2026-03-23 13:51:00,13.22,13.22,13.21,13.21,8400,110982.0
000026.SZ,2026-03-23 13:52:00,13.21,13.22,13.19,13.19,22300,294432.0
000026.SZ,2026-03-23 13:53:00,13.19,13.21,13.17,13.18,30800,406026.0
000026.SZ,2026-03-23 13:54:00,13.18,13.22,13.16,13.22,28600,377236.0
000026.SZ,2026-03-23 13:55:00,13.22,13.25,13.22,13.22,2400,31731.0
000026.SZ,2026-03-23 13:56:00,13.19,13.22,13.17,13.2,8100,106830.0
000026.SZ,2026-03-23 13:57:00,13.21,13.29,13.21,13.22,15300,202454.0
000026.SZ,2026-03-23 13:58:00,13.22,13.24,13.22,13.24,1000,13230.0
000026.SZ,2026-03-23 13:59:00,13.21,13.32,13.21,13.32,27200,361489.0
000026.SZ,2026-03-23 14:00:00,13.33,13.34,13.32,13.32,10100,134542.0
000026.SZ,2026-03-23 14:01:00,13.33,13.33,13.25,13.27,23400,310630.0
000026.SZ,2026-03-23 14:02:00,13.27,13.28,13.27,13.28,10700,142027.0
000026.SZ,2026-03-23 14:03:00,13.27,13.27,13.24,13.27,7500,99454.0
000026.SZ,2026-03-23 14:04:00,13.23,13.26,13.23,13.23,24800,328114.0
000026.SZ,2026-03-23 14:05:00,13.21,13.23,13.2,13.22,17800,235047.0
000026.SZ,2026-03-23 14:06:00,13.2,13.23,13.2,13.2,28300,373680.0
000026.SZ,2026-03-23 14:07:00,13.2,13.21,13.2,13.21,4200,55452.0
000026.SZ,2026-03-23 14:08:00,13.2,13.2,13.18,13.19,6800,89711.0
000026.SZ,2026-03-23 14:09:00,13.18,13.19,13.18,13.19,17900,235934.0
000026.SZ,2026-03-23 14:10:00,13.19,13.22,13.19,13.22,43500,573959.0
000026.SZ,2026-03-23 14:11:00,13.23,13.24,13.22,13.23,12700,167935.0
000026.SZ,2026-03-23 14:12:00,13.23,13.23,13.2,13.2,24600,324978.0
000026.SZ,2026-03-23 14:13:00,13.21,13.24,13.21,13.24,5700,75386.0
000026.SZ,2026-03-23 14:14:00,13.24,13.28,13.24,13.27,102200,1354436.0
000026.SZ,2026-03-23 14:15:00,13.26,13.27,13.25,13.25,18300,242671.0
000026.SZ,2026-03-23 14:16:00,13.22,13.28,13.22,13.26,31400,416228.0
000026.SZ,2026-03-23 14:17:00,13.26,13.28,13.26,13.27,55700,738683.0
000026.SZ,2026-03-23 14:18:00,13.27,13.27,13.23,13.23,1400,18530.0
000026.SZ,2026-03-23 14:19:00,13.22,13.22,13.22,13.22,1400,18508.0
000026.SZ,2026-03-23 14:20:00,13.22,13.27,13.22,13.27,3400,45065.0
000026.SZ,2026-03-23 14:21:00,13.22,13.28,13.21,13.21,14800,196316.0
000026.SZ,2026-03-23 14:22:00,13.22,13.22,13.19,13.22,13400,176969.0
000026.SZ,2026-03-23 14:23:00,13.21,13.21,13.18,13.18,11500,151725.0
000026.SZ,2026-03-23 14:24:00,13.18,13.19,13.18,13.19,6700,88334.0
000026.SZ,2026-03-23 14:25:00,13.22,13.28,13.17,13.26,29900,396234.0
000026.SZ,2026-03-23 14:26:00,13.24,13.28,13.24,13.28,10500,139183.0
000026.SZ,2026-03-23 14:27:00,13.26,13.31,13.26,13.31,5400,71826.0
000026.SZ,2026-03-23 14:28:00,13.29,13.3,13.29,13.3,2400,31919.0
000026.SZ,2026-03-23 14:29:00,13.27,13.28,13.27,13.28,7800,103541.0
000026.SZ,2026-03-23 14:30:00,13.28,13.29,13.24,13.24,10400,137893.0
000026.SZ,2026-03-23 14:31:00,13.24,13.24,13.21,13.22,13400,177229.0
000026.SZ,2026-03-23 14:32:00,13.21,13.22,13.21,13.21,16100,212684.0
000026.SZ,2026-03-23 14:33:00,13.21,13.21,13.19,13.19,18900,249583.0
000026.SZ,2026-03-23 14:34:00,13.19,13.19,13.18,13.19,4100,54049.0
000026.SZ,2026-03-23 14:35:00,13.18,13.18,13.13,13.14,26200,344678.0
000026.SZ,2026-03-23 14:36:00,13.14,13.14,13.13,13.13,5700,74873.0
000026.SZ,2026-03-23 14:37:00,13.15,13.16,13.14,13.14,16000,210329.0
000026.SZ,2026-03-23 14:38:00,13.15,13.16,13.15,13.16,10200,134133.0
000026.SZ,2026-03-23 14:39:00,13.13,13.16,13.12,13.12,18900,248309.0
000026.SZ,2026-03-23 14:40:00,13.13,13.13,13.13,13.13,4000,52568.0
000026.SZ,2026-03-23 14:41:00,13.14,13.15,13.13,13.14,27600,362806.0
000026.SZ,2026-03-23 14:42:00,13.16,13.16,13.14,13.14,12100,159181.0
000026.SZ,2026-03-23 14:43:00,13.11,13.16,13.1,13.12,37500,492016.0
000026.SZ,2026-03-23 14:44:00,13.11,13.14,13.11,13.13,14700,192917.0
000026.SZ,2026-03-23 14:45:00,13.12,13.13,13.1,13.1,22900,300354.0
000026.SZ,2026-03-23 14:46:00,13.12,13.12,13.1,13.1,26500,347234.0
000026.SZ,2026-03-23 14:47:00,13.1,13.11,13.04,13.05,49900,652996.0
000026.SZ,2026-03-23 14:48:00,13.05,13.05,13.03,13.05,22400,292110.0
000026.SZ,2026-03-23 14:49:00,13.05,13.09,13.03,13.06,66000,860781.0
000026.SZ,2026-03-23 14:50:00,13.05,13.06,13.04,13.05,16200,211370.0
000026.SZ,2026-03-23 14:51:00,13.04,13.07,13.04,13.06,24400,318607.0
000026.SZ,2026-03-23 14:52:00,13.07,13.08,13.06,13.07,31500,411670.0
000026.SZ,2026-03-23 14:53:00,13.08,13.08,13.06,13.06,35700,466354.0
000026.SZ,2026-03-23 14:54:00,13.08,13.08,13.06,13.07,10800,141102.0
000026.SZ,2026-03-23 14:55:00,13.07,13.08,13.05,13.08,72900,952910.0
000026.SZ,2026-03-23 14:56:00,13.09,13.15,13.09,13.13,92900,1217731.0
000026.SZ,2026-03-23 14:57:00,13.13,13.17,13.13,13.17,39200,514963.0
000026.SZ,2026-03-23 14:58:00,13.17,13.17,13.17,13.17,0,0.0
000026.SZ,2026-03-23 14:59:00,13.17,13.17,13.17,13.17,0,0.0
000026.SZ,2026-03-23 15:00:00,13.16,13.16,13.16,13.16,33200,436912.0
000026.SZ,2026-03-24 09:30:00,13.52,13.52,13.47,13.47,56900,769158.0
000026.SZ,2026-03-24 09:31:00,13.48,13.59,13.48,13.52,175300,2373015.0
000026.SZ,2026-03-24 09:32:00,13.52,13.56,13.51,13.54,90300,1223731.0
000026.SZ,2026-03-24 09:33:00,13.53,13.53,13.46,13.47,42700,576198.0
000026.SZ,2026-03-24 09:34:00,13.46,13.47,13.41,13.47,59200,796389.0
000026.SZ,2026-03-24 09:35:00,13.46,13.5,13.45,13.5,29000,390285.0
000026.SZ,2026-03-24 09:36:00,13.47,13.49,13.47,13.49,37700,507864.0
000026.SZ,2026-03-24 09:37:00,13.48,13.49,13.47,13.49,24800,334331.0
000026.SZ,2026-03-24 09:38:00,13.5,13.5,13.48,13.48,25300,341110.0
000026.SZ,2026-03-24 09:39:00,13.47,13.49,13.45,13.45,17800,239810.0
000026.SZ,2026-03-24 09:40:00,13.44,13.45,13.4,13.4,22100,296687.0
000026.SZ,2026-03-24 09:41:00,13.41,13.42,13.39,13.42,27000,362022.0
000026.SZ,2026-03-24 09:42:00,13.42,13.48,13.42,13.44,117500,1580742.0
000026.SZ,2026-03-24 09:43:00,13.43,13.44,13.39,13.44,95400,1280080.0
000026.SZ,2026-03-24 09:44:00,13.45,13.45,13.4,13.4,20500,275031.0
000026.SZ,2026-03-24 09:45:00,13.4,13.42,13.39,13.42,20300,272057.0
000026.SZ,2026-03-24 09:46:00,13.42,13.42,13.4,13.4,10100,135462.0
000026.SZ,2026-03-24 09:47:00,13.4,13.4,13.37,13.37,9000,120404.0
000026.SZ,2026-03-24 09:48:00,13.37,13.37,13.34,13.34,13300,177682.0
000026.SZ,2026-03-24 09:49:00,13.35,13.35,13.33,13.35,36000,480724.0
000026.SZ,2026-03-24 09:50:00,13.35,13.35,13.32,13.32,12400,165392.0
000026.SZ,2026-03-24 09:51:00,13.33,13.33,13.31,13.33,11100,147883.0
000026.SZ,2026-03-24 09:52:00,13.34,13.39,13.34,13.39,26800,358111.0
000026.SZ,2026-03-24 09:53:00,13.39,13.4,13.39,13.39,9000,120522.0
000026.SZ,2026-03-24 09:54:00,13.39,13.42,13.39,13.42,26100,349662.0
000026.SZ,2026-03-24 09:55:00,13.4,13.44,13.4,13.42,32300,433758.0
000026.SZ,2026-03-24 09:56:00,13.42,13.42,13.4,13.42,27100,363313.0
000026.SZ,2026-03-24 09:57:00,13.41,13.43,13.41,13.43,11600,155615.0
000026.SZ,2026-03-24 09:58:00,13.43,13.44,13.4,13.4,20400,273818.0
000026.SZ,2026-03-24 09:59:00,13.4,13.43,13.38,13.43,54700,732990.0
000026.SZ,2026-03-24 10:00:00,13.42,13.43,13.4,13.42,6100,81851.0
000026.SZ,2026-03-24 10:01:00,13.41,13.43,13.37,13.37,26400,354081.0
000026.SZ,2026-03-24 10:02:00,13.37,13.44,13.37,13.44,79200,1062569.0
000026.SZ,2026-03-24 10:03:00,13.42,13.45,13.42,13.45,22000,295682.0
000026.SZ,2026-03-24 10:04:00,13.44,13.47,13.43,13.46,59200,796276.0
000026.SZ,2026-03-24 10:05:00,13.47,13.47,13.45,13.46,42000,565743.0
000026.SZ,2026-03-24 10:06:00,13.46,13.46,13.45,13.45,7000,94176.0
000026.SZ,2026-03-24 10:07:00,13.47,13.54,13.47,13.54,164300,2216836.0
000026.SZ,2026-03-24 10:08:00,13.54,13.58,13.54,13.56,126500,1715337.0
000026.SZ,2026-03-24 10:09:00,13.57,13.57,13.56,13.56,28700,389392.0
000026.SZ,2026-03-24 10:10:00,13.56,13.56,13.53,13.53,15700,212689.0
000026.SZ,2026-03-24 10:11:00,13.53,13.53,13.5,13.51,9000,121664.0
000026.SZ,2026-03-24 10:12:00,13.51,13.53,13.51,13.52,13000,175740.0
000026.SZ,2026-03-24 10:13:00,13.53,13.53,13.52,13.52,9100,123108.0
000026.SZ,2026-03-24 10:14:00,13.51,13.53,13.51,13.53,21700,293419.0
000026.SZ,2026-03-24 10:15:00,13.54,13.56,13.54,13.55,68000,921156.0
000026.SZ,2026-03-24 10:16:00,13.55,13.56,13.53,13.53,127000,1719999.0
000026.SZ,2026-03-24 10:17:00,13.53,13.54,13.52,13.53,17000,229976.0
000026.SZ,2026-03-24 10:18:00,13.52,13.52,13.45,13.48,99500,1343320.0
000026.SZ,2026-03-24 10:19:00,13.48,13.5,13.47,13.48,56000,754583.0
000026.SZ,2026-03-24 10:20:00,13.48,13.5,13.46,13.47,23300,313978.0
000026.SZ,2026-03-24 10:21:00,13.5,13.53,13.5,13.53,23900,322853.0
000026.SZ,2026-03-24 10:22:00,13.53,13.54,13.53,13.53,21400,289649.0
000026.SZ,2026-03-24 10:23:00,13.55,13.56,13.53,13.53,31000,420079.0
000026.SZ,2026-03-24 10:24:00,13.53,13.54,13.53,13.53,10200,138041.0
000026.SZ,2026-03-24 10:25:00,13.55,13.55,13.53,13.54,25600,346827.0
000026.SZ,2026-03-24 10:26:00,13.55,13.55,13.51,13.53,11800,159592.0
000026.SZ,2026-03-24 10:27:00,13.54,13.54,13.53,13.53,3800,51448.0
000026.SZ,2026-03-24 10:28:00,13.54,13.56,13.53,13.56,40300,546019.0
000026.SZ,2026-03-24 10:29:00,13.56,13.57,13.55,13.57,89800,1218377.0
000026.SZ,2026-03-24 10:30:00,13.57,13.6,13.57,13.57,73500,998736.0
000026.SZ,2026-03-24 10:31:00,13.6,13.62,13.58,13.59,41500,564426.0
000026.SZ,2026-03-24 10:32:00,13.6,13.6,13.56,13.58,22100,300137.0
000026.SZ,2026-03-24 10:33:00,13.57,13.58,13.56,13.58,30200,409961.0
000026.SZ,2026-03-24 10:34:00,13.58,13.6,13.56,13.57,51100,693899.0
000026.SZ,2026-03-24 10:35:00,13.58,13.59,13.57,13.57,9200,124976.0
000026.SZ,2026-03-24 10:36:00,13.58,13.61,13.58,13.61,30500,414802.0
000026.SZ,2026-03-24 10:37:00,13.61,13.61,13.59,13.59,13600,185019.0
000026.SZ,2026-03-24 10:38:00,13.59,13.59,13.58,13.59,5000,67947.0
000026.SZ,2026-03-24 10:39:00,13.59,13.59,13.58,13.58,31700,430535.0
000026.SZ,2026-03-24 10:40:00,13.58,13.58,13.57,13.57,12600,171095.0
000026.SZ,2026-03-24 10:41:00,13.57,13.58,13.57,13.57,11600,157421.0
000026.SZ,2026-03-24 10:42:00,13.57,13.58,13.56,13.58,11000,149334.0
000026.SZ,2026-03-24 10:43:00,13.59,13.59,13.56,13.59,30400,412882.0
000026.SZ,2026-03-24 10:44:00,13.58,13.59,13.58,13.58,6900,93750.0
000026.SZ,2026-03-24 10:45:00,13.59,13.59,13.58,13.58,1500,20383.0
000026.SZ,2026-03-24 10:46:00,13.59,13.6,13.59,13.6,1200,16311.0
000026.SZ,2026-03-24 10:47:00,13.6,13.6,13.6,13.6,0,0.0
000026.SZ,2026-03-24 10:48:00,13.59,13.6,13.58,13.58,35700,485274.0
000026.SZ,2026-03-24 10:49:00,13.58,13.58,13.58,13.58,500,6790.0
000026.SZ,2026-03-24 10:50:00,13.57,13.57,13.57,13.57,1500,20360.0
000026.SZ,2026-03-24 10:51:00,13.57,13.58,13.57,13.57,1800,24436.0
000026.SZ,2026-03-24 10:52:00,13.57,13.57,13.56,13.56,5700,77303.0
000026.SZ,2026-03-24 10:53:00,13.56,13.56,13.54,13.54,15800,214086.0
000026.SZ,2026-03-24 10:54:00,13.55,13.55,13.54,13.55,4300,58255.0
000026.SZ,2026-03-24 10:55:00,13.55,13.55,13.54,13.54,1400,18969.0
000026.SZ,2026-03-24 10:56:00,13.54,13.54,13.5,13.52,32900,445094.0
000026.SZ,2026-03-24 10:57:00,13.53,13.53,13.52,13.52,13100,177129.0
000026.SZ,2026-03-24 10:58:00,13.52,13.53,13.52,13.52,1500,20291.0
000026.SZ,2026-03-24 10:59:00,13.52,13.52,13.52,13.52,3900,52728.0
000026.SZ,2026-03-24 11:00:00,13.52,13.52,13.52,13.52,5200,70306.0
000026.SZ,2026-03-24 11:01:00,13.52,13.53,13.52,13.52,4800,64939.0
000026.SZ,2026-03-24 11:02:00,13.52,13.52,13.52,13.52,6200,83824.0
000026.SZ,2026-03-24 11:03:00,13.52,13.52,13.51,13.52,7900,106805.0
000026.SZ,2026-03-24 11:04:00,13.51,13.51,13.51,13.51,4700,63497.0
000026.SZ,2026-03-24 11:05:00,13.52,13.52,13.51,13.51,1100,14871.0
000026.SZ,2026-03-24 11:06:00,13.52,13.52,13.51,13.52,7000,94636.0
000026.SZ,2026-03-24 11:07:00,13.52,13.52,13.52,13.52,800,10815.0
000026.SZ,2026-03-24 11:08:00,13.51,13.51,13.5,13.51,7200,97275.0
000026.SZ,2026-03-24 11:09:00,13.52,13.52,13.5,13.5,14800,200004.0
000026.SZ,2026-03-24 11:10:00,13.5,13.52,13.5,13.5,16200,218703.0
000026.SZ,2026-03-24 11:11:00,13.5,13.54,13.5,13.52,29200,394845.0
000026.SZ,2026-03-24 11:12:00,13.54,13.54,13.52,13.53,3200,43314.0
000026.SZ,2026-03-24 11:13:00,13.53,13.54,13.53,13.54,2900,39240.0
000026.SZ,2026-03-24 11:14:00,13.54,13.55,13.54,13.55,13100,177484.0
000026.SZ,2026-03-24 11:15:00,13.55,13.55,13.54,13.55,3300,44706.0
000026.SZ,2026-03-24 11:16:00,13.55,13.55,13.55,13.55,400,5420.0
000026.SZ,2026-03-24 11:17:00,13.55,13.55,13.54,13.55,6700,90784.0
000026.SZ,2026-03-24 11:18:00,13.56,13.56,13.55,13.55,1600,21695.0
000026.SZ,2026-03-24 11:19:00,13.56,13.56,13.54,13.55,7700,104363.0
000026.SZ,2026-03-24 11:20:00,13.54,13.54,13.52,13.53,7500,101526.0
000026.SZ,2026-03-24 11:21:00,13.53,13.54,13.53,13.54,1300,17590.0
000026.SZ,2026-03-24 11:22:00,13.55,13.55,13.52,13.52,4700,63619.0
000026.SZ,2026-03-24 11:23:00,13.53,13.53,13.53,13.53,1200,16236.0
000026.SZ,2026-03-24 11:24:00,13.54,13.54,13.54,13.54,400,5416.0
000026.SZ,2026-03-24 11:25:00,13.54,13.54,13.53,13.53,1000,13539.0
000026.SZ,2026-03-24 11:26:00,13.54,13.54,13.53,13.53,2000,27079.0
000026.SZ,2026-03-24 11:27:00,13.53,13.53,13.53,13.53,0,0.0
000026.SZ,2026-03-24 11:28:00,13.53,13.53,13.52,13.52,15000,202929.0
000026.SZ,2026-03-24 11:29:00,13.52,13.52,13.52,13.52,3200,43264.0
000026.SZ,2026-03-24 11:30:00,13.53,13.53,13.52,13.52,2100,28393.0
000026.SZ,2026-03-24 13:01:00,13.52,13.57,13.52,13.54,29200,395319.0
000026.SZ,2026-03-24 13:02:00,13.55,13.55,13.52,13.52,2300,31142.0
000026.SZ,2026-03-24 13:03:00,13.52,13.52,13.5,13.51,18400,248627.0
000026.SZ,2026-03-24 13:04:00,13.51,13.51,13.5,13.5,4800,64813.0
000026.SZ,2026-03-24 13:05:00,13.51,13.51,13.5,13.5,600,8105.0
000026.SZ,2026-03-24 13:06:00,13.5,13.5,13.48,13.48,27100,365705.0
000026.SZ,2026-03-24 13:07:00,13.48,13.48,13.47,13.48,3900,52571.0
000026.SZ,2026-03-24 13:08:00,13.48,13.48,13.48,13.48,1900,25612.0
000026.SZ,2026-03-24 13:09:00,13.47,13.48,13.46,13.48,6700,90262.0
000026.SZ,2026-03-24 13:10:00,13.47,13.47,13.46,13.46,4100,55194.0
000026.SZ,2026-03-24 13:11:00,13.47,13.49,13.47,13.48,18200,245399.0
000026.SZ,2026-03-24 13:12:00,13.49,13.49,13.49,13.49,1300,17537.0
000026.SZ,2026-03-24 13:13:00,13.5,13.51,13.5,13.51,3400,45907.0
000026.SZ,2026-03-24 13:14:00,13.51,13.51,13.5,13.5,1700,22960.0
000026.SZ,2026-03-24 13:15:00,13.5,13.5,13.5,13.5,500,6750.0
000026.SZ,2026-03-24 13:16:00,13.5,13.5,13.5,13.5,600,8100.0
000026.SZ,2026-03-24 13:17:00,13.5,13.5,13.49,13.49,22200,299546.0
000026.SZ,2026-03-24 13:18:00,13.51,13.51,13.48,13.49,2500,33726.0
000026.SZ,2026-03-24 13:19:00,13.5,13.5,13.48,13.48,2500,33743.0
000026.SZ,2026-03-24 13:20:00,13.48,13.49,13.48,13.48,24900,335782.0
000026.SZ,2026-03-24 13:21:00,13.48,13.5,13.48,13.5,2300,31035.0
000026.SZ,2026-03-24 13:22:00,13.5,13.5,13.49,13.49,1600,21590.0
000026.SZ,2026-03-24 13:23:00,13.49,13.49,13.47,13.47,21600,291156.0
000026.SZ,2026-03-24 13:24:00,13.47,13.47,13.45,13.45,5200,70004.0
000026.SZ,2026-03-24 13:25:00,13.45,13.46,13.45,13.45,5700,76672.0
000026.SZ,2026-03-24 13:26:00,13.45,13.45,13.44,13.44,13600,182914.0
000026.SZ,2026-03-24 13:27:00,13.44,13.44,13.43,13.44,1100,14780.0
000026.SZ,2026-03-24 13:28:00,13.43,13.44,13.43,13.44,1200,16127.0
000026.SZ,2026-03-24 13:29:00,13.44,13.44,13.44,13.44,0,0.0
000026.SZ,2026-03-24 13:30:00,13.43,13.43,13.43,13.43,14900,200107.0
000026.SZ,2026-03-24 13:31:00,13.42,13.43,13.42,13.43,2600,34912.0
000026.SZ,2026-03-24 13:32:00,13.43,13.44,13.43,13.44,6000,80632.0
000026.SZ,2026-03-24 13:33:00,13.45,13.45,13.43,13.44,11600,155962.0
000026.SZ,2026-03-24 13:34:00,13.44,13.46,13.44,13.45,5700,76651.0
000026.SZ,2026-03-24 13:35:00,13.46,13.48,13.46,13.47,5200,70004.0
000026.SZ,2026-03-24 13:36:00,13.48,13.48,13.48,13.48,500,6740.0
000026.SZ,2026-03-24 13:37:00,13.48,13.48,13.48,13.48,100,1348.0
000026.SZ,2026-03-24 13:38:00,13.48,13.49,13.48,13.49,5400,72817.0
000026.SZ,2026-03-24 13:39:00,13.49,13.51,13.49,13.51,8400,113404.0
000026.SZ,2026-03-24 13:40:00,13.51,13.53,13.51,13.52,4300,58148.0
000026.SZ,2026-03-24 13:41:00,13.51,13.51,13.51,13.51,2000,27020.0
000026.SZ,2026-03-24 13:42:00,13.51,13.54,13.51,13.54,22000,297375.0
000026.SZ,2026-03-24 13:43:00,13.53,13.54,13.53,13.54,900,12181.0
000026.SZ,2026-03-24 13:44:00,13.55,13.55,13.54,13.55,7000,94834.0
000026.SZ,2026-03-24 13:45:00,13.53,13.54,13.53,13.54,1800,24369.0
000026.SZ,2026-03-24 13:46:00,13.53,13.56,13.53,13.56,26200,354964.0
000026.SZ,2026-03-24 13:47:00,13.56,13.59,13.56,13.57,42900,582450.0
000026.SZ,2026-03-24 13:48:00,13.57,13.58,13.57,13.58,9400,127583.0
000026.SZ,2026-03-24 13:49:00,13.57,13.58,13.57,13.57,2300,31216.0
000026.SZ,2026-03-24 13:50:00,13.56,13.57,13.53,13.57,71900,973557.0
000026.SZ,2026-03-24 13:51:00,13.56,13.57,13.55,13.57,43100,583933.0
000026.SZ,2026-03-24 13:52:00,13.54,13.57,13.53,13.54,69500,941457.0
000026.SZ,2026-03-24 13:53:00,13.54,13.55,13.54,13.55,9500,128655.0
000026.SZ,2026-03-24 13:54:00,13.55,13.55,13.54,13.54,1100,14904.0
000026.SZ,2026-03-24 13:55:00,13.54,13.54,13.54,13.54,1900,25726.0
000026.SZ,2026-03-24 13:56:00,13.54,13.54,13.54,13.54,1400,18956.0
000026.SZ,2026-03-24 13:57:00,13.54,13.54,13.54,13.54,2000,27080.0
000026.SZ,2026-03-24 13:58:00,13.54,13.56,13.54,13.56,10700,144977.0
000026.SZ,2026-03-24 13:59:00,13.56,13.56,13.55,13.55,2800,37952.0
000026.SZ,2026-03-24 14:00:00,13.56,13.56,13.55,13.55,6500,88081.0
000026.SZ,2026-03-24 14:01:00,13.56,13.57,13.56,13.57,6400,86785.0
000026.SZ,2026-03-24 14:02:00,13.57,13.57,13.55,13.55,7600,103057.0
000026.SZ,2026-03-24 14:03:00,13.55,13.56,13.55,13.56,14700,199328.0
000026.SZ,2026-03-24 14:04:00,13.57,13.58,13.56,13.57,38900,527874.0
000026.SZ,2026-03-24 14:05:00,13.56,13.57,13.56,13.57,4400,59675.0
000026.SZ,2026-03-24 14:06:00,13.57,13.58,13.57,13.58,5200,70587.0
000026.SZ,2026-03-24 14:07:00,13.57,13.59,13.57,13.59,13700,186046.0
000026.SZ,2026-03-24 14:08:00,13.59,13.59,13.58,13.59,2700,36692.0
000026.SZ,2026-03-24 14:09:00,13.59,13.6,13.59,13.6,43700,594124.0
000026.SZ,2026-03-24 14:10:00,13.61,13.61,13.6,13.6,1500,20409.0
000026.SZ,2026-03-24 14:11:00,13.61,13.61,13.59,13.59,7100,96545.0
000026.SZ,2026-03-24 14:12:00,13.59,13.6,13.59,13.59,5500,74767.0
000026.SZ,2026-03-24 14:13:00,13.59,13.59,13.58,13.58,3400,46173.0
000026.SZ,2026-03-24 14:14:00,13.59,13.6,13.59,13.6,20600,280006.0
000026.SZ,2026-03-24 14:15:00,13.61,13.61,13.6,13.6,12600,171432.0
000026.SZ,2026-03-24 14:16:00,13.61,13.61,13.6,13.61,8200,111598.0
000026.SZ,2026-03-24 14:17:00,13.61,13.62,13.61,13.62,4100,55830.0
000026.SZ,2026-03-24 14:18:00,13.63,13.64,13.63,13.64,38100,519089.0
000026.SZ,2026-03-24 14:19:00,13.64,13.64,13.62,13.63,15900,216757.0
000026.SZ,2026-03-24 14:20:00,13.63,13.65,13.63,13.64,17000,231885.0
000026.SZ,2026-03-24 14:21:00,13.64,13.65,13.62,13.65,8600,117316.0
000026.SZ,2026-03-24 14:22:00,13.64,13.65,13.64,13.65,20100,274224.0
000026.SZ,2026-03-24 14:23:00,13.65,13.66,13.64,13.66,23800,324856.0
000026.SZ,2026-03-24 14:24:00,13.66,13.68,13.66,13.68,17800,243229.0
000026.SZ,2026-03-24 14:25:00,13.67,13.67,13.66,13.66,19100,260969.0
000026.SZ,2026-03-24 14:26:00,13.67,13.68,13.67,13.68,26100,356967.0
000026.SZ,2026-03-24 14:27:00,13.68,13.69,13.67,13.68,19200,262681.0
000026.SZ,2026-03-24 14:28:00,13.68,13.69,13.68,13.69,28100,384611.0
000026.SZ,2026-03-24 14:29:00,13.68,13.69,13.68,13.68,15800,216286.0
000026.SZ,2026-03-24 14:30:00,13.69,13.69,13.68,13.69,10500,143719.0
000026.SZ,2026-03-24 14:31:00,13.69,13.72,13.69,13.71,53000,726318.0
000026.SZ,2026-03-24 14:32:00,13.71,13.73,13.71,13.72,10700,146859.0
000026.SZ,2026-03-24 14:33:00,13.72,13.72,13.71,13.71,11100,152219.0
000026.SZ,2026-03-24 14:34:00,13.72,13.72,13.72,13.72,12200,167384.0
000026.SZ,2026-03-24 14:35:00,13.71,13.73,13.71,13.73,14500,198921.0
000026.SZ,2026-03-24 14:36:00,13.73,13.75,13.73,13.75,24200,332525.0
000026.SZ,2026-03-24 14:37:00,13.74,13.76,13.74,13.76,34800,478697.0
000026.SZ,2026-03-24 14:38:00,13.77,13.78,13.76,13.76,12500,172122.0
000026.SZ,2026-03-24 14:39:00,13.76,13.77,13.73,13.74,210500,2895100.0
000026.SZ,2026-03-24 14:40:00,13.74,13.74,13.72,13.73,18000,247181.0
000026.SZ,2026-03-24 14:41:00,13.73,13.74,13.72,13.73,8800,120887.0
000026.SZ,2026-03-24 14:42:00,13.73,13.74,13.73,13.73,7400,101605.0
000026.SZ,2026-03-24 14:43:00,13.74,13.75,13.73,13.75,10100,138736.0
000026.SZ,2026-03-24 14:44:00,13.75,13.75,13.73,13.74,7100,97564.0
000026.SZ,2026-03-24 14:45:00,13.74,13.75,13.68,13.69,105000,1438573.0
000026.SZ,2026-03-24 14:46:00,13.73,13.73,13.69,13.7,25300,346760.0
000026.SZ,2026-03-24 14:47:00,13.71,13.72,13.7,13.72,12800,175507.0
000026.SZ,2026-03-24 14:48:00,13.71,13.73,13.7,13.7,24300,333287.0
000026.SZ,2026-03-24 14:49:00,13.73,13.73,13.69,13.69,237500,3251621.0
000026.SZ,2026-03-24 14:50:00,13.7,13.71,13.68,13.68,42600,583652.0
000026.SZ,2026-03-24 14:51:00,13.68,13.7,13.68,13.69,56700,775937.0
000026.SZ,2026-03-24 14:52:00,13.7,13.71,13.69,13.69,32800,449486.0
000026.SZ,2026-03-24 14:53:00,13.69,13.7,13.69,13.7,4400,60267.0
000026.SZ,2026-03-24 14:54:00,13.69,13.7,13.68,13.7,71300,976704.0
000026.SZ,2026-03-24 14:55:00,13.71,13.72,13.71,13.71,93400,1280475.0
000026.SZ,2026-03-24 14:56:00,13.7,13.71,13.7,13.71,21400,293341.0
000026.SZ,2026-03-24 14:57:00,13.72,13.74,13.7,13.74,46100,632481.0
000026.SZ,2026-03-24 14:58:00,13.74,13.74,13.74,13.74,0,0.0
000026.SZ,2026-03-24 14:59:00,13.74,13.74,13.74,13.74,0,0.0
000026.SZ,2026-03-24 15:00:00,13.74,13.74,13.74,13.74,57900,795546.0
000026.SZ,2026-03-25 09:30:00,13.78,13.78,13.78,13.78,29200,402376.0
000026.SZ,2026-03-25 09:31:00,13.83,13.83,13.75,13.77,27400,377972.0
000026.SZ,2026-03-25 09:32:00,13.77,13.79,13.75,13.75,15700,216271.0
000026.SZ,2026-03-25 09:33:00,13.75,13.75,13.71,13.73,11000,150960.0
000026.SZ,2026-03-25 09:34:00,13.72,13.73,13.69,13.71,38200,523465.0
000026.SZ,2026-03-25 09:35:00,13.71,13.74,13.71,13.74,13300,182584.0
000026.SZ,2026-03-25 09:36:00,13.74,13.76,13.74,13.75,43200,593967.0
000026.SZ,2026-03-25 09:37:00,13.75,13.75,13.73,13.75,22100,303730.0
000026.SZ,2026-03-25 09:38:00,13.76,13.78,13.76,13.78,9100,125334.0
000026.SZ,2026-03-25 09:39:00,13.76,13.77,13.72,13.72,27800,381891.0
000026.SZ,2026-03-25 09:40:00,13.73,13.75,13.72,13.75,13100,179933.0
000026.SZ,2026-03-25 09:41:00,13.75,13.79,13.75,13.79,40600,559368.0
000026.SZ,2026-03-25 09:42:00,13.78,13.79,13.78,13.79,20200,278556.0
000026.SZ,2026-03-25 09:43:00,13.79,13.81,13.79,13.8,57700,796549.0
000026.SZ,2026-03-25 09:44:00,13.8,13.8,13.79,13.79,31900,439932.0
000026.SZ,2026-03-25 09:45:00,13.79,13.8,13.79,13.8,14600,201372.0
000026.SZ,2026-03-25 09:46:00,13.8,13.8,13.77,13.77,41800,576434.0
000026.SZ,2026-03-25 09:47:00,13.76,13.77,13.76,13.76,31900,439049.0
000026.SZ,2026-03-25 09:48:00,13.76,13.79,13.76,13.79,5900,81345.0
000026.SZ,2026-03-25 09:49:00,13.77,13.8,13.76,13.8,88600,1219523.0
000026.SZ,2026-03-25 09:50:00,13.79,13.8,13.77,13.78,3700,51039.0
000026.SZ,2026-03-25 09:51:00,13.8,13.8,13.77,13.77,5500,75783.0
000026.SZ,2026-03-25 09:52:00,13.79,13.82,13.79,13.82,31200,430769.0
000026.SZ,2026-03-25 09:53:00,13.82,13.82,13.8,13.81,4600,63526.0
000026.SZ,2026-03-25 09:54:00,13.81,13.87,13.8,13.87,38700,535567.0
000026.SZ,2026-03-25 09:55:00,13.83,13.85,13.83,13.85,3200,44297.0
000026.SZ,2026-03-25 09:56:00,13.85,13.85,13.82,13.82,7900,109360.0
000026.SZ,2026-03-25 09:57:00,13.84,13.84,13.84,13.84,2000,27680.0
000026.SZ,2026-03-25 09:58:00,13.84,13.84,13.83,13.83,700,9685.0
000026.SZ,2026-03-25 09:59:00,13.84,13.85,13.83,13.83,5300,73352.0
000026.SZ,2026-03-25 10:00:00,13.83,13.83,13.81,13.81,16200,223910.0
000026.SZ,2026-03-25 10:01:00,13.82,13.83,13.81,13.81,15300,211347.0
000026.SZ,2026-03-25 10:02:00,13.81,13.81,13.8,13.8,9500,131141.0
000026.SZ,2026-03-25 10:03:00,13.81,13.82,13.78,13.82,41200,568141.0
000026.SZ,2026-03-25 10:04:00,13.82,13.87,13.81,13.86,99200,1371300.0
000026.SZ,2026-03-25 10:05:00,13.86,13.87,13.86,13.86,22000,305093.0
000026.SZ,2026-03-25 10:06:00,13.87,13.9,13.87,13.88,32800,455235.0
000026.SZ,2026-03-25 10:07:00,13.87,13.87,13.86,13.87,15100,209435.0
000026.SZ,2026-03-25 10:08:00,13.88,13.92,13.88,13.92,35300,490774.0
000026.SZ,2026-03-25 10:09:00,13.92,13.92,13.9,13.9,32100,446657.0
000026.SZ,2026-03-25 10:10:00,13.9,13.9,13.89,13.89,10400,144473.0
000026.SZ,2026-03-25 10:11:00,13.89,13.9,13.88,13.89,14100,195869.0
000026.SZ,2026-03-25 10:12:00,13.89,13.89,13.89,13.89,3300,45837.0
000026.SZ,2026-03-25 10:13:00,13.89,13.9,13.88,13.9,27600,383470.0
000026.SZ,2026-03-25 10:14:00,13.9,13.9,13.89,13.89,11000,152881.0
000026.SZ,2026-03-25 10:15:00,13.9,13.92,13.9,13.91,19500,271143.0
000026.SZ,2026-03-25 10:16:00,13.92,13.92,13.92,13.92,2400,33408.0
000026.SZ,2026-03-25 10:17:00,13.91,13.91,13.9,13.91,2100,29201.0
000026.SZ,2026-03-25 10:18:00,13.9,13.92,13.9,13.92,16300,226647.0
000026.SZ,2026-03-25 10:19:00,13.91,13.92,13.91,13.91,4800,66796.0
000026.SZ,2026-03-25 10:20:00,13.91,13.91,13.9,13.9,400,5563.0
000026.SZ,2026-03-25 10:21:00,13.93,13.93,13.93,13.93,13800,192133.0
000026.SZ,2026-03-25 10:22:00,13.93,13.94,13.93,13.94,7400,103122.0
000026.SZ,2026-03-25 10:23:00,13.93,13.94,13.93,13.93,5700,79408.0
000026.SZ,2026-03-25 10:24:00,13.93,13.93,13.92,13.92,6900,96085.0
000026.SZ,2026-03-25 10:25:00,13.93,13.93,13.91,13.91,10900,151706.0
000026.SZ,2026-03-25 10:26:00,13.9,13.91,13.9,13.9,40300,560206.0
000026.SZ,2026-03-25 10:27:00,13.9,13.9,13.9,13.9,1000,13900.0
000026.SZ,2026-03-25 10:28:00,13.89,13.89,13.87,13.87,32200,446934.0
000026.SZ,2026-03-25 10:29:00,13.87,13.9,13.87,13.89,16500,229060.0
000026.SZ,2026-03-25 10:30:00,13.88,13.9,13.88,13.9,1800,25005.0
000026.SZ,2026-03-25 10:31:00,13.89,13.89,13.89,13.89,1600,22224.0
000026.SZ,2026-03-25 10:32:00,13.89,13.89,13.88,13.89,16800,233252.0
000026.SZ,2026-03-25 10:33:00,13.89,13.89,13.88,13.89,1300,18055.0
000026.SZ,2026-03-25 10:34:00,13.89,13.89,13.87,13.87,20100,278972.0
000026.SZ,2026-03-25 10:35:00,13.87,13.88,13.87,13.88,4800,66594.0
000026.SZ,2026-03-25 10:36:00,13.88,13.88,13.86,13.86,11400,158043.0
000026.SZ,2026-03-25 10:37:00,13.85,13.86,13.85,13.86,8000,110825.0
000026.SZ,2026-03-25 10:38:00,13.85,13.86,13.85,13.86,7000,96969.0
000026.SZ,2026-03-25 10:39:00,13.86,13.88,13.85,13.85,20800,288310.0
000026.SZ,2026-03-25 10:40:00,13.83,13.88,13.83,13.88,10600,146798.0
000026.SZ,2026-03-25 10:41:00,13.88,13.89,13.88,13.89,13300,184728.0
000026.SZ,2026-03-25 10:42:00,13.89,13.9,13.88,13.89,9200,127769.0
000026.SZ,2026-03-25 10:43:00,13.89,13.89,13.88,13.88,5500,76394.0
000026.SZ,2026-03-25 10:44:00,13.89,13.92,13.89,13.92,14600,202964.0
000026.SZ,2026-03-25 10:45:00,13.92,13.92,13.91,13.92,25700,356994.0
000026.SZ,2026-03-25 10:46:00,13.91,13.92,13.91,13.91,1300,18090.0
000026.SZ,2026-03-25 10:47:00,13.91,13.92,13.9,13.9,6300,87624.0
000026.SZ,2026-03-25 10:48:00,13.9,13.9,13.89,13.9,1300,18069.0
000026.SZ,2026-03-25 10:49:00,13.9,13.9,13.88,13.88,11400,158264.0
000026.SZ,2026-03-25 10:50:00,13.88,13.88,13.88,13.88,2800,38864.0
000026.SZ,2026-03-25 10:51:00,13.89,13.9,13.87,13.89,11400,158271.0
000026.SZ,2026-03-25 10:52:00,13.89,13.91,13.89,13.91,8300,115387.0
000026.SZ,2026-03-25 10:53:00,13.89,13.91,13.89,13.91,5600,77884.0
000026.SZ,2026-03-25 10:54:00,13.91,13.92,13.91,13.92,2800,38963.0
000026.SZ,2026-03-25 10:55:00,13.91,13.91,13.91,13.91,1000,13910.0
000026.SZ,2026-03-25 10:56:00,13.93,13.94,13.93,13.94,17000,236670.0
000026.SZ,2026-03-25 10:57:00,13.94,13.94,13.94,13.94,900,12541.0
000026.SZ,2026-03-25 10:58:00,13.93,13.93,13.92,13.93,8000,111416.0
000026.SZ,2026-03-25 10:59:00,13.93,13.93,13.93,13.93,2100,29253.0
000026.SZ,2026-03-25 11:00:00,13.93,13.95,13.92,13.95,44400,618815.0
000026.SZ,2026-03-25 11:01:00,13.96,13.98,13.95,13.96,31100,434305.0
000026.SZ,2026-03-25 11:02:00,13.97,13.97,13.97,13.97,2200,30734.0
000026.SZ,2026-03-25 11:03:00,13.98,13.98,13.98,13.98,4300,60114.0
000026.SZ,2026-03-25 11:04:00,13.97,13.99,13.97,13.99,4000,55920.0
000026.SZ,2026-03-25 11:05:00,13.99,14.08,13.99,14.05,41400,580564.0
000026.SZ,2026-03-25 11:06:00,14.05,14.07,14.04,14.07,9200,129230.0
000026.SZ,2026-03-25 11:07:00,14.04,14.05,14.04,14.04,4700,66031.0
000026.SZ,2026-03-25 11:08:00,14.05,14.06,14.04,14.06,12400,174212.0
000026.SZ,2026-03-25 11:09:00,14.06,14.12,14.06,14.1,53000,746738.0
000026.SZ,2026-03-25 11:10:00,14.11,14.11,14.06,14.09,16100,226905.0
000026.SZ,2026-03-25 11:11:00,14.09,14.09,14.06,14.07,38700,544750.0
000026.SZ,2026-03-25 11:12:00,14.09,14.14,14.08,14.1,121200,1709499.0
000026.SZ,2026-03-25 11:13:00,14.16,14.16,14.11,14.16,23800,336540.0
000026.SZ,2026-03-25 11:14:00,14.15,14.21,14.14,14.19,112200,1591627.0
000026.SZ,2026-03-25 11:15:00,14.2,14.2,14.15,14.15,94600,1341933.0
000026.SZ,2026-03-25 11:16:00,14.15,14.19,14.15,14.19,5700,80756.0
000026.SZ,2026-03-25 11:17:00,14.19,14.21,14.19,14.2,31800,451502.0
000026.SZ,2026-03-25 11:18:00,14.19,14.23,14.18,14.23,258700,3674543.0
000026.SZ,2026-03-25 11:19:00,14.23,14.23,14.2,14.21,19700,279865.0
000026.SZ,2026-03-25 11:20:00,14.21,14.26,14.21,14.25,54800,779984.0
000026.SZ,2026-03-25 11:21:00,14.25,14.31,14.25,14.31,99500,1419800.0
000026.SZ,2026-03-25 11:22:00,14.35,14.73,14.35,14.64,1034600,15058928.0
000026.SZ,2026-03-25 11:23:00,14.6,14.6,14.5,14.5,206800,3014399.0
000026.SZ,2026-03-25 11:24:00,14.49,14.49,14.39,14.46,121600,1755526.4
000026.SZ,2026-03-25 11:25:00,14.44,14.56,14.44,14.56,145600,2113920.0
000026.SZ,2026-03-25 11:26:00,14.54,14.67,14.53,14.57,255900,3734185.0
000026.SZ,2026-03-25 11:27:00,14.56,14.66,14.55,14.59,141200,2061306.0
000026.SZ,2026-03-25 11:28:00,14.62,14.74,14.57,14.7,392500,5749406.0
000026.SZ,2026-03-25 11:29:00,14.73,14.75,14.66,14.7,106900,1572710.0
000026.SZ,2026-03-25 11:30:00,14.73,14.73,14.56,14.56,115800,1697099.0
000026.SZ,2026-03-25 13:01:00,14.58,14.58,14.5,14.5,174700,2541340.0
000026.SZ,2026-03-25 13:02:00,14.51,14.54,14.49,14.52,48400,702237.0
000026.SZ,2026-03-25 13:03:00,14.53,14.53,14.51,14.51,14900,216259.0
000026.SZ,2026-03-25 13:04:00,14.52,14.54,14.52,14.53,26600,386400.0
000026.SZ,2026-03-25 13:05:00,14.53,14.53,14.5,14.52,43800,636063.0
000026.SZ,2026-03-25 13:06:00,14.5,14.5,14.45,14.45,39700,575063.0
000026.SZ,2026-03-25 13:07:00,14.47,14.48,14.47,14.48,7300,105645.0
000026.SZ,2026-03-25 13:08:00,14.47,14.48,14.44,14.45,13300,192257.0
000026.SZ,2026-03-25 13:09:00,14.45,14.47,14.45,14.45,16900,244338.0
000026.SZ,2026-03-25 13:10:00,14.43,14.45,14.42,14.42,6100,88020.0
000026.SZ,2026-03-25 13:11:00,14.42,14.46,14.41,14.46,31100,448819.0
000026.SZ,2026-03-25 13:12:00,14.43,14.46,14.42,14.42,5500,79343.0
000026.SZ,2026-03-25 13:13:00,14.44,14.44,14.4,14.41,41600,599748.0
000026.SZ,2026-03-25 13:14:00,14.41,14.42,14.39,14.39,9900,142626.0
000026.SZ,2026-03-25 13:15:00,14.39,14.4,14.36,14.37,34600,497521.0
000026.SZ,2026-03-25 13:16:00,14.38,14.38,14.35,14.35,12000,172335.0
000026.SZ,2026-03-25 13:17:00,14.38,14.38,14.3,14.3,34400,492569.0
000026.SZ,2026-03-25 13:18:00,14.31,14.35,14.3,14.32,21000,300886.0
000026.SZ,2026-03-25 13:19:00,14.32,14.34,14.31,14.32,12100,173299.0
000026.SZ,2026-03-25 13:20:00,14.31,14.45,14.31,14.4,35100,504487.0
000026.SZ,2026-03-25 13:21:00,14.4,14.4,14.35,14.39,11300,162497.0
000026.SZ,2026-03-25 13:22:00,14.36,14.37,14.36,14.36,3600,51707.0
000026.SZ,2026-03-25 13:23:00,14.35,14.36,14.35,14.35,10400,149269.0
000026.SZ,2026-03-25 13:24:00,14.35,14.35,14.34,14.34,4000,57381.0
000026.SZ,2026-03-25 13:25:00,14.35,14.36,14.35,14.36,6200,88979.0
000026.SZ,2026-03-25 13:26:00,14.36,14.5,14.34,14.46,69800,1008151.0
000026.SZ,2026-03-25 13:27:00,14.46,14.48,14.45,14.45,32400,468506.0
000026.SZ,2026-03-25 13:28:00,14.45,14.46,14.45,14.46,14100,203791.0
000026.SZ,2026-03-25 13:29:00,14.46,14.47,14.41,14.41,44500,643355.0
000026.SZ,2026-03-25 13:30:00,14.5,14.51,14.44,14.44,211500,3066809.0
000026.SZ,2026-03-25 13:31:00,14.48,14.51,14.43,14.5,54000,782518.0
000026.SZ,2026-03-25 13:32:00,14.52,14.52,14.45,14.45,10400,150621.0
000026.SZ,2026-03-25 13:33:00,14.44,14.45,14.44,14.45,38800,560555.0
000026.SZ,2026-03-25 13:34:00,14.43,14.45,14.43,14.44,11300,163136.0
000026.SZ,2026-03-25 13:35:00,14.44,14.44,14.43,14.43,8000,115474.0
000026.SZ,2026-03-25 13:36:00,14.4,14.42,14.39,14.42,10000,144030.0
000026.SZ,2026-03-25 13:37:00,14.42,14.43,14.39,14.39,10900,156971.0
000026.SZ,2026-03-25 13:38:00,14.41,14.42,14.37,14.42,13800,198699.0
000026.SZ,2026-03-25 13:39:00,14.42,14.42,14.37,14.41,9200,132461.0
000026.SZ,2026-03-25 13:40:00,14.42,14.45,14.41,14.43,21900,315692.0
000026.SZ,2026-03-25 13:41:00,14.43,14.43,14.42,14.43,17000,245269.0
000026.SZ,2026-03-25 13:42:00,14.41,14.43,14.41,14.42,3100,44685.0
000026.SZ,2026-03-25 13:43:00,14.42,14.43,14.4,14.41,6300,90772.0
000026.SZ,2026-03-25 13:44:00,14.43,14.43,14.41,14.43,4600,66376.0
000026.SZ,2026-03-25 13:45:00,14.43,14.43,14.4,14.41,4100,59104.0
000026.SZ,2026-03-25 13:46:00,14.41,14.41,14.4,14.41,1700,24486.0
000026.SZ,2026-03-25 13:47:00,14.41,14.41,14.37,14.4,3900,56140.0
000026.SZ,2026-03-25 13:48:00,14.39,14.4,14.38,14.38,6000,86291.0
000026.SZ,2026-03-25 13:49:00,14.38,14.39,14.38,14.39,4200,60397.0
000026.SZ,2026-03-25 13:50:00,14.39,14.39,14.36,14.38,7800,112074.0
000026.SZ,2026-03-25 13:51:00,14.36,14.36,14.35,14.36,32400,465179.0
000026.SZ,2026-03-25 13:52:00,14.37,14.37,14.32,14.32,36200,518878.0
000026.SZ,2026-03-25 13:53:00,14.33,14.35,14.31,14.34,29100,416722.0
000026.SZ,2026-03-25 13:54:00,14.33,14.35,14.33,14.35,14500,207956.0
000026.SZ,2026-03-25 13:55:00,14.35,14.35,14.32,14.34,8200,117604.0
000026.SZ,2026-03-25 13:56:00,14.34,14.35,14.34,14.34,1200,17210.0
000026.SZ,2026-03-25 13:57:00,14.34,14.34,14.34,14.34,1400,20076.0
000026.SZ,2026-03-25 13:58:00,14.33,14.36,14.3,14.36,26600,380867.0
000026.SZ,2026-03-25 13:59:00,14.35,14.37,14.33,14.33,9100,130489.0
000026.SZ,2026-03-25 14:00:00,14.33,14.37,14.33,14.37,2400,34428.0
000026.SZ,2026-03-25 14:01:00,14.37,14.37,14.35,14.37,7600,109196.0
000026.SZ,2026-03-25 14:02:00,14.37,14.38,14.35,14.35,4000,57467.0
000026.SZ,2026-03-25 14:03:00,14.35,14.37,14.35,14.36,11200,160755.0
000026.SZ,2026-03-25 14:04:00,14.34,14.34,14.33,14.33,2400,34418.0
000026.SZ,2026-03-25 14:05:00,14.36,14.36,14.33,14.33,3200,45893.0
000026.SZ,2026-03-25 14:06:00,14.36,14.36,14.34,14.34,2600,37291.0
000026.SZ,2026-03-25 14:07:00,14.35,14.35,14.33,14.33,6500,93250.0
000026.SZ,2026-03-25 14:08:00,14.34,14.35,14.33,14.33,6000,86016.0
000026.SZ,2026-03-25 14:09:00,14.35,14.35,14.32,14.32,6000,85993.0
000026.SZ,2026-03-25 14:10:00,14.33,14.33,14.32,14.32,3900,55865.0
000026.SZ,2026-03-25 14:11:00,14.33,14.35,14.33,14.35,10000,143376.0
000026.SZ,2026-03-25 14:12:00,14.34,14.35,14.34,14.34,11300,162044.0
000026.SZ,2026-03-25 14:13:00,14.33,14.33,14.33,14.33,5500,78822.0
000026.SZ,2026-03-25 14:14:00,14.33,14.33,14.31,14.31,16500,236356.0
000026.SZ,2026-03-25 14:15:00,14.31,14.33,14.31,14.33,8700,124562.0
000026.SZ,2026-03-25 14:16:00,14.31,14.33,14.31,14.31,8500,121651.0
000026.SZ,2026-03-25 14:17:00,14.31,14.32,14.31,14.32,9700,138837.0
000026.SZ,2026-03-25 14:18:00,14.31,14.32,14.3,14.3,11500,164550.0
000026.SZ,2026-03-25 14:19:00,14.3,14.32,14.3,14.3,32301,462152.3
000026.SZ,2026-03-25 14:20:00,14.3,14.32,14.3,14.31,9400,134531.0
000026.SZ,2026-03-25 14:21:00,14.31,14.31,14.3,14.31,11800,168797.0
000026.SZ,2026-03-25 14:22:00,14.3,14.31,14.3,14.31,11400,163114.0
000026.SZ,2026-03-25 14:23:00,14.32,14.32,14.29,14.29,30100,430495.0
000026.SZ,2026-03-25 14:24:00,14.26,14.31,14.25,14.29,68600,979102.94
000026.SZ,2026-03-25 14:25:00,14.3,14.3,14.25,14.26,78800,1123435.0
000026.SZ,2026-03-25 14:26:00,14.26,14.27,14.25,14.26,14700,209568.0
000026.SZ,2026-03-25 14:27:00,14.26,14.27,14.26,14.27,33600,479138.0
000026.SZ,2026-03-25 14:28:00,14.27,14.29,14.26,14.26,16600,236920.0
000026.SZ,2026-03-25 14:29:00,14.26,14.27,14.25,14.25,7700,109764.0
000026.SZ,2026-03-25 14:30:00,14.25,14.27,14.25,14.26,6100,86956.0
000026.SZ,2026-03-25 14:31:00,14.27,14.28,14.24,14.25,11300,161148.0
000026.SZ,2026-03-25 14:32:00,14.25,14.27,14.25,14.26,12000,171111.0
000026.SZ,2026-03-25 14:33:00,14.27,14.28,14.26,14.26,4300,61353.0
000026.SZ,2026-03-25 14:34:00,14.28,14.28,14.26,14.27,7900,112729.0
000026.SZ,2026-03-25 14:35:00,14.28,14.28,14.28,14.28,2800,39984.0
000026.SZ,2026-03-25 14:36:00,14.29,14.3,14.28,14.29,32500,464410.0
000026.SZ,2026-03-25 14:37:00,14.29,14.29,14.28,14.29,19600,279977.0
000026.SZ,2026-03-25 14:38:00,14.26,14.3,14.25,14.29,38600,550739.0
000026.SZ,2026-03-25 14:39:00,14.29,14.3,14.28,14.28,59600,851502.0
000026.SZ,2026-03-25 14:40:00,14.28,14.31,14.28,14.31,23100,330317.0
000026.SZ,2026-03-25 14:41:00,14.32,14.33,14.29,14.31,29600,423673.0
000026.SZ,2026-03-25 14:42:00,14.33,14.33,14.3,14.31,26100,374082.0
000026.SZ,2026-03-25 14:43:00,14.31,14.31,14.3,14.31,20000,286163.0
000026.SZ,2026-03-25 14:44:00,14.3,14.34,14.3,14.32,19100,273577.0
000026.SZ,2026-03-25 14:45:00,14.34,14.34,14.3,14.3,4900,70179.0
000026.SZ,2026-03-25 14:46:00,14.31,14.33,14.3,14.3,16700,238920.0
000026.SZ,2026-03-25 14:47:00,14.33,14.33,14.3,14.3,13200,188865.0
000026.SZ,2026-03-25 14:48:00,14.3,14.33,14.29,14.32,13100,187527.0
000026.SZ,2026-03-25 14:49:00,14.31,14.32,14.3,14.31,6000,85864.0
000026.SZ,2026-03-25 14:50:00,14.3,14.31,14.3,14.31,19000,271791.0
000026.SZ,2026-03-25 14:51:00,14.29,14.32,14.29,14.32,45300,648213.0
000026.SZ,2026-03-25 14:52:00,14.3,14.32,14.3,14.3,34200,489385.0
000026.SZ,2026-03-25 14:53:00,14.3,14.33,14.3,14.32,44200,632306.0
000026.SZ,2026-03-25 14:54:00,14.32,14.33,14.32,14.33,14900,213495.0
000026.SZ,2026-03-25 14:55:00,14.33,14.34,14.32,14.33,16100,230750.0
000026.SZ,2026-03-25 14:56:00,14.34,14.35,14.34,14.34,35800,513646.0
000026.SZ,2026-03-25 14:57:00,14.34,14.41,14.34,14.41,77300,1110621.0
000026.SZ,2026-03-25 14:58:00,14.41,14.41,14.41,14.41,0,0.0
000026.SZ,2026-03-25 14:59:00,14.41,14.41,14.41,14.41,0,0.0
000026.SZ,2026-03-25 15:00:00,14.36,14.36,14.36,14.36,88400,1269424.0
000026.SZ,2026-03-26 09:30:00,14.45,14.45,14.39,14.39,45700,660305.0
000026.SZ,2026-03-26 09:31:00,14.38,14.39,14.3,14.39,87400,1255153.0
000026.SZ,2026-03-26 09:32:00,14.4,14.65,14.39,14.65,248700,3619465.0
000026.SZ,2026-03-26 09:33:00,14.63,14.64,14.56,14.58,140600,2051176.0
000026.SZ,2026-03-26 09:34:00,14.59,14.65,14.59,14.62,90000,1316129.0
000026.SZ,2026-03-26 09:35:00,14.63,14.68,14.61,14.66,155400,2276364.0
000026.SZ,2026-03-26 09:36:00,14.66,14.66,14.6,14.6,46100,674687.0
000026.SZ,2026-03-26 09:37:00,14.59,14.64,14.59,14.6,65400,954968.0
000026.SZ,2026-03-26 09:38:00,14.61,14.63,14.58,14.6,44600,651330.0
000026.SZ,2026-03-26 09:39:00,14.58,14.58,14.55,14.55,28200,410683.0
000026.SZ,2026-03-26 09:40:00,14.53,14.53,14.52,14.53,28300,411171.0
000026.SZ,2026-03-26 09:41:00,14.5,14.53,14.5,14.51,47700,692283.0
000026.SZ,2026-03-26 09:42:00,14.52,14.52,14.49,14.49,39500,572897.0
000026.SZ,2026-03-26 09:43:00,14.5,14.5,14.47,14.48,23500,340520.0
000026.SZ,2026-03-26 09:44:00,14.48,14.51,14.47,14.5,38300,554972.0
000026.SZ,2026-03-26 09:45:00,14.5,14.52,14.5,14.52,6200,89952.0
000026.SZ,2026-03-26 09:46:00,14.52,14.52,14.5,14.5,31500,457321.0
000026.SZ,2026-03-26 09:47:00,14.5,14.5,14.48,14.48,12400,179698.0
000026.SZ,2026-03-26 09:48:00,14.48,14.49,14.43,14.43,43000,622022.0
000026.SZ,2026-03-26 09:49:00,14.42,14.42,14.4,14.4,48700,701360.0
000026.SZ,2026-03-26 09:50:00,14.39,14.42,14.38,14.42,22400,322424.0
000026.SZ,2026-03-26 09:51:00,14.41,14.41,14.38,14.39,39400,567094.0
000026.SZ,2026-03-26 09:52:00,14.39,14.39,14.35,14.35,44100,634048.0
000026.SZ,2026-03-26 09:53:00,14.35,14.38,14.35,14.38,26000,373375.0
000026.SZ,2026-03-26 09:54:00,14.38,14.41,14.38,14.4,13500,194253.0
000026.SZ,2026-03-26 09:55:00,14.4,14.41,14.39,14.41,11400,164124.0
000026.SZ,2026-03-26 09:56:00,14.41,14.41,14.4,14.4,10100,145472.0
000026.SZ,2026-03-26 09:57:00,14.4,14.41,14.39,14.41,63100,908683.0
000026.SZ,2026-03-26 09:58:00,14.4,14.41,14.39,14.39,29300,421861.0
000026.SZ,2026-03-26 09:59:00,14.38,14.39,14.37,14.39,15100,217101.0
000026.SZ,2026-03-26 10:00:00,14.39,14.41,14.39,14.39,12400,178566.0
000026.SZ,2026-03-26 10:01:00,14.38,14.39,14.37,14.39,21100,303413.0
000026.SZ,2026-03-26 10:02:00,14.38,14.39,14.37,14.37,9900,142411.0
000026.SZ,2026-03-26 10:03:00,14.37,14.37,14.36,14.36,10700,153755.0
000026.SZ,2026-03-26 10:04:00,14.36,14.36,14.35,14.35,39100,561431.0
000026.SZ,2026-03-26 10:05:00,14.35,14.36,14.35,14.35,9600,137832.0
000026.SZ,2026-03-26 10:06:00,14.36,14.37,14.35,14.35,14900,213937.0
000026.SZ,2026-03-26 10:07:00,14.37,14.4,14.36,14.4,23200,333536.0
000026.SZ,2026-03-26 10:08:00,14.39,14.39,14.38,14.38,3100,44581.0
000026.SZ,2026-03-26 10:09:00,14.37,14.38,14.37,14.37,16800,241466.0
000026.SZ,2026-03-26 10:10:00,14.37,14.37,14.37,14.37,600,8622.0
000026.SZ,2026-03-26 10:11:00,14.37,14.39,14.37,14.39,6500,93462.0
000026.SZ,2026-03-26 10:12:00,14.45,14.45,14.39,14.4,8900,128177.0
000026.SZ,2026-03-26 10:13:00,14.39,14.39,14.39,14.39,5600,80584.0
000026.SZ,2026-03-26 10:14:00,14.39,14.42,14.39,14.42,27300,393172.0
000026.SZ,2026-03-26 10:15:00,14.43,14.45,14.42,14.45,12900,186249.0
000026.SZ,2026-03-26 10:16:00,14.45,14.45,14.4,14.4,99500,1435871.0
000026.SZ,2026-03-26 10:17:00,14.4,14.41,14.4,14.4,11300,162721.0
000026.SZ,2026-03-26 10:18:00,14.39,14.39,14.38,14.38,5000,71948.0
000026.SZ,2026-03-26 10:19:00,14.38,14.39,14.38,14.38,5900,84852.0
000026.SZ,2026-03-26 10:20:00,14.38,14.38,14.37,14.38,6700,96331.0
000026.SZ,2026-03-26 10:21:00,14.37,14.37,14.37,14.37,6100,87657.0
000026.SZ,2026-03-26 10:22:00,14.37,14.37,14.37,14.37,2500,35926.0
000026.SZ,2026-03-26 10:23:00,14.37,14.37,14.37,14.37,0,0.0
000026.SZ,2026-03-26 10:24:00,14.37,14.37,14.36,14.36,27400,393549.0
000026.SZ,2026-03-26 10:25:00,14.36,14.36,14.36,14.36,600,8616.0
000026.SZ,2026-03-26 10:26:00,14.36,14.36,14.36,14.36,1700,24412.0
000026.SZ,2026-03-26 10:27:00,14.36,14.36,14.35,14.35,2100,30155.0
000026.SZ,2026-03-26 10:28:00,14.35,14.35,14.34,14.34,27700,397403.0
000026.SZ,2026-03-26 10:29:00,14.34,14.34,14.33,14.33,7500,107491.0
000026.SZ,2026-03-26 10:30:00,14.34,14.34,14.34,14.34,2600,37284.0
000026.SZ,2026-03-26 10:31:00,14.34,14.36,14.34,14.35,3700,53102.0
000026.SZ,2026-03-26 10:32:00,14.36,14.37,14.36,14.37,4400,63189.0
000026.SZ,2026-03-26 10:33:00,14.35,14.37,14.34,14.34,15800,226691.0
000026.SZ,2026-03-26 10:34:00,14.35,14.36,14.34,14.36,9200,132021.0
000026.SZ,2026-03-26 10:35:00,14.36,14.36,14.36,14.36,3100,44516.0
000026.SZ,2026-03-26 10:36:00,14.36,14.36,14.33,14.33,15100,216733.0
000026.SZ,2026-03-26 10:37:00,14.33,14.36,14.33,14.34,30400,435927.0
000026.SZ,2026-03-26 10:38:00,14.34,14.34,14.32,14.34,33800,484522.0
000026.SZ,2026-03-26 10:39:00,14.33,14.33,14.32,14.32,5300,75926.0
000026.SZ,2026-03-26 10:40:00,14.3,14.3,14.3,14.3,21600,308966.0
000026.SZ,2026-03-26 10:41:00,14.3,14.32,14.3,14.3,31700,453487.0
000026.SZ,2026-03-26 10:42:00,14.32,14.32,14.28,14.28,23700,338751.0
000026.SZ,2026-03-26 10:43:00,14.32,14.32,14.3,14.32,3400,48634.0
000026.SZ,2026-03-26 10:44:00,14.31,14.31,14.31,14.31,1300,18603.0
000026.SZ,2026-03-26 10:45:00,14.31,14.31,14.3,14.31,6700,95853.0
000026.SZ,2026-03-26 10:46:00,14.31,14.31,14.31,14.31,963,13780.53
000026.SZ,2026-03-26 10:47:00,14.32,14.33,14.32,14.32,5000,71643.0
000026.SZ,2026-03-26 10:48:00,14.32,14.32,14.31,14.31,5437,77808.47
000026.SZ,2026-03-26 10:49:00,14.3,14.31,14.3,14.31,2400,34339.0
000026.SZ,2026-03-26 10:50:00,14.32,14.32,14.31,14.31,200,2863.0
000026.SZ,2026-03-26 10:51:00,14.31,14.31,14.28,14.29,26800,383241.0
000026.SZ,2026-03-26 10:52:00,14.29,14.3,14.28,14.3,24100,344531.0
000026.SZ,2026-03-26 10:53:00,14.29,14.3,14.29,14.3,2700,38586.0
000026.SZ,2026-03-26 10:54:00,14.3,14.3,14.29,14.29,3500,50017.0
000026.SZ,2026-03-26 10:55:00,14.29,14.3,14.29,14.29,19700,281515.0
000026.SZ,2026-03-26 10:56:00,14.29,14.29,14.29,14.29,22300,318667.0
000026.SZ,2026-03-26 10:57:00,14.29,14.29,14.28,14.28,1900,27138.0
000026.SZ,2026-03-26 10:58:00,14.28,14.29,14.28,14.29,4800,68582.0
000026.SZ,2026-03-26 10:59:00,14.29,14.29,14.29,14.29,0,0.0
000026.SZ,2026-03-26 11:00:00,14.3,14.31,14.29,14.31,4400,62920.0
000026.SZ,2026-03-26 11:01:00,14.31,14.31,14.31,14.31,0,0.0
000026.SZ,2026-03-26 11:02:00,14.3,14.3,14.3,14.3,2000,28600.0
000026.SZ,2026-03-26 11:03:00,14.3,14.3,14.3,14.3,600,8580.0
000026.SZ,2026-03-26 11:04:00,14.3,14.3,14.3,14.3,3500,50050.0
000026.SZ,2026-03-26 11:05:00,14.29,14.29,14.29,14.29,100,1429.0
000026.SZ,2026-03-26 11:06:00,14.29,14.29,14.28,14.28,8600,122870.0
000026.SZ,2026-03-26 11:07:00,14.28,14.28,14.27,14.27,10800,154217.0
000026.SZ,2026-03-26 11:08:00,14.26,14.26,14.26,14.26,2500,35650.0
000026.SZ,2026-03-26 11:09:00,14.27,14.28,14.25,14.28,21300,303828.0
000026.SZ,2026-03-26 11:10:00,14.24,14.26,14.24,14.26,14800,210799.0
000026.SZ,2026-03-26 11:11:00,14.24,14.26,14.24,14.26,6700,95452.0
000026.SZ,2026-03-26 11:12:00,14.26,14.29,14.26,14.27,8700,124162.0
000026.SZ,2026-03-26 11:13:00,14.28,14.28,14.28,14.28,600,8568.0
000026.SZ,2026-03-26 11:14:00,14.28,14.28,14.28,14.28,100,1428.0
000026.SZ,2026-03-26 11:15:00,14.27,14.29,14.27,14.29,3100,44288.0
000026.SZ,2026-03-26 11:16:00,14.3,14.3,14.3,14.3,400,5720.0
000026.SZ,2026-03-26 11:17:00,14.28,14.29,14.28,14.29,4000,57132.0
000026.SZ,2026-03-26 11:18:00,14.28,14.29,14.28,14.29,2200,31429.0
000026.SZ,2026-03-26 11:19:00,14.29,14.29,14.29,14.29,0,0.0
000026.SZ,2026-03-26 11:20:00,14.29,14.3,14.28,14.28,4100,58582.0
000026.SZ,2026-03-26 11:21:00,14.28,14.28,14.28,14.28,0,0.0
000026.SZ,2026-03-26 11:22:00,14.28,14.28,14.28,14.28,900,12852.0
000026.SZ,2026-03-26 11:23:00,14.28,14.28,14.28,14.28,0,0.0
000026.SZ,2026-03-26 11:24:00,14.28,14.28,14.28,14.28,0,0.0
000026.SZ,2026-03-26 11:25:00,14.28,14.28,14.28,14.28,0,0.0
000026.SZ,2026-03-26 11:26:00,14.28,14.28,14.28,14.28,300,4284.0
000026.SZ,2026-03-26 11:27:00,14.28,14.28,14.28,14.28,6400,91392.0
000026.SZ,2026-03-26 11:28:00,14.28,14.28,14.27,14.27,2600,37103.0
000026.SZ,2026-03-26 11:29:00,14.28,14.28,14.28,14.28,1500,21420.0
000026.SZ,2026-03-26 11:30:00,14.28,14.28,14.27,14.27,3800,54277.0
000026.SZ,2026-03-26 13:01:00,14.28,14.3,14.27,14.3,92300,1317924.0
000026.SZ,2026-03-26 13:02:00,14.3,14.38,14.3,14.36,66200,950340.0
000026.SZ,2026-03-26 13:03:00,14.34,14.34,14.34,14.34,3000,43011.0
000026.SZ,2026-03-26 13:04:00,14.3,14.32,14.3,14.31,5700,81565.0
000026.SZ,2026-03-26 13:05:00,14.31,14.31,14.28,14.28,3300,47148.0
000026.SZ,2026-03-26 13:06:00,14.28,14.29,14.25,14.25,4700,67103.0
000026.SZ,2026-03-26 13:07:00,14.26,14.26,14.26,14.26,1500,21390.0
000026.SZ,2026-03-26 13:08:00,14.25,14.25,14.25,14.25,1800,25650.0
000026.SZ,2026-03-26 13:09:00,14.24,14.24,14.23,14.23,10800,153713.0
000026.SZ,2026-03-26 13:10:00,14.22,14.23,14.21,14.23,9600,136484.0
000026.SZ,2026-03-26 13:11:00,14.24,14.24,14.23,14.23,1100,15662.0
000026.SZ,2026-03-26 13:12:00,14.23,14.23,14.22,14.22,1900,27032.0
000026.SZ,2026-03-26 13:13:00,14.21,14.21,14.21,14.21,2900,41210.0
000026.SZ,2026-03-26 13:14:00,14.21,14.23,14.21,14.21,10000,142104.0
000026.SZ,2026-03-26 13:15:00,14.21,14.21,14.2,14.2,5700,80962.0
000026.SZ,2026-03-26 13:16:00,14.21,14.21,14.21,14.21,23500,333753.0
000026.SZ,2026-03-26 13:17:00,14.2,14.21,14.2,14.2,2200,31260.0
000026.SZ,2026-03-26 13:18:00,14.2,14.21,14.2,14.21,11000,156300.0
000026.SZ,2026-03-26 13:19:00,14.21,14.21,14.21,14.21,2200,31262.0
000026.SZ,2026-03-26 13:20:00,14.22,14.23,14.21,14.21,14400,204674.0
000026.SZ,2026-03-26 13:21:00,14.22,14.23,14.2,14.2,6600,93783.0
000026.SZ,2026-03-26 13:22:00,14.2,14.2,14.18,14.18,20300,288006.0
000026.SZ,2026-03-26 13:23:00,14.17,14.18,14.16,14.16,16600,235355.0
000026.SZ,2026-03-26 13:24:00,14.16,14.16,14.15,14.16,11600,164205.0
000026.SZ,2026-03-26 13:25:00,14.16,14.18,14.16,14.16,5100,72262.0
000026.SZ,2026-03-26 13:26:00,14.16,14.16,14.16,14.16,800,11328.0
000026.SZ,2026-03-26 13:27:00,14.17,14.17,14.17,14.17,2000,28340.0
000026.SZ,2026-03-26 13:28:00,14.16,14.16,14.16,14.16,3500,49560.0
000026.SZ,2026-03-26 13:29:00,14.16,14.18,14.16,14.18,34300,485821.0
000026.SZ,2026-03-26 13:30:00,14.19,14.2,14.19,14.19,2000,28384.0
000026.SZ,2026-03-26 13:31:00,14.19,14.19,14.19,14.19,0,0.0
000026.SZ,2026-03-26 13:32:00,14.2,14.21,14.2,14.2,2400,34084.0
000026.SZ,2026-03-26 13:33:00,14.2,14.2,14.18,14.18,8800,124841.0
000026.SZ,2026-03-26 13:34:00,14.19,14.19,14.18,14.18,1900,26949.0
000026.SZ,2026-03-26 13:35:00,14.19,14.19,14.18,14.18,2700,38290.0
000026.SZ,2026-03-26 13:36:00,14.18,14.19,14.17,14.19,26600,377204.0
000026.SZ,2026-03-26 13:37:00,14.19,14.19,14.18,14.19,13500,191564.0
000026.SZ,2026-03-26 13:38:00,14.18,14.18,14.17,14.17,14900,211182.0
000026.SZ,2026-03-26 13:39:00,14.17,14.17,14.16,14.16,19800,280411.0
000026.SZ,2026-03-26 13:40:00,14.18,14.18,14.18,14.18,800,11344.0
000026.SZ,2026-03-26 13:41:00,14.17,14.17,14.17,14.17,800,11336.0
000026.SZ,2026-03-26 13:42:00,14.17,14.18,14.17,14.18,4300,60947.0
000026.SZ,2026-03-26 13:43:00,14.18,14.18,14.18,14.18,0,0.0
000026.SZ,2026-03-26 13:44:00,14.18,14.18,14.17,14.18,6200,87893.0
000026.SZ,2026-03-26 13:45:00,14.17,14.17,14.17,14.17,500,7085.0
000026.SZ,2026-03-26 13:46:00,14.17,14.17,14.15,14.15,10300,145844.0
000026.SZ,2026-03-26 13:47:00,14.15,14.16,14.14,14.15,5200,73568.0
000026.SZ,2026-03-26 13:48:00,14.13,14.15,14.13,14.15,8100,114465.0
000026.SZ,2026-03-26 13:49:00,14.16,14.17,14.16,14.17,3400,48158.0
000026.SZ,2026-03-26 13:50:00,14.17,14.18,14.16,14.18,23200,328536.0
000026.SZ,2026-03-26 13:51:00,14.17,14.19,14.17,14.18,7900,112018.0
000026.SZ,2026-03-26 13:52:00,14.19,14.19,14.18,14.18,3900,55322.0
000026.SZ,2026-03-26 13:53:00,14.17,14.17,14.15,14.15,5400,76450.0
000026.SZ,2026-03-26 13:54:00,14.16,14.17,14.16,14.16,7500,106213.0
000026.SZ,2026-03-26 13:55:00,14.15,14.16,14.15,14.15,11300,159988.0
000026.SZ,2026-03-26 13:56:00,14.16,14.17,14.16,14.16,2200,31164.0
000026.SZ,2026-03-26 13:57:00,14.16,14.17,14.16,14.17,1200,17003.0
000026.SZ,2026-03-26 13:58:00,14.16,14.16,14.13,14.13,4500,63671.0
000026.SZ,2026-03-26 13:59:00,14.13,14.14,14.1,14.14,12100,170880.0
000026.SZ,2026-03-26 14:00:00,14.14,14.14,14.14,14.14,4500,63626.0
000026.SZ,2026-03-26 14:01:00,14.15,14.15,14.15,14.15,4500,63661.0
000026.SZ,2026-03-26 14:02:00,14.15,14.16,14.15,14.15,10500,148623.0
000026.SZ,2026-03-26 14:03:00,14.15,14.17,14.15,14.17,4300,60885.0
000026.SZ,2026-03-26 14:04:00,14.17,14.17,14.14,14.15,5100,72187.0
000026.SZ,2026-03-26 14:05:00,14.14,14.16,14.14,14.16,1900,26881.0
000026.SZ,2026-03-26 14:06:00,14.16,14.16,14.15,14.16,5500,77854.0
000026.SZ,2026-03-26 14:07:00,14.16,14.17,14.13,14.16,42200,597176.0
000026.SZ,2026-03-26 14:08:00,14.15,14.17,14.15,14.16,3463,49024.45
000026.SZ,2026-03-26 14:09:00,14.15,14.15,14.14,14.15,4637,65622.55
000026.SZ,2026-03-26 14:10:00,14.13,14.13,14.13,14.13,19800,279820.0
000026.SZ,2026-03-26 14:11:00,14.14,14.14,14.14,14.14,1500,21210.0
000026.SZ,2026-03-26 14:12:00,14.14,14.15,14.14,14.14,5900,83431.0
000026.SZ,2026-03-26 14:13:00,14.14,14.14,14.14,14.14,800,11312.0
000026.SZ,2026-03-26 14:14:00,14.14,14.15,14.13,14.13,8800,124391.0
000026.SZ,2026-03-26 14:15:00,14.13,14.13,14.12,14.12,1300,18364.0
000026.SZ,2026-03-26 14:16:00,14.12,14.12,14.12,14.12,5700,80484.0
000026.SZ,2026-03-26 14:17:00,14.13,14.13,14.12,14.12,1300,18361.0
000026.SZ,2026-03-26 14:18:00,14.12,14.13,14.12,14.13,5500,77714.0
000026.SZ,2026-03-26 14:19:00,14.13,14.13,14.13,14.13,0,0.0
000026.SZ,2026-03-26 14:20:00,14.13,14.13,14.12,14.12,2200,31081.0
000026.SZ,2026-03-26 14:21:00,14.11,14.11,14.11,14.11,4000,56479.0
000026.SZ,2026-03-26 14:22:00,14.12,14.13,14.12,14.13,2700,38140.0
000026.SZ,2026-03-26 14:23:00,14.13,14.14,14.13,14.13,6900,97515.0
000026.SZ,2026-03-26 14:24:00,14.13,14.14,14.13,14.14,600,8480.0
000026.SZ,2026-03-26 14:25:00,14.13,14.13,14.12,14.12,19900,281148.0
000026.SZ,2026-03-26 14:26:00,14.12,14.13,14.12,14.12,7000,98850.0
000026.SZ,2026-03-26 14:27:00,14.12,14.12,14.11,14.11,11000,155259.0
000026.SZ,2026-03-26 14:28:00,14.11,14.12,14.11,14.12,2200,31049.0
000026.SZ,2026-03-26 14:29:00,14.11,14.12,14.11,14.12,6400,90323.0
000026.SZ,2026-03-26 14:30:00,14.11,14.13,14.11,14.13,4900,69156.0
000026.SZ,2026-03-26 14:31:00,14.11,14.12,14.11,14.12,11900,167924.0
000026.SZ,2026-03-26 14:32:00,14.11,14.11,14.08,14.11,72700,1025029.0
000026.SZ,2026-03-26 14:33:00,14.13,14.13,14.1,14.1,9200,129773.0
000026.SZ,2026-03-26 14:34:00,14.1,14.11,14.1,14.11,2700,38078.0
000026.SZ,2026-03-26 14:35:00,14.12,14.13,14.12,14.12,6300,88983.0
000026.SZ,2026-03-26 14:36:00,14.13,14.13,14.13,14.13,1100,15543.0
000026.SZ,2026-03-26 14:37:00,14.13,14.14,14.12,14.12,4800,67821.0
000026.SZ,2026-03-26 14:38:00,14.13,14.13,14.11,14.11,8900,125639.0
000026.SZ,2026-03-26 14:39:00,14.11,14.13,14.11,14.12,6300,88930.0
000026.SZ,2026-03-26 14:40:00,14.11,14.11,14.11,14.11,3500,49384.0
000026.SZ,2026-03-26 14:41:00,14.11,14.12,14.1,14.1,2200,31047.0
000026.SZ,2026-03-26 14:42:00,14.1,14.12,14.1,14.12,1200,16935.0
000026.SZ,2026-03-26 14:43:00,14.1,14.12,14.1,14.11,900,12705.0
000026.SZ,2026-03-26 14:44:00,14.1,14.11,14.09,14.09,12000,169181.0
000026.SZ,2026-03-26 14:45:00,14.1,14.12,14.1,14.1,31300,441228.0
000026.SZ,2026-03-26 14:46:00,14.1,14.11,14.1,14.1,3400,47942.0
000026.SZ,2026-03-26 14:47:00,14.08,14.11,14.08,14.09,62000,873807.0
000026.SZ,2026-03-26 14:48:00,14.11,14.11,14.08,14.08,14100,198676.0
000026.SZ,2026-03-26 14:49:00,14.1,14.11,14.07,14.08,15700,221141.0
000026.SZ,2026-03-26 14:50:00,14.1,14.12,14.08,14.12,13100,184786.0
000026.SZ,2026-03-26 14:51:00,14.1,14.13,14.1,14.13,27100,382563.0
000026.SZ,2026-03-26 14:52:00,14.13,14.13,14.13,14.13,2400,33912.0
000026.SZ,2026-03-26 14:53:00,14.11,14.15,14.11,14.13,16163,228355.56
000026.SZ,2026-03-26 14:54:00,14.14,14.15,14.13,14.15,24200,342309.0
000026.SZ,2026-03-26 14:55:00,14.15,14.16,14.13,14.16,7200,101855.0
000026.SZ,2026-03-26 14:56:00,14.16,14.16,14.15,14.16,15000,212295.0
000026.SZ,2026-03-26 14:57:00,14.16,14.16,14.15,14.16,17300,244982.0
000026.SZ,2026-03-26 14:58:00,14.16,14.16,14.16,14.16,0,0.0
000026.SZ,2026-03-26 14:59:00,14.16,14.16,14.16,14.16,0,0.0
000026.SZ,2026-03-26 15:00:00,14.2,14.2,14.2,14.2,54500,773900.0
000026.SZ,2026-03-27 09:30:00,14.08,14.08,13.95,13.95,38400,539989.0
000026.SZ,2026-03-27 09:31:00,14.07,14.15,14.0,14.15,103800,1458443.0
000026.SZ,2026-03-27 09:32:00,14.15,14.19,14.11,14.18,37100,525047.0
000026.SZ,2026-03-27 09:33:00,14.16,14.16,14.08,14.12,37300,526193.0
000026.SZ,2026-03-27 09:34:00,14.08,14.17,14.08,14.17,9900,139930.0
000026.SZ,2026-03-27 09:35:00,14.15,14.16,14.15,14.15,19800,280155.0
000026.SZ,2026-03-27 09:36:00,14.15,14.17,14.14,14.17,32300,457022.0
000026.SZ,2026-03-27 09:37:00,14.19,14.22,14.17,14.2,40700,576783.0
000026.SZ,2026-03-27 09:38:00,14.2,14.21,14.19,14.2,34400,488463.0
000026.SZ,2026-03-27 09:39:00,14.2,14.2,14.19,14.19,10400,147619.0
000026.SZ,2026-03-27 09:40:00,14.19,14.21,14.19,14.21,10900,154867.0
000026.SZ,2026-03-27 09:41:00,14.2,14.23,14.19,14.21,25200,358205.0
000026.SZ,2026-03-27 09:42:00,14.21,14.22,14.18,14.19,35700,506967.0
000026.SZ,2026-03-27 09:43:00,14.18,14.22,14.18,14.19,32600,463116.0
000026.SZ,2026-03-27 09:44:00,14.19,14.19,14.13,14.16,3700,52437.0
000026.SZ,2026-03-27 09:45:00,14.15,14.18,14.15,14.15,19800,280410.0
000026.SZ,2026-03-27 09:46:00,14.15,14.17,14.15,14.17,3100,43922.0
000026.SZ,2026-03-27 09:47:00,14.16,14.18,14.16,14.17,4400,62330.0
000026.SZ,2026-03-27 09:48:00,14.17,14.17,14.14,14.14,3600,50976.0
000026.SZ,2026-03-27 09:49:00,14.14,14.14,14.12,14.12,10800,152692.0
000026.SZ,2026-03-27 09:50:00,14.11,14.12,14.09,14.09,15700,221476.0
000026.SZ,2026-03-27 09:51:00,14.09,14.09,14.08,14.09,1400,19725.0
000026.SZ,2026-03-27 09:52:00,14.1,14.12,14.1,14.11,21100,297652.0
000026.SZ,2026-03-27 09:53:00,14.12,14.12,14.11,14.11,6000,84705.0
000026.SZ,2026-03-27 09:54:00,14.11,14.11,14.1,14.1,9100,128388.0
000026.SZ,2026-03-27 09:55:00,14.1,14.1,14.1,14.1,0,0.0
000026.SZ,2026-03-27 09:56:00,14.11,14.14,14.1,14.14,18100,255378.0
000026.SZ,2026-03-27 09:57:00,14.13,14.16,14.13,14.16,2400,33928.0
000026.SZ,2026-03-27 09:58:00,14.16,14.17,14.16,14.16,6900,97713.0
000026.SZ,2026-03-27 09:59:00,14.14,14.17,14.14,14.17,7500,106257.0
000026.SZ,2026-03-27 10:00:00,14.17,14.17,14.16,14.16,2800,39649.0
000026.SZ,2026-03-27 10:01:00,14.15,14.18,14.15,14.17,18100,256853.0
000026.SZ,2026-03-27 10:02:00,14.2,14.2,14.19,14.19,8000,113561.0
000026.SZ,2026-03-27 10:03:00,14.2,14.21,14.2,14.2,14300,203071.0
000026.SZ,2026-03-27 10:04:00,14.21,14.21,14.2,14.21,900,12783.0
000026.SZ,2026-03-27 10:05:00,14.2,14.21,14.2,14.21,500,7102.0
000026.SZ,2026-03-27 10:06:00,14.2,14.21,14.2,14.2,3100,44027.0
000026.SZ,2026-03-27 10:07:00,14.19,14.2,14.19,14.19,9200,130546.0
000026.SZ,2026-03-27 10:08:00,14.19,14.19,14.19,14.19,11200,158928.0
000026.SZ,2026-03-27 10:09:00,14.2,14.21,14.19,14.21,19300,274218.0
000026.SZ,2026-03-27 10:10:00,14.22,14.23,14.22,14.23,11200,159265.0
000026.SZ,2026-03-27 10:11:00,14.23,14.23,14.2,14.23,15900,226229.0
000026.SZ,2026-03-27 10:12:00,14.2,14.2,14.2,14.2,100,1420.0
000026.SZ,2026-03-27 10:13:00,14.21,14.21,14.19,14.19,8200,116466.0
000026.SZ,2026-03-27 10:14:00,14.2,14.2,14.2,14.2,400,5680.0
000026.SZ,2026-03-27 10:15:00,14.2,14.24,14.2,14.24,23200,329956.0
000026.SZ,2026-03-27 10:16:00,14.21,14.22,14.21,14.22,1900,27006.0
000026.SZ,2026-03-27 10:17:00,14.21,14.21,14.2,14.2,5600,79563.0
000026.SZ,2026-03-27 10:18:00,14.2,14.2,14.19,14.2,6800,96522.0
000026.SZ,2026-03-27 10:19:00,14.2,14.2,14.2,14.2,2300,32655.0
000026.SZ,2026-03-27 10:20:00,14.18,14.18,14.18,14.18,4200,59581.0
000026.SZ,2026-03-27 10:21:00,14.18,14.18,14.17,14.18,4900,69472.0
000026.SZ,2026-03-27 10:22:00,14.18,14.18,14.18,14.18,2900,41122.0
000026.SZ,2026-03-27 10:23:00,14.16,14.16,14.15,14.15,11500,162779.0
000026.SZ,2026-03-27 10:24:00,14.16,14.16,14.15,14.15,2400,33965.0
000026.SZ,2026-03-27 10:25:00,14.15,14.15,14.14,14.14,7600,107491.0
000026.SZ,2026-03-27 10:26:00,14.15,14.15,14.12,14.12,77100,1088715.0
000026.SZ,2026-03-27 10:27:00,14.12,14.12,14.12,14.12,600,8472.0
000026.SZ,2026-03-27 10:28:00,14.12,14.15,14.12,14.15,6300,88981.0
000026.SZ,2026-03-27 10:29:00,14.14,14.16,14.14,14.15,10400,147160.0
000026.SZ,2026-03-27 10:30:00,14.14,14.15,14.14,14.15,2900,41027.0
000026.SZ,2026-03-27 10:31:00,14.15,14.15,14.11,14.12,127600,1800970.0
000026.SZ,2026-03-27 10:32:00,14.12,14.22,14.11,14.22,58300,827059.0
000026.SZ,2026-03-27 10:33:00,14.19,14.25,14.19,14.22,74900,1066047.0
000026.SZ,2026-03-27 10:34:00,14.19,14.21,14.18,14.18,6300,89363.0
000026.SZ,2026-03-27 10:35:00,14.18,14.19,14.18,14.19,19500,276535.0
000026.SZ,2026-03-27 10:36:00,14.18,14.19,14.16,14.17,8600,121942.0
000026.SZ,2026-03-27 10:37:00,14.17,14.17,14.16,14.16,9400,133161.0
000026.SZ,2026-03-27 10:38:00,14.17,14.27,14.16,14.27,35900,510901.0
000026.SZ,2026-03-27 10:39:00,14.22,14.25,14.2,14.2,61000,867699.0
000026.SZ,2026-03-27 10:40:00,14.2,14.22,14.2,14.2,2400,34100.0
000026.SZ,2026-03-27 10:41:00,14.23,14.23,14.17,14.17,86900,1233137.0
000026.SZ,2026-03-27 10:42:00,14.17,14.18,14.16,14.16,20400,288930.0
000026.SZ,2026-03-27 10:43:00,14.15,14.18,14.15,14.18,19300,273428.0
000026.SZ,2026-03-27 10:44:00,14.18,14.19,14.17,14.17,4100,58157.0
000026.SZ,2026-03-27 10:45:00,14.18,14.22,14.15,14.17,61700,873666.0
000026.SZ,2026-03-27 10:46:00,14.17,14.18,14.17,14.18,400,5669.0
000026.SZ,2026-03-27 10:47:00,14.17,14.17,14.17,14.17,100,1417.0
000026.SZ,2026-03-27 10:48:00,14.19,14.19,14.18,14.19,1000,14189.0
000026.SZ,2026-03-27 10:49:00,14.21,14.21,14.18,14.19,2100,29806.0
000026.SZ,2026-03-27 10:50:00,14.18,14.18,14.17,14.17,1500,21274.0
000026.SZ,2026-03-27 10:51:00,14.18,14.18,14.16,14.16,35200,498610.0
000026.SZ,2026-03-27 10:52:00,14.16,14.16,14.16,14.16,6100,86426.0
000026.SZ,2026-03-27 10:53:00,14.17,14.17,14.15,14.15,8700,123201.0
000026.SZ,2026-03-27 10:54:00,14.15,14.15,14.15,14.15,10300,145745.0
000026.SZ,2026-03-27 10:55:00,14.15,14.16,14.15,14.16,5200,73616.0
000026.SZ,2026-03-27 10:56:00,14.15,14.16,14.14,14.15,17900,253258.0
000026.SZ,2026-03-27 10:57:00,14.15,14.16,14.15,14.15,3200,45291.0
000026.SZ,2026-03-27 10:58:00,14.15,14.15,14.12,14.12,12200,172494.0
000026.SZ,2026-03-27 10:59:00,14.15,14.15,14.15,14.15,600,8488.0
000026.SZ,2026-03-27 11:00:00,14.15,14.15,14.13,14.13,3000,42403.0
000026.SZ,2026-03-27 11:01:00,14.13,14.14,14.13,14.14,10600,149808.0
000026.SZ,2026-03-27 11:02:00,14.17,14.17,14.15,14.15,2500,35423.0
000026.SZ,2026-03-27 11:03:00,14.16,14.16,14.15,14.15,1000,14159.0
000026.SZ,2026-03-27 11:04:00,14.15,14.15,14.15,14.15,1000,14158.0
000026.SZ,2026-03-27 11:05:00,14.15,14.16,14.15,14.16,6200,87739.0
000026.SZ,2026-03-27 11:06:00,14.16,14.16,14.15,14.16,6500,92032.0
000026.SZ,2026-03-27 11:07:00,14.16,14.16,14.13,14.13,16200,228983.0
000026.SZ,2026-03-27 11:08:00,14.13,14.14,14.13,14.14,10800,152609.0
000026.SZ,2026-03-27 11:09:00,14.13,14.13,14.13,14.13,100,1413.0
000026.SZ,2026-03-27 11:10:00,14.14,14.15,14.14,14.15,3500,49524.0
000026.SZ,2026-03-27 11:11:00,14.16,14.16,14.15,14.16,1000,14156.0
000026.SZ,2026-03-27 11:12:00,14.14,14.14,14.13,14.13,1600,22623.0
000026.SZ,2026-03-27 11:13:00,14.15,14.16,14.12,14.16,36800,519876.0
000026.SZ,2026-03-27 11:14:00,14.13,14.17,14.12,14.15,14900,210541.0
000026.SZ,2026-03-27 11:15:00,14.18,14.18,14.14,14.15,1800,25484.0
000026.SZ,2026-03-27 11:16:00,14.15,14.16,14.14,14.16,21200,299875.0
000026.SZ,2026-03-27 11:17:00,14.19,14.19,14.15,14.16,11000,155745.0
000026.SZ,2026-03-27 11:18:00,14.15,14.15,14.13,14.13,15100,213419.0
000026.SZ,2026-03-27 11:19:00,14.22,14.22,14.17,14.21,34500,490188.0
000026.SZ,2026-03-27 11:20:00,14.21,14.22,14.17,14.21,11100,157730.0
000026.SZ,2026-03-27 11:21:00,14.21,14.21,14.19,14.19,500,7101.0
000026.SZ,2026-03-27 11:22:00,14.19,14.19,14.18,14.18,6700,95013.0
000026.SZ,2026-03-27 11:23:00,14.18,14.2,14.17,14.2,2200,31194.0
000026.SZ,2026-03-27 11:24:00,14.17,14.18,14.17,14.18,1200,17014.0
000026.SZ,2026-03-27 11:25:00,14.18,14.2,14.17,14.17,4900,69550.0
000026.SZ,2026-03-27 11:26:00,14.19,14.2,14.17,14.2,1400,19866.0
000026.SZ,2026-03-27 11:27:00,14.17,14.17,14.17,14.17,1600,22672.0
000026.SZ,2026-03-27 11:28:00,14.18,14.2,14.18,14.19,600,8515.0
000026.SZ,2026-03-27 11:29:00,14.18,14.18,14.18,14.18,100,1418.0
000026.SZ,2026-03-27 11:30:00,14.2,14.2,14.18,14.18,1800,25541.0
000026.SZ,2026-03-27 13:01:00,14.2,14.22,14.18,14.21,10900,154868.0
000026.SZ,2026-03-27 13:02:00,14.19,14.23,14.19,14.23,4200,59720.0
000026.SZ,2026-03-27 13:03:00,14.22,14.22,14.22,14.22,2600,36970.0
000026.SZ,2026-03-27 13:04:00,14.23,14.23,14.2,14.2,400,5683.0
000026.SZ,2026-03-27 13:05:00,14.2,14.23,14.2,14.23,12600,179210.0
000026.SZ,2026-03-27 13:06:00,14.25,14.25,14.25,14.25,42200,601317.0
000026.SZ,2026-03-27 13:07:00,14.24,14.26,14.24,14.26,3400,48461.0
000026.SZ,2026-03-27 13:08:00,14.26,14.26,14.24,14.26,2600,37036.0
000026.SZ,2026-03-27 13:09:00,14.25,14.26,14.25,14.25,4300,61280.0
000026.SZ,2026-03-27 13:10:00,14.25,14.26,14.25,14.25,16100,229426.0
000026.SZ,2026-03-27 13:11:00,14.25,14.25,14.25,14.25,2000,28500.0
000026.SZ,2026-03-27 13:12:00,14.24,14.25,14.24,14.25,6500,92592.0
000026.SZ,2026-03-27 13:13:00,14.29,14.3,14.29,14.3,32600,465674.0
000026.SZ,2026-03-27 13:14:00,14.28,14.29,14.28,14.29,9500,135715.0
000026.SZ,2026-03-27 13:15:00,14.3,14.34,14.29,14.29,51300,733805.0
000026.SZ,2026-03-27 13:16:00,14.29,14.37,14.29,14.36,57500,825782.0
000026.SZ,2026-03-27 13:17:00,14.36,14.36,14.33,14.34,11700,167747.0
000026.SZ,2026-03-27 13:18:00,14.32,14.34,14.32,14.32,5600,80226.0
000026.SZ,2026-03-27 13:19:00,14.34,14.34,14.32,14.33,3300,47301.0
000026.SZ,2026-03-27 13:20:00,14.33,14.33,14.32,14.32,7500,107470.0
000026.SZ,2026-03-27 13:21:00,14.32,14.32,14.32,14.32,6700,95944.0
000026.SZ,2026-03-27 13:22:00,14.32,14.32,14.3,14.3,4400,62984.0
000026.SZ,2026-03-27 13:23:00,14.31,14.31,14.3,14.3,1900,27175.0
000026.SZ,2026-03-27 13:24:00,14.3,14.3,14.28,14.28,3200,45747.0
000026.SZ,2026-03-27 13:25:00,14.29,14.29,14.29,14.29,1100,15719.0
000026.SZ,2026-03-27 13:26:00,14.29,14.29,14.29,14.29,1900,27150.0
000026.SZ,2026-03-27 13:27:00,14.29,14.29,14.28,14.28,1500,21433.0
000026.SZ,2026-03-27 13:28:00,14.28,14.28,14.28,14.28,2600,37128.0
000026.SZ,2026-03-27 13:29:00,14.28,14.28,14.28,14.28,400,5712.0
000026.SZ,2026-03-27 13:30:00,14.28,14.28,14.28,14.28,600,8568.0
000026.SZ,2026-03-27 13:31:00,14.29,14.29,14.28,14.29,5600,80017.0
000026.SZ,2026-03-27 13:32:00,14.3,14.3,14.3,14.3,3600,51480.0
000026.SZ,2026-03-27 13:33:00,14.28,14.28,14.28,14.28,6300,89987.0
000026.SZ,2026-03-27 13:34:00,14.27,14.28,14.27,14.28,200,2855.0
000026.SZ,2026-03-27 13:35:00,14.27,14.27,14.25,14.25,9100,129679.0
000026.SZ,2026-03-27 13:36:00,14.27,14.27,14.27,14.27,500,7135.0
000026.SZ,2026-03-27 13:37:00,14.27,14.27,14.27,14.27,100,1427.0
000026.SZ,2026-03-27 13:38:00,14.27,14.27,14.27,14.27,5000,71350.0
000026.SZ,2026-03-27 13:39:00,14.28,14.28,14.28,14.28,100,1428.0
000026.SZ,2026-03-27 13:40:00,14.28,14.29,14.27,14.27,1400,19997.0
000026.SZ,2026-03-27 13:41:00,14.26,14.27,14.25,14.27,32500,463477.0
000026.SZ,2026-03-27 13:42:00,14.26,14.28,14.26,14.28,9000,128342.0
000026.SZ,2026-03-27 13:43:00,14.26,14.26,14.26,14.26,1700,24242.0
000026.SZ,2026-03-27 13:44:00,14.26,14.26,14.26,14.26,1000,14260.0
000026.SZ,2026-03-27 13:45:00,14.28,14.28,14.26,14.26,21600,308036.0
000026.SZ,2026-03-27 13:46:00,14.26,14.26,14.26,14.26,7200,102672.0
000026.SZ,2026-03-27 13:47:00,14.26,14.26,14.26,14.26,0,0.0
000026.SZ,2026-03-27 13:48:00,14.27,14.27,14.26,14.26,2100,29955.0
000026.SZ,2026-03-27 13:49:00,14.25,14.26,14.25,14.26,5700,81229.0
000026.SZ,2026-03-27 13:50:00,14.27,14.27,14.25,14.25,3600,51308.0
000026.SZ,2026-03-27 13:51:00,14.25,14.26,14.25,14.26,700,9980.0
000026.SZ,2026-03-27 13:52:00,14.26,14.28,14.26,14.28,18100,258253.0
000026.SZ,2026-03-27 13:53:00,14.28,14.28,14.28,14.28,400,5712.0
000026.SZ,2026-03-27 13:54:00,14.27,14.27,14.25,14.25,7600,108373.0
000026.SZ,2026-03-27 13:55:00,14.25,14.25,14.25,14.25,5900,84075.0
000026.SZ,2026-03-27 13:56:00,14.25,14.25,14.25,14.25,700,9975.0
000026.SZ,2026-03-27 13:57:00,14.25,14.25,14.25,14.25,1100,15675.0
000026.SZ,2026-03-27 13:58:00,14.24,14.24,14.23,14.23,22600,321813.0
000026.SZ,2026-03-27 13:59:00,14.23,14.23,14.23,14.23,3200,45536.0
000026.SZ,2026-03-27 14:00:00,14.23,14.23,14.22,14.22,5800,82496.0
000026.SZ,2026-03-27 14:01:00,14.22,14.23,14.21,14.21,2200,31283.0
000026.SZ,2026-03-27 14:02:00,14.21,14.22,14.21,14.22,3100,44060.0
000026.SZ,2026-03-27 14:03:00,14.21,14.21,14.21,14.21,8000,113680.0
000026.SZ,2026-03-27 14:04:00,14.22,14.22,14.2,14.21,12200,173261.0
000026.SZ,2026-03-27 14:05:00,14.21,14.22,14.21,14.21,6400,91000.0
000026.SZ,2026-03-27 14:06:00,14.21,14.21,14.21,14.21,1800,25578.0
000026.SZ,2026-03-27 14:07:00,14.21,14.21,14.17,14.17,24700,350346.0
000026.SZ,2026-03-27 14:08:00,14.2,14.2,14.19,14.19,5100,72380.0
000026.SZ,2026-03-27 14:09:00,14.21,14.21,14.19,14.19,700,9935.0
000026.SZ,2026-03-27 14:10:00,14.19,14.19,14.19,14.19,2100,29799.0
000026.SZ,2026-03-27 14:11:00,14.21,14.22,14.21,14.21,28400,403508.0
000026.SZ,2026-03-27 14:12:00,14.21,14.21,14.2,14.2,8800,124990.0
000026.SZ,2026-03-27 14:13:00,14.21,14.21,14.21,14.21,100,1421.0
000026.SZ,2026-03-27 14:14:00,14.22,14.23,14.22,14.23,1000,14224.0
000026.SZ,2026-03-27 14:15:00,14.24,14.24,14.22,14.22,7400,105307.0
000026.SZ,2026-03-27 14:16:00,14.23,14.24,14.23,14.24,1900,27044.0
000026.SZ,2026-03-27 14:17:00,14.24,14.24,14.24,14.24,200,2848.0
000026.SZ,2026-03-27 14:18:00,14.23,14.23,14.23,14.23,32300,459659.0
000026.SZ,2026-03-27 14:19:00,14.23,14.23,14.23,14.23,8500,120955.0
000026.SZ,2026-03-27 14:20:00,14.23,14.25,14.23,14.25,2600,37005.0
000026.SZ,2026-03-27 14:21:00,14.24,14.24,14.23,14.24,4800,68332.0
000026.SZ,2026-03-27 14:22:00,14.24,14.24,14.24,14.24,2700,38448.0
000026.SZ,2026-03-27 14:23:00,14.25,14.25,14.25,14.25,5400,76950.0
000026.SZ,2026-03-27 14:24:00,14.26,14.26,14.26,14.26,1900,27094.0
000026.SZ,2026-03-27 14:25:00,14.26,14.26,14.26,14.26,1300,18538.0
000026.SZ,2026-03-27 14:26:00,14.26,14.26,14.26,14.26,2200,31372.0
000026.SZ,2026-03-27 14:27:00,14.26,14.26,14.23,14.23,39400,561043.0
000026.SZ,2026-03-27 14:28:00,14.24,14.25,14.24,14.24,8900,126815.0
000026.SZ,2026-03-27 14:29:00,14.23,14.24,14.23,14.24,700,9963.0
000026.SZ,2026-03-27 14:30:00,14.23,14.23,14.23,14.23,4400,62612.0
000026.SZ,2026-03-27 14:31:00,14.23,14.24,14.23,14.24,2900,41274.0
000026.SZ,2026-03-27 14:32:00,14.24,14.24,14.24,14.24,1200,17088.0
000026.SZ,2026-03-27 14:33:00,14.24,14.24,14.24,14.24,1300,18512.0
000026.SZ,2026-03-27 14:34:00,14.24,14.24,14.24,14.24,6300,89712.0
000026.SZ,2026-03-27 14:35:00,14.25,14.25,14.25,14.25,100,1425.0
000026.SZ,2026-03-27 14:36:00,14.24,14.25,14.24,14.25,4300,61235.0
000026.SZ,2026-03-27 14:37:00,14.25,14.25,14.24,14.24,5700,81188.0
000026.SZ,2026-03-27 14:38:00,14.24,14.26,14.24,14.26,6500,92617.0
000026.SZ,2026-03-27 14:39:00,14.26,14.26,14.25,14.25,19000,270751.0
000026.SZ,2026-03-27 14:40:00,14.24,14.25,14.23,14.23,56800,808506.0
000026.SZ,2026-03-27 14:41:00,14.24,14.25,14.23,14.25,22800,324675.0
000026.SZ,2026-03-27 14:42:00,14.25,14.25,14.25,14.25,500,7125.0
000026.SZ,2026-03-27 14:43:00,14.25,14.25,14.21,14.21,154200,2192542.0
000026.SZ,2026-03-27 14:44:00,14.23,14.31,14.21,14.31,196000,2791509.0
000026.SZ,2026-03-27 14:45:00,14.27,14.33,14.27,14.27,57000,816288.0
000026.SZ,2026-03-27 14:46:00,14.32,14.32,14.28,14.28,44800,640175.0
000026.SZ,2026-03-27 14:47:00,14.29,14.29,14.28,14.29,13400,191485.0
000026.SZ,2026-03-27 14:48:00,14.29,14.29,14.28,14.28,21300,304262.0
000026.SZ,2026-03-27 14:49:00,14.28,14.28,14.27,14.27,6600,94251.0
000026.SZ,2026-03-27 14:50:00,14.27,14.28,14.27,14.28,3200,45686.0
000026.SZ,2026-03-27 14:51:00,14.28,14.29,14.27,14.27,2200,31414.0
000026.SZ,2026-03-27 14:52:00,14.29,14.29,14.27,14.29,3100,44295.0
000026.SZ,2026-03-27 14:53:00,14.28,14.28,14.28,14.28,7800,111390.0
000026.SZ,2026-03-27 14:54:00,14.29,14.29,14.28,14.29,10700,152892.0
000026.SZ,2026-03-27 14:55:00,14.29,14.29,14.27,14.29,8600,122871.0
000026.SZ,2026-03-27 14:56:00,14.29,14.3,14.28,14.29,55000,785784.0
000026.SZ,2026-03-27 14:57:00,14.28,14.3,14.28,14.3,148200,2116852.0
000026.SZ,2026-03-27 14:58:00,14.3,14.3,14.3,14.3,0,0.0
000026.SZ,2026-03-27 14:59:00,14.3,14.3,14.3,14.3,0,0.0
000026.SZ,2026-03-27 15:00:00,14.34,14.34,14.34,14.34,126500,1814010.0
000026.SZ,2026-03-30 09:30:00,14.09,14.09,14.09,14.09,44900,632641.0
000026.SZ,2026-03-30 09:31:00,14.1,14.26,14.1,14.26,26000,368965.0
000026.SZ,2026-03-30 09:32:00,14.22,14.33,14.22,14.22,47200,673674.0
000026.SZ,2026-03-30 09:33:00,14.22,14.23,14.18,14.2,30900,438699.0
000026.SZ,2026-03-30 09:34:00,14.22,14.22,14.16,14.18,20400,289561.0
000026.SZ,2026-03-30 09:35:00,14.21,14.21,14.17,14.18,23300,330506.0
000026.SZ,2026-03-30 09:36:00,14.18,14.19,14.1,14.16,27600,390200.0
000026.SZ,2026-03-30 09:37:00,14.19,14.19,14.16,14.19,5400,76561.0
000026.SZ,2026-03-30 09:38:00,14.18,14.21,14.15,14.15,13700,194122.0
000026.SZ,2026-03-30 09:39:00,14.19,14.19,14.17,14.19,5300,75166.0
000026.SZ,2026-03-30 09:40:00,14.2,14.21,14.19,14.21,11000,156140.0
000026.SZ,2026-03-30 09:41:00,14.17,14.23,14.17,14.18,13000,184639.0
000026.SZ,2026-03-30 09:42:00,14.18,14.18,14.17,14.17,13000,184320.0
000026.SZ,2026-03-30 09:43:00,14.18,14.26,14.17,14.17,27500,391067.0
000026.SZ,2026-03-30 09:44:00,14.17,14.17,14.13,14.14,22600,319817.0
000026.SZ,2026-03-30 09:45:00,14.13,14.16,14.13,14.15,37400,528620.0
000026.SZ,2026-03-30 09:46:00,14.11,14.13,14.11,14.11,14300,201879.0
000026.SZ,2026-03-30 09:47:00,14.1,14.14,14.1,14.14,15500,218631.0
000026.SZ,2026-03-30 09:48:00,14.13,14.13,14.11,14.11,26900,379935.0
000026.SZ,2026-03-30 09:49:00,14.12,14.14,14.06,14.08,49000,690807.0
000026.SZ,2026-03-30 09:50:00,14.08,14.09,14.06,14.06,27300,384137.0
000026.SZ,2026-03-30 09:51:00,14.07,14.09,14.06,14.07,15500,218145.0
000026.SZ,2026-03-30 09:52:00,14.07,14.08,14.05,14.06,22400,314875.0
000026.SZ,2026-03-30 09:53:00,14.06,14.07,14.04,14.04,17000,238947.0
000026.SZ,2026-03-30 09:54:00,14.04,14.06,14.04,14.04,7100,99764.0
000026.SZ,2026-03-30 09:55:00,14.05,14.06,14.04,14.05,23700,332851.0
000026.SZ,2026-03-30 09:56:00,14.06,14.07,14.04,14.07,11300,158836.0
000026.SZ,2026-03-30 09:57:00,14.07,14.08,14.07,14.08,3100,43638.0
000026.SZ,2026-03-30 09:58:00,14.08,14.11,14.08,14.11,3100,43716.0
000026.SZ,2026-03-30 09:59:00,14.11,14.11,14.09,14.09,4000,56388.0
000026.SZ,2026-03-30 10:00:00,14.09,14.1,14.08,14.1,18800,264881.0
000026.SZ,2026-03-30 10:01:00,14.11,14.14,14.11,14.14,11800,166572.0
000026.SZ,2026-03-30 10:02:00,14.14,14.14,14.13,14.13,3500,49458.0
000026.SZ,2026-03-30 10:03:00,14.14,14.14,14.11,14.12,2200,31061.0
000026.SZ,2026-03-30 10:04:00,14.1,14.14,14.1,14.14,9600,135478.0
000026.SZ,2026-03-30 10:05:00,14.12,14.12,14.08,14.08,3800,53557.0
000026.SZ,2026-03-30 10:06:00,14.1,14.13,14.1,14.13,33400,470706.0
000026.SZ,2026-03-30 10:07:00,14.13,14.13,14.1,14.13,6200,87528.0
000026.SZ,2026-03-30 10:08:00,14.14,14.15,14.14,14.15,13500,190944.0
000026.SZ,2026-03-30 10:09:00,14.15,14.17,14.15,14.15,14000,198223.0
000026.SZ,2026-03-30 10:10:00,14.15,14.18,14.15,14.18,7300,103463.0
000026.SZ,2026-03-30 10:11:00,14.18,14.18,14.18,14.18,6600,93612.0
000026.SZ,2026-03-30 10:12:00,14.18,14.19,14.15,14.15,5700,80845.0
000026.SZ,2026-03-30 10:13:00,14.17,14.17,14.15,14.15,800,11322.0
000026.SZ,2026-03-30 10:14:00,14.16,14.16,14.15,14.15,3200,45303.0
000026.SZ,2026-03-30 10:15:00,14.16,14.16,14.15,14.15,5100,72205.0
000026.SZ,2026-03-30 10:16:00,14.16,14.16,14.16,14.16,3500,49542.0
000026.SZ,2026-03-30 10:17:00,14.16,14.18,14.16,14.16,15800,223829.0
000026.SZ,2026-03-30 10:18:00,14.17,14.17,14.17,14.17,1000,14170.0
000026.SZ,2026-03-30 10:19:00,14.17,14.17,14.15,14.15,7000,99090.0
000026.SZ,2026-03-30 10:20:00,14.14,14.14,14.14,14.14,1200,16968.0
000026.SZ,2026-03-30 10:21:00,14.14,14.14,14.14,14.14,0,0.0
000026.SZ,2026-03-30 10:22:00,14.14,14.14,14.13,14.13,4200,59377.0
000026.SZ,2026-03-30 10:23:00,14.12,14.12,14.11,14.11,13900,196310.0
000026.SZ,2026-03-30 10:24:00,14.11,14.11,14.1,14.11,7400,104408.0
000026.SZ,2026-03-30 10:25:00,14.11,14.15,14.11,14.14,8100,114360.0
000026.SZ,2026-03-30 10:26:00,14.15,14.15,14.14,14.14,2400,33951.0
000026.SZ,2026-03-30 10:27:00,14.14,14.14,14.14,14.14,500,7070.0
000026.SZ,2026-03-30 10:28:00,14.15,14.15,14.14,14.14,200,2829.0
000026.SZ,2026-03-30 10:29:00,14.15,14.15,14.14,14.14,500,7071.0
000026.SZ,2026-03-30 10:30:00,14.14,14.16,14.14,14.16,14100,199533.0
000026.SZ,2026-03-30 10:31:00,14.17,14.18,14.15,14.15,4600,65183.0
000026.SZ,2026-03-30 10:32:00,14.15,14.15,14.11,14.11,15400,217772.0
000026.SZ,2026-03-30 10:33:00,14.11,14.11,14.11,14.11,200,2822.0
000026.SZ,2026-03-30 10:34:00,14.11,14.13,14.11,14.13,13800,194740.0
000026.SZ,2026-03-30 10:35:00,14.12,14.13,14.12,14.13,3000,42385.0
000026.SZ,2026-03-30 10:36:00,14.13,14.13,14.12,14.12,800,11300.0
000026.SZ,2026-03-30 10:37:00,14.13,14.13,14.12,14.12,1400,19777.0
000026.SZ,2026-03-30 10:38:00,14.12,14.12,14.12,14.12,1500,21180.0
000026.SZ,2026-03-30 10:39:00,14.12,14.12,14.11,14.11,5400,76198.0
000026.SZ,2026-03-30 10:40:00,14.12,14.12,14.11,14.11,21800,307742.0
000026.SZ,2026-03-30 10:41:00,14.1,14.11,14.1,14.11,1000,14101.0
000026.SZ,2026-03-30 10:42:00,14.11,14.11,14.11,14.11,0,0.0
000026.SZ,2026-03-30 10:43:00,14.1,14.11,14.1,14.11,9600,135377.0
000026.SZ,2026-03-30 10:44:00,14.11,14.11,14.11,14.11,700,9877.0
000026.SZ,2026-03-30 10:45:00,14.11,14.11,14.11,14.11,200,2822.0
000026.SZ,2026-03-30 10:46:00,14.11,14.12,14.11,14.12,1200,16933.0
000026.SZ,2026-03-30 10:47:00,14.11,14.12,14.11,14.12,10600,149671.0
000026.SZ,2026-03-30 10:48:00,14.13,14.14,14.13,14.14,6000,84790.0
000026.SZ,2026-03-30 10:49:00,14.12,14.12,14.12,14.12,900,12708.0
000026.SZ,2026-03-30 10:50:00,14.11,14.12,14.11,14.12,4100,57891.0
000026.SZ,2026-03-30 10:51:00,14.13,14.13,14.13,14.13,400,5652.0
000026.SZ,2026-03-30 10:52:00,14.13,14.13,14.13,14.13,700,9891.0
000026.SZ,2026-03-30 10:53:00,14.13,14.13,14.13,14.13,1300,18369.0
000026.SZ,2026-03-30 10:54:00,14.13,14.13,14.12,14.12,1600,22604.0
000026.SZ,2026-03-30 10:55:00,14.13,14.13,14.13,14.13,300,4239.0
000026.SZ,2026-03-30 10:56:00,14.13,14.14,14.13,14.14,21400,302391.0
000026.SZ,2026-03-30 10:57:00,14.14,14.14,14.13,14.13,1700,24025.0
000026.SZ,2026-03-30 10:58:00,14.14,14.15,14.14,14.15,6300,89134.0
000026.SZ,2026-03-30 10:59:00,14.15,14.15,14.15,14.15,100,1415.0
000026.SZ,2026-03-30 11:00:00,14.15,14.15,14.15,14.15,5900,83485.0
000026.SZ,2026-03-30 11:01:00,14.16,14.16,14.16,14.16,1100,15576.0
000026.SZ,2026-03-30 11:02:00,14.16,14.16,14.16,14.16,1100,15576.0
000026.SZ,2026-03-30 11:03:00,14.18,14.18,14.18,14.18,8400,119081.0
000026.SZ,2026-03-30 11:04:00,14.18,14.18,14.18,14.18,9500,134710.0
000026.SZ,2026-03-30 11:05:00,14.19,14.19,14.19,14.19,100,1419.0
000026.SZ,2026-03-30 11:06:00,14.18,14.18,14.18,14.18,600,8508.0
000026.SZ,2026-03-30 11:07:00,14.17,14.21,14.16,14.21,43900,622977.0
000026.SZ,2026-03-30 11:08:00,14.19,14.19,14.19,14.19,3300,46827.0
000026.SZ,2026-03-30 11:09:00,14.21,14.21,14.2,14.2,3900,55402.0
000026.SZ,2026-03-30 11:10:00,14.2,14.23,14.2,14.2,9800,139436.0
000026.SZ,2026-03-30 11:11:00,14.24,14.24,14.21,14.22,600,8533.0
000026.SZ,2026-03-30 11:12:00,14.24,14.24,14.22,14.22,2300,32727.0
000026.SZ,2026-03-30 11:13:00,14.24,14.24,14.21,14.21,1900,27018.0
000026.SZ,2026-03-30 11:14:00,14.22,14.22,14.2,14.21,3000,42652.0
000026.SZ,2026-03-30 11:15:00,14.2,14.2,14.2,14.2,10100,143420.0
000026.SZ,2026-03-30 11:16:00,14.2,14.2,14.2,14.2,200,2840.0
000026.SZ,2026-03-30 11:17:00,14.2,14.2,14.19,14.19,12600,178898.0
000026.SZ,2026-03-30 11:18:00,14.19,14.19,14.18,14.19,12500,177373.0
000026.SZ,2026-03-30 11:19:00,14.19,14.19,14.19,14.19,600,8514.0
000026.SZ,2026-03-30 11:20:00,14.2,14.2,14.19,14.2,2900,41160.0
000026.SZ,2026-03-30 11:21:00,14.2,14.2,14.2,14.2,100,1420.0
000026.SZ,2026-03-30 11:22:00,14.21,14.22,14.21,14.22,3200,45494.0
000026.SZ,2026-03-30 11:23:00,14.22,14.22,14.22,14.22,0,0.0
000026.SZ,2026-03-30 11:24:00,14.22,14.22,14.22,14.22,0,0.0
000026.SZ,2026-03-30 11:25:00,14.22,14.22,14.2,14.21,5600,79611.0
000026.SZ,2026-03-30 11:26:00,14.21,14.22,14.21,14.22,2000,28421.0
000026.SZ,2026-03-30 11:27:00,14.22,14.22,14.21,14.21,1300,18477.0
000026.SZ,2026-03-30 11:28:00,14.21,14.21,14.21,14.21,300,4263.0
000026.SZ,2026-03-30 11:29:00,14.2,14.2,14.19,14.2,16100,228660.0
000026.SZ,2026-03-30 11:30:00,14.21,14.21,14.21,14.21,400,5684.0
000026.SZ,2026-03-30 13:01:00,14.21,14.21,14.19,14.19,13500,191752.0
000026.SZ,2026-03-30 13:02:00,14.19,14.19,14.19,14.19,0,0.0
000026.SZ,2026-03-30 13:03:00,14.19,14.19,14.19,14.19,0,0.0
000026.SZ,2026-03-30 13:04:00,14.2,14.2,14.2,14.2,200,2840.0
000026.SZ,2026-03-30 13:05:00,14.2,14.2,14.2,14.2,3500,49700.0
000026.SZ,2026-03-30 13:06:00,14.21,14.21,14.2,14.2,3200,45445.0
000026.SZ,2026-03-30 13:07:00,14.2,14.2,14.18,14.18,25800,366108.0
000026.SZ,2026-03-30 13:08:00,14.18,14.18,14.16,14.16,5500,77960.0
000026.SZ,2026-03-30 13:09:00,14.16,14.16,14.16,14.16,4200,59472.0
000026.SZ,2026-03-30 13:10:00,14.16,14.16,14.15,14.16,9800,138761.0
000026.SZ,2026-03-30 13:11:00,14.17,14.17,14.16,14.16,21500,304570.0
000026.SZ,2026-03-30 13:12:00,14.16,14.16,14.16,14.16,6500,92040.0
000026.SZ,2026-03-30 13:13:00,14.16,14.16,14.14,14.14,13300,188193.0
000026.SZ,2026-03-30 13:14:00,14.14,14.14,14.11,14.11,25900,366157.0
000026.SZ,2026-03-30 13:15:00,14.11,14.11,14.11,14.11,0,0.0
000026.SZ,2026-03-30 13:16:00,14.12,14.13,14.12,14.13,3100,43785.0
000026.SZ,2026-03-30 13:17:00,14.15,14.15,14.13,14.13,2300,32539.0
000026.SZ,2026-03-30 13:18:00,14.15,14.15,14.14,14.14,6300,89142.0
000026.SZ,2026-03-30 13:19:00,14.16,14.16,14.16,14.16,500,7080.0
000026.SZ,2026-03-30 13:20:00,14.16,14.16,14.16,14.16,100,1416.0
000026.SZ,2026-03-30 13:21:00,14.15,14.16,14.14,14.14,5400,76409.0
000026.SZ,2026-03-30 13:22:00,14.14,14.16,14.14,14.16,1300,18404.0
000026.SZ,2026-03-30 13:23:00,14.16,14.16,14.16,14.16,200,2832.0
000026.SZ,2026-03-30 13:24:00,14.14,14.15,14.14,14.15,3100,43850.0
000026.SZ,2026-03-30 13:25:00,14.14,14.14,14.14,14.14,100,1414.0
000026.SZ,2026-03-30 13:26:00,14.14,14.15,14.14,14.15,9300,131582.0
000026.SZ,2026-03-30 13:27:00,14.15,14.15,14.14,14.14,2600,36765.0
000026.SZ,2026-03-30 13:28:00,14.14,14.14,14.14,14.14,3900,55146.0
000026.SZ,2026-03-30 13:29:00,14.15,14.15,14.15,14.15,500,7075.0
000026.SZ,2026-03-30 13:30:00,14.15,14.15,14.15,14.15,1500,21225.0
000026.SZ,2026-03-30 13:31:00,14.15,14.15,14.15,14.15,0,0.0
000026.SZ,2026-03-30 13:32:00,14.15,14.16,14.15,14.16,7600,107584.0
000026.SZ,2026-03-30 13:33:00,14.17,14.17,14.17,14.17,3900,55263.0
000026.SZ,2026-03-30 13:34:00,14.18,14.18,14.18,14.18,3100,43948.0
000026.SZ,2026-03-30 13:35:00,14.17,14.19,14.17,14.18,1400,19852.0
000026.SZ,2026-03-30 13:36:00,14.17,14.17,14.17,14.17,1000,14174.0
000026.SZ,2026-03-30 13:37:00,14.18,14.18,14.18,14.18,600,8508.0
000026.SZ,2026-03-30 13:38:00,14.18,14.18,14.18,14.18,0,0.0
000026.SZ,2026-03-30 13:39:00,14.16,14.17,14.15,14.15,13600,192889.0
000026.SZ,2026-03-30 13:40:00,14.15,14.15,14.15,14.15,100,1415.0
000026.SZ,2026-03-30 13:41:00,14.15,14.15,14.15,14.15,200,2830.0
000026.SZ,2026-03-30 13:42:00,14.14,14.14,14.14,14.14,7800,110340.0
000026.SZ,2026-03-30 13:43:00,14.12,14.13,14.12,14.13,7100,100322.0
000026.SZ,2026-03-30 13:44:00,14.14,14.14,14.13,14.13,5900,83403.0
000026.SZ,2026-03-30 13:45:00,14.12,14.13,14.12,14.12,1400,19780.0
000026.SZ,2026-03-30 13:46:00,14.13,14.13,14.13,14.13,2100,29673.0
000026.SZ,2026-03-30 13:47:00,14.13,14.13,14.12,14.12,6700,94622.0
000026.SZ,2026-03-30 13:48:00,14.12,14.13,14.12,14.13,8000,113037.0
000026.SZ,2026-03-30 13:49:00,14.13,14.13,14.13,14.13,0,0.0
000026.SZ,2026-03-30 13:50:00,14.12,14.12,14.12,14.12,300,4236.0
000026.SZ,2026-03-30 13:51:00,14.13,14.16,14.13,14.16,30000,424029.0
000026.SZ,2026-03-30 13:52:00,14.15,14.15,14.14,14.14,4200,59428.0
000026.SZ,2026-03-30 13:53:00,14.15,14.15,14.15,14.15,2000,28300.0
000026.SZ,2026-03-30 13:54:00,14.15,14.15,14.15,14.15,0,0.0
000026.SZ,2026-03-30 13:55:00,14.15,14.15,14.15,14.15,1000,14150.0
000026.SZ,2026-03-30 13:56:00,14.15,14.15,14.15,14.15,500,7075.0
000026.SZ,2026-03-30 13:57:00,14.16,14.16,14.16,14.16,700,9912.0
000026.SZ,2026-03-30 13:58:00,14.16,14.16,14.15,14.15,10400,147168.0
000026.SZ,2026-03-30 13:59:00,14.15,14.15,14.15,14.15,900,12735.0
000026.SZ,2026-03-30 14:00:00,14.15,14.15,14.15,14.15,200,2830.0
000026.SZ,2026-03-30 14:01:00,14.15,14.16,14.14,14.16,7700,109025.0
000026.SZ,2026-03-30 14:02:00,14.17,14.18,14.17,14.17,5000,70859.0
000026.SZ,2026-03-30 14:03:00,14.17,14.17,14.17,14.17,1200,17004.0
000026.SZ,2026-03-30 14:04:00,14.16,14.17,14.16,14.16,3800,53831.0
000026.SZ,2026-03-30 14:05:00,14.17,14.18,14.17,14.18,4100,58099.0
000026.SZ,2026-03-30 14:06:00,14.19,14.19,14.18,14.18,9200,130569.0
000026.SZ,2026-03-30 14:07:00,14.19,14.19,14.17,14.19,2800,39707.0
000026.SZ,2026-03-30 14:08:00,14.18,14.19,14.18,14.19,400,5674.0
000026.SZ,2026-03-30 14:09:00,14.18,14.19,14.18,14.18,1000,14183.0
000026.SZ,2026-03-30 14:10:00,14.18,14.18,14.18,14.18,2200,31196.0
000026.SZ,2026-03-30 14:11:00,14.18,14.19,14.17,14.17,2300,32612.0
000026.SZ,2026-03-30 14:12:00,14.17,14.18,14.17,14.17,2500,35427.0
000026.SZ,2026-03-30 14:13:00,14.17,14.17,14.17,14.17,1400,19838.0
000026.SZ,2026-03-30 14:14:00,14.17,14.17,14.16,14.17,2500,35418.0
000026.SZ,2026-03-30 14:15:00,14.17,14.17,14.17,14.17,2200,31174.0
000026.SZ,2026-03-30 14:16:00,14.18,14.18,14.17,14.17,900,12761.0
000026.SZ,2026-03-30 14:17:00,14.17,14.18,14.17,14.17,800,11341.0
000026.SZ,2026-03-30 14:18:00,14.17,14.17,14.17,14.17,200,2834.0
000026.SZ,2026-03-30 14:19:00,14.17,14.17,14.17,14.17,400,5668.0
000026.SZ,2026-03-30 14:20:00,14.17,14.17,14.17,14.17,300,4251.0
000026.SZ,2026-03-30 14:21:00,14.17,14.18,14.17,14.18,4800,68063.0
000026.SZ,2026-03-30 14:22:00,14.18,14.18,14.18,14.18,6000,85080.0
000026.SZ,2026-03-30 14:23:00,14.17,14.19,14.17,14.19,5000,70940.0
000026.SZ,2026-03-30 14:24:00,14.18,14.19,14.18,14.18,5900,83710.0
000026.SZ,2026-03-30 14:25:00,14.19,14.19,14.18,14.19,7500,106388.0
000026.SZ,2026-03-30 14:26:00,14.17,14.19,14.17,14.17,600,8505.0
000026.SZ,2026-03-30 14:27:00,14.18,14.18,14.17,14.18,400,5671.0
000026.SZ,2026-03-30 14:28:00,14.18,14.18,14.17,14.17,700,9924.0
000026.SZ,2026-03-30 14:29:00,14.17,14.18,14.17,14.17,6500,92107.0
000026.SZ,2026-03-30 14:30:00,14.18,14.18,14.17,14.18,6600,93526.0
000026.SZ,2026-03-30 14:31:00,14.17,14.17,14.16,14.17,5100,72226.0
000026.SZ,2026-03-30 14:32:00,14.16,14.16,14.16,14.16,200,2832.0
000026.SZ,2026-03-30 14:33:00,14.16,14.18,14.16,14.18,20700,293460.0
000026.SZ,2026-03-30 14:34:00,14.18,14.18,14.18,14.18,3300,46794.0
000026.SZ,2026-03-30 14:35:00,14.17,14.18,14.17,14.18,3300,46793.0
000026.SZ,2026-03-30 14:36:00,14.18,14.18,14.18,14.18,300,4254.0
000026.SZ,2026-03-30 14:37:00,14.18,14.19,14.18,14.19,3900,55338.0
000026.SZ,2026-03-30 14:38:00,14.18,14.19,14.17,14.17,4400,62393.0
000026.SZ,2026-03-30 14:39:00,14.17,14.18,14.17,14.18,1200,17009.0
000026.SZ,2026-03-30 14:40:00,14.17,14.18,14.17,14.18,1400,19844.0
000026.SZ,2026-03-30 14:41:00,14.18,14.19,14.18,14.19,1200,17017.0
000026.SZ,2026-03-30 14:42:00,14.18,14.19,14.16,14.17,17900,253744.0
000026.SZ,2026-03-30 14:43:00,14.18,14.19,14.17,14.19,3300,46782.0
000026.SZ,2026-03-30 14:44:00,14.19,14.19,14.17,14.18,14800,209850.0
000026.SZ,2026-03-30 14:45:00,14.18,14.18,14.16,14.16,10400,147376.0
000026.SZ,2026-03-30 14:46:00,14.17,14.18,14.16,14.17,3200,45326.0
000026.SZ,2026-03-30 14:47:00,14.17,14.17,14.16,14.17,500,7084.0
000026.SZ,2026-03-30 14:48:00,14.17,14.18,14.17,14.17,3900,55278.0
000026.SZ,2026-03-30 14:49:00,14.16,14.18,14.16,14.18,8700,123282.0
000026.SZ,2026-03-30 14:50:00,14.18,14.19,14.17,14.18,8100,114869.0
000026.SZ,2026-03-30 14:51:00,14.18,14.19,14.17,14.19,14200,201427.0
000026.SZ,2026-03-30 14:52:00,14.19,14.19,14.17,14.18,12300,174463.0
000026.SZ,2026-03-30 14:53:00,14.19,14.2,14.18,14.18,31300,444144.0
000026.SZ,2026-03-30 14:54:00,14.18,14.19,14.18,14.18,7300,103568.0
000026.SZ,2026-03-30 14:55:00,14.18,14.2,14.18,14.2,14100,200067.0
000026.SZ,2026-03-30 14:56:00,14.2,14.2,14.18,14.18,14200,201530.0
000026.SZ,2026-03-30 14:57:00,14.18,14.2,14.16,14.16,27300,387131.0
000026.SZ,2026-03-30 14:58:00,14.16,14.16,14.16,14.16,0,0.0
000026.SZ,2026-03-30 14:59:00,14.16,14.16,14.16,14.16,0,0.0
000026.SZ,2026-03-30 15:00:00,14.17,14.17,14.17,14.17,33300,471861.0
000026.SZ,2026-03-31 09:30:00,14.28,14.28,14.26,14.26,17000,242746.0
000026.SZ,2026-03-31 09:31:00,14.22,14.3,14.16,14.28,33100,471881.0
000026.SZ,2026-03-31 09:32:00,14.28,14.35,14.25,14.35,47700,681895.0
000026.SZ,2026-03-31 09:33:00,14.32,14.32,14.3,14.3,14800,211715.0
000026.SZ,2026-03-31 09:34:00,14.3,14.3,14.27,14.29,7000,100016.0
000026.SZ,2026-03-31 09:35:00,14.3,14.33,14.3,14.33,26800,383633.0
000026.SZ,2026-03-31 09:36:00,14.3,14.32,14.28,14.28,5200,74377.0
000026.SZ,2026-03-31 09:37:00,14.26,14.3,14.26,14.3,7100,101405.0
000026.SZ,2026-03-31 09:38:00,14.3,14.32,14.28,14.32,12300,175866.0
000026.SZ,2026-03-31 09:39:00,14.3,14.31,14.3,14.31,3400,48652.0
000026.SZ,2026-03-31 09:40:00,14.29,14.39,14.29,14.38,57800,829685.0
000026.SZ,2026-03-31 09:41:00,14.38,14.38,14.33,14.33,2800,40199.0
000026.SZ,2026-03-31 09:42:00,14.31,14.33,14.31,14.32,8400,120312.0
000026.SZ,2026-03-31 09:43:00,14.33,14.33,14.31,14.31,6600,94491.0
000026.SZ,2026-03-31 09:44:00,14.31,14.32,14.3,14.3,6500,93032.0
000026.SZ,2026-03-31 09:45:00,14.3,14.32,14.3,14.32,8200,117379.0
000026.SZ,2026-03-31 09:46:00,14.3,14.32,14.3,14.3,6600,94394.0
000026.SZ,2026-03-31 09:47:00,14.3,14.3,14.28,14.28,20000,285920.0
000026.SZ,2026-03-31 09:48:00,14.27,14.28,14.27,14.27,19800,282600.0
000026.SZ,2026-03-31 09:49:00,14.26,14.26,14.23,14.23,7800,111123.0
000026.SZ,2026-03-31 09:50:00,14.23,14.27,14.23,14.27,25800,367352.0
000026.SZ,2026-03-31 09:51:00,14.25,14.26,14.24,14.24,8600,122511.0
000026.SZ,2026-03-31 09:52:00,14.25,14.26,14.24,14.24,5200,74080.0
000026.SZ,2026-03-31 09:53:00,14.24,14.24,14.24,14.24,5200,74050.0
000026.SZ,2026-03-31 09:54:00,14.23,14.27,14.23,14.24,2700,38484.0
000026.SZ,2026-03-31 09:55:00,14.27,14.27,14.26,14.26,2300,32803.0
000026.SZ,2026-03-31 09:56:00,14.26,14.26,14.25,14.25,4600,65542.0
000026.SZ,2026-03-31 09:57:00,14.26,14.26,14.25,14.25,1000,14251.0
000026.SZ,2026-03-31 09:58:00,14.25,14.25,14.22,14.22,20600,293304.0
000026.SZ,2026-03-31 09:59:00,14.22,14.23,14.22,14.22,4000,56926.0
000026.SZ,2026-03-31 10:00:00,14.25,14.25,14.22,14.23,6900,98221.0
000026.SZ,2026-03-31 10:01:00,14.24,14.27,14.23,14.27,22400,319191.0
000026.SZ,2026-03-31 10:02:00,14.28,14.3,14.27,14.3,11500,164242.0
000026.SZ,2026-03-31 10:03:00,14.28,14.28,14.23,14.28,36600,522035.0
000026.SZ,2026-03-31 10:04:00,14.26,14.28,14.23,14.23,17600,250990.0
000026.SZ,2026-03-31 10:05:00,14.27,14.27,14.23,14.23,1300,18539.0
000026.SZ,2026-03-31 10:06:00,14.24,14.24,14.24,14.24,200,2848.0
000026.SZ,2026-03-31 10:07:00,14.24,14.25,14.24,14.25,3000,42726.0
000026.SZ,2026-03-31 10:08:00,14.25,14.27,14.25,14.27,2400,34212.0
000026.SZ,2026-03-31 10:09:00,14.27,14.27,14.25,14.25,500,7129.0
000026.SZ,2026-03-31 10:10:00,14.28,14.28,14.26,14.26,1600,22833.0
000026.SZ,2026-03-31 10:11:00,14.26,14.26,14.23,14.24,22800,324695.0
000026.SZ,2026-03-31 10:12:00,14.23,14.26,14.23,14.24,4200,59817.0
000026.SZ,2026-03-31 10:13:00,14.24,14.24,14.24,14.24,1300,18512.0
000026.SZ,2026-03-31 10:14:00,14.26,14.26,14.25,14.25,11200,159690.0
000026.SZ,2026-03-31 10:15:00,14.27,14.27,14.26,14.27,17000,242434.0
000026.SZ,2026-03-31 10:16:00,14.27,14.28,14.27,14.28,5900,84225.0
000026.SZ,2026-03-31 10:17:00,14.29,14.3,14.28,14.29,7600,108603.0
000026.SZ,2026-03-31 10:18:00,14.29,14.29,14.26,14.26,20800,296977.0
000026.SZ,2026-03-31 10:19:00,14.26,14.27,14.26,14.26,2000,28526.0
000026.SZ,2026-03-31 10:20:00,14.27,14.27,14.25,14.26,7100,101230.0
000026.SZ,2026-03-31 10:21:00,14.26,14.26,14.25,14.25,1500,21377.0
000026.SZ,2026-03-31 10:22:00,14.26,14.27,14.25,14.25,2400,34232.0
000026.SZ,2026-03-31 10:23:00,14.25,14.25,14.25,14.25,6000,85500.0
000026.SZ,2026-03-31 10:24:00,14.26,14.26,14.26,14.26,800,11408.0
000026.SZ,2026-03-31 10:25:00,14.25,14.26,14.23,14.26,9200,131032.0
000026.SZ,2026-03-31 10:26:00,14.26,14.26,14.23,14.23,1700,24220.0
000026.SZ,2026-03-31 10:27:00,14.24,14.24,14.23,14.24,3400,48413.0
000026.SZ,2026-03-31 10:28:00,14.24,14.24,14.23,14.23,3100,44114.0
000026.SZ,2026-03-31 10:29:00,14.22,14.22,14.21,14.22,15300,217504.0
000026.SZ,2026-03-31 10:30:00,14.22,14.22,14.21,14.21,6100,86723.0
000026.SZ,2026-03-31 10:31:00,14.2,14.2,14.2,14.2,500,7104.0
000026.SZ,2026-03-31 10:32:00,14.21,14.21,14.2,14.2,1900,26997.0
000026.SZ,2026-03-31 10:33:00,14.2,14.21,14.19,14.19,5600,79524.0
000026.SZ,2026-03-31 10:34:00,14.19,14.19,14.18,14.18,2000,28376.0
000026.SZ,2026-03-31 10:35:00,14.2,14.2,14.17,14.17,11700,165853.0
000026.SZ,2026-03-31 10:36:00,14.17,14.18,14.17,14.17,7900,111961.0
000026.SZ,2026-03-31 10:37:00,14.19,14.19,14.16,14.19,3700,52449.0
000026.SZ,2026-03-31 10:38:00,14.17,14.19,14.17,14.17,4700,66647.0
000026.SZ,2026-03-31 10:39:00,14.19,14.2,14.18,14.2,3600,51078.0
000026.SZ,2026-03-31 10:40:00,14.17,14.2,14.17,14.17,1400,19855.0
000026.SZ,2026-03-31 10:41:00,14.2,14.2,14.14,14.15,49100,695557.0
000026.SZ,2026-03-31 10:42:00,14.14,14.15,14.14,14.15,6900,97601.0
000026.SZ,2026-03-31 10:43:00,14.15,14.15,14.15,14.15,1400,19810.0
000026.SZ,2026-03-31 10:44:00,14.15,14.15,14.15,14.15,3200,45277.0
000026.SZ,2026-03-31 10:45:00,14.16,14.16,14.15,14.16,4500,63705.0
000026.SZ,2026-03-31 10:46:00,14.15,14.15,14.14,14.14,1900,26867.0
000026.SZ,2026-03-31 10:47:00,14.14,14.14,14.12,14.12,20800,293927.0
000026.SZ,2026-03-31 10:48:00,14.12,14.13,14.11,14.11,15300,216069.0
000026.SZ,2026-03-31 10:49:00,14.12,14.14,14.12,14.14,3600,50889.0
000026.SZ,2026-03-31 10:50:00,14.15,14.15,14.11,14.11,10300,145464.0
000026.SZ,2026-03-31 10:51:00,14.13,14.13,14.13,14.13,1000,14130.0
000026.SZ,2026-03-31 10:52:00,14.16,14.16,14.1,14.12,62500,882504.0
000026.SZ,2026-03-31 10:53:00,14.13,14.13,14.1,14.1,15300,216005.0
000026.SZ,2026-03-31 10:54:00,14.1,14.13,14.1,14.12,8500,119999.0
000026.SZ,2026-03-31 10:55:00,14.13,14.13,14.13,14.13,900,12710.0
000026.SZ,2026-03-31 10:56:00,14.13,14.13,14.12,14.12,2000,28256.0
000026.SZ,2026-03-31 10:57:00,14.12,14.12,14.12,14.12,300,4236.0
000026.SZ,2026-03-31 10:58:00,14.12,14.12,14.11,14.11,10400,146805.0
000026.SZ,2026-03-31 10:59:00,14.11,14.11,14.11,14.11,0,0.0
000026.SZ,2026-03-31 11:00:00,14.11,14.11,14.09,14.09,10000,140989.0
000026.SZ,2026-03-31 11:01:00,14.1,14.1,14.08,14.08,27800,391605.0
000026.SZ,2026-03-31 11:02:00,14.07,14.11,14.07,14.1,3500,49339.0
000026.SZ,2026-03-31 11:03:00,14.1,14.1,14.09,14.09,1300,18327.0
000026.SZ,2026-03-31 11:04:00,14.09,14.09,14.09,14.09,1000,14090.0
000026.SZ,2026-03-31 11:05:00,14.1,14.1,14.06,14.06,27100,381534.0
000026.SZ,2026-03-31 11:06:00,14.06,14.08,14.06,14.08,2700,37966.0
000026.SZ,2026-03-31 11:07:00,14.08,14.08,14.05,14.06,5400,75933.0
000026.SZ,2026-03-31 11:08:00,14.05,14.06,14.04,14.05,35200,494602.0
000026.SZ,2026-03-31 11:09:00,14.05,14.08,14.05,14.08,13400,188292.0
000026.SZ,2026-03-31 11:10:00,14.08,14.08,14.06,14.07,1700,23925.0
000026.SZ,2026-03-31 11:11:00,14.06,14.08,14.06,14.06,5600,78785.0
000026.SZ,2026-03-31 11:12:00,14.06,14.07,14.06,14.06,4000,56243.0
000026.SZ,2026-03-31 11:13:00,14.06,14.06,14.06,14.06,14000,196840.0
000026.SZ,2026-03-31 11:14:00,14.07,14.07,14.07,14.07,100,1407.0
000026.SZ,2026-03-31 11:15:00,14.06,14.07,14.05,14.05,1700,23906.0
000026.SZ,2026-03-31 11:16:00,14.07,14.07,14.05,14.06,3600,50609.0
000026.SZ,2026-03-31 11:17:00,14.06,14.07,14.05,14.05,7200,101212.0
000026.SZ,2026-03-31 11:18:00,14.04,14.06,14.03,14.06,4000,56145.0
000026.SZ,2026-03-31 11:19:00,14.04,14.05,14.01,14.02,10700,150053.0
000026.SZ,2026-03-31 11:20:00,14.02,14.03,14.02,14.02,4800,67298.0
000026.SZ,2026-03-31 11:21:00,14.02,14.05,14.02,14.03,4100,57517.0
000026.SZ,2026-03-31 11:22:00,14.03,14.05,14.03,14.04,3000,42137.0
000026.SZ,2026-03-31 11:23:00,14.04,14.04,14.03,14.04,8000,112304.0
000026.SZ,2026-03-31 11:24:00,14.05,14.05,14.04,14.04,4400,61811.0
000026.SZ,2026-03-31 11:25:00,14.04,14.04,14.03,14.03,35500,498419.0
000026.SZ,2026-03-31 11:26:00,14.05,14.05,14.03,14.04,3600,50542.0
000026.SZ,2026-03-31 11:27:00,14.03,14.04,14.01,14.02,30800,432118.0
000026.SZ,2026-03-31 11:28:00,14.02,14.05,14.02,14.03,4300,60374.0
000026.SZ,2026-03-31 11:29:00,14.03,14.03,14.03,14.03,0,0.0
000026.SZ,2026-03-31 11:30:00,14.05,14.05,14.02,14.02,5700,80056.0
000026.SZ,2026-03-31 13:01:00,14.07,14.09,14.03,14.03,25000,351078.0
000026.SZ,2026-03-31 13:02:00,14.05,14.06,14.04,14.04,2400,33720.0
000026.SZ,2026-03-31 13:03:00,14.08,14.08,14.06,14.07,2000,28134.0
000026.SZ,2026-03-31 13:04:00,14.07,14.07,14.06,14.07,3800,53442.0
000026.SZ,2026-03-31 13:05:00,14.07,14.07,14.04,14.05,25400,356914.0
000026.SZ,2026-03-31 13:06:00,14.06,14.07,14.06,14.07,2800,39365.0
000026.SZ,2026-03-31 13:07:00,14.07,14.07,14.05,14.06,10400,146231.0
000026.SZ,2026-03-31 13:08:00,14.05,14.06,14.05,14.06,4200,59034.0
000026.SZ,2026-03-31 13:09:00,14.05,14.05,14.04,14.04,21200,297697.0
000026.SZ,2026-03-31 13:10:00,14.03,14.03,14.03,14.03,9500,133282.0
000026.SZ,2026-03-31 13:11:00,14.02,14.02,13.97,14.01,69600,974597.0
000026.SZ,2026-03-31 13:12:00,14.02,14.02,13.99,13.99,10500,147041.0
000026.SZ,2026-03-31 13:13:00,14.0,14.0,13.97,13.97,14200,198646.0
000026.SZ,2026-03-31 13:14:00,13.98,13.98,13.97,13.97,6400,89424.0
000026.SZ,2026-03-31 13:15:00,13.99,13.99,13.98,13.99,6500,90934.0
000026.SZ,2026-03-31 13:16:00,13.98,13.99,13.98,13.98,2400,33555.0
000026.SZ,2026-03-31 13:17:00,13.99,13.99,13.98,13.98,7500,104856.0
000026.SZ,2026-03-31 13:18:00,13.98,13.98,13.98,13.98,5000,69901.0
000026.SZ,2026-03-31 13:19:00,14.0,14.0,13.99,13.99,4500,62992.0
000026.SZ,2026-03-31 13:20:00,14.01,14.01,14.0,14.0,1700,23814.0
000026.SZ,2026-03-31 13:21:00,14.01,14.01,14.0,14.0,4600,64392.0
000026.SZ,2026-03-31 13:22:00,14.01,14.01,14.01,14.01,200,2802.0
000026.SZ,2026-03-31 13:23:00,14.0,14.0,13.99,13.99,1600,22395.0
000026.SZ,2026-03-31 13:24:00,14.0,14.0,13.99,13.99,3200,44785.0
000026.SZ,2026-03-31 13:25:00,14.0,14.0,14.0,14.0,1300,18200.0
000026.SZ,2026-03-31 13:26:00,14.0,14.01,13.99,13.99,1900,26597.0
000026.SZ,2026-03-31 13:27:00,14.0,14.0,13.99,13.99,20500,286805.0
000026.SZ,2026-03-31 13:28:00,13.99,14.01,13.96,13.97,73800,1031942.0
000026.SZ,2026-03-31 13:29:00,13.98,13.98,13.96,13.97,8700,121541.0
000026.SZ,2026-03-31 13:30:00,13.96,13.98,13.95,13.96,68900,961872.0
000026.SZ,2026-03-31 13:31:00,13.96,13.99,13.96,13.99,9200,128543.0
000026.SZ,2026-03-31 13:32:00,13.99,13.99,13.98,13.99,32300,451757.0
000026.SZ,2026-03-31 13:33:00,13.99,13.99,13.96,13.98,51600,720866.0
000026.SZ,2026-03-31 13:34:00,13.99,13.99,13.97,13.99,30100,420999.0
000026.SZ,2026-03-31 13:35:00,13.98,13.99,13.97,13.97,15400,215299.0
000026.SZ,2026-03-31 13:36:00,13.97,13.97,13.97,13.97,0,0.0
000026.SZ,2026-03-31 13:37:00,14.0,14.02,13.98,13.99,36100,505035.0
000026.SZ,2026-03-31 13:38:00,13.98,13.98,13.98,13.98,900,12582.0
000026.SZ,2026-03-31 13:39:00,13.98,13.99,13.96,13.97,43400,606324.0
000026.SZ,2026-03-31 13:40:00,13.97,13.98,13.97,13.97,3200,44711.0
000026.SZ,2026-03-31 13:41:00,13.97,13.98,13.96,13.96,13200,184307.0
000026.SZ,2026-03-31 13:42:00,13.96,13.96,13.95,13.96,13800,192635.0
000026.SZ,2026-03-31 13:43:00,13.95,13.96,13.95,13.96,4300,59987.0
000026.SZ,2026-03-31 13:44:00,13.96,13.96,13.96,13.96,1100,15356.0
000026.SZ,2026-03-31 13:45:00,13.96,13.96,13.95,13.95,5700,79542.0
000026.SZ,2026-03-31 13:46:00,13.95,13.96,13.95,13.96,10900,152061.0
000026.SZ,2026-03-31 13:47:00,13.95,13.96,13.95,13.96,3600,50222.0
000026.SZ,2026-03-31 13:48:00,13.96,13.97,13.95,13.97,4600,64208.0
000026.SZ,2026-03-31 13:49:00,13.97,13.97,13.97,13.97,200,2794.0
000026.SZ,2026-03-31 13:50:00,13.97,13.98,13.97,13.98,1700,23755.0
000026.SZ,2026-03-31 13:51:00,13.98,13.98,13.96,13.96,6800,94942.0
000026.SZ,2026-03-31 13:52:00,13.96,13.97,13.96,13.97,20600,287586.0
000026.SZ,2026-03-31 13:53:00,13.97,13.97,13.96,13.96,1700,23748.0
000026.SZ,2026-03-31 13:54:00,13.97,13.97,13.96,13.96,9900,138208.0
000026.SZ,2026-03-31 13:55:00,13.96,13.96,13.95,13.95,14900,207868.0
000026.SZ,2026-03-31 13:56:00,13.94,13.94,13.92,13.94,21300,296757.0
000026.SZ,2026-03-31 13:57:00,13.94,13.94,13.94,13.94,3500,48790.0
000026.SZ,2026-03-31 13:58:00,13.94,13.94,13.94,13.94,400,5576.0
000026.SZ,2026-03-31 13:59:00,13.94,13.94,13.92,13.92,5900,82192.0
000026.SZ,2026-03-31 14:00:00,13.93,13.95,13.92,13.95,29200,406834.0
000026.SZ,2026-03-31 14:01:00,13.94,13.94,13.9,13.92,33400,464849.0
000026.SZ,2026-03-31 14:02:00,13.9,13.92,13.9,13.92,10000,139076.0
000026.SZ,2026-03-31 14:03:00,13.91,13.93,13.91,13.93,14500,201834.0
000026.SZ,2026-03-31 14:04:00,13.92,13.92,13.92,13.92,300,4176.0
000026.SZ,2026-03-31 14:05:00,13.92,13.93,13.92,13.92,2200,30640.0
000026.SZ,2026-03-31 14:06:00,13.9,13.91,13.9,13.91,40300,560344.0
000026.SZ,2026-03-31 14:07:00,13.89,13.91,13.88,13.88,53700,745928.0
000026.SZ,2026-03-31 14:08:00,13.88,13.89,13.87,13.88,55700,772841.0
000026.SZ,2026-03-31 14:09:00,13.88,13.9,13.88,13.9,5000,69498.0
000026.SZ,2026-03-31 14:10:00,13.89,13.9,13.88,13.88,42000,583012.0
000026.SZ,2026-03-31 14:11:00,13.87,13.88,13.87,13.87,4700,65194.0
000026.SZ,2026-03-31 14:12:00,13.87,13.87,13.86,13.86,16800,232976.0
000026.SZ,2026-03-31 14:13:00,13.87,13.87,13.86,13.86,4400,60985.0
000026.SZ,2026-03-31 14:14:00,13.86,13.87,13.86,13.87,14400,199603.0
000026.SZ,2026-03-31 14:15:00,13.87,13.88,13.87,13.88,800,11100.0
000026.SZ,2026-03-31 14:16:00,13.88,13.88,13.87,13.87,4900,67970.0
000026.SZ,2026-03-31 14:17:00,13.87,13.88,13.87,13.87,1300,18033.0
000026.SZ,2026-03-31 14:18:00,13.87,13.87,13.87,13.87,5700,79059.0
000026.SZ,2026-03-31 14:19:00,13.88,13.88,13.87,13.87,10700,148416.0
000026.SZ,2026-03-31 14:20:00,13.88,13.89,13.88,13.89,7000,97177.0
000026.SZ,2026-03-31 14:21:00,13.88,13.89,13.87,13.87,18000,249779.0
000026.SZ,2026-03-31 14:22:00,13.88,13.88,13.88,13.88,1400,19422.0
000026.SZ,2026-03-31 14:23:00,13.88,13.88,13.88,13.88,10200,141576.0
000026.SZ,2026-03-31 14:24:00,13.89,13.89,13.86,13.87,20100,278919.0
000026.SZ,2026-03-31 14:25:00,13.87,13.87,13.86,13.86,2400,33286.0
000026.SZ,2026-03-31 14:26:00,13.87,13.87,13.87,13.87,8600,119282.0
000026.SZ,2026-03-31 14:27:00,13.87,13.88,13.87,13.88,6500,90160.0
000026.SZ,2026-03-31 14:28:00,13.88,13.88,13.86,13.86,11800,163622.0
000026.SZ,2026-03-31 14:29:00,13.86,13.88,13.86,13.88,7300,101208.0
000026.SZ,2026-03-31 14:30:00,13.87,13.87,13.85,13.86,22200,307578.0
000026.SZ,2026-03-31 14:31:00,13.86,13.86,13.85,13.86,7500,103901.0
000026.SZ,2026-03-31 14:32:00,13.86,13.88,13.85,13.88,25200,349281.0
000026.SZ,2026-03-31 14:33:00,13.87,13.88,13.85,13.85,10600,146981.0
000026.SZ,2026-03-31 14:34:00,13.85,13.85,13.85,13.85,11500,159275.0
000026.SZ,2026-03-31 14:35:00,13.86,13.87,13.84,13.87,9900,137117.0
000026.SZ,2026-03-31 14:36:00,13.87,13.87,13.85,13.86,700,9703.0
000026.SZ,2026-03-31 14:37:00,13.86,13.87,13.85,13.85,10300,142746.0
000026.SZ,2026-03-31 14:38:00,13.85,13.86,13.85,13.86,15200,210538.0
000026.SZ,2026-03-31 14:39:00,13.87,13.87,13.85,13.85,4300,59635.0
000026.SZ,2026-03-31 14:40:00,13.85,13.87,13.85,13.87,5000,69316.0
000026.SZ,2026-03-31 14:41:00,13.87,13.88,13.86,13.88,2600,36059.0
000026.SZ,2026-03-31 14:42:00,13.86,13.88,13.85,13.88,7700,106738.0
000026.SZ,2026-03-31 14:43:00,13.86,13.88,13.85,13.86,13800,191212.0
000026.SZ,2026-03-31 14:44:00,13.87,13.87,13.86,13.87,3200,44362.0
000026.SZ,2026-03-31 14:45:00,13.87,13.9,13.87,13.89,10900,151308.0
000026.SZ,2026-03-31 14:46:00,13.89,13.9,13.88,13.88,9400,130514.0
000026.SZ,2026-03-31 14:47:00,13.88,13.89,13.87,13.88,6800,94346.0
000026.SZ,2026-03-31 14:48:00,13.87,13.91,13.86,13.87,13500,187408.0
000026.SZ,2026-03-31 14:49:00,13.87,13.88,13.86,13.88,2900,40225.0
000026.SZ,2026-03-31 14:50:00,13.88,13.88,13.85,13.86,19500,270262.0
000026.SZ,2026-03-31 14:51:00,13.87,13.87,13.86,13.87,7400,102629.0
000026.SZ,2026-03-31 14:52:00,13.87,13.88,13.86,13.86,2900,40238.0
000026.SZ,2026-03-31 14:53:00,13.88,13.88,13.86,13.86,3600,49948.0
000026.SZ,2026-03-31 14:54:00,13.87,13.88,13.87,13.88,10400,144319.0
000026.SZ,2026-03-31 14:55:00,13.88,13.88,13.87,13.88,21400,296905.0
000026.SZ,2026-03-31 14:56:00,13.88,13.88,13.86,13.86,13900,192712.0
000026.SZ,2026-03-31 14:57:00,13.87,13.96,13.86,13.96,29900,415476.0
000026.SZ,2026-03-31 14:58:00,13.96,13.96,13.96,13.96,0,0.0
000026.SZ,2026-03-31 14:59:00,13.96,13.96,13.96,13.96,0,0.0
000026.SZ,2026-03-31 15:00:00,13.92,13.92,13.92,13.92,32400,451008.0
