ts_code,trade_time,open,high,low,close,vol,amount
000818.SZ,2026-01-05 09:30:00,19.32,19.38,19.31,19.38,96900,1872252.0
000818.SZ,2026-01-05 09:31:00,19.4,19.45,19.36,19.45,308200,5972441.0
000818.SZ,2026-01-05 09:32:00,19.47,19.53,19.41,19.49,330600,6439393.0
000818.SZ,2026-01-05 09:33:00,19.5,19.58,19.48,19.58,391800,7647931.0
000818.SZ,2026-01-05 09:34:00,19.59,19.75,19.59,19.67,548600,10796159.0
000818.SZ,2026-01-05 09:35:00,19.67,19.72,19.66,19.72,432721,8518325.0
000818.SZ,2026-01-05 09:36:00,19.75,19.79,19.73,19.74,422700,8346006.0
000818.SZ,2026-01-05 09:37:00,19.77,19.86,19.77,19.85,591300,11715535.0
000818.SZ,2026-01-05 09:38:00,19.86,20.02,19.86,20.02,851200,16974892.0
000818.SZ,2026-01-05 09:39:00,20.02,20.15,20.02,20.06,1117900,22445904.0
000818.SZ,2026-01-05 09:40:00,20.12,20.12,19.98,19.99,493300,9888472.0
000818.SZ,2026-01-05 09:41:00,20.14,20.16,20.0,20.02,881100,17685262.0
000818.SZ,2026-01-05 09:42:00,20.03,20.12,20.02,20.11,393700,7899245.0
000818.SZ,2026-01-05 09:43:00,20.1,20.12,20.03,20.07,349700,7018926.0
000818.SZ,2026-01-05 09:44:00,20.05,20.14,20.05,20.14,330900,6649766.0
000818.SZ,2026-01-05 09:45:00,20.14,20.44,20.14,20.4,1108000,22419188.0
000818.SZ,2026-01-05 09:46:00,20.4,20.4,20.31,20.31,562000,11454972.0
000818.SZ,2026-01-05 09:47:00,20.32,20.35,20.22,20.22,414600,8418848.0
000818.SZ,2026-01-05 09:48:00,20.25,20.29,20.23,20.23,345300,6995327.0
000818.SZ,2026-01-05 09:49:00,20.23,20.25,20.22,20.24,193400,3913711.0
000818.SZ,2026-01-05 09:50:00,20.25,20.3,20.24,20.27,283002,5737304.5
000818.SZ,2026-01-05 09:51:00,20.23,20.26,20.16,20.21,486324,9832413.0
000818.SZ,2026-01-05 09:52:00,20.22,20.34,20.22,20.33,472000,9569378.0
000818.SZ,2026-01-05 09:53:00,20.33,20.35,20.29,20.29,220600,4481238.0
000818.SZ,2026-01-05 09:54:00,20.29,20.36,20.29,20.34,512800,10425112.0
000818.SZ,2026-01-05 09:55:00,20.34,20.34,20.32,20.33,250550,5097157.5
000818.SZ,2026-01-05 09:56:00,20.33,20.33,20.31,20.31,156450,3178847.0
000818.SZ,2026-01-05 09:57:00,20.32,20.32,20.25,20.25,168600,3419238.0
000818.SZ,2026-01-05 09:58:00,20.26,20.28,20.26,20.26,124600,2525211.0
000818.SZ,2026-01-05 09:59:00,20.26,20.29,20.23,20.23,174700,3539291.0
000818.SZ,2026-01-05 10:00:00,20.24,20.26,20.23,20.24,78500,1588855.0
000818.SZ,2026-01-05 10:01:00,20.24,20.24,20.19,20.2,181500,3669861.0
000818.SZ,2026-01-05 10:02:00,20.2,20.2,20.16,20.16,201300,4061139.0
000818.SZ,2026-01-05 10:03:00,20.16,20.18,20.14,20.14,122300,2465298.0
000818.SZ,2026-01-05 10:04:00,20.14,20.17,20.12,20.14,93500,1882818.0
000818.SZ,2026-01-05 10:05:00,20.12,20.14,20.12,20.14,84200,1695205.0
000818.SZ,2026-01-05 10:06:00,20.13,20.14,20.09,20.09,306200,6157383.0
000818.SZ,2026-01-05 10:07:00,20.09,20.1,20.09,20.1,146400,2942600.0
000818.SZ,2026-01-05 10:08:00,20.09,20.12,20.09,20.1,128800,2589566.0
000818.SZ,2026-01-05 10:09:00,20.12,20.14,20.11,20.14,81100,1632129.0
000818.SZ,2026-01-05 10:10:00,20.14,20.17,20.13,20.17,143400,2889071.0
000818.SZ,2026-01-05 10:11:00,20.16,20.16,20.14,20.16,73600,1483112.0
000818.SZ,2026-01-05 10:12:00,20.16,20.19,20.14,20.14,123000,2480542.0
000818.SZ,2026-01-05 10:13:00,20.14,20.15,20.1,20.1,137600,2769215.0
000818.SZ,2026-01-05 10:14:00,20.1,20.12,20.1,20.12,75200,1512079.0
000818.SZ,2026-01-05 10:15:00,20.12,20.12,20.11,20.11,76100,1530690.0
000818.SZ,2026-01-05 10:16:00,20.12,20.12,20.11,20.11,79900,1606946.0
000818.SZ,2026-01-05 10:17:00,20.1,20.11,20.09,20.09,113000,2271557.0
000818.SZ,2026-01-05 10:18:00,20.09,20.1,20.08,20.09,61700,1239677.0
000818.SZ,2026-01-05 10:19:00,20.08,20.14,20.08,20.13,118800,2388615.0
000818.SZ,2026-01-05 10:20:00,20.15,20.16,20.14,20.14,109300,2202826.0
000818.SZ,2026-01-05 10:21:00,20.14,20.15,20.14,20.14,25300,509682.0
000818.SZ,2026-01-05 10:22:00,20.13,20.14,20.13,20.13,21900,440985.0
000818.SZ,2026-01-05 10:23:00,20.14,20.15,20.14,20.14,60600,1220577.0
000818.SZ,2026-01-05 10:24:00,20.14,20.14,20.13,20.14,73000,1469627.0
000818.SZ,2026-01-05 10:25:00,20.14,20.15,20.14,20.15,33500,674842.0
000818.SZ,2026-01-05 10:26:00,20.14,20.15,20.13,20.13,51400,1034958.0
000818.SZ,2026-01-05 10:27:00,20.14,20.14,20.11,20.12,49400,993821.0
000818.SZ,2026-01-05 10:28:00,20.12,20.13,20.11,20.11,33300,669956.0
000818.SZ,2026-01-05 10:29:00,20.12,20.12,20.1,20.12,45300,911200.0
000818.SZ,2026-01-05 10:30:00,20.12,20.18,20.12,20.17,164000,3305131.0
000818.SZ,2026-01-05 10:31:00,20.18,20.19,20.17,20.18,58100,1172441.0
000818.SZ,2026-01-05 10:32:00,20.18,20.24,20.16,20.23,228800,4621008.0
000818.SZ,2026-01-05 10:33:00,20.23,20.24,20.21,20.22,79500,1607759.0
000818.SZ,2026-01-05 10:34:00,20.21,20.23,20.19,20.19,42800,864985.0
000818.SZ,2026-01-05 10:35:00,20.19,20.19,20.17,20.17,29600,597284.0
000818.SZ,2026-01-05 10:36:00,20.17,20.18,20.16,20.16,21400,431600.0
000818.SZ,2026-01-05 10:37:00,20.15,20.18,20.15,20.17,34700,699856.0
000818.SZ,2026-01-05 10:38:00,20.17,20.18,20.16,20.17,26300,530405.0
000818.SZ,2026-01-05 10:39:00,20.16,20.17,20.16,20.17,18900,381095.0
000818.SZ,2026-01-05 10:40:00,20.16,20.17,20.16,20.16,33600,677407.0
000818.SZ,2026-01-05 10:41:00,20.16,20.17,20.15,20.15,21300,429425.0
000818.SZ,2026-01-05 10:42:00,20.15,20.16,20.15,20.15,34900,703311.0
000818.SZ,2026-01-05 10:43:00,20.14,20.16,20.14,20.14,30800,620524.0
000818.SZ,2026-01-05 10:44:00,20.14,20.16,20.14,20.16,37500,755928.0
000818.SZ,2026-01-05 10:45:00,20.15,20.19,20.15,20.19,71000,1431759.0
000818.SZ,2026-01-05 10:46:00,20.19,20.19,20.18,20.18,22800,460167.0
000818.SZ,2026-01-05 10:47:00,20.18,20.18,20.17,20.18,30100,607299.0
000818.SZ,2026-01-05 10:48:00,20.18,20.19,20.18,20.18,13200,266452.0
000818.SZ,2026-01-05 10:49:00,20.18,20.19,20.17,20.17,34100,688236.0
000818.SZ,2026-01-05 10:50:00,20.18,20.18,20.16,20.17,29100,587039.0
000818.SZ,2026-01-05 10:51:00,20.17,20.18,20.16,20.17,13100,264255.0
000818.SZ,2026-01-05 10:52:00,20.16,20.16,20.15,20.16,33600,677223.0
000818.SZ,2026-01-05 10:53:00,20.16,20.17,20.15,20.16,31100,626777.0
000818.SZ,2026-01-05 10:54:00,20.16,20.17,20.16,20.16,10500,211685.0
000818.SZ,2026-01-05 10:55:00,20.17,20.17,20.15,20.15,25600,515999.0
000818.SZ,2026-01-05 10:56:00,20.15,20.16,20.14,20.16,17400,350647.0
000818.SZ,2026-01-05 10:57:00,20.15,20.16,20.13,20.13,51200,1031335.0
000818.SZ,2026-01-05 10:58:00,20.13,20.14,20.12,20.12,67100,1350765.0
000818.SZ,2026-01-05 10:59:00,20.13,20.13,20.1,20.11,68000,1367611.0
000818.SZ,2026-01-05 11:00:00,20.11,20.11,20.1,20.11,43800,880473.0
000818.SZ,2026-01-05 11:01:00,20.11,20.11,20.08,20.08,68000,1365865.0
000818.SZ,2026-01-05 11:02:00,20.08,20.09,20.08,20.08,48400,971850.0
000818.SZ,2026-01-05 11:03:00,20.1,20.12,20.09,20.11,49150,987900.5
000818.SZ,2026-01-05 11:04:00,20.12,20.12,20.1,20.12,42200,848647.5
000818.SZ,2026-01-05 11:05:00,20.12,20.12,20.1,20.11,29300,589360.0
000818.SZ,2026-01-05 11:06:00,20.11,20.12,20.11,20.12,26400,531045.0
000818.SZ,2026-01-05 11:07:00,20.11,20.12,20.11,20.11,8700,174991.0
000818.SZ,2026-01-05 11:08:00,20.12,20.12,20.11,20.12,16300,327863.0
000818.SZ,2026-01-05 11:09:00,20.11,20.11,20.1,20.11,37800,760081.0
000818.SZ,2026-01-05 11:10:00,20.12,20.13,20.11,20.12,14300,287669.0
000818.SZ,2026-01-05 11:11:00,20.12,20.12,20.11,20.12,5900,118692.0
000818.SZ,2026-01-05 11:12:00,20.12,20.12,20.11,20.11,37400,752183.0
000818.SZ,2026-01-05 11:13:00,20.12,20.12,20.1,20.11,27000,543155.0
000818.SZ,2026-01-05 11:14:00,20.1,20.11,20.1,20.1,3900,78401.0
000818.SZ,2026-01-05 11:15:00,20.1,20.1,20.08,20.09,65300,1312137.0
000818.SZ,2026-01-05 11:16:00,20.1,20.1,20.09,20.1,35200,707515.0
000818.SZ,2026-01-05 11:17:00,20.1,20.11,20.09,20.1,15500,311551.0
000818.SZ,2026-01-05 11:18:00,20.1,20.11,20.1,20.1,12500,251327.0
000818.SZ,2026-01-05 11:19:00,20.11,20.12,20.11,20.11,34100,685882.0
000818.SZ,2026-01-05 11:20:00,20.1,20.11,20.1,20.11,48000,964932.0
000818.SZ,2026-01-05 11:21:00,20.1,20.1,20.09,20.09,26100,524600.0
000818.SZ,2026-01-05 11:22:00,20.1,20.1,20.09,20.1,15400,309453.0
000818.SZ,2026-01-05 11:23:00,20.09,20.1,20.09,20.1,24100,484368.0
000818.SZ,2026-01-05 11:24:00,20.09,20.09,20.08,20.08,50500,1014326.0
000818.SZ,2026-01-05 11:25:00,20.08,20.09,20.08,20.08,24625,494518.0
000818.SZ,2026-01-05 11:26:00,20.08,20.08,20.06,20.06,58100,1166310.2
000818.SZ,2026-01-05 11:27:00,20.06,20.07,20.06,20.07,27600,553803.0
000818.SZ,2026-01-05 11:28:00,20.07,20.08,20.07,20.08,31100,624216.0
000818.SZ,2026-01-05 11:29:00,20.08,20.09,20.08,20.08,16700,335379.0
000818.SZ,2026-01-05 11:30:00,20.09,20.09,20.07,20.08,57700,1158508.0
000818.SZ,2026-01-05 13:01:00,20.1,20.13,20.09,20.11,162600,3268926.0
000818.SZ,2026-01-05 13:02:00,20.11,20.11,20.1,20.11,16700,335777.0
000818.SZ,2026-01-05 13:03:00,20.1,20.11,20.09,20.1,30800,619094.0
000818.SZ,2026-01-05 13:04:00,20.09,20.14,20.08,20.14,111424,2239149.2
000818.SZ,2026-01-05 13:05:00,20.14,20.21,20.14,20.21,194629,3927476.8
000818.SZ,2026-01-05 13:06:00,20.2,20.22,20.18,20.18,91700,1852797.0
000818.SZ,2026-01-05 13:07:00,20.19,20.19,20.17,20.17,25000,504441.0
000818.SZ,2026-01-05 13:08:00,20.18,20.18,20.15,20.16,21300,429511.0
000818.SZ,2026-01-05 13:09:00,20.16,20.17,20.16,20.17,14700,296428.0
000818.SZ,2026-01-05 13:10:00,20.16,20.16,20.16,20.16,4500,90724.0
000818.SZ,2026-01-05 13:11:00,20.16,20.18,20.16,20.17,22300,449714.0
000818.SZ,2026-01-05 13:12:00,20.18,20.18,20.16,20.16,22300,449759.0
000818.SZ,2026-01-05 13:13:00,20.16,20.18,20.16,20.18,27200,548770.0
000818.SZ,2026-01-05 13:14:00,20.17,20.18,20.17,20.17,13700,276422.0
000818.SZ,2026-01-05 13:15:00,20.18,20.18,20.16,20.16,25800,520262.0
000818.SZ,2026-01-05 13:16:00,20.17,20.17,20.15,20.15,19100,384972.0
000818.SZ,2026-01-05 13:17:00,20.16,20.16,20.14,20.15,29000,584279.0
000818.SZ,2026-01-05 13:18:00,20.16,20.16,20.14,20.14,15800,318280.0
000818.SZ,2026-01-05 13:19:00,20.14,20.14,20.12,20.12,17200,346305.0
000818.SZ,2026-01-05 13:20:00,20.12,20.14,20.12,20.13,53500,1077204.0
000818.SZ,2026-01-05 13:21:00,20.14,20.14,20.12,20.12,18600,374436.0
000818.SZ,2026-01-05 13:22:00,20.12,20.13,20.11,20.11,36600,736371.0
000818.SZ,2026-01-05 13:23:00,20.12,20.13,20.11,20.12,12500,251413.0
000818.SZ,2026-01-05 13:24:00,20.11,20.11,20.1,20.1,52500,1055371.0
000818.SZ,2026-01-05 13:25:00,20.1,20.11,20.1,20.11,31000,623252.0
000818.SZ,2026-01-05 13:26:00,20.11,20.11,20.1,20.11,34549,694540.4
000818.SZ,2026-01-05 13:27:00,20.11,20.12,20.1,20.11,25400,510841.0
000818.SZ,2026-01-05 13:28:00,20.12,20.13,20.11,20.11,16600,333955.0
000818.SZ,2026-01-05 13:29:00,20.11,20.12,20.11,20.12,19500,392276.0
000818.SZ,2026-01-05 13:30:00,20.11,20.12,20.11,20.12,18700,376175.0
000818.SZ,2026-01-05 13:31:00,20.12,20.12,20.11,20.12,10200,205183.0
000818.SZ,2026-01-05 13:32:00,20.11,20.12,20.1,20.12,42600,856683.0
000818.SZ,2026-01-05 13:33:00,20.1,20.12,20.1,20.11,18100,364054.0
000818.SZ,2026-01-05 13:34:00,20.11,20.13,20.11,20.13,23800,478897.0
000818.SZ,2026-01-05 13:35:00,20.13,20.13,20.12,20.13,14400,289782.0
000818.SZ,2026-01-05 13:36:00,20.13,20.13,20.11,20.12,24400,490925.0
000818.SZ,2026-01-05 13:37:00,20.13,20.13,20.12,20.13,10400,209328.0
000818.SZ,2026-01-05 13:38:00,20.13,20.14,20.13,20.13,38100,767190.0
000818.SZ,2026-01-05 13:39:00,20.14,20.15,20.13,20.14,25200,507546.0
000818.SZ,2026-01-05 13:40:00,20.15,20.18,20.14,20.17,117700,2373260.0
000818.SZ,2026-01-05 13:41:00,20.17,20.17,20.15,20.16,66800,1347336.0
000818.SZ,2026-01-05 13:42:00,20.15,20.16,20.15,20.15,6500,131023.0
000818.SZ,2026-01-05 13:43:00,20.15,20.16,20.15,20.16,10900,219675.0
000818.SZ,2026-01-05 13:44:00,20.16,20.17,20.15,20.16,25200,508017.0
000818.SZ,2026-01-05 13:45:00,20.17,20.17,20.15,20.16,22700,457585.0
000818.SZ,2026-01-05 13:46:00,20.15,20.15,20.14,20.15,22200,447310.0
000818.SZ,2026-01-05 13:47:00,20.15,20.19,20.15,20.18,98700,1991269.0
000818.SZ,2026-01-05 13:48:00,20.17,20.18,20.17,20.18,37400,754647.0
000818.SZ,2026-01-05 13:49:00,20.17,20.19,20.17,20.19,23600,476443.0
000818.SZ,2026-01-05 13:50:00,20.18,20.19,20.18,20.18,36900,744762.0
000818.SZ,2026-01-05 13:51:00,20.19,20.19,20.16,20.16,19400,391275.0
000818.SZ,2026-01-05 13:52:00,20.17,20.18,20.16,20.18,15600,314711.0
000818.SZ,2026-01-05 13:53:00,20.18,20.18,20.16,20.17,7500,151281.0
000818.SZ,2026-01-05 13:54:00,20.17,20.18,20.16,20.18,57700,1164118.0
000818.SZ,2026-01-05 13:55:00,20.18,20.18,20.16,20.16,9200,185555.0
000818.SZ,2026-01-05 13:56:00,20.17,20.17,20.16,20.17,34200,689510.0
000818.SZ,2026-01-05 13:57:00,20.17,20.17,20.15,20.15,47400,955657.0
000818.SZ,2026-01-05 13:58:00,20.16,20.17,20.15,20.17,80200,1617079.0
000818.SZ,2026-01-05 13:59:00,20.17,20.18,20.16,20.17,15300,308555.0
000818.SZ,2026-01-05 14:00:00,20.16,20.17,20.16,20.16,11900,240002.0
000818.SZ,2026-01-05 14:01:00,20.17,20.17,20.15,20.16,67800,1366907.0
000818.SZ,2026-01-05 14:02:00,20.16,20.17,20.16,20.16,46700,941620.0
000818.SZ,2026-01-05 14:03:00,20.16,20.17,20.16,20.17,5200,104862.0
000818.SZ,2026-01-05 14:04:00,20.16,20.17,20.16,20.17,37700,760275.0
000818.SZ,2026-01-05 14:05:00,20.16,20.17,20.16,20.16,47300,953651.0
000818.SZ,2026-01-05 14:06:00,20.16,20.16,20.15,20.16,11800,237873.0
000818.SZ,2026-01-05 14:07:00,20.15,20.16,20.15,20.16,10600,213677.0
000818.SZ,2026-01-05 14:08:00,20.15,20.16,20.15,20.16,28200,568367.0
000818.SZ,2026-01-05 14:09:00,20.15,20.18,20.15,20.18,142400,2871886.0
000818.SZ,2026-01-05 14:10:00,20.17,20.18,20.16,20.16,95800,1932223.0
000818.SZ,2026-01-05 14:11:00,20.16,20.17,20.16,20.17,31800,641326.0
000818.SZ,2026-01-05 14:12:00,20.16,20.18,20.16,20.18,71100,1434152.0
000818.SZ,2026-01-05 14:13:00,20.18,20.18,20.17,20.18,36500,736553.0
000818.SZ,2026-01-05 14:14:00,20.18,20.19,20.17,20.19,91600,1848572.0
000818.SZ,2026-01-05 14:15:00,20.18,20.19,20.18,20.19,21900,441978.0
000818.SZ,2026-01-05 14:16:00,20.18,20.19,20.17,20.18,47600,960621.0
000818.SZ,2026-01-05 14:17:00,20.17,20.18,20.17,20.17,24200,488320.0
000818.SZ,2026-01-05 14:18:00,20.17,20.18,20.17,20.18,24200,488172.0
000818.SZ,2026-01-05 14:19:00,20.17,20.18,20.17,20.18,31700,639605.0
000818.SZ,2026-01-05 14:20:00,20.18,20.18,20.16,20.16,81500,1643950.0
000818.SZ,2026-01-05 14:21:00,20.16,20.17,20.15,20.16,70600,1423231.0
000818.SZ,2026-01-05 14:22:00,20.15,20.16,20.15,20.16,17700,356697.0
000818.SZ,2026-01-05 14:23:00,20.15,20.16,20.15,20.15,21900,441410.0
000818.SZ,2026-01-05 14:24:00,20.16,20.17,20.16,20.16,27600,556558.0
000818.SZ,2026-01-05 14:25:00,20.17,20.17,20.16,20.17,16800,338768.0
000818.SZ,2026-01-05 14:26:00,20.17,20.17,20.16,20.17,22800,459757.0
000818.SZ,2026-01-05 14:27:00,20.16,20.17,20.16,20.16,36100,727810.0
000818.SZ,2026-01-05 14:28:00,20.16,20.17,20.16,20.17,18300,369055.0
000818.SZ,2026-01-05 14:29:00,20.17,20.17,20.16,20.16,70000,1411673.0
000818.SZ,2026-01-05 14:30:00,20.17,20.17,20.14,20.14,130300,2625808.0
000818.SZ,2026-01-05 14:31:00,20.15,20.16,20.14,20.15,38200,769737.0
000818.SZ,2026-01-05 14:32:00,20.15,20.15,20.13,20.14,133200,2682774.0
000818.SZ,2026-01-05 14:33:00,20.14,20.14,20.13,20.13,25500,513386.0
000818.SZ,2026-01-05 14:34:00,20.14,20.14,20.13,20.13,27700,557743.0
000818.SZ,2026-01-05 14:35:00,20.14,20.14,20.13,20.13,40100,807271.0
000818.SZ,2026-01-05 14:36:00,20.13,20.14,20.12,20.12,72400,1457451.0
000818.SZ,2026-01-05 14:37:00,20.13,20.13,20.12,20.13,69200,1392590.0
000818.SZ,2026-01-05 14:38:00,20.13,20.13,20.12,20.13,45000,905736.0
000818.SZ,2026-01-05 14:39:00,20.13,20.13,20.12,20.13,33300,670185.0
000818.SZ,2026-01-05 14:40:00,20.12,20.13,20.12,20.12,63800,1283712.0
000818.SZ,2026-01-05 14:41:00,20.13,20.14,20.12,20.14,92800,1867873.0
000818.SZ,2026-01-05 14:42:00,20.13,20.14,20.13,20.14,38400,773181.0
000818.SZ,2026-01-05 14:43:00,20.13,20.16,20.13,20.14,107200,2159582.0
000818.SZ,2026-01-05 14:44:00,20.15,20.15,20.13,20.14,76000,1530911.0
000818.SZ,2026-01-05 14:45:00,20.14,20.15,20.14,20.15,64200,1293427.0
000818.SZ,2026-01-05 14:46:00,20.16,20.16,20.14,20.14,72400,1458522.0
000818.SZ,2026-01-05 14:47:00,20.15,20.15,20.14,20.14,64800,1305132.0
000818.SZ,2026-01-05 14:48:00,20.15,20.15,20.14,20.14,53200,1071427.0
000818.SZ,2026-01-05 14:49:00,20.14,20.15,20.14,20.14,50200,1011127.0
000818.SZ,2026-01-05 14:50:00,20.15,20.15,20.14,20.14,54611,1100044.5
000818.SZ,2026-01-05 14:51:00,20.14,20.15,20.14,20.15,72500,1460506.0
000818.SZ,2026-01-05 14:52:00,20.15,20.15,20.14,20.15,60100,1210938.0
000818.SZ,2026-01-05 14:53:00,20.14,20.15,20.14,20.14,109000,2196078.0
000818.SZ,2026-01-05 14:54:00,20.15,20.16,20.14,20.15,141600,2853066.0
000818.SZ,2026-01-05 14:55:00,20.14,20.16,20.14,20.16,64700,1303820.0
000818.SZ,2026-01-05 14:56:00,20.15,20.16,20.14,20.14,216400,4360545.0
000818.SZ,2026-01-05 14:57:00,20.15,20.15,20.14,20.15,130600,2630882.0
000818.SZ,2026-01-05 14:58:00,20.15,20.15,20.15,20.15,0,0.0
000818.SZ,2026-01-05 14:59:00,20.15,20.15,20.15,20.15,0,0.0
000818.SZ,2026-01-05 15:00:00,20.14,20.14,20.14,20.14,218800,4406632.0
000818.SZ,2026-01-06 09:30:00,20.01,20.14,20.01,20.14,177200,3545932.0
000818.SZ,2026-01-06 09:31:00,20.06,20.08,20.0,20.06,385900,7729973.0
000818.SZ,2026-01-06 09:32:00,20.06,20.17,20.06,20.13,252400,5076358.0
000818.SZ,2026-01-06 09:33:00,20.12,20.2,20.12,20.2,288600,5819576.0
000818.SZ,2026-01-06 09:34:00,20.19,20.19,20.11,20.17,268517,5410496.0
000818.SZ,2026-01-06 09:35:00,20.17,20.23,20.17,20.22,243200,4910049.0
000818.SZ,2026-01-06 09:36:00,20.21,20.26,20.19,20.26,173500,3507892.0
000818.SZ,2026-01-06 09:37:00,20.22,20.22,20.18,20.18,192500,3892242.0
000818.SZ,2026-01-06 09:38:00,20.2,20.21,20.18,20.2,152600,3082122.0
000818.SZ,2026-01-06 09:39:00,20.19,20.2,20.18,20.18,83500,1686115.0
000818.SZ,2026-01-06 09:40:00,20.18,20.2,20.16,20.19,192200,3877692.0
000818.SZ,2026-01-06 09:41:00,20.18,20.19,20.17,20.19,107100,2160985.0
000818.SZ,2026-01-06 09:42:00,20.2,20.21,20.18,20.19,147400,2976503.0
000818.SZ,2026-01-06 09:43:00,20.2,20.2,20.13,20.13,198700,4005586.0
000818.SZ,2026-01-06 09:44:00,20.14,20.18,20.14,20.18,104500,2106857.0
000818.SZ,2026-01-06 09:45:00,20.18,20.19,20.16,20.18,61000,1230623.0
000818.SZ,2026-01-06 09:46:00,20.18,20.2,20.17,20.2,129500,2613252.0
000818.SZ,2026-01-06 09:47:00,20.2,20.25,20.2,20.25,180700,3653047.0
000818.SZ,2026-01-06 09:48:00,20.23,20.25,20.22,20.23,179500,3631379.0
000818.SZ,2026-01-06 09:49:00,20.24,20.25,20.21,20.21,169400,3429300.0
000818.SZ,2026-01-06 09:50:00,20.21,20.24,20.2,20.23,66499,1344201.8
000818.SZ,2026-01-06 09:51:00,20.24,20.24,20.2,20.21,114101,2305750.2
000818.SZ,2026-01-06 09:52:00,20.19,20.24,20.19,20.23,46400,938143.0
000818.SZ,2026-01-06 09:53:00,20.23,20.24,20.22,20.24,67700,1369599.0
000818.SZ,2026-01-06 09:54:00,20.24,20.25,20.23,20.25,104299,2111282.8
000818.SZ,2026-01-06 09:55:00,20.24,20.25,20.22,20.24,81400,1647143.0
000818.SZ,2026-01-06 09:56:00,20.24,20.24,20.23,20.23,67000,1355216.0
000818.SZ,2026-01-06 09:57:00,20.23,20.24,20.22,20.22,47300,956915.0
000818.SZ,2026-01-06 09:58:00,20.23,20.24,20.22,20.23,88100,1782245.0
000818.SZ,2026-01-06 09:59:00,20.23,20.28,20.23,20.26,290300,5880329.0
000818.SZ,2026-01-06 10:00:00,20.26,20.26,20.24,20.26,84800,1717373.0
000818.SZ,2026-01-06 10:01:00,20.25,20.25,20.21,20.21,293600,5940114.0
000818.SZ,2026-01-06 10:02:00,20.22,20.25,20.2,20.21,122900,2484812.0
000818.SZ,2026-01-06 10:03:00,20.21,20.23,20.21,20.22,196500,3971789.0
000818.SZ,2026-01-06 10:04:00,20.22,20.23,20.21,20.23,54800,1108183.0
000818.SZ,2026-01-06 10:05:00,20.23,20.24,20.22,20.22,70000,1415896.0
000818.SZ,2026-01-06 10:06:00,20.22,20.22,20.2,20.2,57600,1163780.0
000818.SZ,2026-01-06 10:07:00,20.21,20.23,20.21,20.22,70400,1422899.0
000818.SZ,2026-01-06 10:08:00,20.21,20.23,20.21,20.23,68200,1379122.0
000818.SZ,2026-01-06 10:09:00,20.23,20.24,20.22,20.22,67000,1355488.0
000818.SZ,2026-01-06 10:10:00,20.23,20.25,20.22,20.25,183600,3715630.0
000818.SZ,2026-01-06 10:11:00,20.25,20.25,20.22,20.24,50000,1011678.0
000818.SZ,2026-01-06 10:12:00,20.24,20.24,20.22,20.23,25500,515885.0
000818.SZ,2026-01-06 10:13:00,20.23,20.24,20.22,20.22,27900,564423.0
000818.SZ,2026-01-06 10:14:00,20.23,20.24,20.23,20.23,88500,1790969.0
000818.SZ,2026-01-06 10:15:00,20.23,20.25,20.23,20.24,86000,1740899.0
000818.SZ,2026-01-06 10:16:00,20.24,20.25,20.23,20.24,148300,3001499.0
000818.SZ,2026-01-06 10:17:00,20.24,20.24,20.22,20.22,79849,1615370.2
000818.SZ,2026-01-06 10:18:00,20.22,20.22,20.21,20.22,75500,1526367.0
000818.SZ,2026-01-06 10:19:00,20.22,20.24,20.22,20.24,47800,967159.0
000818.SZ,2026-01-06 10:20:00,20.25,20.25,20.23,20.24,31300,633417.0
000818.SZ,2026-01-06 10:21:00,20.24,20.25,20.24,20.24,38700,783496.0
000818.SZ,2026-01-06 10:22:00,20.25,20.25,20.24,20.24,66300,1342292.0
000818.SZ,2026-01-06 10:23:00,20.25,20.25,20.24,20.24,33200,672180.0
000818.SZ,2026-01-06 10:24:00,20.25,20.25,20.23,20.23,41100,831674.0
000818.SZ,2026-01-06 10:25:00,20.23,20.24,20.23,20.24,33500,677866.0
000818.SZ,2026-01-06 10:26:00,20.24,20.24,20.21,20.21,49700,1004867.0
000818.SZ,2026-01-06 10:27:00,20.2,20.2,20.17,20.17,177900,3592209.0
000818.SZ,2026-01-06 10:28:00,20.17,20.18,20.17,20.17,28500,574859.0
000818.SZ,2026-01-06 10:29:00,20.18,20.18,20.16,20.16,53700,1082961.0
000818.SZ,2026-01-06 10:30:00,20.17,20.17,20.14,20.14,66000,1330111.0
000818.SZ,2026-01-06 10:31:00,20.15,20.16,20.14,20.16,104900,2113295.0
000818.SZ,2026-01-06 10:32:00,20.15,20.17,20.15,20.17,63400,1278215.0
000818.SZ,2026-01-06 10:33:00,20.16,20.17,20.15,20.17,79200,1597049.0
000818.SZ,2026-01-06 10:34:00,20.19,20.19,20.16,20.17,42800,863266.0
000818.SZ,2026-01-06 10:35:00,20.16,20.18,20.16,20.17,40500,816762.0
000818.SZ,2026-01-06 10:36:00,20.17,20.18,20.16,20.17,27300,550491.0
000818.SZ,2026-01-06 10:37:00,20.16,20.16,20.11,20.11,152400,3069682.0
000818.SZ,2026-01-06 10:38:00,20.12,20.12,20.09,20.09,212000,4261124.0
000818.SZ,2026-01-06 10:39:00,20.09,20.09,20.05,20.09,207400,4162671.0
000818.SZ,2026-01-06 10:40:00,20.08,20.09,20.06,20.07,119500,2398867.0
000818.SZ,2026-01-06 10:41:00,20.07,20.09,20.07,20.09,73900,1483962.0
000818.SZ,2026-01-06 10:42:00,20.1,20.13,20.09,20.11,69800,1403251.0
000818.SZ,2026-01-06 10:43:00,20.1,20.1,20.08,20.08,80000,1607193.0
000818.SZ,2026-01-06 10:44:00,20.08,20.09,20.08,20.08,39700,797203.0
000818.SZ,2026-01-06 10:45:00,20.08,20.08,20.06,20.08,180300,3618251.0
000818.SZ,2026-01-06 10:46:00,20.07,20.09,20.07,20.09,49300,989839.0
000818.SZ,2026-01-06 10:47:00,20.1,20.13,20.1,20.1,62500,1256798.0
000818.SZ,2026-01-06 10:48:00,20.1,20.12,20.1,20.12,26200,526921.0
000818.SZ,2026-01-06 10:49:00,20.13,20.14,20.11,20.11,68300,1374722.0
000818.SZ,2026-01-06 10:50:00,20.11,20.14,20.11,20.14,20200,406605.0
000818.SZ,2026-01-06 10:51:00,20.14,20.14,20.12,20.14,23100,465081.0
000818.SZ,2026-01-06 10:52:00,20.14,20.16,20.14,20.16,44600,898648.0
000818.SZ,2026-01-06 10:53:00,20.16,20.16,20.14,20.14,11300,227693.0
000818.SZ,2026-01-06 10:54:00,20.14,20.16,20.14,20.16,38000,765618.0
000818.SZ,2026-01-06 10:55:00,20.16,20.16,20.15,20.15,13300,268016.0
000818.SZ,2026-01-06 10:56:00,20.16,20.17,20.15,20.17,20600,415303.0
000818.SZ,2026-01-06 10:57:00,20.16,20.18,20.16,20.17,19100,385271.0
000818.SZ,2026-01-06 10:58:00,20.16,20.17,20.15,20.16,32600,657071.0
000818.SZ,2026-01-06 10:59:00,20.15,20.16,20.14,20.14,10400,209554.0
000818.SZ,2026-01-06 11:00:00,20.15,20.15,20.14,20.14,13200,265873.0
000818.SZ,2026-01-06 11:01:00,20.15,20.18,20.14,20.18,41500,836584.0
000818.SZ,2026-01-06 11:02:00,20.18,20.18,20.16,20.18,16700,336843.0
000818.SZ,2026-01-06 11:03:00,20.18,20.18,20.16,20.16,15100,304652.0
000818.SZ,2026-01-06 11:04:00,20.16,20.18,20.16,20.18,20200,407460.0
000818.SZ,2026-01-06 11:05:00,20.16,20.16,20.16,20.16,12000,241921.0
000818.SZ,2026-01-06 11:06:00,20.17,20.17,20.14,20.15,23900,481684.0
000818.SZ,2026-01-06 11:07:00,20.15,20.16,20.15,20.15,10500,211581.0
000818.SZ,2026-01-06 11:08:00,20.15,20.15,20.14,20.15,28600,576036.0
000818.SZ,2026-01-06 11:09:00,20.15,20.17,20.15,20.16,44100,888895.0
000818.SZ,2026-01-06 11:10:00,20.16,20.18,20.16,20.16,49300,994261.0
000818.SZ,2026-01-06 11:11:00,20.16,20.19,20.16,20.18,37300,752673.0
000818.SZ,2026-01-06 11:12:00,20.19,20.19,20.18,20.19,12600,254320.0
000818.SZ,2026-01-06 11:13:00,20.19,20.19,20.17,20.18,33000,665970.0
000818.SZ,2026-01-06 11:14:00,20.18,20.19,20.17,20.19,18300,369283.0
000818.SZ,2026-01-06 11:15:00,20.18,20.19,20.18,20.19,30400,613629.0
000818.SZ,2026-01-06 11:16:00,20.19,20.19,20.18,20.18,42400,855812.0
000818.SZ,2026-01-06 11:17:00,20.18,20.19,20.17,20.17,10100,203829.0
000818.SZ,2026-01-06 11:18:00,20.17,20.18,20.17,20.17,14300,288459.0
000818.SZ,2026-01-06 11:19:00,20.17,20.19,20.17,20.18,37900,764721.0
000818.SZ,2026-01-06 11:20:00,20.19,20.19,20.18,20.18,11300,228077.0
000818.SZ,2026-01-06 11:21:00,20.18,20.19,20.17,20.19,29500,595258.0
000818.SZ,2026-01-06 11:22:00,20.19,20.19,20.18,20.19,27500,554980.0
000818.SZ,2026-01-06 11:23:00,20.18,20.19,20.18,20.18,24000,484488.0
000818.SZ,2026-01-06 11:24:00,20.18,20.19,20.17,20.19,2900,58526.0
000818.SZ,2026-01-06 11:25:00,20.18,20.19,20.18,20.18,4600,92837.0
000818.SZ,2026-01-06 11:26:00,20.19,20.19,20.18,20.19,43800,884289.0
000818.SZ,2026-01-06 11:27:00,20.19,20.19,20.18,20.19,27300,551018.0
000818.SZ,2026-01-06 11:28:00,20.18,20.19,20.18,20.19,14000,282555.0
000818.SZ,2026-01-06 11:29:00,20.19,20.19,20.18,20.19,21700,437992.0
000818.SZ,2026-01-06 11:30:00,20.19,20.19,20.18,20.18,10300,207919.0
000818.SZ,2026-01-06 13:01:00,20.19,20.47,20.19,20.44,1431300,29081924.0
000818.SZ,2026-01-06 13:02:00,20.44,20.5,20.41,20.42,326000,6667012.0
000818.SZ,2026-01-06 13:03:00,20.41,20.42,20.36,20.36,90800,1850720.0
000818.SZ,2026-01-06 13:04:00,20.36,20.36,20.35,20.35,66300,1349579.0
000818.SZ,2026-01-06 13:05:00,20.35,20.55,20.35,20.53,548100,11217413.0
000818.SZ,2026-01-06 13:06:00,20.49,20.5,20.44,20.44,262500,5376491.0
000818.SZ,2026-01-06 13:07:00,20.44,20.49,20.42,20.48,255700,5231596.0
000818.SZ,2026-01-06 13:08:00,20.5,20.51,20.48,20.5,294400,6035521.0
000818.SZ,2026-01-06 13:09:00,20.49,20.5,20.43,20.44,174900,3579126.0
000818.SZ,2026-01-06 13:10:00,20.43,20.44,20.43,20.43,78600,1605852.0
000818.SZ,2026-01-06 13:11:00,20.43,20.43,20.39,20.39,42500,867309.0
000818.SZ,2026-01-06 13:12:00,20.39,20.41,20.38,20.41,86900,1772433.0
000818.SZ,2026-01-06 13:13:00,20.41,20.45,20.41,20.45,72500,1481518.0
000818.SZ,2026-01-06 13:14:00,20.45,20.46,20.43,20.45,67800,1386100.0
000818.SZ,2026-01-06 13:15:00,20.43,20.45,20.43,20.45,72600,1484176.0
000818.SZ,2026-01-06 13:16:00,20.44,20.45,20.43,20.44,59200,1210170.0
000818.SZ,2026-01-06 13:17:00,20.44,20.45,20.43,20.45,168500,3445535.0
000818.SZ,2026-01-06 13:18:00,20.45,20.45,20.41,20.42,154800,3163227.0
000818.SZ,2026-01-06 13:19:00,20.42,20.44,20.41,20.42,30800,629099.0
000818.SZ,2026-01-06 13:20:00,20.43,20.44,20.4,20.4,84500,1724826.0
000818.SZ,2026-01-06 13:21:00,20.39,20.42,20.38,20.42,51100,1042461.0
000818.SZ,2026-01-06 13:22:00,20.42,20.43,20.41,20.41,44200,902508.0
000818.SZ,2026-01-06 13:23:00,20.41,20.41,20.4,20.41,73300,1495588.0
000818.SZ,2026-01-06 13:24:00,20.41,20.41,20.4,20.41,41000,836434.0
000818.SZ,2026-01-06 13:25:00,20.41,20.41,20.39,20.39,34800,709884.0
000818.SZ,2026-01-06 13:26:00,20.4,20.41,20.39,20.41,85100,1736237.0
000818.SZ,2026-01-06 13:27:00,20.4,20.42,20.4,20.4,30200,616389.0
000818.SZ,2026-01-06 13:28:00,20.4,20.41,20.4,20.4,40400,824363.0
000818.SZ,2026-01-06 13:29:00,20.41,20.41,20.39,20.39,34000,693676.0
000818.SZ,2026-01-06 13:30:00,20.39,20.4,20.38,20.39,38600,787154.0
000818.SZ,2026-01-06 13:31:00,20.39,20.39,20.38,20.38,28300,576841.0
000818.SZ,2026-01-06 13:32:00,20.39,20.4,20.39,20.39,40000,815637.0
000818.SZ,2026-01-06 13:33:00,20.39,20.4,20.39,20.39,26800,546539.0
000818.SZ,2026-01-06 13:34:00,20.39,20.4,20.39,20.39,20400,415987.0
000818.SZ,2026-01-06 13:35:00,20.39,20.39,20.38,20.38,59700,1216835.0
000818.SZ,2026-01-06 13:36:00,20.39,20.39,20.38,20.38,61400,1251656.0
000818.SZ,2026-01-06 13:37:00,20.39,20.39,20.38,20.38,32100,654284.0
000818.SZ,2026-01-06 13:38:00,20.38,20.38,20.38,20.38,18700,381126.0
000818.SZ,2026-01-06 13:39:00,20.38,20.39,20.38,20.39,24400,497320.0
000818.SZ,2026-01-06 13:40:00,20.38,20.38,20.34,20.34,87600,1783772.0
000818.SZ,2026-01-06 13:41:00,20.34,20.35,20.33,20.35,78200,1590601.0
000818.SZ,2026-01-06 13:42:00,20.34,20.36,20.34,20.35,32100,653047.0
000818.SZ,2026-01-06 13:43:00,20.34,20.35,20.33,20.33,25900,526771.0
000818.SZ,2026-01-06 13:44:00,20.33,20.33,20.3,20.3,323800,6568363.0
000818.SZ,2026-01-06 13:45:00,20.3,20.3,20.28,20.29,54800,1112035.0
000818.SZ,2026-01-06 13:46:00,20.29,20.3,20.28,20.29,76500,1551741.0
000818.SZ,2026-01-06 13:47:00,20.3,20.33,20.29,20.32,64200,1303825.0
000818.SZ,2026-01-06 13:48:00,20.31,20.32,20.29,20.3,50200,1019410.0
000818.SZ,2026-01-06 13:49:00,20.29,20.32,20.29,20.32,41600,844558.0
000818.SZ,2026-01-06 13:50:00,20.31,20.33,20.31,20.33,23500,477547.0
000818.SZ,2026-01-06 13:51:00,20.32,20.34,20.32,20.33,23900,485875.0
000818.SZ,2026-01-06 13:52:00,20.33,20.33,20.32,20.32,29500,599588.0
000818.SZ,2026-01-06 13:53:00,20.33,20.33,20.31,20.32,25900,526265.0
000818.SZ,2026-01-06 13:54:00,20.32,20.33,20.31,20.33,21500,436925.0
000818.SZ,2026-01-06 13:55:00,20.33,20.33,20.33,20.33,14300,290698.0
000818.SZ,2026-01-06 13:56:00,20.33,20.34,20.33,20.34,37300,758428.0
000818.SZ,2026-01-06 13:57:00,20.33,20.34,20.32,20.32,19100,388325.0
000818.SZ,2026-01-06 13:58:00,20.32,20.32,20.31,20.32,33400,678629.0
000818.SZ,2026-01-06 13:59:00,20.32,20.33,20.3,20.33,35200,715015.0
000818.SZ,2026-01-06 14:00:00,20.32,20.33,20.32,20.32,44500,904657.0
000818.SZ,2026-01-06 14:01:00,20.32,20.34,20.32,20.33,62300,1266289.0
000818.SZ,2026-01-06 14:02:00,20.34,20.35,20.33,20.34,45700,929440.0
000818.SZ,2026-01-06 14:03:00,20.35,20.39,20.34,20.39,83300,1696198.0
000818.SZ,2026-01-06 14:04:00,20.38,20.38,20.36,20.36,28800,586614.0
000818.SZ,2026-01-06 14:05:00,20.36,20.37,20.35,20.35,20000,407184.0
000818.SZ,2026-01-06 14:06:00,20.35,20.37,20.35,20.36,19900,405156.0
000818.SZ,2026-01-06 14:07:00,20.36,20.38,20.36,20.38,37300,759763.0
000818.SZ,2026-01-06 14:08:00,20.38,20.38,20.37,20.37,29200,594952.0
000818.SZ,2026-01-06 14:09:00,20.37,20.38,20.36,20.38,36200,737363.0
000818.SZ,2026-01-06 14:10:00,20.38,20.38,20.37,20.37,13500,275063.0
000818.SZ,2026-01-06 14:11:00,20.36,20.38,20.36,20.38,23400,476803.0
000818.SZ,2026-01-06 14:12:00,20.38,20.39,20.38,20.39,62200,1267980.0
000818.SZ,2026-01-06 14:13:00,20.4,20.4,20.38,20.39,87100,1775805.0
000818.SZ,2026-01-06 14:14:00,20.38,20.39,20.37,20.38,24900,507545.0
000818.SZ,2026-01-06 14:15:00,20.38,20.39,20.38,20.39,14600,297624.0
000818.SZ,2026-01-06 14:16:00,20.38,20.4,20.38,20.4,61497,1254129.9
000818.SZ,2026-01-06 14:17:00,20.4,20.4,20.39,20.39,8100,165207.0
000818.SZ,2026-01-06 14:18:00,20.39,20.39,20.38,20.38,43200,880690.0
000818.SZ,2026-01-06 14:19:00,20.39,20.39,20.37,20.37,40500,825347.0
000818.SZ,2026-01-06 14:20:00,20.38,20.39,20.37,20.37,20100,409674.0
000818.SZ,2026-01-06 14:21:00,20.37,20.39,20.37,20.38,21800,444419.0
000818.SZ,2026-01-06 14:22:00,20.38,20.39,20.38,20.38,18000,366882.0
000818.SZ,2026-01-06 14:23:00,20.39,20.39,20.37,20.39,33800,689043.0
000818.SZ,2026-01-06 14:24:00,20.39,20.39,20.38,20.39,12500,254834.0
000818.SZ,2026-01-06 14:25:00,20.38,20.4,20.38,20.4,55400,1129594.0
000818.SZ,2026-01-06 14:26:00,20.4,20.4,20.39,20.39,35500,723985.0
000818.SZ,2026-01-06 14:27:00,20.38,20.39,20.38,20.38,15600,318030.0
000818.SZ,2026-01-06 14:28:00,20.39,20.4,20.38,20.39,38500,785012.0
000818.SZ,2026-01-06 14:29:00,20.39,20.39,20.37,20.37,92500,1885227.0
000818.SZ,2026-01-06 14:30:00,20.38,20.39,20.37,20.38,26900,548226.0
000818.SZ,2026-01-06 14:31:00,20.38,20.38,20.37,20.38,37100,755977.0
000818.SZ,2026-01-06 14:32:00,20.38,20.38,20.37,20.38,12600,256737.0
000818.SZ,2026-01-06 14:33:00,20.37,20.38,20.37,20.38,35200,717131.0
000818.SZ,2026-01-06 14:34:00,20.38,20.38,20.36,20.37,24600,501126.0
000818.SZ,2026-01-06 14:35:00,20.37,20.38,20.36,20.38,32800,668019.0
000818.SZ,2026-01-06 14:36:00,20.37,20.38,20.37,20.38,40700,829362.0
000818.SZ,2026-01-06 14:37:00,20.38,20.38,20.36,20.37,99400,2024931.0
000818.SZ,2026-01-06 14:38:00,20.37,20.39,20.36,20.38,74100,1510112.0
000818.SZ,2026-01-06 14:39:00,20.38,20.39,20.38,20.38,38000,774497.0
000818.SZ,2026-01-06 14:40:00,20.39,20.39,20.38,20.38,51100,1041654.0
000818.SZ,2026-01-06 14:41:00,20.38,20.38,20.37,20.38,33600,684715.0
000818.SZ,2026-01-06 14:42:00,20.38,20.39,20.37,20.38,33700,686850.0
000818.SZ,2026-01-06 14:43:00,20.39,20.39,20.38,20.38,46000,937595.0
000818.SZ,2026-01-06 14:44:00,20.39,20.39,20.38,20.38,52800,1076334.0
000818.SZ,2026-01-06 14:45:00,20.38,20.39,20.37,20.38,82900,1689661.2
000818.SZ,2026-01-06 14:46:00,20.39,20.39,20.38,20.38,66500,1355653.0
000818.SZ,2026-01-06 14:47:00,20.39,20.39,20.37,20.38,42600,868157.0
000818.SZ,2026-01-06 14:48:00,20.38,20.38,20.3,20.36,428500,8713099.0
000818.SZ,2026-01-06 14:49:00,20.36,20.37,20.35,20.36,66700,1357925.0
000818.SZ,2026-01-06 14:50:00,20.36,20.37,20.36,20.36,43300,881643.0
000818.SZ,2026-01-06 14:51:00,20.37,20.38,20.37,20.38,208900,4255925.0
000818.SZ,2026-01-06 14:52:00,20.37,20.38,20.37,20.37,37300,759894.0
000818.SZ,2026-01-06 14:53:00,20.37,20.38,20.36,20.36,35700,727201.0
000818.SZ,2026-01-06 14:54:00,20.36,20.38,20.36,20.37,82400,1678685.0
000818.SZ,2026-01-06 14:55:00,20.38,20.38,20.36,20.36,126200,2570555.0
000818.SZ,2026-01-06 14:56:00,20.37,20.38,20.36,20.36,127600,2599079.0
000818.SZ,2026-01-06 14:57:00,20.38,20.38,20.37,20.38,101700,2071677.0
000818.SZ,2026-01-06 14:58:00,20.38,20.38,20.38,20.38,0,0.0
000818.SZ,2026-01-06 14:59:00,20.38,20.38,20.38,20.38,0,0.0
000818.SZ,2026-01-06 15:00:00,20.38,20.38,20.38,20.38,235900,4807642.0
000818.SZ,2026-01-07 09:30:00,20.3,20.33,20.3,20.31,110200,2237365.0
000818.SZ,2026-01-07 09:31:00,20.37,20.39,20.31,20.38,236000,4802186.0
000818.SZ,2026-01-07 09:32:00,20.37,20.37,20.3,20.3,240400,4889468.0
000818.SZ,2026-01-07 09:33:00,20.28,20.36,20.27,20.36,161100,3272516.0
000818.SZ,2026-01-07 09:34:00,20.35,20.36,20.3,20.35,111500,2265848.0
000818.SZ,2026-01-07 09:35:00,20.32,20.37,20.31,20.35,103300,2101296.0
000818.SZ,2026-01-07 09:36:00,20.33,20.4,20.33,20.4,235602,4796197.5
000818.SZ,2026-01-07 09:37:00,20.4,20.44,20.39,20.41,185000,3775808.0
000818.SZ,2026-01-07 09:38:00,20.41,20.46,20.41,20.44,186500,3810935.0
000818.SZ,2026-01-07 09:39:00,20.42,20.47,20.41,20.45,121700,2486291.0
000818.SZ,2026-01-07 09:40:00,20.44,20.45,20.42,20.44,92500,1890114.0
000818.SZ,2026-01-07 09:41:00,20.43,20.44,20.4,20.43,92300,1884839.0
000818.SZ,2026-01-07 09:42:00,20.43,20.46,20.43,20.46,115300,2356885.0
000818.SZ,2026-01-07 09:43:00,20.45,20.48,20.43,20.43,149800,3064784.0
000818.SZ,2026-01-07 09:44:00,20.44,20.44,20.4,20.42,83900,1713527.0
000818.SZ,2026-01-07 09:45:00,20.4,20.41,20.38,20.4,137900,2812301.0
000818.SZ,2026-01-07 09:46:00,20.37,20.4,20.37,20.4,152800,3114421.5
000818.SZ,2026-01-07 09:47:00,20.39,20.4,20.36,20.36,97349,1983334.1
000818.SZ,2026-01-07 09:48:00,20.36,20.37,20.35,20.36,82000,1669396.0
000818.SZ,2026-01-07 09:49:00,20.36,20.37,20.35,20.36,44900,914252.0
000818.SZ,2026-01-07 09:50:00,20.36,20.37,20.35,20.37,34300,698452.0
000818.SZ,2026-01-07 09:51:00,20.36,20.38,20.36,20.36,60600,1234066.0
000818.SZ,2026-01-07 09:52:00,20.35,20.36,20.35,20.35,58800,1196811.0
000818.SZ,2026-01-07 09:53:00,20.35,20.38,20.34,20.37,143600,2922679.0
000818.SZ,2026-01-07 09:54:00,20.37,20.38,20.37,20.37,37400,761919.0
000818.SZ,2026-01-07 09:55:00,20.37,20.37,20.33,20.33,137200,2792313.0
000818.SZ,2026-01-07 09:56:00,20.33,20.33,20.31,20.32,102300,2078204.0
000818.SZ,2026-01-07 09:57:00,20.31,20.32,20.3,20.31,77700,1577748.0
000818.SZ,2026-01-07 09:58:00,20.3,20.32,20.3,20.3,48900,992911.0
000818.SZ,2026-01-07 09:59:00,20.3,20.33,20.3,20.31,110800,2250582.0
000818.SZ,2026-01-07 10:00:00,20.31,20.33,20.3,20.31,29700,603202.0
000818.SZ,2026-01-07 10:01:00,20.31,20.33,20.31,20.32,48899,993459.7
000818.SZ,2026-01-07 10:02:00,20.33,20.36,20.32,20.32,106700,2169674.8
000818.SZ,2026-01-07 10:03:00,20.33,20.33,20.3,20.3,87501,1777252.4
000818.SZ,2026-01-07 10:04:00,20.3,20.3,20.28,20.3,227700,4620749.0
000818.SZ,2026-01-07 10:05:00,20.28,20.3,20.28,20.28,84200,1708234.0
000818.SZ,2026-01-07 10:06:00,20.28,20.28,20.27,20.27,84300,1709260.0
000818.SZ,2026-01-07 10:07:00,20.27,20.29,20.27,20.27,66899,1356333.8
000818.SZ,2026-01-07 10:08:00,20.27,20.28,20.27,20.27,36900,748088.0
000818.SZ,2026-01-07 10:09:00,20.28,20.28,20.27,20.27,48900,991349.0
000818.SZ,2026-01-07 10:10:00,20.28,20.28,20.27,20.28,19800,401519.0
000818.SZ,2026-01-07 10:11:00,20.28,20.29,20.27,20.27,67700,1372482.0
000818.SZ,2026-01-07 10:12:00,20.28,20.29,20.27,20.28,44300,898141.0
000818.SZ,2026-01-07 10:13:00,20.29,20.29,20.27,20.27,52700,1068563.0
000818.SZ,2026-01-07 10:14:00,20.27,20.27,20.25,20.26,95001,1924655.2
000818.SZ,2026-01-07 10:15:00,20.25,20.25,20.24,20.25,87900,1779711.0
000818.SZ,2026-01-07 10:16:00,20.25,20.25,20.23,20.24,131100,2654073.0
000818.SZ,2026-01-07 10:17:00,20.24,20.24,20.23,20.24,56300,1139511.0
000818.SZ,2026-01-07 10:18:00,20.23,20.24,20.2,20.2,150500,3043794.0
000818.SZ,2026-01-07 10:19:00,20.2,20.2,20.16,20.16,291600,5886395.0
000818.SZ,2026-01-07 10:20:00,20.16,20.17,20.13,20.16,144300,2908084.0
000818.SZ,2026-01-07 10:21:00,20.17,20.17,20.15,20.16,59500,1199739.0
000818.SZ,2026-01-07 10:22:00,20.16,20.18,20.16,20.18,87099,1757098.9
000818.SZ,2026-01-07 10:23:00,20.19,20.19,20.15,20.15,156201,3149127.2
000818.SZ,2026-01-07 10:24:00,20.15,20.15,20.12,20.12,76100,1531993.0
000818.SZ,2026-01-07 10:25:00,20.12,20.12,20.08,20.1,379100,7615673.0
000818.SZ,2026-01-07 10:26:00,20.1,20.1,20.07,20.07,89600,1799087.0
000818.SZ,2026-01-07 10:27:00,20.08,20.08,20.05,20.05,90400,1813784.0
000818.SZ,2026-01-07 10:28:00,20.07,20.07,20.05,20.07,94700,1899849.0
000818.SZ,2026-01-07 10:29:00,20.07,20.11,20.06,20.11,147200,2955366.0
000818.SZ,2026-01-07 10:30:00,20.11,20.13,20.11,20.11,73100,1470519.0
000818.SZ,2026-01-07 10:31:00,20.11,20.11,20.09,20.1,45600,916493.0
000818.SZ,2026-01-07 10:32:00,20.11,20.11,20.09,20.11,31000,623211.0
000818.SZ,2026-01-07 10:33:00,20.11,20.13,20.1,20.13,57400,1154620.0
000818.SZ,2026-01-07 10:34:00,20.12,20.13,20.12,20.12,81100,1632193.0
000818.SZ,2026-01-07 10:35:00,20.13,20.13,20.11,20.12,40500,814858.0
000818.SZ,2026-01-07 10:36:00,20.12,20.13,20.12,20.12,34200,688215.0
000818.SZ,2026-01-07 10:37:00,20.12,20.13,20.12,20.12,53200,1070842.0
000818.SZ,2026-01-07 10:38:00,20.13,20.13,20.12,20.12,69300,1394520.0
000818.SZ,2026-01-07 10:39:00,20.12,20.13,20.11,20.12,38600,776561.0
000818.SZ,2026-01-07 10:40:00,20.12,20.13,20.1,20.1,132300,2660217.0
000818.SZ,2026-01-07 10:41:00,20.09,20.1,20.09,20.09,35300,709322.0
000818.SZ,2026-01-07 10:42:00,20.09,20.11,20.09,20.11,39200,787936.0
000818.SZ,2026-01-07 10:43:00,20.1,20.12,20.1,20.11,13000,261424.0
000818.SZ,2026-01-07 10:44:00,20.11,20.11,20.1,20.11,42000,844514.0
000818.SZ,2026-01-07 10:45:00,20.11,20.12,20.1,20.11,38400,772048.0
000818.SZ,2026-01-07 10:46:00,20.12,20.15,20.1,20.15,40900,822877.0
000818.SZ,2026-01-07 10:47:00,20.14,20.15,20.13,20.14,51900,1045552.0
000818.SZ,2026-01-07 10:48:00,20.14,20.14,20.13,20.14,22400,450996.0
000818.SZ,2026-01-07 10:49:00,20.14,20.14,20.12,20.12,34900,702647.0
000818.SZ,2026-01-07 10:50:00,20.1,20.12,20.1,20.12,86900,1747724.0
000818.SZ,2026-01-07 10:51:00,20.12,20.12,20.11,20.11,32100,645597.0
000818.SZ,2026-01-07 10:52:00,20.1,20.12,20.1,20.12,20885,420016.5
000818.SZ,2026-01-07 10:53:00,20.11,20.11,20.09,20.1,81615,1640296.5
000818.SZ,2026-01-07 10:54:00,20.1,20.12,20.09,20.1,23763,477653.3
000818.SZ,2026-01-07 10:55:00,20.1,20.11,20.09,20.09,44937,903091.7
000818.SZ,2026-01-07 10:56:00,20.09,20.1,20.09,20.09,30800,618853.0
000818.SZ,2026-01-07 10:57:00,20.1,20.1,20.09,20.1,40400,811665.0
000818.SZ,2026-01-07 10:58:00,20.09,20.1,20.09,20.09,18100,363662.0
000818.SZ,2026-01-07 10:59:00,20.09,20.1,20.09,20.1,31600,634975.0
000818.SZ,2026-01-07 11:00:00,20.09,20.1,20.09,20.1,60900,1223875.0
000818.SZ,2026-01-07 11:01:00,20.1,20.13,20.09,20.13,213363,4287781.5
000818.SZ,2026-01-07 11:02:00,20.13,20.14,20.11,20.13,27300,549391.0
000818.SZ,2026-01-07 11:03:00,20.13,20.15,20.13,20.14,26100,525573.0
000818.SZ,2026-01-07 11:04:00,20.15,20.15,20.13,20.13,43900,884300.0
000818.SZ,2026-01-07 11:05:00,20.13,20.13,20.11,20.12,17200,346152.0
000818.SZ,2026-01-07 11:06:00,20.11,20.12,20.11,20.11,26200,527110.0
000818.SZ,2026-01-07 11:07:00,20.11,20.14,20.11,20.14,21400,430824.0
000818.SZ,2026-01-07 11:08:00,20.15,20.15,20.12,20.12,22900,461031.0
000818.SZ,2026-01-07 11:09:00,20.12,20.13,20.12,20.12,18700,376276.0
000818.SZ,2026-01-07 11:10:00,20.12,20.13,20.12,20.13,10400,209300.0
000818.SZ,2026-01-07 11:11:00,20.12,20.13,20.12,20.12,16700,336048.0
000818.SZ,2026-01-07 11:12:00,20.12,20.13,20.11,20.12,12900,259510.0
000818.SZ,2026-01-07 11:13:00,20.12,20.13,20.12,20.13,50800,1022352.0
000818.SZ,2026-01-07 11:14:00,20.13,20.13,20.1,20.1,123700,2487816.0
000818.SZ,2026-01-07 11:15:00,20.11,20.13,20.1,20.12,21700,436323.0
000818.SZ,2026-01-07 11:16:00,20.12,20.12,20.1,20.1,6700,134739.0
000818.SZ,2026-01-07 11:17:00,20.1,20.11,20.1,20.1,52600,1057300.0
000818.SZ,2026-01-07 11:18:00,20.1,20.11,20.09,20.11,44100,886611.0
000818.SZ,2026-01-07 11:19:00,20.11,20.11,20.1,20.1,35100,705751.0
000818.SZ,2026-01-07 11:20:00,20.1,20.11,20.1,20.1,14000,281466.0
000818.SZ,2026-01-07 11:21:00,20.1,20.11,20.1,20.1,31100,625116.0
000818.SZ,2026-01-07 11:22:00,20.1,20.11,20.1,20.11,13000,261362.0
000818.SZ,2026-01-07 11:23:00,20.11,20.11,20.09,20.1,42900,862341.0
000818.SZ,2026-01-07 11:24:00,20.12,20.12,20.09,20.09,48400,972821.0
000818.SZ,2026-01-07 11:25:00,20.11,20.12,20.1,20.11,64900,1304609.0
000818.SZ,2026-01-07 11:26:00,20.11,20.12,20.1,20.1,30300,609257.0
000818.SZ,2026-01-07 11:27:00,20.11,20.11,20.1,20.11,31100,625142.0
000818.SZ,2026-01-07 11:28:00,20.11,20.11,20.1,20.11,13100,263366.0
000818.SZ,2026-01-07 11:29:00,20.1,20.11,20.1,20.1,21300,428154.0
000818.SZ,2026-01-07 11:30:00,20.11,20.11,20.1,20.11,7500,150774.0
000818.SZ,2026-01-07 13:01:00,20.11,20.11,20.09,20.09,128300,2578718.0
000818.SZ,2026-01-07 13:02:00,20.09,20.1,20.09,20.1,17200,345609.0
000818.SZ,2026-01-07 13:03:00,20.1,20.1,20.09,20.1,20600,413933.0
000818.SZ,2026-01-07 13:04:00,20.1,20.1,20.09,20.1,98100,1971604.0
000818.SZ,2026-01-07 13:05:00,20.1,20.13,20.1,20.13,166600,3350992.0
000818.SZ,2026-01-07 13:06:00,20.13,20.13,20.12,20.12,26600,535266.0
000818.SZ,2026-01-07 13:07:00,20.12,20.12,20.11,20.11,39700,798470.0
000818.SZ,2026-01-07 13:08:00,20.11,20.12,20.11,20.11,26200,526927.0
000818.SZ,2026-01-07 13:09:00,20.11,20.12,20.1,20.12,40100,806514.0
000818.SZ,2026-01-07 13:10:00,20.12,20.19,20.12,20.17,258400,5205341.0
000818.SZ,2026-01-07 13:11:00,20.17,20.17,20.15,20.16,32000,645191.0
000818.SZ,2026-01-07 13:12:00,20.16,20.17,20.16,20.16,23000,463726.0
000818.SZ,2026-01-07 13:13:00,20.16,20.16,20.14,20.15,33300,671086.0
000818.SZ,2026-01-07 13:14:00,20.14,20.18,20.14,20.18,21600,435540.0
000818.SZ,2026-01-07 13:15:00,20.17,20.17,20.14,20.14,45900,925285.0
000818.SZ,2026-01-07 13:16:00,20.12,20.15,20.12,20.14,35400,713053.0
000818.SZ,2026-01-07 13:17:00,20.14,20.18,20.13,20.17,95900,1932623.0
000818.SZ,2026-01-07 13:18:00,20.18,20.2,20.17,20.18,141700,2859100.0
000818.SZ,2026-01-07 13:19:00,20.16,20.22,20.16,20.22,121101,2446247.2
000818.SZ,2026-01-07 13:20:00,20.22,20.23,20.22,20.23,75600,1529377.0
000818.SZ,2026-01-07 13:21:00,20.24,20.26,20.22,20.26,291900,5906159.0
000818.SZ,2026-01-07 13:22:00,20.25,20.26,20.23,20.23,113100,2289620.0
000818.SZ,2026-01-07 13:23:00,20.22,20.23,20.16,20.16,127600,2579645.0
000818.SZ,2026-01-07 13:24:00,20.16,20.17,20.14,20.14,40700,820363.0
000818.SZ,2026-01-07 13:25:00,20.16,20.16,20.13,20.13,38100,767152.0
000818.SZ,2026-01-07 13:26:00,20.13,20.13,20.1,20.11,121500,2443247.0
000818.SZ,2026-01-07 13:27:00,20.11,20.11,20.08,20.08,163000,3275570.0
000818.SZ,2026-01-07 13:28:00,20.08,20.08,20.06,20.06,195200,3918171.0
000818.SZ,2026-01-07 13:29:00,20.06,20.06,20.02,20.03,290900,5831528.0
000818.SZ,2026-01-07 13:30:00,20.03,20.06,20.03,20.06,51900,1040196.0
000818.SZ,2026-01-07 13:31:00,20.06,20.08,20.05,20.07,73800,1480216.0
000818.SZ,2026-01-07 13:32:00,20.07,20.08,20.05,20.06,62900,1262230.0
000818.SZ,2026-01-07 13:33:00,20.05,20.07,20.05,20.07,24500,491394.0
000818.SZ,2026-01-07 13:34:00,20.06,20.07,20.06,20.06,18100,363133.0
000818.SZ,2026-01-07 13:35:00,20.06,20.07,20.06,20.07,24000,481546.0
000818.SZ,2026-01-07 13:36:00,20.07,20.1,20.07,20.1,47600,955706.0
000818.SZ,2026-01-07 13:37:00,20.1,20.11,20.09,20.1,16600,333705.0
000818.SZ,2026-01-07 13:38:00,20.1,20.11,20.09,20.09,44200,888083.0
000818.SZ,2026-01-07 13:39:00,20.09,20.09,20.08,20.09,16100,323406.0
000818.SZ,2026-01-07 13:40:00,20.09,20.09,20.06,20.07,132800,2666289.0
000818.SZ,2026-01-07 13:41:00,20.06,20.07,20.03,20.03,106600,2136777.0
000818.SZ,2026-01-07 13:42:00,20.03,20.04,20.02,20.02,70100,1404314.0
000818.SZ,2026-01-07 13:43:00,20.02,20.02,20.01,20.02,220900,4421161.0
000818.SZ,2026-01-07 13:44:00,20.01,20.01,20.0,20.0,83900,1678481.0
000818.SZ,2026-01-07 13:45:00,20.0,20.03,20.0,20.02,47700,954622.0
000818.SZ,2026-01-07 13:46:00,20.02,20.04,20.01,20.04,96500,1932037.0
000818.SZ,2026-01-07 13:47:00,20.04,20.04,20.01,20.02,71500,1432016.0
000818.SZ,2026-01-07 13:48:00,20.02,20.03,20.01,20.02,73700,1475186.0
000818.SZ,2026-01-07 13:49:00,20.02,20.02,20.01,20.01,32400,648574.0
000818.SZ,2026-01-07 13:50:00,20.01,20.02,20.01,20.02,52800,1056568.0
000818.SZ,2026-01-07 13:51:00,20.02,20.02,20.01,20.02,19376,387795.75
000818.SZ,2026-01-07 13:52:00,20.02,20.02,20.0,20.0,42600,852478.25
000818.SZ,2026-01-07 13:53:00,20.01,20.06,20.01,20.06,244200,4890123.0
000818.SZ,2026-01-07 13:54:00,20.06,20.06,20.05,20.06,31600,633732.0
000818.SZ,2026-01-07 13:55:00,20.06,20.08,20.06,20.06,47000,943059.0
000818.SZ,2026-01-07 13:56:00,20.06,20.06,20.05,20.06,24100,483267.0
000818.SZ,2026-01-07 13:57:00,20.05,20.06,20.04,20.04,22100,443103.0
000818.SZ,2026-01-07 13:58:00,20.04,20.05,20.03,20.04,16500,330656.0
000818.SZ,2026-01-07 13:59:00,20.03,20.04,20.03,20.04,37100,743439.0
000818.SZ,2026-01-07 14:00:00,20.04,20.05,20.04,20.05,21400,428903.0
000818.SZ,2026-01-07 14:01:00,20.05,20.05,20.03,20.05,103300,2070354.0
000818.SZ,2026-01-07 14:02:00,20.05,20.08,20.05,20.08,54300,1088893.0
000818.SZ,2026-01-07 14:03:00,20.08,20.09,20.06,20.08,72800,1461445.0
000818.SZ,2026-01-07 14:04:00,20.07,20.1,20.07,20.08,20200,405729.0
000818.SZ,2026-01-07 14:05:00,20.07,20.08,20.07,20.07,5200,104387.0
000818.SZ,2026-01-07 14:06:00,20.08,20.08,20.07,20.08,19100,383386.0
000818.SZ,2026-01-07 14:07:00,20.08,20.08,20.06,20.07,12600,252927.0
000818.SZ,2026-01-07 14:08:00,20.07,20.09,20.07,20.09,17400,349335.0
000818.SZ,2026-01-07 14:09:00,20.08,20.1,20.08,20.09,4300,86378.0
000818.SZ,2026-01-07 14:10:00,20.09,20.1,20.08,20.1,38500,773651.0
000818.SZ,2026-01-07 14:11:00,20.1,20.1,20.09,20.09,15200,305465.0
000818.SZ,2026-01-07 14:12:00,20.09,20.1,20.09,20.1,10800,217041.0
000818.SZ,2026-01-07 14:13:00,20.09,20.11,20.09,20.09,32800,659290.0
000818.SZ,2026-01-07 14:14:00,20.09,20.12,20.09,20.11,104900,2108091.0
000818.SZ,2026-01-07 14:15:00,20.11,20.12,20.09,20.09,95470,1918495.2
000818.SZ,2026-01-07 14:16:00,20.09,20.12,20.09,20.1,11200,225229.0
000818.SZ,2026-01-07 14:17:00,20.1,20.11,20.1,20.1,15800,317633.0
000818.SZ,2026-01-07 14:18:00,20.11,20.11,20.09,20.09,32700,657427.0
000818.SZ,2026-01-07 14:19:00,20.09,20.1,20.09,20.1,10500,210997.0
000818.SZ,2026-01-07 14:20:00,20.1,20.11,20.08,20.09,27100,544566.0
000818.SZ,2026-01-07 14:21:00,20.09,20.09,20.08,20.09,13400,269194.0
000818.SZ,2026-01-07 14:22:00,20.09,20.09,20.08,20.09,16400,329347.0
000818.SZ,2026-01-07 14:23:00,20.08,20.09,20.08,20.09,17100,343464.0
000818.SZ,2026-01-07 14:24:00,20.08,20.09,20.08,20.09,7300,146635.0
000818.SZ,2026-01-07 14:25:00,20.08,20.1,20.08,20.1,28200,566581.0
000818.SZ,2026-01-07 14:26:00,20.09,20.1,20.09,20.09,26300,528539.0
000818.SZ,2026-01-07 14:27:00,20.09,20.1,20.09,20.09,8700,174818.0
000818.SZ,2026-01-07 14:28:00,20.1,20.1,20.09,20.1,7900,158740.0
000818.SZ,2026-01-07 14:29:00,20.09,20.09,20.08,20.08,26500,532369.0
000818.SZ,2026-01-07 14:30:00,20.08,20.09,20.08,20.08,11500,230959.0
000818.SZ,2026-01-07 14:31:00,20.07,20.08,20.05,20.05,85600,1717407.0
000818.SZ,2026-01-07 14:32:00,20.05,20.05,20.04,20.04,45200,906095.0
000818.SZ,2026-01-07 14:33:00,20.04,20.05,20.03,20.03,78000,1563040.0
000818.SZ,2026-01-07 14:34:00,20.03,20.04,20.02,20.03,22700,454683.0
000818.SZ,2026-01-07 14:35:00,20.04,20.06,20.03,20.04,61400,1230781.0
000818.SZ,2026-01-07 14:36:00,20.03,20.04,20.03,20.03,18300,366671.0
000818.SZ,2026-01-07 14:37:00,20.03,20.04,20.02,20.03,45800,917402.0
000818.SZ,2026-01-07 14:38:00,20.02,20.04,20.02,20.03,23600,472744.0
000818.SZ,2026-01-07 14:39:00,20.02,20.06,20.02,20.04,24700,494888.0
000818.SZ,2026-01-07 14:40:00,20.04,20.06,20.03,20.05,50500,1012609.0
000818.SZ,2026-01-07 14:41:00,20.05,20.06,20.04,20.05,26300,527118.0
000818.SZ,2026-01-07 14:42:00,20.04,20.05,20.04,20.05,31700,635405.0
000818.SZ,2026-01-07 14:43:00,20.04,20.04,20.03,20.03,18000,360708.0
000818.SZ,2026-01-07 14:44:00,20.04,20.04,20.03,20.04,55400,1110022.0
000818.SZ,2026-01-07 14:45:00,20.03,20.05,20.03,20.03,85400,1711122.0
000818.SZ,2026-01-07 14:46:00,20.03,20.05,20.03,20.05,30600,613267.0
000818.SZ,2026-01-07 14:47:00,20.05,20.07,20.05,20.07,54500,1093043.0
000818.SZ,2026-01-07 14:48:00,20.06,20.07,20.06,20.07,46400,930963.0
000818.SZ,2026-01-07 14:49:00,20.06,20.07,20.05,20.05,92600,1856875.0
000818.SZ,2026-01-07 14:50:00,20.05,20.06,20.05,20.06,63500,1273608.0
000818.SZ,2026-01-07 14:51:00,20.05,20.08,20.05,20.08,79600,1597596.0
000818.SZ,2026-01-07 14:52:00,20.06,20.08,20.06,20.08,61300,1230135.0
000818.SZ,2026-01-07 14:53:00,20.07,20.09,20.07,20.09,45900,921461.0
000818.SZ,2026-01-07 14:54:00,20.08,20.08,20.07,20.07,72150,1448457.5
000818.SZ,2026-01-07 14:55:00,20.08,20.08,20.07,20.08,79100,1588211.0
000818.SZ,2026-01-07 14:56:00,20.08,20.09,20.07,20.09,100200,2011912.0
000818.SZ,2026-01-07 14:57:00,20.08,20.09,20.07,20.08,110600,2220913.0
000818.SZ,2026-01-07 14:58:00,20.08,20.08,20.08,20.08,0,0.0
000818.SZ,2026-01-07 14:59:00,20.08,20.08,20.08,20.08,0,0.0
000818.SZ,2026-01-07 15:00:00,20.07,20.07,20.07,20.07,160600,3223242.0
000818.SZ,2026-01-08 09:30:00,20.08,20.1,20.07,20.09,52400,1052197.0
000818.SZ,2026-01-08 09:31:00,20.09,20.13,20.0,20.04,243400,4885881.0
000818.SZ,2026-01-08 09:32:00,20.06,20.07,20.0,20.04,222400,4456406.0
000818.SZ,2026-01-08 09:33:00,20.06,20.17,20.04,20.13,210100,4226474.0
000818.SZ,2026-01-08 09:34:00,20.14,20.18,20.11,20.11,81400,1638080.0
000818.SZ,2026-01-08 09:35:00,20.1,20.11,20.08,20.08,71100,1428691.0
000818.SZ,2026-01-08 09:36:00,20.1,20.19,20.1,20.19,132100,2658492.0
000818.SZ,2026-01-08 09:37:00,20.17,20.19,20.15,20.16,109200,2202461.0
000818.SZ,2026-01-08 09:38:00,20.15,20.16,20.13,20.13,59200,1192620.0
000818.SZ,2026-01-08 09:39:00,20.12,20.13,20.11,20.13,38000,764678.0
000818.SZ,2026-01-08 09:40:00,20.12,20.13,20.11,20.12,86900,1748521.0
000818.SZ,2026-01-08 09:41:00,20.13,20.21,20.13,20.2,145300,2931462.0
000818.SZ,2026-01-08 09:42:00,20.2,20.2,20.14,20.16,167800,3383623.0
000818.SZ,2026-01-08 09:43:00,20.19,20.2,20.17,20.17,54100,1092082.0
000818.SZ,2026-01-08 09:44:00,20.17,20.17,20.16,20.16,58900,1187906.0
000818.SZ,2026-01-08 09:45:00,20.16,20.17,20.15,20.16,34500,695622.0
000818.SZ,2026-01-08 09:46:00,20.16,20.19,20.16,20.18,59900,1208457.0
000818.SZ,2026-01-08 09:47:00,20.18,20.27,20.18,20.26,202800,4101954.0
000818.SZ,2026-01-08 09:48:00,20.26,20.26,20.22,20.23,104100,2107758.0
000818.SZ,2026-01-08 09:49:00,20.23,20.24,20.22,20.24,67900,1373875.0
000818.SZ,2026-01-08 09:50:00,20.25,20.25,20.21,20.23,54900,1110705.0
000818.SZ,2026-01-08 09:51:00,20.23,20.23,20.21,20.22,62300,1259968.0
000818.SZ,2026-01-08 09:52:00,20.22,20.22,20.21,20.22,46900,947936.0
000818.SZ,2026-01-08 09:53:00,20.22,20.23,20.21,20.23,29500,596611.0
000818.SZ,2026-01-08 09:54:00,20.23,20.23,20.22,20.22,58300,1178888.0
000818.SZ,2026-01-08 09:55:00,20.23,20.23,20.21,20.22,52100,1053224.0
000818.SZ,2026-01-08 09:56:00,20.21,20.22,20.2,20.21,62700,1267121.0
000818.SZ,2026-01-08 09:57:00,20.2,20.21,20.2,20.2,26800,541461.0
000818.SZ,2026-01-08 09:58:00,20.23,20.23,20.21,20.22,135500,2739407.0
000818.SZ,2026-01-08 09:59:00,20.22,20.26,20.2,20.26,219700,4445663.0
000818.SZ,2026-01-08 10:00:00,20.26,20.26,20.23,20.24,37900,767366.0
000818.SZ,2026-01-08 10:01:00,20.23,20.26,20.23,20.26,146300,2963577.0
000818.SZ,2026-01-08 10:02:00,20.26,20.3,20.26,20.3,182500,3702806.0
000818.SZ,2026-01-08 10:03:00,20.3,20.33,20.3,20.33,132000,2681174.0
000818.SZ,2026-01-08 10:04:00,20.32,20.33,20.3,20.3,153800,3125035.0
000818.SZ,2026-01-08 10:05:00,20.31,20.34,20.3,20.32,83100,1689128.0
000818.SZ,2026-01-08 10:06:00,20.31,20.32,20.3,20.31,82700,1679819.0
000818.SZ,2026-01-08 10:07:00,20.3,20.3,20.28,20.28,47900,971939.0
000818.SZ,2026-01-08 10:08:00,20.28,20.32,20.28,20.31,114000,2314628.0
000818.SZ,2026-01-08 10:09:00,20.31,20.32,20.31,20.32,53500,1086890.0
000818.SZ,2026-01-08 10:10:00,20.35,20.35,20.34,20.35,242600,4934065.0
000818.SZ,2026-01-08 10:11:00,20.35,20.36,20.34,20.34,88400,1799091.0
000818.SZ,2026-01-08 10:12:00,20.34,20.36,20.34,20.35,49800,1013378.0
000818.SZ,2026-01-08 10:13:00,20.35,20.35,20.33,20.33,69700,1417976.0
000818.SZ,2026-01-08 10:14:00,20.33,20.33,20.32,20.32,28300,575250.0
000818.SZ,2026-01-08 10:15:00,20.33,20.33,20.31,20.33,123500,2509037.0
000818.SZ,2026-01-08 10:16:00,20.32,20.35,20.32,20.35,93800,1907471.0
000818.SZ,2026-01-08 10:17:00,20.35,20.35,20.32,20.33,21600,439373.0
000818.SZ,2026-01-08 10:18:00,20.34,20.34,20.33,20.33,33700,685221.0
000818.SZ,2026-01-08 10:19:00,20.33,20.34,20.31,20.31,45600,926547.0
000818.SZ,2026-01-08 10:20:00,20.3,20.43,20.3,20.43,520100,10599521.0
000818.SZ,2026-01-08 10:21:00,20.41,20.43,20.4,20.42,160600,3278872.0
000818.SZ,2026-01-08 10:22:00,20.42,20.42,20.41,20.41,67200,1372106.9
000818.SZ,2026-01-08 10:23:00,20.41,20.42,20.4,20.42,126400,2580005.0
000818.SZ,2026-01-08 10:24:00,20.4,20.41,20.38,20.38,45001,917827.4
000818.SZ,2026-01-08 10:25:00,20.38,20.4,20.38,20.39,40699,829734.6
000818.SZ,2026-01-08 10:26:00,20.36,20.39,20.36,20.39,29500,601188.0
000818.SZ,2026-01-08 10:27:00,20.39,20.39,20.38,20.38,45900,935671.0
000818.SZ,2026-01-08 10:28:00,20.37,20.39,20.37,20.37,30200,615575.0
000818.SZ,2026-01-08 10:29:00,20.38,20.4,20.37,20.4,52301,1066106.4
000818.SZ,2026-01-08 10:30:00,20.41,20.41,20.4,20.4,112129,2287806.5
000818.SZ,2026-01-08 10:31:00,20.39,20.42,20.39,20.42,100200,2045027.0
000818.SZ,2026-01-08 10:32:00,20.42,20.43,20.41,20.42,144507,2950869.0
000818.SZ,2026-01-08 10:33:00,20.4,20.44,20.4,20.43,64100,1309354.0
000818.SZ,2026-01-08 10:34:00,20.42,20.44,20.42,20.43,54600,1115554.0
000818.SZ,2026-01-08 10:35:00,20.41,20.43,20.41,20.43,95900,1958625.0
000818.SZ,2026-01-08 10:36:00,20.43,20.43,20.41,20.42,48400,988486.0
000818.SZ,2026-01-08 10:37:00,20.42,20.43,20.41,20.41,54500,1113075.0
000818.SZ,2026-01-08 10:38:00,20.42,20.44,20.42,20.44,111800,2284091.0
000818.SZ,2026-01-08 10:39:00,20.44,20.45,20.44,20.45,114700,2344762.0
000818.SZ,2026-01-08 10:40:00,20.45,20.46,20.45,20.46,183099,3744912.5
000818.SZ,2026-01-08 10:41:00,20.46,20.48,20.46,20.48,99800,2042523.0
000818.SZ,2026-01-08 10:42:00,20.48,20.54,20.48,20.54,587700,12050841.0
000818.SZ,2026-01-08 10:43:00,20.54,20.55,20.51,20.51,174900,3590678.0
000818.SZ,2026-01-08 10:44:00,20.51,20.53,20.5,20.51,60400,1238793.0
000818.SZ,2026-01-08 10:45:00,20.51,20.52,20.51,20.52,106200,2178391.0
000818.SZ,2026-01-08 10:46:00,20.52,20.58,20.51,20.56,424000,8711127.0
000818.SZ,2026-01-08 10:47:00,20.57,20.62,20.57,20.61,350800,7219837.0
000818.SZ,2026-01-08 10:48:00,20.62,20.63,20.6,20.6,251500,5185838.0
000818.SZ,2026-01-08 10:49:00,20.61,20.65,20.61,20.62,275400,5680874.0
000818.SZ,2026-01-08 10:50:00,20.63,20.63,20.6,20.6,187300,3860918.0
000818.SZ,2026-01-08 10:51:00,20.6,20.6,20.57,20.58,63900,1315336.0
000818.SZ,2026-01-08 10:52:00,20.57,20.58,20.57,20.57,69700,1434120.0
000818.SZ,2026-01-08 10:53:00,20.58,20.58,20.57,20.57,57100,1174874.0
000818.SZ,2026-01-08 10:54:00,20.58,20.59,20.57,20.58,61000,1255289.0
000818.SZ,2026-01-08 10:55:00,20.59,20.59,20.57,20.58,71400,1469713.0
000818.SZ,2026-01-08 10:56:00,20.58,20.59,20.57,20.58,52900,1088431.0
000818.SZ,2026-01-08 10:57:00,20.58,20.58,20.57,20.57,36300,746761.0
000818.SZ,2026-01-08 10:58:00,20.57,20.58,20.56,20.56,46700,960392.0
000818.SZ,2026-01-08 10:59:00,20.57,20.58,20.57,20.58,81400,1674485.0
000818.SZ,2026-01-08 11:00:00,20.58,20.58,20.55,20.57,119500,2457543.0
000818.SZ,2026-01-08 11:01:00,20.55,20.58,20.55,20.56,116000,2386118.0
000818.SZ,2026-01-08 11:02:00,20.56,20.57,20.55,20.55,92100,1893052.0
000818.SZ,2026-01-08 11:03:00,20.55,20.56,20.53,20.53,55400,1138176.0
000818.SZ,2026-01-08 11:04:00,20.53,20.53,20.51,20.51,89900,1845057.0
000818.SZ,2026-01-08 11:05:00,20.51,20.52,20.5,20.51,95600,1960100.0
000818.SZ,2026-01-08 11:06:00,20.52,20.52,20.51,20.51,58200,1194027.0
000818.SZ,2026-01-08 11:07:00,20.5,20.51,20.49,20.51,91300,1871352.0
000818.SZ,2026-01-08 11:08:00,20.52,20.55,20.52,20.54,81700,1677042.0
000818.SZ,2026-01-08 11:09:00,20.54,20.58,20.54,20.58,74300,1527415.0
000818.SZ,2026-01-08 11:10:00,20.57,20.57,20.55,20.56,33100,680595.0
000818.SZ,2026-01-08 11:11:00,20.57,20.58,20.56,20.57,54400,1118996.0
000818.SZ,2026-01-08 11:12:00,20.57,20.64,20.57,20.64,356200,7339173.0
000818.SZ,2026-01-08 11:13:00,20.64,20.66,20.64,20.65,181800,3753948.0
000818.SZ,2026-01-08 11:14:00,20.64,20.64,20.59,20.6,59300,1223229.0
000818.SZ,2026-01-08 11:15:00,20.6,20.61,20.58,20.58,64400,1326737.0
000818.SZ,2026-01-08 11:16:00,20.58,20.58,20.57,20.58,73500,1512882.0
000818.SZ,2026-01-08 11:17:00,20.57,20.58,20.55,20.55,80900,1664390.0
000818.SZ,2026-01-08 11:18:00,20.54,20.58,20.54,20.57,42100,865670.0
000818.SZ,2026-01-08 11:19:00,20.59,20.6,20.56,20.6,55800,1149058.0
000818.SZ,2026-01-08 11:20:00,20.59,20.63,20.59,20.63,44800,923231.0
000818.SZ,2026-01-08 11:21:00,20.62,20.64,20.62,20.64,84700,1747363.0
000818.SZ,2026-01-08 11:22:00,20.63,20.63,20.61,20.61,35993,742259.75
000818.SZ,2026-01-08 11:23:00,20.61,20.62,20.6,20.61,51207,1055466.2
000818.SZ,2026-01-08 11:24:00,20.6,20.61,20.6,20.6,79800,1644228.0
000818.SZ,2026-01-08 11:25:00,20.6,20.6,20.58,20.58,13800,284146.0
000818.SZ,2026-01-08 11:26:00,20.58,20.59,20.58,20.58,20100,413763.0
000818.SZ,2026-01-08 11:27:00,20.58,20.59,20.57,20.57,26500,545437.0
000818.SZ,2026-01-08 11:28:00,20.58,20.58,20.57,20.58,76000,1564476.0
000818.SZ,2026-01-08 11:29:00,20.57,20.58,20.57,20.57,19100,392936.0
000818.SZ,2026-01-08 11:30:00,20.57,20.57,20.54,20.54,94200,1937623.0
000818.SZ,2026-01-08 13:01:00,20.55,20.56,20.51,20.51,126900,2606363.0
000818.SZ,2026-01-08 13:02:00,20.51,20.53,20.51,20.53,37600,771203.0
000818.SZ,2026-01-08 13:03:00,20.53,20.53,20.5,20.5,70200,1439649.0
000818.SZ,2026-01-08 13:04:00,20.51,20.52,20.5,20.52,36000,738298.0
000818.SZ,2026-01-08 13:05:00,20.52,20.52,20.51,20.51,15300,313888.0
000818.SZ,2026-01-08 13:06:00,20.52,20.52,20.5,20.5,39200,803919.0
000818.SZ,2026-01-08 13:07:00,20.5,20.51,20.49,20.49,49300,1010677.0
000818.SZ,2026-01-08 13:08:00,20.5,20.5,20.48,20.48,57500,1178359.0
000818.SZ,2026-01-08 13:09:00,20.48,20.49,20.48,20.49,66100,1354012.0
000818.SZ,2026-01-08 13:10:00,20.49,20.49,20.49,20.49,27600,565452.0
000818.SZ,2026-01-08 13:11:00,20.48,20.49,20.46,20.47,52700,1079169.0
000818.SZ,2026-01-08 13:12:00,20.47,20.48,20.46,20.48,50100,1025531.0
000818.SZ,2026-01-08 13:13:00,20.47,20.48,20.47,20.48,45900,939709.0
000818.SZ,2026-01-08 13:14:00,20.48,20.51,20.47,20.51,76100,1559320.0
000818.SZ,2026-01-08 13:15:00,20.52,20.55,20.52,20.53,67700,1389677.0
000818.SZ,2026-01-08 13:16:00,20.53,20.55,20.53,20.54,29500,605828.0
000818.SZ,2026-01-08 13:17:00,20.54,20.54,20.51,20.51,27200,558493.0
000818.SZ,2026-01-08 13:18:00,20.53,20.53,20.52,20.53,22400,459764.0
000818.SZ,2026-01-08 13:19:00,20.53,20.55,20.51,20.52,110500,2268738.0
000818.SZ,2026-01-08 13:20:00,20.51,20.55,20.51,20.55,112000,2299260.0
000818.SZ,2026-01-08 13:21:00,20.54,20.56,20.54,20.55,33500,688404.0
000818.SZ,2026-01-08 13:22:00,20.55,20.55,20.54,20.54,11900,244520.0
000818.SZ,2026-01-08 13:23:00,20.54,20.54,20.51,20.51,31000,636515.0
000818.SZ,2026-01-08 13:24:00,20.51,20.53,20.51,20.51,26900,551863.0
000818.SZ,2026-01-08 13:25:00,20.51,20.51,20.5,20.5,12600,258406.0
000818.SZ,2026-01-08 13:26:00,20.5,20.52,20.5,20.52,18500,379447.0
000818.SZ,2026-01-08 13:27:00,20.53,20.53,20.51,20.51,12300,252374.0
000818.SZ,2026-01-08 13:28:00,20.51,20.51,20.49,20.5,34703,711427.5
000818.SZ,2026-01-08 13:29:00,20.49,20.51,20.49,20.51,88900,1822290.0
000818.SZ,2026-01-08 13:30:00,20.51,20.53,20.51,20.52,26400,541719.0
000818.SZ,2026-01-08 13:31:00,20.52,20.52,20.48,20.49,75100,1539653.0
000818.SZ,2026-01-08 13:32:00,20.49,20.49,20.47,20.48,68200,1396938.0
000818.SZ,2026-01-08 13:33:00,20.47,20.47,20.45,20.45,108400,2217104.0
000818.SZ,2026-01-08 13:34:00,20.45,20.47,20.44,20.46,50000,1022552.0
000818.SZ,2026-01-08 13:35:00,20.45,20.46,20.45,20.45,63500,1298630.0
000818.SZ,2026-01-08 13:36:00,20.45,20.46,20.44,20.44,26400,539872.0
000818.SZ,2026-01-08 13:37:00,20.45,20.46,20.44,20.45,40800,834274.0
000818.SZ,2026-01-08 13:38:00,20.45,20.49,20.45,20.49,127600,2611674.0
000818.SZ,2026-01-08 13:39:00,20.49,20.51,20.48,20.51,51500,1055572.0
000818.SZ,2026-01-08 13:40:00,20.49,20.5,20.48,20.48,6100,124976.0
000818.SZ,2026-01-08 13:41:00,20.48,20.5,20.48,20.48,28200,577706.0
000818.SZ,2026-01-08 13:42:00,20.49,20.5,20.49,20.5,29000,594264.0
000818.SZ,2026-01-08 13:43:00,20.49,20.49,20.47,20.47,25100,514074.0
000818.SZ,2026-01-08 13:44:00,20.47,20.49,20.47,20.49,33300,682133.0
000818.SZ,2026-01-08 13:45:00,20.5,20.5,20.48,20.48,56200,1151372.0
000818.SZ,2026-01-08 13:46:00,20.47,20.48,20.47,20.48,14900,305061.0
000818.SZ,2026-01-08 13:47:00,20.47,20.5,20.47,20.5,60600,1241219.0
000818.SZ,2026-01-08 13:48:00,20.49,20.5,20.49,20.5,11800,241874.0
000818.SZ,2026-01-08 13:49:00,20.5,20.5,20.49,20.5,14700,301289.0
000818.SZ,2026-01-08 13:50:00,20.49,20.5,20.48,20.49,33800,692617.0
000818.SZ,2026-01-08 13:51:00,20.48,20.49,20.48,20.48,45400,930005.0
000818.SZ,2026-01-08 13:52:00,20.47,20.48,20.45,20.45,49800,1019016.0
000818.SZ,2026-01-08 13:53:00,20.46,20.47,20.46,20.47,66711,1365007.0
000818.SZ,2026-01-08 13:54:00,20.47,20.49,20.46,20.48,57200,1171700.0
000818.SZ,2026-01-08 13:55:00,20.49,20.49,20.48,20.48,11800,241718.0
000818.SZ,2026-01-08 13:56:00,20.48,20.5,20.48,20.49,15600,319642.0
000818.SZ,2026-01-08 13:57:00,20.5,20.5,20.49,20.5,100400,2058091.0
000818.SZ,2026-01-08 13:58:00,20.5,20.52,20.5,20.52,85000,1742885.0
000818.SZ,2026-01-08 13:59:00,20.52,20.52,20.51,20.52,15000,307711.0
000818.SZ,2026-01-08 14:00:00,20.51,20.52,20.51,20.51,11900,244158.0
000818.SZ,2026-01-08 14:01:00,20.51,20.52,20.51,20.52,15700,322038.0
000818.SZ,2026-01-08 14:02:00,20.51,20.51,20.5,20.5,49300,1011061.0
000818.SZ,2026-01-08 14:03:00,20.51,20.52,20.5,20.51,45900,941437.0
000818.SZ,2026-01-08 14:04:00,20.53,20.54,20.51,20.54,253700,5208906.0
000818.SZ,2026-01-08 14:05:00,20.54,20.54,20.52,20.52,30200,620083.0
000818.SZ,2026-01-08 14:06:00,20.51,20.53,20.51,20.52,27400,562355.0
000818.SZ,2026-01-08 14:07:00,20.52,20.52,20.5,20.5,17100,350797.0
000818.SZ,2026-01-08 14:08:00,20.5,20.5,20.49,20.49,235300,4815044.0
000818.SZ,2026-01-08 14:09:00,20.49,20.5,20.45,20.45,31300,641255.0
000818.SZ,2026-01-08 14:10:00,20.45,20.48,20.45,20.46,27400,560496.0
000818.SZ,2026-01-08 14:11:00,20.45,20.45,20.43,20.44,58300,1192007.0
000818.SZ,2026-01-08 14:12:00,20.43,20.44,20.43,20.44,88400,1806136.0
000818.SZ,2026-01-08 14:13:00,20.43,20.44,20.41,20.41,100889,2060248.5
000818.SZ,2026-01-08 14:14:00,20.41,20.41,20.4,20.41,85211,1738537.5
000818.SZ,2026-01-08 14:15:00,20.39,20.41,20.39,20.4,51600,1052217.0
000818.SZ,2026-01-08 14:16:00,20.39,20.41,20.38,20.41,138200,2818652.0
000818.SZ,2026-01-08 14:17:00,20.41,20.43,20.41,20.43,73389,1498282.5
000818.SZ,2026-01-08 14:18:00,20.41,20.42,20.39,20.39,47700,973279.0
000818.SZ,2026-01-08 14:19:00,20.39,20.41,20.39,20.4,64100,1307383.0
000818.SZ,2026-01-08 14:20:00,20.41,20.43,20.41,20.42,33800,690150.0
000818.SZ,2026-01-08 14:21:00,20.43,20.43,20.41,20.42,26200,534812.0
000818.SZ,2026-01-08 14:22:00,20.43,20.44,20.43,20.44,35500,725339.0
000818.SZ,2026-01-08 14:23:00,20.44,20.48,20.44,20.48,118400,2421367.0
000818.SZ,2026-01-08 14:24:00,20.48,20.48,20.45,20.45,54600,1117537.0
000818.SZ,2026-01-08 14:25:00,20.44,20.45,20.44,20.44,15600,318954.0
000818.SZ,2026-01-08 14:26:00,20.45,20.45,20.44,20.45,67000,1369765.0
000818.SZ,2026-01-08 14:27:00,20.44,20.46,20.44,20.45,26300,537891.0
000818.SZ,2026-01-08 14:28:00,20.46,20.46,20.44,20.45,44500,909977.0
000818.SZ,2026-01-08 14:29:00,20.45,20.47,20.45,20.47,31500,644552.0
000818.SZ,2026-01-08 14:30:00,20.48,20.5,20.48,20.5,51200,1048905.0
000818.SZ,2026-01-08 14:31:00,20.49,20.5,20.48,20.49,54800,1122713.0
000818.SZ,2026-01-08 14:32:00,20.49,20.5,20.48,20.48,70200,1438634.0
000818.SZ,2026-01-08 14:33:00,20.48,20.5,20.48,20.49,54100,1108674.0
000818.SZ,2026-01-08 14:34:00,20.5,20.5,20.49,20.5,44100,903975.0
000818.SZ,2026-01-08 14:35:00,20.5,20.51,20.49,20.51,54300,1113080.0
000818.SZ,2026-01-08 14:36:00,20.5,20.52,20.5,20.52,35700,732135.0
000818.SZ,2026-01-08 14:37:00,20.52,20.52,20.5,20.51,22900,469667.0
000818.SZ,2026-01-08 14:38:00,20.5,20.51,20.5,20.5,45900,941036.0
000818.SZ,2026-01-08 14:39:00,20.49,20.5,20.48,20.49,65500,1342252.0
000818.SZ,2026-01-08 14:40:00,20.48,20.5,20.48,20.49,29900,612621.0
000818.SZ,2026-01-08 14:41:00,20.49,20.49,20.47,20.47,120700,2471950.0
000818.SZ,2026-01-08 14:42:00,20.47,20.49,20.47,20.49,39300,804891.0
000818.SZ,2026-01-08 14:43:00,20.49,20.49,20.48,20.48,19700,403562.0
000818.SZ,2026-01-08 14:44:00,20.48,20.49,20.48,20.49,38500,788725.0
000818.SZ,2026-01-08 14:45:00,20.49,20.5,20.49,20.5,54500,1116750.0
000818.SZ,2026-01-08 14:46:00,20.5,20.5,20.48,20.49,97600,1999593.0
000818.SZ,2026-01-08 14:47:00,20.48,20.49,20.48,20.49,24900,510074.0
000818.SZ,2026-01-08 14:48:00,20.48,20.49,20.47,20.47,69300,1419333.0
000818.SZ,2026-01-08 14:49:00,20.47,20.48,20.46,20.47,84500,1729723.0
000818.SZ,2026-01-08 14:50:00,20.47,20.47,20.45,20.46,108000,2209857.0
000818.SZ,2026-01-08 14:51:00,20.47,20.48,20.46,20.48,157400,3221840.0
000818.SZ,2026-01-08 14:52:00,20.47,20.48,20.47,20.47,200300,4100604.0
000818.SZ,2026-01-08 14:53:00,20.46,20.47,20.46,20.47,109900,2249063.0
000818.SZ,2026-01-08 14:54:00,20.46,20.47,20.46,20.47,100900,2065100.0
000818.SZ,2026-01-08 14:55:00,20.47,20.48,20.46,20.47,169089,3460935.8
000818.SZ,2026-01-08 14:56:00,20.48,20.48,20.47,20.48,83611,1711850.2
000818.SZ,2026-01-08 14:57:00,20.47,20.49,20.47,20.48,130289,2668313.8
000818.SZ,2026-01-08 14:58:00,20.48,20.48,20.48,20.48,0,0.0
000818.SZ,2026-01-08 14:59:00,20.48,20.48,20.48,20.48,0,0.0
000818.SZ,2026-01-08 15:00:00,20.48,20.48,20.48,20.48,221800,4542464.0
000818.SZ,2026-01-09 09:30:00,20.41,20.43,20.38,20.43,104300,2128338.0
000818.SZ,2026-01-09 09:31:00,20.36,20.5,20.36,20.48,241800,4937531.0
000818.SZ,2026-01-09 09:32:00,20.48,20.58,20.48,20.57,181600,3727047.0
000818.SZ,2026-01-09 09:33:00,20.56,20.62,20.53,20.6,193400,3979993.0
000818.SZ,2026-01-09 09:34:00,20.61,20.63,20.58,20.59,156600,3227671.0
000818.SZ,2026-01-09 09:35:00,20.58,20.6,20.58,20.59,142000,2924297.0
000818.SZ,2026-01-09 09:36:00,20.59,20.63,20.58,20.63,134100,2763005.0
000818.SZ,2026-01-09 09:37:00,20.65,20.71,20.64,20.64,322789,6670749.0
000818.SZ,2026-01-09 09:38:00,20.65,20.7,20.65,20.7,138200,2858660.0
000818.SZ,2026-01-09 09:39:00,20.7,20.72,20.68,20.69,203200,4205287.0
000818.SZ,2026-01-09 09:40:00,20.68,20.69,20.66,20.66,167500,3462643.0
000818.SZ,2026-01-09 09:41:00,20.66,20.7,20.66,20.68,192800,3986964.0
000818.SZ,2026-01-09 09:42:00,20.67,20.68,20.66,20.67,70800,1463384.0
000818.SZ,2026-01-09 09:43:00,20.67,20.67,20.62,20.65,150600,3109886.0
000818.SZ,2026-01-09 09:44:00,20.65,20.66,20.64,20.65,122900,2537447.0
000818.SZ,2026-01-09 09:45:00,20.65,20.65,20.61,20.61,98400,2030027.0
000818.SZ,2026-01-09 09:46:00,20.62,20.67,20.61,20.67,138700,2862362.0
000818.SZ,2026-01-09 09:47:00,20.67,20.68,20.63,20.67,126800,2620337.0
000818.SZ,2026-01-09 09:48:00,20.66,20.67,20.62,20.62,99500,2054220.0
000818.SZ,2026-01-09 09:49:00,20.59,20.63,20.59,20.62,96100,1981245.0
000818.SZ,2026-01-09 09:50:00,20.63,20.63,20.61,20.61,90300,1862118.0
000818.SZ,2026-01-09 09:51:00,20.61,20.63,20.6,20.63,101400,2090524.0
000818.SZ,2026-01-09 09:52:00,20.62,20.65,20.62,20.65,70000,1444176.0
000818.SZ,2026-01-09 09:53:00,20.64,20.65,20.63,20.64,65900,1360159.0
000818.SZ,2026-01-09 09:54:00,20.65,20.72,20.65,20.72,309200,6395017.0
000818.SZ,2026-01-09 09:55:00,20.71,20.73,20.68,20.69,154489,3199441.2
000818.SZ,2026-01-09 09:56:00,20.7,20.71,20.69,20.69,66000,1365932.0
000818.SZ,2026-01-09 09:57:00,20.7,20.7,20.68,20.69,107000,2214132.0
000818.SZ,2026-01-09 09:58:00,20.68,20.69,20.66,20.66,185100,3824826.0
000818.SZ,2026-01-09 09:59:00,20.68,20.68,20.67,20.68,27700,572658.0
000818.SZ,2026-01-09 10:00:00,20.68,20.69,20.67,20.69,39500,816965.0
000818.SZ,2026-01-09 10:01:00,20.69,20.69,20.67,20.67,82700,1710510.0
000818.SZ,2026-01-09 10:02:00,20.68,20.68,20.67,20.67,34700,717388.0
000818.SZ,2026-01-09 10:03:00,20.67,20.68,20.66,20.67,28000,578758.0
000818.SZ,2026-01-09 10:04:00,20.67,20.69,20.67,20.69,85200,1761644.0
000818.SZ,2026-01-09 10:05:00,20.68,20.69,20.68,20.68,117200,2424564.0
000818.SZ,2026-01-09 10:06:00,20.69,20.7,20.68,20.69,79177,1638055.1
000818.SZ,2026-01-09 10:07:00,20.69,20.7,20.69,20.69,114900,2377927.0
000818.SZ,2026-01-09 10:08:00,20.69,20.7,20.67,20.7,84600,1750120.0
000818.SZ,2026-01-09 10:09:00,20.69,20.71,20.68,20.71,121800,2521096.0
000818.SZ,2026-01-09 10:10:00,20.71,20.72,20.71,20.71,81300,1683922.0
000818.SZ,2026-01-09 10:11:00,20.71,20.71,20.7,20.71,75900,1571692.0
000818.SZ,2026-01-09 10:12:00,20.72,20.72,20.67,20.68,73400,1518823.0
000818.SZ,2026-01-09 10:13:00,20.67,20.69,20.67,20.69,54000,1116652.0
000818.SZ,2026-01-09 10:14:00,20.69,20.69,20.67,20.68,20700,428072.0
000818.SZ,2026-01-09 10:15:00,20.67,20.67,20.65,20.66,107900,2229474.0
000818.SZ,2026-01-09 10:16:00,20.66,20.66,20.64,20.64,90900,1877164.0
000818.SZ,2026-01-09 10:17:00,20.65,20.67,20.65,20.67,76500,1580149.0
000818.SZ,2026-01-09 10:18:00,20.66,20.69,20.66,20.69,85900,1775701.0
000818.SZ,2026-01-09 10:19:00,20.68,20.69,20.68,20.69,31200,645468.0
000818.SZ,2026-01-09 10:20:00,20.69,20.69,20.68,20.68,26700,552400.0
000818.SZ,2026-01-09 10:21:00,20.69,20.7,20.65,20.65,205500,4249287.0
000818.SZ,2026-01-09 10:22:00,20.66,20.68,20.65,20.67,60400,1248774.0
000818.SZ,2026-01-09 10:23:00,20.67,20.68,20.65,20.66,64200,1326658.0
000818.SZ,2026-01-09 10:24:00,20.65,20.65,20.64,20.64,113000,2332872.0
000818.SZ,2026-01-09 10:25:00,20.63,20.64,20.62,20.63,67000,1382258.0
000818.SZ,2026-01-09 10:26:00,20.62,20.64,20.61,20.61,70600,1455722.0
000818.SZ,2026-01-09 10:27:00,20.62,20.75,20.61,20.73,598800,12389506.0
000818.SZ,2026-01-09 10:28:00,20.74,20.75,20.7,20.74,135400,2806893.0
000818.SZ,2026-01-09 10:29:00,20.78,20.84,20.78,20.82,477600,9929248.0
000818.SZ,2026-01-09 10:30:00,20.8,20.8,20.75,20.76,69900,1452523.0
000818.SZ,2026-01-09 10:31:00,20.77,20.88,20.76,20.86,422200,8792612.0
000818.SZ,2026-01-09 10:32:00,20.83,20.87,20.82,20.84,285500,5953855.0
000818.SZ,2026-01-09 10:33:00,20.83,20.83,20.8,20.81,229500,4777448.0
000818.SZ,2026-01-09 10:34:00,20.82,20.83,20.8,20.81,168300,3503236.0
000818.SZ,2026-01-09 10:35:00,20.8,20.82,20.79,20.79,62600,1302259.0
000818.SZ,2026-01-09 10:36:00,20.8,20.8,20.78,20.8,76700,1595133.0
000818.SZ,2026-01-09 10:37:00,20.81,20.84,20.8,20.83,108100,2251063.0
000818.SZ,2026-01-09 10:38:00,20.83,20.84,20.81,20.83,98700,2055534.0
000818.SZ,2026-01-09 10:39:00,20.83,20.83,20.79,20.8,68700,1429229.0
000818.SZ,2026-01-09 10:40:00,20.81,20.83,20.8,20.82,63000,1311357.0
000818.SZ,2026-01-09 10:41:00,20.81,20.87,20.8,20.87,197600,4118790.0
000818.SZ,2026-01-09 10:42:00,20.87,20.96,20.87,20.96,519500,10866874.0
000818.SZ,2026-01-09 10:43:00,20.96,20.98,20.93,20.96,364000,7630224.0
000818.SZ,2026-01-09 10:44:00,20.95,20.95,20.93,20.93,154800,3242136.0
000818.SZ,2026-01-09 10:45:00,20.93,20.99,20.93,20.99,308600,6471070.0
000818.SZ,2026-01-09 10:46:00,20.99,21.09,20.97,21.09,771671,16206737.0
000818.SZ,2026-01-09 10:47:00,21.09,21.16,21.09,21.13,733400,15497442.0
000818.SZ,2026-01-09 10:48:00,21.13,21.2,21.12,21.2,721700,15279610.0
000818.SZ,2026-01-09 10:49:00,21.21,21.37,21.21,21.34,758801,16150361.0
000818.SZ,2026-01-09 10:50:00,21.36,21.38,21.26,21.26,808000,17230124.0
000818.SZ,2026-01-09 10:51:00,21.25,21.25,21.23,21.24,328300,6972288.0
000818.SZ,2026-01-09 10:52:00,21.25,21.28,21.24,21.28,361300,7681095.0
000818.SZ,2026-01-09 10:53:00,21.28,21.28,21.16,21.16,322800,6852318.0
000818.SZ,2026-01-09 10:54:00,21.16,21.21,21.16,21.2,215600,4566635.0
000818.SZ,2026-01-09 10:55:00,21.18,21.18,21.12,21.13,193500,4094108.0
000818.SZ,2026-01-09 10:56:00,21.13,21.13,21.1,21.11,126900,2679146.0
000818.SZ,2026-01-09 10:57:00,21.11,21.11,21.06,21.06,132900,2803147.0
000818.SZ,2026-01-09 10:58:00,21.06,21.1,21.04,21.09,206800,4354198.0
000818.SZ,2026-01-09 10:59:00,21.09,21.12,21.09,21.1,135600,2861023.0
000818.SZ,2026-01-09 11:00:00,21.11,21.13,21.1,21.11,94400,1993354.0
000818.SZ,2026-01-09 11:01:00,21.11,21.14,21.08,21.13,116000,2449231.0
000818.SZ,2026-01-09 11:02:00,21.14,21.14,21.04,21.05,111700,2355015.0
000818.SZ,2026-01-09 11:03:00,21.03,21.04,21.02,21.02,112400,2363711.0
000818.SZ,2026-01-09 11:04:00,21.02,21.02,20.96,20.96,166200,3488843.0
000818.SZ,2026-01-09 11:05:00,20.97,21.01,20.97,21.01,98400,2065277.0
000818.SZ,2026-01-09 11:06:00,21.0,21.01,20.98,20.98,115100,2417501.0
000818.SZ,2026-01-09 11:07:00,20.98,20.98,20.95,20.95,91700,1922676.0
000818.SZ,2026-01-09 11:08:00,20.94,20.95,20.92,20.92,76200,1594514.0
000818.SZ,2026-01-09 11:09:00,20.91,20.98,20.91,20.98,99700,2088723.0
000818.SZ,2026-01-09 11:10:00,20.97,21.0,20.96,20.99,120900,2538650.0
000818.SZ,2026-01-09 11:11:00,21.0,21.04,21.0,21.04,63000,1324117.0
000818.SZ,2026-01-09 11:12:00,21.05,21.07,21.04,21.06,80300,1690622.0
000818.SZ,2026-01-09 11:13:00,21.05,21.07,21.05,21.07,80400,1693308.0
000818.SZ,2026-01-09 11:14:00,21.07,21.08,21.05,21.05,76300,1607055.0
000818.SZ,2026-01-09 11:15:00,21.05,21.08,21.05,21.07,65500,1379794.0
000818.SZ,2026-01-09 11:16:00,21.07,21.08,21.07,21.07,99800,2103609.0
000818.SZ,2026-01-09 11:17:00,21.07,21.1,21.04,21.09,184500,3886832.0
000818.SZ,2026-01-09 11:18:00,21.1,21.12,21.1,21.11,46500,981399.0
000818.SZ,2026-01-09 11:19:00,21.11,21.13,21.0,21.01,391100,8245648.0
000818.SZ,2026-01-09 11:20:00,21.01,21.05,21.0,21.01,32100,674564.0
000818.SZ,2026-01-09 11:21:00,21.01,21.04,21.01,21.02,33600,706376.0
000818.SZ,2026-01-09 11:22:00,21.02,21.03,20.99,20.99,105800,2222364.0
000818.SZ,2026-01-09 11:23:00,20.99,20.99,20.96,20.96,60800,1275390.0
000818.SZ,2026-01-09 11:24:00,20.96,20.96,20.9,20.92,104700,2191151.0
000818.SZ,2026-01-09 11:25:00,20.91,20.92,20.9,20.9,72000,1506017.0
000818.SZ,2026-01-09 11:26:00,20.92,20.92,20.91,20.92,59500,1244192.0
000818.SZ,2026-01-09 11:27:00,20.92,20.92,20.88,20.88,249200,5208048.0
000818.SZ,2026-01-09 11:28:00,20.88,20.88,20.86,20.87,68400,1427710.0
000818.SZ,2026-01-09 11:29:00,20.87,20.88,20.86,20.86,29400,613557.0
000818.SZ,2026-01-09 11:30:00,20.86,20.87,20.86,20.86,60900,1270627.0
000818.SZ,2026-01-09 13:01:00,20.87,20.87,20.81,20.81,313000,6522937.0
000818.SZ,2026-01-09 13:02:00,20.81,20.82,20.81,20.81,40200,836820.0
000818.SZ,2026-01-09 13:03:00,20.81,20.86,20.81,20.86,43800,912101.0
000818.SZ,2026-01-09 13:04:00,20.86,20.86,20.81,20.82,119800,2494521.0
000818.SZ,2026-01-09 13:05:00,20.81,20.83,20.81,20.83,99900,2079624.0
000818.SZ,2026-01-09 13:06:00,20.82,20.83,20.82,20.82,37400,778983.0
000818.SZ,2026-01-09 13:07:00,20.82,20.85,20.82,20.85,85200,1775447.0
000818.SZ,2026-01-09 13:08:00,20.84,20.85,20.84,20.85,58400,1217165.0
000818.SZ,2026-01-09 13:09:00,20.85,20.85,20.83,20.84,55800,1162843.0
000818.SZ,2026-01-09 13:10:00,20.83,20.85,20.83,20.84,61900,1290003.0
000818.SZ,2026-01-09 13:11:00,20.85,20.89,20.84,20.89,108600,2265982.0
000818.SZ,2026-01-09 13:12:00,20.89,20.93,20.88,20.93,111900,2339891.0
000818.SZ,2026-01-09 13:13:00,20.92,20.92,20.9,20.91,58200,1216822.0
000818.SZ,2026-01-09 13:14:00,20.89,20.9,20.88,20.88,57200,1195405.0
000818.SZ,2026-01-09 13:15:00,20.88,20.91,20.88,20.9,39000,814893.0
000818.SZ,2026-01-09 13:16:00,20.89,20.9,20.86,20.86,78800,1646153.0
000818.SZ,2026-01-09 13:17:00,20.86,20.88,20.86,20.88,74200,1548393.0
000818.SZ,2026-01-09 13:18:00,20.86,20.9,20.86,20.88,40100,837382.0
000818.SZ,2026-01-09 13:19:00,20.88,20.89,20.87,20.88,36300,758067.0
000818.SZ,2026-01-09 13:20:00,20.88,20.89,20.87,20.88,30200,630591.0
000818.SZ,2026-01-09 13:21:00,20.88,20.89,20.87,20.87,79000,1649460.0
000818.SZ,2026-01-09 13:22:00,20.87,20.88,20.87,20.87,15500,323536.0
000818.SZ,2026-01-09 13:23:00,20.87,20.88,20.87,20.88,29100,607455.0
000818.SZ,2026-01-09 13:24:00,20.87,20.88,20.86,20.86,48900,1020653.0
000818.SZ,2026-01-09 13:25:00,20.86,20.86,20.83,20.83,88500,1845037.0
000818.SZ,2026-01-09 13:26:00,20.83,20.84,20.82,20.84,44500,926801.0
000818.SZ,2026-01-09 13:27:00,20.84,20.85,20.83,20.84,21100,439725.0
000818.SZ,2026-01-09 13:28:00,20.84,20.84,20.83,20.84,22500,468781.0
000818.SZ,2026-01-09 13:29:00,20.84,20.87,20.84,20.86,31100,648345.0
000818.SZ,2026-01-09 13:30:00,20.86,20.87,20.85,20.86,42600,888709.0
000818.SZ,2026-01-09 13:31:00,20.85,20.88,20.85,20.88,21800,454881.0
000818.SZ,2026-01-09 13:32:00,20.88,20.88,20.84,20.84,45600,950859.0
000818.SZ,2026-01-09 13:33:00,20.84,20.85,20.83,20.84,48600,1012828.0
000818.SZ,2026-01-09 13:34:00,20.83,20.85,20.83,20.83,17800,370900.0
000818.SZ,2026-01-09 13:35:00,20.84,20.84,20.82,20.82,39100,814459.0
000818.SZ,2026-01-09 13:36:00,20.82,20.83,20.81,20.83,172200,3585365.0
000818.SZ,2026-01-09 13:37:00,20.83,20.85,20.83,20.84,57300,1193790.0
000818.SZ,2026-01-09 13:38:00,20.85,20.85,20.84,20.84,31100,648298.0
000818.SZ,2026-01-09 13:39:00,20.85,20.85,20.83,20.84,30100,627317.0
000818.SZ,2026-01-09 13:40:00,20.83,20.84,20.83,20.84,32900,685410.0
000818.SZ,2026-01-09 13:41:00,20.83,20.84,20.82,20.83,50500,1051940.0
000818.SZ,2026-01-09 13:42:00,20.83,20.85,20.82,20.85,23100,481321.0
000818.SZ,2026-01-09 13:43:00,20.84,20.87,20.84,20.87,35300,736400.0
000818.SZ,2026-01-09 13:44:00,20.86,20.89,20.86,20.87,36100,753676.0
000818.SZ,2026-01-09 13:45:00,20.88,20.95,20.88,20.94,96000,2007368.0
000818.SZ,2026-01-09 13:46:00,20.92,20.94,20.91,20.92,38500,805584.0
000818.SZ,2026-01-09 13:47:00,20.92,20.96,20.91,20.92,77600,1624715.0
000818.SZ,2026-01-09 13:48:00,20.92,20.92,20.91,20.92,24800,518621.0
000818.SZ,2026-01-09 13:49:00,20.92,20.93,20.91,20.93,43500,910276.0
000818.SZ,2026-01-09 13:50:00,20.93,20.93,20.92,20.92,36800,770090.0
000818.SZ,2026-01-09 13:51:00,20.91,20.93,20.9,20.9,48800,1020543.0
000818.SZ,2026-01-09 13:52:00,20.9,20.91,20.89,20.91,56400,1178883.0
000818.SZ,2026-01-09 13:53:00,20.92,20.92,20.91,20.91,17900,374292.0
000818.SZ,2026-01-09 13:54:00,20.91,20.92,20.91,20.92,24800,518662.0
000818.SZ,2026-01-09 13:55:00,20.92,20.94,20.9,20.94,34200,715474.0
000818.SZ,2026-01-09 13:56:00,20.93,20.94,20.92,20.92,18400,385039.0
000818.SZ,2026-01-09 13:57:00,20.91,20.93,20.91,20.93,38700,809544.0
000818.SZ,2026-01-09 13:58:00,20.93,21.0,20.93,21.0,206500,4332693.0
000818.SZ,2026-01-09 13:59:00,21.0,21.0,20.98,21.0,72600,1524341.0
000818.SZ,2026-01-09 14:00:00,20.99,21.0,20.98,21.0,33700,707291.0
000818.SZ,2026-01-09 14:01:00,20.99,21.02,20.99,21.01,48300,1014336.0
000818.SZ,2026-01-09 14:02:00,21.02,21.02,21.0,21.01,69400,1458117.0
000818.SZ,2026-01-09 14:03:00,21.01,21.01,20.99,21.0,35800,751909.0
000818.SZ,2026-01-09 14:04:00,21.01,21.01,20.99,21.0,49500,1039493.0
000818.SZ,2026-01-09 14:05:00,21.0,21.0,20.99,21.0,11400,239383.0
000818.SZ,2026-01-09 14:06:00,20.99,21.0,20.99,20.99,39700,833406.0
000818.SZ,2026-01-09 14:07:00,20.98,20.99,20.96,20.96,73100,1533430.0
000818.SZ,2026-01-09 14:08:00,20.96,20.98,20.96,20.97,39000,817897.0
000818.SZ,2026-01-09 14:09:00,20.97,20.98,20.96,20.96,17400,364841.0
000818.SZ,2026-01-09 14:10:00,20.97,20.98,20.96,20.98,36300,761200.0
000818.SZ,2026-01-09 14:11:00,20.97,20.98,20.97,20.97,16800,352322.0
000818.SZ,2026-01-09 14:12:00,20.98,21.0,20.96,20.99,208000,4366982.0
000818.SZ,2026-01-09 14:13:00,20.99,21.0,20.98,21.0,48800,1024566.0
000818.SZ,2026-01-09 14:14:00,21.0,21.0,20.99,21.0,22300,468251.0
000818.SZ,2026-01-09 14:15:00,20.99,21.0,20.99,20.99,31600,663307.0
000818.SZ,2026-01-09 14:16:00,20.99,20.99,20.98,20.99,48300,1013769.0
000818.SZ,2026-01-09 14:17:00,20.99,21.0,20.98,20.99,46600,978148.0
000818.SZ,2026-01-09 14:18:00,20.99,20.99,20.96,20.96,55900,1172508.0
000818.SZ,2026-01-09 14:19:00,20.96,20.97,20.95,20.97,25800,540733.0
000818.SZ,2026-01-09 14:20:00,20.97,20.98,20.97,20.98,16200,339821.0
000818.SZ,2026-01-09 14:21:00,20.98,20.99,20.98,20.98,47800,1003266.0
000818.SZ,2026-01-09 14:22:00,20.98,20.99,20.98,20.99,20200,423889.0
000818.SZ,2026-01-09 14:23:00,20.99,21.0,20.99,20.99,84500,1774209.0
000818.SZ,2026-01-09 14:24:00,21.0,21.0,20.99,20.99,17700,371583.0
000818.SZ,2026-01-09 14:25:00,21.0,21.0,20.99,21.0,40900,858811.0
000818.SZ,2026-01-09 14:26:00,20.99,21.01,20.99,21.01,94100,1976164.0
000818.SZ,2026-01-09 14:27:00,21.01,21.02,21.0,21.02,62600,1315376.0
000818.SZ,2026-01-09 14:28:00,21.02,21.03,21.01,21.02,40100,843010.0
000818.SZ,2026-01-09 14:29:00,21.03,21.04,21.02,21.04,72000,1514088.0
000818.SZ,2026-01-09 14:30:00,21.04,21.04,21.03,21.03,48900,1028771.0
000818.SZ,2026-01-09 14:31:00,21.03,21.06,21.03,21.06,126000,2651281.0
000818.SZ,2026-01-09 14:32:00,21.06,21.07,21.04,21.06,71600,1507559.0
000818.SZ,2026-01-09 14:33:00,21.06,21.1,21.06,21.09,196600,4143998.0
000818.SZ,2026-01-09 14:34:00,21.09,21.1,21.08,21.1,84700,1786125.0
000818.SZ,2026-01-09 14:35:00,21.1,21.1,21.08,21.09,69800,1471900.0
000818.SZ,2026-01-09 14:36:00,21.08,21.1,21.08,21.1,47000,991213.0
000818.SZ,2026-01-09 14:37:00,21.09,21.1,21.09,21.09,87600,1847781.0
000818.SZ,2026-01-09 14:38:00,21.09,21.1,21.07,21.08,77500,1633969.0
000818.SZ,2026-01-09 14:39:00,21.07,21.09,21.07,21.09,89800,1893606.0
000818.SZ,2026-01-09 14:40:00,21.09,21.1,21.09,21.09,101600,2143345.0
000818.SZ,2026-01-09 14:41:00,21.1,21.11,21.09,21.11,157511,3323399.0
000818.SZ,2026-01-09 14:42:00,21.11,21.12,21.09,21.1,136900,2888746.0
000818.SZ,2026-01-09 14:43:00,21.1,21.1,21.09,21.09,31800,670916.0
000818.SZ,2026-01-09 14:44:00,21.09,21.1,21.08,21.09,93400,1969879.0
000818.SZ,2026-01-09 14:45:00,21.09,21.09,21.07,21.07,117800,2483495.0
000818.SZ,2026-01-09 14:46:00,21.07,21.08,21.06,21.07,49100,1034540.0
000818.SZ,2026-01-09 14:47:00,21.06,21.08,21.06,21.07,54300,1144286.0
000818.SZ,2026-01-09 14:48:00,21.07,21.08,21.06,21.07,86400,1820190.0
000818.SZ,2026-01-09 14:49:00,21.08,21.08,21.07,21.07,87400,1841841.0
000818.SZ,2026-01-09 14:50:00,21.08,21.08,21.07,21.08,73000,1538240.0
000818.SZ,2026-01-09 14:51:00,21.07,21.07,21.06,21.07,148200,3122341.0
000818.SZ,2026-01-09 14:52:00,21.06,21.08,21.06,21.07,113600,2393243.0
000818.SZ,2026-01-09 14:53:00,21.07,21.07,21.06,21.07,154400,3252789.0
000818.SZ,2026-01-09 14:54:00,21.07,21.07,21.06,21.07,103100,2172058.0
000818.SZ,2026-01-09 14:55:00,21.06,21.07,21.06,21.06,102800,2165658.0
000818.SZ,2026-01-09 14:56:00,21.06,21.07,21.02,21.02,338200,7117718.0
000818.SZ,2026-01-09 14:57:00,21.02,21.06,21.02,21.06,174600,3674840.0
000818.SZ,2026-01-09 14:58:00,21.06,21.06,21.06,21.06,0,0.0
000818.SZ,2026-01-09 14:59:00,21.06,21.06,21.06,21.06,0,0.0
000818.SZ,2026-01-09 15:00:00,21.08,21.08,21.08,21.08,339200,7150336.0
000818.SZ,2026-01-12 09:30:00,21.63,21.8,21.62,21.8,451400,9778647.0
000818.SZ,2026-01-12 09:31:00,21.66,21.9,21.66,21.81,1533200,33431404.0
000818.SZ,2026-01-12 09:32:00,21.82,21.83,21.8,21.8,1164400,25393896.0
000818.SZ,2026-01-12 09:33:00,21.8,21.8,21.72,21.72,751400,16359503.0
000818.SZ,2026-01-12 09:34:00,21.7,21.7,21.65,21.65,594000,12881740.0
000818.SZ,2026-01-12 09:35:00,21.66,21.68,21.64,21.64,535600,11597455.0
000818.SZ,2026-01-12 09:36:00,21.65,21.77,21.65,21.73,446535,9696360.0
000818.SZ,2026-01-12 09:37:00,21.75,21.78,21.74,21.77,472400,10278309.0
000818.SZ,2026-01-12 09:38:00,21.78,21.78,21.66,21.66,477300,10368811.0
000818.SZ,2026-01-12 09:39:00,21.66,21.66,21.64,21.64,388200,8406286.0
000818.SZ,2026-01-12 09:40:00,21.64,21.64,21.6,21.61,468700,10135541.0
000818.SZ,2026-01-12 09:41:00,21.6,21.6,21.56,21.58,549600,11864356.0
000818.SZ,2026-01-12 09:42:00,21.58,21.64,21.58,21.61,266900,5768056.0
000818.SZ,2026-01-12 09:43:00,21.62,21.64,21.6,21.6,349300,7548602.0
000818.SZ,2026-01-12 09:44:00,21.6,21.6,21.52,21.53,292700,6311065.0
000818.SZ,2026-01-12 09:45:00,21.54,21.54,21.49,21.5,667900,14372197.0
000818.SZ,2026-01-12 09:46:00,21.5,21.6,21.5,21.59,455736,9819311.0
000818.SZ,2026-01-12 09:47:00,21.6,21.6,21.58,21.59,137000,2957733.0
000818.SZ,2026-01-12 09:48:00,21.59,21.59,21.57,21.58,255364,5512666.0
000818.SZ,2026-01-12 09:49:00,21.59,21.68,21.59,21.67,520676,11262738.0
000818.SZ,2026-01-12 09:50:00,21.65,21.65,21.55,21.59,312500,6744081.0
000818.SZ,2026-01-12 09:51:00,21.6,21.64,21.58,21.62,186500,4030638.0
000818.SZ,2026-01-12 09:52:00,21.6,21.64,21.6,21.62,131100,2834699.0
000818.SZ,2026-01-12 09:53:00,21.64,21.67,21.6,21.63,326100,7056207.0
000818.SZ,2026-01-12 09:54:00,21.63,21.64,21.61,21.61,169500,3666148.0
000818.SZ,2026-01-12 09:55:00,21.61,21.62,21.6,21.61,94500,2041903.0
000818.SZ,2026-01-12 09:56:00,21.61,21.66,21.6,21.66,177800,3843667.0
000818.SZ,2026-01-12 09:57:00,21.68,21.77,21.68,21.77,446900,9704196.0
000818.SZ,2026-01-12 09:58:00,21.77,21.79,21.75,21.75,386200,8410745.0
000818.SZ,2026-01-12 09:59:00,21.74,21.74,21.7,21.71,128600,2793718.0
000818.SZ,2026-01-12 10:00:00,21.72,21.75,21.71,21.75,141100,3065913.0
000818.SZ,2026-01-12 10:01:00,21.76,21.8,21.75,21.8,293100,6381550.0
000818.SZ,2026-01-12 10:02:00,21.8,21.8,21.76,21.77,211400,4604490.0
000818.SZ,2026-01-12 10:03:00,21.77,21.77,21.75,21.75,248600,5409980.0
000818.SZ,2026-01-12 10:04:00,21.76,21.77,21.75,21.75,192400,4186286.0
000818.SZ,2026-01-12 10:05:00,21.74,21.75,21.72,21.73,110800,2408246.0
000818.SZ,2026-01-12 10:06:00,21.72,21.73,21.72,21.73,127700,2774570.0
000818.SZ,2026-01-12 10:07:00,21.73,21.76,21.73,21.76,225700,4909303.0
000818.SZ,2026-01-12 10:08:00,21.76,21.78,21.75,21.78,160700,3498006.0
000818.SZ,2026-01-12 10:09:00,21.78,21.78,21.76,21.78,141900,3089910.0
000818.SZ,2026-01-12 10:10:00,21.78,21.78,21.76,21.76,160200,3488166.0
000818.SZ,2026-01-12 10:11:00,21.76,21.79,21.76,21.79,116200,2530142.0
000818.SZ,2026-01-12 10:12:00,21.78,21.79,21.76,21.78,80300,1748590.0
000818.SZ,2026-01-12 10:13:00,21.78,21.78,21.76,21.77,37500,816530.0
000818.SZ,2026-01-12 10:14:00,21.77,21.78,21.75,21.76,121500,2644432.0
000818.SZ,2026-01-12 10:15:00,21.75,21.75,21.74,21.74,110300,2398814.0
000818.SZ,2026-01-12 10:16:00,21.75,21.75,21.73,21.73,134500,2924492.0
000818.SZ,2026-01-12 10:17:00,21.74,21.75,21.73,21.73,111200,2416754.0
000818.SZ,2026-01-12 10:18:00,21.73,21.73,21.72,21.72,67100,1457880.0
000818.SZ,2026-01-12 10:19:00,21.72,21.74,21.71,21.71,210300,4568495.0
000818.SZ,2026-01-12 10:20:00,21.71,21.77,21.71,21.77,295912,6433699.0
000818.SZ,2026-01-12 10:21:00,21.77,21.78,21.75,21.77,146700,3192679.0
000818.SZ,2026-01-12 10:22:00,21.75,21.78,21.75,21.76,204800,4457551.0
000818.SZ,2026-01-12 10:23:00,21.76,21.78,21.76,21.77,153300,3337516.0
000818.SZ,2026-01-12 10:24:00,21.77,21.77,21.75,21.75,78600,1710319.0
000818.SZ,2026-01-12 10:25:00,21.75,21.75,21.73,21.74,89000,1934866.0
000818.SZ,2026-01-12 10:26:00,21.73,21.78,21.73,21.78,248988,5419993.5
000818.SZ,2026-01-12 10:27:00,21.78,21.79,21.76,21.76,177700,3870157.2
000818.SZ,2026-01-12 10:28:00,21.76,21.77,21.75,21.76,132100,2873712.0
000818.SZ,2026-01-12 10:29:00,21.77,21.77,21.74,21.75,53012,1152890.1
000818.SZ,2026-01-12 10:30:00,21.75,21.76,21.74,21.74,61300,1333307.0
000818.SZ,2026-01-12 10:31:00,21.73,21.73,21.68,21.69,290900,6314950.0
000818.SZ,2026-01-12 10:32:00,21.68,21.68,21.65,21.66,212800,4611436.0
000818.SZ,2026-01-12 10:33:00,21.65,21.68,21.65,21.68,144900,3139972.0
000818.SZ,2026-01-12 10:34:00,21.68,21.75,21.68,21.73,210700,4573887.0
000818.SZ,2026-01-12 10:35:00,21.74,21.74,21.72,21.73,89925,1954417.2
000818.SZ,2026-01-12 10:36:00,21.74,21.78,21.74,21.78,152588,3320348.0
000818.SZ,2026-01-12 10:37:00,21.78,21.81,21.78,21.81,423600,9231824.0
000818.SZ,2026-01-12 10:38:00,21.82,21.84,21.81,21.84,192700,4206736.0
000818.SZ,2026-01-12 10:39:00,21.84,21.85,21.83,21.84,149600,3267618.0
000818.SZ,2026-01-12 10:40:00,21.83,21.86,21.83,21.86,259300,5665110.0
000818.SZ,2026-01-12 10:41:00,21.85,21.86,21.84,21.85,207900,4542754.0
000818.SZ,2026-01-12 10:42:00,21.86,21.86,21.82,21.83,57400,1253315.0
000818.SZ,2026-01-12 10:43:00,21.83,21.85,21.82,21.83,58400,1274978.0
000818.SZ,2026-01-12 10:44:00,21.84,21.84,21.81,21.81,60000,1309391.0
000818.SZ,2026-01-12 10:45:00,21.82,21.83,21.81,21.82,59300,1293999.0
000818.SZ,2026-01-12 10:46:00,21.82,21.82,21.81,21.81,80000,1744961.0
000818.SZ,2026-01-12 10:47:00,21.81,21.81,21.8,21.8,73600,1604765.0
000818.SZ,2026-01-12 10:48:00,21.81,21.86,21.81,21.86,285500,6234600.0
000818.SZ,2026-01-12 10:49:00,21.86,21.87,21.86,21.87,163400,3573168.0
000818.SZ,2026-01-12 10:50:00,21.87,21.88,21.86,21.87,237500,5195133.0
000818.SZ,2026-01-12 10:51:00,21.87,21.88,21.81,21.83,77000,1682864.0
000818.SZ,2026-01-12 10:52:00,21.83,21.84,21.82,21.83,80300,1752775.0
000818.SZ,2026-01-12 10:53:00,21.84,21.86,21.83,21.85,127100,2776603.0
000818.SZ,2026-01-12 10:54:00,21.86,21.87,21.83,21.83,151600,3313101.0
000818.SZ,2026-01-12 10:55:00,21.82,21.82,21.8,21.8,126500,2758239.0
000818.SZ,2026-01-12 10:56:00,21.81,21.81,21.8,21.81,46900,1022869.0
000818.SZ,2026-01-12 10:57:00,21.82,21.83,21.81,21.83,38200,833438.0
000818.SZ,2026-01-12 10:58:00,21.82,21.83,21.81,21.83,65600,1431485.0
000818.SZ,2026-01-12 10:59:00,21.83,21.83,21.81,21.83,42400,925256.0
000818.SZ,2026-01-12 11:00:00,21.81,21.83,21.81,21.82,40700,887971.0
000818.SZ,2026-01-12 11:01:00,21.83,21.83,21.8,21.81,45600,994733.0
000818.SZ,2026-01-12 11:02:00,21.81,21.81,21.76,21.77,124400,2710199.0
000818.SZ,2026-01-12 11:03:00,21.77,21.78,21.75,21.76,61500,1338267.0
000818.SZ,2026-01-12 11:04:00,21.77,21.78,21.75,21.76,40300,877225.0
000818.SZ,2026-01-12 11:05:00,21.77,21.78,21.76,21.76,54300,1182018.0
000818.SZ,2026-01-12 11:06:00,21.76,21.77,21.76,21.76,38400,835666.0
000818.SZ,2026-01-12 11:07:00,21.77,21.78,21.77,21.78,60300,1313187.0
000818.SZ,2026-01-12 11:08:00,21.78,21.79,21.77,21.78,49800,1084586.0
000818.SZ,2026-01-12 11:09:00,21.78,21.79,21.78,21.78,66033,1438271.4
000818.SZ,2026-01-12 11:10:00,21.78,21.78,21.77,21.77,40900,890571.0
000818.SZ,2026-01-12 11:11:00,21.78,21.8,21.78,21.8,87200,1899881.0
000818.SZ,2026-01-12 11:12:00,21.8,21.8,21.78,21.79,49300,1074343.0
000818.SZ,2026-01-12 11:13:00,21.79,21.8,21.77,21.77,130567,2842954.5
000818.SZ,2026-01-12 11:14:00,21.77,21.82,21.77,21.81,114933,2506086.5
000818.SZ,2026-01-12 11:15:00,21.81,21.83,21.8,21.82,64300,1402875.0
000818.SZ,2026-01-12 11:16:00,21.81,21.82,21.79,21.79,63900,1393561.0
000818.SZ,2026-01-12 11:17:00,21.79,21.79,21.78,21.79,24400,531607.0
000818.SZ,2026-01-12 11:18:00,21.79,21.8,21.78,21.8,43800,954605.0
000818.SZ,2026-01-12 11:19:00,21.8,21.8,21.79,21.8,34900,760790.0
000818.SZ,2026-01-12 11:20:00,21.79,21.8,21.79,21.79,65900,1436591.0
000818.SZ,2026-01-12 11:21:00,21.78,21.78,21.76,21.77,124267,2706505.2
000818.SZ,2026-01-12 11:22:00,21.77,21.77,21.76,21.76,56500,1229658.0
000818.SZ,2026-01-12 11:23:00,21.77,21.78,21.76,21.78,34100,742328.0
000818.SZ,2026-01-12 11:24:00,21.78,21.78,21.77,21.78,31333,682413.75
000818.SZ,2026-01-12 11:25:00,21.79,21.8,21.78,21.79,122200,2663491.0
000818.SZ,2026-01-12 11:26:00,21.8,21.8,21.78,21.79,21400,466311.0
000818.SZ,2026-01-12 11:27:00,21.78,21.81,21.78,21.81,52400,1142592.0
000818.SZ,2026-01-12 11:28:00,21.82,21.82,21.8,21.8,91900,2004568.0
000818.SZ,2026-01-12 11:29:00,21.8,21.81,21.8,21.8,68900,1502114.0
000818.SZ,2026-01-12 11:30:00,21.8,21.81,21.79,21.79,32300,704255.0
000818.SZ,2026-01-12 13:01:00,21.81,21.82,21.79,21.79,346500,7555455.0
000818.SZ,2026-01-12 13:02:00,21.8,21.8,21.77,21.78,209800,4572020.0
000818.SZ,2026-01-12 13:03:00,21.76,21.79,21.76,21.78,48300,1051856.0
000818.SZ,2026-01-12 13:04:00,21.79,21.81,21.79,21.8,70800,1542883.0
000818.SZ,2026-01-12 13:05:00,21.8,21.8,21.77,21.78,114400,2491539.0
000818.SZ,2026-01-12 13:06:00,21.79,21.81,21.79,21.81,89100,1942233.0
000818.SZ,2026-01-12 13:07:00,21.81,21.83,21.81,21.81,127900,2789787.0
000818.SZ,2026-01-12 13:08:00,21.8,21.8,21.79,21.79,148000,3225413.0
000818.SZ,2026-01-12 13:09:00,21.79,21.8,21.77,21.79,80700,1758050.0
000818.SZ,2026-01-12 13:10:00,21.79,21.8,21.73,21.73,305500,6646542.0
000818.SZ,2026-01-12 13:11:00,21.73,21.73,21.67,21.67,232000,5033681.0
000818.SZ,2026-01-12 13:12:00,21.67,21.69,21.67,21.68,115000,2492831.0
000818.SZ,2026-01-12 13:13:00,21.68,21.7,21.68,21.69,127700,2769454.0
000818.SZ,2026-01-12 13:14:00,21.68,21.68,21.67,21.67,114600,2483686.0
000818.SZ,2026-01-12 13:15:00,21.67,21.67,21.6,21.6,506200,10952450.0
000818.SZ,2026-01-12 13:16:00,21.6,21.6,21.54,21.54,251600,5426820.0
000818.SZ,2026-01-12 13:17:00,21.53,21.59,21.52,21.58,333600,7188241.0
000818.SZ,2026-01-12 13:18:00,21.58,21.59,21.53,21.55,138300,2981327.0
000818.SZ,2026-01-12 13:19:00,21.55,21.56,21.55,21.56,142300,3067178.0
000818.SZ,2026-01-12 13:20:00,21.56,21.6,21.56,21.59,117300,2531912.0
000818.SZ,2026-01-12 13:21:00,21.59,21.61,21.59,21.6,133500,2883282.0
000818.SZ,2026-01-12 13:22:00,21.6,21.6,21.57,21.58,209600,4524157.0
000818.SZ,2026-01-12 13:23:00,21.58,21.66,21.56,21.64,111600,2409174.0
000818.SZ,2026-01-12 13:24:00,21.63,21.69,21.63,21.69,134100,2905537.0
000818.SZ,2026-01-12 13:25:00,21.68,21.69,21.67,21.67,84900,1840316.0
000818.SZ,2026-01-12 13:26:00,21.66,21.66,21.62,21.62,60500,1309452.0
000818.SZ,2026-01-12 13:27:00,21.62,21.66,21.62,21.65,74800,1618094.0
000818.SZ,2026-01-12 13:28:00,21.67,21.72,21.67,21.71,176400,3827392.0
000818.SZ,2026-01-12 13:29:00,21.71,21.75,21.7,21.74,115100,2499859.0
000818.SZ,2026-01-12 13:30:00,21.74,21.75,21.74,21.74,45300,985029.0
000818.SZ,2026-01-12 13:31:00,21.75,21.75,21.72,21.72,86200,1873883.0
000818.SZ,2026-01-12 13:32:00,21.71,21.73,21.7,21.73,83000,1802653.0
000818.SZ,2026-01-12 13:33:00,21.73,21.73,21.71,21.73,56600,1229611.0
000818.SZ,2026-01-12 13:34:00,21.73,21.74,21.72,21.73,66700,1449415.0
000818.SZ,2026-01-12 13:35:00,21.73,21.75,21.72,21.74,368844,8015146.5
000818.SZ,2026-01-12 13:36:00,21.73,21.75,21.73,21.74,44600,969950.0
000818.SZ,2026-01-12 13:37:00,21.74,21.75,21.73,21.74,52400,1138842.0
000818.SZ,2026-01-12 13:38:00,21.75,21.75,21.73,21.74,54400,1182355.0
000818.SZ,2026-01-12 13:39:00,21.73,21.74,21.73,21.73,59600,1295292.0
000818.SZ,2026-01-12 13:40:00,21.72,21.74,21.72,21.73,59600,1295066.0
000818.SZ,2026-01-12 13:41:00,21.72,21.73,21.72,21.72,42100,914689.0
000818.SZ,2026-01-12 13:42:00,21.73,21.73,21.71,21.71,44200,960037.0
000818.SZ,2026-01-12 13:43:00,21.71,21.73,21.7,21.7,78200,1697885.0
000818.SZ,2026-01-12 13:44:00,21.71,21.71,21.7,21.7,98900,2146117.0
000818.SZ,2026-01-12 13:45:00,21.7,21.7,21.69,21.7,82500,1790205.0
000818.SZ,2026-01-12 13:46:00,21.69,21.73,21.69,21.72,170700,3705266.0
000818.SZ,2026-01-12 13:47:00,21.73,21.73,21.72,21.73,61600,1338287.0
000818.SZ,2026-01-12 13:48:00,21.73,21.73,21.71,21.73,62000,1346947.0
000818.SZ,2026-01-12 13:49:00,21.72,21.73,21.72,21.72,29200,634350.0
000818.SZ,2026-01-12 13:50:00,21.73,21.73,21.71,21.73,87000,1889922.0
000818.SZ,2026-01-12 13:51:00,21.72,21.75,21.71,21.75,181800,3950812.0
000818.SZ,2026-01-12 13:52:00,21.74,21.75,21.74,21.74,120400,2618278.0
000818.SZ,2026-01-12 13:53:00,21.75,21.76,21.74,21.75,59400,1291974.0
000818.SZ,2026-01-12 13:54:00,21.76,21.76,21.75,21.76,32200,700504.0
000818.SZ,2026-01-12 13:55:00,21.76,21.78,21.76,21.77,69100,1504053.0
000818.SZ,2026-01-12 13:56:00,21.77,21.78,21.76,21.77,50600,1101691.0
000818.SZ,2026-01-12 13:57:00,21.77,21.84,21.76,21.84,386700,8430601.0
000818.SZ,2026-01-12 13:58:00,21.84,21.88,21.83,21.88,259900,5678352.0
000818.SZ,2026-01-12 13:59:00,21.88,21.9,21.85,21.9,342900,7503153.0
000818.SZ,2026-01-12 14:00:00,21.9,21.9,21.88,21.9,376700,8249067.0
000818.SZ,2026-01-12 14:01:00,21.89,21.9,21.88,21.89,112500,2463044.0
000818.SZ,2026-01-12 14:02:00,21.88,21.9,21.88,21.89,167500,3667132.0
000818.SZ,2026-01-12 14:03:00,21.89,21.93,21.89,21.93,217307,4760517.5
000818.SZ,2026-01-12 14:04:00,21.93,21.94,21.9,21.91,178200,3906864.0
000818.SZ,2026-01-12 14:05:00,21.92,21.92,21.85,21.86,155993,3414336.5
000818.SZ,2026-01-12 14:06:00,21.85,21.88,21.85,21.86,51000,1115030.0
000818.SZ,2026-01-12 14:07:00,21.86,21.87,21.85,21.87,69988,1529958.8
000818.SZ,2026-01-12 14:08:00,21.87,21.88,21.86,21.87,93400,2042626.0
000818.SZ,2026-01-12 14:09:00,21.88,21.9,21.87,21.9,137100,3000278.0
000818.SZ,2026-01-12 14:10:00,21.89,21.9,21.89,21.9,82200,1799636.9
000818.SZ,2026-01-12 14:11:00,21.89,21.9,21.88,21.88,99500,2178319.0
000818.SZ,2026-01-12 14:12:00,21.88,21.89,21.87,21.87,65300,1428534.0
000818.SZ,2026-01-12 14:13:00,21.88,21.89,21.87,21.89,111972,2449455.8
000818.SZ,2026-01-12 14:14:00,21.89,21.9,21.88,21.89,80600,1764369.0
000818.SZ,2026-01-12 14:15:00,21.88,21.89,21.88,21.88,75300,1647830.0
000818.SZ,2026-01-12 14:16:00,21.89,21.89,21.87,21.89,55400,1211966.0
000818.SZ,2026-01-12 14:17:00,21.88,21.89,21.87,21.88,70000,1531616.0
000818.SZ,2026-01-12 14:18:00,21.87,21.89,21.87,21.88,72500,1586342.0
000818.SZ,2026-01-12 14:19:00,21.88,21.89,21.88,21.88,61700,1350344.0
000818.SZ,2026-01-12 14:20:00,21.89,21.9,21.88,21.89,74330,1627031.8
000818.SZ,2026-01-12 14:21:00,21.9,21.9,21.89,21.89,37400,818762.0
000818.SZ,2026-01-12 14:22:00,21.89,21.9,21.88,21.88,43770,958053.0
000818.SZ,2026-01-12 14:23:00,21.89,21.96,21.88,21.96,812137,17801924.0
000818.SZ,2026-01-12 14:24:00,22.06,22.16,22.06,22.12,1599204,35260096.0
000818.SZ,2026-01-12 14:25:00,22.13,22.13,22.09,22.09,338200,7478847.0
000818.SZ,2026-01-12 14:26:00,22.1,22.1,22.06,22.09,221500,4891489.0
000818.SZ,2026-01-12 14:27:00,22.07,22.09,22.07,22.08,118900,2625537.0
000818.SZ,2026-01-12 14:28:00,22.08,22.09,22.07,22.08,94800,2093652.0
000818.SZ,2026-01-12 14:29:00,22.09,22.09,22.07,22.08,104200,2300610.0
000818.SZ,2026-01-12 14:30:00,22.07,22.09,22.07,22.09,111600,2463843.0
000818.SZ,2026-01-12 14:31:00,22.08,22.09,22.07,22.08,225700,4982448.0
000818.SZ,2026-01-12 14:32:00,22.07,22.08,22.03,22.03,148100,3266635.0
000818.SZ,2026-01-12 14:33:00,22.02,22.04,22.01,22.03,99600,2193208.0
000818.SZ,2026-01-12 14:34:00,22.03,22.03,21.99,21.99,146800,3231314.0
000818.SZ,2026-01-12 14:35:00,21.98,21.98,21.94,21.94,109500,2403764.0
000818.SZ,2026-01-12 14:36:00,21.93,21.95,21.93,21.94,109200,2395579.0
000818.SZ,2026-01-12 14:37:00,21.93,21.97,21.93,21.96,133300,2925595.0
000818.SZ,2026-01-12 14:38:00,21.96,21.99,21.96,21.98,83000,1823980.0
000818.SZ,2026-01-12 14:39:00,21.98,22.0,21.98,22.0,51000,1121291.0
000818.SZ,2026-01-12 14:40:00,22.0,22.04,21.99,22.04,178700,3934658.0
000818.SZ,2026-01-12 14:41:00,22.03,22.04,22.01,22.01,181600,3999159.0
000818.SZ,2026-01-12 14:42:00,22.0,22.03,22.0,22.02,144400,3180109.0
000818.SZ,2026-01-12 14:43:00,22.04,22.08,22.03,22.08,272007,5998993.0
000818.SZ,2026-01-12 14:44:00,22.08,22.09,22.06,22.07,149041,3290000.8
000818.SZ,2026-01-12 14:45:00,22.07,22.09,22.07,22.08,167400,3695950.0
000818.SZ,2026-01-12 14:46:00,22.08,22.08,22.07,22.07,171100,3777145.0
000818.SZ,2026-01-12 14:47:00,22.07,22.08,22.03,22.05,148700,3280596.0
000818.SZ,2026-01-12 14:48:00,22.05,22.05,22.02,22.03,118000,2599689.0
000818.SZ,2026-01-12 14:49:00,22.03,22.05,22.03,22.03,168943,3723041.2
000818.SZ,2026-01-12 14:50:00,22.04,22.05,22.03,22.04,138200,3046721.0
000818.SZ,2026-01-12 14:51:00,22.04,22.05,22.04,22.05,143100,3154683.0
000818.SZ,2026-01-12 14:52:00,22.05,22.05,22.03,22.04,201600,4444028.0
000818.SZ,2026-01-12 14:53:00,22.04,22.05,22.02,22.03,191100,4210890.5
000818.SZ,2026-01-12 14:54:00,22.03,22.04,22.02,22.03,173700,3826651.0
000818.SZ,2026-01-12 14:55:00,22.02,22.06,22.02,22.05,455100,10031944.0
000818.SZ,2026-01-12 14:56:00,22.06,22.06,22.04,22.06,254700,5615616.0
000818.SZ,2026-01-12 14:57:00,22.06,22.07,22.05,22.07,533400,11775845.0
000818.SZ,2026-01-12 14:58:00,22.07,22.07,22.07,22.07,0,0.0
000818.SZ,2026-01-12 14:59:00,22.07,22.07,22.07,22.07,0,0.0
000818.SZ,2026-01-12 15:00:00,22.07,22.07,22.07,22.07,524100,11566887.0
000818.SZ,2026-01-13 09:30:00,22.37,22.37,22.29,22.29,462600,10345160.0
000818.SZ,2026-01-13 09:31:00,22.27,22.35,22.05,22.06,1111300,24718440.0
000818.SZ,2026-01-13 09:32:00,22.04,22.04,21.8,21.81,669300,14659063.0
000818.SZ,2026-01-13 09:33:00,21.8,21.85,21.71,21.71,871100,19000412.0
000818.SZ,2026-01-13 09:34:00,21.7,21.7,21.41,21.5,800700,17248992.0
000818.SZ,2026-01-13 09:35:00,21.48,21.55,21.46,21.47,854600,18368408.0
000818.SZ,2026-01-13 09:36:00,21.48,21.49,21.3,21.34,848400,18151758.0
000818.SZ,2026-01-13 09:37:00,21.34,21.41,21.34,21.39,565400,12096842.0
000818.SZ,2026-01-13 09:38:00,21.39,21.42,21.37,21.41,387700,8292718.0
000818.SZ,2026-01-13 09:39:00,21.41,21.48,21.41,21.48,421800,9041280.0
000818.SZ,2026-01-13 09:40:00,21.48,21.55,21.48,21.54,430900,9274281.0
000818.SZ,2026-01-13 09:41:00,21.52,21.56,21.52,21.54,329400,7092497.0
000818.SZ,2026-01-13 09:42:00,21.53,21.53,21.5,21.5,337900,7269748.0
000818.SZ,2026-01-13 09:43:00,21.47,21.48,21.42,21.47,511600,10977083.0
000818.SZ,2026-01-13 09:44:00,21.45,21.46,21.4,21.42,305000,6536495.0
000818.SZ,2026-01-13 09:45:00,21.4,21.5,21.4,21.47,275600,5908245.0
000818.SZ,2026-01-13 09:46:00,21.45,21.49,21.43,21.49,195500,4193024.0
000818.SZ,2026-01-13 09:47:00,21.49,21.55,21.49,21.51,258900,5570138.0
000818.SZ,2026-01-13 09:48:00,21.51,21.54,21.51,21.54,163100,3510757.0
000818.SZ,2026-01-13 09:49:00,21.54,21.54,21.5,21.52,223700,4815021.0
000818.SZ,2026-01-13 09:50:00,21.51,21.53,21.49,21.51,195700,4209275.0
000818.SZ,2026-01-13 09:51:00,21.5,21.5,21.43,21.43,267200,5735445.0
000818.SZ,2026-01-13 09:52:00,21.43,21.45,21.4,21.42,342700,7337405.0
000818.SZ,2026-01-13 09:53:00,21.4,21.44,21.4,21.41,290697,6222236.0
000818.SZ,2026-01-13 09:54:00,21.43,21.45,21.4,21.41,182800,3914696.0
000818.SZ,2026-01-13 09:55:00,21.38,21.41,21.36,21.4,412260,8816916.0
000818.SZ,2026-01-13 09:56:00,21.41,21.52,21.41,21.52,326900,7019120.0
000818.SZ,2026-01-13 09:57:00,21.52,21.54,21.51,21.54,171500,3691188.0
000818.SZ,2026-01-13 09:58:00,21.52,21.59,21.52,21.55,183600,3959436.0
000818.SZ,2026-01-13 09:59:00,21.56,21.57,21.55,21.55,93600,2017867.0
000818.SZ,2026-01-13 10:00:00,21.56,21.56,21.52,21.52,212800,4582183.0
000818.SZ,2026-01-13 10:01:00,21.52,21.52,21.49,21.49,149700,3218885.0
000818.SZ,2026-01-13 10:02:00,21.48,21.51,21.45,21.51,167600,3600237.0
000818.SZ,2026-01-13 10:03:00,21.51,21.55,21.5,21.54,195400,4205165.0
000818.SZ,2026-01-13 10:04:00,21.53,21.54,21.52,21.54,65500,1410180.0
000818.SZ,2026-01-13 10:05:00,21.54,21.55,21.54,21.55,64200,1383129.0
000818.SZ,2026-01-13 10:06:00,21.54,21.57,21.54,21.57,82295,1773742.2
000818.SZ,2026-01-13 10:07:00,21.57,21.59,21.56,21.59,141505,3053080.8
000818.SZ,2026-01-13 10:08:00,21.59,21.61,21.59,21.6,71000,1533478.0
000818.SZ,2026-01-13 10:09:00,21.6,21.6,21.58,21.59,86100,1859129.0
000818.SZ,2026-01-13 10:10:00,21.57,21.58,21.53,21.53,163795,3530699.2
000818.SZ,2026-01-13 10:11:00,21.53,21.6,21.53,21.59,84405,1819830.9
000818.SZ,2026-01-13 10:12:00,21.6,21.61,21.58,21.6,98100,2117909.0
000818.SZ,2026-01-13 10:13:00,21.6,21.63,21.59,21.63,225400,4871738.0
000818.SZ,2026-01-13 10:14:00,21.63,21.63,21.58,21.59,121900,2634153.0
000818.SZ,2026-01-13 10:15:00,21.58,21.58,21.55,21.55,131500,2835583.0
000818.SZ,2026-01-13 10:16:00,21.56,21.56,21.52,21.53,94300,2030708.0
000818.SZ,2026-01-13 10:17:00,21.54,21.54,21.5,21.52,110000,2367159.0
000818.SZ,2026-01-13 10:18:00,21.5,21.5,21.42,21.42,329700,7077578.0
000818.SZ,2026-01-13 10:19:00,21.46,21.46,21.42,21.43,85100,1824142.0
000818.SZ,2026-01-13 10:20:00,21.43,21.43,21.4,21.4,167000,3575581.0
000818.SZ,2026-01-13 10:21:00,21.41,21.41,21.38,21.41,250700,5363584.0
000818.SZ,2026-01-13 10:22:00,21.41,21.41,21.4,21.4,110800,2371683.0
000818.SZ,2026-01-13 10:23:00,21.4,21.4,21.36,21.39,263100,5623471.0
000818.SZ,2026-01-13 10:24:00,21.38,21.43,21.38,21.43,133800,2863864.0
000818.SZ,2026-01-13 10:25:00,21.43,21.44,21.41,21.41,91800,1967517.0
000818.SZ,2026-01-13 10:26:00,21.41,21.41,21.39,21.39,128900,2759199.0
000818.SZ,2026-01-13 10:27:00,21.4,21.42,21.4,21.42,63600,1361632.0
000818.SZ,2026-01-13 10:28:00,21.43,21.46,21.42,21.46,85200,1826410.0
000818.SZ,2026-01-13 10:29:00,21.46,21.49,21.46,21.48,39900,856897.0
000818.SZ,2026-01-13 10:30:00,21.47,21.48,21.4,21.4,99500,2133586.0
000818.SZ,2026-01-13 10:31:00,21.4,21.43,21.39,21.39,168000,3595618.0
000818.SZ,2026-01-13 10:32:00,21.38,21.41,21.38,21.4,121800,2605335.0
000818.SZ,2026-01-13 10:33:00,21.39,21.4,21.37,21.38,72000,1539790.0
000818.SZ,2026-01-13 10:34:00,21.38,21.38,21.36,21.37,125100,2672848.0
000818.SZ,2026-01-13 10:35:00,21.37,21.38,21.36,21.36,152300,3254402.0
000818.SZ,2026-01-13 10:36:00,21.36,21.43,21.36,21.43,115900,2479688.0
000818.SZ,2026-01-13 10:37:00,21.42,21.43,21.39,21.4,77200,1653284.0
000818.SZ,2026-01-13 10:38:00,21.41,21.43,21.4,21.41,66500,1424183.0
000818.SZ,2026-01-13 10:39:00,21.42,21.45,21.42,21.44,65100,1395334.0
000818.SZ,2026-01-13 10:40:00,21.44,21.46,21.43,21.46,59800,1282295.0
000818.SZ,2026-01-13 10:41:00,21.45,21.46,21.44,21.44,71500,1533560.0
000818.SZ,2026-01-13 10:42:00,21.43,21.45,21.43,21.44,44100,945423.0
000818.SZ,2026-01-13 10:43:00,21.44,21.45,21.43,21.44,36200,776084.0
000818.SZ,2026-01-13 10:44:00,21.42,21.44,21.42,21.42,35400,758438.0
000818.SZ,2026-01-13 10:45:00,21.42,21.42,21.4,21.41,34800,745163.0
000818.SZ,2026-01-13 10:46:00,21.41,21.43,21.41,21.42,34600,740994.0
000818.SZ,2026-01-13 10:47:00,21.41,21.42,21.41,21.42,83600,1790294.0
000818.SZ,2026-01-13 10:48:00,21.41,21.42,21.4,21.4,100300,2146632.0
000818.SZ,2026-01-13 10:49:00,21.4,21.4,21.38,21.38,75300,1610536.0
000818.SZ,2026-01-13 10:50:00,21.38,21.43,21.38,21.42,44700,956410.0
000818.SZ,2026-01-13 10:51:00,21.42,21.43,21.41,21.41,78100,1672707.0
000818.SZ,2026-01-13 10:52:00,21.41,21.42,21.4,21.41,28800,616622.0
000818.SZ,2026-01-13 10:53:00,21.41,21.41,21.4,21.41,90400,1935116.0
000818.SZ,2026-01-13 10:54:00,21.4,21.41,21.4,21.4,75300,1612019.0
000818.SZ,2026-01-13 10:55:00,21.41,21.41,21.4,21.41,39900,854078.0
000818.SZ,2026-01-13 10:56:00,21.41,21.42,21.4,21.41,40100,858532.0
000818.SZ,2026-01-13 10:57:00,21.41,21.42,21.41,21.41,52600,1125996.0
000818.SZ,2026-01-13 10:58:00,21.42,21.42,21.4,21.4,149700,3204825.0
000818.SZ,2026-01-13 10:59:00,21.4,21.4,21.38,21.39,108300,2316292.0
000818.SZ,2026-01-13 11:00:00,21.38,21.41,21.38,21.41,150500,3220468.0
000818.SZ,2026-01-13 11:01:00,21.42,21.46,21.42,21.45,119900,2568808.0
000818.SZ,2026-01-13 11:02:00,21.46,21.46,21.45,21.45,56700,1216501.0
000818.SZ,2026-01-13 11:03:00,21.44,21.45,21.42,21.42,46700,1001061.0
000818.SZ,2026-01-13 11:04:00,21.42,21.43,21.41,21.43,45600,976965.0
000818.SZ,2026-01-13 11:05:00,21.43,21.44,21.42,21.44,51900,1112005.0
000818.SZ,2026-01-13 11:06:00,21.44,21.48,21.43,21.48,72700,1559524.0
000818.SZ,2026-01-13 11:07:00,21.48,21.49,21.47,21.47,95600,2053986.0
000818.SZ,2026-01-13 11:08:00,21.46,21.47,21.45,21.45,40700,873190.0
000818.SZ,2026-01-13 11:09:00,21.45,21.45,21.43,21.44,33500,718303.0
000818.SZ,2026-01-13 11:10:00,21.43,21.46,21.43,21.46,19700,422424.0
000818.SZ,2026-01-13 11:11:00,21.46,21.47,21.45,21.47,41900,899366.0
000818.SZ,2026-01-13 11:12:00,21.49,21.49,21.48,21.49,56500,1213794.0
000818.SZ,2026-01-13 11:13:00,21.48,21.49,21.48,21.49,27300,586504.0
000818.SZ,2026-01-13 11:14:00,21.48,21.49,21.46,21.47,36200,777092.0
000818.SZ,2026-01-13 11:15:00,21.46,21.47,21.46,21.46,44600,957245.0
000818.SZ,2026-01-13 11:16:00,21.46,21.48,21.46,21.48,32800,704267.0
000818.SZ,2026-01-13 11:17:00,21.48,21.49,21.48,21.48,21900,470543.0
000818.SZ,2026-01-13 11:18:00,21.48,21.49,21.48,21.49,38500,827245.0
000818.SZ,2026-01-13 11:19:00,21.48,21.51,21.48,21.51,59900,1287736.0
000818.SZ,2026-01-13 11:20:00,21.51,21.51,21.47,21.48,83000,1783503.0
000818.SZ,2026-01-13 11:21:00,21.48,21.49,21.47,21.47,48700,1045877.0
000818.SZ,2026-01-13 11:22:00,21.47,21.48,21.46,21.47,47600,1021809.0
000818.SZ,2026-01-13 11:23:00,21.46,21.48,21.46,21.48,19300,414327.0
000818.SZ,2026-01-13 11:24:00,21.47,21.48,21.45,21.45,56000,1201907.0
000818.SZ,2026-01-13 11:25:00,21.45,21.45,21.43,21.43,102200,2191780.0
000818.SZ,2026-01-13 11:26:00,21.43,21.44,21.42,21.43,55800,1195807.0
000818.SZ,2026-01-13 11:27:00,21.43,21.47,21.43,21.47,31000,664982.0
000818.SZ,2026-01-13 11:28:00,21.47,21.48,21.45,21.47,170700,3662356.0
000818.SZ,2026-01-13 11:29:00,21.47,21.47,21.44,21.46,21700,465477.0
000818.SZ,2026-01-13 11:30:00,21.45,21.45,21.43,21.44,21000,450229.0
000818.SZ,2026-01-13 13:01:00,21.42,21.46,21.42,21.45,134500,2882827.0
000818.SZ,2026-01-13 13:02:00,21.45,21.46,21.43,21.45,63200,1356015.0
000818.SZ,2026-01-13 13:03:00,21.45,21.46,21.43,21.44,36200,776220.0
000818.SZ,2026-01-13 13:04:00,21.46,21.46,21.44,21.44,27100,581283.0
000818.SZ,2026-01-13 13:05:00,21.44,21.47,21.44,21.45,97400,2088556.0
000818.SZ,2026-01-13 13:06:00,21.47,21.47,21.44,21.44,29700,636985.0
000818.SZ,2026-01-13 13:07:00,21.44,21.45,21.43,21.44,15400,330185.0
000818.SZ,2026-01-13 13:08:00,21.43,21.44,21.41,21.41,76600,1641153.0
000818.SZ,2026-01-13 13:09:00,21.42,21.43,21.41,21.42,40800,873950.0
000818.SZ,2026-01-13 13:10:00,21.42,21.43,21.42,21.42,31600,676903.0
000818.SZ,2026-01-13 13:11:00,21.43,21.43,21.4,21.41,138500,2965185.0
000818.SZ,2026-01-13 13:12:00,21.41,21.41,21.39,21.4,102000,2182926.0
000818.SZ,2026-01-13 13:13:00,21.39,21.4,21.38,21.38,75000,1603941.0
000818.SZ,2026-01-13 13:14:00,21.38,21.38,21.36,21.36,67600,1444694.0
000818.SZ,2026-01-13 13:15:00,21.36,21.37,21.36,21.36,87200,1862799.0
000818.SZ,2026-01-13 13:16:00,21.36,21.36,21.33,21.33,271800,5802748.0
000818.SZ,2026-01-13 13:17:00,21.33,21.33,21.3,21.33,289600,6173371.0
000818.SZ,2026-01-13 13:18:00,21.33,21.35,21.33,21.33,95100,2028801.0
000818.SZ,2026-01-13 13:19:00,21.33,21.33,21.3,21.3,148700,3169887.0
000818.SZ,2026-01-13 13:20:00,21.31,21.32,21.3,21.31,67800,1444705.0
000818.SZ,2026-01-13 13:21:00,21.31,21.31,21.22,21.26,660300,14053599.0
000818.SZ,2026-01-13 13:22:00,21.27,21.28,21.25,21.25,195700,4159439.0
000818.SZ,2026-01-13 13:23:00,21.25,21.27,21.23,21.24,123300,2619154.0
000818.SZ,2026-01-13 13:24:00,21.25,21.29,21.25,21.29,138600,2947737.0
000818.SZ,2026-01-13 13:25:00,21.29,21.31,21.29,21.3,48100,1024433.0
000818.SZ,2026-01-13 13:26:00,21.3,21.3,21.28,21.28,57800,1230097.0
000818.SZ,2026-01-13 13:27:00,21.27,21.28,21.25,21.26,79000,1679946.0
000818.SZ,2026-01-13 13:28:00,21.26,21.28,21.26,21.26,45400,965271.0
000818.SZ,2026-01-13 13:29:00,21.27,21.27,21.25,21.26,78700,1673156.0
000818.SZ,2026-01-13 13:30:00,21.27,21.3,21.27,21.3,139500,2968696.0
000818.SZ,2026-01-13 13:31:00,21.3,21.3,21.29,21.3,70800,1508031.0
000818.SZ,2026-01-13 13:32:00,21.3,21.3,21.25,21.26,74200,1578474.0
000818.SZ,2026-01-13 13:33:00,21.25,21.26,21.23,21.23,123300,2620015.0
000818.SZ,2026-01-13 13:34:00,21.23,21.25,21.21,21.25,326613,6931184.5
000818.SZ,2026-01-13 13:35:00,21.23,21.25,21.22,21.23,61300,1301580.0
000818.SZ,2026-01-13 13:36:00,21.23,21.3,21.23,21.3,73498,1562744.2
000818.SZ,2026-01-13 13:37:00,21.29,21.29,21.28,21.29,45200,962141.0
000818.SZ,2026-01-13 13:38:00,21.28,21.29,21.27,21.27,47900,1019110.0
000818.SZ,2026-01-13 13:39:00,21.27,21.34,21.27,21.34,242100,5157001.0
000818.SZ,2026-01-13 13:40:00,21.36,21.36,21.34,21.36,31800,679053.0
000818.SZ,2026-01-13 13:41:00,21.36,21.36,21.33,21.36,30200,644847.0
000818.SZ,2026-01-13 13:42:00,21.36,21.37,21.34,21.36,34500,736814.0
000818.SZ,2026-01-13 13:43:00,21.36,21.37,21.36,21.37,12300,262806.0
000818.SZ,2026-01-13 13:44:00,21.37,21.38,21.35,21.36,58800,1256301.0
000818.SZ,2026-01-13 13:45:00,21.35,21.35,21.32,21.32,41600,887820.0
000818.SZ,2026-01-13 13:46:00,21.32,21.35,21.3,21.33,41900,892797.0
000818.SZ,2026-01-13 13:47:00,21.33,21.35,21.33,21.35,23500,501528.0
000818.SZ,2026-01-13 13:48:00,21.33,21.35,21.33,21.34,17800,379776.0
000818.SZ,2026-01-13 13:49:00,21.35,21.35,21.3,21.3,41000,874463.0
000818.SZ,2026-01-13 13:50:00,21.3,21.33,21.3,21.31,157800,3362700.0
000818.SZ,2026-01-13 13:51:00,21.3,21.32,21.3,21.32,85000,1811011.0
000818.SZ,2026-01-13 13:52:00,21.32,21.34,21.32,21.32,45800,976809.0
000818.SZ,2026-01-13 13:53:00,21.33,21.33,21.32,21.32,89600,1910803.0
000818.SZ,2026-01-13 13:54:00,21.32,21.32,21.3,21.3,41900,892839.0
000818.SZ,2026-01-13 13:55:00,21.31,21.33,21.3,21.33,311500,6638534.0
000818.SZ,2026-01-13 13:56:00,21.32,21.34,21.32,21.34,35400,755096.0
000818.SZ,2026-01-13 13:57:00,21.34,21.34,21.33,21.34,19700,420244.0
000818.SZ,2026-01-13 13:58:00,21.34,21.35,21.33,21.34,40500,864282.0
000818.SZ,2026-01-13 13:59:00,21.34,21.35,21.33,21.35,32600,695792.0
000818.SZ,2026-01-13 14:00:00,21.35,21.36,21.34,21.36,83485,1782699.8
000818.SZ,2026-01-13 14:01:00,21.35,21.35,21.34,21.34,51615,1101739.2
000818.SZ,2026-01-13 14:02:00,21.35,21.35,21.33,21.33,62400,1331729.1
000818.SZ,2026-01-13 14:03:00,21.33,21.35,21.33,21.33,19500,416085.0
000818.SZ,2026-01-13 14:04:00,21.34,21.34,21.31,21.31,70400,1501200.0
000818.SZ,2026-01-13 14:05:00,21.31,21.31,21.3,21.3,59000,1257066.0
000818.SZ,2026-01-13 14:06:00,21.3,21.3,21.25,21.25,72300,1538579.0
000818.SZ,2026-01-13 14:07:00,21.25,21.26,21.25,21.25,39400,837323.0
000818.SZ,2026-01-13 14:08:00,21.25,21.26,21.25,21.26,38700,822502.0
000818.SZ,2026-01-13 14:09:00,21.25,21.25,21.2,21.23,283800,6022668.0
000818.SZ,2026-01-13 14:10:00,21.22,21.23,21.22,21.22,28100,596470.0
000818.SZ,2026-01-13 14:11:00,21.23,21.24,21.23,21.24,39100,830194.0
000818.SZ,2026-01-13 14:12:00,21.23,21.24,21.23,21.24,43000,913133.0
000818.SZ,2026-01-13 14:13:00,21.24,21.24,21.23,21.23,57000,1210357.0
000818.SZ,2026-01-13 14:14:00,21.23,21.24,21.23,21.24,34000,722002.0
000818.SZ,2026-01-13 14:15:00,21.24,21.24,21.23,21.23,59400,1261517.0
000818.SZ,2026-01-13 14:16:00,21.23,21.24,21.22,21.22,60500,1284369.0
000818.SZ,2026-01-13 14:17:00,21.22,21.22,21.2,21.21,130700,2771895.0
000818.SZ,2026-01-13 14:18:00,21.21,21.21,21.2,21.21,126500,2682128.0
000818.SZ,2026-01-13 14:19:00,21.21,21.22,21.2,21.22,104200,2210389.0
000818.SZ,2026-01-13 14:20:00,21.21,21.22,21.2,21.21,57100,1210869.0
000818.SZ,2026-01-13 14:21:00,21.22,21.25,21.21,21.25,290800,6170234.0
000818.SZ,2026-01-13 14:22:00,21.25,21.26,21.25,21.25,45100,958532.0
000818.SZ,2026-01-13 14:23:00,21.25,21.26,21.25,21.25,44100,937168.0
000818.SZ,2026-01-13 14:24:00,21.25,21.25,21.24,21.25,38000,807209.0
000818.SZ,2026-01-13 14:25:00,21.24,21.25,21.23,21.24,29600,628606.0
000818.SZ,2026-01-13 14:26:00,21.25,21.26,21.24,21.26,95400,2027523.0
000818.SZ,2026-01-13 14:27:00,21.25,21.26,21.22,21.22,123200,2615730.0
000818.SZ,2026-01-13 14:28:00,21.22,21.24,21.21,21.21,58900,1249817.0
000818.SZ,2026-01-13 14:29:00,21.21,21.22,21.2,21.22,78900,1673372.0
000818.SZ,2026-01-13 14:30:00,21.21,21.22,21.19,21.2,120800,2561465.0
000818.SZ,2026-01-13 14:31:00,21.19,21.2,21.15,21.16,337937,7153872.5
000818.SZ,2026-01-13 14:32:00,21.16,21.22,21.16,21.22,195600,4145196.0
000818.SZ,2026-01-13 14:33:00,21.21,21.22,21.19,21.2,67500,1431257.0
000818.SZ,2026-01-13 14:34:00,21.2,21.2,21.16,21.16,74200,1571181.0
000818.SZ,2026-01-13 14:35:00,21.16,21.17,21.13,21.15,121900,2578707.0
000818.SZ,2026-01-13 14:36:00,21.15,21.15,21.13,21.14,160500,3393220.0
000818.SZ,2026-01-13 14:37:00,21.14,21.15,21.13,21.14,97000,2051028.0
000818.SZ,2026-01-13 14:38:00,21.14,21.14,21.13,21.14,79500,1679921.0
000818.SZ,2026-01-13 14:39:00,21.13,21.13,21.11,21.12,109400,2310537.0
000818.SZ,2026-01-13 14:40:00,21.11,21.12,21.11,21.12,173000,3652589.0
000818.SZ,2026-01-13 14:41:00,21.12,21.12,21.11,21.11,96100,2029137.0
000818.SZ,2026-01-13 14:42:00,21.12,21.13,21.11,21.12,101200,2137289.0
000818.SZ,2026-01-13 14:43:00,21.11,21.12,21.1,21.11,119200,2516859.0
000818.SZ,2026-01-13 14:44:00,21.11,21.12,21.1,21.12,144600,3052858.0
000818.SZ,2026-01-13 14:45:00,21.12,21.12,21.1,21.1,233100,4920576.0
000818.SZ,2026-01-13 14:46:00,21.1,21.1,21.07,21.07,219800,4635406.0
000818.SZ,2026-01-13 14:47:00,21.08,21.09,21.06,21.08,154500,3256131.0
000818.SZ,2026-01-13 14:48:00,21.07,21.07,21.04,21.05,232300,4891795.0
000818.SZ,2026-01-13 14:49:00,21.04,21.06,21.03,21.04,201000,4229106.0
000818.SZ,2026-01-13 14:50:00,21.05,21.07,21.03,21.06,267900,5640042.0
000818.SZ,2026-01-13 14:51:00,21.06,21.08,21.04,21.07,162400,3421288.0
000818.SZ,2026-01-13 14:52:00,21.08,21.08,21.06,21.08,138200,2912650.0
000818.SZ,2026-01-13 14:53:00,21.08,21.08,21.07,21.07,188000,3962402.0
000818.SZ,2026-01-13 14:54:00,21.07,21.08,21.06,21.07,143185,3016766.0
000818.SZ,2026-01-13 14:55:00,21.06,21.08,21.06,21.07,189500,3991856.0
000818.SZ,2026-01-13 14:56:00,21.07,21.07,21.06,21.06,186215,3922480.0
000818.SZ,2026-01-13 14:57:00,21.07,21.07,21.02,21.03,283100,5957474.0
000818.SZ,2026-01-13 14:58:00,21.03,21.03,21.03,21.03,0,0.0
000818.SZ,2026-01-13 14:59:00,21.03,21.03,21.03,21.03,0,0.0
000818.SZ,2026-01-13 15:00:00,21.03,21.03,21.03,21.03,284300,5978829.0
000818.SZ,2026-01-14 09:30:00,21.03,21.04,21.03,21.04,129700,2727606.0
000818.SZ,2026-01-14 09:31:00,21.09,21.28,21.09,21.26,236900,5016485.0
000818.SZ,2026-01-14 09:32:00,21.28,21.44,21.28,21.31,453263,9688489.0
000818.SZ,2026-01-14 09:33:00,21.3,21.38,21.3,21.38,245080,5225205.5
000818.SZ,2026-01-14 09:34:00,21.36,21.37,21.33,21.34,190800,4074400.0
000818.SZ,2026-01-14 09:35:00,21.32,21.33,21.3,21.32,176400,3759793.0
000818.SZ,2026-01-14 09:36:00,21.3,21.34,21.3,21.33,283900,6051218.0
000818.SZ,2026-01-14 09:37:00,21.32,21.35,21.23,21.23,250700,5339105.0
000818.SZ,2026-01-14 09:38:00,21.24,21.3,21.24,21.27,255800,5438990.0
000818.SZ,2026-01-14 09:39:00,21.29,21.37,21.28,21.37,115300,2458198.0
000818.SZ,2026-01-14 09:40:00,21.36,21.37,21.35,21.36,108300,2313437.0
000818.SZ,2026-01-14 09:41:00,21.35,21.4,21.35,21.39,295200,6310894.0
000818.SZ,2026-01-14 09:42:00,21.38,21.6,21.36,21.51,530800,11389662.0
000818.SZ,2026-01-14 09:43:00,21.45,21.52,21.45,21.51,301900,6492733.5
000818.SZ,2026-01-14 09:44:00,21.49,21.49,21.46,21.48,159800,3432825.0
000818.SZ,2026-01-14 09:45:00,21.47,21.49,21.46,21.48,101400,2178088.0
000818.SZ,2026-01-14 09:46:00,21.49,21.49,21.45,21.45,147200,3159216.0
000818.SZ,2026-01-14 09:47:00,21.44,21.45,21.39,21.39,171000,3662386.0
000818.SZ,2026-01-14 09:48:00,21.39,21.42,21.39,21.4,138900,2972077.0
000818.SZ,2026-01-14 09:49:00,21.4,21.41,21.3,21.3,231400,4938847.0
000818.SZ,2026-01-14 09:50:00,21.33,21.33,21.3,21.3,144400,3077392.0
000818.SZ,2026-01-14 09:51:00,21.31,21.37,21.3,21.37,106600,2272857.0
000818.SZ,2026-01-14 09:52:00,21.36,21.4,21.35,21.39,79000,1688616.0
000818.SZ,2026-01-14 09:53:00,21.4,21.41,21.4,21.4,73800,1579613.0
000818.SZ,2026-01-14 09:54:00,21.41,21.41,21.35,21.35,61100,1306577.0
000818.SZ,2026-01-14 09:55:00,21.35,21.35,21.31,21.32,126100,2688817.0
000818.SZ,2026-01-14 09:56:00,21.32,21.36,21.32,21.36,58403,1246213.0
000818.SZ,2026-01-14 09:57:00,21.33,21.34,21.28,21.32,277400,5911270.0
000818.SZ,2026-01-14 09:58:00,21.33,21.38,21.33,21.38,114148,2437520.2
000818.SZ,2026-01-14 09:59:00,21.38,21.43,21.37,21.43,150800,3227673.0
000818.SZ,2026-01-14 10:00:00,21.43,21.43,21.4,21.42,48700,1042765.0
000818.SZ,2026-01-14 10:01:00,21.4,21.42,21.4,21.41,71200,1524096.0
000818.SZ,2026-01-14 10:02:00,21.4,21.42,21.38,21.38,86900,1859453.0
000818.SZ,2026-01-14 10:03:00,21.38,21.4,21.38,21.4,78900,1687613.0
000818.SZ,2026-01-14 10:04:00,21.4,21.41,21.38,21.38,59800,1279387.0
000818.SZ,2026-01-14 10:05:00,21.39,21.39,21.38,21.39,52900,1131225.0
000818.SZ,2026-01-14 10:06:00,21.39,21.4,21.38,21.39,105800,2263306.0
000818.SZ,2026-01-14 10:07:00,21.39,21.41,21.39,21.41,67040,1434851.6
000818.SZ,2026-01-14 10:08:00,21.41,21.43,21.41,21.43,49200,1053895.0
000818.SZ,2026-01-14 10:09:00,21.41,21.43,21.41,21.43,69600,1490996.0
000818.SZ,2026-01-14 10:10:00,21.41,21.46,21.41,21.46,121100,2596329.0
000818.SZ,2026-01-14 10:11:00,21.46,21.46,21.41,21.43,111000,2380129.0
000818.SZ,2026-01-14 10:12:00,21.43,21.45,21.42,21.44,40100,859493.0
000818.SZ,2026-01-14 10:13:00,21.44,21.45,21.43,21.43,49600,1063459.0
000818.SZ,2026-01-14 10:14:00,21.43,21.44,21.42,21.43,78000,1671650.0
000818.SZ,2026-01-14 10:15:00,21.42,21.44,21.42,21.42,23300,499246.0
000818.SZ,2026-01-14 10:16:00,21.42,21.43,21.41,21.42,49000,1049812.0
000818.SZ,2026-01-14 10:17:00,21.41,21.44,21.41,21.44,74300,1591689.0
000818.SZ,2026-01-14 10:18:00,21.45,21.45,21.43,21.44,79400,1702148.0
000818.SZ,2026-01-14 10:19:00,21.43,21.45,21.43,21.44,58800,1260449.0
000818.SZ,2026-01-14 10:20:00,21.44,21.45,21.43,21.44,51100,1095590.0
000818.SZ,2026-01-14 10:21:00,21.44,21.45,21.43,21.44,42200,904806.0
000818.SZ,2026-01-14 10:22:00,21.44,21.44,21.42,21.42,44100,945084.0
000818.SZ,2026-01-14 10:23:00,21.43,21.43,21.41,21.41,48800,1045178.0
000818.SZ,2026-01-14 10:24:00,21.41,21.42,21.4,21.41,49100,1051308.0
000818.SZ,2026-01-14 10:25:00,21.41,21.45,21.41,21.44,95000,2035859.0
000818.SZ,2026-01-14 10:26:00,21.43,21.45,21.42,21.42,178100,3817511.0
000818.SZ,2026-01-14 10:27:00,21.44,21.45,21.41,21.41,125200,2683209.0
000818.SZ,2026-01-14 10:28:00,21.42,21.45,21.42,21.45,228300,4891878.0
000818.SZ,2026-01-14 10:29:00,21.45,21.45,21.44,21.44,32700,701231.0
000818.SZ,2026-01-14 10:30:00,21.44,21.45,21.43,21.45,35100,752588.0
000818.SZ,2026-01-14 10:31:00,21.44,21.45,21.41,21.43,69000,1478659.0
000818.SZ,2026-01-14 10:32:00,21.41,21.43,21.41,21.43,49700,1064550.0
000818.SZ,2026-01-14 10:33:00,21.43,21.43,21.42,21.43,74900,1604483.0
000818.SZ,2026-01-14 10:34:00,21.43,21.46,21.43,21.45,142000,3045659.0
000818.SZ,2026-01-14 10:35:00,21.45,21.46,21.43,21.44,97100,2082079.0
000818.SZ,2026-01-14 10:36:00,21.43,21.48,21.42,21.47,171300,3673959.0
000818.SZ,2026-01-14 10:37:00,21.48,21.5,21.48,21.49,134800,2896527.0
000818.SZ,2026-01-14 10:38:00,21.5,21.5,21.48,21.49,73400,1577534.0
000818.SZ,2026-01-14 10:39:00,21.49,21.5,21.48,21.49,58000,1246327.0
000818.SZ,2026-01-14 10:40:00,21.49,21.5,21.48,21.48,76500,1643746.0
000818.SZ,2026-01-14 10:41:00,21.47,21.5,21.47,21.48,137800,2961352.0
000818.SZ,2026-01-14 10:42:00,21.49,21.49,21.47,21.47,116400,2500628.0
000818.SZ,2026-01-14 10:43:00,21.47,21.49,21.47,21.48,86100,1848809.0
000818.SZ,2026-01-14 10:44:00,21.47,21.48,21.46,21.47,48100,1032726.0
000818.SZ,2026-01-14 10:45:00,21.47,21.5,21.47,21.49,56100,1205294.0
000818.SZ,2026-01-14 10:46:00,21.5,21.56,21.49,21.56,313800,6753558.0
000818.SZ,2026-01-14 10:47:00,21.57,21.58,21.56,21.57,130100,2806683.0
000818.SZ,2026-01-14 10:48:00,21.57,21.58,21.57,21.57,92400,1993398.0
000818.SZ,2026-01-14 10:49:00,21.58,21.58,21.53,21.55,147100,3171500.0
000818.SZ,2026-01-14 10:50:00,21.53,21.55,21.52,21.55,36000,775267.0
000818.SZ,2026-01-14 10:51:00,21.54,21.55,21.53,21.53,66400,1430133.0
000818.SZ,2026-01-14 10:52:00,21.52,21.58,21.51,21.58,217500,4686478.0
000818.SZ,2026-01-14 10:53:00,21.58,21.67,21.58,21.63,646000,13969368.0
000818.SZ,2026-01-14 10:54:00,21.62,21.69,21.62,21.68,164500,3563214.0
000818.SZ,2026-01-14 10:55:00,21.7,21.72,21.67,21.69,408700,8865642.0
000818.SZ,2026-01-14 10:56:00,21.69,21.86,21.69,21.84,622700,13561399.0
000818.SZ,2026-01-14 10:57:00,21.85,21.85,21.75,21.78,320800,6992605.0
000818.SZ,2026-01-14 10:58:00,21.79,21.85,21.79,21.8,415700,9073499.0
000818.SZ,2026-01-14 10:59:00,21.8,21.82,21.79,21.79,246700,5377724.0
000818.SZ,2026-01-14 11:00:00,21.79,21.79,21.73,21.74,211600,4605591.0
000818.SZ,2026-01-14 11:01:00,21.73,21.79,21.73,21.76,208500,4538971.0
000818.SZ,2026-01-14 11:02:00,21.78,21.79,21.74,21.74,182400,3969184.0
000818.SZ,2026-01-14 11:03:00,21.75,21.77,21.73,21.76,200100,4353043.0
000818.SZ,2026-01-14 11:04:00,21.75,21.79,21.75,21.78,165148,3594307.0
000818.SZ,2026-01-14 11:05:00,21.78,21.89,21.78,21.88,869100,18989528.0
000818.SZ,2026-01-14 11:06:00,21.87,21.88,21.86,21.87,254900,5573983.0
000818.SZ,2026-01-14 11:07:00,21.87,21.87,21.86,21.86,139600,3052324.0
000818.SZ,2026-01-14 11:08:00,21.86,21.87,21.85,21.86,80500,1759370.1
000818.SZ,2026-01-14 11:09:00,21.85,21.86,21.8,21.82,156500,3418330.0
000818.SZ,2026-01-14 11:10:00,21.81,21.81,21.79,21.79,96000,2092528.0
000818.SZ,2026-01-14 11:11:00,21.79,21.8,21.78,21.78,71000,1547075.0
000818.SZ,2026-01-14 11:12:00,21.79,21.79,21.74,21.75,68752,1496717.5
000818.SZ,2026-01-14 11:13:00,21.76,21.76,21.73,21.74,98200,2135486.0
000818.SZ,2026-01-14 11:14:00,21.75,21.8,21.75,21.8,95648,2082799.5
000818.SZ,2026-01-14 11:15:00,21.79,21.81,21.79,21.81,96000,2092804.0
000818.SZ,2026-01-14 11:16:00,21.81,21.88,21.81,21.88,190685,4166245.0
000818.SZ,2026-01-14 11:17:00,21.87,21.87,21.82,21.84,90515,1978595.2
000818.SZ,2026-01-14 11:18:00,21.84,21.84,21.82,21.84,107800,2353890.0
000818.SZ,2026-01-14 11:19:00,21.84,21.85,21.83,21.83,102700,2243519.0
000818.SZ,2026-01-14 11:20:00,21.85,21.85,21.83,21.83,40100,875681.0
000818.SZ,2026-01-14 11:21:00,21.84,21.84,21.81,21.81,124500,2716983.0
000818.SZ,2026-01-14 11:22:00,21.81,21.82,21.8,21.81,43600,950981.0
000818.SZ,2026-01-14 11:23:00,21.82,21.83,21.81,21.81,43000,938053.0
000818.SZ,2026-01-14 11:24:00,21.82,21.84,21.81,21.83,42900,936193.0
000818.SZ,2026-01-14 11:25:00,21.81,21.84,21.81,21.82,39100,853299.0
000818.SZ,2026-01-14 11:26:00,21.82,21.82,21.81,21.82,78900,1721254.0
000818.SZ,2026-01-14 11:27:00,21.81,21.82,21.8,21.8,135600,2956954.0
000818.SZ,2026-01-14 11:28:00,21.81,21.82,21.81,21.82,111800,2439195.0
000818.SZ,2026-01-14 11:29:00,21.82,21.84,21.82,21.84,165800,3620472.0
000818.SZ,2026-01-14 11:30:00,21.84,21.88,21.84,21.87,208785,4566214.0
000818.SZ,2026-01-14 13:01:00,21.88,21.88,21.61,21.67,970015,21128922.0
000818.SZ,2026-01-14 13:02:00,21.64,21.68,21.58,21.59,229600,4963548.0
000818.SZ,2026-01-14 13:03:00,21.6,21.7,21.6,21.7,390100,8452487.0
000818.SZ,2026-01-14 13:04:00,21.72,21.72,21.64,21.64,188100,4075175.0
000818.SZ,2026-01-14 13:05:00,21.64,21.69,21.64,21.68,161400,3496824.0
000818.SZ,2026-01-14 13:06:00,21.68,21.72,21.68,21.68,105700,2293237.0
000818.SZ,2026-01-14 13:07:00,21.69,21.69,21.58,21.58,206500,4465353.0
000818.SZ,2026-01-14 13:08:00,21.58,21.58,21.52,21.52,223000,4806434.0
000818.SZ,2026-01-14 13:09:00,21.53,21.54,21.5,21.51,360800,7764634.0
000818.SZ,2026-01-14 13:10:00,21.5,21.54,21.5,21.54,236400,5085533.0
000818.SZ,2026-01-14 13:11:00,21.53,21.58,21.52,21.58,211958,4565189.0
000818.SZ,2026-01-14 13:12:00,21.57,21.6,21.57,21.59,81900,1767333.0
000818.SZ,2026-01-14 13:13:00,21.59,21.6,21.5,21.5,109442,2358245.5
000818.SZ,2026-01-14 13:14:00,21.49,21.5,21.48,21.48,193800,4164736.0
000818.SZ,2026-01-14 13:15:00,21.48,21.5,21.44,21.45,184500,3960630.0
000818.SZ,2026-01-14 13:16:00,21.45,21.45,21.36,21.36,425200,9107134.0
000818.SZ,2026-01-14 13:17:00,21.35,21.35,21.32,21.32,347900,7422743.0
000818.SZ,2026-01-14 13:18:00,21.31,21.32,21.28,21.32,329400,7016883.0
000818.SZ,2026-01-14 13:19:00,21.34,21.43,21.32,21.43,284800,6086688.0
000818.SZ,2026-01-14 13:20:00,21.43,21.49,21.43,21.49,120300,2581260.0
000818.SZ,2026-01-14 13:21:00,21.48,21.56,21.48,21.53,195700,4212940.0
000818.SZ,2026-01-14 13:22:00,21.53,21.55,21.46,21.46,188100,4047347.0
000818.SZ,2026-01-14 13:23:00,21.47,21.48,21.43,21.43,107200,2300161.0
000818.SZ,2026-01-14 13:24:00,21.43,21.46,21.42,21.43,105300,2257300.0
000818.SZ,2026-01-14 13:25:00,21.44,21.53,21.44,21.51,136600,2934807.0
000818.SZ,2026-01-14 13:26:00,21.53,21.53,21.44,21.44,72600,1559856.0
000818.SZ,2026-01-14 13:27:00,21.45,21.45,21.43,21.44,65400,1402160.0
000818.SZ,2026-01-14 13:28:00,21.44,21.51,21.42,21.51,94500,2029006.0
000818.SZ,2026-01-14 13:29:00,21.5,21.52,21.49,21.49,123100,2647493.0
000818.SZ,2026-01-14 13:30:00,21.51,21.55,21.51,21.55,131300,2827728.0
000818.SZ,2026-01-14 13:31:00,21.55,21.6,21.55,21.6,112100,2418914.0
000818.SZ,2026-01-14 13:32:00,21.61,21.65,21.6,21.6,126300,2731834.0
000818.SZ,2026-01-14 13:33:00,21.6,21.6,21.55,21.55,42100,908232.0
000818.SZ,2026-01-14 13:34:00,21.55,21.55,21.53,21.53,37200,801281.0
000818.SZ,2026-01-14 13:35:00,21.53,21.53,21.5,21.5,69200,1488263.0
000818.SZ,2026-01-14 13:36:00,21.47,21.49,21.44,21.47,127600,2737019.0
000818.SZ,2026-01-14 13:37:00,21.46,21.5,21.46,21.5,57600,1237332.0
000818.SZ,2026-01-14 13:38:00,21.5,21.53,21.5,21.52,38300,824091.0
000818.SZ,2026-01-14 13:39:00,21.52,21.53,21.52,21.53,57300,1233477.0
000818.SZ,2026-01-14 13:40:00,21.5,21.5,21.46,21.46,87200,1874038.0
000818.SZ,2026-01-14 13:41:00,21.46,21.48,21.43,21.43,116100,2490933.0
000818.SZ,2026-01-14 13:42:00,21.43,21.45,21.42,21.44,57200,1225870.0
000818.SZ,2026-01-14 13:43:00,21.43,21.44,21.42,21.44,69200,1483025.0
000818.SZ,2026-01-14 13:44:00,21.42,21.42,21.38,21.39,143600,3073184.0
000818.SZ,2026-01-14 13:45:00,21.4,21.4,21.39,21.39,32000,684495.0
000818.SZ,2026-01-14 13:46:00,21.39,21.39,21.33,21.34,145500,3107391.0
000818.SZ,2026-01-14 13:47:00,21.35,21.37,21.35,21.37,56600,1208979.0
000818.SZ,2026-01-14 13:48:00,21.36,21.38,21.36,21.36,96500,2061820.0
000818.SZ,2026-01-14 13:49:00,21.36,21.36,21.35,21.35,78700,1680512.0
000818.SZ,2026-01-14 13:50:00,21.35,21.35,21.31,21.32,109200,2329037.0
000818.SZ,2026-01-14 13:51:00,21.32,21.35,21.32,21.33,79900,1703787.0
000818.SZ,2026-01-14 13:52:00,21.33,21.34,21.31,21.31,174900,3728462.0
000818.SZ,2026-01-14 13:53:00,21.31,21.31,21.3,21.31,90000,1917512.0
000818.SZ,2026-01-14 13:54:00,21.3,21.32,21.29,21.29,165200,3519018.0
000818.SZ,2026-01-14 13:55:00,21.29,21.3,21.28,21.3,60015,1277875.4
000818.SZ,2026-01-14 13:56:00,21.3,21.31,21.26,21.26,188400,4009436.0
000818.SZ,2026-01-14 13:57:00,21.25,21.25,21.24,21.24,114200,2426834.0
000818.SZ,2026-01-14 13:58:00,21.24,21.24,21.21,21.21,128700,2731232.0
000818.SZ,2026-01-14 13:59:00,21.2,21.2,21.12,21.14,351400,7437172.0
000818.SZ,2026-01-14 14:00:00,21.14,21.15,21.12,21.14,117700,2487851.0
000818.SZ,2026-01-14 14:01:00,21.16,21.16,21.12,21.12,68100,1439331.0
000818.SZ,2026-01-14 14:02:00,21.12,21.2,21.11,21.2,251400,5311896.0
000818.SZ,2026-01-14 14:03:00,21.2,21.24,21.16,21.17,273001,5786301.0
000818.SZ,2026-01-14 14:04:00,21.17,21.24,21.17,21.24,62900,1332679.0
000818.SZ,2026-01-14 14:05:00,21.25,21.29,21.25,21.26,111600,2373981.0
000818.SZ,2026-01-14 14:06:00,21.28,21.28,21.18,21.2,116700,2477783.0
000818.SZ,2026-01-14 14:07:00,21.19,21.19,21.14,21.15,159200,3368966.0
000818.SZ,2026-01-14 14:08:00,21.15,21.15,21.1,21.13,116500,2460653.0
000818.SZ,2026-01-14 14:09:00,21.11,21.18,21.11,21.18,93100,1967836.0
000818.SZ,2026-01-14 14:10:00,21.18,21.2,21.17,21.19,57400,1215624.0
000818.SZ,2026-01-14 14:11:00,21.2,21.25,21.2,21.23,59600,1264307.0
000818.SZ,2026-01-14 14:12:00,21.23,21.27,21.23,21.27,52600,1118042.0
000818.SZ,2026-01-14 14:13:00,21.28,21.3,21.26,21.29,87900,1870810.0
000818.SZ,2026-01-14 14:14:00,21.29,21.3,21.28,21.3,43900,934728.0
000818.SZ,2026-01-14 14:15:00,21.3,21.3,21.29,21.3,82700,1761320.0
000818.SZ,2026-01-14 14:16:00,21.31,21.31,21.29,21.29,49500,1054574.0
000818.SZ,2026-01-14 14:17:00,21.3,21.31,21.29,21.31,79500,1693430.0
000818.SZ,2026-01-14 14:18:00,21.31,21.32,21.28,21.32,123700,2634967.0
000818.SZ,2026-01-14 14:19:00,21.32,21.33,21.3,21.31,96200,2050112.0
000818.SZ,2026-01-14 14:20:00,21.31,21.32,21.31,21.32,25700,547810.0
000818.SZ,2026-01-14 14:21:00,21.32,21.35,21.32,21.35,80200,1711204.0
000818.SZ,2026-01-14 14:22:00,21.34,21.36,21.33,21.33,74100,1581566.0
000818.SZ,2026-01-14 14:23:00,21.32,21.34,21.31,21.33,25900,552322.0
000818.SZ,2026-01-14 14:24:00,21.34,21.37,21.34,21.37,51100,1090816.0
000818.SZ,2026-01-14 14:25:00,21.37,21.39,21.37,21.39,24800,530327.0
000818.SZ,2026-01-14 14:26:00,21.39,21.4,21.39,21.39,52200,1116756.0
000818.SZ,2026-01-14 14:27:00,21.4,21.43,21.4,21.41,70300,1505009.0
000818.SZ,2026-01-14 14:28:00,21.41,21.42,21.4,21.4,40000,856376.0
000818.SZ,2026-01-14 14:29:00,21.4,21.41,21.4,21.4,29300,627077.0
000818.SZ,2026-01-14 14:30:00,21.41,21.41,21.39,21.4,27400,586415.0
000818.SZ,2026-01-14 14:31:00,21.41,21.43,21.41,21.41,86400,1850529.0
000818.SZ,2026-01-14 14:32:00,21.42,21.42,21.4,21.41,72500,1552086.0
000818.SZ,2026-01-14 14:33:00,21.42,21.45,21.42,21.43,94800,2032250.0
000818.SZ,2026-01-14 14:34:00,21.43,21.43,21.4,21.4,31200,668039.0
000818.SZ,2026-01-14 14:35:00,21.4,21.4,21.37,21.38,57900,1238249.0
000818.SZ,2026-01-14 14:36:00,21.38,21.38,21.34,21.34,49100,1048461.0
000818.SZ,2026-01-14 14:37:00,21.34,21.35,21.34,21.35,34100,727802.0
000818.SZ,2026-01-14 14:38:00,21.35,21.38,21.35,21.35,144800,3093727.0
000818.SZ,2026-01-14 14:39:00,21.35,21.35,21.33,21.34,41400,883493.0
000818.SZ,2026-01-14 14:40:00,21.35,21.38,21.34,21.37,66900,1428842.0
000818.SZ,2026-01-14 14:41:00,21.34,21.38,21.34,21.38,43900,937671.0
000818.SZ,2026-01-14 14:42:00,21.38,21.41,21.36,21.41,125644,2686852.8
000818.SZ,2026-01-14 14:43:00,21.4,21.4,21.39,21.4,42900,917947.0
000818.SZ,2026-01-14 14:44:00,21.39,21.44,21.39,21.43,119900,2567657.0
000818.SZ,2026-01-14 14:45:00,21.43,21.43,21.41,21.42,31400,672734.0
000818.SZ,2026-01-14 14:46:00,21.42,21.44,21.42,21.43,42800,916943.0
000818.SZ,2026-01-14 14:47:00,21.44,21.44,21.42,21.42,44600,955571.0
000818.SZ,2026-01-14 14:48:00,21.42,21.43,21.41,21.42,43600,933775.0
000818.SZ,2026-01-14 14:49:00,21.42,21.42,21.41,21.42,29700,635981.0
000818.SZ,2026-01-14 14:50:00,21.42,21.42,21.4,21.41,90647,1940471.8
000818.SZ,2026-01-14 14:51:00,21.4,21.42,21.39,21.41,64542,1381679.2
000818.SZ,2026-01-14 14:52:00,21.41,21.42,21.4,21.41,68411,1464521.6
000818.SZ,2026-01-14 14:53:00,21.4,21.41,21.4,21.41,97500,2086340.0
000818.SZ,2026-01-14 14:54:00,21.41,21.41,21.39,21.41,96200,2059178.0
000818.SZ,2026-01-14 14:55:00,21.4,21.41,21.39,21.4,89000,1904654.0
000818.SZ,2026-01-14 14:56:00,21.4,21.4,21.39,21.4,105789,2263265.8
000818.SZ,2026-01-14 14:57:00,21.4,21.41,21.39,21.41,115300,2466969.0
000818.SZ,2026-01-14 14:58:00,21.41,21.41,21.41,21.41,0,0.0
000818.SZ,2026-01-14 14:59:00,21.41,21.41,21.41,21.41,0,0.0
000818.SZ,2026-01-14 15:00:00,21.43,21.43,21.43,21.43,296200,6347566.0
000818.SZ,2026-01-15 09:30:00,21.22,21.27,20.85,21.22,360100,7588503.0
000818.SZ,2026-01-15 09:31:00,21.21,21.28,21.07,21.08,351700,7426416.0
000818.SZ,2026-01-15 09:32:00,21.1,21.21,21.1,21.19,261680,5537631.0
000818.SZ,2026-01-15 09:33:00,21.16,21.3,21.16,21.27,355900,7553500.0
000818.SZ,2026-01-15 09:34:00,21.28,21.28,21.22,21.23,164900,3502429.0
000818.SZ,2026-01-15 09:35:00,21.23,21.24,21.21,21.21,168400,3573161.0
000818.SZ,2026-01-15 09:36:00,21.2,21.22,21.15,21.15,250300,5298839.0
000818.SZ,2026-01-15 09:37:00,21.18,21.24,21.17,21.2,199200,4220589.0
000818.SZ,2026-01-15 09:38:00,21.18,21.18,21.09,21.09,280100,5918126.0
000818.SZ,2026-01-15 09:39:00,21.08,21.1,21.03,21.06,231900,4885343.0
000818.SZ,2026-01-15 09:40:00,21.06,21.06,20.94,20.94,423400,8894102.0
000818.SZ,2026-01-15 09:41:00,20.94,21.04,20.91,21.04,492400,10323381.0
000818.SZ,2026-01-15 09:42:00,21.04,21.14,21.04,21.13,232600,4907571.0
000818.SZ,2026-01-15 09:43:00,21.15,21.15,21.1,21.11,169800,3588962.0
000818.SZ,2026-01-15 09:44:00,21.11,21.14,21.1,21.13,177000,3737675.0
000818.SZ,2026-01-15 09:45:00,21.12,21.14,21.05,21.05,157200,3316673.0
000818.SZ,2026-01-15 09:46:00,21.04,21.04,20.99,21.03,175800,3693808.0
000818.SZ,2026-01-15 09:47:00,21.02,21.04,21.01,21.02,83300,1751275.0
000818.SZ,2026-01-15 09:48:00,21.02,21.09,21.01,21.07,148700,3128317.0
000818.SZ,2026-01-15 09:49:00,21.08,21.11,21.08,21.11,47900,1010339.0
000818.SZ,2026-01-15 09:50:00,21.11,21.12,21.11,21.11,60500,1277502.0
000818.SZ,2026-01-15 09:51:00,21.11,21.15,21.11,21.14,146400,3092719.0
000818.SZ,2026-01-15 09:52:00,21.13,21.14,21.11,21.12,54300,1146755.0
000818.SZ,2026-01-15 09:53:00,21.11,21.15,21.09,21.09,111900,2362226.0
000818.SZ,2026-01-15 09:54:00,21.1,21.11,21.08,21.11,104700,2208701.0
000818.SZ,2026-01-15 09:55:00,21.12,21.14,21.11,21.11,132000,2788019.0
000818.SZ,2026-01-15 09:56:00,21.11,21.14,21.1,21.14,51200,1080738.0
000818.SZ,2026-01-15 09:57:00,21.15,21.2,21.14,21.19,107500,2274179.0
000818.SZ,2026-01-15 09:58:00,21.2,21.2,21.17,21.2,68300,1446935.0
000818.SZ,2026-01-15 09:59:00,21.19,21.21,21.19,21.21,141900,3008303.0
000818.SZ,2026-01-15 10:00:00,21.21,21.21,21.19,21.21,80800,1713420.0
000818.SZ,2026-01-15 10:01:00,21.21,21.23,21.19,21.19,96600,2048981.0
000818.SZ,2026-01-15 10:02:00,21.2,21.2,21.15,21.17,51700,1094480.0
000818.SZ,2026-01-15 10:03:00,21.18,21.19,21.16,21.16,126100,2669786.0
000818.SZ,2026-01-15 10:04:00,21.16,21.16,21.13,21.14,55000,1162201.0
000818.SZ,2026-01-15 10:05:00,21.12,21.12,21.1,21.1,76600,1616805.0
000818.SZ,2026-01-15 10:06:00,21.1,21.1,21.06,21.06,101600,2141260.0
000818.SZ,2026-01-15 10:07:00,21.06,21.06,21.03,21.04,104700,2203794.0
000818.SZ,2026-01-15 10:08:00,21.02,21.04,21.02,21.02,110400,2321367.0
000818.SZ,2026-01-15 10:09:00,21.02,21.05,21.01,21.05,99500,2091757.0
000818.SZ,2026-01-15 10:10:00,21.05,21.07,21.03,21.04,55700,1172644.0
000818.SZ,2026-01-15 10:11:00,21.04,21.06,21.03,21.06,56200,1182444.0
000818.SZ,2026-01-15 10:12:00,21.07,21.07,21.01,21.02,100900,2122305.0
000818.SZ,2026-01-15 10:13:00,21.02,21.02,21.0,21.0,142600,2995323.0
000818.SZ,2026-01-15 10:14:00,21.01,21.02,21.0,21.0,161400,3390489.0
000818.SZ,2026-01-15 10:15:00,21.01,21.04,21.01,21.03,54500,1145685.0
000818.SZ,2026-01-15 10:16:00,21.02,21.07,21.02,21.07,95100,2002205.0
000818.SZ,2026-01-15 10:17:00,21.07,21.1,21.07,21.09,20800,438673.0
000818.SZ,2026-01-15 10:18:00,21.09,21.11,21.09,21.09,64800,1367243.0
000818.SZ,2026-01-15 10:19:00,21.09,21.09,21.06,21.08,17300,364574.0
000818.SZ,2026-01-15 10:20:00,21.06,21.08,21.05,21.05,61600,1297449.0
000818.SZ,2026-01-15 10:21:00,21.05,21.06,21.03,21.05,39500,831220.0
000818.SZ,2026-01-15 10:22:00,21.05,21.05,21.03,21.03,29300,616367.0
000818.SZ,2026-01-15 10:23:00,21.03,21.03,20.98,20.98,214300,4500725.0
000818.SZ,2026-01-15 10:24:00,20.99,21.01,20.97,21.0,124100,2604477.0
000818.SZ,2026-01-15 10:25:00,21.01,21.01,20.99,21.0,26500,556525.0
000818.SZ,2026-01-15 10:26:00,21.0,21.0,20.97,20.97,49200,1032628.0
000818.SZ,2026-01-15 10:27:00,20.97,20.99,20.97,20.98,92500,1940382.0
000818.SZ,2026-01-15 10:28:00,20.97,21.01,20.97,20.99,111000,2330753.0
000818.SZ,2026-01-15 10:29:00,20.98,21.0,20.98,20.98,91100,1912278.0
000818.SZ,2026-01-15 10:30:00,20.98,20.98,20.93,20.93,145700,3052074.0
000818.SZ,2026-01-15 10:31:00,20.94,20.98,20.94,20.98,90700,1900008.0
000818.SZ,2026-01-15 10:32:00,20.98,20.98,20.96,20.97,35900,752645.0
000818.SZ,2026-01-15 10:33:00,20.96,20.98,20.94,20.95,103300,2164785.0
000818.SZ,2026-01-15 10:34:00,20.94,20.95,20.93,20.94,22100,462764.0
000818.SZ,2026-01-15 10:35:00,20.94,20.97,20.92,20.97,86300,1807333.0
000818.SZ,2026-01-15 10:36:00,20.96,20.98,20.95,20.95,32700,685382.0
000818.SZ,2026-01-15 10:37:00,20.95,20.97,20.95,20.96,39000,817395.0
000818.SZ,2026-01-15 10:38:00,20.96,20.98,20.96,20.98,176900,3707100.0
000818.SZ,2026-01-15 10:39:00,20.98,20.99,20.97,20.99,86100,1806252.0
000818.SZ,2026-01-15 10:40:00,20.99,20.99,20.98,20.99,21200,444872.0
000818.SZ,2026-01-15 10:41:00,20.99,20.99,20.98,20.98,18900,396635.0
000818.SZ,2026-01-15 10:42:00,20.99,20.99,20.98,20.98,47100,988257.0
000818.SZ,2026-01-15 10:43:00,20.99,21.02,20.97,20.97,153100,3213291.0
000818.SZ,2026-01-15 10:44:00,20.98,20.99,20.96,20.96,38700,811377.0
000818.SZ,2026-01-15 10:45:00,20.96,20.97,20.94,20.94,83600,1751853.0
000818.SZ,2026-01-15 10:46:00,20.95,20.95,20.93,20.94,119700,2504619.0
000818.SZ,2026-01-15 10:47:00,20.94,20.95,20.92,20.92,31700,663629.0
000818.SZ,2026-01-15 10:48:00,20.91,20.92,20.9,20.9,150000,3135578.0
000818.SZ,2026-01-15 10:49:00,20.9,20.94,20.9,20.93,88800,1857216.0
000818.SZ,2026-01-15 10:50:00,20.93,20.96,20.92,20.92,46000,963190.0
000818.SZ,2026-01-15 10:51:00,20.94,21.0,20.94,20.99,71400,1497381.0
000818.SZ,2026-01-15 10:52:00,20.99,21.13,20.99,21.11,139300,2934443.0
000818.SZ,2026-01-15 10:53:00,21.1,21.14,21.07,21.14,210200,4437635.0
000818.SZ,2026-01-15 10:54:00,21.13,21.14,21.07,21.08,86100,1818159.0
000818.SZ,2026-01-15 10:55:00,21.08,21.09,21.04,21.06,27700,583594.0
000818.SZ,2026-01-15 10:56:00,21.1,21.12,21.09,21.12,108200,2282899.0
000818.SZ,2026-01-15 10:57:00,21.09,21.11,21.07,21.07,50100,1056464.0
000818.SZ,2026-01-15 10:58:00,21.06,21.07,21.02,21.06,24200,509265.0
000818.SZ,2026-01-15 10:59:00,21.09,21.09,21.02,21.02,22500,473468.0
000818.SZ,2026-01-15 11:00:00,21.02,21.03,21.02,21.02,13500,283800.0
000818.SZ,2026-01-15 11:01:00,21.01,21.01,21.0,21.0,28500,598660.0
000818.SZ,2026-01-15 11:02:00,21.0,21.01,20.96,20.96,108700,2282040.0
000818.SZ,2026-01-15 11:03:00,20.96,21.0,20.95,21.0,25100,526084.0
000818.SZ,2026-01-15 11:04:00,20.98,21.05,20.98,21.05,56400,1185205.0
000818.SZ,2026-01-15 11:05:00,21.04,21.04,21.02,21.03,17800,374304.0
000818.SZ,2026-01-15 11:06:00,21.01,21.09,21.01,21.09,39900,840163.0
000818.SZ,2026-01-15 11:07:00,21.08,21.08,21.03,21.03,32300,680872.0
000818.SZ,2026-01-15 11:08:00,21.03,21.03,21.01,21.01,27100,569489.0
000818.SZ,2026-01-15 11:09:00,21.05,21.05,21.02,21.03,21900,460651.0
000818.SZ,2026-01-15 11:10:00,21.04,21.04,21.02,21.03,16300,342717.0
000818.SZ,2026-01-15 11:11:00,21.03,21.03,21.02,21.03,6300,132449.0
000818.SZ,2026-01-15 11:12:00,21.03,21.03,21.01,21.01,4200,88297.0
000818.SZ,2026-01-15 11:13:00,21.01,21.02,21.01,21.02,8500,178606.0
000818.SZ,2026-01-15 11:14:00,21.02,21.02,20.98,20.98,16500,346491.0
000818.SZ,2026-01-15 11:15:00,21.0,21.01,20.98,20.98,30400,637649.0
000818.SZ,2026-01-15 11:16:00,20.99,20.99,20.97,20.97,14300,300088.0
000818.SZ,2026-01-15 11:17:00,20.97,21.0,20.96,21.0,21300,447053.0
000818.SZ,2026-01-15 11:18:00,21.0,21.0,20.99,20.99,15400,323371.0
000818.SZ,2026-01-15 11:19:00,20.99,21.0,20.98,21.0,16300,342095.0
000818.SZ,2026-01-15 11:20:00,20.99,21.0,20.97,20.97,9200,193042.0
000818.SZ,2026-01-15 11:21:00,20.99,20.99,20.97,20.98,7500,157338.0
000818.SZ,2026-01-15 11:22:00,20.97,20.98,20.94,20.94,55300,1158923.0
000818.SZ,2026-01-15 11:23:00,20.94,20.94,20.93,20.93,19200,401980.0
000818.SZ,2026-01-15 11:24:00,20.93,20.94,20.93,20.93,22900,479262.0
000818.SZ,2026-01-15 11:25:00,20.92,20.93,20.92,20.92,46800,979077.0
000818.SZ,2026-01-15 11:26:00,20.91,20.91,20.85,20.86,332300,6939083.0
000818.SZ,2026-01-15 11:27:00,20.86,20.9,20.86,20.89,55300,1154232.0
000818.SZ,2026-01-15 11:28:00,20.89,20.9,20.88,20.9,36200,756310.0
000818.SZ,2026-01-15 11:29:00,20.9,20.92,20.89,20.92,35400,740176.0
000818.SZ,2026-01-15 11:30:00,20.91,20.95,20.91,20.94,44400,929113.0
000818.SZ,2026-01-15 13:01:00,20.94,20.94,20.88,20.89,77500,1620497.0
000818.SZ,2026-01-15 13:02:00,20.9,20.98,20.9,20.96,124500,2605700.0
000818.SZ,2026-01-15 13:03:00,20.95,21.05,20.95,21.04,269300,5652008.0
000818.SZ,2026-01-15 13:04:00,21.05,21.05,20.96,20.96,30900,649382.0
000818.SZ,2026-01-15 13:05:00,20.97,20.98,20.93,20.95,23300,488174.0
000818.SZ,2026-01-15 13:06:00,20.94,20.95,20.92,20.94,122600,2567059.0
000818.SZ,2026-01-15 13:07:00,20.96,20.99,20.96,20.97,43800,918175.0
000818.SZ,2026-01-15 13:08:00,20.96,20.96,20.94,20.95,16600,347851.0
000818.SZ,2026-01-15 13:09:00,20.94,20.96,20.92,20.95,39700,831260.0
000818.SZ,2026-01-15 13:10:00,20.93,20.95,20.91,20.95,37800,790937.0
000818.SZ,2026-01-15 13:11:00,20.93,20.98,20.93,20.98,45600,955469.0
000818.SZ,2026-01-15 13:12:00,20.99,21.0,20.95,20.99,39200,822427.0
000818.SZ,2026-01-15 13:13:00,21.0,21.04,21.0,21.04,19000,399220.0
000818.SZ,2026-01-15 13:14:00,21.02,21.02,21.0,21.0,18400,386659.0
000818.SZ,2026-01-15 13:15:00,21.01,21.02,21.0,21.0,43292,909499.0
000818.SZ,2026-01-15 13:16:00,21.01,21.04,21.01,21.03,31900,670681.0
000818.SZ,2026-01-15 13:17:00,21.03,21.04,21.02,21.02,27500,578277.0
000818.SZ,2026-01-15 13:18:00,21.02,21.02,21.0,21.0,22000,462275.0
000818.SZ,2026-01-15 13:19:00,21.0,21.01,20.98,20.99,46000,965684.2
000818.SZ,2026-01-15 13:20:00,20.99,21.0,20.96,20.96,30400,638132.0
000818.SZ,2026-01-15 13:21:00,20.96,20.96,20.95,20.95,13400,280828.0
000818.SZ,2026-01-15 13:22:00,20.94,20.97,20.94,20.94,25900,542618.0
000818.SZ,2026-01-15 13:23:00,20.95,20.97,20.94,20.96,22400,469312.0
000818.SZ,2026-01-15 13:24:00,20.95,20.97,20.95,20.96,35900,752346.0
000818.SZ,2026-01-15 13:25:00,20.96,20.97,20.95,20.96,24500,513559.0
000818.SZ,2026-01-15 13:26:00,20.97,21.0,20.97,21.0,17400,364924.0
000818.SZ,2026-01-15 13:27:00,20.99,20.99,20.96,20.96,31500,660681.0
000818.SZ,2026-01-15 13:28:00,20.99,21.0,20.98,21.0,25700,539390.0
000818.SZ,2026-01-15 13:29:00,21.0,21.02,20.99,21.01,38300,804321.0
000818.SZ,2026-01-15 13:30:00,21.01,21.01,21.0,21.01,18600,390752.0
000818.SZ,2026-01-15 13:31:00,21.01,21.03,20.99,20.99,58400,1227289.0
000818.SZ,2026-01-15 13:32:00,21.01,21.01,20.99,20.99,38400,806211.0
000818.SZ,2026-01-15 13:33:00,20.99,20.99,20.98,20.99,34200,717623.0
000818.SZ,2026-01-15 13:34:00,20.99,20.99,20.96,20.96,24000,503245.0
000818.SZ,2026-01-15 13:35:00,20.96,21.0,20.96,20.98,18300,383838.0
000818.SZ,2026-01-15 13:36:00,20.98,20.98,20.96,20.96,56300,1180835.0
000818.SZ,2026-01-15 13:37:00,20.96,20.96,20.95,20.95,34100,714427.0
000818.SZ,2026-01-15 13:38:00,20.95,20.96,20.95,20.96,11400,238913.0
000818.SZ,2026-01-15 13:39:00,20.96,20.98,20.96,20.98,24700,517990.0
000818.SZ,2026-01-15 13:40:00,20.97,20.97,20.96,20.96,18900,396244.0
000818.SZ,2026-01-15 13:41:00,20.95,20.98,20.95,20.96,37100,777660.0
000818.SZ,2026-01-15 13:42:00,20.96,20.98,20.96,20.98,19400,406720.0
000818.SZ,2026-01-15 13:43:00,20.96,20.98,20.96,20.96,20400,427614.0
000818.SZ,2026-01-15 13:44:00,20.95,20.96,20.94,20.95,38300,802306.0
000818.SZ,2026-01-15 13:45:00,20.95,20.98,20.94,20.98,17300,362470.0
000818.SZ,2026-01-15 13:46:00,20.98,21.0,20.97,21.0,47600,999235.0
000818.SZ,2026-01-15 13:47:00,21.01,21.01,20.99,20.99,23000,482926.0
000818.SZ,2026-01-15 13:48:00,21.0,21.02,21.0,21.01,16500,346732.0
000818.SZ,2026-01-15 13:49:00,21.02,21.03,21.0,21.02,49600,1042361.0
000818.SZ,2026-01-15 13:50:00,21.02,21.03,21.0,21.03,25900,544379.0
000818.SZ,2026-01-15 13:51:00,21.01,21.03,21.01,21.03,50700,1066139.0
000818.SZ,2026-01-15 13:52:00,21.03,21.04,21.02,21.03,17100,359588.0
000818.SZ,2026-01-15 13:53:00,21.03,21.03,21.01,21.02,36600,769318.0
000818.SZ,2026-01-15 13:54:00,21.01,21.03,21.01,21.02,46400,975221.0
000818.SZ,2026-01-15 13:55:00,21.01,21.02,21.0,21.0,61800,1298346.0
000818.SZ,2026-01-15 13:56:00,21.01,21.03,21.0,21.03,12400,260604.0
000818.SZ,2026-01-15 13:57:00,21.01,21.02,21.0,21.01,11800,247915.0
000818.SZ,2026-01-15 13:58:00,21.02,21.02,21.0,21.02,12100,254249.0
000818.SZ,2026-01-15 13:59:00,21.01,21.02,20.99,21.0,37200,781273.0
000818.SZ,2026-01-15 14:00:00,20.99,21.0,20.97,20.98,61400,1287897.0
000818.SZ,2026-01-15 14:01:00,20.98,21.0,20.96,21.0,43700,916987.0
000818.SZ,2026-01-15 14:02:00,20.96,20.96,20.94,20.94,33100,693418.0
000818.SZ,2026-01-15 14:03:00,20.95,20.97,20.93,20.93,55000,1152068.0
000818.SZ,2026-01-15 14:04:00,20.94,20.94,20.92,20.92,31000,648671.0
000818.SZ,2026-01-15 14:05:00,20.92,20.97,20.92,20.96,45000,942514.0
000818.SZ,2026-01-15 14:06:00,20.97,20.97,20.93,20.93,9600,201095.0
000818.SZ,2026-01-15 14:07:00,20.93,20.98,20.93,20.98,19200,402414.0
000818.SZ,2026-01-15 14:08:00,20.97,20.98,20.95,20.97,25700,538891.0
000818.SZ,2026-01-15 14:09:00,20.96,20.99,20.96,20.98,34600,725737.0
000818.SZ,2026-01-15 14:10:00,20.98,20.98,20.92,20.92,47600,996990.0
000818.SZ,2026-01-15 14:11:00,20.92,20.93,20.91,20.91,84500,1767160.0
000818.SZ,2026-01-15 14:12:00,20.91,20.92,20.9,20.92,42200,882732.0
000818.SZ,2026-01-15 14:13:00,20.94,20.94,20.9,20.92,81500,1703948.0
000818.SZ,2026-01-15 14:14:00,20.9,20.91,20.88,20.88,71800,1500108.0
000818.SZ,2026-01-15 14:15:00,20.89,20.91,20.88,20.9,21500,449315.0
000818.SZ,2026-01-15 14:16:00,20.9,20.91,20.89,20.89,39000,815055.0
000818.SZ,2026-01-15 14:17:00,20.89,20.9,20.89,20.9,64200,1341450.0
000818.SZ,2026-01-15 14:18:00,20.9,20.9,20.88,20.89,56800,1186563.0
000818.SZ,2026-01-15 14:19:00,20.89,20.9,20.88,20.9,13200,275712.0
000818.SZ,2026-01-15 14:20:00,20.88,20.88,20.87,20.87,70900,1480124.0
000818.SZ,2026-01-15 14:21:00,20.87,20.88,20.87,20.88,18200,379972.0
000818.SZ,2026-01-15 14:22:00,20.88,20.9,20.88,20.9,28000,584683.0
000818.SZ,2026-01-15 14:23:00,20.89,20.9,20.88,20.88,34700,724747.0
000818.SZ,2026-01-15 14:24:00,20.88,20.9,20.88,20.9,26300,549265.0
000818.SZ,2026-01-15 14:25:00,20.9,20.9,20.88,20.9,43200,902491.0
000818.SZ,2026-01-15 14:26:00,20.89,20.93,20.89,20.93,24600,514344.0
000818.SZ,2026-01-15 14:27:00,20.92,20.95,20.92,20.95,25500,533868.0
000818.SZ,2026-01-15 14:28:00,20.96,20.97,20.95,20.97,41900,878219.0
000818.SZ,2026-01-15 14:29:00,20.96,20.96,20.92,20.92,16100,336987.0
000818.SZ,2026-01-15 14:30:00,20.92,20.93,20.91,20.92,21900,458123.0
000818.SZ,2026-01-15 14:31:00,20.93,20.93,20.89,20.89,50900,1063945.0
000818.SZ,2026-01-15 14:32:00,20.9,20.9,20.88,20.89,46800,977892.0
000818.SZ,2026-01-15 14:33:00,20.9,20.9,20.86,20.86,111000,2317373.0
000818.SZ,2026-01-15 14:34:00,20.87,20.88,20.86,20.88,76300,1592012.0
000818.SZ,2026-01-15 14:35:00,20.89,20.89,20.86,20.88,36000,751309.0
000818.SZ,2026-01-15 14:36:00,20.87,20.87,20.86,20.87,30000,625989.0
000818.SZ,2026-01-15 14:37:00,20.86,20.87,20.85,20.85,151000,3149828.0
000818.SZ,2026-01-15 14:38:00,20.86,20.88,20.86,20.88,47600,993181.0
000818.SZ,2026-01-15 14:39:00,20.88,20.89,20.87,20.88,31700,661759.0
000818.SZ,2026-01-15 14:40:00,20.88,20.88,20.87,20.87,60900,1271242.0
000818.SZ,2026-01-15 14:41:00,20.88,20.88,20.87,20.88,28200,588659.0
000818.SZ,2026-01-15 14:42:00,20.88,20.9,20.87,20.9,170700,3564241.0
000818.SZ,2026-01-15 14:43:00,20.9,20.9,20.88,20.88,92200,1925540.0
000818.SZ,2026-01-15 14:44:00,20.88,20.88,20.86,20.88,128300,2677878.0
000818.SZ,2026-01-15 14:45:00,20.87,20.9,20.87,20.9,80000,1670489.0
000818.SZ,2026-01-15 14:46:00,20.92,20.93,20.9,20.93,69900,1461906.0
000818.SZ,2026-01-15 14:47:00,20.93,20.95,20.92,20.93,47600,996386.0
000818.SZ,2026-01-15 14:48:00,20.94,20.94,20.93,20.93,67900,1421036.0
000818.SZ,2026-01-15 14:49:00,20.93,20.94,20.92,20.93,65000,1360760.0
000818.SZ,2026-01-15 14:50:00,20.93,20.97,20.93,20.95,54000,1131295.0
000818.SZ,2026-01-15 14:51:00,20.96,20.96,20.94,20.95,36600,766775.0
000818.SZ,2026-01-15 14:52:00,20.94,20.97,20.94,20.96,59001,1236414.0
000818.SZ,2026-01-15 14:53:00,20.96,20.96,20.95,20.95,66099,1385061.0
000818.SZ,2026-01-15 14:54:00,20.95,20.96,20.94,20.95,58600,1227741.0
000818.SZ,2026-01-15 14:55:00,20.95,20.95,20.94,20.94,59400,1244148.0
000818.SZ,2026-01-15 14:56:00,20.95,20.95,20.94,20.94,102100,2138486.0
000818.SZ,2026-01-15 14:57:00,20.95,20.95,20.93,20.94,87800,1838245.0
000818.SZ,2026-01-15 14:58:00,20.94,20.94,20.94,20.94,0,0.0
000818.SZ,2026-01-15 14:59:00,20.94,20.94,20.94,20.94,0,0.0
000818.SZ,2026-01-15 15:00:00,20.95,20.95,20.95,20.95,148500,3111075.0
000818.SZ,2026-01-16 09:30:00,20.95,21.09,20.95,21.09,63200,1324251.0
000818.SZ,2026-01-16 09:31:00,21.01,21.08,20.98,20.99,267100,5611117.0
000818.SZ,2026-01-16 09:32:00,20.98,20.99,20.96,20.98,196008,4112435.8
000818.SZ,2026-01-16 09:33:00,21.01,21.01,20.91,20.91,327700,6869647.0
000818.SZ,2026-01-16 09:34:00,20.92,20.96,20.91,20.91,187500,3924894.0
000818.SZ,2026-01-16 09:35:00,20.93,20.94,20.86,20.9,253000,5286772.0
000818.SZ,2026-01-16 09:36:00,20.91,20.92,20.85,20.86,354100,7396978.0
000818.SZ,2026-01-16 09:37:00,20.88,20.9,20.84,20.84,255200,5323534.0
000818.SZ,2026-01-16 09:38:00,20.84,20.85,20.8,20.81,234800,4888723.0
000818.SZ,2026-01-16 09:39:00,20.79,20.82,20.78,20.78,266400,5540810.0
000818.SZ,2026-01-16 09:40:00,20.75,20.76,20.71,20.74,272100,5642548.0
000818.SZ,2026-01-16 09:41:00,20.76,20.82,20.76,20.77,158600,3295844.0
000818.SZ,2026-01-16 09:42:00,20.77,20.79,20.74,20.74,167000,3469187.0
000818.SZ,2026-01-16 09:43:00,20.74,20.76,20.71,20.73,265100,5494102.0
000818.SZ,2026-01-16 09:44:00,20.72,20.75,20.7,20.71,190300,3942282.0
000818.SZ,2026-01-16 09:45:00,20.7,20.71,20.65,20.66,318800,6595722.0
000818.SZ,2026-01-16 09:46:00,20.66,20.69,20.65,20.69,241400,4987270.0
000818.SZ,2026-01-16 09:47:00,20.67,20.69,20.6,20.62,263500,5440621.0
000818.SZ,2026-01-16 09:48:00,20.61,20.62,20.56,20.56,257600,5304439.0
000818.SZ,2026-01-16 09:49:00,20.56,20.56,20.53,20.56,293300,6027083.0
000818.SZ,2026-01-16 09:50:00,20.56,20.58,20.53,20.54,193600,3979215.0
000818.SZ,2026-01-16 09:51:00,20.53,20.61,20.53,20.61,107300,2205475.0
000818.SZ,2026-01-16 09:52:00,20.61,20.62,20.59,20.59,146100,3010975.0
000818.SZ,2026-01-16 09:53:00,20.58,20.6,20.58,20.58,150300,3094070.0
000818.SZ,2026-01-16 09:54:00,20.59,20.61,20.58,20.61,92300,1900992.0
000818.SZ,2026-01-16 09:55:00,20.61,20.61,20.59,20.59,164000,3377378.0
000818.SZ,2026-01-16 09:56:00,20.59,20.59,20.57,20.57,133100,2738843.0
000818.SZ,2026-01-16 09:57:00,20.57,20.59,20.57,20.57,65600,1349639.0
000818.SZ,2026-01-16 09:58:00,20.58,20.58,20.54,20.54,186900,3841105.0
000818.SZ,2026-01-16 09:59:00,20.55,20.55,20.49,20.5,408400,8375982.0
000818.SZ,2026-01-16 10:00:00,20.5,20.5,20.48,20.49,236500,4846531.0
000818.SZ,2026-01-16 10:01:00,20.51,20.52,20.49,20.5,193200,3961090.0
000818.SZ,2026-01-16 10:02:00,20.51,20.52,20.5,20.51,138811,2846787.5
000818.SZ,2026-01-16 10:03:00,20.5,20.51,20.48,20.51,237200,4861845.0
000818.SZ,2026-01-16 10:04:00,20.51,20.51,20.48,20.48,74789,1532625.5
000818.SZ,2026-01-16 10:05:00,20.48,20.48,20.46,20.47,102500,2098532.0
000818.SZ,2026-01-16 10:06:00,20.46,20.48,20.45,20.48,114000,2332870.0
000818.SZ,2026-01-16 10:07:00,20.49,20.49,20.47,20.49,84900,1739162.0
000818.SZ,2026-01-16 10:08:00,20.48,20.49,20.45,20.45,107200,2193874.0
000818.SZ,2026-01-16 10:09:00,20.46,20.46,20.45,20.45,118700,2427789.0
000818.SZ,2026-01-16 10:10:00,20.45,20.45,20.41,20.41,104900,2142875.0
000818.SZ,2026-01-16 10:11:00,20.42,20.44,20.41,20.43,84900,1733811.0
000818.SZ,2026-01-16 10:12:00,20.43,20.43,20.42,20.42,68600,1401084.0
000818.SZ,2026-01-16 10:13:00,20.43,20.43,20.41,20.43,108000,2205210.0
000818.SZ,2026-01-16 10:14:00,20.43,20.47,20.42,20.47,183200,3743981.0
000818.SZ,2026-01-16 10:15:00,20.47,20.49,20.47,20.48,35600,729023.0
000818.SZ,2026-01-16 10:16:00,20.48,20.5,20.48,20.48,72000,1474878.0
000818.SZ,2026-01-16 10:17:00,20.48,20.52,20.48,20.52,81711,1675081.4
000818.SZ,2026-01-16 10:18:00,20.51,20.55,20.51,20.52,97800,2007236.0
000818.SZ,2026-01-16 10:19:00,20.52,20.55,20.51,20.51,36800,755280.0
000818.SZ,2026-01-16 10:20:00,20.51,20.52,20.48,20.48,78989,1619387.5
000818.SZ,2026-01-16 10:21:00,20.47,20.47,20.46,20.47,19700,403225.0
000818.SZ,2026-01-16 10:22:00,20.48,20.5,20.48,20.49,40800,835853.0
000818.SZ,2026-01-16 10:23:00,20.48,20.49,20.44,20.44,120000,2455806.0
000818.SZ,2026-01-16 10:24:00,20.44,20.44,20.38,20.38,247600,5052896.0
000818.SZ,2026-01-16 10:25:00,20.38,20.38,20.32,20.32,196600,4002257.0
000818.SZ,2026-01-16 10:26:00,20.32,20.36,20.31,20.36,121600,2472094.0
000818.SZ,2026-01-16 10:27:00,20.36,20.36,20.33,20.33,94800,1928304.0
000818.SZ,2026-01-16 10:28:00,20.33,20.34,20.33,20.33,95400,1940195.0
000818.SZ,2026-01-16 10:29:00,20.32,20.33,20.31,20.31,93100,1891476.0
000818.SZ,2026-01-16 10:30:00,20.31,20.33,20.31,20.31,79800,1620932.0
000818.SZ,2026-01-16 10:31:00,20.32,20.35,20.32,20.34,65400,1329736.0
000818.SZ,2026-01-16 10:32:00,20.35,20.35,20.32,20.33,85100,1730717.0
000818.SZ,2026-01-16 10:33:00,20.33,20.38,20.33,20.38,89119,1812909.0
000818.SZ,2026-01-16 10:34:00,20.37,20.38,20.33,20.34,50800,1034366.0
000818.SZ,2026-01-16 10:35:00,20.34,20.4,20.34,20.39,37700,767439.0
000818.SZ,2026-01-16 10:36:00,20.39,20.42,20.39,20.42,71600,1460635.0
000818.SZ,2026-01-16 10:37:00,20.42,20.43,20.4,20.43,17800,363494.0
000818.SZ,2026-01-16 10:38:00,20.42,20.42,20.39,20.4,54300,1107976.0
000818.SZ,2026-01-16 10:39:00,20.39,20.41,20.38,20.38,49800,1015445.0
000818.SZ,2026-01-16 10:40:00,20.38,20.4,20.38,20.4,47000,958417.0
000818.SZ,2026-01-16 10:41:00,20.4,20.41,20.39,20.4,46500,948628.0
000818.SZ,2026-01-16 10:42:00,20.4,20.4,20.39,20.4,14500,295740.0
000818.SZ,2026-01-16 10:43:00,20.39,20.4,20.39,20.39,30500,621967.0
000818.SZ,2026-01-16 10:44:00,20.39,20.39,20.38,20.39,51500,1049937.0
000818.SZ,2026-01-16 10:45:00,20.38,20.38,20.36,20.36,34100,694638.0
000818.SZ,2026-01-16 10:46:00,20.37,20.38,20.36,20.38,18900,385012.0
000818.SZ,2026-01-16 10:47:00,20.38,20.38,20.33,20.33,73100,1488183.0
000818.SZ,2026-01-16 10:48:00,20.33,20.34,20.31,20.31,96500,1961135.0
000818.SZ,2026-01-16 10:49:00,20.32,20.35,20.31,20.32,135300,2749479.0
000818.SZ,2026-01-16 10:50:00,20.33,20.34,20.32,20.34,36200,735856.0
000818.SZ,2026-01-16 10:51:00,20.34,20.35,20.33,20.35,22600,459796.0
000818.SZ,2026-01-16 10:52:00,20.35,20.36,20.34,20.35,30000,610414.0
000818.SZ,2026-01-16 10:53:00,20.34,20.34,20.31,20.31,69500,1412874.0
000818.SZ,2026-01-16 10:54:00,20.32,20.33,20.31,20.33,27800,564948.0
000818.SZ,2026-01-16 10:55:00,20.33,20.33,20.31,20.32,46600,946669.0
000818.SZ,2026-01-16 10:56:00,20.31,20.35,20.31,20.35,50500,1026444.0
000818.SZ,2026-01-16 10:57:00,20.35,20.35,20.33,20.33,30500,620363.0
000818.SZ,2026-01-16 10:58:00,20.33,20.34,20.32,20.33,47500,965683.0
000818.SZ,2026-01-16 10:59:00,20.34,20.34,20.33,20.34,67700,1376550.0
000818.SZ,2026-01-16 11:00:00,20.32,20.34,20.32,20.33,30100,611838.0
000818.SZ,2026-01-16 11:01:00,20.33,20.38,20.32,20.38,45700,929732.0
000818.SZ,2026-01-16 11:02:00,20.39,20.45,20.38,20.45,50500,1030151.0
000818.SZ,2026-01-16 11:03:00,20.45,20.45,20.43,20.45,45300,926240.0
000818.SZ,2026-01-16 11:04:00,20.44,20.44,20.4,20.41,27300,557676.0
000818.SZ,2026-01-16 11:05:00,20.43,20.45,20.43,20.45,30000,613219.0
000818.SZ,2026-01-16 11:06:00,20.44,20.48,20.44,20.45,30900,632314.0
000818.SZ,2026-01-16 11:07:00,20.46,20.46,20.43,20.44,58700,1199947.0
000818.SZ,2026-01-16 11:08:00,20.43,20.45,20.43,20.45,45500,930003.0
000818.SZ,2026-01-16 11:09:00,20.45,20.45,20.42,20.44,126900,2591171.0
000818.SZ,2026-01-16 11:10:00,20.45,20.46,20.44,20.46,29800,609225.0
000818.SZ,2026-01-16 11:11:00,20.46,20.46,20.43,20.43,33500,684624.0
000818.SZ,2026-01-16 11:12:00,20.43,20.44,20.41,20.41,35200,719052.0
000818.SZ,2026-01-16 11:13:00,20.41,20.43,20.4,20.42,35700,728639.0
000818.SZ,2026-01-16 11:14:00,20.41,20.42,20.38,20.41,50400,1028006.0
000818.SZ,2026-01-16 11:15:00,20.4,20.41,20.38,20.4,10200,208023.0
000818.SZ,2026-01-16 11:16:00,20.39,20.4,20.38,20.39,14300,291548.0
000818.SZ,2026-01-16 11:17:00,20.38,20.41,20.38,20.38,40200,819679.0
000818.SZ,2026-01-16 11:18:00,20.38,20.4,20.38,20.39,6200,126431.0
000818.SZ,2026-01-16 11:19:00,20.39,20.39,20.37,20.37,27800,566599.0
000818.SZ,2026-01-16 11:20:00,20.37,20.38,20.37,20.38,10300,209879.0
000818.SZ,2026-01-16 11:21:00,20.38,20.4,20.38,20.4,29700,605654.0
000818.SZ,2026-01-16 11:22:00,20.4,20.42,20.39,20.42,50800,1036415.0
000818.SZ,2026-01-16 11:23:00,20.41,20.45,20.4,20.45,47300,966583.0
000818.SZ,2026-01-16 11:24:00,20.46,20.46,20.44,20.44,14400,294591.0
000818.SZ,2026-01-16 11:25:00,20.45,20.46,20.43,20.46,43899,897385.56
000818.SZ,2026-01-16 11:26:00,20.45,20.5,20.45,20.48,59900,1226278.0
000818.SZ,2026-01-16 11:27:00,20.5,20.5,20.47,20.47,23500,481229.0
000818.SZ,2026-01-16 11:28:00,20.48,20.48,20.46,20.47,19300,395036.0
000818.SZ,2026-01-16 11:29:00,20.47,20.47,20.44,20.44,30400,621837.0
000818.SZ,2026-01-16 11:30:00,20.45,20.46,20.43,20.45,30400,621628.0
000818.SZ,2026-01-16 13:01:00,20.44,20.52,20.44,20.5,132671,2717082.5
000818.SZ,2026-01-16 13:02:00,20.49,20.49,20.48,20.48,24800,507899.0
000818.SZ,2026-01-16 13:03:00,20.49,20.49,20.47,20.47,25600,524339.0
000818.SZ,2026-01-16 13:04:00,20.47,20.49,20.47,20.47,50500,1034198.0
000818.SZ,2026-01-16 13:05:00,20.48,20.5,20.48,20.5,16500,337997.0
000818.SZ,2026-01-16 13:06:00,20.49,20.49,20.47,20.47,35900,735229.0
000818.SZ,2026-01-16 13:07:00,20.48,20.5,20.48,20.5,59000,1208872.0
000818.SZ,2026-01-16 13:08:00,20.5,20.5,20.49,20.49,21900,448830.0
000818.SZ,2026-01-16 13:09:00,20.49,20.52,20.49,20.51,33800,693128.0
000818.SZ,2026-01-16 13:10:00,20.52,20.55,20.52,20.54,95800,1967571.0
000818.SZ,2026-01-16 13:11:00,20.54,20.54,20.52,20.52,16500,338712.0
000818.SZ,2026-01-16 13:12:00,20.53,20.54,20.53,20.54,27000,554514.0
000818.SZ,2026-01-16 13:13:00,20.54,20.54,20.53,20.54,10700,219716.0
000818.SZ,2026-01-16 13:14:00,20.54,20.54,20.53,20.53,31600,649041.0
000818.SZ,2026-01-16 13:15:00,20.54,20.55,20.53,20.55,22200,456128.0
000818.SZ,2026-01-16 13:16:00,20.55,20.55,20.54,20.54,19700,404662.0
000818.SZ,2026-01-16 13:17:00,20.53,20.54,20.5,20.5,78600,1612125.0
000818.SZ,2026-01-16 13:18:00,20.49,20.5,20.49,20.5,29800,610762.0
000818.SZ,2026-01-16 13:19:00,20.5,20.5,20.48,20.48,18000,368738.0
000818.SZ,2026-01-16 13:20:00,20.48,20.52,20.48,20.52,25900,530809.0
000818.SZ,2026-01-16 13:21:00,20.51,20.51,20.48,20.48,38600,791139.0
000818.SZ,2026-01-16 13:22:00,20.49,20.5,20.49,20.5,22000,450822.0
000818.SZ,2026-01-16 13:23:00,20.49,20.51,20.49,20.51,22300,457196.0
000818.SZ,2026-01-16 13:24:00,20.5,20.51,20.5,20.5,16700,342453.0
000818.SZ,2026-01-16 13:25:00,20.5,20.54,20.49,20.54,34900,715732.0
000818.SZ,2026-01-16 13:26:00,20.54,20.59,20.53,20.59,144800,2978944.0
000818.SZ,2026-01-16 13:27:00,20.59,20.59,20.57,20.57,41400,852103.0
000818.SZ,2026-01-16 13:28:00,20.58,20.59,20.57,20.59,32200,662561.0
000818.SZ,2026-01-16 13:29:00,20.59,20.59,20.56,20.56,49900,1026983.0
000818.SZ,2026-01-16 13:30:00,20.56,20.57,20.55,20.55,21400,439882.0
000818.SZ,2026-01-16 13:31:00,20.57,20.57,20.54,20.56,26100,536366.0
000818.SZ,2026-01-16 13:32:00,20.55,20.58,20.55,20.58,41300,849124.0
000818.SZ,2026-01-16 13:33:00,20.58,20.59,20.58,20.59,35500,730645.0
000818.SZ,2026-01-16 13:34:00,20.59,20.59,20.56,20.58,65000,1337385.0
000818.SZ,2026-01-16 13:35:00,20.57,20.64,20.57,20.63,127100,2618460.0
000818.SZ,2026-01-16 13:36:00,20.64,20.64,20.62,20.62,39000,804558.0
000818.SZ,2026-01-16 13:37:00,20.62,20.64,20.62,20.64,69878,1441393.4
000818.SZ,2026-01-16 13:38:00,20.63,20.64,20.63,20.63,20200,416770.0
000818.SZ,2026-01-16 13:39:00,20.64,20.65,20.64,20.65,71800,1482492.0
000818.SZ,2026-01-16 13:40:00,20.66,20.68,20.66,20.68,37400,772890.0
000818.SZ,2026-01-16 13:41:00,20.68,20.7,20.68,20.69,102200,2114425.0
000818.SZ,2026-01-16 13:42:00,20.69,20.7,20.69,20.69,40200,831883.0
000818.SZ,2026-01-16 13:43:00,20.7,20.7,20.67,20.68,57500,1189193.0
000818.SZ,2026-01-16 13:44:00,20.68,20.69,20.66,20.66,43200,893265.0
000818.SZ,2026-01-16 13:45:00,20.66,20.68,20.66,20.66,23100,477421.0
000818.SZ,2026-01-16 13:46:00,20.66,20.7,20.66,20.7,52800,1092091.0
000818.SZ,2026-01-16 13:47:00,20.7,20.7,20.69,20.69,53800,1113157.0
000818.SZ,2026-01-16 13:48:00,20.69,20.7,20.69,20.7,24500,506986.0
000818.SZ,2026-01-16 13:49:00,20.69,20.74,20.69,20.73,93700,1940565.0
000818.SZ,2026-01-16 13:50:00,20.74,20.74,20.71,20.71,84900,1759442.0
000818.SZ,2026-01-16 13:51:00,20.71,20.72,20.67,20.68,51800,1071938.0
000818.SZ,2026-01-16 13:52:00,20.67,20.67,20.62,20.62,62000,1280257.0
000818.SZ,2026-01-16 13:53:00,20.62,20.63,20.61,20.61,43400,894612.0
000818.SZ,2026-01-16 13:54:00,20.62,20.65,20.61,20.64,36820,759458.4
000818.SZ,2026-01-16 13:55:00,20.65,20.65,20.63,20.64,29900,617287.0
000818.SZ,2026-01-16 13:56:00,20.64,20.64,20.63,20.63,28600,590025.0
000818.SZ,2026-01-16 13:57:00,20.64,20.64,20.63,20.64,13400,276532.0
000818.SZ,2026-01-16 13:58:00,20.64,20.64,20.63,20.64,19400,400267.0
000818.SZ,2026-01-16 13:59:00,20.64,20.66,20.64,20.64,27300,563621.0
000818.SZ,2026-01-16 14:00:00,20.66,20.66,20.65,20.65,17300,357337.0
000818.SZ,2026-01-16 14:01:00,20.65,20.65,20.63,20.63,25600,528473.0
000818.SZ,2026-01-16 14:02:00,20.64,20.66,20.64,20.65,17200,355160.0
000818.SZ,2026-01-16 14:03:00,20.64,20.64,20.6,20.6,77300,1593389.0
000818.SZ,2026-01-16 14:04:00,20.61,20.63,20.6,20.61,18100,373084.0
000818.SZ,2026-01-16 14:05:00,20.61,20.62,20.6,20.6,32600,671805.0
000818.SZ,2026-01-16 14:06:00,20.6,20.6,20.59,20.6,47700,982300.0
000818.SZ,2026-01-16 14:07:00,20.59,20.6,20.58,20.58,26400,543441.0
000818.SZ,2026-01-16 14:08:00,20.58,20.62,20.58,20.62,33600,692128.0
000818.SZ,2026-01-16 14:09:00,20.62,20.63,20.61,20.63,8500,175279.0
000818.SZ,2026-01-16 14:10:00,20.63,20.63,20.62,20.63,16700,344447.0
000818.SZ,2026-01-16 14:11:00,20.62,20.62,20.58,20.59,34800,716829.0
000818.SZ,2026-01-16 14:12:00,20.62,20.62,20.58,20.58,24500,504636.0
000818.SZ,2026-01-16 14:13:00,20.59,20.61,20.58,20.6,18100,372664.0
000818.SZ,2026-01-16 14:14:00,20.58,20.6,20.58,20.59,12700,261546.0
000818.SZ,2026-01-16 14:15:00,20.6,20.6,20.58,20.59,24700,508740.0
000818.SZ,2026-01-16 14:16:00,20.59,20.6,20.58,20.58,28000,576284.0
000818.SZ,2026-01-16 14:17:00,20.58,20.58,20.57,20.58,17900,368294.0
000818.SZ,2026-01-16 14:18:00,20.6,20.6,20.57,20.57,18900,388868.0
000818.SZ,2026-01-16 14:19:00,20.57,20.6,20.57,20.59,39600,814853.0
000818.SZ,2026-01-16 14:20:00,20.6,20.6,20.59,20.59,16000,329557.0
000818.SZ,2026-01-16 14:21:00,20.59,20.6,20.58,20.58,24900,512568.0
000818.SZ,2026-01-16 14:22:00,20.6,20.6,20.58,20.59,12800,263627.0
000818.SZ,2026-01-16 14:23:00,20.59,20.59,20.58,20.59,13100,269725.0
000818.SZ,2026-01-16 14:24:00,20.6,20.6,20.59,20.59,11800,242977.0
000818.SZ,2026-01-16 14:25:00,20.59,20.6,20.59,20.59,12800,263540.0
000818.SZ,2026-01-16 14:26:00,20.58,20.6,20.58,20.6,32300,664938.0
000818.SZ,2026-01-16 14:27:00,20.6,20.6,20.58,20.58,43900,903575.0
000818.SZ,2026-01-16 14:28:00,20.58,20.59,20.57,20.58,34500,709903.0
000818.SZ,2026-01-16 14:29:00,20.59,20.59,20.57,20.58,18200,374583.0
000818.SZ,2026-01-16 14:30:00,20.58,20.59,20.57,20.57,15700,323137.0
000818.SZ,2026-01-16 14:31:00,20.56,20.56,20.54,20.54,73800,1517164.0
000818.SZ,2026-01-16 14:32:00,20.55,20.56,20.54,20.55,14100,289762.0
000818.SZ,2026-01-16 14:33:00,20.55,20.56,20.54,20.54,18200,373977.0
000818.SZ,2026-01-16 14:34:00,20.54,20.57,20.54,20.56,33400,686268.0
000818.SZ,2026-01-16 14:35:00,20.56,20.59,20.56,20.59,41800,859701.0
000818.SZ,2026-01-16 14:36:00,20.57,20.59,20.57,20.57,16200,333427.0
000818.SZ,2026-01-16 14:37:00,20.57,20.57,20.55,20.55,41700,857423.0
000818.SZ,2026-01-16 14:38:00,20.56,20.56,20.53,20.53,45500,934714.0
000818.SZ,2026-01-16 14:39:00,20.54,20.54,20.52,20.52,37900,778101.0
000818.SZ,2026-01-16 14:40:00,20.52,20.54,20.52,20.53,36700,753281.0
000818.SZ,2026-01-16 14:41:00,20.53,20.53,20.51,20.52,15000,307809.0
000818.SZ,2026-01-16 14:42:00,20.51,20.52,20.51,20.51,22900,469817.0
000818.SZ,2026-01-16 14:43:00,20.52,20.52,20.51,20.51,71200,1460480.0
000818.SZ,2026-01-16 14:44:00,20.52,20.53,20.51,20.53,61300,1257804.0
000818.SZ,2026-01-16 14:45:00,20.52,20.53,20.52,20.53,19300,396210.0
000818.SZ,2026-01-16 14:46:00,20.53,20.53,20.52,20.52,46400,952175.0
000818.SZ,2026-01-16 14:47:00,20.52,20.54,20.52,20.54,55000,1129126.0
000818.SZ,2026-01-16 14:48:00,20.53,20.54,20.52,20.53,43000,882800.0
000818.SZ,2026-01-16 14:49:00,20.53,20.54,20.52,20.54,36400,747317.0
000818.SZ,2026-01-16 14:50:00,20.53,20.54,20.52,20.54,80600,1654284.0
000818.SZ,2026-01-16 14:51:00,20.53,20.55,20.53,20.55,110491,2269525.2
000818.SZ,2026-01-16 14:52:00,20.54,20.55,20.54,20.55,66100,1358047.0
000818.SZ,2026-01-16 14:53:00,20.54,20.55,20.53,20.54,67500,1386469.0
000818.SZ,2026-01-16 14:54:00,20.54,20.55,20.54,20.55,77300,1588253.0
000818.SZ,2026-01-16 14:55:00,20.55,20.57,20.54,20.55,59100,1214849.0
000818.SZ,2026-01-16 14:56:00,20.56,20.57,20.54,20.56,108100,2221895.0
000818.SZ,2026-01-16 14:57:00,20.56,20.57,20.54,20.56,81900,1683397.0
000818.SZ,2026-01-16 14:58:00,20.56,20.56,20.56,20.56,0,0.0
000818.SZ,2026-01-16 14:59:00,20.56,20.56,20.56,20.56,0,0.0
000818.SZ,2026-01-16 15:00:00,20.56,20.56,20.56,20.56,149100,3065496.0
000818.SZ,2026-01-19 09:30:00,20.4,20.41,20.39,20.39,50900,1038350.0
000818.SZ,2026-01-19 09:31:00,20.39,20.39,20.32,20.39,182600,3719819.0
000818.SZ,2026-01-19 09:32:00,20.39,20.49,20.35,20.37,239600,4880608.0
000818.SZ,2026-01-19 09:33:00,20.35,20.35,20.19,20.23,380800,7723750.0
000818.SZ,2026-01-19 09:34:00,20.26,20.26,20.2,20.2,113900,2302761.0
000818.SZ,2026-01-19 09:35:00,20.21,20.21,20.14,20.15,224800,4538957.0
000818.SZ,2026-01-19 09:36:00,20.15,20.24,20.15,20.24,179600,3625497.0
000818.SZ,2026-01-19 09:37:00,20.24,20.32,20.24,20.3,104000,2107994.0
000818.SZ,2026-01-19 09:38:00,20.27,20.31,20.25,20.25,100100,2030225.0
000818.SZ,2026-01-19 09:39:00,20.25,20.27,20.2,20.23,164300,3324872.0
000818.SZ,2026-01-19 09:40:00,20.24,20.32,20.24,20.32,56800,1151304.0
000818.SZ,2026-01-19 09:41:00,20.35,20.43,20.35,20.41,125300,2553384.0
000818.SZ,2026-01-19 09:42:00,20.4,20.4,20.36,20.37,78300,1595879.0
000818.SZ,2026-01-19 09:43:00,20.36,20.36,20.33,20.33,61900,1259640.0
000818.SZ,2026-01-19 09:44:00,20.32,20.33,20.26,20.27,113700,2308404.2
000818.SZ,2026-01-19 09:45:00,20.27,20.36,20.26,20.35,91793,1862621.0
000818.SZ,2026-01-19 09:46:00,20.34,20.38,20.33,20.38,211000,4293762.0
000818.SZ,2026-01-19 09:47:00,20.39,20.41,20.38,20.39,59900,1221516.0
000818.SZ,2026-01-19 09:48:00,20.38,20.38,20.36,20.36,30100,613246.0
000818.SZ,2026-01-19 09:49:00,20.36,20.37,20.34,20.35,55700,1134275.0
000818.SZ,2026-01-19 09:50:00,20.35,20.39,20.34,20.34,117600,2393842.0
000818.SZ,2026-01-19 09:51:00,20.38,20.42,20.36,20.42,62500,1274087.0
000818.SZ,2026-01-19 09:52:00,20.42,20.43,20.4,20.42,42200,861446.0
000818.SZ,2026-01-19 09:53:00,20.43,20.47,20.43,20.47,80400,1644657.0
000818.SZ,2026-01-19 09:54:00,20.47,20.52,20.47,20.52,91300,1871058.0
000818.SZ,2026-01-19 09:55:00,20.53,20.54,20.49,20.54,187500,3848043.0
000818.SZ,2026-01-19 09:56:00,20.54,20.55,20.5,20.52,169100,3471648.0
000818.SZ,2026-01-19 09:57:00,20.51,20.52,20.48,20.5,202400,4149614.0
000818.SZ,2026-01-19 09:58:00,20.5,20.52,20.49,20.51,50000,1025382.0
000818.SZ,2026-01-19 09:59:00,20.51,20.53,20.49,20.53,76200,1562894.0
000818.SZ,2026-01-19 10:00:00,20.54,20.54,20.51,20.53,66400,1362461.0
000818.SZ,2026-01-19 10:01:00,20.54,20.55,20.51,20.52,48700,999683.0
000818.SZ,2026-01-19 10:02:00,20.52,20.52,20.49,20.49,36300,744279.0
000818.SZ,2026-01-19 10:03:00,20.5,20.54,20.5,20.54,40900,839421.0
000818.SZ,2026-01-19 10:04:00,20.53,20.54,20.51,20.52,67200,1378781.0
000818.SZ,2026-01-19 10:05:00,20.53,20.55,20.48,20.48,90800,1862748.0
000818.SZ,2026-01-19 10:06:00,20.49,20.51,20.49,20.51,49800,1020952.0
000818.SZ,2026-01-19 10:07:00,20.51,20.52,20.49,20.49,61300,1256773.0
000818.SZ,2026-01-19 10:08:00,20.5,20.54,20.5,20.53,56200,1153143.0
000818.SZ,2026-01-19 10:09:00,20.53,20.56,20.52,20.52,186600,3833641.0
000818.SZ,2026-01-19 10:10:00,20.51,20.54,20.51,20.54,22900,470119.0
000818.SZ,2026-01-19 10:11:00,20.53,20.56,20.53,20.56,105700,2171940.0
000818.SZ,2026-01-19 10:12:00,20.56,20.57,20.54,20.54,200500,4120418.0
000818.SZ,2026-01-19 10:13:00,20.55,20.55,20.51,20.51,193300,3969780.0
000818.SZ,2026-01-19 10:14:00,20.51,20.53,20.51,20.53,35600,730360.0
000818.SZ,2026-01-19 10:15:00,20.52,20.55,20.52,20.53,41000,841656.0
000818.SZ,2026-01-19 10:16:00,20.51,20.52,20.5,20.52,29600,607136.0
000818.SZ,2026-01-19 10:17:00,20.52,20.54,20.52,20.53,23600,484358.0
000818.SZ,2026-01-19 10:18:00,20.53,20.54,20.52,20.52,20600,422870.0
000818.SZ,2026-01-19 10:19:00,20.52,20.53,20.51,20.53,37200,763191.0
000818.SZ,2026-01-19 10:20:00,20.51,20.55,20.51,20.54,36900,757661.0
000818.SZ,2026-01-19 10:21:00,20.54,20.55,20.52,20.52,42400,870574.0
000818.SZ,2026-01-19 10:22:00,20.52,20.55,20.52,20.52,18000,369696.0
000818.SZ,2026-01-19 10:23:00,20.53,20.54,20.52,20.52,41300,847655.0
000818.SZ,2026-01-19 10:24:00,20.53,20.54,20.51,20.51,35800,734876.0
000818.SZ,2026-01-19 10:25:00,20.54,20.55,20.53,20.53,41100,844071.0
000818.SZ,2026-01-19 10:26:00,20.53,20.54,20.53,20.53,25000,513425.0
000818.SZ,2026-01-19 10:27:00,20.54,20.54,20.52,20.52,21500,441364.0
000818.SZ,2026-01-19 10:28:00,20.53,20.55,20.52,20.54,60300,1238393.0
000818.SZ,2026-01-19 10:29:00,20.54,20.55,20.52,20.54,23000,472373.0
000818.SZ,2026-01-19 10:30:00,20.53,20.55,20.53,20.54,16000,328675.0
000818.SZ,2026-01-19 10:31:00,20.53,20.54,20.52,20.52,57400,1178277.0
000818.SZ,2026-01-19 10:32:00,20.51,20.55,20.51,20.52,23500,482283.0
000818.SZ,2026-01-19 10:33:00,20.54,20.54,20.5,20.51,57900,1187449.0
000818.SZ,2026-01-19 10:34:00,20.5,20.5,20.47,20.47,55400,1134884.0
000818.SZ,2026-01-19 10:35:00,20.46,20.46,20.45,20.45,48900,1000212.0
000818.SZ,2026-01-19 10:36:00,20.45,20.47,20.45,20.47,27700,566777.0
000818.SZ,2026-01-19 10:37:00,20.47,20.47,20.45,20.45,22200,454219.0
000818.SZ,2026-01-19 10:38:00,20.46,20.48,20.46,20.48,13300,272207.0
000818.SZ,2026-01-19 10:39:00,20.48,20.48,20.43,20.45,39600,810246.0
000818.SZ,2026-01-19 10:40:00,20.46,20.46,20.41,20.41,30900,631346.0
000818.SZ,2026-01-19 10:41:00,20.41,20.41,20.4,20.41,55100,1124403.0
000818.SZ,2026-01-19 10:42:00,20.4,20.4,20.38,20.38,26700,544431.0
000818.SZ,2026-01-19 10:43:00,20.39,20.39,20.36,20.36,60700,1236581.0
000818.SZ,2026-01-19 10:44:00,20.36,20.41,20.36,20.41,48900,996128.0
000818.SZ,2026-01-19 10:45:00,20.4,20.42,20.39,20.4,77800,1588769.0
000818.SZ,2026-01-19 10:46:00,20.4,20.44,20.4,20.44,12100,247023.0
000818.SZ,2026-01-19 10:47:00,20.44,20.44,20.43,20.44,8000,163473.0
000818.SZ,2026-01-19 10:48:00,20.44,20.46,20.44,20.45,14700,300649.0
000818.SZ,2026-01-19 10:49:00,20.46,20.46,20.42,20.46,20000,408797.0
000818.SZ,2026-01-19 10:50:00,20.46,20.46,20.44,20.44,22300,455965.0
000818.SZ,2026-01-19 10:51:00,20.43,20.45,20.43,20.45,17500,357813.0
000818.SZ,2026-01-19 10:52:00,20.44,20.45,20.44,20.45,22900,468140.0
000818.SZ,2026-01-19 10:53:00,20.44,20.45,20.43,20.45,22600,462067.0
000818.SZ,2026-01-19 10:54:00,20.45,20.45,20.43,20.45,8900,181928.0
000818.SZ,2026-01-19 10:55:00,20.43,20.45,20.43,20.44,11500,235075.0
000818.SZ,2026-01-19 10:56:00,20.45,20.45,20.44,20.45,3900,79752.0
000818.SZ,2026-01-19 10:57:00,20.45,20.45,20.43,20.45,90200,1843053.0
000818.SZ,2026-01-19 10:58:00,20.45,20.45,20.44,20.44,17500,357745.0
000818.SZ,2026-01-19 10:59:00,20.44,20.44,20.41,20.41,22800,465638.0
000818.SZ,2026-01-19 11:00:00,20.41,20.43,20.41,20.42,23000,469561.0
000818.SZ,2026-01-19 11:01:00,20.42,20.44,20.41,20.43,16600,339088.0
000818.SZ,2026-01-19 11:02:00,20.44,20.46,20.43,20.45,16000,327173.0
000818.SZ,2026-01-19 11:03:00,20.46,20.47,20.45,20.46,22200,454252.0
000818.SZ,2026-01-19 11:04:00,20.45,20.47,20.45,20.47,12000,245518.0
000818.SZ,2026-01-19 11:05:00,20.46,20.48,20.46,20.48,14700,300929.0
000818.SZ,2026-01-19 11:06:00,20.47,20.48,20.45,20.46,42700,873546.0
000818.SZ,2026-01-19 11:07:00,20.45,20.49,20.45,20.49,40600,830815.0
000818.SZ,2026-01-19 11:08:00,20.46,20.49,20.46,20.47,46500,951983.0
000818.SZ,2026-01-19 11:09:00,20.47,20.47,20.46,20.46,10000,204633.0
000818.SZ,2026-01-19 11:10:00,20.46,20.47,20.46,20.46,15900,325353.0
000818.SZ,2026-01-19 11:11:00,20.47,20.48,20.45,20.47,38900,796183.0
000818.SZ,2026-01-19 11:12:00,20.46,20.47,20.45,20.46,39700,812253.0
000818.SZ,2026-01-19 11:13:00,20.46,20.48,20.45,20.48,84400,1726895.0
000818.SZ,2026-01-19 11:14:00,20.48,20.49,20.48,20.48,12199,249891.52
000818.SZ,2026-01-19 11:15:00,20.49,20.5,20.48,20.49,21500,440580.0
000818.SZ,2026-01-19 11:16:00,20.49,20.5,20.47,20.48,47901,981103.5
000818.SZ,2026-01-19 11:17:00,20.47,20.49,20.46,20.49,22200,454445.03
000818.SZ,2026-01-19 11:18:00,20.49,20.49,20.46,20.47,5600,114676.0
000818.SZ,2026-01-19 11:19:00,20.47,20.48,20.47,20.48,20600,421713.0
000818.SZ,2026-01-19 11:20:00,20.49,20.5,20.48,20.5,12700,260223.0
000818.SZ,2026-01-19 11:21:00,20.49,20.5,20.49,20.49,20900,428366.0
000818.SZ,2026-01-19 11:22:00,20.49,20.49,20.45,20.45,59000,1207923.0
000818.SZ,2026-01-19 11:23:00,20.45,20.48,20.45,20.45,25800,527756.0
000818.SZ,2026-01-19 11:24:00,20.45,20.48,20.44,20.46,28600,584759.0
000818.SZ,2026-01-19 11:25:00,20.47,20.47,20.43,20.45,22300,455976.0
000818.SZ,2026-01-19 11:26:00,20.45,20.46,20.44,20.45,7100,145199.0
000818.SZ,2026-01-19 11:27:00,20.45,20.47,20.45,20.46,9200,188197.0
000818.SZ,2026-01-19 11:28:00,20.47,20.47,20.45,20.46,23700,484926.0
000818.SZ,2026-01-19 11:29:00,20.45,20.46,20.44,20.45,16500,337469.0
000818.SZ,2026-01-19 11:30:00,20.44,20.47,20.44,20.47,14500,296494.0
000818.SZ,2026-01-19 13:01:00,20.45,20.49,20.45,20.46,58400,1195142.0
000818.SZ,2026-01-19 13:02:00,20.47,20.49,20.46,20.47,18000,368491.0
000818.SZ,2026-01-19 13:03:00,20.46,20.47,20.45,20.47,23300,476644.0
000818.SZ,2026-01-19 13:04:00,20.47,20.47,20.46,20.47,5200,106428.0
000818.SZ,2026-01-19 13:05:00,20.46,20.47,20.46,20.46,44900,918997.0
000818.SZ,2026-01-19 13:06:00,20.46,20.48,20.46,20.47,18900,386907.0
000818.SZ,2026-01-19 13:07:00,20.47,20.48,20.46,20.46,27200,556925.0
000818.SZ,2026-01-19 13:08:00,20.47,20.5,20.47,20.5,16000,327707.0
000818.SZ,2026-01-19 13:09:00,20.5,20.5,20.48,20.48,16100,329815.0
000818.SZ,2026-01-19 13:10:00,20.49,20.5,20.48,20.5,14900,305337.0
000818.SZ,2026-01-19 13:11:00,20.5,20.51,20.49,20.5,32800,672434.0
000818.SZ,2026-01-19 13:12:00,20.5,20.5,20.47,20.47,48500,993749.0
000818.SZ,2026-01-19 13:13:00,20.47,20.49,20.47,20.49,21400,438180.0
000818.SZ,2026-01-19 13:14:00,20.47,20.51,20.47,20.51,59600,1221501.0
000818.SZ,2026-01-19 13:15:00,20.49,20.52,20.49,20.51,33900,695265.0
000818.SZ,2026-01-19 13:16:00,20.51,20.54,20.51,20.52,73300,1504353.0
000818.SZ,2026-01-19 13:17:00,20.53,20.53,20.51,20.52,36900,757164.0
000818.SZ,2026-01-19 13:18:00,20.52,20.54,20.52,20.54,30800,632161.0
000818.SZ,2026-01-19 13:19:00,20.54,20.55,20.52,20.52,37300,766063.0
000818.SZ,2026-01-19 13:20:00,20.52,20.53,20.51,20.52,23000,471953.0
000818.SZ,2026-01-19 13:21:00,20.53,20.53,20.51,20.53,11300,231882.0
000818.SZ,2026-01-19 13:22:00,20.52,20.53,20.51,20.51,11000,225703.0
000818.SZ,2026-01-19 13:23:00,20.52,20.52,20.51,20.52,4600,94371.0
000818.SZ,2026-01-19 13:24:00,20.51,20.52,20.5,20.5,22300,457364.0
000818.SZ,2026-01-19 13:25:00,20.51,20.51,20.5,20.51,11900,244011.0
000818.SZ,2026-01-19 13:26:00,20.5,20.52,20.5,20.51,23400,479961.0
000818.SZ,2026-01-19 13:27:00,20.52,20.53,20.5,20.5,33100,679243.0
000818.SZ,2026-01-19 13:28:00,20.52,20.52,20.5,20.5,22100,453079.0
000818.SZ,2026-01-19 13:29:00,20.5,20.5,20.48,20.48,21500,440467.0
000818.SZ,2026-01-19 13:30:00,20.48,20.49,20.47,20.49,20500,419776.0
000818.SZ,2026-01-19 13:31:00,20.48,20.51,20.48,20.5,20700,424296.0
000818.SZ,2026-01-19 13:32:00,20.5,20.51,20.5,20.51,9900,203031.0
000818.SZ,2026-01-19 13:33:00,20.52,20.52,20.5,20.52,21600,443126.0
000818.SZ,2026-01-19 13:34:00,20.51,20.52,20.51,20.52,13600,278989.0
000818.SZ,2026-01-19 13:35:00,20.5,20.51,20.48,20.48,22500,461213.0
000818.SZ,2026-01-19 13:36:00,20.48,20.49,20.47,20.48,17400,356317.0
000818.SZ,2026-01-19 13:37:00,20.47,20.49,20.47,20.49,11900,243699.0
000818.SZ,2026-01-19 13:38:00,20.49,20.49,20.47,20.48,15200,311259.0
000818.SZ,2026-01-19 13:39:00,20.48,20.49,20.47,20.49,36600,749329.0
000818.SZ,2026-01-19 13:40:00,20.49,20.49,20.47,20.47,22400,458800.0
000818.SZ,2026-01-19 13:41:00,20.47,20.48,20.46,20.47,28200,577265.0
000818.SZ,2026-01-19 13:42:00,20.47,20.48,20.46,20.48,18600,380680.0
000818.SZ,2026-01-19 13:43:00,20.48,20.48,20.47,20.47,2700,55270.0
000818.SZ,2026-01-19 13:44:00,20.48,20.48,20.47,20.47,30700,628647.0
000818.SZ,2026-01-19 13:45:00,20.46,20.47,20.46,20.46,6600,135059.0
000818.SZ,2026-01-19 13:46:00,20.46,20.47,20.46,20.47,19300,394963.0
000818.SZ,2026-01-19 13:47:00,20.47,20.47,20.45,20.46,23400,478726.0
000818.SZ,2026-01-19 13:48:00,20.45,20.48,20.45,20.46,18500,378606.0
000818.SZ,2026-01-19 13:49:00,20.46,20.47,20.45,20.46,13000,265943.0
000818.SZ,2026-01-19 13:50:00,20.46,20.46,20.45,20.46,23900,488868.0
000818.SZ,2026-01-19 13:51:00,20.45,20.46,20.43,20.43,102200,2089447.0
000818.SZ,2026-01-19 13:52:00,20.44,20.44,20.43,20.43,32300,659904.0
000818.SZ,2026-01-19 13:53:00,20.42,20.42,20.41,20.41,58200,1188007.0
000818.SZ,2026-01-19 13:54:00,20.41,20.41,20.4,20.4,54900,1120022.0
000818.SZ,2026-01-19 13:55:00,20.4,20.41,20.39,20.41,33200,677307.0
000818.SZ,2026-01-19 13:56:00,20.39,20.43,20.39,20.41,27200,555155.0
000818.SZ,2026-01-19 13:57:00,20.42,20.43,20.4,20.41,29700,606248.0
000818.SZ,2026-01-19 13:58:00,20.4,20.4,20.38,20.38,90000,1835022.0
000818.SZ,2026-01-19 13:59:00,20.38,20.44,20.38,20.43,123900,2527288.0
000818.SZ,2026-01-19 14:00:00,20.44,20.45,20.41,20.42,25900,529020.0
000818.SZ,2026-01-19 14:01:00,20.42,20.42,20.39,20.4,38200,779181.0
000818.SZ,2026-01-19 14:02:00,20.41,20.44,20.39,20.44,42601,870020.4
000818.SZ,2026-01-19 14:03:00,20.44,20.44,20.41,20.41,22900,467771.0
000818.SZ,2026-01-19 14:04:00,20.41,20.43,20.41,20.43,8300,169466.0
000818.SZ,2026-01-19 14:05:00,20.43,20.44,20.42,20.44,6600,134865.0
000818.SZ,2026-01-19 14:06:00,20.43,20.44,20.43,20.43,8600,175730.0
000818.SZ,2026-01-19 14:07:00,20.43,20.44,20.43,20.43,18500,378023.0
000818.SZ,2026-01-19 14:08:00,20.44,20.45,20.44,20.45,28800,588903.0
000818.SZ,2026-01-19 14:09:00,20.45,20.45,20.43,20.45,13900,284144.0
000818.SZ,2026-01-19 14:10:00,20.46,20.47,20.44,20.46,18300,374315.0
000818.SZ,2026-01-19 14:11:00,20.45,20.47,20.44,20.45,11100,227001.0
000818.SZ,2026-01-19 14:12:00,20.46,20.46,20.44,20.45,13900,284323.0
000818.SZ,2026-01-19 14:13:00,20.45,20.47,20.45,20.45,24600,503211.0
000818.SZ,2026-01-19 14:14:00,20.45,20.46,20.45,20.45,1600,32725.0
000818.SZ,2026-01-19 14:15:00,20.45,20.47,20.45,20.47,32800,671095.0
000818.SZ,2026-01-19 14:16:00,20.47,20.48,20.47,20.47,12400,253884.0
000818.SZ,2026-01-19 14:17:00,20.48,20.48,20.47,20.48,14400,294814.0
000818.SZ,2026-01-19 14:18:00,20.48,20.48,20.46,20.46,9700,198575.0
000818.SZ,2026-01-19 14:19:00,20.48,20.48,20.46,20.47,12600,257906.0
000818.SZ,2026-01-19 14:20:00,20.46,20.47,20.45,20.47,31200,638337.0
000818.SZ,2026-01-19 14:21:00,20.47,20.48,20.46,20.48,14000,286550.0
000818.SZ,2026-01-19 14:22:00,20.47,20.47,20.46,20.47,23700,485138.0
000818.SZ,2026-01-19 14:23:00,20.47,20.47,20.46,20.47,8600,176033.0
000818.SZ,2026-01-19 14:24:00,20.48,20.48,20.47,20.48,24800,507733.0
000818.SZ,2026-01-19 14:25:00,20.48,20.48,20.46,20.47,26700,546423.0
000818.SZ,2026-01-19 14:26:00,20.47,20.48,20.46,20.48,24600,503504.0
000818.SZ,2026-01-19 14:27:00,20.47,20.48,20.46,20.47,23100,472717.0
000818.SZ,2026-01-19 14:28:00,20.47,20.47,20.46,20.46,35200,720341.0
000818.SZ,2026-01-19 14:29:00,20.45,20.46,20.45,20.45,38300,783274.0
000818.SZ,2026-01-19 14:30:00,20.45,20.46,20.44,20.46,44100,901809.0
000818.SZ,2026-01-19 14:31:00,20.47,20.47,20.45,20.46,23700,484965.0
000818.SZ,2026-01-19 14:32:00,20.45,20.46,20.44,20.45,20600,421255.0
000818.SZ,2026-01-19 14:33:00,20.46,20.46,20.44,20.44,18500,378193.0
000818.SZ,2026-01-19 14:34:00,20.44,20.46,20.44,20.46,13300,271983.0
000818.SZ,2026-01-19 14:35:00,20.45,20.46,20.45,20.45,37100,758827.0
000818.SZ,2026-01-19 14:36:00,20.45,20.45,20.43,20.43,68400,1398300.0
000818.SZ,2026-01-19 14:37:00,20.44,20.45,20.44,20.44,18400,376162.0
000818.SZ,2026-01-19 14:38:00,20.45,20.45,20.43,20.44,25000,510881.0
000818.SZ,2026-01-19 14:39:00,20.43,20.45,20.43,20.44,45600,932041.0
000818.SZ,2026-01-19 14:40:00,20.44,20.45,20.44,20.45,100200,2048346.0
000818.SZ,2026-01-19 14:41:00,20.45,20.45,20.44,20.45,30300,619507.0
000818.SZ,2026-01-19 14:42:00,20.44,20.46,20.44,20.45,31900,652334.0
000818.SZ,2026-01-19 14:43:00,20.45,20.45,20.44,20.45,13100,267836.0
000818.SZ,2026-01-19 14:44:00,20.44,20.45,20.43,20.44,70000,1430812.0
000818.SZ,2026-01-19 14:45:00,20.44,20.45,20.43,20.44,32500,664306.0
000818.SZ,2026-01-19 14:46:00,20.43,20.44,20.43,20.44,28400,580435.0
000818.SZ,2026-01-19 14:47:00,20.43,20.44,20.43,20.44,35600,727634.0
000818.SZ,2026-01-19 14:48:00,20.44,20.45,20.43,20.44,20700,423045.0
000818.SZ,2026-01-19 14:49:00,20.44,20.45,20.43,20.45,62100,1269431.0
000818.SZ,2026-01-19 14:50:00,20.45,20.45,20.44,20.45,43400,887238.0
000818.SZ,2026-01-19 14:51:00,20.45,20.45,20.44,20.45,68500,1400378.0
000818.SZ,2026-01-19 14:52:00,20.44,20.45,20.44,20.45,29200,596988.0
000818.SZ,2026-01-19 14:53:00,20.44,20.45,20.44,20.45,42400,866869.0
000818.SZ,2026-01-19 14:54:00,20.44,20.46,20.44,20.45,71200,1455892.0
000818.SZ,2026-01-19 14:55:00,20.44,20.46,20.44,20.45,96200,1967204.0
000818.SZ,2026-01-19 14:56:00,20.46,20.46,20.45,20.45,77800,1591228.0
000818.SZ,2026-01-19 14:57:00,20.45,20.47,20.45,20.47,87900,1798412.0
000818.SZ,2026-01-19 14:58:00,20.47,20.47,20.47,20.47,0,0.0
000818.SZ,2026-01-19 14:59:00,20.47,20.47,20.47,20.47,0,0.0
000818.SZ,2026-01-19 15:00:00,20.45,20.45,20.45,20.45,96900,1981605.0
000818.SZ,2026-01-20 09:30:00,20.45,20.45,20.45,20.45,42600,871170.0
000818.SZ,2026-01-20 09:31:00,20.46,20.65,20.46,20.6,154200,3171209.0
000818.SZ,2026-01-20 09:32:00,20.57,20.63,20.55,20.63,217300,4474809.0
000818.SZ,2026-01-20 09:33:00,20.59,20.65,20.59,20.64,96200,1984308.0
000818.SZ,2026-01-20 09:34:00,20.65,20.69,20.62,20.69,186400,3848978.0
000818.SZ,2026-01-20 09:35:00,20.69,20.7,20.64,20.64,139200,2877839.0
000818.SZ,2026-01-20 09:36:00,20.66,20.73,20.66,20.7,235500,4876010.0
000818.SZ,2026-01-20 09:37:00,20.7,20.74,20.66,20.74,299300,6195489.0
000818.SZ,2026-01-20 09:38:00,20.74,20.75,20.69,20.69,219200,4541809.0
000818.SZ,2026-01-20 09:39:00,20.7,20.75,20.68,20.75,270400,5599392.0
000818.SZ,2026-01-20 09:40:00,20.75,20.75,20.66,20.66,281900,5838033.0
000818.SZ,2026-01-20 09:41:00,20.65,20.66,20.63,20.66,132900,2743930.0
000818.SZ,2026-01-20 09:42:00,20.63,20.69,20.63,20.69,77200,1595121.0
000818.SZ,2026-01-20 09:43:00,20.69,20.69,20.65,20.67,57500,1188804.0
000818.SZ,2026-01-20 09:44:00,20.67,20.68,20.64,20.65,67200,1388011.0
000818.SZ,2026-01-20 09:45:00,20.65,20.65,20.63,20.65,64400,1329458.0
000818.SZ,2026-01-20 09:46:00,20.64,20.66,20.64,20.65,72200,1490329.0
000818.SZ,2026-01-20 09:47:00,20.65,20.68,20.65,20.68,78800,1628104.0
000818.SZ,2026-01-20 09:48:00,20.68,20.71,20.66,20.71,106200,2196246.0
000818.SZ,2026-01-20 09:49:00,20.7,20.81,20.7,20.79,360000,7475591.0
000818.SZ,2026-01-20 09:50:00,20.81,20.83,20.78,20.78,202900,4220326.0
000818.SZ,2026-01-20 09:51:00,20.77,20.81,20.76,20.77,94700,1967706.0
000818.SZ,2026-01-20 09:52:00,20.78,20.8,20.78,20.78,105000,2182329.0
000818.SZ,2026-01-20 09:53:00,20.78,20.8,20.75,20.75,114600,2382512.0
000818.SZ,2026-01-20 09:54:00,20.76,20.79,20.75,20.77,52900,1098586.0
000818.SZ,2026-01-20 09:55:00,20.77,20.78,20.73,20.73,61800,1283083.0
000818.SZ,2026-01-20 09:56:00,20.73,20.73,20.7,20.71,75500,1564028.0
000818.SZ,2026-01-20 09:57:00,20.71,20.72,20.7,20.71,63900,1323136.0
000818.SZ,2026-01-20 09:58:00,20.7,20.72,20.68,20.69,71500,1479869.0
000818.SZ,2026-01-20 09:59:00,20.7,20.7,20.65,20.65,84800,1752897.0
000818.SZ,2026-01-20 10:00:00,20.63,20.65,20.62,20.62,63400,1307980.0
000818.SZ,2026-01-20 10:01:00,20.62,20.63,20.55,20.58,290000,5971796.0
000818.SZ,2026-01-20 10:02:00,20.57,20.59,20.53,20.58,89300,1836357.0
000818.SZ,2026-01-20 10:03:00,20.58,20.64,20.58,20.64,75700,1560132.0
000818.SZ,2026-01-20 10:04:00,20.65,20.68,20.64,20.67,39900,824298.0
000818.SZ,2026-01-20 10:05:00,20.66,20.66,20.62,20.64,59000,1218025.0
000818.SZ,2026-01-20 10:06:00,20.65,20.66,20.63,20.66,96400,1990039.0
000818.SZ,2026-01-20 10:07:00,20.66,20.66,20.63,20.64,17400,359104.0
000818.SZ,2026-01-20 10:08:00,20.64,20.65,20.63,20.64,66200,1366320.0
000818.SZ,2026-01-20 10:09:00,20.64,20.65,20.6,20.6,128800,2657051.0
000818.SZ,2026-01-20 10:10:00,20.6,20.62,20.6,20.62,31800,655518.0
000818.SZ,2026-01-20 10:11:00,20.62,20.63,20.59,20.6,77900,1605673.0
000818.SZ,2026-01-20 10:12:00,20.6,20.61,20.59,20.6,43400,893870.0
000818.SZ,2026-01-20 10:13:00,20.61,20.61,20.56,20.57,125200,2576802.0
000818.SZ,2026-01-20 10:14:00,20.56,20.59,20.56,20.59,42900,882173.0
000818.SZ,2026-01-20 10:15:00,20.58,20.58,20.56,20.58,48600,999865.0
000818.SZ,2026-01-20 10:16:00,20.58,20.58,20.56,20.57,65500,1347053.0
000818.SZ,2026-01-20 10:17:00,20.57,20.57,20.54,20.55,59300,1219055.0
000818.SZ,2026-01-20 10:18:00,20.56,20.56,20.5,20.51,94000,1929034.0
000818.SZ,2026-01-20 10:19:00,20.51,20.51,20.49,20.51,89900,1842928.0
000818.SZ,2026-01-20 10:20:00,20.51,20.51,20.49,20.5,69000,1414631.0
000818.SZ,2026-01-20 10:21:00,20.5,20.51,20.49,20.49,75400,1545527.0
000818.SZ,2026-01-20 10:22:00,20.49,20.49,20.45,20.48,145700,2981019.0
000818.SZ,2026-01-20 10:23:00,20.47,20.49,20.46,20.48,63600,1302089.0
000818.SZ,2026-01-20 10:24:00,20.48,20.5,20.48,20.5,88800,1819230.0
000818.SZ,2026-01-20 10:25:00,20.5,20.52,20.5,20.51,111000,2276454.0
000818.SZ,2026-01-20 10:26:00,20.51,20.51,20.44,20.44,127100,2601243.0
000818.SZ,2026-01-20 10:27:00,20.43,20.43,20.38,20.38,90800,1852667.0
000818.SZ,2026-01-20 10:28:00,20.38,20.43,20.38,20.43,140500,2865984.0
000818.SZ,2026-01-20 10:29:00,20.42,20.42,20.4,20.41,82600,1685690.0
000818.SZ,2026-01-20 10:30:00,20.41,20.49,20.41,20.49,98400,2013487.0
000818.SZ,2026-01-20 10:31:00,20.51,20.51,20.42,20.43,51600,1055187.0
000818.SZ,2026-01-20 10:32:00,20.43,20.46,20.41,20.46,98400,2009763.0
000818.SZ,2026-01-20 10:33:00,20.46,20.46,20.43,20.43,98400,2011206.0
000818.SZ,2026-01-20 10:34:00,20.43,20.52,20.43,20.5,161500,3308605.0
000818.SZ,2026-01-20 10:35:00,20.52,20.52,20.49,20.49,60200,1234313.0
000818.SZ,2026-01-20 10:36:00,20.49,20.51,20.49,20.51,51400,1053588.0
000818.SZ,2026-01-20 10:37:00,20.51,20.53,20.51,20.52,42300,867998.0
000818.SZ,2026-01-20 10:38:00,20.52,20.55,20.51,20.55,93400,1918868.0
000818.SZ,2026-01-20 10:39:00,20.54,20.55,20.53,20.55,43800,899862.0
000818.SZ,2026-01-20 10:40:00,20.55,20.56,20.53,20.55,29900,614237.0
000818.SZ,2026-01-20 10:41:00,20.56,20.58,20.56,20.57,27700,569787.0
000818.SZ,2026-01-20 10:42:00,20.57,20.57,20.52,20.52,33800,694426.0
000818.SZ,2026-01-20 10:43:00,20.52,20.54,20.51,20.52,16200,332515.0
000818.SZ,2026-01-20 10:44:00,20.53,20.53,20.51,20.51,48400,992901.0
000818.SZ,2026-01-20 10:45:00,20.51,20.54,20.51,20.54,56100,1151251.0
000818.SZ,2026-01-20 10:46:00,20.53,20.55,20.53,20.55,35400,727056.0
000818.SZ,2026-01-20 10:47:00,20.53,20.54,20.49,20.49,83400,1710315.0
000818.SZ,2026-01-20 10:48:00,20.5,20.5,20.46,20.46,39700,813105.0
000818.SZ,2026-01-20 10:49:00,20.46,20.48,20.45,20.47,63800,1305522.0
000818.SZ,2026-01-20 10:50:00,20.47,20.49,20.46,20.48,21900,448422.0
000818.SZ,2026-01-20 10:51:00,20.48,20.49,20.47,20.48,7400,151574.0
000818.SZ,2026-01-20 10:52:00,20.48,20.5,20.48,20.5,17200,352378.0
000818.SZ,2026-01-20 10:53:00,20.5,20.5,20.49,20.49,20100,411986.0
000818.SZ,2026-01-20 10:54:00,20.48,20.48,20.47,20.47,29100,596026.0
000818.SZ,2026-01-20 10:55:00,20.47,20.5,20.47,20.5,21700,444474.0
000818.SZ,2026-01-20 10:56:00,20.5,20.52,20.47,20.47,13400,274619.0
000818.SZ,2026-01-20 10:57:00,20.48,20.48,20.45,20.46,15600,319225.0
000818.SZ,2026-01-20 10:58:00,20.47,20.47,20.45,20.45,31400,642272.0
000818.SZ,2026-01-20 10:59:00,20.44,20.44,20.42,20.44,66600,1360750.0
000818.SZ,2026-01-20 11:00:00,20.42,20.43,20.41,20.43,42400,866092.0
000818.SZ,2026-01-20 11:01:00,20.44,20.45,20.43,20.45,9600,196231.0
000818.SZ,2026-01-20 11:02:00,20.45,20.45,20.42,20.43,44600,911254.0
000818.SZ,2026-01-20 11:03:00,20.42,20.44,20.42,20.44,19200,392304.0
000818.SZ,2026-01-20 11:04:00,20.45,20.47,20.44,20.47,15600,319064.0
000818.SZ,2026-01-20 11:05:00,20.47,20.48,20.45,20.45,29600,605740.0
000818.SZ,2026-01-20 11:06:00,20.44,20.46,20.43,20.43,47800,976985.0
000818.SZ,2026-01-20 11:07:00,20.44,20.44,20.41,20.42,81900,1672652.0
000818.SZ,2026-01-20 11:08:00,20.42,20.42,20.41,20.42,46600,951140.0
000818.SZ,2026-01-20 11:09:00,20.41,20.44,20.41,20.43,14600,298210.0
000818.SZ,2026-01-20 11:10:00,20.42,20.43,20.4,20.41,49800,1016593.0
000818.SZ,2026-01-20 11:11:00,20.4,20.41,20.39,20.4,144100,2939338.0
000818.SZ,2026-01-20 11:12:00,20.39,20.41,20.39,20.41,22700,463087.0
000818.SZ,2026-01-20 11:13:00,20.42,20.43,20.41,20.43,19500,398177.0
000818.SZ,2026-01-20 11:14:00,20.44,20.46,20.43,20.46,8100,165571.0
000818.SZ,2026-01-20 11:15:00,20.46,20.49,20.46,20.49,20200,413466.0
000818.SZ,2026-01-20 11:16:00,20.48,20.49,20.45,20.45,10400,212934.0
000818.SZ,2026-01-20 11:17:00,20.45,20.49,20.45,20.49,13200,270258.0
000818.SZ,2026-01-20 11:18:00,20.49,20.5,20.48,20.5,26300,538904.0
000818.SZ,2026-01-20 11:19:00,20.5,20.53,20.49,20.52,34200,701531.0
000818.SZ,2026-01-20 11:20:00,20.51,20.52,20.48,20.49,12900,264453.0
000818.SZ,2026-01-20 11:21:00,20.51,20.53,20.49,20.53,26500,543735.0
000818.SZ,2026-01-20 11:22:00,20.53,20.55,20.52,20.53,32800,673502.0
000818.SZ,2026-01-20 11:23:00,20.54,20.55,20.52,20.53,30400,624093.0
000818.SZ,2026-01-20 11:24:00,20.51,20.52,20.48,20.5,27700,567873.0
000818.SZ,2026-01-20 11:25:00,20.47,20.47,20.45,20.45,39800,814173.0
000818.SZ,2026-01-20 11:26:00,20.47,20.5,20.45,20.49,20800,425849.0
000818.SZ,2026-01-20 11:27:00,20.48,20.48,20.45,20.45,7300,149395.0
000818.SZ,2026-01-20 11:28:00,20.47,20.5,20.47,20.49,21200,434232.0
000818.SZ,2026-01-20 11:29:00,20.49,20.49,20.47,20.48,12300,251867.0
000818.SZ,2026-01-20 11:30:00,20.46,20.47,20.46,20.46,12400,253774.0
000818.SZ,2026-01-20 13:01:00,20.48,20.48,20.42,20.43,114600,2343166.0
000818.SZ,2026-01-20 13:02:00,20.44,20.44,20.41,20.41,35200,718754.0
000818.SZ,2026-01-20 13:03:00,20.4,20.4,20.34,20.36,197500,4025005.0
000818.SZ,2026-01-20 13:04:00,20.36,20.37,20.34,20.34,31700,645187.0
000818.SZ,2026-01-20 13:05:00,20.34,20.36,20.33,20.33,56000,1139017.0
000818.SZ,2026-01-20 13:06:00,20.33,20.34,20.32,20.34,41000,833688.0
000818.SZ,2026-01-20 13:07:00,20.33,20.34,20.31,20.32,60000,1219522.0
000818.SZ,2026-01-20 13:08:00,20.31,20.33,20.31,20.33,33400,678540.0
000818.SZ,2026-01-20 13:09:00,20.33,20.34,20.32,20.34,38700,786751.0
000818.SZ,2026-01-20 13:10:00,20.34,20.35,20.33,20.34,38400,781158.0
000818.SZ,2026-01-20 13:11:00,20.34,20.34,20.32,20.32,50000,1016273.0
000818.SZ,2026-01-20 13:12:00,20.32,20.33,20.32,20.33,32000,650330.0
000818.SZ,2026-01-20 13:13:00,20.33,20.37,20.33,20.36,20900,425232.0
000818.SZ,2026-01-20 13:14:00,20.37,20.38,20.36,20.37,47500,967518.0
000818.SZ,2026-01-20 13:15:00,20.37,20.37,20.35,20.35,58100,1182840.0
000818.SZ,2026-01-20 13:16:00,20.35,20.36,20.33,20.34,44100,897228.0
000818.SZ,2026-01-20 13:17:00,20.34,20.34,20.32,20.33,36800,748155.0
000818.SZ,2026-01-20 13:18:00,20.33,20.35,20.32,20.35,20900,424964.0
000818.SZ,2026-01-20 13:19:00,20.36,20.37,20.34,20.37,12200,248339.0
000818.SZ,2026-01-20 13:20:00,20.37,20.38,20.37,20.38,26800,545876.0
000818.SZ,2026-01-20 13:21:00,20.34,20.36,20.33,20.34,20800,423200.0
000818.SZ,2026-01-20 13:22:00,20.33,20.34,20.32,20.33,53700,1091602.0
000818.SZ,2026-01-20 13:23:00,20.32,20.34,20.32,20.34,7600,154489.0
000818.SZ,2026-01-20 13:24:00,20.34,20.35,20.34,20.35,17700,360117.0
000818.SZ,2026-01-20 13:25:00,20.34,20.35,20.33,20.34,19700,400748.0
000818.SZ,2026-01-20 13:26:00,20.35,20.35,20.33,20.35,9500,193291.0
000818.SZ,2026-01-20 13:27:00,20.35,20.39,20.34,20.39,56700,1154422.0
000818.SZ,2026-01-20 13:28:00,20.4,20.42,20.4,20.42,7700,157146.0
000818.SZ,2026-01-20 13:29:00,20.42,20.45,20.41,20.45,28200,575915.0
000818.SZ,2026-01-20 13:30:00,20.44,20.45,20.43,20.44,17800,363826.0
000818.SZ,2026-01-20 13:31:00,20.44,20.44,20.42,20.43,23500,480192.0
000818.SZ,2026-01-20 13:32:00,20.44,20.45,20.41,20.42,24900,508626.0
000818.SZ,2026-01-20 13:33:00,20.42,20.42,20.39,20.4,34800,709951.0
000818.SZ,2026-01-20 13:34:00,20.4,20.41,20.39,20.39,14800,301928.0
000818.SZ,2026-01-20 13:35:00,20.42,20.44,20.42,20.44,18900,386169.0
000818.SZ,2026-01-20 13:36:00,20.44,20.44,20.4,20.41,27700,565587.0
000818.SZ,2026-01-20 13:37:00,20.4,20.41,20.39,20.4,31700,646589.0
000818.SZ,2026-01-20 13:38:00,20.39,20.4,20.38,20.39,16600,338499.0
000818.SZ,2026-01-20 13:39:00,20.4,20.4,20.38,20.39,20700,421978.0
000818.SZ,2026-01-20 13:40:00,20.39,20.4,20.38,20.38,14800,301805.0
000818.SZ,2026-01-20 13:41:00,20.4,20.43,20.4,20.43,11000,224547.0
000818.SZ,2026-01-20 13:42:00,20.43,20.45,20.43,20.45,27000,551762.0
000818.SZ,2026-01-20 13:43:00,20.45,20.48,20.45,20.48,51400,1051418.0
000818.SZ,2026-01-20 13:44:00,20.45,20.48,20.45,20.47,29300,599857.0
000818.SZ,2026-01-20 13:45:00,20.47,20.47,20.46,20.47,10700,219002.0
000818.SZ,2026-01-20 13:46:00,20.46,20.49,20.46,20.49,34200,700471.0
000818.SZ,2026-01-20 13:47:00,20.49,20.49,20.48,20.48,32100,657512.0
000818.SZ,2026-01-20 13:48:00,20.49,20.5,20.48,20.49,63100,1292874.0
000818.SZ,2026-01-20 13:49:00,20.5,20.51,20.49,20.5,28600,586286.0
000818.SZ,2026-01-20 13:50:00,20.51,20.53,20.51,20.53,27600,566336.0
000818.SZ,2026-01-20 13:51:00,20.52,20.55,20.52,20.55,62500,1283920.0
000818.SZ,2026-01-20 13:52:00,20.55,20.55,20.52,20.53,47900,983776.0
000818.SZ,2026-01-20 13:53:00,20.53,20.53,20.51,20.51,53100,1089835.0
000818.SZ,2026-01-20 13:54:00,20.53,20.54,20.52,20.53,29300,601509.0
000818.SZ,2026-01-20 13:55:00,20.52,20.53,20.5,20.51,21400,439047.0
000818.SZ,2026-01-20 13:56:00,20.5,20.5,20.48,20.49,44700,916239.0
000818.SZ,2026-01-20 13:57:00,20.49,20.5,20.48,20.49,22800,467333.0
000818.SZ,2026-01-20 13:58:00,20.5,20.5,20.48,20.49,14300,293070.0
000818.SZ,2026-01-20 13:59:00,20.48,20.49,20.47,20.48,18200,372722.0
000818.SZ,2026-01-20 14:00:00,20.47,20.48,20.44,20.44,46300,947289.0
000818.SZ,2026-01-20 14:01:00,20.44,20.45,20.4,20.4,64200,1311037.0
000818.SZ,2026-01-20 14:02:00,20.41,20.41,20.39,20.39,90500,1845550.0
000818.SZ,2026-01-20 14:03:00,20.38,20.41,20.38,20.39,39700,809462.0
000818.SZ,2026-01-20 14:04:00,20.39,20.4,20.38,20.39,14600,297730.0
000818.SZ,2026-01-20 14:05:00,20.39,20.39,20.37,20.39,29000,590969.0
000818.SZ,2026-01-20 14:06:00,20.38,20.4,20.38,20.4,35800,730042.0
000818.SZ,2026-01-20 14:07:00,20.4,20.41,20.39,20.41,24400,497672.0
000818.SZ,2026-01-20 14:08:00,20.41,20.43,20.4,20.41,41600,849014.0
000818.SZ,2026-01-20 14:09:00,20.41,20.41,20.39,20.41,23100,471294.0
000818.SZ,2026-01-20 14:10:00,20.4,20.42,20.4,20.4,16900,344942.0
000818.SZ,2026-01-20 14:11:00,20.4,20.41,20.39,20.4,27600,563111.0
000818.SZ,2026-01-20 14:12:00,20.41,20.42,20.4,20.42,17755,362376.56
000818.SZ,2026-01-20 14:13:00,20.43,20.43,20.41,20.42,16200,330804.0
000818.SZ,2026-01-20 14:14:00,20.42,20.43,20.41,20.41,9900,202162.0
000818.SZ,2026-01-20 14:15:00,20.43,20.43,20.42,20.43,5900,120534.0
000818.SZ,2026-01-20 14:16:00,20.44,20.45,20.41,20.41,32900,672097.0
000818.SZ,2026-01-20 14:17:00,20.41,20.42,20.4,20.42,20800,424470.0
000818.SZ,2026-01-20 14:18:00,20.42,20.42,20.39,20.39,24000,489653.0
000818.SZ,2026-01-20 14:19:00,20.39,20.4,20.39,20.4,19700,401751.0
000818.SZ,2026-01-20 14:20:00,20.39,20.4,20.39,20.4,7200,146832.0
000818.SZ,2026-01-20 14:21:00,20.4,20.42,20.39,20.4,29900,609944.0
000818.SZ,2026-01-20 14:22:00,20.4,20.42,20.4,20.4,8100,165280.0
000818.SZ,2026-01-20 14:23:00,20.4,20.4,20.39,20.39,12600,257033.0
000818.SZ,2026-01-20 14:24:00,20.4,20.42,20.4,20.41,19600,399870.0
000818.SZ,2026-01-20 14:25:00,20.4,20.42,20.4,20.41,32600,665256.0
000818.SZ,2026-01-20 14:26:00,20.4,20.41,20.4,20.4,17800,363120.0
000818.SZ,2026-01-20 14:27:00,20.39,20.39,20.38,20.39,37400,762515.0
000818.SZ,2026-01-20 14:28:00,20.38,20.39,20.38,20.39,36800,750067.0
000818.SZ,2026-01-20 14:29:00,20.38,20.39,20.38,20.39,39500,805099.0
000818.SZ,2026-01-20 14:30:00,20.38,20.39,20.38,20.39,22300,454592.0
000818.SZ,2026-01-20 14:31:00,20.39,20.39,20.36,20.36,90500,1843272.0
000818.SZ,2026-01-20 14:32:00,20.36,20.36,20.34,20.34,50500,1027523.0
000818.SZ,2026-01-20 14:33:00,20.35,20.35,20.33,20.34,28900,587709.0
000818.SZ,2026-01-20 14:34:00,20.34,20.34,20.33,20.33,42600,866178.0
000818.SZ,2026-01-20 14:35:00,20.33,20.34,20.31,20.32,49500,1005966.0
000818.SZ,2026-01-20 14:36:00,20.31,20.32,20.31,20.32,52200,1060448.0
000818.SZ,2026-01-20 14:37:00,20.32,20.33,20.31,20.32,33400,678570.0
000818.SZ,2026-01-20 14:38:00,20.33,20.34,20.32,20.33,24400,496055.0
000818.SZ,2026-01-20 14:39:00,20.33,20.34,20.32,20.32,23100,469594.0
000818.SZ,2026-01-20 14:40:00,20.32,20.36,20.32,20.36,22100,449580.0
000818.SZ,2026-01-20 14:41:00,20.35,20.37,20.35,20.35,41600,846914.0
000818.SZ,2026-01-20 14:42:00,20.37,20.38,20.36,20.36,28700,584708.0
000818.SZ,2026-01-20 14:43:00,20.36,20.38,20.35,20.36,24700,502980.0
000818.SZ,2026-01-20 14:44:00,20.36,20.4,20.36,20.39,34800,709301.0
000818.SZ,2026-01-20 14:45:00,20.41,20.42,20.39,20.41,30000,612178.0
000818.SZ,2026-01-20 14:46:00,20.39,20.44,20.39,20.44,58900,1202661.0
000818.SZ,2026-01-20 14:47:00,20.45,20.46,20.43,20.45,78300,1601011.0
000818.SZ,2026-01-20 14:48:00,20.45,20.45,20.43,20.45,45200,923813.0
000818.SZ,2026-01-20 14:49:00,20.45,20.46,20.44,20.46,69400,1419527.0
000818.SZ,2026-01-20 14:50:00,20.46,20.46,20.45,20.46,33900,693498.25
000818.SZ,2026-01-20 14:51:00,20.46,20.47,20.46,20.47,79200,1620653.0
000818.SZ,2026-01-20 14:52:00,20.46,20.47,20.46,20.47,83576,1710440.8
000818.SZ,2026-01-20 14:53:00,20.47,20.47,20.46,20.47,86124,1762376.2
000818.SZ,2026-01-20 14:54:00,20.47,20.48,20.46,20.47,65676,1344282.0
000818.SZ,2026-01-20 14:55:00,20.47,20.48,20.46,20.48,44000,900849.0
000818.SZ,2026-01-20 14:56:00,20.48,20.49,20.47,20.49,68300,1398619.0
000818.SZ,2026-01-20 14:57:00,20.48,20.51,20.48,20.51,157200,3221806.0
000818.SZ,2026-01-20 14:58:00,20.51,20.51,20.51,20.51,0,0.0
000818.SZ,2026-01-20 14:59:00,20.51,20.51,20.51,20.51,0,0.0
000818.SZ,2026-01-20 15:00:00,20.49,20.49,20.49,20.49,277100,5677779.0
000818.SZ,2026-01-21 09:30:00,20.64,20.65,20.55,20.59,128400,2649525.0
000818.SZ,2026-01-21 09:31:00,20.63,20.82,20.52,20.76,729900,15118638.0
000818.SZ,2026-01-21 09:32:00,20.72,20.73,20.67,20.67,313000,6480662.0
000818.SZ,2026-01-21 09:33:00,20.68,20.68,20.57,20.58,210200,4337543.0
000818.SZ,2026-01-21 09:34:00,20.58,20.58,20.47,20.47,326800,6709153.0
000818.SZ,2026-01-21 09:35:00,20.46,20.51,20.45,20.46,166500,3408627.0
000818.SZ,2026-01-21 09:36:00,20.46,20.59,20.44,20.53,200700,4118935.0
000818.SZ,2026-01-21 09:37:00,20.5,20.55,20.5,20.51,173700,3563696.0
000818.SZ,2026-01-21 09:38:00,20.51,20.52,20.48,20.52,126900,2600796.0
000818.SZ,2026-01-21 09:39:00,20.54,20.61,20.54,20.61,97600,2009165.0
000818.SZ,2026-01-21 09:40:00,20.62,20.68,20.62,20.68,124400,2569329.0
000818.SZ,2026-01-21 09:41:00,20.69,20.69,20.62,20.63,163000,3367053.0
000818.SZ,2026-01-21 09:42:00,20.61,20.64,20.6,20.61,65300,1346540.0
000818.SZ,2026-01-21 09:43:00,20.61,20.61,20.58,20.6,64500,1328617.0
000818.SZ,2026-01-21 09:44:00,20.61,20.62,20.59,20.6,51500,1061266.0
000818.SZ,2026-01-21 09:45:00,20.6,20.64,20.59,20.62,54900,1131942.9
000818.SZ,2026-01-21 09:46:00,20.63,20.63,20.61,20.63,98900,2039722.0
000818.SZ,2026-01-21 09:47:00,20.63,20.64,20.6,20.62,88600,1826707.0
000818.SZ,2026-01-21 09:48:00,20.63,20.63,20.61,20.61,43000,886518.0
000818.SZ,2026-01-21 09:49:00,20.61,20.63,20.55,20.55,106900,2201840.0
000818.SZ,2026-01-21 09:50:00,20.55,20.59,20.55,20.58,60900,1252946.0
000818.SZ,2026-01-21 09:51:00,20.56,20.57,20.55,20.55,44600,916806.0
000818.SZ,2026-01-21 09:52:00,20.55,20.58,20.54,20.58,45100,926944.0
000818.SZ,2026-01-21 09:53:00,20.58,20.58,20.52,20.52,78200,1606941.0
000818.SZ,2026-01-21 09:54:00,20.52,20.53,20.49,20.5,95000,1948085.0
000818.SZ,2026-01-21 09:55:00,20.48,20.49,20.45,20.46,159500,3265771.0
000818.SZ,2026-01-21 09:56:00,20.46,20.49,20.46,20.49,40000,818799.0
000818.SZ,2026-01-21 09:57:00,20.49,20.53,20.49,20.52,67800,1391011.0
000818.SZ,2026-01-21 09:58:00,20.52,20.53,20.49,20.51,57600,1181146.0
000818.SZ,2026-01-21 09:59:00,20.51,20.52,20.5,20.51,49800,1021080.0
000818.SZ,2026-01-21 10:00:00,20.53,20.57,20.53,20.57,91900,1886826.0
000818.SZ,2026-01-21 10:01:00,20.56,20.58,20.53,20.56,32200,661858.0
000818.SZ,2026-01-21 10:02:00,20.55,20.58,20.52,20.55,135400,2780567.0
000818.SZ,2026-01-21 10:03:00,20.56,20.58,20.56,20.58,34200,703316.0
000818.SZ,2026-01-21 10:04:00,20.59,20.59,20.54,20.54,59100,1215459.0
000818.SZ,2026-01-21 10:05:00,20.55,20.56,20.53,20.55,53200,1093105.0
000818.SZ,2026-01-21 10:06:00,20.54,20.55,20.52,20.54,40600,833642.0
000818.SZ,2026-01-21 10:07:00,20.55,20.56,20.54,20.54,35900,737592.0
000818.SZ,2026-01-21 10:08:00,20.55,20.55,20.54,20.54,39000,801352.0
000818.SZ,2026-01-21 10:09:00,20.54,20.57,20.54,20.57,63400,1303179.0
000818.SZ,2026-01-21 10:10:00,20.57,20.64,20.56,20.64,120500,2483129.0
000818.SZ,2026-01-21 10:11:00,20.64,20.65,20.63,20.65,86100,1777533.0
000818.SZ,2026-01-21 10:12:00,20.65,20.67,20.63,20.66,119400,2465736.0
000818.SZ,2026-01-21 10:13:00,20.66,20.71,20.66,20.69,129700,2683546.0
000818.SZ,2026-01-21 10:14:00,20.69,20.73,20.67,20.73,158800,3288591.0
000818.SZ,2026-01-21 10:15:00,20.74,20.76,20.7,20.7,128900,2673438.0
000818.SZ,2026-01-21 10:16:00,20.7,20.73,20.7,20.73,151300,3135770.0
000818.SZ,2026-01-21 10:17:00,20.72,20.73,20.71,20.73,94100,1950103.0
000818.SZ,2026-01-21 10:18:00,20.73,20.73,20.69,20.71,85900,1778942.0
000818.SZ,2026-01-21 10:19:00,20.71,20.72,20.69,20.71,129000,2671047.0
000818.SZ,2026-01-21 10:20:00,20.72,20.72,20.69,20.7,41400,857171.0
000818.SZ,2026-01-21 10:21:00,20.71,20.72,20.68,20.69,59500,1232137.0
000818.SZ,2026-01-21 10:22:00,20.69,20.78,20.69,20.78,251597,5219417.0
000818.SZ,2026-01-21 10:23:00,20.77,20.78,20.76,20.77,78300,1626538.0
000818.SZ,2026-01-21 10:24:00,20.77,20.77,20.75,20.76,35900,745354.0
000818.SZ,2026-01-21 10:25:00,20.75,20.76,20.73,20.73,51300,1064171.0
000818.SZ,2026-01-21 10:26:00,20.74,20.75,20.73,20.73,55000,1140843.0
000818.SZ,2026-01-21 10:27:00,20.73,20.74,20.71,20.73,74203,1538048.2
000818.SZ,2026-01-21 10:28:00,20.74,20.74,20.72,20.73,29500,611461.0
000818.SZ,2026-01-21 10:29:00,20.73,20.75,20.72,20.75,96118,1992706.1
000818.SZ,2026-01-21 10:30:00,20.74,20.75,20.74,20.75,58800,1219885.0
000818.SZ,2026-01-21 10:31:00,20.75,20.75,20.73,20.73,33700,699009.0
000818.SZ,2026-01-21 10:32:00,20.74,20.74,20.73,20.73,36700,760937.0
000818.SZ,2026-01-21 10:33:00,20.73,20.74,20.72,20.73,30000,621696.0
000818.SZ,2026-01-21 10:34:00,20.72,20.73,20.71,20.71,48500,1004899.0
000818.SZ,2026-01-21 10:35:00,20.7,20.72,20.7,20.7,70600,1461898.0
000818.SZ,2026-01-21 10:36:00,20.71,20.71,20.69,20.69,37500,776357.0
000818.SZ,2026-01-21 10:37:00,20.7,20.72,20.7,20.72,97000,2009487.0
000818.SZ,2026-01-21 10:38:00,20.72,20.72,20.7,20.71,23000,476272.0
000818.SZ,2026-01-21 10:39:00,20.7,20.73,20.7,20.73,57500,1190754.0
000818.SZ,2026-01-21 10:40:00,20.72,20.75,20.72,20.75,31900,661603.0
000818.SZ,2026-01-21 10:41:00,20.74,20.75,20.74,20.75,67500,1400615.0
000818.SZ,2026-01-21 10:42:00,20.74,20.75,20.74,20.74,51500,1068371.0
000818.SZ,2026-01-21 10:43:00,20.74,20.75,20.74,20.75,83200,1726091.0
000818.SZ,2026-01-21 10:44:00,20.76,20.76,20.74,20.74,59000,1224474.0
000818.SZ,2026-01-21 10:45:00,20.73,20.74,20.72,20.73,18100,375246.0
000818.SZ,2026-01-21 10:46:00,20.72,20.76,20.72,20.76,108900,2259090.0
000818.SZ,2026-01-21 10:47:00,20.75,20.78,20.75,20.77,272300,5655374.0
000818.SZ,2026-01-21 10:48:00,20.76,20.77,20.75,20.75,65100,1351192.0
000818.SZ,2026-01-21 10:49:00,20.75,20.75,20.73,20.74,31500,653411.0
000818.SZ,2026-01-21 10:50:00,20.74,20.74,20.72,20.72,56900,1179465.0
000818.SZ,2026-01-21 10:51:00,20.71,20.72,20.69,20.69,95700,1981279.0
000818.SZ,2026-01-21 10:52:00,20.7,20.73,20.68,20.72,97100,2010557.0
000818.SZ,2026-01-21 10:53:00,20.74,20.74,20.72,20.73,25800,534888.0
000818.SZ,2026-01-21 10:54:00,20.74,20.79,20.74,20.79,215900,4483728.0
000818.SZ,2026-01-21 10:55:00,20.78,20.8,20.78,20.79,107900,2242954.0
000818.SZ,2026-01-21 10:56:00,20.79,20.79,20.77,20.78,29900,621404.0
000818.SZ,2026-01-21 10:57:00,20.78,20.79,20.77,20.78,51600,1072456.0
000818.SZ,2026-01-21 10:58:00,20.79,20.79,20.76,20.76,51300,1065995.0
000818.SZ,2026-01-21 10:59:00,20.76,20.77,20.75,20.76,32100,666503.0
000818.SZ,2026-01-21 11:00:00,20.76,20.77,20.76,20.76,22100,458953.0
000818.SZ,2026-01-21 11:01:00,20.76,20.78,20.76,20.78,39400,818556.0
000818.SZ,2026-01-21 11:02:00,20.77,20.79,20.77,20.78,25800,536226.0
000818.SZ,2026-01-21 11:03:00,20.79,20.79,20.78,20.79,30500,634004.0
000818.SZ,2026-01-21 11:04:00,20.78,20.79,20.77,20.78,71000,1475326.0
000818.SZ,2026-01-21 11:05:00,20.78,20.79,20.77,20.78,24600,511175.0
000818.SZ,2026-01-21 11:06:00,20.79,20.8,20.78,20.8,74000,1538385.0
000818.SZ,2026-01-21 11:07:00,20.8,20.8,20.79,20.8,25500,530262.0
000818.SZ,2026-01-21 11:08:00,20.8,20.8,20.79,20.79,32200,669561.0
000818.SZ,2026-01-21 11:09:00,20.79,20.8,20.79,20.8,64700,1345572.0
000818.SZ,2026-01-21 11:10:00,20.79,20.8,20.79,20.79,26200,544890.0
000818.SZ,2026-01-21 11:11:00,20.8,20.8,20.78,20.79,58200,1210277.0
000818.SZ,2026-01-21 11:12:00,20.79,20.79,20.76,20.76,74500,1548184.0
000818.SZ,2026-01-21 11:13:00,20.76,20.77,20.76,20.76,31000,643565.0
000818.SZ,2026-01-21 11:14:00,20.76,20.77,20.76,20.76,28100,583413.0
000818.SZ,2026-01-21 11:15:00,20.76,20.77,20.75,20.75,74200,1540060.0
000818.SZ,2026-01-21 11:16:00,20.75,20.75,20.71,20.71,66700,1383461.0
000818.SZ,2026-01-21 11:17:00,20.74,20.75,20.72,20.75,20000,414643.0
000818.SZ,2026-01-21 11:18:00,20.75,20.75,20.74,20.74,10400,215734.0
000818.SZ,2026-01-21 11:19:00,20.74,20.75,20.74,20.74,60700,1259106.0
000818.SZ,2026-01-21 11:20:00,20.74,20.76,20.74,20.76,15900,329984.0
000818.SZ,2026-01-21 11:21:00,20.77,20.77,20.76,20.76,35900,745461.0
000818.SZ,2026-01-21 11:22:00,20.77,20.78,20.75,20.77,63800,1325252.0
000818.SZ,2026-01-21 11:23:00,20.77,20.78,20.75,20.75,27900,579554.0
000818.SZ,2026-01-21 11:24:00,20.76,20.76,20.72,20.72,58500,1213138.0
000818.SZ,2026-01-21 11:25:00,20.73,20.75,20.72,20.72,16200,335845.0
000818.SZ,2026-01-21 11:26:00,20.72,20.73,20.72,20.72,13800,285978.0
000818.SZ,2026-01-21 11:27:00,20.72,20.73,20.71,20.71,26000,538697.0
000818.SZ,2026-01-21 11:28:00,20.72,20.72,20.7,20.71,15100,312745.0
000818.SZ,2026-01-21 11:29:00,20.7,20.71,20.7,20.7,37000,766026.0
000818.SZ,2026-01-21 11:30:00,20.71,20.71,20.7,20.71,9400,194655.0
000818.SZ,2026-01-21 13:01:00,20.7,20.71,20.68,20.69,124500,2577576.0
000818.SZ,2026-01-21 13:02:00,20.69,20.69,20.68,20.69,16400,339277.0
000818.SZ,2026-01-21 13:03:00,20.68,20.69,20.66,20.67,99700,2061010.0
000818.SZ,2026-01-21 13:04:00,20.67,20.67,20.66,20.66,31200,644742.0
000818.SZ,2026-01-21 13:05:00,20.66,20.67,20.66,20.67,14700,303718.0
000818.SZ,2026-01-21 13:06:00,20.66,20.67,20.66,20.66,11900,245952.0
000818.SZ,2026-01-21 13:07:00,20.66,20.68,20.66,20.67,45700,944584.0
000818.SZ,2026-01-21 13:08:00,20.68,20.68,20.66,20.67,45300,936457.0
000818.SZ,2026-01-21 13:09:00,20.67,20.69,20.67,20.67,34400,711371.0
000818.SZ,2026-01-21 13:10:00,20.67,20.68,20.67,20.68,8200,169555.0
000818.SZ,2026-01-21 13:11:00,20.69,20.7,20.68,20.7,26600,550523.0
000818.SZ,2026-01-21 13:12:00,20.7,20.7,20.67,20.67,31000,641243.0
000818.SZ,2026-01-21 13:13:00,20.67,20.67,20.63,20.63,215700,4454921.0
000818.SZ,2026-01-21 13:14:00,20.64,20.66,20.64,20.65,28200,582211.0
000818.SZ,2026-01-21 13:15:00,20.67,20.68,20.65,20.65,28000,578520.0
000818.SZ,2026-01-21 13:16:00,20.67,20.67,20.65,20.66,47000,970468.0
000818.SZ,2026-01-21 13:17:00,20.66,20.66,20.65,20.66,26300,543122.0
000818.SZ,2026-01-21 13:18:00,20.66,20.66,20.64,20.65,38700,799026.0
000818.SZ,2026-01-21 13:19:00,20.65,20.66,20.64,20.65,28700,592509.0
000818.SZ,2026-01-21 13:20:00,20.65,20.65,20.63,20.63,39300,811222.0
000818.SZ,2026-01-21 13:21:00,20.64,20.64,20.61,20.61,48500,1000360.0
000818.SZ,2026-01-21 13:22:00,20.61,20.63,20.61,20.62,13600,280414.0
000818.SZ,2026-01-21 13:23:00,20.63,20.63,20.61,20.63,33300,686798.0
000818.SZ,2026-01-21 13:24:00,20.62,20.63,20.62,20.63,38200,787996.0
000818.SZ,2026-01-21 13:25:00,20.62,20.63,20.62,20.62,9200,189757.0
000818.SZ,2026-01-21 13:26:00,20.62,20.64,20.62,20.64,19400,400286.0
000818.SZ,2026-01-21 13:27:00,20.64,20.64,20.62,20.63,37600,775737.0
000818.SZ,2026-01-21 13:28:00,20.62,20.64,20.62,20.63,24700,509539.0
000818.SZ,2026-01-21 13:29:00,20.63,20.63,20.62,20.63,40700,839486.0
000818.SZ,2026-01-21 13:30:00,20.63,20.65,20.63,20.65,16500,340601.0
000818.SZ,2026-01-21 13:31:00,20.65,20.65,20.64,20.64,9300,192028.0
000818.SZ,2026-01-21 13:32:00,20.65,20.65,20.62,20.62,100500,2073214.0
000818.SZ,2026-01-21 13:33:00,20.62,20.63,20.61,20.61,24200,499058.0
000818.SZ,2026-01-21 13:34:00,20.62,20.62,20.61,20.62,14700,303089.0
000818.SZ,2026-01-21 13:35:00,20.62,20.62,20.61,20.62,15100,311262.0
000818.SZ,2026-01-21 13:36:00,20.61,20.62,20.61,20.61,9900,204096.0
000818.SZ,2026-01-21 13:37:00,20.61,20.64,20.61,20.63,55100,1136108.0
000818.SZ,2026-01-21 13:38:00,20.63,20.66,20.63,20.66,39200,809291.0
000818.SZ,2026-01-21 13:39:00,20.66,20.66,20.64,20.64,41400,854494.0
000818.SZ,2026-01-21 13:40:00,20.64,20.65,20.64,20.65,25200,520185.0
000818.SZ,2026-01-21 13:41:00,20.65,20.67,20.65,20.67,37000,764265.0
000818.SZ,2026-01-21 13:42:00,20.68,20.68,20.67,20.67,21700,448697.0
000818.SZ,2026-01-21 13:43:00,20.68,20.68,20.66,20.67,26200,541566.0
000818.SZ,2026-01-21 13:44:00,20.67,20.69,20.67,20.69,22600,467423.0
000818.SZ,2026-01-21 13:45:00,20.69,20.69,20.67,20.68,23400,483940.0
000818.SZ,2026-01-21 13:46:00,20.67,20.68,20.66,20.66,24300,502170.0
000818.SZ,2026-01-21 13:47:00,20.66,20.68,20.66,20.68,26300,543563.0
000818.SZ,2026-01-21 13:48:00,20.68,20.68,20.67,20.68,21300,440454.0
000818.SZ,2026-01-21 13:49:00,20.68,20.69,20.67,20.68,23500,485974.0
000818.SZ,2026-01-21 13:50:00,20.69,20.7,20.68,20.69,29800,616573.0
000818.SZ,2026-01-21 13:51:00,20.69,20.69,20.67,20.68,54700,1131332.0
000818.SZ,2026-01-21 13:52:00,20.68,20.69,20.68,20.69,12900,266866.0
000818.SZ,2026-01-21 13:53:00,20.69,20.7,20.69,20.7,17900,370411.0
000818.SZ,2026-01-21 13:54:00,20.7,20.72,20.7,20.72,52100,1078809.0
000818.SZ,2026-01-21 13:55:00,20.72,20.72,20.7,20.71,16000,331346.0
000818.SZ,2026-01-21 13:56:00,20.7,20.71,20.69,20.7,33900,701790.0
000818.SZ,2026-01-21 13:57:00,20.7,20.71,20.7,20.71,13200,273300.0
000818.SZ,2026-01-21 13:58:00,20.71,20.71,20.7,20.71,28100,581857.0
000818.SZ,2026-01-21 13:59:00,20.71,20.71,20.7,20.7,21500,445063.0
000818.SZ,2026-01-21 14:00:00,20.7,20.71,20.68,20.69,35448,733490.1
000818.SZ,2026-01-21 14:01:00,20.7,20.7,20.68,20.69,15300,316576.53
000818.SZ,2026-01-21 14:02:00,20.68,20.69,20.68,20.69,34652,716624.9
000818.SZ,2026-01-21 14:03:00,20.68,20.69,20.68,20.69,6000,124094.0
000818.SZ,2026-01-21 14:04:00,20.68,20.68,20.66,20.66,28100,580937.0
000818.SZ,2026-01-21 14:05:00,20.66,20.67,20.65,20.66,32500,671446.0
000818.SZ,2026-01-21 14:06:00,20.66,20.67,20.65,20.67,10300,212816.0
000818.SZ,2026-01-21 14:07:00,20.67,20.67,20.65,20.65,13500,278913.0
000818.SZ,2026-01-21 14:08:00,20.65,20.67,20.65,20.66,41100,849141.0
000818.SZ,2026-01-21 14:09:00,20.66,20.67,20.66,20.67,20800,429830.0
000818.SZ,2026-01-21 14:10:00,20.67,20.69,20.67,20.67,43200,893445.0
000818.SZ,2026-01-21 14:11:00,20.67,20.69,20.67,20.68,33700,696799.0
000818.SZ,2026-01-21 14:12:00,20.69,20.69,20.68,20.69,14700,304034.0
000818.SZ,2026-01-21 14:13:00,20.69,20.69,20.68,20.69,32600,674514.0
000818.SZ,2026-01-21 14:14:00,20.69,20.69,20.67,20.67,73300,1515610.0
000818.SZ,2026-01-21 14:15:00,20.66,20.68,20.66,20.68,39200,810270.0
000818.SZ,2026-01-21 14:16:00,20.68,20.98,20.68,20.97,1364720,28434508.0
000818.SZ,2026-01-21 14:17:00,20.98,20.98,20.84,20.84,328400,6869494.0
000818.SZ,2026-01-21 14:18:00,20.85,20.87,20.84,20.86,259500,5412244.0
000818.SZ,2026-01-21 14:19:00,20.86,20.86,20.83,20.84,257300,5365090.0
000818.SZ,2026-01-21 14:20:00,20.83,20.84,20.8,20.81,112000,2332237.0
000818.SZ,2026-01-21 14:21:00,20.81,20.82,20.8,20.81,94500,1966906.0
000818.SZ,2026-01-21 14:22:00,20.81,20.82,20.8,20.81,131400,2734330.0
000818.SZ,2026-01-21 14:23:00,20.81,20.82,20.81,20.81,81800,1702357.0
000818.SZ,2026-01-21 14:24:00,20.81,20.85,20.81,20.84,74348,1548257.4
000818.SZ,2026-01-21 14:25:00,20.83,20.83,20.8,20.8,109100,2270707.0
000818.SZ,2026-01-21 14:26:00,20.8,20.8,20.77,20.78,50300,1045568.0
000818.SZ,2026-01-21 14:27:00,20.77,20.79,20.77,20.78,27000,561028.0
000818.SZ,2026-01-21 14:28:00,20.77,20.78,20.76,20.76,38400,797431.0
000818.SZ,2026-01-21 14:29:00,20.76,20.76,20.75,20.75,38100,790718.0
000818.SZ,2026-01-21 14:30:00,20.76,20.79,20.76,20.79,37900,787366.0
000818.SZ,2026-01-21 14:31:00,20.79,20.8,20.77,20.77,70700,1469539.0
000818.SZ,2026-01-21 14:32:00,20.79,20.8,20.78,20.8,59700,1241161.0
000818.SZ,2026-01-21 14:33:00,20.8,20.81,20.79,20.8,104700,2177685.0
000818.SZ,2026-01-21 14:34:00,20.79,20.8,20.79,20.79,26000,540574.0
000818.SZ,2026-01-21 14:35:00,20.79,20.8,20.78,20.78,87200,1812557.0
000818.SZ,2026-01-21 14:36:00,20.76,20.79,20.75,20.78,77400,1607275.0
000818.SZ,2026-01-21 14:37:00,20.78,20.79,20.77,20.79,41400,860474.0
000818.SZ,2026-01-21 14:38:00,20.78,20.82,20.78,20.82,93300,1940994.0
000818.SZ,2026-01-21 14:39:00,20.82,20.84,20.82,20.83,56100,1168640.0
000818.SZ,2026-01-21 14:40:00,20.82,20.83,20.81,20.81,106300,2212755.0
000818.SZ,2026-01-21 14:41:00,20.83,20.83,20.8,20.81,71500,1487984.0
000818.SZ,2026-01-21 14:42:00,20.8,20.82,20.8,20.82,55600,1156743.0
000818.SZ,2026-01-21 14:43:00,20.82,20.82,20.8,20.81,63600,1323611.0
000818.SZ,2026-01-21 14:44:00,20.81,20.82,20.81,20.81,59700,1242675.0
000818.SZ,2026-01-21 14:45:00,20.82,20.84,20.81,20.84,119100,2480187.0
000818.SZ,2026-01-21 14:46:00,20.83,20.83,20.8,20.81,204700,4260332.0
000818.SZ,2026-01-21 14:47:00,20.81,20.82,20.81,20.81,59400,1236137.0
000818.SZ,2026-01-21 14:48:00,20.82,20.82,20.81,20.82,75300,1567483.0
000818.SZ,2026-01-21 14:49:00,20.82,20.83,20.81,20.83,104086,2166850.5
000818.SZ,2026-01-21 14:50:00,20.83,20.83,20.81,20.82,140414,2923236.5
000818.SZ,2026-01-21 14:51:00,20.82,20.82,20.81,20.81,111300,2316538.0
000818.SZ,2026-01-21 14:52:00,20.81,20.81,20.8,20.8,114200,2376254.0
000818.SZ,2026-01-21 14:53:00,20.8,20.81,20.8,20.8,117000,2433933.0
000818.SZ,2026-01-21 14:54:00,20.8,20.81,20.79,20.79,168100,3495981.0
000818.SZ,2026-01-21 14:55:00,20.78,20.81,20.78,20.81,92800,1929770.0
000818.SZ,2026-01-21 14:56:00,20.8,20.82,20.8,20.81,135000,2809138.0
000818.SZ,2026-01-21 14:57:00,20.82,20.82,20.81,20.81,169000,3517566.0
000818.SZ,2026-01-21 14:58:00,20.81,20.81,20.81,20.81,0,0.0
000818.SZ,2026-01-21 14:59:00,20.81,20.81,20.81,20.81,0,0.0
000818.SZ,2026-01-21 15:00:00,20.82,20.82,20.82,20.82,158014,3289851.5
000818.SZ,2026-01-22 09:30:00,20.84,20.89,20.83,20.87,83600,1742382.0
000818.SZ,2026-01-22 09:31:00,20.88,20.97,20.82,20.86,571500,11936131.0
000818.SZ,2026-01-22 09:32:00,20.84,20.89,20.81,20.87,178900,3728745.0
000818.SZ,2026-01-22 09:33:00,20.86,20.88,20.83,20.83,122900,2562673.0
000818.SZ,2026-01-22 09:34:00,20.82,20.84,20.8,20.84,233000,4849101.0
000818.SZ,2026-01-22 09:35:00,20.88,20.91,20.87,20.87,169500,3540152.0
000818.SZ,2026-01-22 09:36:00,20.86,20.88,20.79,20.8,159100,3313916.0
000818.SZ,2026-01-22 09:37:00,20.8,20.85,20.77,20.82,126800,2638713.0
000818.SZ,2026-01-22 09:38:00,20.81,20.88,20.8,20.85,133200,2776468.0
000818.SZ,2026-01-22 09:39:00,20.85,20.91,20.84,20.9,159700,3334754.0
000818.SZ,2026-01-22 09:40:00,20.9,20.9,20.86,20.87,81500,1701866.0
000818.SZ,2026-01-22 09:41:00,20.87,20.9,20.85,20.9,212900,4445216.0
000818.SZ,2026-01-22 09:42:00,20.9,20.97,20.9,20.96,247000,5173535.0
000818.SZ,2026-01-22 09:43:00,20.94,20.95,20.91,20.91,110300,2308990.0
000818.SZ,2026-01-22 09:44:00,20.91,20.92,20.89,20.9,110000,2299759.0
000818.SZ,2026-01-22 09:45:00,20.89,20.92,20.89,20.92,79700,1666101.0
000818.SZ,2026-01-22 09:46:00,20.93,20.94,20.91,20.92,153900,3220186.0
000818.SZ,2026-01-22 09:47:00,20.92,20.94,20.92,20.93,74300,1555006.0
000818.SZ,2026-01-22 09:48:00,20.93,20.95,20.92,20.94,68000,1424011.0
000818.SZ,2026-01-22 09:49:00,20.95,20.95,20.93,20.93,58700,1229148.0
000818.SZ,2026-01-22 09:50:00,20.97,20.98,20.95,20.95,185500,3888685.0
000818.SZ,2026-01-22 09:51:00,20.95,20.95,20.9,20.92,113300,2370590.0
000818.SZ,2026-01-22 09:52:00,20.91,20.95,20.91,20.92,64800,1355860.0
000818.SZ,2026-01-22 09:53:00,20.92,20.92,20.9,20.9,85100,1779784.0
000818.SZ,2026-01-22 09:54:00,20.89,20.89,20.87,20.87,179200,3741451.0
000818.SZ,2026-01-22 09:55:00,20.87,20.87,20.86,20.87,78300,1633956.0
000818.SZ,2026-01-22 09:56:00,20.86,20.89,20.86,20.87,74900,1563396.0
000818.SZ,2026-01-22 09:57:00,20.87,20.88,20.84,20.87,168500,3514124.0
000818.SZ,2026-01-22 09:58:00,20.86,20.89,20.85,20.88,44000,917758.0
000818.SZ,2026-01-22 09:59:00,20.88,20.89,20.87,20.87,37200,776602.0
000818.SZ,2026-01-22 10:00:00,20.86,20.87,20.83,20.83,87800,1830960.0
000818.SZ,2026-01-22 10:01:00,20.83,20.85,20.83,20.83,56400,1174969.0
000818.SZ,2026-01-22 10:02:00,20.83,20.84,20.82,20.82,109200,2274696.0
000818.SZ,2026-01-22 10:03:00,20.83,20.83,20.81,20.82,99200,2064929.0
000818.SZ,2026-01-22 10:04:00,20.83,20.84,20.82,20.84,50800,1058248.0
000818.SZ,2026-01-22 10:05:00,20.83,20.84,20.81,20.81,87200,1815868.0
000818.SZ,2026-01-22 10:06:00,20.81,20.83,20.81,20.82,76300,1588488.0
000818.SZ,2026-01-22 10:07:00,20.82,20.84,20.82,20.84,128000,2665645.0
000818.SZ,2026-01-22 10:08:00,20.84,20.88,20.84,20.87,73300,1528579.0
000818.SZ,2026-01-22 10:09:00,20.87,20.88,20.87,20.87,25600,534372.0
000818.SZ,2026-01-22 10:10:00,20.87,20.87,20.85,20.87,42500,886780.0
000818.SZ,2026-01-22 10:11:00,20.88,20.9,20.88,20.88,61700,1288565.0
000818.SZ,2026-01-22 10:12:00,20.88,20.91,20.88,20.91,51400,1073981.0
000818.SZ,2026-01-22 10:13:00,20.91,20.91,20.88,20.89,33200,693488.0
000818.SZ,2026-01-22 10:14:00,20.89,20.89,20.86,20.86,72500,1513513.0
000818.SZ,2026-01-22 10:15:00,20.86,20.86,20.84,20.85,51900,1081870.0
000818.SZ,2026-01-22 10:16:00,20.84,20.86,20.83,20.86,107800,2246295.0
000818.SZ,2026-01-22 10:17:00,20.86,20.86,20.85,20.86,46600,971978.0
000818.SZ,2026-01-22 10:18:00,20.86,20.86,20.83,20.83,38600,804869.0
000818.SZ,2026-01-22 10:19:00,20.82,20.83,20.81,20.81,67600,1407292.0
000818.SZ,2026-01-22 10:20:00,20.82,20.84,20.81,20.84,64400,1340926.0
000818.SZ,2026-01-22 10:21:00,20.84,20.85,20.82,20.85,20000,416706.0
000818.SZ,2026-01-22 10:22:00,20.85,20.87,20.83,20.87,65500,1365737.0
000818.SZ,2026-01-22 10:23:00,20.85,20.87,20.84,20.86,24300,506726.0
000818.SZ,2026-01-22 10:24:00,20.86,20.89,20.85,20.89,66200,1381822.0
000818.SZ,2026-01-22 10:25:00,20.88,20.89,20.86,20.87,46900,979200.0
000818.SZ,2026-01-22 10:26:00,20.87,20.88,20.86,20.86,11500,239984.0
000818.SZ,2026-01-22 10:27:00,20.87,20.87,20.85,20.86,80000,1668103.0
000818.SZ,2026-01-22 10:28:00,20.92,20.92,20.87,20.88,161600,3376781.0
000818.SZ,2026-01-22 10:29:00,20.88,20.9,20.88,20.88,103500,2161427.0
000818.SZ,2026-01-22 10:30:00,20.88,20.9,20.87,20.9,24800,518028.0
000818.SZ,2026-01-22 10:31:00,20.89,20.9,20.88,20.88,38900,812436.0
000818.SZ,2026-01-22 10:32:00,20.87,20.88,20.86,20.86,14200,296367.0
000818.SZ,2026-01-22 10:33:00,20.86,20.88,20.85,20.88,55100,1149865.0
000818.SZ,2026-01-22 10:34:00,20.88,20.88,20.86,20.88,50900,1062309.0
000818.SZ,2026-01-22 10:35:00,20.87,20.88,20.86,20.86,27800,580044.0
000818.SZ,2026-01-22 10:36:00,20.86,20.86,20.84,20.84,56700,1182258.0
000818.SZ,2026-01-22 10:37:00,20.85,20.86,20.84,20.85,47100,982039.0
000818.SZ,2026-01-22 10:38:00,20.86,20.86,20.84,20.85,38600,804794.0
000818.SZ,2026-01-22 10:39:00,20.85,20.87,20.85,20.85,33400,696500.0
000818.SZ,2026-01-22 10:40:00,20.87,20.87,20.86,20.87,15200,317169.0
000818.SZ,2026-01-22 10:41:00,20.86,20.87,20.86,20.86,20800,433955.0
000818.SZ,2026-01-22 10:42:00,20.87,20.88,20.87,20.88,25400,530249.0
000818.SZ,2026-01-22 10:43:00,20.88,20.88,20.87,20.88,18200,379963.0
000818.SZ,2026-01-22 10:44:00,20.88,20.88,20.84,20.84,72500,1511740.0
000818.SZ,2026-01-22 10:45:00,20.85,20.85,20.84,20.84,13800,287640.0
000818.SZ,2026-01-22 10:46:00,20.85,20.85,20.84,20.84,33800,704442.0
000818.SZ,2026-01-22 10:47:00,20.84,20.84,20.82,20.82,71300,1484837.0
000818.SZ,2026-01-22 10:48:00,20.82,20.84,20.81,20.84,57900,1205596.0
000818.SZ,2026-01-22 10:49:00,20.84,20.86,20.83,20.83,29600,616768.0
000818.SZ,2026-01-22 10:50:00,20.84,20.86,20.82,20.83,64600,1345846.0
000818.SZ,2026-01-22 10:51:00,20.84,20.84,20.82,20.84,68600,1428766.0
000818.SZ,2026-01-22 10:52:00,20.84,20.84,20.82,20.82,15100,314547.0
000818.SZ,2026-01-22 10:53:00,20.83,20.86,20.83,20.84,14700,306215.0
000818.SZ,2026-01-22 10:54:00,20.84,20.86,20.84,20.86,15100,314853.0
000818.SZ,2026-01-22 10:55:00,20.86,20.88,20.85,20.86,27600,575834.0
000818.SZ,2026-01-22 10:56:00,20.86,20.88,20.86,20.88,35800,747250.0
000818.SZ,2026-01-22 10:57:00,20.88,20.88,20.86,20.87,12300,256708.0
000818.SZ,2026-01-22 10:58:00,20.86,20.87,20.85,20.85,17800,371259.0
000818.SZ,2026-01-22 10:59:00,20.85,20.87,20.85,20.87,30100,627743.0
000818.SZ,2026-01-22 11:00:00,20.87,20.88,20.85,20.86,60000,1252061.0
000818.SZ,2026-01-22 11:01:00,20.88,20.88,20.85,20.86,25200,525957.0
000818.SZ,2026-01-22 11:02:00,20.86,20.86,20.84,20.84,11400,237691.0
000818.SZ,2026-01-22 11:03:00,20.85,20.85,20.83,20.83,58400,1217055.0
000818.SZ,2026-01-22 11:04:00,20.83,20.84,20.82,20.84,21000,437441.0
000818.SZ,2026-01-22 11:05:00,20.83,20.83,20.82,20.83,17700,368618.0
000818.SZ,2026-01-22 11:06:00,20.83,20.83,20.82,20.83,28900,601958.0
000818.SZ,2026-01-22 11:07:00,20.84,20.84,20.83,20.84,17500,364568.0
000818.SZ,2026-01-22 11:08:00,20.84,20.85,20.83,20.83,38700,806377.0
000818.SZ,2026-01-22 11:09:00,20.83,20.84,20.83,20.84,15000,312580.0
000818.SZ,2026-01-22 11:10:00,20.84,20.84,20.83,20.84,29000,604218.0
000818.SZ,2026-01-22 11:11:00,20.84,20.84,20.82,20.83,89000,1853770.0
000818.SZ,2026-01-22 11:12:00,20.84,20.84,20.82,20.82,20800,433341.0
000818.SZ,2026-01-22 11:13:00,20.83,20.83,20.8,20.8,168400,3504613.0
000818.SZ,2026-01-22 11:14:00,20.8,20.81,20.8,20.81,76200,1585342.0
000818.SZ,2026-01-22 11:15:00,20.8,20.82,20.8,20.81,23400,487009.0
000818.SZ,2026-01-22 11:16:00,20.82,20.82,20.8,20.82,66400,1381482.0
000818.SZ,2026-01-22 11:17:00,20.8,20.81,20.8,20.81,19700,409792.0
000818.SZ,2026-01-22 11:18:00,20.81,20.81,20.77,20.77,240100,4991709.0
000818.SZ,2026-01-22 11:19:00,20.77,20.81,20.76,20.79,71900,1493720.0
000818.SZ,2026-01-22 11:20:00,20.79,20.8,20.78,20.78,15400,320070.0
000818.SZ,2026-01-22 11:21:00,20.79,20.8,20.78,20.79,36900,767068.0
000818.SZ,2026-01-22 11:22:00,20.78,20.78,20.77,20.78,33200,689775.0
000818.SZ,2026-01-22 11:23:00,20.77,20.78,20.75,20.77,56600,1175205.0
000818.SZ,2026-01-22 11:24:00,20.76,20.78,20.76,20.78,10700,222223.0
000818.SZ,2026-01-22 11:25:00,20.77,20.78,20.76,20.78,28000,581507.0
000818.SZ,2026-01-22 11:26:00,20.78,20.78,20.76,20.76,10700,222267.0
000818.SZ,2026-01-22 11:27:00,20.78,20.78,20.76,20.77,23700,492258.0
000818.SZ,2026-01-22 11:28:00,20.78,20.79,20.76,20.78,47300,982602.0
000818.SZ,2026-01-22 11:29:00,20.77,20.79,20.77,20.79,12600,261879.0
000818.SZ,2026-01-22 11:30:00,20.79,20.8,20.78,20.78,20700,430359.0
000818.SZ,2026-01-22 13:01:00,20.78,20.78,20.73,20.74,124500,2584070.0
000818.SZ,2026-01-22 13:02:00,20.73,20.74,20.71,20.71,60800,1259898.0
000818.SZ,2026-01-22 13:03:00,20.71,20.72,20.71,20.72,33200,687650.0
000818.SZ,2026-01-22 13:04:00,20.72,20.72,20.71,20.71,27100,561357.0
000818.SZ,2026-01-22 13:05:00,20.71,20.74,20.71,20.74,74600,1545879.0
000818.SZ,2026-01-22 13:06:00,20.74,20.74,20.73,20.74,8900,184558.0
000818.SZ,2026-01-22 13:07:00,20.74,20.74,20.72,20.72,35200,729680.0
000818.SZ,2026-01-22 13:08:00,20.72,20.72,20.71,20.71,68300,1415664.0
000818.SZ,2026-01-22 13:09:00,20.74,20.75,20.74,20.75,15000,311189.0
000818.SZ,2026-01-22 13:10:00,20.74,20.76,20.74,20.74,21800,452288.0
000818.SZ,2026-01-22 13:11:00,20.75,20.75,20.74,20.74,39200,813053.0
000818.SZ,2026-01-22 13:12:00,20.74,20.76,20.74,20.76,37200,772061.0
000818.SZ,2026-01-22 13:13:00,20.76,20.77,20.75,20.77,20400,423509.0
000818.SZ,2026-01-22 13:14:00,20.75,20.78,20.75,20.77,46100,957661.0
000818.SZ,2026-01-22 13:15:00,20.78,20.79,20.76,20.78,19500,405238.0
000818.SZ,2026-01-22 13:16:00,20.79,20.79,20.77,20.79,16200,336701.0
000818.SZ,2026-01-22 13:17:00,20.79,20.8,20.78,20.79,22500,467738.0
000818.SZ,2026-01-22 13:18:00,20.79,20.79,20.77,20.77,17900,371875.0
000818.SZ,2026-01-22 13:19:00,20.77,20.78,20.77,20.77,47400,984519.0
000818.SZ,2026-01-22 13:20:00,20.76,20.77,20.75,20.75,42993,892525.75
000818.SZ,2026-01-22 13:21:00,20.76,20.76,20.75,20.75,32900,682801.06
000818.SZ,2026-01-22 13:22:00,20.75,20.76,20.75,20.76,10900,226259.0
000818.SZ,2026-01-22 13:23:00,20.76,20.77,20.75,20.77,16200,336329.0
000818.SZ,2026-01-22 13:24:00,20.76,20.79,20.76,20.76,35700,741640.0
000818.SZ,2026-01-22 13:25:00,20.77,20.77,20.74,20.74,18600,386037.0
000818.SZ,2026-01-22 13:26:00,20.74,20.77,20.74,20.77,13300,275982.0
000818.SZ,2026-01-22 13:27:00,20.77,20.77,20.75,20.76,24900,516879.0
000818.SZ,2026-01-22 13:28:00,20.76,20.76,20.75,20.75,91800,1905279.0
000818.SZ,2026-01-22 13:29:00,20.76,20.77,20.75,20.76,40100,832325.0
000818.SZ,2026-01-22 13:30:00,20.76,20.78,20.75,20.76,48600,1008759.0
000818.SZ,2026-01-22 13:31:00,20.76,20.76,20.75,20.76,101600,2108284.0
000818.SZ,2026-01-22 13:32:00,20.75,20.76,20.75,20.75,16800,348719.0
000818.SZ,2026-01-22 13:33:00,20.76,20.76,20.75,20.75,13700,284337.0
000818.SZ,2026-01-22 13:34:00,20.76,20.76,20.75,20.75,11800,244886.0
000818.SZ,2026-01-22 13:35:00,20.76,20.77,20.75,20.76,56900,1180982.0
000818.SZ,2026-01-22 13:36:00,20.77,20.78,20.76,20.77,18200,377946.9
000818.SZ,2026-01-22 13:37:00,20.77,20.79,20.77,20.79,15300,317917.9
000818.SZ,2026-01-22 13:38:00,20.78,20.78,20.76,20.77,21600,448626.0
000818.SZ,2026-01-22 13:39:00,20.76,20.77,20.76,20.77,36300,753686.0
000818.SZ,2026-01-22 13:40:00,20.76,20.77,20.75,20.75,35100,728588.0
000818.SZ,2026-01-22 13:41:00,20.76,20.76,20.75,20.76,9600,199232.0
000818.SZ,2026-01-22 13:42:00,20.76,20.76,20.75,20.75,21700,450302.0
000818.SZ,2026-01-22 13:43:00,20.75,20.76,20.75,20.76,20200,419198.0
000818.SZ,2026-01-22 13:44:00,20.75,20.76,20.74,20.75,110300,2288810.0
000818.SZ,2026-01-22 13:45:00,20.75,20.75,20.74,20.75,39607,821512.25
000818.SZ,2026-01-22 13:46:00,20.75,20.77,20.74,20.76,49900,1035545.06
000818.SZ,2026-01-22 13:47:00,20.76,20.76,20.74,20.75,8400,174300.0
000818.SZ,2026-01-22 13:48:00,20.75,20.76,20.74,20.76,17900,371424.0
000818.SZ,2026-01-22 13:49:00,20.74,20.75,20.74,20.75,50500,1047578.0
000818.SZ,2026-01-22 13:50:00,20.74,20.76,20.74,20.76,11000,228246.0
000818.SZ,2026-01-22 13:51:00,20.75,20.76,20.74,20.75,18500,383930.0
000818.SZ,2026-01-22 13:52:00,20.76,20.77,20.76,20.76,37400,776546.0
000818.SZ,2026-01-22 13:53:00,20.77,20.8,20.77,20.8,131210,2726603.0
000818.SZ,2026-01-22 13:54:00,20.8,20.83,20.8,20.82,39900,830674.0
000818.SZ,2026-01-22 13:55:00,20.82,20.82,20.81,20.82,20000,416369.0
000818.SZ,2026-01-22 13:56:00,20.82,20.85,20.81,20.85,46300,964489.0
000818.SZ,2026-01-22 13:57:00,20.85,20.88,20.84,20.87,145000,3025073.0
000818.SZ,2026-01-22 13:58:00,20.85,20.87,20.85,20.86,84500,1763048.0
000818.SZ,2026-01-22 13:59:00,20.85,20.86,20.85,20.85,18600,387856.0
000818.SZ,2026-01-22 14:00:00,20.86,20.86,20.84,20.86,39300,819562.0
000818.SZ,2026-01-22 14:01:00,20.86,20.87,20.85,20.87,71800,1497883.0
000818.SZ,2026-01-22 14:02:00,20.88,20.88,20.84,20.85,57600,1201413.0
000818.SZ,2026-01-22 14:03:00,20.84,20.86,20.84,20.85,19300,402470.0
000818.SZ,2026-01-22 14:04:00,20.85,20.86,20.84,20.85,12400,258526.0
000818.SZ,2026-01-22 14:05:00,20.85,20.85,20.84,20.84,9500,198064.0
000818.SZ,2026-01-22 14:06:00,20.85,20.85,20.84,20.85,23800,496224.0
000818.SZ,2026-01-22 14:07:00,20.84,20.85,20.84,20.84,12400,258491.0
000818.SZ,2026-01-22 14:08:00,20.84,20.85,20.83,20.84,38500,802211.0
000818.SZ,2026-01-22 14:09:00,20.85,20.85,20.83,20.85,42900,893863.0
000818.SZ,2026-01-22 14:10:00,20.86,20.86,20.84,20.85,44200,921833.0
000818.SZ,2026-01-22 14:11:00,20.86,20.88,20.82,20.84,62000,1293515.0
000818.SZ,2026-01-22 14:12:00,20.82,20.83,20.82,20.83,19200,399844.0
000818.SZ,2026-01-22 14:13:00,20.83,20.83,20.82,20.83,13900,289496.0
000818.SZ,2026-01-22 14:14:00,20.83,20.83,20.81,20.81,31700,660008.0
000818.SZ,2026-01-22 14:15:00,20.82,20.82,20.81,20.81,31600,657713.0
000818.SZ,2026-01-22 14:16:00,20.81,20.82,20.81,20.82,20000,416284.0
000818.SZ,2026-01-22 14:17:00,20.82,20.82,20.81,20.81,18700,389271.0
000818.SZ,2026-01-22 14:18:00,20.81,20.82,20.79,20.8,83800,1743134.0
000818.SZ,2026-01-22 14:19:00,20.8,20.82,20.8,20.8,171900,3575663.0
000818.SZ,2026-01-22 14:20:00,20.82,20.83,20.81,20.83,24900,518261.0
000818.SZ,2026-01-22 14:21:00,20.83,20.83,20.81,20.83,23100,481014.0
000818.SZ,2026-01-22 14:22:00,20.81,20.83,20.81,20.83,12800,266551.0
000818.SZ,2026-01-22 14:23:00,20.83,20.84,20.82,20.84,52600,1095516.8
000818.SZ,2026-01-22 14:24:00,20.84,20.84,20.82,20.84,29100,606192.0
000818.SZ,2026-01-22 14:25:00,20.84,20.84,20.83,20.84,20200,420874.0
000818.SZ,2026-01-22 14:26:00,20.84,20.85,20.83,20.83,90526,1886596.9
000818.SZ,2026-01-22 14:27:00,20.84,20.85,20.83,20.85,21300,443826.0
000818.SZ,2026-01-22 14:28:00,20.84,20.84,20.83,20.84,16100,335450.0
000818.SZ,2026-01-22 14:29:00,20.84,20.84,20.83,20.83,27400,570923.0
000818.SZ,2026-01-22 14:30:00,20.83,20.84,20.82,20.83,40400,841481.0
000818.SZ,2026-01-22 14:31:00,20.84,20.85,20.83,20.84,32800,683567.0
000818.SZ,2026-01-22 14:32:00,20.84,20.85,20.83,20.85,37500,781483.0
000818.SZ,2026-01-22 14:33:00,20.84,20.85,20.83,20.85,20300,423078.0
000818.SZ,2026-01-22 14:34:00,20.85,20.85,20.83,20.84,23000,479382.0
000818.SZ,2026-01-22 14:35:00,20.84,20.85,20.84,20.85,36100,752355.0
000818.SZ,2026-01-22 14:36:00,20.84,20.84,20.83,20.83,41900,872957.0
000818.SZ,2026-01-22 14:37:00,20.83,20.84,20.83,20.84,39600,824947.0
000818.SZ,2026-01-22 14:38:00,20.83,20.84,20.81,20.81,72800,1515841.0
000818.SZ,2026-01-22 14:39:00,20.82,20.82,20.81,20.82,31600,657857.0
000818.SZ,2026-01-22 14:40:00,20.82,20.83,20.81,20.82,95700,1992381.0
000818.SZ,2026-01-22 14:41:00,20.83,20.83,20.82,20.83,23100,481048.0
000818.SZ,2026-01-22 14:42:00,20.82,20.84,20.82,20.83,34200,712467.0
000818.SZ,2026-01-22 14:43:00,20.83,20.83,20.83,20.83,28900,601961.0
000818.SZ,2026-01-22 14:44:00,20.82,20.83,20.82,20.82,32500,676853.0
000818.SZ,2026-01-22 14:45:00,20.83,20.84,20.82,20.84,36800,766663.0
000818.SZ,2026-01-22 14:46:00,20.84,20.84,20.83,20.84,67500,1406421.0
000818.SZ,2026-01-22 14:47:00,20.84,20.84,20.81,20.82,52300,1089005.0
000818.SZ,2026-01-22 14:48:00,20.83,20.83,20.8,20.8,91200,1897863.0
000818.SZ,2026-01-22 14:49:00,20.82,20.83,20.81,20.83,31600,657832.0
000818.SZ,2026-01-22 14:50:00,20.83,20.84,20.82,20.84,82218,1712601.0
000818.SZ,2026-01-22 14:51:00,20.82,20.84,20.82,20.83,48900,1018602.0
000818.SZ,2026-01-22 14:52:00,20.83,20.83,20.82,20.82,67300,1401608.0
000818.SZ,2026-01-22 14:53:00,20.83,20.84,20.82,20.84,40100,835268.0
000818.SZ,2026-01-22 14:54:00,20.83,20.84,20.83,20.83,75838,1579914.5
000818.SZ,2026-01-22 14:55:00,20.84,20.84,20.83,20.84,56462,1176377.1
000818.SZ,2026-01-22 14:56:00,20.83,20.85,20.83,20.84,192000,4001213.5
000818.SZ,2026-01-22 14:57:00,20.84,20.85,20.84,20.84,108800,2268072.0
000818.SZ,2026-01-22 14:58:00,20.84,20.84,20.84,20.84,0,0.0
000818.SZ,2026-01-22 14:59:00,20.84,20.84,20.84,20.84,0,0.0
000818.SZ,2026-01-22 15:00:00,20.84,20.84,20.84,20.84,57200,1192048.0
000818.SZ,2026-01-23 09:30:00,20.9,20.9,20.85,20.85,73600,1538090.0
000818.SZ,2026-01-23 09:31:00,20.9,20.98,20.85,20.9,288300,6029192.0
000818.SZ,2026-01-23 09:32:00,20.9,20.91,20.79,20.85,343900,7169665.0
000818.SZ,2026-01-23 09:33:00,20.85,20.95,20.85,20.95,150500,3143001.0
000818.SZ,2026-01-23 09:34:00,20.92,20.99,20.92,20.99,287400,6023965.0
000818.SZ,2026-01-23 09:35:00,20.99,21.05,20.97,21.05,359400,7546753.0
000818.SZ,2026-01-23 09:36:00,21.07,21.08,21.0,21.06,211100,4442637.0
000818.SZ,2026-01-23 09:37:00,21.07,21.08,21.02,21.02,199300,4197439.0
000818.SZ,2026-01-23 09:38:00,21.05,21.06,21.03,21.04,187100,3937470.0
000818.SZ,2026-01-23 09:39:00,21.03,21.03,21.01,21.01,175600,3690596.0
000818.SZ,2026-01-23 09:40:00,21.0,21.03,21.0,21.01,133300,2800936.0
000818.SZ,2026-01-23 09:41:00,21.02,21.02,20.97,20.98,136200,2858986.0
000818.SZ,2026-01-23 09:42:00,20.98,21.02,20.98,21.02,124900,2622829.0
000818.SZ,2026-01-23 09:43:00,21.02,21.02,21.0,21.01,57300,1203878.0
000818.SZ,2026-01-23 09:44:00,21.01,21.02,20.99,21.02,121800,2558847.0
000818.SZ,2026-01-23 09:45:00,21.02,21.02,20.99,21.01,58900,1237400.0
000818.SZ,2026-01-23 09:46:00,21.02,21.11,21.01,21.11,436300,9190327.0
000818.SZ,2026-01-23 09:47:00,21.11,21.11,21.06,21.08,193100,4072433.0
000818.SZ,2026-01-23 09:48:00,21.08,21.1,21.08,21.1,121600,2564604.0
000818.SZ,2026-01-23 09:49:00,21.09,21.14,21.09,21.14,146200,3087079.0
000818.SZ,2026-01-23 09:50:00,21.14,21.17,21.14,21.15,168700,3567654.0
000818.SZ,2026-01-23 09:51:00,21.14,21.15,21.14,21.14,93300,1972492.0
000818.SZ,2026-01-23 09:52:00,21.14,21.14,21.1,21.12,64700,1366240.0
000818.SZ,2026-01-23 09:53:00,21.12,21.14,21.11,21.13,58900,1244377.0
000818.SZ,2026-01-23 09:54:00,21.14,21.14,21.1,21.1,102200,2159025.0
000818.SZ,2026-01-23 09:55:00,21.1,21.13,21.09,21.13,99400,2098719.0
000818.SZ,2026-01-23 09:56:00,21.12,21.14,21.12,21.12,234800,4959686.0
000818.SZ,2026-01-23 09:57:00,21.14,21.14,21.12,21.14,92100,1946584.0
000818.SZ,2026-01-23 09:58:00,21.14,21.14,21.13,21.13,88800,1877436.0
000818.SZ,2026-01-23 09:59:00,21.14,21.15,21.13,21.14,87700,1853780.0
000818.SZ,2026-01-23 10:00:00,21.14,21.14,21.12,21.12,61400,1297403.0
000818.SZ,2026-01-23 10:01:00,21.13,21.14,21.12,21.12,61100,1290746.0
000818.SZ,2026-01-23 10:02:00,21.11,21.13,21.1,21.11,97300,2054458.0
000818.SZ,2026-01-23 10:03:00,21.13,21.13,21.1,21.12,58800,1241562.0
000818.SZ,2026-01-23 10:04:00,21.12,21.12,21.1,21.1,86000,1814820.0
000818.SZ,2026-01-23 10:05:00,21.1,21.1,21.08,21.09,120700,2545151.0
000818.SZ,2026-01-23 10:06:00,21.1,21.1,21.06,21.09,41500,874961.0
000818.SZ,2026-01-23 10:07:00,21.09,21.11,21.09,21.09,72000,1519291.0
000818.SZ,2026-01-23 10:08:00,21.09,21.1,21.07,21.07,42700,900110.0
000818.SZ,2026-01-23 10:09:00,21.06,21.07,21.05,21.07,73600,1550074.0
000818.SZ,2026-01-23 10:10:00,21.07,21.08,21.06,21.08,52100,1097858.0
000818.SZ,2026-01-23 10:11:00,21.07,21.1,21.07,21.1,34800,733514.0
000818.SZ,2026-01-23 10:12:00,21.1,21.1,21.07,21.07,44800,944180.0
000818.SZ,2026-01-23 10:13:00,21.08,21.09,21.07,21.09,59300,1249876.0
000818.SZ,2026-01-23 10:14:00,21.09,21.09,21.07,21.08,25400,535486.0
000818.SZ,2026-01-23 10:15:00,21.08,21.1,21.08,21.1,49900,1052419.0
000818.SZ,2026-01-23 10:16:00,21.1,21.1,21.05,21.05,111300,2345657.0
000818.SZ,2026-01-23 10:17:00,21.05,21.07,21.04,21.05,60300,1269562.0
000818.SZ,2026-01-23 10:18:00,21.05,21.06,21.05,21.05,43200,909500.0
000818.SZ,2026-01-23 10:19:00,21.05,21.09,21.05,21.08,61600,1298003.0
000818.SZ,2026-01-23 10:20:00,21.08,21.08,21.06,21.06,22100,465880.0
000818.SZ,2026-01-23 10:21:00,21.06,21.08,21.06,21.08,25900,545671.0
000818.SZ,2026-01-23 10:22:00,21.08,21.08,21.03,21.03,106100,2233878.0
000818.SZ,2026-01-23 10:23:00,21.02,21.03,21.01,21.01,71200,1496731.0
000818.SZ,2026-01-23 10:24:00,21.02,21.05,21.01,21.03,81700,1717454.0
000818.SZ,2026-01-23 10:25:00,21.05,21.05,21.02,21.02,20000,420726.0
000818.SZ,2026-01-23 10:26:00,21.02,21.04,21.02,21.03,57900,1217593.0
000818.SZ,2026-01-23 10:27:00,21.03,21.04,21.02,21.02,58200,1223930.0
000818.SZ,2026-01-23 10:28:00,21.02,21.04,21.02,21.04,31400,660422.0
000818.SZ,2026-01-23 10:29:00,21.04,21.04,21.02,21.02,33600,706415.0
000818.SZ,2026-01-23 10:30:00,21.02,21.02,21.01,21.01,42600,895270.0
000818.SZ,2026-01-23 10:31:00,21.0,21.04,21.0,21.03,47900,1007136.0
000818.SZ,2026-01-23 10:32:00,21.02,21.03,21.02,21.02,26400,554938.0
000818.SZ,2026-01-23 10:33:00,21.02,21.02,20.95,20.95,258300,5421325.0
000818.SZ,2026-01-23 10:34:00,20.95,21.0,20.93,20.98,42900,898931.0
000818.SZ,2026-01-23 10:35:00,21.0,21.02,20.97,21.01,33500,702968.0
000818.SZ,2026-01-23 10:36:00,21.0,21.0,20.98,20.99,51300,1076984.0
000818.SZ,2026-01-23 10:37:00,20.99,20.99,20.97,20.98,20900,438424.0
000818.SZ,2026-01-23 10:38:00,20.99,21.0,20.97,21.0,32542,683174.0
000818.SZ,2026-01-23 10:39:00,21.01,21.03,21.0,21.0,41500,872196.0
000818.SZ,2026-01-23 10:40:00,20.99,21.02,20.99,21.02,63000,1323371.0
000818.SZ,2026-01-23 10:41:00,21.02,21.02,21.0,21.02,21300,447525.0
000818.SZ,2026-01-23 10:42:00,21.03,21.03,21.01,21.03,41500,872476.1
000818.SZ,2026-01-23 10:43:00,21.03,21.03,21.02,21.02,21400,449874.0
000818.SZ,2026-01-23 10:44:00,21.02,21.03,21.02,21.03,38700,813754.0
000818.SZ,2026-01-23 10:45:00,21.02,21.03,20.96,20.96,150800,3165422.0
000818.SZ,2026-01-23 10:46:00,20.98,20.99,20.97,20.99,30800,645912.0
000818.SZ,2026-01-23 10:47:00,20.98,20.99,20.97,20.98,17800,373493.0
000818.SZ,2026-01-23 10:48:00,20.98,20.98,20.97,20.97,24000,503388.0
000818.SZ,2026-01-23 10:49:00,20.98,21.01,20.98,21.0,84185,1767290.0
000818.SZ,2026-01-23 10:50:00,21.0,21.01,20.99,21.01,33700,707501.0
000818.SZ,2026-01-23 10:51:00,21.0,21.03,21.0,21.03,17100,359333.0
000818.SZ,2026-01-23 10:52:00,21.03,21.05,21.02,21.05,32100,675141.0
000818.SZ,2026-01-23 10:53:00,21.05,21.07,21.05,21.07,55400,1166384.0
000818.SZ,2026-01-23 10:54:00,21.08,21.08,21.06,21.06,53600,1129100.0
000818.SZ,2026-01-23 10:55:00,21.06,21.06,21.05,21.06,39000,821278.0
000818.SZ,2026-01-23 10:56:00,21.06,21.07,21.05,21.06,38000,800168.0
000818.SZ,2026-01-23 10:57:00,21.05,21.06,21.05,21.06,12700,267347.0
000818.SZ,2026-01-23 10:58:00,21.05,21.06,21.05,21.06,31800,669624.0
000818.SZ,2026-01-23 10:59:00,21.06,21.06,21.05,21.05,22700,477876.0
000818.SZ,2026-01-23 11:00:00,21.05,21.05,21.04,21.04,18500,389356.0
000818.SZ,2026-01-23 11:01:00,21.05,21.07,21.04,21.07,104200,2193559.0
000818.SZ,2026-01-23 11:02:00,21.07,21.08,21.07,21.07,52700,1110507.0
000818.SZ,2026-01-23 11:03:00,21.08,21.09,21.07,21.09,33700,710510.0
000818.SZ,2026-01-23 11:04:00,21.08,21.09,21.08,21.09,30300,638915.0
000818.SZ,2026-01-23 11:05:00,21.09,21.1,21.08,21.09,35700,752858.0
000818.SZ,2026-01-23 11:06:00,21.08,21.12,21.08,21.1,109900,2318879.0
000818.SZ,2026-01-23 11:07:00,21.1,21.11,21.1,21.11,17300,365107.0
000818.SZ,2026-01-23 11:08:00,21.1,21.11,21.1,21.1,13200,278568.0
000818.SZ,2026-01-23 11:09:00,21.1,21.11,21.1,21.11,28300,597179.0
000818.SZ,2026-01-23 11:10:00,21.11,21.11,21.1,21.1,28100,592923.0
000818.SZ,2026-01-23 11:11:00,21.1,21.11,21.07,21.07,56600,1193555.0
000818.SZ,2026-01-23 11:12:00,21.07,21.08,21.06,21.07,29600,623850.0
000818.SZ,2026-01-23 11:13:00,21.06,21.08,21.06,21.06,44500,937544.0
000818.SZ,2026-01-23 11:14:00,21.06,21.09,21.05,21.08,43100,908398.0
000818.SZ,2026-01-23 11:15:00,21.08,21.1,21.08,21.08,32700,689624.0
000818.SZ,2026-01-23 11:16:00,21.07,21.09,21.07,21.08,19600,413243.0
000818.SZ,2026-01-23 11:17:00,21.08,21.11,21.08,21.11,79700,1681240.0
000818.SZ,2026-01-23 11:18:00,21.13,21.13,21.12,21.12,146000,3083466.0
000818.SZ,2026-01-23 11:19:00,21.13,21.14,21.13,21.14,65900,1392322.0
000818.SZ,2026-01-23 11:20:00,21.13,21.14,21.13,21.13,81300,1718477.0
000818.SZ,2026-01-23 11:21:00,21.14,21.15,21.13,21.15,84300,1782476.0
000818.SZ,2026-01-23 11:22:00,21.15,21.15,21.14,21.15,165700,3504365.0
000818.SZ,2026-01-23 11:23:00,21.14,21.15,21.14,21.14,21200,448314.0
000818.SZ,2026-01-23 11:24:00,21.14,21.14,21.13,21.13,26700,564366.0
000818.SZ,2026-01-23 11:25:00,21.14,21.15,21.13,21.15,66300,1401782.0
000818.SZ,2026-01-23 11:26:00,21.15,21.16,21.14,21.15,82200,1738776.0
000818.SZ,2026-01-23 11:27:00,21.16,21.16,21.15,21.16,59100,1250514.0
000818.SZ,2026-01-23 11:28:00,21.16,21.28,21.16,21.25,627438,13307267.0
000818.SZ,2026-01-23 11:29:00,21.26,21.27,21.22,21.23,159000,3378139.0
000818.SZ,2026-01-23 11:30:00,21.23,21.23,21.22,21.23,70900,1504932.0
000818.SZ,2026-01-23 13:01:00,21.23,21.26,21.21,21.26,300400,6379234.0
000818.SZ,2026-01-23 13:02:00,21.25,21.25,21.23,21.23,44800,951419.0
000818.SZ,2026-01-23 13:03:00,21.22,21.24,21.22,21.24,30900,655883.0
000818.SZ,2026-01-23 13:04:00,21.23,21.25,21.23,21.25,41900,890164.0
000818.SZ,2026-01-23 13:05:00,21.26,21.28,21.26,21.27,164600,3501537.0
000818.SZ,2026-01-23 13:06:00,21.27,21.27,21.24,21.26,106800,2270628.0
000818.SZ,2026-01-23 13:07:00,21.26,21.28,21.26,21.26,57700,1227125.0
000818.SZ,2026-01-23 13:08:00,21.28,21.28,21.26,21.27,99300,2112625.0
000818.SZ,2026-01-23 13:09:00,21.26,21.28,21.26,21.27,62600,1331312.0
000818.SZ,2026-01-23 13:10:00,21.27,21.28,21.26,21.26,56200,1195167.0
000818.SZ,2026-01-23 13:11:00,21.25,21.27,21.25,21.27,40500,860937.0
000818.SZ,2026-01-23 13:12:00,21.26,21.27,21.25,21.25,25900,550586.0
000818.SZ,2026-01-23 13:13:00,21.25,21.25,21.24,21.24,39600,841231.0
000818.SZ,2026-01-23 13:14:00,21.25,21.26,21.24,21.26,62700,1332357.0
000818.SZ,2026-01-23 13:15:00,21.26,21.28,21.26,21.27,111000,2360687.0
000818.SZ,2026-01-23 13:16:00,21.27,21.28,21.26,21.28,212700,4524110.0
000818.SZ,2026-01-23 13:17:00,21.29,21.33,21.29,21.32,335700,7149667.0
000818.SZ,2026-01-23 13:18:00,21.31,21.32,21.3,21.3,167600,3571801.0
000818.SZ,2026-01-23 13:19:00,21.29,21.29,21.27,21.27,43800,932485.0
000818.SZ,2026-01-23 13:20:00,21.27,21.28,21.27,21.28,49100,1044330.0
000818.SZ,2026-01-23 13:21:00,21.27,21.28,21.26,21.28,31500,670013.0
000818.SZ,2026-01-23 13:22:00,21.26,21.28,21.26,21.27,22400,476464.0
000818.SZ,2026-01-23 13:23:00,21.27,21.27,21.25,21.25,27900,593281.0
000818.SZ,2026-01-23 13:24:00,21.26,21.27,21.24,21.25,99900,2123280.0
000818.SZ,2026-01-23 13:25:00,21.24,21.26,21.23,21.25,52500,1115449.0
000818.SZ,2026-01-23 13:26:00,21.25,21.26,21.24,21.26,23900,507817.0
000818.SZ,2026-01-23 13:27:00,21.26,21.26,21.24,21.25,42500,903063.0
000818.SZ,2026-01-23 13:28:00,21.25,21.25,21.23,21.23,48200,1023641.0
000818.SZ,2026-01-23 13:29:00,21.24,21.25,21.23,21.25,59500,1263851.0
000818.SZ,2026-01-23 13:30:00,21.25,21.25,21.24,21.25,25800,548132.0
000818.SZ,2026-01-23 13:31:00,21.25,21.25,21.24,21.25,20700,439739.0
000818.SZ,2026-01-23 13:32:00,21.25,21.25,21.24,21.24,98500,2092954.0
000818.SZ,2026-01-23 13:33:00,21.25,21.25,21.24,21.24,30600,650046.0
000818.SZ,2026-01-23 13:34:00,21.25,21.25,21.24,21.25,15800,335745.0
000818.SZ,2026-01-23 13:35:00,21.25,21.27,21.25,21.27,53200,1130793.0
000818.SZ,2026-01-23 13:36:00,21.27,21.29,21.27,21.28,63700,1355373.0
000818.SZ,2026-01-23 13:37:00,21.29,21.29,21.28,21.28,26800,570369.0
000818.SZ,2026-01-23 13:38:00,21.29,21.29,21.27,21.27,20600,438373.0
000818.SZ,2026-01-23 13:39:00,21.27,21.28,21.27,21.27,25400,540329.0
000818.SZ,2026-01-23 13:40:00,21.27,21.27,21.26,21.26,13000,276413.0
000818.SZ,2026-01-23 13:41:00,21.27,21.28,21.27,21.27,42600,906081.0
000818.SZ,2026-01-23 13:42:00,21.27,21.27,21.26,21.27,30300,644271.0
000818.SZ,2026-01-23 13:43:00,21.27,21.27,21.26,21.26,20400,433814.0
000818.SZ,2026-01-23 13:44:00,21.25,21.25,21.24,21.24,48400,1028408.0
000818.SZ,2026-01-23 13:45:00,21.24,21.25,21.23,21.24,36000,764458.0
000818.SZ,2026-01-23 13:46:00,21.23,21.25,21.23,21.25,21900,465147.0
000818.SZ,2026-01-23 13:47:00,21.24,21.24,21.23,21.24,10100,214502.0
000818.SZ,2026-01-23 13:48:00,21.23,21.24,21.23,21.24,16800,356699.0
000818.SZ,2026-01-23 13:49:00,21.24,21.24,21.23,21.23,18500,392822.0
000818.SZ,2026-01-23 13:50:00,21.24,21.24,21.23,21.24,43600,925760.0
000818.SZ,2026-01-23 13:51:00,21.24,21.25,21.23,21.24,31100,660475.0
000818.SZ,2026-01-23 13:52:00,21.24,21.25,21.23,21.25,23400,497135.0
000818.SZ,2026-01-23 13:53:00,21.24,21.26,21.24,21.25,55400,1177127.0
000818.SZ,2026-01-23 13:54:00,21.26,21.26,21.25,21.26,20200,429380.0
000818.SZ,2026-01-23 13:55:00,21.26,21.26,21.25,21.25,24700,525082.0
000818.SZ,2026-01-23 13:56:00,21.25,21.27,21.25,21.27,29900,635567.0
000818.SZ,2026-01-23 13:57:00,21.26,21.27,21.26,21.26,17300,367886.0
000818.SZ,2026-01-23 13:58:00,21.27,21.27,21.26,21.27,25300,538046.0
000818.SZ,2026-01-23 13:59:00,21.26,21.27,21.25,21.25,35700,759047.0
000818.SZ,2026-01-23 14:00:00,21.26,21.27,21.26,21.27,37300,793200.0
000818.SZ,2026-01-23 14:01:00,21.27,21.28,21.26,21.28,33300,708414.0
000818.SZ,2026-01-23 14:02:00,21.28,21.28,21.26,21.27,43200,918835.0
000818.SZ,2026-01-23 14:03:00,21.27,21.28,21.26,21.26,36000,765752.0
000818.SZ,2026-01-23 14:04:00,21.27,21.28,21.26,21.27,35100,746589.0
000818.SZ,2026-01-23 14:05:00,21.28,21.28,21.27,21.27,23800,506328.0
000818.SZ,2026-01-23 14:06:00,21.28,21.28,21.27,21.27,28200,599988.0
000818.SZ,2026-01-23 14:07:00,21.27,21.28,21.27,21.27,33200,706287.0
000818.SZ,2026-01-23 14:08:00,21.28,21.28,21.26,21.27,47600,1012553.0
000818.SZ,2026-01-23 14:09:00,21.27,21.28,21.27,21.28,31800,676499.0
000818.SZ,2026-01-23 14:10:00,21.28,21.28,21.25,21.26,100600,2139183.0
000818.SZ,2026-01-23 14:11:00,21.26,21.27,21.25,21.26,28800,612197.0
000818.SZ,2026-01-23 14:12:00,21.26,21.26,21.25,21.25,36600,777849.0
000818.SZ,2026-01-23 14:13:00,21.25,21.25,21.23,21.25,79000,1678306.0
000818.SZ,2026-01-23 14:14:00,21.25,21.26,21.24,21.26,26700,567363.0
000818.SZ,2026-01-23 14:15:00,21.26,21.26,21.25,21.25,27200,578082.0
000818.SZ,2026-01-23 14:16:00,21.25,21.28,21.25,21.26,64200,1365216.0
000818.SZ,2026-01-23 14:17:00,21.26,21.28,21.26,21.28,72700,1546594.0
000818.SZ,2026-01-23 14:18:00,21.28,21.28,21.26,21.27,28300,601991.0
000818.SZ,2026-01-23 14:19:00,21.28,21.28,21.27,21.28,16300,346749.0
000818.SZ,2026-01-23 14:20:00,21.28,21.28,21.27,21.27,27100,576556.0
000818.SZ,2026-01-23 14:21:00,21.27,21.28,21.27,21.28,23100,491391.0
000818.SZ,2026-01-23 14:22:00,21.28,21.28,21.27,21.28,23900,508544.0
000818.SZ,2026-01-23 14:23:00,21.28,21.28,21.27,21.27,69300,1474407.0
000818.SZ,2026-01-23 14:24:00,21.27,21.27,21.26,21.27,33100,703848.0
000818.SZ,2026-01-23 14:25:00,21.27,21.27,21.26,21.27,29800,633787.0
000818.SZ,2026-01-23 14:26:00,21.27,21.27,21.26,21.27,26600,565733.0
000818.SZ,2026-01-23 14:27:00,21.27,21.27,21.26,21.27,39200,833531.0
000818.SZ,2026-01-23 14:28:00,21.27,21.28,21.26,21.27,41700,886921.0
000818.SZ,2026-01-23 14:29:00,21.28,21.28,21.26,21.26,17900,380726.0
000818.SZ,2026-01-23 14:30:00,21.27,21.27,21.26,21.26,36200,769723.0
000818.SZ,2026-01-23 14:31:00,21.26,21.26,21.25,21.25,92700,1970255.0
000818.SZ,2026-01-23 14:32:00,21.25,21.26,21.23,21.24,74600,1584854.0
000818.SZ,2026-01-23 14:33:00,21.25,21.26,21.24,21.25,50100,1064384.0
000818.SZ,2026-01-23 14:34:00,21.24,21.25,21.24,21.25,20800,441900.0
000818.SZ,2026-01-23 14:35:00,21.24,21.25,21.23,21.23,58400,1240371.0
000818.SZ,2026-01-23 14:36:00,21.24,21.24,21.22,21.23,88700,1883066.0
000818.SZ,2026-01-23 14:37:00,21.22,21.23,21.21,21.23,89900,1907796.0
000818.SZ,2026-01-23 14:38:00,21.22,21.23,21.21,21.21,74500,1580577.0
000818.SZ,2026-01-23 14:39:00,21.21,21.22,21.21,21.21,58100,1232427.0
000818.SZ,2026-01-23 14:40:00,21.22,21.23,21.21,21.23,92500,1962916.0
000818.SZ,2026-01-23 14:41:00,21.23,21.24,21.23,21.24,50000,1061653.0
000818.SZ,2026-01-23 14:42:00,21.24,21.24,21.23,21.23,26400,560521.0
000818.SZ,2026-01-23 14:43:00,21.24,21.25,21.23,21.25,74500,1582258.0
000818.SZ,2026-01-23 14:44:00,21.25,21.25,21.24,21.24,72600,1542150.0
000818.SZ,2026-01-23 14:45:00,21.25,21.25,21.24,21.25,32900,698926.0
000818.SZ,2026-01-23 14:46:00,21.25,21.26,21.24,21.26,41300,877771.0
000818.SZ,2026-01-23 14:47:00,21.25,21.26,21.25,21.26,67900,1443368.0
000818.SZ,2026-01-23 14:48:00,21.27,21.27,21.25,21.26,38300,814273.0
000818.SZ,2026-01-23 14:49:00,21.26,21.26,21.25,21.26,34000,722581.0
000818.SZ,2026-01-23 14:50:00,21.25,21.26,21.25,21.26,33300,707783.0
000818.SZ,2026-01-23 14:51:00,21.25,21.26,21.25,21.25,90000,1912503.0
000818.SZ,2026-01-23 14:52:00,21.25,21.25,21.24,21.25,51900,1102775.0
000818.SZ,2026-01-23 14:53:00,21.26,21.26,21.25,21.25,62500,1328316.0
000818.SZ,2026-01-23 14:54:00,21.26,21.26,21.25,21.26,68600,1457997.0
000818.SZ,2026-01-23 14:55:00,21.26,21.26,21.25,21.26,129700,2757180.0
000818.SZ,2026-01-23 14:56:00,21.27,21.27,21.25,21.26,96400,2049886.0
000818.SZ,2026-01-23 14:57:00,21.27,21.27,21.26,21.26,148200,3151741.0
000818.SZ,2026-01-23 14:58:00,21.26,21.26,21.26,21.26,0,0.0
000818.SZ,2026-01-23 14:59:00,21.26,21.26,21.26,21.26,0,0.0
000818.SZ,2026-01-23 15:00:00,21.27,21.27,21.27,21.27,147500,3137325.0
000818.SZ,2026-01-26 09:30:00,21.25,21.27,21.25,21.27,151400,3217704.0
000818.SZ,2026-01-26 09:31:00,21.3,21.59,21.23,21.58,619542,13288605.0
000818.SZ,2026-01-26 09:32:00,21.6,21.84,21.6,21.77,713100,15513948.0
000818.SZ,2026-01-26 09:33:00,21.76,21.8,21.73,21.75,706100,15377945.0
000818.SZ,2026-01-26 09:34:00,21.85,21.9,21.82,21.82,894500,19529044.0
000818.SZ,2026-01-26 09:35:00,21.81,21.81,21.73,21.74,307200,6684106.0
000818.SZ,2026-01-26 09:36:00,21.72,21.75,21.67,21.67,339700,7376791.0
000818.SZ,2026-01-26 09:37:00,21.74,21.81,21.72,21.78,733500,15952294.0
000818.SZ,2026-01-26 09:38:00,21.78,21.78,21.61,21.62,319200,6921245.0
000818.SZ,2026-01-26 09:39:00,21.62,21.68,21.62,21.65,286800,6204984.0
000818.SZ,2026-01-26 09:40:00,21.66,21.66,21.57,21.57,204000,4408181.0
000818.SZ,2026-01-26 09:41:00,21.58,21.68,21.58,21.63,194000,4199298.0
000818.SZ,2026-01-26 09:42:00,21.63,21.64,21.56,21.57,161800,3492944.0
000818.SZ,2026-01-26 09:43:00,21.59,21.59,21.53,21.53,140400,3027282.0
000818.SZ,2026-01-26 09:44:00,21.53,21.54,21.46,21.48,271400,5836566.0
000818.SZ,2026-01-26 09:45:00,21.47,21.48,21.46,21.46,167600,3597244.0
000818.SZ,2026-01-26 09:46:00,21.46,21.49,21.44,21.49,142100,3049723.0
000818.SZ,2026-01-26 09:47:00,21.48,21.53,21.46,21.53,205700,4417338.0
000818.SZ,2026-01-26 09:48:00,21.51,21.51,21.48,21.48,121700,2616597.0
000818.SZ,2026-01-26 09:49:00,21.49,21.5,21.47,21.48,105700,2270437.0
000818.SZ,2026-01-26 09:50:00,21.5,21.57,21.47,21.57,212500,4569746.0
000818.SZ,2026-01-26 09:51:00,21.57,21.58,21.49,21.52,141900,3055406.0
000818.SZ,2026-01-26 09:52:00,21.5,21.55,21.5,21.55,79600,1713451.0
000818.SZ,2026-01-26 09:53:00,21.55,21.58,21.5,21.51,165600,3567915.0
000818.SZ,2026-01-26 09:54:00,21.48,21.52,21.47,21.5,228700,4913989.0
000818.SZ,2026-01-26 09:55:00,21.51,21.53,21.49,21.5,161900,3481054.0
000818.SZ,2026-01-26 09:56:00,21.49,21.53,21.49,21.49,163300,3511634.0
000818.SZ,2026-01-26 09:57:00,21.5,21.5,21.45,21.45,113200,2429922.0
000818.SZ,2026-01-26 09:58:00,21.45,21.47,21.43,21.45,222100,4762280.0
000818.SZ,2026-01-26 09:59:00,21.48,21.55,21.48,21.53,215600,4637877.0
000818.SZ,2026-01-26 10:00:00,21.52,21.54,21.48,21.5,107500,2312243.0
000818.SZ,2026-01-26 10:01:00,21.5,21.5,21.45,21.48,67200,1442554.0
000818.SZ,2026-01-26 10:02:00,21.49,21.54,21.46,21.5,120500,2591003.0
000818.SZ,2026-01-26 10:03:00,21.47,21.49,21.46,21.46,92400,1983297.0
000818.SZ,2026-01-26 10:04:00,21.46,21.46,21.37,21.37,152000,3255944.0
000818.SZ,2026-01-26 10:05:00,21.37,21.42,21.36,21.4,132500,2833287.0
000818.SZ,2026-01-26 10:06:00,21.41,21.42,21.36,21.36,121900,2607425.0
000818.SZ,2026-01-26 10:07:00,21.36,21.37,21.36,21.36,81200,1734780.0
000818.SZ,2026-01-26 10:08:00,21.35,21.35,21.33,21.35,83900,1790756.0
000818.SZ,2026-01-26 10:09:00,21.36,21.39,21.35,21.39,67300,1437970.0
000818.SZ,2026-01-26 10:10:00,21.41,21.43,21.41,21.43,54400,1165138.0
000818.SZ,2026-01-26 10:11:00,21.42,21.44,21.41,21.44,60900,1304895.0
000818.SZ,2026-01-26 10:12:00,21.44,21.44,21.39,21.39,51600,1104873.0
000818.SZ,2026-01-26 10:13:00,21.4,21.42,21.37,21.37,92900,1987673.0
000818.SZ,2026-01-26 10:14:00,21.36,21.56,21.36,21.49,329100,7072259.0
000818.SZ,2026-01-26 10:15:00,21.48,21.52,21.45,21.47,166800,3587781.0
000818.SZ,2026-01-26 10:16:00,21.45,21.52,21.45,21.47,119400,2564775.0
000818.SZ,2026-01-26 10:17:00,21.45,21.47,21.41,21.42,134500,2884856.0
000818.SZ,2026-01-26 10:18:00,21.42,21.42,21.37,21.39,124000,2653737.0
000818.SZ,2026-01-26 10:19:00,21.39,21.42,21.39,21.39,44700,956588.0
000818.SZ,2026-01-26 10:20:00,21.39,21.4,21.36,21.36,102500,2190478.0
000818.SZ,2026-01-26 10:21:00,21.35,21.36,21.33,21.34,55000,1173924.0
000818.SZ,2026-01-26 10:22:00,21.35,21.36,21.34,21.34,74100,1581780.0
000818.SZ,2026-01-26 10:23:00,21.34,21.34,21.32,21.32,62600,1335367.0
000818.SZ,2026-01-26 10:24:00,21.32,21.35,21.32,21.34,106700,2276196.0
000818.SZ,2026-01-26 10:25:00,21.34,21.39,21.33,21.38,66400,1418284.0
000818.SZ,2026-01-26 10:26:00,21.38,21.4,21.35,21.35,54500,1165161.0
000818.SZ,2026-01-26 10:27:00,21.35,21.35,21.33,21.34,54000,1152071.0
000818.SZ,2026-01-26 10:28:00,21.35,21.36,21.33,21.33,76200,1626305.0
000818.SZ,2026-01-26 10:29:00,21.34,21.34,21.32,21.33,54500,1162445.0
000818.SZ,2026-01-26 10:30:00,21.33,21.33,21.32,21.32,57100,1217620.0
000818.SZ,2026-01-26 10:31:00,21.32,21.32,21.3,21.31,158800,3382980.0
000818.SZ,2026-01-26 10:32:00,21.3,21.34,21.29,21.32,104000,2215688.0
000818.SZ,2026-01-26 10:33:00,21.32,21.33,21.31,21.31,23900,509448.0
000818.SZ,2026-01-26 10:34:00,21.31,21.32,21.31,21.32,29900,637332.0
000818.SZ,2026-01-26 10:35:00,21.35,21.39,21.34,21.39,130800,2793701.0
000818.SZ,2026-01-26 10:36:00,21.4,21.41,21.38,21.4,54500,1166116.0
000818.SZ,2026-01-26 10:37:00,21.4,21.4,21.38,21.39,28600,611890.0
000818.SZ,2026-01-26 10:38:00,21.39,21.39,21.33,21.33,50200,1072852.0
000818.SZ,2026-01-26 10:39:00,21.35,21.36,21.32,21.34,56500,1205933.0
000818.SZ,2026-01-26 10:40:00,21.34,21.34,21.32,21.32,35700,761435.0
000818.SZ,2026-01-26 10:41:00,21.34,21.36,21.33,21.36,31900,680956.0
000818.SZ,2026-01-26 10:42:00,21.34,21.37,21.33,21.33,50068,1068710.5
000818.SZ,2026-01-26 10:43:00,21.34,21.35,21.34,21.34,86100,1837590.0
000818.SZ,2026-01-26 10:44:00,21.34,21.44,21.34,21.43,244800,5238068.0
000818.SZ,2026-01-26 10:45:00,21.41,21.64,21.41,21.54,529700,11414390.0
000818.SZ,2026-01-26 10:46:00,21.54,21.54,21.45,21.45,57500,1236405.0
000818.SZ,2026-01-26 10:47:00,21.47,21.51,21.42,21.43,190300,4085223.0
000818.SZ,2026-01-26 10:48:00,21.43,21.45,21.4,21.44,47700,1022019.0
000818.SZ,2026-01-26 10:49:00,21.44,21.44,21.43,21.43,56400,1208845.0
000818.SZ,2026-01-26 10:50:00,21.44,21.45,21.42,21.43,23500,503610.0
000818.SZ,2026-01-26 10:51:00,21.43,21.43,21.35,21.35,88200,1887220.0
000818.SZ,2026-01-26 10:52:00,21.36,21.37,21.36,21.37,73100,1561781.0
000818.SZ,2026-01-26 10:53:00,21.37,21.38,21.36,21.36,54200,1158254.0
000818.SZ,2026-01-26 10:54:00,21.36,21.37,21.35,21.35,22100,471960.0
000818.SZ,2026-01-26 10:55:00,21.36,21.37,21.35,21.37,37300,796560.0
000818.SZ,2026-01-26 10:56:00,21.37,21.37,21.29,21.29,228300,4868388.0
000818.SZ,2026-01-26 10:57:00,21.3,21.3,21.28,21.29,52500,1117679.0
000818.SZ,2026-01-26 10:58:00,21.27,21.28,21.24,21.24,239300,5088926.0
000818.SZ,2026-01-26 10:59:00,21.24,21.25,21.22,21.25,126700,2690008.0
000818.SZ,2026-01-26 11:00:00,21.22,21.28,21.22,21.24,110300,2344514.0
000818.SZ,2026-01-26 11:01:00,21.23,21.25,21.21,21.23,135000,2867172.0
000818.SZ,2026-01-26 11:02:00,21.23,21.24,21.23,21.23,29900,634841.0
000818.SZ,2026-01-26 11:03:00,21.24,21.28,21.24,21.27,76200,1619887.0
000818.SZ,2026-01-26 11:04:00,21.28,21.29,21.26,21.26,156300,3326789.0
000818.SZ,2026-01-26 11:05:00,21.28,21.29,21.27,21.28,61500,1308491.0
000818.SZ,2026-01-26 11:06:00,21.29,21.29,21.25,21.27,67200,1428645.0
000818.SZ,2026-01-26 11:07:00,21.27,21.27,21.25,21.26,47500,1009976.0
000818.SZ,2026-01-26 11:08:00,21.25,21.26,21.21,21.22,87300,1853622.0
000818.SZ,2026-01-26 11:09:00,21.21,21.27,21.21,21.26,89900,1910064.0
000818.SZ,2026-01-26 11:10:00,21.26,21.29,21.26,21.29,42800,910552.0
000818.SZ,2026-01-26 11:11:00,21.28,21.29,21.27,21.28,34000,723702.0
000818.SZ,2026-01-26 11:12:00,21.29,21.35,21.29,21.3,132700,2829052.0
000818.SZ,2026-01-26 11:13:00,21.32,21.34,21.3,21.34,90500,1928764.0
000818.SZ,2026-01-26 11:14:00,21.34,21.35,21.33,21.34,32800,700117.0
000818.SZ,2026-01-26 11:15:00,21.35,21.4,21.35,21.4,168800,3608963.0
000818.SZ,2026-01-26 11:16:00,21.4,21.4,21.33,21.34,22200,474442.0
000818.SZ,2026-01-26 11:17:00,21.33,21.33,21.29,21.29,40800,869300.0
000818.SZ,2026-01-26 11:18:00,21.32,21.32,21.28,21.32,74200,1580611.0
000818.SZ,2026-01-26 11:19:00,21.32,21.32,21.29,21.29,73700,1569851.0
000818.SZ,2026-01-26 11:20:00,21.29,21.32,21.29,21.31,24700,526399.0
000818.SZ,2026-01-26 11:21:00,21.31,21.32,21.29,21.29,23100,492085.0
000818.SZ,2026-01-26 11:22:00,21.29,21.3,21.29,21.29,73300,1560259.0
000818.SZ,2026-01-26 11:23:00,21.3,21.43,21.28,21.43,235000,5017516.0
000818.SZ,2026-01-26 11:24:00,21.49,21.53,21.4,21.4,124800,2681442.0
000818.SZ,2026-01-26 11:25:00,21.42,21.45,21.4,21.45,114800,2461582.0
000818.SZ,2026-01-26 11:26:00,21.47,21.58,21.47,21.57,452100,9742126.0
000818.SZ,2026-01-26 11:27:00,21.58,21.76,21.58,21.75,756300,16395181.0
000818.SZ,2026-01-26 11:28:00,21.74,21.75,21.63,21.64,207100,4496130.0
000818.SZ,2026-01-26 11:29:00,21.62,21.64,21.61,21.62,125600,2716347.0
000818.SZ,2026-01-26 11:30:00,21.67,21.67,21.59,21.6,207600,4490013.0
000818.SZ,2026-01-26 13:01:00,21.65,21.65,21.53,21.57,517600,11168478.0
000818.SZ,2026-01-26 13:02:00,21.55,21.56,21.49,21.49,57200,1231097.0
000818.SZ,2026-01-26 13:03:00,21.49,21.49,21.47,21.47,57100,1226262.0
000818.SZ,2026-01-26 13:04:00,21.45,21.47,21.45,21.47,30000,643886.0
000818.SZ,2026-01-26 13:05:00,21.47,21.5,21.46,21.48,49800,1069404.0
000818.SZ,2026-01-26 13:06:00,21.48,21.48,21.42,21.42,118400,2539678.0
000818.SZ,2026-01-26 13:07:00,21.42,21.44,21.42,21.44,66900,1434087.0
000818.SZ,2026-01-26 13:08:00,21.43,21.45,21.41,21.41,53600,1148944.0
000818.SZ,2026-01-26 13:09:00,21.42,21.42,21.4,21.41,47100,1008501.0
000818.SZ,2026-01-26 13:10:00,21.41,21.42,21.38,21.38,68700,1470040.0
000818.SZ,2026-01-26 13:11:00,21.38,21.39,21.36,21.38,36300,775911.0
000818.SZ,2026-01-26 13:12:00,21.36,21.39,21.36,21.39,32800,701285.0
000818.SZ,2026-01-26 13:13:00,21.39,21.4,21.37,21.39,74900,1601744.0
000818.SZ,2026-01-26 13:14:00,21.38,21.38,21.35,21.36,62900,1343640.0
000818.SZ,2026-01-26 13:15:00,21.36,21.37,21.34,21.35,49400,1054995.0
000818.SZ,2026-01-26 13:16:00,21.34,21.36,21.34,21.35,100300,2141376.0
000818.SZ,2026-01-26 13:17:00,21.35,21.36,21.34,21.36,36000,768677.0
000818.SZ,2026-01-26 13:18:00,21.36,21.37,21.36,21.36,19300,412236.0
000818.SZ,2026-01-26 13:19:00,21.36,21.38,21.36,21.38,37300,797127.0
000818.SZ,2026-01-26 13:20:00,21.38,21.38,21.36,21.36,23200,495750.0
000818.SZ,2026-01-26 13:21:00,21.37,21.4,21.37,21.38,29500,630842.0
000818.SZ,2026-01-26 13:22:00,21.37,21.38,21.36,21.36,51800,1106798.0
000818.SZ,2026-01-26 13:23:00,21.36,21.36,21.35,21.35,56600,1208498.0
000818.SZ,2026-01-26 13:24:00,21.37,21.37,21.35,21.36,16300,348251.0
000818.SZ,2026-01-26 13:25:00,21.36,21.36,21.34,21.34,31400,670503.0
000818.SZ,2026-01-26 13:26:00,21.35,21.35,21.32,21.33,64800,1382702.0
000818.SZ,2026-01-26 13:27:00,21.34,21.36,21.33,21.35,93700,1999045.0
000818.SZ,2026-01-26 13:28:00,21.33,21.34,21.32,21.32,70200,1496999.0
000818.SZ,2026-01-26 13:29:00,21.31,21.33,21.31,21.31,74800,1594195.0
000818.SZ,2026-01-26 13:30:00,21.31,21.32,21.3,21.31,28900,615865.0
000818.SZ,2026-01-26 13:31:00,21.31,21.31,21.29,21.29,121200,2581719.0
000818.SZ,2026-01-26 13:32:00,21.3,21.3,21.28,21.29,61800,1315814.0
000818.SZ,2026-01-26 13:33:00,21.29,21.3,21.28,21.3,27600,587580.0
000818.SZ,2026-01-26 13:34:00,21.29,21.29,21.28,21.28,36700,781375.0
000818.SZ,2026-01-26 13:35:00,21.29,21.29,21.28,21.28,49100,1044965.0
000818.SZ,2026-01-26 13:36:00,21.28,21.3,21.26,21.3,125200,2664322.0
000818.SZ,2026-01-26 13:37:00,21.28,21.32,21.28,21.29,79100,1684686.0
000818.SZ,2026-01-26 13:38:00,21.29,21.3,21.28,21.28,39400,839058.0
000818.SZ,2026-01-26 13:39:00,21.28,21.28,21.27,21.27,36378,774120.06
000818.SZ,2026-01-26 13:40:00,21.27,21.3,21.27,21.3,16200,344779.0
000818.SZ,2026-01-26 13:41:00,21.3,21.3,21.27,21.28,48200,1025905.0
000818.SZ,2026-01-26 13:42:00,21.27,21.28,21.27,21.28,16100,342592.0
000818.SZ,2026-01-26 13:43:00,21.28,21.28,21.27,21.28,51400,1093370.0
000818.SZ,2026-01-26 13:44:00,21.28,21.28,21.27,21.28,38800,825458.0
000818.SZ,2026-01-26 13:45:00,21.28,21.28,21.26,21.26,51222,1089513.0
000818.SZ,2026-01-26 13:46:00,21.27,21.27,21.25,21.26,118500,2518836.0
000818.SZ,2026-01-26 13:47:00,21.25,21.28,21.25,21.28,111600,2372923.0
000818.SZ,2026-01-26 13:48:00,21.28,21.31,21.28,21.28,66700,1420093.0
000818.SZ,2026-01-26 13:49:00,21.27,21.3,21.27,21.3,21000,446972.0
000818.SZ,2026-01-26 13:50:00,21.3,21.32,21.3,21.32,26200,558298.0
000818.SZ,2026-01-26 13:51:00,21.32,21.32,21.3,21.3,28100,598840.0
000818.SZ,2026-01-26 13:52:00,21.3,21.3,21.29,21.3,16600,353533.0
000818.SZ,2026-01-26 13:53:00,21.3,21.31,21.29,21.31,21000,447281.0
000818.SZ,2026-01-26 13:54:00,21.31,21.32,21.3,21.3,39900,850468.0
000818.SZ,2026-01-26 13:55:00,21.31,21.31,21.29,21.29,51000,1086252.0
000818.SZ,2026-01-26 13:56:00,21.29,21.31,21.29,21.29,78600,1674071.0
000818.SZ,2026-01-26 13:57:00,21.29,21.3,21.28,21.3,29500,627886.0
000818.SZ,2026-01-26 13:58:00,21.3,21.34,21.3,21.33,60000,1279071.0
000818.SZ,2026-01-26 13:59:00,21.32,21.35,21.32,21.34,60000,1279984.0
000818.SZ,2026-01-26 14:00:00,21.33,21.35,21.32,21.32,25700,548200.0
000818.SZ,2026-01-26 14:01:00,21.31,21.32,21.3,21.3,17800,379346.0
000818.SZ,2026-01-26 14:02:00,21.32,21.32,21.3,21.31,16200,345181.0
000818.SZ,2026-01-26 14:03:00,21.31,21.32,21.3,21.32,25100,534768.0
000818.SZ,2026-01-26 14:04:00,21.32,21.32,21.3,21.32,30900,658494.0
000818.SZ,2026-01-26 14:05:00,21.32,21.33,21.28,21.3,61000,1299470.0
000818.SZ,2026-01-26 14:06:00,21.29,21.29,21.27,21.28,32100,683087.0
000818.SZ,2026-01-26 14:07:00,21.28,21.3,21.27,21.29,36900,785338.0
000818.SZ,2026-01-26 14:08:00,21.3,21.31,21.28,21.31,75700,1612209.0
000818.SZ,2026-01-26 14:09:00,21.31,21.33,21.3,21.33,55700,1186909.0
000818.SZ,2026-01-26 14:10:00,21.31,21.34,21.31,21.32,36400,776380.0
000818.SZ,2026-01-26 14:11:00,21.33,21.34,21.32,21.34,16600,354067.0
000818.SZ,2026-01-26 14:12:00,21.32,21.35,21.32,21.35,24800,529246.0
000818.SZ,2026-01-26 14:13:00,21.35,21.35,21.34,21.35,22000,469619.0
000818.SZ,2026-01-26 14:14:00,21.35,21.38,21.33,21.38,79400,1694740.0
000818.SZ,2026-01-26 14:15:00,21.38,21.39,21.37,21.38,53900,1152462.0
000818.SZ,2026-01-26 14:16:00,21.36,21.37,21.35,21.35,14600,311915.0
000818.SZ,2026-01-26 14:17:00,21.35,21.36,21.34,21.36,42600,909570.0
000818.SZ,2026-01-26 14:18:00,21.36,21.36,21.34,21.34,10300,219927.0
000818.SZ,2026-01-26 14:19:00,21.35,21.35,21.34,21.34,12000,256160.0
000818.SZ,2026-01-26 14:20:00,21.34,21.41,21.34,21.39,89800,1920191.0
000818.SZ,2026-01-26 14:21:00,21.4,21.45,21.39,21.44,84100,1802817.0
000818.SZ,2026-01-26 14:22:00,21.44,21.49,21.42,21.49,149800,3214317.0
000818.SZ,2026-01-26 14:23:00,21.49,21.62,21.49,21.62,355100,7657689.0
000818.SZ,2026-01-26 14:24:00,21.6,21.69,21.56,21.56,329100,7125265.0
000818.SZ,2026-01-26 14:25:00,21.55,21.65,21.55,21.65,227200,4907998.0
000818.SZ,2026-01-26 14:26:00,21.67,21.81,21.67,21.75,1175211,25567920.0
000818.SZ,2026-01-26 14:27:00,21.75,21.75,21.65,21.66,213200,4627567.0
000818.SZ,2026-01-26 14:28:00,21.66,21.66,21.63,21.64,65400,1415772.0
000818.SZ,2026-01-26 14:29:00,21.65,21.66,21.63,21.65,125800,2722424.0
000818.SZ,2026-01-26 14:30:00,21.66,21.74,21.66,21.73,282700,6136336.0
000818.SZ,2026-01-26 14:31:00,21.72,21.73,21.69,21.7,326100,7081306.0
000818.SZ,2026-01-26 14:32:00,21.7,21.7,21.65,21.67,145900,3164558.8
000818.SZ,2026-01-26 14:33:00,21.65,21.73,21.64,21.7,262800,5701168.5
000818.SZ,2026-01-26 14:34:00,21.7,21.71,21.67,21.68,89900,1950949.0
000818.SZ,2026-01-26 14:35:00,21.68,21.72,21.68,21.68,156900,3404433.0
000818.SZ,2026-01-26 14:36:00,21.7,21.7,21.67,21.67,125900,2730893.0
000818.SZ,2026-01-26 14:37:00,21.69,21.69,21.66,21.68,73689,1597389.6
000818.SZ,2026-01-26 14:38:00,21.68,21.68,21.66,21.67,76700,1661755.0
000818.SZ,2026-01-26 14:39:00,21.67,21.68,21.63,21.63,126700,2744199.0
000818.SZ,2026-01-26 14:40:00,21.64,21.65,21.61,21.61,105500,2282479.0
000818.SZ,2026-01-26 14:41:00,21.61,21.64,21.6,21.64,123100,2660685.0
000818.SZ,2026-01-26 14:42:00,21.62,21.63,21.61,21.62,59600,1288320.0
000818.SZ,2026-01-26 14:43:00,21.62,21.63,21.62,21.62,77900,1684180.0
000818.SZ,2026-01-26 14:44:00,21.62,21.63,21.61,21.61,64000,1383616.0
000818.SZ,2026-01-26 14:45:00,21.62,21.62,21.6,21.6,68400,1477894.0
000818.SZ,2026-01-26 14:46:00,21.6,21.62,21.6,21.61,83100,1795660.0
000818.SZ,2026-01-26 14:47:00,21.61,21.62,21.6,21.61,87200,1884484.0
000818.SZ,2026-01-26 14:48:00,21.61,21.62,21.61,21.61,106800,2308025.0
000818.SZ,2026-01-26 14:49:00,21.61,21.62,21.61,21.61,71900,1554025.0
000818.SZ,2026-01-26 14:50:00,21.61,21.62,21.59,21.59,167000,3607610.0
000818.SZ,2026-01-26 14:51:00,21.59,21.6,21.56,21.57,115800,2498504.0
000818.SZ,2026-01-26 14:52:00,21.56,21.57,21.55,21.55,111000,2393053.0
000818.SZ,2026-01-26 14:53:00,21.56,21.56,21.54,21.55,72700,1566932.0
000818.SZ,2026-01-26 14:54:00,21.55,21.55,21.54,21.55,130000,2801356.0
000818.SZ,2026-01-26 14:55:00,21.55,21.56,21.54,21.56,132400,2852762.0
000818.SZ,2026-01-26 14:56:00,21.55,21.56,21.54,21.55,128700,2773478.0
000818.SZ,2026-01-26 14:57:00,21.55,21.62,21.55,21.6,433600,9365678.0
000818.SZ,2026-01-26 14:58:00,21.6,21.6,21.6,21.6,0,0.0
000818.SZ,2026-01-26 14:59:00,21.6,21.6,21.6,21.6,0,0.0
000818.SZ,2026-01-26 15:00:00,21.61,21.61,21.61,21.61,361900,7820659.0
000818.SZ,2026-01-27 09:30:00,21.87,21.87,21.72,21.87,529200,11571359.0
000818.SZ,2026-01-27 09:31:00,21.84,21.88,21.68,21.68,977500,21342802.0
000818.SZ,2026-01-27 09:32:00,21.69,21.91,21.68,21.9,932233,20294152.0
000818.SZ,2026-01-27 09:33:00,21.94,21.98,21.83,21.85,749100,16411913.0
000818.SZ,2026-01-27 09:34:00,21.82,21.82,21.75,21.76,391400,8528032.0
000818.SZ,2026-01-27 09:35:00,21.77,21.83,21.69,21.7,343000,7460740.0
000818.SZ,2026-01-27 09:36:00,21.7,21.74,21.62,21.62,301109,6528533.0
000818.SZ,2026-01-27 09:37:00,21.62,21.75,21.61,21.72,271091,5879639.0
000818.SZ,2026-01-27 09:38:00,21.73,21.73,21.62,21.62,273200,5925439.0
000818.SZ,2026-01-27 09:39:00,21.62,21.66,21.6,21.66,262400,5672529.0
000818.SZ,2026-01-27 09:40:00,21.68,21.76,21.66,21.74,349700,7591077.0
000818.SZ,2026-01-27 09:41:00,21.7,21.73,21.63,21.66,206200,4471445.0
000818.SZ,2026-01-27 09:42:00,21.63,21.68,21.62,21.66,369800,7997754.0
000818.SZ,2026-01-27 09:43:00,21.66,21.66,21.6,21.65,239700,5186583.0
000818.SZ,2026-01-27 09:44:00,21.64,21.73,21.62,21.64,280800,6086932.0
000818.SZ,2026-01-27 09:45:00,21.64,21.64,21.6,21.6,240800,5204456.0
000818.SZ,2026-01-27 09:46:00,21.61,21.68,21.59,21.67,312688,6763031.0
000818.SZ,2026-01-27 09:47:00,21.64,21.75,21.64,21.72,334800,7271366.0
000818.SZ,2026-01-27 09:48:00,21.73,21.73,21.6,21.6,185000,4008048.0
000818.SZ,2026-01-27 09:49:00,21.6,21.64,21.6,21.61,137000,2961666.0
000818.SZ,2026-01-27 09:50:00,21.62,21.66,21.62,21.66,143100,3095486.0
000818.SZ,2026-01-27 09:51:00,21.65,21.93,21.65,21.93,915400,19989382.0
000818.SZ,2026-01-27 09:52:00,21.93,21.94,21.84,21.87,516600,11316996.0
000818.SZ,2026-01-27 09:53:00,21.82,22.03,21.82,22.01,1662694,36508490.0
000818.SZ,2026-01-27 09:54:00,22.05,22.25,22.05,22.16,1994100,44234516.0
000818.SZ,2026-01-27 09:55:00,22.13,22.18,22.04,22.05,582200,12879413.0
000818.SZ,2026-01-27 09:56:00,22.04,22.14,22.04,22.08,641700,14173609.0
000818.SZ,2026-01-27 09:57:00,22.08,22.09,22.04,22.05,641100,14143068.0
000818.SZ,2026-01-27 09:58:00,22.05,22.05,21.93,21.93,327606,7196242.0
000818.SZ,2026-01-27 09:59:00,21.95,22.06,21.95,22.06,302500,6659082.0
000818.SZ,2026-01-27 10:00:00,22.06,22.06,21.96,21.99,366800,8071220.0
000818.SZ,2026-01-27 10:01:00,21.98,22.15,21.93,22.15,679300,14962405.0
000818.SZ,2026-01-27 10:02:00,22.14,22.14,22.07,22.1,341700,7556394.0
000818.SZ,2026-01-27 10:03:00,22.11,22.45,22.11,22.36,2843525,63433880.0
000818.SZ,2026-01-27 10:04:00,22.37,22.41,22.32,22.35,1222700,27355256.0
000818.SZ,2026-01-27 10:05:00,22.35,22.35,22.25,22.28,447900,9992488.0
000818.SZ,2026-01-27 10:06:00,22.25,22.3,22.25,22.27,386100,8603174.0
000818.SZ,2026-01-27 10:07:00,22.29,22.3,22.24,22.24,459000,10219176.0
000818.SZ,2026-01-27 10:08:00,22.24,22.29,22.24,22.26,286800,6383646.0
000818.SZ,2026-01-27 10:09:00,22.28,22.35,22.27,22.34,518300,11554613.0
000818.SZ,2026-01-27 10:10:00,22.34,22.38,22.23,22.26,561000,12509795.0
000818.SZ,2026-01-27 10:11:00,22.23,22.23,22.1,22.14,346900,7695564.0
000818.SZ,2026-01-27 10:12:00,22.12,22.28,22.12,22.2,283700,6303252.0
000818.SZ,2026-01-27 10:13:00,22.22,22.22,22.18,22.19,186000,4131292.0
000818.SZ,2026-01-27 10:14:00,22.2,22.25,22.19,22.25,279900,6218109.5
000818.SZ,2026-01-27 10:15:00,22.26,22.26,22.23,22.25,237700,5288374.0
000818.SZ,2026-01-27 10:16:00,22.25,22.33,22.25,22.32,381000,8494860.0
000818.SZ,2026-01-27 10:17:00,22.31,22.31,22.24,22.25,139200,3100229.0
000818.SZ,2026-01-27 10:18:00,22.23,22.24,22.21,22.23,149500,3323225.0
000818.SZ,2026-01-27 10:19:00,22.26,22.28,22.19,22.21,346000,7689268.0
000818.SZ,2026-01-27 10:20:00,22.19,22.2,22.13,22.14,271600,6023319.0
000818.SZ,2026-01-27 10:21:00,22.15,22.15,22.14,22.15,89800,1988532.0
000818.SZ,2026-01-27 10:22:00,22.15,22.15,22.1,22.1,167600,3706946.0
000818.SZ,2026-01-27 10:23:00,22.1,22.15,22.1,22.14,152000,3363611.0
000818.SZ,2026-01-27 10:24:00,22.13,22.15,22.06,22.06,225400,4984661.0
000818.SZ,2026-01-27 10:25:00,22.05,22.09,22.04,22.04,243500,5371452.0
000818.SZ,2026-01-27 10:26:00,22.02,22.02,21.98,21.98,360600,7935106.0
000818.SZ,2026-01-27 10:27:00,21.98,22.01,21.97,22.0,144475,3176876.2
000818.SZ,2026-01-27 10:28:00,22.01,22.04,22.01,22.04,179600,3955972.0
000818.SZ,2026-01-27 10:29:00,22.02,22.02,22.0,22.0,144400,3177752.0
000818.SZ,2026-01-27 10:30:00,21.99,22.01,21.96,21.96,183525,4034559.2
000818.SZ,2026-01-27 10:31:00,21.97,22.01,21.97,22.0,79200,1741442.0
000818.SZ,2026-01-27 10:32:00,22.0,22.0,21.94,21.95,186700,4099983.0
000818.SZ,2026-01-27 10:33:00,21.94,21.96,21.93,21.96,107100,2349678.0
000818.SZ,2026-01-27 10:34:00,21.95,21.98,21.95,21.96,64600,1418843.0
000818.SZ,2026-01-27 10:35:00,21.96,21.96,21.92,21.93,136500,2995191.0
000818.SZ,2026-01-27 10:36:00,21.93,21.94,21.93,21.93,78400,1719478.0
000818.SZ,2026-01-27 10:37:00,21.92,22.02,21.92,22.02,86300,1895340.0
000818.SZ,2026-01-27 10:38:00,22.02,22.08,22.02,22.08,131900,2909926.0
000818.SZ,2026-01-27 10:39:00,22.09,22.1,22.03,22.03,150600,3324889.0
000818.SZ,2026-01-27 10:40:00,22.01,22.01,21.97,21.97,128500,2826988.0
000818.SZ,2026-01-27 10:41:00,21.98,21.98,21.95,21.95,83400,1832389.0
000818.SZ,2026-01-27 10:42:00,21.97,21.98,21.95,21.97,120100,2637670.0
000818.SZ,2026-01-27 10:43:00,21.98,21.98,21.96,21.97,43400,953301.0
000818.SZ,2026-01-27 10:44:00,21.98,22.04,21.98,22.04,103200,2270816.0
000818.SZ,2026-01-27 10:45:00,22.04,22.04,22.02,22.03,61800,1361393.0
000818.SZ,2026-01-27 10:46:00,22.02,22.03,21.99,22.01,82600,1817960.0
000818.SZ,2026-01-27 10:47:00,22.0,22.01,21.94,21.94,140600,3088842.0
000818.SZ,2026-01-27 10:48:00,21.95,21.95,21.93,21.94,56100,1230696.0
000818.SZ,2026-01-27 10:49:00,21.94,21.96,21.94,21.94,78600,1724751.0
000818.SZ,2026-01-27 10:50:00,21.94,21.94,21.93,21.94,66300,1454562.0
000818.SZ,2026-01-27 10:51:00,21.94,21.96,21.93,21.96,42700,937122.0
000818.SZ,2026-01-27 10:52:00,21.96,21.96,21.93,21.93,147900,3245030.0
000818.SZ,2026-01-27 10:53:00,21.93,21.96,21.93,21.96,45100,989775.0
000818.SZ,2026-01-27 10:54:00,21.95,21.96,21.92,21.92,126700,2779804.0
000818.SZ,2026-01-27 10:55:00,21.92,21.92,21.87,21.88,284300,6224682.0
000818.SZ,2026-01-27 10:56:00,21.88,21.88,21.87,21.88,72000,1574778.0
000818.SZ,2026-01-27 10:57:00,21.88,21.9,21.88,21.89,44200,967550.0
000818.SZ,2026-01-27 10:58:00,21.9,21.9,21.89,21.9,60600,1326983.0
000818.SZ,2026-01-27 10:59:00,21.9,21.9,21.86,21.86,128100,2802282.0
000818.SZ,2026-01-27 11:00:00,21.86,21.87,21.85,21.86,57000,1245914.0
000818.SZ,2026-01-27 11:01:00,21.86,21.86,21.83,21.83,75800,1655900.0
000818.SZ,2026-01-27 11:02:00,21.84,21.84,21.82,21.84,56000,1222524.0
000818.SZ,2026-01-27 11:03:00,21.83,21.85,21.83,21.85,31200,681458.0
000818.SZ,2026-01-27 11:04:00,21.84,21.84,21.82,21.82,84500,1844625.0
000818.SZ,2026-01-27 11:05:00,21.82,21.82,21.81,21.81,86500,1886760.0
000818.SZ,2026-01-27 11:06:00,21.81,21.81,21.8,21.8,69100,1506715.0
000818.SZ,2026-01-27 11:07:00,21.8,21.8,21.76,21.77,181800,3960696.0
000818.SZ,2026-01-27 11:08:00,21.77,21.78,21.76,21.78,58500,1273479.0
000818.SZ,2026-01-27 11:09:00,21.78,21.81,21.78,21.8,94800,2066397.0
000818.SZ,2026-01-27 11:10:00,21.78,21.78,21.76,21.78,89100,1939919.0
000818.SZ,2026-01-27 11:11:00,21.78,21.78,21.76,21.76,79000,1719561.0
000818.SZ,2026-01-27 11:12:00,21.76,21.76,21.71,21.72,156900,3410744.0
000818.SZ,2026-01-27 11:13:00,21.71,21.74,21.71,21.74,25600,556029.0
000818.SZ,2026-01-27 11:14:00,21.75,21.75,21.72,21.73,49500,1075779.0
000818.SZ,2026-01-27 11:15:00,21.72,21.72,21.71,21.72,115900,2516686.0
000818.SZ,2026-01-27 11:16:00,21.7,21.71,21.7,21.7,38400,833466.0
000818.SZ,2026-01-27 11:17:00,21.7,21.71,21.69,21.7,187900,4077154.8
000818.SZ,2026-01-27 11:18:00,21.7,21.71,21.69,21.7,31600,685771.0
000818.SZ,2026-01-27 11:19:00,21.71,21.72,21.7,21.7,59000,1281032.8
000818.SZ,2026-01-27 11:20:00,21.7,21.7,21.67,21.7,167100,3624165.0
000818.SZ,2026-01-27 11:21:00,21.69,21.74,21.69,21.74,31100,675424.0
000818.SZ,2026-01-27 11:22:00,21.75,21.75,21.74,21.75,74500,1620132.0
000818.SZ,2026-01-27 11:23:00,21.75,21.76,21.71,21.72,78900,1715142.0
000818.SZ,2026-01-27 11:24:00,21.72,21.73,21.7,21.7,81100,1761318.0
000818.SZ,2026-01-27 11:25:00,21.71,21.8,21.7,21.78,172400,3749042.0
000818.SZ,2026-01-27 11:26:00,21.76,21.8,21.76,21.79,57900,1261534.0
000818.SZ,2026-01-27 11:27:00,21.78,21.8,21.77,21.79,52400,1141777.0
000818.SZ,2026-01-27 11:28:00,21.8,21.84,21.79,21.83,119500,2606201.0
000818.SZ,2026-01-27 11:29:00,21.83,21.84,21.79,21.81,51100,1115245.0
000818.SZ,2026-01-27 11:30:00,21.8,21.82,21.8,21.81,38900,848412.0
000818.SZ,2026-01-27 13:01:00,21.82,21.82,21.76,21.77,203800,4443418.0
000818.SZ,2026-01-27 13:02:00,21.76,21.79,21.76,21.77,39300,855520.0
000818.SZ,2026-01-27 13:03:00,21.76,21.76,21.72,21.73,49300,1071855.0
000818.SZ,2026-01-27 13:04:00,21.73,21.73,21.71,21.72,29300,636352.0
000818.SZ,2026-01-27 13:05:00,21.72,21.72,21.7,21.7,82000,1779896.0
000818.SZ,2026-01-27 13:06:00,21.71,21.71,21.68,21.68,93800,2035223.0
000818.SZ,2026-01-27 13:07:00,21.69,21.7,21.68,21.7,41300,896044.0
000818.SZ,2026-01-27 13:08:00,21.69,21.71,21.69,21.71,54500,1182401.0
000818.SZ,2026-01-27 13:09:00,21.7,21.7,21.67,21.67,151300,3281144.0
000818.SZ,2026-01-27 13:10:00,21.67,21.68,21.67,21.68,56000,1213669.0
000818.SZ,2026-01-27 13:11:00,21.66,21.67,21.66,21.67,73400,1590052.0
000818.SZ,2026-01-27 13:12:00,21.67,21.68,21.67,21.67,47600,1031608.0
000818.SZ,2026-01-27 13:13:00,21.67,21.7,21.67,21.7,46800,1015054.0
000818.SZ,2026-01-27 13:14:00,21.7,21.73,21.7,21.72,43100,936046.0
000818.SZ,2026-01-27 13:15:00,21.72,21.72,21.71,21.72,77100,1674237.0
000818.SZ,2026-01-27 13:16:00,21.72,21.73,21.71,21.72,45000,977347.0
000818.SZ,2026-01-27 13:17:00,21.71,21.71,21.7,21.7,98800,2144357.0
000818.SZ,2026-01-27 13:18:00,21.7,21.71,21.66,21.67,89200,1934091.0
000818.SZ,2026-01-27 13:19:00,21.68,21.71,21.68,21.71,88800,1926696.0
000818.SZ,2026-01-27 13:20:00,21.72,21.75,21.72,21.74,62500,1358375.0
000818.SZ,2026-01-27 13:21:00,21.75,21.75,21.69,21.7,130200,2826943.0
000818.SZ,2026-01-27 13:22:00,21.71,21.72,21.7,21.7,51100,1109173.0
000818.SZ,2026-01-27 13:23:00,21.7,21.7,21.68,21.68,132300,2869556.0
000818.SZ,2026-01-27 13:24:00,21.68,21.69,21.68,21.68,91700,1987872.0
000818.SZ,2026-01-27 13:25:00,21.67,21.69,21.67,21.67,80900,1753897.0
000818.SZ,2026-01-27 13:26:00,21.68,21.73,21.68,21.72,80300,1742191.0
000818.SZ,2026-01-27 13:27:00,21.72,21.72,21.71,21.71,32800,712391.0
000818.SZ,2026-01-27 13:28:00,21.72,21.79,21.72,21.78,89200,1939422.0
000818.SZ,2026-01-27 13:29:00,21.78,21.87,21.78,21.84,212891,4648034.0
000818.SZ,2026-01-27 13:30:00,21.85,21.94,21.85,21.91,172900,3784161.0
000818.SZ,2026-01-27 13:31:00,21.9,21.94,21.9,21.91,105300,2307833.0
000818.SZ,2026-01-27 13:32:00,21.9,21.9,21.87,21.87,109000,2386240.0
000818.SZ,2026-01-27 13:33:00,21.87,21.99,21.87,21.99,278600,6115355.0
000818.SZ,2026-01-27 13:34:00,21.99,22.0,21.98,21.98,189600,4169281.0
000818.SZ,2026-01-27 13:35:00,21.97,21.98,21.91,21.91,50900,1117712.0
000818.SZ,2026-01-27 13:36:00,21.92,21.95,21.91,21.93,88300,1936418.0
000818.SZ,2026-01-27 13:37:00,21.95,21.95,21.88,21.88,149200,3270027.0
000818.SZ,2026-01-27 13:38:00,21.9,21.9,21.86,21.86,47900,1048190.0
000818.SZ,2026-01-27 13:39:00,21.87,21.9,21.86,21.89,28700,627943.0
000818.SZ,2026-01-27 13:40:00,21.89,21.95,21.88,21.92,88900,1948762.0
000818.SZ,2026-01-27 13:41:00,21.92,21.93,21.89,21.91,50200,1099885.0
000818.SZ,2026-01-27 13:42:00,21.91,21.91,21.89,21.9,26800,587007.0
000818.SZ,2026-01-27 13:43:00,21.9,21.91,21.9,21.9,31900,698812.0
000818.SZ,2026-01-27 13:44:00,21.91,21.92,21.91,21.92,33900,742804.0
000818.SZ,2026-01-27 13:45:00,21.92,21.94,21.9,21.92,90500,1983699.0
000818.SZ,2026-01-27 13:46:00,21.91,21.94,21.91,21.93,42600,934211.0
000818.SZ,2026-01-27 13:47:00,21.94,21.96,21.94,21.96,64200,1409073.0
000818.SZ,2026-01-27 13:48:00,21.97,21.98,21.94,21.97,80900,1776474.0
000818.SZ,2026-01-27 13:49:00,21.98,21.99,21.97,21.97,45400,997739.0
000818.SZ,2026-01-27 13:50:00,21.97,21.98,21.97,21.98,75100,1650605.0
000818.SZ,2026-01-27 13:51:00,21.98,21.98,21.96,21.96,26600,584367.0
000818.SZ,2026-01-27 13:52:00,21.97,21.97,21.94,21.95,53900,1183241.0
000818.SZ,2026-01-27 13:53:00,21.95,21.96,21.95,21.96,46300,1016564.0
000818.SZ,2026-01-27 13:54:00,21.96,22.12,21.96,22.1,424000,9349004.0
000818.SZ,2026-01-27 13:55:00,22.11,22.12,22.09,22.09,213100,4710990.0
000818.SZ,2026-01-27 13:56:00,22.1,22.1,22.04,22.04,93800,2069271.0
000818.SZ,2026-01-27 13:57:00,22.03,22.05,22.02,22.05,93201,2053617.0
000818.SZ,2026-01-27 13:58:00,22.05,22.06,22.03,22.06,135600,2989023.0
000818.SZ,2026-01-27 13:59:00,22.07,22.19,22.07,22.18,361000,7996222.0
000818.SZ,2026-01-27 14:00:00,22.19,22.23,22.19,22.22,324500,7208819.0
000818.SZ,2026-01-27 14:01:00,22.23,22.24,22.14,22.24,355000,7879050.0
000818.SZ,2026-01-27 14:02:00,22.24,22.25,22.23,22.25,256100,5696304.0
000818.SZ,2026-01-27 14:03:00,22.23,22.24,22.21,22.22,214000,4757666.0
000818.SZ,2026-01-27 14:04:00,22.23,22.23,22.22,22.22,132800,2951074.0
000818.SZ,2026-01-27 14:05:00,22.21,22.22,22.18,22.18,89800,1994396.0
000818.SZ,2026-01-27 14:06:00,22.18,22.21,22.18,22.2,202600,4496997.0
000818.SZ,2026-01-27 14:07:00,22.2,22.25,22.2,22.25,275300,6121931.0
000818.SZ,2026-01-27 14:08:00,22.25,22.27,22.25,22.27,265900,5918896.0
000818.SZ,2026-01-27 14:09:00,22.27,22.28,22.26,22.28,287100,6395303.0
000818.SZ,2026-01-27 14:10:00,22.28,22.28,22.24,22.24,206800,4604505.0
000818.SZ,2026-01-27 14:11:00,22.24,22.27,22.23,22.25,188500,4193268.0
000818.SZ,2026-01-27 14:12:00,22.25,22.25,22.19,22.19,128600,2858075.0
000818.SZ,2026-01-27 14:13:00,22.19,22.19,22.14,22.16,136300,3020875.0
000818.SZ,2026-01-27 14:14:00,22.16,22.18,22.16,22.17,114900,2547371.0
000818.SZ,2026-01-27 14:15:00,22.17,22.17,22.12,22.12,99400,2202549.0
000818.SZ,2026-01-27 14:16:00,22.12,22.13,22.12,22.12,64200,1420315.0
000818.SZ,2026-01-27 14:17:00,22.12,22.15,22.12,22.15,74800,1655838.0
000818.SZ,2026-01-27 14:18:00,22.16,22.16,22.14,22.14,110500,2447251.0
000818.SZ,2026-01-27 14:19:00,22.14,22.14,22.13,22.13,45900,1016043.0
000818.SZ,2026-01-27 14:20:00,22.13,22.13,22.07,22.07,134700,2978332.0
000818.SZ,2026-01-27 14:21:00,22.07,22.09,22.07,22.08,64600,1426210.0
000818.SZ,2026-01-27 14:22:00,22.08,22.1,22.07,22.09,56500,1247552.0
000818.SZ,2026-01-27 14:23:00,22.1,22.1,22.09,22.09,67400,1489271.0
000818.SZ,2026-01-27 14:24:00,22.09,22.09,22.08,22.09,70700,1561539.0
000818.SZ,2026-01-27 14:25:00,22.08,22.1,22.08,22.09,74600,1647669.0
000818.SZ,2026-01-27 14:26:00,22.1,22.13,22.09,22.13,63900,1412549.0
000818.SZ,2026-01-27 14:27:00,22.13,22.14,22.12,22.12,81600,1805379.0
000818.SZ,2026-01-27 14:28:00,22.1,22.13,22.1,22.12,49500,1094712.0
000818.SZ,2026-01-27 14:29:00,22.12,22.13,22.11,22.11,35700,789564.0
000818.SZ,2026-01-27 14:30:00,22.11,22.13,22.11,22.12,57300,1267463.0
000818.SZ,2026-01-27 14:31:00,22.12,22.14,22.12,22.14,76900,1702120.0
000818.SZ,2026-01-27 14:32:00,22.14,22.15,22.13,22.13,124100,2747574.0
000818.SZ,2026-01-27 14:33:00,22.13,22.14,22.12,22.12,63200,1398804.0
000818.SZ,2026-01-27 14:34:00,22.13,22.13,22.12,22.12,83500,1847134.0
000818.SZ,2026-01-27 14:35:00,22.13,22.13,22.1,22.1,77540,1714150.0
000818.SZ,2026-01-27 14:36:00,22.1,22.1,22.07,22.09,291460,6437893.0
000818.SZ,2026-01-27 14:37:00,22.1,22.1,22.09,22.1,92700,2048282.0
000818.SZ,2026-01-27 14:38:00,22.1,22.1,22.08,22.08,58800,1298533.0
000818.SZ,2026-01-27 14:39:00,22.08,22.08,22.05,22.05,94500,2084621.0
000818.SZ,2026-01-27 14:40:00,22.05,22.06,22.03,22.04,365900,8059461.0
000818.SZ,2026-01-27 14:41:00,22.05,22.05,22.04,22.05,62700,1382389.0
000818.SZ,2026-01-27 14:42:00,22.05,22.08,22.05,22.08,222300,4903566.0
000818.SZ,2026-01-27 14:43:00,22.08,22.09,22.07,22.08,88100,1945504.0
000818.SZ,2026-01-27 14:44:00,22.09,22.12,22.09,22.12,156742,3463556.2
000818.SZ,2026-01-27 14:45:00,22.12,22.19,22.12,22.17,334900,7423510.0
000818.SZ,2026-01-27 14:46:00,22.17,22.19,22.17,22.18,127000,2817431.5
000818.SZ,2026-01-27 14:47:00,22.18,22.18,22.13,22.15,126400,2801790.0
000818.SZ,2026-01-27 14:48:00,22.15,22.15,22.09,22.12,244200,5397344.0
000818.SZ,2026-01-27 14:49:00,22.14,22.14,22.11,22.14,119500,2645076.0
000818.SZ,2026-01-27 14:50:00,22.15,22.16,22.14,22.15,134600,2981031.0
000818.SZ,2026-01-27 14:51:00,22.15,22.16,22.15,22.15,154900,3431402.0
000818.SZ,2026-01-27 14:52:00,22.15,22.16,22.14,22.15,151600,3358121.0
000818.SZ,2026-01-27 14:53:00,22.15,22.17,22.14,22.17,201900,4473202.0
000818.SZ,2026-01-27 14:54:00,22.16,22.17,22.16,22.17,240900,5340693.0
000818.SZ,2026-01-27 14:55:00,22.17,22.18,22.17,22.18,262300,5816295.0
000818.SZ,2026-01-27 14:56:00,22.18,22.19,22.17,22.18,455400,10101997.0
000818.SZ,2026-01-27 14:57:00,22.17,22.22,22.17,22.22,547100,12144629.0
000818.SZ,2026-01-27 14:58:00,22.22,22.22,22.22,22.22,0,0.0
000818.SZ,2026-01-27 14:59:00,22.22,22.22,22.22,22.22,0,0.0
000818.SZ,2026-01-27 15:00:00,22.22,22.22,22.22,22.22,651555,14477552.0
000818.SZ,2026-01-28 09:30:00,22.3,22.42,22.27,22.3,958000,21376892.0
000818.SZ,2026-01-28 09:31:00,22.34,22.62,22.34,22.56,1661300,37350908.0
000818.SZ,2026-01-28 09:32:00,22.57,22.57,22.25,22.27,1155400,25881090.0
000818.SZ,2026-01-28 09:33:00,22.27,22.29,22.25,22.29,501807,11176751.0
000818.SZ,2026-01-28 09:34:00,22.32,22.45,22.32,22.42,596500,13349518.0
000818.SZ,2026-01-28 09:35:00,22.41,22.47,22.38,22.38,545657,12242742.0
000818.SZ,2026-01-28 09:36:00,22.39,22.4,22.32,22.32,577400,12919233.0
000818.SZ,2026-01-28 09:37:00,22.31,22.4,22.31,22.4,385185,8610727.0
000818.SZ,2026-01-28 09:38:00,22.4,22.55,22.4,22.55,545800,12265412.0
000818.SZ,2026-01-28 09:39:00,22.52,22.58,22.48,22.58,1107400,24961218.0
000818.SZ,2026-01-28 09:40:00,22.56,22.56,22.45,22.45,457000,10289737.0
000818.SZ,2026-01-28 09:41:00,22.45,22.45,22.4,22.42,275900,6186498.0
000818.SZ,2026-01-28 09:42:00,22.43,22.55,22.43,22.55,479900,10792364.0
000818.SZ,2026-01-28 09:43:00,22.55,22.57,22.49,22.52,312000,7028641.0
000818.SZ,2026-01-28 09:44:00,22.52,22.53,22.51,22.53,257000,5786720.0
000818.SZ,2026-01-28 09:45:00,22.5,22.55,22.47,22.52,534200,12034325.0
000818.SZ,2026-01-28 09:46:00,22.5,22.5,22.35,22.36,567700,12724919.0
000818.SZ,2026-01-28 09:47:00,22.37,22.4,22.34,22.37,538500,12045845.0
000818.SZ,2026-01-28 09:48:00,22.36,22.37,22.3,22.31,520200,11618144.0
000818.SZ,2026-01-28 09:49:00,22.31,22.35,22.26,22.27,790800,17620732.0
000818.SZ,2026-01-28 09:50:00,22.27,22.35,22.27,22.34,201100,4487126.0
000818.SZ,2026-01-28 09:51:00,22.34,22.37,22.3,22.35,368600,8226863.0
000818.SZ,2026-01-28 09:52:00,22.35,22.41,22.35,22.41,183900,4115064.0
000818.SZ,2026-01-28 09:53:00,22.42,22.45,22.37,22.37,269700,6042519.0
000818.SZ,2026-01-28 09:54:00,22.36,22.36,22.28,22.3,444000,9903161.0
000818.SZ,2026-01-28 09:55:00,22.34,22.46,22.34,22.44,325200,7288397.0
000818.SZ,2026-01-28 09:56:00,22.43,22.52,22.43,22.5,450300,10125720.0
000818.SZ,2026-01-28 09:57:00,22.49,22.49,22.44,22.44,186500,4189331.0
000818.SZ,2026-01-28 09:58:00,22.45,22.7,22.45,22.69,2050567,46336130.0
000818.SZ,2026-01-28 09:59:00,22.7,22.84,22.7,22.81,1596700,36341184.0
000818.SZ,2026-01-28 10:00:00,22.8,22.85,22.75,22.76,1059700,24169184.0
000818.SZ,2026-01-28 10:01:00,22.76,22.76,22.67,22.67,535200,12154038.0
000818.SZ,2026-01-28 10:02:00,22.66,22.68,22.57,22.59,423100,9570843.0
000818.SZ,2026-01-28 10:03:00,22.59,22.62,22.55,22.62,449900,10161213.0
000818.SZ,2026-01-28 10:04:00,22.6,22.65,22.6,22.63,380000,8593920.0
000818.SZ,2026-01-28 10:05:00,22.51,22.57,22.51,22.53,475800,10730641.0
000818.SZ,2026-01-28 10:06:00,22.53,22.56,22.48,22.49,519000,11687525.0
000818.SZ,2026-01-28 10:07:00,22.49,22.49,22.44,22.45,251400,5646340.0
000818.SZ,2026-01-28 10:08:00,22.45,22.47,22.41,22.41,273400,6134490.0
000818.SZ,2026-01-28 10:09:00,22.4,22.41,22.36,22.38,295400,6613550.0
000818.SZ,2026-01-28 10:10:00,22.39,22.44,22.38,22.44,238500,5342713.0
000818.SZ,2026-01-28 10:11:00,22.45,22.45,22.36,22.38,455000,10185508.0
000818.SZ,2026-01-28 10:12:00,22.39,22.4,22.38,22.4,110200,2467168.0
000818.SZ,2026-01-28 10:13:00,22.43,22.47,22.41,22.46,113500,2546487.0
000818.SZ,2026-01-28 10:14:00,22.45,22.45,22.42,22.43,239600,5377232.0
000818.SZ,2026-01-28 10:15:00,22.43,22.46,22.42,22.44,156800,3518199.0
000818.SZ,2026-01-28 10:16:00,22.45,22.5,22.44,22.5,154000,3460012.0
000818.SZ,2026-01-28 10:17:00,22.5,22.52,22.49,22.51,155500,3499961.0
000818.SZ,2026-01-28 10:18:00,22.49,22.49,22.47,22.48,102300,2300217.0
000818.SZ,2026-01-28 10:19:00,22.47,22.47,22.44,22.45,251400,5644287.0
000818.SZ,2026-01-28 10:20:00,22.45,22.48,22.45,22.48,78200,1756004.0
000818.SZ,2026-01-28 10:21:00,22.48,22.59,22.48,22.58,226700,5113531.0
000818.SZ,2026-01-28 10:22:00,22.58,22.59,22.57,22.57,184100,4158304.0
000818.SZ,2026-01-28 10:23:00,22.56,22.65,22.56,22.64,280900,6355312.0
000818.SZ,2026-01-28 10:24:00,22.64,22.64,22.56,22.56,95900,2167616.0
000818.SZ,2026-01-28 10:25:00,22.55,22.56,22.5,22.5,97500,2197130.0
000818.SZ,2026-01-28 10:26:00,22.53,22.58,22.52,22.52,110200,2485104.0
000818.SZ,2026-01-28 10:27:00,22.54,22.56,22.52,22.55,65300,1472061.0
000818.SZ,2026-01-28 10:28:00,22.55,22.65,22.55,22.64,276900,6260616.0
000818.SZ,2026-01-28 10:29:00,22.64,22.64,22.59,22.59,144800,3274504.0
000818.SZ,2026-01-28 10:30:00,22.59,22.63,22.59,22.63,96400,2179102.0
000818.SZ,2026-01-28 10:31:00,22.63,22.64,22.62,22.63,122000,2760385.0
000818.SZ,2026-01-28 10:32:00,22.63,22.63,22.61,22.61,175600,3972298.0
000818.SZ,2026-01-28 10:33:00,22.61,22.61,22.55,22.55,115400,2606692.0
000818.SZ,2026-01-28 10:34:00,22.56,22.6,22.56,22.6,102800,2319340.0
000818.SZ,2026-01-28 10:35:00,22.6,22.6,22.53,22.54,164400,3708394.0
000818.SZ,2026-01-28 10:36:00,22.53,22.58,22.53,22.56,50100,1129851.0
000818.SZ,2026-01-28 10:37:00,22.56,22.58,22.53,22.53,159200,3591436.0
000818.SZ,2026-01-28 10:38:00,22.56,22.56,22.45,22.47,268800,6043222.0
000818.SZ,2026-01-28 10:39:00,22.47,22.5,22.47,22.49,97800,2199826.0
000818.SZ,2026-01-28 10:40:00,22.5,22.51,22.47,22.47,136400,3067497.0
000818.SZ,2026-01-28 10:41:00,22.47,22.48,22.46,22.48,114300,2568608.0
000818.SZ,2026-01-28 10:42:00,22.48,22.5,22.48,22.5,67400,1515902.0
000818.SZ,2026-01-28 10:43:00,22.48,22.48,22.46,22.47,121500,2730609.0
000818.SZ,2026-01-28 10:44:00,22.47,22.49,22.47,22.48,65100,1463040.0
000818.SZ,2026-01-28 10:45:00,22.48,22.48,22.46,22.47,60800,1365857.0
000818.SZ,2026-01-28 10:46:00,22.46,22.47,22.45,22.45,68200,1531407.0
000818.SZ,2026-01-28 10:47:00,22.45,22.45,22.43,22.44,222500,4993275.0
000818.SZ,2026-01-28 10:48:00,22.44,22.44,22.43,22.43,169900,3811242.0
000818.SZ,2026-01-28 10:49:00,22.43,22.43,22.4,22.42,179100,4015459.0
000818.SZ,2026-01-28 10:50:00,22.43,22.44,22.41,22.44,93700,2101512.0
000818.SZ,2026-01-28 10:51:00,22.44,22.45,22.43,22.44,96900,2173809.0
000818.SZ,2026-01-28 10:52:00,22.44,22.44,22.41,22.42,109800,2461992.0
000818.SZ,2026-01-28 10:53:00,22.42,22.44,22.41,22.43,69900,1566773.0
000818.SZ,2026-01-28 10:54:00,22.44,22.44,22.42,22.43,76200,1709407.0
000818.SZ,2026-01-28 10:55:00,22.43,22.44,22.42,22.42,93000,2086004.0
000818.SZ,2026-01-28 10:56:00,22.43,22.43,22.38,22.39,245800,5506034.0
000818.SZ,2026-01-28 10:57:00,22.39,22.4,22.38,22.39,92700,2075357.0
000818.SZ,2026-01-28 10:58:00,22.4,22.4,22.38,22.38,95900,2147126.0
000818.SZ,2026-01-28 10:59:00,22.37,22.38,22.37,22.37,165500,3701751.0
000818.SZ,2026-01-28 11:00:00,22.38,22.38,22.37,22.37,27000,604124.0
000818.SZ,2026-01-28 11:01:00,22.38,22.38,22.37,22.37,81300,1818856.0
000818.SZ,2026-01-28 11:02:00,22.37,22.37,22.32,22.33,246600,5509529.0
000818.SZ,2026-01-28 11:03:00,22.33,22.39,22.33,22.39,43400,970842.0
000818.SZ,2026-01-28 11:04:00,22.36,22.39,22.35,22.37,73000,1632806.0
000818.SZ,2026-01-28 11:05:00,22.38,22.38,22.36,22.37,79500,1778494.0
000818.SZ,2026-01-28 11:06:00,22.37,22.38,22.36,22.37,47500,1062757.0
000818.SZ,2026-01-28 11:07:00,22.37,22.39,22.36,22.39,43900,982087.0
000818.SZ,2026-01-28 11:08:00,22.39,22.39,22.36,22.38,64000,1432691.0
000818.SZ,2026-01-28 11:09:00,22.38,22.4,22.38,22.39,178500,3995493.0
000818.SZ,2026-01-28 11:10:00,22.4,22.46,22.39,22.45,106900,2399316.0
000818.SZ,2026-01-28 11:11:00,22.46,22.49,22.44,22.49,199600,4484404.0
000818.SZ,2026-01-28 11:12:00,22.49,22.49,22.44,22.44,94800,2129930.0
000818.SZ,2026-01-28 11:13:00,22.46,22.46,22.44,22.45,48000,1077581.0
000818.SZ,2026-01-28 11:14:00,22.42,22.42,22.39,22.4,105600,2365934.0
000818.SZ,2026-01-28 11:15:00,22.4,22.41,22.38,22.4,43900,983266.0
000818.SZ,2026-01-28 11:16:00,22.39,22.42,22.38,22.39,50900,1140110.0
000818.SZ,2026-01-28 11:17:00,22.39,22.39,22.34,22.35,187900,4201906.0
000818.SZ,2026-01-28 11:18:00,22.34,22.37,22.33,22.37,119100,2661220.0
000818.SZ,2026-01-28 11:19:00,22.38,22.42,22.38,22.38,34800,779670.0
000818.SZ,2026-01-28 11:20:00,22.4,22.4,22.38,22.38,31300,700925.0
000818.SZ,2026-01-28 11:21:00,22.39,22.41,22.38,22.41,56700,1269497.0
000818.SZ,2026-01-28 11:22:00,22.41,22.42,22.37,22.41,53800,1204610.0
000818.SZ,2026-01-28 11:23:00,22.4,22.45,22.4,22.44,77300,1733600.0
000818.SZ,2026-01-28 11:24:00,22.44,22.48,22.44,22.44,61200,1374543.0
000818.SZ,2026-01-28 11:25:00,22.47,22.47,22.43,22.47,44800,1005612.0
000818.SZ,2026-01-28 11:26:00,22.5,22.55,22.5,22.55,235900,5309317.0
000818.SZ,2026-01-28 11:27:00,22.55,22.55,22.5,22.5,50100,1128959.0
000818.SZ,2026-01-28 11:28:00,22.5,22.5,22.47,22.48,26100,586901.0
000818.SZ,2026-01-28 11:29:00,22.48,22.49,22.46,22.47,41300,928379.0
000818.SZ,2026-01-28 11:30:00,22.46,22.48,22.46,22.47,36800,826981.0
000818.SZ,2026-01-28 13:01:00,22.45,22.48,22.36,22.38,212700,4772364.0
000818.SZ,2026-01-28 13:02:00,22.38,22.39,22.37,22.38,53100,1188043.0
000818.SZ,2026-01-28 13:03:00,22.37,22.39,22.37,22.37,62700,1403238.0
000818.SZ,2026-01-28 13:04:00,22.35,22.38,22.34,22.37,117200,2619983.0
000818.SZ,2026-01-28 13:05:00,22.36,22.37,22.36,22.36,74400,1663655.0
000818.SZ,2026-01-28 13:06:00,22.36,22.36,22.32,22.32,170300,3804083.0
000818.SZ,2026-01-28 13:07:00,22.31,22.31,22.29,22.3,461900,10301482.0
000818.SZ,2026-01-28 13:08:00,22.29,22.3,22.29,22.3,99800,2225282.0
000818.SZ,2026-01-28 13:09:00,22.3,22.32,22.29,22.32,103300,2304098.0
000818.SZ,2026-01-28 13:10:00,22.29,22.32,22.29,22.32,133500,2977193.0
000818.SZ,2026-01-28 13:11:00,22.32,22.34,22.3,22.34,84900,1894451.0
000818.SZ,2026-01-28 13:12:00,22.34,22.35,22.32,22.32,70500,1574522.0
000818.SZ,2026-01-28 13:13:00,22.3,22.34,22.3,22.33,105400,2351267.0
000818.SZ,2026-01-28 13:14:00,22.32,22.33,22.28,22.28,426600,9515721.0
000818.SZ,2026-01-28 13:15:00,22.28,22.28,22.26,22.27,229800,5116900.0
000818.SZ,2026-01-28 13:16:00,22.27,22.28,22.25,22.27,183700,4089992.0
000818.SZ,2026-01-28 13:17:00,22.27,22.27,22.26,22.26,64200,1429207.0
000818.SZ,2026-01-28 13:18:00,22.25,22.26,22.25,22.25,98100,2182913.0
000818.SZ,2026-01-28 13:19:00,22.24,22.24,22.21,22.21,418900,9311912.0
000818.SZ,2026-01-28 13:20:00,22.21,22.24,22.21,22.24,88400,1964700.0
000818.SZ,2026-01-28 13:21:00,22.25,22.33,22.25,22.31,180700,4029495.0
000818.SZ,2026-01-28 13:22:00,22.31,22.41,22.3,22.4,210700,4713773.0
000818.SZ,2026-01-28 13:23:00,22.4,22.4,22.36,22.36,64200,1436449.0
000818.SZ,2026-01-28 13:24:00,22.4,22.42,22.33,22.4,186000,4165053.0
000818.SZ,2026-01-28 13:25:00,22.38,22.39,22.36,22.37,27700,619848.0
000818.SZ,2026-01-28 13:26:00,22.37,22.6,22.36,22.5,502900,11323423.0
000818.SZ,2026-01-28 13:27:00,22.56,22.56,22.41,22.47,68600,1543784.0
000818.SZ,2026-01-28 13:28:00,22.47,22.47,22.42,22.43,41800,938096.0
000818.SZ,2026-01-28 13:29:00,22.43,22.43,22.42,22.42,64000,1435038.4
000818.SZ,2026-01-28 13:30:00,22.41,22.42,22.4,22.4,36600,820238.0
000818.SZ,2026-01-28 13:31:00,22.4,22.4,22.36,22.36,83900,1877558.0
000818.SZ,2026-01-28 13:32:00,22.37,22.4,22.36,22.37,100300,2243560.0
000818.SZ,2026-01-28 13:33:00,22.4,22.4,22.37,22.39,114400,2561047.0
000818.SZ,2026-01-28 13:34:00,22.39,22.39,22.37,22.37,15000,335636.0
000818.SZ,2026-01-28 13:35:00,22.37,22.48,22.37,22.48,181100,4059931.5
000818.SZ,2026-01-28 13:36:00,22.44,22.46,22.4,22.4,33900,760265.0
000818.SZ,2026-01-28 13:37:00,22.43,22.43,22.38,22.38,30400,680995.0
000818.SZ,2026-01-28 13:38:00,22.38,22.38,22.37,22.37,51300,1147895.0
000818.SZ,2026-01-28 13:39:00,22.37,22.37,22.36,22.37,42800,957096.0
000818.SZ,2026-01-28 13:40:00,22.37,22.37,22.36,22.37,31900,713361.0
000818.SZ,2026-01-28 13:41:00,22.37,22.39,22.36,22.38,61700,1380564.0
000818.SZ,2026-01-28 13:42:00,22.38,22.38,22.36,22.37,56200,1256954.0
000818.SZ,2026-01-28 13:43:00,22.36,22.41,22.36,22.4,57500,1287708.0
000818.SZ,2026-01-28 13:44:00,22.41,22.41,22.38,22.38,60500,1355221.0
000818.SZ,2026-01-28 13:45:00,22.38,22.42,22.38,22.4,85100,1905779.0
000818.SZ,2026-01-28 13:46:00,22.4,22.42,22.4,22.41,16800,376476.0
000818.SZ,2026-01-28 13:47:00,22.42,22.53,22.41,22.53,290500,6527762.0
000818.SZ,2026-01-28 13:48:00,22.52,22.55,22.47,22.47,108900,2451786.0
000818.SZ,2026-01-28 13:49:00,22.47,22.47,22.45,22.45,53000,1189986.0
000818.SZ,2026-01-28 13:50:00,22.46,22.47,22.44,22.45,40900,918225.0
000818.SZ,2026-01-28 13:51:00,22.45,22.45,22.4,22.4,37200,833703.0
000818.SZ,2026-01-28 13:52:00,22.4,22.41,22.4,22.41,24300,544408.0
000818.SZ,2026-01-28 13:53:00,22.41,22.41,22.39,22.4,86500,1937932.0
000818.SZ,2026-01-28 13:54:00,22.38,22.4,22.38,22.39,18800,421049.0
000818.SZ,2026-01-28 13:55:00,22.39,22.4,22.38,22.4,59400,1329906.0
000818.SZ,2026-01-28 13:56:00,22.4,22.4,22.4,22.4,24600,551004.0
000818.SZ,2026-01-28 13:57:00,22.4,22.41,22.38,22.4,61500,1377154.0
000818.SZ,2026-01-28 13:58:00,22.4,22.4,22.38,22.39,46700,1045632.0
000818.SZ,2026-01-28 13:59:00,22.4,22.42,22.39,22.41,32400,725885.0
000818.SZ,2026-01-28 14:00:00,22.4,22.4,22.38,22.39,29600,662920.0
000818.SZ,2026-01-28 14:01:00,22.39,22.39,22.37,22.39,67900,1519536.0
000818.SZ,2026-01-28 14:02:00,22.38,22.4,22.38,22.38,44000,985010.0
000818.SZ,2026-01-28 14:03:00,22.37,22.37,22.36,22.37,40900,914790.0
000818.SZ,2026-01-28 14:04:00,22.36,22.39,22.36,22.37,116900,2615444.0
000818.SZ,2026-01-28 14:05:00,22.37,22.37,22.36,22.37,20800,465252.0
000818.SZ,2026-01-28 14:06:00,22.37,22.38,22.36,22.36,30900,691139.0
000818.SZ,2026-01-28 14:07:00,22.37,22.37,22.36,22.36,30500,682066.0
000818.SZ,2026-01-28 14:08:00,22.36,22.37,22.35,22.37,49100,1097630.0
000818.SZ,2026-01-28 14:09:00,22.36,22.37,22.35,22.36,35500,793823.0
000818.SZ,2026-01-28 14:10:00,22.36,22.36,22.35,22.36,42900,958961.0
000818.SZ,2026-01-28 14:11:00,22.36,22.36,22.35,22.36,48500,1084166.0
000818.SZ,2026-01-28 14:12:00,22.35,22.36,22.32,22.32,211200,4717316.0
000818.SZ,2026-01-28 14:13:00,22.33,22.33,22.3,22.32,68900,1537176.0
000818.SZ,2026-01-28 14:14:00,22.31,22.32,22.3,22.31,68000,1516787.0
000818.SZ,2026-01-28 14:15:00,22.31,22.35,22.31,22.35,85400,1907499.0
000818.SZ,2026-01-28 14:16:00,22.35,22.36,22.33,22.33,32800,733045.0
000818.SZ,2026-01-28 14:17:00,22.33,22.34,22.32,22.34,51700,1154440.0
000818.SZ,2026-01-28 14:18:00,22.33,22.33,22.31,22.31,44500,993401.0
000818.SZ,2026-01-28 14:19:00,22.32,22.32,22.31,22.31,42300,943980.0
000818.SZ,2026-01-28 14:20:00,22.32,22.32,22.31,22.32,62000,1383383.0
000818.SZ,2026-01-28 14:21:00,22.32,22.32,22.29,22.29,255400,5695386.0
000818.SZ,2026-01-28 14:22:00,22.29,22.29,22.26,22.28,101600,2263125.0
000818.SZ,2026-01-28 14:23:00,22.26,22.27,22.23,22.23,89400,1989202.0
000818.SZ,2026-01-28 14:24:00,22.23,22.26,22.23,22.26,110700,2463281.0
000818.SZ,2026-01-28 14:25:00,22.25,22.31,22.25,22.29,171799,3826738.8
000818.SZ,2026-01-28 14:26:00,22.29,22.3,22.28,22.29,71800,1600355.0
000818.SZ,2026-01-28 14:27:00,22.28,22.29,22.26,22.26,78800,1755283.0
000818.SZ,2026-01-28 14:28:00,22.27,22.27,22.25,22.26,196700,4378167.0
000818.SZ,2026-01-28 14:29:00,22.26,22.26,22.24,22.24,144900,3223932.0
000818.SZ,2026-01-28 14:30:00,22.25,22.26,22.24,22.24,133100,2961089.0
000818.SZ,2026-01-28 14:31:00,22.24,22.25,22.22,22.22,253000,5624960.0
000818.SZ,2026-01-28 14:32:00,22.23,22.29,22.22,22.28,259000,5760786.0
000818.SZ,2026-01-28 14:33:00,22.27,22.27,22.24,22.25,83900,1867143.0
000818.SZ,2026-01-28 14:34:00,22.25,22.26,22.25,22.26,99100,2205117.0
000818.SZ,2026-01-28 14:35:00,22.26,22.3,22.26,22.28,170700,3803000.0
000818.SZ,2026-01-28 14:36:00,22.28,22.29,22.27,22.28,121300,2703418.0
000818.SZ,2026-01-28 14:37:00,22.29,22.3,22.27,22.27,189900,4232812.0
000818.SZ,2026-01-28 14:38:00,22.28,22.29,22.26,22.26,168800,3757701.0
000818.SZ,2026-01-28 14:39:00,22.27,22.27,22.24,22.24,101200,2251557.0
000818.SZ,2026-01-28 14:40:00,22.23,22.25,22.23,22.24,129500,2879990.0
000818.SZ,2026-01-28 14:41:00,22.25,22.25,22.22,22.23,246801,5486354.0
000818.SZ,2026-01-28 14:42:00,22.24,22.26,22.24,22.24,231700,5155011.0
000818.SZ,2026-01-28 14:43:00,22.25,22.25,22.23,22.23,159400,3544854.0
000818.SZ,2026-01-28 14:44:00,22.23,22.24,22.22,22.23,194000,4312540.0
000818.SZ,2026-01-28 14:45:00,22.23,22.23,22.21,22.21,212299,4717731.0
000818.SZ,2026-01-28 14:46:00,22.22,22.23,22.21,22.22,206101,4579004.0
000818.SZ,2026-01-28 14:47:00,22.21,22.22,22.19,22.19,372799,8277339.0
000818.SZ,2026-01-28 14:48:00,22.19,22.21,22.17,22.18,328800,7296451.0
000818.SZ,2026-01-28 14:49:00,22.18,22.2,22.17,22.2,359800,7981091.0
000818.SZ,2026-01-28 14:50:00,22.2,22.2,22.17,22.18,306600,6801258.0
000818.SZ,2026-01-28 14:51:00,22.18,22.2,22.18,22.19,255000,5658893.0
000818.SZ,2026-01-28 14:52:00,22.19,22.2,22.18,22.18,242000,5369251.0
000818.SZ,2026-01-28 14:53:00,22.17,22.18,22.16,22.17,483100,10710483.0
000818.SZ,2026-01-28 14:54:00,22.17,22.17,22.13,22.14,400500,8872021.0
000818.SZ,2026-01-28 14:55:00,22.14,22.16,22.13,22.14,475100,10518886.0
000818.SZ,2026-01-28 14:56:00,22.13,22.14,22.08,22.09,630000,13927680.0
000818.SZ,2026-01-28 14:57:00,22.09,22.09,22.04,22.05,623400,13757782.0
000818.SZ,2026-01-28 14:58:00,22.05,22.05,22.05,22.05,0,0.0
000818.SZ,2026-01-28 14:59:00,22.05,22.05,22.05,22.05,0,0.0
000818.SZ,2026-01-28 15:00:00,22.05,22.05,22.05,22.05,1097160,24192378.0
000818.SZ,2026-01-29 09:30:00,21.75,21.9,21.75,21.77,482688,10501255.0
000818.SZ,2026-01-29 09:31:00,21.81,22.1,21.72,21.91,1357379,29772378.0
000818.SZ,2026-01-29 09:32:00,21.88,21.88,21.7,21.85,835500,18188634.0
000818.SZ,2026-01-29 09:33:00,21.78,21.84,21.58,21.63,981721,21278574.0
000818.SZ,2026-01-29 09:34:00,21.64,21.76,21.64,21.74,395300,8580086.0
000818.SZ,2026-01-29 09:35:00,21.75,21.8,21.7,21.8,360083,7831610.0
000818.SZ,2026-01-29 09:36:00,21.8,21.89,21.78,21.82,340917,7441058.0
000818.SZ,2026-01-29 09:37:00,21.79,21.79,21.7,21.7,283900,6172231.0
000818.SZ,2026-01-29 09:38:00,21.7,21.99,21.7,21.98,329700,7198017.0
000818.SZ,2026-01-29 09:39:00,21.98,21.98,21.84,21.87,237300,5197825.0
000818.SZ,2026-01-29 09:40:00,21.88,22.08,21.88,22.07,471800,10377608.0
000818.SZ,2026-01-29 09:41:00,22.07,22.25,22.07,22.12,510700,11325330.0
000818.SZ,2026-01-29 09:42:00,22.1,22.14,22.07,22.13,263200,5816526.0
000818.SZ,2026-01-29 09:43:00,22.13,22.15,22.1,22.1,215400,4764217.0
000818.SZ,2026-01-29 09:44:00,22.18,22.18,22.09,22.1,272100,6023398.0
000818.SZ,2026-01-29 09:45:00,22.09,22.09,22.05,22.05,376400,8301070.0
000818.SZ,2026-01-29 09:46:00,22.05,22.12,22.02,22.12,186900,4122388.0
000818.SZ,2026-01-29 09:47:00,22.12,22.14,22.1,22.11,146600,3243379.0
000818.SZ,2026-01-29 09:48:00,22.11,22.11,22.04,22.04,96900,2138434.0
000818.SZ,2026-01-29 09:49:00,22.04,22.04,21.9,21.94,212100,4662517.0
000818.SZ,2026-01-29 09:50:00,21.96,22.0,21.96,21.97,168000,3690843.0
000818.SZ,2026-01-29 09:51:00,21.98,22.06,21.98,22.06,172000,3785738.0
000818.SZ,2026-01-29 09:52:00,22.08,22.13,22.06,22.1,213400,4713409.0
000818.SZ,2026-01-29 09:53:00,22.12,22.12,22.07,22.07,246400,5443620.0
000818.SZ,2026-01-29 09:54:00,22.06,22.08,22.04,22.07,292800,6459353.0
000818.SZ,2026-01-29 09:55:00,22.06,22.13,22.06,22.13,425500,9399313.0
000818.SZ,2026-01-29 09:56:00,22.13,22.13,22.09,22.09,115300,2548608.0
000818.SZ,2026-01-29 09:57:00,22.09,22.1,22.07,22.08,69500,1535241.0
000818.SZ,2026-01-29 09:58:00,22.08,22.14,22.08,22.13,168200,3718213.0
000818.SZ,2026-01-29 09:59:00,22.13,22.13,22.05,22.05,133100,2939771.0
000818.SZ,2026-01-29 10:00:00,22.07,22.09,22.05,22.08,136300,3007812.0
000818.SZ,2026-01-29 10:01:00,22.07,22.17,22.07,22.17,246812,5462241.5
000818.SZ,2026-01-29 10:02:00,22.17,22.18,22.15,22.16,117500,2603784.0
000818.SZ,2026-01-29 10:03:00,22.16,22.2,22.16,22.18,212800,4719024.0
000818.SZ,2026-01-29 10:04:00,22.18,22.2,22.18,22.19,127200,2823066.0
000818.SZ,2026-01-29 10:05:00,22.18,22.18,22.11,22.14,166500,3689521.0
000818.SZ,2026-01-29 10:06:00,22.13,22.13,22.09,22.1,276700,6116884.0
000818.SZ,2026-01-29 10:07:00,22.08,22.1,22.06,22.07,150900,3331501.0
000818.SZ,2026-01-29 10:08:00,22.07,22.08,22.05,22.07,99500,2195451.0
000818.SZ,2026-01-29 10:09:00,22.07,22.08,22.07,22.07,72600,1602678.0
000818.SZ,2026-01-29 10:10:00,22.08,22.1,22.07,22.09,76800,1695899.0
000818.SZ,2026-01-29 10:11:00,22.1,22.13,22.1,22.12,72100,1594070.0
000818.SZ,2026-01-29 10:12:00,22.12,22.16,22.12,22.16,60800,1345671.0
000818.SZ,2026-01-29 10:13:00,22.16,22.16,22.14,22.16,87100,1929403.0
000818.SZ,2026-01-29 10:14:00,22.16,22.17,22.12,22.13,58000,1283350.0
000818.SZ,2026-01-29 10:15:00,22.1,22.13,22.1,22.11,124200,2746773.0
000818.SZ,2026-01-29 10:16:00,22.11,22.16,22.11,22.16,195851,4333859.5
000818.SZ,2026-01-29 10:17:00,22.17,22.19,22.16,22.19,93600,2075937.0
000818.SZ,2026-01-29 10:18:00,22.17,22.17,22.13,22.13,87000,1927905.0
000818.SZ,2026-01-29 10:19:00,22.12,22.13,22.1,22.1,187849,4153132.0
000818.SZ,2026-01-29 10:20:00,22.08,22.11,22.04,22.06,203900,4498810.0
000818.SZ,2026-01-29 10:21:00,22.07,22.1,22.06,22.1,100400,2216133.0
000818.SZ,2026-01-29 10:22:00,22.1,22.1,22.08,22.09,49800,1100218.0
000818.SZ,2026-01-29 10:23:00,22.09,22.16,22.09,22.15,212951,4713077.0
000818.SZ,2026-01-29 10:24:00,22.15,22.15,22.1,22.11,118200,2616054.0
000818.SZ,2026-01-29 10:25:00,22.1,22.11,22.08,22.09,90449,1998910.4
000818.SZ,2026-01-29 10:26:00,22.1,22.19,22.1,22.18,226251,5010966.5
000818.SZ,2026-01-29 10:27:00,22.18,22.19,22.17,22.17,140400,3114567.0
000818.SZ,2026-01-29 10:28:00,22.17,22.17,22.14,22.15,57900,1282857.0
000818.SZ,2026-01-29 10:29:00,22.15,22.2,22.14,22.14,286500,6353478.0
000818.SZ,2026-01-29 10:30:00,22.13,22.13,22.06,22.06,110300,2437398.0
000818.SZ,2026-01-29 10:31:00,22.07,22.15,22.07,22.12,36300,801789.0
000818.SZ,2026-01-29 10:32:00,22.12,22.12,22.1,22.11,70800,1565448.0
000818.SZ,2026-01-29 10:33:00,22.11,22.11,22.08,22.08,33000,729342.0
000818.SZ,2026-01-29 10:34:00,22.08,22.1,22.05,22.05,115200,2542077.0
000818.SZ,2026-01-29 10:35:00,22.06,22.06,22.04,22.05,96800,2134199.0
000818.SZ,2026-01-29 10:36:00,22.04,22.04,22.02,22.02,93000,2048199.0
000818.SZ,2026-01-29 10:37:00,22.02,22.02,22.0,22.01,96800,2130541.0
000818.SZ,2026-01-29 10:38:00,22.01,22.01,21.99,22.01,161800,3559424.0
000818.SZ,2026-01-29 10:39:00,21.99,22.02,21.99,22.01,152500,3354394.0
000818.SZ,2026-01-29 10:40:00,22.02,22.05,22.02,22.04,51100,1126231.0
000818.SZ,2026-01-29 10:41:00,22.05,22.06,22.03,22.04,74700,1646780.0
000818.SZ,2026-01-29 10:42:00,22.03,22.09,22.03,22.09,89900,1982811.0
000818.SZ,2026-01-29 10:43:00,22.09,22.1,22.09,22.09,84200,1860379.0
000818.SZ,2026-01-29 10:44:00,22.09,22.17,22.09,22.11,193600,4283615.0
000818.SZ,2026-01-29 10:45:00,22.13,22.14,22.09,22.1,56400,1247569.0
000818.SZ,2026-01-29 10:46:00,22.1,22.13,22.09,22.13,66300,1466012.0
000818.SZ,2026-01-29 10:47:00,22.13,22.13,22.08,22.1,103000,2278851.0
000818.SZ,2026-01-29 10:48:00,22.12,22.13,22.1,22.13,37800,836094.0
000818.SZ,2026-01-29 10:49:00,22.11,22.13,22.1,22.12,49500,1094999.0
000818.SZ,2026-01-29 10:50:00,22.12,22.13,22.07,22.07,81600,1803411.0
000818.SZ,2026-01-29 10:51:00,22.08,22.08,22.05,22.07,133000,2933850.0
000818.SZ,2026-01-29 10:52:00,22.05,22.06,22.04,22.05,80100,1765883.0
000818.SZ,2026-01-29 10:53:00,22.05,22.05,22.01,22.01,67500,1487231.0
000818.SZ,2026-01-29 10:54:00,22.01,22.02,22.0,22.01,171500,3772978.0
000818.SZ,2026-01-29 10:55:00,22.01,22.01,21.99,21.99,148200,3259689.0
000818.SZ,2026-01-29 10:56:00,21.99,22.04,21.98,22.03,163900,3607163.0
000818.SZ,2026-01-29 10:57:00,22.02,22.06,22.02,22.04,71300,1571389.0
000818.SZ,2026-01-29 10:58:00,22.01,22.01,21.98,21.99,180900,3978865.0
000818.SZ,2026-01-29 10:59:00,21.99,21.99,21.96,21.96,193800,4255671.0
000818.SZ,2026-01-29 11:00:00,21.95,21.97,21.94,21.94,179400,3937160.0
000818.SZ,2026-01-29 11:01:00,21.96,21.99,21.96,21.99,130400,2865196.0
000818.SZ,2026-01-29 11:02:00,21.99,22.02,21.98,22.0,90600,1993000.0
000818.SZ,2026-01-29 11:03:00,22.0,22.0,21.98,21.99,78900,1734904.0
000818.SZ,2026-01-29 11:04:00,21.98,22.0,21.98,21.99,38800,853036.0
000818.SZ,2026-01-29 11:05:00,21.99,22.0,21.99,21.99,48200,1060158.0
000818.SZ,2026-01-29 11:06:00,21.98,21.99,21.96,21.96,74500,1637205.0
000818.SZ,2026-01-29 11:07:00,21.98,22.0,21.97,22.0,76600,1684432.0
000818.SZ,2026-01-29 11:08:00,21.99,22.0,21.96,21.96,56300,1237382.0
000818.SZ,2026-01-29 11:09:00,21.95,21.96,21.93,21.93,49300,1081816.0
000818.SZ,2026-01-29 11:10:00,21.92,21.93,21.91,21.92,69500,1523102.0
000818.SZ,2026-01-29 11:11:00,21.91,21.93,21.91,21.93,124900,2736395.0
000818.SZ,2026-01-29 11:12:00,21.91,21.95,21.91,21.94,42300,927574.0
000818.SZ,2026-01-29 11:13:00,21.94,21.95,21.93,21.94,97400,2137064.0
000818.SZ,2026-01-29 11:14:00,21.94,21.95,21.93,21.94,45500,998149.0
000818.SZ,2026-01-29 11:15:00,21.95,21.95,21.93,21.93,142600,3128257.0
000818.SZ,2026-01-29 11:16:00,21.95,21.99,21.93,21.97,70100,1539161.0
000818.SZ,2026-01-29 11:17:00,21.96,21.97,21.93,21.93,63500,1394005.0
000818.SZ,2026-01-29 11:18:00,21.93,21.94,21.92,21.92,42900,940850.0
000818.SZ,2026-01-29 11:19:00,21.92,21.95,21.91,21.95,142100,3114403.0
000818.SZ,2026-01-29 11:20:00,21.96,21.97,21.94,21.96,43000,943838.0
000818.SZ,2026-01-29 11:21:00,21.97,21.98,21.96,21.97,26700,586749.0
000818.SZ,2026-01-29 11:22:00,21.97,21.99,21.97,21.97,62300,1368995.0
000818.SZ,2026-01-29 11:23:00,21.97,21.98,21.96,21.96,19900,437134.0
000818.SZ,2026-01-29 11:24:00,21.97,21.98,21.94,21.94,42500,933369.0
000818.SZ,2026-01-29 11:25:00,21.94,21.94,21.91,21.91,28800,631648.0
000818.SZ,2026-01-29 11:26:00,21.91,21.91,21.88,21.88,194600,4260683.0
000818.SZ,2026-01-29 11:27:00,21.88,21.88,21.86,21.87,154400,3376189.0
000818.SZ,2026-01-29 11:28:00,21.87,21.87,21.85,21.86,166500,3639611.0
000818.SZ,2026-01-29 11:29:00,21.85,21.89,21.85,21.87,78800,1722617.0
000818.SZ,2026-01-29 11:30:00,21.87,21.88,21.85,21.85,64900,1418589.0
000818.SZ,2026-01-29 13:01:00,21.85,21.92,21.85,21.86,270500,5909313.0
000818.SZ,2026-01-29 13:02:00,21.86,21.86,21.77,21.77,200400,4371018.0
000818.SZ,2026-01-29 13:03:00,21.77,21.77,21.74,21.74,136400,2967027.0
000818.SZ,2026-01-29 13:04:00,21.75,21.77,21.73,21.77,73400,1596070.0
000818.SZ,2026-01-29 13:05:00,21.78,21.78,21.73,21.76,194800,4235999.0
000818.SZ,2026-01-29 13:06:00,21.76,21.8,21.76,21.8,151200,3289693.0
000818.SZ,2026-01-29 13:07:00,21.79,21.82,21.79,21.81,83800,1826919.0
000818.SZ,2026-01-29 13:08:00,21.79,21.81,21.79,21.81,151200,3296299.0
000818.SZ,2026-01-29 13:09:00,21.81,21.86,21.81,21.82,88900,1941039.0
000818.SZ,2026-01-29 13:10:00,21.83,21.83,21.82,21.83,38900,849108.0
000818.SZ,2026-01-29 13:11:00,21.83,21.84,21.83,21.84,31200,681304.0
000818.SZ,2026-01-29 13:12:00,21.82,21.83,21.81,21.81,73300,1599240.0
000818.SZ,2026-01-29 13:13:00,21.8,21.8,21.77,21.78,188600,4108594.0
000818.SZ,2026-01-29 13:14:00,21.77,21.78,21.75,21.77,48100,1047415.0
000818.SZ,2026-01-29 13:15:00,21.78,21.78,21.76,21.76,90400,1968097.0
000818.SZ,2026-01-29 13:16:00,21.77,21.83,21.76,21.81,93700,2042667.0
000818.SZ,2026-01-29 13:17:00,21.81,21.82,21.81,21.81,33400,728512.0
000818.SZ,2026-01-29 13:18:00,21.8,21.8,21.79,21.8,37900,826071.0
000818.SZ,2026-01-29 13:19:00,21.79,21.8,21.78,21.79,67900,1479216.0
000818.SZ,2026-01-29 13:20:00,21.78,21.79,21.78,21.78,31300,681798.0
000818.SZ,2026-01-29 13:21:00,21.78,21.8,21.78,21.78,53400,1163395.0
000818.SZ,2026-01-29 13:22:00,21.78,21.8,21.78,21.78,54400,1185151.0
000818.SZ,2026-01-29 13:23:00,21.79,21.8,21.78,21.8,24600,535886.0
000818.SZ,2026-01-29 13:24:00,21.79,21.8,21.76,21.77,98400,2142358.0
000818.SZ,2026-01-29 13:25:00,21.77,21.77,21.73,21.74,111000,2413867.0
000818.SZ,2026-01-29 13:26:00,21.73,21.74,21.7,21.71,160000,3475283.0
000818.SZ,2026-01-29 13:27:00,21.72,21.73,21.71,21.71,96200,2089046.0
000818.SZ,2026-01-29 13:28:00,21.72,21.73,21.7,21.71,197500,4286778.0
000818.SZ,2026-01-29 13:29:00,21.73,21.73,21.7,21.7,55300,1200312.0
000818.SZ,2026-01-29 13:30:00,21.7,21.7,21.65,21.65,187000,4052604.0
000818.SZ,2026-01-29 13:31:00,21.64,21.66,21.64,21.65,168700,3652503.0
000818.SZ,2026-01-29 13:32:00,21.66,21.67,21.65,21.66,102800,2226746.0
000818.SZ,2026-01-29 13:33:00,21.65,21.68,21.65,21.67,110800,2400019.0
000818.SZ,2026-01-29 13:34:00,21.66,21.66,21.64,21.65,207900,4499810.0
000818.SZ,2026-01-29 13:35:00,21.65,21.67,21.64,21.64,131400,2845601.0
000818.SZ,2026-01-29 13:36:00,21.62,21.63,21.61,21.61,206100,4455104.0
000818.SZ,2026-01-29 13:37:00,21.65,21.66,21.64,21.66,190200,4116029.0
000818.SZ,2026-01-29 13:38:00,21.66,21.67,21.65,21.67,86400,1871115.0
000818.SZ,2026-01-29 13:39:00,21.66,21.67,21.65,21.66,46500,1007200.0
000818.SZ,2026-01-29 13:40:00,21.66,21.67,21.65,21.67,32324,700152.6
000818.SZ,2026-01-29 13:41:00,21.66,21.7,21.66,21.7,121700,2637584.0
000818.SZ,2026-01-29 13:42:00,21.68,21.68,21.64,21.66,168700,3653313.8
000818.SZ,2026-01-29 13:43:00,21.65,21.66,21.64,21.64,56700,1227395.0
000818.SZ,2026-01-29 13:44:00,21.65,21.67,21.64,21.65,88700,1920700.0
000818.SZ,2026-01-29 13:45:00,21.64,21.65,21.63,21.64,58876,1274165.6
000818.SZ,2026-01-29 13:46:00,21.64,21.64,21.61,21.61,157800,3411494.0
000818.SZ,2026-01-29 13:47:00,21.61,21.63,21.61,21.62,71400,1543159.0
000818.SZ,2026-01-29 13:48:00,21.62,21.62,21.58,21.58,420000,9070834.0
000818.SZ,2026-01-29 13:49:00,21.57,21.58,21.55,21.55,194800,4200378.0
000818.SZ,2026-01-29 13:50:00,21.55,21.58,21.54,21.56,96300,2076295.8
000818.SZ,2026-01-29 13:51:00,21.56,21.56,21.55,21.56,99400,2142377.8
000818.SZ,2026-01-29 13:52:00,21.55,21.57,21.54,21.56,113800,2452703.8
000818.SZ,2026-01-29 13:53:00,21.56,21.57,21.56,21.57,51200,1104144.0
000818.SZ,2026-01-29 13:54:00,21.56,21.57,21.55,21.56,79300,1709326.0
000818.SZ,2026-01-29 13:55:00,21.55,21.58,21.55,21.57,155231,3346749.2
000818.SZ,2026-01-29 13:56:00,21.58,21.58,21.54,21.54,69169,1491106.6
000818.SZ,2026-01-29 13:57:00,21.55,21.55,21.53,21.53,77600,1671467.0
000818.SZ,2026-01-29 13:58:00,21.53,21.53,21.5,21.51,195700,4210074.0
000818.SZ,2026-01-29 13:59:00,21.52,21.54,21.51,21.51,93200,2005462.0
000818.SZ,2026-01-29 14:00:00,21.51,21.54,21.51,21.53,97548,2099862.5
000818.SZ,2026-01-29 14:01:00,21.53,21.53,21.5,21.51,125952,2709030.5
000818.SZ,2026-01-29 14:02:00,21.51,21.57,21.51,21.56,121731,2622550.0
000818.SZ,2026-01-29 14:03:00,21.57,21.57,21.54,21.54,222600,4799544.0
000818.SZ,2026-01-29 14:04:00,21.55,21.56,21.54,21.55,42500,915782.0
000818.SZ,2026-01-29 14:05:00,21.56,21.58,21.56,21.57,55176,1190143.5
000818.SZ,2026-01-29 14:06:00,21.56,21.56,21.54,21.55,106392,2292327.5
000818.SZ,2026-01-29 14:07:00,21.54,21.55,21.53,21.55,51200,1102811.0
000818.SZ,2026-01-29 14:08:00,21.55,21.56,21.53,21.53,56900,1226024.0
000818.SZ,2026-01-29 14:09:00,21.52,21.52,21.51,21.51,172732,3717064.0
000818.SZ,2026-01-29 14:10:00,21.5,21.52,21.5,21.52,226400,4868296.0
000818.SZ,2026-01-29 14:11:00,21.52,21.52,21.49,21.5,105100,2259892.0
000818.SZ,2026-01-29 14:12:00,21.5,21.5,21.4,21.43,580800,12443374.0
000818.SZ,2026-01-29 14:13:00,21.43,21.45,21.39,21.41,272900,5845671.0
000818.SZ,2026-01-29 14:14:00,21.4,21.44,21.4,21.44,118100,2530854.0
000818.SZ,2026-01-29 14:15:00,21.44,21.44,21.4,21.4,74800,1602191.0
000818.SZ,2026-01-29 14:16:00,21.4,21.42,21.4,21.42,143800,3078554.0
000818.SZ,2026-01-29 14:17:00,21.44,21.46,21.43,21.44,101800,2182963.0
000818.SZ,2026-01-29 14:18:00,21.46,21.48,21.46,21.46,38000,815824.0
000818.SZ,2026-01-29 14:19:00,21.48,21.55,21.48,21.54,109394,2352497.0
000818.SZ,2026-01-29 14:20:00,21.55,21.56,21.54,21.54,92700,1997658.0
000818.SZ,2026-01-29 14:21:00,21.55,21.56,21.52,21.52,54600,1176520.0
000818.SZ,2026-01-29 14:22:00,21.52,21.56,21.52,21.56,107100,2307871.0
000818.SZ,2026-01-29 14:23:00,21.54,21.55,21.53,21.55,67700,1458479.0
000818.SZ,2026-01-29 14:24:00,21.53,21.53,21.52,21.53,45700,983969.0
000818.SZ,2026-01-29 14:25:00,21.54,21.59,21.54,21.58,76800,1656080.0
000818.SZ,2026-01-29 14:26:00,21.58,21.61,21.57,21.61,104900,2265257.0
000818.SZ,2026-01-29 14:27:00,21.61,21.64,21.61,21.63,63700,1377500.0
000818.SZ,2026-01-29 14:28:00,21.62,21.65,21.62,21.65,139200,3012303.0
000818.SZ,2026-01-29 14:29:00,21.64,21.65,21.62,21.63,77500,1676298.0
000818.SZ,2026-01-29 14:30:00,21.63,21.64,21.6,21.61,152200,3287626.0
000818.SZ,2026-01-29 14:31:00,21.59,21.62,21.56,21.6,51200,1105365.0
000818.SZ,2026-01-29 14:32:00,21.6,21.63,21.58,21.63,72300,1562595.0
000818.SZ,2026-01-29 14:33:00,21.63,21.63,21.57,21.58,76100,1644030.0
000818.SZ,2026-01-29 14:34:00,21.58,21.58,21.57,21.57,33100,714177.0
000818.SZ,2026-01-29 14:35:00,21.58,21.59,21.56,21.59,46000,992304.0
000818.SZ,2026-01-29 14:36:00,21.59,21.59,21.56,21.59,63700,1374199.0
000818.SZ,2026-01-29 14:37:00,21.58,21.58,21.56,21.56,53400,1151783.0
000818.SZ,2026-01-29 14:38:00,21.56,21.57,21.55,21.55,44900,967888.0
000818.SZ,2026-01-29 14:39:00,21.55,21.57,21.54,21.54,74600,1607580.0
000818.SZ,2026-01-29 14:40:00,21.53,21.55,21.53,21.53,73700,1587555.0
000818.SZ,2026-01-29 14:41:00,21.53,21.57,21.53,21.55,108300,2333556.0
000818.SZ,2026-01-29 14:42:00,21.55,21.57,21.53,21.53,142300,3066903.0
000818.SZ,2026-01-29 14:43:00,21.55,21.56,21.54,21.54,69100,1488779.0
000818.SZ,2026-01-29 14:44:00,21.54,21.55,21.53,21.55,125500,2703576.0
000818.SZ,2026-01-29 14:45:00,21.55,21.6,21.55,21.6,175000,3775536.0
000818.SZ,2026-01-29 14:46:00,21.58,21.6,21.57,21.58,79500,1716158.0
000818.SZ,2026-01-29 14:47:00,21.59,21.6,21.58,21.58,110800,2391847.0
000818.SZ,2026-01-29 14:48:00,21.58,21.58,21.53,21.54,91700,1975873.0
000818.SZ,2026-01-29 14:49:00,21.54,21.54,21.49,21.51,171200,3681348.0
000818.SZ,2026-01-29 14:50:00,21.5,21.53,21.5,21.5,95000,2043296.0
000818.SZ,2026-01-29 14:51:00,21.5,21.53,21.49,21.53,155100,3337181.0
000818.SZ,2026-01-29 14:52:00,21.52,21.52,21.5,21.51,186300,4007489.0
000818.SZ,2026-01-29 14:53:00,21.52,21.52,21.51,21.51,121410,2612139.0
000818.SZ,2026-01-29 14:54:00,21.52,21.53,21.5,21.5,173000,3721555.0
000818.SZ,2026-01-29 14:55:00,21.5,21.51,21.49,21.49,172200,3702245.0
000818.SZ,2026-01-29 14:56:00,21.49,21.5,21.47,21.49,272200,5848899.0
000818.SZ,2026-01-29 14:57:00,21.48,21.49,21.47,21.48,226800,4871985.0
000818.SZ,2026-01-29 14:58:00,21.48,21.48,21.48,21.48,0,0.0
000818.SZ,2026-01-29 14:59:00,21.48,21.48,21.48,21.48,0,0.0
000818.SZ,2026-01-29 15:00:00,21.47,21.47,21.47,21.47,234700,5039009.0
000818.SZ,2026-01-30 09:30:00,21.32,21.35,21.3,21.33,107500,2292212.0
000818.SZ,2026-01-30 09:31:00,21.32,21.5,21.28,21.45,462500,9904560.0
000818.SZ,2026-01-30 09:32:00,21.49,21.66,21.49,21.62,285900,6172443.0
000818.SZ,2026-01-30 09:33:00,21.58,21.6,21.51,21.53,233600,5033432.0
000818.SZ,2026-01-30 09:34:00,21.53,21.61,21.52,21.54,244300,5266500.0
000818.SZ,2026-01-30 09:35:00,21.52,21.55,21.5,21.51,223200,4802488.0
000818.SZ,2026-01-30 09:36:00,21.5,21.5,21.38,21.39,225000,4819093.0
000818.SZ,2026-01-30 09:37:00,21.4,21.59,21.39,21.59,314188,6734706.0
000818.SZ,2026-01-30 09:38:00,21.61,21.64,21.54,21.58,305400,6598918.0
000818.SZ,2026-01-30 09:39:00,21.6,21.7,21.56,21.7,453900,9816843.0
000818.SZ,2026-01-30 09:40:00,21.69,21.84,21.69,21.7,572524,12463934.0
000818.SZ,2026-01-30 09:41:00,21.66,21.68,21.64,21.64,215900,4675458.0
000818.SZ,2026-01-30 09:42:00,21.66,21.69,21.64,21.65,146500,3174902.0
000818.SZ,2026-01-30 09:43:00,21.69,21.73,21.65,21.66,274200,5946564.0
000818.SZ,2026-01-30 09:44:00,21.65,21.68,21.55,21.57,137000,2960234.0
000818.SZ,2026-01-30 09:45:00,21.56,21.67,21.56,21.62,150300,3251002.0
000818.SZ,2026-01-30 09:46:00,21.62,21.62,21.56,21.56,132900,2868535.0
000818.SZ,2026-01-30 09:47:00,21.54,21.54,21.47,21.47,213600,4591558.0
000818.SZ,2026-01-30 09:48:00,21.46,21.53,21.46,21.52,147500,3171570.0
000818.SZ,2026-01-30 09:49:00,21.52,21.58,21.51,21.58,169600,3652653.0
000818.SZ,2026-01-30 09:50:00,21.58,21.62,21.55,21.58,108100,2334326.0
000818.SZ,2026-01-30 09:51:00,21.58,21.58,21.52,21.55,138700,2986702.0
000818.SZ,2026-01-30 09:52:00,21.51,21.53,21.48,21.49,153100,3292203.0
000818.SZ,2026-01-30 09:53:00,21.47,21.52,21.46,21.52,74900,1609498.0
000818.SZ,2026-01-30 09:54:00,21.5,21.54,21.47,21.48,64500,1385913.0
000818.SZ,2026-01-30 09:55:00,21.48,21.48,21.47,21.47,61320,1316877.4
000818.SZ,2026-01-30 09:56:00,21.48,21.49,21.46,21.47,94400,2027057.0
000818.SZ,2026-01-30 09:57:00,21.48,21.5,21.46,21.48,112400,2414355.0
000818.SZ,2026-01-30 09:58:00,21.48,21.5,21.38,21.39,189500,4059750.0
000818.SZ,2026-01-30 09:59:00,21.39,21.4,21.38,21.39,71800,1535629.0
000818.SZ,2026-01-30 10:00:00,21.38,21.4,21.37,21.38,81400,1740318.0
000818.SZ,2026-01-30 10:01:00,21.37,21.38,21.32,21.32,141200,3015325.0
000818.SZ,2026-01-30 10:02:00,21.33,21.36,21.3,21.36,154739,3298457.5
000818.SZ,2026-01-30 10:03:00,21.35,21.39,21.31,21.31,111800,2386057.0
000818.SZ,2026-01-30 10:04:00,21.31,21.33,21.3,21.33,251900,5367551.0
000818.SZ,2026-01-30 10:05:00,21.33,21.35,21.32,21.33,76000,1621438.0
000818.SZ,2026-01-30 10:06:00,21.34,21.44,21.34,21.38,177600,3797971.0
000818.SZ,2026-01-30 10:07:00,21.36,21.4,21.36,21.4,48300,1032772.0
000818.SZ,2026-01-30 10:08:00,21.4,21.48,21.38,21.48,91600,1962034.0
000818.SZ,2026-01-30 10:09:00,21.47,21.51,21.47,21.5,93500,2009340.0
000818.SZ,2026-01-30 10:10:00,21.49,21.49,21.45,21.46,29900,641712.0
000818.SZ,2026-01-30 10:11:00,21.46,21.46,21.44,21.45,75600,1621772.0
000818.SZ,2026-01-30 10:12:00,21.46,21.63,21.46,21.52,322000,6938498.0
000818.SZ,2026-01-30 10:13:00,21.56,21.56,21.5,21.5,160300,3452561.0
000818.SZ,2026-01-30 10:14:00,21.5,21.5,21.44,21.45,51100,1097318.0
000818.SZ,2026-01-30 10:15:00,21.45,21.46,21.41,21.41,159500,3422722.0
000818.SZ,2026-01-30 10:16:00,21.41,21.44,21.4,21.43,102600,2198041.0
000818.SZ,2026-01-30 10:17:00,21.42,21.43,21.41,21.41,98500,2109529.0
000818.SZ,2026-01-30 10:18:00,21.41,21.44,21.39,21.39,146500,3139044.0
000818.SZ,2026-01-30 10:19:00,21.39,21.4,21.36,21.36,36700,784825.0
000818.SZ,2026-01-30 10:20:00,21.36,21.44,21.34,21.38,226400,4842884.0
000818.SZ,2026-01-30 10:21:00,21.39,21.42,21.38,21.39,83300,1782784.4
000818.SZ,2026-01-30 10:22:00,21.37,21.37,21.34,21.34,62900,1343496.0
000818.SZ,2026-01-30 10:23:00,21.34,21.34,21.32,21.32,97500,2079806.0
000818.SZ,2026-01-30 10:24:00,21.33,21.35,21.32,21.34,77200,1647264.0
000818.SZ,2026-01-30 10:25:00,21.34,21.38,21.34,21.36,87761,1874917.4
000818.SZ,2026-01-30 10:26:00,21.35,21.39,21.35,21.39,61500,1314211.0
000818.SZ,2026-01-30 10:27:00,21.38,21.4,21.36,21.36,100000,2138476.0
000818.SZ,2026-01-30 10:28:00,21.36,21.36,21.32,21.32,99000,2112329.0
000818.SZ,2026-01-30 10:29:00,21.33,21.35,21.33,21.33,26100,556966.0
000818.SZ,2026-01-30 10:30:00,21.33,21.34,21.31,21.31,141000,3005927.0
000818.SZ,2026-01-30 10:31:00,21.3,21.34,21.28,21.32,246400,5249823.0
000818.SZ,2026-01-30 10:32:00,21.32,21.33,21.28,21.28,114500,2439199.0
000818.SZ,2026-01-30 10:33:00,21.29,21.29,21.23,21.24,173500,3688998.0
000818.SZ,2026-01-30 10:34:00,21.23,21.23,21.16,21.18,151300,3207573.0
000818.SZ,2026-01-30 10:35:00,21.18,21.18,21.13,21.14,281600,5958796.0
000818.SZ,2026-01-30 10:36:00,21.14,21.22,21.13,21.22,159700,3379810.0
000818.SZ,2026-01-30 10:37:00,21.21,21.29,21.21,21.29,216700,4601181.0
000818.SZ,2026-01-30 10:38:00,21.29,21.33,21.26,21.33,118468,2523956.8
000818.SZ,2026-01-30 10:39:00,21.33,21.38,21.31,21.34,81800,1745330.0
000818.SZ,2026-01-30 10:40:00,21.35,21.47,21.35,21.4,145400,3117282.0
000818.SZ,2026-01-30 10:41:00,21.38,21.41,21.36,21.4,41800,894396.0
000818.SZ,2026-01-30 10:42:00,21.39,21.46,21.39,21.45,151700,3251652.0
000818.SZ,2026-01-30 10:43:00,21.46,21.46,21.4,21.42,34400,736721.0
000818.SZ,2026-01-30 10:44:00,21.43,21.43,21.42,21.42,51100,1094682.0
000818.SZ,2026-01-30 10:45:00,21.42,21.42,21.37,21.39,64200,1373763.0
000818.SZ,2026-01-30 10:46:00,21.39,21.4,21.37,21.4,53500,1143871.0
000818.SZ,2026-01-30 10:47:00,21.39,21.39,21.35,21.36,32900,702647.0
000818.SZ,2026-01-30 10:48:00,21.3,21.36,21.3,21.35,136200,2906900.0
000818.SZ,2026-01-30 10:49:00,21.35,21.35,21.3,21.3,31900,680614.0
000818.SZ,2026-01-30 10:50:00,21.31,21.33,21.3,21.33,27300,581811.0
000818.SZ,2026-01-30 10:51:00,21.34,21.34,21.29,21.29,57100,1217320.0
000818.SZ,2026-01-30 10:52:00,21.29,21.37,21.29,21.35,80200,1712262.0
000818.SZ,2026-01-30 10:53:00,21.33,21.36,21.32,21.35,36700,782842.0
000818.SZ,2026-01-30 10:54:00,21.33,21.34,21.32,21.33,26400,563079.0
000818.SZ,2026-01-30 10:55:00,21.33,21.33,21.31,21.31,21700,462689.0
000818.SZ,2026-01-30 10:56:00,21.31,21.32,21.29,21.29,37800,805338.0
000818.SZ,2026-01-30 10:57:00,21.26,21.28,21.25,21.25,53100,1129161.0
000818.SZ,2026-01-30 10:58:00,21.28,21.31,21.27,21.3,194600,4139598.0
000818.SZ,2026-01-30 10:59:00,21.3,21.43,21.3,21.4,258300,5521989.0
000818.SZ,2026-01-30 11:00:00,21.39,21.56,21.39,21.54,264400,5678585.0
000818.SZ,2026-01-30 11:01:00,21.53,21.53,21.45,21.47,49000,1052682.0
000818.SZ,2026-01-30 11:02:00,21.47,21.48,21.44,21.45,62000,1330865.0
000818.SZ,2026-01-30 11:03:00,21.45,21.56,21.45,21.56,188600,4057345.0
000818.SZ,2026-01-30 11:04:00,21.53,21.54,21.46,21.47,72500,1560412.0
000818.SZ,2026-01-30 11:05:00,21.46,21.46,21.4,21.41,78600,1684147.0
000818.SZ,2026-01-30 11:06:00,21.41,21.41,21.39,21.41,33900,725420.0
000818.SZ,2026-01-30 11:07:00,21.41,21.43,21.41,21.41,34200,732449.0
000818.SZ,2026-01-30 11:08:00,21.41,21.43,21.4,21.41,42900,918816.0
000818.SZ,2026-01-30 11:09:00,21.42,21.47,21.42,21.45,55900,1199024.0
000818.SZ,2026-01-30 11:10:00,21.45,21.45,21.42,21.42,9100,195035.0
000818.SZ,2026-01-30 11:11:00,21.42,21.42,21.4,21.41,42100,901231.0
000818.SZ,2026-01-30 11:12:00,21.4,21.41,21.36,21.37,63600,1360690.0
000818.SZ,2026-01-30 11:13:00,21.36,21.38,21.35,21.37,21700,463535.0
000818.SZ,2026-01-30 11:14:00,21.38,21.47,21.38,21.43,41900,898099.0
000818.SZ,2026-01-30 11:15:00,21.43,21.45,21.43,21.45,13700,293776.0
000818.SZ,2026-01-30 11:16:00,21.45,21.45,21.44,21.44,11600,248798.0
000818.SZ,2026-01-30 11:17:00,21.46,21.47,21.44,21.44,33900,727128.0
000818.SZ,2026-01-30 11:18:00,21.43,21.44,21.38,21.39,37800,809127.0
000818.SZ,2026-01-30 11:19:00,21.39,21.4,21.37,21.37,26900,575278.0
000818.SZ,2026-01-30 11:20:00,21.37,21.38,21.36,21.36,24100,514926.0
000818.SZ,2026-01-30 11:21:00,21.35,21.35,21.32,21.34,30900,659159.0
000818.SZ,2026-01-30 11:22:00,21.34,21.4,21.34,21.4,55000,1175196.0
000818.SZ,2026-01-30 11:23:00,21.42,21.43,21.38,21.42,15500,332009.0
000818.SZ,2026-01-30 11:24:00,21.43,21.47,21.42,21.42,21100,452141.0
000818.SZ,2026-01-30 11:25:00,21.42,21.44,21.42,21.42,16500,353492.0
000818.SZ,2026-01-30 11:26:00,21.42,21.42,21.38,21.38,29700,634918.0
000818.SZ,2026-01-30 11:27:00,21.38,21.39,21.36,21.39,20700,442462.0
000818.SZ,2026-01-30 11:28:00,21.39,21.49,21.39,21.47,81100,1740077.0
000818.SZ,2026-01-30 11:29:00,21.45,21.51,21.44,21.47,51667,1110462.5
000818.SZ,2026-01-30 11:30:00,21.47,21.5,21.47,21.5,44700,960540.0
000818.SZ,2026-01-30 13:01:00,21.5,21.51,21.42,21.47,113400,2434634.2
000818.SZ,2026-01-30 13:02:00,21.48,21.49,21.46,21.47,21300,457334.0
000818.SZ,2026-01-30 13:03:00,21.46,21.58,21.46,21.58,150300,3237660.0
000818.SZ,2026-01-30 13:04:00,21.59,21.75,21.59,21.75,614100,13300740.0
000818.SZ,2026-01-30 13:05:00,21.76,21.8,21.72,21.79,701600,15277274.0
000818.SZ,2026-01-30 13:06:00,21.79,21.81,21.73,21.78,339500,7396400.0
000818.SZ,2026-01-30 13:07:00,21.75,22.06,21.75,22.04,1338500,29355016.0
000818.SZ,2026-01-30 13:08:00,22.01,22.2,21.98,21.98,907200,20039546.0
000818.SZ,2026-01-30 13:09:00,21.94,21.94,21.85,21.89,179100,3921304.0
000818.SZ,2026-01-30 13:10:00,21.9,21.98,21.88,21.98,163800,3591720.0
000818.SZ,2026-01-30 13:11:00,21.96,21.96,21.9,21.9,239800,5259088.0
000818.SZ,2026-01-30 13:12:00,21.9,21.9,21.85,21.85,256000,5601718.0
000818.SZ,2026-01-30 13:13:00,21.87,21.99,21.86,21.93,282100,6187394.0
000818.SZ,2026-01-30 13:14:00,21.91,21.96,21.91,21.95,146000,3202382.0
000818.SZ,2026-01-30 13:15:00,21.94,21.94,21.92,21.92,88900,1949188.0
000818.SZ,2026-01-30 13:16:00,21.9,21.9,21.87,21.88,105100,2299794.0
000818.SZ,2026-01-30 13:17:00,21.88,21.91,21.87,21.87,70900,1552201.0
000818.SZ,2026-01-30 13:18:00,21.87,22.03,21.86,22.0,568200,12480249.0
000818.SZ,2026-01-30 13:19:00,21.97,21.97,21.91,21.93,157000,3447224.0
000818.SZ,2026-01-30 13:20:00,21.97,22.11,21.96,22.11,531000,11706975.0
000818.SZ,2026-01-30 13:21:00,22.11,22.11,22.01,22.04,80700,1780557.0
000818.SZ,2026-01-30 13:22:00,22.03,22.07,22.03,22.07,131200,2892476.0
000818.SZ,2026-01-30 13:23:00,22.07,22.11,22.05,22.05,273700,6045202.0
000818.SZ,2026-01-30 13:24:00,22.04,22.07,22.02,22.02,148100,3265429.0
000818.SZ,2026-01-30 13:25:00,22.02,22.04,22.01,22.02,109700,2415620.0
000818.SZ,2026-01-30 13:26:00,22.02,22.02,21.97,22.0,65500,1440674.0
000818.SZ,2026-01-30 13:27:00,22.02,22.02,21.99,21.99,55100,1211897.0
000818.SZ,2026-01-30 13:28:00,21.98,21.99,21.96,21.99,52400,1151127.0
000818.SZ,2026-01-30 13:29:00,21.99,22.06,21.96,22.05,108600,2391075.0
000818.SZ,2026-01-30 13:30:00,22.04,22.04,22.0,22.0,82900,1824563.0
000818.SZ,2026-01-30 13:31:00,22.0,22.03,22.0,22.02,103400,2275059.0
000818.SZ,2026-01-30 13:32:00,22.02,22.02,21.96,21.96,48700,1071185.0
000818.SZ,2026-01-30 13:33:00,21.97,21.99,21.96,21.96,64000,1406218.0
000818.SZ,2026-01-30 13:34:00,21.96,21.96,21.89,21.89,141800,3108521.0
000818.SZ,2026-01-30 13:35:00,21.89,21.91,21.89,21.9,64200,1406466.0
000818.SZ,2026-01-30 13:36:00,21.9,21.93,21.9,21.91,43400,951513.0
000818.SZ,2026-01-30 13:37:00,21.91,21.93,21.91,21.92,34600,758416.0
000818.SZ,2026-01-30 13:38:00,21.93,21.97,21.93,21.97,31100,682807.0
000818.SZ,2026-01-30 13:39:00,21.97,21.97,21.95,21.96,87600,1923343.0
000818.SZ,2026-01-30 13:40:00,21.96,21.96,21.91,21.95,43300,949580.0
000818.SZ,2026-01-30 13:41:00,21.95,21.95,21.92,21.92,21200,464937.0
000818.SZ,2026-01-30 13:42:00,21.93,21.95,21.92,21.94,27300,598857.0
000818.SZ,2026-01-30 13:43:00,21.94,21.95,21.89,21.9,107600,2357209.0
000818.SZ,2026-01-30 13:44:00,21.9,21.95,21.9,21.94,144800,3171419.0
000818.SZ,2026-01-30 13:45:00,21.94,21.95,21.93,21.94,28300,620937.0
000818.SZ,2026-01-30 13:46:00,21.95,21.95,21.92,21.92,25100,550412.0
000818.SZ,2026-01-30 13:47:00,21.92,21.92,21.91,21.91,12300,269568.0
000818.SZ,2026-01-30 13:48:00,21.91,21.91,21.9,21.91,32100,703110.0
000818.SZ,2026-01-30 13:49:00,21.91,21.91,21.9,21.9,41200,902422.0
000818.SZ,2026-01-30 13:50:00,21.9,22.05,21.9,22.05,349700,7689888.5
000818.SZ,2026-01-30 13:51:00,22.05,22.09,22.01,22.09,237100,5230046.0
000818.SZ,2026-01-30 13:52:00,22.09,22.09,22.03,22.04,54300,1197777.0
000818.SZ,2026-01-30 13:53:00,22.03,22.04,22.03,22.04,45700,1006765.0
000818.SZ,2026-01-30 13:54:00,22.02,22.03,22.0,22.02,42100,927344.0
000818.SZ,2026-01-30 13:55:00,22.01,22.05,22.01,22.04,107700,2372928.0
000818.SZ,2026-01-30 13:56:00,22.04,22.06,22.03,22.04,46800,1031504.0
000818.SZ,2026-01-30 13:57:00,22.06,22.09,22.05,22.06,138700,3060803.0
000818.SZ,2026-01-30 13:58:00,22.07,22.07,22.03,22.03,35100,774360.0
000818.SZ,2026-01-30 13:59:00,22.04,22.04,21.99,21.99,49800,1096068.0
000818.SZ,2026-01-30 14:00:00,21.99,22.0,21.99,21.99,22900,503635.0
000818.SZ,2026-01-30 14:01:00,21.99,21.99,21.96,21.97,51500,1131663.0
000818.SZ,2026-01-30 14:02:00,21.96,21.98,21.96,21.97,25600,562469.0
000818.SZ,2026-01-30 14:03:00,21.96,22.01,21.96,22.0,47000,1033636.0
000818.SZ,2026-01-30 14:04:00,22.01,22.02,22.0,22.0,68400,1505196.0
000818.SZ,2026-01-30 14:05:00,22.0,22.03,22.0,22.02,30700,675775.0
000818.SZ,2026-01-30 14:06:00,22.03,22.07,22.03,22.07,90200,1988524.0
000818.SZ,2026-01-30 14:07:00,22.07,22.07,22.03,22.04,45500,1003224.0
000818.SZ,2026-01-30 14:08:00,22.04,22.09,22.03,22.08,179200,3953265.0
000818.SZ,2026-01-30 14:09:00,22.07,22.07,22.04,22.04,63600,1402609.0
000818.SZ,2026-01-30 14:10:00,22.04,22.06,22.03,22.06,56700,1249978.0
000818.SZ,2026-01-30 14:11:00,22.06,22.06,22.03,22.03,68500,1510076.0
000818.SZ,2026-01-30 14:12:00,22.04,22.04,22.02,22.02,17200,378953.0
000818.SZ,2026-01-30 14:13:00,22.03,22.04,22.02,22.03,37400,823966.0
000818.SZ,2026-01-30 14:14:00,22.02,22.05,22.02,22.05,95800,2111086.0
000818.SZ,2026-01-30 14:15:00,22.05,22.07,22.05,22.07,134300,2961700.0
000818.SZ,2026-01-30 14:16:00,22.06,22.06,22.03,22.03,42900,945372.0
000818.SZ,2026-01-30 14:17:00,22.03,22.03,22.01,22.01,96600,2127185.0
000818.SZ,2026-01-30 14:18:00,22.03,22.03,22.01,22.01,35100,772710.0
000818.SZ,2026-01-30 14:19:00,22.02,22.02,21.97,21.97,69600,1531186.0
000818.SZ,2026-01-30 14:20:00,21.97,22.03,21.96,22.01,139600,3071363.0
000818.SZ,2026-01-30 14:21:00,21.99,22.15,21.99,22.14,726700,16060304.0
000818.SZ,2026-01-30 14:22:00,22.14,22.14,22.04,22.07,183100,4045820.0
000818.SZ,2026-01-30 14:23:00,22.06,22.08,22.03,22.05,60400,1332402.0
000818.SZ,2026-01-30 14:24:00,22.03,22.05,22.02,22.05,59500,1311381.0
000818.SZ,2026-01-30 14:25:00,22.05,22.08,22.05,22.08,108100,2385550.0
000818.SZ,2026-01-30 14:26:00,22.08,22.09,22.06,22.07,105000,2318076.0
000818.SZ,2026-01-30 14:27:00,22.07,22.07,22.01,22.02,183600,4046331.0
000818.SZ,2026-01-30 14:28:00,22.03,22.03,22.0,22.0,73700,1621924.0
000818.SZ,2026-01-30 14:29:00,22.0,22.03,22.0,22.02,47500,1045698.0
000818.SZ,2026-01-30 14:30:00,22.02,22.07,22.02,22.04,111100,2449078.0
000818.SZ,2026-01-30 14:31:00,22.04,22.05,22.04,22.05,45200,996330.0
000818.SZ,2026-01-30 14:32:00,22.05,22.05,21.98,21.98,268700,5913706.0
000818.SZ,2026-01-30 14:33:00,21.99,22.0,21.99,21.99,48500,1066596.0
000818.SZ,2026-01-30 14:34:00,21.99,21.99,21.96,21.98,104300,2291750.0
000818.SZ,2026-01-30 14:35:00,21.97,21.99,21.97,21.99,81700,1797061.0
000818.SZ,2026-01-30 14:36:00,22.0,22.01,21.98,21.99,108000,2374048.0
000818.SZ,2026-01-30 14:37:00,21.99,21.99,21.96,21.98,49700,1092136.0
000818.SZ,2026-01-30 14:38:00,21.97,21.98,21.96,21.97,42300,929258.0
000818.SZ,2026-01-30 14:39:00,21.97,21.97,21.94,21.94,62900,1381009.0
000818.SZ,2026-01-30 14:40:00,21.94,21.98,21.94,21.96,93500,2053297.0
000818.SZ,2026-01-30 14:41:00,21.97,22.02,21.96,22.0,225400,4955443.0
000818.SZ,2026-01-30 14:42:00,22.0,22.0,21.97,21.97,83200,1829806.0
000818.SZ,2026-01-30 14:43:00,21.98,21.99,21.96,21.97,84500,1857347.0
000818.SZ,2026-01-30 14:44:00,21.97,21.97,21.95,21.96,62800,1379033.0
000818.SZ,2026-01-30 14:45:00,21.96,21.97,21.95,21.95,89100,1956193.0
000818.SZ,2026-01-30 14:46:00,21.93,21.95,21.93,21.94,82700,1814626.0
000818.SZ,2026-01-30 14:47:00,21.95,21.96,21.93,21.93,75500,1656880.0
000818.SZ,2026-01-30 14:48:00,21.94,21.95,21.93,21.93,93200,2043979.0
000818.SZ,2026-01-30 14:49:00,21.94,21.94,21.92,21.93,92400,2026178.0
000818.SZ,2026-01-30 14:50:00,21.92,21.92,21.91,21.92,116000,2542100.0
000818.SZ,2026-01-30 14:51:00,21.92,21.92,21.91,21.92,76800,1683076.0
000818.SZ,2026-01-30 14:52:00,21.92,21.92,21.91,21.92,65400,1433398.0
000818.SZ,2026-01-30 14:53:00,21.91,21.94,21.91,21.94,100600,2205411.0
000818.SZ,2026-01-30 14:54:00,21.94,21.96,21.94,21.96,137300,3013489.0
000818.SZ,2026-01-30 14:55:00,21.96,21.98,21.96,21.98,213200,4685003.0
000818.SZ,2026-01-30 14:56:00,21.98,21.99,21.97,21.98,253600,5573497.0
000818.SZ,2026-01-30 14:57:00,21.98,22.04,21.98,22.04,401900,8848509.0
000818.SZ,2026-01-30 14:58:00,22.04,22.04,22.04,22.04,0,0.0
000818.SZ,2026-01-30 14:59:00,22.04,22.04,22.04,22.04,0,0.0
000818.SZ,2026-01-30 15:00:00,22.05,22.05,22.05,22.05,556700,12275235.0
