ts_code,trade_time,open,high,low,close,vol,amount
000561.SZ,2026-05-06 09:30:00,9.55,9.55,9.51,9.51,56500,539389.0
000561.SZ,2026-05-06 09:31:00,9.52,9.6,9.52,9.6,176100,1685182.0
000561.SZ,2026-05-06 09:32:00,9.6,9.64,9.6,9.63,138939,1336456.4
000561.SZ,2026-05-06 09:33:00,9.64,9.65,9.62,9.62,192300,1853291.1
000561.SZ,2026-05-06 09:34:00,9.63,9.63,9.61,9.61,92100,885618.0
000561.SZ,2026-05-06 09:35:00,9.62,9.63,9.61,9.61,210500,2024695.0
000561.SZ,2026-05-06 09:36:00,9.61,9.63,9.61,9.63,55000,529062.0
000561.SZ,2026-05-06 09:37:00,9.63,9.63,9.61,9.63,45800,440668.0
000561.SZ,2026-05-06 09:38:00,9.62,9.63,9.61,9.62,80200,771524.0
000561.SZ,2026-05-06 09:39:00,9.62,9.63,9.61,9.63,70200,675290.0
000561.SZ,2026-05-06 09:40:00,9.63,9.63,9.62,9.62,146500,1409314.0
000561.SZ,2026-05-06 09:41:00,9.63,9.63,9.61,9.61,70300,676238.0
000561.SZ,2026-05-06 09:42:00,9.6,9.62,9.6,9.6,109900,1056026.0
000561.SZ,2026-05-06 09:43:00,9.6,9.6,9.59,9.6,75100,720921.0
000561.SZ,2026-05-06 09:44:00,9.6,9.61,9.59,9.59,70000,671568.0
000561.SZ,2026-05-06 09:45:00,9.6,9.61,9.59,9.59,45200,433808.0
000561.SZ,2026-05-06 09:46:00,9.6,9.6,9.58,9.59,55900,536154.0
000561.SZ,2026-05-06 09:47:00,9.58,9.59,9.58,9.59,99400,952703.0
000561.SZ,2026-05-06 09:48:00,9.58,9.59,9.58,9.59,62200,596150.0
000561.SZ,2026-05-06 09:49:00,9.59,9.61,9.58,9.6,63300,607529.0
000561.SZ,2026-05-06 09:50:00,9.61,9.61,9.6,9.61,46700,448678.0
000561.SZ,2026-05-06 09:51:00,9.61,9.61,9.6,9.6,37400,359369.0
000561.SZ,2026-05-06 09:52:00,9.6,9.63,9.6,9.63,90900,874273.0
000561.SZ,2026-05-06 09:53:00,9.62,9.62,9.61,9.62,92400,888401.0
000561.SZ,2026-05-06 09:54:00,9.6,9.62,9.6,9.61,51100,491040.0
000561.SZ,2026-05-06 09:55:00,9.62,9.62,9.61,9.61,11800,113445.0
000561.SZ,2026-05-06 09:56:00,9.62,9.62,9.61,9.62,46100,443328.0
000561.SZ,2026-05-06 09:57:00,9.62,9.63,9.61,9.62,42500,408817.0
000561.SZ,2026-05-06 09:58:00,9.62,9.63,9.61,9.62,34200,328896.0
000561.SZ,2026-05-06 09:59:00,9.62,9.62,9.61,9.61,44800,430710.0
000561.SZ,2026-05-06 10:00:00,9.62,9.62,9.61,9.62,39800,382593.0
000561.SZ,2026-05-06 10:01:00,9.62,9.65,9.62,9.65,305492,2943665.0
000561.SZ,2026-05-06 10:02:00,9.65,9.66,9.64,9.66,203900,1966606.0
000561.SZ,2026-05-06 10:03:00,9.66,9.66,9.65,9.66,69100,667061.0
000561.SZ,2026-05-06 10:04:00,9.65,9.66,9.64,9.64,70500,680364.0
000561.SZ,2026-05-06 10:05:00,9.65,9.65,9.64,9.65,40700,392457.0
000561.SZ,2026-05-06 10:06:00,9.65,9.65,9.64,9.65,49600,478537.0
000561.SZ,2026-05-06 10:07:00,9.65,9.65,9.64,9.64,18400,177545.0
000561.SZ,2026-05-06 10:08:00,9.64,9.65,9.64,9.64,48500,467560.0
000561.SZ,2026-05-06 10:09:00,9.65,9.65,9.64,9.65,80500,776615.0
000561.SZ,2026-05-06 10:10:00,9.65,9.65,9.64,9.65,32200,310591.0
000561.SZ,2026-05-06 10:11:00,9.65,9.65,9.63,9.63,26600,256422.0
000561.SZ,2026-05-06 10:12:00,9.63,9.64,9.63,9.63,21500,207098.0
000561.SZ,2026-05-06 10:13:00,9.64,9.64,9.63,9.64,36100,347882.0
000561.SZ,2026-05-06 10:14:00,9.63,9.64,9.63,9.63,35000,337059.0
000561.SZ,2026-05-06 10:15:00,9.62,9.62,9.62,9.62,94200,906211.0
000561.SZ,2026-05-06 10:16:00,9.62,9.63,9.62,9.62,28300,272369.0
000561.SZ,2026-05-06 10:17:00,9.63,9.63,9.62,9.62,25600,246449.0
000561.SZ,2026-05-06 10:18:00,9.63,9.63,9.63,9.63,8800,84733.0
000561.SZ,2026-05-06 10:19:00,9.63,9.63,9.62,9.62,43200,416015.0
000561.SZ,2026-05-06 10:20:00,9.62,9.62,9.62,9.62,37600,361774.0
000561.SZ,2026-05-06 10:21:00,9.62,9.63,9.62,9.62,74200,713831.0
000561.SZ,2026-05-06 10:22:00,9.62,9.62,9.61,9.62,49800,478810.0
000561.SZ,2026-05-06 10:23:00,9.61,9.62,9.61,9.62,40400,388273.0
000561.SZ,2026-05-06 10:24:00,9.61,9.62,9.61,9.61,14700,141303.0
000561.SZ,2026-05-06 10:25:00,9.62,9.62,9.61,9.62,27900,268201.0
000561.SZ,2026-05-06 10:26:00,9.62,9.62,9.61,9.61,36900,354971.0
000561.SZ,2026-05-06 10:27:00,9.62,9.62,9.61,9.61,13700,131733.0
000561.SZ,2026-05-06 10:28:00,9.62,9.63,9.62,9.63,126400,1216026.0
000561.SZ,2026-05-06 10:29:00,9.63,9.64,9.63,9.64,46200,445196.0
000561.SZ,2026-05-06 10:30:00,9.64,9.65,9.63,9.63,23550,226873.5
000561.SZ,2026-05-06 10:31:00,9.63,9.64,9.63,9.64,29200,281443.0
000561.SZ,2026-05-06 10:32:00,9.64,9.64,9.63,9.63,28650,276006.5
000561.SZ,2026-05-06 10:33:00,9.63,9.64,9.63,9.64,19300,186040.0
000561.SZ,2026-05-06 10:34:00,9.64,9.64,9.62,9.62,36300,349565.0
000561.SZ,2026-05-06 10:35:00,9.62,9.63,9.62,9.62,21900,210684.0
000561.SZ,2026-05-06 10:36:00,9.63,9.63,9.62,9.63,10800,103948.0
000561.SZ,2026-05-06 10:37:00,9.63,9.63,9.62,9.63,16500,158786.0
000561.SZ,2026-05-06 10:38:00,9.62,9.64,9.62,9.64,29100,280251.0
000561.SZ,2026-05-06 10:39:00,9.64,9.64,9.62,9.62,17200,165707.0
000561.SZ,2026-05-06 10:40:00,9.63,9.63,9.63,9.63,38300,368829.0
000561.SZ,2026-05-06 10:41:00,9.63,9.64,9.63,9.64,3700,35644.0
000561.SZ,2026-05-06 10:42:00,9.64,9.64,9.63,9.64,20700,199531.0
000561.SZ,2026-05-06 10:43:00,9.64,9.64,9.63,9.64,24400,235011.0
000561.SZ,2026-05-06 10:44:00,9.64,9.64,9.63,9.63,33800,325785.0
000561.SZ,2026-05-06 10:45:00,9.63,9.64,9.63,9.64,20900,201356.0
000561.SZ,2026-05-06 10:46:00,9.64,9.65,9.63,9.65,106500,1026732.0
000561.SZ,2026-05-06 10:47:00,9.64,9.65,9.64,9.64,7800,75239.0
000561.SZ,2026-05-06 10:48:00,9.64,9.65,9.64,9.65,10000,96407.0
000561.SZ,2026-05-06 10:49:00,9.64,9.65,9.64,9.65,13300,128234.0
000561.SZ,2026-05-06 10:50:00,9.65,9.65,9.63,9.64,58700,565853.0
000561.SZ,2026-05-06 10:51:00,9.64,9.66,9.64,9.65,151100,1457989.0
000561.SZ,2026-05-06 10:52:00,9.65,9.65,9.64,9.64,10800,104206.0
000561.SZ,2026-05-06 10:53:00,9.64,9.65,9.64,9.64,33800,325866.0
000561.SZ,2026-05-06 10:54:00,9.64,9.64,9.64,9.64,45000,433800.0
000561.SZ,2026-05-06 10:55:00,9.64,9.64,9.63,9.64,5800,55900.0
000561.SZ,2026-05-06 10:56:00,9.63,9.65,9.63,9.64,21600,208120.0
000561.SZ,2026-05-06 10:57:00,9.65,9.65,9.65,9.65,8000,77200.0
000561.SZ,2026-05-06 10:58:00,9.65,9.65,9.65,9.65,13000,125450.0
000561.SZ,2026-05-06 10:59:00,9.64,9.64,9.64,9.64,8200,79048.0
000561.SZ,2026-05-06 11:00:00,9.65,9.65,9.64,9.65,11400,110001.0
000561.SZ,2026-05-06 11:01:00,9.65,9.65,9.65,9.65,10300,99395.0
000561.SZ,2026-05-06 11:02:00,9.64,9.65,9.64,9.64,76500,737462.0
000561.SZ,2026-05-06 11:03:00,9.64,9.65,9.64,9.65,14200,136904.0
000561.SZ,2026-05-06 11:04:00,9.64,9.64,9.64,9.64,4400,42416.0
000561.SZ,2026-05-06 11:05:00,9.64,9.65,9.64,9.65,38800,374076.0
000561.SZ,2026-05-06 11:06:00,9.65,9.65,9.64,9.65,10200,98369.0
000561.SZ,2026-05-06 11:07:00,9.65,9.65,9.64,9.65,8200,79121.0
000561.SZ,2026-05-06 11:08:00,9.65,9.65,9.64,9.65,52700,508534.0
000561.SZ,2026-05-06 11:09:00,9.65,9.65,9.64,9.64,5700,54999.0
000561.SZ,2026-05-06 11:10:00,9.65,9.65,9.64,9.65,20700,199677.0
000561.SZ,2026-05-06 11:11:00,9.65,9.65,9.64,9.65,23000,221948.0
000561.SZ,2026-05-06 11:12:00,9.65,9.66,9.65,9.66,5700,55032.0
000561.SZ,2026-05-06 11:13:00,9.65,9.66,9.65,9.66,20300,195984.0
000561.SZ,2026-05-06 11:14:00,9.65,9.65,9.65,9.65,8300,80095.0
000561.SZ,2026-05-06 11:15:00,9.65,9.66,9.64,9.66,25900,249935.0
000561.SZ,2026-05-06 11:16:00,9.65,9.66,9.65,9.65,1600,15446.0
000561.SZ,2026-05-06 11:17:00,9.65,9.66,9.65,9.65,16300,157422.0
000561.SZ,2026-05-06 11:18:00,9.65,9.66,9.65,9.66,6300,60796.0
000561.SZ,2026-05-06 11:19:00,9.65,9.66,9.65,9.66,51200,494588.0
000561.SZ,2026-05-06 11:20:00,9.66,9.66,9.65,9.66,53300,514869.0
000561.SZ,2026-05-06 11:21:00,9.66,9.66,9.65,9.66,16400,158422.0
000561.SZ,2026-05-06 11:22:00,9.66,9.67,9.65,9.65,15100,145816.0
000561.SZ,2026-05-06 11:23:00,9.65,9.66,9.65,9.66,1000,9659.0
000561.SZ,2026-05-06 11:24:00,9.66,9.66,9.66,9.66,11300,109158.0
000561.SZ,2026-05-06 11:25:00,9.66,9.66,9.66,9.66,9200,88872.0
000561.SZ,2026-05-06 11:26:00,9.66,9.66,9.65,9.65,16600,160348.0
000561.SZ,2026-05-06 11:27:00,9.66,9.66,9.65,9.66,6700,64707.0
000561.SZ,2026-05-06 11:28:00,9.66,9.66,9.66,9.66,2200,21252.0
000561.SZ,2026-05-06 11:29:00,9.66,9.66,9.65,9.66,17800,171946.0
000561.SZ,2026-05-06 11:30:00,9.66,9.66,9.65,9.66,40900,395039.0
000561.SZ,2026-05-06 13:01:00,9.66,9.66,9.63,9.63,226600,2187186.0
000561.SZ,2026-05-06 13:02:00,9.63,9.63,9.62,9.63,85900,827109.0
000561.SZ,2026-05-06 13:03:00,9.62,9.63,9.62,9.63,40800,392868.0
000561.SZ,2026-05-06 13:04:00,9.63,9.63,9.62,9.63,11200,107824.0
000561.SZ,2026-05-06 13:05:00,9.62,9.63,9.62,9.62,14100,135700.0
000561.SZ,2026-05-06 13:06:00,9.62,9.63,9.62,9.62,21300,204932.0
000561.SZ,2026-05-06 13:07:00,9.62,9.63,9.62,9.63,5100,49064.0
000561.SZ,2026-05-06 13:08:00,9.63,9.63,9.62,9.63,21500,206935.0
000561.SZ,2026-05-06 13:09:00,9.63,9.63,9.62,9.63,35300,339777.0
000561.SZ,2026-05-06 13:10:00,9.63,9.63,9.62,9.63,18800,180921.0
000561.SZ,2026-05-06 13:11:00,9.62,9.63,9.62,9.62,42700,410814.0
000561.SZ,2026-05-06 13:12:00,9.62,9.62,9.61,9.61,53600,515623.0
000561.SZ,2026-05-06 13:13:00,9.62,9.63,9.62,9.62,15100,145263.0
000561.SZ,2026-05-06 13:14:00,9.63,9.63,9.62,9.62,24300,233784.0
000561.SZ,2026-05-06 13:15:00,9.62,9.63,9.61,9.63,63700,612794.0
000561.SZ,2026-05-06 13:16:00,9.62,9.63,9.62,9.62,42100,405060.0
000561.SZ,2026-05-06 13:17:00,9.62,9.63,9.62,9.63,8000,76964.0
000561.SZ,2026-05-06 13:18:00,9.63,9.63,9.62,9.62,6600,63521.0
000561.SZ,2026-05-06 13:19:00,9.62,9.63,9.62,9.62,8800,84683.0
000561.SZ,2026-05-06 13:20:00,9.62,9.63,9.62,9.62,18000,173248.0
000561.SZ,2026-05-06 13:21:00,9.62,9.63,9.62,9.63,15700,151086.0
000561.SZ,2026-05-06 13:22:00,9.63,9.63,9.63,9.63,14800,142501.0
000561.SZ,2026-05-06 13:23:00,9.62,9.63,9.62,9.63,20900,201137.0
000561.SZ,2026-05-06 13:24:00,9.63,9.63,9.62,9.63,58100,558963.0
000561.SZ,2026-05-06 13:25:00,9.62,9.63,9.62,9.62,15100,145302.0
000561.SZ,2026-05-06 13:26:00,9.63,9.63,9.62,9.63,59700,574817.0
000561.SZ,2026-05-06 13:27:00,9.63,9.64,9.63,9.64,25000,240759.0
000561.SZ,2026-05-06 13:28:00,9.64,9.64,9.63,9.63,14000,134922.0
000561.SZ,2026-05-06 13:29:00,9.63,9.64,9.63,9.64,7400,71296.0
000561.SZ,2026-05-06 13:30:00,9.64,9.64,9.63,9.64,47200,454707.0
000561.SZ,2026-05-06 13:31:00,9.63,9.64,9.63,9.64,600,5783.0
000561.SZ,2026-05-06 13:32:00,9.63,9.63,9.63,9.63,23800,229226.0
000561.SZ,2026-05-06 13:33:00,9.63,9.63,9.62,9.62,6500,62586.0
000561.SZ,2026-05-06 13:34:00,9.62,9.63,9.62,9.62,8900,85624.0
000561.SZ,2026-05-06 13:35:00,9.62,9.62,9.62,9.62,4700,45214.0
000561.SZ,2026-05-06 13:36:00,9.63,9.64,9.63,9.64,15800,152192.0
000561.SZ,2026-05-06 13:37:00,9.63,9.64,9.63,9.64,19500,187874.0
000561.SZ,2026-05-06 13:38:00,9.63,9.64,9.63,9.64,65900,635272.0
000561.SZ,2026-05-06 13:39:00,9.65,9.65,9.64,9.64,30400,293352.0
000561.SZ,2026-05-06 13:40:00,9.64,9.65,9.64,9.64,6000,57884.0
000561.SZ,2026-05-06 13:41:00,9.64,9.65,9.64,9.64,17200,165809.0
000561.SZ,2026-05-06 13:42:00,9.65,9.65,9.64,9.65,12100,116714.0
000561.SZ,2026-05-06 13:43:00,9.64,9.65,9.64,9.64,8400,81037.0
000561.SZ,2026-05-06 13:44:00,9.64,9.65,9.64,9.65,35100,338395.0
000561.SZ,2026-05-06 13:45:00,9.65,9.65,9.64,9.64,6100,58860.0
000561.SZ,2026-05-06 13:46:00,9.64,9.65,9.64,9.64,14551,140274.64
000561.SZ,2026-05-06 13:47:00,9.65,9.65,9.64,9.65,6300,60790.0
000561.SZ,2026-05-06 13:48:00,9.65,9.65,9.64,9.65,10500,101257.0
000561.SZ,2026-05-06 13:49:00,9.65,9.65,9.64,9.64,16449,158571.36
000561.SZ,2026-05-06 13:50:00,9.64,9.64,9.63,9.63,10100,97354.0
000561.SZ,2026-05-06 13:51:00,9.64,9.64,9.63,9.63,16900,162781.0
000561.SZ,2026-05-06 13:52:00,9.63,9.64,9.63,9.64,30800,296841.0
000561.SZ,2026-05-06 13:53:00,9.64,9.64,9.64,9.64,2200,21208.0
000561.SZ,2026-05-06 13:54:00,9.64,9.64,9.63,9.63,18400,177219.0
000561.SZ,2026-05-06 13:55:00,9.63,9.63,9.62,9.62,69800,672154.0
000561.SZ,2026-05-06 13:56:00,9.62,9.63,9.62,9.62,32100,308805.0
000561.SZ,2026-05-06 13:57:00,9.62,9.63,9.62,9.62,141300,1359338.0
000561.SZ,2026-05-06 13:58:00,9.62,9.63,9.62,9.63,11400,109728.0
000561.SZ,2026-05-06 13:59:00,9.63,9.63,9.62,9.63,154100,1482570.0
000561.SZ,2026-05-06 14:00:00,9.63,9.63,9.62,9.63,2800,26959.0
000561.SZ,2026-05-06 14:01:00,9.62,9.62,9.61,9.61,30400,292417.0
000561.SZ,2026-05-06 14:02:00,9.62,9.62,9.61,9.61,132500,1273339.0
000561.SZ,2026-05-06 14:03:00,9.61,9.62,9.6,9.6,30000,288189.0
000561.SZ,2026-05-06 14:04:00,9.6,9.6,9.59,9.59,243500,2337315.0
000561.SZ,2026-05-06 14:05:00,9.59,9.59,9.58,9.58,31200,299080.0
000561.SZ,2026-05-06 14:06:00,9.58,9.59,9.58,9.58,61700,591180.0
000561.SZ,2026-05-06 14:07:00,9.59,9.59,9.58,9.58,78751,754483.56
000561.SZ,2026-05-06 14:08:00,9.58,9.58,9.57,9.57,24000,229816.0
000561.SZ,2026-05-06 14:09:00,9.57,9.58,9.57,9.57,46600,446137.0
000561.SZ,2026-05-06 14:10:00,9.58,9.58,9.57,9.58,63200,604943.0
000561.SZ,2026-05-06 14:11:00,9.57,9.57,9.55,9.56,127394,1217366.8
000561.SZ,2026-05-06 14:12:00,9.56,9.57,9.56,9.57,30500,291620.0
000561.SZ,2026-05-06 14:13:00,9.56,9.56,9.55,9.56,68100,650432.0
000561.SZ,2026-05-06 14:14:00,9.55,9.56,9.55,9.55,22500,214884.0
000561.SZ,2026-05-06 14:15:00,9.55,9.56,9.55,9.56,28900,276176.0
000561.SZ,2026-05-06 14:16:00,9.55,9.58,9.55,9.58,35600,340615.0
000561.SZ,2026-05-06 14:17:00,9.57,9.58,9.57,9.57,7200,68958.0
000561.SZ,2026-05-06 14:18:00,9.58,9.58,9.57,9.57,39200,375169.0
000561.SZ,2026-05-06 14:19:00,9.58,9.59,9.57,9.58,20500,196366.0
000561.SZ,2026-05-06 14:20:00,9.59,9.59,9.58,9.58,17400,166714.0
000561.SZ,2026-05-06 14:21:00,9.58,9.6,9.58,9.6,18900,181306.0
000561.SZ,2026-05-06 14:22:00,9.59,9.6,9.58,9.59,16500,158268.0
000561.SZ,2026-05-06 14:23:00,9.59,9.59,9.58,9.58,17400,166785.0
000561.SZ,2026-05-06 14:24:00,9.59,9.6,9.59,9.59,16100,154410.0
000561.SZ,2026-05-06 14:25:00,9.59,9.6,9.59,9.59,13200,126626.0
000561.SZ,2026-05-06 14:26:00,9.59,9.6,9.59,9.6,5500,52775.0
000561.SZ,2026-05-06 14:27:00,9.6,9.6,9.59,9.59,14800,142021.0
000561.SZ,2026-05-06 14:28:00,9.6,9.6,9.59,9.6,17400,166974.0
000561.SZ,2026-05-06 14:29:00,9.59,9.6,9.59,9.59,17700,169772.0
000561.SZ,2026-05-06 14:30:00,9.6,9.6,9.59,9.6,82500,791994.0
000561.SZ,2026-05-06 14:31:00,9.6,9.61,9.6,9.6,14300,137298.0
000561.SZ,2026-05-06 14:32:00,9.6,9.6,9.59,9.6,46900,450127.0
000561.SZ,2026-05-06 14:33:00,9.59,9.6,9.59,9.59,8000,76734.0
000561.SZ,2026-05-06 14:34:00,9.59,9.6,9.59,9.6,4400,42236.0
000561.SZ,2026-05-06 14:35:00,9.59,9.61,9.59,9.6,49000,470186.0
000561.SZ,2026-05-06 14:36:00,9.6,9.61,9.6,9.61,21200,203542.0
000561.SZ,2026-05-06 14:37:00,9.6,9.61,9.6,9.61,2800,26891.0
000561.SZ,2026-05-06 14:38:00,9.6,9.62,9.6,9.61,26800,257560.0
000561.SZ,2026-05-06 14:39:00,9.61,9.62,9.61,9.61,51000,490604.0
000561.SZ,2026-05-06 14:40:00,9.61,9.63,9.61,9.62,34500,331900.0
000561.SZ,2026-05-06 14:41:00,9.62,9.62,9.61,9.62,7100,68278.0
000561.SZ,2026-05-06 14:42:00,9.61,9.62,9.61,9.61,15600,149966.0
000561.SZ,2026-05-06 14:43:00,9.61,9.62,9.61,9.62,58800,565518.0
000561.SZ,2026-05-06 14:44:00,9.62,9.63,9.61,9.63,38000,365577.0
000561.SZ,2026-05-06 14:45:00,9.62,9.63,9.61,9.62,46700,449293.0
000561.SZ,2026-05-06 14:46:00,9.62,9.62,9.61,9.61,30500,293197.0
000561.SZ,2026-05-06 14:47:00,9.61,9.62,9.61,9.62,17200,165368.0
000561.SZ,2026-05-06 14:48:00,9.61,9.62,9.61,9.62,11300,108644.0
000561.SZ,2026-05-06 14:49:00,9.62,9.62,9.61,9.61,38900,373938.0
000561.SZ,2026-05-06 14:50:00,9.61,9.62,9.61,9.62,10400,99952.0
000561.SZ,2026-05-06 14:51:00,9.62,9.62,9.61,9.62,81600,784321.0
000561.SZ,2026-05-06 14:52:00,9.61,9.62,9.61,9.61,87500,840298.0
000561.SZ,2026-05-06 14:53:00,9.61,9.62,9.61,9.61,51700,496995.0
000561.SZ,2026-05-06 14:54:00,9.62,9.63,9.61,9.62,105900,1018747.0
000561.SZ,2026-05-06 14:55:00,9.63,9.63,9.62,9.62,116500,1121670.0
000561.SZ,2026-05-06 14:56:00,9.64,9.64,9.62,9.63,56400,543176.0
000561.SZ,2026-05-06 14:57:00,9.63,9.64,9.63,9.64,56800,547355.0
000561.SZ,2026-05-06 14:58:00,9.64,9.64,9.64,9.64,0,0.0
000561.SZ,2026-05-06 14:59:00,9.64,9.64,9.64,9.64,0,0.0
000561.SZ,2026-05-06 15:00:00,9.64,9.64,9.64,9.64,100000,964000.0
000561.SZ,2026-05-07 09:30:00,9.63,9.66,9.63,9.66,25900,249438.0
000561.SZ,2026-05-07 09:31:00,9.63,9.63,9.61,9.61,68000,654670.0
000561.SZ,2026-05-07 09:32:00,9.62,9.62,9.61,9.61,70600,678632.0
000561.SZ,2026-05-07 09:33:00,9.6,9.6,9.55,9.57,163600,1567727.0
000561.SZ,2026-05-07 09:34:00,9.57,9.58,9.56,9.57,146039,1397338.9
000561.SZ,2026-05-07 09:35:00,9.58,9.6,9.58,9.59,123000,1178777.0
000561.SZ,2026-05-07 09:36:00,9.59,9.6,9.59,9.6,14200,136213.0
000561.SZ,2026-05-07 09:37:00,9.59,9.6,9.59,9.59,107000,1026518.0
000561.SZ,2026-05-07 09:38:00,9.59,9.61,9.59,9.6,93400,896135.0
000561.SZ,2026-05-07 09:39:00,9.6,9.61,9.59,9.61,67600,649246.0
000561.SZ,2026-05-07 09:40:00,9.61,9.61,9.61,9.61,50900,489118.0
000561.SZ,2026-05-07 09:41:00,9.61,9.62,9.61,9.61,33800,324927.0
000561.SZ,2026-05-07 09:42:00,9.6,9.61,9.58,9.58,68400,656148.0
000561.SZ,2026-05-07 09:43:00,9.59,9.59,9.57,9.57,141700,1357200.0
000561.SZ,2026-05-07 09:44:00,9.57,9.57,9.56,9.57,40200,384403.0
000561.SZ,2026-05-07 09:45:00,9.56,9.56,9.55,9.56,141300,1350542.0
000561.SZ,2026-05-07 09:46:00,9.56,9.57,9.56,9.56,91300,872813.0
000561.SZ,2026-05-07 09:47:00,9.57,9.57,9.55,9.55,175100,1672942.0
000561.SZ,2026-05-07 09:48:00,9.55,9.58,9.54,9.58,133700,1277814.0
000561.SZ,2026-05-07 09:49:00,9.58,9.59,9.57,9.57,40900,391692.0
000561.SZ,2026-05-07 09:50:00,9.57,9.59,9.57,9.57,151900,1454832.0
000561.SZ,2026-05-07 09:51:00,9.58,9.59,9.58,9.58,54400,521184.0
000561.SZ,2026-05-07 09:52:00,9.59,9.59,9.58,9.58,38400,367901.0
000561.SZ,2026-05-07 09:53:00,9.59,9.6,9.58,9.59,55300,530251.0
000561.SZ,2026-05-07 09:54:00,9.59,9.6,9.58,9.6,78100,748655.0
000561.SZ,2026-05-07 09:55:00,9.6,9.61,9.59,9.6,79200,760214.0
000561.SZ,2026-05-07 09:56:00,9.6,9.61,9.6,9.6,22400,215109.0
000561.SZ,2026-05-07 09:57:00,9.6,9.61,9.6,9.61,39700,381157.0
000561.SZ,2026-05-07 09:58:00,9.6,9.6,9.59,9.59,9600,92082.0
000561.SZ,2026-05-07 09:59:00,9.59,9.59,9.58,9.58,40900,392167.0
000561.SZ,2026-05-07 10:00:00,9.59,9.59,9.58,9.59,65600,628558.0
000561.SZ,2026-05-07 10:01:00,9.58,9.59,9.58,9.58,22600,216577.0
000561.SZ,2026-05-07 10:02:00,9.59,9.6,9.58,9.59,121200,1161639.0
000561.SZ,2026-05-07 10:03:00,9.59,9.6,9.59,9.59,25100,240796.0
000561.SZ,2026-05-07 10:04:00,9.59,9.6,9.59,9.6,62500,599898.0
000561.SZ,2026-05-07 10:05:00,9.61,9.62,9.6,9.62,56100,539128.0
000561.SZ,2026-05-07 10:06:00,9.62,9.64,9.62,9.63,107800,1037878.0
000561.SZ,2026-05-07 10:07:00,9.63,9.64,9.62,9.63,36400,350473.0
000561.SZ,2026-05-07 10:08:00,9.64,9.64,9.63,9.64,50800,489406.0
000561.SZ,2026-05-07 10:09:00,9.63,9.65,9.63,9.65,101000,974280.0
000561.SZ,2026-05-07 10:10:00,9.65,9.65,9.64,9.64,37800,364724.0
000561.SZ,2026-05-07 10:11:00,9.64,9.64,9.63,9.64,28000,269745.0
000561.SZ,2026-05-07 10:12:00,9.63,9.64,9.63,9.64,36300,349875.0
000561.SZ,2026-05-07 10:13:00,9.63,9.64,9.62,9.62,25900,249437.0
000561.SZ,2026-05-07 10:14:00,9.62,9.63,9.62,9.63,18600,179012.0
000561.SZ,2026-05-07 10:15:00,9.63,9.64,9.61,9.63,43900,422679.0
000561.SZ,2026-05-07 10:16:00,9.62,9.62,9.61,9.61,6600,63473.0
000561.SZ,2026-05-07 10:17:00,9.62,9.62,9.61,9.62,5100,49045.0
000561.SZ,2026-05-07 10:18:00,9.61,9.63,9.61,9.62,82000,788955.0
000561.SZ,2026-05-07 10:19:00,9.62,9.62,9.61,9.62,22700,218286.0
000561.SZ,2026-05-07 10:20:00,9.62,9.62,9.61,9.61,14700,141381.0
000561.SZ,2026-05-07 10:21:00,9.6,9.61,9.6,9.6,62100,596740.0
000561.SZ,2026-05-07 10:22:00,9.61,9.62,9.61,9.61,13900,133582.0
000561.SZ,2026-05-07 10:23:00,9.61,9.63,9.61,9.62,56700,545549.0
000561.SZ,2026-05-07 10:24:00,9.62,9.63,9.61,9.62,56600,544129.0
000561.SZ,2026-05-07 10:25:00,9.61,9.62,9.61,9.62,9000,86500.0
000561.SZ,2026-05-07 10:26:00,9.61,9.62,9.61,9.62,11100,106699.0
000561.SZ,2026-05-07 10:27:00,9.61,9.62,9.61,9.61,13700,131785.0
000561.SZ,2026-05-07 10:28:00,9.62,9.62,9.61,9.61,11900,114389.0
000561.SZ,2026-05-07 10:29:00,9.62,9.62,9.61,9.61,21200,203757.0
000561.SZ,2026-05-07 10:30:00,9.61,9.62,9.61,9.62,7400,71131.0
000561.SZ,2026-05-07 10:31:00,9.62,9.62,9.61,9.61,19400,186558.0
000561.SZ,2026-05-07 10:32:00,9.62,9.62,9.61,9.62,4300,41363.0
000561.SZ,2026-05-07 10:33:00,9.61,9.62,9.61,9.62,58700,564646.0
000561.SZ,2026-05-07 10:34:00,9.61,9.62,9.61,9.61,13400,128828.0
000561.SZ,2026-05-07 10:35:00,9.61,9.62,9.61,9.62,41700,401064.0
000561.SZ,2026-05-07 10:36:00,9.63,9.63,9.62,9.63,15100,145272.0
000561.SZ,2026-05-07 10:37:00,9.61,9.63,9.61,9.61,48500,466273.0
000561.SZ,2026-05-07 10:38:00,9.61,9.62,9.61,9.62,10000,96101.0
000561.SZ,2026-05-07 10:39:00,9.61,9.63,9.61,9.63,14300,137495.0
000561.SZ,2026-05-07 10:40:00,9.62,9.63,9.62,9.62,8700,83700.0
000561.SZ,2026-05-07 10:41:00,9.63,9.63,9.61,9.61,23500,226098.0
000561.SZ,2026-05-07 10:42:00,9.61,9.62,9.61,9.61,18100,173948.0
000561.SZ,2026-05-07 10:43:00,9.61,9.61,9.6,9.6,24100,231591.0
000561.SZ,2026-05-07 10:44:00,9.61,9.61,9.6,9.6,28600,274748.0
000561.SZ,2026-05-07 10:45:00,9.6,9.61,9.6,9.61,27700,266044.0
000561.SZ,2026-05-07 10:46:00,9.62,9.62,9.61,9.61,18200,174875.0
000561.SZ,2026-05-07 10:47:00,9.61,9.62,9.61,9.62,17600,169308.0
000561.SZ,2026-05-07 10:48:00,9.61,9.62,9.61,9.61,8400,80780.0
000561.SZ,2026-05-07 10:49:00,9.62,9.62,9.61,9.62,16500,158684.0
000561.SZ,2026-05-07 10:50:00,9.62,9.63,9.62,9.63,118400,1140025.0
000561.SZ,2026-05-07 10:51:00,9.62,9.63,9.62,9.63,18000,173305.0
000561.SZ,2026-05-07 10:52:00,9.63,9.64,9.63,9.64,22900,220559.0
000561.SZ,2026-05-07 10:53:00,9.63,9.63,9.62,9.63,12400,119405.0
000561.SZ,2026-05-07 10:54:00,9.63,9.63,9.63,9.63,12000,115470.0
000561.SZ,2026-05-07 10:55:00,9.62,9.63,9.62,9.63,7000,67380.0
000561.SZ,2026-05-07 10:56:00,9.62,9.63,9.62,9.63,1700,16356.0
000561.SZ,2026-05-07 10:57:00,9.62,9.63,9.61,9.63,19100,183729.0
000561.SZ,2026-05-07 10:58:00,9.62,9.63,9.62,9.62,21000,202052.0
000561.SZ,2026-05-07 10:59:00,9.63,9.63,9.62,9.62,21300,205106.0
000561.SZ,2026-05-07 11:00:00,9.62,9.62,9.62,9.62,9200,88504.0
000561.SZ,2026-05-07 11:01:00,9.62,9.63,9.62,9.62,39900,383859.0
000561.SZ,2026-05-07 11:02:00,9.62,9.62,9.62,9.62,2800,26936.0
000561.SZ,2026-05-07 11:03:00,9.62,9.62,9.62,9.62,7300,70226.0
000561.SZ,2026-05-07 11:04:00,9.62,9.63,9.62,9.63,53700,516689.0
000561.SZ,2026-05-07 11:05:00,9.63,9.63,9.62,9.62,13500,129939.0
000561.SZ,2026-05-07 11:06:00,9.63,9.64,9.63,9.64,23700,228140.0
000561.SZ,2026-05-07 11:07:00,9.64,9.64,9.64,9.64,30400,293056.0
000561.SZ,2026-05-07 11:08:00,9.64,9.64,9.63,9.64,5900,56850.0
000561.SZ,2026-05-07 11:09:00,9.64,9.64,9.63,9.63,12100,116544.0
000561.SZ,2026-05-07 11:10:00,9.63,9.63,9.63,9.63,5600,53928.0
000561.SZ,2026-05-07 11:11:00,9.64,9.64,9.63,9.64,4000,38532.0
000561.SZ,2026-05-07 11:12:00,9.64,9.64,9.63,9.63,27200,261999.0
000561.SZ,2026-05-07 11:13:00,9.63,9.64,9.62,9.62,10500,101100.0
000561.SZ,2026-05-07 11:14:00,9.63,9.63,9.62,9.62,52700,507293.0
000561.SZ,2026-05-07 11:15:00,9.62,9.63,9.62,9.62,8000,76981.0
000561.SZ,2026-05-07 11:16:00,9.63,9.63,9.63,9.63,4500,43335.0
000561.SZ,2026-05-07 11:17:00,9.63,9.64,9.62,9.63,35600,342755.0
000561.SZ,2026-05-07 11:18:00,9.63,9.64,9.63,9.63,31600,304299.0
000561.SZ,2026-05-07 11:19:00,9.63,9.64,9.63,9.64,12800,123341.0
000561.SZ,2026-05-07 11:20:00,9.64,9.64,9.63,9.63,11500,110760.0
000561.SZ,2026-05-07 11:21:00,9.64,9.64,9.63,9.63,2100,20243.0
000561.SZ,2026-05-07 11:22:00,9.63,9.64,9.63,9.64,14000,134910.0
000561.SZ,2026-05-07 11:23:00,9.64,9.65,9.64,9.64,175100,1688054.0
000561.SZ,2026-05-07 11:24:00,9.65,9.65,9.64,9.64,11300,108970.0
000561.SZ,2026-05-07 11:25:00,9.65,9.65,9.65,9.65,33200,320380.0
000561.SZ,2026-05-07 11:26:00,9.65,9.65,9.64,9.65,15900,153432.0
000561.SZ,2026-05-07 11:27:00,9.65,9.65,9.64,9.65,8800,84844.0
000561.SZ,2026-05-07 11:28:00,9.65,9.65,9.64,9.65,20500,197802.0
000561.SZ,2026-05-07 11:29:00,9.65,9.65,9.64,9.65,10800,104194.0
000561.SZ,2026-05-07 11:30:00,9.64,9.65,9.64,9.65,27600,266189.0
000561.SZ,2026-05-07 13:01:00,9.65,9.67,9.65,9.65,195000,1882884.0
000561.SZ,2026-05-07 13:02:00,9.65,9.66,9.65,9.66,12300,118781.0
000561.SZ,2026-05-07 13:03:00,9.65,9.66,9.65,9.66,3700,35724.0
000561.SZ,2026-05-07 13:04:00,9.66,9.66,9.65,9.65,29900,288607.0
000561.SZ,2026-05-07 13:05:00,9.64,9.65,9.64,9.64,10000,96406.0
000561.SZ,2026-05-07 13:06:00,9.64,9.64,9.62,9.62,167400,1613118.0
000561.SZ,2026-05-07 13:07:00,9.62,9.63,9.62,9.63,26500,255029.0
000561.SZ,2026-05-07 13:08:00,9.62,9.62,9.61,9.61,113000,1086191.0
000561.SZ,2026-05-07 13:09:00,9.61,9.62,9.61,9.61,45200,434555.0
000561.SZ,2026-05-07 13:10:00,9.61,9.62,9.61,9.62,5300,50957.0
000561.SZ,2026-05-07 13:11:00,9.61,9.63,9.61,9.62,35900,345341.0
000561.SZ,2026-05-07 13:12:00,9.62,9.62,9.62,9.62,12800,123136.0
000561.SZ,2026-05-07 13:13:00,9.62,9.62,9.62,9.62,40800,392496.0
000561.SZ,2026-05-07 13:14:00,9.62,9.62,9.61,9.61,17300,166418.0
000561.SZ,2026-05-07 13:15:00,9.62,9.62,9.62,9.62,15000,144250.0
000561.SZ,2026-05-07 13:16:00,9.61,9.62,9.61,9.62,37000,355584.0
000561.SZ,2026-05-07 13:17:00,9.62,9.62,9.61,9.61,12200,117337.0
000561.SZ,2026-05-07 13:18:00,9.62,9.62,9.61,9.61,45300,435566.0
000561.SZ,2026-05-07 13:19:00,9.61,9.61,9.61,9.61,22500,216225.0
000561.SZ,2026-05-07 13:20:00,9.62,9.62,9.61,9.62,22100,212503.0
000561.SZ,2026-05-07 13:21:00,9.61,9.62,9.61,9.61,20400,196138.0
000561.SZ,2026-05-07 13:22:00,9.61,9.61,9.6,9.6,51100,490601.0
000561.SZ,2026-05-07 13:23:00,9.61,9.62,9.61,9.61,3200,30773.0
000561.SZ,2026-05-07 13:24:00,9.61,9.62,9.6,9.6,14400,138391.0
000561.SZ,2026-05-07 13:25:00,9.61,9.61,9.6,9.6,8600,82565.0
000561.SZ,2026-05-07 13:26:00,9.6,9.61,9.6,9.61,4000,38412.0
000561.SZ,2026-05-07 13:27:00,9.61,9.61,9.6,9.6,14100,135492.0
000561.SZ,2026-05-07 13:28:00,9.61,9.61,9.6,9.6,13600,130608.0
000561.SZ,2026-05-07 13:29:00,9.6,9.61,9.6,9.6,17000,163229.0
000561.SZ,2026-05-07 13:30:00,9.6,9.6,9.6,9.6,29564,283819.4
000561.SZ,2026-05-07 13:31:00,9.6,9.6,9.6,9.6,4700,45120.0
000561.SZ,2026-05-07 13:32:00,9.6,9.61,9.6,9.61,19100,183444.0
000561.SZ,2026-05-07 13:33:00,9.61,9.61,9.6,9.6,23500,225675.0
000561.SZ,2026-05-07 13:34:00,9.61,9.63,9.61,9.63,35400,340487.0
000561.SZ,2026-05-07 13:35:00,9.62,9.62,9.62,9.62,11000,105820.0
000561.SZ,2026-05-07 13:36:00,9.63,9.63,9.62,9.63,3200,30801.0
000561.SZ,2026-05-07 13:37:00,9.63,9.63,9.62,9.63,47500,456982.0
000561.SZ,2026-05-07 13:38:00,9.63,9.63,9.62,9.62,2200,21180.0
000561.SZ,2026-05-07 13:39:00,9.62,9.63,9.62,9.63,43600,419871.0
000561.SZ,2026-05-07 13:40:00,9.62,9.64,9.62,9.63,19600,188753.0
000561.SZ,2026-05-07 13:41:00,9.63,9.63,9.62,9.62,20700,199322.0
000561.SZ,2026-05-07 13:42:00,9.63,9.64,9.63,9.63,12800,123270.0
000561.SZ,2026-05-07 13:43:00,9.63,9.63,9.62,9.63,11000,105911.0
000561.SZ,2026-05-07 13:44:00,9.63,9.63,9.62,9.63,17900,172253.0
000561.SZ,2026-05-07 13:45:00,9.62,9.63,9.62,9.63,12700,122248.0
000561.SZ,2026-05-07 13:46:00,9.63,9.64,9.63,9.64,16700,160823.0
000561.SZ,2026-05-07 13:47:00,9.64,9.64,9.64,9.64,36700,353788.0
000561.SZ,2026-05-07 13:48:00,9.65,9.65,9.64,9.65,24200,233316.0
000561.SZ,2026-05-07 13:49:00,9.65,9.65,9.64,9.65,16200,156278.0
000561.SZ,2026-05-07 13:50:00,9.65,9.65,9.64,9.65,20000,192838.0
000561.SZ,2026-05-07 13:51:00,9.65,9.65,9.64,9.65,10300,99359.0
000561.SZ,2026-05-07 13:52:00,9.65,9.65,9.64,9.64,25400,245070.0
000561.SZ,2026-05-07 13:53:00,9.65,9.65,9.64,9.64,44900,433078.0
000561.SZ,2026-05-07 13:54:00,9.65,9.65,9.64,9.65,12600,121564.0
000561.SZ,2026-05-07 13:55:00,9.65,9.65,9.64,9.64,9600,92576.0
000561.SZ,2026-05-07 13:56:00,9.64,9.65,9.64,9.65,21500,207261.0
000561.SZ,2026-05-07 13:57:00,9.65,9.65,9.65,9.65,21600,208440.0
000561.SZ,2026-05-07 13:58:00,9.64,9.65,9.64,9.65,6700,64599.0
000561.SZ,2026-05-07 13:59:00,9.64,9.65,9.64,9.65,19000,183182.0
000561.SZ,2026-05-07 14:00:00,9.65,9.65,9.64,9.65,20000,192967.0
000561.SZ,2026-05-07 14:01:00,9.64,9.65,9.64,9.65,14600,140856.0
000561.SZ,2026-05-07 14:02:00,9.65,9.66,9.65,9.65,154400,1489968.0
000561.SZ,2026-05-07 14:03:00,9.64,9.66,9.64,9.66,32300,311709.0
000561.SZ,2026-05-07 14:04:00,9.65,9.66,9.65,9.66,13500,130324.0
000561.SZ,2026-05-07 14:05:00,9.66,9.66,9.65,9.66,23600,227888.0
000561.SZ,2026-05-07 14:06:00,9.66,9.66,9.66,9.66,14900,143825.0
000561.SZ,2026-05-07 14:07:00,9.65,9.66,9.65,9.66,18900,182514.0
000561.SZ,2026-05-07 14:08:00,9.65,9.66,9.65,9.66,19300,186270.0
000561.SZ,2026-05-07 14:09:00,9.66,9.66,9.65,9.66,11900,114874.0
000561.SZ,2026-05-07 14:10:00,9.65,9.66,9.65,9.66,12000,115820.0
000561.SZ,2026-05-07 14:11:00,9.66,9.66,9.65,9.66,33300,321456.0
000561.SZ,2026-05-07 14:12:00,9.65,9.66,9.65,9.66,9300,89789.0
000561.SZ,2026-05-07 14:13:00,9.65,9.65,9.65,9.65,48700,469966.0
000561.SZ,2026-05-07 14:14:00,9.64,9.65,9.64,9.65,2400,23146.0
000561.SZ,2026-05-07 14:15:00,9.65,9.65,9.64,9.65,13400,129294.0
000561.SZ,2026-05-07 14:16:00,9.65,9.65,9.64,9.65,31200,301032.0
000561.SZ,2026-05-07 14:17:00,9.65,9.65,9.64,9.65,19900,192013.0
000561.SZ,2026-05-07 14:18:00,9.65,9.65,9.65,9.65,10300,99327.0
000561.SZ,2026-05-07 14:19:00,9.65,9.65,9.64,9.65,4800,46314.0
000561.SZ,2026-05-07 14:20:00,9.65,9.65,9.64,9.65,29200,281679.0
000561.SZ,2026-05-07 14:21:00,9.65,9.65,9.64,9.65,59000,569256.0
000561.SZ,2026-05-07 14:22:00,9.65,9.66,9.64,9.65,29000,279846.0
000561.SZ,2026-05-07 14:23:00,9.65,9.66,9.65,9.66,19100,184388.0
000561.SZ,2026-05-07 14:24:00,9.65,9.66,9.65,9.66,31800,306941.0
000561.SZ,2026-05-07 14:25:00,9.65,9.65,9.64,9.65,21700,209407.0
000561.SZ,2026-05-07 14:26:00,9.65,9.65,9.64,9.65,24300,234477.0
000561.SZ,2026-05-07 14:27:00,9.65,9.65,9.64,9.64,16600,160054.0
000561.SZ,2026-05-07 14:28:00,9.65,9.65,9.64,9.65,5100,49187.0
000561.SZ,2026-05-07 14:29:00,9.65,9.65,9.64,9.65,12900,124471.0
000561.SZ,2026-05-07 14:30:00,9.64,9.65,9.64,9.65,41400,399354.0
000561.SZ,2026-05-07 14:31:00,9.65,9.65,9.64,9.65,44800,432020.0
000561.SZ,2026-05-07 14:32:00,9.65,9.65,9.64,9.65,128300,1237622.0
000561.SZ,2026-05-07 14:33:00,9.65,9.65,9.65,9.65,55100,531710.0
000561.SZ,2026-05-07 14:34:00,9.65,9.66,9.64,9.65,31300,301976.0
000561.SZ,2026-05-07 14:35:00,9.64,9.65,9.64,9.64,22600,217941.0
000561.SZ,2026-05-07 14:36:00,9.65,9.65,9.64,9.64,10600,102271.0
000561.SZ,2026-05-07 14:37:00,9.65,9.65,9.64,9.65,22200,214080.0
000561.SZ,2026-05-07 14:38:00,9.65,9.65,9.64,9.65,23600,227583.0
000561.SZ,2026-05-07 14:39:00,9.65,9.65,9.64,9.65,12100,116697.0
000561.SZ,2026-05-07 14:40:00,9.64,9.65,9.64,9.64,41100,396547.0
000561.SZ,2026-05-07 14:41:00,9.65,9.65,9.64,9.64,23300,224717.0
000561.SZ,2026-05-07 14:42:00,9.64,9.65,9.64,9.64,54700,527313.0
000561.SZ,2026-05-07 14:43:00,9.64,9.65,9.64,9.64,27700,267043.0
000561.SZ,2026-05-07 14:44:00,9.65,9.65,9.64,9.65,18400,177429.0
000561.SZ,2026-05-07 14:45:00,9.65,9.65,9.64,9.64,75300,726267.0
000561.SZ,2026-05-07 14:46:00,9.65,9.65,9.64,9.65,28500,274891.0
000561.SZ,2026-05-07 14:47:00,9.64,9.65,9.64,9.65,13900,134089.0
000561.SZ,2026-05-07 14:48:00,9.65,9.65,9.64,9.65,73600,710230.0
000561.SZ,2026-05-07 14:49:00,9.65,9.65,9.64,9.65,102400,987877.0
000561.SZ,2026-05-07 14:50:00,9.65,9.65,9.64,9.65,32000,308767.0
000561.SZ,2026-05-07 14:51:00,9.65,9.65,9.64,9.65,170193,1642125.5
000561.SZ,2026-05-07 14:52:00,9.65,9.66,9.65,9.66,24300,234528.0
000561.SZ,2026-05-07 14:53:00,9.66,9.66,9.65,9.66,19100,184413.0
000561.SZ,2026-05-07 14:54:00,9.66,9.66,9.65,9.65,32500,313791.0
000561.SZ,2026-05-07 14:55:00,9.65,9.66,9.65,9.66,70000,675933.0
000561.SZ,2026-05-07 14:56:00,9.65,9.66,9.65,9.65,58300,562843.0
000561.SZ,2026-05-07 14:57:00,9.65,9.66,9.65,9.66,82900,800508.0
000561.SZ,2026-05-07 14:58:00,9.66,9.66,9.66,9.66,0,0.0
000561.SZ,2026-05-07 14:59:00,9.66,9.66,9.66,9.66,0,0.0
000561.SZ,2026-05-07 15:00:00,9.66,9.66,9.66,9.66,181000,1748460.0
000561.SZ,2026-05-08 09:30:00,9.65,9.65,9.62,9.62,23200,223858.0
000561.SZ,2026-05-08 09:31:00,9.63,9.63,9.6,9.61,134700,1295399.0
000561.SZ,2026-05-08 09:32:00,9.61,9.62,9.6,9.61,130700,1255831.0
000561.SZ,2026-05-08 09:33:00,9.61,9.61,9.59,9.6,82100,788200.0
000561.SZ,2026-05-08 09:34:00,9.6,9.6,9.59,9.6,35800,343584.0
000561.SZ,2026-05-08 09:35:00,9.6,9.6,9.58,9.59,80500,772126.0
000561.SZ,2026-05-08 09:36:00,9.58,9.59,9.57,9.58,170800,1636621.0
000561.SZ,2026-05-08 09:37:00,9.58,9.58,9.57,9.57,97100,929793.0
000561.SZ,2026-05-08 09:38:00,9.57,9.58,9.57,9.57,84400,807904.0
000561.SZ,2026-05-08 09:39:00,9.58,9.59,9.58,9.58,73900,707936.0
000561.SZ,2026-05-08 09:40:00,9.58,9.59,9.57,9.59,55600,532540.0
000561.SZ,2026-05-08 09:41:00,9.59,9.61,9.59,9.61,91100,874643.0
000561.SZ,2026-05-08 09:42:00,9.62,9.62,9.61,9.62,32200,309741.0
000561.SZ,2026-05-08 09:43:00,9.63,9.64,9.63,9.64,46900,451980.0
000561.SZ,2026-05-08 09:44:00,9.64,9.64,9.63,9.63,13500,130088.0
000561.SZ,2026-05-08 09:45:00,9.63,9.64,9.63,9.64,35800,344980.0
000561.SZ,2026-05-08 09:46:00,9.63,9.65,9.63,9.65,28100,270980.0
000561.SZ,2026-05-08 09:47:00,9.65,9.65,9.63,9.64,43900,423157.0
000561.SZ,2026-05-08 09:48:00,9.64,9.65,9.64,9.65,45000,434193.0
000561.SZ,2026-05-08 09:49:00,9.64,9.65,9.64,9.64,19500,188093.0
000561.SZ,2026-05-08 09:50:00,9.64,9.65,9.64,9.64,12100,116711.0
000561.SZ,2026-05-08 09:51:00,9.65,9.67,9.65,9.67,90700,875928.0
000561.SZ,2026-05-08 09:52:00,9.66,9.67,9.65,9.66,37700,364162.0
000561.SZ,2026-05-08 09:53:00,9.65,9.66,9.65,9.66,26700,257761.0
000561.SZ,2026-05-08 09:54:00,9.65,9.65,9.64,9.64,56700,547101.0
000561.SZ,2026-05-08 09:55:00,9.64,9.65,9.64,9.65,19700,189958.0
000561.SZ,2026-05-08 09:56:00,9.65,9.65,9.64,9.64,19400,187146.0
000561.SZ,2026-05-08 09:57:00,9.64,9.67,9.64,9.67,69600,671962.0
000561.SZ,2026-05-08 09:58:00,9.66,9.68,9.66,9.68,184700,1786725.0
000561.SZ,2026-05-08 09:59:00,9.69,9.69,9.68,9.69,72500,702485.0
000561.SZ,2026-05-08 10:00:00,9.7,9.7,9.68,9.7,44439,430825.53
000561.SZ,2026-05-08 10:01:00,9.69,9.7,9.69,9.7,32000,310204.0
000561.SZ,2026-05-08 10:02:00,9.7,9.71,9.7,9.71,115800,1123561.0
000561.SZ,2026-05-08 10:03:00,9.71,9.72,9.71,9.72,95400,926982.0
000561.SZ,2026-05-08 10:04:00,9.72,9.73,9.71,9.72,74700,726197.0
000561.SZ,2026-05-08 10:05:00,9.73,9.73,9.7,9.7,151300,1469896.0
000561.SZ,2026-05-08 10:06:00,9.71,9.71,9.7,9.7,81300,788787.0
000561.SZ,2026-05-08 10:07:00,9.7,9.71,9.7,9.7,47900,464714.0
000561.SZ,2026-05-08 10:08:00,9.71,9.73,9.71,9.72,109200,1060748.0
000561.SZ,2026-05-08 10:09:00,9.72,9.72,9.71,9.71,59100,574447.0
000561.SZ,2026-05-08 10:10:00,9.72,9.72,9.71,9.71,22100,214809.0
000561.SZ,2026-05-08 10:11:00,9.72,9.72,9.71,9.71,64900,630215.0
000561.SZ,2026-05-08 10:12:00,9.71,9.71,9.7,9.7,21400,207762.0
000561.SZ,2026-05-08 10:13:00,9.7,9.71,9.7,9.7,34600,335890.0
000561.SZ,2026-05-08 10:14:00,9.7,9.71,9.7,9.7,40000,388022.0
000561.SZ,2026-05-08 10:15:00,9.7,9.71,9.69,9.69,20500,198883.0
000561.SZ,2026-05-08 10:16:00,9.69,9.69,9.69,9.69,63200,612421.0
000561.SZ,2026-05-08 10:17:00,9.69,9.71,9.69,9.71,78800,763883.0
000561.SZ,2026-05-08 10:18:00,9.7,9.71,9.7,9.71,30800,299067.0
000561.SZ,2026-05-08 10:19:00,9.7,9.73,9.7,9.73,204400,1986865.0
000561.SZ,2026-05-08 10:20:00,9.74,9.74,9.73,9.74,43100,419591.0
000561.SZ,2026-05-08 10:21:00,9.74,9.74,9.73,9.73,26800,260997.0
000561.SZ,2026-05-08 10:22:00,9.74,9.74,9.73,9.74,10000,97374.0
000561.SZ,2026-05-08 10:23:00,9.72,9.73,9.72,9.72,93100,905605.0
000561.SZ,2026-05-08 10:24:00,9.73,9.73,9.72,9.72,40600,394637.0
000561.SZ,2026-05-08 10:25:00,9.72,9.72,9.71,9.71,13600,132141.0
000561.SZ,2026-05-08 10:26:00,9.71,9.72,9.71,9.71,22300,216604.0
000561.SZ,2026-05-08 10:27:00,9.71,9.72,9.71,9.71,52400,509152.0
000561.SZ,2026-05-08 10:28:00,9.72,9.73,9.72,9.73,42200,410357.0
000561.SZ,2026-05-08 10:29:00,9.73,9.74,9.73,9.73,27200,264724.0
000561.SZ,2026-05-08 10:30:00,9.73,9.74,9.73,9.74,46100,448780.0
000561.SZ,2026-05-08 10:31:00,9.74,9.74,9.73,9.73,42100,409882.0
000561.SZ,2026-05-08 10:32:00,9.74,9.74,9.73,9.73,2900,28241.0
000561.SZ,2026-05-08 10:33:00,9.73,9.76,9.73,9.76,206000,2008444.0
000561.SZ,2026-05-08 10:34:00,9.77,9.8,9.76,9.78,310700,3036969.0
000561.SZ,2026-05-08 10:35:00,9.78,9.78,9.76,9.77,68400,668239.0
000561.SZ,2026-05-08 10:36:00,9.76,9.77,9.76,9.77,32600,318436.0
000561.SZ,2026-05-08 10:37:00,9.76,9.77,9.76,9.76,54800,534772.0
000561.SZ,2026-05-08 10:38:00,9.76,9.77,9.76,9.76,30100,293780.0
000561.SZ,2026-05-08 10:39:00,9.77,9.77,9.75,9.76,18800,183507.0
000561.SZ,2026-05-08 10:40:00,9.75,9.76,9.75,9.75,22600,220491.0
000561.SZ,2026-05-08 10:41:00,9.76,9.77,9.76,9.76,28600,279140.0
000561.SZ,2026-05-08 10:42:00,9.76,9.76,9.75,9.75,5700,55618.0
000561.SZ,2026-05-08 10:43:00,9.75,9.76,9.75,9.76,13800,134575.0
000561.SZ,2026-05-08 10:44:00,9.75,9.76,9.75,9.75,13500,131676.0
000561.SZ,2026-05-08 10:45:00,9.75,9.76,9.75,9.75,29400,286779.0
000561.SZ,2026-05-08 10:46:00,9.75,9.75,9.73,9.75,84000,818530.0
000561.SZ,2026-05-08 10:47:00,9.75,9.78,9.75,9.77,115900,1131591.0
000561.SZ,2026-05-08 10:48:00,9.77,9.78,9.77,9.77,25200,246196.0
000561.SZ,2026-05-08 10:49:00,9.78,9.78,9.77,9.78,21000,205276.0
000561.SZ,2026-05-08 10:50:00,9.78,9.78,9.77,9.78,21200,207245.0
000561.SZ,2026-05-08 10:51:00,9.78,9.78,9.77,9.78,84700,828250.0
000561.SZ,2026-05-08 10:52:00,9.78,9.78,9.77,9.77,24600,240551.0
000561.SZ,2026-05-08 10:53:00,9.78,9.79,9.77,9.79,77200,754845.0
000561.SZ,2026-05-08 10:54:00,9.78,9.79,9.78,9.79,28700,280639.0
000561.SZ,2026-05-08 10:55:00,9.78,9.78,9.76,9.77,28600,279611.0
000561.SZ,2026-05-08 10:56:00,9.76,9.77,9.75,9.75,37700,367979.0
000561.SZ,2026-05-08 10:57:00,9.75,9.76,9.74,9.74,42000,409427.0
000561.SZ,2026-05-08 10:58:00,9.74,9.75,9.74,9.74,24600,239716.0
000561.SZ,2026-05-08 10:59:00,9.74,9.75,9.74,9.75,8400,81890.0
000561.SZ,2026-05-08 11:00:00,9.75,9.75,9.74,9.75,46700,455282.0
000561.SZ,2026-05-08 11:01:00,9.75,9.75,9.74,9.74,62500,608799.0
000561.SZ,2026-05-08 11:02:00,9.73,9.74,9.73,9.73,71000,690888.0
000561.SZ,2026-05-08 11:03:00,9.72,9.73,9.72,9.72,51300,498783.0
000561.SZ,2026-05-08 11:04:00,9.72,9.73,9.72,9.73,22300,216810.0
000561.SZ,2026-05-08 11:05:00,9.72,9.73,9.72,9.72,13800,134155.0
000561.SZ,2026-05-08 11:06:00,9.72,9.73,9.72,9.73,40700,395724.0
000561.SZ,2026-05-08 11:07:00,9.73,9.73,9.73,9.73,32900,320015.0
000561.SZ,2026-05-08 11:08:00,9.73,9.74,9.73,9.73,43700,425125.0
000561.SZ,2026-05-08 11:09:00,9.73,9.74,9.72,9.74,10900,106064.0
000561.SZ,2026-05-08 11:10:00,9.73,9.74,9.73,9.74,17000,165571.0
000561.SZ,2026-05-08 11:11:00,9.73,9.74,9.73,9.74,17200,167499.0
000561.SZ,2026-05-08 11:12:00,9.74,9.75,9.74,9.75,7900,76997.0
000561.SZ,2026-05-08 11:13:00,9.75,9.75,9.74,9.74,26700,260144.0
000561.SZ,2026-05-08 11:14:00,9.74,9.75,9.73,9.73,54500,530881.0
000561.SZ,2026-05-08 11:15:00,9.74,9.74,9.73,9.73,12700,123695.0
000561.SZ,2026-05-08 11:16:00,9.74,9.74,9.73,9.73,5900,57429.0
000561.SZ,2026-05-08 11:17:00,9.73,9.74,9.73,9.73,6500,63270.0
000561.SZ,2026-05-08 11:18:00,9.73,9.73,9.72,9.73,35700,347360.0
000561.SZ,2026-05-08 11:19:00,9.73,9.73,9.72,9.72,7200,70041.0
000561.SZ,2026-05-08 11:20:00,9.72,9.73,9.72,9.72,21500,208984.0
000561.SZ,2026-05-08 11:21:00,9.72,9.73,9.72,9.73,18400,178972.0
000561.SZ,2026-05-08 11:22:00,9.73,9.73,9.72,9.72,10100,98261.0
000561.SZ,2026-05-08 11:23:00,9.72,9.73,9.72,9.73,4400,42793.0
000561.SZ,2026-05-08 11:24:00,9.73,9.73,9.72,9.73,4400,42806.0
000561.SZ,2026-05-08 11:25:00,9.74,9.74,9.73,9.74,7500,73049.0
000561.SZ,2026-05-08 11:26:00,9.72,9.73,9.72,9.73,31000,301598.0
000561.SZ,2026-05-08 11:27:00,9.72,9.73,9.72,9.72,19400,188571.0
000561.SZ,2026-05-08 11:28:00,9.72,9.72,9.72,9.72,81000,787320.0
000561.SZ,2026-05-08 11:29:00,9.73,9.73,9.72,9.73,52300,508369.0
000561.SZ,2026-05-08 11:30:00,9.72,9.73,9.72,9.72,800,7782.0
000561.SZ,2026-05-08 13:01:00,9.73,9.74,9.73,9.73,26400,256815.0
000561.SZ,2026-05-08 13:02:00,9.73,9.74,9.72,9.74,13900,135208.0
000561.SZ,2026-05-08 13:03:00,9.73,9.74,9.73,9.73,20200,196666.0
000561.SZ,2026-05-08 13:04:00,9.74,9.75,9.74,9.75,7000,68189.0
000561.SZ,2026-05-08 13:05:00,9.75,9.75,9.74,9.75,11600,113098.0
000561.SZ,2026-05-08 13:06:00,9.75,9.76,9.74,9.76,35200,343376.0
000561.SZ,2026-05-08 13:07:00,9.75,9.77,9.75,9.77,37198,363103.47
000561.SZ,2026-05-08 13:08:00,9.77,9.78,9.77,9.77,69100,675215.0
000561.SZ,2026-05-08 13:09:00,9.78,9.8,9.78,9.8,245700,2404760.0
000561.SZ,2026-05-08 13:10:00,9.79,9.8,9.79,9.79,56600,554143.0
000561.SZ,2026-05-08 13:11:00,9.78,9.79,9.78,9.78,8800,86061.0
000561.SZ,2026-05-08 13:12:00,9.78,9.79,9.78,9.79,18100,177038.0
000561.SZ,2026-05-08 13:13:00,9.79,9.82,9.79,9.81,492900,4832670.0
000561.SZ,2026-05-08 13:14:00,9.81,9.82,9.8,9.82,89600,879180.0
000561.SZ,2026-05-08 13:15:00,9.82,9.82,9.81,9.82,137000,1345262.0
000561.SZ,2026-05-08 13:16:00,9.82,9.82,9.81,9.81,51800,508644.0
000561.SZ,2026-05-08 13:17:00,9.82,9.82,9.81,9.81,31000,304364.0
000561.SZ,2026-05-08 13:18:00,9.81,9.81,9.8,9.81,52200,512024.0
000561.SZ,2026-05-08 13:19:00,9.8,9.8,9.79,9.8,49400,484040.0
000561.SZ,2026-05-08 13:20:00,9.8,9.8,9.79,9.8,29100,285156.0
000561.SZ,2026-05-08 13:21:00,9.8,9.8,9.8,9.8,31600,309671.0
000561.SZ,2026-05-08 13:22:00,9.8,9.8,9.79,9.8,26400,258637.0
000561.SZ,2026-05-08 13:23:00,9.8,9.81,9.8,9.8,50200,492337.0
000561.SZ,2026-05-08 13:24:00,9.81,9.82,9.81,9.82,47300,464142.0
000561.SZ,2026-05-08 13:25:00,9.81,9.81,9.8,9.8,14200,139249.0
000561.SZ,2026-05-08 13:26:00,9.81,9.81,9.79,9.8,41400,405716.0
000561.SZ,2026-05-08 13:27:00,9.8,9.81,9.8,9.81,21800,213644.0
000561.SZ,2026-05-08 13:28:00,9.81,9.81,9.8,9.81,18600,182327.0
000561.SZ,2026-05-08 13:29:00,9.81,9.82,9.81,9.82,85100,835062.0
000561.SZ,2026-05-08 13:30:00,9.81,9.83,9.81,9.83,141500,1389635.0
000561.SZ,2026-05-08 13:31:00,9.83,9.83,9.81,9.82,67900,666800.0
000561.SZ,2026-05-08 13:32:00,9.82,9.83,9.82,9.83,49400,485498.0
000561.SZ,2026-05-08 13:33:00,9.83,9.85,9.83,9.84,135700,1335406.0
000561.SZ,2026-05-08 13:34:00,9.84,9.85,9.83,9.83,48200,474328.0
000561.SZ,2026-05-08 13:35:00,9.84,9.84,9.83,9.84,23300,229181.0
000561.SZ,2026-05-08 13:36:00,9.84,9.85,9.84,9.85,139700,1375787.0
000561.SZ,2026-05-08 13:37:00,9.85,9.87,9.85,9.86,128900,1270371.0
000561.SZ,2026-05-08 13:38:00,9.87,9.87,9.85,9.86,154100,1519833.0
000561.SZ,2026-05-08 13:39:00,9.86,9.87,9.86,9.87,40100,395626.0
000561.SZ,2026-05-08 13:40:00,9.86,9.87,9.85,9.85,56900,561202.0
000561.SZ,2026-05-08 13:41:00,9.85,9.86,9.85,9.85,23800,234603.0
000561.SZ,2026-05-08 13:42:00,9.86,9.86,9.85,9.86,45900,452484.0
000561.SZ,2026-05-08 13:43:00,9.86,9.87,9.86,9.86,75985,749945.1
000561.SZ,2026-05-08 13:44:00,9.87,9.88,9.87,9.88,39500,390131.0
000561.SZ,2026-05-08 13:45:00,9.88,9.88,9.87,9.87,101900,1006649.0
000561.SZ,2026-05-08 13:46:00,9.87,9.88,9.87,9.88,36400,359565.0
000561.SZ,2026-05-08 13:47:00,9.87,9.87,9.86,9.87,88200,870472.0
000561.SZ,2026-05-08 13:48:00,9.86,9.87,9.86,9.86,17800,175625.0
000561.SZ,2026-05-08 13:49:00,9.87,9.87,9.85,9.85,99900,984991.0
000561.SZ,2026-05-08 13:50:00,9.86,9.86,9.85,9.86,56200,554081.0
000561.SZ,2026-05-08 13:51:00,9.86,9.87,9.85,9.87,44700,440777.0
000561.SZ,2026-05-08 13:52:00,9.87,9.87,9.86,9.87,37100,366121.0
000561.SZ,2026-05-08 13:53:00,9.87,9.89,9.87,9.89,175200,1730317.0
000561.SZ,2026-05-08 13:54:00,9.89,9.92,9.89,9.92,405400,4014926.0
000561.SZ,2026-05-08 13:55:00,9.92,9.92,9.91,9.92,134800,1336955.0
000561.SZ,2026-05-08 13:56:00,9.92,9.93,9.91,9.92,97700,969176.0
000561.SZ,2026-05-08 13:57:00,9.92,9.93,9.91,9.92,85600,849413.0
000561.SZ,2026-05-08 13:58:00,9.92,9.92,9.91,9.92,134400,1332220.0
000561.SZ,2026-05-08 13:59:00,9.92,9.93,9.91,9.92,126400,1254195.0
000561.SZ,2026-05-08 14:00:00,9.92,9.94,9.92,9.92,232800,2311321.0
000561.SZ,2026-05-08 14:01:00,9.91,9.93,9.91,9.93,93600,928895.0
000561.SZ,2026-05-08 14:02:00,9.93,9.93,9.91,9.91,76500,758919.0
000561.SZ,2026-05-08 14:03:00,9.91,9.92,9.91,9.91,121400,1204036.0
000561.SZ,2026-05-08 14:04:00,9.92,9.92,9.9,9.91,136100,1348796.0
000561.SZ,2026-05-08 14:05:00,9.9,9.91,9.9,9.9,31600,313033.0
000561.SZ,2026-05-08 14:06:00,9.91,9.91,9.9,9.91,95300,944371.0
000561.SZ,2026-05-08 14:07:00,9.9,9.91,9.9,9.91,21900,216886.0
000561.SZ,2026-05-08 14:08:00,9.91,9.91,9.9,9.91,62700,621088.0
000561.SZ,2026-05-08 14:09:00,9.9,9.9,9.89,9.89,153800,1522278.0
000561.SZ,2026-05-08 14:10:00,9.9,9.9,9.88,9.88,101900,1007721.0
000561.SZ,2026-05-08 14:11:00,9.88,9.89,9.88,9.88,41300,408127.0
000561.SZ,2026-05-08 14:12:00,9.88,9.89,9.88,9.89,48400,478254.0
000561.SZ,2026-05-08 14:13:00,9.89,9.89,9.88,9.88,9900,97864.0
000561.SZ,2026-05-08 14:14:00,9.88,9.89,9.88,9.89,56600,559666.0
000561.SZ,2026-05-08 14:15:00,9.89,9.9,9.89,9.89,25200,249240.0
000561.SZ,2026-05-08 14:16:00,9.89,9.89,9.88,9.88,22700,224485.0
000561.SZ,2026-05-08 14:17:00,9.89,9.89,9.88,9.89,18900,186872.0
000561.SZ,2026-05-08 14:18:00,9.89,9.9,9.89,9.9,44500,440237.0
000561.SZ,2026-05-08 14:19:00,9.9,9.9,9.89,9.89,38900,384983.0
000561.SZ,2026-05-08 14:20:00,9.9,9.9,9.89,9.9,27900,276141.0
000561.SZ,2026-05-08 14:21:00,9.9,9.9,9.89,9.9,81800,809741.0
000561.SZ,2026-05-08 14:22:00,9.9,9.9,9.89,9.9,49100,486050.0
000561.SZ,2026-05-08 14:23:00,9.9,9.9,9.89,9.9,38700,382993.0
000561.SZ,2026-05-08 14:24:00,9.89,9.9,9.89,9.9,96600,956285.0
000561.SZ,2026-05-08 14:25:00,9.9,9.9,9.89,9.9,38800,384044.0
000561.SZ,2026-05-08 14:26:00,9.9,9.9,9.89,9.89,63100,624670.0
000561.SZ,2026-05-08 14:27:00,9.9,9.9,9.89,9.9,24300,240516.0
000561.SZ,2026-05-08 14:28:00,9.89,9.9,9.89,9.89,113300,1121452.0
000561.SZ,2026-05-08 14:29:00,9.89,9.9,9.89,9.89,60900,602400.0
000561.SZ,2026-05-08 14:30:00,9.9,9.9,9.89,9.89,29500,291956.0
000561.SZ,2026-05-08 14:31:00,9.9,9.9,9.89,9.9,25500,252386.0
000561.SZ,2026-05-08 14:32:00,9.9,9.9,9.89,9.9,83400,825141.0
000561.SZ,2026-05-08 14:33:00,9.9,9.9,9.89,9.89,20500,202946.0
000561.SZ,2026-05-08 14:34:00,9.9,9.9,9.89,9.9,54700,541404.0
000561.SZ,2026-05-08 14:35:00,9.89,9.9,9.89,9.9,52100,515627.0
000561.SZ,2026-05-08 14:36:00,9.9,9.9,9.89,9.89,12500,123702.0
000561.SZ,2026-05-08 14:37:00,9.89,9.9,9.89,9.9,29400,291017.0
000561.SZ,2026-05-08 14:38:00,9.89,9.9,9.89,9.89,55500,549095.0
000561.SZ,2026-05-08 14:39:00,9.89,9.9,9.89,9.89,24200,239431.0
000561.SZ,2026-05-08 14:40:00,9.89,9.9,9.89,9.89,20500,202880.0
000561.SZ,2026-05-08 14:41:00,9.9,9.9,9.89,9.9,49100,485842.0
000561.SZ,2026-05-08 14:42:00,9.9,9.9,9.89,9.9,46100,456241.0
000561.SZ,2026-05-08 14:43:00,9.9,9.9,9.89,9.9,84800,839328.0
000561.SZ,2026-05-08 14:44:00,9.9,9.9,9.89,9.9,68700,679759.0
000561.SZ,2026-05-08 14:45:00,9.9,9.9,9.89,9.9,24200,239451.0
000561.SZ,2026-05-08 14:46:00,9.9,9.9,9.89,9.89,64700,640006.0
000561.SZ,2026-05-08 14:47:00,9.89,9.9,9.89,9.9,36600,362240.0
000561.SZ,2026-05-08 14:48:00,9.89,9.9,9.89,9.89,55500,549049.0
000561.SZ,2026-05-08 14:49:00,9.89,9.9,9.89,9.89,65100,644025.0
000561.SZ,2026-05-08 14:50:00,9.89,9.9,9.89,9.9,55700,551083.0
000561.SZ,2026-05-08 14:51:00,9.9,9.9,9.88,9.89,179100,1771439.0
000561.SZ,2026-05-08 14:52:00,9.89,9.89,9.88,9.89,92300,912558.0
000561.SZ,2026-05-08 14:53:00,9.89,9.89,9.88,9.88,41000,405367.0
000561.SZ,2026-05-08 14:54:00,9.88,9.89,9.88,9.88,193800,1916381.0
000561.SZ,2026-05-08 14:55:00,9.89,9.89,9.88,9.89,165600,1637916.0
000561.SZ,2026-05-08 14:56:00,9.89,9.89,9.88,9.89,165400,1635672.0
000561.SZ,2026-05-08 14:57:00,9.89,9.9,9.89,9.89,141700,1402504.0
000561.SZ,2026-05-08 14:58:00,9.89,9.89,9.89,9.89,0,0.0
000561.SZ,2026-05-08 14:59:00,9.89,9.89,9.89,9.89,0,0.0
000561.SZ,2026-05-08 15:00:00,9.9,9.9,9.9,9.9,210300,2081970.0
000561.SZ,2026-05-11 09:30:00,9.92,9.94,9.92,9.94,123600,1226495.0
000561.SZ,2026-05-11 09:31:00,9.95,9.97,9.94,9.96,237300,2361079.0
000561.SZ,2026-05-11 09:32:00,9.96,9.98,9.96,9.96,338385,3373077.8
000561.SZ,2026-05-11 09:33:00,9.96,9.98,9.95,9.95,179700,1790474.0
000561.SZ,2026-05-11 09:34:00,9.95,9.96,9.95,9.96,188500,1876165.0
000561.SZ,2026-05-11 09:35:00,9.96,9.99,9.96,9.99,212400,2118933.0
000561.SZ,2026-05-11 09:36:00,9.96,9.98,9.95,9.95,507500,5058108.0
000561.SZ,2026-05-11 09:37:00,9.95,9.95,9.93,9.94,244500,2431861.0
000561.SZ,2026-05-11 09:38:00,9.94,9.94,9.91,9.91,369700,3670586.0
000561.SZ,2026-05-11 09:39:00,9.91,9.92,9.88,9.88,307900,3048956.0
000561.SZ,2026-05-11 09:40:00,9.88,9.89,9.87,9.89,244500,2414398.0
000561.SZ,2026-05-11 09:41:00,9.9,9.91,9.87,9.87,222600,2201501.0
000561.SZ,2026-05-11 09:42:00,9.87,9.88,9.85,9.86,246000,2426714.0
000561.SZ,2026-05-11 09:43:00,9.86,9.91,9.86,9.91,94200,930904.0
000561.SZ,2026-05-11 09:44:00,9.93,9.95,9.92,9.92,294600,2922545.0
000561.SZ,2026-05-11 09:45:00,9.94,9.94,9.92,9.92,127600,1267839.0
000561.SZ,2026-05-11 09:46:00,9.92,9.93,9.91,9.91,125900,1248509.0
000561.SZ,2026-05-11 09:47:00,9.9,9.91,9.9,9.9,53000,524837.0
000561.SZ,2026-05-11 09:48:00,9.92,9.92,9.9,9.91,112900,1119073.0
000561.SZ,2026-05-11 09:49:00,9.91,9.92,9.91,9.91,58200,576993.0
000561.SZ,2026-05-11 09:50:00,9.92,9.92,9.9,9.92,76600,759116.0
000561.SZ,2026-05-11 09:51:00,9.91,9.93,9.91,9.93,104000,1031960.0
000561.SZ,2026-05-11 09:52:00,9.92,9.95,9.91,9.95,717800,7129105.0
000561.SZ,2026-05-11 09:53:00,9.96,9.96,9.93,9.94,78800,784410.0
000561.SZ,2026-05-11 09:54:00,9.94,9.95,9.93,9.94,71700,712675.0
000561.SZ,2026-05-11 09:55:00,9.93,9.94,9.93,9.93,44400,440996.0
000561.SZ,2026-05-11 09:56:00,9.93,9.93,9.91,9.92,192000,1903725.0
000561.SZ,2026-05-11 09:57:00,9.91,9.92,9.91,9.92,140200,1389564.0
000561.SZ,2026-05-11 09:58:00,9.91,9.91,9.9,9.9,80600,798636.0
000561.SZ,2026-05-11 09:59:00,9.9,9.92,9.9,9.92,79200,784779.0
000561.SZ,2026-05-11 10:00:00,9.91,9.92,9.91,9.91,90700,899028.0
000561.SZ,2026-05-11 10:01:00,9.9,9.93,9.9,9.92,77100,764287.0
000561.SZ,2026-05-11 10:02:00,9.92,9.92,9.91,9.91,68600,680214.0
000561.SZ,2026-05-11 10:03:00,9.91,9.93,9.91,9.93,43200,428700.0
000561.SZ,2026-05-11 10:04:00,9.92,9.93,9.91,9.92,40300,399902.0
000561.SZ,2026-05-11 10:05:00,9.92,9.93,9.92,9.92,39100,387970.0
000561.SZ,2026-05-11 10:06:00,9.92,9.93,9.92,9.92,23900,237145.0
000561.SZ,2026-05-11 10:07:00,9.92,9.93,9.92,9.92,19900,197584.0
000561.SZ,2026-05-11 10:08:00,9.93,9.93,9.92,9.93,50600,502159.0
000561.SZ,2026-05-11 10:09:00,9.93,9.93,9.92,9.93,30700,304737.0
000561.SZ,2026-05-11 10:10:00,9.93,9.94,9.92,9.94,44000,437086.0
000561.SZ,2026-05-11 10:11:00,9.94,9.94,9.93,9.94,40400,401520.0
000561.SZ,2026-05-11 10:12:00,9.94,9.94,9.93,9.94,27900,277281.0
000561.SZ,2026-05-11 10:13:00,9.94,9.95,9.93,9.95,67600,672031.0
000561.SZ,2026-05-11 10:14:00,9.95,9.95,9.94,9.95,46900,466585.0
000561.SZ,2026-05-11 10:15:00,9.95,9.95,9.94,9.95,17300,172011.0
000561.SZ,2026-05-11 10:16:00,9.94,9.95,9.94,9.94,27900,277453.0
000561.SZ,2026-05-11 10:17:00,9.95,9.96,9.95,9.96,136300,1356572.0
000561.SZ,2026-05-11 10:18:00,9.96,9.96,9.95,9.96,66980,666813.0
000561.SZ,2026-05-11 10:19:00,9.96,9.96,9.95,9.96,34700,345577.0
000561.SZ,2026-05-11 10:20:00,9.95,9.97,9.95,9.97,123500,1230074.0
000561.SZ,2026-05-11 10:21:00,9.97,9.97,9.95,9.95,61000,607678.0
000561.SZ,2026-05-11 10:22:00,9.96,9.96,9.95,9.96,32400,322489.0
000561.SZ,2026-05-11 10:23:00,9.96,9.97,9.95,9.96,85400,850586.0
000561.SZ,2026-05-11 10:24:00,9.96,9.97,9.95,9.95,47800,476066.0
000561.SZ,2026-05-11 10:25:00,9.95,9.96,9.95,9.96,17200,171166.0
000561.SZ,2026-05-11 10:26:00,9.96,9.96,9.95,9.96,23000,228988.0
000561.SZ,2026-05-11 10:27:00,9.95,9.96,9.95,9.96,42900,427199.0
000561.SZ,2026-05-11 10:28:00,9.95,9.96,9.95,9.96,11700,116488.0
000561.SZ,2026-05-11 10:29:00,9.95,9.96,9.95,9.95,60000,597244.0
000561.SZ,2026-05-11 10:30:00,9.96,9.96,9.95,9.96,98400,979977.0
000561.SZ,2026-05-11 10:31:00,9.96,9.96,9.95,9.96,29400,292769.0
000561.SZ,2026-05-11 10:32:00,9.96,9.97,9.96,9.97,17600,175297.0
000561.SZ,2026-05-11 10:33:00,9.97,9.99,9.97,9.99,382100,3812660.0
000561.SZ,2026-05-11 10:34:00,9.99,10.0,9.99,10.0,229900,2297053.0
000561.SZ,2026-05-11 10:35:00,10.0,10.0,9.99,9.99,59500,594944.0
000561.SZ,2026-05-11 10:36:00,9.99,10.0,9.99,9.99,159679,1595568.2
000561.SZ,2026-05-11 10:37:00,10.0,10.0,9.99,10.0,55800,557818.0
000561.SZ,2026-05-11 10:38:00,10.0,10.0,9.99,9.99,54100,540689.0
000561.SZ,2026-05-11 10:39:00,9.99,9.99,9.98,9.99,73400,733178.0
000561.SZ,2026-05-11 10:40:00,9.99,10.0,9.99,9.99,55700,556475.0
000561.SZ,2026-05-11 10:41:00,9.99,9.99,9.98,9.98,31600,315604.0
000561.SZ,2026-05-11 10:42:00,9.99,9.99,9.98,9.98,45100,450224.0
000561.SZ,2026-05-11 10:43:00,9.99,9.99,9.98,9.98,35600,355312.0
000561.SZ,2026-05-11 10:44:00,9.98,9.99,9.98,9.98,24900,248565.0
000561.SZ,2026-05-11 10:45:00,9.98,9.98,9.97,9.98,35800,357168.0
000561.SZ,2026-05-11 10:46:00,9.97,9.97,9.96,9.96,29900,298091.0
000561.SZ,2026-05-11 10:47:00,9.96,9.98,9.96,9.98,39500,393923.0
000561.SZ,2026-05-11 10:48:00,9.97,9.98,9.97,9.97,55600,554629.0
000561.SZ,2026-05-11 10:49:00,9.98,9.98,9.96,9.97,35600,354936.0
000561.SZ,2026-05-11 10:50:00,9.97,9.97,9.96,9.96,103600,1031938.0
000561.SZ,2026-05-11 10:51:00,9.96,9.96,9.95,9.95,104200,1037080.0
000561.SZ,2026-05-11 10:52:00,9.96,9.96,9.95,9.96,11800,117521.0
000561.SZ,2026-05-11 10:53:00,9.96,9.96,9.95,9.95,13100,130377.0
000561.SZ,2026-05-11 10:54:00,9.96,9.96,9.95,9.95,19600,195036.0
000561.SZ,2026-05-11 10:55:00,9.96,9.98,9.95,9.98,88500,881610.0
000561.SZ,2026-05-11 10:56:00,9.96,9.97,9.95,9.97,9600,95626.0
000561.SZ,2026-05-11 10:57:00,9.97,9.98,9.96,9.97,33200,331025.0
000561.SZ,2026-05-11 10:58:00,9.98,9.98,9.98,9.98,40000,399199.0
000561.SZ,2026-05-11 10:59:00,9.99,9.99,9.97,9.97,7200,71819.0
000561.SZ,2026-05-11 11:00:00,9.98,9.98,9.97,9.98,4600,45899.0
000561.SZ,2026-05-11 11:01:00,9.98,9.98,9.97,9.97,22200,221514.0
000561.SZ,2026-05-11 11:02:00,9.97,9.98,9.97,9.98,20400,203467.0
000561.SZ,2026-05-11 11:03:00,9.98,9.98,9.97,9.97,32900,328265.0
000561.SZ,2026-05-11 11:04:00,9.98,9.98,9.97,9.97,47800,476879.0
000561.SZ,2026-05-11 11:05:00,9.98,9.98,9.97,9.98,28900,288346.0
000561.SZ,2026-05-11 11:06:00,9.98,9.99,9.98,9.98,10100,100799.0
000561.SZ,2026-05-11 11:07:00,9.99,9.99,9.98,9.99,9500,94890.0
000561.SZ,2026-05-11 11:08:00,9.98,9.99,9.98,9.99,22800,227659.0
000561.SZ,2026-05-11 11:09:00,9.99,9.99,9.98,9.99,35800,357543.0
000561.SZ,2026-05-11 11:10:00,9.98,9.99,9.98,9.98,10200,101853.0
000561.SZ,2026-05-11 11:11:00,9.99,9.99,9.98,9.98,53000,529075.0
000561.SZ,2026-05-11 11:12:00,9.98,9.98,9.97,9.97,6100,60860.0
000561.SZ,2026-05-11 11:13:00,9.98,9.98,9.97,9.98,20200,201457.0
000561.SZ,2026-05-11 11:14:00,9.97,9.98,9.97,9.97,26000,259341.0
000561.SZ,2026-05-11 11:15:00,9.97,9.98,9.97,9.98,6900,68816.0
000561.SZ,2026-05-11 11:16:00,9.98,9.98,9.97,9.97,13200,131673.0
000561.SZ,2026-05-11 11:17:00,9.98,9.98,9.97,9.97,2400,23942.0
000561.SZ,2026-05-11 11:18:00,9.97,9.98,9.97,9.97,12800,127621.0
000561.SZ,2026-05-11 11:19:00,9.97,9.98,9.97,9.97,34400,343164.0
000561.SZ,2026-05-11 11:20:00,9.97,9.98,9.97,9.97,18800,187449.0
000561.SZ,2026-05-11 11:21:00,9.98,9.98,9.97,9.97,35600,354961.0
000561.SZ,2026-05-11 11:22:00,9.97,9.97,9.96,9.96,15600,155449.0
000561.SZ,2026-05-11 11:23:00,9.97,9.97,9.96,9.97,25600,255033.0
000561.SZ,2026-05-11 11:24:00,9.97,9.97,9.96,9.96,40400,402475.0
000561.SZ,2026-05-11 11:25:00,9.96,9.97,9.96,9.97,16900,168412.0
000561.SZ,2026-05-11 11:26:00,9.97,9.97,9.96,9.96,9000,89723.0
000561.SZ,2026-05-11 11:27:00,9.96,9.97,9.96,9.96,53700,534869.0
000561.SZ,2026-05-11 11:28:00,9.96,9.96,9.95,9.96,2200,21905.0
000561.SZ,2026-05-11 11:29:00,9.95,9.97,9.95,9.97,15200,151413.0
000561.SZ,2026-05-11 11:30:00,9.96,9.97,9.96,9.97,19700,196328.0
000561.SZ,2026-05-11 13:01:00,9.97,9.97,9.95,9.95,142200,1417155.0
000561.SZ,2026-05-11 13:02:00,9.95,9.96,9.95,9.95,112900,1123478.0
000561.SZ,2026-05-11 13:03:00,9.94,9.96,9.94,9.96,54700,544333.0
000561.SZ,2026-05-11 13:04:00,9.95,9.96,9.95,9.95,56800,565438.0
000561.SZ,2026-05-11 13:05:00,9.96,9.96,9.95,9.95,72600,722881.0
000561.SZ,2026-05-11 13:06:00,9.95,9.95,9.93,9.93,194000,1927460.0
000561.SZ,2026-05-11 13:07:00,9.93,9.94,9.93,9.94,67800,673460.0
000561.SZ,2026-05-11 13:08:00,9.94,9.94,9.93,9.93,51500,511761.0
000561.SZ,2026-05-11 13:09:00,9.93,9.95,9.93,9.95,49700,494215.0
000561.SZ,2026-05-11 13:10:00,9.95,9.96,9.95,9.96,75700,753259.0
000561.SZ,2026-05-11 13:11:00,9.95,9.95,9.93,9.93,71100,707024.0
000561.SZ,2026-05-11 13:12:00,9.93,9.94,9.93,9.93,13600,135061.0
000561.SZ,2026-05-11 13:13:00,9.93,9.94,9.92,9.92,46000,456796.0
000561.SZ,2026-05-11 13:14:00,9.92,9.93,9.92,9.92,71900,713356.0
000561.SZ,2026-05-11 13:15:00,9.92,9.93,9.92,9.92,32500,322520.0
000561.SZ,2026-05-11 13:16:00,9.93,9.93,9.92,9.93,27600,274057.0
000561.SZ,2026-05-11 13:17:00,9.92,9.93,9.92,9.92,20000,198401.0
000561.SZ,2026-05-11 13:18:00,9.92,9.93,9.92,9.93,21600,214369.0
000561.SZ,2026-05-11 13:19:00,9.92,9.93,9.92,9.93,53500,531062.0
000561.SZ,2026-05-11 13:20:00,9.93,9.93,9.93,9.93,12500,124172.0
000561.SZ,2026-05-11 13:21:00,9.93,9.93,9.92,9.93,16100,159850.0
000561.SZ,2026-05-11 13:22:00,9.93,9.93,9.93,9.93,22900,227397.0
000561.SZ,2026-05-11 13:23:00,9.93,9.94,9.92,9.92,17200,170850.0
000561.SZ,2026-05-11 13:24:00,9.93,9.93,9.92,9.92,52000,515850.0
000561.SZ,2026-05-11 13:25:00,9.93,9.93,9.92,9.92,26300,260932.0
000561.SZ,2026-05-11 13:26:00,9.91,9.92,9.91,9.92,37000,366865.0
000561.SZ,2026-05-11 13:27:00,9.91,9.91,9.9,9.9,224700,2226066.0
000561.SZ,2026-05-11 13:28:00,9.9,9.91,9.9,9.9,44600,441611.0
000561.SZ,2026-05-11 13:29:00,9.9,9.91,9.9,9.91,18100,179225.0
000561.SZ,2026-05-11 13:30:00,9.9,9.91,9.9,9.91,30200,299037.0
000561.SZ,2026-05-11 13:31:00,9.91,9.91,9.9,9.9,5400,53461.0
000561.SZ,2026-05-11 13:32:00,9.91,9.91,9.9,9.91,19700,195103.0
000561.SZ,2026-05-11 13:33:00,9.9,9.91,9.89,9.9,200100,1980838.0
000561.SZ,2026-05-11 13:34:00,9.9,9.9,9.89,9.89,28800,284892.0
000561.SZ,2026-05-11 13:35:00,9.89,9.9,9.89,9.89,11400,112842.0
000561.SZ,2026-05-11 13:36:00,9.9,9.9,9.89,9.9,137000,1355611.0
000561.SZ,2026-05-11 13:37:00,9.9,9.92,9.9,9.92,162800,1613118.0
000561.SZ,2026-05-11 13:38:00,9.92,9.92,9.91,9.91,15900,157610.0
000561.SZ,2026-05-11 13:39:00,9.92,9.92,9.91,9.91,40900,405241.0
000561.SZ,2026-05-11 13:40:00,9.9,9.91,9.9,9.91,20000,198183.0
000561.SZ,2026-05-11 13:41:00,9.9,9.91,9.9,9.9,14600,144590.0
000561.SZ,2026-05-11 13:42:00,9.9,9.91,9.9,9.9,9800,97054.0
000561.SZ,2026-05-11 13:43:00,9.91,9.91,9.9,9.9,44200,437900.0
000561.SZ,2026-05-11 13:44:00,9.9,9.91,9.9,9.91,42800,423730.0
000561.SZ,2026-05-11 13:45:00,9.9,9.91,9.89,9.89,30300,299989.0
000561.SZ,2026-05-11 13:46:00,9.9,9.9,9.89,9.9,6200,61359.0
000561.SZ,2026-05-11 13:47:00,9.89,9.9,9.89,9.9,32600,322565.0
000561.SZ,2026-05-11 13:48:00,9.9,9.9,9.89,9.9,8000,79180.0
000561.SZ,2026-05-11 13:49:00,9.9,9.9,9.89,9.89,30600,302677.0
000561.SZ,2026-05-11 13:50:00,9.9,9.9,9.89,9.9,17400,172145.0
000561.SZ,2026-05-11 13:51:00,9.9,9.9,9.89,9.89,11300,111795.0
000561.SZ,2026-05-11 13:52:00,9.89,9.89,9.89,9.89,39700,392633.0
000561.SZ,2026-05-11 13:53:00,9.89,9.9,9.89,9.9,24200,239353.0
000561.SZ,2026-05-11 13:54:00,9.89,9.9,9.89,9.89,32900,325434.0
000561.SZ,2026-05-11 13:55:00,9.9,9.9,9.89,9.9,22100,218628.0
000561.SZ,2026-05-11 13:56:00,9.9,9.9,9.89,9.89,7000,69269.0
000561.SZ,2026-05-11 13:57:00,9.89,9.9,9.89,9.89,78200,773420.0
000561.SZ,2026-05-11 13:58:00,9.89,9.9,9.89,9.9,12000,118743.0
000561.SZ,2026-05-11 13:59:00,9.9,9.9,9.89,9.89,26300,260251.0
000561.SZ,2026-05-11 14:00:00,9.9,9.9,9.89,9.89,17000,168214.0
000561.SZ,2026-05-11 14:01:00,9.9,9.92,9.9,9.92,178600,1768694.0
000561.SZ,2026-05-11 14:02:00,9.92,9.92,9.91,9.91,11800,116975.0
000561.SZ,2026-05-11 14:03:00,9.91,9.92,9.91,9.91,25200,249770.0
000561.SZ,2026-05-11 14:04:00,9.91,9.93,9.91,9.92,58800,583183.0
000561.SZ,2026-05-11 14:05:00,9.92,9.93,9.92,9.93,43100,427801.0
000561.SZ,2026-05-11 14:06:00,9.93,9.93,9.92,9.92,9000,89347.0
000561.SZ,2026-05-11 14:07:00,9.92,9.93,9.92,9.92,23200,230151.0
000561.SZ,2026-05-11 14:08:00,9.93,9.93,9.92,9.93,8300,82369.0
000561.SZ,2026-05-11 14:09:00,9.93,9.93,9.92,9.93,14000,138992.0
000561.SZ,2026-05-11 14:10:00,9.93,9.93,9.92,9.93,15400,152900.0
000561.SZ,2026-05-11 14:11:00,9.92,9.94,9.92,9.94,65700,652377.0
000561.SZ,2026-05-11 14:12:00,9.94,9.94,9.93,9.93,31500,312887.0
000561.SZ,2026-05-11 14:13:00,9.93,9.94,9.93,9.93,29300,290969.0
000561.SZ,2026-05-11 14:14:00,9.93,9.93,9.93,9.93,32200,319746.0
000561.SZ,2026-05-11 14:15:00,9.93,9.94,9.92,9.92,17100,169746.0
000561.SZ,2026-05-11 14:16:00,9.92,9.93,9.92,9.93,26600,263908.0
000561.SZ,2026-05-11 14:17:00,9.92,9.93,9.92,9.92,28200,279966.0
000561.SZ,2026-05-11 14:18:00,9.92,9.93,9.92,9.93,34500,342517.0
000561.SZ,2026-05-11 14:19:00,9.93,9.94,9.93,9.94,10500,104293.0
000561.SZ,2026-05-11 14:20:00,9.93,9.93,9.92,9.93,25900,257204.0
000561.SZ,2026-05-11 14:21:00,9.93,9.94,9.93,9.94,22800,226461.0
000561.SZ,2026-05-11 14:22:00,9.94,9.94,9.93,9.93,13200,131090.0
000561.SZ,2026-05-11 14:23:00,9.93,9.93,9.93,9.93,18700,185695.0
000561.SZ,2026-05-11 14:24:00,9.93,9.93,9.92,9.93,20700,205531.0
000561.SZ,2026-05-11 14:25:00,9.92,9.93,9.92,9.93,12200,121125.0
000561.SZ,2026-05-11 14:26:00,9.93,9.93,9.93,9.93,13500,134077.0
000561.SZ,2026-05-11 14:27:00,9.94,9.94,9.93,9.94,31300,310857.0
000561.SZ,2026-05-11 14:28:00,9.93,9.94,9.92,9.93,66100,656186.0
000561.SZ,2026-05-11 14:29:00,9.92,9.93,9.92,9.93,10900,108230.0
000561.SZ,2026-05-11 14:30:00,9.92,9.93,9.92,9.93,17500,173704.0
000561.SZ,2026-05-11 14:31:00,9.93,9.94,9.92,9.93,50400,500407.0
000561.SZ,2026-05-11 14:32:00,9.93,9.93,9.93,9.93,67900,674247.0
000561.SZ,2026-05-11 14:33:00,9.94,9.94,9.93,9.93,9300,92359.0
000561.SZ,2026-05-11 14:34:00,9.93,9.93,9.92,9.92,81400,807773.0
000561.SZ,2026-05-11 14:35:00,9.93,9.93,9.92,9.92,25900,256996.0
000561.SZ,2026-05-11 14:36:00,9.92,9.93,9.92,9.93,12500,124042.0
000561.SZ,2026-05-11 14:37:00,9.93,9.93,9.92,9.92,29400,291729.0
000561.SZ,2026-05-11 14:38:00,9.93,9.93,9.92,9.92,84800,841393.0
000561.SZ,2026-05-11 14:39:00,9.92,9.93,9.92,9.92,64800,643058.0
000561.SZ,2026-05-11 14:40:00,9.92,9.93,9.92,9.93,16500,163753.0
000561.SZ,2026-05-11 14:41:00,9.92,9.93,9.92,9.92,41300,409866.0
000561.SZ,2026-05-11 14:42:00,9.92,9.93,9.92,9.92,26700,264928.0
000561.SZ,2026-05-11 14:43:00,9.92,9.93,9.92,9.93,39700,393840.0
000561.SZ,2026-05-11 14:44:00,9.92,9.93,9.92,9.92,42900,425603.0
000561.SZ,2026-05-11 14:45:00,9.92,9.93,9.92,9.93,93000,922716.0
000561.SZ,2026-05-11 14:46:00,9.92,9.93,9.91,9.92,72500,719287.0
000561.SZ,2026-05-11 14:47:00,9.92,9.92,9.91,9.92,26600,263702.0
000561.SZ,2026-05-11 14:48:00,9.92,9.92,9.91,9.92,40700,403617.0
000561.SZ,2026-05-11 14:49:00,9.91,9.92,9.91,9.91,45200,448052.0
000561.SZ,2026-05-11 14:50:00,9.92,9.93,9.91,9.91,133600,1325162.0
000561.SZ,2026-05-11 14:51:00,9.92,9.93,9.92,9.92,42300,419692.0
000561.SZ,2026-05-11 14:52:00,9.92,9.93,9.92,9.93,24000,238190.0
000561.SZ,2026-05-11 14:53:00,9.93,9.93,9.92,9.93,29600,293779.0
000561.SZ,2026-05-11 14:54:00,9.92,9.93,9.92,9.92,120600,1196497.0
000561.SZ,2026-05-11 14:55:00,9.92,9.93,9.92,9.93,45000,446672.0
000561.SZ,2026-05-11 14:56:00,9.92,9.93,9.92,9.93,279800,2778077.0
000561.SZ,2026-05-11 14:57:00,9.94,9.94,9.92,9.94,95200,945732.0
000561.SZ,2026-05-11 14:58:00,9.94,9.94,9.94,9.94,0,0.0
000561.SZ,2026-05-11 14:59:00,9.94,9.94,9.94,9.94,0,0.0
000561.SZ,2026-05-11 15:00:00,9.94,9.94,9.94,9.94,203800,2025772.0
000561.SZ,2026-05-12 09:30:00,9.93,9.93,9.91,9.93,58200,577861.0
000561.SZ,2026-05-12 09:31:00,9.92,9.94,9.87,9.87,229500,2271555.0
000561.SZ,2026-05-12 09:32:00,9.87,9.87,9.8,9.86,284800,2805450.0
000561.SZ,2026-05-12 09:33:00,9.85,9.86,9.85,9.86,129700,1278569.0
000561.SZ,2026-05-12 09:34:00,9.86,9.86,9.82,9.82,209600,2061656.0
000561.SZ,2026-05-12 09:35:00,9.81,9.82,9.8,9.81,269200,2640555.0
000561.SZ,2026-05-12 09:36:00,9.8,9.82,9.78,9.78,266985,2615772.2
000561.SZ,2026-05-12 09:37:00,9.78,9.82,9.78,9.82,128800,1261249.0
000561.SZ,2026-05-12 09:38:00,9.81,9.83,9.81,9.83,138400,1358379.0
000561.SZ,2026-05-12 09:39:00,9.82,9.84,9.82,9.84,98100,964267.0
000561.SZ,2026-05-12 09:40:00,9.83,9.85,9.83,9.84,66600,655144.0
000561.SZ,2026-05-12 09:41:00,9.84,9.86,9.84,9.85,55000,541661.0
000561.SZ,2026-05-12 09:42:00,9.85,9.86,9.84,9.85,32800,323004.0
000561.SZ,2026-05-12 09:43:00,9.85,9.86,9.85,9.85,78300,771554.0
000561.SZ,2026-05-12 09:44:00,9.85,9.85,9.84,9.85,110300,1086277.0
000561.SZ,2026-05-12 09:45:00,9.85,9.86,9.84,9.85,51100,503404.0
000561.SZ,2026-05-12 09:46:00,9.84,9.88,9.84,9.87,111200,1096712.0
000561.SZ,2026-05-12 09:47:00,9.87,9.88,9.87,9.87,39400,389049.0
000561.SZ,2026-05-12 09:48:00,9.87,9.88,9.87,9.88,29300,289232.0
000561.SZ,2026-05-12 09:49:00,9.88,9.88,9.86,9.87,34400,339432.0
000561.SZ,2026-05-12 09:50:00,9.87,9.87,9.86,9.86,31000,305875.0
000561.SZ,2026-05-12 09:51:00,9.86,9.86,9.85,9.85,52100,513466.0
000561.SZ,2026-05-12 09:52:00,9.85,9.85,9.83,9.83,67100,660127.0
000561.SZ,2026-05-12 09:53:00,9.82,9.82,9.82,9.82,60100,590196.0
000561.SZ,2026-05-12 09:54:00,9.82,9.83,9.82,9.83,216280,2124296.5
000561.SZ,2026-05-12 09:55:00,9.83,9.83,9.82,9.82,46800,459779.0
000561.SZ,2026-05-12 09:56:00,9.82,9.82,9.81,9.81,57800,567402.0
000561.SZ,2026-05-12 09:57:00,9.81,9.82,9.81,9.81,102300,1003614.0
000561.SZ,2026-05-12 09:58:00,9.81,9.81,9.8,9.8,76600,751276.0
000561.SZ,2026-05-12 09:59:00,9.8,9.81,9.79,9.8,154400,1513095.0
000561.SZ,2026-05-12 10:00:00,9.79,9.81,9.79,9.81,144700,1418042.0
000561.SZ,2026-05-12 10:01:00,9.8,9.81,9.8,9.81,61200,599893.0
000561.SZ,2026-05-12 10:02:00,9.8,9.81,9.79,9.8,80800,791654.0
000561.SZ,2026-05-12 10:03:00,9.79,9.8,9.79,9.8,45400,444837.0
000561.SZ,2026-05-12 10:04:00,9.79,9.8,9.79,9.79,31400,307470.0
000561.SZ,2026-05-12 10:05:00,9.8,9.8,9.79,9.8,188900,1850972.0
000561.SZ,2026-05-12 10:06:00,9.8,9.81,9.8,9.81,28400,278516.0
000561.SZ,2026-05-12 10:07:00,9.81,9.81,9.8,9.81,98000,961179.0
000561.SZ,2026-05-12 10:08:00,9.8,9.81,9.8,9.8,47500,465633.0
000561.SZ,2026-05-12 10:09:00,9.8,9.81,9.8,9.8,44900,440029.0
000561.SZ,2026-05-12 10:10:00,9.8,9.8,9.79,9.79,107000,1048343.0
000561.SZ,2026-05-12 10:11:00,9.79,9.79,9.77,9.77,311615,3048269.8
000561.SZ,2026-05-12 10:12:00,9.77,9.77,9.76,9.76,252000,2460217.0
000561.SZ,2026-05-12 10:13:00,9.76,9.76,9.76,9.76,47400,462626.0
000561.SZ,2026-05-12 10:14:00,9.76,9.77,9.76,9.76,35800,349422.0
000561.SZ,2026-05-12 10:15:00,9.76,9.76,9.75,9.76,80500,785319.0
000561.SZ,2026-05-12 10:16:00,9.76,9.76,9.75,9.75,130700,1274407.0
000561.SZ,2026-05-12 10:17:00,9.75,9.76,9.75,9.76,59700,582172.0
000561.SZ,2026-05-12 10:18:00,9.75,9.76,9.75,9.75,54400,530429.0
000561.SZ,2026-05-12 10:19:00,9.74,9.74,9.72,9.73,184300,1793674.0
000561.SZ,2026-05-12 10:20:00,9.73,9.74,9.73,9.74,71900,699596.0
000561.SZ,2026-05-12 10:21:00,9.73,9.74,9.72,9.72,88000,855990.0
000561.SZ,2026-05-12 10:22:00,9.72,9.73,9.72,9.72,121300,1179260.0
000561.SZ,2026-05-12 10:23:00,9.72,9.74,9.71,9.73,119100,1158101.0
000561.SZ,2026-05-12 10:24:00,9.73,9.74,9.72,9.72,39000,379377.0
000561.SZ,2026-05-12 10:25:00,9.73,9.73,9.72,9.73,52200,507823.0
000561.SZ,2026-05-12 10:26:00,9.73,9.73,9.72,9.73,57600,560128.0
000561.SZ,2026-05-12 10:27:00,9.72,9.73,9.72,9.72,28900,280999.0
000561.SZ,2026-05-12 10:28:00,9.73,9.73,9.72,9.72,50900,494945.0
000561.SZ,2026-05-12 10:29:00,9.72,9.72,9.71,9.72,110800,1076888.0
000561.SZ,2026-05-12 10:30:00,9.72,9.72,9.71,9.71,36200,351635.0
000561.SZ,2026-05-12 10:31:00,9.71,9.72,9.71,9.71,35900,348613.0
000561.SZ,2026-05-12 10:32:00,9.71,9.72,9.7,9.72,183700,1783754.0
000561.SZ,2026-05-12 10:33:00,9.72,9.73,9.71,9.73,167800,1630994.0
000561.SZ,2026-05-12 10:34:00,9.73,9.73,9.72,9.72,54200,527057.0
000561.SZ,2026-05-12 10:35:00,9.72,9.72,9.71,9.71,38700,375825.0
000561.SZ,2026-05-12 10:36:00,9.71,9.73,9.71,9.72,42700,415062.0
000561.SZ,2026-05-12 10:37:00,9.73,9.73,9.72,9.72,17900,174042.0
000561.SZ,2026-05-12 10:38:00,9.73,9.73,9.72,9.72,12900,125480.0
000561.SZ,2026-05-12 10:39:00,9.73,9.73,9.71,9.71,61400,596838.0
000561.SZ,2026-05-12 10:40:00,9.72,9.72,9.71,9.72,51600,501247.0
000561.SZ,2026-05-12 10:41:00,9.72,9.72,9.71,9.72,41300,401110.0
000561.SZ,2026-05-12 10:42:00,9.72,9.72,9.71,9.72,21100,204977.0
000561.SZ,2026-05-12 10:43:00,9.72,9.72,9.71,9.72,31900,309973.0
000561.SZ,2026-05-12 10:44:00,9.71,9.73,9.71,9.73,95700,930488.0
000561.SZ,2026-05-12 10:45:00,9.74,9.74,9.73,9.74,21800,212190.0
000561.SZ,2026-05-12 10:46:00,9.74,9.74,9.74,9.74,41500,404181.0
000561.SZ,2026-05-12 10:47:00,9.74,9.74,9.73,9.73,6600,64252.0
000561.SZ,2026-05-12 10:48:00,9.73,9.74,9.73,9.74,29200,284204.0
000561.SZ,2026-05-12 10:49:00,9.74,9.74,9.73,9.74,21800,212279.0
000561.SZ,2026-05-12 10:50:00,9.74,9.74,9.73,9.74,13800,134340.0
000561.SZ,2026-05-12 10:51:00,9.74,9.74,9.73,9.74,22100,215238.0
000561.SZ,2026-05-12 10:52:00,9.75,9.75,9.74,9.75,8700,84786.0
000561.SZ,2026-05-12 10:53:00,9.75,9.75,9.74,9.74,24100,234924.0
000561.SZ,2026-05-12 10:54:00,9.74,9.75,9.74,9.75,10600,103315.0
000561.SZ,2026-05-12 10:55:00,9.75,9.75,9.74,9.74,39200,382133.0
000561.SZ,2026-05-12 10:56:00,9.74,9.75,9.74,9.74,20500,199722.0
000561.SZ,2026-05-12 10:57:00,9.75,9.76,9.75,9.76,37200,362730.0
000561.SZ,2026-05-12 10:58:00,9.76,9.76,9.75,9.75,145900,1423961.0
000561.SZ,2026-05-12 10:59:00,9.76,9.76,9.75,9.75,5200,50748.0
000561.SZ,2026-05-12 11:00:00,9.76,9.76,9.74,9.74,59000,575242.0
000561.SZ,2026-05-12 11:01:00,9.74,9.75,9.74,9.75,8100,78940.0
000561.SZ,2026-05-12 11:02:00,9.74,9.74,9.73,9.74,18800,183102.0
000561.SZ,2026-05-12 11:03:00,9.73,9.74,9.73,9.73,24900,242289.0
000561.SZ,2026-05-12 11:04:00,9.73,9.73,9.72,9.72,39300,382310.0
000561.SZ,2026-05-12 11:05:00,9.73,9.73,9.72,9.72,22000,213943.0
000561.SZ,2026-05-12 11:06:00,9.73,9.73,9.72,9.73,11000,107022.0
000561.SZ,2026-05-12 11:07:00,9.73,9.73,9.72,9.73,18900,183838.0
000561.SZ,2026-05-12 11:08:00,9.72,9.73,9.72,9.73,15300,148831.0
000561.SZ,2026-05-12 11:09:00,9.73,9.74,9.73,9.73,35200,342503.0
000561.SZ,2026-05-12 11:10:00,9.73,9.74,9.73,9.73,76400,743409.0
000561.SZ,2026-05-12 11:11:00,9.74,9.75,9.74,9.74,49100,478291.0
000561.SZ,2026-05-12 11:12:00,9.74,9.74,9.73,9.74,19000,185060.0
000561.SZ,2026-05-12 11:13:00,9.73,9.74,9.73,9.73,18600,181002.0
000561.SZ,2026-05-12 11:14:00,9.72,9.72,9.72,9.72,2400,23328.0
000561.SZ,2026-05-12 11:15:00,9.72,9.73,9.72,9.72,42100,409243.0
000561.SZ,2026-05-12 11:16:00,9.72,9.73,9.72,9.72,17600,171102.0
000561.SZ,2026-05-12 11:17:00,9.72,9.72,9.72,9.72,36900,358668.0
000561.SZ,2026-05-12 11:18:00,9.72,9.72,9.71,9.71,10800,104936.0
000561.SZ,2026-05-12 11:19:00,9.72,9.72,9.71,9.72,18700,181605.0
000561.SZ,2026-05-12 11:20:00,9.7,9.71,9.7,9.7,165400,1605792.0
000561.SZ,2026-05-12 11:21:00,9.7,9.71,9.69,9.69,252000,2444310.0
000561.SZ,2026-05-12 11:22:00,9.69,9.69,9.68,9.68,117300,1136444.0
000561.SZ,2026-05-12 11:23:00,9.68,9.69,9.68,9.68,40000,387249.0
000561.SZ,2026-05-12 11:24:00,9.69,9.69,9.68,9.68,39500,382464.0
000561.SZ,2026-05-12 11:25:00,9.68,9.69,9.67,9.68,64000,619431.0
000561.SZ,2026-05-12 11:26:00,9.67,9.68,9.67,9.67,52200,504865.0
000561.SZ,2026-05-12 11:27:00,9.67,9.67,9.66,9.66,48200,465835.0
000561.SZ,2026-05-12 11:28:00,9.66,9.67,9.66,9.66,26500,256110.0
000561.SZ,2026-05-12 11:29:00,9.66,9.67,9.66,9.66,17100,165190.0
000561.SZ,2026-05-12 11:30:00,9.66,9.67,9.66,9.66,34100,329452.0
000561.SZ,2026-05-12 13:01:00,9.67,9.67,9.63,9.64,164900,1591746.0
000561.SZ,2026-05-12 13:02:00,9.63,9.64,9.63,9.64,29300,282295.0
000561.SZ,2026-05-12 13:03:00,9.64,9.64,9.63,9.63,33100,318905.0
000561.SZ,2026-05-12 13:04:00,9.63,9.65,9.63,9.65,27300,263171.0
000561.SZ,2026-05-12 13:05:00,9.65,9.65,9.64,9.64,22100,213131.0
000561.SZ,2026-05-12 13:06:00,9.65,9.65,9.64,9.64,7400,71347.0
000561.SZ,2026-05-12 13:07:00,9.64,9.65,9.64,9.65,27700,267121.0
000561.SZ,2026-05-12 13:08:00,9.65,9.65,9.64,9.65,30200,291355.0
000561.SZ,2026-05-12 13:09:00,9.65,9.65,9.64,9.65,23500,226726.0
000561.SZ,2026-05-12 13:10:00,9.64,9.65,9.64,9.64,40300,388587.0
000561.SZ,2026-05-12 13:11:00,9.64,9.64,9.63,9.64,43400,418375.0
000561.SZ,2026-05-12 13:12:00,9.65,9.66,9.64,9.66,29100,280827.0
000561.SZ,2026-05-12 13:13:00,9.66,9.66,9.64,9.65,49900,481438.0
000561.SZ,2026-05-12 13:14:00,9.65,9.66,9.65,9.66,21700,209485.0
000561.SZ,2026-05-12 13:15:00,9.66,9.67,9.66,9.67,27100,261824.0
000561.SZ,2026-05-12 13:16:00,9.67,9.68,9.66,9.66,26100,252230.0
000561.SZ,2026-05-12 13:17:00,9.66,9.67,9.66,9.67,6400,61880.0
000561.SZ,2026-05-12 13:18:00,9.67,9.68,9.67,9.67,24300,234987.0
000561.SZ,2026-05-12 13:19:00,9.67,9.68,9.67,9.68,35000,338767.0
000561.SZ,2026-05-12 13:20:00,9.67,9.68,9.67,9.67,27100,262088.0
000561.SZ,2026-05-12 13:21:00,9.67,9.67,9.67,9.67,22800,220497.0
000561.SZ,2026-05-12 13:22:00,9.67,9.68,9.67,9.68,5000,48383.0
000561.SZ,2026-05-12 13:23:00,9.67,9.68,9.67,9.67,16400,158630.0
000561.SZ,2026-05-12 13:24:00,9.67,9.68,9.67,9.68,14100,136368.0
000561.SZ,2026-05-12 13:25:00,9.67,9.68,9.67,9.68,28500,275872.0
000561.SZ,2026-05-12 13:26:00,9.68,9.68,9.67,9.68,26800,259422.0
000561.SZ,2026-05-12 13:27:00,9.68,9.69,9.68,9.69,10500,101672.0
000561.SZ,2026-05-12 13:28:00,9.69,9.69,9.69,9.69,56400,546170.0
000561.SZ,2026-05-12 13:29:00,9.7,9.7,9.7,9.7,4700,45590.0
000561.SZ,2026-05-12 13:30:00,9.7,9.7,9.7,9.7,39200,380223.0
000561.SZ,2026-05-12 13:31:00,9.71,9.71,9.69,9.7,9900,96050.0
000561.SZ,2026-05-12 13:32:00,9.7,9.7,9.69,9.7,18000,174423.0
000561.SZ,2026-05-12 13:33:00,9.69,9.7,9.69,9.69,22300,216104.0
000561.SZ,2026-05-12 13:34:00,9.69,9.69,9.69,9.69,1500,14535.0
000561.SZ,2026-05-12 13:35:00,9.68,9.69,9.68,9.68,18800,181994.0
000561.SZ,2026-05-12 13:36:00,9.68,9.68,9.67,9.68,48700,471299.0
000561.SZ,2026-05-12 13:37:00,9.67,9.68,9.67,9.68,13200,127679.0
000561.SZ,2026-05-12 13:38:00,9.67,9.68,9.67,9.67,67800,655727.0
000561.SZ,2026-05-12 13:39:00,9.67,9.68,9.67,9.67,11700,113199.0
000561.SZ,2026-05-12 13:40:00,9.67,9.68,9.67,9.68,22400,216711.0
000561.SZ,2026-05-12 13:41:00,9.67,9.68,9.67,9.67,33700,325893.0
000561.SZ,2026-05-12 13:42:00,9.67,9.71,9.67,9.7,121600,1178208.0
000561.SZ,2026-05-12 13:43:00,9.7,9.73,9.69,9.7,135900,1319464.0
000561.SZ,2026-05-12 13:44:00,9.7,9.71,9.7,9.71,16200,157242.0
000561.SZ,2026-05-12 13:45:00,9.7,9.71,9.7,9.71,24100,233922.0
000561.SZ,2026-05-12 13:46:00,9.72,9.72,9.71,9.72,37400,363508.0
000561.SZ,2026-05-12 13:47:00,9.72,9.72,9.7,9.7,46200,448391.0
000561.SZ,2026-05-12 13:48:00,9.7,9.7,9.69,9.69,10800,104745.0
000561.SZ,2026-05-12 13:49:00,9.7,9.7,9.69,9.69,19600,189931.0
000561.SZ,2026-05-12 13:50:00,9.68,9.69,9.68,9.68,23900,231514.0
000561.SZ,2026-05-12 13:51:00,9.7,9.72,9.7,9.71,76100,738984.0
000561.SZ,2026-05-12 13:52:00,9.72,9.72,9.7,9.7,16800,163169.0
000561.SZ,2026-05-12 13:53:00,9.7,9.72,9.7,9.72,175300,1703277.0
000561.SZ,2026-05-12 13:54:00,9.71,9.71,9.7,9.71,17600,170894.0
000561.SZ,2026-05-12 13:55:00,9.71,9.71,9.7,9.71,32000,310666.0
000561.SZ,2026-05-12 13:56:00,9.71,9.72,9.71,9.71,72600,705105.0
000561.SZ,2026-05-12 13:57:00,9.71,9.72,9.7,9.72,39300,381605.0
000561.SZ,2026-05-12 13:58:00,9.71,9.72,9.71,9.71,47400,460361.0
000561.SZ,2026-05-12 13:59:00,9.71,9.72,9.71,9.71,3400,33015.0
000561.SZ,2026-05-12 14:00:00,9.72,9.72,9.71,9.72,31400,305127.0
000561.SZ,2026-05-12 14:01:00,9.72,9.73,9.72,9.73,67000,651824.0
000561.SZ,2026-05-12 14:02:00,9.73,9.73,9.72,9.72,56200,546683.0
000561.SZ,2026-05-12 14:03:00,9.73,9.73,9.72,9.72,12500,121519.0
000561.SZ,2026-05-12 14:04:00,9.73,9.73,9.72,9.72,66400,645429.0
000561.SZ,2026-05-12 14:05:00,9.72,9.73,9.72,9.72,5200,50566.0
000561.SZ,2026-05-12 14:06:00,9.73,9.73,9.72,9.72,15600,151689.0
000561.SZ,2026-05-12 14:07:00,9.72,9.73,9.72,9.72,20500,199265.0
000561.SZ,2026-05-12 14:08:00,9.72,9.72,9.71,9.71,5200,50515.0
000561.SZ,2026-05-12 14:09:00,9.72,9.72,9.71,9.71,13500,131170.0
000561.SZ,2026-05-12 14:10:00,9.71,9.72,9.71,9.71,17000,165086.0
000561.SZ,2026-05-12 14:11:00,9.71,9.72,9.71,9.71,22100,214596.0
000561.SZ,2026-05-12 14:12:00,9.71,9.71,9.71,9.71,6200,60202.0
000561.SZ,2026-05-12 14:13:00,9.71,9.71,9.7,9.71,12200,118442.0
000561.SZ,2026-05-12 14:14:00,9.71,9.71,9.7,9.7,4200,40755.0
000561.SZ,2026-05-12 14:15:00,9.7,9.7,9.69,9.7,168600,1635379.0
000561.SZ,2026-05-12 14:16:00,9.7,9.7,9.7,9.7,7200,69840.0
000561.SZ,2026-05-12 14:17:00,9.7,9.7,9.7,9.7,30900,299732.0
000561.SZ,2026-05-12 14:18:00,9.7,9.7,9.69,9.69,1600,15518.0
000561.SZ,2026-05-12 14:19:00,9.7,9.7,9.69,9.69,3300,31992.0
000561.SZ,2026-05-12 14:20:00,9.71,9.71,9.7,9.7,23800,230958.0
000561.SZ,2026-05-12 14:21:00,9.7,9.71,9.7,9.7,19300,187252.0
000561.SZ,2026-05-12 14:22:00,9.7,9.72,9.7,9.72,32300,313636.0
000561.SZ,2026-05-12 14:23:00,9.72,9.72,9.71,9.71,16700,162233.0
000561.SZ,2026-05-12 14:24:00,9.72,9.72,9.71,9.72,34000,330301.0
000561.SZ,2026-05-12 14:25:00,9.72,9.73,9.71,9.72,21000,204122.0
000561.SZ,2026-05-12 14:26:00,9.72,9.73,9.72,9.73,10300,100186.0
000561.SZ,2026-05-12 14:27:00,9.73,9.73,9.72,9.73,54900,533646.0
000561.SZ,2026-05-12 14:28:00,9.73,9.73,9.71,9.72,14700,142865.0
000561.SZ,2026-05-12 14:29:00,9.72,9.72,9.71,9.72,34500,335203.0
000561.SZ,2026-05-12 14:30:00,9.72,9.72,9.71,9.71,9600,93293.0
000561.SZ,2026-05-12 14:31:00,9.71,9.71,9.71,9.71,30800,299068.0
000561.SZ,2026-05-12 14:32:00,9.71,9.71,9.7,9.7,46800,454249.0
000561.SZ,2026-05-12 14:33:00,9.7,9.72,9.7,9.71,45000,436931.0
000561.SZ,2026-05-12 14:34:00,9.71,9.71,9.7,9.7,24700,239787.0
000561.SZ,2026-05-12 14:35:00,9.7,9.72,9.7,9.72,41900,406696.0
000561.SZ,2026-05-12 14:36:00,9.71,9.72,9.71,9.72,7900,76763.0
000561.SZ,2026-05-12 14:37:00,9.71,9.71,9.7,9.71,134600,1306979.0
000561.SZ,2026-05-12 14:38:00,9.71,9.72,9.71,9.71,11000,106820.0
000561.SZ,2026-05-12 14:39:00,9.71,9.72,9.71,9.71,22101,214616.7
000561.SZ,2026-05-12 14:40:00,9.71,9.72,9.7,9.71,34399,333892.28
000561.SZ,2026-05-12 14:41:00,9.72,9.72,9.71,9.71,22900,222387.0
000561.SZ,2026-05-12 14:42:00,9.71,9.72,9.71,9.72,55800,541956.0
000561.SZ,2026-05-12 14:43:00,9.72,9.72,9.71,9.72,98200,953798.0
000561.SZ,2026-05-12 14:44:00,9.71,9.72,9.71,9.71,21900,212704.0
000561.SZ,2026-05-12 14:45:00,9.72,9.72,9.71,9.71,21700,210870.0
000561.SZ,2026-05-12 14:46:00,9.72,9.72,9.72,9.72,36000,349825.0
000561.SZ,2026-05-12 14:47:00,9.72,9.72,9.71,9.72,77900,757019.0
000561.SZ,2026-05-12 14:48:00,9.72,9.72,9.71,9.71,23100,224453.0
000561.SZ,2026-05-12 14:49:00,9.72,9.72,9.71,9.71,18700,181678.0
000561.SZ,2026-05-12 14:50:00,9.72,9.72,9.71,9.72,35400,344024.0
000561.SZ,2026-05-12 14:51:00,9.72,9.72,9.72,9.72,40000,388820.0
000561.SZ,2026-05-12 14:52:00,9.72,9.72,9.71,9.71,23800,231251.0
000561.SZ,2026-05-12 14:53:00,9.72,9.72,9.71,9.71,58200,565362.0
000561.SZ,2026-05-12 14:54:00,9.71,9.72,9.71,9.72,58583,568912.94
000561.SZ,2026-05-12 14:55:00,9.72,9.72,9.71,9.71,79793,774835.0
000561.SZ,2026-05-12 14:56:00,9.71,9.72,9.71,9.71,86500,840193.0
000561.SZ,2026-05-12 14:57:00,9.72,9.72,9.71,9.72,67300,653805.0
000561.SZ,2026-05-12 14:58:00,9.72,9.72,9.72,9.72,0,0.0
000561.SZ,2026-05-12 14:59:00,9.72,9.72,9.72,9.72,0,0.0
000561.SZ,2026-05-12 15:00:00,9.71,9.71,9.71,9.71,133700,1298227.0
000561.SZ,2026-05-13 09:30:00,9.74,9.8,9.72,9.72,556600,5421487.0
000561.SZ,2026-05-13 09:31:00,9.75,9.75,9.66,9.72,813800,7907792.0
000561.SZ,2026-05-13 09:32:00,9.72,9.72,9.7,9.72,95800,930621.0
000561.SZ,2026-05-13 09:33:00,9.73,9.77,9.73,9.77,235800,2301262.0
000561.SZ,2026-05-13 09:34:00,9.74,9.75,9.73,9.73,120400,1172716.0
000561.SZ,2026-05-13 09:35:00,9.73,9.73,9.72,9.73,60900,592267.0
000561.SZ,2026-05-13 09:36:00,9.72,9.73,9.69,9.73,208200,2021325.0
000561.SZ,2026-05-13 09:37:00,9.73,9.74,9.68,9.68,93100,904167.0
000561.SZ,2026-05-13 09:38:00,9.68,9.68,9.66,9.66,114800,1110411.0
000561.SZ,2026-05-13 09:39:00,9.66,9.66,9.65,9.65,167600,1618868.0
000561.SZ,2026-05-13 09:40:00,9.66,9.69,9.65,9.69,111300,1075104.0
000561.SZ,2026-05-13 09:41:00,9.68,9.69,9.67,9.68,45700,442441.0
000561.SZ,2026-05-13 09:42:00,9.67,9.69,9.67,9.67,89900,869812.0
000561.SZ,2026-05-13 09:43:00,9.67,9.68,9.66,9.68,52500,507724.0
000561.SZ,2026-05-13 09:44:00,9.67,9.68,9.66,9.68,42800,413861.0
000561.SZ,2026-05-13 09:45:00,9.68,9.68,9.67,9.67,92000,889782.0
000561.SZ,2026-05-13 09:46:00,9.67,9.68,9.67,9.68,72600,702361.0
000561.SZ,2026-05-13 09:47:00,9.68,9.68,9.67,9.68,54500,527127.0
000561.SZ,2026-05-13 09:48:00,9.68,9.69,9.67,9.69,33100,320447.0
000561.SZ,2026-05-13 09:49:00,9.69,9.7,9.69,9.7,104700,1014935.0
000561.SZ,2026-05-13 09:50:00,9.7,9.7,9.69,9.7,62100,601978.0
000561.SZ,2026-05-13 09:51:00,9.71,9.71,9.69,9.69,79700,772835.0
000561.SZ,2026-05-13 09:52:00,9.69,9.7,9.68,9.69,61000,591234.0
000561.SZ,2026-05-13 09:53:00,9.7,9.74,9.69,9.73,118500,1151002.0
000561.SZ,2026-05-13 09:54:00,9.73,9.75,9.73,9.75,35300,343860.0
000561.SZ,2026-05-13 09:55:00,9.75,9.75,9.74,9.75,49300,480587.0
000561.SZ,2026-05-13 09:56:00,9.75,9.78,9.75,9.77,134600,1314609.0
000561.SZ,2026-05-13 09:57:00,9.76,9.76,9.73,9.73,134200,1308396.0
000561.SZ,2026-05-13 09:58:00,9.74,9.74,9.73,9.74,30300,295099.0
000561.SZ,2026-05-13 09:59:00,9.75,9.75,9.74,9.74,62700,611065.0
000561.SZ,2026-05-13 10:00:00,9.74,9.75,9.73,9.74,72900,710154.0
000561.SZ,2026-05-13 10:01:00,9.74,9.74,9.71,9.71,52500,510458.0
000561.SZ,2026-05-13 10:02:00,9.7,9.71,9.7,9.71,35600,345361.0
000561.SZ,2026-05-13 10:03:00,9.7,9.72,9.7,9.72,29400,285463.0
000561.SZ,2026-05-13 10:04:00,9.72,9.74,9.71,9.74,37400,363741.0
000561.SZ,2026-05-13 10:05:00,9.73,9.75,9.73,9.74,44100,429387.0
000561.SZ,2026-05-13 10:06:00,9.74,9.74,9.72,9.72,26200,254922.0
000561.SZ,2026-05-13 10:07:00,9.72,9.72,9.71,9.72,44200,429446.0
000561.SZ,2026-05-13 10:08:00,9.72,9.73,9.71,9.72,40800,396581.0
000561.SZ,2026-05-13 10:09:00,9.72,9.72,9.71,9.72,14600,141858.0
000561.SZ,2026-05-13 10:10:00,9.72,9.72,9.71,9.72,11600,112708.0
000561.SZ,2026-05-13 10:11:00,9.72,9.72,9.71,9.72,26400,256492.0
000561.SZ,2026-05-13 10:12:00,9.72,9.73,9.71,9.73,70700,687080.0
000561.SZ,2026-05-13 10:13:00,9.72,9.73,9.72,9.73,15400,149819.0
000561.SZ,2026-05-13 10:14:00,9.73,9.74,9.72,9.74,51100,497153.0
000561.SZ,2026-05-13 10:15:00,9.73,9.75,9.73,9.75,77700,757013.0
000561.SZ,2026-05-13 10:16:00,9.74,9.78,9.74,9.77,51900,506817.0
000561.SZ,2026-05-13 10:17:00,9.77,9.78,9.76,9.78,74300,726228.0
000561.SZ,2026-05-13 10:18:00,9.77,9.79,9.77,9.79,65900,644493.0
000561.SZ,2026-05-13 10:19:00,9.78,9.78,9.77,9.77,47200,461408.0
000561.SZ,2026-05-13 10:20:00,9.77,9.78,9.76,9.78,32500,317503.0
000561.SZ,2026-05-13 10:21:00,9.77,9.77,9.76,9.76,20300,198193.0
000561.SZ,2026-05-13 10:22:00,9.76,9.76,9.76,9.76,3900,38064.0
000561.SZ,2026-05-13 10:23:00,9.77,9.78,9.77,9.78,61200,597986.0
000561.SZ,2026-05-13 10:24:00,9.78,9.79,9.77,9.78,64400,629837.0
000561.SZ,2026-05-13 10:25:00,9.78,9.79,9.77,9.78,50400,492651.0
000561.SZ,2026-05-13 10:26:00,9.82,9.87,9.82,9.85,600500,5897625.0
000561.SZ,2026-05-13 10:27:00,9.86,9.86,9.84,9.84,75700,745506.0
000561.SZ,2026-05-13 10:28:00,9.84,9.85,9.83,9.83,35500,349188.0
000561.SZ,2026-05-13 10:29:00,9.83,9.85,9.83,9.85,50700,498808.0
000561.SZ,2026-05-13 10:30:00,9.85,9.85,9.84,9.85,24800,244108.0
000561.SZ,2026-05-13 10:31:00,9.85,9.85,9.84,9.84,47700,469700.0
000561.SZ,2026-05-13 10:32:00,9.84,9.85,9.84,9.84,60600,596515.0
000561.SZ,2026-05-13 10:33:00,9.84,9.84,9.83,9.83,35200,346224.0
000561.SZ,2026-05-13 10:34:00,9.83,9.84,9.83,9.84,17600,173009.0
000561.SZ,2026-05-13 10:35:00,9.83,9.84,9.83,9.83,35500,349177.0
000561.SZ,2026-05-13 10:36:00,9.84,9.85,9.83,9.84,45800,450720.0
000561.SZ,2026-05-13 10:37:00,9.84,9.85,9.84,9.85,55100,542448.0
000561.SZ,2026-05-13 10:38:00,9.83,9.84,9.83,9.84,27700,272560.0
000561.SZ,2026-05-13 10:39:00,9.83,9.83,9.81,9.82,69400,681809.0
000561.SZ,2026-05-13 10:40:00,9.81,9.83,9.81,9.82,140300,1377673.0
000561.SZ,2026-05-13 10:41:00,9.83,9.84,9.83,9.84,71400,702000.0
000561.SZ,2026-05-13 10:42:00,9.83,9.84,9.8,9.83,89500,878943.0
000561.SZ,2026-05-13 10:43:00,9.82,9.83,9.82,9.83,23900,234730.0
000561.SZ,2026-05-13 10:44:00,9.82,9.82,9.81,9.82,13500,132539.0
000561.SZ,2026-05-13 10:45:00,9.82,9.83,9.81,9.83,38500,378336.0
000561.SZ,2026-05-13 10:46:00,9.83,9.83,9.82,9.82,19500,191674.0
000561.SZ,2026-05-13 10:47:00,9.82,9.83,9.82,9.83,27700,272110.0
000561.SZ,2026-05-13 10:48:00,9.83,9.84,9.83,9.83,42300,416169.0
000561.SZ,2026-05-13 10:49:00,9.83,9.83,9.82,9.82,51400,505053.0
000561.SZ,2026-05-13 10:50:00,9.82,9.82,9.81,9.81,20400,200222.0
000561.SZ,2026-05-13 10:51:00,9.81,9.81,9.8,9.8,40100,393308.0
000561.SZ,2026-05-13 10:52:00,9.81,9.81,9.8,9.8,39300,385290.0
000561.SZ,2026-05-13 10:53:00,9.8,9.81,9.8,9.8,22300,218553.0
000561.SZ,2026-05-13 10:54:00,9.8,9.81,9.8,9.81,27300,267541.0
000561.SZ,2026-05-13 10:55:00,9.81,9.81,9.8,9.8,2800,27445.0
000561.SZ,2026-05-13 10:56:00,9.8,9.8,9.8,9.8,75500,739890.0
000561.SZ,2026-05-13 10:57:00,9.8,9.81,9.79,9.81,78100,765877.0
000561.SZ,2026-05-13 10:58:00,9.83,9.83,9.82,9.82,50500,496033.0
000561.SZ,2026-05-13 10:59:00,9.82,9.83,9.82,9.82,19700,193518.0
000561.SZ,2026-05-13 11:00:00,9.83,9.83,9.82,9.82,8900,87443.0
000561.SZ,2026-05-13 11:01:00,9.82,9.82,9.81,9.82,11800,115875.0
000561.SZ,2026-05-13 11:02:00,9.81,9.82,9.81,9.82,12400,121727.0
000561.SZ,2026-05-13 11:03:00,9.82,9.82,9.81,9.81,2800,27493.0
000561.SZ,2026-05-13 11:04:00,9.81,9.83,9.81,9.82,13200,129620.0
000561.SZ,2026-05-13 11:05:00,9.82,9.83,9.82,9.82,9200,90386.0
000561.SZ,2026-05-13 11:06:00,9.83,9.84,9.82,9.83,71100,698936.0
000561.SZ,2026-05-13 11:07:00,9.84,9.84,9.83,9.84,12100,119005.0
000561.SZ,2026-05-13 11:08:00,9.84,9.85,9.84,9.85,115800,1139734.0
000561.SZ,2026-05-13 11:09:00,9.85,9.85,9.84,9.85,114800,1130719.0
000561.SZ,2026-05-13 11:10:00,9.86,9.92,9.86,9.91,474400,4690535.0
000561.SZ,2026-05-13 11:11:00,9.91,9.91,9.88,9.88,75600,748376.0
000561.SZ,2026-05-13 11:12:00,9.89,9.91,9.89,9.9,144900,1433813.0
000561.SZ,2026-05-13 11:13:00,9.9,9.91,9.89,9.89,55900,553458.0
000561.SZ,2026-05-13 11:14:00,9.89,9.9,9.89,9.9,20600,203869.0
000561.SZ,2026-05-13 11:15:00,9.9,9.9,9.89,9.89,22400,221669.0
000561.SZ,2026-05-13 11:16:00,9.89,9.9,9.89,9.89,31000,306626.0
000561.SZ,2026-05-13 11:17:00,9.9,9.9,9.89,9.9,23400,231487.0
000561.SZ,2026-05-13 11:18:00,9.89,9.9,9.89,9.89,25900,256206.0
000561.SZ,2026-05-13 11:19:00,9.89,9.9,9.89,9.89,30600,302894.0
000561.SZ,2026-05-13 11:20:00,9.9,9.9,9.89,9.89,18400,182060.0
000561.SZ,2026-05-13 11:21:00,9.89,9.9,9.89,9.89,20900,206709.0
000561.SZ,2026-05-13 11:22:00,9.89,9.9,9.89,9.89,11100,109841.0
000561.SZ,2026-05-13 11:23:00,9.89,9.89,9.89,9.89,29000,286831.0
000561.SZ,2026-05-13 11:24:00,9.89,9.89,9.88,9.88,15900,157138.0
000561.SZ,2026-05-13 11:25:00,9.88,9.89,9.88,9.88,13900,137461.0
000561.SZ,2026-05-13 11:26:00,9.88,9.88,9.87,9.87,49100,485057.0
000561.SZ,2026-05-13 11:27:00,9.87,9.89,9.86,9.87,42800,422521.0
000561.SZ,2026-05-13 11:28:00,9.88,9.88,9.87,9.87,9600,94777.0
000561.SZ,2026-05-13 11:29:00,9.87,9.87,9.86,9.87,11400,112453.0
000561.SZ,2026-05-13 11:30:00,9.86,9.87,9.86,9.87,9900,97636.0
000561.SZ,2026-05-13 13:01:00,9.87,9.88,9.86,9.87,81018,799165.5
000561.SZ,2026-05-13 13:02:00,9.85,9.85,9.85,9.85,67800,667912.0
000561.SZ,2026-05-13 13:03:00,9.85,9.87,9.85,9.86,19100,188328.0
000561.SZ,2026-05-13 13:04:00,9.86,9.86,9.85,9.86,18200,179419.0
000561.SZ,2026-05-13 13:05:00,9.86,9.87,9.86,9.87,6900,68060.0
000561.SZ,2026-05-13 13:06:00,9.86,9.87,9.86,9.87,13600,134177.0
000561.SZ,2026-05-13 13:07:00,9.87,9.88,9.87,9.87,9100,89827.0
000561.SZ,2026-05-13 13:08:00,9.87,9.88,9.87,9.88,24900,245981.0
000561.SZ,2026-05-13 13:09:00,9.87,9.88,9.87,9.88,47400,468252.0
000561.SZ,2026-05-13 13:10:00,9.88,9.89,9.87,9.88,68800,679934.0
000561.SZ,2026-05-13 13:11:00,9.89,9.89,9.88,9.88,5700,56351.0
000561.SZ,2026-05-13 13:12:00,9.89,9.89,9.87,9.87,69600,687650.0
000561.SZ,2026-05-13 13:13:00,9.87,9.88,9.87,9.87,17800,175814.0
000561.SZ,2026-05-13 13:14:00,9.88,9.88,9.87,9.87,39800,392831.0
000561.SZ,2026-05-13 13:15:00,9.87,9.87,9.86,9.86,23300,229758.0
000561.SZ,2026-05-13 13:16:00,9.86,9.87,9.86,9.86,17800,175549.0
000561.SZ,2026-05-13 13:17:00,9.86,9.86,9.85,9.85,36700,361835.0
000561.SZ,2026-05-13 13:18:00,9.85,9.87,9.85,9.86,60400,595490.0
000561.SZ,2026-05-13 13:19:00,9.86,9.87,9.86,9.87,46300,456767.0
000561.SZ,2026-05-13 13:20:00,9.86,9.87,9.86,9.86,13300,131143.0
000561.SZ,2026-05-13 13:21:00,9.87,9.87,9.86,9.86,13700,135152.0
000561.SZ,2026-05-13 13:22:00,9.87,9.87,9.86,9.86,18800,185407.0
000561.SZ,2026-05-13 13:23:00,9.86,9.87,9.86,9.86,18400,181470.0
000561.SZ,2026-05-13 13:24:00,9.86,9.86,9.85,9.85,17400,171549.0
000561.SZ,2026-05-13 13:25:00,9.85,9.85,9.83,9.85,195200,1921781.0
000561.SZ,2026-05-13 13:26:00,9.84,9.85,9.84,9.84,4700,46258.0
000561.SZ,2026-05-13 13:27:00,9.84,9.85,9.84,9.84,9500,93487.0
000561.SZ,2026-05-13 13:28:00,9.84,9.84,9.84,9.84,17900,176170.0
000561.SZ,2026-05-13 13:29:00,9.84,9.85,9.84,9.85,10200,100381.0
000561.SZ,2026-05-13 13:30:00,9.85,9.85,9.84,9.85,14200,139792.0
000561.SZ,2026-05-13 13:31:00,9.85,9.85,9.84,9.85,10200,100427.0
000561.SZ,2026-05-13 13:32:00,9.85,9.85,9.84,9.84,12200,120128.0
000561.SZ,2026-05-13 13:33:00,9.85,9.85,9.84,9.84,55100,542187.0
000561.SZ,2026-05-13 13:34:00,9.84,9.85,9.84,9.85,12500,123006.0
000561.SZ,2026-05-13 13:35:00,9.85,9.85,9.85,9.85,22400,220640.0
000561.SZ,2026-05-13 13:36:00,9.85,9.85,9.84,9.84,11400,112245.0
000561.SZ,2026-05-13 13:37:00,9.84,9.86,9.84,9.86,36600,360460.0
000561.SZ,2026-05-13 13:38:00,9.85,9.85,9.85,9.85,7800,76830.0
000561.SZ,2026-05-13 13:39:00,9.85,9.86,9.85,9.85,23100,227541.0
000561.SZ,2026-05-13 13:40:00,9.86,9.87,9.85,9.87,83900,827160.0
000561.SZ,2026-05-13 13:41:00,9.86,9.87,9.86,9.87,5500,54260.0
000561.SZ,2026-05-13 13:42:00,9.87,9.87,9.86,9.87,2700,26648.0
000561.SZ,2026-05-13 13:43:00,9.87,9.87,9.86,9.86,14900,146981.0
000561.SZ,2026-05-13 13:44:00,9.87,9.87,9.86,9.87,35300,348206.0
000561.SZ,2026-05-13 13:45:00,9.87,9.87,9.86,9.87,14100,139110.0
000561.SZ,2026-05-13 13:46:00,9.86,9.88,9.86,9.88,61400,606311.0
000561.SZ,2026-05-13 13:47:00,9.88,9.88,9.87,9.87,67400,665525.0
000561.SZ,2026-05-13 13:48:00,9.86,9.87,9.86,9.86,14000,138069.0
000561.SZ,2026-05-13 13:49:00,9.86,9.87,9.86,9.86,11000,108461.0
000561.SZ,2026-05-13 13:50:00,9.87,9.87,9.84,9.84,62400,615026.0
000561.SZ,2026-05-13 13:51:00,9.84,9.85,9.83,9.83,51500,506629.0
000561.SZ,2026-05-13 13:52:00,9.83,9.84,9.83,9.84,43200,425052.0
000561.SZ,2026-05-13 13:53:00,9.84,9.85,9.84,9.85,5000,49240.0
000561.SZ,2026-05-13 13:54:00,9.84,9.85,9.84,9.85,25500,250963.0
000561.SZ,2026-05-13 13:55:00,9.85,9.85,9.84,9.85,5800,57087.0
000561.SZ,2026-05-13 13:56:00,9.85,9.85,9.84,9.85,24000,236304.0
000561.SZ,2026-05-13 13:57:00,9.84,9.84,9.83,9.83,21100,207590.0
000561.SZ,2026-05-13 13:58:00,9.83,9.85,9.83,9.85,25800,253844.0
000561.SZ,2026-05-13 13:59:00,9.84,9.85,9.84,9.85,25600,251973.0
000561.SZ,2026-05-13 14:00:00,9.84,9.85,9.84,9.84,34100,335576.0
000561.SZ,2026-05-13 14:01:00,9.84,9.85,9.84,9.85,12400,122087.0
000561.SZ,2026-05-13 14:02:00,9.85,9.85,9.84,9.84,47000,462700.0
000561.SZ,2026-05-13 14:03:00,9.85,9.85,9.84,9.85,21200,208611.0
000561.SZ,2026-05-13 14:04:00,9.84,9.85,9.84,9.84,37400,368034.0
000561.SZ,2026-05-13 14:05:00,9.84,9.85,9.84,9.84,18200,179174.0
000561.SZ,2026-05-13 14:06:00,9.84,9.85,9.83,9.84,41600,409330.0
000561.SZ,2026-05-13 14:07:00,9.84,9.85,9.84,9.84,21300,209673.0
000561.SZ,2026-05-13 14:08:00,9.84,9.84,9.83,9.83,171600,1686892.0
000561.SZ,2026-05-13 14:09:00,9.83,9.84,9.83,9.84,20100,197627.0
000561.SZ,2026-05-13 14:10:00,9.84,9.84,9.83,9.83,14000,137679.0
000561.SZ,2026-05-13 14:11:00,9.83,9.83,9.83,9.83,27200,267376.0
000561.SZ,2026-05-13 14:12:00,9.83,9.84,9.83,9.84,3700,36399.0
000561.SZ,2026-05-13 14:13:00,9.84,9.84,9.83,9.83,25100,246831.0
000561.SZ,2026-05-13 14:14:00,9.83,9.84,9.83,9.84,46200,454482.0
000561.SZ,2026-05-13 14:15:00,9.84,9.85,9.84,9.85,17800,175161.0
000561.SZ,2026-05-13 14:16:00,9.84,9.85,9.84,9.85,67600,665285.0
000561.SZ,2026-05-13 14:17:00,9.85,9.85,9.83,9.83,20800,204759.0
000561.SZ,2026-05-13 14:18:00,9.84,9.85,9.84,9.85,19900,195902.0
000561.SZ,2026-05-13 14:19:00,9.84,9.85,9.84,9.84,43700,430328.0
000561.SZ,2026-05-13 14:20:00,9.85,9.85,9.84,9.84,35900,353386.0
000561.SZ,2026-05-13 14:21:00,9.84,9.84,9.84,9.84,5800,57072.0
000561.SZ,2026-05-13 14:22:00,9.84,9.85,9.84,9.84,37300,367105.0
000561.SZ,2026-05-13 14:23:00,9.84,9.85,9.84,9.85,36800,362127.0
000561.SZ,2026-05-13 14:24:00,9.85,9.85,9.84,9.84,13100,128961.0
000561.SZ,2026-05-13 14:25:00,9.85,9.85,9.84,9.84,26100,256993.0
000561.SZ,2026-05-13 14:26:00,9.84,9.85,9.84,9.84,30700,302110.0
000561.SZ,2026-05-13 14:27:00,9.84,9.85,9.84,9.84,12000,118111.0
000561.SZ,2026-05-13 14:28:00,9.84,9.85,9.84,9.85,10900,107265.0
000561.SZ,2026-05-13 14:29:00,9.84,9.85,9.84,9.84,39200,385744.0
000561.SZ,2026-05-13 14:30:00,9.85,9.85,9.84,9.84,7300,71874.0
000561.SZ,2026-05-13 14:31:00,9.85,9.85,9.84,9.85,43000,423478.0
000561.SZ,2026-05-13 14:32:00,9.85,9.85,9.84,9.84,28500,280494.0
000561.SZ,2026-05-13 14:33:00,9.84,9.86,9.84,9.86,132300,1302974.0
000561.SZ,2026-05-13 14:34:00,9.85,9.86,9.85,9.85,5400,53198.0
000561.SZ,2026-05-13 14:35:00,9.85,9.86,9.85,9.85,11200,110334.0
000561.SZ,2026-05-13 14:36:00,9.86,9.86,9.85,9.86,22200,218755.0
000561.SZ,2026-05-13 14:37:00,9.85,9.86,9.85,9.85,15600,153693.0
000561.SZ,2026-05-13 14:38:00,9.86,9.86,9.85,9.86,38000,374344.0
000561.SZ,2026-05-13 14:39:00,9.86,9.86,9.85,9.85,138100,1360506.0
000561.SZ,2026-05-13 14:40:00,9.85,9.85,9.84,9.85,63400,624083.0
000561.SZ,2026-05-13 14:41:00,9.84,9.85,9.84,9.84,97600,961174.0
000561.SZ,2026-05-13 14:42:00,9.85,9.86,9.84,9.85,151400,1491003.0
000561.SZ,2026-05-13 14:43:00,9.86,9.86,9.85,9.86,57500,566770.0
000561.SZ,2026-05-13 14:44:00,9.86,9.86,9.85,9.85,35100,345837.0
000561.SZ,2026-05-13 14:45:00,9.85,9.86,9.85,9.85,64400,634368.0
000561.SZ,2026-05-13 14:46:00,9.85,9.86,9.85,9.85,29800,293513.0
000561.SZ,2026-05-13 14:47:00,9.85,9.86,9.85,9.86,49900,491752.0
000561.SZ,2026-05-13 14:48:00,9.85,9.86,9.85,9.86,115600,1139224.0
000561.SZ,2026-05-13 14:49:00,9.86,9.86,9.85,9.85,54300,535299.0
000561.SZ,2026-05-13 14:50:00,9.86,9.86,9.85,9.86,75000,739061.0
000561.SZ,2026-05-13 14:51:00,9.86,9.86,9.85,9.85,21300,209913.0
000561.SZ,2026-05-13 14:52:00,9.85,9.86,9.85,9.85,64300,633669.0
000561.SZ,2026-05-13 14:53:00,9.85,9.86,9.85,9.86,64500,635814.0
000561.SZ,2026-05-13 14:54:00,9.86,9.86,9.85,9.86,63800,628810.0
000561.SZ,2026-05-13 14:55:00,9.85,9.86,9.85,9.85,48000,473094.0
000561.SZ,2026-05-13 14:56:00,9.86,9.86,9.85,9.85,49300,485896.0
000561.SZ,2026-05-13 14:57:00,9.86,9.87,9.85,9.87,139500,1375002.0
000561.SZ,2026-05-13 14:58:00,9.87,9.87,9.87,9.87,0,0.0
000561.SZ,2026-05-13 14:59:00,9.87,9.87,9.87,9.87,0,0.0
000561.SZ,2026-05-13 15:00:00,9.87,9.87,9.87,9.87,203500,2008545.0
000561.SZ,2026-05-14 09:30:00,9.86,9.87,9.83,9.84,125300,1235878.0
000561.SZ,2026-05-14 09:31:00,9.83,9.83,9.78,9.78,221600,2172979.0
000561.SZ,2026-05-14 09:32:00,9.78,9.8,9.77,9.78,204900,2004379.0
000561.SZ,2026-05-14 09:33:00,9.76,9.76,9.72,9.72,271600,2646765.0
000561.SZ,2026-05-14 09:34:00,9.73,9.73,9.71,9.72,163300,1587161.0
000561.SZ,2026-05-14 09:35:00,9.72,9.72,9.69,9.7,263700,2559029.0
000561.SZ,2026-05-14 09:36:00,9.7,9.7,9.68,9.68,153800,1490654.0
000561.SZ,2026-05-14 09:37:00,9.69,9.69,9.67,9.68,359400,3479780.0
000561.SZ,2026-05-14 09:38:00,9.68,9.68,9.66,9.67,190400,1841554.0
000561.SZ,2026-05-14 09:39:00,9.66,9.67,9.65,9.66,261500,2526067.0
000561.SZ,2026-05-14 09:40:00,9.66,9.66,9.64,9.65,258200,2491607.0
000561.SZ,2026-05-14 09:41:00,9.65,9.65,9.64,9.65,182100,1756528.0
000561.SZ,2026-05-14 09:42:00,9.65,9.65,9.63,9.64,193300,1862847.0
000561.SZ,2026-05-14 09:43:00,9.63,9.65,9.63,9.65,97600,941076.0
000561.SZ,2026-05-14 09:44:00,9.65,9.67,9.65,9.66,90900,877870.0
000561.SZ,2026-05-14 09:45:00,9.67,9.67,9.65,9.65,129500,1251272.0
000561.SZ,2026-05-14 09:46:00,9.67,9.67,9.66,9.67,91500,883925.0
000561.SZ,2026-05-14 09:47:00,9.67,9.68,9.66,9.66,82100,794041.0
000561.SZ,2026-05-14 09:48:00,9.66,9.69,9.66,9.68,102400,990591.0
000561.SZ,2026-05-14 09:49:00,9.68,9.68,9.67,9.67,75900,734284.0
000561.SZ,2026-05-14 09:50:00,9.67,9.69,9.67,9.68,67600,654174.0
000561.SZ,2026-05-14 09:51:00,9.69,9.69,9.66,9.66,61600,595570.0
000561.SZ,2026-05-14 09:52:00,9.67,9.68,9.66,9.67,56700,548435.0
000561.SZ,2026-05-14 09:53:00,9.67,9.67,9.65,9.65,78800,761306.0
000561.SZ,2026-05-14 09:54:00,9.65,9.66,9.64,9.64,315000,3038915.0
000561.SZ,2026-05-14 09:55:00,9.63,9.65,9.63,9.64,195300,1881772.0
000561.SZ,2026-05-14 09:56:00,9.64,9.65,9.63,9.63,188200,1813446.0
000561.SZ,2026-05-14 09:57:00,9.64,9.64,9.63,9.63,63100,608103.0
000561.SZ,2026-05-14 09:58:00,9.64,9.64,9.63,9.63,53900,519262.0
000561.SZ,2026-05-14 09:59:00,9.64,9.64,9.63,9.63,53700,517172.0
000561.SZ,2026-05-14 10:00:00,9.62,9.64,9.62,9.63,63800,614357.0
000561.SZ,2026-05-14 10:01:00,9.64,9.64,9.63,9.63,69000,664706.0
000561.SZ,2026-05-14 10:02:00,9.63,9.63,9.62,9.63,51300,493834.0
000561.SZ,2026-05-14 10:03:00,9.64,9.64,9.62,9.63,53700,516934.0
000561.SZ,2026-05-14 10:04:00,9.63,9.63,9.62,9.62,76200,733768.0
000561.SZ,2026-05-14 10:05:00,9.63,9.63,9.62,9.63,45296,436079.47
000561.SZ,2026-05-14 10:06:00,9.63,9.64,9.63,9.63,83000,799299.06
000561.SZ,2026-05-14 10:07:00,9.62,9.63,9.61,9.62,149004,1433450.5
000561.SZ,2026-05-14 10:08:00,9.62,9.63,9.61,9.63,48500,466583.0
000561.SZ,2026-05-14 10:09:00,9.63,9.63,9.62,9.63,24100,231908.0
000561.SZ,2026-05-14 10:10:00,9.63,9.63,9.62,9.63,19500,187632.0
000561.SZ,2026-05-14 10:11:00,9.63,9.63,9.62,9.62,21400,205882.0
000561.SZ,2026-05-14 10:12:00,9.62,9.62,9.61,9.61,111900,1076302.0
000561.SZ,2026-05-14 10:13:00,9.6,9.61,9.6,9.61,226400,2174856.0
000561.SZ,2026-05-14 10:14:00,9.6,9.62,9.6,9.61,44400,426676.0
000561.SZ,2026-05-14 10:15:00,9.62,9.63,9.62,9.62,41713,401299.06
000561.SZ,2026-05-14 10:16:00,9.62,9.62,9.61,9.62,31100,299138.0
000561.SZ,2026-05-14 10:17:00,9.62,9.63,9.62,9.63,20700,199144.0
000561.SZ,2026-05-14 10:18:00,9.62,9.63,9.62,9.62,34000,327180.0
000561.SZ,2026-05-14 10:19:00,9.62,9.63,9.61,9.61,70587,678927.94
000561.SZ,2026-05-14 10:20:00,9.61,9.62,9.61,9.61,121200,1164815.0
000561.SZ,2026-05-14 10:21:00,9.61,9.61,9.6,9.6,104700,1005487.0
000561.SZ,2026-05-14 10:22:00,9.61,9.61,9.6,9.61,137000,1316244.0
000561.SZ,2026-05-14 10:23:00,9.62,9.62,9.6,9.62,41100,395096.0
000561.SZ,2026-05-14 10:24:00,9.61,9.61,9.61,9.61,119800,1150289.0
000561.SZ,2026-05-14 10:25:00,9.62,9.62,9.61,9.62,35513,341603.06
000561.SZ,2026-05-14 10:26:00,9.62,9.63,9.62,9.63,25500,245501.0
000561.SZ,2026-05-14 10:27:00,9.63,9.63,9.62,9.62,24700,237729.0
000561.SZ,2026-05-14 10:28:00,9.62,9.63,9.61,9.61,53787,517426.94
000561.SZ,2026-05-14 10:29:00,9.61,9.62,9.61,9.62,19200,184531.0
000561.SZ,2026-05-14 10:30:00,9.61,9.62,9.61,9.62,28900,277862.0
000561.SZ,2026-05-14 10:31:00,9.62,9.62,9.61,9.62,11800,113422.0
000561.SZ,2026-05-14 10:32:00,9.62,9.62,9.6,9.6,34300,329624.0
000561.SZ,2026-05-14 10:33:00,9.6,9.61,9.6,9.61,63200,607236.0
000561.SZ,2026-05-14 10:34:00,9.61,9.63,9.61,9.63,145700,1400569.0
000561.SZ,2026-05-14 10:35:00,9.62,9.62,9.61,9.61,48900,469982.0
000561.SZ,2026-05-14 10:36:00,9.61,9.62,9.61,9.61,20000,192288.0
000561.SZ,2026-05-14 10:37:00,9.62,9.62,9.6,9.61,21500,206624.0
000561.SZ,2026-05-14 10:38:00,9.6,9.61,9.6,9.6,12300,118113.0
000561.SZ,2026-05-14 10:39:00,9.6,9.61,9.6,9.61,22200,213125.0
000561.SZ,2026-05-14 10:40:00,9.6,9.61,9.6,9.6,51200,491526.0
000561.SZ,2026-05-14 10:41:00,9.61,9.61,9.6,9.6,42000,403204.0
000561.SZ,2026-05-14 10:42:00,9.6,9.6,9.59,9.59,49900,478935.0
000561.SZ,2026-05-14 10:43:00,9.59,9.6,9.59,9.6,79600,763431.0
000561.SZ,2026-05-14 10:44:00,9.59,9.59,9.57,9.57,160900,1541424.0
000561.SZ,2026-05-14 10:45:00,9.58,9.59,9.57,9.59,23039,220745.62
000561.SZ,2026-05-14 10:46:00,9.58,9.59,9.58,9.58,22200,212689.0
000561.SZ,2026-05-14 10:47:00,9.58,9.59,9.58,9.59,62000,594355.0
000561.SZ,2026-05-14 10:48:00,9.59,9.6,9.59,9.6,7700,73916.0
000561.SZ,2026-05-14 10:49:00,9.6,9.6,9.59,9.6,20300,194875.0
000561.SZ,2026-05-14 10:50:00,9.6,9.61,9.6,9.6,58400,560766.0
000561.SZ,2026-05-14 10:51:00,9.6,9.61,9.6,9.6,7000,67226.0
000561.SZ,2026-05-14 10:52:00,9.6,9.61,9.59,9.61,30000,288012.0
000561.SZ,2026-05-14 10:53:00,9.61,9.61,9.6,9.6,16100,154636.0
000561.SZ,2026-05-14 10:54:00,9.6,9.61,9.6,9.6,37300,358015.0
000561.SZ,2026-05-14 10:55:00,9.6,9.6,9.6,9.6,23300,223680.0
000561.SZ,2026-05-14 10:56:00,9.6,9.61,9.6,9.6,46000,441621.0
000561.SZ,2026-05-14 10:57:00,9.6,9.61,9.6,9.61,5000,48010.0
000561.SZ,2026-05-14 10:58:00,9.6,9.61,9.6,9.6,7400,71077.0
000561.SZ,2026-05-14 10:59:00,9.6,9.6,9.59,9.59,32000,307201.0
000561.SZ,2026-05-14 11:00:00,9.59,9.61,9.59,9.61,14200,136300.0
000561.SZ,2026-05-14 11:01:00,9.59,9.61,9.59,9.6,13500,129587.0
000561.SZ,2026-05-14 11:02:00,9.6,9.61,9.6,9.6,6000,57601.0
000561.SZ,2026-05-14 11:03:00,9.6,9.61,9.6,9.6,33900,325553.0
000561.SZ,2026-05-14 11:04:00,9.6,9.6,9.59,9.59,18100,173747.0
000561.SZ,2026-05-14 11:05:00,9.6,9.6,9.59,9.6,13600,130494.0
000561.SZ,2026-05-14 11:06:00,9.59,9.6,9.59,9.59,14500,139081.0
000561.SZ,2026-05-14 11:07:00,9.6,9.6,9.59,9.59,14200,136186.0
000561.SZ,2026-05-14 11:08:00,9.59,9.59,9.58,9.58,21100,202345.0
000561.SZ,2026-05-14 11:09:00,9.58,9.58,9.57,9.57,34700,332383.0
000561.SZ,2026-05-14 11:10:00,9.57,9.57,9.56,9.56,120300,1150595.0
000561.SZ,2026-05-14 11:11:00,9.56,9.56,9.55,9.56,31600,302102.0
000561.SZ,2026-05-14 11:12:00,9.56,9.56,9.55,9.56,14000,133799.0
000561.SZ,2026-05-14 11:13:00,9.55,9.56,9.55,9.56,18000,171938.0
000561.SZ,2026-05-14 11:14:00,9.56,9.56,9.55,9.56,16300,155694.0
000561.SZ,2026-05-14 11:15:00,9.55,9.56,9.55,9.56,35700,341089.0
000561.SZ,2026-05-14 11:16:00,9.56,9.56,9.54,9.54,77200,737013.0
000561.SZ,2026-05-14 11:17:00,9.54,9.55,9.53,9.53,71900,685486.0
000561.SZ,2026-05-14 11:18:00,9.52,9.54,9.52,9.54,14500,138136.0
000561.SZ,2026-05-14 11:19:00,9.54,9.55,9.53,9.53,232500,2213862.0
000561.SZ,2026-05-14 11:20:00,9.54,9.54,9.53,9.53,31100,296538.0
000561.SZ,2026-05-14 11:21:00,9.53,9.53,9.52,9.53,38800,369547.0
000561.SZ,2026-05-14 11:22:00,9.52,9.52,9.51,9.52,27900,265482.0
000561.SZ,2026-05-14 11:23:00,9.52,9.53,9.52,9.53,49900,474978.0
000561.SZ,2026-05-14 11:24:00,9.52,9.53,9.52,9.53,13600,129571.0
000561.SZ,2026-05-14 11:25:00,9.53,9.54,9.53,9.53,6600,62908.0
000561.SZ,2026-05-14 11:26:00,9.53,9.54,9.52,9.53,172800,1645485.0
000561.SZ,2026-05-14 11:27:00,9.53,9.54,9.52,9.53,71300,679457.0
000561.SZ,2026-05-14 11:28:00,9.53,9.54,9.53,9.54,20700,197412.0
000561.SZ,2026-05-14 11:29:00,9.54,9.54,9.53,9.53,13900,132551.0
000561.SZ,2026-05-14 11:30:00,9.54,9.54,9.53,9.54,11800,112547.0
000561.SZ,2026-05-14 13:01:00,9.54,9.59,9.54,9.55,187495,1791736.4
000561.SZ,2026-05-14 13:02:00,9.56,9.56,9.53,9.53,63400,604810.0
000561.SZ,2026-05-14 13:03:00,9.52,9.52,9.51,9.51,26600,253204.0
000561.SZ,2026-05-14 13:04:00,9.52,9.53,9.51,9.53,30700,292108.0
000561.SZ,2026-05-14 13:05:00,9.53,9.54,9.51,9.54,211000,2009117.0
000561.SZ,2026-05-14 13:06:00,9.53,9.53,9.52,9.53,6000,57164.0
000561.SZ,2026-05-14 13:07:00,9.53,9.53,9.52,9.53,22300,212461.0
000561.SZ,2026-05-14 13:08:00,9.54,9.54,9.53,9.54,10200,97268.0
000561.SZ,2026-05-14 13:09:00,9.54,9.54,9.52,9.53,31500,300192.0
000561.SZ,2026-05-14 13:10:00,9.53,9.54,9.53,9.53,14800,141098.0
000561.SZ,2026-05-14 13:11:00,9.54,9.54,9.53,9.53,17900,170639.0
000561.SZ,2026-05-14 13:12:00,9.53,9.54,9.52,9.54,52400,499547.0
000561.SZ,2026-05-14 13:13:00,9.54,9.56,9.54,9.55,22000,209989.0
000561.SZ,2026-05-14 13:14:00,9.56,9.56,9.55,9.56,11100,106065.0
000561.SZ,2026-05-14 13:15:00,9.55,9.55,9.54,9.55,14600,139429.0
000561.SZ,2026-05-14 13:16:00,9.55,9.56,9.54,9.55,14100,134676.0
000561.SZ,2026-05-14 13:17:00,9.55,9.55,9.54,9.55,3600,34364.0
000561.SZ,2026-05-14 13:18:00,9.54,9.55,9.54,9.54,14900,142199.0
000561.SZ,2026-05-14 13:19:00,9.55,9.55,9.54,9.54,21100,201323.0
000561.SZ,2026-05-14 13:20:00,9.54,9.56,9.54,9.56,28100,268306.0
000561.SZ,2026-05-14 13:21:00,9.56,9.56,9.55,9.55,10200,97504.0
000561.SZ,2026-05-14 13:22:00,9.56,9.57,9.56,9.56,10600,101344.0
000561.SZ,2026-05-14 13:23:00,9.57,9.59,9.56,9.59,35000,335137.0
000561.SZ,2026-05-14 13:24:00,9.58,9.59,9.58,9.59,19200,183997.0
000561.SZ,2026-05-14 13:25:00,9.58,9.6,9.58,9.59,22300,213871.0
000561.SZ,2026-05-14 13:26:00,9.58,9.59,9.58,9.59,17800,170662.0
000561.SZ,2026-05-14 13:27:00,9.59,9.59,9.58,9.58,27800,266395.0
000561.SZ,2026-05-14 13:28:00,9.58,9.58,9.57,9.58,8600,82367.0
000561.SZ,2026-05-14 13:29:00,9.58,9.58,9.57,9.57,9600,91900.0
000561.SZ,2026-05-14 13:30:00,9.57,9.58,9.57,9.57,23100,221115.0
000561.SZ,2026-05-14 13:31:00,9.57,9.58,9.57,9.57,29600,283416.0
000561.SZ,2026-05-14 13:32:00,9.57,9.57,9.55,9.55,69300,662172.0
000561.SZ,2026-05-14 13:33:00,9.54,9.54,9.53,9.54,26800,255679.0
000561.SZ,2026-05-14 13:34:00,9.53,9.53,9.52,9.53,45300,431478.0
000561.SZ,2026-05-14 13:35:00,9.53,9.53,9.52,9.52,16100,153427.0
000561.SZ,2026-05-14 13:36:00,9.52,9.53,9.52,9.52,56300,536133.0
000561.SZ,2026-05-14 13:37:00,9.52,9.52,9.51,9.52,69000,656789.0
000561.SZ,2026-05-14 13:38:00,9.52,9.53,9.52,9.52,11400,108554.0
000561.SZ,2026-05-14 13:39:00,9.53,9.53,9.52,9.53,25900,246622.0
000561.SZ,2026-05-14 13:40:00,9.53,9.53,9.52,9.53,5900,56194.0
000561.SZ,2026-05-14 13:41:00,9.53,9.53,9.52,9.53,54900,523112.0
000561.SZ,2026-05-14 13:42:00,9.53,9.53,9.52,9.52,43300,412233.0
000561.SZ,2026-05-14 13:43:00,9.53,9.53,9.52,9.52,2300,21899.0
000561.SZ,2026-05-14 13:44:00,9.52,9.53,9.52,9.52,10600,100996.0
000561.SZ,2026-05-14 13:45:00,9.52,9.53,9.52,9.52,12000,114249.0
000561.SZ,2026-05-14 13:46:00,9.52,9.53,9.52,9.53,52400,499033.0
000561.SZ,2026-05-14 13:47:00,9.53,9.54,9.53,9.53,7500,71480.0
000561.SZ,2026-05-14 13:48:00,9.53,9.53,9.52,9.52,57000,542957.0
000561.SZ,2026-05-14 13:49:00,9.53,9.54,9.53,9.53,40800,388881.0
000561.SZ,2026-05-14 13:50:00,9.53,9.54,9.53,9.53,12900,122954.0
000561.SZ,2026-05-14 13:51:00,9.53,9.53,9.52,9.53,11300,107688.0
000561.SZ,2026-05-14 13:52:00,9.54,9.54,9.53,9.53,1900,18108.0
000561.SZ,2026-05-14 13:53:00,9.53,9.54,9.53,9.53,4300,40984.0
000561.SZ,2026-05-14 13:54:00,9.53,9.54,9.53,9.53,46400,442259.0
000561.SZ,2026-05-14 13:55:00,9.54,9.54,9.53,9.53,8600,82037.0
000561.SZ,2026-05-14 13:56:00,9.54,9.54,9.53,9.54,6100,58173.0
000561.SZ,2026-05-14 13:57:00,9.53,9.54,9.53,9.53,41700,397436.0
000561.SZ,2026-05-14 13:58:00,9.53,9.53,9.52,9.53,19400,184756.0
000561.SZ,2026-05-14 13:59:00,9.53,9.53,9.52,9.52,15100,143879.0
000561.SZ,2026-05-14 14:00:00,9.53,9.53,9.52,9.53,12400,118123.0
000561.SZ,2026-05-14 14:01:00,9.53,9.53,9.52,9.52,6700,63850.0
000561.SZ,2026-05-14 14:02:00,9.53,9.53,9.52,9.53,21200,201932.0
000561.SZ,2026-05-14 14:03:00,9.53,9.54,9.52,9.53,18200,173480.0
000561.SZ,2026-05-14 14:04:00,9.54,9.54,9.54,9.54,100,954.0
000561.SZ,2026-05-14 14:05:00,9.54,9.54,9.53,9.54,400,3815.0
000561.SZ,2026-05-14 14:06:00,9.53,9.53,9.53,9.53,14600,139138.0
000561.SZ,2026-05-14 14:07:00,9.53,9.53,9.53,9.53,3910,37262.3
000561.SZ,2026-05-14 14:08:00,9.53,9.54,9.53,9.53,15200,144901.0
000561.SZ,2026-05-14 14:09:00,9.54,9.54,9.53,9.53,6200,59122.0
000561.SZ,2026-05-14 14:10:00,9.55,9.55,9.54,9.54,28100,268120.0
000561.SZ,2026-05-14 14:11:00,9.55,9.56,9.55,9.56,26000,248409.0
000561.SZ,2026-05-14 14:12:00,9.56,9.56,9.54,9.55,31700,302728.0
000561.SZ,2026-05-14 14:13:00,9.55,9.55,9.54,9.55,23100,220441.0
000561.SZ,2026-05-14 14:14:00,9.55,9.56,9.54,9.56,224000,2137226.0
000561.SZ,2026-05-14 14:15:00,9.56,9.57,9.55,9.57,92400,883345.0
000561.SZ,2026-05-14 14:16:00,9.57,9.59,9.57,9.58,72200,691485.0
000561.SZ,2026-05-14 14:17:00,9.58,9.59,9.58,9.59,16400,157225.0
000561.SZ,2026-05-14 14:18:00,9.59,9.59,9.58,9.59,30200,289611.0
000561.SZ,2026-05-14 14:19:00,9.59,9.59,9.58,9.58,24400,233831.0
000561.SZ,2026-05-14 14:20:00,9.58,9.59,9.57,9.57,76400,731972.0
000561.SZ,2026-05-14 14:21:00,9.57,9.58,9.57,9.58,17300,165579.0
000561.SZ,2026-05-14 14:22:00,9.57,9.58,9.57,9.58,21600,206883.0
000561.SZ,2026-05-14 14:23:00,9.58,9.58,9.58,9.58,16500,158050.0
000561.SZ,2026-05-14 14:24:00,9.58,9.58,9.56,9.56,71700,686098.0
000561.SZ,2026-05-14 14:25:00,9.56,9.57,9.56,9.56,9300,88941.0
000561.SZ,2026-05-14 14:26:00,9.56,9.56,9.55,9.55,34300,327854.0
000561.SZ,2026-05-14 14:27:00,9.55,9.56,9.55,9.56,22100,211080.0
000561.SZ,2026-05-14 14:28:00,9.55,9.55,9.54,9.55,35100,335005.0
000561.SZ,2026-05-14 14:29:00,9.55,9.55,9.54,9.54,28100,268091.0
000561.SZ,2026-05-14 14:30:00,9.54,9.55,9.54,9.54,4400,41987.0
000561.SZ,2026-05-14 14:31:00,9.55,9.56,9.54,9.56,27100,258749.0
000561.SZ,2026-05-14 14:32:00,9.55,9.56,9.55,9.55,49200,469905.0
000561.SZ,2026-05-14 14:33:00,9.55,9.55,9.54,9.55,44300,423029.0
000561.SZ,2026-05-14 14:34:00,9.54,9.55,9.54,9.55,6300,60117.0
000561.SZ,2026-05-14 14:35:00,9.54,9.55,9.53,9.53,114400,1091293.0
000561.SZ,2026-05-14 14:36:00,9.53,9.54,9.53,9.53,59890,570752.7
000561.SZ,2026-05-14 14:37:00,9.52,9.53,9.52,9.53,28500,271508.0
000561.SZ,2026-05-14 14:38:00,9.53,9.53,9.52,9.53,7400,70469.0
000561.SZ,2026-05-14 14:39:00,9.52,9.53,9.51,9.52,198100,1885741.0
000561.SZ,2026-05-14 14:40:00,9.51,9.52,9.51,9.51,56500,537375.0
000561.SZ,2026-05-14 14:41:00,9.51,9.52,9.51,9.52,14800,140793.0
000561.SZ,2026-05-14 14:42:00,9.52,9.52,9.51,9.52,27800,264596.0
000561.SZ,2026-05-14 14:43:00,9.52,9.52,9.5,9.51,212200,2018071.0
000561.SZ,2026-05-14 14:44:00,9.51,9.51,9.5,9.5,77200,733677.0
000561.SZ,2026-05-14 14:45:00,9.5,9.51,9.5,9.5,122000,1159176.0
000561.SZ,2026-05-14 14:46:00,9.51,9.51,9.49,9.49,192400,1827585.0
000561.SZ,2026-05-14 14:47:00,9.49,9.5,9.48,9.49,80600,764907.0
000561.SZ,2026-05-14 14:48:00,9.49,9.49,9.48,9.49,54400,516224.0
000561.SZ,2026-05-14 14:49:00,9.48,9.49,9.48,9.48,34900,331050.0
000561.SZ,2026-05-14 14:50:00,9.48,9.49,9.48,9.48,102500,972063.0
000561.SZ,2026-05-14 14:51:00,9.48,9.49,9.48,9.49,39900,378308.0
000561.SZ,2026-05-14 14:52:00,9.48,9.49,9.46,9.47,129600,1228351.0
000561.SZ,2026-05-14 14:53:00,9.47,9.47,9.46,9.46,35700,337894.0
000561.SZ,2026-05-14 14:54:00,9.46,9.47,9.46,9.46,80900,765637.0
000561.SZ,2026-05-14 14:55:00,9.46,9.47,9.46,9.46,125300,1185781.0
000561.SZ,2026-05-14 14:56:00,9.46,9.46,9.45,9.45,116800,1104114.0
000561.SZ,2026-05-14 14:57:00,9.46,9.46,9.44,9.44,93200,880846.0
000561.SZ,2026-05-14 14:58:00,9.44,9.44,9.44,9.44,0,0.0
000561.SZ,2026-05-14 14:59:00,9.44,9.44,9.44,9.44,0,0.0
000561.SZ,2026-05-14 15:00:00,9.4,9.4,9.4,9.4,165000,1551000.0
000561.SZ,2026-05-15 09:30:00,9.5,9.55,9.49,9.53,72000,684087.0
000561.SZ,2026-05-15 09:31:00,9.5,9.53,9.46,9.53,169700,1612655.0
000561.SZ,2026-05-15 09:32:00,9.53,9.53,9.47,9.48,159800,1517803.0
000561.SZ,2026-05-15 09:33:00,9.47,9.48,9.46,9.47,61300,580655.0
000561.SZ,2026-05-15 09:34:00,9.47,9.48,9.46,9.46,82200,778109.0
000561.SZ,2026-05-15 09:35:00,9.46,9.46,9.42,9.44,79700,753034.0
000561.SZ,2026-05-15 09:36:00,9.44,9.44,9.42,9.42,61800,582584.0
000561.SZ,2026-05-15 09:37:00,9.43,9.45,9.41,9.45,103600,978310.0
000561.SZ,2026-05-15 09:38:00,9.45,9.46,9.42,9.45,76900,725842.0
000561.SZ,2026-05-15 09:39:00,9.45,9.49,9.44,9.48,44400,420441.0
000561.SZ,2026-05-15 09:40:00,9.49,9.49,9.45,9.46,84200,796623.0
000561.SZ,2026-05-15 09:41:00,9.45,9.46,9.43,9.43,52600,496988.0
000561.SZ,2026-05-15 09:42:00,9.43,9.45,9.43,9.45,95300,899130.0
000561.SZ,2026-05-15 09:43:00,9.45,9.45,9.44,9.45,22700,214391.0
000561.SZ,2026-05-15 09:44:00,9.45,9.45,9.44,9.44,53850,508545.0
000561.SZ,2026-05-15 09:45:00,9.44,9.44,9.41,9.41,129300,1218717.0
000561.SZ,2026-05-15 09:46:00,9.41,9.41,9.39,9.39,90300,848589.0
000561.SZ,2026-05-15 09:47:00,9.38,9.39,9.37,9.39,110000,1031670.0
000561.SZ,2026-05-15 09:48:00,9.39,9.39,9.38,9.38,108500,1018239.0
000561.SZ,2026-05-15 09:49:00,9.38,9.39,9.37,9.37,36400,341431.0
000561.SZ,2026-05-15 09:50:00,9.38,9.38,9.36,9.36,44100,413233.0
000561.SZ,2026-05-15 09:51:00,9.36,9.38,9.35,9.37,93800,878053.0
000561.SZ,2026-05-15 09:52:00,9.37,9.38,9.37,9.37,90300,846329.0
000561.SZ,2026-05-15 09:53:00,9.36,9.36,9.34,9.34,91200,852936.0
000561.SZ,2026-05-15 09:54:00,9.35,9.35,9.32,9.32,40900,381648.0
000561.SZ,2026-05-15 09:55:00,9.33,9.35,9.33,9.35,145800,1361046.0
000561.SZ,2026-05-15 09:56:00,9.35,9.36,9.34,9.34,18500,172912.0
000561.SZ,2026-05-15 09:57:00,9.35,9.35,9.32,9.32,45600,425571.0
000561.SZ,2026-05-15 09:58:00,9.32,9.33,9.31,9.33,182300,1699092.0
000561.SZ,2026-05-15 09:59:00,9.33,9.33,9.31,9.32,30100,280552.0
000561.SZ,2026-05-15 10:00:00,9.32,9.33,9.31,9.31,45500,424047.0
000561.SZ,2026-05-15 10:01:00,9.31,9.32,9.31,9.31,74500,693722.0
000561.SZ,2026-05-15 10:02:00,9.32,9.32,9.3,9.3,48200,448733.0
000561.SZ,2026-05-15 10:03:00,9.3,9.31,9.3,9.31,73700,685966.0
000561.SZ,2026-05-15 10:04:00,9.31,9.31,9.3,9.3,36500,339661.0
000561.SZ,2026-05-15 10:05:00,9.3,9.32,9.3,9.32,44800,416996.0
000561.SZ,2026-05-15 10:06:00,9.32,9.32,9.3,9.31,72800,677638.0
000561.SZ,2026-05-15 10:07:00,9.3,9.31,9.29,9.3,165600,1539970.0
000561.SZ,2026-05-15 10:08:00,9.3,9.32,9.3,9.31,29900,278299.0
000561.SZ,2026-05-15 10:09:00,9.32,9.33,9.31,9.31,73200,682073.0
000561.SZ,2026-05-15 10:10:00,9.31,9.32,9.31,9.31,18000,167622.0
000561.SZ,2026-05-15 10:11:00,9.31,9.32,9.31,9.32,44700,416303.0
000561.SZ,2026-05-15 10:12:00,9.32,9.32,9.3,9.3,41400,385496.0
000561.SZ,2026-05-15 10:13:00,9.31,9.31,9.29,9.29,88400,821975.0
000561.SZ,2026-05-15 10:14:00,9.29,9.29,9.29,9.29,63800,592702.0
000561.SZ,2026-05-15 10:15:00,9.29,9.3,9.29,9.3,99400,923854.0
000561.SZ,2026-05-15 10:16:00,9.3,9.31,9.3,9.31,30500,283727.0
000561.SZ,2026-05-15 10:17:00,9.31,9.31,9.3,9.3,65900,612887.0
000561.SZ,2026-05-15 10:18:00,9.3,9.3,9.29,9.29,52500,488090.0
000561.SZ,2026-05-15 10:19:00,9.29,9.31,9.29,9.29,130400,1211829.0
000561.SZ,2026-05-15 10:20:00,9.29,9.3,9.29,9.3,34400,319778.0
000561.SZ,2026-05-15 10:21:00,9.3,9.3,9.28,9.29,47400,440297.0
000561.SZ,2026-05-15 10:22:00,9.29,9.3,9.29,9.3,33700,313092.0
000561.SZ,2026-05-15 10:23:00,9.3,9.31,9.3,9.31,54600,507804.0
000561.SZ,2026-05-15 10:24:00,9.3,9.3,9.29,9.29,18500,171992.0
000561.SZ,2026-05-15 10:25:00,9.3,9.3,9.28,9.29,75200,698601.0
000561.SZ,2026-05-15 10:26:00,9.29,9.3,9.28,9.3,35200,326980.0
000561.SZ,2026-05-15 10:27:00,9.3,9.3,9.29,9.29,14600,135768.0
000561.SZ,2026-05-15 10:28:00,9.29,9.3,9.29,9.29,15700,145888.0
000561.SZ,2026-05-15 10:29:00,9.3,9.31,9.29,9.3,21000,195270.0
000561.SZ,2026-05-15 10:30:00,9.3,9.3,9.29,9.3,9100,84624.0
000561.SZ,2026-05-15 10:31:00,9.3,9.3,9.28,9.29,73200,679869.0
000561.SZ,2026-05-15 10:32:00,9.3,9.31,9.3,9.3,26800,249242.0
000561.SZ,2026-05-15 10:33:00,9.3,9.31,9.3,9.31,10500,97652.0
000561.SZ,2026-05-15 10:34:00,9.3,9.31,9.3,9.31,33300,309823.0
000561.SZ,2026-05-15 10:35:00,9.31,9.31,9.3,9.31,13500,125664.0
000561.SZ,2026-05-15 10:36:00,9.31,9.32,9.31,9.32,38200,355868.0
000561.SZ,2026-05-15 10:37:00,9.31,9.31,9.3,9.31,45700,425129.0
000561.SZ,2026-05-15 10:38:00,9.31,9.31,9.3,9.3,28000,260445.0
000561.SZ,2026-05-15 10:39:00,9.3,9.3,9.29,9.3,7900,73404.0
000561.SZ,2026-05-15 10:40:00,9.29,9.3,9.29,9.3,9900,92014.0
000561.SZ,2026-05-15 10:41:00,9.29,9.3,9.29,9.3,27700,257596.0
000561.SZ,2026-05-15 10:42:00,9.3,9.31,9.3,9.3,29500,274504.0
000561.SZ,2026-05-15 10:43:00,9.3,9.31,9.3,9.31,15100,140444.0
000561.SZ,2026-05-15 10:44:00,9.3,9.31,9.3,9.31,12600,117239.0
000561.SZ,2026-05-15 10:45:00,9.31,9.32,9.31,9.32,8400,78285.0
000561.SZ,2026-05-15 10:46:00,9.32,9.35,9.32,9.35,48100,448893.0
000561.SZ,2026-05-15 10:47:00,9.35,9.36,9.34,9.36,30100,281436.0
000561.SZ,2026-05-15 10:48:00,9.36,9.36,9.34,9.35,45100,421411.0
000561.SZ,2026-05-15 10:49:00,9.35,9.35,9.34,9.34,13700,127979.0
000561.SZ,2026-05-15 10:50:00,9.35,9.35,9.34,9.34,17300,161656.0
000561.SZ,2026-05-15 10:51:00,9.35,9.35,9.33,9.33,12300,114846.0
000561.SZ,2026-05-15 10:52:00,9.33,9.35,9.33,9.34,68600,640988.0
000561.SZ,2026-05-15 10:53:00,9.35,9.37,9.35,9.36,33600,314442.0
000561.SZ,2026-05-15 10:54:00,9.36,9.37,9.36,9.37,25900,242605.0
000561.SZ,2026-05-15 10:55:00,9.36,9.39,9.36,9.38,42900,402209.0
000561.SZ,2026-05-15 10:56:00,9.39,9.39,9.38,9.39,26800,251496.0
000561.SZ,2026-05-15 10:57:00,9.39,9.39,9.37,9.38,44300,415560.0
000561.SZ,2026-05-15 10:58:00,9.38,9.4,9.38,9.39,38500,361560.0
000561.SZ,2026-05-15 10:59:00,9.4,9.4,9.38,9.39,43700,410311.0
000561.SZ,2026-05-15 11:00:00,9.38,9.38,9.38,9.38,16000,150083.0
000561.SZ,2026-05-15 11:01:00,9.39,9.4,9.38,9.4,31200,292963.0
000561.SZ,2026-05-15 11:02:00,9.4,9.4,9.39,9.39,39400,370347.0
000561.SZ,2026-05-15 11:03:00,9.39,9.42,9.39,9.42,25100,236149.0
000561.SZ,2026-05-15 11:04:00,9.42,9.43,9.42,9.42,30000,282694.0
000561.SZ,2026-05-15 11:05:00,9.43,9.43,9.42,9.43,43900,413951.0
000561.SZ,2026-05-15 11:06:00,9.43,9.44,9.43,9.43,21800,205577.0
000561.SZ,2026-05-15 11:07:00,9.43,9.43,9.41,9.41,56500,532405.0
000561.SZ,2026-05-15 11:08:00,9.42,9.42,9.41,9.42,25700,242056.0
000561.SZ,2026-05-15 11:09:00,9.43,9.43,9.42,9.43,10500,98979.0
000561.SZ,2026-05-15 11:10:00,9.43,9.43,9.42,9.43,28500,268641.0
000561.SZ,2026-05-15 11:11:00,9.43,9.43,9.42,9.43,6200,58465.0
000561.SZ,2026-05-15 11:12:00,9.42,9.43,9.42,9.42,15900,149789.0
000561.SZ,2026-05-15 11:13:00,9.42,9.43,9.42,9.42,12100,113983.0
000561.SZ,2026-05-15 11:14:00,9.42,9.42,9.41,9.42,73700,694142.0
000561.SZ,2026-05-15 11:15:00,9.43,9.43,9.42,9.42,15500,146081.0
000561.SZ,2026-05-15 11:16:00,9.42,9.43,9.42,9.43,4000,37715.0
000561.SZ,2026-05-15 11:17:00,9.42,9.43,9.41,9.41,49700,467789.0
000561.SZ,2026-05-15 11:18:00,9.42,9.42,9.4,9.4,25000,235126.0
000561.SZ,2026-05-15 11:19:00,9.4,9.4,9.39,9.39,31700,297845.0
000561.SZ,2026-05-15 11:20:00,9.4,9.41,9.39,9.39,44400,416757.0
000561.SZ,2026-05-15 11:21:00,9.39,9.41,9.39,9.39,22000,206668.0
000561.SZ,2026-05-15 11:22:00,9.39,9.39,9.39,9.39,4000,37560.0
000561.SZ,2026-05-15 11:23:00,9.38,9.39,9.38,9.39,12700,119152.0
000561.SZ,2026-05-15 11:24:00,9.38,9.38,9.37,9.38,26100,244768.0
000561.SZ,2026-05-15 11:25:00,9.38,9.39,9.38,9.39,38000,356787.0
000561.SZ,2026-05-15 11:26:00,9.38,9.39,9.38,9.39,36900,346248.0
000561.SZ,2026-05-15 11:27:00,9.39,9.39,9.39,9.39,2300,21597.0
000561.SZ,2026-05-15 11:28:00,9.39,9.39,9.39,9.39,4800,45072.0
000561.SZ,2026-05-15 11:29:00,9.39,9.4,9.39,9.4,5300,49817.0
000561.SZ,2026-05-15 11:30:00,9.39,9.4,9.39,9.4,8000,75143.0
000561.SZ,2026-05-15 13:01:00,9.4,9.41,9.37,9.37,143300,1346468.0
000561.SZ,2026-05-15 13:02:00,9.37,9.37,9.36,9.36,7100,66503.0
000561.SZ,2026-05-15 13:03:00,9.35,9.35,9.34,9.35,129600,1211910.0
000561.SZ,2026-05-15 13:04:00,9.34,9.35,9.34,9.35,20100,187934.0
000561.SZ,2026-05-15 13:05:00,9.35,9.36,9.35,9.36,15200,142177.0
000561.SZ,2026-05-15 13:06:00,9.36,9.36,9.35,9.35,10800,101013.0
000561.SZ,2026-05-15 13:07:00,9.35,9.36,9.35,9.36,21000,196381.0
000561.SZ,2026-05-15 13:08:00,9.35,9.35,9.34,9.34,14000,130872.0
000561.SZ,2026-05-15 13:09:00,9.34,9.34,9.33,9.33,52700,491935.0
000561.SZ,2026-05-15 13:10:00,9.33,9.33,9.33,9.33,20300,189392.0
000561.SZ,2026-05-15 13:11:00,9.33,9.34,9.33,9.33,11700,109182.0
000561.SZ,2026-05-15 13:12:00,9.34,9.34,9.34,9.34,31700,296064.0
000561.SZ,2026-05-15 13:13:00,9.34,9.35,9.34,9.35,17300,161601.0
000561.SZ,2026-05-15 13:14:00,9.34,9.35,9.34,9.35,6300,58860.0
000561.SZ,2026-05-15 13:15:00,9.34,9.35,9.34,9.34,31500,294228.0
000561.SZ,2026-05-15 13:16:00,9.34,9.34,9.33,9.34,8800,82175.0
000561.SZ,2026-05-15 13:17:00,9.35,9.35,9.34,9.34,1100,10283.0
000561.SZ,2026-05-15 13:18:00,9.34,9.35,9.34,9.34,13500,126106.0
000561.SZ,2026-05-15 13:19:00,9.34,9.35,9.34,9.34,16900,157848.0
000561.SZ,2026-05-15 13:20:00,9.34,9.35,9.34,9.34,12200,114018.0
000561.SZ,2026-05-15 13:21:00,9.34,9.35,9.34,9.34,15400,143876.0
000561.SZ,2026-05-15 13:22:00,9.35,9.36,9.35,9.36,84900,793391.0
000561.SZ,2026-05-15 13:23:00,9.35,9.37,9.35,9.37,12500,117017.0
000561.SZ,2026-05-15 13:24:00,9.36,9.38,9.36,9.38,64500,604103.0
000561.SZ,2026-05-15 13:25:00,9.38,9.38,9.38,9.38,900,8442.0
000561.SZ,2026-05-15 13:26:00,9.38,9.39,9.38,9.38,17900,167912.0
000561.SZ,2026-05-15 13:27:00,9.38,9.38,9.37,9.37,13300,124734.0
000561.SZ,2026-05-15 13:28:00,9.37,9.39,9.37,9.38,7100,66593.0
000561.SZ,2026-05-15 13:29:00,9.38,9.39,9.38,9.39,29000,272058.0
000561.SZ,2026-05-15 13:30:00,9.39,9.4,9.39,9.4,20700,194384.0
000561.SZ,2026-05-15 13:31:00,9.4,9.4,9.39,9.39,23000,215997.0
000561.SZ,2026-05-15 13:32:00,9.38,9.38,9.37,9.37,23100,216538.0
000561.SZ,2026-05-15 13:33:00,9.37,9.37,9.35,9.35,20700,193764.0
000561.SZ,2026-05-15 13:34:00,9.36,9.36,9.36,9.36,22700,212472.0
000561.SZ,2026-05-15 13:35:00,9.37,9.37,9.35,9.35,14600,136653.0
000561.SZ,2026-05-15 13:36:00,9.36,9.36,9.35,9.36,7700,72048.0
000561.SZ,2026-05-15 13:37:00,9.34,9.35,9.34,9.35,50200,469288.0
000561.SZ,2026-05-15 13:38:00,9.34,9.34,9.33,9.33,22800,212922.0
000561.SZ,2026-05-15 13:39:00,9.34,9.34,9.33,9.34,8500,79359.0
000561.SZ,2026-05-15 13:40:00,9.34,9.34,9.33,9.34,9800,91482.0
000561.SZ,2026-05-15 13:41:00,9.34,9.34,9.33,9.33,51700,482368.0
000561.SZ,2026-05-15 13:42:00,9.32,9.32,9.31,9.31,115600,1077033.0
000561.SZ,2026-05-15 13:43:00,9.31,9.31,9.3,9.31,5000,46535.0
000561.SZ,2026-05-15 13:44:00,9.3,9.31,9.3,9.31,23900,222366.0
000561.SZ,2026-05-15 13:45:00,9.3,9.31,9.3,9.3,32100,298581.0
000561.SZ,2026-05-15 13:46:00,9.31,9.31,9.3,9.3,138000,1283407.0
000561.SZ,2026-05-15 13:47:00,9.29,9.3,9.29,9.29,95700,889166.0
000561.SZ,2026-05-15 13:48:00,9.29,9.29,9.28,9.28,43900,407627.0
000561.SZ,2026-05-15 13:49:00,9.28,9.29,9.28,9.29,36600,339926.0
000561.SZ,2026-05-15 13:50:00,9.29,9.29,9.28,9.29,19400,180147.0
000561.SZ,2026-05-15 13:51:00,9.29,9.29,9.28,9.28,29900,277693.0
000561.SZ,2026-05-15 13:52:00,9.29,9.29,9.28,9.29,13100,121690.0
000561.SZ,2026-05-15 13:53:00,9.28,9.29,9.28,9.29,36400,338075.0
000561.SZ,2026-05-15 13:54:00,9.28,9.29,9.28,9.29,26600,246902.0
000561.SZ,2026-05-15 13:55:00,9.29,9.3,9.29,9.29,13700,127291.0
000561.SZ,2026-05-15 13:56:00,9.29,9.3,9.29,9.29,16300,151570.0
000561.SZ,2026-05-15 13:57:00,9.3,9.3,9.29,9.3,43200,401489.0
000561.SZ,2026-05-15 13:58:00,9.29,9.29,9.28,9.28,60400,561019.0
000561.SZ,2026-05-15 13:59:00,9.29,9.29,9.27,9.27,176100,1633338.0
000561.SZ,2026-05-15 14:00:00,9.27,9.27,9.26,9.26,12000,111183.0
000561.SZ,2026-05-15 14:01:00,9.26,9.26,9.23,9.24,230900,2135646.0
000561.SZ,2026-05-15 14:02:00,9.23,9.24,9.23,9.23,59900,553277.0
000561.SZ,2026-05-15 14:03:00,9.23,9.24,9.23,9.24,27700,255694.0
000561.SZ,2026-05-15 14:04:00,9.23,9.23,9.22,9.22,27900,257433.0
000561.SZ,2026-05-15 14:05:00,9.22,9.23,9.22,9.23,90800,837747.0
000561.SZ,2026-05-15 14:06:00,9.23,9.23,9.22,9.22,24200,223313.0
000561.SZ,2026-05-15 14:07:00,9.23,9.23,9.22,9.22,42800,394975.0
000561.SZ,2026-05-15 14:08:00,9.22,9.23,9.21,9.21,115700,1066804.0
000561.SZ,2026-05-15 14:09:00,9.22,9.23,9.22,9.23,44900,414203.0
000561.SZ,2026-05-15 14:10:00,9.23,9.25,9.23,9.25,20200,186679.0
000561.SZ,2026-05-15 14:11:00,9.25,9.25,9.24,9.25,16700,154385.0
000561.SZ,2026-05-15 14:12:00,9.24,9.27,9.24,9.26,82100,759788.0
000561.SZ,2026-05-15 14:13:00,9.26,9.27,9.26,9.27,19400,179806.0
000561.SZ,2026-05-15 14:14:00,9.27,9.27,9.26,9.26,29800,275936.0
000561.SZ,2026-05-15 14:15:00,9.26,9.26,9.25,9.26,15200,140750.0
000561.SZ,2026-05-15 14:16:00,9.26,9.28,9.26,9.28,24000,222403.0
000561.SZ,2026-05-15 14:17:00,9.28,9.29,9.27,9.29,25100,232961.0
000561.SZ,2026-05-15 14:18:00,9.29,9.3,9.28,9.3,31500,292627.0
000561.SZ,2026-05-15 14:19:00,9.29,9.3,9.28,9.3,56100,521157.0
000561.SZ,2026-05-15 14:20:00,9.29,9.29,9.28,9.29,28200,261855.0
000561.SZ,2026-05-15 14:21:00,9.28,9.28,9.27,9.28,19400,179936.0
000561.SZ,2026-05-15 14:22:00,9.28,9.29,9.28,9.28,28100,260772.0
000561.SZ,2026-05-15 14:23:00,9.28,9.28,9.26,9.26,27200,252247.0
000561.SZ,2026-05-15 14:24:00,9.26,9.26,9.26,9.26,25800,238929.0
000561.SZ,2026-05-15 14:25:00,9.25,9.26,9.25,9.25,11100,102703.0
000561.SZ,2026-05-15 14:26:00,9.25,9.25,9.25,9.25,41000,379254.0
000561.SZ,2026-05-15 14:27:00,9.26,9.26,9.25,9.25,12900,119343.0
000561.SZ,2026-05-15 14:28:00,9.25,9.25,9.24,9.25,25600,236786.0
000561.SZ,2026-05-15 14:29:00,9.25,9.25,9.24,9.24,30800,284661.0
000561.SZ,2026-05-15 14:30:00,9.24,9.24,9.23,9.23,6200,57269.0
000561.SZ,2026-05-15 14:31:00,9.23,9.25,9.23,9.24,84500,780792.0
000561.SZ,2026-05-15 14:32:00,9.23,9.24,9.22,9.22,46100,425385.0
000561.SZ,2026-05-15 14:33:00,9.22,9.22,9.22,9.22,53600,494220.0
000561.SZ,2026-05-15 14:34:00,9.22,9.23,9.22,9.22,24800,228668.0
000561.SZ,2026-05-15 14:35:00,9.22,9.23,9.22,9.22,76900,709054.0
000561.SZ,2026-05-15 14:36:00,9.22,9.23,9.22,9.23,19900,183489.0
000561.SZ,2026-05-15 14:37:00,9.23,9.24,9.22,9.24,57100,527095.0
000561.SZ,2026-05-15 14:38:00,9.23,9.23,9.22,9.23,32200,297329.0
000561.SZ,2026-05-15 14:39:00,9.22,9.23,9.22,9.23,44600,411460.0
000561.SZ,2026-05-15 14:40:00,9.23,9.24,9.23,9.24,21700,200294.0
000561.SZ,2026-05-15 14:41:00,9.24,9.25,9.23,9.23,62000,572687.0
000561.SZ,2026-05-15 14:42:00,9.24,9.25,9.24,9.25,48200,445709.0
000561.SZ,2026-05-15 14:43:00,9.26,9.27,9.25,9.27,57600,533374.0
000561.SZ,2026-05-15 14:44:00,9.27,9.28,9.27,9.28,25000,231831.0
000561.SZ,2026-05-15 14:45:00,9.28,9.28,9.27,9.28,24700,229137.0
000561.SZ,2026-05-15 14:46:00,9.28,9.29,9.27,9.28,30400,282197.0
000561.SZ,2026-05-15 14:47:00,9.29,9.29,9.28,9.29,38900,361323.0
000561.SZ,2026-05-15 14:48:00,9.29,9.3,9.29,9.29,51600,479388.0
000561.SZ,2026-05-15 14:49:00,9.29,9.3,9.28,9.28,72100,669764.0
000561.SZ,2026-05-15 14:50:00,9.28,9.28,9.27,9.28,86400,801753.0
000561.SZ,2026-05-15 14:51:00,9.27,9.29,9.27,9.28,57700,535571.0
000561.SZ,2026-05-15 14:52:00,9.28,9.29,9.28,9.28,38800,360153.0
000561.SZ,2026-05-15 14:53:00,9.27,9.28,9.27,9.27,42700,395838.0
000561.SZ,2026-05-15 14:54:00,9.27,9.28,9.27,9.27,45700,423697.0
000561.SZ,2026-05-15 14:55:00,9.27,9.28,9.27,9.27,30700,284604.0
000561.SZ,2026-05-15 14:56:00,9.28,9.28,9.26,9.27,52800,489497.0
000561.SZ,2026-05-15 14:57:00,9.27,9.28,9.27,9.27,51200,474978.0
000561.SZ,2026-05-15 14:58:00,9.27,9.27,9.27,9.27,0,0.0
000561.SZ,2026-05-15 14:59:00,9.27,9.27,9.27,9.27,0,0.0
000561.SZ,2026-05-15 15:00:00,9.26,9.26,9.26,9.26,142100,1315846.0
000561.SZ,2026-05-18 09:30:00,9.22,9.25,9.22,9.22,92000,848444.0
000561.SZ,2026-05-18 09:31:00,9.2,9.25,9.18,9.22,314700,2900271.0
000561.SZ,2026-05-18 09:32:00,9.23,9.25,9.23,9.24,87500,808731.0
000561.SZ,2026-05-18 09:33:00,9.23,9.27,9.23,9.26,158100,1462876.0
000561.SZ,2026-05-18 09:34:00,9.28,9.31,9.27,9.28,117800,1093771.0
000561.SZ,2026-05-18 09:35:00,9.28,9.33,9.28,9.32,74100,689285.0
000561.SZ,2026-05-18 09:36:00,9.32,9.32,9.28,9.3,79100,735860.0
000561.SZ,2026-05-18 09:37:00,9.3,9.32,9.28,9.31,57500,535112.0
000561.SZ,2026-05-18 09:38:00,9.31,9.37,9.3,9.35,140500,1312263.0
000561.SZ,2026-05-18 09:39:00,9.36,9.4,9.36,9.38,150596,1412805.6
000561.SZ,2026-05-18 09:40:00,9.38,9.39,9.36,9.38,104900,983480.0
000561.SZ,2026-05-18 09:41:00,9.37,9.38,9.36,9.37,75200,704587.0
000561.SZ,2026-05-18 09:42:00,9.38,9.38,9.37,9.37,46500,435804.0
000561.SZ,2026-05-18 09:43:00,9.38,9.43,9.37,9.41,270100,2538490.0
000561.SZ,2026-05-18 09:44:00,9.4,9.43,9.4,9.42,125700,1182905.0
000561.SZ,2026-05-18 09:45:00,9.42,9.42,9.41,9.41,79400,747829.0
000561.SZ,2026-05-18 09:46:00,9.42,9.42,9.38,9.38,165000,1551767.0
000561.SZ,2026-05-18 09:47:00,9.4,9.4,9.38,9.39,54800,514707.0
000561.SZ,2026-05-18 09:48:00,9.39,9.4,9.38,9.38,51500,483168.0
000561.SZ,2026-05-18 09:49:00,9.39,9.4,9.38,9.39,54100,507970.0
000561.SZ,2026-05-18 09:50:00,9.39,9.4,9.39,9.39,63400,595301.0
000561.SZ,2026-05-18 09:51:00,9.39,9.42,9.39,9.41,71300,670735.0
000561.SZ,2026-05-18 09:52:00,9.41,9.41,9.4,9.41,22300,209750.0
000561.SZ,2026-05-18 09:53:00,9.41,9.41,9.39,9.4,47100,442673.0
000561.SZ,2026-05-18 09:54:00,9.4,9.42,9.39,9.42,58000,545551.0
000561.SZ,2026-05-18 09:55:00,9.42,9.42,9.41,9.41,23000,216515.0
000561.SZ,2026-05-18 09:56:00,9.41,9.43,9.41,9.42,140113,1319967.5
000561.SZ,2026-05-18 09:57:00,9.43,9.43,9.41,9.42,36600,344868.0
000561.SZ,2026-05-18 09:58:00,9.41,9.43,9.41,9.43,81300,765927.0
000561.SZ,2026-05-18 09:59:00,9.43,9.43,9.42,9.42,66700,628853.0
000561.SZ,2026-05-18 10:00:00,9.43,9.43,9.42,9.42,14000,131911.0
000561.SZ,2026-05-18 10:01:00,9.43,9.43,9.4,9.41,37000,348274.0
000561.SZ,2026-05-18 10:02:00,9.41,9.42,9.41,9.42,24000,225929.0
000561.SZ,2026-05-18 10:03:00,9.42,9.42,9.41,9.41,22400,210905.0
000561.SZ,2026-05-18 10:04:00,9.41,9.42,9.41,9.41,37600,353882.0
000561.SZ,2026-05-18 10:05:00,9.42,9.42,9.39,9.39,97300,914998.0
000561.SZ,2026-05-18 10:06:00,9.4,9.42,9.39,9.42,131700,1238139.0
000561.SZ,2026-05-18 10:07:00,9.41,9.41,9.41,9.41,13300,125126.0
000561.SZ,2026-05-18 10:08:00,9.41,9.41,9.39,9.39,25400,238738.0
000561.SZ,2026-05-18 10:09:00,9.39,9.39,9.38,9.38,38200,358593.0
000561.SZ,2026-05-18 10:10:00,9.38,9.4,9.38,9.4,28000,262897.0
000561.SZ,2026-05-18 10:11:00,9.39,9.39,9.37,9.37,28600,268317.0
000561.SZ,2026-05-18 10:12:00,9.37,9.38,9.37,9.37,21900,205237.0
000561.SZ,2026-05-18 10:13:00,9.37,9.37,9.36,9.37,63500,594487.0
000561.SZ,2026-05-18 10:14:00,9.37,9.37,9.36,9.36,19000,177902.0
000561.SZ,2026-05-18 10:15:00,9.37,9.4,9.37,9.39,88800,832762.0
000561.SZ,2026-05-18 10:16:00,9.38,9.4,9.38,9.4,17202,161481.77
000561.SZ,2026-05-18 10:17:00,9.39,9.39,9.38,9.38,13898,130391.24
000561.SZ,2026-05-18 10:18:00,9.38,9.38,9.37,9.37,12300,115255.0
000561.SZ,2026-05-18 10:19:00,9.36,9.37,9.36,9.37,13300,124593.0
000561.SZ,2026-05-18 10:20:00,9.37,9.39,9.37,9.39,34000,318751.0
000561.SZ,2026-05-18 10:21:00,9.38,9.39,9.38,9.38,10900,102293.0
000561.SZ,2026-05-18 10:22:00,9.37,9.42,9.37,9.42,325900,3063767.0
000561.SZ,2026-05-18 10:23:00,9.42,9.42,9.39,9.39,47300,444772.0
000561.SZ,2026-05-18 10:24:00,9.4,9.41,9.39,9.4,12800,120366.0
000561.SZ,2026-05-18 10:25:00,9.4,9.41,9.4,9.4,19500,183270.0
000561.SZ,2026-05-18 10:26:00,9.4,9.41,9.4,9.41,4800,45134.0
000561.SZ,2026-05-18 10:27:00,9.4,9.4,9.39,9.39,10700,100570.0
000561.SZ,2026-05-18 10:28:00,9.39,9.4,9.39,9.39,6600,61998.0
000561.SZ,2026-05-18 10:29:00,9.4,9.4,9.39,9.4,3600,33832.0
000561.SZ,2026-05-18 10:30:00,9.39,9.4,9.39,9.39,27200,255610.0
000561.SZ,2026-05-18 10:31:00,9.39,9.41,9.39,9.4,32600,306442.0
000561.SZ,2026-05-18 10:32:00,9.4,9.42,9.4,9.41,44600,419670.0
000561.SZ,2026-05-18 10:33:00,9.41,9.42,9.4,9.4,19300,181618.0
000561.SZ,2026-05-18 10:34:00,9.41,9.41,9.4,9.4,10700,100598.0
000561.SZ,2026-05-18 10:35:00,9.4,9.4,9.39,9.39,29800,279892.0
000561.SZ,2026-05-18 10:36:00,9.38,9.39,9.38,9.38,35000,328332.0
000561.SZ,2026-05-18 10:37:00,9.38,9.38,9.37,9.37,4300,40332.0
000561.SZ,2026-05-18 10:38:00,9.38,9.39,9.38,9.38,9000,84442.0
000561.SZ,2026-05-18 10:39:00,9.39,9.39,9.38,9.39,7201,67605.38
000561.SZ,2026-05-18 10:40:00,9.38,9.39,9.38,9.38,6300,59115.0
000561.SZ,2026-05-18 10:41:00,9.38,9.39,9.38,9.38,17100,160447.0
000561.SZ,2026-05-18 10:42:00,9.39,9.39,9.38,9.39,21400,200791.0
000561.SZ,2026-05-18 10:43:00,9.38,9.39,9.38,9.38,9500,89140.0
000561.SZ,2026-05-18 10:44:00,9.38,9.38,9.36,9.36,67399,631637.6
000561.SZ,2026-05-18 10:45:00,9.37,9.37,9.36,9.37,23300,218211.0
000561.SZ,2026-05-18 10:46:00,9.37,9.38,9.37,9.37,15000,140580.0
000561.SZ,2026-05-18 10:47:00,9.37,9.38,9.37,9.37,18500,173347.0
000561.SZ,2026-05-18 10:48:00,9.37,9.38,9.37,9.37,3600,33743.0
000561.SZ,2026-05-18 10:49:00,9.37,9.39,9.37,9.38,42600,399579.0
000561.SZ,2026-05-18 10:50:00,9.38,9.39,9.38,9.38,7400,69458.0
000561.SZ,2026-05-18 10:51:00,9.38,9.4,9.38,9.4,12200,114570.0
000561.SZ,2026-05-18 10:52:00,9.4,9.4,9.39,9.4,14900,139964.0
000561.SZ,2026-05-18 10:53:00,9.4,9.4,9.39,9.39,13400,125828.0
000561.SZ,2026-05-18 10:54:00,9.38,9.38,9.37,9.37,13400,125655.0
000561.SZ,2026-05-18 10:55:00,9.37,9.38,9.37,9.37,9500,89031.0
000561.SZ,2026-05-18 10:56:00,9.37,9.37,9.36,9.36,47600,445904.0
000561.SZ,2026-05-18 10:57:00,9.36,9.37,9.36,9.36,8000,74892.0
000561.SZ,2026-05-18 10:58:00,9.36,9.37,9.36,9.36,7500,70201.0
000561.SZ,2026-05-18 10:59:00,9.37,9.37,9.36,9.36,19500,182523.0
000561.SZ,2026-05-18 11:00:00,9.35,9.35,9.35,9.35,54300,507705.0
000561.SZ,2026-05-18 11:01:00,9.35,9.36,9.35,9.35,9300,86956.0
000561.SZ,2026-05-18 11:02:00,9.35,9.35,9.33,9.33,29200,272731.0
000561.SZ,2026-05-18 11:03:00,9.33,9.34,9.33,9.33,22300,208076.0
000561.SZ,2026-05-18 11:04:00,9.33,9.33,9.31,9.33,30800,287105.0
000561.SZ,2026-05-18 11:05:00,9.32,9.32,9.32,9.32,7100,66172.0
000561.SZ,2026-05-18 11:06:00,9.32,9.32,9.32,9.32,8300,77356.0
000561.SZ,2026-05-18 11:07:00,9.32,9.33,9.32,9.33,14100,131492.0
000561.SZ,2026-05-18 11:08:00,9.33,9.33,9.33,9.33,9900,92372.0
000561.SZ,2026-05-18 11:09:00,9.34,9.34,9.33,9.34,19000,177374.0
000561.SZ,2026-05-18 11:10:00,9.33,9.35,9.33,9.35,16600,155054.0
000561.SZ,2026-05-18 11:11:00,9.35,9.35,9.34,9.34,8800,82234.0
000561.SZ,2026-05-18 11:12:00,9.34,9.34,9.33,9.33,27100,252918.0
000561.SZ,2026-05-18 11:13:00,9.33,9.34,9.33,9.33,13100,122268.0
000561.SZ,2026-05-18 11:14:00,9.33,9.33,9.32,9.33,15600,145516.0
000561.SZ,2026-05-18 11:15:00,9.32,9.34,9.32,9.33,23600,220193.0
000561.SZ,2026-05-18 11:16:00,9.33,9.33,9.32,9.33,9300,86767.0
000561.SZ,2026-05-18 11:17:00,9.32,9.32,9.32,9.32,16600,154713.0
000561.SZ,2026-05-18 11:18:00,9.32,9.33,9.32,9.33,3300,30768.0
000561.SZ,2026-05-18 11:19:00,9.32,9.33,9.32,9.32,14000,130494.0
000561.SZ,2026-05-18 11:20:00,9.32,9.32,9.32,9.32,7700,71764.0
000561.SZ,2026-05-18 11:21:00,9.32,9.32,9.32,9.32,18200,169623.0
000561.SZ,2026-05-18 11:22:00,9.31,9.32,9.31,9.31,28800,268173.0
000561.SZ,2026-05-18 11:23:00,9.31,9.32,9.31,9.31,38100,354912.0
000561.SZ,2026-05-18 11:24:00,9.31,9.32,9.31,9.31,11300,105215.0
000561.SZ,2026-05-18 11:25:00,9.31,9.31,9.31,9.31,0,0.0
000561.SZ,2026-05-18 11:26:00,9.31,9.32,9.31,9.31,9100,84722.0
000561.SZ,2026-05-18 11:27:00,9.32,9.32,9.32,9.32,30000,279604.0
000561.SZ,2026-05-18 11:28:00,9.32,9.33,9.32,9.32,9000,83858.0
000561.SZ,2026-05-18 11:29:00,9.33,9.33,9.32,9.32,4200,39178.0
000561.SZ,2026-05-18 11:30:00,9.31,9.33,9.31,9.33,5500,51251.0
000561.SZ,2026-05-18 13:01:00,9.33,9.35,9.33,9.33,31000,289419.0
000561.SZ,2026-05-18 13:02:00,9.33,9.34,9.33,9.34,7800,72825.0
000561.SZ,2026-05-18 13:03:00,9.34,9.35,9.34,9.35,15100,141042.0
000561.SZ,2026-05-18 13:04:00,9.35,9.35,9.34,9.34,16400,153187.0
000561.SZ,2026-05-18 13:05:00,9.34,9.34,9.34,9.34,7700,71918.0
000561.SZ,2026-05-18 13:06:00,9.34,9.35,9.33,9.35,15900,148463.0
000561.SZ,2026-05-18 13:07:00,9.34,9.35,9.34,9.34,9100,84989.0
000561.SZ,2026-05-18 13:08:00,9.34,9.34,9.33,9.33,3000,28004.0
000561.SZ,2026-05-18 13:09:00,9.33,9.34,9.33,9.34,16400,153174.0
000561.SZ,2026-05-18 13:10:00,9.34,9.34,9.33,9.33,8500,79380.0
000561.SZ,2026-05-18 13:11:00,9.33,9.35,9.33,9.35,10100,94326.0
000561.SZ,2026-05-18 13:12:00,9.34,9.35,9.34,9.34,22300,208492.0
000561.SZ,2026-05-18 13:13:00,9.34,9.35,9.33,9.33,24300,226852.0
000561.SZ,2026-05-18 13:14:00,9.33,9.33,9.33,9.33,1000,9330.0
000561.SZ,2026-05-18 13:15:00,9.34,9.34,9.32,9.33,56200,524219.0
000561.SZ,2026-05-18 13:16:00,9.32,9.33,9.32,9.33,2700,25174.0
000561.SZ,2026-05-18 13:17:00,9.32,9.32,9.32,9.32,4300,40076.0
000561.SZ,2026-05-18 13:18:00,9.33,9.34,9.33,9.34,58500,545825.0
000561.SZ,2026-05-18 13:19:00,9.34,9.34,9.34,9.34,1000,9340.0
000561.SZ,2026-05-18 13:20:00,9.34,9.34,9.33,9.33,800,7470.0
000561.SZ,2026-05-18 13:21:00,9.34,9.34,9.33,9.33,13300,124090.0
000561.SZ,2026-05-18 13:22:00,9.33,9.34,9.33,9.34,2200,20537.0
000561.SZ,2026-05-18 13:23:00,9.34,9.34,9.33,9.34,6100,56957.0
000561.SZ,2026-05-18 13:24:00,9.34,9.34,9.33,9.33,3300,30808.0
000561.SZ,2026-05-18 13:25:00,9.34,9.34,9.33,9.33,7500,70002.0
000561.SZ,2026-05-18 13:26:00,9.34,9.34,9.34,9.34,55100,514633.0
000561.SZ,2026-05-18 13:27:00,9.34,9.34,9.33,9.33,12700,118607.0
000561.SZ,2026-05-18 13:28:00,9.33,9.34,9.33,9.34,18900,176389.0
000561.SZ,2026-05-18 13:29:00,9.34,9.34,9.33,9.34,27000,252165.0
000561.SZ,2026-05-18 13:30:00,9.36,9.36,9.35,9.35,39900,373093.0
000561.SZ,2026-05-18 13:31:00,9.36,9.36,9.35,9.36,4300,40238.0
000561.SZ,2026-05-18 13:32:00,9.36,9.38,9.36,9.38,80000,749154.0
000561.SZ,2026-05-18 13:33:00,9.37,9.38,9.37,9.38,12000,112488.0
000561.SZ,2026-05-18 13:34:00,9.38,9.38,9.37,9.37,51400,481693.0
000561.SZ,2026-05-18 13:35:00,9.37,9.37,9.37,9.37,3700,34669.0
000561.SZ,2026-05-18 13:36:00,9.38,9.38,9.38,9.38,28500,267345.0
000561.SZ,2026-05-18 13:37:00,9.39,9.4,9.38,9.4,176700,1659675.0
000561.SZ,2026-05-18 13:38:00,9.4,9.4,9.39,9.39,12500,117459.0
000561.SZ,2026-05-18 13:39:00,9.39,9.4,9.38,9.4,49400,463739.0
000561.SZ,2026-05-18 13:40:00,9.4,9.4,9.38,9.39,3500,32856.0
000561.SZ,2026-05-18 13:41:00,9.39,9.39,9.38,9.39,6700,62872.0
000561.SZ,2026-05-18 13:42:00,9.38,9.38,9.38,9.38,13100,122879.0
000561.SZ,2026-05-18 13:43:00,9.38,9.39,9.37,9.37,10900,102234.0
000561.SZ,2026-05-18 13:44:00,9.38,9.38,9.37,9.38,6700,62807.0
000561.SZ,2026-05-18 13:45:00,9.38,9.39,9.38,9.38,24600,230767.0
000561.SZ,2026-05-18 13:46:00,9.38,9.39,9.38,9.38,8900,83484.0
000561.SZ,2026-05-18 13:47:00,9.38,9.39,9.37,9.37,64300,602718.0
000561.SZ,2026-05-18 13:48:00,9.37,9.38,9.37,9.38,900,8435.0
000561.SZ,2026-05-18 13:49:00,9.37,9.37,9.37,9.37,1100,10307.0
000561.SZ,2026-05-18 13:50:00,9.37,9.38,9.37,9.37,21900,205267.0
000561.SZ,2026-05-18 13:51:00,9.37,9.37,9.36,9.36,3400,31855.0
000561.SZ,2026-05-18 13:52:00,9.37,9.37,9.36,9.36,2600,24346.0
000561.SZ,2026-05-18 13:53:00,9.36,9.36,9.36,9.36,3400,31824.0
000561.SZ,2026-05-18 13:54:00,9.36,9.36,9.36,9.36,2200,20592.0
000561.SZ,2026-05-18 13:55:00,9.36,9.37,9.35,9.36,71000,664482.0
000561.SZ,2026-05-18 13:56:00,9.35,9.36,9.35,9.35,2500,23376.0
000561.SZ,2026-05-18 13:57:00,9.35,9.35,9.34,9.35,10400,97224.0
000561.SZ,2026-05-18 13:58:00,9.35,9.35,9.33,9.33,16700,156051.0
000561.SZ,2026-05-18 13:59:00,9.33,9.34,9.33,9.34,74800,697894.0
000561.SZ,2026-05-18 14:00:00,9.34,9.34,9.33,9.33,93700,874224.0
000561.SZ,2026-05-18 14:01:00,9.33,9.33,9.32,9.32,33800,315143.0
000561.SZ,2026-05-18 14:02:00,9.31,9.32,9.31,9.31,17200,160213.0
000561.SZ,2026-05-18 14:03:00,9.31,9.31,9.3,9.3,51600,480355.0
000561.SZ,2026-05-18 14:04:00,9.31,9.31,9.3,9.31,15100,140556.0
000561.SZ,2026-05-18 14:05:00,9.3,9.31,9.3,9.3,16800,156292.0
000561.SZ,2026-05-18 14:06:00,9.3,9.3,9.29,9.29,117000,1087874.0
000561.SZ,2026-05-18 14:07:00,9.29,9.29,9.28,9.29,16300,151338.0
000561.SZ,2026-05-18 14:08:00,9.29,9.3,9.29,9.3,24000,223071.0
000561.SZ,2026-05-18 14:09:00,9.3,9.3,9.3,9.3,13200,122760.0
000561.SZ,2026-05-18 14:10:00,9.31,9.31,9.3,9.31,8600,80032.0
000561.SZ,2026-05-18 14:11:00,9.3,9.31,9.3,9.31,29400,273496.0
000561.SZ,2026-05-18 14:12:00,9.31,9.31,9.3,9.31,27200,253231.0
000561.SZ,2026-05-18 14:13:00,9.31,9.32,9.31,9.31,3800,35402.0
000561.SZ,2026-05-18 14:14:00,9.32,9.32,9.31,9.32,5800,54054.0
000561.SZ,2026-05-18 14:15:00,9.32,9.32,9.31,9.32,16000,149030.0
000561.SZ,2026-05-18 14:16:00,9.32,9.32,9.31,9.31,4400,40986.0
000561.SZ,2026-05-18 14:17:00,9.31,9.31,9.3,9.3,26900,250384.0
000561.SZ,2026-05-18 14:18:00,9.3,9.32,9.3,9.32,12600,117297.0
000561.SZ,2026-05-18 14:19:00,9.32,9.32,9.31,9.31,11400,106140.0
000561.SZ,2026-05-18 14:20:00,9.31,9.32,9.31,9.32,11400,106214.0
000561.SZ,2026-05-18 14:21:00,9.32,9.33,9.32,9.33,16000,149184.0
000561.SZ,2026-05-18 14:22:00,9.32,9.33,9.32,9.32,18700,174290.0
000561.SZ,2026-05-18 14:23:00,9.32,9.33,9.32,9.32,6100,56880.0
000561.SZ,2026-05-18 14:24:00,9.32,9.32,9.31,9.32,28300,263754.0
000561.SZ,2026-05-18 14:25:00,9.32,9.32,9.31,9.32,16800,156472.0
000561.SZ,2026-05-18 14:26:00,9.31,9.32,9.3,9.3,39700,369358.0
000561.SZ,2026-05-18 14:27:00,9.3,9.3,9.3,9.3,32800,305041.0
000561.SZ,2026-05-18 14:28:00,9.29,9.3,9.29,9.3,3900,36262.0
000561.SZ,2026-05-18 14:29:00,9.3,9.3,9.29,9.29,3100,28800.0
000561.SZ,2026-05-18 14:30:00,9.29,9.3,9.29,9.29,14700,136624.0
000561.SZ,2026-05-18 14:31:00,9.29,9.3,9.29,9.29,47900,445018.0
000561.SZ,2026-05-18 14:32:00,9.29,9.29,9.28,9.28,20500,190405.0
000561.SZ,2026-05-18 14:33:00,9.29,9.3,9.29,9.29,26900,249944.0
000561.SZ,2026-05-18 14:34:00,9.3,9.3,9.29,9.3,14200,132018.0
000561.SZ,2026-05-18 14:35:00,9.3,9.3,9.29,9.3,44300,411920.0
000561.SZ,2026-05-18 14:36:00,9.3,9.3,9.29,9.3,1700,15798.0
000561.SZ,2026-05-18 14:37:00,9.29,9.3,9.29,9.29,800,7435.0
000561.SZ,2026-05-18 14:38:00,9.3,9.31,9.3,9.3,42800,398123.0
000561.SZ,2026-05-18 14:39:00,9.3,9.3,9.29,9.29,19000,176664.0
000561.SZ,2026-05-18 14:40:00,9.29,9.3,9.29,9.29,12300,114273.0
000561.SZ,2026-05-18 14:41:00,9.29,9.29,9.28,9.28,71100,660532.0
000561.SZ,2026-05-18 14:42:00,9.29,9.29,9.28,9.29,24700,229381.0
000561.SZ,2026-05-18 14:43:00,9.29,9.29,9.28,9.29,25100,233155.0
000561.SZ,2026-05-18 14:44:00,9.28,9.29,9.28,9.29,32000,297149.0
000561.SZ,2026-05-18 14:45:00,9.29,9.3,9.29,9.29,22200,206289.0
000561.SZ,2026-05-18 14:46:00,9.3,9.3,9.29,9.3,28100,261162.0
000561.SZ,2026-05-18 14:47:00,9.29,9.31,9.29,9.3,51200,476227.0
000561.SZ,2026-05-18 14:48:00,9.3,9.31,9.29,9.3,43700,406385.0
000561.SZ,2026-05-18 14:49:00,9.3,9.31,9.3,9.31,37900,352735.0
000561.SZ,2026-05-18 14:50:00,9.31,9.32,9.31,9.32,20400,190092.0
000561.SZ,2026-05-18 14:51:00,9.33,9.33,9.32,9.33,24600,229334.0
000561.SZ,2026-05-18 14:52:00,9.33,9.34,9.33,9.34,26600,248228.0
000561.SZ,2026-05-18 14:53:00,9.33,9.34,9.32,9.34,37400,349085.0
000561.SZ,2026-05-18 14:54:00,9.34,9.35,9.34,9.34,45600,426021.0
000561.SZ,2026-05-18 14:55:00,9.35,9.35,9.34,9.35,111900,1046068.0
000561.SZ,2026-05-18 14:56:00,9.35,9.37,9.35,9.36,93700,876538.0
000561.SZ,2026-05-18 14:57:00,9.37,9.37,9.35,9.37,75100,703131.0
000561.SZ,2026-05-18 14:58:00,9.37,9.37,9.37,9.37,0,0.0
000561.SZ,2026-05-18 14:59:00,9.37,9.37,9.37,9.37,0,0.0
000561.SZ,2026-05-18 15:00:00,9.36,9.36,9.36,9.36,134900,1262664.0
000561.SZ,2026-05-19 09:30:00,9.36,9.36,9.36,9.36,26700,249912.0
000561.SZ,2026-05-19 09:31:00,9.35,9.37,9.29,9.3,50500,470517.0
000561.SZ,2026-05-19 09:32:00,9.3,9.31,9.25,9.25,96100,892716.0
000561.SZ,2026-05-19 09:33:00,9.26,9.28,9.24,9.27,113800,1053633.0
000561.SZ,2026-05-19 09:34:00,9.27,9.29,9.27,9.28,81000,751525.0
000561.SZ,2026-05-19 09:35:00,9.29,9.3,9.28,9.3,163700,1519393.0
000561.SZ,2026-05-19 09:36:00,9.29,9.35,9.29,9.31,55800,519679.0
000561.SZ,2026-05-19 09:37:00,9.34,9.37,9.34,9.35,26200,244986.0
000561.SZ,2026-05-19 09:38:00,9.35,9.36,9.35,9.36,24000,224705.0
000561.SZ,2026-05-19 09:39:00,9.36,9.38,9.36,9.37,54900,514402.0
000561.SZ,2026-05-19 09:40:00,9.36,9.37,9.36,9.37,17200,161131.0
000561.SZ,2026-05-19 09:41:00,9.36,9.37,9.35,9.35,56200,526147.0
000561.SZ,2026-05-19 09:42:00,9.35,9.36,9.33,9.35,65400,611029.0
000561.SZ,2026-05-19 09:43:00,9.34,9.35,9.34,9.34,52700,492230.0
000561.SZ,2026-05-19 09:44:00,9.34,9.34,9.33,9.33,38600,360202.0
000561.SZ,2026-05-19 09:45:00,9.32,9.32,9.31,9.31,14600,136062.0
000561.SZ,2026-05-19 09:46:00,9.32,9.33,9.32,9.32,45800,426992.0
000561.SZ,2026-05-19 09:47:00,9.33,9.34,9.32,9.34,60400,563467.0
000561.SZ,2026-05-19 09:48:00,9.34,9.34,9.33,9.33,14500,135424.0
000561.SZ,2026-05-19 09:49:00,9.33,9.35,9.33,9.34,96500,901596.0
000561.SZ,2026-05-19 09:50:00,9.34,9.34,9.32,9.33,68300,637691.0
000561.SZ,2026-05-19 09:51:00,9.32,9.32,9.31,9.32,24900,232007.0
000561.SZ,2026-05-19 09:52:00,9.32,9.33,9.32,9.32,26300,245239.0
000561.SZ,2026-05-19 09:53:00,9.34,9.36,9.34,9.36,137400,1284174.0
000561.SZ,2026-05-19 09:54:00,9.36,9.37,9.36,9.37,43300,405367.0
000561.SZ,2026-05-19 09:55:00,9.36,9.37,9.36,9.36,25300,236839.0
000561.SZ,2026-05-19 09:56:00,9.36,9.36,9.33,9.35,28300,264535.0
000561.SZ,2026-05-19 09:57:00,9.35,9.35,9.34,9.35,11300,105618.0
000561.SZ,2026-05-19 09:58:00,9.35,9.35,9.33,9.33,25300,236347.0
000561.SZ,2026-05-19 09:59:00,9.34,9.36,9.34,9.36,196800,1839822.0
000561.SZ,2026-05-19 10:00:00,9.36,9.37,9.35,9.35,29500,276103.0
000561.SZ,2026-05-19 10:01:00,9.36,9.36,9.33,9.33,44000,410978.0
000561.SZ,2026-05-19 10:02:00,9.32,9.32,9.3,9.31,62300,580162.0
000561.SZ,2026-05-19 10:03:00,9.31,9.33,9.31,9.32,36900,343919.0
000561.SZ,2026-05-19 10:04:00,9.32,9.33,9.32,9.32,31400,292791.0
000561.SZ,2026-05-19 10:05:00,9.32,9.33,9.31,9.32,40400,376315.0
000561.SZ,2026-05-19 10:06:00,9.31,9.31,9.3,9.3,24000,223250.0
000561.SZ,2026-05-19 10:07:00,9.31,9.31,9.3,9.31,13000,120937.0
000561.SZ,2026-05-19 10:08:00,9.3,9.31,9.3,9.3,39793,370220.9
000561.SZ,2026-05-19 10:09:00,9.3,9.31,9.3,9.3,11500,106959.0
000561.SZ,2026-05-19 10:10:00,9.3,9.3,9.28,9.28,102607,953503.1
000561.SZ,2026-05-19 10:11:00,9.29,9.3,9.29,9.29,30700,285248.0
000561.SZ,2026-05-19 10:12:00,9.29,9.29,9.27,9.28,50200,465873.0
000561.SZ,2026-05-19 10:13:00,9.28,9.28,9.27,9.28,51800,480265.0
000561.SZ,2026-05-19 10:14:00,9.28,9.29,9.27,9.28,46000,426884.0
000561.SZ,2026-05-19 10:15:00,9.28,9.29,9.27,9.28,58200,540027.0
000561.SZ,2026-05-19 10:16:00,9.27,9.28,9.26,9.27,66400,615721.0
000561.SZ,2026-05-19 10:17:00,9.26,9.27,9.26,9.27,35600,329801.0
000561.SZ,2026-05-19 10:18:00,9.27,9.27,9.26,9.27,113500,1051231.0
000561.SZ,2026-05-19 10:19:00,9.28,9.28,9.27,9.27,31000,287373.0
000561.SZ,2026-05-19 10:20:00,9.27,9.28,9.27,9.28,14700,136321.0
000561.SZ,2026-05-19 10:21:00,9.28,9.28,9.27,9.27,19000,176141.0
000561.SZ,2026-05-19 10:22:00,9.27,9.27,9.25,9.25,52400,485367.0
000561.SZ,2026-05-19 10:23:00,9.25,9.26,9.25,9.26,32800,303681.0
000561.SZ,2026-05-19 10:24:00,9.26,9.26,9.25,9.25,100700,931690.0
000561.SZ,2026-05-19 10:25:00,9.25,9.25,9.24,9.25,110900,1025522.0
000561.SZ,2026-05-19 10:26:00,9.25,9.25,9.24,9.24,18800,173890.0
000561.SZ,2026-05-19 10:27:00,9.24,9.26,9.24,9.26,17100,158239.0
000561.SZ,2026-05-19 10:28:00,9.26,9.27,9.25,9.26,41100,380812.0
000561.SZ,2026-05-19 10:29:00,9.25,9.26,9.24,9.24,78400,725006.0
000561.SZ,2026-05-19 10:30:00,9.25,9.25,9.22,9.23,120900,1116240.0
000561.SZ,2026-05-19 10:31:00,9.24,9.24,9.22,9.23,62500,577044.0
000561.SZ,2026-05-19 10:32:00,9.23,9.25,9.22,9.25,71500,660202.0
000561.SZ,2026-05-19 10:33:00,9.25,9.26,9.25,9.26,15300,141646.0
000561.SZ,2026-05-19 10:34:00,9.25,9.25,9.24,9.25,45200,418002.0
000561.SZ,2026-05-19 10:35:00,9.25,9.25,9.24,9.24,30300,280085.0
000561.SZ,2026-05-19 10:36:00,9.23,9.24,9.23,9.23,6400,59078.0
000561.SZ,2026-05-19 10:37:00,9.24,9.24,9.23,9.24,17100,157938.0
000561.SZ,2026-05-19 10:38:00,9.24,9.24,9.23,9.24,21100,194889.0
000561.SZ,2026-05-19 10:39:00,9.24,9.26,9.24,9.25,37700,348655.0
000561.SZ,2026-05-19 10:40:00,9.26,9.26,9.25,9.26,26900,248853.0
000561.SZ,2026-05-19 10:41:00,9.25,9.26,9.25,9.25,41800,386678.0
000561.SZ,2026-05-19 10:42:00,9.25,9.26,9.24,9.24,53300,493033.0
000561.SZ,2026-05-19 10:43:00,9.25,9.25,9.24,9.25,9300,85969.0
000561.SZ,2026-05-19 10:44:00,9.25,9.25,9.24,9.25,60600,560080.0
000561.SZ,2026-05-19 10:45:00,9.25,9.26,9.25,9.26,24000,222150.0
000561.SZ,2026-05-19 10:46:00,9.26,9.26,9.25,9.26,26100,241450.0
000561.SZ,2026-05-19 10:47:00,9.26,9.26,9.25,9.26,1300,12036.0
000561.SZ,2026-05-19 10:48:00,9.26,9.26,9.25,9.26,18300,169405.0
000561.SZ,2026-05-19 10:49:00,9.26,9.26,9.25,9.26,6200,57381.0
000561.SZ,2026-05-19 10:50:00,9.26,9.27,9.26,9.27,18200,168625.0
000561.SZ,2026-05-19 10:51:00,9.27,9.28,9.26,9.27,5400,50053.0
000561.SZ,2026-05-19 10:52:00,9.26,9.27,9.26,9.27,63200,585256.0
000561.SZ,2026-05-19 10:53:00,9.27,9.28,9.26,9.28,33000,305740.0
000561.SZ,2026-05-19 10:54:00,9.27,9.27,9.26,9.26,900,8340.0
000561.SZ,2026-05-19 10:55:00,9.26,9.26,9.26,9.26,20400,188905.0
000561.SZ,2026-05-19 10:56:00,9.26,9.26,9.25,9.26,22300,206316.0
000561.SZ,2026-05-19 10:57:00,9.25,9.25,9.25,9.25,13400,123955.0
000561.SZ,2026-05-19 10:58:00,9.25,9.25,9.24,9.24,8000,73954.0
000561.SZ,2026-05-19 10:59:00,9.24,9.25,9.24,9.24,9100,84092.0
000561.SZ,2026-05-19 11:00:00,9.25,9.25,9.24,9.24,3200,29580.0
000561.SZ,2026-05-19 11:01:00,9.24,9.25,9.24,9.24,20400,188565.0
000561.SZ,2026-05-19 11:02:00,9.24,9.25,9.24,9.25,3000,27735.0
000561.SZ,2026-05-19 11:03:00,9.24,9.25,9.24,9.24,17600,162710.0
000561.SZ,2026-05-19 11:04:00,9.25,9.25,9.24,9.24,4900,45296.0
000561.SZ,2026-05-19 11:05:00,9.24,9.25,9.24,9.25,1400,12941.0
000561.SZ,2026-05-19 11:06:00,9.25,9.25,9.25,9.25,2500,23125.0
000561.SZ,2026-05-19 11:07:00,9.25,9.25,9.24,9.25,20200,186710.0
000561.SZ,2026-05-19 11:08:00,9.24,9.25,9.24,9.24,2100,19405.0
000561.SZ,2026-05-19 11:09:00,9.24,9.24,9.23,9.23,20100,185669.0
000561.SZ,2026-05-19 11:10:00,9.24,9.24,9.23,9.23,14400,133041.0
000561.SZ,2026-05-19 11:11:00,9.24,9.24,9.23,9.23,5800,53541.0
000561.SZ,2026-05-19 11:12:00,9.23,9.24,9.23,9.23,13600,125537.0
000561.SZ,2026-05-19 11:13:00,9.24,9.26,9.24,9.26,29300,270865.0
000561.SZ,2026-05-19 11:14:00,9.26,9.26,9.25,9.26,21200,196262.0
000561.SZ,2026-05-19 11:15:00,9.25,9.26,9.25,9.26,44700,413544.0
000561.SZ,2026-05-19 11:16:00,9.25,9.26,9.25,9.26,8300,76844.0
000561.SZ,2026-05-19 11:17:00,9.27,9.27,9.26,9.26,6600,61119.0
000561.SZ,2026-05-19 11:18:00,9.27,9.27,9.25,9.25,17500,162055.0
000561.SZ,2026-05-19 11:19:00,9.26,9.26,9.26,9.26,7100,65745.0
000561.SZ,2026-05-19 11:20:00,9.26,9.26,9.25,9.25,4200,38890.0
000561.SZ,2026-05-19 11:21:00,9.25,9.26,9.25,9.25,49300,456026.0
000561.SZ,2026-05-19 11:22:00,9.24,9.24,9.23,9.24,30100,278110.0
000561.SZ,2026-05-19 11:23:00,9.24,9.25,9.23,9.23,6200,57273.0
000561.SZ,2026-05-19 11:24:00,9.23,9.23,9.23,9.23,4200,38783.0
000561.SZ,2026-05-19 11:25:00,9.24,9.25,9.24,9.24,6600,60986.0
000561.SZ,2026-05-19 11:26:00,9.25,9.25,9.24,9.25,1300,12017.0
000561.SZ,2026-05-19 11:27:00,9.24,9.25,9.24,9.25,6600,61035.0
000561.SZ,2026-05-19 11:28:00,9.25,9.26,9.25,9.26,7700,71296.0
000561.SZ,2026-05-19 11:29:00,9.25,9.26,9.25,9.26,5800,53656.0
000561.SZ,2026-05-19 11:30:00,9.25,9.26,9.25,9.26,15100,139734.0
000561.SZ,2026-05-19 13:01:00,9.26,9.26,9.22,9.22,289400,2670554.0
000561.SZ,2026-05-19 13:02:00,9.21,9.22,9.21,9.22,12300,113348.0
000561.SZ,2026-05-19 13:03:00,9.23,9.23,9.22,9.22,36500,336579.0
000561.SZ,2026-05-19 13:04:00,9.22,9.22,9.2,9.21,133700,1231392.0
000561.SZ,2026-05-19 13:05:00,9.21,9.22,9.21,9.21,54700,503748.0
000561.SZ,2026-05-19 13:06:00,9.21,9.21,9.19,9.19,237400,2184278.0
000561.SZ,2026-05-19 13:07:00,9.19,9.2,9.19,9.2,12800,117749.0
000561.SZ,2026-05-19 13:08:00,9.2,9.2,9.19,9.19,24600,226283.0
000561.SZ,2026-05-19 13:09:00,9.2,9.2,9.19,9.19,12600,115862.0
000561.SZ,2026-05-19 13:10:00,9.2,9.2,9.19,9.2,52700,484688.0
000561.SZ,2026-05-19 13:11:00,9.2,9.2,9.19,9.2,14800,136135.0
000561.SZ,2026-05-19 13:12:00,9.19,9.21,9.19,9.21,51300,472083.0
000561.SZ,2026-05-19 13:13:00,9.21,9.23,9.21,9.23,11800,108771.0
000561.SZ,2026-05-19 13:14:00,9.23,9.23,9.22,9.23,32000,295103.0
000561.SZ,2026-05-19 13:15:00,9.23,9.24,9.23,9.24,15400,142319.0
000561.SZ,2026-05-19 13:16:00,9.23,9.23,9.22,9.22,15200,140282.0
000561.SZ,2026-05-19 13:17:00,9.22,9.23,9.22,9.23,22000,202892.0
000561.SZ,2026-05-19 13:18:00,9.22,9.22,9.22,9.22,8500,78373.0
000561.SZ,2026-05-19 13:19:00,9.23,9.23,9.22,9.22,12700,117213.0
000561.SZ,2026-05-19 13:20:00,9.23,9.24,9.23,9.24,98400,908246.0
000561.SZ,2026-05-19 13:21:00,9.23,9.25,9.23,9.24,22100,204197.0
000561.SZ,2026-05-19 13:22:00,9.24,9.24,9.23,9.24,3800,35110.0
000561.SZ,2026-05-19 13:23:00,9.23,9.24,9.23,9.23,14100,130144.0
000561.SZ,2026-05-19 13:24:00,9.23,9.23,9.22,9.22,13400,123601.0
000561.SZ,2026-05-19 13:25:00,9.23,9.23,9.22,9.23,7000,64603.0
000561.SZ,2026-05-19 13:26:00,9.23,9.23,9.23,9.23,12100,111673.0
000561.SZ,2026-05-19 13:27:00,9.23,9.24,9.23,9.24,39900,368282.0
000561.SZ,2026-05-19 13:28:00,9.24,9.24,9.23,9.24,5900,54513.0
000561.SZ,2026-05-19 13:29:00,9.24,9.25,9.23,9.25,8900,82257.0
000561.SZ,2026-05-19 13:30:00,9.25,9.25,9.25,9.25,3100,28664.0
000561.SZ,2026-05-19 13:31:00,9.24,9.24,9.24,9.24,36000,332640.0
000561.SZ,2026-05-19 13:32:00,9.24,9.24,9.23,9.24,5400,49857.0
000561.SZ,2026-05-19 13:33:00,9.23,9.24,9.23,9.24,8700,80368.0
000561.SZ,2026-05-19 13:34:00,9.24,9.24,9.24,9.24,7400,68387.0
000561.SZ,2026-05-19 13:35:00,9.24,9.24,9.23,9.24,7000,64680.0
000561.SZ,2026-05-19 13:36:00,9.23,9.24,9.23,9.23,16600,153220.0
000561.SZ,2026-05-19 13:37:00,9.23,9.24,9.23,9.24,9100,84042.0
000561.SZ,2026-05-19 13:38:00,9.24,9.25,9.24,9.25,13600,125678.0
000561.SZ,2026-05-19 13:39:00,9.25,9.26,9.25,9.25,20700,191485.0
000561.SZ,2026-05-19 13:40:00,9.25,9.26,9.25,9.26,3600,33319.0
000561.SZ,2026-05-19 13:41:00,9.26,9.26,9.25,9.25,18100,167443.0
000561.SZ,2026-05-19 13:42:00,9.25,9.26,9.25,9.26,8500,78661.0
000561.SZ,2026-05-19 13:43:00,9.27,9.28,9.27,9.28,157600,1459854.0
000561.SZ,2026-05-19 13:44:00,9.28,9.28,9.26,9.27,37400,346518.0
000561.SZ,2026-05-19 13:45:00,9.26,9.27,9.26,9.26,12700,117643.0
000561.SZ,2026-05-19 13:46:00,9.26,9.26,9.25,9.26,8700,80538.0
000561.SZ,2026-05-19 13:47:00,9.27,9.27,9.26,9.26,26900,249204.0
000561.SZ,2026-05-19 13:48:00,9.26,9.26,9.26,9.26,6700,62042.0
000561.SZ,2026-05-19 13:49:00,9.26,9.27,9.26,9.26,16100,149126.0
000561.SZ,2026-05-19 13:50:00,9.27,9.29,9.27,9.29,113800,1056158.0
000561.SZ,2026-05-19 13:51:00,9.29,9.29,9.29,9.29,16000,148640.0
000561.SZ,2026-05-19 13:52:00,9.29,9.29,9.28,9.29,6100,56664.0
000561.SZ,2026-05-19 13:53:00,9.29,9.29,9.28,9.28,31100,288666.0
000561.SZ,2026-05-19 13:54:00,9.28,9.28,9.27,9.28,5300,49169.0
000561.SZ,2026-05-19 13:55:00,9.28,9.28,9.27,9.28,20100,186392.0
000561.SZ,2026-05-19 13:56:00,9.28,9.29,9.28,9.29,21800,202514.0
000561.SZ,2026-05-19 13:57:00,9.29,9.29,9.28,9.28,5900,54803.0
000561.SZ,2026-05-19 13:58:00,9.28,9.29,9.28,9.29,5100,47357.0
000561.SZ,2026-05-19 13:59:00,9.28,9.29,9.28,9.29,12900,119736.0
000561.SZ,2026-05-19 14:00:00,9.28,9.29,9.28,9.28,16400,152258.0
000561.SZ,2026-05-19 14:01:00,9.28,9.28,9.27,9.27,40600,376711.0
000561.SZ,2026-05-19 14:02:00,9.27,9.28,9.27,9.28,11296,104786.88
000561.SZ,2026-05-19 14:03:00,9.29,9.29,9.28,9.29,4600,42722.0
000561.SZ,2026-05-19 14:04:00,9.29,9.31,9.29,9.31,89100,828355.0
000561.SZ,2026-05-19 14:05:00,9.31,9.31,9.3,9.3,12300,114420.0
000561.SZ,2026-05-19 14:06:00,9.3,9.3,9.29,9.29,19400,180407.0
000561.SZ,2026-05-19 14:07:00,9.3,9.3,9.29,9.3,12200,113459.0
000561.SZ,2026-05-19 14:08:00,9.3,9.3,9.28,9.28,26000,241533.0
000561.SZ,2026-05-19 14:09:00,9.28,9.28,9.27,9.28,20500,190127.0
000561.SZ,2026-05-19 14:10:00,9.28,9.29,9.28,9.28,30000,278460.0
000561.SZ,2026-05-19 14:11:00,9.28,9.28,9.27,9.28,3500,32462.0
000561.SZ,2026-05-19 14:12:00,9.28,9.29,9.27,9.28,23400,217145.0
000561.SZ,2026-05-19 14:13:00,9.29,9.29,9.28,9.28,15600,144802.0
000561.SZ,2026-05-19 14:14:00,9.29,9.3,9.28,9.28,68000,631428.0
000561.SZ,2026-05-19 14:15:00,9.28,9.29,9.28,9.29,2600,24147.0
000561.SZ,2026-05-19 14:16:00,9.3,9.3,9.3,9.3,13700,127410.0
000561.SZ,2026-05-19 14:17:00,9.3,9.3,9.29,9.29,3800,35328.0
000561.SZ,2026-05-19 14:18:00,9.29,9.3,9.29,9.3,27300,253888.0
000561.SZ,2026-05-19 14:19:00,9.3,9.31,9.3,9.31,68600,638516.0
000561.SZ,2026-05-19 14:20:00,9.32,9.33,9.31,9.32,70000,652460.0
000561.SZ,2026-05-19 14:21:00,9.32,9.33,9.32,9.33,10100,94201.0
000561.SZ,2026-05-19 14:22:00,9.33,9.33,9.32,9.32,23500,219040.0
000561.SZ,2026-05-19 14:23:00,9.33,9.33,9.32,9.32,148000,1379550.0
000561.SZ,2026-05-19 14:24:00,9.32,9.33,9.31,9.33,10300,96006.0
000561.SZ,2026-05-19 14:25:00,9.31,9.33,9.31,9.33,8700,81127.0
000561.SZ,2026-05-19 14:26:00,9.32,9.33,9.32,9.32,22200,206945.0
000561.SZ,2026-05-19 14:27:00,9.33,9.33,9.32,9.33,21100,196750.0
000561.SZ,2026-05-19 14:28:00,9.33,9.34,9.32,9.33,79400,740987.0
000561.SZ,2026-05-19 14:29:00,9.34,9.34,9.33,9.34,5600,52301.0
000561.SZ,2026-05-19 14:30:00,9.33,9.34,9.32,9.32,14200,132492.0
000561.SZ,2026-05-19 14:31:00,9.32,9.33,9.32,9.33,11700,109124.0
000561.SZ,2026-05-19 14:32:00,9.34,9.34,9.33,9.33,62900,586947.0
000561.SZ,2026-05-19 14:33:00,9.33,9.34,9.33,9.34,44400,414685.0
000561.SZ,2026-05-19 14:34:00,9.34,9.34,9.34,9.34,5100,47634.0
000561.SZ,2026-05-19 14:35:00,9.34,9.35,9.34,9.34,5700,53264.0
000561.SZ,2026-05-19 14:36:00,9.34,9.34,9.34,9.34,46000,429640.0
000561.SZ,2026-05-19 14:37:00,9.34,9.34,9.33,9.34,18000,168094.0
000561.SZ,2026-05-19 14:38:00,9.34,9.34,9.33,9.34,13800,128785.0
000561.SZ,2026-05-19 14:39:00,9.34,9.34,9.33,9.33,25700,239817.0
000561.SZ,2026-05-19 14:40:00,9.33,9.34,9.33,9.33,36100,336819.0
000561.SZ,2026-05-19 14:41:00,9.33,9.34,9.33,9.33,31600,294870.0
000561.SZ,2026-05-19 14:42:00,9.33,9.34,9.33,9.33,15000,140006.0
000561.SZ,2026-05-19 14:43:00,9.33,9.34,9.33,9.34,15900,148462.0
000561.SZ,2026-05-19 14:44:00,9.33,9.34,9.33,9.33,14400,134411.0
000561.SZ,2026-05-19 14:45:00,9.34,9.34,9.33,9.33,69900,652787.0
000561.SZ,2026-05-19 14:46:00,9.34,9.34,9.33,9.34,24600,229726.0
000561.SZ,2026-05-19 14:47:00,9.33,9.34,9.33,9.34,21100,196942.0
000561.SZ,2026-05-19 14:48:00,9.33,9.34,9.33,9.34,67100,626505.0
000561.SZ,2026-05-19 14:49:00,9.33,9.34,9.33,9.33,14000,130737.0
000561.SZ,2026-05-19 14:50:00,9.33,9.35,9.33,9.34,62200,581007.0
000561.SZ,2026-05-19 14:51:00,9.35,9.35,9.34,9.35,41600,388851.0
000561.SZ,2026-05-19 14:52:00,9.34,9.35,9.34,9.34,21400,199881.0
000561.SZ,2026-05-19 14:53:00,9.35,9.35,9.34,9.35,12000,112113.0
000561.SZ,2026-05-19 14:54:00,9.34,9.35,9.34,9.35,21000,196214.0
000561.SZ,2026-05-19 14:55:00,9.34,9.35,9.34,9.34,27100,253217.0
000561.SZ,2026-05-19 14:56:00,9.35,9.35,9.34,9.34,80900,755715.0
000561.SZ,2026-05-19 14:57:00,9.34,9.35,9.34,9.35,59900,559887.0
000561.SZ,2026-05-19 14:58:00,9.35,9.35,9.35,9.35,0,0.0
000561.SZ,2026-05-19 14:59:00,9.35,9.35,9.35,9.35,0,0.0
000561.SZ,2026-05-19 15:00:00,9.34,9.34,9.34,9.34,157000,1466380.0
000561.SZ,2026-05-20 09:30:00,9.3,9.3,9.28,9.28,14900,138538.0
000561.SZ,2026-05-20 09:31:00,9.29,9.29,9.26,9.29,61500,570834.0
000561.SZ,2026-05-20 09:32:00,9.28,9.29,9.26,9.26,49000,454455.0
000561.SZ,2026-05-20 09:33:00,9.27,9.27,9.25,9.26,244500,2263814.0
000561.SZ,2026-05-20 09:34:00,9.25,9.25,9.22,9.22,114200,1054819.0
000561.SZ,2026-05-20 09:35:00,9.23,9.23,9.19,9.2,274300,2526459.0
000561.SZ,2026-05-20 09:36:00,9.2,9.21,9.19,9.2,257700,2369422.0
000561.SZ,2026-05-20 09:37:00,9.21,9.21,9.18,9.19,143400,1317491.0
000561.SZ,2026-05-20 09:38:00,9.19,9.19,9.16,9.17,204600,1878274.0
000561.SZ,2026-05-20 09:39:00,9.16,9.17,9.15,9.16,92000,842530.0
000561.SZ,2026-05-20 09:40:00,9.15,9.15,9.12,9.14,188500,1722686.0
000561.SZ,2026-05-20 09:41:00,9.14,9.15,9.09,9.09,333200,3035997.0
000561.SZ,2026-05-20 09:42:00,9.09,9.12,9.09,9.11,181800,1654914.0
000561.SZ,2026-05-20 09:43:00,9.11,9.12,9.1,9.12,89600,815851.0
000561.SZ,2026-05-20 09:44:00,9.11,9.12,9.11,9.11,100200,913295.0
000561.SZ,2026-05-20 09:45:00,9.12,9.13,9.12,9.12,25900,236262.0
000561.SZ,2026-05-20 09:46:00,9.12,9.13,9.12,9.13,45100,411578.0
000561.SZ,2026-05-20 09:47:00,9.12,9.13,9.12,9.12,134300,1224559.0
000561.SZ,2026-05-20 09:48:00,9.12,9.13,9.11,9.12,54500,497062.0
000561.SZ,2026-05-20 09:49:00,9.12,9.13,9.12,9.12,65500,597418.0
000561.SZ,2026-05-20 09:50:00,9.12,9.12,9.11,9.12,15200,138616.0
000561.SZ,2026-05-20 09:51:00,9.12,9.12,9.1,9.11,151600,1381039.0
000561.SZ,2026-05-20 09:52:00,9.11,9.11,9.1,9.11,101100,920678.0
000561.SZ,2026-05-20 09:53:00,9.11,9.11,9.09,9.1,265800,2418739.0
000561.SZ,2026-05-20 09:54:00,9.1,9.1,9.08,9.09,202400,1839594.0
000561.SZ,2026-05-20 09:55:00,9.09,9.1,9.07,9.08,259000,2352392.0
000561.SZ,2026-05-20 09:56:00,9.08,9.08,9.07,9.07,72800,660645.0
000561.SZ,2026-05-20 09:57:00,9.08,9.08,9.06,9.06,84900,769667.0
000561.SZ,2026-05-20 09:58:00,9.06,9.08,9.06,9.07,120500,1092826.0
000561.SZ,2026-05-20 09:59:00,9.08,9.08,9.07,9.07,101000,916016.0
000561.SZ,2026-05-20 10:00:00,9.06,9.07,9.05,9.06,206600,1871838.0
000561.SZ,2026-05-20 10:01:00,9.05,9.05,9.02,9.02,281900,2549123.0
000561.SZ,2026-05-20 10:02:00,9.02,9.04,9.02,9.03,79400,717020.0
000561.SZ,2026-05-20 10:03:00,9.03,9.06,9.03,9.05,127700,1155268.0
000561.SZ,2026-05-20 10:04:00,9.05,9.06,9.04,9.04,108300,980116.0
000561.SZ,2026-05-20 10:05:00,9.05,9.06,9.04,9.05,43300,391830.0
000561.SZ,2026-05-20 10:06:00,9.06,9.06,9.05,9.06,49500,448416.0
000561.SZ,2026-05-20 10:07:00,9.06,9.06,9.05,9.06,26400,239063.0
000561.SZ,2026-05-20 10:08:00,9.05,9.06,9.05,9.05,92600,838183.0
000561.SZ,2026-05-20 10:09:00,9.05,9.07,9.04,9.07,57000,516260.0
000561.SZ,2026-05-20 10:10:00,9.07,9.07,9.06,9.07,46000,416969.0
000561.SZ,2026-05-20 10:11:00,9.07,9.08,9.07,9.07,47700,432780.0
000561.SZ,2026-05-20 10:12:00,9.07,9.08,9.07,9.08,42400,384818.0
000561.SZ,2026-05-20 10:13:00,9.07,9.08,9.07,9.08,32400,293935.0
000561.SZ,2026-05-20 10:14:00,9.07,9.09,9.07,9.08,48300,438578.0
000561.SZ,2026-05-20 10:15:00,9.08,9.08,9.07,9.07,18000,163394.0
000561.SZ,2026-05-20 10:16:00,9.08,9.08,9.07,9.08,12800,116133.0
000561.SZ,2026-05-20 10:17:00,9.08,9.09,9.08,9.08,85900,779998.0
000561.SZ,2026-05-20 10:18:00,9.09,9.09,9.07,9.08,43200,392108.0
000561.SZ,2026-05-20 10:19:00,9.07,9.08,9.07,9.07,17600,159642.0
000561.SZ,2026-05-20 10:20:00,9.07,9.08,9.07,9.07,20700,187755.0
000561.SZ,2026-05-20 10:21:00,9.07,9.07,9.06,9.07,29900,271150.0
000561.SZ,2026-05-20 10:22:00,9.06,9.08,9.06,9.08,13400,121565.0
000561.SZ,2026-05-20 10:23:00,9.07,9.08,9.07,9.07,14000,127080.0
000561.SZ,2026-05-20 10:24:00,9.08,9.08,9.07,9.08,22700,206076.0
000561.SZ,2026-05-20 10:25:00,9.09,9.09,9.08,9.09,16300,148079.0
000561.SZ,2026-05-20 10:26:00,9.09,9.09,9.07,9.07,38500,349652.0
000561.SZ,2026-05-20 10:27:00,9.07,9.09,9.07,9.09,63500,576832.0
000561.SZ,2026-05-20 10:28:00,9.09,9.09,9.07,9.07,6800,61760.0
000561.SZ,2026-05-20 10:29:00,9.07,9.08,9.07,9.08,7600,68954.0
000561.SZ,2026-05-20 10:30:00,9.07,9.07,9.06,9.07,50900,461454.0
000561.SZ,2026-05-20 10:31:00,9.06,9.07,9.06,9.06,31000,280923.0
000561.SZ,2026-05-20 10:32:00,9.07,9.07,9.06,9.06,3900,35342.0
000561.SZ,2026-05-20 10:33:00,9.06,9.07,9.05,9.06,52200,472705.0
000561.SZ,2026-05-20 10:34:00,9.06,9.06,9.05,9.05,26600,240818.0
000561.SZ,2026-05-20 10:35:00,9.05,9.06,9.05,9.06,23800,215549.0
000561.SZ,2026-05-20 10:36:00,9.06,9.08,9.06,9.08,31900,289361.0
000561.SZ,2026-05-20 10:37:00,9.08,9.09,9.07,9.08,90000,817354.0
000561.SZ,2026-05-20 10:38:00,9.09,9.09,9.08,9.08,10200,92674.0
000561.SZ,2026-05-20 10:39:00,9.09,9.09,9.07,9.08,47700,433124.0
000561.SZ,2026-05-20 10:40:00,9.08,9.08,9.08,9.08,16100,146188.0
000561.SZ,2026-05-20 10:41:00,9.08,9.09,9.08,9.09,53400,484887.0
000561.SZ,2026-05-20 10:42:00,9.09,9.1,9.09,9.09,31500,286348.0
000561.SZ,2026-05-20 10:43:00,9.09,9.09,9.08,9.08,27700,251664.0
000561.SZ,2026-05-20 10:44:00,9.08,9.09,9.07,9.09,67500,612406.0
000561.SZ,2026-05-20 10:45:00,9.08,9.09,9.08,9.09,1200,10905.0
000561.SZ,2026-05-20 10:46:00,9.09,9.1,9.09,9.1,9100,82750.0
000561.SZ,2026-05-20 10:47:00,9.09,9.1,9.09,9.09,14000,127263.0
000561.SZ,2026-05-20 10:48:00,9.09,9.09,9.09,9.09,5100,46364.0
000561.SZ,2026-05-20 10:49:00,9.09,9.1,9.09,9.09,21000,190934.0
000561.SZ,2026-05-20 10:50:00,9.08,9.09,9.08,9.09,11300,102714.0
000561.SZ,2026-05-20 10:51:00,9.09,9.09,9.08,9.08,11300,102714.0
000561.SZ,2026-05-20 10:52:00,9.08,9.09,9.08,9.08,19900,180712.0
000561.SZ,2026-05-20 10:53:00,9.08,9.08,9.07,9.08,32300,293178.0
000561.SZ,2026-05-20 10:54:00,9.08,9.1,9.08,9.1,68600,623376.0
000561.SZ,2026-05-20 10:55:00,9.1,9.1,9.09,9.09,3300,30027.0
000561.SZ,2026-05-20 10:56:00,9.09,9.09,9.08,9.09,7900,71795.0
000561.SZ,2026-05-20 10:57:00,9.08,9.09,9.08,9.08,6500,59035.0
000561.SZ,2026-05-20 10:58:00,9.09,9.09,9.08,9.08,7300,66325.0
000561.SZ,2026-05-20 10:59:00,9.09,9.09,9.08,9.09,29000,263519.0
000561.SZ,2026-05-20 11:00:00,9.09,9.09,9.08,9.09,1200,10907.0
000561.SZ,2026-05-20 11:01:00,9.09,9.09,9.09,9.09,7000,63613.0
000561.SZ,2026-05-20 11:02:00,9.09,9.09,9.08,9.09,26200,237911.0
000561.SZ,2026-05-20 11:03:00,9.08,9.09,9.08,9.09,14200,128998.0
000561.SZ,2026-05-20 11:04:00,9.08,9.09,9.08,9.09,43400,394077.0
000561.SZ,2026-05-20 11:05:00,9.08,9.08,9.08,9.08,10300,93464.0
000561.SZ,2026-05-20 11:06:00,9.08,9.09,9.08,9.09,46600,423117.0
000561.SZ,2026-05-20 11:07:00,9.08,9.09,9.07,9.07,15000,136205.0
000561.SZ,2026-05-20 11:08:00,9.08,9.08,9.08,9.08,7300,66284.0
000561.SZ,2026-05-20 11:09:00,9.07,9.08,9.07,9.08,7500,68069.0
000561.SZ,2026-05-20 11:10:00,9.08,9.08,9.07,9.07,14900,135295.0
000561.SZ,2026-05-20 11:11:00,9.07,9.08,9.06,9.07,27800,252162.0
000561.SZ,2026-05-20 11:12:00,9.07,9.07,9.06,9.06,28600,259179.0
000561.SZ,2026-05-20 11:13:00,9.06,9.07,9.06,9.06,17300,156744.0
000561.SZ,2026-05-20 11:14:00,9.06,9.07,9.06,9.07,8300,75212.0
000561.SZ,2026-05-20 11:15:00,9.07,9.07,9.06,9.07,1500,13602.0
000561.SZ,2026-05-20 11:16:00,9.07,9.08,9.07,9.07,31100,282087.0
000561.SZ,2026-05-20 11:17:00,9.07,9.07,9.07,9.07,10000,90700.0
000561.SZ,2026-05-20 11:18:00,9.07,9.07,9.06,9.07,5800,52616.0
000561.SZ,2026-05-20 11:19:00,9.07,9.07,9.06,9.07,10700,97029.0
000561.SZ,2026-05-20 11:20:00,9.06,9.07,9.06,9.07,8700,78844.0
000561.SZ,2026-05-20 11:21:00,9.07,9.08,9.07,9.07,14800,134251.0
000561.SZ,2026-05-20 11:22:00,9.07,9.08,9.07,9.07,13900,126076.0
000561.SZ,2026-05-20 11:23:00,9.07,9.08,9.07,9.08,29800,270357.0
000561.SZ,2026-05-20 11:24:00,9.07,9.08,9.07,9.07,13600,123356.0
000561.SZ,2026-05-20 11:25:00,9.08,9.08,9.07,9.08,16500,149793.0
000561.SZ,2026-05-20 11:26:00,9.08,9.08,9.08,9.08,4500,40863.0
000561.SZ,2026-05-20 11:27:00,9.09,9.09,9.07,9.07,69000,626111.0
000561.SZ,2026-05-20 11:28:00,9.09,9.09,9.07,9.07,51000,462716.0
000561.SZ,2026-05-20 11:29:00,9.09,9.09,9.07,9.07,16000,145291.0
000561.SZ,2026-05-20 11:30:00,9.08,9.08,9.07,9.08,8000,72588.0
000561.SZ,2026-05-20 13:01:00,9.07,9.08,9.07,9.08,120700,1094659.0
000561.SZ,2026-05-20 13:02:00,9.08,9.1,9.08,9.1,19900,180798.0
000561.SZ,2026-05-20 13:03:00,9.09,9.09,9.09,9.09,11700,106353.0
000561.SZ,2026-05-20 13:04:00,9.09,9.1,9.09,9.1,2300,20912.0
000561.SZ,2026-05-20 13:05:00,9.1,9.1,9.09,9.1,27200,247506.0
000561.SZ,2026-05-20 13:06:00,9.11,9.11,9.1,9.11,83200,757749.0
000561.SZ,2026-05-20 13:07:00,9.12,9.13,9.12,9.12,32800,299174.0
000561.SZ,2026-05-20 13:08:00,9.12,9.13,9.12,9.12,12300,112183.0
000561.SZ,2026-05-20 13:09:00,9.12,9.12,9.11,9.12,7000,63816.0
000561.SZ,2026-05-20 13:10:00,9.12,9.12,9.11,9.12,7000,63833.0
000561.SZ,2026-05-20 13:11:00,9.12,9.12,9.12,9.12,3100,28272.0
000561.SZ,2026-05-20 13:12:00,9.12,9.12,9.11,9.12,12300,112169.0
000561.SZ,2026-05-20 13:13:00,9.12,9.12,9.11,9.11,19100,174061.0
000561.SZ,2026-05-20 13:14:00,9.11,9.13,9.11,9.13,22800,207952.0
000561.SZ,2026-05-20 13:15:00,9.13,9.14,9.12,9.13,52600,480259.0
000561.SZ,2026-05-20 13:16:00,9.14,9.14,9.14,9.14,2000,18280.0
000561.SZ,2026-05-20 13:17:00,9.14,9.14,9.12,9.12,63700,581484.0
000561.SZ,2026-05-20 13:18:00,9.12,9.12,9.11,9.12,41300,376431.0
000561.SZ,2026-05-20 13:19:00,9.12,9.13,9.12,9.13,14600,133255.0
000561.SZ,2026-05-20 13:20:00,9.13,9.13,9.12,9.13,8100,73924.0
000561.SZ,2026-05-20 13:21:00,9.12,9.13,9.12,9.13,7200,65666.0
000561.SZ,2026-05-20 13:22:00,9.12,9.12,9.11,9.11,11100,101172.0
000561.SZ,2026-05-20 13:23:00,9.11,9.11,9.1,9.1,31600,287770.0
000561.SZ,2026-05-20 13:24:00,9.1,9.11,9.1,9.1,34100,310323.0
000561.SZ,2026-05-20 13:25:00,9.11,9.11,9.1,9.1,21200,193096.0
000561.SZ,2026-05-20 13:26:00,9.1,9.11,9.1,9.1,19900,181094.0
000561.SZ,2026-05-20 13:27:00,9.1,9.1,9.09,9.1,7700,70020.0
000561.SZ,2026-05-20 13:28:00,9.09,9.09,9.09,9.09,16300,148167.0
000561.SZ,2026-05-20 13:29:00,9.09,9.09,9.08,9.09,4300,39072.0
000561.SZ,2026-05-20 13:30:00,9.08,9.09,9.08,9.09,13500,122587.0
000561.SZ,2026-05-20 13:31:00,9.08,9.08,9.07,9.07,34100,309338.0
000561.SZ,2026-05-20 13:32:00,9.07,9.08,9.07,9.08,81600,740129.0
000561.SZ,2026-05-20 13:33:00,9.07,9.08,9.07,9.07,13400,121554.0
000561.SZ,2026-05-20 13:34:00,9.07,9.07,9.06,9.06,2800,25373.0
000561.SZ,2026-05-20 13:35:00,9.07,9.07,9.06,9.06,8600,77952.0
000561.SZ,2026-05-20 13:36:00,9.07,9.07,9.06,9.06,38500,349121.0
000561.SZ,2026-05-20 13:37:00,9.07,9.07,9.06,9.06,18200,164922.0
000561.SZ,2026-05-20 13:38:00,9.06,9.07,9.06,9.07,31700,287234.0
000561.SZ,2026-05-20 13:39:00,9.07,9.07,9.06,9.06,13300,120542.0
000561.SZ,2026-05-20 13:40:00,9.07,9.07,9.07,9.07,13100,118788.0
000561.SZ,2026-05-20 13:41:00,9.07,9.07,9.06,9.07,20900,189530.0
000561.SZ,2026-05-20 13:42:00,9.07,9.07,9.07,9.07,30800,279335.0
000561.SZ,2026-05-20 13:43:00,9.07,9.09,9.06,9.09,37200,337706.0
000561.SZ,2026-05-20 13:44:00,9.08,9.08,9.06,9.06,20900,189631.0
000561.SZ,2026-05-20 13:45:00,9.06,9.07,9.06,9.06,23900,216694.0
000561.SZ,2026-05-20 13:46:00,9.06,9.07,9.06,9.07,5200,47134.0
000561.SZ,2026-05-20 13:47:00,9.07,9.07,9.06,9.07,8600,77985.0
000561.SZ,2026-05-20 13:48:00,9.07,9.07,9.07,9.07,9600,87072.0
000561.SZ,2026-05-20 13:49:00,9.07,9.07,9.06,9.06,7900,71629.0
000561.SZ,2026-05-20 13:50:00,9.06,9.07,9.06,9.07,13100,118815.0
000561.SZ,2026-05-20 13:51:00,9.07,9.08,9.07,9.07,6500,58972.0
000561.SZ,2026-05-20 13:52:00,9.08,9.08,9.07,9.08,6500,59000.0
000561.SZ,2026-05-20 13:53:00,9.07,9.07,9.06,9.07,21500,194999.0
000561.SZ,2026-05-20 13:54:00,9.07,9.07,9.06,9.07,8600,77945.0
000561.SZ,2026-05-20 13:55:00,9.06,9.07,9.06,9.06,10400,94252.0
000561.SZ,2026-05-20 13:56:00,9.07,9.07,9.06,9.06,12000,108827.0
000561.SZ,2026-05-20 13:57:00,9.06,9.07,9.06,9.07,27600,250307.0
000561.SZ,2026-05-20 13:58:00,9.07,9.07,9.06,9.07,22900,207673.0
000561.SZ,2026-05-20 13:59:00,9.07,9.07,9.07,9.07,3500,31745.0
000561.SZ,2026-05-20 14:00:00,9.07,9.08,9.07,9.07,5500,49886.0
000561.SZ,2026-05-20 14:01:00,9.08,9.08,9.07,9.08,11000,99787.0
000561.SZ,2026-05-20 14:02:00,9.08,9.08,9.07,9.07,42700,387337.0
000561.SZ,2026-05-20 14:03:00,9.07,9.07,9.06,9.07,12500,113331.0
000561.SZ,2026-05-20 14:04:00,9.07,9.08,9.07,9.08,14400,130697.0
000561.SZ,2026-05-20 14:05:00,9.08,9.08,9.07,9.08,20800,188859.0
000561.SZ,2026-05-20 14:06:00,9.09,9.09,9.09,9.09,300,2727.0
000561.SZ,2026-05-20 14:07:00,9.08,9.09,9.08,9.08,10200,92623.0
000561.SZ,2026-05-20 14:08:00,9.08,9.08,9.08,9.08,14100,128029.0
000561.SZ,2026-05-20 14:09:00,9.07,9.08,9.07,9.07,31600,286628.0
000561.SZ,2026-05-20 14:10:00,9.07,9.07,9.06,9.07,11600,105211.0
000561.SZ,2026-05-20 14:11:00,9.07,9.07,9.06,9.07,8800,79806.0
000561.SZ,2026-05-20 14:12:00,9.07,9.08,9.06,9.06,11400,103380.0
000561.SZ,2026-05-20 14:13:00,9.07,9.07,9.06,9.07,13300,120572.0
000561.SZ,2026-05-20 14:14:00,9.06,9.07,9.06,9.07,23700,214731.0
000561.SZ,2026-05-20 14:15:00,9.07,9.07,9.06,9.07,47400,429908.0
000561.SZ,2026-05-20 14:16:00,9.07,9.08,9.07,9.07,27200,246712.0
000561.SZ,2026-05-20 14:17:00,9.07,9.08,9.07,9.08,1700,15426.0
000561.SZ,2026-05-20 14:18:00,9.07,9.07,9.07,9.07,10200,92514.0
000561.SZ,2026-05-20 14:19:00,9.07,9.08,9.06,9.08,12500,113316.0
000561.SZ,2026-05-20 14:20:00,9.08,9.08,9.07,9.07,43200,391848.0
000561.SZ,2026-05-20 14:21:00,9.08,9.08,9.08,9.08,4600,41768.0
000561.SZ,2026-05-20 14:22:00,9.07,9.08,9.07,9.07,12000,108843.0
000561.SZ,2026-05-20 14:23:00,9.08,9.08,9.07,9.07,3400,30850.0
000561.SZ,2026-05-20 14:24:00,9.07,9.09,9.07,9.09,64400,584697.0
000561.SZ,2026-05-20 14:25:00,9.09,9.1,9.08,9.08,44600,405279.0
000561.SZ,2026-05-20 14:26:00,9.09,9.1,9.09,9.1,47600,433111.0
000561.SZ,2026-05-20 14:27:00,9.1,9.1,9.1,9.1,4500,40950.0
000561.SZ,2026-05-20 14:28:00,9.09,9.09,9.08,9.08,27600,250795.0
000561.SZ,2026-05-20 14:29:00,9.08,9.08,9.08,9.08,15200,138016.0
000561.SZ,2026-05-20 14:30:00,9.08,9.09,9.08,9.09,28500,258897.0
000561.SZ,2026-05-20 14:31:00,9.09,9.1,9.08,9.08,11900,108167.0
000561.SZ,2026-05-20 14:32:00,9.08,9.09,9.08,9.08,20400,185268.0
000561.SZ,2026-05-20 14:33:00,9.08,9.09,9.08,9.09,10700,97191.0
000561.SZ,2026-05-20 14:34:00,9.09,9.09,9.08,9.09,36700,333541.0
000561.SZ,2026-05-20 14:35:00,9.1,9.11,9.09,9.1,23400,212941.0
000561.SZ,2026-05-20 14:36:00,9.11,9.11,9.1,9.11,4900,44638.0
000561.SZ,2026-05-20 14:37:00,9.11,9.12,9.11,9.11,25100,228662.0
000561.SZ,2026-05-20 14:38:00,9.1,9.11,9.1,9.11,17100,155622.0
000561.SZ,2026-05-20 14:39:00,9.11,9.11,9.1,9.1,13100,119250.0
000561.SZ,2026-05-20 14:40:00,9.1,9.11,9.09,9.1,23400,212947.0
000561.SZ,2026-05-20 14:41:00,9.1,9.11,9.1,9.1,67700,616116.0
000561.SZ,2026-05-20 14:42:00,9.1,9.11,9.1,9.11,12100,110136.0
000561.SZ,2026-05-20 14:43:00,9.1,9.11,9.1,9.1,35200,320453.0
000561.SZ,2026-05-20 14:44:00,9.11,9.11,9.1,9.1,20900,190325.0
000561.SZ,2026-05-20 14:45:00,9.11,9.11,9.09,9.09,42000,382323.0
000561.SZ,2026-05-20 14:46:00,9.1,9.11,9.1,9.1,21300,193860.0
000561.SZ,2026-05-20 14:47:00,9.11,9.11,9.1,9.11,25200,229422.0
000561.SZ,2026-05-20 14:48:00,9.1,9.11,9.1,9.11,36200,329472.0
000561.SZ,2026-05-20 14:49:00,9.1,9.11,9.09,9.09,50300,457776.0
000561.SZ,2026-05-20 14:50:00,9.1,9.1,9.09,9.09,63200,574574.0
000561.SZ,2026-05-20 14:51:00,9.1,9.1,9.09,9.1,27100,246553.0
000561.SZ,2026-05-20 14:52:00,9.1,9.1,9.09,9.1,25300,230104.0
000561.SZ,2026-05-20 14:53:00,9.1,9.1,9.09,9.1,129600,1179313.0
000561.SZ,2026-05-20 14:54:00,9.11,9.11,9.1,9.11,26900,244924.0
000561.SZ,2026-05-20 14:55:00,9.11,9.11,9.1,9.11,69500,632846.0
000561.SZ,2026-05-20 14:56:00,9.11,9.12,9.11,9.12,88900,810185.06
000561.SZ,2026-05-20 14:57:00,9.11,9.12,9.11,9.11,53500,487607.0
000561.SZ,2026-05-20 14:58:00,9.11,9.11,9.11,9.11,0,0.0
000561.SZ,2026-05-20 14:59:00,9.11,9.11,9.11,9.11,0,0.0
000561.SZ,2026-05-20 15:00:00,9.12,9.12,9.12,9.12,91300,832656.0
000561.SZ,2026-05-21 09:30:00,9.16,9.17,9.15,9.15,34500,316012.0
000561.SZ,2026-05-21 09:31:00,9.16,9.19,9.13,9.19,174300,1596116.0
000561.SZ,2026-05-21 09:32:00,9.18,9.19,9.17,9.17,100100,918910.0
000561.SZ,2026-05-21 09:33:00,9.19,9.22,9.18,9.2,162100,1490097.0
000561.SZ,2026-05-21 09:34:00,9.2,9.21,9.2,9.2,83800,771357.0
000561.SZ,2026-05-21 09:35:00,9.21,9.22,9.21,9.22,49400,455011.0
000561.SZ,2026-05-21 09:36:00,9.21,9.21,9.2,9.2,98300,904712.0
000561.SZ,2026-05-21 09:37:00,9.19,9.21,9.19,9.2,102200,940314.0
000561.SZ,2026-05-21 09:38:00,9.19,9.2,9.19,9.19,67400,619903.0
000561.SZ,2026-05-21 09:39:00,9.18,9.19,9.16,9.16,107000,982093.0
000561.SZ,2026-05-21 09:40:00,9.16,9.17,9.15,9.16,61100,559905.0
000561.SZ,2026-05-21 09:41:00,9.16,9.18,9.16,9.17,45000,412516.0
000561.SZ,2026-05-21 09:42:00,9.17,9.17,9.14,9.15,102800,940876.0
000561.SZ,2026-05-21 09:43:00,9.14,9.15,9.13,9.13,71000,648898.0
000561.SZ,2026-05-21 09:44:00,9.14,9.14,9.13,9.14,25200,230127.0
000561.SZ,2026-05-21 09:45:00,9.14,9.15,9.14,9.14,58700,536470.0
000561.SZ,2026-05-21 09:46:00,9.14,9.16,9.14,9.15,51600,472128.0
000561.SZ,2026-05-21 09:47:00,9.15,9.15,9.14,9.14,35200,321878.0
000561.SZ,2026-05-21 09:48:00,9.15,9.15,9.14,9.15,8300,75937.0
000561.SZ,2026-05-21 09:49:00,9.14,9.15,9.14,9.15,56700,518737.0
000561.SZ,2026-05-21 09:50:00,9.14,9.16,9.14,9.15,80600,737419.0
000561.SZ,2026-05-21 09:51:00,9.16,9.16,9.14,9.15,85600,783252.0
000561.SZ,2026-05-21 09:52:00,9.15,9.17,9.14,9.17,66500,608903.0
000561.SZ,2026-05-21 09:53:00,9.16,9.17,9.16,9.16,66200,606614.0
000561.SZ,2026-05-21 09:54:00,9.16,9.17,9.15,9.16,44300,405828.0
000561.SZ,2026-05-21 09:55:00,9.16,9.17,9.16,9.16,26200,240116.0
000561.SZ,2026-05-21 09:56:00,9.17,9.17,9.15,9.15,70300,643697.0
000561.SZ,2026-05-21 09:57:00,9.15,9.16,9.15,9.15,1200,10981.0
000561.SZ,2026-05-21 09:58:00,9.16,9.16,9.16,9.16,44300,405657.0
000561.SZ,2026-05-21 09:59:00,9.17,9.19,9.17,9.18,159200,1460327.0
000561.SZ,2026-05-21 10:00:00,9.18,9.18,9.17,9.18,25700,235880.0
000561.SZ,2026-05-21 10:01:00,9.19,9.19,9.18,9.19,64300,590079.0
000561.SZ,2026-05-21 10:02:00,9.18,9.2,9.18,9.19,118700,1090228.0
000561.SZ,2026-05-21 10:03:00,9.19,9.2,9.18,9.19,74500,685065.0
000561.SZ,2026-05-21 10:04:00,9.19,9.19,9.18,9.18,31100,285592.0
000561.SZ,2026-05-21 10:05:00,9.18,9.18,9.17,9.18,9800,89965.0
000561.SZ,2026-05-21 10:06:00,9.17,9.19,9.17,9.19,51000,467941.0
000561.SZ,2026-05-21 10:07:00,9.19,9.19,9.18,9.18,16500,151548.0
000561.SZ,2026-05-21 10:08:00,9.18,9.18,9.18,9.18,13500,123930.0
000561.SZ,2026-05-21 10:09:00,9.18,9.18,9.17,9.18,22000,201918.0
000561.SZ,2026-05-21 10:10:00,9.19,9.2,9.18,9.19,282000,2587855.0
000561.SZ,2026-05-21 10:11:00,9.19,9.21,9.18,9.21,98500,906049.0
000561.SZ,2026-05-21 10:12:00,9.21,9.21,9.19,9.2,51600,474600.0
000561.SZ,2026-05-21 10:13:00,9.2,9.2,9.19,9.2,39100,359708.0
000561.SZ,2026-05-21 10:14:00,9.19,9.2,9.19,9.19,26400,242781.0
000561.SZ,2026-05-21 10:15:00,9.2,9.2,9.19,9.19,31200,286836.0
000561.SZ,2026-05-21 10:16:00,9.19,9.19,9.18,9.18,40400,370887.0
000561.SZ,2026-05-21 10:17:00,9.18,9.18,9.18,9.18,60700,557229.0
000561.SZ,2026-05-21 10:18:00,9.18,9.19,9.18,9.19,16400,150619.0
000561.SZ,2026-05-21 10:19:00,9.19,9.19,9.17,9.17,16000,146829.0
000561.SZ,2026-05-21 10:20:00,9.17,9.18,9.16,9.17,16100,147650.0
000561.SZ,2026-05-21 10:21:00,9.18,9.18,9.17,9.18,20500,188175.0
000561.SZ,2026-05-21 10:22:00,9.18,9.18,9.17,9.17,8100,74329.0
000561.SZ,2026-05-21 10:23:00,9.17,9.18,9.17,9.18,10600,97225.0
000561.SZ,2026-05-21 10:24:00,9.18,9.18,9.17,9.17,36700,336896.0
000561.SZ,2026-05-21 10:25:00,9.17,9.18,9.17,9.18,13600,124752.0
000561.SZ,2026-05-21 10:26:00,9.2,9.2,9.19,9.19,233600,2144884.0
000561.SZ,2026-05-21 10:27:00,9.19,9.19,9.19,9.19,8800,80872.0
000561.SZ,2026-05-21 10:28:00,9.2,9.2,9.19,9.19,6100,56071.0
000561.SZ,2026-05-21 10:29:00,9.19,9.19,9.18,9.19,7300,67072.0
000561.SZ,2026-05-21 10:30:00,9.19,9.2,9.19,9.2,35400,325348.0
000561.SZ,2026-05-21 10:31:00,9.19,9.2,9.19,9.2,37700,346473.0
000561.SZ,2026-05-21 10:32:00,9.19,9.19,9.18,9.19,61000,560580.0
000561.SZ,2026-05-21 10:33:00,9.19,9.19,9.19,9.19,15100,138768.0
000561.SZ,2026-05-21 10:34:00,9.18,9.18,9.18,9.18,35100,322218.0
000561.SZ,2026-05-21 10:35:00,9.18,9.18,9.17,9.17,7700,70680.0
000561.SZ,2026-05-21 10:36:00,9.17,9.18,9.17,9.17,21200,194421.0
000561.SZ,2026-05-21 10:37:00,9.18,9.18,9.17,9.18,6600,60585.0
000561.SZ,2026-05-21 10:38:00,9.18,9.19,9.18,9.19,36600,336309.0
000561.SZ,2026-05-21 10:39:00,9.19,9.2,9.19,9.2,21400,196685.0
000561.SZ,2026-05-21 10:40:00,9.19,9.2,9.18,9.18,17200,158070.0
000561.SZ,2026-05-21 10:41:00,9.18,9.19,9.18,9.19,17700,162492.0
000561.SZ,2026-05-21 10:42:00,9.19,9.19,9.18,9.18,1700,15621.0
000561.SZ,2026-05-21 10:43:00,9.18,9.18,9.18,9.18,4500,41314.0
000561.SZ,2026-05-21 10:44:00,9.18,9.19,9.18,9.19,16000,146921.0
000561.SZ,2026-05-21 10:45:00,9.18,9.19,9.18,9.19,19600,179982.0
000561.SZ,2026-05-21 10:46:00,9.18,9.18,9.17,9.17,4100,37622.0
000561.SZ,2026-05-21 10:47:00,9.17,9.17,9.17,9.17,12800,117376.0
000561.SZ,2026-05-21 10:48:00,9.16,9.18,9.16,9.18,15200,139374.0
000561.SZ,2026-05-21 10:49:00,9.18,9.18,9.17,9.18,17101,156891.17
000561.SZ,2026-05-21 10:50:00,9.18,9.18,9.18,9.18,0,0.0
000561.SZ,2026-05-21 10:51:00,9.17,9.17,9.17,9.17,40499,371375.84
000561.SZ,2026-05-21 10:52:00,9.17,9.19,9.16,9.19,133100,1222174.0
000561.SZ,2026-05-21 10:53:00,9.18,9.19,9.18,9.19,21900,201227.0
000561.SZ,2026-05-21 10:54:00,9.18,9.19,9.18,9.18,37100,340611.0
000561.SZ,2026-05-21 10:55:00,9.18,9.19,9.18,9.18,14900,136791.0
000561.SZ,2026-05-21 10:56:00,9.19,9.19,9.18,9.18,18600,170783.0
000561.SZ,2026-05-21 10:57:00,9.18,9.18,9.18,9.18,38300,351229.0
000561.SZ,2026-05-21 10:58:00,9.18,9.19,9.18,9.18,16100,147804.0
000561.SZ,2026-05-21 10:59:00,9.18,9.19,9.18,9.19,22600,207596.0
000561.SZ,2026-05-21 11:00:00,9.18,9.2,9.18,9.19,55300,508201.0
000561.SZ,2026-05-21 11:01:00,9.19,9.19,9.18,9.19,19900,182871.0
000561.SZ,2026-05-21 11:02:00,9.19,9.19,9.18,9.19,20800,191058.0
000561.SZ,2026-05-21 11:03:00,9.18,9.18,9.18,9.18,4100,37638.0
000561.SZ,2026-05-21 11:04:00,9.19,9.19,9.18,9.19,15300,140587.0
000561.SZ,2026-05-21 11:05:00,9.18,9.19,9.18,9.19,15700,144130.0
000561.SZ,2026-05-21 11:06:00,9.18,9.18,9.18,9.18,8800,80784.0
000561.SZ,2026-05-21 11:07:00,9.18,9.18,9.17,9.18,55800,512158.0
000561.SZ,2026-05-21 11:08:00,9.18,9.18,9.17,9.17,11900,109198.0
000561.SZ,2026-05-21 11:09:00,9.17,9.18,9.17,9.17,19900,182528.0
000561.SZ,2026-05-21 11:10:00,9.18,9.18,9.17,9.18,6300,57808.0
000561.SZ,2026-05-21 11:11:00,9.19,9.19,9.18,9.18,86200,791620.0
000561.SZ,2026-05-21 11:12:00,9.18,9.19,9.18,9.19,20900,191865.0
000561.SZ,2026-05-21 11:13:00,9.18,9.19,9.17,9.17,8900,81701.0
000561.SZ,2026-05-21 11:14:00,9.17,9.17,9.16,9.16,49000,449296.0
000561.SZ,2026-05-21 11:15:00,9.16,9.16,9.15,9.15,65900,603468.0
000561.SZ,2026-05-21 11:16:00,9.16,9.16,9.15,9.16,22100,202434.0
000561.SZ,2026-05-21 11:17:00,9.15,9.16,9.15,9.15,10700,97918.0
000561.SZ,2026-05-21 11:18:00,9.15,9.15,9.13,9.13,105500,964916.0
000561.SZ,2026-05-21 11:19:00,9.13,9.13,9.12,9.13,68900,629060.0
000561.SZ,2026-05-21 11:20:00,9.13,9.14,9.13,9.14,10600,96868.0
000561.SZ,2026-05-21 11:21:00,9.14,9.14,9.13,9.13,38200,348799.0
000561.SZ,2026-05-21 11:22:00,9.14,9.14,9.13,9.14,9900,90464.0
000561.SZ,2026-05-21 11:23:00,9.13,9.15,9.13,9.14,25700,234959.0
000561.SZ,2026-05-21 11:24:00,9.14,9.15,9.14,9.14,5700,52103.0
000561.SZ,2026-05-21 11:25:00,9.15,9.15,9.14,9.14,14300,130740.0
000561.SZ,2026-05-21 11:26:00,9.14,9.14,9.12,9.12,73600,671771.0
000561.SZ,2026-05-21 11:27:00,9.12,9.12,9.1,9.11,40000,364545.0
000561.SZ,2026-05-21 11:28:00,9.11,9.11,9.1,9.1,77200,702746.0
000561.SZ,2026-05-21 11:29:00,9.1,9.11,9.09,9.09,20600,187417.0
000561.SZ,2026-05-21 11:30:00,9.09,9.11,9.09,9.11,23200,211224.0
000561.SZ,2026-05-21 13:01:00,9.12,9.12,9.09,9.11,107400,978234.0
000561.SZ,2026-05-21 13:02:00,9.11,9.11,9.11,9.11,4200,38262.0
000561.SZ,2026-05-21 13:03:00,9.11,9.11,9.11,9.11,4000,36440.0
000561.SZ,2026-05-21 13:04:00,9.11,9.12,9.11,9.12,30300,275863.0
000561.SZ,2026-05-21 13:05:00,9.12,9.12,9.12,9.12,40600,370272.0
000561.SZ,2026-05-21 13:06:00,9.12,9.13,9.12,9.12,3500,31922.0
000561.SZ,2026-05-21 13:07:00,9.12,9.13,9.12,9.13,2800,25563.0
000561.SZ,2026-05-21 13:08:00,9.13,9.13,9.12,9.12,23500,214400.0
000561.SZ,2026-05-21 13:09:00,9.12,9.12,9.11,9.11,17700,161348.0
000561.SZ,2026-05-21 13:10:00,9.11,9.11,9.1,9.1,21000,191301.0
000561.SZ,2026-05-21 13:11:00,9.1,9.1,9.1,9.1,12200,111020.0
000561.SZ,2026-05-21 13:12:00,9.1,9.1,9.1,9.1,25300,230210.0
000561.SZ,2026-05-21 13:13:00,9.1,9.1,9.09,9.1,8100,73681.0
000561.SZ,2026-05-21 13:14:00,9.1,9.1,9.09,9.1,8000,72762.0
000561.SZ,2026-05-21 13:15:00,9.09,9.09,9.08,9.09,45200,410821.0
000561.SZ,2026-05-21 13:16:00,9.09,9.09,9.08,9.09,15400,139844.0
000561.SZ,2026-05-21 13:17:00,9.09,9.1,9.09,9.1,18800,170874.0
000561.SZ,2026-05-21 13:18:00,9.1,9.11,9.09,9.1,34600,314599.0
000561.SZ,2026-05-21 13:19:00,9.1,9.1,9.1,9.1,16800,152825.0
000561.SZ,2026-05-21 13:20:00,9.09,9.11,9.09,9.1,2400,21836.0
000561.SZ,2026-05-21 13:21:00,9.1,9.11,9.1,9.1,31800,289382.0
000561.SZ,2026-05-21 13:22:00,9.1,9.11,9.1,9.11,27200,247523.0
000561.SZ,2026-05-21 13:23:00,9.1,9.1,9.1,9.1,34000,309430.0
000561.SZ,2026-05-21 13:24:00,9.1,9.1,9.08,9.09,44200,401779.0
000561.SZ,2026-05-21 13:25:00,9.08,9.09,9.08,9.09,3100,28172.0
000561.SZ,2026-05-21 13:26:00,9.09,9.09,9.08,9.08,39100,355230.0
000561.SZ,2026-05-21 13:27:00,9.08,9.09,9.08,9.08,12600,114461.0
000561.SZ,2026-05-21 13:28:00,9.08,9.09,9.08,9.09,12900,117166.0
000561.SZ,2026-05-21 13:29:00,9.09,9.1,9.09,9.1,14600,132715.0
000561.SZ,2026-05-21 13:30:00,9.1,9.1,9.09,9.1,7600,69106.0
000561.SZ,2026-05-21 13:31:00,9.08,9.09,9.08,9.09,74900,680462.0
000561.SZ,2026-05-21 13:32:00,9.08,9.09,9.08,9.09,12100,109874.0
000561.SZ,2026-05-21 13:33:00,9.08,9.09,9.07,9.08,47800,434016.0
000561.SZ,2026-05-21 13:34:00,9.08,9.08,9.06,9.06,41200,373701.0
000561.SZ,2026-05-21 13:35:00,9.07,9.07,9.06,9.06,11700,106008.0
000561.SZ,2026-05-21 13:36:00,9.06,9.07,9.06,9.07,29600,268444.0
000561.SZ,2026-05-21 13:37:00,9.07,9.07,9.06,9.06,29600,268199.0
000561.SZ,2026-05-21 13:38:00,9.06,9.07,9.06,9.07,24900,225732.0
000561.SZ,2026-05-21 13:39:00,9.06,9.07,9.06,9.06,49500,448552.0
000561.SZ,2026-05-21 13:40:00,9.06,9.07,9.06,9.06,18600,168522.0
000561.SZ,2026-05-21 13:41:00,9.06,9.06,9.05,9.05,11100,100535.0
000561.SZ,2026-05-21 13:42:00,9.06,9.06,9.05,9.06,27500,248945.0
000561.SZ,2026-05-21 13:43:00,9.06,9.07,9.06,9.07,15100,136883.0
000561.SZ,2026-05-21 13:44:00,9.07,9.07,9.06,9.07,69700,631885.0
000561.SZ,2026-05-21 13:45:00,9.06,9.07,9.06,9.06,18200,165058.0
000561.SZ,2026-05-21 13:46:00,9.08,9.08,9.08,9.08,59900,543692.0
000561.SZ,2026-05-21 13:47:00,9.08,9.09,9.08,9.08,18200,165257.0
000561.SZ,2026-05-21 13:48:00,9.08,9.08,9.07,9.08,4200,38120.0
000561.SZ,2026-05-21 13:49:00,9.07,9.08,9.07,9.07,95500,866209.0
000561.SZ,2026-05-21 13:50:00,9.07,9.07,9.05,9.05,89900,814500.0
000561.SZ,2026-05-21 13:51:00,9.06,9.07,9.05,9.06,8100,73385.0
000561.SZ,2026-05-21 13:52:00,9.06,9.07,9.04,9.05,180300,1631869.0
000561.SZ,2026-05-21 13:53:00,9.04,9.05,9.04,9.04,44100,398784.0
000561.SZ,2026-05-21 13:54:00,9.03,9.04,9.03,9.04,7000,63221.0
000561.SZ,2026-05-21 13:55:00,9.04,9.04,9.04,9.04,13800,124752.0
000561.SZ,2026-05-21 13:56:00,9.04,9.05,9.03,9.03,32200,291078.0
000561.SZ,2026-05-21 13:57:00,9.04,9.04,9.03,9.04,7100,64163.0
000561.SZ,2026-05-21 13:58:00,9.04,9.04,9.02,9.02,145300,1311981.0
000561.SZ,2026-05-21 13:59:00,9.03,9.03,9.02,9.02,33400,301326.0
000561.SZ,2026-05-21 14:00:00,9.02,9.03,9.01,9.02,92100,830731.0
000561.SZ,2026-05-21 14:01:00,9.02,9.02,9.0,9.0,157200,1416170.0
000561.SZ,2026-05-21 14:02:00,9.0,9.01,9.0,9.01,155000,1395214.0
000561.SZ,2026-05-21 14:03:00,9.0,9.01,8.99,8.99,90700,816177.0
000561.SZ,2026-05-21 14:04:00,9.0,9.0,8.99,8.99,69200,622164.0
000561.SZ,2026-05-21 14:05:00,8.99,8.99,8.98,8.99,112200,1008034.0
000561.SZ,2026-05-21 14:06:00,8.99,9.0,8.99,9.0,56500,508095.0
000561.SZ,2026-05-21 14:07:00,9.0,9.0,8.99,8.99,44500,400414.0
000561.SZ,2026-05-21 14:08:00,8.99,9.0,8.98,8.99,75000,674272.0
000561.SZ,2026-05-21 14:09:00,8.99,9.0,8.99,9.0,32200,289588.0
000561.SZ,2026-05-21 14:10:00,8.99,9.0,8.99,8.99,37700,338939.0
000561.SZ,2026-05-21 14:11:00,8.98,8.99,8.98,8.98,41900,376457.0
000561.SZ,2026-05-21 14:12:00,8.99,8.99,8.97,8.98,145000,1301954.0
000561.SZ,2026-05-21 14:13:00,8.97,8.98,8.97,8.98,58200,522251.0
000561.SZ,2026-05-21 14:14:00,8.97,8.98,8.96,8.96,64100,574917.0
000561.SZ,2026-05-21 14:15:00,8.96,8.98,8.96,8.98,72900,653635.0
000561.SZ,2026-05-21 14:16:00,8.98,8.98,8.97,8.98,12500,112187.0
000561.SZ,2026-05-21 14:17:00,8.98,8.98,8.97,8.98,56900,510892.0
000561.SZ,2026-05-21 14:18:00,8.98,8.98,8.96,8.96,44900,402814.0
000561.SZ,2026-05-21 14:19:00,8.96,8.97,8.95,8.96,105200,942613.0
000561.SZ,2026-05-21 14:20:00,8.96,8.96,8.94,8.95,60000,537022.0
000561.SZ,2026-05-21 14:21:00,8.95,8.95,8.93,8.93,40400,361257.0
000561.SZ,2026-05-21 14:22:00,8.93,8.94,8.93,8.93,32700,292031.0
000561.SZ,2026-05-21 14:23:00,8.93,8.93,8.92,8.93,141200,1260871.0
000561.SZ,2026-05-21 14:24:00,8.93,8.93,8.92,8.92,32900,293606.0
000561.SZ,2026-05-21 14:25:00,8.93,8.93,8.91,8.91,44600,397930.0
000561.SZ,2026-05-21 14:26:00,8.92,8.92,8.91,8.91,72000,641545.0
000561.SZ,2026-05-21 14:27:00,8.91,8.92,8.9,8.91,54600,486332.0
000561.SZ,2026-05-21 14:28:00,8.9,8.91,8.9,8.9,86500,769990.0
000561.SZ,2026-05-21 14:29:00,8.9,8.9,8.89,8.89,29300,260658.0
000561.SZ,2026-05-21 14:30:00,8.9,8.9,8.89,8.9,40300,358441.0
000561.SZ,2026-05-21 14:31:00,8.89,8.9,8.88,8.89,138500,1231611.0
000561.SZ,2026-05-21 14:32:00,8.88,8.89,8.86,8.86,133200,1182294.0
000561.SZ,2026-05-21 14:33:00,8.86,8.87,8.83,8.83,120600,1066927.0
000561.SZ,2026-05-21 14:34:00,8.84,8.85,8.83,8.84,81200,717792.0
000561.SZ,2026-05-21 14:35:00,8.84,8.84,8.81,8.82,73300,646784.0
000561.SZ,2026-05-21 14:36:00,8.82,8.82,8.8,8.82,132300,1165005.0
000561.SZ,2026-05-21 14:37:00,8.82,8.84,8.8,8.83,103300,909920.0
000561.SZ,2026-05-21 14:38:00,8.84,8.87,8.83,8.87,114700,1015948.0
000561.SZ,2026-05-21 14:39:00,8.88,8.89,8.86,8.89,158700,1408526.0
000561.SZ,2026-05-21 14:40:00,8.88,8.88,8.85,8.86,281800,2497605.0
000561.SZ,2026-05-21 14:41:00,8.86,8.87,8.86,8.87,40700,360903.0
000561.SZ,2026-05-21 14:42:00,8.87,8.88,8.84,8.84,124100,1099276.0
000561.SZ,2026-05-21 14:43:00,8.84,8.84,8.83,8.84,34100,301341.0
000561.SZ,2026-05-21 14:44:00,8.83,8.84,8.83,8.83,54200,478726.0
000561.SZ,2026-05-21 14:45:00,8.83,8.83,8.81,8.81,77500,683764.0
000561.SZ,2026-05-21 14:46:00,8.82,8.84,8.82,8.82,133600,1178511.0
000561.SZ,2026-05-21 14:47:00,8.82,8.83,8.81,8.82,99700,879451.0
000561.SZ,2026-05-21 14:48:00,8.82,8.82,8.81,8.82,56400,497035.0
000561.SZ,2026-05-21 14:49:00,8.82,8.83,8.82,8.83,24000,211742.0
000561.SZ,2026-05-21 14:50:00,8.83,8.83,8.81,8.81,70300,620017.0
000561.SZ,2026-05-21 14:51:00,8.82,8.82,8.8,8.81,119400,1051909.0
000561.SZ,2026-05-21 14:52:00,8.8,8.81,8.8,8.81,84100,740500.0
000561.SZ,2026-05-21 14:53:00,8.8,8.81,8.8,8.81,103800,913830.0
000561.SZ,2026-05-21 14:54:00,8.8,8.81,8.8,8.8,128700,1132875.0
000561.SZ,2026-05-21 14:55:00,8.8,8.81,8.79,8.79,246800,2171980.0
000561.SZ,2026-05-21 14:56:00,8.79,8.8,8.78,8.78,105500,927063.0
000561.SZ,2026-05-21 14:57:00,8.79,8.79,8.78,8.79,129900,1140838.0
000561.SZ,2026-05-21 14:58:00,8.79,8.79,8.79,8.79,0,0.0
000561.SZ,2026-05-21 14:59:00,8.79,8.79,8.79,8.79,0,0.0
000561.SZ,2026-05-21 15:00:00,8.79,8.79,8.79,8.79,141700,1245543.0
000561.SZ,2026-05-22 09:30:00,8.85,8.86,8.85,8.86,44500,393861.0
000561.SZ,2026-05-22 09:31:00,8.87,8.88,8.81,8.82,210500,1863237.0
000561.SZ,2026-05-22 09:32:00,8.82,8.82,8.75,8.75,292200,2568343.0
000561.SZ,2026-05-22 09:33:00,8.75,8.75,8.73,8.74,174100,1522475.0
000561.SZ,2026-05-22 09:34:00,8.75,8.75,8.73,8.74,100600,879651.9
000561.SZ,2026-05-22 09:35:00,8.75,8.78,8.75,8.77,51411,450276.25
000561.SZ,2026-05-22 09:36:00,8.77,8.77,8.71,8.71,250400,2186729.0
000561.SZ,2026-05-22 09:37:00,8.72,8.76,8.72,8.75,69500,607122.0
000561.SZ,2026-05-22 09:38:00,8.74,8.77,8.73,8.77,153400,1341994.0
000561.SZ,2026-05-22 09:39:00,8.77,8.79,8.77,8.77,40200,352783.0
000561.SZ,2026-05-22 09:40:00,8.78,8.78,8.77,8.77,60600,531689.0
000561.SZ,2026-05-22 09:41:00,8.77,8.79,8.77,8.79,86800,762198.0
000561.SZ,2026-05-22 09:42:00,8.79,8.84,8.79,8.83,125400,1104311.0
000561.SZ,2026-05-22 09:43:00,8.84,8.84,8.83,8.84,70600,623967.0
000561.SZ,2026-05-22 09:44:00,8.84,8.85,8.83,8.85,55900,494058.0
000561.SZ,2026-05-22 09:45:00,8.85,8.86,8.84,8.85,68100,602451.0
000561.SZ,2026-05-22 09:46:00,8.86,8.9,8.86,8.9,74500,661648.0
000561.SZ,2026-05-22 09:47:00,8.9,8.9,8.88,8.89,107600,956770.0
000561.SZ,2026-05-22 09:48:00,8.89,8.89,8.87,8.88,96600,857839.0
000561.SZ,2026-05-22 09:49:00,8.87,8.89,8.87,8.87,55200,490158.0
000561.SZ,2026-05-22 09:50:00,8.87,8.89,8.87,8.89,84500,750912.0
000561.SZ,2026-05-22 09:51:00,8.9,8.9,8.88,8.88,48300,429417.0
000561.SZ,2026-05-22 09:52:00,8.88,8.89,8.88,8.88,51000,452938.0
000561.SZ,2026-05-22 09:53:00,8.88,8.89,8.88,8.89,60800,540402.0
000561.SZ,2026-05-22 09:54:00,8.89,8.89,8.88,8.88,38100,338362.0
000561.SZ,2026-05-22 09:55:00,8.88,8.89,8.88,8.89,61800,548989.0
000561.SZ,2026-05-22 09:56:00,8.89,8.89,8.88,8.88,20600,183002.0
000561.SZ,2026-05-22 09:57:00,8.89,8.9,8.88,8.88,86800,771492.0
000561.SZ,2026-05-22 09:58:00,8.88,8.89,8.88,8.88,46700,414701.0
000561.SZ,2026-05-22 09:59:00,8.88,8.88,8.84,8.84,63400,561962.0
000561.SZ,2026-05-22 10:00:00,8.85,8.85,8.84,8.85,75500,667772.0
000561.SZ,2026-05-22 10:01:00,8.85,8.87,8.85,8.86,59300,525583.0
000561.SZ,2026-05-22 10:02:00,8.86,8.86,8.85,8.85,22500,199181.0
000561.SZ,2026-05-22 10:03:00,8.86,8.87,8.86,8.86,14300,126719.0
000561.SZ,2026-05-22 10:04:00,8.86,8.88,8.86,8.88,67200,596256.0
000561.SZ,2026-05-22 10:05:00,8.88,8.89,8.88,8.88,7200,63980.0
000561.SZ,2026-05-22 10:06:00,8.88,8.89,8.88,8.89,21600,191922.0
000561.SZ,2026-05-22 10:07:00,8.88,8.89,8.88,8.89,45600,405320.0
000561.SZ,2026-05-22 10:08:00,8.88,8.89,8.88,8.89,19500,173302.0
000561.SZ,2026-05-22 10:09:00,8.89,8.89,8.88,8.89,70200,624070.0
000561.SZ,2026-05-22 10:10:00,8.88,8.88,8.87,8.87,75800,673071.0
000561.SZ,2026-05-22 10:11:00,8.86,8.87,8.86,8.86,18200,161284.0
000561.SZ,2026-05-22 10:12:00,8.86,8.87,8.85,8.87,14600,129415.0
000561.SZ,2026-05-22 10:13:00,8.87,8.88,8.86,8.87,25900,229604.0
000561.SZ,2026-05-22 10:14:00,8.87,8.87,8.86,8.87,9900,87799.0
000561.SZ,2026-05-22 10:15:00,8.87,8.87,8.86,8.86,9700,85975.0
000561.SZ,2026-05-22 10:16:00,8.87,8.87,8.85,8.85,13900,123114.0
000561.SZ,2026-05-22 10:17:00,8.85,8.85,8.84,8.85,39200,346845.0
000561.SZ,2026-05-22 10:18:00,8.85,8.85,8.84,8.84,12500,110524.0
000561.SZ,2026-05-22 10:19:00,8.84,8.85,8.84,8.85,5200,45984.0
000561.SZ,2026-05-22 10:20:00,8.84,8.84,8.84,8.84,70700,624995.0
000561.SZ,2026-05-22 10:21:00,8.83,8.84,8.83,8.83,73200,646377.0
000561.SZ,2026-05-22 10:22:00,8.83,8.84,8.83,8.83,42200,372642.0
000561.SZ,2026-05-22 10:23:00,8.83,8.83,8.83,8.83,9100,80353.0
000561.SZ,2026-05-22 10:24:00,8.83,8.83,8.83,8.83,1000,8830.0
000561.SZ,2026-05-22 10:25:00,8.82,8.83,8.82,8.83,24100,212785.0
000561.SZ,2026-05-22 10:26:00,8.83,8.83,8.81,8.81,26700,235527.0
000561.SZ,2026-05-22 10:27:00,8.81,8.83,8.81,8.82,15700,138478.0
000561.SZ,2026-05-22 10:28:00,8.82,8.83,8.82,8.82,34300,302560.0
000561.SZ,2026-05-22 10:29:00,8.82,8.82,8.8,8.81,23800,209673.0
000561.SZ,2026-05-22 10:30:00,8.81,8.81,8.8,8.8,56600,498172.0
000561.SZ,2026-05-22 10:31:00,8.8,8.81,8.8,8.81,39500,347507.0
000561.SZ,2026-05-22 10:32:00,8.79,8.8,8.77,8.77,18300,160896.0
000561.SZ,2026-05-22 10:33:00,8.79,8.8,8.79,8.79,73100,642968.0
000561.SZ,2026-05-22 10:34:00,8.8,8.81,8.79,8.8,76700,674054.0
000561.SZ,2026-05-22 10:35:00,8.8,8.81,8.79,8.81,124200,1093023.0
000561.SZ,2026-05-22 10:36:00,8.82,8.82,8.81,8.81,17400,153418.0
000561.SZ,2026-05-22 10:37:00,8.82,8.82,8.81,8.82,17800,156880.0
000561.SZ,2026-05-22 10:38:00,8.81,8.82,8.81,8.82,12700,111999.0
000561.SZ,2026-05-22 10:39:00,8.82,8.82,8.81,8.82,23000,202820.0
000561.SZ,2026-05-22 10:40:00,8.81,8.82,8.81,8.81,17300,152432.0
000561.SZ,2026-05-22 10:41:00,8.82,8.82,8.81,8.81,5500,48475.0
000561.SZ,2026-05-22 10:42:00,8.81,8.81,8.8,8.8,25400,223742.0
000561.SZ,2026-05-22 10:43:00,8.81,8.81,8.8,8.8,17200,151389.0
000561.SZ,2026-05-22 10:44:00,8.81,8.81,8.8,8.81,5500,48450.0
000561.SZ,2026-05-22 10:45:00,8.81,8.81,8.81,8.81,10900,96029.0
000561.SZ,2026-05-22 10:46:00,8.81,8.81,8.81,8.81,6600,58146.0
000561.SZ,2026-05-22 10:47:00,8.81,8.82,8.81,8.82,7400,65195.0
000561.SZ,2026-05-22 10:48:00,8.81,8.82,8.8,8.82,2300,20266.0
000561.SZ,2026-05-22 10:49:00,8.81,8.83,8.81,8.82,56300,496571.0
000561.SZ,2026-05-22 10:50:00,8.83,8.83,8.82,8.82,1700,15000.0
000561.SZ,2026-05-22 10:51:00,8.82,8.82,8.81,8.81,23500,207246.0
000561.SZ,2026-05-22 10:52:00,8.81,8.82,8.81,8.81,39100,344798.0
000561.SZ,2026-05-22 10:53:00,8.82,8.82,8.81,8.81,6600,58206.0
000561.SZ,2026-05-22 10:54:00,8.81,8.82,8.81,8.81,31400,276649.0
000561.SZ,2026-05-22 10:55:00,8.82,8.83,8.81,8.82,10000,88221.0
000561.SZ,2026-05-22 10:56:00,8.83,8.84,8.82,8.84,13200,116541.0
000561.SZ,2026-05-22 10:57:00,8.84,8.85,8.84,8.85,8900,78709.0
000561.SZ,2026-05-22 10:58:00,8.85,8.86,8.84,8.84,62600,553710.0
000561.SZ,2026-05-22 10:59:00,8.85,8.85,8.84,8.84,10600,93803.0
000561.SZ,2026-05-22 11:00:00,8.84,8.84,8.84,8.84,2400,21216.0
000561.SZ,2026-05-22 11:01:00,8.84,8.84,8.84,8.84,7500,66300.0
000561.SZ,2026-05-22 11:02:00,8.84,8.85,8.84,8.84,25000,221042.0
000561.SZ,2026-05-22 11:03:00,8.83,8.83,8.82,8.83,14400,127211.0
000561.SZ,2026-05-22 11:04:00,8.84,8.85,8.84,8.85,22900,202544.0
000561.SZ,2026-05-22 11:05:00,8.85,8.86,8.85,8.86,69600,615968.0
000561.SZ,2026-05-22 11:06:00,8.86,8.86,8.85,8.86,16500,146185.0
000561.SZ,2026-05-22 11:07:00,8.85,8.86,8.85,8.85,20300,179660.0
000561.SZ,2026-05-22 11:08:00,8.85,8.86,8.85,8.86,10500,92927.0
000561.SZ,2026-05-22 11:09:00,8.85,8.86,8.85,8.86,3600,31863.0
000561.SZ,2026-05-22 11:10:00,8.86,8.86,8.85,8.86,8000,70807.0
000561.SZ,2026-05-22 11:11:00,8.86,8.86,8.85,8.85,4300,38068.0
000561.SZ,2026-05-22 11:12:00,8.85,8.86,8.85,8.86,9700,85853.0
000561.SZ,2026-05-22 11:13:00,8.86,8.86,8.85,8.86,2000,17716.0
000561.SZ,2026-05-22 11:14:00,8.86,8.86,8.85,8.85,5100,45137.0
000561.SZ,2026-05-22 11:15:00,8.86,8.86,8.85,8.86,14500,128464.0
000561.SZ,2026-05-22 11:16:00,8.85,8.86,8.85,8.86,25000,221443.0
000561.SZ,2026-05-22 11:17:00,8.85,8.85,8.85,8.85,3300,29209.0
000561.SZ,2026-05-22 11:18:00,8.85,8.86,8.85,8.85,84500,747842.0
000561.SZ,2026-05-22 11:19:00,8.85,8.86,8.85,8.86,17700,156650.0
000561.SZ,2026-05-22 11:20:00,8.86,8.86,8.85,8.85,1600,14162.0
000561.SZ,2026-05-22 11:21:00,8.85,8.86,8.85,8.86,1800,15945.0
000561.SZ,2026-05-22 11:22:00,8.86,8.86,8.85,8.85,6200,54924.0
000561.SZ,2026-05-22 11:23:00,8.85,8.86,8.85,8.86,10600,93821.0
000561.SZ,2026-05-22 11:24:00,8.85,8.86,8.85,8.86,12000,106305.0
000561.SZ,2026-05-22 11:25:00,8.86,8.87,8.86,8.87,95400,845339.0
000561.SZ,2026-05-22 11:26:00,8.87,8.88,8.87,8.88,44700,396566.0
000561.SZ,2026-05-22 11:27:00,8.87,8.88,8.87,8.87,2300,20419.0
000561.SZ,2026-05-22 11:28:00,8.87,8.88,8.87,8.88,13300,117981.0
000561.SZ,2026-05-22 11:29:00,8.88,8.88,8.87,8.88,2300,20422.0
000561.SZ,2026-05-22 11:30:00,8.88,8.88,8.87,8.88,7400,65661.0
000561.SZ,2026-05-22 13:01:00,8.88,8.88,8.87,8.87,114500,1016494.0
000561.SZ,2026-05-22 13:02:00,8.87,8.88,8.87,8.88,17700,157174.0
000561.SZ,2026-05-22 13:03:00,8.89,8.89,8.89,8.89,1600,14224.0
000561.SZ,2026-05-22 13:04:00,8.89,8.89,8.88,8.88,23900,212460.0
000561.SZ,2026-05-22 13:05:00,8.88,8.89,8.88,8.88,15700,139420.0
000561.SZ,2026-05-22 13:06:00,8.88,8.89,8.88,8.88,59000,523929.0
000561.SZ,2026-05-22 13:07:00,8.89,8.9,8.88,8.89,156000,1386880.0
000561.SZ,2026-05-22 13:08:00,8.89,8.9,8.89,8.89,30200,268595.0
000561.SZ,2026-05-22 13:09:00,8.89,8.9,8.88,8.88,39700,352701.0
000561.SZ,2026-05-22 13:10:00,8.88,8.88,8.87,8.88,8200,72762.0
000561.SZ,2026-05-22 13:11:00,8.88,8.89,8.88,8.88,14800,131512.0
000561.SZ,2026-05-22 13:12:00,8.88,8.89,8.88,8.88,24300,215828.0
000561.SZ,2026-05-22 13:13:00,8.88,8.89,8.88,8.88,43700,388072.0
000561.SZ,2026-05-22 13:14:00,8.88,8.89,8.88,8.89,85400,759191.0
000561.SZ,2026-05-22 13:15:00,8.89,8.89,8.89,8.89,5400,48006.0
000561.SZ,2026-05-22 13:16:00,8.88,8.88,8.88,8.88,12300,109241.0
000561.SZ,2026-05-22 13:17:00,8.88,8.88,8.88,8.88,14300,126984.0
000561.SZ,2026-05-22 13:18:00,8.88,8.88,8.88,8.88,6100,54168.0
000561.SZ,2026-05-22 13:19:00,8.88,8.88,8.88,8.88,18400,163393.0
000561.SZ,2026-05-22 13:20:00,8.88,8.88,8.87,8.87,42100,373985.0
000561.SZ,2026-05-22 13:21:00,8.87,8.88,8.87,8.87,29000,257255.0
000561.SZ,2026-05-22 13:22:00,8.87,8.87,8.86,8.86,37900,335991.0
000561.SZ,2026-05-22 13:23:00,8.86,8.87,8.86,8.87,21300,188755.0
000561.SZ,2026-05-22 13:24:00,8.87,8.88,8.86,8.87,46500,412521.0
000561.SZ,2026-05-22 13:25:00,8.86,8.86,8.86,8.86,13500,119659.0
000561.SZ,2026-05-22 13:26:00,8.87,8.88,8.87,8.88,35400,314016.0
000561.SZ,2026-05-22 13:27:00,8.88,8.88,8.88,8.88,1000,8880.0
000561.SZ,2026-05-22 13:28:00,8.87,8.88,8.87,8.87,7000,62107.0
000561.SZ,2026-05-22 13:29:00,8.88,8.88,8.88,8.88,34000,301729.0
000561.SZ,2026-05-22 13:30:00,8.88,8.89,8.88,8.89,102900,913920.0
000561.SZ,2026-05-22 13:31:00,8.9,8.91,8.9,8.91,419000,3726971.0
000561.SZ,2026-05-22 13:32:00,8.91,8.93,8.91,8.93,60600,540566.0
000561.SZ,2026-05-22 13:33:00,8.93,8.93,8.92,8.93,18200,162473.0
000561.SZ,2026-05-22 13:34:00,8.93,8.93,8.92,8.93,18900,168663.0
000561.SZ,2026-05-22 13:35:00,8.93,8.93,8.92,8.93,9900,88406.0
000561.SZ,2026-05-22 13:36:00,8.93,8.93,8.92,8.93,11500,102691.0
000561.SZ,2026-05-22 13:37:00,8.93,8.93,8.92,8.93,29700,265193.0
000561.SZ,2026-05-22 13:38:00,8.93,8.94,8.93,8.94,45300,404703.0
000561.SZ,2026-05-22 13:39:00,8.94,8.94,8.93,8.93,12700,113490.0
000561.SZ,2026-05-22 13:40:00,8.93,8.94,8.93,8.93,6300,56273.0
000561.SZ,2026-05-22 13:41:00,8.93,8.94,8.93,8.93,10200,91101.0
000561.SZ,2026-05-22 13:42:00,8.93,8.93,8.92,8.92,16000,142878.0
000561.SZ,2026-05-22 13:43:00,8.93,8.93,8.92,8.92,4800,42823.0
000561.SZ,2026-05-22 13:44:00,8.92,8.92,8.92,8.92,6000,53520.0
000561.SZ,2026-05-22 13:45:00,8.92,8.93,8.92,8.92,12400,110637.0
000561.SZ,2026-05-22 13:46:00,8.92,8.92,8.92,8.92,15700,140044.0
000561.SZ,2026-05-22 13:47:00,8.93,8.93,8.92,8.93,6100,54469.0
000561.SZ,2026-05-22 13:48:00,8.93,8.93,8.92,8.92,5900,52632.0
000561.SZ,2026-05-22 13:49:00,8.92,8.93,8.92,8.92,9100,81214.0
000561.SZ,2026-05-22 13:50:00,8.93,8.94,8.93,8.93,57700,515408.0
000561.SZ,2026-05-22 13:51:00,8.94,8.95,8.93,8.95,107900,965132.0
000561.SZ,2026-05-22 13:52:00,8.95,8.95,8.94,8.95,7600,68016.0
000561.SZ,2026-05-22 13:53:00,8.95,8.95,8.94,8.95,9500,84991.0
000561.SZ,2026-05-22 13:54:00,8.95,8.95,8.94,8.95,14800,132373.0
000561.SZ,2026-05-22 13:55:00,8.95,8.95,8.94,8.95,10000,89497.0
000561.SZ,2026-05-22 13:56:00,8.95,8.95,8.94,8.95,6000,53690.0
000561.SZ,2026-05-22 13:57:00,8.95,8.95,8.94,8.94,69600,622377.0
000561.SZ,2026-05-22 13:58:00,8.94,8.95,8.93,8.93,13600,121539.0
000561.SZ,2026-05-22 13:59:00,8.93,8.94,8.93,8.93,27500,245577.0
000561.SZ,2026-05-22 14:00:00,8.93,8.93,8.93,8.93,15200,135759.0
000561.SZ,2026-05-22 14:01:00,8.92,8.95,8.92,8.94,51700,461927.0
000561.SZ,2026-05-22 14:02:00,8.95,8.96,8.95,8.95,41900,375037.0
000561.SZ,2026-05-22 14:03:00,8.96,8.97,8.95,8.97,52100,466830.0
000561.SZ,2026-05-22 14:04:00,8.97,8.97,8.96,8.96,15500,138996.0
000561.SZ,2026-05-22 14:05:00,8.97,8.97,8.96,8.96,21400,191824.0
000561.SZ,2026-05-22 14:06:00,8.96,8.96,8.95,8.96,22500,201510.0
000561.SZ,2026-05-22 14:07:00,8.96,8.97,8.96,8.97,37100,332651.0
000561.SZ,2026-05-22 14:08:00,8.97,8.97,8.96,8.96,12000,107565.0
000561.SZ,2026-05-22 14:09:00,8.97,8.97,8.96,8.97,10800,96866.0
000561.SZ,2026-05-22 14:10:00,8.97,8.97,8.96,8.97,21000,188243.0
000561.SZ,2026-05-22 14:11:00,8.97,8.97,8.97,8.97,9300,83371.0
000561.SZ,2026-05-22 14:12:00,8.96,8.97,8.96,8.97,21600,193593.0
000561.SZ,2026-05-22 14:13:00,8.96,8.97,8.96,8.96,27700,248221.0
000561.SZ,2026-05-22 14:14:00,8.96,8.96,8.95,8.96,23500,210529.0
000561.SZ,2026-05-22 14:15:00,8.95,8.96,8.95,8.95,20100,179917.0
000561.SZ,2026-05-22 14:16:00,8.95,8.96,8.95,8.95,24900,222863.0
000561.SZ,2026-05-22 14:17:00,8.95,8.95,8.95,8.95,32100,287297.0
000561.SZ,2026-05-22 14:18:00,8.94,8.95,8.93,8.93,19100,170691.0
000561.SZ,2026-05-22 14:19:00,8.93,8.93,8.92,8.92,13700,122328.0
000561.SZ,2026-05-22 14:20:00,8.92,8.93,8.92,8.92,20300,181127.0
000561.SZ,2026-05-22 14:21:00,8.93,8.93,8.93,8.93,34100,304314.0
000561.SZ,2026-05-22 14:22:00,8.92,8.93,8.92,8.93,11200,99999.0
000561.SZ,2026-05-22 14:23:00,8.93,8.95,8.93,8.94,23700,211765.0
000561.SZ,2026-05-22 14:24:00,8.94,8.95,8.94,8.94,23200,207590.0
000561.SZ,2026-05-22 14:25:00,8.94,8.95,8.94,8.95,5100,45632.0
000561.SZ,2026-05-22 14:26:00,8.95,8.95,8.94,8.94,35300,315686.0
000561.SZ,2026-05-22 14:27:00,8.94,8.95,8.94,8.95,10600,94794.0
000561.SZ,2026-05-22 14:28:00,8.95,8.95,8.94,8.94,21600,193122.0
000561.SZ,2026-05-22 14:29:00,8.94,8.95,8.94,8.95,12400,110937.0
000561.SZ,2026-05-22 14:30:00,8.95,8.95,8.94,8.95,3500,31315.0
000561.SZ,2026-05-22 14:31:00,8.95,8.95,8.94,8.94,61500,549861.0
000561.SZ,2026-05-22 14:32:00,8.93,8.93,8.93,8.93,7700,68762.0
000561.SZ,2026-05-22 14:33:00,8.93,8.94,8.93,8.93,7000,62544.0
000561.SZ,2026-05-22 14:34:00,8.94,8.94,8.93,8.93,8800,78585.0
000561.SZ,2026-05-22 14:35:00,8.93,8.94,8.93,8.93,38600,344728.0
000561.SZ,2026-05-22 14:36:00,8.93,8.94,8.93,8.93,12100,108067.0
000561.SZ,2026-05-22 14:37:00,8.93,8.94,8.93,8.94,5300,47353.0
000561.SZ,2026-05-22 14:38:00,8.93,8.94,8.93,8.93,24700,220736.0
000561.SZ,2026-05-22 14:39:00,8.94,8.94,8.93,8.94,58200,519920.0
000561.SZ,2026-05-22 14:40:00,8.94,8.94,8.93,8.93,3600,32151.0
000561.SZ,2026-05-22 14:41:00,8.94,8.94,8.93,8.94,15700,140229.0
000561.SZ,2026-05-22 14:42:00,8.93,8.94,8.93,8.94,23800,212683.0
000561.SZ,2026-05-22 14:43:00,8.94,8.94,8.93,8.94,36800,328787.0
000561.SZ,2026-05-22 14:44:00,8.94,8.94,8.93,8.93,26100,233082.0
000561.SZ,2026-05-22 14:45:00,8.94,8.94,8.93,8.93,6600,58968.0
000561.SZ,2026-05-22 14:46:00,8.93,8.94,8.93,8.94,62200,555488.0
000561.SZ,2026-05-22 14:47:00,8.93,8.94,8.92,8.94,76600,683987.0
000561.SZ,2026-05-22 14:48:00,8.93,8.94,8.93,8.93,9800,87598.0
000561.SZ,2026-05-22 14:49:00,8.93,8.94,8.93,8.94,13300,118812.0
000561.SZ,2026-05-22 14:50:00,8.93,8.94,8.93,8.93,16700,149260.0
000561.SZ,2026-05-22 14:51:00,8.93,8.94,8.93,8.94,61700,551069.0
000561.SZ,2026-05-22 14:52:00,8.94,8.94,8.93,8.94,3000,26805.0
000561.SZ,2026-05-22 14:53:00,8.94,8.94,8.93,8.94,58700,524705.0
000561.SZ,2026-05-22 14:54:00,8.94,8.94,8.93,8.94,8900,79531.0
000561.SZ,2026-05-22 14:55:00,8.94,8.94,8.93,8.94,70200,627362.0
000561.SZ,2026-05-22 14:56:00,8.94,8.94,8.93,8.93,120200,1074208.0
000561.SZ,2026-05-22 14:57:00,8.93,8.95,8.93,8.95,62900,562048.0
000561.SZ,2026-05-22 14:58:00,8.95,8.95,8.95,8.95,0,0.0
000561.SZ,2026-05-22 14:59:00,8.95,8.95,8.95,8.95,0,0.0
000561.SZ,2026-05-22 15:00:00,8.95,8.95,8.95,8.95,139100,1244945.0
000561.SZ,2026-05-25 09:30:00,8.96,8.99,8.96,8.98,42600,381731.0
000561.SZ,2026-05-25 09:31:00,8.98,9.02,8.98,9.01,160700,1446437.0
000561.SZ,2026-05-25 09:32:00,9.02,9.04,9.01,9.02,70100,632298.0
000561.SZ,2026-05-25 09:33:00,9.03,9.03,9.02,9.03,63100,569462.0
000561.SZ,2026-05-25 09:34:00,9.03,9.04,9.02,9.03,76500,690797.0
000561.SZ,2026-05-25 09:35:00,9.02,9.03,9.02,9.03,26900,242763.0
000561.SZ,2026-05-25 09:36:00,9.02,9.03,9.02,9.02,35100,316722.0
000561.SZ,2026-05-25 09:37:00,9.02,9.02,9.01,9.01,64400,580610.0
000561.SZ,2026-05-25 09:38:00,9.01,9.03,9.01,9.03,82900,747457.0
000561.SZ,2026-05-25 09:39:00,9.03,9.03,9.02,9.03,32300,291555.0
000561.SZ,2026-05-25 09:40:00,9.03,9.03,9.01,9.02,73100,659443.0
000561.SZ,2026-05-25 09:41:00,9.02,9.02,8.99,8.99,132400,1191549.0
000561.SZ,2026-05-25 09:42:00,8.99,9.01,8.99,9.0,31100,279815.0
000561.SZ,2026-05-25 09:43:00,9.01,9.01,8.99,8.99,84300,758569.0
000561.SZ,2026-05-25 09:44:00,8.99,9.0,8.96,8.97,37700,338447.0
000561.SZ,2026-05-25 09:45:00,8.96,8.97,8.95,8.96,95300,853320.0
000561.SZ,2026-05-25 09:46:00,8.96,8.97,8.95,8.96,54700,490000.0
000561.SZ,2026-05-25 09:47:00,8.95,8.96,8.93,8.93,70000,625851.0
000561.SZ,2026-05-25 09:48:00,8.94,8.94,8.92,8.92,19500,174024.0
000561.SZ,2026-05-25 09:49:00,8.93,8.93,8.92,8.93,22200,198113.0
000561.SZ,2026-05-25 09:50:00,8.92,8.95,8.92,8.94,79600,710718.0
000561.SZ,2026-05-25 09:51:00,8.94,8.95,8.92,8.92,34000,303683.0
000561.SZ,2026-05-25 09:52:00,8.92,8.93,8.91,8.93,55400,494216.0
000561.SZ,2026-05-25 09:53:00,8.92,8.92,8.9,8.9,52200,465127.0
000561.SZ,2026-05-25 09:54:00,8.9,8.92,8.89,8.9,64000,569703.0
000561.SZ,2026-05-25 09:55:00,8.9,8.9,8.88,8.89,76200,677228.0
000561.SZ,2026-05-25 09:56:00,8.9,8.91,8.89,8.89,34500,307015.0
000561.SZ,2026-05-25 09:57:00,8.89,8.89,8.88,8.88,33200,295159.0
000561.SZ,2026-05-25 09:58:00,8.88,8.89,8.87,8.88,67400,598550.0
000561.SZ,2026-05-25 09:59:00,8.88,8.88,8.84,8.84,81100,718088.0
000561.SZ,2026-05-25 10:00:00,8.84,8.84,8.83,8.84,77100,681088.0
000561.SZ,2026-05-25 10:01:00,8.84,8.84,8.83,8.84,104700,925455.0
000561.SZ,2026-05-25 10:02:00,8.83,8.84,8.83,8.84,57800,510520.0
000561.SZ,2026-05-25 10:03:00,8.83,8.85,8.83,8.85,77900,688847.0
000561.SZ,2026-05-25 10:04:00,8.85,8.86,8.84,8.86,80700,714140.0
000561.SZ,2026-05-25 10:05:00,8.86,8.86,8.84,8.84,15400,136277.0
000561.SZ,2026-05-25 10:06:00,8.84,8.87,8.84,8.87,61100,541090.0
000561.SZ,2026-05-25 10:07:00,8.87,8.88,8.86,8.86,29200,258986.0
000561.SZ,2026-05-25 10:08:00,8.86,8.86,8.84,8.86,40000,354161.0
000561.SZ,2026-05-25 10:09:00,8.86,8.86,8.85,8.85,41200,364664.0
000561.SZ,2026-05-25 10:10:00,8.85,8.85,8.84,8.85,32700,289404.0
000561.SZ,2026-05-25 10:11:00,8.85,8.86,8.85,8.86,11800,104443.0
000561.SZ,2026-05-25 10:12:00,8.85,8.86,8.85,8.85,20200,178778.0
000561.SZ,2026-05-25 10:13:00,8.85,8.85,8.84,8.85,57300,507052.0
000561.SZ,2026-05-25 10:14:00,8.84,8.86,8.84,8.86,42000,371386.0
000561.SZ,2026-05-25 10:15:00,8.85,8.86,8.84,8.84,26000,229990.0
000561.SZ,2026-05-25 10:16:00,8.85,8.86,8.85,8.86,24500,216889.0
000561.SZ,2026-05-25 10:17:00,8.86,8.86,8.84,8.85,18600,164596.0
000561.SZ,2026-05-25 10:18:00,8.84,8.86,8.84,8.86,67800,600031.0
000561.SZ,2026-05-25 10:19:00,8.85,8.87,8.85,8.86,17400,154159.0
000561.SZ,2026-05-25 10:20:00,8.86,8.86,8.85,8.85,16600,146935.0
000561.SZ,2026-05-25 10:21:00,8.86,8.87,8.86,8.87,6700,59365.0
000561.SZ,2026-05-25 10:22:00,8.87,8.88,8.86,8.86,9000,79832.0
000561.SZ,2026-05-25 10:23:00,8.87,8.87,8.86,8.86,50600,448541.0
000561.SZ,2026-05-25 10:24:00,8.86,8.87,8.85,8.86,15400,136422.0
000561.SZ,2026-05-25 10:25:00,8.86,8.86,8.85,8.86,2800,24798.0
000561.SZ,2026-05-25 10:26:00,8.86,8.87,8.85,8.86,62600,554593.0
000561.SZ,2026-05-25 10:27:00,8.86,8.86,8.85,8.85,49400,437470.0
000561.SZ,2026-05-25 10:28:00,8.86,8.87,8.86,8.86,13400,118726.0
000561.SZ,2026-05-25 10:29:00,8.86,8.86,8.85,8.86,3700,32781.0
000561.SZ,2026-05-25 10:30:00,8.86,8.86,8.85,8.86,34000,301163.0
000561.SZ,2026-05-25 10:31:00,8.86,8.86,8.85,8.86,24500,217020.0
000561.SZ,2026-05-25 10:32:00,8.85,8.86,8.85,8.85,59600,527509.0
000561.SZ,2026-05-25 10:33:00,8.85,8.86,8.84,8.85,143300,1268838.0
000561.SZ,2026-05-25 10:34:00,8.85,8.86,8.85,8.86,21000,185963.0
000561.SZ,2026-05-25 10:35:00,8.85,8.86,8.85,8.85,24700,218640.0
000561.SZ,2026-05-25 10:36:00,8.85,8.85,8.84,8.84,91400,808275.0
000561.SZ,2026-05-25 10:37:00,8.85,8.86,8.85,8.85,32000,283395.0
000561.SZ,2026-05-25 10:38:00,8.86,8.87,8.86,8.87,16600,147191.0
000561.SZ,2026-05-25 10:39:00,8.87,8.88,8.86,8.86,20600,182752.0
000561.SZ,2026-05-25 10:40:00,8.86,8.87,8.86,8.87,31700,280896.0
000561.SZ,2026-05-25 10:41:00,8.87,8.88,8.87,8.87,10300,91371.0
000561.SZ,2026-05-25 10:42:00,8.87,8.87,8.86,8.86,36900,326955.0
000561.SZ,2026-05-25 10:43:00,8.86,8.88,8.86,8.88,37300,331073.0
000561.SZ,2026-05-25 10:44:00,8.88,8.88,8.88,8.88,9200,81696.0
000561.SZ,2026-05-25 10:45:00,8.88,8.89,8.87,8.87,9800,87059.0
000561.SZ,2026-05-25 10:46:00,8.88,8.89,8.87,8.88,19800,175765.0
000561.SZ,2026-05-25 10:47:00,8.88,8.88,8.88,8.88,6100,54167.0
000561.SZ,2026-05-25 10:48:00,8.88,8.89,8.88,8.89,9800,87055.0
000561.SZ,2026-05-25 10:49:00,8.89,8.89,8.88,8.89,29400,261133.0
000561.SZ,2026-05-25 10:50:00,8.89,8.89,8.87,8.87,13100,116353.0
000561.SZ,2026-05-25 10:51:00,8.87,8.87,8.87,8.87,14200,125955.0
000561.SZ,2026-05-25 10:52:00,8.87,8.88,8.86,8.88,29100,258115.0
000561.SZ,2026-05-25 10:53:00,8.87,8.88,8.87,8.88,3200,28392.0
000561.SZ,2026-05-25 10:54:00,8.88,8.88,8.86,8.87,13500,119746.0
000561.SZ,2026-05-25 10:55:00,8.87,8.87,8.87,8.87,4800,42575.0
000561.SZ,2026-05-25 10:56:00,8.86,8.87,8.86,8.86,24000,212655.0
000561.SZ,2026-05-25 10:57:00,8.87,8.87,8.86,8.86,6000,53185.0
000561.SZ,2026-05-25 10:58:00,8.86,8.88,8.86,8.87,27900,247408.0
000561.SZ,2026-05-25 10:59:00,8.87,8.91,8.87,8.91,69000,612990.0
000561.SZ,2026-05-25 11:00:00,8.9,8.91,8.9,8.9,23800,211882.0
000561.SZ,2026-05-25 11:01:00,8.9,8.91,8.9,8.91,19700,175359.0
000561.SZ,2026-05-25 11:02:00,8.9,8.9,8.89,8.89,34100,303336.0
000561.SZ,2026-05-25 11:03:00,8.89,8.9,8.87,8.87,31300,278234.0
000561.SZ,2026-05-25 11:04:00,8.87,8.88,8.86,8.87,13300,118012.0
000561.SZ,2026-05-25 11:05:00,8.87,8.87,8.86,8.87,57300,508042.0
000561.SZ,2026-05-25 11:06:00,8.87,8.88,8.87,8.87,7400,65683.0
000561.SZ,2026-05-25 11:07:00,8.87,8.88,8.87,8.88,11800,104687.0
000561.SZ,2026-05-25 11:08:00,8.87,8.88,8.87,8.88,800,7101.0
000561.SZ,2026-05-25 11:09:00,8.88,8.88,8.86,8.87,13100,116239.0
000561.SZ,2026-05-25 11:10:00,8.88,8.89,8.87,8.88,18700,166118.0
000561.SZ,2026-05-25 11:11:00,8.88,8.88,8.87,8.87,2400,21299.0
000561.SZ,2026-05-25 11:12:00,8.87,8.87,8.86,8.87,15300,135710.0
000561.SZ,2026-05-25 11:13:00,8.87,8.87,8.86,8.86,61500,545084.0
000561.SZ,2026-05-25 11:14:00,8.87,8.88,8.87,8.88,74200,658161.0
000561.SZ,2026-05-25 11:15:00,8.87,8.88,8.86,8.88,11000,97587.0
000561.SZ,2026-05-25 11:16:00,8.88,8.88,8.87,8.87,4200,37263.0
000561.SZ,2026-05-25 11:17:00,8.88,8.88,8.86,8.87,16600,147157.0
000561.SZ,2026-05-25 11:18:00,8.86,8.86,8.86,8.86,3000,26584.0
000561.SZ,2026-05-25 11:19:00,8.86,8.87,8.86,8.87,33400,295973.0
000561.SZ,2026-05-25 11:20:00,8.87,8.87,8.86,8.87,5000,44324.0
000561.SZ,2026-05-25 11:21:00,8.87,8.87,8.86,8.87,7300,64708.0
000561.SZ,2026-05-25 11:22:00,8.86,8.86,8.86,8.86,12900,114294.0
000561.SZ,2026-05-25 11:23:00,8.87,8.87,8.86,8.86,5800,51406.0
000561.SZ,2026-05-25 11:24:00,8.86,8.87,8.86,8.86,14400,127609.0
000561.SZ,2026-05-25 11:25:00,8.86,8.87,8.86,8.87,10400,92239.0
000561.SZ,2026-05-25 11:26:00,8.86,8.86,8.86,8.86,18500,163924.0
000561.SZ,2026-05-25 11:27:00,8.86,8.86,8.85,8.85,126300,1118182.0
000561.SZ,2026-05-25 11:28:00,8.84,8.85,8.84,8.84,26200,231823.0
000561.SZ,2026-05-25 11:29:00,8.84,8.85,8.84,8.85,3900,34477.0
000561.SZ,2026-05-25 11:30:00,8.85,8.85,8.84,8.84,5100,45120.0
000561.SZ,2026-05-25 13:01:00,8.85,8.86,8.84,8.84,40000,354172.0
000561.SZ,2026-05-25 13:02:00,8.85,8.85,8.84,8.84,9700,85844.0
000561.SZ,2026-05-25 13:03:00,8.85,8.85,8.85,8.85,16500,146010.0
000561.SZ,2026-05-25 13:04:00,8.86,8.86,8.85,8.85,28600,253154.0
000561.SZ,2026-05-25 13:05:00,8.84,8.84,8.84,8.84,6700,59228.0
000561.SZ,2026-05-25 13:06:00,8.84,8.84,8.82,8.82,129900,1147228.0
000561.SZ,2026-05-25 13:07:00,8.82,8.82,8.81,8.82,90800,800654.0
000561.SZ,2026-05-25 13:08:00,8.82,8.83,8.81,8.82,46600,410864.0
000561.SZ,2026-05-25 13:09:00,8.82,8.83,8.82,8.82,28700,253205.0
000561.SZ,2026-05-25 13:10:00,8.82,8.82,8.81,8.81,18800,165662.0
000561.SZ,2026-05-25 13:11:00,8.81,8.82,8.81,8.82,37100,326990.0
000561.SZ,2026-05-25 13:12:00,8.82,8.83,8.81,8.83,64400,567985.0
000561.SZ,2026-05-25 13:13:00,8.83,8.83,8.82,8.82,10800,95276.0
000561.SZ,2026-05-25 13:14:00,8.82,8.82,8.82,8.82,4900,43218.0
000561.SZ,2026-05-25 13:15:00,8.82,8.82,8.82,8.82,20400,179965.0
000561.SZ,2026-05-25 13:16:00,8.83,8.83,8.82,8.83,24500,216219.0
000561.SZ,2026-05-25 13:17:00,8.83,8.84,8.83,8.83,17100,151013.0
000561.SZ,2026-05-25 13:18:00,8.83,8.84,8.83,8.84,7500,66228.0
000561.SZ,2026-05-25 13:19:00,8.83,8.84,8.83,8.83,20300,179249.0
000561.SZ,2026-05-25 13:20:00,8.83,8.83,8.82,8.82,5000,44133.0
000561.SZ,2026-05-25 13:21:00,8.83,8.83,8.82,8.82,15400,135851.0
000561.SZ,2026-05-25 13:22:00,8.82,8.83,8.81,8.81,46100,406565.0
000561.SZ,2026-05-25 13:23:00,8.81,8.82,8.81,8.81,16000,140983.0
000561.SZ,2026-05-25 13:24:00,8.82,8.82,8.81,8.81,18200,160456.0
000561.SZ,2026-05-25 13:25:00,8.81,8.81,8.8,8.81,98400,866901.0
000561.SZ,2026-05-25 13:26:00,8.8,8.81,8.8,8.81,30500,268464.0
000561.SZ,2026-05-25 13:27:00,8.8,8.81,8.8,8.81,49000,431666.0
000561.SZ,2026-05-25 13:28:00,8.8,8.81,8.8,8.8,38400,337985.0
000561.SZ,2026-05-25 13:29:00,8.81,8.81,8.79,8.8,111000,976727.0
000561.SZ,2026-05-25 13:30:00,8.79,8.8,8.79,8.8,24700,217229.0
000561.SZ,2026-05-25 13:31:00,8.8,8.8,8.79,8.8,25700,226158.0
000561.SZ,2026-05-25 13:32:00,8.79,8.8,8.78,8.79,54900,482728.0
000561.SZ,2026-05-25 13:33:00,8.79,8.79,8.78,8.78,13700,120421.0
000561.SZ,2026-05-25 13:34:00,8.79,8.79,8.77,8.77,105700,927640.0
000561.SZ,2026-05-25 13:35:00,8.77,8.78,8.77,8.77,41800,366619.0
000561.SZ,2026-05-25 13:36:00,8.78,8.78,8.77,8.77,51700,453741.0
000561.SZ,2026-05-25 13:37:00,8.78,8.78,8.77,8.77,13000,114047.0
000561.SZ,2026-05-25 13:38:00,8.77,8.77,8.76,8.77,48000,420890.0
000561.SZ,2026-05-25 13:39:00,8.77,8.78,8.77,8.78,15400,135096.0
000561.SZ,2026-05-25 13:40:00,8.78,8.78,8.76,8.77,39100,342931.0
000561.SZ,2026-05-25 13:41:00,8.77,8.77,8.76,8.77,33500,293782.0
000561.SZ,2026-05-25 13:42:00,8.77,8.77,8.76,8.76,17200,150716.0
000561.SZ,2026-05-25 13:43:00,8.76,8.76,8.75,8.75,62000,543088.0
000561.SZ,2026-05-25 13:44:00,8.75,8.75,8.72,8.72,106100,927016.0
000561.SZ,2026-05-25 13:45:00,8.73,8.73,8.72,8.73,55600,484980.0
000561.SZ,2026-05-25 13:46:00,8.72,8.74,8.72,8.73,78000,681136.0
000561.SZ,2026-05-25 13:47:00,8.73,8.74,8.73,8.74,37800,330019.0
000561.SZ,2026-05-25 13:48:00,8.73,8.74,8.73,8.73,54000,471474.0
000561.SZ,2026-05-25 13:49:00,8.74,8.74,8.73,8.73,29400,256669.0
000561.SZ,2026-05-25 13:50:00,8.74,8.74,8.73,8.73,64700,565042.0
000561.SZ,2026-05-25 13:51:00,8.74,8.74,8.73,8.73,41600,363459.0
000561.SZ,2026-05-25 13:52:00,8.73,8.73,8.71,8.72,116000,1011791.0
000561.SZ,2026-05-25 13:53:00,8.72,8.74,8.72,8.73,59100,515689.0
000561.SZ,2026-05-25 13:54:00,8.73,8.73,8.73,8.73,59800,522054.0
000561.SZ,2026-05-25 13:55:00,8.73,8.74,8.73,8.74,16300,142447.0
000561.SZ,2026-05-25 13:56:00,8.74,8.74,8.74,8.74,43000,375820.0
000561.SZ,2026-05-25 13:57:00,8.75,8.75,8.74,8.75,41800,365743.0
000561.SZ,2026-05-25 13:58:00,8.75,8.75,8.74,8.75,21100,184618.0
000561.SZ,2026-05-25 13:59:00,8.76,8.76,8.74,8.74,9600,84010.0
000561.SZ,2026-05-25 14:00:00,8.75,8.75,8.73,8.74,49300,430952.0
000561.SZ,2026-05-25 14:01:00,8.74,8.75,8.73,8.75,48700,425587.0
000561.SZ,2026-05-25 14:02:00,8.76,8.76,8.74,8.75,19900,174118.0
000561.SZ,2026-05-25 14:03:00,8.75,8.75,8.74,8.75,48600,425045.0
000561.SZ,2026-05-25 14:04:00,8.75,8.77,8.75,8.77,51600,451865.0
000561.SZ,2026-05-25 14:05:00,8.77,8.77,8.76,8.76,57700,505532.0
000561.SZ,2026-05-25 14:06:00,8.76,8.76,8.76,8.76,35600,311836.0
000561.SZ,2026-05-25 14:07:00,8.75,8.76,8.75,8.76,28600,250351.0
000561.SZ,2026-05-25 14:08:00,8.76,8.76,8.75,8.75,69400,607543.0
000561.SZ,2026-05-25 14:09:00,8.75,8.76,8.75,8.76,31000,271506.0
000561.SZ,2026-05-25 14:10:00,8.76,8.77,8.75,8.77,69300,606918.0
000561.SZ,2026-05-25 14:11:00,8.77,8.79,8.77,8.78,51000,447759.0
000561.SZ,2026-05-25 14:12:00,8.78,8.78,8.76,8.76,39500,346492.0
000561.SZ,2026-05-25 14:13:00,8.76,8.77,8.76,8.76,34600,303106.0
000561.SZ,2026-05-25 14:14:00,8.77,8.77,8.76,8.76,21500,188362.0
000561.SZ,2026-05-25 14:15:00,8.75,8.76,8.75,8.76,20200,176830.0
000561.SZ,2026-05-25 14:16:00,8.76,8.76,8.76,8.76,24900,218123.0
000561.SZ,2026-05-25 14:17:00,8.76,8.76,8.76,8.76,11500,100740.0
000561.SZ,2026-05-25 14:18:00,8.77,8.77,8.75,8.76,15700,137482.0
000561.SZ,2026-05-25 14:19:00,8.75,8.76,8.75,8.75,15400,134845.0
000561.SZ,2026-05-25 14:20:00,8.76,8.76,8.76,8.76,26500,232140.0
000561.SZ,2026-05-25 14:21:00,8.76,8.77,8.76,8.76,25000,219097.0
000561.SZ,2026-05-25 14:22:00,8.76,8.76,8.75,8.75,30900,270498.0
000561.SZ,2026-05-25 14:23:00,8.76,8.77,8.76,8.76,8200,71833.0
000561.SZ,2026-05-25 14:24:00,8.75,8.77,8.75,8.76,110558,967993.5
000561.SZ,2026-05-25 14:25:00,8.76,8.77,8.76,8.76,6800,59552.0
000561.SZ,2026-05-25 14:26:00,8.77,8.77,8.77,8.77,40000,350793.0
000561.SZ,2026-05-25 14:27:00,8.78,8.79,8.78,8.78,22500,197585.0
000561.SZ,2026-05-25 14:28:00,8.78,8.8,8.78,8.8,12300,108104.0
000561.SZ,2026-05-25 14:29:00,8.8,8.81,8.79,8.81,59200,520931.0
000561.SZ,2026-05-25 14:30:00,8.81,8.81,8.79,8.8,12100,106477.0
000561.SZ,2026-05-25 14:31:00,8.8,8.8,8.79,8.79,20900,183871.0
000561.SZ,2026-05-25 14:32:00,8.8,8.8,8.79,8.79,15900,139826.0
000561.SZ,2026-05-25 14:33:00,8.79,8.8,8.79,8.8,17900,157344.0
000561.SZ,2026-05-25 14:34:00,8.79,8.8,8.79,8.79,15300,134515.0
000561.SZ,2026-05-25 14:35:00,8.8,8.81,8.79,8.79,45500,400243.0
000561.SZ,2026-05-25 14:36:00,8.8,8.8,8.79,8.8,12600,110854.0
000561.SZ,2026-05-25 14:37:00,8.8,8.8,8.79,8.79,19500,171539.0
000561.SZ,2026-05-25 14:38:00,8.79,8.8,8.79,8.79,22600,198794.0
000561.SZ,2026-05-25 14:39:00,8.79,8.8,8.79,8.79,9400,82702.0
000561.SZ,2026-05-25 14:40:00,8.79,8.8,8.79,8.8,8200,72143.0
000561.SZ,2026-05-25 14:41:00,8.79,8.8,8.79,8.8,48500,426341.0
000561.SZ,2026-05-25 14:42:00,8.8,8.8,8.79,8.8,43700,384383.0
000561.SZ,2026-05-25 14:43:00,8.8,8.81,8.79,8.8,18500,162771.0
000561.SZ,2026-05-25 14:44:00,8.8,8.8,8.79,8.79,26700,234743.0
000561.SZ,2026-05-25 14:45:00,8.8,8.8,8.79,8.8,24600,216451.0
000561.SZ,2026-05-25 14:46:00,8.79,8.79,8.79,8.79,24600,216234.0
000561.SZ,2026-05-25 14:47:00,8.78,8.79,8.78,8.79,43200,379720.0
000561.SZ,2026-05-25 14:48:00,8.79,8.79,8.78,8.79,28300,248571.0
000561.SZ,2026-05-25 14:49:00,8.78,8.79,8.78,8.78,55500,487550.0
000561.SZ,2026-05-25 14:50:00,8.79,8.79,8.77,8.79,51400,451336.0
000561.SZ,2026-05-25 14:51:00,8.79,8.79,8.78,8.78,108000,948361.0
000561.SZ,2026-05-25 14:52:00,8.8,8.8,8.78,8.79,106600,936970.0
000561.SZ,2026-05-25 14:53:00,8.78,8.79,8.78,8.78,29100,255535.0
000561.SZ,2026-05-25 14:54:00,8.78,8.79,8.78,8.78,45800,402513.0
000561.SZ,2026-05-25 14:55:00,8.79,8.79,8.78,8.79,56000,492025.0
000561.SZ,2026-05-25 14:56:00,8.78,8.79,8.77,8.79,135811,1192306.6
000561.SZ,2026-05-25 14:57:00,8.79,8.8,8.78,8.78,65000,571230.0
000561.SZ,2026-05-25 14:58:00,8.78,8.78,8.78,8.78,0,0.0
000561.SZ,2026-05-25 14:59:00,8.78,8.78,8.78,8.78,0,0.0
000561.SZ,2026-05-25 15:00:00,8.8,8.8,8.8,8.8,87900,773520.0
000561.SZ,2026-05-26 09:30:00,8.81,8.83,8.81,8.81,70000,616702.0
000561.SZ,2026-05-26 09:31:00,8.8,8.84,8.7,8.7,158100,1384686.0
000561.SZ,2026-05-26 09:32:00,8.7,8.7,8.62,8.63,170600,1475735.0
000561.SZ,2026-05-26 09:33:00,8.63,8.66,8.61,8.65,151800,1310543.0
000561.SZ,2026-05-26 09:34:00,8.65,8.65,8.63,8.64,126771,1094872.8
000561.SZ,2026-05-26 09:35:00,8.64,8.65,8.63,8.64,100900,871568.0
000561.SZ,2026-05-26 09:36:00,8.64,8.68,8.64,8.66,81200,702821.0
000561.SZ,2026-05-26 09:37:00,8.65,8.65,8.63,8.63,69700,602394.0
000561.SZ,2026-05-26 09:38:00,8.64,8.68,8.64,8.66,73400,635699.0
000561.SZ,2026-05-26 09:39:00,8.68,8.68,8.63,8.63,56400,487548.0
000561.SZ,2026-05-26 09:40:00,8.64,8.65,8.62,8.63,92800,801346.0
000561.SZ,2026-05-26 09:41:00,8.62,8.63,8.59,8.6,315700,2717416.0
000561.SZ,2026-05-26 09:42:00,8.61,8.61,8.6,8.6,74900,644600.0
000561.SZ,2026-05-26 09:43:00,8.6,8.62,8.59,8.61,153900,1324112.0
000561.SZ,2026-05-26 09:44:00,8.61,8.61,8.59,8.59,93300,801889.0
000561.SZ,2026-05-26 09:45:00,8.59,8.6,8.58,8.59,142700,1225844.0
000561.SZ,2026-05-26 09:46:00,8.58,8.59,8.57,8.58,224600,1927098.0
000561.SZ,2026-05-26 09:47:00,8.58,8.6,8.58,8.59,62400,535687.0
000561.SZ,2026-05-26 09:48:00,8.59,8.6,8.56,8.57,139100,1193394.0
000561.SZ,2026-05-26 09:49:00,8.57,8.57,8.53,8.54,286100,2444804.0
000561.SZ,2026-05-26 09:50:00,8.54,8.55,8.53,8.53,282700,2412479.0
000561.SZ,2026-05-26 09:51:00,8.53,8.54,8.52,8.54,78200,666973.0
000561.SZ,2026-05-26 09:52:00,8.53,8.53,8.51,8.51,222900,1898917.0
000561.SZ,2026-05-26 09:53:00,8.51,8.52,8.5,8.51,150100,1277430.0
000561.SZ,2026-05-26 09:54:00,8.51,8.51,8.5,8.5,104400,887552.0
000561.SZ,2026-05-26 09:55:00,8.51,8.53,8.5,8.53,154900,1319288.0
000561.SZ,2026-05-26 09:56:00,8.53,8.54,8.53,8.54,9600,81966.0
000561.SZ,2026-05-26 09:57:00,8.54,8.54,8.53,8.53,58000,495232.0
000561.SZ,2026-05-26 09:58:00,8.54,8.54,8.52,8.52,89400,762370.0
000561.SZ,2026-05-26 09:59:00,8.52,8.53,8.52,8.52,110800,944324.0
000561.SZ,2026-05-26 10:00:00,8.52,8.54,8.52,8.53,52000,443227.0
000561.SZ,2026-05-26 10:01:00,8.52,8.53,8.51,8.52,74000,630414.0
000561.SZ,2026-05-26 10:02:00,8.52,8.52,8.51,8.51,42000,357816.0
000561.SZ,2026-05-26 10:03:00,8.52,8.52,8.48,8.48,297200,2527032.0
000561.SZ,2026-05-26 10:04:00,8.48,8.52,8.48,8.51,204000,1733936.0
000561.SZ,2026-05-26 10:05:00,8.51,8.51,8.5,8.5,74300,631846.0
000561.SZ,2026-05-26 10:06:00,8.5,8.5,8.49,8.49,63000,535095.0
000561.SZ,2026-05-26 10:07:00,8.5,8.51,8.49,8.5,57900,491997.0
000561.SZ,2026-05-26 10:08:00,8.51,8.53,8.5,8.53,95200,810417.0
000561.SZ,2026-05-26 10:09:00,8.52,8.54,8.52,8.54,45300,386671.0
000561.SZ,2026-05-26 10:10:00,8.55,8.56,8.54,8.54,76900,657441.0
000561.SZ,2026-05-26 10:11:00,8.55,8.55,8.54,8.55,41000,350320.0
000561.SZ,2026-05-26 10:12:00,8.55,8.55,8.54,8.55,59200,505922.0
000561.SZ,2026-05-26 10:13:00,8.55,8.55,8.54,8.55,13700,117019.0
000561.SZ,2026-05-26 10:14:00,8.55,8.55,8.54,8.54,56300,481159.0
000561.SZ,2026-05-26 10:15:00,8.54,8.55,8.53,8.53,41000,350293.0
000561.SZ,2026-05-26 10:16:00,8.53,8.55,8.53,8.55,43800,374158.0
000561.SZ,2026-05-26 10:17:00,8.55,8.55,8.54,8.54,16500,140981.0
000561.SZ,2026-05-26 10:18:00,8.55,8.55,8.54,8.55,45500,388699.0
000561.SZ,2026-05-26 10:19:00,8.54,8.55,8.54,8.54,7800,66632.0
000561.SZ,2026-05-26 10:20:00,8.54,8.55,8.54,8.54,48900,417876.0
000561.SZ,2026-05-26 10:21:00,8.54,8.55,8.53,8.53,49300,420707.0
000561.SZ,2026-05-26 10:22:00,8.54,8.55,8.54,8.54,66700,569631.0
000561.SZ,2026-05-26 10:23:00,8.54,8.54,8.54,8.54,13800,117852.0
000561.SZ,2026-05-26 10:24:00,8.54,8.55,8.54,8.54,40800,348438.0
000561.SZ,2026-05-26 10:25:00,8.54,8.54,8.53,8.53,28400,242272.0
000561.SZ,2026-05-26 10:26:00,8.53,8.53,8.53,8.53,24200,206421.0
000561.SZ,2026-05-26 10:27:00,8.53,8.55,8.53,8.54,110600,944518.0
000561.SZ,2026-05-26 10:28:00,8.54,8.55,8.54,8.54,36100,308377.0
000561.SZ,2026-05-26 10:29:00,8.55,8.55,8.54,8.54,5600,47827.0
000561.SZ,2026-05-26 10:30:00,8.55,8.58,8.55,8.57,23500,201155.0
000561.SZ,2026-05-26 10:31:00,8.58,8.58,8.57,8.57,17300,148288.0
000561.SZ,2026-05-26 10:32:00,8.57,8.58,8.57,8.58,22300,191290.0
000561.SZ,2026-05-26 10:33:00,8.58,8.59,8.56,8.57,27500,235746.0
000561.SZ,2026-05-26 10:34:00,8.56,8.57,8.55,8.55,29700,254169.0
000561.SZ,2026-05-26 10:35:00,8.56,8.57,8.55,8.57,44800,383193.0
000561.SZ,2026-05-26 10:36:00,8.56,8.56,8.56,8.56,10200,87312.0
000561.SZ,2026-05-26 10:37:00,8.56,8.57,8.55,8.57,22100,189178.0
000561.SZ,2026-05-26 10:38:00,8.57,8.57,8.56,8.56,7400,63356.0
000561.SZ,2026-05-26 10:39:00,8.56,8.57,8.56,8.57,24700,211452.0
000561.SZ,2026-05-26 10:40:00,8.56,8.56,8.56,8.56,7500,64200.0
000561.SZ,2026-05-26 10:41:00,8.56,8.57,8.55,8.56,43000,367978.0
000561.SZ,2026-05-26 10:42:00,8.55,8.56,8.55,8.56,5900,50459.0
000561.SZ,2026-05-26 10:43:00,8.56,8.56,8.55,8.56,25800,220702.0
000561.SZ,2026-05-26 10:44:00,8.55,8.56,8.54,8.55,34100,291542.0
000561.SZ,2026-05-26 10:45:00,8.54,8.55,8.54,8.55,25700,219612.0
000561.SZ,2026-05-26 10:46:00,8.55,8.55,8.54,8.54,5900,50397.0
000561.SZ,2026-05-26 10:47:00,8.55,8.55,8.54,8.55,80800,689120.0
000561.SZ,2026-05-26 10:48:00,8.54,8.54,8.54,8.54,28200,240828.0
000561.SZ,2026-05-26 10:49:00,8.53,8.54,8.53,8.53,23100,197055.0
000561.SZ,2026-05-26 10:50:00,8.53,8.53,8.53,8.53,8900,75928.0
000561.SZ,2026-05-26 10:51:00,8.53,8.54,8.52,8.53,20200,172309.0
000561.SZ,2026-05-26 10:52:00,8.54,8.54,8.53,8.53,9700,82776.0
000561.SZ,2026-05-26 10:53:00,8.53,8.54,8.53,8.54,25600,218440.0
000561.SZ,2026-05-26 10:54:00,8.53,8.54,8.53,8.53,7200,61429.0
000561.SZ,2026-05-26 10:55:00,8.53,8.54,8.53,8.54,4800,40970.0
000561.SZ,2026-05-26 10:56:00,8.53,8.53,8.53,8.53,19600,167188.0
000561.SZ,2026-05-26 10:57:00,8.53,8.53,8.52,8.52,5900,50319.0
000561.SZ,2026-05-26 10:58:00,8.53,8.53,8.52,8.52,115400,983217.0
000561.SZ,2026-05-26 10:59:00,8.53,8.53,8.51,8.51,20900,178081.0
000561.SZ,2026-05-26 11:00:00,8.52,8.52,8.51,8.52,5500,46841.0
000561.SZ,2026-05-26 11:01:00,8.52,8.52,8.51,8.52,21300,181332.0
000561.SZ,2026-05-26 11:02:00,8.51,8.51,8.5,8.5,57300,487462.0
000561.SZ,2026-05-26 11:03:00,8.5,8.5,8.49,8.5,90800,771694.0
000561.SZ,2026-05-26 11:04:00,8.5,8.5,8.48,8.48,88100,747287.0
000561.SZ,2026-05-26 11:05:00,8.48,8.49,8.48,8.48,26200,222286.0
000561.SZ,2026-05-26 11:06:00,8.48,8.48,8.48,8.48,59800,507104.0
000561.SZ,2026-05-26 11:07:00,8.48,8.49,8.47,8.48,191800,1626553.0
000561.SZ,2026-05-26 11:08:00,8.49,8.5,8.48,8.48,11600,98518.0
000561.SZ,2026-05-26 11:09:00,8.48,8.49,8.48,8.48,13000,110295.0
000561.SZ,2026-05-26 11:10:00,8.48,8.5,8.48,8.5,19500,165662.0
000561.SZ,2026-05-26 11:11:00,8.49,8.5,8.49,8.5,14300,121433.0
000561.SZ,2026-05-26 11:12:00,8.49,8.5,8.48,8.49,24300,206303.0
000561.SZ,2026-05-26 11:13:00,8.49,8.49,8.48,8.48,11300,95903.0
000561.SZ,2026-05-26 11:14:00,8.48,8.49,8.48,8.49,10300,87439.0
000561.SZ,2026-05-26 11:15:00,8.49,8.49,8.48,8.49,36700,311547.0
000561.SZ,2026-05-26 11:16:00,8.48,8.49,8.48,8.48,5200,44100.0
000561.SZ,2026-05-26 11:17:00,8.48,8.5,8.48,8.5,41000,347958.0
000561.SZ,2026-05-26 11:18:00,8.49,8.5,8.48,8.48,105300,893226.0
000561.SZ,2026-05-26 11:19:00,8.49,8.49,8.48,8.49,18200,154446.0
000561.SZ,2026-05-26 11:20:00,8.49,8.5,8.49,8.5,10300,87462.0
000561.SZ,2026-05-26 11:21:00,8.49,8.5,8.48,8.49,34400,292059.0
000561.SZ,2026-05-26 11:22:00,8.49,8.5,8.49,8.5,120900,1026482.0
000561.SZ,2026-05-26 11:23:00,8.5,8.51,8.5,8.51,44300,376589.0
000561.SZ,2026-05-26 11:24:00,8.51,8.51,8.5,8.5,25900,220391.0
000561.SZ,2026-05-26 11:25:00,8.5,8.5,8.5,8.5,7200,61200.0
000561.SZ,2026-05-26 11:26:00,8.5,8.5,8.49,8.49,2700,22945.0
000561.SZ,2026-05-26 11:27:00,8.5,8.5,8.5,8.5,8400,71400.0
000561.SZ,2026-05-26 11:28:00,8.5,8.5,8.49,8.5,5400,45874.0
000561.SZ,2026-05-26 11:29:00,8.49,8.5,8.49,8.5,17600,149597.0
000561.SZ,2026-05-26 11:30:00,8.5,8.5,8.49,8.5,36610,311116.0
000561.SZ,2026-05-26 13:01:00,8.5,8.51,8.5,8.5,59100,502571.0
000561.SZ,2026-05-26 13:02:00,8.5,8.52,8.5,8.51,27300,232359.0
000561.SZ,2026-05-26 13:03:00,8.52,8.53,8.52,8.53,22400,190918.0
000561.SZ,2026-05-26 13:04:00,8.53,8.53,8.52,8.53,23400,199413.0
000561.SZ,2026-05-26 13:05:00,8.54,8.54,8.53,8.53,10400,88713.0
000561.SZ,2026-05-26 13:06:00,8.53,8.53,8.52,8.53,13600,115902.0
000561.SZ,2026-05-26 13:07:00,8.52,8.52,8.52,8.52,10700,91166.0
000561.SZ,2026-05-26 13:08:00,8.51,8.52,8.5,8.52,74400,633652.0
000561.SZ,2026-05-26 13:09:00,8.52,8.54,8.52,8.53,31300,266915.0
000561.SZ,2026-05-26 13:10:00,8.53,8.54,8.53,8.53,7500,63987.0
000561.SZ,2026-05-26 13:11:00,8.53,8.54,8.53,8.54,10600,90428.0
000561.SZ,2026-05-26 13:12:00,8.53,8.54,8.53,8.54,24800,211777.0
000561.SZ,2026-05-26 13:13:00,8.54,8.54,8.53,8.53,18300,156281.0
000561.SZ,2026-05-26 13:14:00,8.53,8.55,8.53,8.55,41400,353682.0
000561.SZ,2026-05-26 13:15:00,8.55,8.55,8.54,8.55,9500,81163.0
000561.SZ,2026-05-26 13:16:00,8.54,8.55,8.54,8.55,54400,465078.0
000561.SZ,2026-05-26 13:17:00,8.55,8.55,8.54,8.54,51800,442887.0
000561.SZ,2026-05-26 13:18:00,8.54,8.54,8.54,8.54,24400,208377.0
000561.SZ,2026-05-26 13:19:00,8.54,8.55,8.53,8.54,14000,119597.0
000561.SZ,2026-05-26 13:20:00,8.53,8.53,8.53,8.53,10700,91272.0
000561.SZ,2026-05-26 13:21:00,8.53,8.54,8.52,8.53,30000,255730.0
000561.SZ,2026-05-26 13:22:00,8.53,8.53,8.52,8.52,20300,172982.0
000561.SZ,2026-05-26 13:23:00,8.52,8.52,8.5,8.5,22200,189025.0
000561.SZ,2026-05-26 13:24:00,8.5,8.51,8.5,8.5,17900,152255.0
000561.SZ,2026-05-26 13:25:00,8.5,8.51,8.5,8.51,17800,151413.0
000561.SZ,2026-05-26 13:26:00,8.51,8.51,8.5,8.51,33300,283070.0
000561.SZ,2026-05-26 13:27:00,8.5,8.51,8.5,8.5,9800,83325.0
000561.SZ,2026-05-26 13:28:00,8.5,8.51,8.5,8.5,12200,103750.0
000561.SZ,2026-05-26 13:29:00,8.5,8.51,8.5,8.51,5500,46752.0
000561.SZ,2026-05-26 13:30:00,8.5,8.51,8.5,8.5,14300,121595.0
000561.SZ,2026-05-26 13:31:00,8.51,8.53,8.51,8.52,80800,687679.0
000561.SZ,2026-05-26 13:32:00,8.52,8.52,8.52,8.52,70300,598336.0
000561.SZ,2026-05-26 13:33:00,8.52,8.53,8.52,8.53,105700,900588.0
000561.SZ,2026-05-26 13:34:00,8.53,8.53,8.52,8.52,9100,77576.0
000561.SZ,2026-05-26 13:35:00,8.52,8.53,8.51,8.52,23900,203663.0
000561.SZ,2026-05-26 13:36:00,8.52,8.52,8.5,8.5,15200,129405.0
000561.SZ,2026-05-26 13:37:00,8.51,8.51,8.5,8.51,54100,459990.0
000561.SZ,2026-05-26 13:38:00,8.51,8.52,8.51,8.51,52400,446405.0
000561.SZ,2026-05-26 13:39:00,8.51,8.52,8.51,8.52,18700,159263.0
000561.SZ,2026-05-26 13:40:00,8.51,8.52,8.51,8.52,38900,331136.0
000561.SZ,2026-05-26 13:41:00,8.53,8.53,8.51,8.51,9300,79197.0
000561.SZ,2026-05-26 13:42:00,8.5,8.5,8.5,8.5,3400,28910.0
000561.SZ,2026-05-26 13:43:00,8.5,8.5,8.49,8.5,35400,300861.0
000561.SZ,2026-05-26 13:44:00,8.5,8.51,8.5,8.5,17300,147054.0
000561.SZ,2026-05-26 13:45:00,8.5,8.5,8.49,8.49,24600,208972.0
000561.SZ,2026-05-26 13:46:00,8.49,8.49,8.48,8.48,59600,505973.0
000561.SZ,2026-05-26 13:47:00,8.5,8.5,8.48,8.49,3200,27168.0
000561.SZ,2026-05-26 13:48:00,8.49,8.49,8.48,8.48,9200,78102.0
000561.SZ,2026-05-26 13:49:00,8.49,8.49,8.48,8.48,10600,89934.0
000561.SZ,2026-05-26 13:50:00,8.49,8.49,8.47,8.47,172100,1459418.0
000561.SZ,2026-05-26 13:51:00,8.48,8.48,8.46,8.47,116800,989078.0
000561.SZ,2026-05-26 13:52:00,8.46,8.47,8.46,8.46,6000,50787.0
000561.SZ,2026-05-26 13:53:00,8.46,8.46,8.45,8.46,42200,356834.0
000561.SZ,2026-05-26 13:54:00,8.46,8.46,8.45,8.46,12800,108271.0
000561.SZ,2026-05-26 13:55:00,8.45,8.46,8.45,8.46,6300,53253.0
000561.SZ,2026-05-26 13:56:00,8.46,8.46,8.45,8.46,21000,177523.0
000561.SZ,2026-05-26 13:57:00,8.46,8.46,8.45,8.46,30800,260433.0
000561.SZ,2026-05-26 13:58:00,8.45,8.46,8.45,8.46,15200,128526.0
000561.SZ,2026-05-26 13:59:00,8.45,8.46,8.45,8.46,6500,54985.0
000561.SZ,2026-05-26 14:00:00,8.46,8.47,8.45,8.46,40200,340046.0
000561.SZ,2026-05-26 14:01:00,8.46,8.46,8.45,8.46,4400,37208.0
000561.SZ,2026-05-26 14:02:00,8.46,8.46,8.45,8.46,71500,604775.0
000561.SZ,2026-05-26 14:03:00,8.45,8.47,8.45,8.46,17338,146702.1
000561.SZ,2026-05-26 14:04:00,8.46,8.46,8.44,8.44,124662,1053192.9
000561.SZ,2026-05-26 14:05:00,8.44,8.44,8.43,8.43,2600,21929.0
000561.SZ,2026-05-26 14:06:00,8.43,8.43,8.41,8.43,86900,731646.0
000561.SZ,2026-05-26 14:07:00,8.43,8.43,8.42,8.43,20400,171783.0
000561.SZ,2026-05-26 14:08:00,8.43,8.44,8.43,8.44,12700,107117.0
000561.SZ,2026-05-26 14:09:00,8.44,8.44,8.43,8.44,8600,72580.0
000561.SZ,2026-05-26 14:10:00,8.44,8.46,8.44,8.45,30400,256669.0
000561.SZ,2026-05-26 14:11:00,8.46,8.47,8.45,8.46,14800,125160.0
000561.SZ,2026-05-26 14:12:00,8.46,8.47,8.46,8.47,53400,452250.0
000561.SZ,2026-05-26 14:13:00,8.48,8.48,8.46,8.47,41400,350578.0
000561.SZ,2026-05-26 14:14:00,8.48,8.49,8.47,8.49,41200,349513.0
000561.SZ,2026-05-26 14:15:00,8.5,8.5,8.49,8.5,11300,96041.0
000561.SZ,2026-05-26 14:16:00,8.5,8.5,8.49,8.49,20400,173225.0
000561.SZ,2026-05-26 14:17:00,8.5,8.5,8.5,8.5,21300,181050.0
000561.SZ,2026-05-26 14:18:00,8.5,8.51,8.5,8.5,23300,198080.0
000561.SZ,2026-05-26 14:19:00,8.5,8.5,8.49,8.5,35500,301739.0
000561.SZ,2026-05-26 14:20:00,8.5,8.5,8.49,8.5,26900,228398.0
000561.SZ,2026-05-26 14:21:00,8.49,8.49,8.48,8.49,41700,354032.0
000561.SZ,2026-05-26 14:22:00,8.49,8.5,8.49,8.5,8600,73016.0
000561.SZ,2026-05-26 14:23:00,8.49,8.5,8.49,8.5,5100,43330.0
000561.SZ,2026-05-26 14:24:00,8.49,8.5,8.49,8.49,82900,704543.0
000561.SZ,2026-05-26 14:25:00,8.5,8.51,8.5,8.51,16400,139402.0
000561.SZ,2026-05-26 14:26:00,8.51,8.54,8.51,8.54,137800,1173281.0
000561.SZ,2026-05-26 14:27:00,8.53,8.54,8.53,8.53,25400,216855.0
000561.SZ,2026-05-26 14:28:00,8.52,8.53,8.52,8.53,14300,121956.0
000561.SZ,2026-05-26 14:29:00,8.53,8.53,8.52,8.52,5500,46891.0
000561.SZ,2026-05-26 14:30:00,8.52,8.53,8.52,8.53,69500,592156.0
000561.SZ,2026-05-26 14:31:00,8.53,8.54,8.53,8.54,39200,334650.0
000561.SZ,2026-05-26 14:32:00,8.55,8.55,8.54,8.55,9900,84636.0
000561.SZ,2026-05-26 14:33:00,8.55,8.56,8.54,8.56,37800,323187.0
000561.SZ,2026-05-26 14:34:00,8.55,8.56,8.55,8.56,26300,225038.0
000561.SZ,2026-05-26 14:35:00,8.56,8.56,8.55,8.55,35800,306433.0
000561.SZ,2026-05-26 14:36:00,8.55,8.56,8.55,8.56,57300,490240.0
000561.SZ,2026-05-26 14:37:00,8.56,8.57,8.56,8.56,23100,197749.0
000561.SZ,2026-05-26 14:38:00,8.56,8.57,8.56,8.56,8800,75355.0
000561.SZ,2026-05-26 14:39:00,8.56,8.57,8.56,8.56,38300,327999.0
000561.SZ,2026-05-26 14:40:00,8.56,8.56,8.56,8.56,20900,178904.0
000561.SZ,2026-05-26 14:41:00,8.56,8.57,8.56,8.56,10400,89027.0
000561.SZ,2026-05-26 14:42:00,8.57,8.57,8.56,8.57,13700,117403.0
000561.SZ,2026-05-26 14:43:00,8.58,8.58,8.57,8.58,45200,387510.0
000561.SZ,2026-05-26 14:44:00,8.58,8.58,8.57,8.58,17000,145834.0
000561.SZ,2026-05-26 14:45:00,8.58,8.58,8.57,8.57,53500,458501.0
000561.SZ,2026-05-26 14:46:00,8.57,8.58,8.57,8.57,23200,198850.0
000561.SZ,2026-05-26 14:47:00,8.57,8.58,8.57,8.58,16200,138864.0
000561.SZ,2026-05-26 14:48:00,8.58,8.58,8.57,8.57,67400,577636.0
000561.SZ,2026-05-26 14:49:00,8.58,8.58,8.56,8.57,9900,84850.0
000561.SZ,2026-05-26 14:50:00,8.56,8.57,8.56,8.56,96100,822686.0
000561.SZ,2026-05-26 14:51:00,8.56,8.58,8.56,8.58,43500,372938.0
000561.SZ,2026-05-26 14:52:00,8.58,8.58,8.57,8.57,52600,450876.0
000561.SZ,2026-05-26 14:53:00,8.58,8.58,8.57,8.57,49100,421032.0
000561.SZ,2026-05-26 14:54:00,8.58,8.58,8.57,8.57,15100,129448.0
000561.SZ,2026-05-26 14:55:00,8.58,8.59,8.57,8.59,117400,1007285.0
000561.SZ,2026-05-26 14:56:00,8.59,8.59,8.58,8.59,54400,467053.0
000561.SZ,2026-05-26 14:57:00,8.58,8.59,8.58,8.59,30900,265260.0
000561.SZ,2026-05-26 14:58:00,8.59,8.59,8.59,8.59,0,0.0
000561.SZ,2026-05-26 14:59:00,8.59,8.59,8.59,8.59,0,0.0
000561.SZ,2026-05-26 15:00:00,8.59,8.59,8.59,8.59,66300,569517.0
000561.SZ,2026-05-27 09:30:00,8.6,8.6,8.58,8.6,35500,305271.0
000561.SZ,2026-05-27 09:31:00,8.6,8.63,8.6,8.61,141300,1215482.0
000561.SZ,2026-05-27 09:32:00,8.62,8.66,8.62,8.66,170200,1470822.0
000561.SZ,2026-05-27 09:33:00,8.65,8.67,8.65,8.66,115100,996566.0
000561.SZ,2026-05-27 09:34:00,8.66,8.67,8.66,8.66,86900,752791.0
000561.SZ,2026-05-27 09:35:00,8.67,8.67,8.66,8.67,75300,652603.0
000561.SZ,2026-05-27 09:36:00,8.67,8.67,8.64,8.64,76100,659007.0
000561.SZ,2026-05-27 09:37:00,8.64,8.65,8.63,8.63,56000,483766.0
000561.SZ,2026-05-27 09:38:00,8.64,8.64,8.61,8.61,103400,891422.0
000561.SZ,2026-05-27 09:39:00,8.6,8.6,8.55,8.56,193000,1656392.0
000561.SZ,2026-05-27 09:40:00,8.56,8.56,8.54,8.55,88900,760690.0
000561.SZ,2026-05-27 09:41:00,8.54,8.55,8.51,8.51,74100,631831.0
000561.SZ,2026-05-27 09:42:00,8.51,8.52,8.49,8.5,126000,1070990.0
000561.SZ,2026-05-27 09:43:00,8.52,8.53,8.51,8.53,101400,864356.0
000561.SZ,2026-05-27 09:44:00,8.55,8.56,8.54,8.56,45700,390584.0
000561.SZ,2026-05-27 09:45:00,8.55,8.57,8.55,8.55,33600,287609.0
000561.SZ,2026-05-27 09:46:00,8.55,8.55,8.54,8.55,40800,348717.0
000561.SZ,2026-05-27 09:47:00,8.54,8.55,8.54,8.54,29100,248600.0
000561.SZ,2026-05-27 09:48:00,8.53,8.55,8.53,8.55,25200,215263.0
000561.SZ,2026-05-27 09:49:00,8.54,8.58,8.54,8.58,93000,795666.0
000561.SZ,2026-05-27 09:50:00,8.58,8.59,8.57,8.57,35800,306944.0
000561.SZ,2026-05-27 09:51:00,8.57,8.58,8.56,8.57,141200,1210038.0
000561.SZ,2026-05-27 09:52:00,8.57,8.57,8.53,8.54,30600,261787.0
000561.SZ,2026-05-27 09:53:00,8.54,8.57,8.54,8.55,90000,769619.0
000561.SZ,2026-05-27 09:54:00,8.55,8.56,8.54,8.54,11500,98308.0
000561.SZ,2026-05-27 09:55:00,8.54,8.55,8.53,8.55,33100,282492.0
000561.SZ,2026-05-27 09:56:00,8.55,8.56,8.55,8.55,47800,409114.0
000561.SZ,2026-05-27 09:57:00,8.56,8.57,8.56,8.57,83700,716553.0
000561.SZ,2026-05-27 09:58:00,8.56,8.58,8.56,8.57,63500,543925.0
000561.SZ,2026-05-27 09:59:00,8.57,8.57,8.56,8.56,76500,654947.0
000561.SZ,2026-05-27 10:00:00,8.55,8.56,8.54,8.54,10400,88894.0
000561.SZ,2026-05-27 10:01:00,8.53,8.54,8.52,8.53,33900,288963.0
000561.SZ,2026-05-27 10:02:00,8.53,8.53,8.51,8.51,67000,570820.0
000561.SZ,2026-05-27 10:03:00,8.51,8.51,8.5,8.51,65600,557696.0
000561.SZ,2026-05-27 10:04:00,8.51,8.53,8.5,8.53,23800,202635.0
000561.SZ,2026-05-27 10:05:00,8.51,8.52,8.51,8.52,30100,256277.0
000561.SZ,2026-05-27 10:06:00,8.51,8.52,8.5,8.51,35900,305390.0
000561.SZ,2026-05-27 10:07:00,8.5,8.52,8.5,8.5,120500,1024905.0
000561.SZ,2026-05-27 10:08:00,8.51,8.52,8.5,8.52,52400,445429.0
000561.SZ,2026-05-27 10:09:00,8.51,8.52,8.5,8.51,16100,137013.0
000561.SZ,2026-05-27 10:10:00,8.5,8.52,8.5,8.5,90500,769688.0
000561.SZ,2026-05-27 10:11:00,8.51,8.51,8.5,8.5,27300,232078.0
000561.SZ,2026-05-27 10:12:00,8.51,8.51,8.5,8.5,9800,83310.0
000561.SZ,2026-05-27 10:13:00,8.5,8.51,8.5,8.51,24800,210824.0
000561.SZ,2026-05-27 10:14:00,8.51,8.51,8.48,8.49,43900,372749.0
000561.SZ,2026-05-27 10:15:00,8.48,8.49,8.47,8.48,64500,546911.0
000561.SZ,2026-05-27 10:16:00,8.48,8.5,8.46,8.49,78200,663071.0
000561.SZ,2026-05-27 10:17:00,8.49,8.5,8.48,8.49,10600,89992.0
000561.SZ,2026-05-27 10:18:00,8.49,8.49,8.47,8.48,13800,117024.0
000561.SZ,2026-05-27 10:19:00,8.48,8.48,8.45,8.45,89000,752442.0
000561.SZ,2026-05-27 10:20:00,8.46,8.48,8.45,8.47,69300,586407.0
000561.SZ,2026-05-27 10:21:00,8.47,8.47,8.46,8.47,4200,35567.0
000561.SZ,2026-05-27 10:22:00,8.46,8.47,8.46,8.47,16500,139658.0
000561.SZ,2026-05-27 10:23:00,8.47,8.47,8.46,8.46,17300,146503.0
000561.SZ,2026-05-27 10:24:00,8.46,8.48,8.46,8.48,19900,168517.0
000561.SZ,2026-05-27 10:25:00,8.47,8.48,8.47,8.47,31900,270240.0
000561.SZ,2026-05-27 10:26:00,8.47,8.48,8.47,8.47,8000,67769.0
000561.SZ,2026-05-27 10:27:00,8.48,8.49,8.47,8.48,36700,311173.0
000561.SZ,2026-05-27 10:28:00,8.48,8.49,8.47,8.49,62300,528384.0
000561.SZ,2026-05-27 10:29:00,8.49,8.5,8.48,8.49,53000,449884.0
000561.SZ,2026-05-27 10:30:00,8.5,8.5,8.49,8.5,13000,110381.0
000561.SZ,2026-05-27 10:31:00,8.49,8.51,8.49,8.51,52500,445955.0
000561.SZ,2026-05-27 10:32:00,8.5,8.5,8.49,8.5,5500,46736.0
000561.SZ,2026-05-27 10:33:00,8.49,8.49,8.47,8.48,11300,95866.0
000561.SZ,2026-05-27 10:34:00,8.48,8.48,8.48,8.48,8700,73774.0
000561.SZ,2026-05-27 10:35:00,8.48,8.5,8.48,8.49,70900,601308.0
000561.SZ,2026-05-27 10:36:00,8.5,8.5,8.48,8.48,18300,155349.0
000561.SZ,2026-05-27 10:37:00,8.48,8.49,8.47,8.48,19400,164494.0
000561.SZ,2026-05-27 10:38:00,8.47,8.48,8.46,8.46,73900,625353.0
000561.SZ,2026-05-27 10:39:00,8.45,8.46,8.45,8.46,106300,898347.0
000561.SZ,2026-05-27 10:40:00,8.46,8.47,8.46,8.47,22400,189424.0
000561.SZ,2026-05-27 10:41:00,8.46,8.47,8.46,8.47,3200,27073.0
000561.SZ,2026-05-27 10:42:00,8.47,8.47,8.45,8.45,11000,92981.0
000561.SZ,2026-05-27 10:43:00,8.46,8.47,8.46,8.47,20500,173530.0
000561.SZ,2026-05-27 10:44:00,8.46,8.47,8.46,8.46,26100,221060.0
000561.SZ,2026-05-27 10:45:00,8.46,8.47,8.45,8.46,13300,112532.0
000561.SZ,2026-05-27 10:46:00,8.45,8.46,8.45,8.45,8400,70996.0
000561.SZ,2026-05-27 10:47:00,8.46,8.46,8.45,8.46,58500,494330.0
000561.SZ,2026-05-27 10:48:00,8.46,8.46,8.45,8.46,14700,124219.0
000561.SZ,2026-05-27 10:49:00,8.45,8.46,8.45,8.45,36700,310117.0
000561.SZ,2026-05-27 10:50:00,8.44,8.45,8.44,8.44,22400,189078.0
000561.SZ,2026-05-27 10:51:00,8.44,8.44,8.43,8.43,40600,342584.0
000561.SZ,2026-05-27 10:52:00,8.44,8.45,8.43,8.44,10000,84348.0
000561.SZ,2026-05-27 10:53:00,8.44,8.44,8.43,8.43,9700,81858.0
000561.SZ,2026-05-27 10:54:00,8.44,8.44,8.43,8.44,26100,220068.0
000561.SZ,2026-05-27 10:55:00,8.43,8.44,8.43,8.44,50200,423409.0
000561.SZ,2026-05-27 10:56:00,8.43,8.45,8.43,8.44,16400,138383.0
000561.SZ,2026-05-27 10:57:00,8.44,8.45,8.44,8.44,18300,154455.0
000561.SZ,2026-05-27 10:58:00,8.44,8.44,8.43,8.43,3100,26149.0
000561.SZ,2026-05-27 10:59:00,8.44,8.44,8.42,8.43,59800,504027.0
000561.SZ,2026-05-27 11:00:00,8.43,8.43,8.42,8.43,28900,243353.0
000561.SZ,2026-05-27 11:01:00,8.42,8.43,8.42,8.42,10100,85043.0
000561.SZ,2026-05-27 11:02:00,8.42,8.42,8.41,8.41,32500,273594.0
000561.SZ,2026-05-27 11:03:00,8.41,8.42,8.41,8.42,115100,968108.0
000561.SZ,2026-05-27 11:04:00,8.41,8.42,8.41,8.41,21700,182579.0
000561.SZ,2026-05-27 11:05:00,8.41,8.42,8.41,8.41,32600,274181.0
000561.SZ,2026-05-27 11:06:00,8.42,8.43,8.41,8.41,139200,1171871.0
000561.SZ,2026-05-27 11:07:00,8.41,8.42,8.4,8.41,27000,226957.0
000561.SZ,2026-05-27 11:08:00,8.41,8.42,8.41,8.41,45600,383507.0
000561.SZ,2026-05-27 11:09:00,8.42,8.43,8.42,8.42,42300,355943.0
000561.SZ,2026-05-27 11:10:00,8.42,8.43,8.42,8.43,32700,275347.0
000561.SZ,2026-05-27 11:11:00,8.42,8.42,8.41,8.41,11100,93367.0
000561.SZ,2026-05-27 11:12:00,8.41,8.42,8.41,8.42,2300,19351.0
000561.SZ,2026-05-27 11:13:00,8.41,8.42,8.41,8.41,5000,42088.0
000561.SZ,2026-05-27 11:14:00,8.41,8.42,8.41,8.42,7400,62238.0
000561.SZ,2026-05-27 11:15:00,8.42,8.42,8.41,8.41,21500,180948.0
000561.SZ,2026-05-27 11:16:00,8.41,8.42,8.4,8.41,37100,311774.0
000561.SZ,2026-05-27 11:17:00,8.41,8.41,8.39,8.39,99700,837248.0
000561.SZ,2026-05-27 11:18:00,8.39,8.4,8.38,8.38,25300,212077.0
000561.SZ,2026-05-27 11:19:00,8.39,8.39,8.37,8.38,45800,383667.0
000561.SZ,2026-05-27 11:20:00,8.38,8.39,8.37,8.38,28100,235506.0
000561.SZ,2026-05-27 11:21:00,8.37,8.38,8.37,8.38,55400,463841.0
000561.SZ,2026-05-27 11:22:00,8.37,8.38,8.36,8.37,35100,293730.0
000561.SZ,2026-05-27 11:23:00,8.36,8.37,8.36,8.36,31800,265871.0
000561.SZ,2026-05-27 11:24:00,8.36,8.36,8.35,8.35,17000,142026.0
000561.SZ,2026-05-27 11:25:00,8.35,8.36,8.35,8.35,39600,330703.0
000561.SZ,2026-05-27 11:26:00,8.35,8.36,8.35,8.36,17500,146136.0
000561.SZ,2026-05-27 11:27:00,8.35,8.36,8.34,8.35,45600,380563.0
000561.SZ,2026-05-27 11:28:00,8.35,8.36,8.34,8.35,38000,317153.0
000561.SZ,2026-05-27 11:29:00,8.35,8.36,8.35,8.36,87500,730675.0
000561.SZ,2026-05-27 11:30:00,8.36,8.36,8.35,8.35,13800,115358.0
000561.SZ,2026-05-27 13:01:00,8.35,8.36,8.34,8.35,175400,1465407.0
000561.SZ,2026-05-27 13:02:00,8.34,8.35,8.34,8.34,8000,66721.0
000561.SZ,2026-05-27 13:03:00,8.35,8.35,8.33,8.33,25300,211018.0
000561.SZ,2026-05-27 13:04:00,8.34,8.34,8.32,8.34,54900,457290.0
000561.SZ,2026-05-27 13:05:00,8.34,8.36,8.33,8.36,79100,660329.0
000561.SZ,2026-05-27 13:06:00,8.35,8.36,8.35,8.36,26700,222985.0
000561.SZ,2026-05-27 13:07:00,8.35,8.35,8.34,8.34,79300,661904.0
000561.SZ,2026-05-27 13:08:00,8.35,8.35,8.34,8.35,18700,156126.0
000561.SZ,2026-05-27 13:09:00,8.35,8.35,8.34,8.34,6600,55052.0
000561.SZ,2026-05-27 13:10:00,8.34,8.34,8.34,8.34,12500,104250.0
000561.SZ,2026-05-27 13:11:00,8.34,8.34,8.34,8.34,15100,125935.0
000561.SZ,2026-05-27 13:12:00,8.35,8.35,8.34,8.34,25000,208519.0
000561.SZ,2026-05-27 13:13:00,8.33,8.33,8.31,8.32,144600,1203306.0
000561.SZ,2026-05-27 13:14:00,8.31,8.34,8.31,8.34,38300,319266.0
000561.SZ,2026-05-27 13:15:00,8.32,8.34,8.32,8.33,9100,75809.0
000561.SZ,2026-05-27 13:16:00,8.33,8.33,8.31,8.31,12400,103173.0
000561.SZ,2026-05-27 13:17:00,8.31,8.32,8.31,8.31,15100,125492.0
000561.SZ,2026-05-27 13:18:00,8.32,8.32,8.3,8.31,37900,315008.0
000561.SZ,2026-05-27 13:19:00,8.31,8.32,8.3,8.32,45900,381478.0
000561.SZ,2026-05-27 13:20:00,8.32,8.33,8.31,8.32,9600,79857.0
000561.SZ,2026-05-27 13:21:00,8.33,8.33,8.32,8.32,24800,206346.0
000561.SZ,2026-05-27 13:22:00,8.33,8.33,8.31,8.33,16100,134079.0
000561.SZ,2026-05-27 13:23:00,8.33,8.34,8.32,8.32,7100,59092.0
000561.SZ,2026-05-27 13:24:00,8.34,8.34,8.33,8.33,16800,139988.0
000561.SZ,2026-05-27 13:25:00,8.34,8.35,8.34,8.34,69400,578936.0
000561.SZ,2026-05-27 13:26:00,8.34,8.35,8.34,8.34,14700,122684.0
000561.SZ,2026-05-27 13:27:00,8.35,8.35,8.34,8.34,42900,357997.0
000561.SZ,2026-05-27 13:28:00,8.35,8.36,8.35,8.36,40500,338350.0
000561.SZ,2026-05-27 13:29:00,8.35,8.36,8.34,8.35,25900,216342.0
000561.SZ,2026-05-27 13:30:00,8.35,8.36,8.35,8.35,25700,214826.0
000561.SZ,2026-05-27 13:31:00,8.35,8.35,8.33,8.33,16000,133420.0
000561.SZ,2026-05-27 13:32:00,8.33,8.33,8.32,8.32,25700,213895.0
000561.SZ,2026-05-27 13:33:00,8.32,8.32,8.31,8.32,12700,105663.0
000561.SZ,2026-05-27 13:34:00,8.31,8.32,8.31,8.31,44600,370628.0
000561.SZ,2026-05-27 13:35:00,8.31,8.31,8.29,8.29,204800,1699794.0
000561.SZ,2026-05-27 13:36:00,8.3,8.3,8.28,8.29,15400,127648.0
000561.SZ,2026-05-27 13:37:00,8.29,8.31,8.29,8.31,30000,249021.0
000561.SZ,2026-05-27 13:38:00,8.31,8.31,8.29,8.3,28400,235747.0
000561.SZ,2026-05-27 13:39:00,8.29,8.3,8.29,8.3,26800,222261.0
000561.SZ,2026-05-27 13:40:00,8.29,8.29,8.28,8.29,70500,584385.0
000561.SZ,2026-05-27 13:41:00,8.3,8.3,8.28,8.28,77000,638217.0
000561.SZ,2026-05-27 13:42:00,8.28,8.28,8.26,8.26,80800,667934.0
000561.SZ,2026-05-27 13:43:00,8.27,8.27,8.25,8.25,127800,1054999.0
000561.SZ,2026-05-27 13:44:00,8.25,8.26,8.24,8.25,35500,292919.0
000561.SZ,2026-05-27 13:45:00,8.25,8.26,8.25,8.25,56700,467929.0
000561.SZ,2026-05-27 13:46:00,8.25,8.28,8.24,8.26,197600,1630926.0
000561.SZ,2026-05-27 13:47:00,8.26,8.28,8.26,8.28,5300,43816.0
000561.SZ,2026-05-27 13:48:00,8.28,8.28,8.27,8.28,17200,142305.0
000561.SZ,2026-05-27 13:49:00,8.28,8.28,8.27,8.28,25900,214414.0
000561.SZ,2026-05-27 13:50:00,8.28,8.29,8.27,8.29,58000,480215.0
000561.SZ,2026-05-27 13:51:00,8.29,8.3,8.28,8.29,11400,94492.0
000561.SZ,2026-05-27 13:52:00,8.29,8.3,8.28,8.29,41000,339976.0
000561.SZ,2026-05-27 13:53:00,8.28,8.28,8.26,8.26,86900,718334.0
000561.SZ,2026-05-27 13:54:00,8.26,8.27,8.25,8.25,17900,147796.0
000561.SZ,2026-05-27 13:55:00,8.26,8.27,8.25,8.26,31900,263655.0
000561.SZ,2026-05-27 13:56:00,8.26,8.28,8.26,8.28,14600,120725.0
000561.SZ,2026-05-27 13:57:00,8.28,8.28,8.27,8.27,10500,86838.0
000561.SZ,2026-05-27 13:58:00,8.28,8.29,8.28,8.29,46900,388372.0
000561.SZ,2026-05-27 13:59:00,8.29,8.3,8.29,8.29,14000,116063.0
000561.SZ,2026-05-27 14:00:00,8.29,8.29,8.27,8.27,40300,333641.0
000561.SZ,2026-05-27 14:01:00,8.28,8.28,8.27,8.27,16600,137284.0
000561.SZ,2026-05-27 14:02:00,8.27,8.28,8.25,8.27,55600,459627.0
000561.SZ,2026-05-27 14:03:00,8.27,8.28,8.27,8.27,27200,224972.0
000561.SZ,2026-05-27 14:04:00,8.27,8.28,8.26,8.26,28300,233974.0
000561.SZ,2026-05-27 14:05:00,8.26,8.27,8.26,8.26,22900,189163.0
000561.SZ,2026-05-27 14:06:00,8.26,8.28,8.26,8.26,35300,291745.0
000561.SZ,2026-05-27 14:07:00,8.28,8.28,8.25,8.28,15000,123852.0
000561.SZ,2026-05-27 14:08:00,8.28,8.29,8.27,8.28,17600,145721.0
000561.SZ,2026-05-27 14:09:00,8.29,8.3,8.28,8.29,36400,301754.0
000561.SZ,2026-05-27 14:10:00,8.3,8.31,8.29,8.31,127600,1059468.0
000561.SZ,2026-05-27 14:11:00,8.32,8.32,8.31,8.32,36300,301889.0
000561.SZ,2026-05-27 14:12:00,8.32,8.32,8.31,8.31,31000,257853.0
000561.SZ,2026-05-27 14:13:00,8.32,8.32,8.31,8.31,90500,752650.0
000561.SZ,2026-05-27 14:14:00,8.3,8.31,8.29,8.29,34200,283850.0
000561.SZ,2026-05-27 14:15:00,8.3,8.31,8.29,8.3,22700,188428.0
000561.SZ,2026-05-27 14:16:00,8.3,8.31,8.3,8.31,4500,37390.0
000561.SZ,2026-05-27 14:17:00,8.31,8.33,8.31,8.33,25500,212159.0
000561.SZ,2026-05-27 14:18:00,8.33,8.33,8.32,8.33,19800,164834.0
000561.SZ,2026-05-27 14:19:00,8.34,8.34,8.32,8.33,13500,112475.0
000561.SZ,2026-05-27 14:20:00,8.33,8.33,8.32,8.32,13200,109866.0
000561.SZ,2026-05-27 14:21:00,8.33,8.33,8.32,8.32,7000,58246.0
000561.SZ,2026-05-27 14:22:00,8.32,8.33,8.32,8.33,5900,49102.0
000561.SZ,2026-05-27 14:23:00,8.32,8.33,8.32,8.33,2000,16645.0
000561.SZ,2026-05-27 14:24:00,8.32,8.34,8.32,8.34,23400,194942.0
000561.SZ,2026-05-27 14:25:00,8.33,8.34,8.33,8.33,6700,55864.0
000561.SZ,2026-05-27 14:26:00,8.33,8.33,8.32,8.33,26100,217245.0
000561.SZ,2026-05-27 14:27:00,8.33,8.34,8.33,8.34,10000,83326.0
000561.SZ,2026-05-27 14:28:00,8.34,8.34,8.33,8.34,24300,202575.0
000561.SZ,2026-05-27 14:29:00,8.34,8.35,8.34,8.34,26500,221016.0
000561.SZ,2026-05-27 14:30:00,8.34,8.34,8.32,8.34,76500,637495.0
000561.SZ,2026-05-27 14:31:00,8.32,8.33,8.32,8.33,9800,81632.0
000561.SZ,2026-05-27 14:32:00,8.32,8.32,8.31,8.31,27000,224725.0
000561.SZ,2026-05-27 14:33:00,8.31,8.32,8.31,8.31,6900,57344.0
000561.SZ,2026-05-27 14:34:00,8.33,8.33,8.31,8.31,35400,294407.0
000561.SZ,2026-05-27 14:35:00,8.31,8.33,8.31,8.33,18900,157164.0
000561.SZ,2026-05-27 14:36:00,8.33,8.33,8.32,8.33,43300,360655.0
000561.SZ,2026-05-27 14:37:00,8.32,8.34,8.32,8.33,47500,395644.0
000561.SZ,2026-05-27 14:38:00,8.33,8.35,8.33,8.35,32200,268511.0
000561.SZ,2026-05-27 14:39:00,8.34,8.35,8.34,8.35,110400,921733.0
000561.SZ,2026-05-27 14:40:00,8.36,8.36,8.34,8.34,30700,256345.0
000561.SZ,2026-05-27 14:41:00,8.34,8.35,8.33,8.34,21300,177741.0
000561.SZ,2026-05-27 14:42:00,8.34,8.35,8.34,8.35,14100,117634.0
000561.SZ,2026-05-27 14:43:00,8.34,8.35,8.33,8.34,48500,404412.0
000561.SZ,2026-05-27 14:44:00,8.33,8.34,8.32,8.33,18800,156573.0
000561.SZ,2026-05-27 14:45:00,8.32,8.33,8.31,8.31,72200,600944.0
000561.SZ,2026-05-27 14:46:00,8.32,8.32,8.31,8.31,17400,144608.0
000561.SZ,2026-05-27 14:47:00,8.31,8.32,8.31,8.31,22500,187081.0
000561.SZ,2026-05-27 14:48:00,8.32,8.32,8.3,8.31,53500,444685.0
000561.SZ,2026-05-27 14:49:00,8.31,8.32,8.3,8.3,67200,558248.0
000561.SZ,2026-05-27 14:50:00,8.3,8.31,8.3,8.31,57400,476961.0
000561.SZ,2026-05-27 14:51:00,8.31,8.32,8.31,8.31,108000,898133.0
000561.SZ,2026-05-27 14:52:00,8.32,8.32,8.31,8.31,50800,422150.0
000561.SZ,2026-05-27 14:53:00,8.32,8.32,8.3,8.3,124970,1037615.0
000561.SZ,2026-05-27 14:54:00,8.31,8.31,8.3,8.31,29700,246766.0
000561.SZ,2026-05-27 14:55:00,8.31,8.31,8.3,8.31,49400,410496.0
000561.SZ,2026-05-27 14:56:00,8.31,8.32,8.3,8.31,36000,299099.0
000561.SZ,2026-05-27 14:57:00,8.32,8.32,8.31,8.31,41700,346763.0
000561.SZ,2026-05-27 14:58:00,8.31,8.31,8.31,8.31,0,0.0
000561.SZ,2026-05-27 14:59:00,8.31,8.31,8.31,8.31,0,0.0
000561.SZ,2026-05-27 15:00:00,8.31,8.31,8.31,8.31,41700,346527.0
000561.SZ,2026-05-28 09:30:00,8.31,8.32,8.28,8.3,51800,430645.0
000561.SZ,2026-05-28 09:31:00,8.3,8.32,8.28,8.32,147000,1220037.0
000561.SZ,2026-05-28 09:32:00,8.31,8.38,8.31,8.38,234401,1954417.4
000561.SZ,2026-05-28 09:33:00,8.38,8.38,8.35,8.36,64100,535952.0
000561.SZ,2026-05-28 09:34:00,8.35,8.39,8.35,8.39,186100,1558338.0
000561.SZ,2026-05-28 09:35:00,8.39,8.42,8.39,8.41,207900,1745922.0
000561.SZ,2026-05-28 09:36:00,8.42,8.43,8.41,8.42,201600,1697196.0
000561.SZ,2026-05-28 09:37:00,8.42,8.44,8.42,8.44,73400,618645.0
000561.SZ,2026-05-28 09:38:00,8.43,8.46,8.42,8.44,253500,2139973.0
000561.SZ,2026-05-28 09:39:00,8.44,8.44,8.41,8.41,55000,463385.0
000561.SZ,2026-05-28 09:40:00,8.41,8.43,8.41,8.41,31900,268501.0
000561.SZ,2026-05-28 09:41:00,8.42,8.42,8.4,8.4,80300,674870.0
000561.SZ,2026-05-28 09:42:00,8.4,8.41,8.4,8.41,82400,692160.0
000561.SZ,2026-05-28 09:43:00,8.4,8.41,8.39,8.39,71100,596965.0
000561.SZ,2026-05-28 09:44:00,8.39,8.39,8.38,8.38,103200,865166.0
000561.SZ,2026-05-28 09:45:00,8.36,8.4,8.36,8.4,186600,1565586.0
000561.SZ,2026-05-28 09:46:00,8.4,8.41,8.39,8.4,87700,736747.0
000561.SZ,2026-05-28 09:47:00,8.4,8.4,8.37,8.38,77300,648128.0
000561.SZ,2026-05-28 09:48:00,8.38,8.38,8.38,8.38,33000,276524.0
000561.SZ,2026-05-28 09:49:00,8.38,8.39,8.38,8.38,47400,397222.0
000561.SZ,2026-05-28 09:50:00,8.37,8.4,8.37,8.4,93200,781529.0
000561.SZ,2026-05-28 09:51:00,8.4,8.4,8.39,8.4,88800,745902.0
000561.SZ,2026-05-28 09:52:00,8.41,8.41,8.39,8.39,24300,204198.0
000561.SZ,2026-05-28 09:53:00,8.39,8.41,8.39,8.4,21200,178045.0
000561.SZ,2026-05-28 09:54:00,8.4,8.41,8.39,8.4,37300,313335.0
000561.SZ,2026-05-28 09:55:00,8.39,8.41,8.39,8.4,45900,385427.0
000561.SZ,2026-05-28 09:56:00,8.41,8.43,8.41,8.43,57300,482154.0
000561.SZ,2026-05-28 09:57:00,8.42,8.42,8.4,8.41,20100,169121.0
000561.SZ,2026-05-28 09:58:00,8.41,8.41,8.4,8.4,30100,252938.0
000561.SZ,2026-05-28 09:59:00,8.4,8.42,8.39,8.42,81500,685014.0
000561.SZ,2026-05-28 10:00:00,8.42,8.43,8.42,8.42,74700,629048.0
000561.SZ,2026-05-28 10:01:00,8.41,8.42,8.41,8.41,26900,226240.0
000561.SZ,2026-05-28 10:02:00,8.41,8.42,8.4,8.4,33500,281655.0
000561.SZ,2026-05-28 10:03:00,8.4,8.41,8.39,8.41,189800,1593044.0
000561.SZ,2026-05-28 10:04:00,8.4,8.44,8.4,8.44,148900,1254511.0
000561.SZ,2026-05-28 10:05:00,8.43,8.43,8.41,8.42,57200,481926.0
000561.SZ,2026-05-28 10:06:00,8.42,8.42,8.4,8.41,36800,309534.0
000561.SZ,2026-05-28 10:07:00,8.41,8.42,8.39,8.4,22800,191658.0
000561.SZ,2026-05-28 10:08:00,8.39,8.41,8.39,8.4,11000,92402.0
000561.SZ,2026-05-28 10:09:00,8.39,8.39,8.38,8.38,15500,130044.0
000561.SZ,2026-05-28 10:10:00,8.38,8.39,8.38,8.39,7300,61224.0
000561.SZ,2026-05-28 10:11:00,8.39,8.39,8.37,8.37,37700,315955.0
000561.SZ,2026-05-28 10:12:00,8.38,8.38,8.36,8.36,39600,331319.0
000561.SZ,2026-05-28 10:13:00,8.35,8.36,8.35,8.36,106500,890320.0
000561.SZ,2026-05-28 10:14:00,8.36,8.36,8.36,8.36,13500,112860.0
000561.SZ,2026-05-28 10:15:00,8.36,8.36,8.35,8.35,11700,97762.0
000561.SZ,2026-05-28 10:16:00,8.35,8.38,8.35,8.37,27000,226004.0
000561.SZ,2026-05-28 10:17:00,8.36,8.37,8.36,8.37,5300,44357.0
000561.SZ,2026-05-28 10:18:00,8.37,8.38,8.37,8.37,30000,251105.0
000561.SZ,2026-05-28 10:19:00,8.37,8.37,8.36,8.36,16000,133794.0
000561.SZ,2026-05-28 10:20:00,8.37,8.37,8.36,8.36,23300,194799.0
000561.SZ,2026-05-28 10:21:00,8.36,8.36,8.36,8.36,9800,81928.0
000561.SZ,2026-05-28 10:22:00,8.36,8.36,8.36,8.36,27300,228314.0
000561.SZ,2026-05-28 10:23:00,8.35,8.36,8.35,8.36,20300,169535.0
000561.SZ,2026-05-28 10:24:00,8.36,8.36,8.35,8.35,15800,132015.0
000561.SZ,2026-05-28 10:25:00,8.35,8.36,8.35,8.35,27900,233012.0
000561.SZ,2026-05-28 10:26:00,8.34,8.35,8.34,8.34,16500,137630.0
000561.SZ,2026-05-28 10:27:00,8.35,8.38,8.35,8.38,34900,291683.0
000561.SZ,2026-05-28 10:28:00,8.37,8.38,8.36,8.38,6300,52776.0
000561.SZ,2026-05-28 10:29:00,8.36,8.38,8.36,8.38,18000,150804.0
000561.SZ,2026-05-28 10:30:00,8.37,8.38,8.37,8.38,18300,153182.0
000561.SZ,2026-05-28 10:31:00,8.38,8.38,8.38,8.38,103000,862740.0
000561.SZ,2026-05-28 10:32:00,8.37,8.37,8.35,8.36,42100,351741.0
000561.SZ,2026-05-28 10:33:00,8.35,8.36,8.35,8.35,22900,191230.0
000561.SZ,2026-05-28 10:34:00,8.34,8.35,8.34,8.34,4000,33369.0
000561.SZ,2026-05-28 10:35:00,8.35,8.36,8.34,8.36,28600,238911.0
000561.SZ,2026-05-28 10:36:00,8.37,8.37,8.37,8.37,20600,172421.0
000561.SZ,2026-05-28 10:37:00,8.37,8.37,8.36,8.36,6100,51012.0
000561.SZ,2026-05-28 10:38:00,8.36,8.36,8.36,8.36,6200,51832.0
000561.SZ,2026-05-28 10:39:00,8.35,8.36,8.35,8.36,4400,36758.0
000561.SZ,2026-05-28 10:40:00,8.36,8.36,8.35,8.35,23100,192888.0
000561.SZ,2026-05-28 10:41:00,8.36,8.37,8.35,8.37,24800,207313.0
000561.SZ,2026-05-28 10:42:00,8.36,8.37,8.35,8.35,13600,113572.0
000561.SZ,2026-05-28 10:43:00,8.35,8.36,8.35,8.35,10700,89353.0
000561.SZ,2026-05-28 10:44:00,8.36,8.36,8.35,8.35,3800,31743.0
000561.SZ,2026-05-28 10:45:00,8.35,8.35,8.35,8.35,97400,813289.0
000561.SZ,2026-05-28 10:46:00,8.35,8.36,8.34,8.34,13100,109341.0
000561.SZ,2026-05-28 10:47:00,8.34,8.34,8.33,8.33,46000,383601.0
000561.SZ,2026-05-28 10:48:00,8.33,8.34,8.33,8.34,25800,215146.0
000561.SZ,2026-05-28 10:49:00,8.34,8.34,8.33,8.33,14600,121625.0
000561.SZ,2026-05-28 10:50:00,8.33,8.34,8.32,8.33,21900,182437.0
000561.SZ,2026-05-28 10:51:00,8.32,8.32,8.32,8.32,22700,188865.0
000561.SZ,2026-05-28 10:52:00,8.32,8.32,8.32,8.32,17200,143104.0
000561.SZ,2026-05-28 10:53:00,8.32,8.32,8.31,8.31,20700,172191.0
000561.SZ,2026-05-28 10:54:00,8.31,8.32,8.31,8.31,18600,154644.0
000561.SZ,2026-05-28 10:55:00,8.31,8.31,8.3,8.3,42000,349018.0
000561.SZ,2026-05-28 10:56:00,8.3,8.31,8.3,8.3,14200,117866.0
000561.SZ,2026-05-28 10:57:00,8.3,8.31,8.3,8.31,13600,112893.0
000561.SZ,2026-05-28 10:58:00,8.31,8.31,8.3,8.3,29000,240731.0
000561.SZ,2026-05-28 10:59:00,8.3,8.31,8.3,8.31,18600,154394.0
000561.SZ,2026-05-28 11:00:00,8.3,8.31,8.3,8.3,35500,294711.0
000561.SZ,2026-05-28 11:01:00,8.3,8.3,8.29,8.3,35300,292875.0
000561.SZ,2026-05-28 11:02:00,8.29,8.3,8.29,8.3,19100,158408.0
000561.SZ,2026-05-28 11:03:00,8.3,8.3,8.3,8.3,7800,64740.0
000561.SZ,2026-05-28 11:04:00,8.31,8.32,8.3,8.32,35800,297601.0
000561.SZ,2026-05-28 11:05:00,8.31,8.32,8.31,8.31,50000,415654.0
000561.SZ,2026-05-28 11:06:00,8.31,8.31,8.3,8.3,7800,64762.0
000561.SZ,2026-05-28 11:07:00,8.3,8.3,8.29,8.29,37800,313495.0
000561.SZ,2026-05-28 11:08:00,8.29,8.3,8.29,8.3,17700,146850.0
000561.SZ,2026-05-28 11:09:00,8.3,8.31,8.3,8.3,5400,44825.0
000561.SZ,2026-05-28 11:10:00,8.3,8.31,8.3,8.31,9300,77200.0
000561.SZ,2026-05-28 11:11:00,8.31,8.33,8.31,8.31,39300,326904.0
000561.SZ,2026-05-28 11:12:00,8.31,8.31,8.3,8.3,3400,28244.0
000561.SZ,2026-05-28 11:13:00,8.3,8.31,8.3,8.31,7200,59819.0
000561.SZ,2026-05-28 11:14:00,8.31,8.32,8.31,8.32,3400,28272.0
000561.SZ,2026-05-28 11:15:00,8.32,8.33,8.32,8.33,8300,69059.0
000561.SZ,2026-05-28 11:16:00,8.33,8.35,8.33,8.35,17400,145190.0
000561.SZ,2026-05-28 11:17:00,8.36,8.36,8.35,8.36,27500,229866.0
000561.SZ,2026-05-28 11:18:00,8.35,8.35,8.35,8.35,25100,209585.0
000561.SZ,2026-05-28 11:19:00,8.35,8.35,8.34,8.34,41400,345631.0
000561.SZ,2026-05-28 11:20:00,8.35,8.36,8.35,8.36,8500,70988.0
000561.SZ,2026-05-28 11:21:00,8.36,8.37,8.35,8.37,53800,449355.0
000561.SZ,2026-05-28 11:22:00,8.35,8.36,8.35,8.35,4100,34250.0
000561.SZ,2026-05-28 11:23:00,8.35,8.35,8.35,8.35,1500,12525.0
000561.SZ,2026-05-28 11:24:00,8.36,8.36,8.35,8.35,16100,134506.0
000561.SZ,2026-05-28 11:25:00,8.35,8.35,8.34,8.34,12800,106830.0
000561.SZ,2026-05-28 11:26:00,8.34,8.34,8.34,8.34,1000,8340.0
000561.SZ,2026-05-28 11:27:00,8.34,8.34,8.34,8.34,10300,85902.0
000561.SZ,2026-05-28 11:28:00,8.34,8.34,8.34,8.34,1700,14178.0
000561.SZ,2026-05-28 11:29:00,8.34,8.35,8.34,8.34,6900,57555.0
000561.SZ,2026-05-28 11:30:00,8.34,8.35,8.34,8.34,16100,134290.0
000561.SZ,2026-05-28 13:01:00,8.34,8.34,8.31,8.31,153700,1279999.0
000561.SZ,2026-05-28 13:02:00,8.3,8.3,8.28,8.29,113100,937469.0
000561.SZ,2026-05-28 13:03:00,8.29,8.29,8.29,8.29,9800,81242.0
000561.SZ,2026-05-28 13:04:00,8.3,8.3,8.28,8.28,21300,176487.0
000561.SZ,2026-05-28 13:05:00,8.29,8.3,8.29,8.29,21500,178222.0
000561.SZ,2026-05-28 13:06:00,8.27,8.28,8.26,8.26,43100,356506.0
000561.SZ,2026-05-28 13:07:00,8.26,8.27,8.26,8.26,22200,183403.0
000561.SZ,2026-05-28 13:08:00,8.27,8.27,8.27,8.27,9100,75257.0
000561.SZ,2026-05-28 13:09:00,8.27,8.27,8.25,8.27,61200,505679.0
000561.SZ,2026-05-28 13:10:00,8.27,8.27,8.26,8.27,8100,66985.0
000561.SZ,2026-05-28 13:11:00,8.26,8.26,8.26,8.26,10200,84252.0
000561.SZ,2026-05-28 13:12:00,8.24,8.25,8.24,8.24,62200,513008.0
000561.SZ,2026-05-28 13:13:00,8.24,8.25,8.24,8.25,11400,93988.0
000561.SZ,2026-05-28 13:14:00,8.25,8.25,8.24,8.25,7800,64343.0
000561.SZ,2026-05-28 13:15:00,8.25,8.26,8.25,8.26,10600,87412.0
000561.SZ,2026-05-28 13:16:00,8.26,8.26,8.25,8.26,6100,50380.0
000561.SZ,2026-05-28 13:17:00,8.25,8.26,8.25,8.25,34300,282985.0
000561.SZ,2026-05-28 13:18:00,8.24,8.25,8.24,8.25,6500,53615.0
000561.SZ,2026-05-28 13:19:00,8.25,8.26,8.25,8.26,12200,100654.0
000561.SZ,2026-05-28 13:20:00,8.25,8.26,8.25,8.26,21400,176705.0
000561.SZ,2026-05-28 13:21:00,8.26,8.27,8.26,8.27,9900,81835.0
000561.SZ,2026-05-28 13:22:00,8.27,8.28,8.27,8.28,28900,239049.0
000561.SZ,2026-05-28 13:23:00,8.27,8.27,8.27,8.27,7400,61199.0
000561.SZ,2026-05-28 13:24:00,8.27,8.28,8.27,8.28,5000,41374.0
000561.SZ,2026-05-28 13:25:00,8.27,8.3,8.27,8.3,40000,331502.0
000561.SZ,2026-05-28 13:26:00,8.31,8.31,8.3,8.31,54200,449939.0
000561.SZ,2026-05-28 13:27:00,8.3,8.34,8.3,8.34,23800,197949.0
000561.SZ,2026-05-28 13:28:00,8.33,8.35,8.33,8.34,100600,839885.0
000561.SZ,2026-05-28 13:29:00,8.35,8.35,8.34,8.34,5000,41703.0
000561.SZ,2026-05-28 13:30:00,8.35,8.35,8.33,8.33,12100,100897.0
000561.SZ,2026-05-28 13:31:00,8.33,8.34,8.33,8.34,4800,39989.0
000561.SZ,2026-05-28 13:32:00,8.34,8.34,8.33,8.33,53100,442847.0
000561.SZ,2026-05-28 13:33:00,8.33,8.34,8.33,8.34,10800,89965.0
000561.SZ,2026-05-28 13:34:00,8.34,8.35,8.33,8.35,8200,68399.0
000561.SZ,2026-05-28 13:35:00,8.34,8.36,8.34,8.36,54800,457255.0
000561.SZ,2026-05-28 13:36:00,8.36,8.37,8.36,8.37,29000,242455.0
000561.SZ,2026-05-28 13:37:00,8.38,8.38,8.37,8.37,58600,490605.0
000561.SZ,2026-05-28 13:38:00,8.38,8.38,8.37,8.38,18500,154975.0
000561.SZ,2026-05-28 13:39:00,8.38,8.39,8.38,8.39,46300,388368.0
000561.SZ,2026-05-28 13:40:00,8.39,8.4,8.39,8.4,15500,130068.0
000561.SZ,2026-05-28 13:41:00,8.41,8.42,8.41,8.42,100500,844976.0
000561.SZ,2026-05-28 13:42:00,8.41,8.42,8.41,8.41,28000,235487.0
000561.SZ,2026-05-28 13:43:00,8.41,8.42,8.4,8.42,52700,443499.0
000561.SZ,2026-05-28 13:44:00,8.42,8.44,8.42,8.43,79400,669102.0
000561.SZ,2026-05-28 13:45:00,8.43,8.44,8.43,8.43,37200,313761.0
000561.SZ,2026-05-28 13:46:00,8.45,8.46,8.44,8.46,200700,1695398.0
000561.SZ,2026-05-28 13:47:00,8.46,8.47,8.45,8.46,89800,759484.0
000561.SZ,2026-05-28 13:48:00,8.46,8.46,8.45,8.46,12000,101515.0
000561.SZ,2026-05-28 13:49:00,8.46,8.46,8.45,8.45,30600,258756.0
000561.SZ,2026-05-28 13:50:00,8.45,8.48,8.45,8.48,118700,1005091.0
000561.SZ,2026-05-28 13:51:00,8.47,8.48,8.47,8.47,35100,297370.0
000561.SZ,2026-05-28 13:52:00,8.48,8.49,8.47,8.48,159300,1350630.0
000561.SZ,2026-05-28 13:53:00,8.49,8.49,8.48,8.48,59600,505866.0
000561.SZ,2026-05-28 13:54:00,8.49,8.49,8.48,8.48,38300,324816.0
000561.SZ,2026-05-28 13:55:00,8.48,8.49,8.47,8.47,117500,996876.0
000561.SZ,2026-05-28 13:56:00,8.48,8.49,8.48,8.49,58100,492703.0
000561.SZ,2026-05-28 13:57:00,8.48,8.49,8.48,8.48,46800,397254.0
000561.SZ,2026-05-28 13:58:00,8.49,8.49,8.48,8.49,31900,270746.0
000561.SZ,2026-05-28 13:59:00,8.49,8.5,8.49,8.5,190700,1620071.0
000561.SZ,2026-05-28 14:00:00,8.49,8.51,8.49,8.51,99400,845028.0
000561.SZ,2026-05-28 14:01:00,8.51,8.54,8.51,8.54,42700,364027.0
000561.SZ,2026-05-28 14:02:00,8.53,8.54,8.52,8.52,110600,943881.0
000561.SZ,2026-05-28 14:03:00,8.52,8.53,8.51,8.52,99900,851248.0
000561.SZ,2026-05-28 14:04:00,8.52,8.53,8.52,8.52,31900,271794.0
000561.SZ,2026-05-28 14:05:00,8.51,8.51,8.49,8.49,54100,460334.0
000561.SZ,2026-05-28 14:06:00,8.49,8.5,8.49,8.49,43100,365971.0
000561.SZ,2026-05-28 14:07:00,8.49,8.5,8.49,8.49,49500,420271.0
000561.SZ,2026-05-28 14:08:00,8.49,8.5,8.49,8.5,49600,421265.0
000561.SZ,2026-05-28 14:09:00,8.49,8.51,8.49,8.5,95100,808402.0
000561.SZ,2026-05-28 14:10:00,8.5,8.5,8.49,8.49,24400,207296.0
000561.SZ,2026-05-28 14:11:00,8.5,8.5,8.49,8.49,23800,202064.0
000561.SZ,2026-05-28 14:12:00,8.49,8.49,8.48,8.48,8800,74706.0
000561.SZ,2026-05-28 14:13:00,8.48,8.49,8.48,8.49,10000,84855.0
000561.SZ,2026-05-28 14:14:00,8.49,8.49,8.47,8.47,35100,297644.0
000561.SZ,2026-05-28 14:15:00,8.47,8.47,8.47,8.47,13900,117733.0
000561.SZ,2026-05-28 14:16:00,8.47,8.47,8.46,8.47,17500,148177.0
000561.SZ,2026-05-28 14:17:00,8.47,8.47,8.47,8.47,7600,64372.0
000561.SZ,2026-05-28 14:18:00,8.47,8.48,8.47,8.47,13300,112709.0
000561.SZ,2026-05-28 14:19:00,8.47,8.48,8.47,8.48,17400,147411.0
000561.SZ,2026-05-28 14:20:00,8.48,8.48,8.47,8.48,3500,29673.0
000561.SZ,2026-05-28 14:21:00,8.48,8.48,8.48,8.48,8300,70384.0
000561.SZ,2026-05-28 14:22:00,8.47,8.47,8.47,8.47,12500,105875.0
000561.SZ,2026-05-28 14:23:00,8.47,8.48,8.47,8.47,12300,104194.0
000561.SZ,2026-05-28 14:24:00,8.47,8.48,8.47,8.47,21900,185495.0
000561.SZ,2026-05-28 14:25:00,8.47,8.48,8.47,8.47,8400,71206.0
000561.SZ,2026-05-28 14:26:00,8.47,8.48,8.46,8.48,78100,661737.0
000561.SZ,2026-05-28 14:27:00,8.48,8.48,8.47,8.47,75785,640997.4
000561.SZ,2026-05-28 14:28:00,8.46,8.46,8.45,8.45,35800,302814.0
000561.SZ,2026-05-28 14:29:00,8.46,8.48,8.46,8.48,16100,136361.0
000561.SZ,2026-05-28 14:30:00,8.48,8.48,8.46,8.46,28200,239069.0
000561.SZ,2026-05-28 14:31:00,8.47,8.47,8.46,8.47,9200,77854.0
000561.SZ,2026-05-28 14:32:00,8.47,8.47,8.47,8.47,5100,43197.0
000561.SZ,2026-05-28 14:33:00,8.47,8.47,8.46,8.47,1700,14395.0
000561.SZ,2026-05-28 14:34:00,8.46,8.48,8.46,8.47,16600,140604.0
000561.SZ,2026-05-28 14:35:00,8.48,8.48,8.47,8.47,4400,37285.0
000561.SZ,2026-05-28 14:36:00,8.47,8.48,8.47,8.48,40900,346432.0
000561.SZ,2026-05-28 14:37:00,8.47,8.48,8.47,8.47,6100,51675.0
000561.SZ,2026-05-28 14:38:00,8.47,8.48,8.47,8.47,4400,37281.0
000561.SZ,2026-05-28 14:39:00,8.47,8.47,8.46,8.47,25800,218503.0
000561.SZ,2026-05-28 14:40:00,8.46,8.46,8.45,8.46,51100,432297.0
000561.SZ,2026-05-28 14:41:00,8.46,8.47,8.45,8.47,41000,346855.0
000561.SZ,2026-05-28 14:42:00,8.46,8.47,8.46,8.46,15800,133675.0
000561.SZ,2026-05-28 14:43:00,8.46,8.47,8.46,8.46,16800,142173.0
000561.SZ,2026-05-28 14:44:00,8.46,8.46,8.46,8.46,41700,352825.0
000561.SZ,2026-05-28 14:45:00,8.47,8.47,8.46,8.46,37838,320330.47
000561.SZ,2026-05-28 14:46:00,8.47,8.47,8.46,8.46,7200,60936.0
000561.SZ,2026-05-28 14:47:00,8.46,8.47,8.46,8.47,30400,257258.0
000561.SZ,2026-05-28 14:48:00,8.46,8.47,8.46,8.46,17800,150625.0
000561.SZ,2026-05-28 14:49:00,8.47,8.47,8.46,8.46,28400,240421.0
000561.SZ,2026-05-28 14:50:00,8.47,8.47,8.46,8.46,26400,223444.0
000561.SZ,2026-05-28 14:51:00,8.46,8.47,8.46,8.46,27800,235217.0
000561.SZ,2026-05-28 14:52:00,8.46,8.47,8.46,8.46,69300,586338.0
000561.SZ,2026-05-28 14:53:00,8.46,8.47,8.46,8.46,14300,121034.0
000561.SZ,2026-05-28 14:54:00,8.47,8.47,8.46,8.46,34400,291211.0
000561.SZ,2026-05-28 14:55:00,8.47,8.47,8.46,8.46,44700,378245.0
000561.SZ,2026-05-28 14:56:00,8.46,8.46,8.45,8.45,118700,1004006.0
000561.SZ,2026-05-28 14:57:00,8.45,8.46,8.45,8.46,66100,558979.0
000561.SZ,2026-05-28 14:58:00,8.46,8.46,8.46,8.46,0,0.0
000561.SZ,2026-05-28 14:59:00,8.46,8.46,8.46,8.46,0,0.0
000561.SZ,2026-05-28 15:00:00,8.46,8.46,8.46,8.46,80800,683568.0
000561.SZ,2026-05-29 09:30:00,8.43,8.44,8.43,8.44,30400,256278.0
000561.SZ,2026-05-29 09:31:00,8.46,8.5,8.45,8.48,180200,1525252.0
000561.SZ,2026-05-29 09:32:00,8.47,8.49,8.44,8.45,59600,504102.0
000561.SZ,2026-05-29 09:33:00,8.45,8.47,8.45,8.47,30800,260604.0
000561.SZ,2026-05-29 09:34:00,8.46,8.47,8.45,8.45,69400,586793.0
000561.SZ,2026-05-29 09:35:00,8.44,8.44,8.43,8.43,145800,1229837.0
000561.SZ,2026-05-29 09:36:00,8.42,8.43,8.4,8.41,92400,778152.0
000561.SZ,2026-05-29 09:37:00,8.41,8.41,8.37,8.39,273000,2290902.0
000561.SZ,2026-05-29 09:38:00,8.4,8.41,8.4,8.41,50500,424033.0
000561.SZ,2026-05-29 09:39:00,8.41,8.41,8.37,8.38,141100,1182844.0
000561.SZ,2026-05-29 09:40:00,8.37,8.37,8.36,8.37,162700,1361719.0
000561.SZ,2026-05-29 09:41:00,8.36,8.37,8.35,8.37,70800,591542.0
000561.SZ,2026-05-29 09:42:00,8.37,8.37,8.35,8.36,30700,256722.0
000561.SZ,2026-05-29 09:43:00,8.36,8.36,8.35,8.35,74300,620742.0
000561.SZ,2026-05-29 09:44:00,8.35,8.36,8.33,8.34,138700,1157500.0
000561.SZ,2026-05-29 09:45:00,8.34,8.36,8.34,8.35,119500,997794.0
000561.SZ,2026-05-29 09:46:00,8.35,8.35,8.33,8.34,41500,346153.0
000561.SZ,2026-05-29 09:47:00,8.33,8.35,8.32,8.32,87100,725435.0
000561.SZ,2026-05-29 09:48:00,8.32,8.32,8.3,8.31,118100,980894.0
000561.SZ,2026-05-29 09:49:00,8.31,8.31,8.3,8.3,34700,288323.0
000561.SZ,2026-05-29 09:50:00,8.31,8.31,8.3,8.3,104400,866749.0
000561.SZ,2026-05-29 09:51:00,8.3,8.3,8.28,8.29,193900,1608251.0
000561.SZ,2026-05-29 09:52:00,8.29,8.3,8.29,8.29,129900,1077543.0
000561.SZ,2026-05-29 09:53:00,8.29,8.31,8.29,8.31,73700,611994.0
000561.SZ,2026-05-29 09:54:00,8.31,8.31,8.29,8.29,177400,1471445.0
000561.SZ,2026-05-29 09:55:00,8.28,8.29,8.26,8.27,130900,1082785.0
000561.SZ,2026-05-29 09:56:00,8.27,8.28,8.26,8.28,53400,441626.0
000561.SZ,2026-05-29 09:57:00,8.27,8.28,8.25,8.27,66400,548557.0
000561.SZ,2026-05-29 09:58:00,8.25,8.27,8.25,8.26,75800,626379.0
000561.SZ,2026-05-29 09:59:00,8.27,8.28,8.26,8.28,56300,465820.0
000561.SZ,2026-05-29 10:00:00,8.28,8.29,8.27,8.27,97100,803616.0
000561.SZ,2026-05-29 10:01:00,8.27,8.28,8.27,8.28,31600,261571.0
000561.SZ,2026-05-29 10:02:00,8.28,8.28,8.28,8.28,70500,583732.0
000561.SZ,2026-05-29 10:03:00,8.28,8.28,8.26,8.26,85100,703609.0
000561.SZ,2026-05-29 10:04:00,8.26,8.28,8.26,8.27,39400,325789.0
000561.SZ,2026-05-29 10:05:00,8.27,8.27,8.25,8.25,295700,2441462.0
000561.SZ,2026-05-29 10:06:00,8.24,8.24,8.23,8.23,111000,914183.0
000561.SZ,2026-05-29 10:07:00,8.23,8.26,8.23,8.25,71100,586435.0
000561.SZ,2026-05-29 10:08:00,8.25,8.27,8.25,8.27,62800,518321.0
000561.SZ,2026-05-29 10:09:00,8.26,8.26,8.26,8.26,45400,375029.0
000561.SZ,2026-05-29 10:10:00,8.27,8.27,8.26,8.26,27200,224681.0
000561.SZ,2026-05-29 10:11:00,8.26,8.27,8.26,8.27,26700,220691.0
000561.SZ,2026-05-29 10:12:00,8.27,8.27,8.26,8.27,25900,214192.0
000561.SZ,2026-05-29 10:13:00,8.27,8.3,8.27,8.3,44700,370607.0
000561.SZ,2026-05-29 10:14:00,8.31,8.31,8.3,8.3,17800,147876.0
000561.SZ,2026-05-29 10:15:00,8.3,8.3,8.29,8.3,29600,245573.0
000561.SZ,2026-05-29 10:16:00,8.29,8.29,8.28,8.28,11100,91939.0
000561.SZ,2026-05-29 10:17:00,8.28,8.28,8.27,8.27,16700,138264.0
000561.SZ,2026-05-29 10:18:00,8.28,8.28,8.26,8.27,34600,286099.0
000561.SZ,2026-05-29 10:19:00,8.27,8.27,8.26,8.26,25600,211467.0
000561.SZ,2026-05-29 10:20:00,8.26,8.26,8.24,8.25,49000,404225.0
000561.SZ,2026-05-29 10:21:00,8.25,8.26,8.25,8.25,20600,170061.0
000561.SZ,2026-05-29 10:22:00,8.25,8.27,8.25,8.27,14100,116458.0
000561.SZ,2026-05-29 10:23:00,8.27,8.28,8.26,8.27,33000,272837.0
000561.SZ,2026-05-29 10:24:00,8.27,8.27,8.26,8.26,21100,174381.0
000561.SZ,2026-05-29 10:25:00,8.26,8.28,8.26,8.28,30200,249820.0
000561.SZ,2026-05-29 10:26:00,8.28,8.28,8.27,8.27,37200,307788.0
000561.SZ,2026-05-29 10:27:00,8.27,8.27,8.25,8.26,40400,333790.0
000561.SZ,2026-05-29 10:28:00,8.25,8.26,8.24,8.24,117600,970197.0
000561.SZ,2026-05-29 10:29:00,8.25,8.25,8.24,8.24,24600,202893.0
000561.SZ,2026-05-29 10:30:00,8.24,8.25,8.24,8.25,28500,235015.0
000561.SZ,2026-05-29 10:31:00,8.25,8.25,8.24,8.24,56700,467262.0
000561.SZ,2026-05-29 10:32:00,8.24,8.24,8.23,8.23,69700,573719.0
000561.SZ,2026-05-29 10:33:00,8.23,8.24,8.23,8.23,156000,1284099.0
000561.SZ,2026-05-29 10:34:00,8.24,8.24,8.23,8.24,15600,128460.0
000561.SZ,2026-05-29 10:35:00,8.24,8.24,8.23,8.23,59400,488925.0
000561.SZ,2026-05-29 10:36:00,8.23,8.25,8.23,8.25,18500,152397.0
000561.SZ,2026-05-29 10:37:00,8.24,8.25,8.23,8.24,28400,234017.0
000561.SZ,2026-05-29 10:38:00,8.24,8.24,8.24,8.24,21100,173838.0
000561.SZ,2026-05-29 10:39:00,8.24,8.24,8.23,8.23,38200,314644.0
000561.SZ,2026-05-29 10:40:00,8.24,8.24,8.22,8.23,110100,905709.0
000561.SZ,2026-05-29 10:41:00,8.23,8.24,8.22,8.23,35300,290517.0
000561.SZ,2026-05-29 10:42:00,8.23,8.23,8.23,8.23,4000,32920.0
000561.SZ,2026-05-29 10:43:00,8.22,8.23,8.22,8.23,7300,60056.0
000561.SZ,2026-05-29 10:44:00,8.23,8.24,8.23,8.24,56300,463531.0
000561.SZ,2026-05-29 10:45:00,8.24,8.24,8.23,8.23,23500,193451.0
000561.SZ,2026-05-29 10:46:00,8.23,8.24,8.23,8.24,9600,79093.0
000561.SZ,2026-05-29 10:47:00,8.24,8.24,8.23,8.23,21300,175506.0
000561.SZ,2026-05-29 10:48:00,8.23,8.23,8.22,8.23,28600,235306.0
000561.SZ,2026-05-29 10:49:00,8.22,8.22,8.21,8.22,107200,880817.0
000561.SZ,2026-05-29 10:50:00,8.22,8.23,8.22,8.22,16200,133176.0
000561.SZ,2026-05-29 10:51:00,8.22,8.22,8.22,8.22,1500,12332.0
000561.SZ,2026-05-29 10:52:00,8.22,8.23,8.22,8.23,31500,259125.0
000561.SZ,2026-05-29 10:53:00,8.23,8.23,8.22,8.23,15500,127489.0
000561.SZ,2026-05-29 10:54:00,8.23,8.24,8.23,8.24,21200,174519.0
000561.SZ,2026-05-29 10:55:00,8.23,8.23,8.22,8.23,38400,316065.0
000561.SZ,2026-05-29 10:56:00,8.23,8.23,8.22,8.22,7000,57605.0
000561.SZ,2026-05-29 10:57:00,8.22,8.23,8.22,8.23,43300,356285.0
000561.SZ,2026-05-29 10:58:00,8.23,8.23,8.22,8.22,20100,165408.0
000561.SZ,2026-05-29 10:59:00,8.22,8.22,8.21,8.21,79200,650910.0
000561.SZ,2026-05-29 11:00:00,8.22,8.22,8.22,8.22,9600,78898.0
000561.SZ,2026-05-29 11:01:00,8.22,8.23,8.22,8.22,11100,91251.0
000561.SZ,2026-05-29 11:02:00,8.22,8.22,8.21,8.22,21500,176726.0
000561.SZ,2026-05-29 11:03:00,8.22,8.22,8.22,8.22,13100,107750.0
000561.SZ,2026-05-29 11:04:00,8.22,8.22,8.21,8.22,17000,139698.0
000561.SZ,2026-05-29 11:05:00,8.22,8.22,8.22,8.22,14200,116784.0
000561.SZ,2026-05-29 11:06:00,8.22,8.22,8.21,8.21,3800,31222.0
000561.SZ,2026-05-29 11:07:00,8.21,8.22,8.21,8.21,145300,1192931.0
000561.SZ,2026-05-29 11:08:00,8.22,8.22,8.21,8.21,16100,132208.0
000561.SZ,2026-05-29 11:09:00,8.21,8.22,8.21,8.22,7300,59962.0
000561.SZ,2026-05-29 11:10:00,8.22,8.22,8.21,8.22,19200,157819.0
000561.SZ,2026-05-29 11:11:00,8.22,8.22,8.22,8.22,26200,215364.0
000561.SZ,2026-05-29 11:12:00,8.22,8.23,8.22,8.23,15600,128358.0
000561.SZ,2026-05-29 11:13:00,8.23,8.23,8.23,8.23,1200,9876.0
000561.SZ,2026-05-29 11:14:00,8.23,8.23,8.22,8.23,21000,172828.0
000561.SZ,2026-05-29 11:15:00,8.24,8.24,8.23,8.23,29000,238855.0
000561.SZ,2026-05-29 11:16:00,8.24,8.24,8.21,8.21,101800,836805.0
000561.SZ,2026-05-29 11:17:00,8.21,8.22,8.21,8.22,18300,150314.0
000561.SZ,2026-05-29 11:18:00,8.21,8.22,8.21,8.22,5000,41091.0
000561.SZ,2026-05-29 11:19:00,8.22,8.23,8.22,8.22,18300,150444.0
000561.SZ,2026-05-29 11:20:00,8.23,8.24,8.23,8.23,8500,70008.0
000561.SZ,2026-05-29 11:21:00,8.23,8.24,8.23,8.23,18500,152307.0
000561.SZ,2026-05-29 11:22:00,8.23,8.25,8.22,8.24,427800,3521040.0
000561.SZ,2026-05-29 11:23:00,8.23,8.24,8.23,8.24,5600,46139.0
000561.SZ,2026-05-29 11:24:00,8.24,8.24,8.22,8.22,55300,454693.0
000561.SZ,2026-05-29 11:25:00,8.22,8.22,8.21,8.21,131400,1079111.0
000561.SZ,2026-05-29 11:26:00,8.21,8.21,8.2,8.21,12800,105033.0
000561.SZ,2026-05-29 11:27:00,8.21,8.21,8.2,8.2,4600,37752.0
000561.SZ,2026-05-29 11:28:00,8.21,8.21,8.2,8.21,14100,115706.0
000561.SZ,2026-05-29 11:29:00,8.21,8.22,8.21,8.22,7800,64040.0
000561.SZ,2026-05-29 11:30:00,8.2,8.22,8.2,8.21,10400,85330.0
000561.SZ,2026-05-29 13:01:00,8.21,8.23,8.2,8.21,89900,738421.0
000561.SZ,2026-05-29 13:02:00,8.21,8.22,8.21,8.21,7000,57477.0
000561.SZ,2026-05-29 13:03:00,8.21,8.21,8.2,8.2,93400,766030.0
000561.SZ,2026-05-29 13:04:00,8.2,8.2,8.19,8.2,116000,951198.0
000561.SZ,2026-05-29 13:05:00,8.19,8.19,8.18,8.19,120400,985399.0
000561.SZ,2026-05-29 13:06:00,8.19,8.19,8.18,8.18,70700,578530.0
000561.SZ,2026-05-29 13:07:00,8.18,8.19,8.18,8.19,7600,62172.0
000561.SZ,2026-05-29 13:08:00,8.19,8.2,8.19,8.2,31300,256574.0
000561.SZ,2026-05-29 13:09:00,8.2,8.21,8.2,8.21,13800,113190.0
000561.SZ,2026-05-29 13:10:00,8.21,8.21,8.2,8.21,10400,85360.0
000561.SZ,2026-05-29 13:11:00,8.21,8.21,8.21,8.21,12400,101789.0
000561.SZ,2026-05-29 13:12:00,8.21,8.21,8.19,8.2,59800,490439.0
000561.SZ,2026-05-29 13:13:00,8.19,8.2,8.19,8.2,11900,97519.0
000561.SZ,2026-05-29 13:14:00,8.2,8.21,8.2,8.2,14000,114835.0
000561.SZ,2026-05-29 13:15:00,8.2,8.2,8.19,8.2,28600,234506.0
000561.SZ,2026-05-29 13:16:00,8.21,8.22,8.21,8.22,22800,187207.0
000561.SZ,2026-05-29 13:17:00,8.22,8.22,8.21,8.22,11500,94520.0
000561.SZ,2026-05-29 13:18:00,8.22,8.22,8.22,8.22,3900,32058.0
000561.SZ,2026-05-29 13:19:00,8.22,8.22,8.22,8.22,13100,107682.0
000561.SZ,2026-05-29 13:20:00,8.22,8.23,8.21,8.23,14200,116753.0
000561.SZ,2026-05-29 13:21:00,8.23,8.23,8.23,8.23,8800,72415.0
000561.SZ,2026-05-29 13:22:00,8.24,8.24,8.23,8.24,8800,72498.0
000561.SZ,2026-05-29 13:23:00,8.24,8.25,8.24,8.24,14500,119482.0
000561.SZ,2026-05-29 13:24:00,8.24,8.25,8.24,8.24,28200,232394.0
000561.SZ,2026-05-29 13:25:00,8.24,8.24,8.23,8.23,28100,231427.0
000561.SZ,2026-05-29 13:26:00,8.23,8.23,8.21,8.21,98800,812729.0
000561.SZ,2026-05-29 13:27:00,8.22,8.22,8.21,8.21,10100,83020.0
000561.SZ,2026-05-29 13:28:00,8.21,8.21,8.21,8.21,15700,128932.0
000561.SZ,2026-05-29 13:29:00,8.2,8.2,8.2,8.2,8200,67240.0
000561.SZ,2026-05-29 13:30:00,8.21,8.22,8.2,8.22,24800,203592.0
000561.SZ,2026-05-29 13:31:00,8.21,8.21,8.2,8.2,37100,304512.0
000561.SZ,2026-05-29 13:32:00,8.2,8.2,8.19,8.2,65400,536242.0
000561.SZ,2026-05-29 13:33:00,8.2,8.2,8.19,8.2,50500,413486.0
000561.SZ,2026-05-29 13:34:00,8.2,8.2,8.19,8.19,18400,150687.0
000561.SZ,2026-05-29 13:35:00,8.19,8.2,8.19,8.2,16700,136795.0
000561.SZ,2026-05-29 13:36:00,8.19,8.2,8.18,8.19,17100,140062.0
000561.SZ,2026-05-29 13:37:00,8.19,8.19,8.18,8.19,16300,133439.0
000561.SZ,2026-05-29 13:38:00,8.18,8.19,8.18,8.18,65600,536633.0
000561.SZ,2026-05-29 13:39:00,8.19,8.19,8.17,8.18,44900,367305.0
000561.SZ,2026-05-29 13:40:00,8.18,8.18,8.17,8.18,40400,330306.0
000561.SZ,2026-05-29 13:41:00,8.18,8.18,8.17,8.18,29900,244460.0
000561.SZ,2026-05-29 13:42:00,8.17,8.17,8.16,8.17,76100,621655.0
000561.SZ,2026-05-29 13:43:00,8.17,8.17,8.16,8.17,19300,157658.0
000561.SZ,2026-05-29 13:44:00,8.17,8.18,8.17,8.18,2700,22071.0
000561.SZ,2026-05-29 13:45:00,8.17,8.18,8.17,8.18,10200,83390.0
000561.SZ,2026-05-29 13:46:00,8.18,8.18,8.17,8.18,27400,224010.0
000561.SZ,2026-05-29 13:47:00,8.18,8.19,8.18,8.18,15100,123523.0
000561.SZ,2026-05-29 13:48:00,8.18,8.19,8.18,8.18,14900,121970.0
000561.SZ,2026-05-29 13:49:00,8.19,8.19,8.18,8.18,16500,135134.0
000561.SZ,2026-05-29 13:50:00,8.19,8.19,8.18,8.19,6300,51588.0
000561.SZ,2026-05-29 13:51:00,8.19,8.19,8.18,8.18,62500,511453.0
000561.SZ,2026-05-29 13:52:00,8.17,8.17,8.15,8.15,149200,1217178.0
000561.SZ,2026-05-29 13:53:00,8.15,8.16,8.15,8.15,16900,137762.0
000561.SZ,2026-05-29 13:54:00,8.15,8.16,8.14,8.15,56200,458019.0
000561.SZ,2026-05-29 13:55:00,8.15,8.15,8.14,8.14,38800,316108.0
000561.SZ,2026-05-29 13:56:00,8.15,8.15,8.13,8.13,103500,842462.0
000561.SZ,2026-05-29 13:57:00,8.13,8.14,8.13,8.13,20300,165104.0
000561.SZ,2026-05-29 13:58:00,8.13,8.14,8.12,8.12,59300,482147.0
000561.SZ,2026-05-29 13:59:00,8.12,8.12,8.12,8.12,38800,315058.0
000561.SZ,2026-05-29 14:00:00,8.12,8.13,8.12,8.13,63400,514908.0
000561.SZ,2026-05-29 14:01:00,8.13,8.14,8.11,8.13,52800,429013.0
000561.SZ,2026-05-29 14:02:00,8.13,8.13,8.11,8.12,30400,246839.0
000561.SZ,2026-05-29 14:03:00,8.12,8.12,8.11,8.11,59600,483742.0
000561.SZ,2026-05-29 14:04:00,8.11,8.12,8.11,8.11,83900,680887.0
000561.SZ,2026-05-29 14:05:00,8.11,8.11,8.1,8.11,25400,205982.0
000561.SZ,2026-05-29 14:06:00,8.11,8.12,8.1,8.11,110200,893060.0
000561.SZ,2026-05-29 14:07:00,8.1,8.11,8.1,8.1,20100,162882.0
000561.SZ,2026-05-29 14:08:00,8.1,8.1,8.09,8.1,89300,723037.0
000561.SZ,2026-05-29 14:09:00,8.1,8.12,8.09,8.12,77000,623670.0
000561.SZ,2026-05-29 14:10:00,8.11,8.12,8.1,8.1,40000,324405.0
000561.SZ,2026-05-29 14:11:00,8.11,8.12,8.11,8.12,19600,159030.0
000561.SZ,2026-05-29 14:12:00,8.11,8.12,8.11,8.12,39600,321541.0
000561.SZ,2026-05-29 14:13:00,8.12,8.12,8.11,8.12,34100,276809.0
000561.SZ,2026-05-29 14:14:00,8.12,8.13,8.11,8.12,241200,1959945.8
000561.SZ,2026-05-29 14:15:00,8.12,8.13,8.11,8.11,37500,304656.0
000561.SZ,2026-05-29 14:16:00,8.12,8.12,8.1,8.1,49300,399864.0
000561.SZ,2026-05-29 14:17:00,8.11,8.11,8.1,8.1,19000,153994.0
000561.SZ,2026-05-29 14:18:00,8.1,8.11,8.1,8.1,57700,467393.0
000561.SZ,2026-05-29 14:19:00,8.1,8.1,8.09,8.1,26700,216171.0
000561.SZ,2026-05-29 14:20:00,8.1,8.11,8.09,8.09,37200,301281.0
000561.SZ,2026-05-29 14:21:00,8.09,8.1,8.09,8.1,124800,1010008.0
000561.SZ,2026-05-29 14:22:00,8.1,8.1,8.09,8.09,10900,88240.0
000561.SZ,2026-05-29 14:23:00,8.08,8.09,8.08,8.08,93700,757722.0
000561.SZ,2026-05-29 14:24:00,8.09,8.11,8.09,8.11,40000,324130.0
000561.SZ,2026-05-29 14:25:00,8.11,8.11,8.09,8.09,52000,420826.0
000561.SZ,2026-05-29 14:26:00,8.1,8.1,8.09,8.09,12600,102029.0
000561.SZ,2026-05-29 14:27:00,8.09,8.1,8.09,8.09,20200,163468.0
000561.SZ,2026-05-29 14:28:00,8.09,8.09,8.08,8.09,38400,310525.0
000561.SZ,2026-05-29 14:29:00,8.09,8.09,8.08,8.09,42000,339592.0
000561.SZ,2026-05-29 14:30:00,8.09,8.1,8.09,8.1,41300,334208.0
000561.SZ,2026-05-29 14:31:00,8.1,8.1,8.09,8.1,92700,750205.0
000561.SZ,2026-05-29 14:32:00,8.09,8.1,8.08,8.08,48800,394728.0
000561.SZ,2026-05-29 14:33:00,8.09,8.09,8.08,8.09,118200,955736.0
000561.SZ,2026-05-29 14:34:00,8.1,8.1,8.1,8.1,31000,251100.0
000561.SZ,2026-05-29 14:35:00,8.11,8.12,8.1,8.11,65400,530711.0
000561.SZ,2026-05-29 14:36:00,8.11,8.12,8.08,8.09,101600,822925.0
000561.SZ,2026-05-29 14:37:00,8.08,8.09,8.08,8.09,22200,179593.0
000561.SZ,2026-05-29 14:38:00,8.09,8.09,8.08,8.09,22100,178643.0
000561.SZ,2026-05-29 14:39:00,8.09,8.09,8.09,8.09,24300,196595.0
000561.SZ,2026-05-29 14:40:00,8.09,8.1,8.09,8.1,71400,577774.0
000561.SZ,2026-05-29 14:41:00,8.1,8.1,8.09,8.09,32400,262327.0
000561.SZ,2026-05-29 14:42:00,8.09,8.1,8.08,8.09,48800,394878.0
000561.SZ,2026-05-29 14:43:00,8.09,8.09,8.08,8.08,124015,1002069.2
000561.SZ,2026-05-29 14:44:00,8.09,8.09,8.08,8.08,56200,454372.0
000561.SZ,2026-05-29 14:45:00,8.08,8.08,8.07,8.07,82985,670085.8
000561.SZ,2026-05-29 14:46:00,8.07,8.08,8.06,8.08,89300,720705.0
000561.SZ,2026-05-29 14:47:00,8.07,8.08,8.07,8.07,79800,644519.0
000561.SZ,2026-05-29 14:48:00,8.07,8.08,8.07,8.07,68900,556378.0
000561.SZ,2026-05-29 14:49:00,8.07,8.07,8.06,8.07,157400,1269481.0
000561.SZ,2026-05-29 14:50:00,8.07,8.07,8.06,8.07,57200,461341.0
000561.SZ,2026-05-29 14:51:00,8.08,8.08,8.07,8.07,127400,1028917.0
000561.SZ,2026-05-29 14:52:00,8.07,8.09,8.06,8.09,149600,1208474.0
000561.SZ,2026-05-29 14:53:00,8.09,8.09,8.08,8.09,27700,224086.0
000561.SZ,2026-05-29 14:54:00,8.09,8.1,8.09,8.1,26100,211324.0
000561.SZ,2026-05-29 14:55:00,8.09,8.1,8.09,8.1,89700,726493.0
000561.SZ,2026-05-29 14:56:00,8.09,8.11,8.09,8.11,109600,888479.0
000561.SZ,2026-05-29 14:57:00,8.11,8.11,8.1,8.1,22300,180728.0
000561.SZ,2026-05-29 14:58:00,8.1,8.1,8.1,8.1,0,0.0
000561.SZ,2026-05-29 14:59:00,8.1,8.1,8.1,8.1,0,0.0
000561.SZ,2026-05-29 15:00:00,8.1,8.1,8.1,8.1,78800,638280.0
