ts_code,trade_time,open,high,low,close,vol,amount
002155.SZ,2026-05-06 09:30:00,29.06,29.15,29.06,29.14,678000,19711090.0
002155.SZ,2026-05-06 09:31:00,29.25,29.47,29.19,29.36,1465200,42927210.0
002155.SZ,2026-05-06 09:32:00,29.39,29.45,29.32,29.34,856500,25181304.0
002155.SZ,2026-05-06 09:33:00,29.33,29.34,29.25,29.25,918949,26936156.0
002155.SZ,2026-05-06 09:34:00,29.27,29.27,29.19,29.2,969151,28333004.0
002155.SZ,2026-05-06 09:35:00,29.21,29.21,29.07,29.07,562680,16391741.0
002155.SZ,2026-05-06 09:36:00,29.07,29.11,29.05,29.06,832800,24215676.0
002155.SZ,2026-05-06 09:37:00,29.07,29.15,29.06,29.15,534300,15542567.0
002155.SZ,2026-05-06 09:38:00,29.15,29.18,29.11,29.12,505400,14731056.0
002155.SZ,2026-05-06 09:39:00,29.12,29.15,29.09,29.15,245400,7144281.0
002155.SZ,2026-05-06 09:40:00,29.14,29.15,29.11,29.11,321400,9362788.0
002155.SZ,2026-05-06 09:41:00,29.1,29.13,29.08,29.09,323900,9425412.0
002155.SZ,2026-05-06 09:42:00,29.09,29.09,29.06,29.07,269800,7844982.0
002155.SZ,2026-05-06 09:43:00,29.07,29.08,29.0,29.01,560800,16292327.0
002155.SZ,2026-05-06 09:44:00,28.96,28.99,28.94,28.96,527000,15267862.0
002155.SZ,2026-05-06 09:45:00,28.96,29.06,28.95,29.05,558400,16194144.0
002155.SZ,2026-05-06 09:46:00,29.05,29.07,29.05,29.06,317300,9219462.0
002155.SZ,2026-05-06 09:47:00,29.06,29.06,29.05,29.06,238200,6920121.0
002155.SZ,2026-05-06 09:48:00,29.07,29.16,29.06,29.14,793720,23100456.0
002155.SZ,2026-05-06 09:49:00,29.12,29.24,29.1,29.23,509300,14858203.0
002155.SZ,2026-05-06 09:50:00,29.23,29.24,29.18,29.21,360400,10530710.0
002155.SZ,2026-05-06 09:51:00,29.22,29.25,29.21,29.22,224500,6560786.0
002155.SZ,2026-05-06 09:52:00,29.22,29.29,29.22,29.27,283749,8301915.0
002155.SZ,2026-05-06 09:53:00,29.27,29.3,29.25,29.29,329100,9634578.0
002155.SZ,2026-05-06 09:54:00,29.29,29.29,29.27,29.28,185700,5437850.0
002155.SZ,2026-05-06 09:55:00,29.27,29.28,29.22,29.24,212020,6202529.5
002155.SZ,2026-05-06 09:56:00,29.24,29.24,29.18,29.19,225975,6598677.5
002155.SZ,2026-05-06 09:57:00,29.19,29.22,29.19,29.22,235500,6876920.0
002155.SZ,2026-05-06 09:58:00,29.21,29.22,29.17,29.17,136025,3970307.5
002155.SZ,2026-05-06 09:59:00,29.16,29.22,29.16,29.19,222960,6504547.0
002155.SZ,2026-05-06 10:00:00,29.19,29.2,29.18,29.18,121301,3540579.2
002155.SZ,2026-05-06 10:01:00,29.18,29.24,29.18,29.22,295430,8629356.0
002155.SZ,2026-05-06 10:02:00,29.22,29.25,29.2,29.25,271600,7936851.5
002155.SZ,2026-05-06 10:03:00,29.24,29.25,29.23,29.24,183200,5356949.0
002155.SZ,2026-05-06 10:04:00,29.23,29.25,29.22,29.25,172040,5029217.0
002155.SZ,2026-05-06 10:05:00,29.24,29.29,29.24,29.27,300900,8807530.0
002155.SZ,2026-05-06 10:06:00,29.26,29.3,29.26,29.3,189300,5543976.0
002155.SZ,2026-05-06 10:07:00,29.29,29.29,29.22,29.23,323400,9463007.0
002155.SZ,2026-05-06 10:08:00,29.23,29.26,29.22,29.25,131000,3830305.0
002155.SZ,2026-05-06 10:09:00,29.25,29.32,29.25,29.31,395000,11568188.0
002155.SZ,2026-05-06 10:10:00,29.32,29.35,29.3,29.35,200300,5873448.5
002155.SZ,2026-05-06 10:11:00,29.34,29.35,29.3,29.3,211000,6186960.0
002155.SZ,2026-05-06 10:12:00,29.29,29.31,29.28,29.31,229618,6727150.5
002155.SZ,2026-05-06 10:13:00,29.3,29.33,29.3,29.32,124600,3652202.8
002155.SZ,2026-05-06 10:14:00,29.33,29.34,29.31,29.31,176500,5176541.0
002155.SZ,2026-05-06 10:15:00,29.33,29.34,29.31,29.33,195500,5732007.5
002155.SZ,2026-05-06 10:16:00,29.33,29.35,29.32,29.34,165971,4868298.5
002155.SZ,2026-05-06 10:17:00,29.34,29.34,29.28,29.28,201201,5896834.0
002155.SZ,2026-05-06 10:18:00,29.28,29.3,29.27,29.29,182000,5329058.0
002155.SZ,2026-05-06 10:19:00,29.29,29.31,29.26,29.27,166400,4873185.0
002155.SZ,2026-05-06 10:20:00,29.27,29.28,29.23,29.24,188600,5517210.0
002155.SZ,2026-05-06 10:21:00,29.24,29.26,29.22,29.26,167800,4905171.0
002155.SZ,2026-05-06 10:22:00,29.26,29.32,29.25,29.32,160795,4710301.5
002155.SZ,2026-05-06 10:23:00,29.31,29.35,29.3,29.31,175700,5151454.0
002155.SZ,2026-05-06 10:24:00,29.31,29.33,29.26,29.29,156900,4597127.0
002155.SZ,2026-05-06 10:25:00,29.27,29.32,29.26,29.29,100300,2938837.0
002155.SZ,2026-05-06 10:26:00,29.31,29.37,29.3,29.37,479800,14088906.0
002155.SZ,2026-05-06 10:27:00,29.37,29.48,29.37,29.45,438000,12893469.0
002155.SZ,2026-05-06 10:28:00,29.46,29.49,29.44,29.47,416730,12280379.0
002155.SZ,2026-05-06 10:29:00,29.46,29.47,29.43,29.43,212100,6244721.0
002155.SZ,2026-05-06 10:30:00,29.44,29.47,29.43,29.46,204150,6011636.0
002155.SZ,2026-05-06 10:31:00,29.46,29.47,29.42,29.42,199100,5862925.0
002155.SZ,2026-05-06 10:32:00,29.43,29.46,29.41,29.46,197000,5796951.0
002155.SZ,2026-05-06 10:33:00,29.46,29.48,29.46,29.47,205540,6058110.0
002155.SZ,2026-05-06 10:34:00,29.46,29.5,29.45,29.45,393760,11608856.0
002155.SZ,2026-05-06 10:35:00,29.47,29.47,29.44,29.46,71500,2106021.0
002155.SZ,2026-05-06 10:36:00,29.45,29.47,29.43,29.45,191900,5651129.0
002155.SZ,2026-05-06 10:37:00,29.45,29.47,29.44,29.46,177230,5220163.5
002155.SZ,2026-05-06 10:38:00,29.46,29.47,29.45,29.47,71500,2106569.0
002155.SZ,2026-05-06 10:39:00,29.45,29.46,29.44,29.45,105600,3109533.0
002155.SZ,2026-05-06 10:40:00,29.44,29.44,29.43,29.43,99400,2925983.0
002155.SZ,2026-05-06 10:41:00,29.43,29.45,29.42,29.44,137600,4050516.0
002155.SZ,2026-05-06 10:42:00,29.45,29.45,29.41,29.41,178400,5252302.0
002155.SZ,2026-05-06 10:43:00,29.41,29.43,29.41,29.43,73600,2165482.0
002155.SZ,2026-05-06 10:44:00,29.43,29.43,29.41,29.42,79200,2330356.0
002155.SZ,2026-05-06 10:45:00,29.41,29.48,29.41,29.48,276000,8131074.5
002155.SZ,2026-05-06 10:46:00,29.46,29.5,29.46,29.49,164329,4845293.0
002155.SZ,2026-05-06 10:47:00,29.49,29.57,29.49,29.56,743676,21956540.0
002155.SZ,2026-05-06 10:48:00,29.57,29.58,29.56,29.57,277576,8208062.5
002155.SZ,2026-05-06 10:49:00,29.58,29.6,29.55,29.55,209424,6194383.0
002155.SZ,2026-05-06 10:50:00,29.55,29.57,29.53,29.56,126100,3725494.0
002155.SZ,2026-05-06 10:51:00,29.56,29.57,29.55,29.55,135700,4011872.0
002155.SZ,2026-05-06 10:52:00,29.55,29.55,29.48,29.52,236200,6970854.0
002155.SZ,2026-05-06 10:53:00,29.52,29.52,29.47,29.47,121000,3569049.0
002155.SZ,2026-05-06 10:54:00,29.48,29.48,29.46,29.47,107680,3173257.8
002155.SZ,2026-05-06 10:55:00,29.47,29.55,29.47,29.53,171900,5071272.0
002155.SZ,2026-05-06 10:56:00,29.53,29.54,29.51,29.54,83500,2465513.0
002155.SZ,2026-05-06 10:57:00,29.53,29.56,29.52,29.55,193800,5724878.0
002155.SZ,2026-05-06 10:58:00,29.55,29.58,29.55,29.58,170900,5053742.0
002155.SZ,2026-05-06 10:59:00,29.59,29.6,29.58,29.59,176500,5222244.0
002155.SZ,2026-05-06 11:00:00,29.6,29.6,29.58,29.6,175200,5183908.5
002155.SZ,2026-05-06 11:01:00,29.6,29.6,29.58,29.59,105600,3124832.0
002155.SZ,2026-05-06 11:02:00,29.59,29.6,29.58,29.6,128100,3791087.0
002155.SZ,2026-05-06 11:03:00,29.61,29.65,29.61,29.61,333830,9887266.0
002155.SZ,2026-05-06 11:04:00,29.61,29.65,29.61,29.64,182300,5402103.0
002155.SZ,2026-05-06 11:05:00,29.65,29.69,29.64,29.69,303131,8993187.0
002155.SZ,2026-05-06 11:06:00,29.69,29.69,29.66,29.68,313000,9288416.0
002155.SZ,2026-05-06 11:07:00,29.67,29.67,29.63,29.65,176000,5218433.0
002155.SZ,2026-05-06 11:08:00,29.65,29.68,29.65,29.68,90800,2693821.0
002155.SZ,2026-05-06 11:09:00,29.68,29.7,29.68,29.7,194564,5777147.0
002155.SZ,2026-05-06 11:10:00,29.7,29.71,29.66,29.66,225000,6680524.0
002155.SZ,2026-05-06 11:11:00,29.67,29.69,29.67,29.69,114600,3400928.0
002155.SZ,2026-05-06 11:12:00,29.68,29.68,29.66,29.68,218800,6492693.0
002155.SZ,2026-05-06 11:13:00,29.68,29.69,29.68,29.69,124100,3683959.0
002155.SZ,2026-05-06 11:14:00,29.68,29.69,29.66,29.66,85000,2522709.0
002155.SZ,2026-05-06 11:15:00,29.67,29.72,29.67,29.72,201800,5993435.0
002155.SZ,2026-05-06 11:16:00,29.73,29.75,29.71,29.74,210400,6255039.0
002155.SZ,2026-05-06 11:17:00,29.74,29.74,29.72,29.72,95300,2833372.0
002155.SZ,2026-05-06 11:18:00,29.72,29.75,29.71,29.72,203900,6062551.0
002155.SZ,2026-05-06 11:19:00,29.74,29.74,29.71,29.71,170700,5074925.0
002155.SZ,2026-05-06 11:20:00,29.72,29.77,29.7,29.77,335279,9969854.0
002155.SZ,2026-05-06 11:21:00,29.76,29.78,29.72,29.72,239700,7134945.0
002155.SZ,2026-05-06 11:22:00,29.72,29.73,29.7,29.71,108200,3214574.0
002155.SZ,2026-05-06 11:23:00,29.72,29.84,29.72,29.82,625637,18637930.0
002155.SZ,2026-05-06 11:24:00,29.81,29.85,29.81,29.82,287100,8562473.0
002155.SZ,2026-05-06 11:25:00,29.82,29.83,29.81,29.83,134500,4010806.0
002155.SZ,2026-05-06 11:26:00,29.83,29.84,29.83,29.83,156688,4674859.0
002155.SZ,2026-05-06 11:27:00,29.8,29.81,29.78,29.78,358712,10690471.0
002155.SZ,2026-05-06 11:28:00,29.78,29.83,29.77,29.82,108922,3246088.8
002155.SZ,2026-05-06 11:29:00,29.82,29.88,29.82,29.87,205490,6133964.0
002155.SZ,2026-05-06 11:30:00,29.87,29.92,29.87,29.88,291300,8707871.0
002155.SZ,2026-05-06 13:01:00,29.91,29.95,29.85,29.93,702730,21012746.0
002155.SZ,2026-05-06 13:02:00,29.92,29.96,29.9,29.92,229990,6883614.0
002155.SZ,2026-05-06 13:03:00,29.91,29.97,29.91,29.95,203400,6092113.0
002155.SZ,2026-05-06 13:04:00,29.94,29.99,29.94,29.99,431300,12930577.0
002155.SZ,2026-05-06 13:05:00,29.99,30.0,29.95,29.96,246300,7384911.0
002155.SZ,2026-05-06 13:06:00,29.95,29.95,29.89,29.93,214796,6428206.5
002155.SZ,2026-05-06 13:07:00,29.94,29.94,29.93,29.93,95300,2852725.0
002155.SZ,2026-05-06 13:08:00,29.94,29.96,29.94,29.95,95000,2845136.0
002155.SZ,2026-05-06 13:09:00,29.94,29.96,29.94,29.94,157000,4701783.0
002155.SZ,2026-05-06 13:10:00,29.94,29.98,29.93,29.98,233000,6979938.0
002155.SZ,2026-05-06 13:11:00,29.98,30.0,29.97,29.98,200700,6018500.0
002155.SZ,2026-05-06 13:12:00,29.99,29.99,29.95,29.95,187000,5604212.0
002155.SZ,2026-05-06 13:13:00,29.91,29.92,29.89,29.92,604000,18070168.0
002155.SZ,2026-05-06 13:14:00,29.9,29.95,29.9,29.92,124600,3729528.0
002155.SZ,2026-05-06 13:15:00,29.91,29.91,29.88,29.89,155500,4649036.0
002155.SZ,2026-05-06 13:16:00,29.89,29.93,29.89,29.91,115600,3457764.0
002155.SZ,2026-05-06 13:17:00,29.91,29.92,29.9,29.9,130700,3908968.0
002155.SZ,2026-05-06 13:18:00,29.9,29.93,29.9,29.92,100300,3001025.0
002155.SZ,2026-05-06 13:19:00,29.93,29.93,29.92,29.93,113000,3382099.0
002155.SZ,2026-05-06 13:20:00,29.92,29.96,29.91,29.96,208700,6249353.0
002155.SZ,2026-05-06 13:21:00,29.94,29.95,29.91,29.91,142800,4275125.0
002155.SZ,2026-05-06 13:22:00,29.92,29.93,29.9,29.91,101000,3021141.0
002155.SZ,2026-05-06 13:23:00,29.9,29.91,29.89,29.91,217100,6490984.0
002155.SZ,2026-05-06 13:24:00,29.9,29.91,29.89,29.9,145800,4359004.0
002155.SZ,2026-05-06 13:25:00,29.91,29.93,29.9,29.93,142900,4275681.0
002155.SZ,2026-05-06 13:26:00,29.94,29.95,29.93,29.95,117400,3515114.0
002155.SZ,2026-05-06 13:27:00,29.95,29.96,29.94,29.95,200900,6017770.0
002155.SZ,2026-05-06 13:28:00,29.94,29.96,29.94,29.94,95400,2857501.0
002155.SZ,2026-05-06 13:29:00,29.95,29.97,29.94,29.96,200800,6015131.0
002155.SZ,2026-05-06 13:30:00,29.96,29.99,29.96,29.98,148130,4440670.5
002155.SZ,2026-05-06 13:31:00,29.99,29.99,29.96,29.96,173770,5209282.5
002155.SZ,2026-05-06 13:32:00,29.97,29.97,29.9,29.9,122600,3668796.0
002155.SZ,2026-05-06 13:33:00,29.91,29.94,29.9,29.94,221700,6632154.0
002155.SZ,2026-05-06 13:34:00,29.94,29.95,29.9,29.92,158600,4745802.0
002155.SZ,2026-05-06 13:35:00,29.93,29.98,29.93,29.96,184600,5530824.0
002155.SZ,2026-05-06 13:36:00,29.96,29.96,29.94,29.94,110400,3306944.0
002155.SZ,2026-05-06 13:37:00,29.95,29.96,29.93,29.94,133600,4000338.0
002155.SZ,2026-05-06 13:38:00,29.94,29.94,29.92,29.94,167600,5015228.0
002155.SZ,2026-05-06 13:39:00,29.93,29.98,29.93,29.97,174400,5225269.5
002155.SZ,2026-05-06 13:40:00,29.97,30.14,29.97,30.1,1406050,42208616.0
002155.SZ,2026-05-06 13:41:00,30.1,30.1,30.02,30.05,325500,9787439.0
002155.SZ,2026-05-06 13:42:00,30.04,30.09,30.03,30.08,237200,7130017.5
002155.SZ,2026-05-06 13:43:00,30.09,30.17,30.08,30.12,429800,12949528.0
002155.SZ,2026-05-06 13:44:00,30.14,30.18,30.14,30.15,269200,8117265.0
002155.SZ,2026-05-06 13:45:00,30.16,30.19,30.11,30.14,331800,10007013.0
002155.SZ,2026-05-06 13:46:00,30.16,30.19,30.14,30.18,267000,8052299.0
002155.SZ,2026-05-06 13:47:00,30.17,30.19,30.16,30.17,219400,6620442.0
002155.SZ,2026-05-06 13:48:00,30.17,30.2,30.16,30.18,285600,8618558.0
002155.SZ,2026-05-06 13:49:00,30.18,30.28,30.18,30.28,683000,20636624.0
002155.SZ,2026-05-06 13:50:00,30.29,30.35,30.28,30.29,887200,26878726.0
002155.SZ,2026-05-06 13:51:00,30.3,30.3,30.26,30.3,257490,7798348.0
002155.SZ,2026-05-06 13:52:00,30.3,30.32,30.27,30.28,227510,6892967.5
002155.SZ,2026-05-06 13:53:00,30.28,30.29,30.26,30.26,177400,5371269.0
002155.SZ,2026-05-06 13:54:00,30.25,30.27,30.23,30.23,172100,5206337.0
002155.SZ,2026-05-06 13:55:00,30.22,30.25,30.2,30.24,228400,6902931.0
002155.SZ,2026-05-06 13:56:00,30.24,30.25,30.23,30.25,162000,4899427.0
002155.SZ,2026-05-06 13:57:00,30.25,30.35,30.25,30.34,390300,11831033.0
002155.SZ,2026-05-06 13:58:00,30.34,30.39,30.34,30.38,546950,16613552.0
002155.SZ,2026-05-06 13:59:00,30.38,30.4,30.36,30.39,189200,5749119.0
002155.SZ,2026-05-06 14:00:00,30.39,30.39,30.37,30.39,170700,5185556.0
002155.SZ,2026-05-06 14:01:00,30.38,30.4,30.36,30.36,268500,8157648.0
002155.SZ,2026-05-06 14:02:00,30.35,30.36,30.33,30.33,205200,6227918.0
002155.SZ,2026-05-06 14:03:00,30.38,30.38,30.35,30.38,175900,5341832.0
002155.SZ,2026-05-06 14:04:00,30.38,30.39,30.33,30.33,260000,7895657.5
002155.SZ,2026-05-06 14:05:00,30.32,30.34,30.29,30.31,247600,7507998.0
002155.SZ,2026-05-06 14:06:00,30.32,30.32,30.25,30.27,165000,4996380.0
002155.SZ,2026-05-06 14:07:00,30.31,30.34,30.28,30.34,362200,10981306.0
002155.SZ,2026-05-06 14:08:00,30.35,30.39,30.35,30.39,397625,12075991.0
002155.SZ,2026-05-06 14:09:00,30.43,30.46,30.4,30.4,823510,25049624.0
002155.SZ,2026-05-06 14:10:00,30.41,30.41,30.32,30.32,335500,10188398.0
002155.SZ,2026-05-06 14:11:00,30.31,30.38,30.3,30.37,535500,16251697.0
002155.SZ,2026-05-06 14:12:00,30.36,30.4,30.33,30.33,228600,6944229.0
002155.SZ,2026-05-06 14:13:00,30.33,30.33,30.2,30.2,279600,8466969.0
002155.SZ,2026-05-06 14:14:00,30.2,30.2,30.16,30.19,293600,8861033.0
002155.SZ,2026-05-06 14:15:00,30.21,30.28,30.21,30.28,232100,7017472.0
002155.SZ,2026-05-06 14:16:00,30.29,30.29,30.26,30.28,295500,8945845.0
002155.SZ,2026-05-06 14:17:00,30.31,30.33,30.28,30.31,184700,5598235.0
002155.SZ,2026-05-06 14:18:00,30.33,30.34,30.3,30.31,169700,5146108.0
002155.SZ,2026-05-06 14:19:00,30.31,30.31,30.25,30.26,172800,5231614.0
002155.SZ,2026-05-06 14:20:00,30.26,30.29,30.26,30.27,114100,3454348.0
002155.SZ,2026-05-06 14:21:00,30.27,30.28,30.25,30.26,77500,2345648.0
002155.SZ,2026-05-06 14:22:00,30.28,30.3,30.26,30.28,115000,3482057.0
002155.SZ,2026-05-06 14:23:00,30.29,30.29,30.28,30.28,104800,3173701.0
002155.SZ,2026-05-06 14:24:00,30.27,30.28,30.26,30.26,90000,2724240.0
002155.SZ,2026-05-06 14:25:00,30.25,30.26,30.23,30.25,91300,2761905.0
002155.SZ,2026-05-06 14:26:00,30.24,30.27,30.24,30.25,166000,5022577.0
002155.SZ,2026-05-06 14:27:00,30.27,30.29,30.26,30.28,160200,4850035.0
002155.SZ,2026-05-06 14:28:00,30.29,30.29,30.26,30.26,133600,4044438.0
002155.SZ,2026-05-06 14:29:00,30.26,30.28,30.26,30.27,137400,4159112.0
002155.SZ,2026-05-06 14:30:00,30.27,30.3,30.26,30.3,215900,6537117.0
002155.SZ,2026-05-06 14:31:00,30.29,30.3,30.29,30.29,126700,3838612.0
002155.SZ,2026-05-06 14:32:00,30.29,30.29,30.26,30.27,256200,7756046.0
002155.SZ,2026-05-06 14:33:00,30.26,30.27,30.25,30.26,206500,6248814.0
002155.SZ,2026-05-06 14:34:00,30.25,30.25,30.22,30.24,240800,7280756.0
002155.SZ,2026-05-06 14:35:00,30.23,30.23,30.19,30.2,383600,11581560.0
002155.SZ,2026-05-06 14:36:00,30.2,30.24,30.2,30.23,155630,4703716.5
002155.SZ,2026-05-06 14:37:00,30.24,30.25,30.23,30.25,218000,6593257.0
002155.SZ,2026-05-06 14:38:00,30.24,30.26,30.24,30.26,119100,3602742.0
002155.SZ,2026-05-06 14:39:00,30.27,30.27,30.26,30.26,190600,5767338.0
002155.SZ,2026-05-06 14:40:00,30.27,30.29,30.26,30.29,219000,6630257.0
002155.SZ,2026-05-06 14:41:00,30.28,30.29,30.26,30.29,232800,7048253.0
002155.SZ,2026-05-06 14:42:00,30.29,30.31,30.28,30.3,481400,14584577.0
002155.SZ,2026-05-06 14:43:00,30.28,30.29,30.27,30.28,185800,5626699.0
002155.SZ,2026-05-06 14:44:00,30.28,30.29,30.28,30.29,188400,5705445.0
002155.SZ,2026-05-06 14:45:00,30.29,30.33,30.29,30.31,533500,16170425.0
002155.SZ,2026-05-06 14:46:00,30.3,30.33,30.3,30.33,300800,9119354.0
002155.SZ,2026-05-06 14:47:00,30.32,30.33,30.31,30.31,245500,7443516.0
002155.SZ,2026-05-06 14:48:00,30.31,30.32,30.3,30.3,109530,3319818.0
002155.SZ,2026-05-06 14:49:00,30.3,30.32,30.3,30.31,231500,7017755.0
002155.SZ,2026-05-06 14:50:00,30.31,30.32,30.31,30.31,160500,4866048.0
002155.SZ,2026-05-06 14:51:00,30.3,30.32,30.3,30.3,291580,8838242.0
002155.SZ,2026-05-06 14:52:00,30.3,30.31,30.29,30.31,249450,7558124.0
002155.SZ,2026-05-06 14:53:00,30.3,30.3,30.28,30.28,298400,9039660.0
002155.SZ,2026-05-06 14:54:00,30.29,30.29,30.28,30.28,413517,12522414.0
002155.SZ,2026-05-06 14:55:00,30.28,30.29,30.27,30.28,430000,13020419.0
002155.SZ,2026-05-06 14:56:00,30.28,30.3,30.28,30.3,531800,16105638.0
002155.SZ,2026-05-06 14:57:00,30.29,30.29,30.27,30.28,420600,12737336.0
002155.SZ,2026-05-06 14:58:00,30.28,30.28,30.28,30.28,0,0.0
002155.SZ,2026-05-06 14:59:00,30.28,30.28,30.28,30.28,0,0.0
002155.SZ,2026-05-06 15:00:00,30.26,30.26,30.26,30.26,572300,17317798.0
002155.SZ,2026-05-07 09:30:00,30.7,30.71,30.58,30.69,1216800,37348270.0
002155.SZ,2026-05-07 09:31:00,30.7,30.74,30.49,30.7,2341600,71775920.0
002155.SZ,2026-05-07 09:32:00,30.67,30.77,30.52,30.64,1687200,51708904.0
002155.SZ,2026-05-07 09:33:00,30.6,30.6,30.43,30.46,1121985,34226944.0
002155.SZ,2026-05-07 09:34:00,30.45,30.53,30.38,30.52,1280900,39034050.0
002155.SZ,2026-05-07 09:35:00,30.49,30.51,30.47,30.47,871700,26581908.0
002155.SZ,2026-05-07 09:36:00,30.51,30.51,30.45,30.45,705200,21492700.0
002155.SZ,2026-05-07 09:37:00,30.44,30.48,30.33,30.42,983369,29914316.0
002155.SZ,2026-05-07 09:38:00,30.43,30.5,30.39,30.47,681200,20731600.0
002155.SZ,2026-05-07 09:39:00,30.49,30.55,30.49,30.52,566600,17287708.0
002155.SZ,2026-05-07 09:40:00,30.51,30.54,30.48,30.53,639280,19502416.0
002155.SZ,2026-05-07 09:41:00,30.53,30.6,30.53,30.6,563200,17216208.0
002155.SZ,2026-05-07 09:42:00,30.6,30.6,30.54,30.57,616000,18827580.0
002155.SZ,2026-05-07 09:43:00,30.55,30.55,30.48,30.48,541800,16532349.0
002155.SZ,2026-05-07 09:44:00,30.46,30.46,30.36,30.36,737130,22414890.0
002155.SZ,2026-05-07 09:45:00,30.37,30.42,30.36,30.41,734800,22326472.0
002155.SZ,2026-05-07 09:46:00,30.41,30.41,30.27,30.3,774600,23493122.0
002155.SZ,2026-05-07 09:47:00,30.31,30.34,30.3,30.34,518277,15712504.0
002155.SZ,2026-05-07 09:48:00,30.34,30.34,30.31,30.32,395700,11999800.0
002155.SZ,2026-05-07 09:49:00,30.32,30.39,30.32,30.39,318500,9664981.0
002155.SZ,2026-05-07 09:50:00,30.4,30.45,30.34,30.34,454100,13805788.0
002155.SZ,2026-05-07 09:51:00,30.31,30.33,30.27,30.32,565930,17145164.0
002155.SZ,2026-05-07 09:52:00,30.32,30.33,30.22,30.22,722800,21891254.0
002155.SZ,2026-05-07 09:53:00,30.21,30.33,30.2,30.32,496275,15013804.0
002155.SZ,2026-05-07 09:54:00,30.37,30.37,30.3,30.3,551500,16732706.0
002155.SZ,2026-05-07 09:55:00,30.28,30.29,30.22,30.22,378000,11436334.0
002155.SZ,2026-05-07 09:56:00,30.22,30.22,30.08,30.09,850000,25625816.0
002155.SZ,2026-05-07 09:57:00,30.08,30.08,30.05,30.06,529700,15927384.0
002155.SZ,2026-05-07 09:58:00,30.06,30.07,30.02,30.02,429400,12903060.0
002155.SZ,2026-05-07 09:59:00,30.02,30.02,29.94,30.02,784500,23527938.0
002155.SZ,2026-05-07 10:00:00,30.04,30.09,30.03,30.06,563400,16930272.0
002155.SZ,2026-05-07 10:01:00,30.06,30.1,30.03,30.09,450050,13530162.0
002155.SZ,2026-05-07 10:02:00,30.1,30.17,30.09,30.17,610300,18388984.0
002155.SZ,2026-05-07 10:03:00,30.17,30.2,30.13,30.13,264000,7966081.0
002155.SZ,2026-05-07 10:04:00,30.13,30.13,30.03,30.06,280345,8431929.0
002155.SZ,2026-05-07 10:05:00,30.03,30.1,30.03,30.07,388955,11690130.0
002155.SZ,2026-05-07 10:06:00,30.08,30.09,30.05,30.09,279700,8411588.0
002155.SZ,2026-05-07 10:07:00,30.08,30.09,30.06,30.06,276900,8327365.0
002155.SZ,2026-05-07 10:08:00,30.06,30.13,30.06,30.12,378300,11385287.0
002155.SZ,2026-05-07 10:09:00,30.12,30.29,30.12,30.29,548300,16560494.0
002155.SZ,2026-05-07 10:10:00,30.24,30.24,30.17,30.19,215000,6494248.0
002155.SZ,2026-05-07 10:11:00,30.16,30.17,30.13,30.16,154200,4650091.0
002155.SZ,2026-05-07 10:12:00,30.14,30.14,30.1,30.1,185600,5591087.0
002155.SZ,2026-05-07 10:13:00,30.1,30.12,30.05,30.05,206300,6205185.0
002155.SZ,2026-05-07 10:14:00,30.04,30.05,30.0,30.0,269900,8102563.0
002155.SZ,2026-05-07 10:15:00,30.01,30.02,29.97,29.98,354800,10641999.0
002155.SZ,2026-05-07 10:16:00,29.98,29.98,29.96,29.97,176600,5292354.0
002155.SZ,2026-05-07 10:17:00,29.96,29.97,29.94,29.94,314500,9420705.0
002155.SZ,2026-05-07 10:18:00,29.95,30.0,29.94,29.97,229300,6872918.0
002155.SZ,2026-05-07 10:19:00,29.98,29.99,29.95,29.99,289400,8672962.0
002155.SZ,2026-05-07 10:20:00,29.98,30.0,29.98,29.99,182600,5476983.0
002155.SZ,2026-05-07 10:21:00,29.99,30.0,29.98,29.99,136500,4093988.0
002155.SZ,2026-05-07 10:22:00,29.99,30.03,29.99,30.02,115700,3471978.0
002155.SZ,2026-05-07 10:23:00,30.01,30.03,29.98,29.99,225100,6753842.0
002155.SZ,2026-05-07 10:24:00,29.98,29.99,29.97,29.97,142200,4262935.0
002155.SZ,2026-05-07 10:25:00,29.97,30.0,29.97,29.99,178000,5337668.0
002155.SZ,2026-05-07 10:26:00,30.0,30.01,29.99,30.0,121760,3652409.0
002155.SZ,2026-05-07 10:27:00,30.01,30.03,30.0,30.03,145900,4377824.5
002155.SZ,2026-05-07 10:28:00,30.03,30.04,30.0,30.0,592240,17802360.0
002155.SZ,2026-05-07 10:29:00,29.99,30.0,29.96,29.97,209200,6271624.0
002155.SZ,2026-05-07 10:30:00,29.96,30.0,29.96,29.98,164500,4930044.0
002155.SZ,2026-05-07 10:31:00,29.97,29.97,29.88,29.9,847400,25349960.0
002155.SZ,2026-05-07 10:32:00,29.89,29.9,29.85,29.87,815900,24370248.0
002155.SZ,2026-05-07 10:33:00,29.86,29.87,29.85,29.87,212330,6341637.5
002155.SZ,2026-05-07 10:34:00,29.87,29.89,29.87,29.88,280100,8368744.0
002155.SZ,2026-05-07 10:35:00,29.88,29.93,29.88,29.93,211000,6308465.0
002155.SZ,2026-05-07 10:36:00,29.92,29.97,29.92,29.95,148000,4431230.0
002155.SZ,2026-05-07 10:37:00,29.95,30.0,29.94,29.99,205000,6145584.0
002155.SZ,2026-05-07 10:38:00,30.0,30.02,30.0,30.0,202300,6069443.0
002155.SZ,2026-05-07 10:39:00,30.0,30.02,29.99,30.0,145800,4374149.0
002155.SZ,2026-05-07 10:40:00,30.0,30.05,29.98,30.05,271600,8147102.0
002155.SZ,2026-05-07 10:41:00,30.04,30.06,30.01,30.04,159700,4796088.0
002155.SZ,2026-05-07 10:42:00,30.03,30.05,30.02,30.05,141100,4237537.0
002155.SZ,2026-05-07 10:43:00,30.05,30.14,30.04,30.13,218000,6560006.0
002155.SZ,2026-05-07 10:44:00,30.13,30.18,30.12,30.17,215400,6496728.0
002155.SZ,2026-05-07 10:45:00,30.16,30.19,30.14,30.16,219800,6630089.0
002155.SZ,2026-05-07 10:46:00,30.17,30.25,30.16,30.24,425700,12861739.0
002155.SZ,2026-05-07 10:47:00,30.23,30.32,30.22,30.32,356523,10786713.0
002155.SZ,2026-05-07 10:48:00,30.32,30.32,30.26,30.26,197500,5981634.5
002155.SZ,2026-05-07 10:49:00,30.27,30.28,30.24,30.24,399200,12077776.0
002155.SZ,2026-05-07 10:50:00,30.26,30.27,30.2,30.26,201300,6086758.0
002155.SZ,2026-05-07 10:51:00,30.26,30.28,30.22,30.25,234800,7104712.0
002155.SZ,2026-05-07 10:52:00,30.25,30.26,30.18,30.18,217800,6584521.0
002155.SZ,2026-05-07 10:53:00,30.21,30.24,30.19,30.24,129300,3906999.0
002155.SZ,2026-05-07 10:54:00,30.23,30.24,30.16,30.16,210000,6343729.0
002155.SZ,2026-05-07 10:55:00,30.16,30.17,30.15,30.17,147300,4442007.0
002155.SZ,2026-05-07 10:56:00,30.17,30.17,30.13,30.15,74260,2238752.0
002155.SZ,2026-05-07 10:57:00,30.13,30.17,30.13,30.16,133900,4036017.5
002155.SZ,2026-05-07 10:58:00,30.16,30.17,30.13,30.15,115000,3466941.5
002155.SZ,2026-05-07 10:59:00,30.16,30.2,30.14,30.19,79400,2395298.0
002155.SZ,2026-05-07 11:00:00,30.2,30.23,30.18,30.22,174200,5261987.0
002155.SZ,2026-05-07 11:01:00,30.19,30.23,30.16,30.16,224100,6766262.0
002155.SZ,2026-05-07 11:02:00,30.16,30.25,30.16,30.2,157000,4738770.0
002155.SZ,2026-05-07 11:03:00,30.26,30.26,30.22,30.24,81300,2458001.0
002155.SZ,2026-05-07 11:04:00,30.24,30.25,30.2,30.22,74300,2246219.0
002155.SZ,2026-05-07 11:05:00,30.22,30.25,30.22,30.24,114200,3452769.0
002155.SZ,2026-05-07 11:06:00,30.24,30.29,30.2,30.22,381200,11529403.0
002155.SZ,2026-05-07 11:07:00,30.21,30.26,30.2,30.2,129050,3901347.5
002155.SZ,2026-05-07 11:08:00,30.2,30.2,30.12,30.14,84400,2546006.0
002155.SZ,2026-05-07 11:09:00,30.13,30.13,30.11,30.13,60000,1807362.0
002155.SZ,2026-05-07 11:10:00,30.14,30.15,30.12,30.15,27700,834784.0
002155.SZ,2026-05-07 11:11:00,30.16,30.16,30.11,30.11,99000,2984477.0
002155.SZ,2026-05-07 11:12:00,30.11,30.12,30.07,30.07,114000,3431581.0
002155.SZ,2026-05-07 11:13:00,30.06,30.08,30.06,30.07,30600,920078.0
002155.SZ,2026-05-07 11:14:00,30.06,30.07,30.05,30.06,70000,2103994.0
002155.SZ,2026-05-07 11:15:00,30.06,30.07,30.05,30.05,47400,1424714.0
002155.SZ,2026-05-07 11:16:00,30.07,30.09,30.06,30.09,35800,1076861.0
002155.SZ,2026-05-07 11:17:00,30.1,30.1,30.07,30.09,94200,2833809.0
002155.SZ,2026-05-07 11:18:00,30.08,30.08,30.05,30.06,103500,3111839.0
002155.SZ,2026-05-07 11:19:00,30.08,30.11,30.07,30.1,45500,1369204.0
002155.SZ,2026-05-07 11:20:00,30.1,30.15,30.1,30.13,69000,2078286.0
002155.SZ,2026-05-07 11:21:00,30.14,30.15,30.11,30.12,30600,921830.0
002155.SZ,2026-05-07 11:22:00,30.12,30.12,30.1,30.1,40300,1213301.0
002155.SZ,2026-05-07 11:23:00,30.11,30.15,30.11,30.14,53800,1620834.0
002155.SZ,2026-05-07 11:24:00,30.14,30.14,30.1,30.11,66500,2003220.0
002155.SZ,2026-05-07 11:25:00,30.11,30.12,30.09,30.1,53300,1604274.0
002155.SZ,2026-05-07 11:26:00,30.11,30.12,30.1,30.11,34400,1035776.0
002155.SZ,2026-05-07 11:27:00,30.1,30.13,30.09,30.12,100200,3016648.0
002155.SZ,2026-05-07 11:28:00,30.11,30.14,30.1,30.13,60700,1828338.0
002155.SZ,2026-05-07 11:29:00,30.13,30.14,30.11,30.13,85200,2566436.0
002155.SZ,2026-05-07 11:30:00,30.12,30.12,30.1,30.1,66400,1999471.0
002155.SZ,2026-05-07 13:01:00,30.1,30.1,29.7,29.92,1319400,39448548.0
002155.SZ,2026-05-07 13:02:00,29.92,29.93,29.87,29.92,1032600,30792268.0
002155.SZ,2026-05-07 13:03:00,29.91,29.97,29.91,29.95,130200,3898614.0
002155.SZ,2026-05-07 13:04:00,29.95,29.98,29.93,29.97,124900,3742055.0
002155.SZ,2026-05-07 13:05:00,29.95,29.95,29.93,29.93,121300,3631309.0
002155.SZ,2026-05-07 13:06:00,29.93,29.95,29.92,29.93,84900,2540841.0
002155.SZ,2026-05-07 13:07:00,29.93,29.95,29.92,29.92,105700,3164441.8
002155.SZ,2026-05-07 13:08:00,29.92,29.93,29.9,29.9,127400,3811202.0
002155.SZ,2026-05-07 13:09:00,29.91,29.95,29.9,29.94,83700,2504365.0
002155.SZ,2026-05-07 13:10:00,29.93,29.93,29.91,29.91,82700,2474491.0
002155.SZ,2026-05-07 13:11:00,29.91,29.92,29.91,29.91,83600,2500605.0
002155.SZ,2026-05-07 13:12:00,29.9,29.91,29.89,29.89,171400,5125342.0
002155.SZ,2026-05-07 13:13:00,29.89,29.92,29.89,29.91,99600,2978164.0
002155.SZ,2026-05-07 13:14:00,29.9,29.95,29.9,29.94,222200,6649872.5
002155.SZ,2026-05-07 13:15:00,29.93,29.95,29.93,29.94,40300,1206521.0
002155.SZ,2026-05-07 13:16:00,29.93,29.93,29.9,29.91,126500,3783590.0
002155.SZ,2026-05-07 13:17:00,29.92,29.92,29.89,29.89,82370,2463182.0
002155.SZ,2026-05-07 13:18:00,29.9,29.9,29.88,29.89,183800,5493326.0
002155.SZ,2026-05-07 13:19:00,29.89,29.89,29.86,29.87,272730,8146663.5
002155.SZ,2026-05-07 13:20:00,29.88,29.88,29.86,29.86,102400,3058737.0
002155.SZ,2026-05-07 13:21:00,29.86,29.88,29.85,29.87,240700,7185391.0
002155.SZ,2026-05-07 13:22:00,29.89,29.91,29.89,29.9,106900,3195507.0
002155.SZ,2026-05-07 13:23:00,29.9,29.91,29.89,29.89,132100,3950263.0
002155.SZ,2026-05-07 13:24:00,29.9,29.9,29.85,29.86,113000,3375159.0
002155.SZ,2026-05-07 13:25:00,29.86,29.9,29.86,29.86,95100,2840448.0
002155.SZ,2026-05-07 13:26:00,29.87,29.87,29.83,29.85,215800,6439288.0
002155.SZ,2026-05-07 13:27:00,29.85,29.85,29.83,29.84,209100,6239862.0
002155.SZ,2026-05-07 13:28:00,29.84,29.87,29.84,29.86,95500,2850756.0
002155.SZ,2026-05-07 13:29:00,29.86,29.87,29.85,29.86,78900,2355518.0
002155.SZ,2026-05-07 13:30:00,29.87,29.88,29.86,29.88,107800,3219464.0
002155.SZ,2026-05-07 13:31:00,29.87,29.9,29.87,29.88,99800,2982229.0
002155.SZ,2026-05-07 13:32:00,29.88,29.89,29.87,29.88,97800,2922348.0
002155.SZ,2026-05-07 13:33:00,29.89,29.95,29.89,29.95,146300,4375770.0
002155.SZ,2026-05-07 13:34:00,29.95,29.98,29.95,29.97,68200,2043574.0
002155.SZ,2026-05-07 13:35:00,29.98,30.02,29.97,30.0,184300,5527870.0
002155.SZ,2026-05-07 13:36:00,29.99,30.01,29.99,29.99,82900,2487032.8
002155.SZ,2026-05-07 13:37:00,29.99,29.99,29.95,29.96,109200,3273184.0
002155.SZ,2026-05-07 13:38:00,29.97,30.0,29.97,29.99,21000,629705.0
002155.SZ,2026-05-07 13:39:00,29.97,30.0,29.97,29.97,93200,2795058.0
002155.SZ,2026-05-07 13:40:00,29.98,30.0,29.98,30.0,66700,2000110.0
002155.SZ,2026-05-07 13:41:00,29.99,30.02,29.99,30.02,74500,2235827.0
002155.SZ,2026-05-07 13:42:00,30.02,30.02,30.0,30.01,57000,1710699.0
002155.SZ,2026-05-07 13:43:00,30.02,30.08,30.02,30.07,143600,4315018.0
002155.SZ,2026-05-07 13:44:00,30.07,30.1,30.05,30.05,134500,4045985.0
002155.SZ,2026-05-07 13:45:00,30.05,30.1,30.05,30.08,69600,2093369.0
002155.SZ,2026-05-07 13:46:00,30.08,30.09,30.07,30.08,100000,3007852.0
002155.SZ,2026-05-07 13:47:00,30.08,30.13,30.08,30.13,109000,3281635.0
002155.SZ,2026-05-07 13:48:00,30.13,30.14,30.12,30.14,116100,3498227.0
002155.SZ,2026-05-07 13:49:00,30.14,30.16,30.14,30.16,78600,2369890.0
002155.SZ,2026-05-07 13:50:00,30.16,30.18,30.15,30.17,94300,2844223.0
002155.SZ,2026-05-07 13:51:00,30.17,30.23,30.16,30.23,206300,6228261.0
002155.SZ,2026-05-07 13:52:00,30.22,30.23,30.19,30.19,89200,2695205.0
002155.SZ,2026-05-07 13:53:00,30.19,30.2,30.16,30.16,115600,3489291.0
002155.SZ,2026-05-07 13:54:00,30.17,30.18,30.16,30.17,87600,2643134.0
002155.SZ,2026-05-07 13:55:00,30.17,30.19,30.16,30.19,149020,4496687.5
002155.SZ,2026-05-07 13:56:00,30.19,30.19,30.16,30.16,132200,3989645.0
002155.SZ,2026-05-07 13:57:00,30.17,30.17,30.15,30.16,63311,1909539.8
002155.SZ,2026-05-07 13:58:00,30.16,30.16,30.11,30.12,71789,2163768.2
002155.SZ,2026-05-07 13:59:00,30.11,30.11,30.09,30.09,192900,5804438.0
002155.SZ,2026-05-07 14:00:00,30.09,30.09,30.07,30.09,125400,3772664.0
002155.SZ,2026-05-07 14:01:00,30.11,30.18,30.11,30.17,198600,5989175.5
002155.SZ,2026-05-07 14:02:00,30.16,30.16,30.15,30.15,146400,4415077.0
002155.SZ,2026-05-07 14:03:00,30.15,30.17,30.13,30.17,122300,3687736.0
002155.SZ,2026-05-07 14:04:00,30.17,30.17,30.15,30.16,131200,3957740.0
002155.SZ,2026-05-07 14:05:00,30.16,30.17,30.16,30.16,62200,1876047.0
002155.SZ,2026-05-07 14:06:00,30.15,30.16,30.15,30.15,113400,3419293.0
002155.SZ,2026-05-07 14:07:00,30.15,30.17,30.15,30.16,97900,2952953.0
002155.SZ,2026-05-07 14:08:00,30.18,30.22,30.18,30.21,218700,6604658.0
002155.SZ,2026-05-07 14:09:00,30.21,30.21,30.16,30.17,95300,2877184.0
002155.SZ,2026-05-07 14:10:00,30.17,30.19,30.16,30.18,42800,1291603.0
002155.SZ,2026-05-07 14:11:00,30.18,30.19,30.16,30.16,150900,4553885.5
002155.SZ,2026-05-07 14:12:00,30.17,30.18,30.16,30.17,78800,2377225.0
002155.SZ,2026-05-07 14:13:00,30.17,30.17,30.15,30.15,61900,1866714.0
002155.SZ,2026-05-07 14:14:00,30.15,30.16,30.15,30.15,78000,2351724.0
002155.SZ,2026-05-07 14:15:00,30.15,30.16,30.14,30.14,205700,6202249.0
002155.SZ,2026-05-07 14:16:00,30.14,30.15,30.13,30.14,105200,3170962.0
002155.SZ,2026-05-07 14:17:00,30.14,30.14,30.13,30.14,104500,3149283.0
002155.SZ,2026-05-07 14:18:00,30.13,30.15,30.13,30.15,125800,3791951.0
002155.SZ,2026-05-07 14:19:00,30.14,30.15,30.14,30.14,86900,2619409.0
002155.SZ,2026-05-07 14:20:00,30.14,30.16,30.14,30.15,86200,2598563.0
002155.SZ,2026-05-07 14:21:00,30.16,30.16,30.14,30.16,87700,2644303.0
002155.SZ,2026-05-07 14:22:00,30.16,30.16,30.15,30.15,125900,3796127.0
002155.SZ,2026-05-07 14:23:00,30.16,30.17,30.14,30.14,113500,3422593.0
002155.SZ,2026-05-07 14:24:00,30.15,30.16,30.14,30.15,185700,5598093.0
002155.SZ,2026-05-07 14:25:00,30.14,30.17,30.14,30.17,212400,6402695.0
002155.SZ,2026-05-07 14:26:00,30.17,30.19,30.16,30.19,191778,5787193.0
002155.SZ,2026-05-07 14:27:00,30.18,30.19,30.16,30.17,98200,2963293.0
002155.SZ,2026-05-07 14:28:00,30.17,30.18,30.16,30.16,81400,2455791.0
002155.SZ,2026-05-07 14:29:00,30.17,30.17,30.15,30.17,101600,3064741.0
002155.SZ,2026-05-07 14:30:00,30.17,30.19,30.17,30.18,140500,4240495.0
002155.SZ,2026-05-07 14:31:00,30.19,30.2,30.18,30.18,123600,3730573.0
002155.SZ,2026-05-07 14:32:00,30.17,30.19,30.16,30.19,113366,3420792.5
002155.SZ,2026-05-07 14:33:00,30.19,30.22,30.19,30.22,305100,9212716.0
002155.SZ,2026-05-07 14:34:00,30.23,30.27,30.23,30.27,266100,8050047.0
002155.SZ,2026-05-07 14:35:00,30.25,30.28,30.24,30.28,372000,11259679.0
002155.SZ,2026-05-07 14:36:00,30.29,30.34,30.28,30.34,483978,14671169.0
002155.SZ,2026-05-07 14:37:00,30.35,30.37,30.32,30.33,429300,13029937.0
002155.SZ,2026-05-07 14:38:00,30.33,30.34,30.29,30.32,291400,8836792.0
002155.SZ,2026-05-07 14:39:00,30.32,30.33,30.3,30.33,190600,5777163.0
002155.SZ,2026-05-07 14:40:00,30.33,30.33,30.31,30.32,251100,7614090.0
002155.SZ,2026-05-07 14:41:00,30.29,30.31,30.29,30.31,260700,7898682.0
002155.SZ,2026-05-07 14:42:00,30.3,30.35,30.3,30.35,267600,8116618.0
002155.SZ,2026-05-07 14:43:00,30.34,30.35,30.31,30.32,468806,14223248.0
002155.SZ,2026-05-07 14:44:00,30.33,30.34,30.32,30.34,207100,6280632.0
002155.SZ,2026-05-07 14:45:00,30.34,30.37,30.34,30.37,376800,11440394.0
002155.SZ,2026-05-07 14:46:00,30.38,30.39,30.36,30.37,413600,12563937.0
002155.SZ,2026-05-07 14:47:00,30.36,30.42,30.36,30.42,999000,30379360.0
002155.SZ,2026-05-07 14:48:00,30.42,30.45,30.42,30.45,467400,14230498.0
002155.SZ,2026-05-07 14:49:00,30.44,30.45,30.41,30.41,456900,13903792.0
002155.SZ,2026-05-07 14:50:00,30.41,30.43,30.41,30.42,321898,9791103.0
002155.SZ,2026-05-07 14:51:00,30.42,30.42,30.4,30.41,337502,10266931.0
002155.SZ,2026-05-07 14:52:00,30.41,30.42,30.4,30.41,279298,8492570.0
002155.SZ,2026-05-07 14:53:00,30.41,30.42,30.4,30.41,286300,8706284.0
002155.SZ,2026-05-07 14:54:00,30.41,30.41,30.4,30.41,473400,14394123.0
002155.SZ,2026-05-07 14:55:00,30.41,30.42,30.41,30.41,459900,13987891.0
002155.SZ,2026-05-07 14:56:00,30.41,30.42,30.41,30.41,393500,11968050.0
002155.SZ,2026-05-07 14:57:00,30.42,30.43,30.4,30.41,406700,12369922.0
002155.SZ,2026-05-07 14:58:00,30.41,30.41,30.41,30.41,0,0.0
002155.SZ,2026-05-07 14:59:00,30.41,30.41,30.41,30.41,0,0.0
002155.SZ,2026-05-07 15:00:00,30.4,30.4,30.4,30.4,680202,20678140.0
002155.SZ,2026-05-08 09:30:00,30.19,30.21,30.14,30.19,735200,22194340.0
002155.SZ,2026-05-08 09:31:00,30.18,30.52,30.09,30.5,1786004,54166140.0
002155.SZ,2026-05-08 09:32:00,30.52,30.73,30.49,30.62,2509200,76779970.0
002155.SZ,2026-05-08 09:33:00,30.64,30.65,30.39,30.4,1289100,39319924.0
002155.SZ,2026-05-08 09:34:00,30.42,30.42,30.32,30.37,864500,26259002.0
002155.SZ,2026-05-08 09:35:00,30.38,30.49,30.37,30.49,522300,15891181.0
002155.SZ,2026-05-08 09:36:00,30.49,30.49,30.4,30.43,588400,17914340.0
002155.SZ,2026-05-08 09:37:00,30.43,30.46,30.41,30.45,454400,13828921.0
002155.SZ,2026-05-08 09:38:00,30.45,30.45,30.4,30.44,335400,10204983.0
002155.SZ,2026-05-08 09:39:00,30.44,30.44,30.32,30.34,798000,24264744.0
002155.SZ,2026-05-08 09:40:00,30.38,30.43,30.36,30.43,490777,14920323.0
002155.SZ,2026-05-08 09:41:00,30.44,30.44,30.34,30.34,622900,18920506.0
002155.SZ,2026-05-08 09:42:00,30.34,30.4,30.32,30.38,320700,9733320.0
002155.SZ,2026-05-08 09:43:00,30.39,30.41,30.33,30.34,370500,11254661.0
002155.SZ,2026-05-08 09:44:00,30.33,30.4,30.33,30.36,250000,7593956.0
002155.SZ,2026-05-08 09:45:00,30.37,30.42,30.36,30.41,493800,15003270.0
002155.SZ,2026-05-08 09:46:00,30.41,30.56,30.41,30.56,485200,14788429.0
002155.SZ,2026-05-08 09:47:00,30.57,30.57,30.43,30.43,606500,18504134.0
002155.SZ,2026-05-08 09:48:00,30.43,30.46,30.42,30.45,239600,7294164.0
002155.SZ,2026-05-08 09:49:00,30.46,30.46,30.4,30.4,233900,7117681.0
002155.SZ,2026-05-08 09:50:00,30.41,30.49,30.4,30.48,274100,8343134.0
002155.SZ,2026-05-08 09:51:00,30.48,30.49,30.46,30.48,229000,6978836.0
002155.SZ,2026-05-08 09:52:00,30.48,30.58,30.48,30.58,671200,20492332.0
002155.SZ,2026-05-08 09:53:00,30.58,30.68,30.56,30.68,787360,24100750.0
002155.SZ,2026-05-08 09:54:00,30.68,30.69,30.66,30.66,465500,14276032.0
002155.SZ,2026-05-08 09:55:00,30.64,30.67,30.6,30.66,426700,13071609.0
002155.SZ,2026-05-08 09:56:00,30.66,30.66,30.64,30.65,350000,10728506.0
002155.SZ,2026-05-08 09:57:00,30.65,30.75,30.63,30.75,1074384,32972764.0
002155.SZ,2026-05-08 09:58:00,30.77,30.83,30.77,30.77,1155280,35568850.0
002155.SZ,2026-05-08 09:59:00,30.77,30.81,30.72,30.73,409700,12611155.0
002155.SZ,2026-05-08 10:00:00,30.73,30.78,30.73,30.76,455700,14013332.0
002155.SZ,2026-05-08 10:01:00,30.77,30.77,30.65,30.69,441100,13543487.0
002155.SZ,2026-05-08 10:02:00,30.71,30.72,30.66,30.66,261700,8033298.0
002155.SZ,2026-05-08 10:03:00,30.65,30.68,30.65,30.66,178800,5483226.0
002155.SZ,2026-05-08 10:04:00,30.66,30.7,30.66,30.68,281057,8621997.0
002155.SZ,2026-05-08 10:05:00,30.72,30.78,30.72,30.72,373300,11479573.0
002155.SZ,2026-05-08 10:06:00,30.74,30.74,30.68,30.73,255100,7832041.0
002155.SZ,2026-05-08 10:07:00,30.71,30.76,30.68,30.75,339100,10416155.0
002155.SZ,2026-05-08 10:08:00,30.76,30.8,30.76,30.79,379200,11674839.0
002155.SZ,2026-05-08 10:09:00,30.79,30.83,30.76,30.76,771500,23763460.0
002155.SZ,2026-05-08 10:10:00,30.74,30.77,30.73,30.76,210292,6467452.0
002155.SZ,2026-05-08 10:11:00,30.75,30.75,30.71,30.72,202568,6225069.0
002155.SZ,2026-05-08 10:12:00,30.73,30.73,30.68,30.68,198424,6090237.5
002155.SZ,2026-05-08 10:13:00,30.68,30.68,30.64,30.65,315576,9675584.0
002155.SZ,2026-05-08 10:14:00,30.65,30.65,30.58,30.58,300800,9208647.0
002155.SZ,2026-05-08 10:15:00,30.57,30.59,30.56,30.58,186000,5687137.0
002155.SZ,2026-05-08 10:16:00,30.58,30.58,30.5,30.5,389400,11888159.0
002155.SZ,2026-05-08 10:17:00,30.5,30.5,30.44,30.45,260800,7944586.0
002155.SZ,2026-05-08 10:18:00,30.44,30.45,30.42,30.45,233600,7110854.0
002155.SZ,2026-05-08 10:19:00,30.45,30.47,30.45,30.47,171000,5209051.0
002155.SZ,2026-05-08 10:20:00,30.44,30.46,30.44,30.46,213801,6510308.5
002155.SZ,2026-05-08 10:21:00,30.45,30.46,30.43,30.45,198399,6039839.5
002155.SZ,2026-05-08 10:22:00,30.45,30.47,30.42,30.42,225500,6864424.0
002155.SZ,2026-05-08 10:23:00,30.43,30.43,30.38,30.41,409800,12457854.0
002155.SZ,2026-05-08 10:24:00,30.4,30.41,30.39,30.4,160800,4888179.0
002155.SZ,2026-05-08 10:25:00,30.4,30.42,30.39,30.42,170500,5184643.0
002155.SZ,2026-05-08 10:26:00,30.41,30.46,30.41,30.46,105900,3223091.0
002155.SZ,2026-05-08 10:27:00,30.44,30.47,30.43,30.44,128900,3924644.0
002155.SZ,2026-05-08 10:28:00,30.45,30.46,30.43,30.44,91600,2788566.0
002155.SZ,2026-05-08 10:29:00,30.43,30.48,30.43,30.48,151600,4616270.0
002155.SZ,2026-05-08 10:30:00,30.47,30.53,30.47,30.52,206600,6302659.0
002155.SZ,2026-05-08 10:31:00,30.52,30.55,30.52,30.52,196114,5988134.5
002155.SZ,2026-05-08 10:32:00,30.53,30.53,30.49,30.49,186300,5685137.0
002155.SZ,2026-05-08 10:33:00,30.5,30.5,30.48,30.49,194300,5924954.5
002155.SZ,2026-05-08 10:34:00,30.47,30.5,30.46,30.46,113800,3467584.0
002155.SZ,2026-05-08 10:35:00,30.45,30.46,30.42,30.42,206400,6282595.0
002155.SZ,2026-05-08 10:36:00,30.42,30.42,30.4,30.42,141400,4300503.0
002155.SZ,2026-05-08 10:37:00,30.41,30.43,30.36,30.37,449700,13670065.0
002155.SZ,2026-05-08 10:38:00,30.38,30.38,30.36,30.38,164100,4983273.0
002155.SZ,2026-05-08 10:39:00,30.39,30.4,30.37,30.37,150000,4556396.0
002155.SZ,2026-05-08 10:40:00,30.38,30.41,30.38,30.41,66700,2027308.0
002155.SZ,2026-05-08 10:41:00,30.4,30.43,30.38,30.42,129900,3948850.0
002155.SZ,2026-05-08 10:42:00,30.42,30.44,30.4,30.4,80700,2454687.0
002155.SZ,2026-05-08 10:43:00,30.4,30.41,30.38,30.39,131200,3987114.0
002155.SZ,2026-05-08 10:44:00,30.38,30.39,30.37,30.38,132900,4036899.0
002155.SZ,2026-05-08 10:45:00,30.37,30.38,30.34,30.36,233500,7087786.0
002155.SZ,2026-05-08 10:46:00,30.34,30.34,30.32,30.33,154900,4698382.0
002155.SZ,2026-05-08 10:47:00,30.35,30.38,30.34,30.37,252900,7672912.0
002155.SZ,2026-05-08 10:48:00,30.37,30.4,30.36,30.39,198100,6018704.0
002155.SZ,2026-05-08 10:49:00,30.38,30.39,30.33,30.34,121530,3688329.0
002155.SZ,2026-05-08 10:50:00,30.33,30.38,30.33,30.38,111600,3386601.0
002155.SZ,2026-05-08 10:51:00,30.4,30.41,30.4,30.41,95400,2900379.0
002155.SZ,2026-05-08 10:52:00,30.41,30.45,30.41,30.43,156600,4763664.0
002155.SZ,2026-05-08 10:53:00,30.42,30.47,30.42,30.44,113400,3453293.0
002155.SZ,2026-05-08 10:54:00,30.45,30.45,30.43,30.43,46600,1418216.0
002155.SZ,2026-05-08 10:55:00,30.43,30.43,30.4,30.42,96600,2938499.0
002155.SZ,2026-05-08 10:56:00,30.42,30.44,30.41,30.43,90200,2744411.0
002155.SZ,2026-05-08 10:57:00,30.43,30.43,30.39,30.39,304100,9246050.0
002155.SZ,2026-05-08 10:58:00,30.39,30.39,30.37,30.37,60400,1834735.0
002155.SZ,2026-05-08 10:59:00,30.36,30.39,30.36,30.38,104000,3157753.0
002155.SZ,2026-05-08 11:00:00,30.38,30.38,30.35,30.35,63800,1937153.0
002155.SZ,2026-05-08 11:01:00,30.35,30.36,30.33,30.34,109900,3334883.0
002155.SZ,2026-05-08 11:02:00,30.33,30.33,30.25,30.25,565370,17134038.0
002155.SZ,2026-05-08 11:03:00,30.25,30.28,30.24,30.27,137000,4143995.0
002155.SZ,2026-05-08 11:04:00,30.27,30.28,30.26,30.27,112819,3414726.0
002155.SZ,2026-05-08 11:05:00,30.27,30.28,30.24,30.28,222700,6736555.0
002155.SZ,2026-05-08 11:06:00,30.28,30.31,30.28,30.3,88300,2674885.0
002155.SZ,2026-05-08 11:07:00,30.3,30.32,30.3,30.31,78500,2378914.0
002155.SZ,2026-05-08 11:08:00,30.3,30.31,30.26,30.26,219600,6652165.0
002155.SZ,2026-05-08 11:09:00,30.26,30.27,30.25,30.26,106880,3233811.0
002155.SZ,2026-05-08 11:10:00,30.26,30.29,30.25,30.29,139100,4211268.0
002155.SZ,2026-05-08 11:11:00,30.28,30.31,30.28,30.3,57600,1745383.0
002155.SZ,2026-05-08 11:12:00,30.31,30.33,30.31,30.33,86220,2613961.2
002155.SZ,2026-05-08 11:13:00,30.34,30.36,30.33,30.34,81400,2470454.0
002155.SZ,2026-05-08 11:14:00,30.34,30.35,30.28,30.28,149700,4537521.0
002155.SZ,2026-05-08 11:15:00,30.27,30.29,30.27,30.29,56200,1701952.0
002155.SZ,2026-05-08 11:16:00,30.29,30.3,30.28,30.3,51600,1563118.0
002155.SZ,2026-05-08 11:17:00,30.32,30.35,30.32,30.34,40700,1234660.0
002155.SZ,2026-05-08 11:18:00,30.35,30.35,30.3,30.31,85300,2586329.0
002155.SZ,2026-05-08 11:19:00,30.32,30.32,30.29,30.3,87100,2639127.0
002155.SZ,2026-05-08 11:20:00,30.3,30.31,30.29,30.3,91700,2777760.0
002155.SZ,2026-05-08 11:21:00,30.3,30.32,30.3,30.3,49100,1488096.0
002155.SZ,2026-05-08 11:22:00,30.3,30.3,30.28,30.29,81600,2472009.0
002155.SZ,2026-05-08 11:23:00,30.28,30.29,30.28,30.29,94900,2873814.0
002155.SZ,2026-05-08 11:24:00,30.29,30.3,30.28,30.28,35000,1060087.0
002155.SZ,2026-05-08 11:25:00,30.29,30.29,30.27,30.27,80500,2437395.0
002155.SZ,2026-05-08 11:26:00,30.27,30.27,30.25,30.25,69400,2099919.0
002155.SZ,2026-05-08 11:27:00,30.26,30.27,30.25,30.27,36200,1095385.0
002155.SZ,2026-05-08 11:28:00,30.27,30.27,30.25,30.27,105400,3189466.0
002155.SZ,2026-05-08 11:29:00,30.27,30.32,30.27,30.31,72300,2190351.0
002155.SZ,2026-05-08 11:30:00,30.3,30.31,30.3,30.3,54700,1657641.0
002155.SZ,2026-05-08 13:01:00,30.3,30.37,30.28,30.34,350795,10634254.0
002155.SZ,2026-05-08 13:02:00,30.33,30.34,30.29,30.34,62300,1889506.0
002155.SZ,2026-05-08 13:03:00,30.34,30.34,30.31,30.31,80100,2429275.0
002155.SZ,2026-05-08 13:04:00,30.3,30.3,30.26,30.26,57500,1741401.0
002155.SZ,2026-05-08 13:05:00,30.26,30.27,30.19,30.2,439200,13272020.0
002155.SZ,2026-05-08 13:06:00,30.2,30.24,30.19,30.24,159300,4811999.0
002155.SZ,2026-05-08 13:07:00,30.23,30.28,30.23,30.28,310900,9393610.0
002155.SZ,2026-05-08 13:08:00,30.28,30.29,30.26,30.27,101700,3078942.0
002155.SZ,2026-05-08 13:09:00,30.29,30.29,30.26,30.27,351000,10619024.0
002155.SZ,2026-05-08 13:10:00,30.27,30.29,30.26,30.27,57200,1731415.0
002155.SZ,2026-05-08 13:11:00,30.27,30.33,30.26,30.32,65000,1969185.0
002155.SZ,2026-05-08 13:12:00,30.32,30.37,30.31,30.36,106300,3226030.0
002155.SZ,2026-05-08 13:13:00,30.37,30.37,30.36,30.37,59200,1797594.0
002155.SZ,2026-05-08 13:14:00,30.37,30.38,30.34,30.38,103370,3138303.2
002155.SZ,2026-05-08 13:15:00,30.38,30.38,30.31,30.32,74230,2253428.8
002155.SZ,2026-05-08 13:16:00,30.29,30.31,30.27,30.3,90700,2747309.0
002155.SZ,2026-05-08 13:17:00,30.29,30.29,30.27,30.29,50700,1535303.0
002155.SZ,2026-05-08 13:18:00,30.28,30.3,30.25,30.29,106200,3215426.0
002155.SZ,2026-05-08 13:19:00,30.29,30.32,30.28,30.3,63000,1908579.0
002155.SZ,2026-05-08 13:20:00,30.3,30.31,30.28,30.29,80100,2426388.0
002155.SZ,2026-05-08 13:21:00,30.29,30.31,30.29,30.31,57700,1748303.0
002155.SZ,2026-05-08 13:22:00,30.31,30.31,30.3,30.3,70600,2139416.0
002155.SZ,2026-05-08 13:23:00,30.31,30.34,30.3,30.32,108900,3301584.0
002155.SZ,2026-05-08 13:24:00,30.31,30.32,30.3,30.3,64700,1960823.0
002155.SZ,2026-05-08 13:25:00,30.3,30.3,30.27,30.27,132500,4013004.0
002155.SZ,2026-05-08 13:26:00,30.28,30.28,30.26,30.28,123500,3737843.0
002155.SZ,2026-05-08 13:27:00,30.28,30.31,30.28,30.3,43200,1308684.0
002155.SZ,2026-05-08 13:28:00,30.3,30.32,30.29,30.32,75300,2281916.0
002155.SZ,2026-05-08 13:29:00,30.31,30.32,30.3,30.31,85900,2603933.0
002155.SZ,2026-05-08 13:30:00,30.32,30.37,30.32,30.37,90200,2737258.0
002155.SZ,2026-05-08 13:31:00,30.36,30.42,30.36,30.42,91800,2790220.0
002155.SZ,2026-05-08 13:32:00,30.42,30.42,30.37,30.37,126500,3845382.0
002155.SZ,2026-05-08 13:33:00,30.38,30.41,30.38,30.39,96000,2918013.0
002155.SZ,2026-05-08 13:34:00,30.38,30.39,30.37,30.39,107600,3268719.0
002155.SZ,2026-05-08 13:35:00,30.44,30.53,30.44,30.53,351730,10716863.0
002155.SZ,2026-05-08 13:36:00,30.52,30.56,30.47,30.48,159400,4862725.0
002155.SZ,2026-05-08 13:37:00,30.45,30.55,30.45,30.55,252500,7703976.0
002155.SZ,2026-05-08 13:38:00,30.58,30.58,30.54,30.54,163800,5005189.0
002155.SZ,2026-05-08 13:39:00,30.53,30.53,30.48,30.51,130600,3985185.0
002155.SZ,2026-05-08 13:40:00,30.51,30.52,30.49,30.51,90100,2748342.0
002155.SZ,2026-05-08 13:41:00,30.5,30.59,30.5,30.58,211700,6465694.0
002155.SZ,2026-05-08 13:42:00,30.59,30.62,30.59,30.6,325500,9959378.0
002155.SZ,2026-05-08 13:43:00,30.61,30.63,30.58,30.6,253900,7771864.0
002155.SZ,2026-05-08 13:44:00,30.59,30.68,30.59,30.67,286700,8783437.0
002155.SZ,2026-05-08 13:45:00,30.69,30.71,30.65,30.65,535500,16432816.0
002155.SZ,2026-05-08 13:46:00,30.66,30.67,30.65,30.67,142900,4381274.0
002155.SZ,2026-05-08 13:47:00,30.66,30.77,30.62,30.75,459300,14099676.0
002155.SZ,2026-05-08 13:48:00,30.75,30.75,30.7,30.73,418800,12875239.0
002155.SZ,2026-05-08 13:49:00,30.73,30.76,30.72,30.72,302000,9284615.0
002155.SZ,2026-05-08 13:50:00,30.7,30.79,30.7,30.78,391642,12045365.0
002155.SZ,2026-05-08 13:51:00,30.8,30.8,30.75,30.78,506858,15601274.0
002155.SZ,2026-05-08 13:52:00,30.79,30.8,30.73,30.73,650700,20025894.0
002155.SZ,2026-05-08 13:53:00,30.74,30.77,30.72,30.76,293200,9013474.0
002155.SZ,2026-05-08 13:54:00,30.76,30.76,30.73,30.73,137770,4235045.5
002155.SZ,2026-05-08 13:55:00,30.74,30.79,30.74,30.76,325300,10005245.0
002155.SZ,2026-05-08 13:56:00,30.76,30.85,30.73,30.84,1061520,32691486.0
002155.SZ,2026-05-08 13:57:00,30.84,30.85,30.78,30.79,395200,12176813.0
002155.SZ,2026-05-08 13:58:00,30.79,30.82,30.78,30.81,448000,13798837.0
002155.SZ,2026-05-08 13:59:00,30.81,30.82,30.78,30.78,481750,14843207.0
002155.SZ,2026-05-08 14:00:00,30.8,30.88,30.79,30.87,733109,22608268.0
002155.SZ,2026-05-08 14:01:00,30.87,30.87,30.77,30.77,425491,13118179.0
002155.SZ,2026-05-08 14:02:00,30.77,30.79,30.72,30.73,292200,8982154.0
002155.SZ,2026-05-08 14:03:00,30.75,30.78,30.7,30.7,618000,18984964.0
002155.SZ,2026-05-08 14:04:00,30.7,30.7,30.58,30.65,503900,15439118.0
002155.SZ,2026-05-08 14:05:00,30.61,30.65,30.61,30.62,294800,9026018.0
002155.SZ,2026-05-08 14:06:00,30.62,30.7,30.62,30.68,368600,11299683.0
002155.SZ,2026-05-08 14:07:00,30.69,30.69,30.63,30.67,181976,5576887.5
002155.SZ,2026-05-08 14:08:00,30.67,30.67,30.58,30.6,368524,11285840.0
002155.SZ,2026-05-08 14:09:00,30.61,30.65,30.58,30.6,169800,5197888.5
002155.SZ,2026-05-08 14:10:00,30.6,30.6,30.52,30.52,210600,6436371.0
002155.SZ,2026-05-08 14:11:00,30.58,30.6,30.55,30.6,187300,5726416.0
002155.SZ,2026-05-08 14:12:00,30.64,30.66,30.61,30.61,228900,7008928.0
002155.SZ,2026-05-08 14:13:00,30.6,30.6,30.58,30.59,200900,6144659.0
002155.SZ,2026-05-08 14:14:00,30.62,30.62,30.59,30.61,230900,7065405.0
002155.SZ,2026-05-08 14:15:00,30.62,30.62,30.59,30.6,234700,7182889.0
002155.SZ,2026-05-08 14:16:00,30.6,30.6,30.57,30.57,210200,6428211.0
002155.SZ,2026-05-08 14:17:00,30.56,30.58,30.54,30.57,225530,6891068.0
002155.SZ,2026-05-08 14:18:00,30.57,30.58,30.54,30.54,149470,4566288.0
002155.SZ,2026-05-08 14:19:00,30.53,30.54,30.51,30.53,330900,10098473.0
002155.SZ,2026-05-08 14:20:00,30.52,30.54,30.51,30.53,204800,6249732.0
002155.SZ,2026-05-08 14:21:00,30.54,30.55,30.53,30.55,113300,3460612.0
002155.SZ,2026-05-08 14:22:00,30.54,30.54,30.52,30.52,182100,5559267.0
002155.SZ,2026-05-08 14:23:00,30.52,30.52,30.5,30.51,146600,4472992.0
002155.SZ,2026-05-08 14:24:00,30.51,30.52,30.51,30.51,150400,4588778.0
002155.SZ,2026-05-08 14:25:00,30.51,30.52,30.5,30.5,137100,4182983.0
002155.SZ,2026-05-08 14:26:00,30.51,30.52,30.5,30.52,117300,3578900.0
002155.SZ,2026-05-08 14:27:00,30.51,30.51,30.5,30.51,303300,9252115.0
002155.SZ,2026-05-08 14:28:00,30.51,30.51,30.49,30.49,163000,4971177.0
002155.SZ,2026-05-08 14:29:00,30.5,30.54,30.5,30.53,222500,6789846.0
002155.SZ,2026-05-08 14:30:00,30.52,30.55,30.51,30.53,189600,5788414.0
002155.SZ,2026-05-08 14:31:00,30.55,30.56,30.52,30.55,150500,4596976.0
002155.SZ,2026-05-08 14:32:00,30.55,30.55,30.53,30.54,151200,4617910.0
002155.SZ,2026-05-08 14:33:00,30.54,30.54,30.53,30.53,192600,5880777.0
002155.SZ,2026-05-08 14:34:00,30.53,30.54,30.5,30.52,277300,8460824.0
002155.SZ,2026-05-08 14:35:00,30.51,30.51,30.5,30.5,115800,3532343.0
002155.SZ,2026-05-08 14:36:00,30.49,30.54,30.49,30.52,168400,5139418.0
002155.SZ,2026-05-08 14:37:00,30.54,30.54,30.5,30.51,190000,5797127.0
002155.SZ,2026-05-08 14:38:00,30.51,30.52,30.51,30.51,234600,7158854.0
002155.SZ,2026-05-08 14:39:00,30.51,30.54,30.51,30.52,175500,5356919.0
002155.SZ,2026-05-08 14:40:00,30.53,30.53,30.51,30.52,243800,7441365.0
002155.SZ,2026-05-08 14:41:00,30.51,30.54,30.51,30.53,211600,6459235.0
002155.SZ,2026-05-08 14:42:00,30.53,30.53,30.51,30.51,131200,4003589.0
002155.SZ,2026-05-08 14:43:00,30.51,30.52,30.51,30.51,173400,5291083.0
002155.SZ,2026-05-08 14:44:00,30.51,30.52,30.5,30.5,160800,4905407.0
002155.SZ,2026-05-08 14:45:00,30.5,30.52,30.5,30.51,178188,5436422.0
002155.SZ,2026-05-08 14:46:00,30.51,30.51,30.5,30.51,268900,8202379.0
002155.SZ,2026-05-08 14:47:00,30.52,30.52,30.5,30.51,131800,4020455.0
002155.SZ,2026-05-08 14:48:00,30.52,30.52,30.5,30.52,231900,7075668.0
002155.SZ,2026-05-08 14:49:00,30.52,30.52,30.51,30.52,159030,4853326.5
002155.SZ,2026-05-08 14:50:00,30.52,30.56,30.52,30.55,279630,8540926.0
002155.SZ,2026-05-08 14:51:00,30.56,30.58,30.55,30.55,226330,6918630.5
002155.SZ,2026-05-08 14:52:00,30.56,30.57,30.56,30.57,188600,5764100.0
002155.SZ,2026-05-08 14:53:00,30.56,30.57,30.54,30.54,378140,11553527.0
002155.SZ,2026-05-08 14:54:00,30.55,30.55,30.51,30.51,306600,9359174.0
002155.SZ,2026-05-08 14:55:00,30.52,30.53,30.51,30.51,152500,4654332.0
002155.SZ,2026-05-08 14:56:00,30.51,30.53,30.51,30.52,269700,8230331.0
002155.SZ,2026-05-08 14:57:00,30.51,30.52,30.51,30.51,475880,14520685.0
002155.SZ,2026-05-08 14:58:00,30.51,30.51,30.51,30.51,0,0.0
002155.SZ,2026-05-08 14:59:00,30.51,30.51,30.51,30.51,0,0.0
002155.SZ,2026-05-08 15:00:00,30.51,30.51,30.51,30.51,396514,12097642.0
002155.SZ,2026-05-11 09:30:00,30.2,30.24,30.15,30.21,1079500,32601774.0
002155.SZ,2026-05-11 09:31:00,30.15,30.45,30.11,30.36,2570180,77664680.0
002155.SZ,2026-05-11 09:32:00,30.34,30.34,30.02,30.04,1476200,44508308.0
002155.SZ,2026-05-11 09:33:00,30.03,30.09,29.86,29.9,2209900,66313308.0
002155.SZ,2026-05-11 09:34:00,29.89,29.97,29.81,29.94,1577266,47133892.0
002155.SZ,2026-05-11 09:35:00,29.94,29.99,29.9,29.92,683100,20457120.0
002155.SZ,2026-05-11 09:36:00,29.95,29.97,29.94,29.96,872800,26145906.0
002155.SZ,2026-05-11 09:37:00,29.97,30.0,29.94,29.94,542000,16244396.0
002155.SZ,2026-05-11 09:38:00,29.94,29.98,29.88,29.98,887320,26558894.0
002155.SZ,2026-05-11 09:39:00,30.0,30.01,29.94,29.96,726400,21781468.0
002155.SZ,2026-05-11 09:40:00,29.96,30.08,29.95,30.08,366500,10990019.0
002155.SZ,2026-05-11 09:41:00,30.09,30.09,29.94,30.02,625900,18786416.0
002155.SZ,2026-05-11 09:42:00,30.03,30.08,30.01,30.08,562200,16899452.0
002155.SZ,2026-05-11 09:43:00,30.09,30.13,30.07,30.13,354100,10655965.0
002155.SZ,2026-05-11 09:44:00,30.15,30.15,30.07,30.07,323600,9748079.0
002155.SZ,2026-05-11 09:45:00,30.07,30.09,29.99,30.02,453600,13628957.0
002155.SZ,2026-05-11 09:46:00,30.04,30.08,30.0,30.06,328200,9854832.0
002155.SZ,2026-05-11 09:47:00,30.06,30.06,29.99,29.99,350000,10507740.0
002155.SZ,2026-05-11 09:48:00,29.99,30.02,29.96,29.96,241800,7251372.0
002155.SZ,2026-05-11 09:49:00,29.96,30.01,29.96,29.96,389700,11684698.0
002155.SZ,2026-05-11 09:50:00,29.95,30.05,29.95,30.05,329760,9884713.0
002155.SZ,2026-05-11 09:51:00,30.05,30.06,29.98,29.98,396500,11910159.0
002155.SZ,2026-05-11 09:52:00,29.96,29.96,29.85,29.85,706600,21132998.0
002155.SZ,2026-05-11 09:53:00,29.86,29.89,29.83,29.85,914000,27289776.0
002155.SZ,2026-05-11 09:54:00,29.89,29.94,29.89,29.94,520900,15574242.0
002155.SZ,2026-05-11 09:55:00,29.94,29.98,29.94,29.96,170700,5114581.0
002155.SZ,2026-05-11 09:56:00,29.96,29.96,29.89,29.89,233100,6973573.0
002155.SZ,2026-05-11 09:57:00,29.89,29.9,29.87,29.89,299450,8947649.0
002155.SZ,2026-05-11 09:58:00,29.89,29.94,29.89,29.93,194800,5827340.0
002155.SZ,2026-05-11 09:59:00,29.94,29.98,29.94,29.98,214700,6432695.0
002155.SZ,2026-05-11 10:00:00,29.98,30.0,29.97,30.0,268800,8057806.0
002155.SZ,2026-05-11 10:01:00,29.99,30.04,29.98,30.04,505100,15158927.0
002155.SZ,2026-05-11 10:02:00,30.02,30.04,30.02,30.03,165700,4975530.0
002155.SZ,2026-05-11 10:03:00,30.04,30.07,30.03,30.06,171100,5141003.0
002155.SZ,2026-05-11 10:04:00,30.07,30.14,30.06,30.14,250300,7534974.0
002155.SZ,2026-05-11 10:05:00,30.14,30.21,30.14,30.21,321550,9701456.0
002155.SZ,2026-05-11 10:06:00,30.21,30.22,30.16,30.16,313200,9456879.0
002155.SZ,2026-05-11 10:07:00,30.16,30.16,30.09,30.15,170200,5126819.0
002155.SZ,2026-05-11 10:08:00,30.15,30.21,30.11,30.19,327200,9868541.0
002155.SZ,2026-05-11 10:09:00,30.18,30.2,30.17,30.18,187896,5671328.5
002155.SZ,2026-05-11 10:10:00,30.18,30.18,30.14,30.14,169600,5113452.0
002155.SZ,2026-05-11 10:11:00,30.14,30.16,30.12,30.12,232200,6996578.0
002155.SZ,2026-05-11 10:12:00,30.14,30.16,30.11,30.13,127730,3849657.2
002155.SZ,2026-05-11 10:13:00,30.14,30.14,30.09,30.1,325400,9785504.0
002155.SZ,2026-05-11 10:14:00,30.12,30.2,30.11,30.19,204400,6165904.0
002155.SZ,2026-05-11 10:15:00,30.2,30.2,30.16,30.18,144700,4366587.5
002155.SZ,2026-05-11 10:16:00,30.18,30.19,30.13,30.14,222550,6713214.0
002155.SZ,2026-05-11 10:17:00,30.13,30.14,30.1,30.12,307600,9262454.0
002155.SZ,2026-05-11 10:18:00,30.12,30.12,30.08,30.09,142000,4273512.0
002155.SZ,2026-05-11 10:19:00,30.09,30.09,30.05,30.06,122860,3693737.5
002155.SZ,2026-05-11 10:20:00,30.07,30.07,30.04,30.05,135540,4073303.8
002155.SZ,2026-05-11 10:21:00,30.05,30.08,30.04,30.07,165060,4962608.0
002155.SZ,2026-05-11 10:22:00,30.07,30.07,30.04,30.05,229400,6894993.0
002155.SZ,2026-05-11 10:23:00,30.05,30.05,30.02,30.03,302960,9097036.0
002155.SZ,2026-05-11 10:24:00,30.02,30.03,29.98,29.99,273240,8196951.0
002155.SZ,2026-05-11 10:25:00,29.98,30.02,29.98,30.01,134630,4039299.2
002155.SZ,2026-05-11 10:26:00,30.01,30.02,30.01,30.01,125700,3773473.0
002155.SZ,2026-05-11 10:27:00,30.01,30.01,29.97,29.99,161470,4842514.5
002155.SZ,2026-05-11 10:28:00,29.98,29.99,29.97,29.99,118600,3556088.0
002155.SZ,2026-05-11 10:29:00,30.0,30.0,29.98,29.99,57000,1709340.0
002155.SZ,2026-05-11 10:30:00,29.99,30.0,29.97,29.98,198800,5961384.0
002155.SZ,2026-05-11 10:31:00,29.98,30.09,29.98,30.08,286227,8592870.0
002155.SZ,2026-05-11 10:32:00,30.09,30.1,30.08,30.08,147800,4446681.0
002155.SZ,2026-05-11 10:33:00,30.08,30.09,30.07,30.08,360700,10848711.0
002155.SZ,2026-05-11 10:34:00,30.07,30.1,30.07,30.1,108693,3270560.5
002155.SZ,2026-05-11 10:35:00,30.09,30.14,30.07,30.14,350710,10558549.0
002155.SZ,2026-05-11 10:36:00,30.14,30.14,30.11,30.11,131900,3974110.0
002155.SZ,2026-05-11 10:37:00,30.11,30.16,30.09,30.16,205650,6194414.5
002155.SZ,2026-05-11 10:38:00,30.15,30.19,30.15,30.19,270200,8155663.0
002155.SZ,2026-05-11 10:39:00,30.19,30.2,30.17,30.18,231700,6993511.0
002155.SZ,2026-05-11 10:40:00,30.19,30.2,30.18,30.19,120400,3634717.0
002155.SZ,2026-05-11 10:41:00,30.19,30.21,30.17,30.19,252760,7631856.0
002155.SZ,2026-05-11 10:42:00,30.19,30.19,30.17,30.17,65800,1986112.0
002155.SZ,2026-05-11 10:43:00,30.17,30.18,30.11,30.13,139800,4215520.0
002155.SZ,2026-05-11 10:44:00,30.12,30.14,30.11,30.14,95800,2885980.0
002155.SZ,2026-05-11 10:45:00,30.14,30.14,30.1,30.1,57800,1740507.0
002155.SZ,2026-05-11 10:46:00,30.1,30.1,30.08,30.09,99530,2994321.5
002155.SZ,2026-05-11 10:47:00,30.08,30.11,30.08,30.11,56000,1685204.0
002155.SZ,2026-05-11 10:48:00,30.12,30.14,30.1,30.14,70300,2117635.0
002155.SZ,2026-05-11 10:49:00,30.15,30.15,30.11,30.13,116300,3503931.0
002155.SZ,2026-05-11 10:50:00,30.13,30.13,30.08,30.11,122530,3689105.2
002155.SZ,2026-05-11 10:51:00,30.11,30.11,30.1,30.1,43100,1297560.8
002155.SZ,2026-05-11 10:52:00,30.1,30.1,30.07,30.08,111015,3338988.8
002155.SZ,2026-05-11 10:53:00,30.08,30.08,30.07,30.07,55155,1658842.9
002155.SZ,2026-05-11 10:54:00,30.08,30.08,30.05,30.08,98200,2952443.0
002155.SZ,2026-05-11 10:55:00,30.08,30.08,30.05,30.05,63600,1912178.0
002155.SZ,2026-05-11 10:56:00,30.05,30.06,30.04,30.04,91500,2749421.0
002155.SZ,2026-05-11 10:57:00,30.04,30.04,30.02,30.02,90900,2729740.0
002155.SZ,2026-05-11 10:58:00,30.02,30.03,30.01,30.03,99600,2989978.0
002155.SZ,2026-05-11 10:59:00,30.04,30.04,30.02,30.03,149400,4486255.0
002155.SZ,2026-05-11 11:00:00,30.03,30.07,30.03,30.06,145030,4356519.0
002155.SZ,2026-05-11 11:01:00,30.07,30.07,30.05,30.05,73370,2205136.5
002155.SZ,2026-05-11 11:02:00,30.03,30.03,30.01,30.02,184800,5547625.0
002155.SZ,2026-05-11 11:03:00,30.01,30.03,30.01,30.02,96100,2885152.0
002155.SZ,2026-05-11 11:04:00,30.02,30.1,30.01,30.1,181060,5442490.0
002155.SZ,2026-05-11 11:05:00,30.13,30.13,30.06,30.07,65500,1971562.0
002155.SZ,2026-05-11 11:06:00,30.06,30.09,30.05,30.09,30100,905197.0
002155.SZ,2026-05-11 11:07:00,30.08,30.08,30.0,30.0,173400,5208189.5
002155.SZ,2026-05-11 11:08:00,30.07,30.08,30.05,30.07,69730,2096248.1
002155.SZ,2026-05-11 11:09:00,30.08,30.09,30.07,30.08,99500,2993005.0
002155.SZ,2026-05-11 11:10:00,30.08,30.11,30.08,30.1,68680,2066715.0
002155.SZ,2026-05-11 11:11:00,30.1,30.11,30.1,30.1,41700,1255216.0
002155.SZ,2026-05-11 11:12:00,30.1,30.1,30.06,30.06,149100,4484880.0
002155.SZ,2026-05-11 11:13:00,30.06,30.07,30.04,30.06,93200,2801260.0
002155.SZ,2026-05-11 11:14:00,30.06,30.07,30.06,30.06,107200,3222264.0
002155.SZ,2026-05-11 11:15:00,30.06,30.09,30.06,30.08,115200,3464624.0
002155.SZ,2026-05-11 11:16:00,30.08,30.11,30.06,30.11,283000,8516359.0
002155.SZ,2026-05-11 11:17:00,30.11,30.12,30.09,30.09,184700,5560253.0
002155.SZ,2026-05-11 11:18:00,30.09,30.11,30.08,30.09,45500,1369573.0
002155.SZ,2026-05-11 11:19:00,30.09,30.1,30.08,30.09,39500,1188537.0
002155.SZ,2026-05-11 11:20:00,30.09,30.13,30.09,30.12,98100,2952710.0
002155.SZ,2026-05-11 11:21:00,30.11,30.14,30.11,30.12,73600,2217275.0
002155.SZ,2026-05-11 11:22:00,30.11,30.13,30.11,30.12,68730,2070037.2
002155.SZ,2026-05-11 11:23:00,30.11,30.12,30.09,30.1,218600,6581538.5
002155.SZ,2026-05-11 11:24:00,30.09,30.1,30.09,30.09,52600,1582868.0
002155.SZ,2026-05-11 11:25:00,30.1,30.1,30.07,30.09,140770,4235669.5
002155.SZ,2026-05-11 11:26:00,30.09,30.12,30.09,30.1,83700,2520218.0
002155.SZ,2026-05-11 11:27:00,30.1,30.1,30.08,30.08,92400,2780356.0
002155.SZ,2026-05-11 11:28:00,30.08,30.1,30.08,30.09,184475,5550430.0
002155.SZ,2026-05-11 11:29:00,30.09,30.1,30.09,30.09,46600,1402318.0
002155.SZ,2026-05-11 11:30:00,30.1,30.13,30.1,30.13,90200,2716308.0
002155.SZ,2026-05-11 13:01:00,30.12,30.12,29.9,29.9,1359370,40805616.0
002155.SZ,2026-05-11 13:02:00,29.91,29.92,29.9,29.92,165800,4959401.0
002155.SZ,2026-05-11 13:03:00,29.94,29.94,29.9,29.91,416600,12460983.0
002155.SZ,2026-05-11 13:04:00,29.91,29.92,29.89,29.89,293800,8785833.0
002155.SZ,2026-05-11 13:05:00,29.88,29.89,29.85,29.85,438600,13098796.0
002155.SZ,2026-05-11 13:06:00,29.86,29.91,29.84,29.88,202339,6043250.0
002155.SZ,2026-05-11 13:07:00,29.89,29.89,29.85,29.87,183300,5474418.0
002155.SZ,2026-05-11 13:08:00,29.86,29.87,29.84,29.85,209700,6261436.0
002155.SZ,2026-05-11 13:09:00,29.85,29.89,29.84,29.89,133000,3972191.0
002155.SZ,2026-05-11 13:10:00,29.88,29.91,29.88,29.91,141300,4224626.0
002155.SZ,2026-05-11 13:11:00,29.89,29.91,29.88,29.88,146200,4370518.0
002155.SZ,2026-05-11 13:12:00,29.88,29.9,29.88,29.88,109800,3281280.0
002155.SZ,2026-05-11 13:13:00,29.87,29.87,29.85,29.87,217400,6491985.0
002155.SZ,2026-05-11 13:14:00,29.86,29.91,29.86,29.91,148500,4436871.0
002155.SZ,2026-05-11 13:15:00,29.91,29.94,29.91,29.93,102030,3053584.2
002155.SZ,2026-05-11 13:16:00,29.92,29.92,29.9,29.91,145370,4347616.5
002155.SZ,2026-05-11 13:17:00,29.9,29.9,29.88,29.9,100200,2995308.0
002155.SZ,2026-05-11 13:18:00,29.9,29.91,29.89,29.9,175700,5252905.0
002155.SZ,2026-05-11 13:19:00,29.9,29.91,29.89,29.9,103200,3085373.0
002155.SZ,2026-05-11 13:20:00,29.9,29.9,29.88,29.89,170030,5081565.5
002155.SZ,2026-05-11 13:21:00,29.89,29.89,29.85,29.85,263270,7862240.5
002155.SZ,2026-05-11 13:22:00,29.85,29.86,29.85,29.85,163200,4871880.0
002155.SZ,2026-05-11 13:23:00,29.85,29.86,29.83,29.83,221861,6621088.0
002155.SZ,2026-05-11 13:24:00,29.83,29.84,29.83,29.83,204200,6091596.0
002155.SZ,2026-05-11 13:25:00,29.83,29.83,29.81,29.82,323400,9643023.0
002155.SZ,2026-05-11 13:26:00,29.81,29.82,29.8,29.8,614823,18326136.0
002155.SZ,2026-05-11 13:27:00,29.8,29.8,29.75,29.75,774377,23060206.0
002155.SZ,2026-05-11 13:28:00,29.75,29.76,29.74,29.76,174700,5197562.0
002155.SZ,2026-05-11 13:29:00,29.76,29.78,29.75,29.76,138200,4113293.0
002155.SZ,2026-05-11 13:30:00,29.76,29.8,29.76,29.79,91200,2716378.0
002155.SZ,2026-05-11 13:31:00,29.79,29.83,29.79,29.82,130200,3882573.0
002155.SZ,2026-05-11 13:32:00,29.81,29.81,29.77,29.77,119800,3569027.0
002155.SZ,2026-05-11 13:33:00,29.78,29.78,29.75,29.75,258300,7687244.0
002155.SZ,2026-05-11 13:34:00,29.74,29.77,29.74,29.76,243600,7247320.0
002155.SZ,2026-05-11 13:35:00,29.76,29.76,29.75,29.75,195830,5826404.5
002155.SZ,2026-05-11 13:36:00,29.76,29.76,29.74,29.75,118800,3534169.0
002155.SZ,2026-05-11 13:37:00,29.75,29.76,29.74,29.76,305100,9077255.0
002155.SZ,2026-05-11 13:38:00,29.76,29.77,29.75,29.75,247800,7374703.0
002155.SZ,2026-05-11 13:39:00,29.75,29.76,29.73,29.74,238900,7106953.0
002155.SZ,2026-05-11 13:40:00,29.74,29.75,29.73,29.73,196600,5846426.0
002155.SZ,2026-05-11 13:41:00,29.72,29.73,29.71,29.72,261100,7760253.0
002155.SZ,2026-05-11 13:42:00,29.72,29.72,29.7,29.7,272200,8086997.0
002155.SZ,2026-05-11 13:43:00,29.7,29.71,29.68,29.69,336500,9994036.0
002155.SZ,2026-05-11 13:44:00,29.69,29.69,29.64,29.67,323600,9599059.0
002155.SZ,2026-05-11 13:45:00,29.66,29.66,29.63,29.63,203600,6036941.0
002155.SZ,2026-05-11 13:46:00,29.63,29.63,29.61,29.61,224900,6661398.5
002155.SZ,2026-05-11 13:47:00,29.61,29.64,29.61,29.63,161370,4780791.5
002155.SZ,2026-05-11 13:48:00,29.63,29.65,29.63,29.65,175800,5210243.0
002155.SZ,2026-05-11 13:49:00,29.64,29.65,29.64,29.65,177700,5266896.0
002155.SZ,2026-05-11 13:50:00,29.64,29.65,29.64,29.64,106300,3150925.0
002155.SZ,2026-05-11 13:51:00,29.65,29.71,29.64,29.71,368400,10929560.0
002155.SZ,2026-05-11 13:52:00,29.71,29.71,29.66,29.69,127100,3772863.0
002155.SZ,2026-05-11 13:53:00,29.69,29.69,29.65,29.65,142300,4221439.0
002155.SZ,2026-05-11 13:54:00,29.65,29.66,29.63,29.64,141800,4202896.0
002155.SZ,2026-05-11 13:55:00,29.65,29.66,29.63,29.63,140500,4164808.0
002155.SZ,2026-05-11 13:56:00,29.62,29.63,29.6,29.6,416430,12331739.0
002155.SZ,2026-05-11 13:57:00,29.6,29.63,29.6,29.62,121900,3609881.0
002155.SZ,2026-05-11 13:58:00,29.63,29.63,29.6,29.62,638762,18914052.0
002155.SZ,2026-05-11 13:59:00,29.62,29.64,29.58,29.62,479700,14202105.0
002155.SZ,2026-05-11 14:00:00,29.64,29.64,29.59,29.61,231100,6841297.0
002155.SZ,2026-05-11 14:01:00,29.61,29.63,29.6,29.62,205400,6082745.0
002155.SZ,2026-05-11 14:02:00,29.62,29.67,29.6,29.67,313000,9275360.0
002155.SZ,2026-05-11 14:03:00,29.67,29.67,29.63,29.66,285500,8460844.0
002155.SZ,2026-05-11 14:04:00,29.66,29.68,29.65,29.68,392800,11647616.0
002155.SZ,2026-05-11 14:05:00,29.68,29.71,29.68,29.71,106800,3171404.0
002155.SZ,2026-05-11 14:06:00,29.71,29.72,29.69,29.7,119700,3555601.0
002155.SZ,2026-05-11 14:07:00,29.7,29.7,29.69,29.7,48500,1440295.0
002155.SZ,2026-05-11 14:08:00,29.69,29.74,29.69,29.73,157100,4668648.0
002155.SZ,2026-05-11 14:09:00,29.73,29.8,29.73,29.79,141300,4206278.0
002155.SZ,2026-05-11 14:10:00,29.79,29.8,29.78,29.78,124270,3701424.0
002155.SZ,2026-05-11 14:11:00,29.78,29.8,29.76,29.8,244810,7282852.0
002155.SZ,2026-05-11 14:12:00,29.79,29.8,29.77,29.78,59600,1774878.0
002155.SZ,2026-05-11 14:13:00,29.77,29.86,29.77,29.86,219200,6534119.0
002155.SZ,2026-05-11 14:14:00,29.86,29.86,29.84,29.84,77500,2313436.0
002155.SZ,2026-05-11 14:15:00,29.84,29.84,29.81,29.83,84400,2516994.0
002155.SZ,2026-05-11 14:16:00,29.83,29.85,29.82,29.85,146400,4367335.0
002155.SZ,2026-05-11 14:17:00,29.86,29.89,29.86,29.88,135600,4051112.0
002155.SZ,2026-05-11 14:18:00,29.88,29.88,29.85,29.86,66800,1995194.0
002155.SZ,2026-05-11 14:19:00,29.86,29.88,29.86,29.88,97100,2900772.0
002155.SZ,2026-05-11 14:20:00,29.88,29.88,29.85,29.86,113400,3387644.0
002155.SZ,2026-05-11 14:21:00,29.86,29.88,29.86,29.87,132200,3949109.0
002155.SZ,2026-05-11 14:22:00,29.87,29.87,29.82,29.82,123400,3683278.0
002155.SZ,2026-05-11 14:23:00,29.82,29.83,29.8,29.8,138400,4127091.0
002155.SZ,2026-05-11 14:24:00,29.8,29.82,29.8,29.81,147362,4392359.0
002155.SZ,2026-05-11 14:25:00,29.81,29.87,29.81,29.86,176800,5277315.0
002155.SZ,2026-05-11 14:26:00,29.84,29.86,29.83,29.83,161900,4827613.0
002155.SZ,2026-05-11 14:27:00,29.83,29.84,29.82,29.83,62200,1855121.0
002155.SZ,2026-05-11 14:28:00,29.83,29.83,29.81,29.83,151100,4506228.0
002155.SZ,2026-05-11 14:29:00,29.83,29.9,29.83,29.9,324160,9684109.0
002155.SZ,2026-05-11 14:30:00,29.9,29.9,29.88,29.89,155300,4641755.0
002155.SZ,2026-05-11 14:31:00,29.9,29.93,29.89,29.91,152400,4557947.0
002155.SZ,2026-05-11 14:32:00,29.93,29.93,29.91,29.92,91600,2740697.0
002155.SZ,2026-05-11 14:33:00,29.92,29.94,29.9,29.91,160090,4789792.0
002155.SZ,2026-05-11 14:34:00,29.9,29.91,29.86,29.87,137950,4122363.2
002155.SZ,2026-05-11 14:35:00,29.86,29.88,29.84,29.85,204400,6103421.0
002155.SZ,2026-05-11 14:36:00,29.85,29.87,29.85,29.87,111548,3330813.8
002155.SZ,2026-05-11 14:37:00,29.86,29.86,29.83,29.84,137556,4105167.0
002155.SZ,2026-05-11 14:38:00,29.84,29.84,29.82,29.82,88496,2639679.8
002155.SZ,2026-05-11 14:39:00,29.82,29.85,29.82,29.84,307604,9174815.0
002155.SZ,2026-05-11 14:40:00,29.84,29.84,29.82,29.82,102500,3057132.0
002155.SZ,2026-05-11 14:41:00,29.83,29.83,29.81,29.81,155400,4633436.0
002155.SZ,2026-05-11 14:42:00,29.81,29.83,29.81,29.81,149300,4451355.0
002155.SZ,2026-05-11 14:43:00,29.81,29.82,29.8,29.81,114800,3421988.0
002155.SZ,2026-05-11 14:44:00,29.81,29.82,29.8,29.8,201400,6003900.0
002155.SZ,2026-05-11 14:45:00,29.81,29.81,29.8,29.81,194630,5800629.0
002155.SZ,2026-05-11 14:46:00,29.82,29.82,29.8,29.81,223270,6655670.5
002155.SZ,2026-05-11 14:47:00,29.81,29.83,29.81,29.82,148630,4431620.5
002155.SZ,2026-05-11 14:48:00,29.82,29.84,29.81,29.83,101400,3024393.0
002155.SZ,2026-05-11 14:49:00,29.83,29.84,29.82,29.83,130500,3892720.0
002155.SZ,2026-05-11 14:50:00,29.84,29.84,29.83,29.83,170700,5092612.0
002155.SZ,2026-05-11 14:51:00,29.82,29.83,29.81,29.83,171100,5102988.0
002155.SZ,2026-05-11 14:52:00,29.83,29.85,29.83,29.84,181800,5423925.0
002155.SZ,2026-05-11 14:53:00,29.83,29.85,29.83,29.85,175900,5249764.0
002155.SZ,2026-05-11 14:54:00,29.84,29.85,29.84,29.84,210100,6270560.0
002155.SZ,2026-05-11 14:55:00,29.84,29.86,29.84,29.86,173430,5177324.5
002155.SZ,2026-05-11 14:56:00,29.85,29.86,29.84,29.85,324170,9678013.0
002155.SZ,2026-05-11 14:57:00,29.84,29.86,29.83,29.83,243250,7259414.5
002155.SZ,2026-05-11 14:58:00,29.83,29.83,29.83,29.83,0,0.0
002155.SZ,2026-05-11 14:59:00,29.83,29.83,29.83,29.83,0,0.0
002155.SZ,2026-05-11 15:00:00,29.83,29.83,29.83,29.83,434300,12955169.0
002155.SZ,2026-05-12 09:30:00,30.44,30.5,30.42,30.46,1010400,30773240.0
002155.SZ,2026-05-12 09:31:00,30.44,30.44,30.0,30.06,2749800,83218960.0
002155.SZ,2026-05-12 09:32:00,30.12,30.23,30.07,30.23,1142627,34432320.0
002155.SZ,2026-05-12 09:33:00,30.21,30.21,30.09,30.1,1098770,33116450.0
002155.SZ,2026-05-12 09:34:00,30.12,30.16,30.12,30.14,517500,15594465.0
002155.SZ,2026-05-12 09:35:00,30.13,30.13,30.04,30.05,1003700,30188232.0
002155.SZ,2026-05-12 09:36:00,30.04,30.07,30.0,30.0,682900,20514160.0
002155.SZ,2026-05-12 09:37:00,30.0,30.0,29.93,29.99,1093415,32766120.0
002155.SZ,2026-05-12 09:38:00,30.01,30.1,30.0,30.1,518482,15569024.0
002155.SZ,2026-05-12 09:39:00,30.13,30.13,30.05,30.05,504500,15180786.0
002155.SZ,2026-05-12 09:40:00,30.05,30.12,29.98,29.98,911400,27374960.0
002155.SZ,2026-05-12 09:41:00,29.96,29.99,29.9,29.91,756700,22668536.0
002155.SZ,2026-05-12 09:42:00,29.91,29.91,29.88,29.89,645700,19305962.0
002155.SZ,2026-05-12 09:43:00,29.88,29.94,29.85,29.91,416085,12434708.0
002155.SZ,2026-05-12 09:44:00,29.9,29.96,29.9,29.93,315300,9435238.0
002155.SZ,2026-05-12 09:45:00,29.93,29.94,29.88,29.92,478100,14301521.0
002155.SZ,2026-05-12 09:46:00,29.92,29.92,29.83,29.86,476700,14236491.0
002155.SZ,2026-05-12 09:47:00,29.85,29.86,29.68,29.71,743300,22154660.0
002155.SZ,2026-05-12 09:48:00,29.67,29.69,29.65,29.66,720100,21373452.0
002155.SZ,2026-05-12 09:49:00,29.68,29.82,29.64,29.79,398700,11848736.0
002155.SZ,2026-05-12 09:50:00,29.78,29.88,29.78,29.86,268800,8015899.0
002155.SZ,2026-05-12 09:51:00,29.87,29.87,29.77,29.77,405000,12079422.0
002155.SZ,2026-05-12 09:52:00,29.77,29.77,29.68,29.71,452600,13451216.0
002155.SZ,2026-05-12 09:53:00,29.7,29.7,29.68,29.68,368200,10932149.0
002155.SZ,2026-05-12 09:54:00,29.67,29.67,29.61,29.65,432900,12832725.0
002155.SZ,2026-05-12 09:55:00,29.65,29.7,29.65,29.67,250800,7442114.0
002155.SZ,2026-05-12 09:56:00,29.67,29.67,29.51,29.54,872600,25826412.0
002155.SZ,2026-05-12 09:57:00,29.52,29.52,29.42,29.47,859600,25339476.0
002155.SZ,2026-05-12 09:58:00,29.5,29.53,29.5,29.5,457600,13501287.0
002155.SZ,2026-05-12 09:59:00,29.49,29.51,29.48,29.51,238500,7033540.0
002155.SZ,2026-05-12 10:00:00,29.52,29.57,29.52,29.56,317700,9391987.0
002155.SZ,2026-05-12 10:01:00,29.54,29.61,29.53,29.58,401962,11878802.0
002155.SZ,2026-05-12 10:02:00,29.58,29.62,29.56,29.59,333400,9865237.0
002155.SZ,2026-05-12 10:03:00,29.59,29.6,29.51,29.51,259300,7664947.0
002155.SZ,2026-05-12 10:04:00,29.51,29.51,29.43,29.43,597400,17607024.0
002155.SZ,2026-05-12 10:05:00,29.43,29.46,29.42,29.42,324900,9561921.0
002155.SZ,2026-05-12 10:06:00,29.42,29.45,29.41,29.42,241400,7105274.0
002155.SZ,2026-05-12 10:07:00,29.41,29.5,29.41,29.5,258800,7619052.0
002155.SZ,2026-05-12 10:08:00,29.52,29.57,29.52,29.56,129200,3817154.8
002155.SZ,2026-05-12 10:09:00,29.57,29.61,29.57,29.59,142700,4222314.0
002155.SZ,2026-05-12 10:10:00,29.55,29.6,29.51,29.56,203200,6004945.0
002155.SZ,2026-05-12 10:11:00,29.56,29.57,29.52,29.55,124200,3668827.0
002155.SZ,2026-05-12 10:12:00,29.55,29.62,29.54,29.54,322200,9529973.0
002155.SZ,2026-05-12 10:13:00,29.56,29.64,29.56,29.62,293200,8682535.0
002155.SZ,2026-05-12 10:14:00,29.61,29.64,29.59,29.59,250900,7430354.0
002155.SZ,2026-05-12 10:15:00,29.59,29.6,29.52,29.53,128900,3810473.0
002155.SZ,2026-05-12 10:16:00,29.53,29.58,29.53,29.58,141900,4191567.0
002155.SZ,2026-05-12 10:17:00,29.56,29.58,29.52,29.55,310000,9159534.0
002155.SZ,2026-05-12 10:18:00,29.56,29.57,29.51,29.53,105380,3112797.5
002155.SZ,2026-05-12 10:19:00,29.53,29.53,29.48,29.48,240320,7090239.5
002155.SZ,2026-05-12 10:20:00,29.48,29.49,29.47,29.48,109100,3216377.0
002155.SZ,2026-05-12 10:21:00,29.48,29.48,29.42,29.42,209400,6165785.0
002155.SZ,2026-05-12 10:22:00,29.42,29.45,29.42,29.45,222100,6536456.0
002155.SZ,2026-05-12 10:23:00,29.46,29.53,29.46,29.53,526300,15512643.0
002155.SZ,2026-05-12 10:24:00,29.53,29.53,29.45,29.49,190300,5608782.0
002155.SZ,2026-05-12 10:25:00,29.5,29.53,29.5,29.51,107100,3160277.0
002155.SZ,2026-05-12 10:26:00,29.51,29.51,29.45,29.46,139000,4097693.0
002155.SZ,2026-05-12 10:27:00,29.45,29.46,29.41,29.41,259500,7637827.0
002155.SZ,2026-05-12 10:28:00,29.41,29.41,29.34,29.36,713200,20960600.0
002155.SZ,2026-05-12 10:29:00,29.36,29.38,29.35,29.36,159800,4691775.0
002155.SZ,2026-05-12 10:30:00,29.35,29.36,29.32,29.32,279600,8204306.0
002155.SZ,2026-05-12 10:31:00,29.32,29.33,29.29,29.29,312620,9161669.0
002155.SZ,2026-05-12 10:32:00,29.29,29.29,29.28,29.29,186700,5467576.0
002155.SZ,2026-05-12 10:33:00,29.28,29.29,29.27,29.29,230244,6741559.0
002155.SZ,2026-05-12 10:34:00,29.28,29.31,29.28,29.3,188900,5533811.0
002155.SZ,2026-05-12 10:35:00,29.29,29.31,29.28,29.31,199200,5834141.0
002155.SZ,2026-05-12 10:36:00,29.31,29.31,29.3,29.3,111500,3267288.0
002155.SZ,2026-05-12 10:37:00,29.3,29.36,29.3,29.36,115600,3390764.0
002155.SZ,2026-05-12 10:38:00,29.36,29.36,29.35,29.35,69000,2025369.0
002155.SZ,2026-05-12 10:39:00,29.35,29.35,29.28,29.29,319400,9360079.0
002155.SZ,2026-05-12 10:40:00,29.29,29.31,29.28,29.3,134510,3939458.8
002155.SZ,2026-05-12 10:41:00,29.31,29.31,29.3,29.31,117100,3430887.0
002155.SZ,2026-05-12 10:42:00,29.3,29.31,29.3,29.31,68200,1998658.0
002155.SZ,2026-05-12 10:43:00,29.3,29.35,29.3,29.33,306800,8989659.0
002155.SZ,2026-05-12 10:44:00,29.33,29.36,29.33,29.35,98700,2896151.0
002155.SZ,2026-05-12 10:45:00,29.35,29.39,29.35,29.39,140200,4118112.0
002155.SZ,2026-05-12 10:46:00,29.38,29.45,29.37,29.45,152600,4487113.0
002155.SZ,2026-05-12 10:47:00,29.46,29.48,29.45,29.46,288100,8489129.0
002155.SZ,2026-05-12 10:48:00,29.46,29.46,29.4,29.4,110400,3249618.0
002155.SZ,2026-05-12 10:49:00,29.38,29.41,29.36,29.41,130100,3822876.0
002155.SZ,2026-05-12 10:50:00,29.39,29.42,29.39,29.42,101300,2978860.0
002155.SZ,2026-05-12 10:51:00,29.43,29.45,29.4,29.44,79200,2330034.0
002155.SZ,2026-05-12 10:52:00,29.43,29.47,29.43,29.46,68000,2003161.5
002155.SZ,2026-05-12 10:53:00,29.46,29.6,29.45,29.6,152550,4502255.5
002155.SZ,2026-05-12 10:54:00,29.6,29.63,29.52,29.52,166400,4925524.0
002155.SZ,2026-05-12 10:55:00,29.54,29.6,29.54,29.55,145900,4314871.0
002155.SZ,2026-05-12 10:56:00,29.56,29.6,29.56,29.57,85800,2538064.0
002155.SZ,2026-05-12 10:57:00,29.58,29.59,29.57,29.58,73200,2165021.0
002155.SZ,2026-05-12 10:58:00,29.58,29.67,29.58,29.65,263400,7802741.0
002155.SZ,2026-05-12 10:59:00,29.65,29.67,29.64,29.67,187000,5546897.0
002155.SZ,2026-05-12 11:00:00,29.66,29.66,29.59,29.59,143300,4246624.0
002155.SZ,2026-05-12 11:01:00,29.59,29.6,29.56,29.57,86200,2550109.0
002155.SZ,2026-05-12 11:02:00,29.58,29.58,29.5,29.5,144500,4267834.0
002155.SZ,2026-05-12 11:03:00,29.53,29.54,29.5,29.54,255000,7528730.0
002155.SZ,2026-05-12 11:04:00,29.55,29.55,29.51,29.52,227300,6710926.0
002155.SZ,2026-05-12 11:05:00,29.53,29.53,29.5,29.52,82500,2435362.0
002155.SZ,2026-05-12 11:06:00,29.53,29.58,29.51,29.51,56300,1663356.0
002155.SZ,2026-05-12 11:07:00,29.51,29.59,29.51,29.59,55000,1625218.0
002155.SZ,2026-05-12 11:08:00,29.59,29.59,29.52,29.52,53800,1589830.0
002155.SZ,2026-05-12 11:09:00,29.52,29.52,29.47,29.47,103100,3041175.0
002155.SZ,2026-05-12 11:10:00,29.47,29.47,29.45,29.46,116900,3443714.0
002155.SZ,2026-05-12 11:11:00,29.46,29.48,29.45,29.45,138400,4078987.0
002155.SZ,2026-05-12 11:12:00,29.45,29.49,29.43,29.49,121200,3569785.0
002155.SZ,2026-05-12 11:13:00,29.49,29.49,29.43,29.45,51800,1525628.0
002155.SZ,2026-05-12 11:14:00,29.45,29.45,29.43,29.44,73933,2176002.2
002155.SZ,2026-05-12 11:15:00,29.44,29.5,29.44,29.5,98700,2909316.0
002155.SZ,2026-05-12 11:16:00,29.51,29.53,29.45,29.48,71700,2115446.0
002155.SZ,2026-05-12 11:17:00,29.46,29.49,29.46,29.46,63000,1856857.0
002155.SZ,2026-05-12 11:18:00,29.46,29.47,29.4,29.41,112000,3295509.0
002155.SZ,2026-05-12 11:19:00,29.4,29.42,29.4,29.41,78400,2305641.0
002155.SZ,2026-05-12 11:20:00,29.41,29.41,29.38,29.39,115200,3386446.0
002155.SZ,2026-05-12 11:21:00,29.39,29.39,29.35,29.35,110500,3244984.0
002155.SZ,2026-05-12 11:22:00,29.34,29.34,29.31,29.31,94300,2765630.0
002155.SZ,2026-05-12 11:23:00,29.32,29.33,29.31,29.33,156200,4579478.0
002155.SZ,2026-05-12 11:24:00,29.33,29.36,29.33,29.35,95000,2787898.0
002155.SZ,2026-05-12 11:25:00,29.36,29.36,29.29,29.29,255900,7500904.0
002155.SZ,2026-05-12 11:26:00,29.29,29.34,29.29,29.32,82500,2418804.0
002155.SZ,2026-05-12 11:27:00,29.32,29.32,29.29,29.29,134000,3926476.0
002155.SZ,2026-05-12 11:28:00,29.3,29.33,29.3,29.32,180400,5286609.0
002155.SZ,2026-05-12 11:29:00,29.33,29.34,29.31,29.32,91700,2688925.0
002155.SZ,2026-05-12 11:30:00,29.32,29.32,29.31,29.32,39600,1160891.0
002155.SZ,2026-05-12 13:01:00,29.31,29.32,29.25,29.25,520246,15237958.0
002155.SZ,2026-05-12 13:02:00,29.25,29.27,29.24,29.26,181500,5309148.0
002155.SZ,2026-05-12 13:03:00,29.27,29.28,29.26,29.28,98000,2868419.0
002155.SZ,2026-05-12 13:04:00,29.28,29.32,29.27,29.27,116300,3406276.0
002155.SZ,2026-05-12 13:05:00,29.26,29.28,29.26,29.28,88500,2589953.0
002155.SZ,2026-05-12 13:06:00,29.28,29.32,29.28,29.3,69500,2036180.0
002155.SZ,2026-05-12 13:07:00,29.3,29.3,29.28,29.3,53300,1561296.0
002155.SZ,2026-05-12 13:08:00,29.29,29.29,29.25,29.27,126300,3697165.0
002155.SZ,2026-05-12 13:09:00,29.27,29.27,29.25,29.26,95100,2782265.0
002155.SZ,2026-05-12 13:10:00,29.25,29.3,29.25,29.28,79100,2315208.0
002155.SZ,2026-05-12 13:11:00,29.29,29.29,29.28,29.28,76600,2243167.0
002155.SZ,2026-05-12 13:12:00,29.29,29.35,29.28,29.35,118700,3479121.0
002155.SZ,2026-05-12 13:13:00,29.34,29.36,29.33,29.34,84600,2482539.0
002155.SZ,2026-05-12 13:14:00,29.35,29.39,29.35,29.39,67497,1982685.9
002155.SZ,2026-05-12 13:15:00,29.39,29.43,29.39,29.43,88900,2614724.0
002155.SZ,2026-05-12 13:16:00,29.47,29.5,29.44,29.45,155700,4588422.5
002155.SZ,2026-05-12 13:17:00,29.45,29.52,29.45,29.48,167100,4925318.0
002155.SZ,2026-05-12 13:18:00,29.48,29.51,29.46,29.48,85500,2521761.0
002155.SZ,2026-05-12 13:19:00,29.48,29.58,29.48,29.54,191200,5650815.0
002155.SZ,2026-05-12 13:20:00,29.53,29.53,29.48,29.49,74300,2191891.0
002155.SZ,2026-05-12 13:21:00,29.48,29.55,29.48,29.54,94400,2785828.0
002155.SZ,2026-05-12 13:22:00,29.55,29.55,29.5,29.53,80200,2368035.8
002155.SZ,2026-05-12 13:23:00,29.54,29.55,29.48,29.49,104800,3093986.0
002155.SZ,2026-05-12 13:24:00,29.49,29.53,29.48,29.5,54200,1599352.0
002155.SZ,2026-05-12 13:25:00,29.52,29.55,29.52,29.53,126290,3730938.8
002155.SZ,2026-05-12 13:26:00,29.51,29.56,29.49,29.56,114100,3369595.0
002155.SZ,2026-05-12 13:27:00,29.55,29.57,29.53,29.53,135800,4013358.0
002155.SZ,2026-05-12 13:28:00,29.54,29.54,29.51,29.52,50700,1496763.0
002155.SZ,2026-05-12 13:29:00,29.52,29.52,29.5,29.52,60500,1785360.0
002155.SZ,2026-05-12 13:30:00,29.5,29.51,29.49,29.49,51800,1527951.0
002155.SZ,2026-05-12 13:31:00,29.49,29.5,29.48,29.48,71000,2093597.0
002155.SZ,2026-05-12 13:32:00,29.49,29.51,29.48,29.48,63430,1870657.8
002155.SZ,2026-05-12 13:33:00,29.49,29.49,29.45,29.46,81100,2390152.0
002155.SZ,2026-05-12 13:34:00,29.48,29.53,29.48,29.5,71600,2112126.0
002155.SZ,2026-05-12 13:35:00,29.5,29.51,29.45,29.45,68500,2020233.0
002155.SZ,2026-05-12 13:36:00,29.45,29.45,29.42,29.42,28100,826997.0
002155.SZ,2026-05-12 13:37:00,29.43,29.45,29.42,29.43,44300,1303939.0
002155.SZ,2026-05-12 13:38:00,29.43,29.43,29.42,29.42,14900,438483.0
002155.SZ,2026-05-12 13:39:00,29.42,29.42,29.39,29.4,200700,5899765.0
002155.SZ,2026-05-12 13:40:00,29.4,29.4,29.38,29.38,117300,3447361.0
002155.SZ,2026-05-12 13:41:00,29.38,29.38,29.36,29.37,33500,983904.0
002155.SZ,2026-05-12 13:42:00,29.38,29.38,29.33,29.34,71312,2092920.0
002155.SZ,2026-05-12 13:43:00,29.34,29.34,29.32,29.32,47888,1404720.0
002155.SZ,2026-05-12 13:44:00,29.32,29.33,29.32,29.33,68200,2000017.0
002155.SZ,2026-05-12 13:45:00,29.32,29.33,29.31,29.32,59000,1730151.0
002155.SZ,2026-05-12 13:46:00,29.32,29.33,29.31,29.32,72000,2111037.0
002155.SZ,2026-05-12 13:47:00,29.32,29.33,29.31,29.32,85000,2492097.0
002155.SZ,2026-05-12 13:48:00,29.32,29.32,29.3,29.3,136100,3988366.0
002155.SZ,2026-05-12 13:49:00,29.3,29.33,29.3,29.32,37700,1105083.0
002155.SZ,2026-05-12 13:50:00,29.33,29.33,29.31,29.32,93400,2737736.0
002155.SZ,2026-05-12 13:51:00,29.31,29.34,29.31,29.34,49712,1457894.0
002155.SZ,2026-05-12 13:52:00,29.33,29.33,29.3,29.3,92788,2720328.0
002155.SZ,2026-05-12 13:53:00,29.31,29.31,29.3,29.31,65900,1931096.0
002155.SZ,2026-05-12 13:54:00,29.31,29.31,29.29,29.3,50300,1473794.0
002155.SZ,2026-05-12 13:55:00,29.3,29.3,29.29,29.3,202800,5940993.0
002155.SZ,2026-05-12 13:56:00,29.3,29.3,29.26,29.26,221500,6484170.0
002155.SZ,2026-05-12 13:57:00,29.26,29.29,29.26,29.29,146600,4294307.0
002155.SZ,2026-05-12 13:58:00,29.29,29.31,29.29,29.3,25100,735425.0
002155.SZ,2026-05-12 13:59:00,29.31,29.32,29.31,29.32,41700,1222316.0
002155.SZ,2026-05-12 14:00:00,29.31,29.32,29.3,29.31,57100,1673643.0
002155.SZ,2026-05-12 14:01:00,29.32,29.32,29.29,29.3,115200,3376494.0
002155.SZ,2026-05-12 14:02:00,29.3,29.3,29.25,29.26,241500,7068280.0
002155.SZ,2026-05-12 14:03:00,29.26,29.27,29.25,29.25,104500,3057656.0
002155.SZ,2026-05-12 14:04:00,29.26,29.26,29.25,29.25,169000,4943673.0
002155.SZ,2026-05-12 14:05:00,29.25,29.27,29.25,29.26,62400,1825503.0
002155.SZ,2026-05-12 14:06:00,29.27,29.27,29.25,29.26,77500,2266972.0
002155.SZ,2026-05-12 14:07:00,29.26,29.26,29.25,29.26,46400,1357543.0
002155.SZ,2026-05-12 14:08:00,29.25,29.26,29.21,29.22,313500,9164955.0
002155.SZ,2026-05-12 14:09:00,29.21,29.24,29.21,29.24,111300,3251737.0
002155.SZ,2026-05-12 14:10:00,29.22,29.23,29.21,29.21,120900,3532264.0
002155.SZ,2026-05-12 14:11:00,29.22,29.22,29.2,29.22,124200,3628502.0
002155.SZ,2026-05-12 14:12:00,29.21,29.23,29.2,29.2,134100,3917325.0
002155.SZ,2026-05-12 14:13:00,29.2,29.22,29.2,29.21,186900,5458511.0
002155.SZ,2026-05-12 14:14:00,29.21,29.21,29.2,29.2,44300,1293879.0
002155.SZ,2026-05-12 14:15:00,29.2,29.24,29.2,29.22,174700,5103238.0
002155.SZ,2026-05-12 14:16:00,29.21,29.24,29.21,29.23,70100,2049282.0
002155.SZ,2026-05-12 14:17:00,29.23,29.23,29.22,29.22,105100,3071477.0
002155.SZ,2026-05-12 14:18:00,29.22,29.24,29.2,29.24,190900,5576001.0
002155.SZ,2026-05-12 14:19:00,29.23,29.27,29.23,29.27,79800,2333828.0
002155.SZ,2026-05-12 14:20:00,29.29,29.34,29.26,29.31,71900,2106516.0
002155.SZ,2026-05-12 14:21:00,29.31,29.31,29.3,29.3,58200,1705428.0
002155.SZ,2026-05-12 14:22:00,29.31,29.31,29.3,29.3,39600,1160416.0
002155.SZ,2026-05-12 14:23:00,29.31,29.32,29.29,29.3,123500,3619068.0
002155.SZ,2026-05-12 14:24:00,29.29,29.31,29.29,29.29,31200,914187.0
002155.SZ,2026-05-12 14:25:00,29.29,29.34,29.29,29.33,221800,6502374.0
002155.SZ,2026-05-12 14:26:00,29.33,29.34,29.29,29.29,198750,5819062.0
002155.SZ,2026-05-12 14:27:00,29.28,29.29,29.25,29.25,36800,1077254.0
002155.SZ,2026-05-12 14:28:00,29.25,29.25,29.22,29.23,81700,2387973.0
002155.SZ,2026-05-12 14:29:00,29.23,29.24,29.22,29.22,258100,7540688.0
002155.SZ,2026-05-12 14:30:00,29.22,29.22,29.21,29.22,99300,2901210.0
002155.SZ,2026-05-12 14:31:00,29.22,29.24,29.22,29.24,37800,1104825.0
002155.SZ,2026-05-12 14:32:00,29.24,29.26,29.23,29.25,82300,2406443.0
002155.SZ,2026-05-12 14:33:00,29.25,29.26,29.25,29.25,37296,1091002.0
002155.SZ,2026-05-12 14:34:00,29.25,29.25,29.22,29.23,89200,2607562.0
002155.SZ,2026-05-12 14:35:00,29.24,29.27,29.24,29.27,122800,3591733.0
002155.SZ,2026-05-12 14:36:00,29.27,29.28,29.27,29.27,109400,3203040.0
002155.SZ,2026-05-12 14:37:00,29.28,29.3,29.27,29.28,60600,1774665.0
002155.SZ,2026-05-12 14:38:00,29.29,29.29,29.27,29.27,70600,2066829.0
002155.SZ,2026-05-12 14:39:00,29.27,29.29,29.27,29.28,71500,2093483.0
002155.SZ,2026-05-12 14:40:00,29.27,29.28,29.27,29.28,85230,2495126.8
002155.SZ,2026-05-12 14:41:00,29.28,29.29,29.28,29.29,103800,3039608.0
002155.SZ,2026-05-12 14:42:00,29.29,29.29,29.27,29.28,162700,4763543.0
002155.SZ,2026-05-12 14:43:00,29.27,29.28,29.27,29.28,83100,2432569.0
002155.SZ,2026-05-12 14:44:00,29.27,29.28,29.26,29.28,82500,2414998.0
002155.SZ,2026-05-12 14:45:00,29.28,29.29,29.28,29.28,85900,2515386.0
002155.SZ,2026-05-12 14:46:00,29.28,29.29,29.27,29.27,98800,2892958.0
002155.SZ,2026-05-12 14:47:00,29.27,29.28,29.26,29.26,134900,3948243.0
002155.SZ,2026-05-12 14:48:00,29.26,29.27,29.24,29.25,153200,4481704.0
002155.SZ,2026-05-12 14:49:00,29.26,29.26,29.25,29.26,110200,3223787.0
002155.SZ,2026-05-12 14:50:00,29.26,29.26,29.24,29.24,103920,3039921.8
002155.SZ,2026-05-12 14:51:00,29.25,29.26,29.25,29.25,168830,4938494.0
002155.SZ,2026-05-12 14:52:00,29.24,29.25,29.23,29.24,216850,6340527.5
002155.SZ,2026-05-12 14:53:00,29.24,29.25,29.23,29.24,141500,4137142.0
002155.SZ,2026-05-12 14:54:00,29.23,29.25,29.23,29.24,223400,6532110.0
002155.SZ,2026-05-12 14:55:00,29.24,29.24,29.22,29.22,207800,6074506.0
002155.SZ,2026-05-12 14:56:00,29.23,29.24,29.22,29.24,221900,6485933.0
002155.SZ,2026-05-12 14:57:00,29.23,29.25,29.23,29.24,311200,9099684.0
002155.SZ,2026-05-12 14:58:00,29.24,29.24,29.24,29.24,0,0.0
002155.SZ,2026-05-12 14:59:00,29.24,29.24,29.24,29.24,0,0.0
002155.SZ,2026-05-12 15:00:00,29.24,29.24,29.24,29.24,339900,9938676.0
002155.SZ,2026-05-13 09:30:00,29.23,29.38,29.23,29.29,615630,18002602.0
002155.SZ,2026-05-13 09:31:00,29.38,29.78,29.38,29.55,1896963,56143816.0
002155.SZ,2026-05-13 09:32:00,29.63,29.64,29.41,29.41,1256900,37145428.0
002155.SZ,2026-05-13 09:33:00,29.45,29.46,29.29,29.29,636000,18684804.0
002155.SZ,2026-05-13 09:34:00,29.27,29.27,29.15,29.19,627600,18331968.0
002155.SZ,2026-05-13 09:35:00,29.19,29.21,29.17,29.19,288700,8427670.0
002155.SZ,2026-05-13 09:36:00,29.21,29.24,29.17,29.17,465373,13587975.0
002155.SZ,2026-05-13 09:37:00,29.17,29.2,29.1,29.11,435143,12687451.0
002155.SZ,2026-05-13 09:38:00,29.11,29.11,29.06,29.1,572884,16664250.0
002155.SZ,2026-05-13 09:39:00,29.12,29.14,29.09,29.1,237500,6916441.0
002155.SZ,2026-05-13 09:40:00,29.09,29.13,29.08,29.13,258600,7523418.0
002155.SZ,2026-05-13 09:41:00,29.16,29.16,29.03,29.04,456531,13278423.0
002155.SZ,2026-05-13 09:42:00,28.98,28.99,28.86,28.9,1148250,33229130.0
002155.SZ,2026-05-13 09:43:00,28.87,29.07,28.85,29.07,507700,14684187.0
002155.SZ,2026-05-13 09:44:00,29.03,29.09,29.03,29.05,265800,7725930.5
002155.SZ,2026-05-13 09:45:00,29.05,29.08,29.05,29.07,337000,9792430.0
002155.SZ,2026-05-13 09:46:00,29.06,29.27,29.06,29.24,545893,15911952.0
002155.SZ,2026-05-13 09:47:00,29.23,29.23,29.19,29.23,262900,7679537.0
002155.SZ,2026-05-13 09:48:00,29.23,29.24,29.16,29.22,429400,12542084.0
002155.SZ,2026-05-13 09:49:00,29.21,29.24,29.19,29.22,424800,12407488.0
002155.SZ,2026-05-13 09:50:00,29.25,29.27,29.23,29.27,357836,10465232.0
002155.SZ,2026-05-13 09:51:00,29.28,29.28,29.18,29.22,421664,12328094.0
002155.SZ,2026-05-13 09:52:00,29.21,29.24,29.21,29.23,214700,6273271.0
002155.SZ,2026-05-13 09:53:00,29.28,29.28,29.24,29.28,279430,8177638.0
002155.SZ,2026-05-13 09:54:00,29.27,29.28,29.25,29.25,212413,6217494.5
002155.SZ,2026-05-13 09:55:00,29.25,29.26,29.16,29.16,202200,5906515.0
002155.SZ,2026-05-13 09:56:00,29.17,29.17,29.06,29.09,240800,7012968.0
002155.SZ,2026-05-13 09:57:00,29.08,29.08,29.02,29.03,240500,6988724.0
002155.SZ,2026-05-13 09:58:00,29.03,29.03,28.98,29.0,332800,9650578.0
002155.SZ,2026-05-13 09:59:00,28.99,29.09,28.99,29.07,143000,4151736.0
002155.SZ,2026-05-13 10:00:00,29.06,29.13,29.06,29.12,157451,4579555.5
002155.SZ,2026-05-13 10:01:00,29.12,29.16,29.11,29.14,172700,5027318.0
002155.SZ,2026-05-13 10:02:00,29.14,29.17,29.12,29.13,157400,4586269.0
002155.SZ,2026-05-13 10:03:00,29.13,29.21,29.13,29.2,157900,4605947.0
002155.SZ,2026-05-13 10:04:00,29.2,29.26,29.19,29.26,149900,4382649.0
002155.SZ,2026-05-13 10:05:00,29.24,29.24,29.22,29.23,267400,7818894.0
002155.SZ,2026-05-13 10:06:00,29.23,29.23,29.21,29.22,205600,6006481.0
002155.SZ,2026-05-13 10:07:00,29.23,29.23,29.16,29.16,122000,3562702.0
002155.SZ,2026-05-13 10:08:00,29.16,29.16,29.05,29.06,132900,3866497.0
002155.SZ,2026-05-13 10:09:00,29.06,29.07,29.03,29.04,190500,5534378.0
002155.SZ,2026-05-13 10:10:00,29.04,29.13,29.04,29.1,163900,4765068.0
002155.SZ,2026-05-13 10:11:00,29.11,29.11,29.04,29.04,150100,4362028.0
002155.SZ,2026-05-13 10:12:00,29.05,29.08,29.03,29.08,108400,3147978.0
002155.SZ,2026-05-13 10:13:00,29.08,29.11,29.07,29.09,65900,1917458.0
002155.SZ,2026-05-13 10:14:00,29.09,29.09,29.05,29.05,77800,2262326.0
002155.SZ,2026-05-13 10:15:00,29.05,29.13,29.03,29.11,188200,5471367.0
002155.SZ,2026-05-13 10:16:00,29.12,29.18,29.11,29.14,94600,2756255.0
002155.SZ,2026-05-13 10:17:00,29.14,29.16,29.13,29.15,175400,5111104.0
002155.SZ,2026-05-13 10:18:00,29.14,29.15,29.13,29.13,98800,2879315.0
002155.SZ,2026-05-13 10:19:00,29.14,29.14,29.1,29.13,123500,3596719.0
002155.SZ,2026-05-13 10:20:00,29.13,29.13,29.08,29.13,91300,2657959.0
002155.SZ,2026-05-13 10:21:00,29.13,29.15,29.09,29.09,155900,4541992.0
002155.SZ,2026-05-13 10:22:00,29.1,29.14,29.1,29.14,49200,1433193.0
002155.SZ,2026-05-13 10:23:00,29.15,29.25,29.15,29.25,255600,7464744.0
002155.SZ,2026-05-13 10:24:00,29.25,29.32,29.23,29.3,441200,12914518.0
002155.SZ,2026-05-13 10:25:00,29.3,29.3,29.24,29.28,133300,3902335.0
002155.SZ,2026-05-13 10:26:00,29.29,29.29,29.26,29.26,205400,6014260.0
002155.SZ,2026-05-13 10:27:00,29.27,29.28,29.25,29.28,269500,7887381.0
002155.SZ,2026-05-13 10:28:00,29.27,29.28,29.23,29.23,74400,2176594.0
002155.SZ,2026-05-13 10:29:00,29.23,29.23,29.21,29.22,73100,2136253.0
002155.SZ,2026-05-13 10:30:00,29.22,29.25,29.22,29.24,103800,3033797.0
002155.SZ,2026-05-13 10:31:00,29.24,29.25,29.19,29.19,144400,4218689.0
002155.SZ,2026-05-13 10:32:00,29.19,29.19,29.16,29.17,95100,2774116.0
002155.SZ,2026-05-13 10:33:00,29.16,29.17,29.15,29.15,112600,3283817.0
002155.SZ,2026-05-13 10:34:00,29.14,29.15,29.11,29.12,105600,3075667.0
002155.SZ,2026-05-13 10:35:00,29.12,29.16,29.12,29.14,88200,2570217.0
002155.SZ,2026-05-13 10:36:00,29.14,29.14,29.12,29.12,122900,3580004.0
002155.SZ,2026-05-13 10:37:00,29.12,29.12,29.09,29.1,248300,7226011.0
002155.SZ,2026-05-13 10:38:00,29.1,29.1,29.06,29.06,151200,4396354.0
002155.SZ,2026-05-13 10:39:00,29.06,29.06,29.04,29.05,177500,5156753.0
002155.SZ,2026-05-13 10:40:00,29.04,29.05,29.04,29.04,98780,2868916.2
002155.SZ,2026-05-13 10:41:00,29.05,29.07,29.05,29.06,135200,3928691.0
002155.SZ,2026-05-13 10:42:00,29.06,29.08,29.04,29.05,355900,10336564.0
002155.SZ,2026-05-13 10:43:00,29.07,29.09,29.07,29.08,93600,2722623.0
002155.SZ,2026-05-13 10:44:00,29.08,29.08,29.02,29.02,120000,3485433.0
002155.SZ,2026-05-13 10:45:00,29.01,29.03,29.01,29.02,111200,3226823.0
002155.SZ,2026-05-13 10:46:00,29.02,29.03,29.01,29.03,112300,3258362.0
002155.SZ,2026-05-13 10:47:00,29.02,29.05,29.02,29.04,89400,2595113.0
002155.SZ,2026-05-13 10:48:00,29.04,29.04,29.0,29.0,167100,4849265.5
002155.SZ,2026-05-13 10:49:00,28.99,28.99,28.95,28.95,655500,18998706.0
002155.SZ,2026-05-13 10:50:00,28.95,28.99,28.95,28.98,80700,2337148.0
002155.SZ,2026-05-13 10:51:00,28.98,28.98,28.97,28.98,65700,1903747.0
002155.SZ,2026-05-13 10:52:00,28.98,28.98,28.95,28.96,191800,5554317.0
002155.SZ,2026-05-13 10:53:00,28.97,28.97,28.94,28.94,183000,5298823.5
002155.SZ,2026-05-13 10:54:00,28.92,28.94,28.92,28.92,140400,4061011.0
002155.SZ,2026-05-13 10:55:00,28.92,28.93,28.92,28.93,127700,3693088.0
002155.SZ,2026-05-13 10:56:00,28.92,28.92,28.91,28.91,164500,4756036.0
002155.SZ,2026-05-13 10:57:00,28.91,28.92,28.9,28.92,161500,4669035.0
002155.SZ,2026-05-13 10:58:00,28.92,28.92,28.91,28.92,130300,3767179.0
002155.SZ,2026-05-13 10:59:00,28.91,28.93,28.91,28.91,94800,2741139.0
002155.SZ,2026-05-13 11:00:00,28.91,28.91,28.89,28.89,356600,10306562.0
002155.SZ,2026-05-13 11:01:00,28.88,28.89,28.88,28.88,253500,7321613.0
002155.SZ,2026-05-13 11:02:00,28.88,28.88,28.86,28.87,201700,5822742.0
002155.SZ,2026-05-13 11:03:00,28.87,28.88,28.85,28.86,377800,10901971.0
002155.SZ,2026-05-13 11:04:00,28.86,28.88,28.84,28.88,252500,7286239.0
002155.SZ,2026-05-13 11:05:00,28.88,28.92,28.88,28.9,158000,4564870.0
002155.SZ,2026-05-13 11:06:00,28.9,28.93,28.89,28.9,124683,3603596.8
002155.SZ,2026-05-13 11:07:00,28.9,28.91,28.89,28.91,43100,1245591.0
002155.SZ,2026-05-13 11:08:00,28.91,28.91,28.88,28.89,101200,2923773.0
002155.SZ,2026-05-13 11:09:00,28.89,28.89,28.88,28.88,79900,2307627.0
002155.SZ,2026-05-13 11:10:00,28.87,28.88,28.86,28.86,98800,2852237.0
002155.SZ,2026-05-13 11:11:00,28.86,28.91,28.86,28.9,248718,7183417.0
002155.SZ,2026-05-13 11:12:00,28.9,28.9,28.87,28.89,85900,2481357.0
002155.SZ,2026-05-13 11:13:00,28.87,28.88,28.86,28.87,158100,4564377.0
002155.SZ,2026-05-13 11:14:00,28.88,28.89,28.87,28.88,59825,1727801.0
002155.SZ,2026-05-13 11:15:00,28.88,28.9,28.88,28.89,95900,2770686.0
002155.SZ,2026-05-13 11:16:00,28.89,28.91,28.89,28.91,67903,1962395.6
002155.SZ,2026-05-13 11:17:00,28.9,28.91,28.9,28.91,184700,5339201.0
002155.SZ,2026-05-13 11:18:00,28.91,28.91,28.9,28.91,90500,2615893.0
002155.SZ,2026-05-13 11:19:00,28.9,28.94,28.9,28.94,62500,1807508.0
002155.SZ,2026-05-13 11:20:00,28.92,28.93,28.92,28.93,84500,2444300.0
002155.SZ,2026-05-13 11:21:00,28.93,28.95,28.91,28.95,78310,2265132.5
002155.SZ,2026-05-13 11:22:00,28.96,28.98,28.95,28.97,94100,2725619.0
002155.SZ,2026-05-13 11:23:00,28.98,28.98,28.94,28.94,65590,1899301.5
002155.SZ,2026-05-13 11:24:00,28.94,28.96,28.93,28.96,34600,1001322.9
002155.SZ,2026-05-13 11:25:00,28.95,28.95,28.92,28.93,92300,2670355.0
002155.SZ,2026-05-13 11:26:00,28.93,28.95,28.92,28.95,56400,1631660.0
002155.SZ,2026-05-13 11:27:00,28.93,28.95,28.93,28.94,37800,1093664.0
002155.SZ,2026-05-13 11:28:00,28.93,28.98,28.93,28.95,105800,3062434.0
002155.SZ,2026-05-13 11:29:00,28.95,28.95,28.92,28.95,58900,1703972.0
002155.SZ,2026-05-13 11:30:00,28.94,28.96,28.94,28.95,77800,2252321.0
002155.SZ,2026-05-13 13:01:00,28.95,28.98,28.83,28.83,885300,25588330.0
002155.SZ,2026-05-13 13:02:00,28.83,28.86,28.81,28.84,309537,8923737.0
002155.SZ,2026-05-13 13:03:00,28.84,28.85,28.82,28.84,273000,7870156.0
002155.SZ,2026-05-13 13:04:00,28.83,28.84,28.83,28.84,136000,3921689.0
002155.SZ,2026-05-13 13:05:00,28.83,28.87,28.83,28.86,137100,3954256.0
002155.SZ,2026-05-13 13:06:00,28.86,28.91,28.86,28.89,165300,4774348.0
002155.SZ,2026-05-13 13:07:00,28.89,28.89,28.86,28.88,151300,4368893.0
002155.SZ,2026-05-13 13:08:00,28.87,28.9,28.85,28.85,301800,8715554.0
002155.SZ,2026-05-13 13:09:00,28.87,28.89,28.86,28.87,374500,10812113.0
002155.SZ,2026-05-13 13:10:00,28.87,28.89,28.84,28.85,352800,10186330.0
002155.SZ,2026-05-13 13:11:00,28.84,28.88,28.84,28.88,193500,5584345.0
002155.SZ,2026-05-13 13:12:00,28.87,28.91,28.87,28.91,328800,9499081.0
002155.SZ,2026-05-13 13:13:00,28.91,28.92,28.9,28.92,188900,5461092.0
002155.SZ,2026-05-13 13:14:00,28.92,28.93,28.9,28.9,144900,4190630.0
002155.SZ,2026-05-13 13:15:00,28.91,28.91,28.87,28.87,244700,7068019.0
002155.SZ,2026-05-13 13:16:00,28.86,28.91,28.86,28.9,296100,8551420.0
002155.SZ,2026-05-13 13:17:00,28.9,28.94,28.9,28.91,277566,8027022.5
002155.SZ,2026-05-13 13:18:00,28.92,28.92,28.91,28.92,51200,1480421.0
002155.SZ,2026-05-13 13:19:00,28.91,28.94,28.91,28.91,329400,9523479.0
002155.SZ,2026-05-13 13:20:00,28.92,28.95,28.92,28.94,182800,5290292.0
002155.SZ,2026-05-13 13:21:00,28.94,28.96,28.94,28.95,115200,3334778.0
002155.SZ,2026-05-13 13:22:00,28.96,28.96,28.91,28.92,125400,3628072.0
002155.SZ,2026-05-13 13:23:00,28.92,28.96,28.91,28.96,236900,6856397.0
002155.SZ,2026-05-13 13:24:00,28.96,28.97,28.95,28.96,65900,1908135.0
002155.SZ,2026-05-13 13:25:00,28.95,28.96,28.92,28.92,93600,2708598.0
002155.SZ,2026-05-13 13:26:00,28.92,28.92,28.9,28.9,160000,4625879.0
002155.SZ,2026-05-13 13:27:00,28.9,28.93,28.9,28.93,121800,3521224.0
002155.SZ,2026-05-13 13:28:00,28.93,28.93,28.9,28.91,57200,1653934.0
002155.SZ,2026-05-13 13:29:00,28.91,28.91,28.88,28.88,92300,2666746.0
002155.SZ,2026-05-13 13:30:00,28.88,28.89,28.87,28.87,136100,3930240.0
002155.SZ,2026-05-13 13:31:00,28.86,28.87,28.85,28.86,150400,4340549.0
002155.SZ,2026-05-13 13:32:00,28.86,28.86,28.84,28.84,128600,3710211.0
002155.SZ,2026-05-13 13:33:00,28.84,28.85,28.83,28.84,134100,3867049.0
002155.SZ,2026-05-13 13:34:00,28.84,28.85,28.83,28.84,147800,4262057.0
002155.SZ,2026-05-13 13:35:00,28.85,28.85,28.82,28.82,412000,11876592.0
002155.SZ,2026-05-13 13:36:00,28.82,28.82,28.81,28.82,122500,3529795.0
002155.SZ,2026-05-13 13:37:00,28.82,28.84,28.82,28.83,125200,3609069.0
002155.SZ,2026-05-13 13:38:00,28.83,28.87,28.83,28.86,368500,10631685.0
002155.SZ,2026-05-13 13:39:00,28.86,28.87,28.84,28.85,81100,2340274.0
002155.SZ,2026-05-13 13:40:00,28.85,28.88,28.84,28.88,218868,6314579.0
002155.SZ,2026-05-13 13:41:00,28.87,28.89,28.87,28.87,49400,1426452.8
002155.SZ,2026-05-13 13:42:00,28.88,28.88,28.86,28.86,71500,2063856.0
002155.SZ,2026-05-13 13:43:00,28.86,28.87,28.85,28.87,175900,5075965.0
002155.SZ,2026-05-13 13:44:00,28.87,28.89,28.87,28.87,77700,2243676.0
002155.SZ,2026-05-13 13:45:00,28.87,28.87,28.85,28.86,98100,2831150.0
002155.SZ,2026-05-13 13:46:00,28.85,28.89,28.85,28.88,173300,5003604.0
002155.SZ,2026-05-13 13:47:00,28.87,28.87,28.86,28.87,121900,3518544.0
002155.SZ,2026-05-13 13:48:00,28.87,28.87,28.85,28.86,70900,2045867.0
002155.SZ,2026-05-13 13:49:00,28.86,28.86,28.85,28.85,95700,2761597.0
002155.SZ,2026-05-13 13:50:00,28.86,28.86,28.84,28.84,166800,4812010.0
002155.SZ,2026-05-13 13:51:00,28.84,28.84,28.81,28.81,256000,7380206.0
002155.SZ,2026-05-13 13:52:00,28.82,28.84,28.81,28.84,101900,2936858.0
002155.SZ,2026-05-13 13:53:00,28.84,28.84,28.82,28.83,126100,3635304.0
002155.SZ,2026-05-13 13:54:00,28.82,28.83,28.8,28.81,580300,16719206.0
002155.SZ,2026-05-13 13:55:00,28.82,28.82,28.8,28.81,211900,6103510.0
002155.SZ,2026-05-13 13:56:00,28.82,28.84,28.81,28.83,148970,4293348.5
002155.SZ,2026-05-13 13:57:00,28.82,28.85,28.82,28.84,83100,2396183.2
002155.SZ,2026-05-13 13:58:00,28.85,28.9,28.84,28.88,361300,10427395.0
002155.SZ,2026-05-13 13:59:00,28.88,28.89,28.87,28.88,62900,1816394.0
002155.SZ,2026-05-13 14:00:00,28.88,28.92,28.88,28.92,182800,5281941.0
002155.SZ,2026-05-13 14:01:00,28.92,28.93,28.92,28.93,68100,1969825.0
002155.SZ,2026-05-13 14:02:00,28.93,28.96,28.93,28.96,165420,4788968.0
002155.SZ,2026-05-13 14:03:00,28.95,28.95,28.93,28.93,218600,6327059.0
002155.SZ,2026-05-13 14:04:00,28.93,28.93,28.92,28.92,80700,2334099.0
002155.SZ,2026-05-13 14:05:00,28.92,28.94,28.92,28.94,133900,3873172.0
002155.SZ,2026-05-13 14:06:00,28.92,28.93,28.91,28.91,87100,2519010.0
002155.SZ,2026-05-13 14:07:00,28.92,28.92,28.89,28.89,77100,2228432.0
002155.SZ,2026-05-13 14:08:00,28.89,28.89,28.87,28.88,95500,2758230.0
002155.SZ,2026-05-13 14:09:00,28.87,28.9,28.87,28.9,144800,4182611.0
002155.SZ,2026-05-13 14:10:00,28.9,28.92,28.9,28.92,53300,1540814.0
002155.SZ,2026-05-13 14:11:00,28.91,28.93,28.91,28.93,74000,2140256.0
002155.SZ,2026-05-13 14:12:00,28.93,28.93,28.91,28.92,52700,1524018.0
002155.SZ,2026-05-13 14:13:00,28.92,28.95,28.92,28.94,346100,10013235.0
002155.SZ,2026-05-13 14:14:00,28.94,28.94,28.91,28.92,93200,2695896.0
002155.SZ,2026-05-13 14:15:00,28.92,28.92,28.91,28.92,63600,1838934.0
002155.SZ,2026-05-13 14:16:00,28.92,28.95,28.91,28.94,127500,3688316.0
002155.SZ,2026-05-13 14:17:00,28.95,28.98,28.94,28.98,143200,4147104.0
002155.SZ,2026-05-13 14:18:00,28.98,28.99,28.95,28.96,99300,2876936.0
002155.SZ,2026-05-13 14:19:00,28.96,28.96,28.94,28.95,73000,2113377.0
002155.SZ,2026-05-13 14:20:00,28.95,28.96,28.94,28.94,67500,1953854.0
002155.SZ,2026-05-13 14:21:00,28.95,28.96,28.93,28.93,211600,6124782.0
002155.SZ,2026-05-13 14:22:00,28.93,28.93,28.88,28.88,203200,5872685.0
002155.SZ,2026-05-13 14:23:00,28.89,28.92,28.88,28.92,269100,7772018.0
002155.SZ,2026-05-13 14:24:00,28.92,28.92,28.91,28.91,199800,5777076.0
002155.SZ,2026-05-13 14:25:00,28.92,28.93,28.9,28.93,367900,10635169.0
002155.SZ,2026-05-13 14:26:00,28.93,28.95,28.93,28.95,94500,2734946.0
002155.SZ,2026-05-13 14:27:00,28.94,28.94,28.93,28.93,72500,2097902.0
002155.SZ,2026-05-13 14:28:00,28.93,28.94,28.92,28.93,83300,2409835.0
002155.SZ,2026-05-13 14:29:00,28.92,28.94,28.92,28.94,91200,2638196.0
002155.SZ,2026-05-13 14:30:00,28.94,28.94,28.93,28.94,79900,2312140.0
002155.SZ,2026-05-13 14:31:00,28.94,28.94,28.93,28.94,89560,2591764.8
002155.SZ,2026-05-13 14:32:00,28.94,28.96,28.94,28.95,161900,4687503.0
002155.SZ,2026-05-13 14:33:00,28.95,28.97,28.94,28.97,106600,3086939.0
002155.SZ,2026-05-13 14:34:00,28.97,28.98,28.95,28.97,109000,3157409.0
002155.SZ,2026-05-13 14:35:00,28.97,28.99,28.97,28.99,148900,4314418.0
002155.SZ,2026-05-13 14:36:00,28.99,29.0,28.98,28.99,126200,3658856.0
002155.SZ,2026-05-13 14:37:00,28.99,28.99,28.96,28.97,101800,2949996.0
002155.SZ,2026-05-13 14:38:00,28.96,28.97,28.95,28.95,95100,2754081.0
002155.SZ,2026-05-13 14:39:00,28.95,28.96,28.94,28.96,125800,3641697.0
002155.SZ,2026-05-13 14:40:00,28.95,28.96,28.95,28.95,125600,3636483.0
002155.SZ,2026-05-13 14:41:00,28.95,28.95,28.94,28.95,185900,5380958.0
002155.SZ,2026-05-13 14:42:00,28.94,28.95,28.92,28.93,129940,3759841.5
002155.SZ,2026-05-13 14:43:00,28.93,28.94,28.92,28.93,194513,5626704.0
002155.SZ,2026-05-13 14:44:00,28.94,28.95,28.93,28.95,127060,3677333.5
002155.SZ,2026-05-13 14:45:00,28.95,28.96,28.94,28.95,166803,4828472.0
002155.SZ,2026-05-13 14:46:00,28.97,28.98,28.96,28.98,205900,5965758.0
002155.SZ,2026-05-13 14:47:00,28.98,28.98,28.95,28.96,118100,3421086.0
002155.SZ,2026-05-13 14:48:00,28.95,28.96,28.94,28.94,234900,6799383.5
002155.SZ,2026-05-13 14:49:00,28.95,28.96,28.95,28.96,191700,5550786.0
002155.SZ,2026-05-13 14:50:00,28.95,28.96,28.95,28.95,131000,3792787.0
002155.SZ,2026-05-13 14:51:00,28.95,28.96,28.93,28.93,258100,7470146.0
002155.SZ,2026-05-13 14:52:00,28.94,28.94,28.92,28.93,141691,4098710.2
002155.SZ,2026-05-13 14:53:00,28.93,28.94,28.93,28.93,125100,3619534.0
002155.SZ,2026-05-13 14:54:00,28.93,28.93,28.92,28.93,265203,7671430.0
002155.SZ,2026-05-13 14:55:00,28.92,28.93,28.92,28.93,177620,5138208.5
002155.SZ,2026-05-13 14:56:00,28.93,28.95,28.92,28.94,260883,7548618.0
002155.SZ,2026-05-13 14:57:00,28.94,28.95,28.93,28.95,331400,9591845.0
002155.SZ,2026-05-13 14:58:00,28.95,28.95,28.95,28.95,0,0.0
002155.SZ,2026-05-13 14:59:00,28.95,28.95,28.95,28.95,0,0.0
002155.SZ,2026-05-13 15:00:00,28.95,28.95,28.95,28.95,293800,8505510.0
002155.SZ,2026-05-14 09:30:00,28.8,28.83,28.68,28.83,1021000,29402144.0
002155.SZ,2026-05-14 09:31:00,28.83,29.1,28.83,28.88,1763230,50991550.0
002155.SZ,2026-05-14 09:32:00,28.91,28.96,28.73,28.74,1006650,29023604.0
002155.SZ,2026-05-14 09:33:00,28.73,28.93,28.73,28.91,514200,14818870.0
002155.SZ,2026-05-14 09:34:00,28.87,28.91,28.7,28.72,449800,12950359.0
002155.SZ,2026-05-14 09:35:00,28.71,28.71,28.6,28.64,717900,20579756.0
002155.SZ,2026-05-14 09:36:00,28.6,28.62,28.56,28.6,539700,15430940.0
002155.SZ,2026-05-14 09:37:00,28.64,28.66,28.59,28.64,644760,18449240.0
002155.SZ,2026-05-14 09:38:00,28.63,28.63,28.58,28.6,571914,16355022.0
002155.SZ,2026-05-14 09:39:00,28.59,28.63,28.57,28.63,388672,11112211.0
002155.SZ,2026-05-14 09:40:00,28.64,28.77,28.59,28.76,300700,8617143.0
002155.SZ,2026-05-14 09:41:00,28.73,28.75,28.59,28.6,437200,12522675.0
002155.SZ,2026-05-14 09:42:00,28.59,28.59,28.5,28.53,955034,27247262.0
002155.SZ,2026-05-14 09:43:00,28.52,28.65,28.52,28.57,311600,8896476.0
002155.SZ,2026-05-14 09:44:00,28.58,28.63,28.55,28.57,262300,7498162.0
002155.SZ,2026-05-14 09:45:00,28.57,28.57,28.46,28.48,756500,21565542.0
002155.SZ,2026-05-14 09:46:00,28.47,28.48,28.41,28.41,509800,14507691.0
002155.SZ,2026-05-14 09:47:00,28.41,28.41,28.36,28.39,735600,20884942.0
002155.SZ,2026-05-14 09:48:00,28.39,28.45,28.35,28.45,387400,11001749.0
002155.SZ,2026-05-14 09:49:00,28.45,28.46,28.39,28.44,395700,11246086.0
002155.SZ,2026-05-14 09:50:00,28.45,28.48,28.45,28.48,274400,7810961.0
002155.SZ,2026-05-14 09:51:00,28.48,28.49,28.41,28.46,222600,6336539.0
002155.SZ,2026-05-14 09:52:00,28.47,28.47,28.41,28.41,143800,4089665.0
002155.SZ,2026-05-14 09:53:00,28.42,28.42,28.36,28.36,399200,11330715.0
002155.SZ,2026-05-14 09:54:00,28.36,28.38,28.28,28.3,662000,18746608.0
002155.SZ,2026-05-14 09:55:00,28.3,28.31,28.26,28.28,364500,10310440.0
002155.SZ,2026-05-14 09:56:00,28.26,28.27,28.2,28.25,577654,16308121.0
002155.SZ,2026-05-14 09:57:00,28.23,28.25,28.16,28.17,509546,14371128.0
002155.SZ,2026-05-14 09:58:00,28.18,28.22,28.17,28.2,394700,11129055.0
002155.SZ,2026-05-14 09:59:00,28.19,28.19,28.11,28.15,517800,14573392.0
002155.SZ,2026-05-14 10:00:00,28.16,28.22,28.16,28.21,304300,8574929.0
002155.SZ,2026-05-14 10:01:00,28.21,28.23,28.18,28.18,252100,7111411.0
002155.SZ,2026-05-14 10:02:00,28.2,28.31,28.2,28.31,448300,12658184.0
002155.SZ,2026-05-14 10:03:00,28.28,28.28,28.26,28.27,205530,5811097.0
002155.SZ,2026-05-14 10:04:00,28.27,28.35,28.26,28.3,317800,8996432.0
002155.SZ,2026-05-14 10:05:00,28.3,28.3,28.24,28.26,205800,5816061.0
002155.SZ,2026-05-14 10:06:00,28.28,28.28,28.19,28.19,233600,6592758.0
002155.SZ,2026-05-14 10:07:00,28.2,28.2,28.17,28.18,244200,6883631.0
002155.SZ,2026-05-14 10:08:00,28.17,28.23,28.17,28.22,203200,5729417.0
002155.SZ,2026-05-14 10:09:00,28.21,28.23,28.2,28.22,102900,2903152.0
002155.SZ,2026-05-14 10:10:00,28.22,28.29,28.19,28.29,261300,7372854.0
002155.SZ,2026-05-14 10:11:00,28.26,28.29,28.26,28.28,107300,3033905.0
002155.SZ,2026-05-14 10:12:00,28.28,28.29,28.23,28.23,106800,3017499.0
002155.SZ,2026-05-14 10:13:00,28.23,28.23,28.16,28.16,166900,4704730.0
002155.SZ,2026-05-14 10:14:00,28.16,28.2,28.16,28.18,147900,4168449.0
002155.SZ,2026-05-14 10:15:00,28.18,28.22,28.18,28.22,117100,3301790.0
002155.SZ,2026-05-14 10:16:00,28.2,28.2,28.17,28.18,156500,4410653.0
002155.SZ,2026-05-14 10:17:00,28.19,28.23,28.19,28.22,161500,4556475.0
002155.SZ,2026-05-14 10:18:00,28.22,28.22,28.2,28.21,176400,4976998.0
002155.SZ,2026-05-14 10:19:00,28.22,28.22,28.18,28.18,140200,3953292.0
002155.SZ,2026-05-14 10:20:00,28.19,28.19,28.14,28.14,328700,9256747.0
002155.SZ,2026-05-14 10:21:00,28.14,28.18,28.14,28.16,207800,5850285.0
002155.SZ,2026-05-14 10:22:00,28.17,28.21,28.16,28.2,102900,2900007.0
002155.SZ,2026-05-14 10:23:00,28.21,28.27,28.2,28.27,120300,3395536.0
002155.SZ,2026-05-14 10:24:00,28.26,28.26,28.2,28.21,101700,2869799.0
002155.SZ,2026-05-14 10:25:00,28.19,28.21,28.17,28.19,178100,5019957.0
002155.SZ,2026-05-14 10:26:00,28.17,28.23,28.17,28.23,217569,6135021.5
002155.SZ,2026-05-14 10:27:00,28.24,28.25,28.21,28.21,148030,4178658.2
002155.SZ,2026-05-14 10:28:00,28.24,28.24,28.2,28.22,67400,1901457.0
002155.SZ,2026-05-14 10:29:00,28.22,28.22,28.18,28.19,172900,4874602.0
002155.SZ,2026-05-14 10:30:00,28.18,28.2,28.17,28.18,113000,3184623.0
002155.SZ,2026-05-14 10:31:00,28.18,28.24,28.18,28.23,131711,3716312.0
002155.SZ,2026-05-14 10:32:00,28.24,28.24,28.2,28.2,78200,2206886.0
002155.SZ,2026-05-14 10:33:00,28.22,28.27,28.22,28.27,197900,5591025.0
002155.SZ,2026-05-14 10:34:00,28.28,28.3,28.27,28.3,119000,3365533.0
002155.SZ,2026-05-14 10:35:00,28.33,28.33,28.26,28.31,184800,5227606.0
002155.SZ,2026-05-14 10:36:00,28.3,28.3,28.27,28.27,59300,1677523.0
002155.SZ,2026-05-14 10:37:00,28.28,28.28,28.22,28.22,153700,4341632.0
002155.SZ,2026-05-14 10:38:00,28.22,28.25,28.21,28.22,145900,4116991.0
002155.SZ,2026-05-14 10:39:00,28.23,28.26,28.2,28.22,115500,3261455.0
002155.SZ,2026-05-14 10:40:00,28.23,28.23,28.22,28.23,101000,2850818.0
002155.SZ,2026-05-14 10:41:00,28.22,28.23,28.21,28.22,81400,2296898.0
002155.SZ,2026-05-14 10:42:00,28.22,28.22,28.18,28.18,148500,4187496.0
002155.SZ,2026-05-14 10:43:00,28.18,28.19,28.16,28.16,231600,6524811.0
002155.SZ,2026-05-14 10:44:00,28.15,28.15,28.12,28.13,307910,8664427.0
002155.SZ,2026-05-14 10:45:00,28.13,28.15,28.13,28.15,215077,6049829.0
002155.SZ,2026-05-14 10:46:00,28.15,28.19,28.14,28.19,259200,7296544.0
002155.SZ,2026-05-14 10:47:00,28.19,28.25,28.19,28.24,62840,1772909.0
002155.SZ,2026-05-14 10:48:00,28.23,28.23,28.18,28.2,75750,2136553.5
002155.SZ,2026-05-14 10:49:00,28.2,28.22,28.2,28.21,72600,2047697.0
002155.SZ,2026-05-14 10:50:00,28.2,28.21,28.19,28.2,68700,1937394.2
002155.SZ,2026-05-14 10:51:00,28.2,28.2,28.16,28.18,127050,3580837.2
002155.SZ,2026-05-14 10:52:00,28.18,28.2,28.17,28.2,36100,1017391.0
002155.SZ,2026-05-14 10:53:00,28.21,28.22,28.18,28.18,186700,5264897.0
002155.SZ,2026-05-14 10:54:00,28.18,28.18,28.16,28.16,129200,3639430.0
002155.SZ,2026-05-14 10:55:00,28.17,28.17,28.16,28.16,76000,2140334.0
002155.SZ,2026-05-14 10:56:00,28.16,28.17,28.16,28.16,73700,2075366.0
002155.SZ,2026-05-14 10:57:00,28.16,28.17,28.15,28.16,69400,1954264.0
002155.SZ,2026-05-14 10:58:00,28.17,28.2,28.17,28.17,116300,3276451.0
002155.SZ,2026-05-14 10:59:00,28.16,28.16,28.13,28.14,129000,3630620.0
002155.SZ,2026-05-14 11:00:00,28.15,28.15,28.12,28.12,186690,5250704.5
002155.SZ,2026-05-14 11:01:00,28.12,28.13,28.11,28.12,157700,4434225.0
002155.SZ,2026-05-14 11:02:00,28.12,28.13,28.11,28.11,104600,2941173.0
002155.SZ,2026-05-14 11:03:00,28.12,28.12,28.1,28.1,185100,5203342.0
002155.SZ,2026-05-14 11:04:00,28.1,28.1,28.04,28.05,554700,15575691.0
002155.SZ,2026-05-14 11:05:00,28.03,28.05,28.03,28.05,180500,5061721.0
002155.SZ,2026-05-14 11:06:00,28.05,28.06,28.05,28.06,96200,2698681.0
002155.SZ,2026-05-14 11:07:00,28.06,28.07,28.04,28.04,215600,6048669.0
002155.SZ,2026-05-14 11:08:00,28.04,28.04,28.02,28.03,246400,6906144.0
002155.SZ,2026-05-14 11:09:00,28.03,28.03,28.0,28.0,525000,14703972.0
002155.SZ,2026-05-14 11:10:00,28.0,28.03,28.0,28.01,291653,8168695.5
002155.SZ,2026-05-14 11:11:00,28.0,28.01,27.91,27.93,1033500,28920432.0
002155.SZ,2026-05-14 11:12:00,27.93,27.94,27.92,27.92,128200,3580383.0
002155.SZ,2026-05-14 11:13:00,27.93,27.93,27.92,27.92,172138,4805668.5
002155.SZ,2026-05-14 11:14:00,27.87,27.88,27.86,27.88,542162,15116215.0
002155.SZ,2026-05-14 11:15:00,27.88,27.9,27.87,27.9,189262,5275938.5
002155.SZ,2026-05-14 11:16:00,27.89,27.98,27.89,27.96,469300,13125196.0
002155.SZ,2026-05-14 11:17:00,27.96,27.96,27.91,27.93,125400,3503404.0
002155.SZ,2026-05-14 11:18:00,27.94,27.95,27.92,27.95,109200,3050173.0
002155.SZ,2026-05-14 11:19:00,27.96,27.97,27.94,27.95,114400,3198343.0
002155.SZ,2026-05-14 11:20:00,27.95,27.95,27.92,27.93,100100,2796708.0
002155.SZ,2026-05-14 11:21:00,27.92,27.92,27.89,27.89,141480,3948156.2
002155.SZ,2026-05-14 11:22:00,27.9,27.9,27.89,27.9,57800,1612242.0
002155.SZ,2026-05-14 11:23:00,27.9,27.93,27.89,27.93,146100,4077088.0
002155.SZ,2026-05-14 11:24:00,27.93,27.97,27.93,27.97,85700,2395076.0
002155.SZ,2026-05-14 11:25:00,27.97,27.98,27.96,27.97,283000,7915254.0
002155.SZ,2026-05-14 11:26:00,27.97,28.01,27.97,28.01,97700,2734797.0
002155.SZ,2026-05-14 11:27:00,27.99,28.01,27.99,28.0,92300,2584016.0
002155.SZ,2026-05-14 11:28:00,28.01,28.06,27.99,28.06,150900,4228836.0
002155.SZ,2026-05-14 11:29:00,28.06,28.08,28.06,28.07,130400,3659623.0
002155.SZ,2026-05-14 11:30:00,28.07,28.07,28.06,28.07,36900,1035599.0
002155.SZ,2026-05-14 13:01:00,28.11,28.32,28.11,28.21,1188800,33603200.0
002155.SZ,2026-05-14 13:02:00,28.26,28.26,28.17,28.17,100900,2848360.0
002155.SZ,2026-05-14 13:03:00,28.16,28.16,28.1,28.14,137500,3868678.0
002155.SZ,2026-05-14 13:04:00,28.12,28.13,28.11,28.13,141200,3970084.0
002155.SZ,2026-05-14 13:05:00,28.15,28.15,28.13,28.14,101600,2859209.0
002155.SZ,2026-05-14 13:06:00,28.14,28.14,28.11,28.12,69500,1954044.0
002155.SZ,2026-05-14 13:07:00,28.12,28.14,28.11,28.14,62200,1748879.0
002155.SZ,2026-05-14 13:08:00,28.13,28.19,28.13,28.19,173400,4881787.0
002155.SZ,2026-05-14 13:09:00,28.19,28.22,28.19,28.22,110910,3124232.5
002155.SZ,2026-05-14 13:10:00,28.2,28.26,28.2,28.25,89800,2535070.0
002155.SZ,2026-05-14 13:11:00,28.25,28.25,28.22,28.22,72600,2049402.0
002155.SZ,2026-05-14 13:12:00,28.23,28.23,28.2,28.2,82500,2326965.0
002155.SZ,2026-05-14 13:13:00,28.21,28.25,28.21,28.24,95600,2697996.0
002155.SZ,2026-05-14 13:14:00,28.24,28.25,28.21,28.24,91800,2591471.0
002155.SZ,2026-05-14 13:15:00,28.23,28.25,28.22,28.24,66300,1872160.0
002155.SZ,2026-05-14 13:16:00,28.25,28.26,28.21,28.25,139700,3946199.0
002155.SZ,2026-05-14 13:17:00,28.24,28.25,28.23,28.23,143900,4063103.0
002155.SZ,2026-05-14 13:18:00,28.22,28.25,28.21,28.23,101100,2854234.0
002155.SZ,2026-05-14 13:19:00,28.23,28.25,28.22,28.23,90500,2555439.0
002155.SZ,2026-05-14 13:20:00,28.23,28.29,28.23,28.29,140900,3981525.0
002155.SZ,2026-05-14 13:21:00,28.28,28.3,28.25,28.28,180000,5090258.0
002155.SZ,2026-05-14 13:22:00,28.28,28.28,28.25,28.27,112100,3168964.0
002155.SZ,2026-05-14 13:23:00,28.26,28.28,28.24,28.26,141400,3995816.0
002155.SZ,2026-05-14 13:24:00,28.26,28.26,28.25,28.25,46400,1311036.0
002155.SZ,2026-05-14 13:25:00,28.26,28.26,28.23,28.24,57800,1632664.0
002155.SZ,2026-05-14 13:26:00,28.24,28.24,28.2,28.2,146700,4138398.0
002155.SZ,2026-05-14 13:27:00,28.2,28.2,28.17,28.17,61000,1719492.0
002155.SZ,2026-05-14 13:28:00,28.17,28.19,28.16,28.18,108900,3068105.0
002155.SZ,2026-05-14 13:29:00,28.18,28.18,28.17,28.18,53400,1504736.0
002155.SZ,2026-05-14 13:30:00,28.18,28.18,28.15,28.18,223500,6294243.0
002155.SZ,2026-05-14 13:31:00,28.16,28.25,28.16,28.19,119500,3370550.0
002155.SZ,2026-05-14 13:32:00,28.2,28.2,28.12,28.12,94490,2660390.5
002155.SZ,2026-05-14 13:33:00,28.13,28.14,28.11,28.14,225000,6327371.0
002155.SZ,2026-05-14 13:34:00,28.15,28.16,28.12,28.15,55500,1561705.0
002155.SZ,2026-05-14 13:35:00,28.15,28.15,28.12,28.12,75900,2134752.0
002155.SZ,2026-05-14 13:36:00,28.11,28.12,28.08,28.09,112300,3155804.0
002155.SZ,2026-05-14 13:37:00,28.09,28.11,28.09,28.11,39300,1104158.0
002155.SZ,2026-05-14 13:38:00,28.11,28.11,28.1,28.1,44100,1239467.0
002155.SZ,2026-05-14 13:39:00,28.13,28.14,28.12,28.13,73500,2067248.0
002155.SZ,2026-05-14 13:40:00,28.13,28.13,28.11,28.12,42600,1197791.0
002155.SZ,2026-05-14 13:41:00,28.12,28.13,28.11,28.12,27900,784518.0
002155.SZ,2026-05-14 13:42:00,28.11,28.11,28.06,28.07,414500,11636412.0
002155.SZ,2026-05-14 13:43:00,28.07,28.09,28.07,28.08,59000,1656647.0
002155.SZ,2026-05-14 13:44:00,28.07,28.09,28.07,28.07,50300,1412413.0
002155.SZ,2026-05-14 13:45:00,28.09,28.1,28.08,28.1,252500,7087104.0
002155.SZ,2026-05-14 13:46:00,28.09,28.19,28.09,28.17,99500,2800240.0
002155.SZ,2026-05-14 13:47:00,28.18,28.18,28.13,28.14,51900,1461286.4
002155.SZ,2026-05-14 13:48:00,28.11,28.11,28.06,28.1,960500,26955480.0
002155.SZ,2026-05-14 13:49:00,28.09,28.13,28.09,28.13,32400,910947.0
002155.SZ,2026-05-14 13:50:00,28.13,28.14,28.12,28.12,36000,1012623.0
002155.SZ,2026-05-14 13:51:00,28.12,28.15,28.12,28.14,74480,2095315.6
002155.SZ,2026-05-14 13:52:00,28.14,28.15,28.13,28.13,38600,1086112.0
002155.SZ,2026-05-14 13:53:00,28.12,28.14,28.12,28.13,60200,1693226.0
002155.SZ,2026-05-14 13:54:00,28.13,28.15,28.13,28.15,44800,1260521.0
002155.SZ,2026-05-14 13:55:00,28.16,28.18,28.15,28.16,30130,848651.5
002155.SZ,2026-05-14 13:56:00,28.16,28.16,28.13,28.14,65870,1853772.5
002155.SZ,2026-05-14 13:57:00,28.13,28.13,28.09,28.09,115020,3233199.5
002155.SZ,2026-05-14 13:58:00,28.1,28.1,28.08,28.08,62100,1744313.0
002155.SZ,2026-05-14 13:59:00,28.09,28.11,28.09,28.1,51399,1444169.9
002155.SZ,2026-05-14 14:00:00,28.08,28.09,28.08,28.08,50101,1407129.1
002155.SZ,2026-05-14 14:01:00,28.09,28.1,28.08,28.09,107699,3025354.0
002155.SZ,2026-05-14 14:02:00,28.08,28.09,28.07,28.09,121830,3420867.0
002155.SZ,2026-05-14 14:03:00,28.09,28.1,28.08,28.09,28400,797626.0
002155.SZ,2026-05-14 14:04:00,28.1,28.12,28.09,28.1,41200,1157871.0
002155.SZ,2026-05-14 14:05:00,28.1,28.11,28.1,28.11,51600,1450117.0
002155.SZ,2026-05-14 14:06:00,28.12,28.15,28.12,28.14,42100,1184336.0
002155.SZ,2026-05-14 14:07:00,28.14,28.15,28.13,28.15,88400,2487647.0
002155.SZ,2026-05-14 14:08:00,28.14,28.14,28.13,28.13,45400,1277246.0
002155.SZ,2026-05-14 14:09:00,28.14,28.15,28.14,28.15,51800,1457963.0
002155.SZ,2026-05-14 14:10:00,28.15,28.17,28.15,28.17,78100,2199779.0
002155.SZ,2026-05-14 14:11:00,28.17,28.18,28.16,28.18,67100,1890707.0
002155.SZ,2026-05-14 14:12:00,28.19,28.19,28.15,28.15,140200,3949741.0
002155.SZ,2026-05-14 14:13:00,28.16,28.17,28.15,28.15,67200,1892285.0
002155.SZ,2026-05-14 14:14:00,28.16,28.17,28.15,28.16,40600,1143219.0
002155.SZ,2026-05-14 14:15:00,28.17,28.18,28.17,28.17,62300,1755039.0
002155.SZ,2026-05-14 14:16:00,28.16,28.19,28.16,28.17,90600,2553456.0
002155.SZ,2026-05-14 14:17:00,28.17,28.19,28.17,28.18,39120,1102340.4
002155.SZ,2026-05-14 14:18:00,28.17,28.18,28.16,28.17,50000,1408434.8
002155.SZ,2026-05-14 14:19:00,28.17,28.17,28.15,28.15,85080,2395356.8
002155.SZ,2026-05-14 14:20:00,28.15,28.16,28.13,28.13,75600,2127841.0
002155.SZ,2026-05-14 14:21:00,28.14,28.15,28.14,28.14,32200,906167.0
002155.SZ,2026-05-14 14:22:00,28.15,28.16,28.14,28.16,54600,1536814.0
002155.SZ,2026-05-14 14:23:00,28.16,28.16,28.13,28.13,92200,2594423.0
002155.SZ,2026-05-14 14:24:00,28.14,28.14,28.09,28.09,145096,4078298.8
002155.SZ,2026-05-14 14:25:00,28.09,28.1,28.08,28.08,121604,3415538.2
002155.SZ,2026-05-14 14:26:00,28.08,28.1,28.08,28.08,86000,2415394.0
002155.SZ,2026-05-14 14:27:00,28.08,28.09,28.07,28.07,80513,2260662.0
002155.SZ,2026-05-14 14:28:00,28.09,28.09,28.07,28.09,54500,1530184.0
002155.SZ,2026-05-14 14:29:00,28.08,28.09,28.07,28.08,47800,1342349.0
002155.SZ,2026-05-14 14:30:00,28.08,28.09,28.07,28.08,72500,2035410.2
002155.SZ,2026-05-14 14:31:00,28.08,28.1,28.07,28.08,140280,3940295.8
002155.SZ,2026-05-14 14:32:00,28.08,28.08,28.07,28.08,44456,1248179.9
002155.SZ,2026-05-14 14:33:00,28.07,28.07,28.04,28.06,191964,5386084.5
002155.SZ,2026-05-14 14:34:00,28.06,28.06,28.05,28.05,130700,3666399.0
002155.SZ,2026-05-14 14:35:00,28.05,28.06,28.04,28.06,87730,2460590.2
002155.SZ,2026-05-14 14:36:00,28.04,28.06,28.04,28.04,117500,3294889.0
002155.SZ,2026-05-14 14:37:00,28.03,28.04,28.01,28.04,328528,9207216.0
002155.SZ,2026-05-14 14:38:00,28.02,28.03,28.01,28.01,53900,1510259.0
002155.SZ,2026-05-14 14:39:00,28.02,28.04,27.98,27.99,545052,15263653.0
002155.SZ,2026-05-14 14:40:00,27.98,27.99,27.96,27.97,208423,5829949.0
002155.SZ,2026-05-14 14:41:00,27.98,28.0,27.96,27.98,210100,5877854.0
002155.SZ,2026-05-14 14:42:00,27.99,27.99,27.97,27.97,170000,4757109.0
002155.SZ,2026-05-14 14:43:00,27.98,27.99,27.96,27.98,192800,5393190.0
002155.SZ,2026-05-14 14:44:00,27.98,27.98,27.96,27.96,268100,7497360.0
002155.SZ,2026-05-14 14:45:00,27.95,28.0,27.94,27.94,250277,6996387.0
002155.SZ,2026-05-14 14:46:00,27.95,27.96,27.94,27.94,149310,4172314.5
002155.SZ,2026-05-14 14:47:00,27.95,27.96,27.94,27.95,322100,9000182.0
002155.SZ,2026-05-14 14:48:00,27.95,27.95,27.9,27.91,575890,16080251.0
002155.SZ,2026-05-14 14:49:00,27.91,27.92,27.9,27.9,346200,9660432.0
002155.SZ,2026-05-14 14:50:00,27.92,27.92,27.88,27.88,593420,16549054.0
002155.SZ,2026-05-14 14:51:00,27.88,27.9,27.88,27.89,567180,15816547.0
002155.SZ,2026-05-14 14:52:00,27.88,27.89,27.87,27.87,338750,9442207.0
002155.SZ,2026-05-14 14:53:00,27.88,27.88,27.86,27.87,295500,8234865.5
002155.SZ,2026-05-14 14:54:00,27.86,27.88,27.83,27.86,544400,15167358.0
002155.SZ,2026-05-14 14:55:00,27.85,27.87,27.82,27.85,421300,11732764.0
002155.SZ,2026-05-14 14:56:00,27.84,27.84,27.79,27.8,727300,20225306.0
002155.SZ,2026-05-14 14:57:00,27.8,27.81,27.75,27.8,474300,13175369.0
002155.SZ,2026-05-14 14:58:00,27.8,27.8,27.8,27.8,0,0.0
002155.SZ,2026-05-14 14:59:00,27.8,27.8,27.8,27.8,0,0.0
002155.SZ,2026-05-14 15:00:00,27.75,27.75,27.75,27.75,784600,21772650.0
002155.SZ,2026-05-15 09:30:00,27.2,27.32,27.2,27.3,836468,22760390.0
002155.SZ,2026-05-15 09:31:00,27.31,27.49,26.8,26.82,3371482,91437784.0
002155.SZ,2026-05-15 09:32:00,26.82,26.97,26.82,26.9,1919426,51603292.0
002155.SZ,2026-05-15 09:33:00,26.93,26.98,26.91,26.92,1099600,29614856.0
002155.SZ,2026-05-15 09:34:00,26.93,26.94,26.86,26.9,1372500,36913572.0
002155.SZ,2026-05-15 09:35:00,26.9,26.9,26.81,26.81,1473300,39549616.0
002155.SZ,2026-05-15 09:36:00,26.81,26.81,26.71,26.77,1672900,44771716.0
002155.SZ,2026-05-15 09:37:00,26.77,26.82,26.75,26.76,762830,20433508.0
002155.SZ,2026-05-15 09:38:00,26.76,26.76,26.68,26.75,905400,24184826.0
002155.SZ,2026-05-15 09:39:00,26.76,26.85,26.76,26.79,547000,14667367.0
002155.SZ,2026-05-15 09:40:00,26.8,26.81,26.7,26.71,852100,22778504.0
002155.SZ,2026-05-15 09:41:00,26.73,26.78,26.67,26.67,1094300,29233624.0
002155.SZ,2026-05-15 09:42:00,26.71,26.81,26.71,26.75,406862,10889974.0
002155.SZ,2026-05-15 09:43:00,26.73,26.8,26.71,26.79,371590,9942393.0
002155.SZ,2026-05-15 09:44:00,26.81,26.81,26.77,26.78,423043,11333259.0
002155.SZ,2026-05-15 09:45:00,26.77,26.77,26.73,26.73,230100,6156482.5
002155.SZ,2026-05-15 09:46:00,26.73,26.74,26.71,26.72,219600,5867126.0
002155.SZ,2026-05-15 09:47:00,26.73,26.73,26.68,26.69,1071310,28602480.0
002155.SZ,2026-05-15 09:48:00,26.69,26.69,26.56,26.58,1143890,30445192.0
002155.SZ,2026-05-15 09:49:00,26.57,26.66,26.55,26.6,396930,10561521.0
002155.SZ,2026-05-15 09:50:00,26.61,26.63,26.6,26.62,386145,10275359.0
002155.SZ,2026-05-15 09:51:00,26.62,26.62,26.53,26.55,682735,18138888.0
002155.SZ,2026-05-15 09:52:00,26.58,26.6,26.55,26.57,337000,8957163.0
002155.SZ,2026-05-15 09:53:00,26.56,26.56,26.46,26.46,1075300,28507848.0
002155.SZ,2026-05-15 09:54:00,26.48,26.48,26.36,26.4,775800,20488182.0
002155.SZ,2026-05-15 09:55:00,26.43,26.53,26.43,26.5,459940,12169226.0
002155.SZ,2026-05-15 09:56:00,26.49,26.5,26.47,26.5,422900,11203120.0
002155.SZ,2026-05-15 09:57:00,26.5,26.5,26.43,26.47,551800,14605373.0
002155.SZ,2026-05-15 09:58:00,26.46,26.5,26.45,26.47,321500,8512328.0
002155.SZ,2026-05-15 09:59:00,26.48,26.48,26.44,26.47,460539,12179422.0
002155.SZ,2026-05-15 10:00:00,26.46,26.47,26.41,26.41,251200,6642467.0
002155.SZ,2026-05-15 10:01:00,26.4,26.42,26.34,26.34,443801,11704396.0
002155.SZ,2026-05-15 10:02:00,26.33,26.33,26.28,26.31,634700,16695116.0
002155.SZ,2026-05-15 10:03:00,26.32,26.34,26.26,26.34,453900,11942647.0
002155.SZ,2026-05-15 10:04:00,26.33,26.34,26.3,26.33,356300,9376899.0
002155.SZ,2026-05-15 10:05:00,26.36,26.44,26.36,26.43,355500,9387243.0
002155.SZ,2026-05-15 10:06:00,26.42,26.42,26.38,26.42,231000,6098359.0
002155.SZ,2026-05-15 10:07:00,26.41,26.41,26.35,26.38,272000,7174509.0
002155.SZ,2026-05-15 10:08:00,26.37,26.41,26.36,26.4,150600,3974103.0
002155.SZ,2026-05-15 10:09:00,26.4,26.41,26.38,26.4,180700,4769401.0
002155.SZ,2026-05-15 10:10:00,26.4,26.5,26.4,26.48,499700,13212801.0
002155.SZ,2026-05-15 10:11:00,26.5,26.54,26.49,26.52,254700,6753270.0
002155.SZ,2026-05-15 10:12:00,26.53,26.55,26.5,26.53,319800,8481715.0
002155.SZ,2026-05-15 10:13:00,26.52,26.52,26.45,26.45,163100,4319814.0
002155.SZ,2026-05-15 10:14:00,26.44,26.46,26.41,26.46,136300,3603655.0
002155.SZ,2026-05-15 10:15:00,26.45,26.5,26.45,26.49,103400,2737556.0
002155.SZ,2026-05-15 10:16:00,26.49,26.5,26.47,26.47,168300,4459513.0
002155.SZ,2026-05-15 10:17:00,26.47,26.51,26.46,26.5,145600,3853650.0
002155.SZ,2026-05-15 10:18:00,26.49,26.49,26.45,26.46,132770,3513010.2
002155.SZ,2026-05-15 10:19:00,26.51,26.59,26.51,26.58,289930,7696554.0
002155.SZ,2026-05-15 10:20:00,26.58,26.6,26.56,26.56,192900,5127901.0
002155.SZ,2026-05-15 10:21:00,26.55,26.56,26.53,26.54,91400,2426198.0
002155.SZ,2026-05-15 10:22:00,26.53,26.59,26.53,26.58,94900,2519754.0
002155.SZ,2026-05-15 10:23:00,26.57,26.57,26.5,26.52,246100,6529224.0
002155.SZ,2026-05-15 10:24:00,26.53,26.53,26.48,26.48,101400,2686646.0
002155.SZ,2026-05-15 10:25:00,26.48,26.48,26.44,26.44,229600,6074496.5
002155.SZ,2026-05-15 10:26:00,26.43,26.5,26.43,26.49,123700,3272904.0
002155.SZ,2026-05-15 10:27:00,26.49,26.53,26.48,26.52,58800,1558659.0
002155.SZ,2026-05-15 10:28:00,26.52,26.57,26.51,26.56,106600,2828860.0
002155.SZ,2026-05-15 10:29:00,26.56,26.58,26.5,26.5,119500,3172747.0
002155.SZ,2026-05-15 10:30:00,26.5,26.52,26.5,26.51,87600,2322835.0
002155.SZ,2026-05-15 10:31:00,26.52,26.53,26.5,26.52,161100,4271083.0
002155.SZ,2026-05-15 10:32:00,26.53,26.53,26.51,26.53,102000,2704665.0
002155.SZ,2026-05-15 10:33:00,26.53,26.56,26.51,26.56,143281,3800587.0
002155.SZ,2026-05-15 10:34:00,26.55,26.58,26.53,26.58,128610,3414921.5
002155.SZ,2026-05-15 10:35:00,26.58,26.58,26.55,26.56,193900,5151058.0
002155.SZ,2026-05-15 10:36:00,26.56,26.61,26.55,26.56,206400,5486811.0
002155.SZ,2026-05-15 10:37:00,26.57,26.57,26.51,26.55,144909,3844886.8
002155.SZ,2026-05-15 10:38:00,26.54,26.55,26.46,26.47,264200,7003172.0
002155.SZ,2026-05-15 10:39:00,26.48,26.48,26.47,26.48,104600,2769469.0
002155.SZ,2026-05-15 10:40:00,26.47,26.47,26.44,26.45,150440,3980051.5
002155.SZ,2026-05-15 10:41:00,26.44,26.47,26.44,26.46,109200,2888453.0
002155.SZ,2026-05-15 10:42:00,26.45,26.5,26.45,26.45,128530,3402674.8
002155.SZ,2026-05-15 10:43:00,26.45,26.47,26.45,26.47,81100,2145516.0
002155.SZ,2026-05-15 10:44:00,26.47,26.49,26.45,26.49,65700,1739015.0
002155.SZ,2026-05-15 10:45:00,26.49,26.56,26.49,26.56,124560,3303690.5
002155.SZ,2026-05-15 10:46:00,26.56,26.6,26.55,26.59,90160,2395148.5
002155.SZ,2026-05-15 10:47:00,26.6,26.6,26.58,26.6,126400,3362012.0
002155.SZ,2026-05-15 10:48:00,26.6,26.63,26.6,26.62,102900,2738409.0
002155.SZ,2026-05-15 10:49:00,26.62,26.63,26.62,26.63,106900,2846403.0
002155.SZ,2026-05-15 10:50:00,26.63,26.63,26.58,26.6,197400,5252629.0
002155.SZ,2026-05-15 10:51:00,26.59,26.63,26.58,26.62,86050,2288920.2
002155.SZ,2026-05-15 10:52:00,26.63,26.7,26.62,26.69,252430,6729776.0
002155.SZ,2026-05-15 10:53:00,26.7,26.74,26.7,26.74,177900,4753321.0
002155.SZ,2026-05-15 10:54:00,26.74,26.78,26.74,26.78,281500,7532138.0
002155.SZ,2026-05-15 10:55:00,26.78,26.88,26.78,26.88,237600,6378029.0
002155.SZ,2026-05-15 10:56:00,26.88,26.88,26.81,26.83,253500,6808593.0
002155.SZ,2026-05-15 10:57:00,26.83,26.84,26.78,26.79,148100,3969741.0
002155.SZ,2026-05-15 10:58:00,26.8,26.83,26.8,26.81,92800,2487959.0
002155.SZ,2026-05-15 10:59:00,26.81,26.81,26.79,26.8,102100,2736607.0
002155.SZ,2026-05-15 11:00:00,26.79,26.8,26.77,26.8,91900,2460960.0
002155.SZ,2026-05-15 11:01:00,26.81,26.86,26.76,26.86,196800,5275778.0
002155.SZ,2026-05-15 11:02:00,26.85,26.88,26.85,26.88,132800,3568590.0
002155.SZ,2026-05-15 11:03:00,26.88,26.95,26.88,26.94,159400,4287411.0
002155.SZ,2026-05-15 11:04:00,26.94,26.96,26.93,26.95,173300,4669369.0
002155.SZ,2026-05-15 11:05:00,26.95,26.96,26.93,26.93,145700,3926641.0
002155.SZ,2026-05-15 11:06:00,26.93,26.97,26.93,26.95,96400,2598426.0
002155.SZ,2026-05-15 11:07:00,26.95,26.95,26.89,26.89,79400,2136627.0
002155.SZ,2026-05-15 11:08:00,26.89,26.95,26.89,26.95,138960,3738848.2
002155.SZ,2026-05-15 11:09:00,26.92,26.93,26.91,26.92,121600,3272093.0
002155.SZ,2026-05-15 11:10:00,26.92,26.93,26.91,26.91,108500,2920560.0
002155.SZ,2026-05-15 11:11:00,26.9,26.92,26.87,26.88,107800,2898821.0
002155.SZ,2026-05-15 11:12:00,26.87,26.92,26.87,26.92,83300,2241458.0
002155.SZ,2026-05-15 11:13:00,26.92,26.97,26.91,26.96,143000,3852509.0
002155.SZ,2026-05-15 11:14:00,26.96,26.98,26.95,26.96,98600,2659384.0
002155.SZ,2026-05-15 11:15:00,26.95,26.95,26.91,26.93,137900,3715482.0
002155.SZ,2026-05-15 11:16:00,26.95,26.97,26.94,26.97,99600,2684823.0
002155.SZ,2026-05-15 11:17:00,26.98,26.98,26.95,26.97,130600,3521613.0
002155.SZ,2026-05-15 11:18:00,26.97,26.98,26.93,26.93,106800,2879673.0
002155.SZ,2026-05-15 11:19:00,26.93,26.97,26.92,26.97,96200,2592439.0
002155.SZ,2026-05-15 11:20:00,26.96,26.99,26.96,26.98,117600,3172283.0
002155.SZ,2026-05-15 11:21:00,26.97,26.98,26.93,26.93,103600,2793004.0
002155.SZ,2026-05-15 11:22:00,26.92,26.93,26.87,26.87,162200,4361305.0
002155.SZ,2026-05-15 11:23:00,26.87,26.88,26.85,26.85,62700,1684321.0
002155.SZ,2026-05-15 11:24:00,26.84,26.87,26.83,26.87,134697,3616139.5
002155.SZ,2026-05-15 11:25:00,26.87,26.9,26.86,26.9,61000,1639140.0
002155.SZ,2026-05-15 11:26:00,26.89,26.94,26.89,26.89,89500,2410062.0
002155.SZ,2026-05-15 11:27:00,26.87,26.9,26.87,26.89,48750,1309944.5
002155.SZ,2026-05-15 11:28:00,26.89,26.91,26.89,26.9,42300,1137814.0
002155.SZ,2026-05-15 11:29:00,26.9,26.9,26.88,26.9,47300,1271884.0
002155.SZ,2026-05-15 11:30:00,26.9,26.92,26.89,26.9,84200,2265116.0
002155.SZ,2026-05-15 13:01:00,26.9,26.9,26.64,26.64,682303,18276678.0
002155.SZ,2026-05-15 13:02:00,26.65,26.65,26.6,26.6,206300,5493532.0
002155.SZ,2026-05-15 13:03:00,26.59,26.59,26.51,26.52,299700,7955356.0
002155.SZ,2026-05-15 13:04:00,26.51,26.55,26.5,26.52,259700,6886840.0
002155.SZ,2026-05-15 13:05:00,26.51,26.52,26.46,26.52,249600,6611001.0
002155.SZ,2026-05-15 13:06:00,26.51,26.54,26.51,26.51,136700,3625099.0
002155.SZ,2026-05-15 13:07:00,26.51,26.52,26.48,26.51,114700,3039281.0
002155.SZ,2026-05-15 13:08:00,26.51,26.51,26.49,26.49,157000,4159507.0
002155.SZ,2026-05-15 13:09:00,26.49,26.5,26.48,26.49,160400,4248824.0
002155.SZ,2026-05-15 13:10:00,26.48,26.49,26.47,26.47,136800,3622204.0
002155.SZ,2026-05-15 13:11:00,26.47,26.48,26.46,26.48,171000,4526165.0
002155.SZ,2026-05-15 13:12:00,26.49,26.5,26.46,26.47,136400,3611621.0
002155.SZ,2026-05-15 13:13:00,26.47,26.51,26.47,26.51,169400,4486583.0
002155.SZ,2026-05-15 13:14:00,26.5,26.51,26.48,26.48,236300,6261145.0
002155.SZ,2026-05-15 13:15:00,26.49,26.49,26.46,26.47,326000,8633215.0
002155.SZ,2026-05-15 13:16:00,26.48,26.49,26.47,26.47,204400,5411176.0
002155.SZ,2026-05-15 13:17:00,26.49,26.5,26.46,26.47,97200,2572919.0
002155.SZ,2026-05-15 13:18:00,26.48,26.49,26.45,26.45,218000,5768460.0
002155.SZ,2026-05-15 13:19:00,26.47,26.48,26.45,26.47,103600,2742378.0
002155.SZ,2026-05-15 13:20:00,26.46,26.48,26.46,26.47,102200,2705434.0
002155.SZ,2026-05-15 13:21:00,26.46,26.49,26.45,26.45,187300,4956406.0
002155.SZ,2026-05-15 13:22:00,26.47,26.48,26.46,26.48,58500,1548064.0
002155.SZ,2026-05-15 13:23:00,26.48,26.48,26.45,26.47,89300,2363342.0
002155.SZ,2026-05-15 13:24:00,26.47,26.48,26.45,26.48,143300,3791725.0
002155.SZ,2026-05-15 13:25:00,26.47,26.49,26.47,26.49,119800,3172890.0
002155.SZ,2026-05-15 13:26:00,26.48,26.5,26.48,26.5,83300,2206838.0
002155.SZ,2026-05-15 13:27:00,26.5,26.5,26.47,26.47,163100,4319111.0
002155.SZ,2026-05-15 13:28:00,26.47,26.49,26.45,26.48,215400,5699824.0
002155.SZ,2026-05-15 13:29:00,26.48,26.52,26.47,26.5,163800,4338814.0
002155.SZ,2026-05-15 13:30:00,26.49,26.53,26.49,26.5,162800,4314323.0
002155.SZ,2026-05-15 13:31:00,26.51,26.51,26.45,26.45,155500,4116490.0
002155.SZ,2026-05-15 13:32:00,26.44,26.44,26.38,26.39,511500,13508332.0
002155.SZ,2026-05-15 13:33:00,26.4,26.4,26.38,26.38,119500,3153652.0
002155.SZ,2026-05-15 13:34:00,26.39,26.41,26.38,26.41,123900,3270243.0
002155.SZ,2026-05-15 13:35:00,26.41,26.41,26.36,26.36,272100,7176933.0
002155.SZ,2026-05-15 13:36:00,26.36,26.37,26.36,26.36,136120,3588519.2
002155.SZ,2026-05-15 13:37:00,26.36,26.36,26.35,26.36,109970,2898583.5
002155.SZ,2026-05-15 13:38:00,26.36,26.36,26.31,26.32,326130,8587954.0
002155.SZ,2026-05-15 13:39:00,26.32,26.32,26.31,26.31,193500,5092217.0
002155.SZ,2026-05-15 13:40:00,26.31,26.33,26.31,26.32,177290,4665978.0
002155.SZ,2026-05-15 13:41:00,26.32,26.33,26.31,26.32,183530,4829877.5
002155.SZ,2026-05-15 13:42:00,26.31,26.32,26.3,26.3,203580,5357223.0
002155.SZ,2026-05-15 13:43:00,26.3,26.31,26.29,26.3,646300,16998352.0
002155.SZ,2026-05-15 13:44:00,26.3,26.31,26.3,26.3,94000,2472471.0
002155.SZ,2026-05-15 13:45:00,26.31,26.31,26.29,26.3,177800,4676425.0
002155.SZ,2026-05-15 13:46:00,26.3,26.3,26.28,26.29,141700,3725733.0
002155.SZ,2026-05-15 13:47:00,26.26,26.27,26.23,26.23,952200,25007640.0
002155.SZ,2026-05-15 13:48:00,26.22,26.23,26.22,26.23,156100,4093812.0
002155.SZ,2026-05-15 13:49:00,26.23,26.25,26.2,26.22,406500,10656783.0
002155.SZ,2026-05-15 13:50:00,26.21,26.22,26.2,26.22,212900,5579910.0
002155.SZ,2026-05-15 13:51:00,26.21,26.22,26.2,26.22,117700,3085328.0
002155.SZ,2026-05-15 13:52:00,26.22,26.22,26.2,26.22,181700,4762404.0
002155.SZ,2026-05-15 13:53:00,26.21,26.22,26.2,26.2,143400,3758987.0
002155.SZ,2026-05-15 13:54:00,26.21,26.23,26.2,26.23,163700,4290431.0
002155.SZ,2026-05-15 13:55:00,26.23,26.3,26.23,26.29,179200,4707164.0
002155.SZ,2026-05-15 13:56:00,26.3,26.32,26.29,26.3,159900,4205942.0
002155.SZ,2026-05-15 13:57:00,26.3,26.3,26.27,26.29,200300,5265411.0
002155.SZ,2026-05-15 13:58:00,26.29,26.29,26.26,26.26,130200,3421041.0
002155.SZ,2026-05-15 13:59:00,26.26,26.26,26.23,26.23,178100,4673660.0
002155.SZ,2026-05-15 14:00:00,26.23,26.23,26.2,26.21,193779,5078976.0
002155.SZ,2026-05-15 14:01:00,26.21,26.21,26.12,26.13,451021,11800878.0
002155.SZ,2026-05-15 14:02:00,26.14,26.15,26.12,26.13,146200,3821189.0
002155.SZ,2026-05-15 14:03:00,26.12,26.13,26.11,26.13,215560,5630683.5
002155.SZ,2026-05-15 14:04:00,26.13,26.14,26.1,26.11,251040,6555864.5
002155.SZ,2026-05-15 14:05:00,26.11,26.13,26.11,26.12,265160,6924310.0
002155.SZ,2026-05-15 14:06:00,26.12,26.12,26.09,26.11,263221,6872024.0
002155.SZ,2026-05-15 14:07:00,26.11,26.13,26.1,26.11,236300,6170840.0
002155.SZ,2026-05-15 14:08:00,26.11,26.11,26.08,26.08,171600,4478915.0
002155.SZ,2026-05-15 14:09:00,26.08,26.17,26.07,26.17,312800,8164917.0
002155.SZ,2026-05-15 14:10:00,26.17,26.18,26.15,26.17,216100,5654228.0
002155.SZ,2026-05-15 14:11:00,26.16,26.19,26.14,26.18,145300,3800422.0
002155.SZ,2026-05-15 14:12:00,26.19,26.22,26.19,26.22,125300,3283396.0
002155.SZ,2026-05-15 14:13:00,26.22,26.24,26.21,26.23,136100,3568873.0
002155.SZ,2026-05-15 14:14:00,26.22,26.22,26.19,26.19,280800,7353003.0
002155.SZ,2026-05-15 14:15:00,26.24,26.24,26.18,26.21,203200,5323444.0
002155.SZ,2026-05-15 14:16:00,26.21,26.26,26.18,26.25,174900,4585322.0
002155.SZ,2026-05-15 14:17:00,26.24,26.29,26.24,26.29,65630,1724243.5
002155.SZ,2026-05-15 14:18:00,26.29,26.29,26.27,26.28,92100,2420480.0
002155.SZ,2026-05-15 14:19:00,26.28,26.33,26.28,26.3,106000,2787965.0
002155.SZ,2026-05-15 14:20:00,26.3,26.31,26.24,26.24,171400,4502944.0
002155.SZ,2026-05-15 14:21:00,26.25,26.25,26.2,26.21,172600,4522271.0
002155.SZ,2026-05-15 14:22:00,26.21,26.25,26.21,26.24,271530,7118681.5
002155.SZ,2026-05-15 14:23:00,26.23,26.23,26.18,26.18,89870,2354828.5
002155.SZ,2026-05-15 14:24:00,26.19,26.19,26.17,26.18,61100,1599587.0
002155.SZ,2026-05-15 14:25:00,26.18,26.18,26.17,26.18,70100,1834673.0
002155.SZ,2026-05-15 14:26:00,26.17,26.18,26.15,26.16,105000,2747294.0
002155.SZ,2026-05-15 14:27:00,26.18,26.22,26.17,26.2,64310,1684588.1
002155.SZ,2026-05-15 14:28:00,26.2,26.21,26.2,26.2,114200,2992565.0
002155.SZ,2026-05-15 14:29:00,26.2,26.2,26.18,26.2,115200,3016983.0
002155.SZ,2026-05-15 14:30:00,26.19,26.2,26.18,26.2,146100,3826584.0
002155.SZ,2026-05-15 14:31:00,26.18,26.23,26.18,26.2,445780,11677742.0
002155.SZ,2026-05-15 14:32:00,26.2,26.2,26.17,26.17,196100,5135114.0
002155.SZ,2026-05-15 14:33:00,26.16,26.17,26.12,26.12,215700,5640452.0
002155.SZ,2026-05-15 14:34:00,26.13,26.13,26.1,26.1,216700,5658037.0
002155.SZ,2026-05-15 14:35:00,26.1,26.12,26.1,26.12,235300,6143735.5
002155.SZ,2026-05-15 14:36:00,26.11,26.16,26.11,26.15,242975,6350402.0
002155.SZ,2026-05-15 14:37:00,26.15,26.18,26.15,26.18,151740,3970224.5
002155.SZ,2026-05-15 14:38:00,26.17,26.17,26.14,26.15,190100,4971733.0
002155.SZ,2026-05-15 14:39:00,26.15,26.16,26.14,26.15,183700,4802792.5
002155.SZ,2026-05-15 14:40:00,26.18,26.18,26.15,26.17,151300,3958055.0
002155.SZ,2026-05-15 14:41:00,26.17,26.19,26.14,26.14,262100,6857138.0
002155.SZ,2026-05-15 14:42:00,26.14,26.17,26.14,26.16,257400,6730200.0
002155.SZ,2026-05-15 14:43:00,26.17,26.22,26.17,26.21,229200,6002977.0
002155.SZ,2026-05-15 14:44:00,26.21,26.23,26.21,26.22,151030,3959430.0
002155.SZ,2026-05-15 14:45:00,26.22,26.23,26.21,26.23,173900,4559675.5
002155.SZ,2026-05-15 14:46:00,26.22,26.27,26.22,26.27,210080,5512470.5
002155.SZ,2026-05-15 14:47:00,26.26,26.32,26.26,26.32,213120,5603749.0
002155.SZ,2026-05-15 14:48:00,26.32,26.35,26.31,26.33,369000,9719787.0
002155.SZ,2026-05-15 14:49:00,26.34,26.34,26.29,26.3,223696,5886503.0
002155.SZ,2026-05-15 14:50:00,26.29,26.31,26.27,26.3,412091,10833568.0
002155.SZ,2026-05-15 14:51:00,26.31,26.32,26.3,26.3,218800,5757215.0
002155.SZ,2026-05-15 14:52:00,26.3,26.3,26.27,26.27,171700,4513332.0
002155.SZ,2026-05-15 14:53:00,26.27,26.28,26.26,26.27,168900,4437314.0
002155.SZ,2026-05-15 14:54:00,26.27,26.3,26.27,26.3,211300,5555718.0
002155.SZ,2026-05-15 14:55:00,26.29,26.31,26.29,26.3,228600,6012331.0
002155.SZ,2026-05-15 14:56:00,26.3,26.32,26.29,26.31,324295,8529084.0
002155.SZ,2026-05-15 14:57:00,26.32,26.33,26.31,26.32,259230,6822576.5
002155.SZ,2026-05-15 14:58:00,26.32,26.32,26.32,26.32,0,0.0
002155.SZ,2026-05-15 14:59:00,26.32,26.32,26.32,26.32,0,0.0
002155.SZ,2026-05-15 15:00:00,26.32,26.32,26.32,26.32,456430,12013238.0
002155.SZ,2026-05-18 09:30:00,25.84,25.93,25.8,25.8,1805900,46704028.0
002155.SZ,2026-05-18 09:31:00,25.83,25.97,25.57,25.65,2662543,68695690.0
002155.SZ,2026-05-18 09:32:00,25.69,25.86,25.69,25.84,894030,23063988.0
002155.SZ,2026-05-18 09:33:00,25.85,25.87,25.78,25.78,545600,14091348.0
002155.SZ,2026-05-18 09:34:00,25.76,25.82,25.64,25.69,690300,17748312.0
002155.SZ,2026-05-18 09:35:00,25.69,25.69,25.63,25.67,605700,15539029.0
002155.SZ,2026-05-18 09:36:00,25.67,25.75,25.65,25.75,465920,11965561.0
002155.SZ,2026-05-18 09:37:00,25.78,25.97,25.78,25.97,707800,18315312.0
002155.SZ,2026-05-18 09:38:00,25.97,25.99,25.94,25.99,415930,10798732.0
002155.SZ,2026-05-18 09:39:00,25.99,26.14,25.99,26.07,721100,18797184.0
002155.SZ,2026-05-18 09:40:00,26.1,26.1,26.0,26.06,354000,9217019.0
002155.SZ,2026-05-18 09:41:00,26.07,26.07,26.01,26.06,231900,6038246.0
002155.SZ,2026-05-18 09:42:00,26.06,26.06,25.99,26.02,515700,13423494.0
002155.SZ,2026-05-18 09:43:00,26.02,26.07,26.02,26.07,318570,8294104.0
002155.SZ,2026-05-18 09:44:00,26.06,26.11,26.05,26.09,289630,7551518.5
002155.SZ,2026-05-18 09:45:00,26.1,26.12,26.1,26.12,162700,4247873.0
002155.SZ,2026-05-18 09:46:00,26.1,26.12,26.02,26.02,313600,8170719.5
002155.SZ,2026-05-18 09:47:00,26.03,26.12,26.03,26.1,228700,5962725.5
002155.SZ,2026-05-18 09:48:00,26.11,26.12,26.08,26.12,265000,6918566.0
002155.SZ,2026-05-18 09:49:00,26.12,26.18,26.12,26.14,350600,9165571.0
002155.SZ,2026-05-18 09:50:00,26.15,26.16,26.14,26.14,175000,4576088.0
002155.SZ,2026-05-18 09:51:00,26.16,26.19,26.14,26.18,241400,6317810.0
002155.SZ,2026-05-18 09:52:00,26.19,26.23,26.16,26.18,370656,9707432.0
002155.SZ,2026-05-18 09:53:00,26.17,26.19,26.14,26.15,142700,3734192.0
002155.SZ,2026-05-18 09:54:00,26.17,26.22,26.17,26.21,153900,4029777.0
002155.SZ,2026-05-18 09:55:00,26.21,26.22,26.15,26.16,170200,4456474.0
002155.SZ,2026-05-18 09:56:00,26.16,26.16,26.13,26.14,123000,3215482.0
002155.SZ,2026-05-18 09:57:00,26.15,26.17,26.13,26.14,211893,5539053.0
002155.SZ,2026-05-18 09:58:00,26.15,26.19,26.15,26.17,278200,7278695.0
002155.SZ,2026-05-18 09:59:00,26.17,26.17,26.12,26.12,101100,2643429.0
002155.SZ,2026-05-18 10:00:00,26.12,26.13,26.1,26.11,208300,5440676.0
002155.SZ,2026-05-18 10:01:00,26.1,26.1,26.07,26.08,192100,5010555.0
002155.SZ,2026-05-18 10:02:00,26.11,26.2,26.11,26.19,179830,4702164.5
002155.SZ,2026-05-18 10:03:00,26.19,26.26,26.19,26.25,291900,7653356.0
002155.SZ,2026-05-18 10:04:00,26.24,26.26,26.23,26.26,158900,4170392.0
002155.SZ,2026-05-18 10:05:00,26.26,26.26,26.24,26.25,172300,4523416.0
002155.SZ,2026-05-18 10:06:00,26.25,26.25,26.21,26.21,126700,3322119.0
002155.SZ,2026-05-18 10:07:00,26.2,26.23,26.2,26.21,131500,3445771.0
002155.SZ,2026-05-18 10:08:00,26.23,26.23,26.15,26.2,120600,3158361.0
002155.SZ,2026-05-18 10:09:00,26.18,26.19,26.17,26.18,88900,2327473.0
002155.SZ,2026-05-18 10:10:00,26.18,26.2,26.17,26.18,89000,2330309.0
002155.SZ,2026-05-18 10:11:00,26.17,26.17,26.12,26.12,136500,3568787.0
002155.SZ,2026-05-18 10:12:00,26.12,26.13,26.1,26.12,102100,2665954.0
002155.SZ,2026-05-18 10:13:00,26.14,26.18,26.13,26.17,73100,1911037.0
002155.SZ,2026-05-18 10:14:00,26.17,26.18,26.14,26.18,47800,1250206.0
002155.SZ,2026-05-18 10:15:00,26.19,26.25,26.19,26.22,214850,5632510.0
002155.SZ,2026-05-18 10:16:00,26.21,26.22,26.19,26.2,313606,8204839.0
002155.SZ,2026-05-18 10:17:00,26.21,26.21,26.14,26.14,116794,3057406.8
002155.SZ,2026-05-18 10:18:00,26.15,26.15,26.06,26.06,246800,6443326.0
002155.SZ,2026-05-18 10:19:00,26.07,26.1,26.07,26.1,163400,4260765.0
002155.SZ,2026-05-18 10:20:00,26.1,26.1,26.09,26.09,138100,3603593.0
002155.SZ,2026-05-18 10:21:00,26.09,26.1,26.08,26.08,114900,2997402.0
002155.SZ,2026-05-18 10:22:00,26.09,26.17,26.09,26.16,154400,4033804.0
002155.SZ,2026-05-18 10:23:00,26.16,26.16,26.12,26.12,107900,2819558.0
002155.SZ,2026-05-18 10:24:00,26.12,26.12,26.1,26.1,58000,1514492.0
002155.SZ,2026-05-18 10:25:00,26.1,26.12,26.1,26.12,97200,2537470.0
002155.SZ,2026-05-18 10:26:00,26.13,26.15,26.12,26.12,234800,6136414.0
002155.SZ,2026-05-18 10:27:00,26.12,26.15,26.1,26.14,86700,2264194.0
002155.SZ,2026-05-18 10:28:00,26.14,26.15,26.11,26.11,66600,1739999.0
002155.SZ,2026-05-18 10:29:00,26.12,26.13,26.11,26.12,88190,2303001.0
002155.SZ,2026-05-18 10:30:00,26.14,26.14,26.08,26.08,136610,3566912.0
002155.SZ,2026-05-18 10:31:00,26.08,26.08,26.01,26.01,216000,5626883.0
002155.SZ,2026-05-18 10:32:00,26.01,26.07,26.0,26.07,219300,5706843.0
002155.SZ,2026-05-18 10:33:00,26.05,26.07,26.04,26.05,113300,2951980.0
002155.SZ,2026-05-18 10:34:00,26.04,26.07,26.04,26.07,88590,2307686.5
002155.SZ,2026-05-18 10:35:00,26.06,26.07,26.01,26.01,96610,2515081.5
002155.SZ,2026-05-18 10:36:00,26.01,26.06,26.01,26.06,77100,2006540.0
002155.SZ,2026-05-18 10:37:00,26.05,26.06,26.05,26.06,33300,867624.0
002155.SZ,2026-05-18 10:38:00,26.05,26.12,26.05,26.12,115846,3021174.2
002155.SZ,2026-05-18 10:39:00,26.12,26.12,26.07,26.1,88300,2304674.0
002155.SZ,2026-05-18 10:40:00,26.09,26.1,26.08,26.08,70200,1831753.0
002155.SZ,2026-05-18 10:41:00,26.07,26.08,26.06,26.08,43000,1120970.0
002155.SZ,2026-05-18 10:42:00,26.07,26.08,26.02,26.02,103400,2693661.0
002155.SZ,2026-05-18 10:43:00,26.02,26.05,26.02,26.04,69500,1809164.0
002155.SZ,2026-05-18 10:44:00,26.04,26.04,25.98,26.0,331100,8610137.0
002155.SZ,2026-05-18 10:45:00,26.0,26.01,25.98,26.0,184500,4796227.0
002155.SZ,2026-05-18 10:46:00,26.0,26.02,26.0,26.01,159800,4155794.0
002155.SZ,2026-05-18 10:47:00,26.01,26.04,26.01,26.03,63830,1660847.2
002155.SZ,2026-05-18 10:48:00,26.03,26.08,26.02,26.07,150100,3908888.0
002155.SZ,2026-05-18 10:49:00,26.08,26.09,26.06,26.08,113700,2963916.0
002155.SZ,2026-05-18 10:50:00,26.08,26.08,26.04,26.04,41500,1081757.0
002155.SZ,2026-05-18 10:51:00,26.03,26.04,26.01,26.01,169900,4420258.0
002155.SZ,2026-05-18 10:52:00,26.01,26.03,26.0,26.02,208000,5408867.0
002155.SZ,2026-05-18 10:53:00,26.03,26.03,25.96,25.97,97300,2529259.0
002155.SZ,2026-05-18 10:54:00,25.96,25.97,25.94,25.94,180988,4695832.0
002155.SZ,2026-05-18 10:55:00,25.96,25.96,25.94,25.94,42100,1092360.0
002155.SZ,2026-05-18 10:56:00,25.95,25.98,25.94,25.94,79200,2055552.0
002155.SZ,2026-05-18 10:57:00,25.94,25.95,25.92,25.93,162800,4222205.0
002155.SZ,2026-05-18 10:58:00,25.93,25.93,25.9,25.91,144500,3744868.0
002155.SZ,2026-05-18 10:59:00,25.91,25.92,25.9,25.9,135000,3496874.0
002155.SZ,2026-05-18 11:00:00,25.91,25.92,25.87,25.9,186400,4825260.0
002155.SZ,2026-05-18 11:01:00,25.9,25.91,25.89,25.89,142500,3689281.5
002155.SZ,2026-05-18 11:02:00,25.89,25.89,25.86,25.86,135400,3502724.0
002155.SZ,2026-05-18 11:03:00,25.86,25.9,25.86,25.9,177000,4579724.0
002155.SZ,2026-05-18 11:04:00,25.9,25.9,25.88,25.88,95700,2478012.0
002155.SZ,2026-05-18 11:05:00,25.89,25.92,25.89,25.91,110065,2851006.5
002155.SZ,2026-05-18 11:06:00,25.91,25.91,25.9,25.9,72000,1865077.0
002155.SZ,2026-05-18 11:07:00,25.91,25.92,25.9,25.92,60700,1572642.0
002155.SZ,2026-05-18 11:08:00,25.92,25.94,25.91,25.94,81900,2123137.0
002155.SZ,2026-05-18 11:09:00,25.92,25.97,25.92,25.96,105700,2742274.0
002155.SZ,2026-05-18 11:10:00,25.96,25.98,25.95,25.98,57200,1485383.0
002155.SZ,2026-05-18 11:11:00,25.98,25.98,25.97,25.98,18900,490928.0
002155.SZ,2026-05-18 11:12:00,25.97,25.97,25.93,25.93,61700,1601462.0
002155.SZ,2026-05-18 11:13:00,25.94,25.94,25.9,25.9,79200,2052285.0
002155.SZ,2026-05-18 11:14:00,25.89,25.9,25.83,25.85,129500,3349684.0
002155.SZ,2026-05-18 11:15:00,25.86,25.89,25.84,25.87,148800,3849927.8
002155.SZ,2026-05-18 11:16:00,25.87,25.87,25.84,25.86,63500,1641701.0
002155.SZ,2026-05-18 11:17:00,25.86,25.89,25.85,25.89,98800,2555351.0
002155.SZ,2026-05-18 11:18:00,25.88,25.89,25.86,25.86,119800,3100198.0
002155.SZ,2026-05-18 11:19:00,25.86,25.88,25.85,25.86,94800,2451419.0
002155.SZ,2026-05-18 11:20:00,25.87,25.89,25.86,25.89,56400,1459096.0
002155.SZ,2026-05-18 11:21:00,25.89,25.89,25.85,25.85,76300,1973075.0
002155.SZ,2026-05-18 11:22:00,25.85,25.85,25.83,25.83,93100,2405998.0
002155.SZ,2026-05-18 11:23:00,25.83,25.85,25.83,25.85,132000,3410406.0
002155.SZ,2026-05-18 11:24:00,25.85,25.88,25.84,25.86,85500,2209995.0
002155.SZ,2026-05-18 11:25:00,25.87,25.87,25.84,25.84,51900,1341990.0
002155.SZ,2026-05-18 11:26:00,25.84,25.84,25.83,25.84,17300,446950.0
002155.SZ,2026-05-18 11:27:00,25.83,25.85,25.83,25.84,48800,1261015.0
002155.SZ,2026-05-18 11:28:00,25.84,25.86,25.84,25.86,36300,938333.0
002155.SZ,2026-05-18 11:29:00,25.87,25.91,25.87,25.89,173200,4484271.0
002155.SZ,2026-05-18 11:30:00,25.88,25.93,25.88,25.93,74200,1922557.0
002155.SZ,2026-05-18 13:01:00,25.93,26.03,25.93,26.0,351350,9123297.0
002155.SZ,2026-05-18 13:02:00,26.02,26.02,25.96,25.98,54100,1406398.0
002155.SZ,2026-05-18 13:03:00,25.99,26.03,25.99,26.03,69100,1797320.1
002155.SZ,2026-05-18 13:04:00,26.03,26.04,26.02,26.03,37160,967380.2
002155.SZ,2026-05-18 13:05:00,26.03,26.06,26.02,26.03,53353,1389530.9
002155.SZ,2026-05-18 13:06:00,26.03,26.07,26.03,26.06,60766,1583108.6
002155.SZ,2026-05-18 13:07:00,26.05,26.09,26.04,26.08,90900,2369066.0
002155.SZ,2026-05-18 13:08:00,26.09,26.09,26.04,26.09,122100,3181947.0
002155.SZ,2026-05-18 13:09:00,26.09,26.16,26.09,26.15,215200,5621551.0
002155.SZ,2026-05-18 13:10:00,26.15,26.15,26.08,26.09,88200,2303064.0
002155.SZ,2026-05-18 13:11:00,26.09,26.1,26.06,26.09,46600,1215362.0
002155.SZ,2026-05-18 13:12:00,26.1,26.1,26.04,26.07,56100,1462802.0
002155.SZ,2026-05-18 13:13:00,26.07,26.08,26.06,26.07,30200,787371.0
002155.SZ,2026-05-18 13:14:00,26.07,26.07,26.04,26.05,28100,732139.0
002155.SZ,2026-05-18 13:15:00,26.04,26.06,26.04,26.05,28900,752794.0
002155.SZ,2026-05-18 13:16:00,26.05,26.05,26.02,26.02,28734,748234.4
002155.SZ,2026-05-18 13:17:00,26.02,26.03,26.01,26.02,40100,1043322.0
002155.SZ,2026-05-18 13:18:00,26.02,26.11,26.0,26.11,142260,3707214.5
002155.SZ,2026-05-18 13:19:00,26.11,26.11,26.08,26.11,36940,963875.6
002155.SZ,2026-05-18 13:20:00,26.11,26.12,26.1,26.1,61100,1595521.0
002155.SZ,2026-05-18 13:21:00,26.1,26.1,26.08,26.09,29200,761826.0
002155.SZ,2026-05-18 13:22:00,26.07,26.08,26.05,26.05,60300,1572108.0
002155.SZ,2026-05-18 13:23:00,26.06,26.07,26.04,26.05,24900,648777.0
002155.SZ,2026-05-18 13:24:00,26.05,26.08,26.05,26.07,41000,1069061.0
002155.SZ,2026-05-18 13:25:00,26.09,26.14,26.07,26.13,92500,2414135.0
002155.SZ,2026-05-18 13:26:00,26.15,26.15,26.13,26.14,94800,2478579.0
002155.SZ,2026-05-18 13:27:00,26.15,26.16,26.12,26.16,82600,2159509.0
002155.SZ,2026-05-18 13:28:00,26.16,26.23,26.16,26.23,317400,8312747.0
002155.SZ,2026-05-18 13:29:00,26.23,26.24,26.19,26.2,148600,3896942.0
002155.SZ,2026-05-18 13:30:00,26.2,26.2,26.19,26.19,54500,1427721.0
002155.SZ,2026-05-18 13:31:00,26.19,26.23,26.19,26.23,91700,2403002.0
002155.SZ,2026-05-18 13:32:00,26.24,26.25,26.23,26.23,271400,7122484.5
002155.SZ,2026-05-18 13:33:00,26.23,26.25,26.23,26.25,80300,2106923.0
002155.SZ,2026-05-18 13:34:00,26.24,26.25,26.24,26.24,55700,1461730.0
002155.SZ,2026-05-18 13:35:00,26.24,26.26,26.24,26.24,126800,3328304.0
002155.SZ,2026-05-18 13:36:00,26.24,26.25,26.24,26.25,41500,1089242.0
002155.SZ,2026-05-18 13:37:00,26.24,26.25,26.22,26.22,124300,3260729.0
002155.SZ,2026-05-18 13:38:00,26.22,26.22,26.18,26.18,87000,2279626.0
002155.SZ,2026-05-18 13:39:00,26.19,26.2,26.18,26.19,64400,1686480.0
002155.SZ,2026-05-18 13:40:00,26.2,26.22,26.19,26.2,62300,1632414.0
002155.SZ,2026-05-18 13:41:00,26.2,26.21,26.18,26.21,67090,1757555.2
002155.SZ,2026-05-18 13:42:00,26.21,26.21,26.14,26.14,133810,3502727.8
002155.SZ,2026-05-18 13:43:00,26.14,26.14,26.11,26.12,51100,1334977.0
002155.SZ,2026-05-18 13:44:00,26.11,26.14,26.11,26.14,76500,1998278.0
002155.SZ,2026-05-18 13:45:00,26.14,26.14,26.1,26.11,96000,2506673.0
002155.SZ,2026-05-18 13:46:00,26.09,26.1,26.07,26.1,98500,2569993.0
002155.SZ,2026-05-18 13:47:00,26.09,26.1,26.06,26.07,79200,2065662.0
002155.SZ,2026-05-18 13:48:00,26.06,26.08,26.06,26.08,88900,2318037.0
002155.SZ,2026-05-18 13:49:00,26.08,26.09,26.02,26.02,149500,3895945.0
002155.SZ,2026-05-18 13:50:00,26.02,26.05,26.02,26.05,59400,1545936.0
002155.SZ,2026-05-18 13:51:00,26.04,26.06,26.04,26.05,51200,1333739.0
002155.SZ,2026-05-18 13:52:00,26.05,26.05,25.99,26.0,225300,5859489.0
002155.SZ,2026-05-18 13:53:00,26.0,26.0,25.97,25.97,50400,1309324.0
002155.SZ,2026-05-18 13:54:00,25.97,25.97,25.95,25.96,91300,2370056.0
002155.SZ,2026-05-18 13:55:00,25.96,25.96,25.92,25.93,161200,4182092.0
002155.SZ,2026-05-18 13:56:00,25.92,25.93,25.91,25.91,79500,2060998.0
002155.SZ,2026-05-18 13:57:00,25.92,25.93,25.9,25.93,80300,2081102.0
002155.SZ,2026-05-18 13:58:00,25.93,25.93,25.88,25.89,270220,6997944.5
002155.SZ,2026-05-18 13:59:00,25.89,25.89,25.86,25.87,180480,4669889.5
002155.SZ,2026-05-18 14:00:00,25.87,25.87,25.85,25.86,68700,1776405.0
002155.SZ,2026-05-18 14:01:00,25.86,25.86,25.82,25.83,242400,6262457.0
002155.SZ,2026-05-18 14:02:00,25.8,25.81,25.77,25.8,448900,11581174.0
002155.SZ,2026-05-18 14:03:00,25.79,25.8,25.73,25.76,171700,4423462.0
002155.SZ,2026-05-18 14:04:00,25.77,25.8,25.77,25.77,209600,5403047.0
002155.SZ,2026-05-18 14:05:00,25.78,25.8,25.78,25.8,92200,2377084.0
002155.SZ,2026-05-18 14:06:00,25.79,25.79,25.77,25.77,171300,4416734.0
002155.SZ,2026-05-18 14:07:00,25.78,25.78,25.76,25.78,154200,3974457.0
002155.SZ,2026-05-18 14:08:00,25.78,25.82,25.78,25.82,93100,2401769.0
002155.SZ,2026-05-18 14:09:00,25.81,25.86,25.81,25.84,93000,2401941.0
002155.SZ,2026-05-18 14:10:00,25.85,25.89,25.85,25.88,189300,4897190.0
002155.SZ,2026-05-18 14:11:00,25.87,25.87,25.84,25.85,118800,3071047.0
002155.SZ,2026-05-18 14:12:00,25.85,25.87,25.85,25.86,61600,1593079.0
002155.SZ,2026-05-18 14:13:00,25.86,25.87,25.85,25.85,83900,2169592.0
002155.SZ,2026-05-18 14:14:00,25.86,25.88,25.86,25.87,75700,1958411.0
002155.SZ,2026-05-18 14:15:00,25.87,25.87,25.83,25.85,158900,4108304.0
002155.SZ,2026-05-18 14:16:00,25.85,25.86,25.84,25.85,61100,1579517.0
002155.SZ,2026-05-18 14:17:00,25.84,25.85,25.84,25.84,46700,1206803.0
002155.SZ,2026-05-18 14:18:00,25.85,25.86,25.84,25.85,45200,1168406.0
002155.SZ,2026-05-18 14:19:00,25.85,25.85,25.84,25.84,36300,938273.0
002155.SZ,2026-05-18 14:20:00,25.85,25.86,25.85,25.85,72800,1882313.0
002155.SZ,2026-05-18 14:21:00,25.87,25.88,25.86,25.88,46100,1192802.0
002155.SZ,2026-05-18 14:22:00,25.89,25.89,25.86,25.87,95200,2463500.0
002155.SZ,2026-05-18 14:23:00,25.87,25.87,25.86,25.86,39600,1024301.0
002155.SZ,2026-05-18 14:24:00,25.87,25.92,25.87,25.92,93400,2417351.0
002155.SZ,2026-05-18 14:25:00,25.95,25.96,25.92,25.94,49800,1291962.0
002155.SZ,2026-05-18 14:26:00,25.93,25.94,25.92,25.94,69700,1807537.0
002155.SZ,2026-05-18 14:27:00,25.94,25.94,25.88,25.89,64500,1671769.0
002155.SZ,2026-05-18 14:28:00,25.88,25.89,25.88,25.88,48200,1247393.0
002155.SZ,2026-05-18 14:29:00,25.89,25.9,25.88,25.89,98000,2537151.0
002155.SZ,2026-05-18 14:30:00,25.89,25.89,25.88,25.88,40300,1043250.0
002155.SZ,2026-05-18 14:31:00,25.89,25.9,25.87,25.87,110000,2847781.0
002155.SZ,2026-05-18 14:32:00,25.88,25.88,25.84,25.86,132300,3420491.0
002155.SZ,2026-05-18 14:33:00,25.85,25.91,25.85,25.9,123600,3197926.0
002155.SZ,2026-05-18 14:34:00,25.9,25.92,25.89,25.91,79100,2049249.0
002155.SZ,2026-05-18 14:35:00,25.93,25.93,25.9,25.91,66900,1733645.0
002155.SZ,2026-05-18 14:36:00,25.91,25.92,25.9,25.92,79800,2067752.0
002155.SZ,2026-05-18 14:37:00,25.92,25.95,25.92,25.94,63500,1646785.0
002155.SZ,2026-05-18 14:38:00,25.95,25.96,25.94,25.94,142700,3702411.0
002155.SZ,2026-05-18 14:39:00,25.94,25.94,25.92,25.92,118500,3072930.0
002155.SZ,2026-05-18 14:40:00,25.91,25.95,25.91,25.94,135540,3514540.8
002155.SZ,2026-05-18 14:41:00,25.94,25.95,25.9,25.9,135860,3521489.2
002155.SZ,2026-05-18 14:42:00,25.9,25.91,25.89,25.91,114100,2955081.0
002155.SZ,2026-05-18 14:43:00,25.9,25.92,25.89,25.89,162000,4195818.0
002155.SZ,2026-05-18 14:44:00,25.9,25.92,25.9,25.91,84490,2188928.0
002155.SZ,2026-05-18 14:45:00,25.91,25.92,25.89,25.91,72900,1888430.0
002155.SZ,2026-05-18 14:46:00,25.9,25.94,25.9,25.92,258100,6690816.0
002155.SZ,2026-05-18 14:47:00,25.93,25.93,25.91,25.93,141800,3676243.0
002155.SZ,2026-05-18 14:48:00,25.93,25.93,25.9,25.9,613509,15892615.0
002155.SZ,2026-05-18 14:49:00,25.91,25.92,25.85,25.91,499880,12931970.0
002155.SZ,2026-05-18 14:50:00,25.92,25.94,25.91,25.94,202477,5250415.5
002155.SZ,2026-05-18 14:51:00,25.94,25.96,25.93,25.95,162030,4203319.5
002155.SZ,2026-05-18 14:52:00,25.95,25.97,25.95,25.97,100700,2613932.0
002155.SZ,2026-05-18 14:53:00,25.96,25.98,25.96,25.98,100000,2596881.0
002155.SZ,2026-05-18 14:54:00,25.98,25.99,25.97,25.97,229000,5949958.0
002155.SZ,2026-05-18 14:55:00,26.0,26.0,25.98,25.99,154600,4017696.0
002155.SZ,2026-05-18 14:56:00,26.0,26.02,25.99,26.02,290300,7548511.0
002155.SZ,2026-05-18 14:57:00,26.0,26.04,26.0,26.04,162600,4230884.0
002155.SZ,2026-05-18 14:58:00,26.04,26.04,26.04,26.04,0,0.0
002155.SZ,2026-05-18 14:59:00,26.04,26.04,26.04,26.04,0,0.0
002155.SZ,2026-05-18 15:00:00,26.02,26.02,26.02,26.02,260162,6769415.0
002155.SZ,2026-05-19 09:30:00,26.17,26.17,26.08,26.15,249100,6516835.0
002155.SZ,2026-05-19 09:31:00,26.1,26.11,25.8,25.98,865300,22474992.0
002155.SZ,2026-05-19 09:32:00,25.99,26.03,25.97,26.0,409300,10642461.0
002155.SZ,2026-05-19 09:33:00,26.02,26.13,26.02,26.11,297500,7753874.0
002155.SZ,2026-05-19 09:34:00,26.09,26.09,25.99,25.99,338600,8821786.0
002155.SZ,2026-05-19 09:35:00,25.97,25.99,25.95,25.98,222690,5782776.5
002155.SZ,2026-05-19 09:36:00,25.97,26.0,25.92,25.92,509230,13225363.0
002155.SZ,2026-05-19 09:37:00,25.91,26.0,25.91,25.99,228310,5927542.5
002155.SZ,2026-05-19 09:38:00,25.98,25.98,25.9,25.91,305190,7910314.0
002155.SZ,2026-05-19 09:39:00,25.91,25.95,25.91,25.93,156600,4061064.0
002155.SZ,2026-05-19 09:40:00,25.93,25.99,25.92,25.94,159500,4139137.0
002155.SZ,2026-05-19 09:41:00,25.95,25.96,25.9,25.94,305800,7927025.0
002155.SZ,2026-05-19 09:42:00,25.93,25.94,25.92,25.94,102900,2668040.0
002155.SZ,2026-05-19 09:43:00,25.94,25.98,25.92,25.96,215200,5582542.0
002155.SZ,2026-05-19 09:44:00,25.95,25.95,25.87,25.87,330200,8556137.0
002155.SZ,2026-05-19 09:45:00,25.88,25.89,25.87,25.89,134900,3490776.0
002155.SZ,2026-05-19 09:46:00,25.89,25.91,25.76,25.78,632300,16326283.0
002155.SZ,2026-05-19 09:47:00,25.79,25.85,25.78,25.85,185220,4778755.5
002155.SZ,2026-05-19 09:48:00,25.85,25.86,25.83,25.84,142100,3672308.0
002155.SZ,2026-05-19 09:49:00,25.83,25.84,25.82,25.83,140600,3631794.0
002155.SZ,2026-05-19 09:50:00,25.84,25.94,25.83,25.86,440600,11397203.0
002155.SZ,2026-05-19 09:51:00,25.84,25.84,25.77,25.78,368680,9511294.0
002155.SZ,2026-05-19 09:52:00,25.78,25.83,25.78,25.8,173400,4474006.0
002155.SZ,2026-05-19 09:53:00,25.8,25.87,25.79,25.87,90730,2343271.5
002155.SZ,2026-05-19 09:54:00,25.87,25.88,25.81,25.83,87750,2266662.5
002155.SZ,2026-05-19 09:55:00,25.82,25.83,25.71,25.72,354250,9125982.0
002155.SZ,2026-05-19 09:56:00,25.72,25.72,25.68,25.69,322700,8295681.0
002155.SZ,2026-05-19 09:57:00,25.68,25.7,25.68,25.7,95100,2443003.0
002155.SZ,2026-05-19 09:58:00,25.7,25.71,25.69,25.71,181800,4672930.0
002155.SZ,2026-05-19 09:59:00,25.71,25.74,25.7,25.74,257700,6626840.0
002155.SZ,2026-05-19 10:00:00,25.74,25.75,25.69,25.69,100700,2589549.2
002155.SZ,2026-05-19 10:01:00,25.69,25.69,25.62,25.63,311600,7996392.0
002155.SZ,2026-05-19 10:02:00,25.63,25.64,25.6,25.61,348478,8925450.0
002155.SZ,2026-05-19 10:03:00,25.61,25.63,25.61,25.63,212200,5436761.0
002155.SZ,2026-05-19 10:04:00,25.63,25.64,25.6,25.6,197800,5067371.0
002155.SZ,2026-05-19 10:05:00,25.61,25.62,25.58,25.58,212800,5448232.0
002155.SZ,2026-05-19 10:06:00,25.59,25.6,25.52,25.53,401700,10267396.0
002155.SZ,2026-05-19 10:07:00,25.54,25.56,25.53,25.55,152900,3906159.0
002155.SZ,2026-05-19 10:08:00,25.57,25.6,25.56,25.58,152400,3897333.0
002155.SZ,2026-05-19 10:09:00,25.57,25.59,25.53,25.53,185100,4731547.0
002155.SZ,2026-05-19 10:10:00,25.53,25.54,25.48,25.5,528800,13487061.0
002155.SZ,2026-05-19 10:11:00,25.5,25.53,25.49,25.49,266700,6801777.0
002155.SZ,2026-05-19 10:12:00,25.47,25.48,25.41,25.43,292700,7449375.0
002155.SZ,2026-05-19 10:13:00,25.43,25.46,25.4,25.46,255500,6495438.0
002155.SZ,2026-05-19 10:14:00,25.49,25.49,25.42,25.43,287800,7320885.0
002155.SZ,2026-05-19 10:15:00,25.42,25.43,25.38,25.38,240300,6104983.0
002155.SZ,2026-05-19 10:16:00,25.38,25.38,25.3,25.33,689700,17469122.0
002155.SZ,2026-05-19 10:17:00,25.33,25.39,25.33,25.38,328030,8320114.5
002155.SZ,2026-05-19 10:18:00,25.38,25.43,25.38,25.42,216280,5491863.0
002155.SZ,2026-05-19 10:19:00,25.41,25.42,25.39,25.42,157100,3990324.0
002155.SZ,2026-05-19 10:20:00,25.43,25.49,25.43,25.47,242400,6174176.0
002155.SZ,2026-05-19 10:21:00,25.47,25.49,25.46,25.46,133400,3399118.0
002155.SZ,2026-05-19 10:22:00,25.46,25.47,25.4,25.4,122700,3122331.0
002155.SZ,2026-05-19 10:23:00,25.42,25.42,25.4,25.41,74600,1895707.0
002155.SZ,2026-05-19 10:24:00,25.41,25.41,25.38,25.38,225700,5730083.0
002155.SZ,2026-05-19 10:25:00,25.38,25.4,25.35,25.4,244400,6200292.0
002155.SZ,2026-05-19 10:26:00,25.39,25.4,25.38,25.38,125500,3186764.0
002155.SZ,2026-05-19 10:27:00,25.39,25.46,25.39,25.46,214200,5442215.0
002155.SZ,2026-05-19 10:28:00,25.46,25.5,25.46,25.46,124000,3159093.0
002155.SZ,2026-05-19 10:29:00,25.46,25.46,25.38,25.38,198400,5044562.0
002155.SZ,2026-05-19 10:30:00,25.37,25.38,25.36,25.38,170100,4315915.0
002155.SZ,2026-05-19 10:31:00,25.39,25.41,25.37,25.41,163500,4151578.0
002155.SZ,2026-05-19 10:32:00,25.42,25.51,25.41,25.48,139800,3562147.0
002155.SZ,2026-05-19 10:33:00,25.5,25.53,25.5,25.5,72193,1842078.4
002155.SZ,2026-05-19 10:34:00,25.5,25.51,25.45,25.51,146600,3735967.0
002155.SZ,2026-05-19 10:35:00,25.52,25.52,25.45,25.45,186400,4749304.0
002155.SZ,2026-05-19 10:36:00,25.46,25.48,25.45,25.47,36600,931858.0
002155.SZ,2026-05-19 10:37:00,25.48,25.51,25.47,25.51,98776,2518287.0
002155.SZ,2026-05-19 10:38:00,25.51,25.56,25.51,25.55,126550,3230984.5
002155.SZ,2026-05-19 10:39:00,25.55,25.6,25.55,25.59,127000,3247353.0
002155.SZ,2026-05-19 10:40:00,25.6,25.6,25.54,25.56,99900,2555285.0
002155.SZ,2026-05-19 10:41:00,25.56,25.57,25.54,25.56,144750,3699054.0
002155.SZ,2026-05-19 10:42:00,25.57,25.59,25.56,25.57,65900,1685434.0
002155.SZ,2026-05-19 10:43:00,25.56,25.58,25.56,25.56,44700,1143041.0
002155.SZ,2026-05-19 10:44:00,25.56,25.57,25.55,25.55,48600,1242375.0
002155.SZ,2026-05-19 10:45:00,25.55,25.58,25.55,25.57,125230,3201113.5
002155.SZ,2026-05-19 10:46:00,25.57,25.57,25.53,25.54,101770,2599373.5
002155.SZ,2026-05-19 10:47:00,25.54,25.56,25.52,25.56,98400,2512793.0
002155.SZ,2026-05-19 10:48:00,25.56,25.56,25.54,25.55,46900,1198348.0
002155.SZ,2026-05-19 10:49:00,25.54,25.54,25.5,25.51,170900,4360586.0
002155.SZ,2026-05-19 10:50:00,25.53,25.56,25.52,25.54,152700,3900145.0
002155.SZ,2026-05-19 10:51:00,25.54,25.58,25.54,25.58,59700,1525961.0
002155.SZ,2026-05-19 10:52:00,25.57,25.6,25.57,25.59,93800,2399933.0
002155.SZ,2026-05-19 10:53:00,25.59,25.6,25.56,25.56,93800,2399874.0
002155.SZ,2026-05-19 10:54:00,25.55,25.57,25.52,25.56,42000,1072948.0
002155.SZ,2026-05-19 10:55:00,25.55,25.55,25.52,25.54,86000,2196539.0
002155.SZ,2026-05-19 10:56:00,25.56,25.58,25.55,25.56,57700,1475262.0
002155.SZ,2026-05-19 10:57:00,25.52,25.53,25.51,25.51,49600,1266218.0
002155.SZ,2026-05-19 10:58:00,25.52,25.52,25.46,25.5,141800,3615496.0
002155.SZ,2026-05-19 10:59:00,25.5,25.51,25.48,25.5,58800,1499258.0
002155.SZ,2026-05-19 11:00:00,25.52,25.56,25.51,25.56,148200,3784065.0
002155.SZ,2026-05-19 11:01:00,25.55,25.56,25.52,25.53,46600,1189983.0
002155.SZ,2026-05-19 11:02:00,25.54,25.57,25.53,25.53,97300,2486277.0
002155.SZ,2026-05-19 11:03:00,25.54,25.55,25.52,25.55,63400,1618948.0
002155.SZ,2026-05-19 11:04:00,25.55,25.55,25.51,25.52,71400,1823165.0
002155.SZ,2026-05-19 11:05:00,25.52,25.56,25.52,25.54,54700,1396824.0
002155.SZ,2026-05-19 11:06:00,25.54,25.56,25.54,25.55,50448,1288842.4
002155.SZ,2026-05-19 11:07:00,25.54,25.59,25.54,25.58,51600,1319057.5
002155.SZ,2026-05-19 11:08:00,25.59,25.6,25.59,25.59,67300,1722536.0
002155.SZ,2026-05-19 11:09:00,25.59,25.59,25.55,25.59,65500,1674718.0
002155.SZ,2026-05-19 11:10:00,25.59,25.59,25.55,25.58,173100,4427390.0
002155.SZ,2026-05-19 11:11:00,25.55,25.58,25.55,25.56,38800,992200.0
002155.SZ,2026-05-19 11:12:00,25.55,25.57,25.55,25.56,32700,835691.0
002155.SZ,2026-05-19 11:13:00,25.59,25.62,25.59,25.62,101100,2588505.0
002155.SZ,2026-05-19 11:14:00,25.62,25.62,25.59,25.6,39500,1011277.0
002155.SZ,2026-05-19 11:15:00,25.6,25.63,25.6,25.62,73760,1889517.6
002155.SZ,2026-05-19 11:16:00,25.62,25.64,25.61,25.64,51900,1329840.0
002155.SZ,2026-05-19 11:17:00,25.64,25.64,25.62,25.64,44600,1143352.0
002155.SZ,2026-05-19 11:18:00,25.64,25.64,25.59,25.6,90203,2310022.5
002155.SZ,2026-05-19 11:19:00,25.6,25.64,25.59,25.61,135360,3465955.5
002155.SZ,2026-05-19 11:20:00,25.61,25.62,25.6,25.6,45940,1176393.4
002155.SZ,2026-05-19 11:21:00,25.58,25.58,25.55,25.55,96600,2471007.0
002155.SZ,2026-05-19 11:22:00,25.55,25.58,25.54,25.55,33300,850924.0
002155.SZ,2026-05-19 11:23:00,25.55,25.6,25.53,25.55,68100,1740564.0
002155.SZ,2026-05-19 11:24:00,25.55,25.56,25.55,25.56,27590,705023.5
002155.SZ,2026-05-19 11:25:00,25.56,25.57,25.55,25.56,35550,908761.0
002155.SZ,2026-05-19 11:26:00,25.57,25.58,25.56,25.57,43900,1122392.0
002155.SZ,2026-05-19 11:27:00,25.58,25.58,25.56,25.57,30000,766935.0
002155.SZ,2026-05-19 11:28:00,25.57,25.58,25.56,25.58,40590,1037736.3
002155.SZ,2026-05-19 11:29:00,25.58,25.6,25.57,25.59,49100,1256343.0
002155.SZ,2026-05-19 11:30:00,25.59,25.6,25.58,25.58,48700,1246139.0
002155.SZ,2026-05-19 13:01:00,25.57,25.57,25.44,25.46,362310,9241247.0
002155.SZ,2026-05-19 13:02:00,25.47,25.53,25.47,25.51,50700,1292782.0
002155.SZ,2026-05-19 13:03:00,25.51,25.52,25.47,25.49,54400,1386941.0
002155.SZ,2026-05-19 13:04:00,25.49,25.49,25.45,25.47,113800,2897328.0
002155.SZ,2026-05-19 13:05:00,25.49,25.49,25.46,25.46,106100,2702844.0
002155.SZ,2026-05-19 13:06:00,25.43,25.44,25.41,25.44,108400,2756410.0
002155.SZ,2026-05-19 13:07:00,25.43,25.43,25.41,25.42,85100,2163069.0
002155.SZ,2026-05-19 13:08:00,25.42,25.44,25.41,25.42,72200,1835491.0
002155.SZ,2026-05-19 13:09:00,25.43,25.43,25.41,25.42,104800,2663999.0
002155.SZ,2026-05-19 13:10:00,25.42,25.46,25.42,25.46,76620,1948813.4
002155.SZ,2026-05-19 13:11:00,25.45,25.48,25.45,25.46,114900,2924267.0
002155.SZ,2026-05-19 13:12:00,25.47,25.49,25.46,25.48,43700,1113202.0
002155.SZ,2026-05-19 13:13:00,25.48,25.52,25.48,25.52,113300,2888853.0
002155.SZ,2026-05-19 13:14:00,25.53,25.57,25.52,25.55,50500,1289952.0
002155.SZ,2026-05-19 13:15:00,25.55,25.63,25.54,25.62,262900,6728140.5
002155.SZ,2026-05-19 13:16:00,25.61,25.61,25.58,25.59,231500,5925671.0
002155.SZ,2026-05-19 13:17:00,25.59,25.61,25.59,25.59,86400,2211684.0
002155.SZ,2026-05-19 13:18:00,25.6,25.6,25.56,25.57,58100,1486204.0
002155.SZ,2026-05-19 13:19:00,25.57,25.58,25.56,25.57,77600,1984237.0
002155.SZ,2026-05-19 13:20:00,25.56,25.57,25.55,25.57,81200,2075527.0
002155.SZ,2026-05-19 13:21:00,25.57,25.61,25.57,25.61,111900,2862910.0
002155.SZ,2026-05-19 13:22:00,25.6,25.6,25.56,25.57,59700,1527541.0
002155.SZ,2026-05-19 13:23:00,25.56,25.57,25.53,25.53,38600,986179.0
002155.SZ,2026-05-19 13:24:00,25.52,25.54,25.52,25.53,72700,1855575.0
002155.SZ,2026-05-19 13:25:00,25.52,25.52,25.5,25.5,112900,2879681.0
002155.SZ,2026-05-19 13:26:00,25.52,25.53,25.5,25.51,78300,1997539.0
002155.SZ,2026-05-19 13:27:00,25.51,25.54,25.51,25.51,113100,2885975.0
002155.SZ,2026-05-19 13:28:00,25.52,25.55,25.52,25.55,29100,743005.0
002155.SZ,2026-05-19 13:29:00,25.54,25.59,25.54,25.56,42900,1096621.0
002155.SZ,2026-05-19 13:30:00,25.56,25.57,25.55,25.55,91700,2343764.0
002155.SZ,2026-05-19 13:31:00,25.55,25.55,25.53,25.55,56000,1430269.0
002155.SZ,2026-05-19 13:32:00,25.55,25.59,25.55,25.59,139100,3555263.0
002155.SZ,2026-05-19 13:33:00,25.59,25.61,25.56,25.57,139600,3572787.0
002155.SZ,2026-05-19 13:34:00,25.57,25.57,25.55,25.56,49900,1275529.0
002155.SZ,2026-05-19 13:35:00,25.57,25.58,25.56,25.56,29700,759401.0
002155.SZ,2026-05-19 13:36:00,25.56,25.57,25.55,25.55,94800,2422938.0
002155.SZ,2026-05-19 13:37:00,25.56,25.57,25.54,25.56,45480,1162087.2
002155.SZ,2026-05-19 13:38:00,25.56,25.58,25.55,25.58,67400,1722933.0
002155.SZ,2026-05-19 13:39:00,25.58,25.59,25.56,25.56,80400,2055812.0
002155.SZ,2026-05-19 13:40:00,25.56,25.59,25.56,25.58,81400,2080924.0
002155.SZ,2026-05-19 13:41:00,25.58,25.59,25.58,25.58,34800,890224.0
002155.SZ,2026-05-19 13:42:00,25.58,25.58,25.56,25.56,56400,1442260.0
002155.SZ,2026-05-19 13:43:00,25.55,25.57,25.55,25.56,67700,1729973.0
002155.SZ,2026-05-19 13:44:00,25.55,25.56,25.54,25.55,102300,2613647.0
002155.SZ,2026-05-19 13:45:00,25.55,25.56,25.54,25.56,40480,1034317.2
002155.SZ,2026-05-19 13:46:00,25.55,25.57,25.48,25.5,808720,20624536.0
002155.SZ,2026-05-19 13:47:00,25.49,25.49,25.44,25.48,991260,25241656.0
002155.SZ,2026-05-19 13:48:00,25.49,25.52,25.47,25.51,30900,787961.0
002155.SZ,2026-05-19 13:49:00,25.51,25.56,25.51,25.56,64900,1657440.0
002155.SZ,2026-05-19 13:50:00,25.58,25.62,25.58,25.6,173200,4434324.0
002155.SZ,2026-05-19 13:51:00,25.61,25.61,25.59,25.6,76100,1948089.0
002155.SZ,2026-05-19 13:52:00,25.6,25.6,25.58,25.59,34400,880504.0
002155.SZ,2026-05-19 13:53:00,25.59,25.6,25.56,25.58,76400,1954278.0
002155.SZ,2026-05-19 13:54:00,25.57,25.59,25.57,25.57,51100,1307202.0
002155.SZ,2026-05-19 13:55:00,25.57,25.62,25.57,25.6,99700,2552562.0
002155.SZ,2026-05-19 13:56:00,25.6,25.61,25.6,25.6,45200,1157269.0
002155.SZ,2026-05-19 13:57:00,25.6,25.6,25.57,25.57,63700,1629877.0
002155.SZ,2026-05-19 13:58:00,25.58,25.59,25.57,25.58,37200,951396.0
002155.SZ,2026-05-19 13:59:00,25.57,25.6,25.57,25.57,92600,2369185.0
002155.SZ,2026-05-19 14:00:00,25.55,25.57,25.54,25.55,72800,1860595.0
002155.SZ,2026-05-19 14:01:00,25.54,25.55,25.53,25.53,175300,4477680.0
002155.SZ,2026-05-19 14:02:00,25.54,25.55,25.53,25.54,50300,1284488.0
002155.SZ,2026-05-19 14:03:00,25.53,25.55,25.52,25.54,63600,1623862.0
002155.SZ,2026-05-19 14:04:00,25.54,25.56,25.54,25.55,61600,1573831.0
002155.SZ,2026-05-19 14:05:00,25.55,25.57,25.55,25.57,55300,1413322.0
002155.SZ,2026-05-19 14:06:00,25.56,25.56,25.53,25.54,97200,2483388.0
002155.SZ,2026-05-19 14:07:00,25.54,25.55,25.53,25.55,61700,1575624.0
002155.SZ,2026-05-19 14:08:00,25.55,25.56,25.48,25.49,247100,6303743.0
002155.SZ,2026-05-19 14:09:00,25.49,25.51,25.49,25.51,69500,1772218.0
002155.SZ,2026-05-19 14:10:00,25.51,25.52,25.46,25.47,123900,3157394.0
002155.SZ,2026-05-19 14:11:00,25.45,25.5,25.45,25.49,54300,1383039.0
002155.SZ,2026-05-19 14:12:00,25.5,25.53,25.5,25.51,42600,1086893.0
002155.SZ,2026-05-19 14:13:00,25.52,25.56,25.51,25.54,46500,1187447.0
002155.SZ,2026-05-19 14:14:00,25.53,25.55,25.53,25.54,67600,1726585.0
002155.SZ,2026-05-19 14:15:00,25.55,25.56,25.54,25.56,32600,832815.7
002155.SZ,2026-05-19 14:16:00,25.55,25.56,25.54,25.54,188300,4806963.0
002155.SZ,2026-05-19 14:17:00,25.54,25.54,25.53,25.53,50100,1279165.0
002155.SZ,2026-05-19 14:18:00,25.53,25.55,25.53,25.54,51000,1302336.0
002155.SZ,2026-05-19 14:19:00,25.54,25.58,25.54,25.58,94200,2407293.0
002155.SZ,2026-05-19 14:20:00,25.57,25.58,25.57,25.58,55900,1429774.0
002155.SZ,2026-05-19 14:21:00,25.58,25.58,25.56,25.57,108600,2776697.0
002155.SZ,2026-05-19 14:22:00,25.57,25.57,25.53,25.53,323700,8271815.0
002155.SZ,2026-05-19 14:23:00,25.55,25.55,25.51,25.54,93100,2376792.0
002155.SZ,2026-05-19 14:24:00,25.53,25.54,25.53,25.53,50900,1299769.0
002155.SZ,2026-05-19 14:25:00,25.55,25.55,25.54,25.55,109800,2804694.0
002155.SZ,2026-05-19 14:26:00,25.54,25.55,25.54,25.54,42400,1083027.0
002155.SZ,2026-05-19 14:27:00,25.55,25.56,25.54,25.56,55200,1410304.0
002155.SZ,2026-05-19 14:28:00,25.56,25.58,25.55,25.56,100500,2569263.0
002155.SZ,2026-05-19 14:29:00,25.58,25.58,25.56,25.56,66900,1710960.0
002155.SZ,2026-05-19 14:30:00,25.57,25.57,25.55,25.56,111300,2845281.0
002155.SZ,2026-05-19 14:31:00,25.56,25.58,25.56,25.57,56200,1436615.0
002155.SZ,2026-05-19 14:32:00,25.59,25.59,25.53,25.55,486100,12423100.0
002155.SZ,2026-05-19 14:33:00,25.54,25.58,25.54,25.58,99200,2534312.0
002155.SZ,2026-05-19 14:34:00,25.57,25.58,25.56,25.58,76100,1946044.0
002155.SZ,2026-05-19 14:35:00,25.57,25.58,25.56,25.56,109000,2787299.0
002155.SZ,2026-05-19 14:36:00,25.56,25.58,25.55,25.58,96500,2466511.0
002155.SZ,2026-05-19 14:37:00,25.58,25.59,25.57,25.57,73300,1874861.0
002155.SZ,2026-05-19 14:38:00,25.57,25.59,25.57,25.57,96500,2468206.0
002155.SZ,2026-05-19 14:39:00,25.57,25.59,25.57,25.58,99000,2532272.0
002155.SZ,2026-05-19 14:40:00,25.58,25.6,25.58,25.59,88600,2267065.0
002155.SZ,2026-05-19 14:41:00,25.6,25.6,25.58,25.59,106960,2736747.8
002155.SZ,2026-05-19 14:42:00,25.59,25.61,25.58,25.6,197600,5057752.0
002155.SZ,2026-05-19 14:43:00,25.61,25.62,25.61,25.61,86200,2208046.0
002155.SZ,2026-05-19 14:44:00,25.6,25.61,25.6,25.61,64000,1638941.0
002155.SZ,2026-05-19 14:45:00,25.6,25.64,25.6,25.64,165730,4246355.5
002155.SZ,2026-05-19 14:46:00,25.64,25.69,25.63,25.69,269900,6927667.0
002155.SZ,2026-05-19 14:47:00,25.68,25.68,25.66,25.67,105200,2700657.0
002155.SZ,2026-05-19 14:48:00,25.68,25.69,25.67,25.68,162200,4165239.0
002155.SZ,2026-05-19 14:49:00,25.68,25.7,25.68,25.7,191400,4916343.0
002155.SZ,2026-05-19 14:50:00,25.69,25.7,25.68,25.68,121800,3129601.0
002155.SZ,2026-05-19 14:51:00,25.69,25.69,25.67,25.68,127091,3263845.0
002155.SZ,2026-05-19 14:52:00,25.68,25.69,25.67,25.68,136500,3505061.0
002155.SZ,2026-05-19 14:53:00,25.68,25.69,25.68,25.68,119500,3068914.0
002155.SZ,2026-05-19 14:54:00,25.68,25.69,25.67,25.67,143400,3682990.0
002155.SZ,2026-05-19 14:55:00,25.68,25.68,25.66,25.66,229900,5901384.0
002155.SZ,2026-05-19 14:56:00,25.66,25.7,25.66,25.69,383620,9853859.0
002155.SZ,2026-05-19 14:57:00,25.7,25.72,25.7,25.71,217700,5596631.0
002155.SZ,2026-05-19 14:58:00,25.71,25.71,25.71,25.71,0,0.0
002155.SZ,2026-05-19 14:59:00,25.71,25.71,25.71,25.71,0,0.0
002155.SZ,2026-05-19 15:00:00,25.69,25.69,25.69,25.69,369600,9495024.0
002155.SZ,2026-05-20 09:30:00,25.51,25.6,25.35,25.35,1229400,31387158.0
002155.SZ,2026-05-20 09:31:00,25.34,25.34,25.01,25.07,1596000,40198690.0
002155.SZ,2026-05-20 09:32:00,25.07,25.2,25.07,25.2,510430,12830056.0
002155.SZ,2026-05-20 09:33:00,25.17,25.28,25.17,25.24,444000,11196577.0
002155.SZ,2026-05-20 09:34:00,25.24,25.24,25.18,25.18,233000,5874145.5
002155.SZ,2026-05-20 09:35:00,25.18,25.21,25.13,25.13,431350,10859291.0
002155.SZ,2026-05-20 09:36:00,25.13,25.19,25.12,25.16,445590,11208723.0
002155.SZ,2026-05-20 09:37:00,25.17,25.17,25.08,25.09,562800,14134333.0
002155.SZ,2026-05-20 09:38:00,25.09,25.09,25.0,25.01,593700,14873052.0
002155.SZ,2026-05-20 09:39:00,25.0,25.02,24.95,25.0,920500,23013124.0
002155.SZ,2026-05-20 09:40:00,25.0,25.0,24.91,24.96,668990,16697968.0
002155.SZ,2026-05-20 09:41:00,24.98,24.98,24.88,24.95,743610,18552088.0
002155.SZ,2026-05-20 09:42:00,24.95,24.95,24.91,24.92,553050,13781180.0
002155.SZ,2026-05-20 09:43:00,24.92,24.99,24.91,24.97,467800,11669786.0
002155.SZ,2026-05-20 09:44:00,24.97,25.01,24.95,25.01,335900,8391029.0
002155.SZ,2026-05-20 09:45:00,25.01,25.01,24.97,24.99,209800,5241485.0
002155.SZ,2026-05-20 09:46:00,24.99,24.99,24.96,24.97,180600,4510058.0
002155.SZ,2026-05-20 09:47:00,24.97,25.0,24.96,24.99,182900,4569689.0
002155.SZ,2026-05-20 09:48:00,25.0,25.07,24.98,25.06,196100,4905295.0
002155.SZ,2026-05-20 09:49:00,25.06,25.06,25.0,25.04,184300,4613520.0
002155.SZ,2026-05-20 09:50:00,25.05,25.11,25.05,25.1,274460,6886975.5
002155.SZ,2026-05-20 09:51:00,25.09,25.15,25.08,25.08,664400,16685395.0
002155.SZ,2026-05-20 09:52:00,25.08,25.12,25.07,25.07,229810,5766686.0
002155.SZ,2026-05-20 09:53:00,25.08,25.08,24.99,25.0,733100,18330504.0
002155.SZ,2026-05-20 09:54:00,25.02,25.03,24.98,24.98,216900,5423901.0
002155.SZ,2026-05-20 09:55:00,24.99,25.01,24.97,24.97,198400,4957301.0
002155.SZ,2026-05-20 09:56:00,24.97,25.03,24.97,25.03,216330,5409779.0
002155.SZ,2026-05-20 09:57:00,25.03,25.09,25.03,25.08,177900,4460501.0
002155.SZ,2026-05-20 09:58:00,25.08,25.11,25.07,25.1,118941,2984839.8
002155.SZ,2026-05-20 09:59:00,25.1,25.11,25.04,25.06,126700,3177975.0
002155.SZ,2026-05-20 10:00:00,25.05,25.05,25.01,25.02,158900,3979624.0
002155.SZ,2026-05-20 10:01:00,25.02,25.03,24.98,25.02,266600,6664505.0
002155.SZ,2026-05-20 10:02:00,25.02,25.08,25.02,25.08,299700,7508613.0
002155.SZ,2026-05-20 10:03:00,25.09,25.1,25.02,25.04,191700,4801262.0
002155.SZ,2026-05-20 10:04:00,25.04,25.04,25.01,25.03,125850,3148992.5
002155.SZ,2026-05-20 10:05:00,25.04,25.06,25.03,25.06,225930,5658056.0
002155.SZ,2026-05-20 10:06:00,25.05,25.13,25.04,25.12,257800,6470860.0
002155.SZ,2026-05-20 10:07:00,25.12,25.16,25.11,25.12,314900,7915541.0
002155.SZ,2026-05-20 10:08:00,25.12,25.12,25.08,25.08,120286,3019358.0
002155.SZ,2026-05-20 10:09:00,25.07,25.1,25.05,25.08,111614,2797589.5
002155.SZ,2026-05-20 10:10:00,25.06,25.08,25.04,25.06,203181,5090278.0
002155.SZ,2026-05-20 10:11:00,25.07,25.09,25.06,25.07,124100,3111627.8
002155.SZ,2026-05-20 10:12:00,25.06,25.07,24.99,24.99,232669,5821007.5
002155.SZ,2026-05-20 10:13:00,24.99,25.0,24.96,24.98,217700,5437609.0
002155.SZ,2026-05-20 10:14:00,24.96,24.98,24.94,24.98,305500,7624914.0
002155.SZ,2026-05-20 10:15:00,24.97,24.98,24.95,24.97,145730,3637698.0
002155.SZ,2026-05-20 10:16:00,24.97,24.97,24.93,24.94,99170,2474580.5
002155.SZ,2026-05-20 10:17:00,24.98,24.98,24.95,24.98,127618,3186703.0
002155.SZ,2026-05-20 10:18:00,24.97,24.99,24.97,24.97,70000,1748369.0
002155.SZ,2026-05-20 10:19:00,25.0,25.02,24.98,24.98,161100,4026492.0
002155.SZ,2026-05-20 10:20:00,25.0,25.01,24.98,25.0,145100,3625850.0
002155.SZ,2026-05-20 10:21:00,24.98,25.0,24.97,24.98,52300,1306557.0
002155.SZ,2026-05-20 10:22:00,24.97,25.03,24.97,25.02,170000,4249634.0
002155.SZ,2026-05-20 10:23:00,25.02,25.02,25.0,25.01,76000,1900907.0
002155.SZ,2026-05-20 10:24:00,25.01,25.03,24.99,25.03,71490,1787514.0
002155.SZ,2026-05-20 10:25:00,25.02,25.03,25.01,25.02,84522,2114901.0
002155.SZ,2026-05-20 10:26:00,25.02,25.04,25.0,25.0,110600,2767202.0
002155.SZ,2026-05-20 10:27:00,25.0,25.01,24.99,24.99,48678,1216864.8
002155.SZ,2026-05-20 10:28:00,24.99,24.99,24.96,24.98,70100,1750883.0
002155.SZ,2026-05-20 10:29:00,24.98,24.99,24.97,24.99,89200,2228311.0
002155.SZ,2026-05-20 10:30:00,24.99,25.0,24.97,25.0,152500,3811089.0
002155.SZ,2026-05-20 10:31:00,24.99,24.99,24.96,24.96,203200,5073087.0
002155.SZ,2026-05-20 10:32:00,24.96,24.97,24.92,24.92,123000,3068445.0
002155.SZ,2026-05-20 10:33:00,24.92,24.92,24.89,24.89,452800,11276093.0
002155.SZ,2026-05-20 10:34:00,24.88,24.9,24.88,24.89,212900,5298923.0
002155.SZ,2026-05-20 10:35:00,24.88,24.95,24.87,24.93,540101,13443558.0
002155.SZ,2026-05-20 10:36:00,24.92,24.94,24.92,24.93,116800,2911424.0
002155.SZ,2026-05-20 10:37:00,24.94,24.96,24.93,24.93,77100,1922940.0
002155.SZ,2026-05-20 10:38:00,24.94,24.98,24.94,24.96,211700,5278229.0
002155.SZ,2026-05-20 10:39:00,24.97,24.97,24.93,24.93,90400,2255497.0
002155.SZ,2026-05-20 10:40:00,24.94,24.97,24.92,24.92,233630,5827931.5
002155.SZ,2026-05-20 10:41:00,24.97,24.97,24.94,24.95,120100,2996921.0
002155.SZ,2026-05-20 10:42:00,24.94,24.97,24.94,24.97,85100,2123655.0
002155.SZ,2026-05-20 10:43:00,24.96,24.97,24.93,24.93,76300,1903796.0
002155.SZ,2026-05-20 10:44:00,24.94,24.94,24.89,24.91,231500,5764968.0
002155.SZ,2026-05-20 10:45:00,24.9,24.91,24.9,24.9,105700,2631972.0
002155.SZ,2026-05-20 10:46:00,24.91,24.92,24.9,24.92,102800,2560769.0
002155.SZ,2026-05-20 10:47:00,24.91,24.92,24.9,24.9,88700,2209388.0
002155.SZ,2026-05-20 10:48:00,24.9,24.9,24.89,24.9,211100,5256115.0
002155.SZ,2026-05-20 10:49:00,24.91,24.93,24.9,24.9,163200,4066190.0
002155.SZ,2026-05-20 10:50:00,24.9,24.93,24.89,24.92,103900,2587625.0
002155.SZ,2026-05-20 10:51:00,24.94,24.94,24.92,24.92,62100,1547876.0
002155.SZ,2026-05-20 10:52:00,24.92,25.05,24.92,25.05,379283,9474004.0
002155.SZ,2026-05-20 10:53:00,25.03,25.04,25.0,25.01,71600,1791688.0
002155.SZ,2026-05-20 10:54:00,25.01,25.08,25.01,25.07,261580,6553243.5
002155.SZ,2026-05-20 10:55:00,25.07,25.09,25.05,25.05,121550,3047263.5
002155.SZ,2026-05-20 10:56:00,25.05,25.05,25.03,25.03,34040,852345.2
002155.SZ,2026-05-20 10:57:00,25.03,25.03,24.98,24.98,125300,3134483.0
002155.SZ,2026-05-20 10:58:00,24.98,25.0,24.96,25.0,126400,3156953.0
002155.SZ,2026-05-20 10:59:00,25.0,25.01,24.97,24.97,60400,1509363.0
002155.SZ,2026-05-20 11:00:00,24.97,24.99,24.95,24.97,90400,2256808.0
002155.SZ,2026-05-20 11:01:00,24.99,25.0,24.97,24.97,78300,1956113.0
002155.SZ,2026-05-20 11:02:00,24.97,24.97,24.93,24.95,224100,5591863.0
002155.SZ,2026-05-20 11:03:00,24.94,24.96,24.93,24.96,83200,2075081.0
002155.SZ,2026-05-20 11:04:00,24.96,24.96,24.9,24.94,103500,2579532.0
002155.SZ,2026-05-20 11:05:00,24.94,24.96,24.92,24.92,56400,1406514.0
002155.SZ,2026-05-20 11:06:00,24.93,24.94,24.92,24.94,86900,2166654.0
002155.SZ,2026-05-20 11:07:00,24.94,24.94,24.9,24.9,167600,4174539.0
002155.SZ,2026-05-20 11:08:00,24.9,24.91,24.89,24.89,102000,2539522.0
002155.SZ,2026-05-20 11:09:00,24.9,24.91,24.89,24.9,165900,4130271.0
002155.SZ,2026-05-20 11:10:00,24.9,24.92,24.9,24.91,63100,1571580.0
002155.SZ,2026-05-20 11:11:00,24.91,24.95,24.91,24.95,98600,2458912.0
002155.SZ,2026-05-20 11:12:00,24.94,24.96,24.94,24.94,62200,1551683.0
002155.SZ,2026-05-20 11:13:00,24.94,24.94,24.93,24.93,31200,778006.0
002155.SZ,2026-05-20 11:14:00,24.93,24.93,24.91,24.93,153500,3825058.0
002155.SZ,2026-05-20 11:15:00,24.91,24.94,24.91,24.93,93300,2325907.0
002155.SZ,2026-05-20 11:16:00,24.93,25.0,24.92,25.0,126950,3170311.0
002155.SZ,2026-05-20 11:17:00,24.99,25.07,24.99,25.04,326500,8170461.0
002155.SZ,2026-05-20 11:18:00,25.03,25.03,24.98,24.98,35300,882604.0
002155.SZ,2026-05-20 11:19:00,24.99,25.0,24.99,24.99,268760,6710368.0
002155.SZ,2026-05-20 11:20:00,24.99,25.0,24.99,25.0,33500,837136.0
002155.SZ,2026-05-20 11:21:00,25.0,25.0,24.96,24.96,86800,2168040.0
002155.SZ,2026-05-20 11:22:00,24.95,24.98,24.93,24.97,113000,2818359.0
002155.SZ,2026-05-20 11:23:00,24.98,24.99,24.96,24.98,35500,886967.0
002155.SZ,2026-05-20 11:24:00,24.99,25.0,24.96,25.0,39200,978782.0
002155.SZ,2026-05-20 11:25:00,24.99,25.02,24.98,25.01,98300,2457477.0
002155.SZ,2026-05-20 11:26:00,24.96,25.0,24.96,24.99,67300,1681682.0
002155.SZ,2026-05-20 11:27:00,24.99,25.03,24.99,25.03,113100,2828947.0
002155.SZ,2026-05-20 11:28:00,25.04,25.05,25.03,25.04,55460,1388962.8
002155.SZ,2026-05-20 11:29:00,25.06,25.08,25.06,25.06,233390,5847981.5
002155.SZ,2026-05-20 11:30:00,25.07,25.1,25.07,25.08,193300,4849219.0
002155.SZ,2026-05-20 13:01:00,25.09,25.14,25.07,25.12,374086,9387689.0
002155.SZ,2026-05-20 13:02:00,25.13,25.29,25.13,25.29,538700,13590906.0
002155.SZ,2026-05-20 13:03:00,25.29,25.36,25.27,25.35,358100,9067100.0
002155.SZ,2026-05-20 13:04:00,25.35,25.35,25.3,25.32,353200,8943986.0
002155.SZ,2026-05-20 13:05:00,25.34,25.38,25.34,25.35,342900,8695653.0
002155.SZ,2026-05-20 13:06:00,25.37,25.39,25.34,25.39,253700,6434932.0
002155.SZ,2026-05-20 13:07:00,25.42,25.43,25.39,25.43,242500,6160452.0
002155.SZ,2026-05-20 13:08:00,25.42,25.52,25.42,25.5,686463,17493282.0
002155.SZ,2026-05-20 13:09:00,25.48,25.5,25.44,25.45,259900,6623786.0
002155.SZ,2026-05-20 13:10:00,25.46,25.48,25.43,25.43,138300,3520922.0
002155.SZ,2026-05-20 13:11:00,25.43,25.45,25.42,25.45,112200,2854274.0
002155.SZ,2026-05-20 13:12:00,25.42,25.49,25.42,25.48,127400,3243079.8
002155.SZ,2026-05-20 13:13:00,25.48,25.53,25.48,25.48,290600,7413123.0
002155.SZ,2026-05-20 13:14:00,25.5,25.55,25.49,25.54,239500,6110844.0
002155.SZ,2026-05-20 13:15:00,25.54,25.54,25.49,25.5,158900,4053505.0
002155.SZ,2026-05-20 13:16:00,25.51,25.53,25.51,25.53,160700,4101141.0
002155.SZ,2026-05-20 13:17:00,25.52,25.52,25.45,25.45,286600,7302031.0
002155.SZ,2026-05-20 13:18:00,25.46,25.47,25.46,25.46,116600,2969400.0
002155.SZ,2026-05-20 13:19:00,25.46,25.46,25.41,25.41,142200,3617186.0
002155.SZ,2026-05-20 13:20:00,25.41,25.43,25.39,25.41,140300,3565662.0
002155.SZ,2026-05-20 13:21:00,25.41,25.42,25.41,25.42,84000,2134823.0
002155.SZ,2026-05-20 13:22:00,25.41,25.41,25.38,25.38,104500,2653177.0
002155.SZ,2026-05-20 13:23:00,25.37,25.4,25.36,25.39,163400,4146970.0
002155.SZ,2026-05-20 13:24:00,25.39,25.42,25.38,25.41,124200,3154710.0
002155.SZ,2026-05-20 13:25:00,25.39,25.41,25.38,25.39,48500,1231760.0
002155.SZ,2026-05-20 13:26:00,25.38,25.38,25.32,25.33,92300,2340049.0
002155.SZ,2026-05-20 13:27:00,25.33,25.34,25.33,25.34,98000,2482713.0
002155.SZ,2026-05-20 13:28:00,25.33,25.35,25.33,25.34,47600,1205952.0
002155.SZ,2026-05-20 13:29:00,25.33,25.34,25.32,25.33,46300,1172713.0
002155.SZ,2026-05-20 13:30:00,25.32,25.34,25.3,25.34,158900,4023790.0
002155.SZ,2026-05-20 13:31:00,25.34,25.4,25.34,25.39,202600,5138294.0
002155.SZ,2026-05-20 13:32:00,25.39,25.53,25.39,25.53,248300,6323155.0
002155.SZ,2026-05-20 13:33:00,25.51,25.52,25.43,25.46,105400,2687384.0
002155.SZ,2026-05-20 13:34:00,25.45,25.49,25.45,25.47,64900,1653626.0
002155.SZ,2026-05-20 13:35:00,25.46,25.46,25.45,25.45,67300,1713157.0
002155.SZ,2026-05-20 13:36:00,25.45,25.48,25.43,25.48,79500,2023350.0
002155.SZ,2026-05-20 13:37:00,25.48,25.48,25.43,25.45,87300,2222397.0
002155.SZ,2026-05-20 13:38:00,25.45,25.49,25.45,25.49,69200,1763138.0
002155.SZ,2026-05-20 13:39:00,25.48,25.52,25.48,25.51,224000,5712558.0
002155.SZ,2026-05-20 13:40:00,25.51,25.54,25.51,25.52,125000,3190287.5
002155.SZ,2026-05-20 13:41:00,25.53,25.53,25.5,25.5,68300,1742687.0
002155.SZ,2026-05-20 13:42:00,25.49,25.5,25.46,25.46,88200,2248043.0
002155.SZ,2026-05-20 13:43:00,25.46,25.51,25.46,25.5,76700,1955202.0
002155.SZ,2026-05-20 13:44:00,25.47,25.47,25.4,25.42,104300,2652506.0
002155.SZ,2026-05-20 13:45:00,25.43,25.44,25.42,25.43,40400,1027422.0
002155.SZ,2026-05-20 13:46:00,25.43,25.47,25.42,25.47,36100,918252.0
002155.SZ,2026-05-20 13:47:00,25.46,25.47,25.42,25.43,85700,2180022.0
002155.SZ,2026-05-20 13:48:00,25.43,25.45,25.43,25.43,84200,2142031.0
002155.SZ,2026-05-20 13:49:00,25.43,25.45,25.43,25.43,65600,1668755.0
002155.SZ,2026-05-20 13:50:00,25.44,25.44,25.42,25.43,38700,984084.0
002155.SZ,2026-05-20 13:51:00,25.44,25.46,25.44,25.45,85000,2163465.0
002155.SZ,2026-05-20 13:52:00,25.45,25.46,25.45,25.45,30700,781352.0
002155.SZ,2026-05-20 13:53:00,25.45,25.46,25.42,25.46,68000,1729863.0
002155.SZ,2026-05-20 13:54:00,25.47,25.49,25.46,25.47,93300,2376991.0
002155.SZ,2026-05-20 13:55:00,25.47,25.48,25.45,25.45,74350,1893748.5
002155.SZ,2026-05-20 13:56:00,25.45,25.46,25.44,25.45,58200,1480958.0
002155.SZ,2026-05-20 13:57:00,25.46,25.47,25.45,25.45,63000,1604259.0
002155.SZ,2026-05-20 13:58:00,25.43,25.46,25.43,25.44,26900,684473.0
002155.SZ,2026-05-20 13:59:00,25.45,25.45,25.43,25.44,33200,844528.0
002155.SZ,2026-05-20 14:00:00,25.43,25.45,25.43,25.45,89400,2274870.0
002155.SZ,2026-05-20 14:01:00,25.44,25.48,25.44,25.48,75800,1930152.0
002155.SZ,2026-05-20 14:02:00,25.47,25.49,25.42,25.42,72000,1832941.0
002155.SZ,2026-05-20 14:03:00,25.43,25.46,25.43,25.44,34800,885461.0
002155.SZ,2026-05-20 14:04:00,25.44,25.49,25.44,25.48,89060,2268779.8
002155.SZ,2026-05-20 14:05:00,25.48,25.5,25.47,25.48,30600,779795.0
002155.SZ,2026-05-20 14:06:00,25.48,25.48,25.47,25.48,50300,1281507.0
002155.SZ,2026-05-20 14:07:00,25.47,25.48,25.46,25.48,34500,878566.0
002155.SZ,2026-05-20 14:08:00,25.47,25.48,25.44,25.44,54500,1387550.0
002155.SZ,2026-05-20 14:09:00,25.45,25.47,25.44,25.45,72900,1855556.0
002155.SZ,2026-05-20 14:10:00,25.43,25.44,25.42,25.43,52100,1324876.0
002155.SZ,2026-05-20 14:11:00,25.42,25.45,25.42,25.45,47900,1218072.0
002155.SZ,2026-05-20 14:12:00,25.45,25.46,25.43,25.44,53000,1348428.0
002155.SZ,2026-05-20 14:13:00,25.44,25.47,25.44,25.46,77500,1973230.0
002155.SZ,2026-05-20 14:14:00,25.45,25.46,25.44,25.44,33700,857612.0
002155.SZ,2026-05-20 14:15:00,25.45,25.48,25.45,25.47,58700,1494741.0
002155.SZ,2026-05-20 14:16:00,25.47,25.47,25.45,25.47,20200,514287.0
002155.SZ,2026-05-20 14:17:00,25.47,25.48,25.47,25.47,100000,2547446.0
002155.SZ,2026-05-20 14:18:00,25.45,25.46,25.44,25.44,135400,3447252.0
002155.SZ,2026-05-20 14:19:00,25.45,25.47,25.45,25.47,309600,7884529.5
002155.SZ,2026-05-20 14:20:00,25.45,25.47,25.45,25.47,35800,911342.0
002155.SZ,2026-05-20 14:21:00,25.47,25.49,25.47,25.48,36500,929933.0
002155.SZ,2026-05-20 14:22:00,25.48,25.48,25.45,25.46,42200,1074789.0
002155.SZ,2026-05-20 14:23:00,25.46,25.48,25.46,25.47,20800,529730.0
002155.SZ,2026-05-20 14:24:00,25.47,25.5,25.47,25.49,165900,4229474.0
002155.SZ,2026-05-20 14:25:00,25.5,25.5,25.47,25.47,101400,2584934.0
002155.SZ,2026-05-20 14:26:00,25.47,25.49,25.47,25.47,41600,1059902.0
002155.SZ,2026-05-20 14:27:00,25.47,25.48,25.46,25.47,96200,2450482.0
002155.SZ,2026-05-20 14:28:00,25.46,25.46,25.43,25.45,88000,2239386.0
002155.SZ,2026-05-20 14:29:00,25.45,25.45,25.43,25.45,55100,1402092.0
002155.SZ,2026-05-20 14:30:00,25.46,25.46,25.45,25.46,63500,1616417.0
002155.SZ,2026-05-20 14:31:00,25.49,25.49,25.43,25.44,96600,2459683.0
002155.SZ,2026-05-20 14:32:00,25.44,25.46,25.43,25.45,52000,1323389.0
002155.SZ,2026-05-20 14:33:00,25.45,25.46,25.45,25.46,40700,1035986.0
002155.SZ,2026-05-20 14:34:00,25.46,25.49,25.46,25.49,111800,2848178.0
002155.SZ,2026-05-20 14:35:00,25.48,25.5,25.48,25.48,95000,2421298.0
002155.SZ,2026-05-20 14:36:00,25.49,25.5,25.48,25.49,43660,1112816.8
002155.SZ,2026-05-20 14:37:00,25.49,25.51,25.45,25.51,209510,5338817.0
002155.SZ,2026-05-20 14:38:00,25.5,25.51,25.5,25.51,96800,2469183.0
002155.SZ,2026-05-20 14:39:00,25.51,25.52,25.49,25.49,80000,2040848.0
002155.SZ,2026-05-20 14:40:00,25.48,25.5,25.47,25.48,91100,2321976.0
002155.SZ,2026-05-20 14:41:00,25.48,25.49,25.47,25.48,82510,2102471.8
002155.SZ,2026-05-20 14:42:00,25.49,25.5,25.47,25.48,28600,728824.0
002155.SZ,2026-05-20 14:43:00,25.48,25.49,25.46,25.47,102600,2613812.5
002155.SZ,2026-05-20 14:44:00,25.47,25.48,25.45,25.46,91500,2330046.0
002155.SZ,2026-05-20 14:45:00,25.44,25.45,25.44,25.44,99470,2531056.2
002155.SZ,2026-05-20 14:46:00,25.44,25.46,25.44,25.45,89600,2279871.0
002155.SZ,2026-05-20 14:47:00,25.46,25.48,25.46,25.46,120845,3076844.8
002155.SZ,2026-05-20 14:48:00,25.46,25.48,25.46,25.48,97500,2483222.0
002155.SZ,2026-05-20 14:49:00,25.48,25.48,25.46,25.46,121500,3094933.0
002155.SZ,2026-05-20 14:50:00,25.46,25.48,25.46,25.48,152700,3889783.0
002155.SZ,2026-05-20 14:51:00,25.47,25.49,25.47,25.48,241874,6163022.0
002155.SZ,2026-05-20 14:52:00,25.48,25.48,25.46,25.48,121700,3099892.0
002155.SZ,2026-05-20 14:53:00,25.47,25.49,25.47,25.48,177500,4523640.0
002155.SZ,2026-05-20 14:54:00,25.49,25.5,25.48,25.48,158508,4039988.8
002155.SZ,2026-05-20 14:55:00,25.48,25.5,25.48,25.49,285600,7280501.0
002155.SZ,2026-05-20 14:56:00,25.5,25.52,25.48,25.52,219800,5605101.0
002155.SZ,2026-05-20 14:57:00,25.52,25.52,25.51,25.52,163200,4164389.0
002155.SZ,2026-05-20 14:58:00,25.52,25.52,25.52,25.52,0,0.0
002155.SZ,2026-05-20 14:59:00,25.52,25.52,25.52,25.52,0,0.0
002155.SZ,2026-05-20 15:00:00,25.51,25.51,25.51,25.51,310900,7931059.0
002155.SZ,2026-05-21 09:30:00,25.81,25.9,25.8,25.88,663100,17129724.0
002155.SZ,2026-05-21 09:31:00,25.89,26.2,25.89,26.03,1871200,48689108.0
002155.SZ,2026-05-21 09:32:00,26.0,26.16,26.0,26.07,1156900,30172710.0
002155.SZ,2026-05-21 09:33:00,26.07,26.07,26.03,26.05,724900,18883984.0
002155.SZ,2026-05-21 09:34:00,26.05,26.05,26.0,26.04,596500,15531420.0
002155.SZ,2026-05-21 09:35:00,26.03,26.1,26.03,26.07,500100,13041108.0
002155.SZ,2026-05-21 09:36:00,26.06,26.07,26.01,26.01,412500,10741816.0
002155.SZ,2026-05-21 09:37:00,26.01,26.06,26.01,26.05,347200,9038013.0
002155.SZ,2026-05-21 09:38:00,26.06,26.13,26.04,26.06,552300,14411032.0
002155.SZ,2026-05-21 09:39:00,26.05,26.07,25.98,25.98,634100,16507570.0
002155.SZ,2026-05-21 09:40:00,25.95,26.02,25.95,26.0,368700,9581098.0
002155.SZ,2026-05-21 09:41:00,25.99,26.03,25.97,26.01,351300,9134069.0
002155.SZ,2026-05-21 09:42:00,26.0,26.02,25.94,25.95,327700,8517013.0
002155.SZ,2026-05-21 09:43:00,25.95,25.95,25.9,25.91,272000,7049208.0
002155.SZ,2026-05-21 09:44:00,25.9,25.95,25.9,25.9,404800,10496283.0
002155.SZ,2026-05-21 09:45:00,25.89,25.93,25.89,25.93,258556,6697873.5
002155.SZ,2026-05-21 09:46:00,25.92,25.93,25.86,25.87,294121,7612288.0
002155.SZ,2026-05-21 09:47:00,25.88,25.91,25.87,25.88,147600,3821989.0
002155.SZ,2026-05-21 09:48:00,25.87,25.87,25.81,25.81,341100,8813376.0
002155.SZ,2026-05-21 09:49:00,25.81,25.88,25.81,25.87,207100,5353165.0
002155.SZ,2026-05-21 09:50:00,25.87,25.87,25.81,25.82,356400,9206605.0
002155.SZ,2026-05-21 09:51:00,25.82,25.84,25.75,25.8,431800,11140502.0
002155.SZ,2026-05-21 09:52:00,25.8,25.83,25.78,25.81,174600,4505407.0
002155.SZ,2026-05-21 09:53:00,25.81,25.83,25.81,25.81,141900,3665245.0
002155.SZ,2026-05-21 09:54:00,25.83,25.83,25.8,25.8,150000,3871733.0
002155.SZ,2026-05-21 09:55:00,25.8,25.8,25.76,25.76,160900,4146784.0
002155.SZ,2026-05-21 09:56:00,25.75,25.78,25.7,25.72,337600,8692178.0
002155.SZ,2026-05-21 09:57:00,25.72,25.75,25.72,25.74,158400,4075760.0
002155.SZ,2026-05-21 09:58:00,25.74,25.76,25.74,25.75,109250,2812663.5
002155.SZ,2026-05-21 09:59:00,25.75,25.82,25.75,25.78,174830,4508962.5
002155.SZ,2026-05-21 10:00:00,25.77,25.8,25.76,25.8,157200,4051256.0
002155.SZ,2026-05-21 10:01:00,25.8,25.87,25.79,25.86,177900,4596085.0
002155.SZ,2026-05-21 10:02:00,25.86,25.86,25.8,25.81,131200,3389011.0
002155.SZ,2026-05-21 10:03:00,25.8,25.81,25.76,25.77,161500,4164112.0
002155.SZ,2026-05-21 10:04:00,25.77,25.77,25.73,25.76,232470,5987411.0
002155.SZ,2026-05-21 10:05:00,25.75,25.78,25.74,25.75,123000,3168025.2
002155.SZ,2026-05-21 10:06:00,25.73,25.74,25.69,25.72,483200,12424975.0
002155.SZ,2026-05-21 10:07:00,25.72,25.76,25.72,25.74,115000,2961130.0
002155.SZ,2026-05-21 10:08:00,25.74,25.76,25.72,25.73,122680,3157467.0
002155.SZ,2026-05-21 10:09:00,25.72,25.75,25.71,25.74,78900,2029747.0
002155.SZ,2026-05-21 10:10:00,25.73,25.77,25.72,25.75,136600,3515060.0
002155.SZ,2026-05-21 10:11:00,25.75,25.78,25.75,25.77,61900,1594783.0
002155.SZ,2026-05-21 10:12:00,25.77,25.77,25.71,25.73,116400,2995409.0
002155.SZ,2026-05-21 10:13:00,25.72,25.74,25.71,25.71,122400,3148662.0
002155.SZ,2026-05-21 10:14:00,25.71,25.75,25.7,25.72,288850,7426577.5
002155.SZ,2026-05-21 10:15:00,25.74,25.75,25.73,25.75,180900,4654767.0
002155.SZ,2026-05-21 10:16:00,25.76,25.76,25.7,25.71,110300,2837152.0
002155.SZ,2026-05-21 10:17:00,25.71,25.71,25.68,25.7,161270,4143309.0
002155.SZ,2026-05-21 10:18:00,25.7,25.72,25.69,25.71,83700,2151339.0
002155.SZ,2026-05-21 10:19:00,25.72,25.72,25.67,25.68,103980,2671711.5
002155.SZ,2026-05-21 10:20:00,25.68,25.7,25.67,25.69,84320,2166216.5
002155.SZ,2026-05-21 10:21:00,25.68,25.7,25.68,25.69,90100,2314330.0
002155.SZ,2026-05-21 10:22:00,25.69,25.7,25.69,25.69,42500,1091946.0
002155.SZ,2026-05-21 10:23:00,25.7,25.7,25.66,25.67,127400,3271622.0
002155.SZ,2026-05-21 10:24:00,25.66,25.66,25.61,25.62,107500,2756054.0
002155.SZ,2026-05-21 10:25:00,25.61,25.67,25.61,25.66,110300,2827869.0
002155.SZ,2026-05-21 10:26:00,25.64,25.65,25.64,25.65,65400,1677314.0
002155.SZ,2026-05-21 10:27:00,25.65,25.65,25.62,25.65,79700,2043145.0
002155.SZ,2026-05-21 10:28:00,25.64,25.65,25.61,25.62,137200,3515113.0
002155.SZ,2026-05-21 10:29:00,25.62,25.62,25.6,25.61,152900,3915246.0
002155.SZ,2026-05-21 10:30:00,25.61,25.61,25.58,25.58,208900,5346660.0
002155.SZ,2026-05-21 10:31:00,25.58,25.6,25.55,25.59,184300,4711759.0
002155.SZ,2026-05-21 10:32:00,25.59,25.62,25.58,25.62,123600,3165413.0
002155.SZ,2026-05-21 10:33:00,25.6,25.61,25.59,25.61,139400,3569213.0
002155.SZ,2026-05-21 10:34:00,25.59,25.6,25.57,25.6,123700,3165339.0
002155.SZ,2026-05-21 10:35:00,25.6,25.6,25.57,25.57,102500,2623014.0
002155.SZ,2026-05-21 10:36:00,25.57,25.59,25.56,25.59,91090,2329491.2
002155.SZ,2026-05-21 10:37:00,25.61,25.65,25.6,25.65,136670,3500709.2
002155.SZ,2026-05-21 10:38:00,25.65,25.72,25.65,25.71,126050,3239794.0
002155.SZ,2026-05-21 10:39:00,25.71,25.71,25.69,25.69,102000,2620986.0
002155.SZ,2026-05-21 10:40:00,25.7,25.71,25.68,25.68,116000,2980511.0
002155.SZ,2026-05-21 10:41:00,25.69,25.69,25.65,25.65,32500,833996.0
002155.SZ,2026-05-21 10:42:00,25.66,25.69,25.63,25.69,75800,1945329.0
002155.SZ,2026-05-21 10:43:00,25.7,25.71,25.68,25.7,68600,1763006.0
002155.SZ,2026-05-21 10:44:00,25.71,25.72,25.68,25.68,95500,2455766.0
002155.SZ,2026-05-21 10:45:00,25.67,25.67,25.64,25.64,73800,1893685.0
002155.SZ,2026-05-21 10:46:00,25.62,25.69,25.62,25.68,81500,2089924.0
002155.SZ,2026-05-21 10:47:00,25.66,25.67,25.63,25.64,29100,746666.0
002155.SZ,2026-05-21 10:48:00,25.65,25.67,25.64,25.66,41000,1051822.0
002155.SZ,2026-05-21 10:49:00,25.65,25.65,25.61,25.62,111023,2845163.0
002155.SZ,2026-05-21 10:50:00,25.62,25.63,25.61,25.61,79477,2036262.0
002155.SZ,2026-05-21 10:51:00,25.6,25.61,25.59,25.61,80123,2051122.0
002155.SZ,2026-05-21 10:52:00,25.61,25.63,25.61,25.63,25700,658576.0
002155.SZ,2026-05-21 10:53:00,25.65,25.65,25.6,25.6,218700,5602879.0
002155.SZ,2026-05-21 10:54:00,25.61,25.62,25.59,25.6,80500,2060835.0
002155.SZ,2026-05-21 10:55:00,25.59,25.59,25.56,25.56,111110,2841833.8
002155.SZ,2026-05-21 10:56:00,25.56,25.58,25.55,25.56,116700,2982986.0
002155.SZ,2026-05-21 10:57:00,25.56,25.56,25.53,25.55,107500,2746520.0
002155.SZ,2026-05-21 10:58:00,25.57,25.57,25.55,25.56,40300,1030087.0
002155.SZ,2026-05-21 10:59:00,25.57,25.57,25.56,25.56,31900,815509.0
002155.SZ,2026-05-21 11:00:00,25.56,25.58,25.56,25.57,119300,3050658.0
002155.SZ,2026-05-21 11:01:00,25.54,25.54,25.51,25.54,180000,4595676.0
002155.SZ,2026-05-21 11:02:00,25.55,25.57,25.54,25.55,73000,1866205.0
002155.SZ,2026-05-21 11:03:00,25.56,25.57,25.54,25.57,171600,4384848.0
002155.SZ,2026-05-21 11:04:00,25.58,25.59,25.58,25.58,37000,946672.0
002155.SZ,2026-05-21 11:05:00,25.59,25.59,25.58,25.58,54000,1381399.0
002155.SZ,2026-05-21 11:06:00,25.59,25.59,25.57,25.57,59100,1511727.0
002155.SZ,2026-05-21 11:07:00,25.58,25.58,25.55,25.56,61200,1564051.0
002155.SZ,2026-05-21 11:08:00,25.59,25.61,25.56,25.56,97200,2487713.0
002155.SZ,2026-05-21 11:09:00,25.57,25.61,25.57,25.61,36200,926352.0
002155.SZ,2026-05-21 11:10:00,25.62,25.62,25.6,25.61,24600,630067.0
002155.SZ,2026-05-21 11:11:00,25.6,25.6,25.58,25.58,58900,1507655.0
002155.SZ,2026-05-21 11:12:00,25.58,25.63,25.58,25.61,56500,1447486.0
002155.SZ,2026-05-21 11:13:00,25.61,25.61,25.58,25.58,75400,1929687.0
002155.SZ,2026-05-21 11:14:00,25.58,25.58,25.56,25.58,46200,1181423.0
002155.SZ,2026-05-21 11:15:00,25.58,25.58,25.56,25.57,20700,529395.0
002155.SZ,2026-05-21 11:16:00,25.56,25.59,25.56,25.58,21600,552488.0
002155.SZ,2026-05-21 11:17:00,25.57,25.57,25.54,25.54,82800,2116079.0
002155.SZ,2026-05-21 11:18:00,25.55,25.56,25.51,25.51,158900,4055602.0
002155.SZ,2026-05-21 11:19:00,25.51,25.51,25.5,25.51,213800,5453554.0
002155.SZ,2026-05-21 11:20:00,25.52,25.56,25.52,25.52,81500,2080753.0
002155.SZ,2026-05-21 11:21:00,25.52,25.53,25.51,25.53,46700,1191609.0
002155.SZ,2026-05-21 11:22:00,25.53,25.57,25.53,25.57,57500,1469071.0
002155.SZ,2026-05-21 11:23:00,25.56,25.58,25.54,25.54,70200,1793987.0
002155.SZ,2026-05-21 11:24:00,25.54,25.55,25.52,25.52,38800,991013.0
002155.SZ,2026-05-21 11:25:00,25.54,25.55,25.53,25.54,25400,648558.0
002155.SZ,2026-05-21 11:26:00,25.55,25.55,25.5,25.5,247700,6319266.0
002155.SZ,2026-05-21 11:27:00,25.5,25.5,25.45,25.47,179900,4583928.0
002155.SZ,2026-05-21 11:28:00,25.46,25.48,25.46,25.47,39700,1011071.0
002155.SZ,2026-05-21 11:29:00,25.47,25.48,25.45,25.45,138200,3518933.0
002155.SZ,2026-05-21 11:30:00,25.46,25.48,25.45,25.46,67400,1716086.0
002155.SZ,2026-05-21 13:01:00,25.47,25.48,25.41,25.43,243500,6197677.0
002155.SZ,2026-05-21 13:02:00,25.44,25.45,25.42,25.42,136200,3463914.0
002155.SZ,2026-05-21 13:03:00,25.41,25.42,25.38,25.41,95400,2423411.0
002155.SZ,2026-05-21 13:04:00,25.41,25.44,25.4,25.44,96900,2462023.0
002155.SZ,2026-05-21 13:05:00,25.46,25.48,25.45,25.48,71100,1810516.0
002155.SZ,2026-05-21 13:06:00,25.48,25.48,25.44,25.46,75300,1917557.0
002155.SZ,2026-05-21 13:07:00,25.45,25.46,25.44,25.45,38400,977296.0
002155.SZ,2026-05-21 13:08:00,25.44,25.45,25.39,25.4,97000,2465034.0
002155.SZ,2026-05-21 13:09:00,25.4,25.4,25.36,25.37,74600,1893442.0
002155.SZ,2026-05-21 13:10:00,25.37,25.37,25.35,25.36,146500,3715625.0
002155.SZ,2026-05-21 13:11:00,25.35,25.35,25.33,25.34,37000,937583.0
002155.SZ,2026-05-21 13:12:00,25.33,25.34,25.3,25.31,95300,2413290.0
002155.SZ,2026-05-21 13:13:00,25.31,25.33,25.31,25.31,59300,1501085.0
002155.SZ,2026-05-21 13:14:00,25.31,25.32,25.31,25.32,69200,1751841.0
002155.SZ,2026-05-21 13:15:00,25.32,25.32,25.27,25.28,168600,4264260.0
002155.SZ,2026-05-21 13:16:00,25.27,25.3,25.27,25.29,79200,2002375.0
002155.SZ,2026-05-21 13:17:00,25.3,25.35,25.29,25.34,169000,4277571.0
002155.SZ,2026-05-21 13:18:00,25.34,25.37,25.34,25.36,132130,3350947.8
002155.SZ,2026-05-21 13:19:00,25.38,25.38,25.33,25.33,103100,2613901.0
002155.SZ,2026-05-21 13:20:00,25.34,25.36,25.33,25.34,41900,1062084.0
002155.SZ,2026-05-21 13:21:00,25.33,25.35,25.32,25.34,73800,1869727.0
002155.SZ,2026-05-21 13:22:00,25.34,25.34,25.3,25.32,168900,4274732.0
002155.SZ,2026-05-21 13:23:00,25.32,25.32,25.3,25.31,43000,1088390.0
002155.SZ,2026-05-21 13:24:00,25.3,25.32,25.29,25.32,201500,5101118.0
002155.SZ,2026-05-21 13:25:00,25.32,25.34,25.32,25.33,34000,861189.0
002155.SZ,2026-05-21 13:26:00,25.32,25.33,25.3,25.3,106500,2695048.0
002155.SZ,2026-05-21 13:27:00,25.3,25.3,25.27,25.28,103800,2624935.0
002155.SZ,2026-05-21 13:28:00,25.28,25.29,25.28,25.29,41200,1041702.0
002155.SZ,2026-05-21 13:29:00,25.29,25.32,25.29,25.32,52600,1331122.0
002155.SZ,2026-05-21 13:30:00,25.32,25.32,25.28,25.28,102000,2580038.0
002155.SZ,2026-05-21 13:31:00,25.27,25.27,25.21,25.23,377200,9521706.0
002155.SZ,2026-05-21 13:32:00,25.23,25.26,25.23,25.24,89800,2266816.0
002155.SZ,2026-05-21 13:33:00,25.25,25.25,25.23,25.24,185700,4685344.0
002155.SZ,2026-05-21 13:34:00,25.25,25.25,25.23,25.24,38600,974370.0
002155.SZ,2026-05-21 13:35:00,25.25,25.25,25.2,25.21,120700,3043515.0
002155.SZ,2026-05-21 13:36:00,25.21,25.22,25.2,25.22,105930,2670027.0
002155.SZ,2026-05-21 13:37:00,25.22,25.22,25.19,25.2,43270,1090774.0
002155.SZ,2026-05-21 13:38:00,25.2,25.22,25.2,25.22,50130,1263633.0
002155.SZ,2026-05-21 13:39:00,25.23,25.24,25.21,25.21,149600,3773371.0
002155.SZ,2026-05-21 13:40:00,25.2,25.22,25.2,25.21,44320,1117275.0
002155.SZ,2026-05-21 13:41:00,25.21,25.22,25.19,25.19,96800,2439570.0
002155.SZ,2026-05-21 13:42:00,25.21,25.24,25.19,25.24,61100,1541009.0
002155.SZ,2026-05-21 13:43:00,25.23,25.24,25.22,25.23,58100,1465802.0
002155.SZ,2026-05-21 13:44:00,25.23,25.24,25.23,25.23,36100,910812.0
002155.SZ,2026-05-21 13:45:00,25.22,25.24,25.21,25.23,57890,1460301.9
002155.SZ,2026-05-21 13:46:00,25.23,25.23,25.2,25.22,96100,2422880.0
002155.SZ,2026-05-21 13:47:00,25.22,25.23,25.21,25.21,77700,1959203.0
002155.SZ,2026-05-21 13:48:00,25.21,25.22,25.2,25.21,54600,1376472.0
002155.SZ,2026-05-21 13:49:00,25.21,25.21,25.16,25.16,153310,3860817.0
002155.SZ,2026-05-21 13:50:00,25.15,25.16,25.13,25.13,87700,2205237.0
002155.SZ,2026-05-21 13:51:00,25.13,25.16,25.12,25.15,80800,2032066.0
002155.SZ,2026-05-21 13:52:00,25.15,25.15,25.12,25.13,57200,1437510.0
002155.SZ,2026-05-21 13:53:00,25.12,25.13,25.1,25.11,133100,3342992.0
002155.SZ,2026-05-21 13:54:00,25.11,25.12,25.11,25.12,38600,969290.0
002155.SZ,2026-05-21 13:55:00,25.11,25.13,25.11,25.13,74000,1858892.0
002155.SZ,2026-05-21 13:56:00,25.13,25.13,25.1,25.11,75300,1891006.0
002155.SZ,2026-05-21 13:57:00,25.11,25.13,25.1,25.1,88200,2215159.0
002155.SZ,2026-05-21 13:58:00,25.11,25.11,25.09,25.1,96700,2427486.0
002155.SZ,2026-05-21 13:59:00,25.1,25.1,25.08,25.09,104320,2617402.0
002155.SZ,2026-05-21 14:00:00,25.1,25.1,25.07,25.07,96900,2430567.5
002155.SZ,2026-05-21 14:01:00,25.07,25.1,25.07,25.1,166400,4174784.0
002155.SZ,2026-05-21 14:02:00,25.07,25.07,25.06,25.07,104000,2607599.0
002155.SZ,2026-05-21 14:03:00,25.06,25.07,25.06,25.07,84000,2105397.0
002155.SZ,2026-05-21 14:04:00,25.06,25.1,25.06,25.1,67500,1692895.0
002155.SZ,2026-05-21 14:05:00,25.11,25.11,25.07,25.08,115400,2893727.0
002155.SZ,2026-05-21 14:06:00,25.08,25.11,25.08,25.1,127600,3202430.5
002155.SZ,2026-05-21 14:07:00,25.1,25.12,25.08,25.09,119500,2999096.0
002155.SZ,2026-05-21 14:08:00,25.08,25.08,25.07,25.07,69700,1747786.0
002155.SZ,2026-05-21 14:09:00,25.07,25.08,25.06,25.08,70500,1767311.0
002155.SZ,2026-05-21 14:10:00,25.07,25.07,25.04,25.04,153700,3850793.0
002155.SZ,2026-05-21 14:11:00,25.03,25.04,25.02,25.03,124600,3118199.0
002155.SZ,2026-05-21 14:12:00,25.03,25.04,25.0,25.01,284500,7114888.0
002155.SZ,2026-05-21 14:13:00,25.02,25.02,24.98,24.99,268700,6717401.0
002155.SZ,2026-05-21 14:14:00,24.98,24.99,24.96,24.96,129900,3244519.0
002155.SZ,2026-05-21 14:15:00,24.97,25.01,24.96,25.0,105300,2631498.0
002155.SZ,2026-05-21 14:16:00,24.98,25.01,24.98,25.01,121500,3036909.0
002155.SZ,2026-05-21 14:17:00,25.01,25.01,24.96,24.99,279800,6989509.0
002155.SZ,2026-05-21 14:18:00,24.99,24.99,24.95,24.96,227600,5682268.0
002155.SZ,2026-05-21 14:19:00,24.95,24.95,24.93,24.94,126900,3165475.0
002155.SZ,2026-05-21 14:20:00,24.94,24.97,24.93,24.96,87300,2178087.0
002155.SZ,2026-05-21 14:21:00,24.96,24.96,24.91,24.93,139300,3473107.0
002155.SZ,2026-05-21 14:22:00,24.93,24.94,24.9,24.93,267500,6663332.0
002155.SZ,2026-05-21 14:23:00,24.92,24.93,24.91,24.93,130000,3239653.0
002155.SZ,2026-05-21 14:24:00,24.93,24.94,24.91,24.92,99300,2474469.0
002155.SZ,2026-05-21 14:25:00,24.92,24.92,24.88,24.9,185100,4608726.0
002155.SZ,2026-05-21 14:26:00,24.89,24.9,24.87,24.87,198600,4941474.0
002155.SZ,2026-05-21 14:27:00,24.89,24.9,24.88,24.89,122100,3039388.0
002155.SZ,2026-05-21 14:28:00,24.9,24.9,24.85,24.85,266300,6623677.0
002155.SZ,2026-05-21 14:29:00,24.85,24.85,24.8,24.83,324900,8063741.0
002155.SZ,2026-05-21 14:30:00,24.83,24.83,24.8,24.8,221900,5506069.0
002155.SZ,2026-05-21 14:31:00,24.82,24.84,24.79,24.81,205300,5094227.0
002155.SZ,2026-05-21 14:32:00,24.82,24.82,24.78,24.79,238700,5919446.0
002155.SZ,2026-05-21 14:33:00,24.79,24.79,24.74,24.76,214100,5301928.0
002155.SZ,2026-05-21 14:34:00,24.75,24.78,24.75,24.78,181400,4492290.0
002155.SZ,2026-05-21 14:35:00,24.77,24.8,24.73,24.73,526500,13045460.0
002155.SZ,2026-05-21 14:36:00,24.72,24.73,24.7,24.71,251500,6215783.0
002155.SZ,2026-05-21 14:37:00,24.7,24.78,24.69,24.78,308400,7622089.0
002155.SZ,2026-05-21 14:38:00,24.77,24.85,24.77,24.84,269700,6689361.0
002155.SZ,2026-05-21 14:39:00,24.85,24.94,24.83,24.89,507400,12614639.0
002155.SZ,2026-05-21 14:40:00,24.89,24.89,24.81,24.87,213700,5309853.0
002155.SZ,2026-05-21 14:41:00,24.85,24.89,24.84,24.86,130800,3251621.0
002155.SZ,2026-05-21 14:42:00,24.87,24.89,24.81,24.83,157700,3917012.0
002155.SZ,2026-05-21 14:43:00,24.83,24.83,24.79,24.8,168200,4172989.0
002155.SZ,2026-05-21 14:44:00,24.79,24.8,24.77,24.77,155200,3847897.0
002155.SZ,2026-05-21 14:45:00,24.78,24.79,24.77,24.78,107800,2670918.0
002155.SZ,2026-05-21 14:46:00,24.79,24.83,24.77,24.77,201100,4986646.0
002155.SZ,2026-05-21 14:47:00,24.77,24.78,24.72,24.73,279700,6921592.0
002155.SZ,2026-05-21 14:48:00,24.73,24.77,24.72,24.77,96100,2378575.0
002155.SZ,2026-05-21 14:49:00,24.77,24.79,24.75,24.75,140500,3479009.0
002155.SZ,2026-05-21 14:50:00,24.76,24.76,24.71,24.74,301142,7446963.5
002155.SZ,2026-05-21 14:51:00,24.75,24.78,24.69,24.71,417300,10317345.0
002155.SZ,2026-05-21 14:52:00,24.7,24.76,24.68,24.68,277400,6856392.0
002155.SZ,2026-05-21 14:53:00,24.69,24.69,24.66,24.68,239200,5904399.0
002155.SZ,2026-05-21 14:54:00,24.68,24.7,24.67,24.68,217300,5363364.0
002155.SZ,2026-05-21 14:55:00,24.68,24.7,24.68,24.69,178600,4409640.0
002155.SZ,2026-05-21 14:56:00,24.7,24.71,24.68,24.69,259100,6398258.0
002155.SZ,2026-05-21 14:57:00,24.69,24.75,24.69,24.72,593800,14678574.0
002155.SZ,2026-05-21 14:58:00,24.72,24.72,24.72,24.72,0,0.0
002155.SZ,2026-05-21 14:59:00,24.72,24.72,24.72,24.72,0,0.0
002155.SZ,2026-05-21 15:00:00,24.69,24.69,24.69,24.69,498400,12305496.0
002155.SZ,2026-05-22 09:30:00,24.76,24.81,24.76,24.77,271200,6716332.0
002155.SZ,2026-05-22 09:31:00,24.81,24.88,24.35,24.48,1313000,32277388.0
002155.SZ,2026-05-22 09:32:00,24.48,24.57,24.41,24.56,701800,17188104.0
002155.SZ,2026-05-22 09:33:00,24.56,24.71,24.56,24.59,309300,7617921.0
002155.SZ,2026-05-22 09:34:00,24.6,24.6,24.51,24.59,343900,8446357.0
002155.SZ,2026-05-22 09:35:00,24.57,24.67,24.55,24.64,382600,9407538.0
002155.SZ,2026-05-22 09:36:00,24.65,24.65,24.56,24.56,253400,6233001.0
002155.SZ,2026-05-22 09:37:00,24.58,24.67,24.57,24.66,283300,6970407.0
002155.SZ,2026-05-22 09:38:00,24.65,24.65,24.58,24.61,197106,4851134.5
002155.SZ,2026-05-22 09:39:00,24.64,24.65,24.58,24.61,222000,5464596.5
002155.SZ,2026-05-22 09:40:00,24.6,24.61,24.52,24.52,273200,6708425.0
002155.SZ,2026-05-22 09:41:00,24.52,24.57,24.52,24.55,243000,5966786.0
002155.SZ,2026-05-22 09:42:00,24.58,24.65,24.58,24.65,276977,6816632.0
002155.SZ,2026-05-22 09:43:00,24.65,24.69,24.64,24.65,314800,7761401.0
002155.SZ,2026-05-22 09:44:00,24.65,24.71,24.64,24.7,371524,9160508.0
002155.SZ,2026-05-22 09:45:00,24.7,24.7,24.65,24.7,298700,7373039.0
002155.SZ,2026-05-22 09:46:00,24.69,24.75,24.68,24.74,134500,3326566.0
002155.SZ,2026-05-22 09:47:00,24.73,24.74,24.71,24.73,176400,4360253.0
002155.SZ,2026-05-22 09:48:00,24.73,24.79,24.73,24.76,227400,5630923.0
002155.SZ,2026-05-22 09:49:00,24.76,24.79,24.73,24.79,140800,3484703.0
002155.SZ,2026-05-22 09:50:00,24.78,24.85,24.78,24.85,175700,4359783.0
002155.SZ,2026-05-22 09:51:00,24.85,24.86,24.82,24.82,176300,4378781.0
002155.SZ,2026-05-22 09:52:00,24.83,24.93,24.83,24.93,302300,7520508.0
002155.SZ,2026-05-22 09:53:00,24.93,24.93,24.88,24.91,312500,7778202.0
002155.SZ,2026-05-22 09:54:00,24.91,24.91,24.85,24.85,171300,4259902.0
002155.SZ,2026-05-22 09:55:00,24.86,24.87,24.82,24.82,98000,2434986.0
002155.SZ,2026-05-22 09:56:00,24.82,24.84,24.82,24.83,95100,2360991.0
002155.SZ,2026-05-22 09:57:00,24.84,24.86,24.82,24.83,89000,2210744.0
002155.SZ,2026-05-22 09:58:00,24.82,24.83,24.8,24.8,186500,4628693.0
002155.SZ,2026-05-22 09:59:00,24.79,24.8,24.75,24.75,152800,3784713.0
002155.SZ,2026-05-22 10:00:00,24.75,24.83,24.74,24.83,169800,4206801.0
002155.SZ,2026-05-22 10:01:00,24.83,24.91,24.82,24.87,243000,6044637.0
002155.SZ,2026-05-22 10:02:00,24.87,24.91,24.87,24.87,148200,3688952.0
002155.SZ,2026-05-22 10:03:00,24.87,24.89,24.86,24.86,229900,5718100.0
002155.SZ,2026-05-22 10:04:00,24.86,24.9,24.85,24.89,149500,3718838.0
002155.SZ,2026-05-22 10:05:00,24.89,24.91,24.88,24.88,156100,3885616.0
002155.SZ,2026-05-22 10:06:00,24.88,24.88,24.85,24.86,120600,2998657.0
002155.SZ,2026-05-22 10:07:00,24.85,24.87,24.83,24.83,217200,5397165.0
002155.SZ,2026-05-22 10:08:00,24.83,24.91,24.83,24.91,123400,3070283.0
002155.SZ,2026-05-22 10:09:00,24.92,24.94,24.86,24.86,196500,4896422.0
002155.SZ,2026-05-22 10:10:00,24.86,24.88,24.85,24.88,54000,1342433.0
002155.SZ,2026-05-22 10:11:00,24.86,24.89,24.8,24.88,277600,6895119.0
002155.SZ,2026-05-22 10:12:00,24.88,24.89,24.86,24.89,114700,2852670.0
002155.SZ,2026-05-22 10:13:00,24.88,24.89,24.86,24.87,76700,1907554.0
002155.SZ,2026-05-22 10:14:00,24.88,24.89,24.87,24.89,84100,2092334.0
002155.SZ,2026-05-22 10:15:00,24.92,24.95,24.9,24.9,212000,5285129.0
002155.SZ,2026-05-22 10:16:00,24.9,24.92,24.9,24.92,92500,2304469.0
002155.SZ,2026-05-22 10:17:00,24.91,24.91,24.87,24.89,146500,3646311.0
002155.SZ,2026-05-22 10:18:00,24.89,24.92,24.89,24.91,92700,2308778.0
002155.SZ,2026-05-22 10:19:00,24.9,24.9,24.85,24.85,113500,2823856.0
002155.SZ,2026-05-22 10:20:00,24.85,24.86,24.8,24.82,108000,2680182.0
002155.SZ,2026-05-22 10:21:00,24.82,24.83,24.81,24.81,101500,2519194.0
002155.SZ,2026-05-22 10:22:00,24.81,24.83,24.78,24.8,153900,3815587.0
002155.SZ,2026-05-22 10:23:00,24.8,24.8,24.74,24.76,160800,3982709.0
002155.SZ,2026-05-22 10:24:00,24.75,24.8,24.75,24.77,129600,3209340.0
002155.SZ,2026-05-22 10:25:00,24.76,24.78,24.73,24.73,92000,2277779.0
002155.SZ,2026-05-22 10:26:00,24.73,24.75,24.7,24.7,157300,3887158.0
002155.SZ,2026-05-22 10:27:00,24.7,24.77,24.7,24.74,78860,1950667.0
002155.SZ,2026-05-22 10:28:00,24.75,24.75,24.72,24.74,40000,989182.0
002155.SZ,2026-05-22 10:29:00,24.74,24.75,24.72,24.72,68000,1681769.0
002155.SZ,2026-05-22 10:30:00,24.71,24.72,24.65,24.65,199400,4920715.0
002155.SZ,2026-05-22 10:31:00,24.65,24.67,24.62,24.63,152100,3749493.0
002155.SZ,2026-05-22 10:32:00,24.65,24.65,24.59,24.6,246900,6075024.0
002155.SZ,2026-05-22 10:33:00,24.61,24.69,24.61,24.67,171700,4229106.0
002155.SZ,2026-05-22 10:34:00,24.67,24.7,24.65,24.69,100400,2476569.0
002155.SZ,2026-05-22 10:35:00,24.69,24.77,24.69,24.77,152300,3767672.0
002155.SZ,2026-05-22 10:36:00,24.73,24.76,24.72,24.74,67300,1665299.0
002155.SZ,2026-05-22 10:37:00,24.73,24.75,24.73,24.75,39000,965089.0
002155.SZ,2026-05-22 10:38:00,24.74,24.74,24.71,24.74,66300,1639443.0
002155.SZ,2026-05-22 10:39:00,24.74,24.75,24.72,24.72,60100,1486784.0
002155.SZ,2026-05-22 10:40:00,24.71,24.72,24.69,24.72,75300,1860174.0
002155.SZ,2026-05-22 10:41:00,24.74,24.78,24.74,24.77,88890,2200979.5
002155.SZ,2026-05-22 10:42:00,24.78,24.8,24.76,24.79,134600,3335757.0
002155.SZ,2026-05-22 10:43:00,24.8,24.83,24.8,24.82,76900,1907982.0
002155.SZ,2026-05-22 10:44:00,24.81,24.82,24.79,24.81,38700,959863.0
002155.SZ,2026-05-22 10:45:00,24.81,24.81,24.73,24.73,55000,1362395.0
002155.SZ,2026-05-22 10:46:00,24.74,24.78,24.72,24.75,64800,1603713.0
002155.SZ,2026-05-22 10:47:00,24.74,24.76,24.74,24.76,26100,646018.0
002155.SZ,2026-05-22 10:48:00,24.76,24.79,24.75,24.78,44200,1095132.0
002155.SZ,2026-05-22 10:49:00,24.78,24.81,24.77,24.8,144700,3588130.0
002155.SZ,2026-05-22 10:50:00,24.79,24.81,24.78,24.8,27200,674475.0
002155.SZ,2026-05-22 10:51:00,24.8,24.81,24.77,24.77,53400,1324133.0
002155.SZ,2026-05-22 10:52:00,24.77,24.79,24.77,24.79,29500,730955.0
002155.SZ,2026-05-22 10:53:00,24.79,24.79,24.75,24.78,123900,3069429.0
002155.SZ,2026-05-22 10:54:00,24.76,24.78,24.74,24.74,42600,1054656.0
002155.SZ,2026-05-22 10:55:00,24.74,24.76,24.74,24.74,61400,1519554.0
002155.SZ,2026-05-22 10:56:00,24.74,24.74,24.72,24.74,67600,1671748.0
002155.SZ,2026-05-22 10:57:00,24.75,24.77,24.74,24.77,41700,1032334.0
002155.SZ,2026-05-22 10:58:00,24.77,24.77,24.76,24.77,54700,1354560.0
002155.SZ,2026-05-22 10:59:00,24.76,24.78,24.76,24.77,35100,869278.0
002155.SZ,2026-05-22 11:00:00,24.77,24.77,24.76,24.77,19900,492711.0
002155.SZ,2026-05-22 11:01:00,24.76,24.77,24.74,24.74,41000,1014954.0
002155.SZ,2026-05-22 11:02:00,24.74,24.74,24.71,24.71,49100,1213744.0
002155.SZ,2026-05-22 11:03:00,24.7,24.7,24.68,24.69,67200,1659438.0
002155.SZ,2026-05-22 11:04:00,24.68,24.71,24.68,24.71,86500,2136228.0
002155.SZ,2026-05-22 11:05:00,24.71,24.75,24.71,24.75,52500,1298093.0
002155.SZ,2026-05-22 11:06:00,24.74,24.75,24.72,24.72,30100,744578.0
002155.SZ,2026-05-22 11:07:00,24.72,24.73,24.68,24.73,106300,2625745.0
002155.SZ,2026-05-22 11:08:00,24.71,24.74,24.71,24.74,29400,727081.0
002155.SZ,2026-05-22 11:09:00,24.72,24.75,24.72,24.75,44800,1108477.0
002155.SZ,2026-05-22 11:10:00,24.75,24.76,24.74,24.76,26000,643526.0
002155.SZ,2026-05-22 11:11:00,24.76,24.77,24.74,24.74,44100,1092098.0
002155.SZ,2026-05-22 11:12:00,24.74,24.77,24.73,24.77,24900,616218.0
002155.SZ,2026-05-22 11:13:00,24.76,24.8,24.76,24.8,67100,1662428.0
002155.SZ,2026-05-22 11:14:00,24.79,24.79,24.76,24.77,33800,837542.0
002155.SZ,2026-05-22 11:15:00,24.77,24.79,24.75,24.75,31400,777713.0
002155.SZ,2026-05-22 11:16:00,24.75,24.77,24.75,24.77,21660,536325.2
002155.SZ,2026-05-22 11:17:00,24.77,24.77,24.72,24.72,44440,1099706.2
002155.SZ,2026-05-22 11:18:00,24.72,24.73,24.7,24.71,22300,551112.0
002155.SZ,2026-05-22 11:19:00,24.71,24.74,24.71,24.71,74700,1846582.0
002155.SZ,2026-05-22 11:20:00,24.69,24.72,24.69,24.72,104000,2568094.0
002155.SZ,2026-05-22 11:21:00,24.72,24.74,24.72,24.73,20400,504398.0
002155.SZ,2026-05-22 11:22:00,24.74,24.74,24.72,24.74,42700,1055922.0
002155.SZ,2026-05-22 11:23:00,24.73,24.76,24.73,24.76,54000,1336483.0
002155.SZ,2026-05-22 11:24:00,24.76,24.78,24.75,24.77,47600,1179272.0
002155.SZ,2026-05-22 11:25:00,24.76,24.77,24.76,24.76,28500,705856.0
002155.SZ,2026-05-22 11:26:00,24.76,24.77,24.76,24.77,44600,1104569.0
002155.SZ,2026-05-22 11:27:00,24.77,24.77,24.75,24.76,33700,834452.0
002155.SZ,2026-05-22 11:28:00,24.75,24.79,24.74,24.79,150556,3728568.0
002155.SZ,2026-05-22 11:29:00,24.79,24.79,24.78,24.79,35600,882269.0
002155.SZ,2026-05-22 11:30:00,24.78,24.79,24.76,24.79,36900,914226.0
002155.SZ,2026-05-22 13:01:00,24.81,24.92,24.81,24.86,626730,15592796.0
002155.SZ,2026-05-22 13:02:00,24.86,24.88,24.85,24.88,84500,2100888.0
002155.SZ,2026-05-22 13:03:00,24.87,24.88,24.84,24.84,59000,1466606.0
002155.SZ,2026-05-22 13:04:00,24.84,24.88,24.84,24.88,186500,4636601.0
002155.SZ,2026-05-22 13:05:00,24.87,24.93,24.87,24.93,136300,3395005.0
002155.SZ,2026-05-22 13:06:00,24.93,24.94,24.89,24.91,131300,3271825.0
002155.SZ,2026-05-22 13:07:00,24.92,24.97,24.92,24.95,308100,7686146.0
002155.SZ,2026-05-22 13:08:00,24.92,24.95,24.91,24.94,66600,1660427.0
002155.SZ,2026-05-22 13:09:00,24.93,24.93,24.89,24.89,100100,2493440.0
002155.SZ,2026-05-22 13:10:00,24.89,24.92,24.89,24.89,86000,2141498.0
002155.SZ,2026-05-22 13:11:00,24.89,24.9,24.87,24.88,79300,1973735.0
002155.SZ,2026-05-22 13:12:00,24.87,24.89,24.87,24.87,92800,2308403.0
002155.SZ,2026-05-22 13:13:00,24.89,24.89,24.86,24.89,100700,2504871.0
002155.SZ,2026-05-22 13:14:00,24.89,24.92,24.89,24.9,78325,1950593.5
002155.SZ,2026-05-22 13:15:00,24.9,24.95,24.9,24.93,96700,2410639.0
002155.SZ,2026-05-22 13:16:00,24.93,24.94,24.92,24.92,95100,2370849.0
002155.SZ,2026-05-22 13:17:00,24.93,24.93,24.92,24.92,37600,937231.0
002155.SZ,2026-05-22 13:18:00,24.92,24.93,24.9,24.91,75700,1885402.0
002155.SZ,2026-05-22 13:19:00,24.91,24.92,24.9,24.91,168600,4200218.0
002155.SZ,2026-05-22 13:20:00,24.9,24.91,24.88,24.88,64100,1595407.0
002155.SZ,2026-05-22 13:21:00,24.87,24.87,24.85,24.85,58900,1464098.0
002155.SZ,2026-05-22 13:22:00,24.85,24.86,24.85,24.86,29900,743165.0
002155.SZ,2026-05-22 13:23:00,24.86,24.89,24.86,24.89,58700,1460252.0
002155.SZ,2026-05-22 13:24:00,24.87,24.89,24.85,24.85,72700,1807771.0
002155.SZ,2026-05-22 13:25:00,24.85,24.86,24.84,24.84,39900,991477.0
002155.SZ,2026-05-22 13:26:00,24.85,24.88,24.85,24.86,53800,1337560.0
002155.SZ,2026-05-22 13:27:00,24.86,24.88,24.86,24.88,51100,1270926.0
002155.SZ,2026-05-22 13:28:00,24.87,24.94,24.87,24.93,196300,4892390.0
002155.SZ,2026-05-22 13:29:00,24.91,25.05,24.91,25.04,808808,20208232.0
002155.SZ,2026-05-22 13:30:00,25.04,25.08,25.02,25.04,429300,10745266.0
002155.SZ,2026-05-22 13:31:00,25.04,25.13,25.04,25.12,291500,7310333.0
002155.SZ,2026-05-22 13:32:00,25.12,25.15,25.12,25.14,277600,6977014.0
002155.SZ,2026-05-22 13:33:00,25.14,25.14,25.09,25.11,191600,4812043.0
002155.SZ,2026-05-22 13:34:00,25.13,25.18,25.12,25.17,185800,4672554.0
002155.SZ,2026-05-22 13:35:00,25.19,25.22,25.19,25.2,465400,11724348.0
002155.SZ,2026-05-22 13:36:00,25.23,25.26,25.2,25.22,297500,7506796.0
002155.SZ,2026-05-22 13:37:00,25.22,25.23,25.21,25.22,142800,3601860.0
002155.SZ,2026-05-22 13:38:00,25.22,25.26,25.22,25.26,198558,5010657.5
002155.SZ,2026-05-22 13:39:00,25.26,25.27,25.23,25.25,260000,6566165.0
002155.SZ,2026-05-22 13:40:00,25.24,25.24,25.23,25.23,82100,2072034.0
002155.SZ,2026-05-22 13:41:00,25.23,25.26,25.23,25.23,226700,5724427.0
002155.SZ,2026-05-22 13:42:00,25.24,25.24,25.17,25.17,169300,4266869.0
002155.SZ,2026-05-22 13:43:00,25.17,25.17,25.15,25.15,148300,3731940.0
002155.SZ,2026-05-22 13:44:00,25.15,25.2,25.15,25.2,157300,3961454.0
002155.SZ,2026-05-22 13:45:00,25.2,25.22,25.2,25.2,90300,2276537.0
002155.SZ,2026-05-22 13:46:00,25.19,25.21,25.19,25.2,43400,1093639.0
002155.SZ,2026-05-22 13:47:00,25.21,25.21,25.18,25.19,88600,2232186.0
002155.SZ,2026-05-22 13:48:00,25.18,25.22,25.18,25.22,81600,2056345.0
002155.SZ,2026-05-22 13:49:00,25.22,25.22,25.19,25.2,170900,4308169.0
002155.SZ,2026-05-22 13:50:00,25.2,25.23,25.2,25.22,86700,2186156.0
002155.SZ,2026-05-22 13:51:00,25.23,25.3,25.23,25.29,337400,8526451.0
002155.SZ,2026-05-22 13:52:00,25.3,25.31,25.26,25.3,180300,4560449.0
002155.SZ,2026-05-22 13:53:00,25.3,25.3,25.26,25.27,216100,5463409.0
002155.SZ,2026-05-22 13:54:00,25.25,25.27,25.24,25.26,68500,1730378.0
002155.SZ,2026-05-22 13:55:00,25.24,25.27,25.24,25.27,87000,2197440.0
002155.SZ,2026-05-22 13:56:00,25.27,25.27,25.21,25.21,252600,6378462.0
002155.SZ,2026-05-22 13:57:00,25.21,25.23,25.14,25.15,212800,5359598.0
002155.SZ,2026-05-22 13:58:00,25.15,25.17,25.13,25.16,157500,3960162.0
002155.SZ,2026-05-22 13:59:00,25.13,25.13,25.09,25.09,217400,5457505.0
002155.SZ,2026-05-22 14:00:00,25.09,25.1,25.06,25.07,127300,3193836.0
002155.SZ,2026-05-22 14:01:00,25.07,25.14,25.07,25.13,142779,3584186.8
002155.SZ,2026-05-22 14:02:00,25.13,25.18,25.13,25.17,81600,2053102.0
002155.SZ,2026-05-22 14:03:00,25.17,25.2,25.17,25.19,111200,2800910.0
002155.SZ,2026-05-22 14:04:00,25.19,25.19,25.16,25.17,128900,3245226.0
002155.SZ,2026-05-22 14:05:00,25.17,25.18,25.15,25.16,92500,2328331.0
002155.SZ,2026-05-22 14:06:00,25.17,25.21,25.17,25.2,88250,2223040.5
002155.SZ,2026-05-22 14:07:00,25.2,25.24,25.2,25.24,103600,2612077.0
002155.SZ,2026-05-22 14:08:00,25.24,25.26,25.24,25.26,116200,2934054.0
002155.SZ,2026-05-22 14:09:00,25.25,25.25,25.23,25.24,102500,2587256.0
002155.SZ,2026-05-22 14:10:00,25.23,25.24,25.23,25.24,62100,1567134.0
002155.SZ,2026-05-22 14:11:00,25.23,25.25,25.22,25.25,118100,2981028.0
002155.SZ,2026-05-22 14:12:00,25.25,25.25,25.23,25.24,80800,2039410.0
002155.SZ,2026-05-22 14:13:00,25.24,25.25,25.23,25.23,46500,1173738.0
002155.SZ,2026-05-22 14:14:00,25.23,25.24,25.18,25.19,400700,10102998.0
002155.SZ,2026-05-22 14:15:00,25.19,25.22,25.19,25.22,155000,3905889.0
002155.SZ,2026-05-22 14:16:00,25.21,25.23,25.21,25.21,82200,2072763.0
002155.SZ,2026-05-22 14:17:00,25.21,25.21,25.19,25.2,71600,1804329.0
002155.SZ,2026-05-22 14:18:00,25.2,25.21,25.19,25.19,104200,2625207.0
002155.SZ,2026-05-22 14:19:00,25.16,25.17,25.14,25.14,97500,2453041.0
002155.SZ,2026-05-22 14:20:00,25.15,25.19,25.15,25.19,123200,3100517.0
002155.SZ,2026-05-22 14:21:00,25.16,25.2,25.16,25.18,79400,2000335.0
002155.SZ,2026-05-22 14:22:00,25.18,25.18,25.15,25.17,71500,1799541.0
002155.SZ,2026-05-22 14:23:00,25.17,25.2,25.17,25.2,111900,2816647.0
002155.SZ,2026-05-22 14:24:00,25.2,25.21,25.19,25.2,68400,1723492.0
002155.SZ,2026-05-22 14:25:00,25.21,25.22,25.21,25.22,57600,1452272.0
002155.SZ,2026-05-22 14:26:00,25.22,25.23,25.21,25.22,70800,1785777.0
002155.SZ,2026-05-22 14:27:00,25.22,25.24,25.21,25.21,86600,2184477.0
002155.SZ,2026-05-22 14:28:00,25.21,25.22,25.18,25.19,98700,2487228.0
002155.SZ,2026-05-22 14:29:00,25.18,25.19,25.17,25.18,73400,1848202.0
002155.SZ,2026-05-22 14:30:00,25.18,25.2,25.18,25.19,56100,1413238.0
002155.SZ,2026-05-22 14:31:00,25.19,25.2,25.18,25.18,133700,3367881.0
002155.SZ,2026-05-22 14:32:00,25.18,25.23,25.18,25.23,119000,2999042.0
002155.SZ,2026-05-22 14:33:00,25.23,25.23,25.2,25.22,102330,2580553.0
002155.SZ,2026-05-22 14:34:00,25.22,25.22,25.2,25.2,101700,2563598.0
002155.SZ,2026-05-22 14:35:00,25.2,25.2,25.18,25.2,117600,2962477.0
002155.SZ,2026-05-22 14:36:00,25.2,25.2,25.18,25.2,107370,2704868.0
002155.SZ,2026-05-22 14:37:00,25.2,25.22,25.19,25.22,126000,3176218.0
002155.SZ,2026-05-22 14:38:00,25.21,25.23,25.2,25.22,123350,3110311.0
002155.SZ,2026-05-22 14:39:00,25.22,25.22,25.19,25.19,106650,2688687.0
002155.SZ,2026-05-22 14:40:00,25.2,25.21,25.18,25.18,104450,2631695.0
002155.SZ,2026-05-22 14:41:00,25.18,25.21,25.18,25.21,130000,3275419.0
002155.SZ,2026-05-22 14:42:00,25.2,25.2,25.19,25.2,68900,1736155.0
002155.SZ,2026-05-22 14:43:00,25.21,25.21,25.19,25.2,138800,3498176.0
002155.SZ,2026-05-22 14:44:00,25.2,25.2,25.18,25.2,117800,2968037.0
002155.SZ,2026-05-22 14:45:00,25.19,25.2,25.18,25.18,96200,2423941.0
002155.SZ,2026-05-22 14:46:00,25.19,25.2,25.18,25.19,140800,3546847.0
002155.SZ,2026-05-22 14:47:00,25.2,25.2,25.18,25.19,140700,3543657.0
002155.SZ,2026-05-22 14:48:00,25.2,25.2,25.19,25.19,120400,3033307.0
002155.SZ,2026-05-22 14:49:00,25.19,25.2,25.18,25.19,95900,2416292.0
002155.SZ,2026-05-22 14:50:00,25.2,25.2,25.19,25.19,127800,3219721.0
002155.SZ,2026-05-22 14:51:00,25.19,25.2,25.18,25.2,155100,3907602.0
002155.SZ,2026-05-22 14:52:00,25.18,25.2,25.18,25.19,213700,5382740.0
002155.SZ,2026-05-22 14:53:00,25.19,25.2,25.18,25.19,163000,4106017.0
002155.SZ,2026-05-22 14:54:00,25.19,25.19,25.18,25.19,115528,2909780.0
002155.SZ,2026-05-22 14:55:00,25.18,25.2,25.17,25.2,316872,7981423.5
002155.SZ,2026-05-22 14:56:00,25.18,25.2,25.18,25.19,277800,6998848.0
002155.SZ,2026-05-22 14:57:00,25.2,25.22,25.19,25.22,235540,5936587.0
002155.SZ,2026-05-22 14:58:00,25.22,25.22,25.22,25.22,0,0.0
002155.SZ,2026-05-22 14:59:00,25.22,25.22,25.22,25.22,0,0.0
002155.SZ,2026-05-22 15:00:00,25.19,25.19,25.19,25.19,308000,7758520.0
002155.SZ,2026-05-25 09:30:00,25.65,25.75,25.65,25.7,689700,17707116.0
002155.SZ,2026-05-25 09:31:00,25.8,26.1,25.8,26.08,2655606,68890904.0
002155.SZ,2026-05-25 09:32:00,26.08,26.08,25.85,25.85,1217440,31664138.0
002155.SZ,2026-05-25 09:33:00,25.83,25.85,25.8,25.8,577700,14920988.0
002155.SZ,2026-05-25 09:34:00,25.81,25.9,25.81,25.86,592900,15328175.0
002155.SZ,2026-05-25 09:35:00,25.85,25.92,25.85,25.91,402800,10425107.0
002155.SZ,2026-05-25 09:36:00,25.89,25.89,25.85,25.86,533500,13803133.0
002155.SZ,2026-05-25 09:37:00,25.86,25.87,25.8,25.8,460600,11897090.0
002155.SZ,2026-05-25 09:38:00,25.81,25.82,25.7,25.7,539700,13890479.0
002155.SZ,2026-05-25 09:39:00,25.66,25.66,25.62,25.62,509100,13059775.0
002155.SZ,2026-05-25 09:40:00,25.61,25.61,25.48,25.6,615300,15725428.0
002155.SZ,2026-05-25 09:41:00,25.61,25.69,25.57,25.63,376600,9651695.0
002155.SZ,2026-05-25 09:42:00,25.64,25.65,25.62,25.64,213807,5479809.5
002155.SZ,2026-05-25 09:43:00,25.65,25.67,25.63,25.63,336200,8623484.0
002155.SZ,2026-05-25 09:44:00,25.63,25.63,25.59,25.6,290300,7435484.5
002155.SZ,2026-05-25 09:45:00,25.6,25.6,25.54,25.54,200900,5137465.0
002155.SZ,2026-05-25 09:46:00,25.55,25.58,25.46,25.48,505100,12901510.0
002155.SZ,2026-05-25 09:47:00,25.46,25.46,25.39,25.4,437500,11123138.0
002155.SZ,2026-05-25 09:48:00,25.41,25.41,25.38,25.4,428000,10871512.0
002155.SZ,2026-05-25 09:49:00,25.4,25.42,25.38,25.39,302230,7677161.0
002155.SZ,2026-05-25 09:50:00,25.37,25.37,25.33,25.36,293300,7437124.0
002155.SZ,2026-05-25 09:51:00,25.36,25.39,25.35,25.39,280500,7115236.0
002155.SZ,2026-05-25 09:52:00,25.38,25.44,25.38,25.4,274000,6959804.0
002155.SZ,2026-05-25 09:53:00,25.4,25.4,25.32,25.36,287800,7297985.0
002155.SZ,2026-05-25 09:54:00,25.36,25.42,25.35,25.42,158100,4013486.0
002155.SZ,2026-05-25 09:55:00,25.36,25.43,25.36,25.42,224300,5694257.0
002155.SZ,2026-05-25 09:56:00,25.42,25.43,25.4,25.42,206100,5237657.0
002155.SZ,2026-05-25 09:57:00,25.42,25.42,25.31,25.31,356200,9031035.0
002155.SZ,2026-05-25 09:58:00,25.31,25.31,25.23,25.23,323600,8182048.0
002155.SZ,2026-05-25 09:59:00,25.23,25.25,25.22,25.22,214900,5421709.0
002155.SZ,2026-05-25 10:00:00,25.22,25.27,25.21,25.23,233100,5884661.0
002155.SZ,2026-05-25 10:01:00,25.23,25.27,25.23,25.24,290508,7331355.0
002155.SZ,2026-05-25 10:02:00,25.23,25.23,25.22,25.23,179000,4515279.0
002155.SZ,2026-05-25 10:03:00,25.23,25.26,25.21,25.26,126910,3201273.5
002155.SZ,2026-05-25 10:04:00,25.27,25.29,25.25,25.28,144900,3661304.0
002155.SZ,2026-05-25 10:05:00,25.27,25.31,25.26,25.31,192100,4856019.0
002155.SZ,2026-05-25 10:06:00,25.31,25.35,25.27,25.33,237200,6004783.0
002155.SZ,2026-05-25 10:07:00,25.35,25.35,25.32,25.33,109600,2776622.0
002155.SZ,2026-05-25 10:08:00,25.32,25.33,25.28,25.31,92600,2343521.0
002155.SZ,2026-05-25 10:09:00,25.3,25.37,25.3,25.37,80200,2032063.0
002155.SZ,2026-05-25 10:10:00,25.39,25.42,25.38,25.42,160400,4075840.0
002155.SZ,2026-05-25 10:11:00,25.42,25.43,25.36,25.36,238200,6050460.0
002155.SZ,2026-05-25 10:12:00,25.37,25.41,25.36,25.41,181300,4604841.0
002155.SZ,2026-05-25 10:13:00,25.4,25.4,25.37,25.37,66900,1698238.0
002155.SZ,2026-05-25 10:14:00,25.38,25.39,25.33,25.33,111000,2815780.0
002155.SZ,2026-05-25 10:15:00,25.34,25.34,25.31,25.34,166530,4218942.5
002155.SZ,2026-05-25 10:16:00,25.34,25.36,25.33,25.33,55900,1416776.0
002155.SZ,2026-05-25 10:17:00,25.33,25.34,25.31,25.32,87100,2205377.0
002155.SZ,2026-05-25 10:18:00,25.32,25.32,25.25,25.31,219400,5547880.0
002155.SZ,2026-05-25 10:19:00,25.32,25.34,25.31,25.32,99400,2516329.0
002155.SZ,2026-05-25 10:20:00,25.32,25.32,25.3,25.3,59400,1503087.0
002155.SZ,2026-05-25 10:21:00,25.29,25.34,25.29,25.33,79800,2019526.0
002155.SZ,2026-05-25 10:22:00,25.33,25.35,25.31,25.35,131200,3322653.0
002155.SZ,2026-05-25 10:23:00,25.37,25.45,25.36,25.44,179200,4554362.0
002155.SZ,2026-05-25 10:24:00,25.43,25.44,25.36,25.39,375893,9553722.0
002155.SZ,2026-05-25 10:25:00,25.39,25.42,25.38,25.39,94300,2395769.0
002155.SZ,2026-05-25 10:26:00,25.39,25.45,25.39,25.43,129900,3303310.0
002155.SZ,2026-05-25 10:27:00,25.45,25.52,25.44,25.52,178500,4547273.0
002155.SZ,2026-05-25 10:28:00,25.53,25.54,25.5,25.53,143100,3651648.0
002155.SZ,2026-05-25 10:29:00,25.54,25.57,25.53,25.54,150000,3832480.0
002155.SZ,2026-05-25 10:30:00,25.56,25.56,25.55,25.56,85684,2189822.0
002155.SZ,2026-05-25 10:31:00,25.56,25.56,25.53,25.53,170400,4352903.0
002155.SZ,2026-05-25 10:32:00,25.53,25.63,25.52,25.61,253300,6479434.0
002155.SZ,2026-05-25 10:33:00,25.61,25.61,25.54,25.56,149160,3816544.5
002155.SZ,2026-05-25 10:34:00,25.54,25.6,25.53,25.59,149000,3809685.0
002155.SZ,2026-05-25 10:35:00,25.59,25.6,25.53,25.54,203900,5215793.0
002155.SZ,2026-05-25 10:36:00,25.55,25.63,25.55,25.6,140300,3591483.0
002155.SZ,2026-05-25 10:37:00,25.6,25.65,25.6,25.6,198200,5080566.0
002155.SZ,2026-05-25 10:38:00,25.6,25.65,25.6,25.62,188200,4821870.0
002155.SZ,2026-05-25 10:39:00,25.63,25.68,25.6,25.67,266900,6846083.0
002155.SZ,2026-05-25 10:40:00,25.67,25.68,25.66,25.68,219400,5635007.0
002155.SZ,2026-05-25 10:41:00,25.67,25.68,25.65,25.65,166800,4282392.0
002155.SZ,2026-05-25 10:42:00,25.66,25.75,25.65,25.75,268100,6892986.0
002155.SZ,2026-05-25 10:43:00,25.74,25.76,25.72,25.75,247300,6364090.0
002155.SZ,2026-05-25 10:44:00,25.74,25.75,25.7,25.72,158000,4064127.0
002155.SZ,2026-05-25 10:45:00,25.71,25.72,25.64,25.64,238700,6134566.5
002155.SZ,2026-05-25 10:46:00,25.62,25.74,25.61,25.72,394500,10140190.0
002155.SZ,2026-05-25 10:47:00,25.72,25.72,25.65,25.67,176700,4541611.0
002155.SZ,2026-05-25 10:48:00,25.65,25.7,25.65,25.68,79600,2043962.4
002155.SZ,2026-05-25 10:49:00,25.68,25.69,25.64,25.64,81500,2091539.0
002155.SZ,2026-05-25 10:50:00,25.65,25.68,25.64,25.66,106858,2741718.2
002155.SZ,2026-05-25 10:51:00,25.66,25.66,25.62,25.62,70100,1797092.0
002155.SZ,2026-05-25 10:52:00,25.62,25.64,25.61,25.63,55500,1422177.0
002155.SZ,2026-05-25 10:53:00,25.63,25.64,25.61,25.64,100500,2574542.0
002155.SZ,2026-05-25 10:54:00,25.64,25.65,25.61,25.63,40300,1032984.0
002155.SZ,2026-05-25 10:55:00,25.64,25.64,25.61,25.62,52800,1353047.0
002155.SZ,2026-05-25 10:56:00,25.61,25.62,25.58,25.59,78600,2011957.6
002155.SZ,2026-05-25 10:57:00,25.58,25.6,25.57,25.58,73500,1880153.0
002155.SZ,2026-05-25 10:58:00,25.58,25.59,25.58,25.58,28700,734416.0
002155.SZ,2026-05-25 10:59:00,25.58,25.67,25.58,25.67,128100,3281151.0
002155.SZ,2026-05-25 11:00:00,25.66,25.69,25.64,25.69,50200,1288556.0
002155.SZ,2026-05-25 11:01:00,25.68,25.74,25.68,25.73,136100,3499182.0
002155.SZ,2026-05-25 11:02:00,25.73,25.74,25.68,25.69,185200,4760299.0
002155.SZ,2026-05-25 11:03:00,25.71,25.72,25.65,25.66,159600,4099525.0
002155.SZ,2026-05-25 11:04:00,25.64,25.64,25.6,25.63,75900,1944740.0
002155.SZ,2026-05-25 11:05:00,25.61,25.64,25.6,25.64,67700,1733714.0
002155.SZ,2026-05-25 11:06:00,25.63,25.64,25.61,25.61,40200,1029953.0
002155.SZ,2026-05-25 11:07:00,25.6,25.61,25.58,25.58,72500,1855462.0
002155.SZ,2026-05-25 11:08:00,25.58,25.6,25.57,25.59,56200,1438035.0
002155.SZ,2026-05-25 11:09:00,25.6,25.6,25.58,25.58,30700,785402.0
002155.SZ,2026-05-25 11:10:00,25.58,25.59,25.56,25.59,70600,1805481.0
002155.SZ,2026-05-25 11:11:00,25.59,25.59,25.56,25.57,68700,1757153.0
002155.SZ,2026-05-25 11:12:00,25.58,25.6,25.58,25.59,43930,1124396.8
002155.SZ,2026-05-25 11:13:00,25.59,25.62,25.59,25.62,93200,2386656.0
002155.SZ,2026-05-25 11:14:00,25.62,25.62,25.6,25.61,32800,840047.0
002155.SZ,2026-05-25 11:15:00,25.61,25.61,25.59,25.59,22700,581147.0
002155.SZ,2026-05-25 11:16:00,25.59,25.6,25.57,25.57,47170,1206739.2
002155.SZ,2026-05-25 11:17:00,25.57,25.57,25.53,25.53,48700,1244302.0
002155.SZ,2026-05-25 11:18:00,25.55,25.56,25.53,25.53,53300,1361556.0
002155.SZ,2026-05-25 11:19:00,25.54,25.55,25.53,25.55,24800,633455.0
002155.SZ,2026-05-25 11:20:00,25.54,25.55,25.53,25.55,67600,1726694.0
002155.SZ,2026-05-25 11:21:00,25.54,25.54,25.52,25.52,84700,2162026.0
002155.SZ,2026-05-25 11:22:00,25.52,25.53,25.52,25.53,35730,911806.6
002155.SZ,2026-05-25 11:23:00,25.53,25.53,25.51,25.51,59070,1507397.4
002155.SZ,2026-05-25 11:24:00,25.51,25.52,25.51,25.52,38730,988230.6
002155.SZ,2026-05-25 11:25:00,25.52,25.52,25.5,25.5,143570,3661698.5
002155.SZ,2026-05-25 11:26:00,25.48,25.48,25.44,25.44,159600,4063444.0
002155.SZ,2026-05-25 11:27:00,25.44,25.44,25.4,25.4,110500,2808057.0
002155.SZ,2026-05-25 11:28:00,25.41,25.41,25.38,25.38,98900,2511709.0
002155.SZ,2026-05-25 11:29:00,25.39,25.42,25.37,25.42,61800,1569080.0
002155.SZ,2026-05-25 11:30:00,25.4,25.43,25.4,25.4,48800,1240079.0
002155.SZ,2026-05-25 13:01:00,25.44,25.49,25.41,25.45,518330,13187785.0
002155.SZ,2026-05-25 13:02:00,25.46,25.47,25.44,25.44,77000,1960163.0
002155.SZ,2026-05-25 13:03:00,25.43,25.44,25.41,25.41,41300,1049918.0
002155.SZ,2026-05-25 13:04:00,25.41,25.43,25.41,25.42,52400,1332308.0
002155.SZ,2026-05-25 13:05:00,25.42,25.43,25.4,25.43,143200,3639883.0
002155.SZ,2026-05-25 13:06:00,25.43,25.43,25.4,25.4,91700,2330870.0
002155.SZ,2026-05-25 13:07:00,25.4,25.4,25.35,25.36,152600,3873155.0
002155.SZ,2026-05-25 13:08:00,25.37,25.44,25.37,25.44,111730,2836556.2
002155.SZ,2026-05-25 13:09:00,25.44,25.46,25.42,25.45,71400,1817352.0
002155.SZ,2026-05-25 13:10:00,25.46,25.52,25.46,25.51,63900,1628094.0
002155.SZ,2026-05-25 13:11:00,25.52,25.52,25.5,25.51,38100,971885.0
002155.SZ,2026-05-25 13:12:00,25.51,25.54,25.5,25.52,76300,1947112.0
002155.SZ,2026-05-25 13:13:00,25.5,25.52,25.5,25.51,41200,1051261.0
002155.SZ,2026-05-25 13:14:00,25.51,25.51,25.46,25.48,84600,2156268.0
002155.SZ,2026-05-25 13:15:00,25.49,25.5,25.48,25.48,31300,797715.0
002155.SZ,2026-05-25 13:16:00,25.48,25.48,25.45,25.46,43500,1107613.0
002155.SZ,2026-05-25 13:17:00,25.48,25.5,25.48,25.49,42500,1083046.0
002155.SZ,2026-05-25 13:18:00,25.49,25.49,25.43,25.43,44600,1135518.0
002155.SZ,2026-05-25 13:19:00,25.44,25.48,25.43,25.47,34500,877968.0
002155.SZ,2026-05-25 13:20:00,25.46,25.48,25.46,25.46,47900,1219729.0
002155.SZ,2026-05-25 13:21:00,25.46,25.48,25.46,25.48,40700,1036471.0
002155.SZ,2026-05-25 13:22:00,25.48,25.49,25.43,25.43,138800,3533498.0
002155.SZ,2026-05-25 13:23:00,25.43,25.44,25.43,25.43,28800,732486.0
002155.SZ,2026-05-25 13:24:00,25.43,25.44,25.42,25.43,28400,722186.0
002155.SZ,2026-05-25 13:25:00,25.42,25.43,25.41,25.42,56500,1436122.0
002155.SZ,2026-05-25 13:26:00,25.42,25.43,25.41,25.42,46600,1184638.0
002155.SZ,2026-05-25 13:27:00,25.41,25.43,25.41,25.43,81000,2058605.0
002155.SZ,2026-05-25 13:28:00,25.43,25.45,25.41,25.41,53300,1355245.0
002155.SZ,2026-05-25 13:29:00,25.42,25.44,25.42,25.43,31500,800947.0
002155.SZ,2026-05-25 13:30:00,25.43,25.44,25.42,25.42,74100,1884279.0
002155.SZ,2026-05-25 13:31:00,25.43,25.43,25.4,25.4,55300,1405042.0
002155.SZ,2026-05-25 13:32:00,25.4,25.43,25.4,25.43,45700,1161561.0
002155.SZ,2026-05-25 13:33:00,25.42,25.42,25.38,25.38,153500,3898808.0
002155.SZ,2026-05-25 13:34:00,25.39,25.39,25.36,25.36,49600,1258590.0
002155.SZ,2026-05-25 13:35:00,25.36,25.39,25.36,25.37,59500,1509638.0
002155.SZ,2026-05-25 13:36:00,25.37,25.38,25.36,25.37,42900,1088444.0
002155.SZ,2026-05-25 13:37:00,25.38,25.38,25.36,25.37,31600,801666.0
002155.SZ,2026-05-25 13:38:00,25.37,25.39,25.37,25.39,52700,1337462.0
002155.SZ,2026-05-25 13:39:00,25.39,25.43,25.39,25.43,59900,1521769.0
002155.SZ,2026-05-25 13:40:00,25.42,25.45,25.42,25.43,49800,1266682.0
002155.SZ,2026-05-25 13:41:00,25.43,25.47,25.43,25.45,66030,1680461.8
002155.SZ,2026-05-25 13:42:00,25.45,25.45,25.4,25.4,113600,2887161.0
002155.SZ,2026-05-25 13:43:00,25.4,25.41,25.37,25.37,55800,1416643.0
002155.SZ,2026-05-25 13:44:00,25.37,25.38,25.34,25.34,130100,3299469.0
002155.SZ,2026-05-25 13:45:00,25.35,25.36,25.34,25.35,55400,1404407.0
002155.SZ,2026-05-25 13:46:00,25.35,25.36,25.35,25.35,48900,1239688.0
002155.SZ,2026-05-25 13:47:00,25.36,25.37,25.35,25.35,90900,2304688.0
002155.SZ,2026-05-25 13:48:00,25.36,25.36,25.34,25.36,76600,1942011.0
002155.SZ,2026-05-25 13:49:00,25.36,25.36,25.35,25.35,17200,436122.0
002155.SZ,2026-05-25 13:50:00,25.35,25.37,25.35,25.36,39900,1011691.0
002155.SZ,2026-05-25 13:51:00,25.36,25.37,25.35,25.36,59800,1516442.0
002155.SZ,2026-05-25 13:52:00,25.35,25.36,25.34,25.34,65400,1657853.0
002155.SZ,2026-05-25 13:53:00,25.34,25.36,25.34,25.35,71900,1822581.0
002155.SZ,2026-05-25 13:54:00,25.34,25.35,25.33,25.35,82600,2093304.0
002155.SZ,2026-05-25 13:55:00,25.36,25.36,25.35,25.36,29700,753082.0
002155.SZ,2026-05-25 13:56:00,25.36,25.38,25.35,25.38,70000,1775319.0
002155.SZ,2026-05-25 13:57:00,25.39,25.4,25.39,25.39,38700,982698.0
002155.SZ,2026-05-25 13:58:00,25.39,25.44,25.39,25.44,87200,2215296.0
002155.SZ,2026-05-25 13:59:00,25.43,25.45,25.4,25.4,80500,2047104.0
002155.SZ,2026-05-25 14:00:00,25.4,25.4,25.38,25.4,30600,777068.0
002155.SZ,2026-05-25 14:01:00,25.39,25.42,25.39,25.41,74900,1902449.0
002155.SZ,2026-05-25 14:02:00,25.42,25.42,25.38,25.39,119500,3036141.0
002155.SZ,2026-05-25 14:03:00,25.38,25.38,25.35,25.35,86400,2191121.0
002155.SZ,2026-05-25 14:04:00,25.37,25.38,25.37,25.38,37300,946233.0
002155.SZ,2026-05-25 14:05:00,25.37,25.37,25.36,25.36,26100,662063.0
002155.SZ,2026-05-25 14:06:00,25.36,25.37,25.36,25.36,42400,1075284.0
002155.SZ,2026-05-25 14:07:00,25.35,25.36,25.35,25.35,49300,1250025.0
002155.SZ,2026-05-25 14:08:00,25.36,25.37,25.35,25.36,52600,1333983.0
002155.SZ,2026-05-25 14:09:00,25.36,25.38,25.35,25.38,54300,1377320.0
002155.SZ,2026-05-25 14:10:00,25.38,25.39,25.37,25.39,56870,1443284.9
002155.SZ,2026-05-25 14:11:00,25.39,25.4,25.39,25.4,82200,2087353.0
002155.SZ,2026-05-25 14:12:00,25.4,25.4,25.37,25.37,62500,1586986.0
002155.SZ,2026-05-25 14:13:00,25.38,25.39,25.37,25.39,43700,1109188.0
002155.SZ,2026-05-25 14:14:00,25.39,25.4,25.38,25.38,79600,2020662.0
002155.SZ,2026-05-25 14:15:00,25.38,25.39,25.38,25.38,30400,771619.0
002155.SZ,2026-05-25 14:16:00,25.38,25.39,25.37,25.37,59900,1520125.0
002155.SZ,2026-05-25 14:17:00,25.37,25.38,25.36,25.37,42100,1068242.2
002155.SZ,2026-05-25 14:18:00,25.38,25.39,25.37,25.39,18000,456906.0
002155.SZ,2026-05-25 14:19:00,25.38,25.41,25.38,25.41,67000,1701046.0
002155.SZ,2026-05-25 14:20:00,25.4,25.42,25.4,25.41,70600,1794011.0
002155.SZ,2026-05-25 14:21:00,25.4,25.4,25.38,25.38,128730,3269166.5
002155.SZ,2026-05-25 14:22:00,25.38,25.39,25.37,25.38,46470,1179438.6
002155.SZ,2026-05-25 14:23:00,25.39,25.39,25.38,25.39,58530,1485673.1
002155.SZ,2026-05-25 14:24:00,25.39,25.39,25.37,25.38,73500,1865470.0
002155.SZ,2026-05-25 14:25:00,25.38,25.4,25.38,25.39,56200,1426917.0
002155.SZ,2026-05-25 14:26:00,25.39,25.39,25.38,25.39,68300,1734004.0
002155.SZ,2026-05-25 14:27:00,25.39,25.4,25.38,25.4,66500,1688577.0
002155.SZ,2026-05-25 14:28:00,25.4,25.4,25.38,25.38,41300,1048655.0
002155.SZ,2026-05-25 14:29:00,25.39,25.4,25.39,25.4,68100,1729549.0
002155.SZ,2026-05-25 14:30:00,25.4,25.4,25.39,25.39,27000,685696.0
002155.SZ,2026-05-25 14:31:00,25.4,25.4,25.39,25.4,63700,1617892.0
002155.SZ,2026-05-25 14:32:00,25.4,25.4,25.38,25.39,77000,1954902.0
002155.SZ,2026-05-25 14:33:00,25.39,25.39,25.37,25.37,96900,2459498.0
002155.SZ,2026-05-25 14:34:00,25.38,25.39,25.37,25.39,87750,2226910.5
002155.SZ,2026-05-25 14:35:00,25.39,25.4,25.39,25.39,50900,1292661.0
002155.SZ,2026-05-25 14:36:00,25.38,25.45,25.38,25.45,148400,3771575.0
002155.SZ,2026-05-25 14:37:00,25.45,25.45,25.42,25.43,136660,3477163.8
002155.SZ,2026-05-25 14:38:00,25.43,25.44,25.42,25.43,50140,1275042.2
002155.SZ,2026-05-25 14:39:00,25.43,25.45,25.43,25.43,68360,1738716.8
002155.SZ,2026-05-25 14:40:00,25.43,25.44,25.43,25.43,52100,1325026.0
002155.SZ,2026-05-25 14:41:00,25.43,25.44,25.43,25.44,59500,1513303.0
002155.SZ,2026-05-25 14:42:00,25.44,25.45,25.43,25.44,72200,1836614.0
002155.SZ,2026-05-25 14:43:00,25.44,25.47,25.43,25.46,122200,3110059.0
002155.SZ,2026-05-25 14:44:00,25.47,25.47,25.45,25.46,59400,1512363.0
002155.SZ,2026-05-25 14:45:00,25.46,25.47,25.45,25.46,63700,1621527.0
002155.SZ,2026-05-25 14:46:00,25.45,25.45,25.43,25.44,81590,2075760.1
002155.SZ,2026-05-25 14:47:00,25.44,25.45,25.43,25.44,41400,1053284.0
002155.SZ,2026-05-25 14:48:00,25.43,25.46,25.43,25.46,122263,3110498.8
002155.SZ,2026-05-25 14:49:00,25.46,25.47,25.46,25.46,108700,2767574.0
002155.SZ,2026-05-25 14:50:00,25.45,25.46,25.44,25.44,202737,5159099.0
002155.SZ,2026-05-25 14:51:00,25.44,25.46,25.44,25.45,118300,3010714.0
002155.SZ,2026-05-25 14:52:00,25.44,25.46,25.44,25.45,114200,2906558.0
002155.SZ,2026-05-25 14:53:00,25.46,25.46,25.45,25.46,101600,2586204.0
002155.SZ,2026-05-25 14:54:00,25.46,25.46,25.45,25.45,114500,2914481.0
002155.SZ,2026-05-25 14:55:00,25.46,25.46,25.44,25.46,163676,4165816.2
002155.SZ,2026-05-25 14:56:00,25.45,25.47,25.45,25.47,148650,3784261.0
002155.SZ,2026-05-25 14:57:00,25.47,25.48,25.46,25.48,210600,5363662.0
002155.SZ,2026-05-25 14:58:00,25.48,25.48,25.48,25.48,0,0.0
002155.SZ,2026-05-25 14:59:00,25.48,25.48,25.48,25.48,0,0.0
002155.SZ,2026-05-25 15:00:00,25.47,25.47,25.47,25.47,242700,6181569.0
002155.SZ,2026-05-26 09:30:00,25.25,25.26,25.19,25.19,394500,9958532.0
002155.SZ,2026-05-26 09:31:00,25.11,25.11,24.7,24.83,1382160,34432890.0
002155.SZ,2026-05-26 09:32:00,24.82,25.11,24.82,25.11,784340,19586406.0
002155.SZ,2026-05-26 09:33:00,25.16,25.16,25.07,25.13,439600,11039629.0
002155.SZ,2026-05-26 09:34:00,25.12,25.12,25.07,25.1,409780,10282632.0
002155.SZ,2026-05-26 09:35:00,25.1,25.29,25.09,25.25,445100,11199570.0
002155.SZ,2026-05-26 09:36:00,25.24,25.28,25.23,25.27,338300,8540611.0
002155.SZ,2026-05-26 09:37:00,25.25,25.27,25.17,25.19,180000,4538471.0
002155.SZ,2026-05-26 09:38:00,25.18,25.33,25.16,25.33,258300,6516920.0
002155.SZ,2026-05-26 09:39:00,25.36,25.4,25.27,25.28,287110,7278446.5
002155.SZ,2026-05-26 09:40:00,25.27,25.27,25.11,25.11,161000,4051344.0
002155.SZ,2026-05-26 09:41:00,25.1,25.12,25.06,25.12,274000,6874537.0
002155.SZ,2026-05-26 09:42:00,25.11,25.14,25.08,25.14,367000,9219877.0
002155.SZ,2026-05-26 09:43:00,25.09,25.16,25.09,25.15,165700,4165778.0
002155.SZ,2026-05-26 09:44:00,25.14,25.18,25.13,25.15,111000,2791529.0
002155.SZ,2026-05-26 09:45:00,25.14,25.17,25.12,25.14,311100,7816196.0
002155.SZ,2026-05-26 09:46:00,25.14,25.25,25.14,25.24,241900,6095212.0
002155.SZ,2026-05-26 09:47:00,25.29,25.3,25.23,25.23,153400,3878898.0
002155.SZ,2026-05-26 09:48:00,25.26,25.29,25.18,25.23,291300,7350552.0
002155.SZ,2026-05-26 09:49:00,25.22,25.22,25.12,25.12,244300,6147301.5
002155.SZ,2026-05-26 09:50:00,25.12,25.16,25.1,25.13,232030,5826755.5
002155.SZ,2026-05-26 09:51:00,25.12,25.12,25.04,25.04,180700,4531835.0
002155.SZ,2026-05-26 09:52:00,25.05,25.08,25.03,25.05,154000,3858382.0
002155.SZ,2026-05-26 09:53:00,25.07,25.09,25.03,25.08,129885,3254059.2
002155.SZ,2026-05-26 09:54:00,25.07,25.07,24.97,25.03,280915,7027429.0
002155.SZ,2026-05-26 09:55:00,25.02,25.08,25.02,25.06,140300,3514128.0
002155.SZ,2026-05-26 09:56:00,25.08,25.14,25.06,25.14,120350,3020951.5
002155.SZ,2026-05-26 09:57:00,25.13,25.18,25.13,25.18,134200,3374486.0
002155.SZ,2026-05-26 09:58:00,25.19,25.19,25.13,25.16,96600,2431383.0
002155.SZ,2026-05-26 09:59:00,25.16,25.16,25.13,25.16,94100,2366613.0
002155.SZ,2026-05-26 10:00:00,25.17,25.21,25.16,25.21,85500,2153873.0
002155.SZ,2026-05-26 10:01:00,25.19,25.22,25.18,25.19,87900,2214773.0
002155.SZ,2026-05-26 10:02:00,25.18,25.19,25.16,25.18,92100,2318504.0
002155.SZ,2026-05-26 10:03:00,25.19,25.21,25.16,25.17,133780,3370222.2
002155.SZ,2026-05-26 10:04:00,25.18,25.36,25.18,25.35,305200,7716610.0
002155.SZ,2026-05-26 10:05:00,25.34,25.46,25.33,25.45,243200,6176602.0
002155.SZ,2026-05-26 10:06:00,25.44,25.44,25.36,25.38,288865,7337967.0
002155.SZ,2026-05-26 10:07:00,25.39,25.54,25.39,25.52,528350,13461554.0
002155.SZ,2026-05-26 10:08:00,25.52,25.6,25.52,25.59,702000,17951584.0
002155.SZ,2026-05-26 10:09:00,25.59,25.61,25.52,25.53,376300,9623238.0
002155.SZ,2026-05-26 10:10:00,25.54,25.58,25.54,25.56,270300,6910032.0
002155.SZ,2026-05-26 10:11:00,25.56,25.58,25.52,25.54,339100,8664999.0
002155.SZ,2026-05-26 10:12:00,25.54,25.54,25.44,25.46,152500,3889537.0
002155.SZ,2026-05-26 10:13:00,25.46,25.5,25.46,25.5,83800,2135431.0
002155.SZ,2026-05-26 10:14:00,25.49,25.5,25.47,25.48,82200,2094928.0
002155.SZ,2026-05-26 10:15:00,25.48,25.49,25.45,25.46,148500,3782186.0
002155.SZ,2026-05-26 10:16:00,25.4,25.43,25.4,25.4,196400,4990959.0
002155.SZ,2026-05-26 10:17:00,25.41,25.44,25.38,25.4,171200,4350102.0
002155.SZ,2026-05-26 10:18:00,25.41,25.44,25.39,25.4,135800,3450227.0
002155.SZ,2026-05-26 10:19:00,25.4,25.44,25.39,25.39,77900,1979331.0
002155.SZ,2026-05-26 10:20:00,25.39,25.4,25.38,25.39,78300,1988002.0
002155.SZ,2026-05-26 10:21:00,25.39,25.46,25.38,25.46,79300,2015941.0
002155.SZ,2026-05-26 10:22:00,25.47,25.48,25.46,25.47,53700,1367859.0
002155.SZ,2026-05-26 10:23:00,25.47,25.52,25.46,25.52,160000,4079120.0
002155.SZ,2026-05-26 10:24:00,25.54,25.6,25.52,25.6,320400,8187542.0
002155.SZ,2026-05-26 10:25:00,25.6,25.64,25.57,25.62,319700,8184269.0
002155.SZ,2026-05-26 10:26:00,25.63,25.67,25.61,25.65,398000,10204061.0
002155.SZ,2026-05-26 10:27:00,25.67,25.78,25.66,25.78,471300,12123160.0
002155.SZ,2026-05-26 10:28:00,25.78,25.88,25.78,25.84,488800,12627811.0
002155.SZ,2026-05-26 10:29:00,25.8,25.94,25.8,25.94,678400,17533814.0
002155.SZ,2026-05-26 10:30:00,25.95,26.05,25.95,26.01,1183100,30748286.0
002155.SZ,2026-05-26 10:31:00,26.0,26.01,25.94,25.98,530700,13787463.0
002155.SZ,2026-05-26 10:32:00,25.98,26.15,25.97,26.1,1597300,41565750.0
002155.SZ,2026-05-26 10:33:00,26.1,26.19,26.06,26.08,884200,23102040.0
002155.SZ,2026-05-26 10:34:00,26.1,26.12,26.07,26.11,635300,16575924.0
002155.SZ,2026-05-26 10:35:00,26.1,26.1,25.99,26.01,378100,9851542.0
002155.SZ,2026-05-26 10:36:00,26.05,26.2,26.05,26.16,863495,22557258.0
002155.SZ,2026-05-26 10:37:00,26.2,26.25,26.18,26.24,1241000,32525872.0
002155.SZ,2026-05-26 10:38:00,26.24,26.24,26.2,26.2,482300,12650192.0
002155.SZ,2026-05-26 10:39:00,26.19,26.21,26.16,26.18,542300,14205946.0
002155.SZ,2026-05-26 10:40:00,26.17,26.17,26.04,26.09,335300,8748018.0
002155.SZ,2026-05-26 10:41:00,26.08,26.08,26.0,26.01,266000,6924224.0
002155.SZ,2026-05-26 10:42:00,26.01,26.01,25.94,25.95,337800,8780132.0
002155.SZ,2026-05-26 10:43:00,25.96,26.0,25.95,25.96,306900,7970031.0
002155.SZ,2026-05-26 10:44:00,25.95,25.95,25.87,25.87,353800,9166624.0
002155.SZ,2026-05-26 10:45:00,25.87,25.91,25.87,25.88,255700,6618247.0
002155.SZ,2026-05-26 10:46:00,25.87,25.87,25.8,25.8,312100,8061201.0
002155.SZ,2026-05-26 10:47:00,25.8,25.8,25.77,25.78,276400,7127964.0
002155.SZ,2026-05-26 10:48:00,25.76,25.78,25.75,25.78,162000,4174174.0
002155.SZ,2026-05-26 10:49:00,25.78,25.79,25.76,25.77,442700,11415961.0
002155.SZ,2026-05-26 10:50:00,25.79,25.8,25.78,25.78,191700,4942813.0
002155.SZ,2026-05-26 10:51:00,25.77,25.77,25.72,25.72,253300,6522465.0
002155.SZ,2026-05-26 10:52:00,25.72,25.8,25.72,25.76,179100,4614717.0
002155.SZ,2026-05-26 10:53:00,25.76,25.82,25.76,25.82,127700,3292838.0
002155.SZ,2026-05-26 10:54:00,25.81,25.84,25.8,25.83,261200,6743701.0
002155.SZ,2026-05-26 10:55:00,25.83,25.86,25.83,25.84,161500,4173279.0
002155.SZ,2026-05-26 10:56:00,25.84,25.84,25.79,25.8,242900,6271455.0
002155.SZ,2026-05-26 10:57:00,25.79,25.79,25.78,25.79,138400,3568700.0
002155.SZ,2026-05-26 10:58:00,25.81,25.82,25.8,25.8,236800,6109604.0
002155.SZ,2026-05-26 10:59:00,25.82,25.86,25.8,25.86,166200,4291828.0
002155.SZ,2026-05-26 11:00:00,25.86,25.87,25.86,25.87,212900,5504932.0
002155.SZ,2026-05-26 11:01:00,25.88,25.88,25.82,25.82,182100,4708574.0
002155.SZ,2026-05-26 11:02:00,25.83,25.83,25.81,25.81,108600,2804163.0
002155.SZ,2026-05-26 11:03:00,25.81,25.81,25.75,25.75,82800,2134756.0
002155.SZ,2026-05-26 11:04:00,25.76,25.79,25.75,25.77,106300,2738967.0
002155.SZ,2026-05-26 11:05:00,25.77,25.79,25.75,25.75,168800,4351068.0
002155.SZ,2026-05-26 11:06:00,25.76,25.76,25.73,25.74,97900,2521063.0
002155.SZ,2026-05-26 11:07:00,25.73,25.77,25.73,25.76,134900,3472953.0
002155.SZ,2026-05-26 11:08:00,25.76,25.78,25.75,25.78,119600,3081081.0
002155.SZ,2026-05-26 11:09:00,25.81,25.83,25.8,25.82,111501,2877788.8
002155.SZ,2026-05-26 11:10:00,25.82,25.88,25.82,25.88,74200,1918498.0
002155.SZ,2026-05-26 11:11:00,25.89,25.89,25.81,25.83,248400,6419517.0
002155.SZ,2026-05-26 11:12:00,25.81,25.81,25.77,25.77,67200,1733404.0
002155.SZ,2026-05-26 11:13:00,25.77,25.78,25.76,25.78,152700,3935722.0
002155.SZ,2026-05-26 11:14:00,25.77,25.78,25.75,25.75,147500,3799241.0
002155.SZ,2026-05-26 11:15:00,25.74,25.75,25.74,25.75,67700,1743023.0
002155.SZ,2026-05-26 11:16:00,25.75,25.76,25.72,25.75,208600,5369569.0
002155.SZ,2026-05-26 11:17:00,25.79,25.83,25.78,25.83,82750,2133133.0
002155.SZ,2026-05-26 11:18:00,25.82,25.83,25.8,25.82,70400,1817410.0
002155.SZ,2026-05-26 11:19:00,25.84,25.85,25.8,25.83,118300,3055214.0
002155.SZ,2026-05-26 11:20:00,25.83,25.85,25.83,25.84,94100,2432041.0
002155.SZ,2026-05-26 11:21:00,25.86,25.89,25.84,25.86,99800,2582297.0
002155.SZ,2026-05-26 11:22:00,25.86,25.88,25.84,25.85,134000,3464817.0
002155.SZ,2026-05-26 11:23:00,25.87,25.95,25.86,25.94,97400,2522513.0
002155.SZ,2026-05-26 11:24:00,25.95,25.97,25.93,25.95,149200,3870571.0
002155.SZ,2026-05-26 11:25:00,25.94,25.95,25.89,25.9,90500,2345431.0
002155.SZ,2026-05-26 11:26:00,25.9,25.92,25.89,25.9,108100,2800750.0
002155.SZ,2026-05-26 11:27:00,25.9,25.94,25.9,25.91,118500,3071290.0
002155.SZ,2026-05-26 11:28:00,25.91,25.94,25.88,25.94,339700,8805350.0
002155.SZ,2026-05-26 11:29:00,25.94,25.95,25.93,25.95,90350,2343984.0
002155.SZ,2026-05-26 11:30:00,25.95,25.95,25.93,25.93,93300,2420799.0
002155.SZ,2026-05-26 13:01:00,25.93,25.93,25.63,25.79,902349,23300150.0
002155.SZ,2026-05-26 13:02:00,25.79,25.87,25.79,25.87,164300,4242861.0
002155.SZ,2026-05-26 13:03:00,25.86,25.89,25.83,25.85,231900,5997198.0
002155.SZ,2026-05-26 13:04:00,25.83,25.9,25.8,25.89,218400,5640819.0
002155.SZ,2026-05-26 13:05:00,25.9,25.94,25.89,25.92,169800,4400069.0
002155.SZ,2026-05-26 13:06:00,25.92,25.95,25.86,25.93,103000,2669471.0
002155.SZ,2026-05-26 13:07:00,25.93,25.93,25.84,25.84,195400,5055537.0
002155.SZ,2026-05-26 13:08:00,25.83,25.83,25.8,25.82,185300,4783163.0
002155.SZ,2026-05-26 13:09:00,25.81,25.88,25.81,25.88,102000,2635989.0
002155.SZ,2026-05-26 13:10:00,25.87,25.93,25.87,25.92,122800,3181395.0
002155.SZ,2026-05-26 13:11:00,25.93,25.97,25.93,25.96,122800,3187625.0
002155.SZ,2026-05-26 13:12:00,25.98,25.99,25.96,25.99,155600,4041972.0
002155.SZ,2026-05-26 13:13:00,25.99,26.06,25.99,26.04,344630,8966570.0
002155.SZ,2026-05-26 13:14:00,26.02,26.09,26.02,26.09,269000,7010207.0
002155.SZ,2026-05-26 13:15:00,26.09,26.09,26.08,26.08,225700,5887608.0
002155.SZ,2026-05-26 13:16:00,26.08,26.08,26.0,26.03,323400,8427206.0
002155.SZ,2026-05-26 13:17:00,26.03,26.04,26.02,26.02,135700,3532774.2
002155.SZ,2026-05-26 13:18:00,26.01,26.02,25.99,26.01,219300,5704211.5
002155.SZ,2026-05-26 13:19:00,26.01,26.08,26.01,26.07,307008,7997345.0
002155.SZ,2026-05-26 13:20:00,26.07,26.07,26.04,26.06,163000,4247062.0
002155.SZ,2026-05-26 13:21:00,26.07,26.1,26.06,26.1,221500,5776569.0
002155.SZ,2026-05-26 13:22:00,26.11,26.18,26.11,26.18,493600,12895393.0
002155.SZ,2026-05-26 13:23:00,26.17,26.17,26.07,26.08,342200,8939176.0
002155.SZ,2026-05-26 13:24:00,26.08,26.12,26.08,26.09,216800,5657658.0
002155.SZ,2026-05-26 13:25:00,26.09,26.09,26.04,26.04,137000,3572550.0
002155.SZ,2026-05-26 13:26:00,26.05,26.13,26.05,26.08,383500,10010740.0
002155.SZ,2026-05-26 13:27:00,26.08,26.08,26.04,26.04,204500,5329598.0
002155.SZ,2026-05-26 13:28:00,26.03,26.05,26.02,26.04,125700,3272749.0
002155.SZ,2026-05-26 13:29:00,26.04,26.04,26.03,26.04,113700,2960316.0
002155.SZ,2026-05-26 13:30:00,26.03,26.04,26.01,26.01,159772,4157314.2
002155.SZ,2026-05-26 13:31:00,26.03,26.08,26.03,26.07,171628,4470440.5
002155.SZ,2026-05-26 13:32:00,26.08,26.1,26.08,26.09,174800,4561564.0
002155.SZ,2026-05-26 13:33:00,26.1,26.12,26.09,26.12,167600,4374657.0
002155.SZ,2026-05-26 13:34:00,26.11,26.13,26.08,26.09,226100,5901683.0
002155.SZ,2026-05-26 13:35:00,26.08,26.12,26.04,26.04,173300,4518185.0
002155.SZ,2026-05-26 13:36:00,26.04,26.08,26.04,26.07,67800,1766423.0
002155.SZ,2026-05-26 13:37:00,26.07,26.1,26.07,26.09,135000,3521334.0
002155.SZ,2026-05-26 13:38:00,26.08,26.11,26.08,26.09,106300,2773766.0
002155.SZ,2026-05-26 13:39:00,26.09,26.09,26.08,26.09,89400,2331941.0
002155.SZ,2026-05-26 13:40:00,26.09,26.1,26.08,26.08,167400,4367831.0
002155.SZ,2026-05-26 13:41:00,26.1,26.1,25.98,25.98,253272,6592166.0
002155.SZ,2026-05-26 13:42:00,25.98,25.99,25.95,25.97,136500,3545600.0
002155.SZ,2026-05-26 13:43:00,25.97,26.03,25.97,26.03,139700,3632242.0
002155.SZ,2026-05-26 13:44:00,26.04,26.04,25.99,26.01,145600,3788555.0
002155.SZ,2026-05-26 13:45:00,26.01,26.01,25.98,25.99,80200,2084635.0
002155.SZ,2026-05-26 13:46:00,25.98,25.98,25.92,25.92,125500,3257120.0
002155.SZ,2026-05-26 13:47:00,25.92,25.92,25.88,25.88,284800,7376963.0
002155.SZ,2026-05-26 13:48:00,25.9,25.9,25.87,25.87,160600,4156853.0
002155.SZ,2026-05-26 13:49:00,25.86,25.89,25.86,25.88,85484,2211908.2
002155.SZ,2026-05-26 13:50:00,25.88,25.89,25.85,25.85,174500,4514862.0
002155.SZ,2026-05-26 13:51:00,25.86,25.86,25.82,25.83,89628,2315610.2
002155.SZ,2026-05-26 13:52:00,25.83,25.84,25.81,25.82,190216,4911961.5
002155.SZ,2026-05-26 13:53:00,25.84,25.84,25.81,25.83,120900,3122365.0
002155.SZ,2026-05-26 13:54:00,25.82,25.83,25.79,25.79,271100,6995652.0
002155.SZ,2026-05-26 13:55:00,25.79,25.8,25.78,25.78,65300,1683905.0
002155.SZ,2026-05-26 13:56:00,25.79,25.79,25.76,25.77,119500,3079591.0
002155.SZ,2026-05-26 13:57:00,25.76,25.8,25.76,25.77,202000,5206034.0
002155.SZ,2026-05-26 13:58:00,25.76,25.77,25.76,25.77,119500,3078789.0
002155.SZ,2026-05-26 13:59:00,25.77,25.8,25.76,25.8,110700,2853661.0
002155.SZ,2026-05-26 14:00:00,25.8,25.8,25.78,25.78,135300,3488265.0
002155.SZ,2026-05-26 14:01:00,25.78,25.79,25.77,25.77,111400,2871730.0
002155.SZ,2026-05-26 14:02:00,25.78,25.79,25.77,25.78,128400,3309806.0
002155.SZ,2026-05-26 14:03:00,25.78,25.79,25.76,25.76,224800,5792237.0
002155.SZ,2026-05-26 14:04:00,25.75,25.75,25.73,25.73,159300,4100491.0
002155.SZ,2026-05-26 14:05:00,25.72,25.74,25.72,25.73,69800,1795824.0
002155.SZ,2026-05-26 14:06:00,25.72,25.73,25.71,25.71,97400,2505148.0
002155.SZ,2026-05-26 14:07:00,25.72,25.74,25.71,25.74,97134,2497920.2
002155.SZ,2026-05-26 14:08:00,25.73,25.77,25.73,25.75,157200,4048463.0
002155.SZ,2026-05-26 14:09:00,25.74,25.77,25.74,25.76,88500,2278770.0
002155.SZ,2026-05-26 14:10:00,25.76,25.77,25.76,25.77,71300,1837326.0
002155.SZ,2026-05-26 14:11:00,25.78,25.79,25.77,25.79,58700,1513110.0
002155.SZ,2026-05-26 14:12:00,25.78,25.84,25.78,25.83,97000,2503052.0
002155.SZ,2026-05-26 14:13:00,25.84,25.86,25.84,25.85,236200,6104953.5
002155.SZ,2026-05-26 14:14:00,25.8,25.84,25.8,25.83,81000,2091819.0
002155.SZ,2026-05-26 14:15:00,25.84,25.88,25.83,25.85,65600,1695722.0
002155.SZ,2026-05-26 14:16:00,25.85,25.85,25.78,25.8,83500,2155247.0
002155.SZ,2026-05-26 14:17:00,25.79,25.84,25.79,25.82,59200,1527812.0
002155.SZ,2026-05-26 14:18:00,25.81,25.81,25.76,25.77,88200,2274459.0
002155.SZ,2026-05-26 14:19:00,25.76,25.79,25.76,25.77,95500,2461521.0
002155.SZ,2026-05-26 14:20:00,25.77,25.78,25.77,25.77,81400,2097693.0
002155.SZ,2026-05-26 14:21:00,25.76,25.78,25.76,25.78,84900,2187809.0
002155.SZ,2026-05-26 14:22:00,25.78,25.78,25.76,25.76,104700,2698285.0
002155.SZ,2026-05-26 14:23:00,25.76,25.78,25.76,25.78,79100,2038160.0
002155.SZ,2026-05-26 14:24:00,25.78,25.78,25.76,25.76,74600,1922409.0
002155.SZ,2026-05-26 14:25:00,25.77,25.79,25.76,25.78,109300,2817509.0
002155.SZ,2026-05-26 14:26:00,25.81,25.87,25.8,25.87,168000,4338416.0
002155.SZ,2026-05-26 14:27:00,25.88,25.89,25.87,25.88,137800,3566538.0
002155.SZ,2026-05-26 14:28:00,25.88,25.9,25.86,25.9,100100,2590629.0
002155.SZ,2026-05-26 14:29:00,25.9,25.91,25.87,25.9,70000,1812735.0
002155.SZ,2026-05-26 14:30:00,25.9,25.93,25.89,25.92,129300,3349248.0
002155.SZ,2026-05-26 14:31:00,25.91,25.98,25.91,25.95,217900,5655021.0
002155.SZ,2026-05-26 14:32:00,25.95,25.97,25.95,25.96,251600,6532478.0
002155.SZ,2026-05-26 14:33:00,25.95,25.99,25.95,25.98,160800,4175207.0
002155.SZ,2026-05-26 14:34:00,25.98,26.0,25.97,25.98,239500,6224665.0
002155.SZ,2026-05-26 14:35:00,25.97,25.97,25.95,25.96,137900,3579887.0
002155.SZ,2026-05-26 14:36:00,25.97,26.0,25.97,26.0,131254,3410437.2
002155.SZ,2026-05-26 14:37:00,25.99,26.04,25.99,26.04,312300,8122163.0
002155.SZ,2026-05-26 14:38:00,26.03,26.04,26.01,26.02,127300,3313588.0
002155.SZ,2026-05-26 14:39:00,26.01,26.04,26.01,26.02,203800,5304701.0
002155.SZ,2026-05-26 14:40:00,26.03,26.04,26.03,26.04,161500,4204583.0
002155.SZ,2026-05-26 14:41:00,26.05,26.06,26.04,26.04,189200,4927966.0
002155.SZ,2026-05-26 14:42:00,26.04,26.05,26.04,26.04,164300,4279151.0
002155.SZ,2026-05-26 14:43:00,26.05,26.08,26.05,26.07,216000,5630081.0
002155.SZ,2026-05-26 14:44:00,26.07,26.08,26.06,26.06,320100,8344351.0
002155.SZ,2026-05-26 14:45:00,26.05,26.05,26.03,26.05,190600,4964541.0
002155.SZ,2026-05-26 14:46:00,26.05,26.07,26.05,26.06,250100,6517965.0
002155.SZ,2026-05-26 14:47:00,26.07,26.07,26.04,26.06,246300,6416914.0
002155.SZ,2026-05-26 14:48:00,26.06,26.06,26.04,26.04,193300,5035460.0
002155.SZ,2026-05-26 14:49:00,26.04,26.05,26.03,26.04,388500,10117363.0
002155.SZ,2026-05-26 14:50:00,26.05,26.05,26.03,26.04,211350,5503525.0
002155.SZ,2026-05-26 14:51:00,26.05,26.06,26.04,26.05,242800,6324708.0
002155.SZ,2026-05-26 14:52:00,26.06,26.07,26.05,26.06,374900,9768795.0
002155.SZ,2026-05-26 14:53:00,26.06,26.08,26.06,26.08,272860,7112753.5
002155.SZ,2026-05-26 14:54:00,26.07,26.08,26.05,26.06,352240,9180623.0
002155.SZ,2026-05-26 14:55:00,26.06,26.06,26.05,26.06,280200,7301327.0
002155.SZ,2026-05-26 14:56:00,26.06,26.06,26.04,26.04,515700,13432361.0
002155.SZ,2026-05-26 14:57:00,26.05,26.06,26.04,26.04,227600,5928867.0
002155.SZ,2026-05-26 14:58:00,26.04,26.04,26.04,26.04,0,0.0
002155.SZ,2026-05-26 14:59:00,26.04,26.04,26.04,26.04,0,0.0
002155.SZ,2026-05-26 15:00:00,26.04,26.04,26.04,26.04,546300,14225652.0
002155.SZ,2026-05-27 09:30:00,25.69,25.7,25.67,25.67,603900,15513579.0
002155.SZ,2026-05-27 09:31:00,25.66,25.89,25.61,25.7,1491230,38373290.0
002155.SZ,2026-05-27 09:32:00,25.69,25.7,25.59,25.64,1045000,26817398.0
002155.SZ,2026-05-27 09:33:00,25.64,25.67,25.57,25.62,884900,22680888.0
002155.SZ,2026-05-27 09:34:00,25.63,25.68,25.63,25.64,455460,11683162.0
002155.SZ,2026-05-27 09:35:00,25.64,25.64,25.54,25.56,702100,17966978.0
002155.SZ,2026-05-27 09:36:00,25.55,25.57,25.52,25.56,666360,17027152.0
002155.SZ,2026-05-27 09:37:00,25.58,25.6,25.5,25.5,554940,14180068.0
002155.SZ,2026-05-27 09:38:00,25.49,25.49,25.36,25.37,849878,21620042.0
002155.SZ,2026-05-27 09:39:00,25.37,25.41,25.3,25.41,1105700,28024128.0
002155.SZ,2026-05-27 09:40:00,25.4,25.46,25.39,25.45,577300,14668106.0
002155.SZ,2026-05-27 09:41:00,25.46,25.46,25.37,25.37,312800,7947280.0
002155.SZ,2026-05-27 09:42:00,25.37,25.39,25.34,25.37,328800,8339277.0
002155.SZ,2026-05-27 09:43:00,25.37,25.38,25.34,25.34,433000,10982149.0
002155.SZ,2026-05-27 09:44:00,25.34,25.34,25.2,25.25,707700,17885748.0
002155.SZ,2026-05-27 09:45:00,25.25,25.31,25.25,25.26,512094,12937800.0
002155.SZ,2026-05-27 09:46:00,25.28,25.33,25.28,25.32,378406,9571402.0
002155.SZ,2026-05-27 09:47:00,25.3,25.3,25.21,25.21,525006,13252547.0
002155.SZ,2026-05-27 09:48:00,25.2,25.23,25.16,25.22,1050600,26461280.0
002155.SZ,2026-05-27 09:49:00,25.21,25.33,25.2,25.3,306500,7741309.0
002155.SZ,2026-05-27 09:50:00,25.3,25.3,25.24,25.29,272200,6879242.0
002155.SZ,2026-05-27 09:51:00,25.28,25.3,25.26,25.29,217000,5486753.0
002155.SZ,2026-05-27 09:52:00,25.28,25.31,25.27,25.27,186900,4725910.5
002155.SZ,2026-05-27 09:53:00,25.28,25.34,25.27,25.34,304960,7718708.5
002155.SZ,2026-05-27 09:54:00,25.34,25.34,25.3,25.31,206900,5239011.0
002155.SZ,2026-05-27 09:55:00,25.31,25.31,25.25,25.29,256300,6476788.0
002155.SZ,2026-05-27 09:56:00,25.3,25.3,25.26,25.29,103600,2618722.8
002155.SZ,2026-05-27 09:57:00,25.29,25.32,25.28,25.3,164630,4164489.0
002155.SZ,2026-05-27 09:58:00,25.3,25.33,25.28,25.31,133250,3371639.0
002155.SZ,2026-05-27 09:59:00,25.32,25.32,25.27,25.28,166000,4197920.0
002155.SZ,2026-05-27 10:00:00,25.27,25.27,25.21,25.21,300600,7585155.0
002155.SZ,2026-05-27 10:01:00,25.2,25.25,25.2,25.24,311300,7847533.0
002155.SZ,2026-05-27 10:02:00,25.24,25.26,25.17,25.18,269600,6795597.0
002155.SZ,2026-05-27 10:03:00,25.19,25.21,25.18,25.19,281996,7103406.0
002155.SZ,2026-05-27 10:04:00,25.19,25.26,25.18,25.25,273000,6883685.0
002155.SZ,2026-05-27 10:05:00,25.25,25.27,25.23,25.27,138980,3508701.8
002155.SZ,2026-05-27 10:06:00,25.27,25.28,25.22,25.22,117120,2957211.8
002155.SZ,2026-05-27 10:07:00,25.22,25.25,25.21,25.22,122100,3080840.5
002155.SZ,2026-05-27 10:08:00,25.2,25.25,25.19,25.24,254237,6410265.0
002155.SZ,2026-05-27 10:09:00,25.24,25.24,25.19,25.19,248120,6251951.5
002155.SZ,2026-05-27 10:10:00,25.2,25.22,25.18,25.19,130900,3298402.0
002155.SZ,2026-05-27 10:11:00,25.19,25.21,25.18,25.19,237300,5977178.0
002155.SZ,2026-05-27 10:12:00,25.17,25.17,25.12,25.12,507899,12772133.0
002155.SZ,2026-05-27 10:13:00,25.12,25.12,25.07,25.07,451500,11329034.0
002155.SZ,2026-05-27 10:14:00,25.07,25.09,25.05,25.09,418300,10485506.0
002155.SZ,2026-05-27 10:15:00,25.08,25.1,25.07,25.09,254600,6385943.0
002155.SZ,2026-05-27 10:16:00,25.09,25.16,25.09,25.15,120800,3034603.0
002155.SZ,2026-05-27 10:17:00,25.15,25.17,25.12,25.12,78100,1964259.0
002155.SZ,2026-05-27 10:18:00,25.11,25.12,25.09,25.1,146400,3674810.0
002155.SZ,2026-05-27 10:19:00,25.1,25.1,25.04,25.04,320000,8020402.0
002155.SZ,2026-05-27 10:20:00,25.04,25.09,25.03,25.08,221000,5536670.0
002155.SZ,2026-05-27 10:21:00,25.08,25.1,25.08,25.08,229300,5751088.0
002155.SZ,2026-05-27 10:22:00,25.09,25.12,25.08,25.11,147100,3688859.0
002155.SZ,2026-05-27 10:23:00,25.1,25.11,25.08,25.08,142000,3561058.0
002155.SZ,2026-05-27 10:24:00,25.09,25.1,25.08,25.09,100200,2513982.0
002155.SZ,2026-05-27 10:25:00,25.09,25.1,25.08,25.09,110600,2774322.0
002155.SZ,2026-05-27 10:26:00,25.07,25.07,25.05,25.06,169100,4237460.0
002155.SZ,2026-05-27 10:27:00,25.06,25.06,25.02,25.03,364200,9119361.0
002155.SZ,2026-05-27 10:28:00,25.03,25.03,25.01,25.03,239900,6002498.0
002155.SZ,2026-05-27 10:29:00,25.03,25.08,25.02,25.07,259100,6491957.5
002155.SZ,2026-05-27 10:30:00,25.07,25.07,25.04,25.05,102900,2578125.0
002155.SZ,2026-05-27 10:31:00,25.05,25.09,25.05,25.09,74500,1868170.0
002155.SZ,2026-05-27 10:32:00,25.08,25.08,25.07,25.08,94400,2366760.0
002155.SZ,2026-05-27 10:33:00,25.08,25.08,25.04,25.04,106600,2670900.0
002155.SZ,2026-05-27 10:34:00,25.04,25.04,25.02,25.04,291590,7298182.0
002155.SZ,2026-05-27 10:35:00,25.05,25.09,25.05,25.09,137200,3436755.0
002155.SZ,2026-05-27 10:36:00,25.09,25.1,25.09,25.09,77900,1954840.0
002155.SZ,2026-05-27 10:37:00,25.1,25.1,25.07,25.07,57930,1453165.1
002155.SZ,2026-05-27 10:38:00,25.07,25.08,25.0,25.01,526900,13182194.0
002155.SZ,2026-05-27 10:39:00,24.98,25.04,24.97,25.03,714710,17867304.0
002155.SZ,2026-05-27 10:40:00,25.04,25.06,25.03,25.05,63500,1590187.0
002155.SZ,2026-05-27 10:41:00,25.04,25.06,25.03,25.06,100400,2514165.0
002155.SZ,2026-05-27 10:42:00,25.07,25.1,25.07,25.07,77400,1940685.0
002155.SZ,2026-05-27 10:43:00,25.08,25.09,25.06,25.08,76300,1913492.0
002155.SZ,2026-05-27 10:44:00,25.07,25.08,25.07,25.07,45500,1140964.0
002155.SZ,2026-05-27 10:45:00,25.08,25.09,25.06,25.08,60900,1526777.0
002155.SZ,2026-05-27 10:46:00,25.09,25.11,25.08,25.11,127900,3209158.0
002155.SZ,2026-05-27 10:47:00,25.11,25.13,25.08,25.13,101700,2553490.0
002155.SZ,2026-05-27 10:48:00,25.14,25.17,25.14,25.15,87300,2196302.0
002155.SZ,2026-05-27 10:49:00,25.15,25.15,25.12,25.15,33100,831888.0
002155.SZ,2026-05-27 10:50:00,25.15,25.16,25.13,25.14,47800,1202235.0
002155.SZ,2026-05-27 10:51:00,25.14,25.14,25.12,25.12,84100,2113447.0
002155.SZ,2026-05-27 10:52:00,25.12,25.13,25.11,25.11,106300,2670382.0
002155.SZ,2026-05-27 10:53:00,25.11,25.12,25.1,25.11,70700,1775151.0
002155.SZ,2026-05-27 10:54:00,25.12,25.18,25.12,25.16,170600,4291109.0
002155.SZ,2026-05-27 10:55:00,25.16,25.16,25.14,25.14,30900,777142.0
002155.SZ,2026-05-27 10:56:00,25.14,25.17,25.13,25.15,54500,1370768.0
002155.SZ,2026-05-27 10:57:00,25.15,25.16,25.13,25.13,71000,1785550.0
002155.SZ,2026-05-27 10:58:00,25.14,25.14,25.11,25.11,39500,992331.0
002155.SZ,2026-05-27 10:59:00,25.11,25.12,25.09,25.11,134000,3363451.0
002155.SZ,2026-05-27 11:00:00,25.12,25.12,25.11,25.11,30600,768411.0
002155.SZ,2026-05-27 11:01:00,25.11,25.15,25.09,25.14,92400,2320771.0
002155.SZ,2026-05-27 11:02:00,25.15,25.15,25.1,25.1,56700,1424369.0
002155.SZ,2026-05-27 11:03:00,25.1,25.11,25.08,25.1,72400,1817127.0
002155.SZ,2026-05-27 11:04:00,25.11,25.14,25.09,25.14,78600,1974520.0
002155.SZ,2026-05-27 11:05:00,25.13,25.13,25.11,25.11,41600,1045153.0
002155.SZ,2026-05-27 11:06:00,25.11,25.12,25.06,25.08,81500,2044275.0
002155.SZ,2026-05-27 11:07:00,25.08,25.08,25.05,25.06,70900,1776928.0
002155.SZ,2026-05-27 11:08:00,25.05,25.07,25.05,25.07,75900,1902103.0
002155.SZ,2026-05-27 11:09:00,25.07,25.09,25.05,25.09,60000,1504423.0
002155.SZ,2026-05-27 11:10:00,25.08,25.08,25.06,25.06,49700,1245898.0
002155.SZ,2026-05-27 11:11:00,25.07,25.07,25.05,25.06,50800,1273110.0
002155.SZ,2026-05-27 11:12:00,25.06,25.07,25.05,25.06,48353,1211543.6
002155.SZ,2026-05-27 11:13:00,25.06,25.06,25.04,25.04,51847,1298666.4
002155.SZ,2026-05-27 11:14:00,25.04,25.08,25.04,25.08,63213,1583847.0
002155.SZ,2026-05-27 11:15:00,25.08,25.08,25.06,25.06,43700,1095451.0
002155.SZ,2026-05-27 11:16:00,25.06,25.07,25.04,25.04,57400,1437892.0
002155.SZ,2026-05-27 11:17:00,25.04,25.04,25.01,25.01,65540,1640281.6
002155.SZ,2026-05-27 11:18:00,25.02,25.02,25.0,25.01,292500,7313938.0
002155.SZ,2026-05-27 11:19:00,25.0,25.0,24.98,24.99,82200,2054239.0
002155.SZ,2026-05-27 11:20:00,24.99,25.0,24.98,25.0,213100,5324321.0
002155.SZ,2026-05-27 11:21:00,24.99,25.0,24.99,25.0,59100,1477348.0
002155.SZ,2026-05-27 11:22:00,25.0,25.0,24.95,24.95,154500,3858549.0
002155.SZ,2026-05-27 11:23:00,24.95,24.96,24.92,24.92,153400,3826139.0
002155.SZ,2026-05-27 11:24:00,24.93,24.95,24.92,24.93,95800,2388904.0
002155.SZ,2026-05-27 11:25:00,24.93,24.94,24.91,24.92,363500,9064129.0
002155.SZ,2026-05-27 11:26:00,24.94,24.94,24.91,24.91,179900,4484918.0
002155.SZ,2026-05-27 11:27:00,24.91,24.92,24.88,24.89,260900,6497027.0
002155.SZ,2026-05-27 11:28:00,24.88,24.92,24.88,24.89,210600,5241797.0
002155.SZ,2026-05-27 11:29:00,24.91,24.91,24.88,24.88,137600,3425365.0
002155.SZ,2026-05-27 11:30:00,24.89,24.9,24.88,24.9,151300,3766239.0
002155.SZ,2026-05-27 13:01:00,24.92,24.95,24.91,24.94,272550,6792810.0
002155.SZ,2026-05-27 13:02:00,24.93,25.0,24.93,24.98,77500,1934748.0
002155.SZ,2026-05-27 13:03:00,24.99,24.99,24.92,24.93,104300,2602368.0
002155.SZ,2026-05-27 13:04:00,24.93,25.01,24.92,25.01,179100,4469957.0
002155.SZ,2026-05-27 13:05:00,25.01,25.11,25.0,25.11,235200,5896260.0
002155.SZ,2026-05-27 13:06:00,25.1,25.17,25.1,25.14,185900,4672962.0
002155.SZ,2026-05-27 13:07:00,25.14,25.14,25.05,25.06,159900,4012843.0
002155.SZ,2026-05-27 13:08:00,25.06,25.08,25.02,25.06,114600,2871216.0
002155.SZ,2026-05-27 13:09:00,25.06,25.07,24.96,24.98,61500,1538855.0
002155.SZ,2026-05-27 13:10:00,24.99,25.0,24.97,24.99,52600,1314117.0
002155.SZ,2026-05-27 13:11:00,24.99,24.99,24.97,24.99,68417,1709178.6
002155.SZ,2026-05-27 13:12:00,24.98,24.99,24.96,24.96,113783,2842144.2
002155.SZ,2026-05-27 13:13:00,24.94,24.97,24.92,24.97,103400,2579512.0
002155.SZ,2026-05-27 13:14:00,25.0,25.05,24.98,25.04,66700,1668882.9
002155.SZ,2026-05-27 13:15:00,25.02,25.04,24.99,25.0,58400,1460666.0
002155.SZ,2026-05-27 13:16:00,24.98,24.98,24.94,24.95,103600,2585442.0
002155.SZ,2026-05-27 13:17:00,24.95,24.96,24.93,24.93,90800,2265529.8
002155.SZ,2026-05-27 13:18:00,24.93,24.98,24.92,24.96,273900,6831343.0
002155.SZ,2026-05-27 13:19:00,24.95,24.97,24.95,24.97,113400,2830976.0
002155.SZ,2026-05-27 13:20:00,24.97,25.01,24.96,24.99,42500,1062001.0
002155.SZ,2026-05-27 13:21:00,24.99,25.0,24.97,25.0,68800,1719200.0
002155.SZ,2026-05-27 13:22:00,25.0,25.0,24.97,24.99,51900,1297125.0
002155.SZ,2026-05-27 13:23:00,24.99,25.0,24.99,25.0,28540,713333.6
002155.SZ,2026-05-27 13:24:00,25.0,25.0,24.97,24.99,59500,1486668.0
002155.SZ,2026-05-27 13:25:00,25.01,25.04,25.01,25.01,63400,1586076.0
002155.SZ,2026-05-27 13:26:00,25.01,25.03,25.0,25.01,53100,1328038.0
002155.SZ,2026-05-27 13:27:00,25.03,25.03,25.01,25.03,88200,2207403.0
002155.SZ,2026-05-27 13:28:00,25.02,25.03,25.01,25.01,51600,1290771.0
002155.SZ,2026-05-27 13:29:00,25.02,25.03,25.01,25.02,56800,1420912.0
002155.SZ,2026-05-27 13:30:00,25.02,25.03,25.01,25.02,31900,798192.0
002155.SZ,2026-05-27 13:31:00,25.01,25.01,24.97,24.97,96500,2411420.0
002155.SZ,2026-05-27 13:32:00,24.96,24.97,24.94,24.96,88800,2216481.0
002155.SZ,2026-05-27 13:33:00,24.96,24.96,24.93,24.94,90600,2260043.0
002155.SZ,2026-05-27 13:34:00,24.93,24.94,24.91,24.92,54500,1358347.0
002155.SZ,2026-05-27 13:35:00,24.92,24.92,24.88,24.88,276300,6879967.0
002155.SZ,2026-05-27 13:36:00,24.9,24.93,24.89,24.93,65300,1626576.0
002155.SZ,2026-05-27 13:37:00,24.93,24.97,24.93,24.97,84200,2101700.0
002155.SZ,2026-05-27 13:38:00,24.97,24.98,24.91,24.92,93300,2327191.0
002155.SZ,2026-05-27 13:39:00,24.93,24.93,24.89,24.9,78900,1964731.0
002155.SZ,2026-05-27 13:40:00,24.9,24.93,24.89,24.9,127000,3163244.0
002155.SZ,2026-05-27 13:41:00,24.89,24.92,24.89,24.9,94600,2356739.0
002155.SZ,2026-05-27 13:42:00,24.9,24.9,24.86,24.87,256300,6376984.0
002155.SZ,2026-05-27 13:43:00,24.87,24.87,24.82,24.85,201700,5011363.0
002155.SZ,2026-05-27 13:44:00,24.84,24.97,24.81,24.84,155000,3850164.0
002155.SZ,2026-05-27 13:45:00,24.81,24.85,24.8,24.82,203000,5036986.0
002155.SZ,2026-05-27 13:46:00,24.82,24.84,24.81,24.84,80700,2002767.0
002155.SZ,2026-05-27 13:47:00,24.83,24.85,24.83,24.84,82900,2058657.0
002155.SZ,2026-05-27 13:48:00,24.85,24.88,24.85,24.87,120600,2998525.0
002155.SZ,2026-05-27 13:49:00,24.87,24.87,24.84,24.85,66300,1647850.0
002155.SZ,2026-05-27 13:50:00,24.85,24.88,24.85,24.88,54100,1344671.0
002155.SZ,2026-05-27 13:51:00,24.87,24.89,24.86,24.89,73900,1838111.0
002155.SZ,2026-05-27 13:52:00,24.89,24.9,24.88,24.88,57000,1418496.0
002155.SZ,2026-05-27 13:53:00,24.88,24.88,24.83,24.83,147800,3672638.0
002155.SZ,2026-05-27 13:54:00,24.84,24.84,24.83,24.83,79800,1981554.0
002155.SZ,2026-05-27 13:55:00,24.82,24.82,24.8,24.81,222600,5523003.0
002155.SZ,2026-05-27 13:56:00,24.82,24.85,24.81,24.85,105800,2626685.0
002155.SZ,2026-05-27 13:57:00,24.85,24.87,24.84,24.86,93400,2320989.0
002155.SZ,2026-05-27 13:58:00,24.87,24.89,24.87,24.88,70500,1754129.0
002155.SZ,2026-05-27 13:59:00,24.89,24.89,24.86,24.86,156400,3888929.0
002155.SZ,2026-05-27 14:00:00,24.86,24.86,24.8,24.82,161500,4009927.0
002155.SZ,2026-05-27 14:01:00,24.82,24.82,24.8,24.82,100200,2486091.0
002155.SZ,2026-05-27 14:02:00,24.83,24.83,24.8,24.8,106400,2640034.0
002155.SZ,2026-05-27 14:03:00,24.8,24.81,24.77,24.77,325700,8076028.0
002155.SZ,2026-05-27 14:04:00,24.77,24.87,24.77,24.79,125000,3100436.0
002155.SZ,2026-05-27 14:05:00,24.79,24.85,24.78,24.8,223200,5541089.5
002155.SZ,2026-05-27 14:06:00,24.82,24.85,24.8,24.82,70800,1757765.0
002155.SZ,2026-05-27 14:07:00,24.84,24.84,24.82,24.83,77900,1934285.0
002155.SZ,2026-05-27 14:08:00,24.83,24.84,24.8,24.84,62100,1541588.0
002155.SZ,2026-05-27 14:09:00,24.87,24.89,24.84,24.87,88700,2204657.0
002155.SZ,2026-05-27 14:10:00,24.88,24.92,24.86,24.9,51600,1284096.0
002155.SZ,2026-05-27 14:11:00,24.89,24.89,24.87,24.89,70300,1748991.0
002155.SZ,2026-05-27 14:12:00,24.89,24.89,24.87,24.89,117701,2929090.0
002155.SZ,2026-05-27 14:13:00,24.89,24.89,24.86,24.87,209599,5212238.0
002155.SZ,2026-05-27 14:14:00,24.86,24.86,24.8,24.81,103600,2573941.0
002155.SZ,2026-05-27 14:15:00,24.82,24.83,24.8,24.8,80400,1995240.0
002155.SZ,2026-05-27 14:16:00,24.8,24.83,24.8,24.82,122700,3044056.0
002155.SZ,2026-05-27 14:17:00,24.84,24.88,24.83,24.86,48100,1195666.0
002155.SZ,2026-05-27 14:18:00,24.88,24.91,24.86,24.91,78300,1948801.0
002155.SZ,2026-05-27 14:19:00,24.94,24.94,24.88,24.89,84200,2096725.0
002155.SZ,2026-05-27 14:20:00,24.9,24.9,24.85,24.87,37300,927696.0
002155.SZ,2026-05-27 14:21:00,24.87,24.88,24.86,24.87,76400,1899882.0
002155.SZ,2026-05-27 14:22:00,24.86,24.9,24.86,24.87,63500,1579588.0
002155.SZ,2026-05-27 14:23:00,24.86,24.9,24.85,24.87,52500,1305580.0
002155.SZ,2026-05-27 14:24:00,24.87,24.93,24.86,24.91,106400,2648181.0
002155.SZ,2026-05-27 14:25:00,24.9,24.92,24.89,24.89,57200,1424513.0
002155.SZ,2026-05-27 14:26:00,24.89,24.9,24.85,24.89,64000,1592057.0
002155.SZ,2026-05-27 14:27:00,24.88,24.91,24.88,24.9,100200,2494538.0
002155.SZ,2026-05-27 14:28:00,24.9,24.92,24.89,24.91,142500,3548544.0
002155.SZ,2026-05-27 14:29:00,24.9,24.92,24.89,24.9,76500,1905082.0
002155.SZ,2026-05-27 14:30:00,24.9,24.92,24.88,24.88,132800,3306840.0
002155.SZ,2026-05-27 14:31:00,24.89,24.93,24.88,24.91,139830,3481892.2
002155.SZ,2026-05-27 14:32:00,24.91,24.93,24.9,24.9,80700,2010832.0
002155.SZ,2026-05-27 14:33:00,24.9,24.92,24.89,24.9,109400,2724187.0
002155.SZ,2026-05-27 14:34:00,24.91,24.93,24.9,24.9,129000,3213912.0
002155.SZ,2026-05-27 14:35:00,24.91,24.93,24.89,24.91,117000,2915290.0
002155.SZ,2026-05-27 14:36:00,24.94,24.95,24.93,24.93,92000,2293941.0
002155.SZ,2026-05-27 14:37:00,24.94,24.95,24.91,24.92,112900,2815796.0
002155.SZ,2026-05-27 14:38:00,24.92,24.96,24.91,24.95,120300,2997882.0
002155.SZ,2026-05-27 14:39:00,24.94,24.99,24.94,24.97,136000,3396173.0
002155.SZ,2026-05-27 14:40:00,24.97,24.98,24.94,24.94,114300,2852900.0
002155.SZ,2026-05-27 14:41:00,24.95,24.98,24.94,24.96,73700,1839726.0
002155.SZ,2026-05-27 14:42:00,24.96,24.97,24.96,24.96,54500,1360620.0
002155.SZ,2026-05-27 14:43:00,24.96,24.98,24.92,24.93,270900,6759305.0
002155.SZ,2026-05-27 14:44:00,24.92,24.92,24.89,24.9,114285,2846170.5
002155.SZ,2026-05-27 14:45:00,24.91,24.91,24.87,24.87,149500,3721543.0
002155.SZ,2026-05-27 14:46:00,24.88,24.88,24.86,24.86,163000,4054326.8
002155.SZ,2026-05-27 14:47:00,24.87,24.89,24.86,24.88,180100,4479815.0
002155.SZ,2026-05-27 14:48:00,24.86,24.87,24.84,24.84,174700,4342630.0
002155.SZ,2026-05-27 14:49:00,24.84,24.84,24.81,24.82,194400,4827569.0
002155.SZ,2026-05-27 14:50:00,24.84,24.85,24.83,24.84,70000,1738447.0
002155.SZ,2026-05-27 14:51:00,24.85,24.9,24.85,24.88,123200,3064302.0
002155.SZ,2026-05-27 14:52:00,24.89,24.9,24.89,24.89,130453,3246843.2
002155.SZ,2026-05-27 14:53:00,24.89,24.9,24.88,24.89,161947,4031103.8
002155.SZ,2026-05-27 14:54:00,24.9,24.91,24.89,24.89,180300,4488114.0
002155.SZ,2026-05-27 14:55:00,24.88,24.89,24.87,24.87,274200,6822993.0
002155.SZ,2026-05-27 14:56:00,24.88,24.89,24.87,24.89,127583,3174087.8
002155.SZ,2026-05-27 14:57:00,24.88,24.9,24.88,24.89,138679,3451336.2
002155.SZ,2026-05-27 14:58:00,24.89,24.89,24.89,24.89,0,0.0
002155.SZ,2026-05-27 14:59:00,24.89,24.89,24.89,24.89,0,0.0
002155.SZ,2026-05-27 15:00:00,24.87,24.87,24.87,24.87,349721,8697561.0
002155.SZ,2026-05-28 09:30:00,24.58,24.6,24.51,24.56,819400,20138612.0
002155.SZ,2026-05-28 09:31:00,24.49,24.49,24.06,24.17,1481800,35900910.0
002155.SZ,2026-05-28 09:32:00,24.19,24.41,24.17,24.31,512080,12425577.0
002155.SZ,2026-05-28 09:33:00,24.29,24.3,24.25,24.28,487700,11838669.0
002155.SZ,2026-05-28 09:34:00,24.27,24.36,24.27,24.35,259595,6308829.5
002155.SZ,2026-05-28 09:35:00,24.35,24.45,24.35,24.42,284700,6942973.0
002155.SZ,2026-05-28 09:36:00,24.4,24.45,24.39,24.39,236500,5773121.0
002155.SZ,2026-05-28 09:37:00,24.39,24.41,24.37,24.38,266200,6490950.0
002155.SZ,2026-05-28 09:38:00,24.36,24.46,24.35,24.46,393950,9615007.0
002155.SZ,2026-05-28 09:39:00,24.44,24.44,24.35,24.37,262120,6391365.0
002155.SZ,2026-05-28 09:40:00,24.36,24.39,24.36,24.37,276700,6743188.0
002155.SZ,2026-05-28 09:41:00,24.38,24.38,24.33,24.33,202860,4939437.0
002155.SZ,2026-05-28 09:42:00,24.33,24.39,24.3,24.31,476000,11586904.0
002155.SZ,2026-05-28 09:43:00,24.31,24.31,24.2,24.2,370400,8983346.0
002155.SZ,2026-05-28 09:44:00,24.19,24.24,24.18,24.22,334900,8104585.0
002155.SZ,2026-05-28 09:45:00,24.22,24.25,24.21,24.21,215300,5215551.5
002155.SZ,2026-05-28 09:46:00,24.21,24.22,24.18,24.2,357067,8640121.0
002155.SZ,2026-05-28 09:47:00,24.19,24.3,24.19,24.28,281300,6814665.0
002155.SZ,2026-05-28 09:48:00,24.3,24.32,24.26,24.29,181900,4417877.0
002155.SZ,2026-05-28 09:49:00,24.29,24.29,24.18,24.18,210200,5090736.0
002155.SZ,2026-05-28 09:50:00,24.17,24.22,24.17,24.2,390800,9454428.0
002155.SZ,2026-05-28 09:51:00,24.19,24.19,24.11,24.11,481600,11629602.0
002155.SZ,2026-05-28 09:52:00,24.11,24.13,24.1,24.1,548500,13224664.0
002155.SZ,2026-05-28 09:53:00,24.06,24.06,24.01,24.04,645800,15525055.0
002155.SZ,2026-05-28 09:54:00,24.03,24.04,24.01,24.01,569000,13667840.0
002155.SZ,2026-05-28 09:55:00,24.0,24.04,24.0,24.02,551400,13241603.0
002155.SZ,2026-05-28 09:56:00,24.04,24.04,23.98,23.99,718600,17251612.0
002155.SZ,2026-05-28 09:57:00,23.99,23.99,23.89,23.9,608200,14547304.0
002155.SZ,2026-05-28 09:58:00,23.9,23.94,23.9,23.93,432240,10336852.0
002155.SZ,2026-05-28 09:59:00,23.92,23.98,23.88,23.98,543500,12997657.0
002155.SZ,2026-05-28 10:00:00,23.98,24.0,23.93,23.94,274200,6569425.0
002155.SZ,2026-05-28 10:01:00,23.95,24.01,23.95,24.01,323300,7759180.0
002155.SZ,2026-05-28 10:02:00,24.0,24.02,23.98,23.98,291300,6991012.0
002155.SZ,2026-05-28 10:03:00,23.99,24.07,23.99,24.05,232000,5573505.0
002155.SZ,2026-05-28 10:04:00,24.04,24.1,24.04,24.08,247800,5964867.0
002155.SZ,2026-05-28 10:05:00,24.07,24.07,24.03,24.03,166800,4012176.0
002155.SZ,2026-05-28 10:06:00,24.03,24.07,24.01,24.04,210900,5071165.0
002155.SZ,2026-05-28 10:07:00,24.05,24.06,24.03,24.03,115200,2769659.0
002155.SZ,2026-05-28 10:08:00,24.03,24.03,23.96,23.97,195500,4692132.0
002155.SZ,2026-05-28 10:09:00,23.97,23.98,23.95,23.97,148910,3567773.5
002155.SZ,2026-05-28 10:10:00,23.96,24.02,23.95,24.0,174900,4192961.0
002155.SZ,2026-05-28 10:11:00,24.01,24.01,23.97,23.98,120930,2901043.5
002155.SZ,2026-05-28 10:12:00,23.98,23.98,23.95,23.95,219070,5248476.0
002155.SZ,2026-05-28 10:13:00,23.96,23.96,23.94,23.95,248200,5944565.0
002155.SZ,2026-05-28 10:14:00,23.94,23.94,23.9,23.91,183800,4396072.0
002155.SZ,2026-05-28 10:15:00,23.9,23.92,23.9,23.91,343530,8213068.0
002155.SZ,2026-05-28 10:16:00,23.91,23.98,23.91,23.95,192100,4600208.0
002155.SZ,2026-05-28 10:17:00,23.95,24.0,23.95,23.99,102580,2459894.2
002155.SZ,2026-05-28 10:18:00,23.97,24.0,23.97,23.97,158100,3791988.0
002155.SZ,2026-05-28 10:19:00,23.98,24.01,23.97,24.01,286530,6873922.0
002155.SZ,2026-05-28 10:20:00,24.02,24.02,23.99,24.01,71400,1713776.0
002155.SZ,2026-05-28 10:21:00,24.01,24.06,24.01,24.06,178200,4284067.0
002155.SZ,2026-05-28 10:22:00,24.04,24.04,24.0,24.0,154700,3716753.0
002155.SZ,2026-05-28 10:23:00,24.0,24.0,23.96,23.96,151400,3630265.0
002155.SZ,2026-05-28 10:24:00,23.97,24.0,23.96,23.99,82700,1982938.0
002155.SZ,2026-05-28 10:25:00,23.98,24.01,23.98,24.0,113130,2714761.0
002155.SZ,2026-05-28 10:26:00,24.0,24.05,23.99,24.04,95000,2281955.8
002155.SZ,2026-05-28 10:27:00,24.04,24.08,24.04,24.08,141000,3393215.0
002155.SZ,2026-05-28 10:28:00,24.08,24.08,24.05,24.05,65100,1566760.0
002155.SZ,2026-05-28 10:29:00,24.06,24.07,24.04,24.04,90200,2170085.0
002155.SZ,2026-05-28 10:30:00,24.04,24.04,24.01,24.01,84500,2030048.0
002155.SZ,2026-05-28 10:31:00,24.01,24.09,24.01,24.09,173000,4161078.0
002155.SZ,2026-05-28 10:32:00,24.1,24.1,24.06,24.07,83300,2006051.0
002155.SZ,2026-05-28 10:33:00,24.07,24.1,24.07,24.08,149600,3603862.0
002155.SZ,2026-05-28 10:34:00,24.09,24.11,24.09,24.1,58700,1414732.0
002155.SZ,2026-05-28 10:35:00,24.11,24.18,24.11,24.18,192486,4646442.5
002155.SZ,2026-05-28 10:36:00,24.19,24.2,24.17,24.17,100200,2422925.0
002155.SZ,2026-05-28 10:37:00,24.19,24.2,24.16,24.18,114600,2771250.0
002155.SZ,2026-05-28 10:38:00,24.18,24.18,24.13,24.13,108650,2625131.5
002155.SZ,2026-05-28 10:39:00,24.13,24.13,24.12,24.12,36400,878229.0
002155.SZ,2026-05-28 10:40:00,24.13,24.16,24.13,24.15,72800,1757704.0
002155.SZ,2026-05-28 10:41:00,24.15,24.17,24.13,24.14,63100,1523961.0
002155.SZ,2026-05-28 10:42:00,24.14,24.14,24.1,24.11,93614,2257648.8
002155.SZ,2026-05-28 10:43:00,24.11,24.13,24.1,24.11,43000,1036673.0
002155.SZ,2026-05-28 10:44:00,24.1,24.12,24.1,24.1,45100,1087379.0
002155.SZ,2026-05-28 10:45:00,24.11,24.11,24.08,24.09,55500,1336953.0
002155.SZ,2026-05-28 10:46:00,24.08,24.08,24.06,24.06,100700,2424273.0
002155.SZ,2026-05-28 10:47:00,24.07,24.07,24.03,24.03,127990,3077119.8
002155.SZ,2026-05-28 10:48:00,24.03,24.07,24.03,24.07,103000,2476885.0
002155.SZ,2026-05-28 10:49:00,24.08,24.13,24.07,24.12,102300,2465455.0
002155.SZ,2026-05-28 10:50:00,24.13,24.14,24.12,24.13,69800,1684642.0
002155.SZ,2026-05-28 10:51:00,24.15,24.16,24.11,24.11,73500,1773702.0
002155.SZ,2026-05-28 10:52:00,24.1,24.12,24.07,24.11,114200,2751800.0
002155.SZ,2026-05-28 10:53:00,24.11,24.13,24.1,24.1,62200,1500076.0
002155.SZ,2026-05-28 10:54:00,24.1,24.11,24.09,24.11,43600,1050731.0
002155.SZ,2026-05-28 10:55:00,24.11,24.12,24.09,24.1,97500,2350483.0
002155.SZ,2026-05-28 10:56:00,24.09,24.12,24.09,24.12,37700,908883.0
002155.SZ,2026-05-28 10:57:00,24.12,24.12,24.1,24.1,24400,588297.0
002155.SZ,2026-05-28 10:58:00,24.1,24.1,24.08,24.08,34500,830950.0
002155.SZ,2026-05-28 10:59:00,24.08,24.09,24.08,24.09,72200,1738948.0
002155.SZ,2026-05-28 11:00:00,24.09,24.1,24.08,24.08,55300,1332296.0
002155.SZ,2026-05-28 11:01:00,24.08,24.09,24.06,24.06,55300,1331280.0
002155.SZ,2026-05-28 11:02:00,24.06,24.07,24.05,24.05,69500,1672021.0
002155.SZ,2026-05-28 11:03:00,24.05,24.09,24.05,24.09,57600,1386491.0
002155.SZ,2026-05-28 11:04:00,24.09,24.11,24.06,24.09,74520,1794901.4
002155.SZ,2026-05-28 11:05:00,24.09,24.1,24.08,24.09,48300,1163805.0
002155.SZ,2026-05-28 11:06:00,24.08,24.08,24.06,24.06,70600,1699372.0
002155.SZ,2026-05-28 11:07:00,24.06,24.06,24.01,24.01,182600,4390030.0
002155.SZ,2026-05-28 11:08:00,24.01,24.08,24.01,24.07,96900,2329056.0
002155.SZ,2026-05-28 11:09:00,24.06,24.12,24.06,24.1,70600,1701033.0
002155.SZ,2026-05-28 11:10:00,24.16,24.17,24.14,24.16,116211,2805735.8
002155.SZ,2026-05-28 11:11:00,24.15,24.17,24.15,24.15,38400,927655.0
002155.SZ,2026-05-28 11:12:00,24.15,24.15,24.09,24.09,120300,2897481.0
002155.SZ,2026-05-28 11:13:00,24.09,24.11,24.09,24.1,28300,681972.0
002155.SZ,2026-05-28 11:14:00,24.1,24.12,24.1,24.11,29780,717884.0
002155.SZ,2026-05-28 11:15:00,24.11,24.13,24.1,24.13,45100,1087197.0
002155.SZ,2026-05-28 11:16:00,24.13,24.16,24.13,24.15,139500,3369594.0
002155.SZ,2026-05-28 11:17:00,24.15,24.15,24.13,24.14,104000,2511089.0
002155.SZ,2026-05-28 11:18:00,24.13,24.14,24.11,24.12,50300,1213679.0
002155.SZ,2026-05-28 11:19:00,24.12,24.12,24.07,24.09,74300,1790551.0
002155.SZ,2026-05-28 11:20:00,24.1,24.11,24.1,24.1,31700,764029.0
002155.SZ,2026-05-28 11:21:00,24.1,24.13,24.1,24.11,34500,831925.0
002155.SZ,2026-05-28 11:22:00,24.11,24.11,24.05,24.06,76000,1830090.0
002155.SZ,2026-05-28 11:23:00,24.08,24.1,24.07,24.09,34700,835805.0
002155.SZ,2026-05-28 11:24:00,24.09,24.15,24.09,24.15,59800,1443215.0
002155.SZ,2026-05-28 11:25:00,24.14,24.17,24.12,24.17,76300,1842598.0
002155.SZ,2026-05-28 11:26:00,24.16,24.18,24.16,24.18,48100,1162875.0
002155.SZ,2026-05-28 11:27:00,24.18,24.21,24.18,24.2,128600,3111485.0
002155.SZ,2026-05-28 11:28:00,24.21,24.23,24.21,24.22,81100,1963796.0
002155.SZ,2026-05-28 11:29:00,24.22,24.25,24.22,24.22,93660,2269567.2
002155.SZ,2026-05-28 11:30:00,24.22,24.27,24.22,24.25,106177,2574721.5
002155.SZ,2026-05-28 13:01:00,24.23,24.23,24.05,24.07,503163,12148667.0
002155.SZ,2026-05-28 13:02:00,24.06,24.07,24.02,24.02,189600,4557244.0
002155.SZ,2026-05-28 13:03:00,24.01,24.02,23.98,24.0,404800,9715674.0
002155.SZ,2026-05-28 13:04:00,23.99,24.03,23.98,24.03,178100,4274440.0
002155.SZ,2026-05-28 13:05:00,24.05,24.1,24.05,24.08,187900,4524935.0
002155.SZ,2026-05-28 13:06:00,24.05,24.08,24.02,24.08,132600,3189217.0
002155.SZ,2026-05-28 13:07:00,24.08,24.14,24.08,24.14,108700,2619766.0
002155.SZ,2026-05-28 13:08:00,24.13,24.15,24.12,24.15,100300,2420385.0
002155.SZ,2026-05-28 13:09:00,24.15,24.15,24.1,24.12,158800,3831923.0
002155.SZ,2026-05-28 13:10:00,24.12,24.15,24.11,24.11,103100,2487704.0
002155.SZ,2026-05-28 13:11:00,24.11,24.11,24.06,24.06,100200,2412939.0
002155.SZ,2026-05-28 13:12:00,24.06,24.06,24.02,24.05,243900,5861965.0
002155.SZ,2026-05-28 13:13:00,24.06,24.1,24.06,24.08,251637,6058883.0
002155.SZ,2026-05-28 13:14:00,24.08,24.09,24.08,24.08,49700,1196860.0
002155.SZ,2026-05-28 13:15:00,24.08,24.13,24.07,24.11,224800,5415402.0
002155.SZ,2026-05-28 13:16:00,24.1,24.12,24.09,24.11,70900,1708924.0
002155.SZ,2026-05-28 13:17:00,24.11,24.12,24.09,24.09,54700,1318367.0
002155.SZ,2026-05-28 13:18:00,24.11,24.11,24.08,24.1,73200,1763754.0
002155.SZ,2026-05-28 13:19:00,24.1,24.11,24.09,24.09,70700,1703780.0
002155.SZ,2026-05-28 13:20:00,24.08,24.13,24.08,24.13,168900,4071795.0
002155.SZ,2026-05-28 13:21:00,24.13,24.16,24.12,24.15,423000,10207307.0
002155.SZ,2026-05-28 13:22:00,24.15,24.17,24.14,24.17,60200,1453977.0
002155.SZ,2026-05-28 13:23:00,24.16,24.18,24.14,24.16,108200,2612673.0
002155.SZ,2026-05-28 13:24:00,24.16,24.17,24.15,24.16,36100,872155.0
002155.SZ,2026-05-28 13:25:00,24.16,24.2,24.16,24.17,206200,4985458.0
002155.SZ,2026-05-28 13:26:00,24.18,24.22,24.17,24.22,109100,2640606.0
002155.SZ,2026-05-28 13:27:00,24.23,24.28,24.23,24.28,261550,6343037.5
002155.SZ,2026-05-28 13:28:00,24.28,24.34,24.28,24.33,259100,6298119.0
002155.SZ,2026-05-28 13:29:00,24.31,24.33,24.3,24.31,77800,1891463.0
002155.SZ,2026-05-28 13:30:00,24.32,24.34,24.31,24.31,137600,3347209.0
002155.SZ,2026-05-28 13:31:00,24.3,24.31,24.28,24.3,159600,3877442.0
002155.SZ,2026-05-28 13:32:00,24.3,24.37,24.3,24.32,245200,5968009.0
002155.SZ,2026-05-28 13:33:00,24.31,24.34,24.31,24.34,34400,836922.0
002155.SZ,2026-05-28 13:34:00,24.33,24.44,24.33,24.44,192200,4686050.0
002155.SZ,2026-05-28 13:35:00,24.44,24.45,24.4,24.42,158043,3860335.2
002155.SZ,2026-05-28 13:36:00,24.42,24.44,24.42,24.43,91100,2225655.0
002155.SZ,2026-05-28 13:37:00,24.44,24.45,24.42,24.43,183700,4492748.0
002155.SZ,2026-05-28 13:38:00,24.43,24.46,24.43,24.46,110800,2708175.0
002155.SZ,2026-05-28 13:39:00,24.46,24.5,24.46,24.48,267000,6535587.0
002155.SZ,2026-05-28 13:40:00,24.48,24.52,24.48,24.51,129400,3170293.0
002155.SZ,2026-05-28 13:41:00,24.52,24.59,24.52,24.59,208700,5124711.0
002155.SZ,2026-05-28 13:42:00,24.59,24.61,24.58,24.58,230574,5670215.0
002155.SZ,2026-05-28 13:43:00,24.58,24.65,24.57,24.65,190700,4690317.0
002155.SZ,2026-05-28 13:44:00,24.62,24.65,24.59,24.65,179000,4407066.0
002155.SZ,2026-05-28 13:45:00,24.64,24.66,24.63,24.65,154300,3802792.0
002155.SZ,2026-05-28 13:46:00,24.65,24.7,24.65,24.69,136300,3363674.0
002155.SZ,2026-05-28 13:47:00,24.72,24.76,24.72,24.74,255800,6327286.0
002155.SZ,2026-05-28 13:48:00,24.74,24.77,24.72,24.76,373200,9228219.0
002155.SZ,2026-05-28 13:49:00,24.75,24.75,24.71,24.73,110000,2719863.0
002155.SZ,2026-05-28 13:50:00,24.74,24.74,24.7,24.72,151500,3744941.0
002155.SZ,2026-05-28 13:51:00,24.73,24.78,24.71,24.71,239428,5927045.0
002155.SZ,2026-05-28 13:52:00,24.74,24.78,24.72,24.77,135100,3344704.0
002155.SZ,2026-05-28 13:53:00,24.78,24.8,24.76,24.76,417800,10353070.0
002155.SZ,2026-05-28 13:54:00,24.72,24.75,24.71,24.72,145000,3584028.8
002155.SZ,2026-05-28 13:55:00,24.71,24.75,24.71,24.73,79400,1964355.0
002155.SZ,2026-05-28 13:56:00,24.72,24.72,24.65,24.65,219772,5425815.5
002155.SZ,2026-05-28 13:57:00,24.64,24.65,24.62,24.62,219300,5402649.0
002155.SZ,2026-05-28 13:58:00,24.64,24.7,24.63,24.66,166800,4113501.0
002155.SZ,2026-05-28 13:59:00,24.65,24.67,24.65,24.67,81100,1999992.0
002155.SZ,2026-05-28 14:00:00,24.66,24.68,24.61,24.67,339800,8369073.0
002155.SZ,2026-05-28 14:01:00,24.67,24.71,24.67,24.7,89500,2210324.0
002155.SZ,2026-05-28 14:02:00,24.7,24.71,24.67,24.67,86500,2135401.8
002155.SZ,2026-05-28 14:03:00,24.66,24.72,24.66,24.69,205500,5074777.0
002155.SZ,2026-05-28 14:04:00,24.7,24.72,24.69,24.69,59200,1462538.0
002155.SZ,2026-05-28 14:05:00,24.69,24.69,24.67,24.68,70800,1747453.0
002155.SZ,2026-05-28 14:06:00,24.67,24.73,24.66,24.71,196400,4851125.0
002155.SZ,2026-05-28 14:07:00,24.69,24.69,24.67,24.67,70500,1739806.0
002155.SZ,2026-05-28 14:08:00,24.67,24.68,24.65,24.65,97000,2392697.0
002155.SZ,2026-05-28 14:09:00,24.65,24.71,24.65,24.71,115600,2853769.0
002155.SZ,2026-05-28 14:10:00,24.73,24.75,24.72,24.72,100600,2486944.0
002155.SZ,2026-05-28 14:11:00,24.71,24.73,24.71,24.72,59600,1473436.0
002155.SZ,2026-05-28 14:12:00,24.73,24.74,24.7,24.71,164000,4054750.0
002155.SZ,2026-05-28 14:13:00,24.71,24.71,24.68,24.69,85200,2103476.0
002155.SZ,2026-05-28 14:14:00,24.68,24.69,24.67,24.68,58300,1438928.0
002155.SZ,2026-05-28 14:15:00,24.67,24.69,24.65,24.65,121400,2995883.0
002155.SZ,2026-05-28 14:16:00,24.65,24.66,24.64,24.66,59913,1477190.5
002155.SZ,2026-05-28 14:17:00,24.67,24.69,24.67,24.69,60700,1497884.0
002155.SZ,2026-05-28 14:18:00,24.69,24.69,24.66,24.68,68288,1684943.2
002155.SZ,2026-05-28 14:19:00,24.68,24.69,24.67,24.69,43597,1075831.0
002155.SZ,2026-05-28 14:20:00,24.68,24.71,24.68,24.7,87400,2158362.0
002155.SZ,2026-05-28 14:21:00,24.7,24.7,24.68,24.69,74300,1834447.0
002155.SZ,2026-05-28 14:22:00,24.68,24.68,24.65,24.68,57603,1420953.0
002155.SZ,2026-05-28 14:23:00,24.67,24.68,24.66,24.67,35000,863312.0
002155.SZ,2026-05-28 14:24:00,24.67,24.67,24.65,24.66,43500,1072749.0
002155.SZ,2026-05-28 14:25:00,24.65,24.66,24.64,24.65,52900,1303882.0
002155.SZ,2026-05-28 14:26:00,24.65,24.71,24.64,24.71,132500,3268790.0
002155.SZ,2026-05-28 14:27:00,24.7,24.71,24.65,24.67,120600,2977057.0
002155.SZ,2026-05-28 14:28:00,24.66,24.66,24.64,24.65,56700,1397762.0
002155.SZ,2026-05-28 14:29:00,24.65,24.65,24.63,24.65,92100,2269202.0
002155.SZ,2026-05-28 14:30:00,24.65,24.68,24.65,24.66,76500,1886771.0
002155.SZ,2026-05-28 14:31:00,24.66,24.67,24.65,24.66,103200,2544836.0
002155.SZ,2026-05-28 14:32:00,24.67,24.7,24.66,24.69,116800,2883366.0
002155.SZ,2026-05-28 14:33:00,24.7,24.72,24.7,24.72,143300,3541704.0
002155.SZ,2026-05-28 14:34:00,24.72,24.75,24.72,24.73,205100,5072491.0
002155.SZ,2026-05-28 14:35:00,24.73,24.74,24.72,24.73,100600,2487209.0
002155.SZ,2026-05-28 14:36:00,24.72,24.76,24.72,24.75,125700,3109586.0
002155.SZ,2026-05-28 14:37:00,24.75,24.76,24.72,24.73,180200,4457214.0
002155.SZ,2026-05-28 14:38:00,24.72,24.73,24.71,24.71,46300,1144288.0
002155.SZ,2026-05-28 14:39:00,24.71,24.71,24.69,24.69,105100,2596378.0
002155.SZ,2026-05-28 14:40:00,24.69,24.69,24.67,24.68,133700,3300461.0
002155.SZ,2026-05-28 14:41:00,24.68,24.68,24.67,24.68,98300,2425648.0
002155.SZ,2026-05-28 14:42:00,24.68,24.71,24.68,24.71,73181,1807112.8
002155.SZ,2026-05-28 14:43:00,24.7,24.71,24.69,24.69,70119,1731638.2
002155.SZ,2026-05-28 14:44:00,24.69,24.7,24.66,24.67,80300,1981869.0
002155.SZ,2026-05-28 14:45:00,24.66,24.66,24.63,24.63,150800,3716563.0
002155.SZ,2026-05-28 14:46:00,24.63,24.65,24.63,24.64,210900,5196912.0
002155.SZ,2026-05-28 14:47:00,24.63,24.66,24.63,24.64,170300,4197389.0
002155.SZ,2026-05-28 14:48:00,24.65,24.66,24.64,24.64,72100,1777177.0
002155.SZ,2026-05-28 14:49:00,24.65,24.65,24.64,24.64,95434,2352068.0
002155.SZ,2026-05-28 14:50:00,24.64,24.65,24.63,24.65,85300,2101988.0
002155.SZ,2026-05-28 14:51:00,24.64,24.65,24.63,24.64,383600,9457013.0
002155.SZ,2026-05-28 14:52:00,24.64,24.66,24.64,24.64,138400,3411375.0
002155.SZ,2026-05-28 14:53:00,24.65,24.66,24.65,24.66,148400,3659019.0
002155.SZ,2026-05-28 14:54:00,24.65,24.66,24.65,24.66,130561,3218886.8
002155.SZ,2026-05-28 14:55:00,24.65,24.66,24.64,24.64,218400,5383835.0
002155.SZ,2026-05-28 14:56:00,24.65,24.68,24.65,24.67,157681,3889472.8
002155.SZ,2026-05-28 14:57:00,24.67,24.7,24.67,24.7,182077,4494856.5
002155.SZ,2026-05-28 14:58:00,24.7,24.7,24.7,24.7,0,0.0
002155.SZ,2026-05-28 14:59:00,24.7,24.7,24.7,24.7,0,0.0
002155.SZ,2026-05-28 15:00:00,24.64,24.64,24.64,24.64,208200,5130048.0
002155.SZ,2026-05-29 09:30:00,25.2,25.3,25.2,25.21,924700,23319044.0
002155.SZ,2026-05-29 09:31:00,25.2,25.48,25.1,25.14,2227530,56300036.0
002155.SZ,2026-05-29 09:32:00,25.13,25.13,24.91,24.96,854200,21396292.0
002155.SZ,2026-05-29 09:33:00,24.96,24.96,24.88,24.9,491601,12250375.0
002155.SZ,2026-05-29 09:34:00,24.91,25.01,24.91,24.92,541300,13535900.0
002155.SZ,2026-05-29 09:35:00,24.93,24.93,24.82,24.88,398000,9909983.0
002155.SZ,2026-05-29 09:36:00,24.84,24.88,24.84,24.85,374300,9307111.0
002155.SZ,2026-05-29 09:37:00,24.84,24.86,24.81,24.85,311792,7744605.5
002155.SZ,2026-05-29 09:38:00,24.84,24.94,24.84,24.91,289900,7216551.0
002155.SZ,2026-05-29 09:39:00,24.92,24.92,24.85,24.85,543800,13519071.0
002155.SZ,2026-05-29 09:40:00,24.82,24.84,24.8,24.82,265910,6598001.0
002155.SZ,2026-05-29 09:41:00,24.81,24.84,24.8,24.82,154300,3829337.0
002155.SZ,2026-05-29 09:42:00,24.82,24.86,24.82,24.82,243600,6049677.0
002155.SZ,2026-05-29 09:43:00,24.81,24.87,24.81,24.82,189900,4717311.0
002155.SZ,2026-05-29 09:44:00,24.83,24.89,24.83,24.85,160930,4004408.0
002155.SZ,2026-05-29 09:45:00,24.84,24.84,24.8,24.8,433590,10760016.0
002155.SZ,2026-05-29 09:46:00,24.8,24.83,24.76,24.76,277110,6868930.5
002155.SZ,2026-05-29 09:47:00,24.76,24.8,24.76,24.8,212000,5250559.0
002155.SZ,2026-05-29 09:48:00,24.8,24.82,24.72,24.76,256200,6340329.0
002155.SZ,2026-05-29 09:49:00,24.75,24.76,24.7,24.7,220900,5463574.0
002155.SZ,2026-05-29 09:50:00,24.7,24.7,24.65,24.67,305500,7537359.0
002155.SZ,2026-05-29 09:51:00,24.67,24.67,24.62,24.66,411900,10152646.0
002155.SZ,2026-05-29 09:52:00,24.66,24.67,24.61,24.62,202400,4987426.0
002155.SZ,2026-05-29 09:53:00,24.6,24.65,24.6,24.6,142130,3499008.5
002155.SZ,2026-05-29 09:54:00,24.6,24.62,24.58,24.61,221720,5454403.0
002155.SZ,2026-05-29 09:55:00,24.6,24.65,24.6,24.65,132500,3262244.0
002155.SZ,2026-05-29 09:56:00,24.66,24.69,24.64,24.69,200843,4955471.0
002155.SZ,2026-05-29 09:57:00,24.67,24.69,24.65,24.67,206300,5089510.0
002155.SZ,2026-05-29 09:58:00,24.68,24.73,24.68,24.72,258500,6386304.0
002155.SZ,2026-05-29 09:59:00,24.71,24.72,24.65,24.67,145800,3599038.0
002155.SZ,2026-05-29 10:00:00,24.7,24.75,24.65,24.7,185000,4569305.0
002155.SZ,2026-05-29 10:01:00,24.7,24.75,24.7,24.73,95000,2349037.0
002155.SZ,2026-05-29 10:02:00,24.73,24.8,24.73,24.8,212600,5264286.0
002155.SZ,2026-05-29 10:03:00,24.78,24.79,24.76,24.78,128400,3181113.0
002155.SZ,2026-05-29 10:04:00,24.78,24.9,24.77,24.87,326000,8097404.0
002155.SZ,2026-05-29 10:05:00,24.87,24.88,24.8,24.87,138700,3445649.0
002155.SZ,2026-05-29 10:06:00,24.87,24.87,24.79,24.79,116500,2892441.0
002155.SZ,2026-05-29 10:07:00,24.79,24.84,24.79,24.82,78300,1943533.0
002155.SZ,2026-05-29 10:08:00,24.8,24.8,24.76,24.79,187600,4649479.0
002155.SZ,2026-05-29 10:09:00,24.78,24.78,24.71,24.72,78000,1929471.0
002155.SZ,2026-05-29 10:10:00,24.72,24.75,24.68,24.74,242610,5992500.5
002155.SZ,2026-05-29 10:11:00,24.73,24.77,24.68,24.69,100500,2485200.0
002155.SZ,2026-05-29 10:12:00,24.68,24.68,24.66,24.67,102000,2516212.0
002155.SZ,2026-05-29 10:13:00,24.67,24.74,24.66,24.71,144200,3561332.0
002155.SZ,2026-05-29 10:14:00,24.71,24.78,24.7,24.77,116200,2875839.0
002155.SZ,2026-05-29 10:15:00,24.77,24.78,24.74,24.75,84400,2090237.0
002155.SZ,2026-05-29 10:16:00,24.75,24.75,24.67,24.68,244300,6031559.0
002155.SZ,2026-05-29 10:17:00,24.7,24.74,24.7,24.74,142000,3508397.0
002155.SZ,2026-05-29 10:18:00,24.73,24.73,24.67,24.67,222600,5500568.5
002155.SZ,2026-05-29 10:19:00,24.69,24.76,24.63,24.7,337800,8332879.0
002155.SZ,2026-05-29 10:20:00,24.69,24.71,24.66,24.66,60900,1503141.0
002155.SZ,2026-05-29 10:21:00,24.67,24.68,24.65,24.68,121500,2997314.0
002155.SZ,2026-05-29 10:22:00,24.69,24.74,24.67,24.69,79800,1970803.0
002155.SZ,2026-05-29 10:23:00,24.69,24.77,24.69,24.76,172590,4269377.5
002155.SZ,2026-05-29 10:24:00,24.76,24.76,24.64,24.64,247610,6113319.5
002155.SZ,2026-05-29 10:25:00,24.64,24.67,24.63,24.65,60100,1481751.0
002155.SZ,2026-05-29 10:26:00,24.65,24.72,24.64,24.72,72300,1784244.0
002155.SZ,2026-05-29 10:27:00,24.72,24.72,24.62,24.62,120290,2966670.8
002155.SZ,2026-05-29 10:28:00,24.63,24.63,24.59,24.6,150300,3697274.0
002155.SZ,2026-05-29 10:29:00,24.61,24.62,24.58,24.6,80200,1972723.0
002155.SZ,2026-05-29 10:30:00,24.6,24.6,24.57,24.57,67200,1652073.0
002155.SZ,2026-05-29 10:31:00,24.57,24.58,24.52,24.52,100700,2471533.0
002155.SZ,2026-05-29 10:32:00,24.53,24.53,24.5,24.51,197490,4839992.0
002155.SZ,2026-05-29 10:33:00,24.51,24.57,24.48,24.56,99400,2436981.0
002155.SZ,2026-05-29 10:34:00,24.56,24.6,24.55,24.59,78000,1916068.0
002155.SZ,2026-05-29 10:35:00,24.59,24.6,24.57,24.6,61900,1522315.0
002155.SZ,2026-05-29 10:36:00,24.6,24.7,24.6,24.66,88910,2191908.2
002155.SZ,2026-05-29 10:37:00,24.65,24.67,24.61,24.61,58000,1429643.0
002155.SZ,2026-05-29 10:38:00,24.62,24.66,24.58,24.66,110000,2708290.0
002155.SZ,2026-05-29 10:39:00,24.66,24.7,24.63,24.7,57900,1428795.0
002155.SZ,2026-05-29 10:40:00,24.67,24.72,24.64,24.72,139700,3449899.0
002155.SZ,2026-05-29 10:41:00,24.72,24.72,24.7,24.71,69100,1707367.0
002155.SZ,2026-05-29 10:42:00,24.69,24.69,24.67,24.67,22800,562730.0
002155.SZ,2026-05-29 10:43:00,24.66,24.68,24.64,24.67,42100,1038214.0
002155.SZ,2026-05-29 10:44:00,24.66,24.68,24.66,24.68,36800,907688.0
002155.SZ,2026-05-29 10:45:00,24.67,24.67,24.66,24.66,36800,907702.0
002155.SZ,2026-05-29 10:46:00,24.66,24.66,24.62,24.63,52500,1293758.0
002155.SZ,2026-05-29 10:47:00,24.62,24.62,24.58,24.58,52000,1279319.2
002155.SZ,2026-05-29 10:48:00,24.58,24.59,24.57,24.57,39900,980580.0
002155.SZ,2026-05-29 10:49:00,24.57,24.57,24.52,24.56,82400,2022954.0
002155.SZ,2026-05-29 10:50:00,24.55,24.59,24.55,24.58,27700,680450.0
002155.SZ,2026-05-29 10:51:00,24.58,24.6,24.57,24.6,33500,823727.0
002155.SZ,2026-05-29 10:52:00,24.61,24.64,24.6,24.63,16200,398842.0
002155.SZ,2026-05-29 10:53:00,24.63,24.63,24.6,24.6,43300,1065718.0
002155.SZ,2026-05-29 10:54:00,24.6,24.65,24.6,24.6,51100,1257866.0
002155.SZ,2026-05-29 10:55:00,24.58,24.58,24.54,24.54,99300,2439481.8
002155.SZ,2026-05-29 10:56:00,24.55,24.56,24.54,24.55,25200,618677.0
002155.SZ,2026-05-29 10:57:00,24.53,24.54,24.51,24.52,62300,1528110.0
002155.SZ,2026-05-29 10:58:00,24.52,24.52,24.49,24.5,102300,2506312.0
002155.SZ,2026-05-29 10:59:00,24.5,24.5,24.43,24.46,155710,3810659.0
002155.SZ,2026-05-29 11:00:00,24.46,24.5,24.46,24.49,55100,1348800.0
002155.SZ,2026-05-29 11:01:00,24.49,24.5,24.41,24.43,126900,3101592.0
002155.SZ,2026-05-29 11:02:00,24.43,24.45,24.37,24.42,202300,4935239.0
002155.SZ,2026-05-29 11:03:00,24.42,24.45,24.41,24.41,56700,1384966.0
002155.SZ,2026-05-29 11:04:00,24.41,24.42,24.4,24.4,65600,1600959.0
002155.SZ,2026-05-29 11:05:00,24.4,24.41,24.39,24.41,145700,3556314.0
002155.SZ,2026-05-29 11:06:00,24.4,24.4,24.39,24.39,70400,1717395.0
002155.SZ,2026-05-29 11:07:00,24.39,24.44,24.39,24.41,66400,1620075.0
002155.SZ,2026-05-29 11:08:00,24.41,24.42,24.39,24.39,179000,4366012.0
002155.SZ,2026-05-29 11:09:00,24.39,24.39,24.38,24.39,100860,2460153.8
002155.SZ,2026-05-29 11:10:00,24.38,24.39,24.37,24.37,83240,2029276.2
002155.SZ,2026-05-29 11:11:00,24.37,24.38,24.36,24.38,32030,780710.1
002155.SZ,2026-05-29 11:12:00,24.37,24.4,24.36,24.4,50600,1233520.0
002155.SZ,2026-05-29 11:13:00,24.39,24.43,24.39,24.4,146000,3562583.0
002155.SZ,2026-05-29 11:14:00,24.39,24.41,24.38,24.39,64400,1570879.0
002155.SZ,2026-05-29 11:15:00,24.41,24.42,24.39,24.39,66900,1632459.0
002155.SZ,2026-05-29 11:16:00,24.38,24.39,24.32,24.33,126300,3077150.0
002155.SZ,2026-05-29 11:17:00,24.32,24.38,24.32,24.38,88200,2148153.0
002155.SZ,2026-05-29 11:18:00,24.37,24.39,24.37,24.38,25400,618999.0
002155.SZ,2026-05-29 11:19:00,24.38,24.43,24.38,24.42,75340,1838448.2
002155.SZ,2026-05-29 11:20:00,24.43,24.44,24.42,24.44,19100,466634.0
002155.SZ,2026-05-29 11:21:00,24.42,24.44,24.41,24.44,38400,937929.0
002155.SZ,2026-05-29 11:22:00,24.43,24.44,24.38,24.39,49600,1210792.0
002155.SZ,2026-05-29 11:23:00,24.38,24.4,24.37,24.4,36900,899700.7
002155.SZ,2026-05-29 11:24:00,24.39,24.41,24.34,24.34,76770,1870444.9
002155.SZ,2026-05-29 11:25:00,24.34,24.36,24.33,24.33,62400,1518869.0
002155.SZ,2026-05-29 11:26:00,24.34,24.35,24.33,24.33,21000,511147.0
002155.SZ,2026-05-29 11:27:00,24.33,24.34,24.33,24.34,46600,1134049.0
002155.SZ,2026-05-29 11:28:00,24.34,24.37,24.33,24.34,56500,1375427.0
002155.SZ,2026-05-29 11:29:00,24.34,24.35,24.33,24.34,78800,1917829.0
002155.SZ,2026-05-29 11:30:00,24.32,24.33,24.31,24.32,42500,1033708.0
002155.SZ,2026-05-29 13:01:00,24.36,24.5,24.36,24.5,291720,7123796.0
002155.SZ,2026-05-29 13:02:00,24.49,24.51,24.45,24.5,99600,2438257.0
002155.SZ,2026-05-29 13:03:00,24.47,24.51,24.44,24.5,109900,2689323.0
002155.SZ,2026-05-29 13:04:00,24.51,24.51,24.49,24.5,44000,1077852.0
002155.SZ,2026-05-29 13:05:00,24.47,24.48,24.42,24.42,77400,1893423.0
002155.SZ,2026-05-29 13:06:00,24.42,24.46,24.41,24.46,70500,1722570.0
002155.SZ,2026-05-29 13:07:00,24.47,24.47,24.41,24.42,34600,845942.0
002155.SZ,2026-05-29 13:08:00,24.43,24.55,24.42,24.52,128130,3139429.5
002155.SZ,2026-05-29 13:09:00,24.52,24.56,24.52,24.55,102000,2503853.0
002155.SZ,2026-05-29 13:10:00,24.56,24.58,24.56,24.56,91700,2253230.0
002155.SZ,2026-05-29 13:11:00,24.57,24.58,24.55,24.56,114600,2816007.0
002155.SZ,2026-05-29 13:12:00,24.54,24.54,24.49,24.51,70200,1721220.0
002155.SZ,2026-05-29 13:13:00,24.52,24.52,24.49,24.5,30300,742405.0
002155.SZ,2026-05-29 13:14:00,24.51,24.55,24.5,24.53,97492,2391509.8
002155.SZ,2026-05-29 13:15:00,24.52,24.56,24.52,24.55,50900,1248571.0
002155.SZ,2026-05-29 13:16:00,24.55,24.58,24.55,24.57,64900,1594472.0
002155.SZ,2026-05-29 13:17:00,24.57,24.6,24.55,24.55,107500,2642397.0
002155.SZ,2026-05-29 13:18:00,24.58,24.58,24.53,24.53,74300,1825045.0
002155.SZ,2026-05-29 13:19:00,24.54,24.58,24.53,24.58,44800,1099824.0
002155.SZ,2026-05-29 13:20:00,24.58,24.58,24.57,24.58,37400,919055.0
002155.SZ,2026-05-29 13:21:00,24.57,24.59,24.57,24.58,60200,1479460.0
002155.SZ,2026-05-29 13:22:00,24.58,24.6,24.58,24.58,36800,904696.0
002155.SZ,2026-05-29 13:23:00,24.57,24.59,24.57,24.59,32200,791459.0
002155.SZ,2026-05-29 13:24:00,24.59,24.6,24.57,24.59,24370,599165.6
002155.SZ,2026-05-29 13:25:00,24.58,24.59,24.56,24.56,90230,2217237.8
002155.SZ,2026-05-29 13:26:00,24.56,24.57,24.52,24.52,218700,5368314.0
002155.SZ,2026-05-29 13:27:00,24.52,24.55,24.52,24.55,49030,1203117.9
002155.SZ,2026-05-29 13:28:00,24.55,24.55,24.5,24.5,41300,1012739.0
002155.SZ,2026-05-29 13:29:00,24.51,24.51,24.49,24.5,67500,1653690.0
002155.SZ,2026-05-29 13:30:00,24.5,24.51,24.49,24.5,64500,1580253.0
002155.SZ,2026-05-29 13:31:00,24.48,24.48,24.45,24.46,100100,2449143.0
002155.SZ,2026-05-29 13:32:00,24.46,24.46,24.42,24.42,43770,1069631.4
002155.SZ,2026-05-29 13:33:00,24.42,24.45,24.42,24.45,30900,755150.4
002155.SZ,2026-05-29 13:34:00,24.44,24.47,24.44,24.46,48400,1183177.0
002155.SZ,2026-05-29 13:35:00,24.45,24.48,24.44,24.46,46530,1137922.5
002155.SZ,2026-05-29 13:36:00,24.46,24.47,24.44,24.44,63900,1563396.0
002155.SZ,2026-05-29 13:37:00,24.42,24.44,24.42,24.44,37400,913644.0
002155.SZ,2026-05-29 13:38:00,24.43,24.44,24.42,24.44,26900,657261.0
002155.SZ,2026-05-29 13:39:00,24.44,24.44,24.4,24.4,81400,1987738.0
002155.SZ,2026-05-29 13:40:00,24.41,24.41,24.39,24.4,21900,534318.0
002155.SZ,2026-05-29 13:41:00,24.39,24.4,24.39,24.39,28000,683078.0
002155.SZ,2026-05-29 13:42:00,24.4,24.4,24.37,24.38,90900,2216647.0
002155.SZ,2026-05-29 13:43:00,24.38,24.39,24.37,24.38,57800,1409163.0
002155.SZ,2026-05-29 13:44:00,24.37,24.39,24.36,24.38,57000,1389281.0
002155.SZ,2026-05-29 13:45:00,24.38,24.38,24.37,24.37,61400,1496749.0
002155.SZ,2026-05-29 13:46:00,24.37,24.38,24.37,24.38,33000,804257.0
002155.SZ,2026-05-29 13:47:00,24.38,24.42,24.38,24.42,94000,2293237.0
002155.SZ,2026-05-29 13:48:00,24.41,24.41,24.4,24.41,47100,1149417.0
002155.SZ,2026-05-29 13:49:00,24.41,24.42,24.4,24.41,31500,768869.0
002155.SZ,2026-05-29 13:50:00,24.41,24.41,24.39,24.41,47500,1158809.0
002155.SZ,2026-05-29 13:51:00,24.4,24.41,24.36,24.37,93000,2267251.0
002155.SZ,2026-05-29 13:52:00,24.36,24.37,24.36,24.36,41700,1015867.0
002155.SZ,2026-05-29 13:53:00,24.36,24.36,24.33,24.33,80900,1969256.0
002155.SZ,2026-05-29 13:54:00,24.32,24.32,24.3,24.31,208300,5063724.0
002155.SZ,2026-05-29 13:55:00,24.31,24.31,24.29,24.29,127500,3098102.0
002155.SZ,2026-05-29 13:56:00,24.28,24.31,24.28,24.29,55600,1350786.0
002155.SZ,2026-05-29 13:57:00,24.29,24.3,24.27,24.27,77300,1876903.0
002155.SZ,2026-05-29 13:58:00,24.27,24.28,24.26,24.27,46700,1133374.0
002155.SZ,2026-05-29 13:59:00,24.27,24.27,24.26,24.27,42400,1028962.0
002155.SZ,2026-05-29 14:00:00,24.26,24.26,24.25,24.25,84800,2057029.0
002155.SZ,2026-05-29 14:01:00,24.25,24.28,24.2,24.24,325100,7880436.0
002155.SZ,2026-05-29 14:02:00,24.24,24.25,24.22,24.24,34900,845796.0
002155.SZ,2026-05-29 14:03:00,24.22,24.23,24.21,24.22,78600,1903615.0
002155.SZ,2026-05-29 14:04:00,24.22,24.27,24.22,24.23,162600,3940129.0
002155.SZ,2026-05-29 14:05:00,24.23,24.23,24.22,24.22,69100,1674086.0
002155.SZ,2026-05-29 14:06:00,24.24,24.24,24.19,24.2,206800,5006356.0
002155.SZ,2026-05-29 14:07:00,24.21,24.22,24.18,24.2,115930,2805452.0
002155.SZ,2026-05-29 14:08:00,24.2,24.2,24.17,24.18,124900,3021003.8
002155.SZ,2026-05-29 14:09:00,24.19,24.25,24.19,24.23,113634,2750944.5
002155.SZ,2026-05-29 14:10:00,24.22,24.22,24.21,24.21,76900,1861959.0
002155.SZ,2026-05-29 14:11:00,24.21,24.26,24.21,24.26,87800,2127275.0
002155.SZ,2026-05-29 14:12:00,24.25,24.3,24.24,24.28,192100,4659635.0
002155.SZ,2026-05-29 14:13:00,24.27,24.27,24.25,24.25,63500,1540212.0
002155.SZ,2026-05-29 14:14:00,24.25,24.25,24.22,24.23,33200,804461.0
002155.SZ,2026-05-29 14:15:00,24.22,24.24,24.22,24.22,116600,2825415.0
002155.SZ,2026-05-29 14:16:00,24.23,24.23,24.18,24.19,118700,2873183.0
002155.SZ,2026-05-29 14:17:00,24.18,24.19,24.17,24.18,77500,1874026.0
002155.SZ,2026-05-29 14:18:00,24.2,24.2,24.16,24.16,122130,2952607.8
002155.SZ,2026-05-29 14:19:00,24.17,24.19,24.17,24.18,74400,1798527.0
002155.SZ,2026-05-29 14:20:00,24.18,24.18,24.17,24.18,47000,1136237.0
002155.SZ,2026-05-29 14:21:00,24.19,24.21,24.16,24.17,107100,2590026.0
002155.SZ,2026-05-29 14:22:00,24.17,24.17,24.14,24.15,164400,3971629.0
002155.SZ,2026-05-29 14:23:00,24.14,24.14,24.11,24.12,75900,1831240.0
002155.SZ,2026-05-29 14:24:00,24.12,24.19,24.12,24.18,152400,3680769.0
002155.SZ,2026-05-29 14:25:00,24.19,24.2,24.15,24.16,139300,3368548.0
002155.SZ,2026-05-29 14:26:00,24.18,24.19,24.17,24.17,62100,1501606.0
002155.SZ,2026-05-29 14:27:00,24.17,24.18,24.17,24.17,63400,1532653.0
002155.SZ,2026-05-29 14:28:00,24.15,24.16,24.14,24.16,93500,2258222.0
002155.SZ,2026-05-29 14:29:00,24.16,24.18,24.1,24.18,230480,5559840.0
002155.SZ,2026-05-29 14:30:00,24.17,24.18,24.15,24.18,45900,1109185.0
002155.SZ,2026-05-29 14:31:00,24.2,24.22,24.16,24.18,133900,3240373.0
002155.SZ,2026-05-29 14:32:00,24.18,24.18,24.14,24.16,83800,2024513.0
002155.SZ,2026-05-29 14:33:00,24.16,24.18,24.16,24.18,109500,2646337.0
002155.SZ,2026-05-29 14:34:00,24.19,24.19,24.15,24.19,237000,5725615.0
002155.SZ,2026-05-29 14:35:00,24.19,24.26,24.19,24.21,159600,3864853.0
002155.SZ,2026-05-29 14:36:00,24.23,24.25,24.16,24.17,229600,5557031.0
002155.SZ,2026-05-29 14:37:00,24.16,24.19,24.16,24.18,48800,1179599.0
002155.SZ,2026-05-29 14:38:00,24.19,24.19,24.13,24.18,186800,4512167.0
002155.SZ,2026-05-29 14:39:00,24.17,24.19,24.17,24.18,139710,3378409.8
002155.SZ,2026-05-29 14:40:00,24.18,24.2,24.18,24.2,83700,2025062.0
002155.SZ,2026-05-29 14:41:00,24.21,24.22,24.19,24.21,138200,3344815.0
002155.SZ,2026-05-29 14:42:00,24.2,24.21,24.17,24.17,113800,2752299.0
002155.SZ,2026-05-29 14:43:00,24.17,24.19,24.17,24.18,113700,2748421.0
002155.SZ,2026-05-29 14:44:00,24.19,24.2,24.18,24.19,80200,1940095.0
002155.SZ,2026-05-29 14:45:00,24.19,24.19,24.14,24.14,89600,2164756.0
002155.SZ,2026-05-29 14:46:00,24.14,24.16,24.14,24.15,153030,3695615.0
002155.SZ,2026-05-29 14:47:00,24.15,24.18,24.15,24.16,146890,3549744.5
002155.SZ,2026-05-29 14:48:00,24.17,24.19,24.16,24.17,93000,2248052.0
002155.SZ,2026-05-29 14:49:00,24.17,24.17,24.13,24.13,185000,4466652.0
002155.SZ,2026-05-29 14:50:00,24.13,24.13,24.08,24.1,340175,8199968.5
002155.SZ,2026-05-29 14:51:00,24.11,24.15,24.11,24.15,206380,4978956.0
002155.SZ,2026-05-29 14:52:00,24.14,24.19,24.14,24.18,160100,3869098.0
002155.SZ,2026-05-29 14:53:00,24.19,24.22,24.17,24.21,166200,4021072.0
002155.SZ,2026-05-29 14:54:00,24.21,24.23,24.2,24.22,149300,3615371.0
002155.SZ,2026-05-29 14:55:00,24.24,24.24,24.21,24.21,234500,5680681.0
002155.SZ,2026-05-29 14:56:00,24.23,24.3,24.23,24.3,190400,4619573.0
002155.SZ,2026-05-29 14:57:00,24.29,24.32,24.29,24.31,316243,7689285.5
002155.SZ,2026-05-29 14:58:00,24.31,24.31,24.31,24.31,0,0.0
002155.SZ,2026-05-29 14:59:00,24.31,24.31,24.31,24.31,0,0.0
002155.SZ,2026-05-29 15:00:00,24.28,24.28,24.28,24.28,368500,8947180.0
