ts_code,trade_time,open,high,low,close,vol,amount
000777.SZ,2026-04-01 09:30:00,22.6,22.62,22.6,22.62,35500,802426.0
000777.SZ,2026-04-01 09:31:00,22.62,22.65,22.61,22.62,133600,3022688.0
000777.SZ,2026-04-01 09:32:00,22.61,22.61,22.51,22.52,178302,4026537.0
000777.SZ,2026-04-01 09:33:00,22.53,22.59,22.52,22.59,97700,2204603.0
000777.SZ,2026-04-01 09:34:00,22.57,22.67,22.57,22.64,132700,3000883.0
000777.SZ,2026-04-01 09:35:00,22.67,22.69,22.62,22.62,60100,1361596.0
000777.SZ,2026-04-01 09:36:00,22.62,22.63,22.6,22.63,50800,1148507.0
000777.SZ,2026-04-01 09:37:00,22.63,22.64,22.56,22.56,135300,3056232.0
000777.SZ,2026-04-01 09:38:00,22.55,22.58,22.52,22.52,92900,2095335.0
000777.SZ,2026-04-01 09:39:00,22.54,22.56,22.52,22.56,86300,1945012.0
000777.SZ,2026-04-01 09:40:00,22.56,22.56,22.55,22.56,101102,2279626.0
000777.SZ,2026-04-01 09:41:00,22.53,22.57,22.53,22.56,49600,1117972.0
000777.SZ,2026-04-01 09:42:00,22.56,22.63,22.54,22.63,76900,1737029.0
000777.SZ,2026-04-01 09:43:00,22.62,22.64,22.6,22.6,23700,536300.0
000777.SZ,2026-04-01 09:44:00,22.6,22.63,22.6,22.62,143700,3248057.0
000777.SZ,2026-04-01 09:45:00,22.64,22.7,22.64,22.69,250500,5675444.0
000777.SZ,2026-04-01 09:46:00,22.68,22.69,22.66,22.66,65100,1476474.0
000777.SZ,2026-04-01 09:47:00,22.66,22.67,22.64,22.65,34400,779031.0
000777.SZ,2026-04-01 09:48:00,22.65,22.67,22.65,22.66,31900,722804.0
000777.SZ,2026-04-01 09:49:00,22.67,22.72,22.67,22.71,172900,3923018.0
000777.SZ,2026-04-01 09:50:00,22.71,22.72,22.69,22.7,202700,4601235.0
000777.SZ,2026-04-01 09:51:00,22.7,22.7,22.68,22.68,99800,2264814.0
000777.SZ,2026-04-01 09:52:00,22.68,22.68,22.62,22.62,40700,922148.0
000777.SZ,2026-04-01 09:53:00,22.62,22.63,22.61,22.61,8400,189995.0
000777.SZ,2026-04-01 09:54:00,22.61,22.62,22.6,22.62,38400,868128.0
000777.SZ,2026-04-01 09:55:00,22.59,22.6,22.57,22.57,54100,1222798.0
000777.SZ,2026-04-01 09:56:00,22.56,22.58,22.56,22.57,18900,426583.0
000777.SZ,2026-04-01 09:57:00,22.57,22.6,22.57,22.57,36400,821974.0
000777.SZ,2026-04-01 09:58:00,22.56,22.56,22.54,22.54,17800,401438.0
000777.SZ,2026-04-01 09:59:00,22.54,22.54,22.52,22.53,47200,1063529.0
000777.SZ,2026-04-01 10:00:00,22.52,22.55,22.52,22.54,17200,387502.0
000777.SZ,2026-04-01 10:01:00,22.51,22.51,22.48,22.49,74200,1670352.0
000777.SZ,2026-04-01 10:02:00,22.5,22.53,22.5,22.52,16700,375802.0
000777.SZ,2026-04-01 10:03:00,22.52,22.52,22.49,22.5,24200,544535.0
000777.SZ,2026-04-01 10:04:00,22.5,22.52,22.5,22.51,13600,306119.0
000777.SZ,2026-04-01 10:05:00,22.51,22.53,22.49,22.51,29900,673093.0
000777.SZ,2026-04-01 10:06:00,22.51,22.54,22.51,22.53,15600,351540.0
000777.SZ,2026-04-01 10:07:00,22.54,22.56,22.53,22.55,59000,1330324.0
000777.SZ,2026-04-01 10:08:00,22.56,22.57,22.55,22.55,38200,861803.0
000777.SZ,2026-04-01 10:09:00,22.54,22.55,22.53,22.53,17200,387612.0
000777.SZ,2026-04-01 10:10:00,22.52,22.53,22.52,22.52,9200,207200.0
000777.SZ,2026-04-01 10:11:00,22.52,22.53,22.5,22.51,20900,470561.0
000777.SZ,2026-04-01 10:12:00,22.51,22.53,22.51,22.53,25100,565261.0
000777.SZ,2026-04-01 10:13:00,22.53,22.53,22.53,22.53,14200,319919.0
000777.SZ,2026-04-01 10:14:00,22.53,22.53,22.52,22.53,15000,337943.0
000777.SZ,2026-04-01 10:15:00,22.52,22.53,22.51,22.51,16400,369281.0
000777.SZ,2026-04-01 10:16:00,22.52,22.52,22.51,22.51,3300,74299.0
000777.SZ,2026-04-01 10:17:00,22.51,22.52,22.5,22.5,9800,220576.0
000777.SZ,2026-04-01 10:18:00,22.5,22.51,22.5,22.5,15100,339795.0
000777.SZ,2026-04-01 10:19:00,22.51,22.52,22.5,22.52,10100,227324.0
000777.SZ,2026-04-01 10:20:00,22.51,22.52,22.51,22.52,29300,659652.0
000777.SZ,2026-04-01 10:21:00,22.52,22.52,22.5,22.52,6500,146294.0
000777.SZ,2026-04-01 10:22:00,22.52,22.53,22.51,22.52,20900,470683.0
000777.SZ,2026-04-01 10:23:00,22.53,22.54,22.52,22.54,9800,220793.0
000777.SZ,2026-04-01 10:24:00,22.52,22.59,22.52,22.59,44500,1003765.0
000777.SZ,2026-04-01 10:25:00,22.55,22.56,22.55,22.55,10200,230032.0
000777.SZ,2026-04-01 10:26:00,22.55,22.55,22.53,22.53,5600,126279.0
000777.SZ,2026-04-01 10:27:00,22.53,22.53,22.52,22.52,9700,218476.0
000777.SZ,2026-04-01 10:28:00,22.52,22.53,22.52,22.53,5900,132887.0
000777.SZ,2026-04-01 10:29:00,22.53,22.53,22.52,22.52,6100,137397.0
000777.SZ,2026-04-01 10:30:00,22.52,22.53,22.51,22.51,15000,337784.0
000777.SZ,2026-04-01 10:31:00,22.51,22.53,22.5,22.53,56100,1262731.0
000777.SZ,2026-04-01 10:32:00,22.56,22.59,22.53,22.57,22100,498539.0
000777.SZ,2026-04-01 10:33:00,22.58,22.58,22.56,22.56,13000,293333.0
000777.SZ,2026-04-01 10:34:00,22.56,22.57,22.55,22.57,10700,241399.0
000777.SZ,2026-04-01 10:35:00,22.57,22.58,22.56,22.57,13400,302446.0
000777.SZ,2026-04-01 10:36:00,22.57,22.6,22.57,22.59,31400,709167.0
000777.SZ,2026-04-01 10:37:00,22.59,22.6,22.58,22.58,9500,214592.0
000777.SZ,2026-04-01 10:38:00,22.57,22.57,22.54,22.57,33600,757630.0
000777.SZ,2026-04-01 10:39:00,22.54,22.6,22.54,22.6,8800,198630.0
000777.SZ,2026-04-01 10:40:00,22.6,22.6,22.54,22.54,34000,768242.0
000777.SZ,2026-04-01 10:41:00,22.54,22.54,22.54,22.54,17000,383180.0
000777.SZ,2026-04-01 10:42:00,22.57,22.57,22.54,22.57,5600,126325.0
000777.SZ,2026-04-01 10:43:00,22.57,22.57,22.57,22.57,5100,115118.0
000777.SZ,2026-04-01 10:44:00,22.57,22.58,22.56,22.58,2600,58676.0
000777.SZ,2026-04-01 10:45:00,22.58,22.58,22.56,22.57,4700,106057.0
000777.SZ,2026-04-01 10:46:00,22.57,22.58,22.57,22.58,6300,142240.0
000777.SZ,2026-04-01 10:47:00,22.58,22.58,22.56,22.56,4000,90305.0
000777.SZ,2026-04-01 10:48:00,22.56,22.56,22.56,22.56,4900,110544.0
000777.SZ,2026-04-01 10:49:00,22.55,22.56,22.55,22.56,8100,182721.0
000777.SZ,2026-04-01 10:50:00,22.55,22.56,22.55,22.55,16500,372100.0
000777.SZ,2026-04-01 10:51:00,22.54,22.55,22.54,22.55,1200,27054.0
000777.SZ,2026-04-01 10:52:00,22.56,22.56,22.54,22.54,5200,117248.0
000777.SZ,2026-04-01 10:53:00,22.54,22.56,22.54,22.56,11300,254794.0
000777.SZ,2026-04-01 10:54:00,22.57,22.58,22.57,22.58,17300,390494.0
000777.SZ,2026-04-01 10:55:00,22.57,22.61,22.57,22.61,112300,2537210.0
000777.SZ,2026-04-01 10:56:00,22.6,22.6,22.6,22.6,7600,171767.0
000777.SZ,2026-04-01 10:57:00,22.6,22.6,22.59,22.59,8100,182998.0
000777.SZ,2026-04-01 10:58:00,22.59,22.6,22.59,22.59,7100,160416.0
000777.SZ,2026-04-01 10:59:00,22.59,22.59,22.58,22.58,2300,51937.0
000777.SZ,2026-04-01 11:00:00,22.59,22.59,22.58,22.58,1000,22586.0
000777.SZ,2026-04-01 11:01:00,22.59,22.59,22.59,22.59,8200,185209.0
000777.SZ,2026-04-01 11:02:00,22.57,22.57,22.56,22.57,9100,205403.0
000777.SZ,2026-04-01 11:03:00,22.59,22.59,22.56,22.56,2500,56411.0
000777.SZ,2026-04-01 11:04:00,22.57,22.57,22.56,22.56,6200,139875.0
000777.SZ,2026-04-01 11:05:00,22.55,22.56,22.54,22.55,30400,685522.0
000777.SZ,2026-04-01 11:06:00,22.55,22.55,22.55,22.55,6200,139810.0
000777.SZ,2026-04-01 11:07:00,22.56,22.56,22.54,22.54,1500,33832.0
000777.SZ,2026-04-01 11:08:00,22.54,22.56,22.54,22.54,6200,139775.0
000777.SZ,2026-04-01 11:09:00,22.54,22.55,22.54,22.54,13800,311090.0
000777.SZ,2026-04-01 11:10:00,22.54,22.56,22.54,22.56,5700,128510.0
000777.SZ,2026-04-01 11:11:00,22.54,22.55,22.54,22.54,4000,90175.0
000777.SZ,2026-04-01 11:12:00,22.55,22.55,22.52,22.52,24800,558841.0
000777.SZ,2026-04-01 11:13:00,22.54,22.55,22.54,22.54,6500,146548.0
000777.SZ,2026-04-01 11:14:00,22.54,22.54,22.53,22.53,5100,114912.0
000777.SZ,2026-04-01 11:15:00,22.54,22.55,22.54,22.55,700,15780.0
000777.SZ,2026-04-01 11:16:00,22.55,22.55,22.54,22.55,16600,374320.0
000777.SZ,2026-04-01 11:17:00,22.55,22.55,22.55,22.55,100,2255.0
000777.SZ,2026-04-01 11:18:00,22.54,22.55,22.54,22.54,6200,139764.0
000777.SZ,2026-04-01 11:19:00,22.54,22.54,22.54,22.54,3600,81144.0
000777.SZ,2026-04-01 11:20:00,22.53,22.53,22.53,22.53,10400,234312.0
000777.SZ,2026-04-01 11:21:00,22.53,22.53,22.52,22.52,11300,254560.0
000777.SZ,2026-04-01 11:22:00,22.53,22.53,22.51,22.51,11600,261200.0
000777.SZ,2026-04-01 11:23:00,22.51,22.51,22.51,22.51,6900,155323.0
000777.SZ,2026-04-01 11:24:00,22.51,22.51,22.51,22.51,9600,216096.0
000777.SZ,2026-04-01 11:25:00,22.52,22.52,22.51,22.51,14200,319695.0
000777.SZ,2026-04-01 11:26:00,22.51,22.51,22.5,22.5,101500,2283653.0
000777.SZ,2026-04-01 11:27:00,22.48,22.49,22.48,22.48,13000,292256.0
000777.SZ,2026-04-01 11:28:00,22.49,22.49,22.48,22.49,4700,105674.0
000777.SZ,2026-04-01 11:29:00,22.49,22.49,22.48,22.48,7300,164121.0
000777.SZ,2026-04-01 11:30:00,22.49,22.49,22.48,22.49,6300,141657.0
000777.SZ,2026-04-01 13:01:00,22.5,22.5,22.47,22.47,42600,957884.0
000777.SZ,2026-04-01 13:02:00,22.46,22.47,22.45,22.45,11100,249348.0
000777.SZ,2026-04-01 13:03:00,22.46,22.46,22.43,22.45,52200,1171643.0
000777.SZ,2026-04-01 13:04:00,22.46,22.46,22.44,22.44,4600,103294.0
000777.SZ,2026-04-01 13:05:00,22.44,22.45,22.44,22.45,5600,125687.0
000777.SZ,2026-04-01 13:06:00,22.44,22.45,22.43,22.43,11700,262519.0
000777.SZ,2026-04-01 13:07:00,22.44,22.46,22.43,22.46,15300,343468.0
000777.SZ,2026-04-01 13:08:00,22.47,22.5,22.47,22.5,1100,24734.0
000777.SZ,2026-04-01 13:09:00,22.5,22.5,22.5,22.5,15800,355490.0
000777.SZ,2026-04-01 13:10:00,22.51,22.51,22.5,22.5,3500,78767.0
000777.SZ,2026-04-01 13:11:00,22.51,22.51,22.5,22.51,2900,65263.0
000777.SZ,2026-04-01 13:12:00,22.5,22.51,22.48,22.48,12500,281055.0
000777.SZ,2026-04-01 13:13:00,22.48,22.49,22.47,22.49,5100,114657.0
000777.SZ,2026-04-01 13:14:00,22.48,22.51,22.48,22.51,14900,335251.0
000777.SZ,2026-04-01 13:15:00,22.52,22.55,22.52,22.54,9586,216024.58
000777.SZ,2026-04-01 13:16:00,22.54,22.54,22.53,22.54,17200,387568.0
000777.SZ,2026-04-01 13:17:00,22.53,22.53,22.53,22.53,16200,364986.0
000777.SZ,2026-04-01 13:18:00,22.53,22.53,22.53,22.53,9400,211782.0
000777.SZ,2026-04-01 13:19:00,22.54,22.55,22.54,22.54,22300,502648.0
000777.SZ,2026-04-01 13:20:00,22.54,22.55,22.54,22.54,2700,60870.0
000777.SZ,2026-04-01 13:21:00,22.53,22.54,22.53,22.53,30600,689422.0
000777.SZ,2026-04-01 13:22:00,22.53,22.53,22.51,22.51,14814,333628.4
000777.SZ,2026-04-01 13:23:00,22.51,22.51,22.5,22.5,18600,418537.0
000777.SZ,2026-04-01 13:24:00,22.5,22.51,22.5,22.51,11700,263325.0
000777.SZ,2026-04-01 13:25:00,22.52,22.52,22.51,22.51,4086,91982.86
000777.SZ,2026-04-01 13:26:00,22.51,22.52,22.51,22.52,15300,344441.0
000777.SZ,2026-04-01 13:27:00,22.52,22.53,22.52,22.52,6200,139628.0
000777.SZ,2026-04-01 13:28:00,22.52,22.54,22.52,22.54,23500,529358.0
000777.SZ,2026-04-01 13:29:00,22.54,22.55,22.54,22.55,41900,944674.0
000777.SZ,2026-04-01 13:30:00,22.56,22.58,22.56,22.58,29300,661208.0
000777.SZ,2026-04-01 13:31:00,22.57,22.59,22.57,22.59,20500,462898.0
000777.SZ,2026-04-01 13:32:00,22.58,22.59,22.57,22.57,12700,286768.0
000777.SZ,2026-04-01 13:33:00,22.59,22.6,22.58,22.59,22300,503691.0
000777.SZ,2026-04-01 13:34:00,22.59,22.59,22.58,22.58,48200,1089044.0
000777.SZ,2026-04-01 13:35:00,22.58,22.58,22.56,22.56,14300,322869.0
000777.SZ,2026-04-01 13:36:00,22.56,22.57,22.55,22.55,6900,155655.0
000777.SZ,2026-04-01 13:37:00,22.55,22.56,22.54,22.54,3800,85681.0
000777.SZ,2026-04-01 13:38:00,22.55,22.55,22.53,22.54,4300,96914.0
000777.SZ,2026-04-01 13:39:00,22.54,22.55,22.54,22.55,6700,151050.0
000777.SZ,2026-04-01 13:40:00,22.54,22.54,22.54,22.54,3100,69874.0
000777.SZ,2026-04-01 13:41:00,22.53,22.54,22.53,22.54,9900,223077.0
000777.SZ,2026-04-01 13:42:00,22.53,22.54,22.53,22.54,2900,65363.0
000777.SZ,2026-04-01 13:43:00,22.54,22.54,22.53,22.53,5800,130680.0
000777.SZ,2026-04-01 13:44:00,22.53,22.53,22.53,22.53,4100,92373.0
000777.SZ,2026-04-01 13:45:00,22.54,22.54,22.53,22.53,2700,60848.0
000777.SZ,2026-04-01 13:46:00,22.53,22.54,22.53,22.54,5700,128458.0
000777.SZ,2026-04-01 13:47:00,22.54,22.54,22.53,22.53,13800,310917.0
000777.SZ,2026-04-01 13:48:00,22.53,22.54,22.53,22.53,12100,272648.0
000777.SZ,2026-04-01 13:49:00,22.52,22.52,22.52,22.52,3400,76568.0
000777.SZ,2026-04-01 13:50:00,22.52,22.52,22.52,22.52,9000,202680.0
000777.SZ,2026-04-01 13:51:00,22.51,22.52,22.5,22.5,19914,448251.12
000777.SZ,2026-04-01 13:52:00,22.51,22.53,22.51,22.53,24286,546929.9
000777.SZ,2026-04-01 13:53:00,22.52,22.53,22.52,22.52,6100,137382.0
000777.SZ,2026-04-01 13:54:00,22.5,22.51,22.5,22.51,9200,207072.14
000777.SZ,2026-04-01 13:55:00,22.51,22.51,22.51,22.51,13600,306137.0
000777.SZ,2026-04-01 13:56:00,22.51,22.51,22.5,22.5,13500,303766.0
000777.SZ,2026-04-01 13:57:00,22.5,22.5,22.47,22.47,59614,1340666.0
000777.SZ,2026-04-01 13:58:00,22.47,22.47,22.44,22.44,18900,424357.0
000777.SZ,2026-04-01 13:59:00,22.44,22.44,22.42,22.42,34000,762772.0
000777.SZ,2026-04-01 14:00:00,22.42,22.43,22.41,22.41,29500,661461.0
000777.SZ,2026-04-01 14:01:00,22.42,22.43,22.4,22.42,67800,1519161.0
000777.SZ,2026-04-01 14:02:00,22.42,22.44,22.4,22.44,15600,349681.0
000777.SZ,2026-04-01 14:03:00,22.45,22.45,22.42,22.42,11300,253569.0
000777.SZ,2026-04-01 14:04:00,22.43,22.43,22.41,22.41,17200,385553.0
000777.SZ,2026-04-01 14:05:00,22.41,22.42,22.41,22.42,15700,351858.0
000777.SZ,2026-04-01 14:06:00,22.44,22.45,22.44,22.45,14000,314027.0
000777.SZ,2026-04-01 14:07:00,22.45,22.45,22.43,22.43,14800,332075.0
000777.SZ,2026-04-01 14:08:00,22.43,22.44,22.42,22.44,20300,455170.0
000777.SZ,2026-04-01 14:09:00,22.42,22.43,22.42,22.43,14000,313895.0
000777.SZ,2026-04-01 14:10:00,22.42,22.43,22.4,22.4,35900,804631.0
000777.SZ,2026-04-01 14:11:00,22.4,22.41,22.4,22.41,14100,315852.0
000777.SZ,2026-04-01 14:12:00,22.4,22.41,22.4,22.41,10300,230780.0
000777.SZ,2026-04-01 14:13:00,22.41,22.41,22.4,22.4,7000,156839.0
000777.SZ,2026-04-01 14:14:00,22.4,22.43,22.4,22.43,9100,204016.0
000777.SZ,2026-04-01 14:15:00,22.42,22.43,22.42,22.43,3000,67284.0
000777.SZ,2026-04-01 14:16:00,22.44,22.44,22.43,22.44,3900,87490.0
000777.SZ,2026-04-01 14:17:00,22.44,22.44,22.43,22.43,1400,31417.0
000777.SZ,2026-04-01 14:18:00,22.45,22.45,22.43,22.43,7400,166071.0
000777.SZ,2026-04-01 14:19:00,22.45,22.45,22.43,22.43,6000,134595.0
000777.SZ,2026-04-01 14:20:00,22.43,22.44,22.43,22.44,11100,248983.0
000777.SZ,2026-04-01 14:21:00,22.44,22.44,22.43,22.43,4700,105447.0
000777.SZ,2026-04-01 14:22:00,22.44,22.44,22.43,22.44,6200,139116.0
000777.SZ,2026-04-01 14:23:00,22.44,22.45,22.44,22.45,13500,303043.0
000777.SZ,2026-04-01 14:24:00,22.46,22.48,22.46,22.48,5900,132609.0
000777.SZ,2026-04-01 14:25:00,22.47,22.48,22.47,22.48,31600,710261.0
000777.SZ,2026-04-01 14:26:00,22.46,22.47,22.45,22.46,5700,127989.0
000777.SZ,2026-04-01 14:27:00,22.45,22.47,22.45,22.45,5300,119073.0
000777.SZ,2026-04-01 14:28:00,22.45,22.46,22.43,22.44,23300,522961.0
000777.SZ,2026-04-01 14:29:00,22.44,22.44,22.43,22.43,4400,98737.0
000777.SZ,2026-04-01 14:30:00,22.43,22.45,22.43,22.45,12600,282752.0
000777.SZ,2026-04-01 14:31:00,22.45,22.47,22.45,22.46,12100,271755.0
000777.SZ,2026-04-01 14:32:00,22.46,22.46,22.46,22.46,9400,211084.0
000777.SZ,2026-04-01 14:33:00,22.46,22.46,22.45,22.45,6800,152669.0
000777.SZ,2026-04-01 14:34:00,22.46,22.46,22.45,22.46,8200,184128.0
000777.SZ,2026-04-01 14:35:00,22.45,22.46,22.45,22.46,6000,134723.0
000777.SZ,2026-04-01 14:36:00,22.45,22.46,22.44,22.45,14000,314302.0
000777.SZ,2026-04-01 14:37:00,22.45,22.45,22.45,22.45,5800,130222.88
000777.SZ,2026-04-01 14:38:00,22.45,22.55,22.45,22.55,107612,2421316.5
000777.SZ,2026-04-01 14:39:00,22.54,22.56,22.53,22.55,27500,620079.0
000777.SZ,2026-04-01 14:40:00,22.55,22.56,22.54,22.56,81000,1826685.0
000777.SZ,2026-04-01 14:41:00,22.56,22.65,22.56,22.65,265200,5999334.0
000777.SZ,2026-04-01 14:42:00,22.64,22.66,22.6,22.6,73100,1655190.0
000777.SZ,2026-04-01 14:43:00,22.62,22.63,22.59,22.59,22300,504033.0
000777.SZ,2026-04-01 14:44:00,22.6,22.6,22.46,22.55,171700,3866894.0
000777.SZ,2026-04-01 14:45:00,22.57,22.59,22.48,22.57,117900,2659136.0
000777.SZ,2026-04-01 14:46:00,22.59,22.59,22.57,22.59,15500,350000.0
000777.SZ,2026-04-01 14:47:00,22.58,22.59,22.57,22.57,30800,695420.0
000777.SZ,2026-04-01 14:48:00,22.57,22.61,22.57,22.6,73353,1656915.8
000777.SZ,2026-04-01 14:49:00,22.6,22.62,22.6,22.62,43800,990371.0
000777.SZ,2026-04-01 14:50:00,22.62,22.63,22.61,22.62,30300,685362.0
000777.SZ,2026-04-01 14:51:00,22.62,22.63,22.61,22.62,42600,963571.0
000777.SZ,2026-04-01 14:52:00,22.62,22.65,22.61,22.64,111400,2521856.0
000777.SZ,2026-04-01 14:53:00,22.65,22.66,22.63,22.65,49300,1116427.0
000777.SZ,2026-04-01 14:54:00,22.63,22.65,22.63,22.64,47500,1075223.0
000777.SZ,2026-04-01 14:55:00,22.63,22.64,22.63,22.63,55900,1265252.1
000777.SZ,2026-04-01 14:56:00,22.63,22.64,22.63,22.64,43400,982342.0
000777.SZ,2026-04-01 14:57:00,22.64,22.65,22.64,22.64,78800,1784306.1
000777.SZ,2026-04-01 14:58:00,22.64,22.64,22.64,22.64,0,0.0
000777.SZ,2026-04-01 14:59:00,22.64,22.64,22.64,22.64,0,0.0
000777.SZ,2026-04-01 15:00:00,22.65,22.65,22.65,22.65,75900,1719135.0
000777.SZ,2026-04-02 09:30:00,22.5,22.51,22.49,22.5,28700,645782.0
000777.SZ,2026-04-02 09:31:00,22.5,22.53,22.42,22.43,49500,1113025.0
000777.SZ,2026-04-02 09:32:00,22.44,22.55,22.43,22.53,60000,1349454.0
000777.SZ,2026-04-02 09:33:00,22.53,22.63,22.53,22.59,70800,1599369.0
000777.SZ,2026-04-02 09:34:00,22.57,22.62,22.51,22.62,42500,958892.0
000777.SZ,2026-04-02 09:35:00,22.57,22.64,22.55,22.58,37200,840066.0
000777.SZ,2026-04-02 09:36:00,22.58,22.58,22.53,22.58,46200,1042463.0
000777.SZ,2026-04-02 09:37:00,22.58,22.68,22.58,22.68,85832,1941323.2
000777.SZ,2026-04-02 09:38:00,22.68,22.7,22.67,22.7,71300,1617109.0
000777.SZ,2026-04-02 09:39:00,22.7,22.73,22.7,22.7,58800,1335569.0
000777.SZ,2026-04-02 09:40:00,22.7,22.71,22.67,22.69,95300,2162899.0
000777.SZ,2026-04-02 09:41:00,22.68,22.7,22.68,22.7,42400,962086.0
000777.SZ,2026-04-02 09:42:00,22.71,22.71,22.68,22.68,22800,517406.0
000777.SZ,2026-04-02 09:43:00,22.68,22.69,22.61,22.64,46000,1042423.0
000777.SZ,2026-04-02 09:44:00,22.64,22.65,22.6,22.6,31600,714619.0
000777.SZ,2026-04-02 09:45:00,22.58,22.58,22.55,22.55,91600,2066530.0
000777.SZ,2026-04-02 09:46:00,22.55,22.62,22.55,22.6,29800,672888.0
000777.SZ,2026-04-02 09:47:00,22.58,22.6,22.57,22.57,9700,219153.0
000777.SZ,2026-04-02 09:48:00,22.59,22.59,22.57,22.58,14700,331822.0
000777.SZ,2026-04-02 09:49:00,22.57,22.57,22.53,22.53,65700,1480920.0
000777.SZ,2026-04-02 09:50:00,22.53,22.53,22.51,22.53,28100,632720.0
000777.SZ,2026-04-02 09:51:00,22.52,22.53,22.51,22.53,5200,117102.0
000777.SZ,2026-04-02 09:52:00,22.53,22.53,22.5,22.51,33900,763054.0
000777.SZ,2026-04-02 09:53:00,22.5,22.52,22.5,22.5,40500,911263.0
000777.SZ,2026-04-02 09:54:00,22.5,22.52,22.49,22.51,31900,717746.0
000777.SZ,2026-04-02 09:55:00,22.51,22.53,22.51,22.53,10400,234228.0
000777.SZ,2026-04-02 09:56:00,22.52,22.54,22.52,22.54,45000,1013962.0
000777.SZ,2026-04-02 09:57:00,22.53,22.54,22.51,22.52,32100,722946.0
000777.SZ,2026-04-02 09:58:00,22.49,22.51,22.49,22.5,16900,380154.0
000777.SZ,2026-04-02 09:59:00,22.5,22.5,22.49,22.5,34300,771665.0
000777.SZ,2026-04-02 10:00:00,22.49,22.5,22.49,22.5,18200,409483.0
000777.SZ,2026-04-02 10:01:00,22.49,22.5,22.49,22.5,22600,508341.0
000777.SZ,2026-04-02 10:02:00,22.49,22.5,22.49,22.49,35600,800807.0
000777.SZ,2026-04-02 10:03:00,22.49,22.49,22.45,22.45,64800,1456046.0
000777.SZ,2026-04-02 10:04:00,22.45,22.45,22.44,22.45,62700,1407379.0
000777.SZ,2026-04-02 10:05:00,22.45,22.45,22.44,22.44,25200,565516.0
000777.SZ,2026-04-02 10:06:00,22.44,22.44,22.43,22.44,8900,199645.0
000777.SZ,2026-04-02 10:07:00,22.44,22.44,22.4,22.4,99400,2228196.0
000777.SZ,2026-04-02 10:08:00,22.4,22.41,22.38,22.41,82400,1845401.0
000777.SZ,2026-04-02 10:09:00,22.41,22.41,22.36,22.36,84500,1890331.0
000777.SZ,2026-04-02 10:10:00,22.36,22.36,22.35,22.36,40900,914185.0
000777.SZ,2026-04-02 10:11:00,22.35,22.4,22.34,22.37,33600,751323.0
000777.SZ,2026-04-02 10:12:00,22.36,22.37,22.34,22.34,48000,1073036.0
000777.SZ,2026-04-02 10:13:00,22.34,22.34,22.31,22.32,45800,1022261.0
000777.SZ,2026-04-02 10:14:00,22.31,22.31,22.27,22.29,131300,2927466.0
000777.SZ,2026-04-02 10:15:00,22.29,22.31,22.28,22.31,22600,504013.0
000777.SZ,2026-04-02 10:16:00,22.32,22.32,22.3,22.31,13800,307841.0
000777.SZ,2026-04-02 10:17:00,22.31,22.31,22.28,22.28,57400,1279667.0
000777.SZ,2026-04-02 10:18:00,22.28,22.29,22.28,22.28,23100,514737.0
000777.SZ,2026-04-02 10:19:00,22.28,22.3,22.28,22.3,64400,1435154.0
000777.SZ,2026-04-02 10:20:00,22.27,22.29,22.27,22.28,25500,567982.0
000777.SZ,2026-04-02 10:21:00,22.26,22.28,22.25,22.26,127900,2847052.0
000777.SZ,2026-04-02 10:22:00,22.26,22.27,22.25,22.26,20600,458552.0
000777.SZ,2026-04-02 10:23:00,22.26,22.29,22.26,22.26,27400,610185.0
000777.SZ,2026-04-02 10:24:00,22.25,22.26,22.23,22.24,84700,1884579.0
000777.SZ,2026-04-02 10:25:00,22.25,22.25,22.23,22.24,16400,364637.0
000777.SZ,2026-04-02 10:26:00,22.24,22.24,22.22,22.23,30200,671345.0
000777.SZ,2026-04-02 10:27:00,22.23,22.23,22.21,22.21,54100,1202049.0
000777.SZ,2026-04-02 10:28:00,22.21,22.25,22.21,22.25,39200,871503.0
000777.SZ,2026-04-02 10:29:00,22.25,22.27,22.25,22.26,25900,576536.0
000777.SZ,2026-04-02 10:30:00,22.27,22.27,22.25,22.26,18400,409503.0
000777.SZ,2026-04-02 10:31:00,22.23,22.26,22.23,22.26,29400,653815.0
000777.SZ,2026-04-02 10:32:00,22.26,22.26,22.23,22.25,13800,307042.0
000777.SZ,2026-04-02 10:33:00,22.24,22.29,22.24,22.29,19800,440977.0
000777.SZ,2026-04-02 10:34:00,22.26,22.29,22.26,22.26,3300,73502.0
000777.SZ,2026-04-02 10:35:00,22.26,22.26,22.24,22.24,21600,480587.0
000777.SZ,2026-04-02 10:36:00,22.24,22.24,22.21,22.23,65800,1462321.0
000777.SZ,2026-04-02 10:37:00,22.21,22.21,22.18,22.18,121600,2699228.0
000777.SZ,2026-04-02 10:38:00,22.17,22.18,22.15,22.17,66300,1469937.0
000777.SZ,2026-04-02 10:39:00,22.17,22.18,22.17,22.17,40600,900140.0
000777.SZ,2026-04-02 10:40:00,22.16,22.17,22.16,22.16,29400,651539.0
000777.SZ,2026-04-02 10:41:00,22.16,22.18,22.16,22.17,22800,505460.0
000777.SZ,2026-04-02 10:42:00,22.17,22.21,22.17,22.2,27200,603573.0
000777.SZ,2026-04-02 10:43:00,22.21,22.24,22.21,22.21,25600,568788.0
000777.SZ,2026-04-02 10:44:00,22.21,22.21,22.18,22.2,23100,512781.0
000777.SZ,2026-04-02 10:45:00,22.2,22.2,22.19,22.2,10300,228639.0
000777.SZ,2026-04-02 10:46:00,22.2,22.21,22.2,22.21,10900,241996.0
000777.SZ,2026-04-02 10:47:00,22.21,22.21,22.2,22.21,2300,51082.0
000777.SZ,2026-04-02 10:48:00,22.21,22.21,22.2,22.2,5100,113245.0
000777.SZ,2026-04-02 10:49:00,22.2,22.21,22.2,22.2,17800,395227.0
000777.SZ,2026-04-02 10:50:00,22.2,22.21,22.19,22.19,32900,730332.0
000777.SZ,2026-04-02 10:51:00,22.19,22.21,22.19,22.21,3900,86577.0
000777.SZ,2026-04-02 10:52:00,22.21,22.22,22.2,22.22,20300,450847.0
000777.SZ,2026-04-02 10:53:00,22.21,22.24,22.21,22.24,8500,188978.0
000777.SZ,2026-04-02 10:54:00,22.26,22.27,22.25,22.26,12800,285008.0
000777.SZ,2026-04-02 10:55:00,22.26,22.27,22.22,22.22,34100,758409.0
000777.SZ,2026-04-02 10:56:00,22.22,22.22,22.22,22.22,5700,126655.0
000777.SZ,2026-04-02 10:57:00,22.22,22.24,22.21,22.21,6600,146671.0
000777.SZ,2026-04-02 10:58:00,22.24,22.24,22.21,22.21,8100,179932.0
000777.SZ,2026-04-02 10:59:00,22.22,22.23,22.21,22.21,2700,59979.0
000777.SZ,2026-04-02 11:00:00,22.21,22.23,22.2,22.2,16700,370994.0
000777.SZ,2026-04-02 11:01:00,22.2,22.2,22.19,22.19,46700,1036542.0
000777.SZ,2026-04-02 11:02:00,22.19,22.21,22.18,22.21,24600,545719.0
000777.SZ,2026-04-02 11:03:00,22.19,22.2,22.19,22.2,3400,75463.0
000777.SZ,2026-04-02 11:04:00,22.19,22.2,22.19,22.19,6100,135379.0
000777.SZ,2026-04-02 11:05:00,22.2,22.2,22.18,22.19,20600,457097.0
000777.SZ,2026-04-02 11:06:00,22.18,22.19,22.17,22.17,32500,720823.0
000777.SZ,2026-04-02 11:07:00,22.17,22.17,22.15,22.16,44600,988454.0
000777.SZ,2026-04-02 11:08:00,22.15,22.17,22.15,22.15,18900,418680.0
000777.SZ,2026-04-02 11:09:00,22.15,22.15,22.14,22.14,43800,970121.0
000777.SZ,2026-04-02 11:10:00,22.14,22.16,22.14,22.16,16800,372127.0
000777.SZ,2026-04-02 11:11:00,22.15,22.17,22.15,22.17,8600,190519.0
000777.SZ,2026-04-02 11:12:00,22.17,22.17,22.16,22.16,8700,192819.0
000777.SZ,2026-04-02 11:13:00,22.16,22.16,22.15,22.16,4600,101927.0
000777.SZ,2026-04-02 11:14:00,22.15,22.16,22.15,22.15,6400,141768.0
000777.SZ,2026-04-02 11:15:00,22.16,22.16,22.15,22.16,5600,124087.0
000777.SZ,2026-04-02 11:16:00,22.16,22.17,22.15,22.16,11400,252585.0
000777.SZ,2026-04-02 11:17:00,22.16,22.16,22.15,22.16,1400,31016.0
000777.SZ,2026-04-02 11:18:00,22.16,22.16,22.14,22.14,39900,883708.0
000777.SZ,2026-04-02 11:19:00,22.13,22.14,22.13,22.13,17700,391739.0
000777.SZ,2026-04-02 11:20:00,22.12,22.13,22.11,22.12,26400,584012.0
000777.SZ,2026-04-02 11:21:00,22.12,22.12,22.11,22.12,47700,1054914.0
000777.SZ,2026-04-02 11:22:00,22.12,22.15,22.12,22.14,19500,431401.0
000777.SZ,2026-04-02 11:23:00,22.14,22.14,22.13,22.13,2200,48706.0
000777.SZ,2026-04-02 11:24:00,22.13,22.14,22.13,22.14,19000,420516.0
000777.SZ,2026-04-02 11:25:00,22.14,22.15,22.14,22.15,4400,97451.0
000777.SZ,2026-04-02 11:26:00,22.15,22.16,22.15,22.15,2600,57591.0
000777.SZ,2026-04-02 11:27:00,22.14,22.15,22.12,22.12,41900,927176.0
000777.SZ,2026-04-02 11:28:00,22.11,22.15,22.1,22.15,38400,849072.0
000777.SZ,2026-04-02 11:29:00,22.15,22.15,22.11,22.15,4100,90683.0
000777.SZ,2026-04-02 11:30:00,22.13,22.13,22.11,22.12,8100,179174.0
000777.SZ,2026-04-02 13:01:00,22.12,22.12,22.09,22.09,108700,2402711.0
000777.SZ,2026-04-02 13:02:00,22.08,22.1,22.05,22.07,41200,909290.0
000777.SZ,2026-04-02 13:03:00,22.06,22.07,22.05,22.05,10700,235978.0
000777.SZ,2026-04-02 13:04:00,22.05,22.06,22.05,22.05,22600,498397.0
000777.SZ,2026-04-02 13:05:00,22.06,22.07,22.06,22.07,12000,264786.0
000777.SZ,2026-04-02 13:06:00,22.06,22.07,22.04,22.05,24600,542422.0
000777.SZ,2026-04-02 13:07:00,22.03,22.04,22.02,22.04,69700,1535103.0
000777.SZ,2026-04-02 13:08:00,22.02,22.05,22.02,22.05,23100,509002.0
000777.SZ,2026-04-02 13:09:00,22.04,22.04,22.03,22.04,18400,405435.0
000777.SZ,2026-04-02 13:10:00,22.03,22.06,22.03,22.05,37100,817867.0
000777.SZ,2026-04-02 13:11:00,22.05,22.1,22.05,22.09,16400,362001.0
000777.SZ,2026-04-02 13:12:00,22.09,22.09,22.05,22.06,23100,509627.0
000777.SZ,2026-04-02 13:13:00,22.06,22.06,22.05,22.06,8500,187458.0
000777.SZ,2026-04-02 13:14:00,22.06,22.06,22.04,22.04,32800,723279.0
000777.SZ,2026-04-02 13:15:00,22.05,22.05,22.04,22.05,5000,110240.0
000777.SZ,2026-04-02 13:16:00,22.05,22.06,22.05,22.05,7300,160991.0
000777.SZ,2026-04-02 13:17:00,22.05,22.06,22.05,22.06,5800,127928.0
000777.SZ,2026-04-02 13:18:00,22.08,22.09,22.06,22.09,5300,117012.0
000777.SZ,2026-04-02 13:19:00,22.06,22.06,22.06,22.06,4900,108100.0
000777.SZ,2026-04-02 13:20:00,22.06,22.06,22.04,22.05,26800,591079.0
000777.SZ,2026-04-02 13:21:00,22.05,22.07,22.04,22.06,16800,370474.0
000777.SZ,2026-04-02 13:22:00,22.05,22.06,22.05,22.06,14900,328563.0
000777.SZ,2026-04-02 13:23:00,22.07,22.07,22.05,22.07,6200,136799.0
000777.SZ,2026-04-02 13:24:00,22.07,22.09,22.07,22.09,6000,132464.0
000777.SZ,2026-04-02 13:25:00,22.08,22.09,22.07,22.08,8300,183244.0
000777.SZ,2026-04-02 13:26:00,22.07,22.1,22.07,22.1,16800,371214.0
000777.SZ,2026-04-02 13:27:00,22.1,22.1,22.08,22.08,7600,167874.0
000777.SZ,2026-04-02 13:28:00,22.09,22.1,22.08,22.09,16200,357752.0
000777.SZ,2026-04-02 13:29:00,22.09,22.09,22.08,22.08,15800,349026.0
000777.SZ,2026-04-02 13:30:00,22.08,22.09,22.08,22.09,14800,326791.0
000777.SZ,2026-04-02 13:31:00,22.08,22.08,22.05,22.05,25800,569276.0
000777.SZ,2026-04-02 13:32:00,22.06,22.08,22.05,22.07,14600,322131.0
000777.SZ,2026-04-02 13:33:00,22.07,22.07,22.06,22.06,7600,167670.0
000777.SZ,2026-04-02 13:34:00,22.07,22.07,22.06,22.06,3400,75034.0
000777.SZ,2026-04-02 13:35:00,22.07,22.07,22.03,22.03,135200,2981347.0
000777.SZ,2026-04-02 13:36:00,22.04,22.06,22.03,22.06,23800,524553.0
000777.SZ,2026-04-02 13:37:00,22.04,22.05,22.04,22.05,22000,484907.0
000777.SZ,2026-04-02 13:38:00,22.05,22.06,22.02,22.02,82100,1809033.0
000777.SZ,2026-04-02 13:39:00,22.02,22.03,22.02,22.02,44000,968916.0
000777.SZ,2026-04-02 13:40:00,22.03,22.03,22.01,22.01,71100,1565447.0
000777.SZ,2026-04-02 13:41:00,22.01,22.02,22.01,22.02,55800,1228185.0
000777.SZ,2026-04-02 13:42:00,22.01,22.01,21.93,21.93,309000,6796484.0
000777.SZ,2026-04-02 13:43:00,21.92,21.92,21.86,21.92,154300,3378205.0
000777.SZ,2026-04-02 13:44:00,21.89,21.89,21.86,21.87,118700,2597367.0
000777.SZ,2026-04-02 13:45:00,21.86,21.86,21.84,21.86,210200,4593207.0
000777.SZ,2026-04-02 13:46:00,21.88,21.88,21.87,21.87,29100,636613.0
000777.SZ,2026-04-02 13:47:00,21.88,21.88,21.85,21.87,58000,1268333.0
000777.SZ,2026-04-02 13:48:00,21.86,21.88,21.85,21.86,58200,1272192.0
000777.SZ,2026-04-02 13:49:00,21.86,21.86,21.82,21.84,35400,773204.0
000777.SZ,2026-04-02 13:50:00,21.82,21.84,21.77,21.78,81300,1772875.0
000777.SZ,2026-04-02 13:51:00,21.78,21.79,21.76,21.77,138630,3018160.8
000777.SZ,2026-04-02 13:52:00,21.76,21.77,21.75,21.76,56500,1229515.8
000777.SZ,2026-04-02 13:53:00,21.75,21.77,21.75,21.76,50500,1098554.0
000777.SZ,2026-04-02 13:54:00,21.74,21.76,21.71,21.73,118323,2570700.2
000777.SZ,2026-04-02 13:55:00,21.75,21.76,21.72,21.76,104130,2262921.5
000777.SZ,2026-04-02 13:56:00,21.74,21.75,21.72,21.75,44300,962747.0
000777.SZ,2026-04-02 13:57:00,21.75,21.77,21.71,21.77,63600,1382586.0
000777.SZ,2026-04-02 13:58:00,21.78,21.79,21.73,21.76,28600,622351.0
000777.SZ,2026-04-02 13:59:00,21.78,21.78,21.73,21.75,24400,530748.0
000777.SZ,2026-04-02 14:00:00,21.75,21.75,21.73,21.74,23800,517452.0
000777.SZ,2026-04-02 14:01:00,21.74,21.74,21.72,21.73,46900,1019224.0
000777.SZ,2026-04-02 14:02:00,21.73,21.75,21.72,21.73,33800,734546.0
000777.SZ,2026-04-02 14:03:00,21.73,21.75,21.72,21.75,33400,726028.0
000777.SZ,2026-04-02 14:04:00,21.74,21.76,21.74,21.75,32500,706617.0
000777.SZ,2026-04-02 14:05:00,21.75,21.77,21.74,21.77,13300,289232.0
000777.SZ,2026-04-02 14:06:00,21.77,21.77,21.74,21.75,21600,469781.0
000777.SZ,2026-04-02 14:07:00,21.75,21.76,21.74,21.75,24200,526280.0
000777.SZ,2026-04-02 14:08:00,21.74,21.75,21.74,21.75,32900,715415.0
000777.SZ,2026-04-02 14:09:00,21.75,21.79,21.74,21.79,29600,644246.0
000777.SZ,2026-04-02 14:10:00,21.8,21.83,21.8,21.82,23600,514867.0
000777.SZ,2026-04-02 14:11:00,21.83,21.83,21.81,21.81,21800,475737.0
000777.SZ,2026-04-02 14:12:00,21.8,21.81,21.75,21.75,36500,795140.0
000777.SZ,2026-04-02 14:13:00,21.75,21.81,21.74,21.81,37200,810264.0
000777.SZ,2026-04-02 14:14:00,21.83,21.84,21.81,21.84,5100,111292.0
000777.SZ,2026-04-02 14:15:00,21.85,21.85,21.84,21.85,25600,559033.0
000777.SZ,2026-04-02 14:16:00,21.85,21.85,21.84,21.84,26500,578669.0
000777.SZ,2026-04-02 14:17:00,21.84,21.86,21.84,21.85,12300,268703.0
000777.SZ,2026-04-02 14:18:00,21.85,21.88,21.85,21.88,14400,314891.0
000777.SZ,2026-04-02 14:19:00,21.88,21.94,21.88,21.94,19900,435993.0
000777.SZ,2026-04-02 14:20:00,21.93,21.94,21.88,21.88,24000,525990.0
000777.SZ,2026-04-02 14:21:00,21.88,21.92,21.87,21.92,8900,194832.0
000777.SZ,2026-04-02 14:22:00,21.92,21.92,21.89,21.89,11100,243207.0
000777.SZ,2026-04-02 14:23:00,21.9,21.91,21.88,21.88,17800,389801.0
000777.SZ,2026-04-02 14:24:00,21.87,21.88,21.85,21.85,12200,266738.0
000777.SZ,2026-04-02 14:25:00,21.86,21.9,21.85,21.9,50200,1097151.0
000777.SZ,2026-04-02 14:26:00,21.9,21.93,21.88,21.93,12600,275899.0
000777.SZ,2026-04-02 14:27:00,21.92,21.93,21.92,21.93,13500,296000.0
000777.SZ,2026-04-02 14:28:00,21.92,21.93,21.92,21.93,22500,493326.0
000777.SZ,2026-04-02 14:29:00,21.93,21.94,21.91,21.92,14000,306851.0
000777.SZ,2026-04-02 14:30:00,21.92,21.92,21.87,21.88,17800,389815.0
000777.SZ,2026-04-02 14:31:00,21.87,21.87,21.86,21.87,8700,190228.0
000777.SZ,2026-04-02 14:32:00,21.87,21.9,21.87,21.9,16800,367616.0
000777.SZ,2026-04-02 14:33:00,21.9,21.9,21.88,21.89,28500,623706.0
000777.SZ,2026-04-02 14:34:00,21.89,21.89,21.88,21.88,8300,181655.0
000777.SZ,2026-04-02 14:35:00,21.88,21.9,21.88,21.88,13700,299882.0
000777.SZ,2026-04-02 14:36:00,21.88,21.89,21.88,21.89,5700,124756.0
000777.SZ,2026-04-02 14:37:00,21.89,21.9,21.87,21.88,27400,599561.0
000777.SZ,2026-04-02 14:38:00,21.88,21.88,21.83,21.84,14100,308155.0
000777.SZ,2026-04-02 14:39:00,21.84,21.85,21.83,21.84,14500,316593.0
000777.SZ,2026-04-02 14:40:00,21.84,21.87,21.84,21.87,38100,832429.0
000777.SZ,2026-04-02 14:41:00,21.86,21.86,21.82,21.82,35600,777567.0
000777.SZ,2026-04-02 14:42:00,21.83,21.83,21.81,21.82,51900,1132467.0
000777.SZ,2026-04-02 14:43:00,21.82,21.82,21.8,21.81,78000,1700709.0
000777.SZ,2026-04-02 14:44:00,21.81,21.82,21.8,21.8,61100,1332182.0
000777.SZ,2026-04-02 14:45:00,21.8,21.82,21.78,21.8,73400,1599356.0
000777.SZ,2026-04-02 14:46:00,21.8,21.8,21.78,21.78,33600,732141.0
000777.SZ,2026-04-02 14:47:00,21.79,21.8,21.77,21.78,33900,738418.0
000777.SZ,2026-04-02 14:48:00,21.77,21.78,21.76,21.78,95828,2086367.5
000777.SZ,2026-04-02 14:49:00,21.78,21.79,21.76,21.77,32472,707009.9
000777.SZ,2026-04-02 14:50:00,21.78,21.78,21.76,21.76,38100,829504.0
000777.SZ,2026-04-02 14:51:00,21.76,21.79,21.76,21.78,61528,1339639.5
000777.SZ,2026-04-02 14:52:00,21.79,21.81,21.78,21.81,55300,1205210.0
000777.SZ,2026-04-02 14:53:00,21.8,21.8,21.78,21.8,41400,902361.0
000777.SZ,2026-04-02 14:54:00,21.79,21.81,21.79,21.8,92900,2025065.0
000777.SZ,2026-04-02 14:55:00,21.8,21.8,21.79,21.8,61900,1349225.0
000777.SZ,2026-04-02 14:56:00,21.79,21.82,21.79,21.82,113700,2478339.0
000777.SZ,2026-04-02 14:57:00,21.8,21.84,21.8,21.81,56800,1239015.0
000777.SZ,2026-04-02 14:58:00,21.81,21.81,21.81,21.81,0,0.0
000777.SZ,2026-04-02 14:59:00,21.81,21.81,21.81,21.81,0,0.0
000777.SZ,2026-04-02 15:00:00,21.81,21.81,21.81,21.81,74200,1618302.0
000777.SZ,2026-04-03 09:30:00,21.91,21.97,21.9,21.9,47400,1038665.0
000777.SZ,2026-04-03 09:31:00,21.92,22.0,21.92,21.92,97200,2134567.0
000777.SZ,2026-04-03 09:32:00,21.93,21.93,21.8,21.8,174800,3822509.0
000777.SZ,2026-04-03 09:33:00,21.83,21.88,21.79,21.88,32900,718385.0
000777.SZ,2026-04-03 09:34:00,21.8,21.85,21.8,21.8,46500,1014485.0
000777.SZ,2026-04-03 09:35:00,21.8,21.82,21.79,21.8,42400,924391.0
000777.SZ,2026-04-03 09:36:00,21.8,21.8,21.72,21.74,110800,2408719.0
000777.SZ,2026-04-03 09:37:00,21.74,21.84,21.7,21.82,104600,2274890.0
000777.SZ,2026-04-03 09:38:00,21.81,21.82,21.74,21.77,60300,1311880.0
000777.SZ,2026-04-03 09:39:00,21.74,21.77,21.72,21.74,33000,717486.0
000777.SZ,2026-04-03 09:40:00,21.74,21.74,21.65,21.65,80400,1744559.0
000777.SZ,2026-04-03 09:41:00,21.66,21.66,21.6,21.61,81000,1752814.0
000777.SZ,2026-04-03 09:42:00,21.65,21.65,21.62,21.62,47000,1016801.0
000777.SZ,2026-04-03 09:43:00,21.62,21.67,21.61,21.66,104600,2262630.0
000777.SZ,2026-04-03 09:44:00,21.68,21.68,21.65,21.65,25700,556705.0
000777.SZ,2026-04-03 09:45:00,21.65,21.65,21.6,21.61,40100,866703.0
000777.SZ,2026-04-03 09:46:00,21.6,21.7,21.6,21.7,73000,1578415.0
000777.SZ,2026-04-03 09:47:00,21.7,21.7,21.61,21.62,25000,541353.0
000777.SZ,2026-04-03 09:48:00,21.65,21.66,21.63,21.66,23700,513091.0
000777.SZ,2026-04-03 09:49:00,21.67,21.68,21.65,21.65,36500,790537.0
000777.SZ,2026-04-03 09:50:00,21.66,21.66,21.64,21.64,28200,610556.0
000777.SZ,2026-04-03 09:51:00,21.64,21.65,21.6,21.6,94500,2041988.0
000777.SZ,2026-04-03 09:52:00,21.6,21.62,21.55,21.6,58700,1266386.0
000777.SZ,2026-04-03 09:53:00,21.6,21.61,21.56,21.56,37300,805056.0
000777.SZ,2026-04-03 09:54:00,21.57,21.6,21.55,21.55,73700,1588772.0
000777.SZ,2026-04-03 09:55:00,21.54,21.56,21.53,21.54,56700,1221357.0
000777.SZ,2026-04-03 09:56:00,21.53,21.54,21.51,21.51,119200,2565278.0
000777.SZ,2026-04-03 09:57:00,21.51,21.51,21.5,21.51,67700,1455758.0
000777.SZ,2026-04-03 09:58:00,21.5,21.5,21.48,21.49,56200,1208103.0
000777.SZ,2026-04-03 09:59:00,21.49,21.5,21.47,21.5,81500,1750770.0
000777.SZ,2026-04-03 10:00:00,21.5,21.5,21.48,21.49,67000,1439824.0
000777.SZ,2026-04-03 10:01:00,21.5,21.55,21.49,21.53,53200,1143869.0
000777.SZ,2026-04-03 10:02:00,21.55,21.57,21.53,21.57,62400,1345074.0
000777.SZ,2026-04-03 10:03:00,21.57,21.57,21.51,21.52,17500,376894.0
000777.SZ,2026-04-03 10:04:00,21.51,21.51,21.48,21.48,35700,767066.0
000777.SZ,2026-04-03 10:05:00,21.48,21.48,21.46,21.46,31100,667705.0
000777.SZ,2026-04-03 10:06:00,21.46,21.46,21.4,21.42,154700,3316074.0
000777.SZ,2026-04-03 10:07:00,21.4,21.42,21.39,21.39,81500,1744615.0
000777.SZ,2026-04-03 10:08:00,21.39,21.39,21.34,21.34,135400,2892429.0
000777.SZ,2026-04-03 10:09:00,21.34,21.37,21.33,21.36,73000,1558308.0
000777.SZ,2026-04-03 10:10:00,21.36,21.37,21.34,21.34,59000,1259741.0
000777.SZ,2026-04-03 10:11:00,21.35,21.35,21.34,21.35,92800,1981109.0
000777.SZ,2026-04-03 10:12:00,21.34,21.35,21.33,21.33,25200,537817.0
000777.SZ,2026-04-03 10:13:00,21.33,21.33,21.31,21.31,48900,1042585.0
000777.SZ,2026-04-03 10:14:00,21.3,21.3,21.27,21.27,108300,2305805.0
000777.SZ,2026-04-03 10:15:00,21.27,21.3,21.26,21.3,89100,1895456.0
000777.SZ,2026-04-03 10:16:00,21.3,21.3,21.28,21.28,22100,470366.0
000777.SZ,2026-04-03 10:17:00,21.28,21.28,21.27,21.28,36300,772449.0
000777.SZ,2026-04-03 10:18:00,21.28,21.3,21.27,21.29,49500,1053399.0
000777.SZ,2026-04-03 10:19:00,21.28,21.28,21.25,21.25,34700,737779.0
000777.SZ,2026-04-03 10:20:00,21.25,21.3,21.25,21.3,107885,2294358.2
000777.SZ,2026-04-03 10:21:00,21.3,21.34,21.28,21.34,68000,1449026.0
000777.SZ,2026-04-03 10:22:00,21.34,21.4,21.34,21.38,25200,538691.0
000777.SZ,2026-04-03 10:23:00,21.37,21.4,21.37,21.4,22000,470668.0
000777.SZ,2026-04-03 10:24:00,21.39,21.4,21.37,21.37,16600,354909.0
000777.SZ,2026-04-03 10:25:00,21.38,21.4,21.32,21.4,69600,1486978.0
000777.SZ,2026-04-03 10:26:00,21.4,21.43,21.38,21.43,32500,695708.0
000777.SZ,2026-04-03 10:27:00,21.43,21.45,21.43,21.45,31100,666950.0
000777.SZ,2026-04-03 10:28:00,21.45,21.45,21.43,21.43,7000,150095.0
000777.SZ,2026-04-03 10:29:00,21.43,21.46,21.42,21.44,45700,980010.0
000777.SZ,2026-04-03 10:30:00,21.46,21.47,21.46,21.47,26000,557986.0
000777.SZ,2026-04-03 10:31:00,21.47,21.48,21.46,21.46,11300,242656.0
000777.SZ,2026-04-03 10:32:00,21.45,21.45,21.44,21.44,10200,218726.0
000777.SZ,2026-04-03 10:33:00,21.44,21.44,21.42,21.42,14300,306327.0
000777.SZ,2026-04-03 10:34:00,21.42,21.45,21.42,21.45,22700,486860.0
000777.SZ,2026-04-03 10:35:00,21.46,21.49,21.45,21.49,12500,268373.0
000777.SZ,2026-04-03 10:36:00,21.47,21.48,21.45,21.47,22000,472058.0
000777.SZ,2026-04-03 10:37:00,21.45,21.45,21.45,21.45,5600,120122.0
000777.SZ,2026-04-03 10:38:00,21.45,21.45,21.45,21.45,5600,120124.0
000777.SZ,2026-04-03 10:39:00,21.48,21.48,21.44,21.44,16900,362604.0
000777.SZ,2026-04-03 10:40:00,21.43,21.44,21.43,21.44,28000,600207.0
000777.SZ,2026-04-03 10:41:00,21.43,21.43,21.42,21.42,9000,192841.0
000777.SZ,2026-04-03 10:42:00,21.42,21.43,21.42,21.42,17300,370577.0
000777.SZ,2026-04-03 10:43:00,21.42,21.43,21.42,21.42,11100,237800.0
000777.SZ,2026-04-03 10:44:00,21.42,21.42,21.4,21.4,12500,267551.0
000777.SZ,2026-04-03 10:45:00,21.42,21.42,21.4,21.42,17100,365998.0
000777.SZ,2026-04-03 10:46:00,21.42,21.42,21.39,21.39,26100,558569.0
000777.SZ,2026-04-03 10:47:00,21.39,21.4,21.36,21.36,10400,222285.0
000777.SZ,2026-04-03 10:48:00,21.38,21.4,21.37,21.4,24500,523826.0
000777.SZ,2026-04-03 10:49:00,21.41,21.45,21.4,21.45,72200,1546177.0
000777.SZ,2026-04-03 10:50:00,21.45,21.47,21.44,21.44,11700,250931.0
000777.SZ,2026-04-03 10:51:00,21.45,21.45,21.43,21.43,3600,77206.0
000777.SZ,2026-04-03 10:52:00,21.44,21.47,21.43,21.47,19500,418392.0
000777.SZ,2026-04-03 10:53:00,21.47,21.47,21.46,21.46,16200,347723.0
000777.SZ,2026-04-03 10:54:00,21.45,21.47,21.43,21.45,8200,175917.0
000777.SZ,2026-04-03 10:55:00,21.45,21.46,21.45,21.46,10800,231669.0
000777.SZ,2026-04-03 10:56:00,21.46,21.47,21.45,21.45,13500,289658.0
000777.SZ,2026-04-03 10:57:00,21.45,21.45,21.44,21.44,6200,132971.0
000777.SZ,2026-04-03 10:58:00,21.44,21.44,21.41,21.41,8700,186439.0
000777.SZ,2026-04-03 10:59:00,21.41,21.43,21.41,21.41,8300,177785.0
000777.SZ,2026-04-03 11:00:00,21.41,21.43,21.41,21.41,7400,158475.0
000777.SZ,2026-04-03 11:01:00,21.41,21.42,21.4,21.42,19200,410924.0
000777.SZ,2026-04-03 11:02:00,21.42,21.42,21.42,21.42,10700,229195.0
000777.SZ,2026-04-03 11:03:00,21.4,21.43,21.4,21.43,18500,396177.0
000777.SZ,2026-04-03 11:04:00,21.43,21.43,21.42,21.42,6100,130715.0
000777.SZ,2026-04-03 11:05:00,21.43,21.43,21.39,21.43,16600,355271.0
000777.SZ,2026-04-03 11:06:00,21.42,21.42,21.4,21.4,4300,92059.0
000777.SZ,2026-04-03 11:07:00,21.4,21.4,21.39,21.39,700,14975.0
000777.SZ,2026-04-03 11:08:00,21.39,21.4,21.39,21.39,7000,149776.0
000777.SZ,2026-04-03 11:09:00,21.39,21.4,21.39,21.4,28000,598794.0
000777.SZ,2026-04-03 11:10:00,21.39,21.4,21.39,21.39,14800,316625.0
000777.SZ,2026-04-03 11:11:00,21.37,21.39,21.37,21.37,13300,284244.0
000777.SZ,2026-04-03 11:12:00,21.38,21.4,21.37,21.39,18400,393352.0
000777.SZ,2026-04-03 11:13:00,21.37,21.39,21.37,21.39,4600,98359.0
000777.SZ,2026-04-03 11:14:00,21.38,21.41,21.38,21.39,4000,85533.0
000777.SZ,2026-04-03 11:15:00,21.37,21.38,21.36,21.37,25200,538546.0
000777.SZ,2026-04-03 11:16:00,21.37,21.37,21.37,21.37,4700,100439.0
000777.SZ,2026-04-03 11:17:00,21.36,21.4,21.35,21.39,15600,333517.0
000777.SZ,2026-04-03 11:18:00,21.38,21.38,21.37,21.37,10700,228785.0
000777.SZ,2026-04-03 11:19:00,21.38,21.41,21.37,21.38,5300,113318.0
000777.SZ,2026-04-03 11:20:00,21.38,21.4,21.38,21.4,1800,38503.0
000777.SZ,2026-04-03 11:21:00,21.39,21.39,21.39,21.39,100,2139.0
000777.SZ,2026-04-03 11:22:00,21.39,21.39,21.37,21.37,5400,115451.0
000777.SZ,2026-04-03 11:23:00,21.4,21.4,21.37,21.4,19800,423492.0
000777.SZ,2026-04-03 11:24:00,21.4,21.41,21.4,21.41,6800,145548.0
000777.SZ,2026-04-03 11:25:00,21.4,21.4,21.37,21.39,10200,218256.0
000777.SZ,2026-04-03 11:26:00,21.38,21.38,21.37,21.37,6500,138936.0
000777.SZ,2026-04-03 11:27:00,21.37,21.38,21.36,21.38,28400,606783.0
000777.SZ,2026-04-03 11:28:00,21.38,21.38,21.37,21.37,2100,44880.0
000777.SZ,2026-04-03 11:29:00,21.37,21.38,21.37,21.37,5900,126121.0
000777.SZ,2026-04-03 11:30:00,21.38,21.38,21.37,21.37,1600,34194.0
000777.SZ,2026-04-03 13:01:00,21.37,21.37,21.35,21.37,46800,1000080.0
000777.SZ,2026-04-03 13:02:00,21.36,21.36,21.36,21.36,500,10680.0
000777.SZ,2026-04-03 13:03:00,21.36,21.37,21.34,21.34,19900,424908.0
000777.SZ,2026-04-03 13:04:00,21.34,21.35,21.32,21.32,15600,332835.0
000777.SZ,2026-04-03 13:05:00,21.32,21.32,21.32,21.32,12200,260104.0
000777.SZ,2026-04-03 13:06:00,21.31,21.32,21.3,21.3,26000,553879.0
000777.SZ,2026-04-03 13:07:00,21.29,21.29,21.27,21.28,22800,485292.0
000777.SZ,2026-04-03 13:08:00,21.29,21.32,21.29,21.32,41800,890546.0
000777.SZ,2026-04-03 13:09:00,21.32,21.35,21.31,21.35,17700,377343.0
000777.SZ,2026-04-03 13:10:00,21.35,21.38,21.34,21.37,9300,198628.0
000777.SZ,2026-04-03 13:11:00,21.38,21.4,21.38,21.4,15500,331549.0
000777.SZ,2026-04-03 13:12:00,21.41,21.41,21.38,21.39,11300,241817.0
000777.SZ,2026-04-03 13:13:00,21.38,21.39,21.36,21.37,14400,307795.0
000777.SZ,2026-04-03 13:14:00,21.37,21.4,21.36,21.36,7300,155977.0
000777.SZ,2026-04-03 13:15:00,21.36,21.4,21.36,21.37,9000,192410.0
000777.SZ,2026-04-03 13:16:00,21.37,21.4,21.37,21.39,10900,233211.0
000777.SZ,2026-04-03 13:17:00,21.39,21.39,21.33,21.33,36600,782311.0
000777.SZ,2026-04-03 13:18:00,21.33,21.33,21.3,21.32,29100,619987.0
000777.SZ,2026-04-03 13:19:00,21.3,21.31,21.3,21.3,11800,251365.0
000777.SZ,2026-04-03 13:20:00,21.29,21.31,21.29,21.3,11600,247023.0
000777.SZ,2026-04-03 13:21:00,21.3,21.31,21.3,21.31,14900,317393.0
000777.SZ,2026-04-03 13:22:00,21.31,21.34,21.31,21.33,8700,185469.0
000777.SZ,2026-04-03 13:23:00,21.33,21.34,21.33,21.34,5700,121608.0
000777.SZ,2026-04-03 13:24:00,21.34,21.34,21.33,21.34,9100,194148.0
000777.SZ,2026-04-03 13:25:00,21.33,21.33,21.32,21.32,21300,454319.0
000777.SZ,2026-04-03 13:26:00,21.33,21.35,21.33,21.33,11400,243227.0
000777.SZ,2026-04-03 13:27:00,21.34,21.35,21.32,21.35,28600,609459.0
000777.SZ,2026-04-03 13:28:00,21.34,21.34,21.32,21.32,13900,296358.0
000777.SZ,2026-04-03 13:29:00,21.32,21.34,21.32,21.34,36100,769547.0
000777.SZ,2026-04-03 13:30:00,21.34,21.35,21.34,21.34,3500,74708.0
000777.SZ,2026-04-03 13:31:00,21.34,21.35,21.32,21.35,43200,921476.0
000777.SZ,2026-04-03 13:32:00,21.35,21.35,21.33,21.33,11700,249601.0
000777.SZ,2026-04-03 13:33:00,21.32,21.33,21.31,21.31,5072,108114.32
000777.SZ,2026-04-03 13:34:00,21.32,21.33,21.31,21.31,5200,110835.0
000777.SZ,2026-04-03 13:35:00,21.32,21.35,21.31,21.33,10000,213215.0
000777.SZ,2026-04-03 13:36:00,21.33,21.33,21.31,21.33,8200,174846.0
000777.SZ,2026-04-03 13:37:00,21.32,21.35,21.32,21.35,14500,309230.0
000777.SZ,2026-04-03 13:38:00,21.33,21.4,21.33,21.4,191500,4089172.0
000777.SZ,2026-04-03 13:39:00,21.4,21.45,21.39,21.45,103400,2213748.0
000777.SZ,2026-04-03 13:40:00,21.45,21.45,21.41,21.42,11300,242204.0
000777.SZ,2026-04-03 13:41:00,21.42,21.42,21.4,21.41,6000,128430.0
000777.SZ,2026-04-03 13:42:00,21.41,21.45,21.41,21.45,11900,255019.0
000777.SZ,2026-04-03 13:43:00,21.44,21.47,21.44,21.46,16000,343304.0
000777.SZ,2026-04-03 13:44:00,21.47,21.47,21.46,21.47,12000,257525.0
000777.SZ,2026-04-03 13:45:00,21.47,21.47,21.46,21.46,5300,113757.0
000777.SZ,2026-04-03 13:46:00,21.46,21.46,21.43,21.43,16400,351577.0
000777.SZ,2026-04-03 13:47:00,21.44,21.45,21.43,21.43,17900,383800.0
000777.SZ,2026-04-03 13:48:00,21.44,21.45,21.42,21.44,27400,587220.0
000777.SZ,2026-04-03 13:49:00,21.43,21.45,21.43,21.44,7100,152228.0
000777.SZ,2026-04-03 13:50:00,21.44,21.46,21.44,21.46,11400,244448.0
000777.SZ,2026-04-03 13:51:00,21.46,21.46,21.43,21.43,16200,347476.0
000777.SZ,2026-04-03 13:52:00,21.44,21.44,21.42,21.43,11000,235740.0
000777.SZ,2026-04-03 13:53:00,21.42,21.44,21.42,21.44,14900,319348.0
000777.SZ,2026-04-03 13:54:00,21.45,21.49,21.43,21.49,20700,444228.0
000777.SZ,2026-04-03 13:55:00,21.49,21.49,21.46,21.46,5500,118097.0
000777.SZ,2026-04-03 13:56:00,21.46,21.46,21.44,21.45,15000,321692.0
000777.SZ,2026-04-03 13:57:00,21.45,21.49,21.45,21.49,24800,532684.0
000777.SZ,2026-04-03 13:58:00,21.46,21.49,21.46,21.49,2100,45121.0
000777.SZ,2026-04-03 13:59:00,21.48,21.49,21.48,21.49,10200,219154.0
000777.SZ,2026-04-03 14:00:00,21.49,21.49,21.48,21.49,24255,521165.4
000777.SZ,2026-04-03 14:01:00,21.49,21.52,21.48,21.52,62151,1336224.5
000777.SZ,2026-04-03 14:02:00,21.53,21.57,21.53,21.57,28167,607005.5
000777.SZ,2026-04-03 14:03:00,21.56,21.57,21.55,21.55,11933,257295.81
000777.SZ,2026-04-03 14:04:00,21.54,21.55,21.51,21.51,5200,111999.0
000777.SZ,2026-04-03 14:05:00,21.52,21.53,21.49,21.49,12700,273243.0
000777.SZ,2026-04-03 14:06:00,21.49,21.5,21.48,21.48,10145,217983.6
000777.SZ,2026-04-03 14:07:00,21.47,21.48,21.46,21.46,14500,311292.0
000777.SZ,2026-04-03 14:08:00,21.46,21.47,21.45,21.47,29600,635001.0
000777.SZ,2026-04-03 14:09:00,21.45,21.47,21.44,21.47,23000,493338.0
000777.SZ,2026-04-03 14:10:00,21.45,21.46,21.45,21.45,4400,94391.0
000777.SZ,2026-04-03 14:11:00,21.45,21.46,21.45,21.45,8200,175900.0
000777.SZ,2026-04-03 14:12:00,21.48,21.48,21.45,21.45,11500,246742.0
000777.SZ,2026-04-03 14:13:00,21.48,21.5,21.48,21.5,5600,120298.0
000777.SZ,2026-04-03 14:14:00,21.5,21.5,21.48,21.48,16700,358986.0
000777.SZ,2026-04-03 14:15:00,21.48,21.5,21.48,21.48,4000,85939.0
000777.SZ,2026-04-03 14:16:00,21.5,21.51,21.48,21.49,3100,66643.0
000777.SZ,2026-04-03 14:17:00,21.49,21.51,21.48,21.48,10500,225570.0
000777.SZ,2026-04-03 14:18:00,21.48,21.49,21.48,21.48,5800,124599.0
000777.SZ,2026-04-03 14:19:00,21.49,21.5,21.48,21.48,600,12895.0
000777.SZ,2026-04-03 14:20:00,21.47,21.5,21.47,21.48,11900,255737.0
000777.SZ,2026-04-03 14:21:00,21.48,21.48,21.45,21.46,27500,590137.0
000777.SZ,2026-04-03 14:22:00,21.46,21.48,21.46,21.48,4500,96627.0
000777.SZ,2026-04-03 14:23:00,21.47,21.48,21.47,21.48,3400,73017.0
000777.SZ,2026-04-03 14:24:00,21.5,21.5,21.46,21.46,3200,68712.0
000777.SZ,2026-04-03 14:25:00,21.46,21.49,21.46,21.46,6000,128810.0
000777.SZ,2026-04-03 14:26:00,21.46,21.49,21.46,21.49,6700,143871.0
000777.SZ,2026-04-03 14:27:00,21.46,21.47,21.45,21.45,10300,220995.0
000777.SZ,2026-04-03 14:28:00,21.45,21.48,21.45,21.45,11200,240371.0
000777.SZ,2026-04-03 14:29:00,21.46,21.47,21.46,21.46,5300,113746.0
000777.SZ,2026-04-03 14:30:00,21.47,21.48,21.47,21.47,3400,73017.0
000777.SZ,2026-04-03 14:31:00,21.47,21.48,21.43,21.44,33500,718597.0
000777.SZ,2026-04-03 14:32:00,21.45,21.46,21.45,21.46,67200,1440584.0
000777.SZ,2026-04-03 14:33:00,21.43,21.44,21.41,21.41,16800,359967.0
000777.SZ,2026-04-03 14:34:00,21.39,21.4,21.36,21.36,35200,752722.0
000777.SZ,2026-04-03 14:35:00,21.36,21.38,21.35,21.37,23700,506203.0
000777.SZ,2026-04-03 14:36:00,21.36,21.37,21.36,21.37,20900,446575.0
000777.SZ,2026-04-03 14:37:00,21.37,21.37,21.36,21.36,5200,111106.0
000777.SZ,2026-04-03 14:38:00,21.36,21.37,21.36,21.36,5100,108942.0
000777.SZ,2026-04-03 14:39:00,21.36,21.37,21.36,21.36,2700,57679.0
000777.SZ,2026-04-03 14:40:00,21.36,21.36,21.35,21.36,35000,747560.0
000777.SZ,2026-04-03 14:41:00,21.36,21.38,21.36,21.37,25400,542872.0
000777.SZ,2026-04-03 14:42:00,21.37,21.37,21.35,21.35,64100,1369194.0
000777.SZ,2026-04-03 14:43:00,21.36,21.37,21.35,21.36,35620,760759.2
000777.SZ,2026-04-03 14:44:00,21.36,21.36,21.35,21.35,16080,343428.8
000777.SZ,2026-04-03 14:45:00,21.37,21.38,21.35,21.36,16520,352864.0
000777.SZ,2026-04-03 14:46:00,21.36,21.39,21.36,21.38,13100,280069.0
000777.SZ,2026-04-03 14:47:00,21.39,21.39,21.38,21.38,40500,865974.0
000777.SZ,2026-04-03 14:48:00,21.37,21.39,21.36,21.37,17700,378312.0
000777.SZ,2026-04-03 14:49:00,21.37,21.37,21.35,21.36,21900,467743.0
000777.SZ,2026-04-03 14:50:00,21.36,21.37,21.35,21.37,16800,358845.0
000777.SZ,2026-04-03 14:51:00,21.36,21.4,21.36,21.4,69900,1494717.0
000777.SZ,2026-04-03 14:52:00,21.39,21.4,21.39,21.4,28500,609853.0
000777.SZ,2026-04-03 14:53:00,21.4,21.4,21.38,21.38,27200,581842.0
000777.SZ,2026-04-03 14:54:00,21.39,21.39,21.38,21.38,12900,275845.0
000777.SZ,2026-04-03 14:55:00,21.39,21.39,21.37,21.39,69300,1481656.0
000777.SZ,2026-04-03 14:56:00,21.38,21.38,21.37,21.37,53900,1152013.0
000777.SZ,2026-04-03 14:57:00,21.38,21.38,21.36,21.36,63100,1348238.0
000777.SZ,2026-04-03 14:58:00,21.36,21.36,21.36,21.36,0,0.0
000777.SZ,2026-04-03 14:59:00,21.36,21.36,21.36,21.36,0,0.0
000777.SZ,2026-04-03 15:00:00,21.35,21.35,21.35,21.35,90180,1925343.0
000777.SZ,2026-04-07 09:30:00,21.37,21.37,21.28,21.28,32400,692162.0
000777.SZ,2026-04-07 09:31:00,21.36,21.46,21.34,21.38,122100,2606883.0
000777.SZ,2026-04-07 09:32:00,21.4,21.42,21.38,21.4,44700,956137.0
000777.SZ,2026-04-07 09:33:00,21.4,21.42,21.38,21.41,44000,941655.0
000777.SZ,2026-04-07 09:34:00,21.43,21.46,21.41,21.43,37900,812686.0
000777.SZ,2026-04-07 09:35:00,21.43,21.43,21.41,21.42,23800,509805.0
000777.SZ,2026-04-07 09:36:00,21.43,21.43,21.38,21.4,63500,1358509.0
000777.SZ,2026-04-07 09:37:00,21.38,21.4,21.38,21.38,25100,536884.0
000777.SZ,2026-04-07 09:38:00,21.4,21.4,21.33,21.33,48800,1042971.0
000777.SZ,2026-04-07 09:39:00,21.33,21.36,21.31,21.31,48600,1036635.0
000777.SZ,2026-04-07 09:40:00,21.32,21.32,21.26,21.32,49900,1062614.0
000777.SZ,2026-04-07 09:41:00,21.32,21.39,21.32,21.37,27900,595913.0
000777.SZ,2026-04-07 09:42:00,21.4,21.45,21.37,21.45,58100,1244027.0
000777.SZ,2026-04-07 09:43:00,21.45,21.46,21.42,21.42,24400,523458.0
000777.SZ,2026-04-07 09:44:00,21.46,21.46,21.42,21.45,16800,360292.0
000777.SZ,2026-04-07 09:45:00,21.45,21.45,21.42,21.45,40500,868459.0
000777.SZ,2026-04-07 09:46:00,21.44,21.45,21.43,21.45,9700,208001.0
000777.SZ,2026-04-07 09:47:00,21.45,21.48,21.45,21.48,52460,1125770.0
000777.SZ,2026-04-07 09:48:00,21.48,21.49,21.45,21.47,36200,777598.0
000777.SZ,2026-04-07 09:49:00,21.46,21.46,21.44,21.44,50900,1092337.0
000777.SZ,2026-04-07 09:50:00,21.45,21.46,21.43,21.44,20000,428793.0
000777.SZ,2026-04-07 09:51:00,21.44,21.5,21.44,21.48,46400,996725.0
000777.SZ,2026-04-07 09:52:00,21.48,21.48,21.44,21.44,42300,908204.0
000777.SZ,2026-04-07 09:53:00,21.43,21.46,21.43,21.46,15900,340859.0
000777.SZ,2026-04-07 09:54:00,21.46,21.46,21.44,21.44,15600,334595.0
000777.SZ,2026-04-07 09:55:00,21.44,21.44,21.43,21.44,22500,482288.0
000777.SZ,2026-04-07 09:56:00,21.45,21.45,21.42,21.42,22900,490851.0
000777.SZ,2026-04-07 09:57:00,21.42,21.43,21.42,21.43,2000,42843.0
000777.SZ,2026-04-07 09:58:00,21.43,21.44,21.42,21.44,41200,882921.0
000777.SZ,2026-04-07 09:59:00,21.45,21.48,21.45,21.47,28500,611602.0
000777.SZ,2026-04-07 10:00:00,21.47,21.5,21.46,21.49,82500,1772927.0
000777.SZ,2026-04-07 10:01:00,21.49,21.49,21.48,21.48,12700,272867.0
000777.SZ,2026-04-07 10:02:00,21.48,21.49,21.47,21.48,29900,642260.0
000777.SZ,2026-04-07 10:03:00,21.47,21.54,21.46,21.53,107800,2316754.0
000777.SZ,2026-04-07 10:04:00,21.54,21.55,21.53,21.53,99800,2149626.0
000777.SZ,2026-04-07 10:05:00,21.53,21.53,21.5,21.5,12200,262467.0
000777.SZ,2026-04-07 10:06:00,21.5,21.5,21.48,21.48,15300,328700.0
000777.SZ,2026-04-07 10:07:00,21.48,21.49,21.48,21.49,34900,749785.0
000777.SZ,2026-04-07 10:08:00,21.49,21.49,21.47,21.47,28400,609792.0
000777.SZ,2026-04-07 10:09:00,21.47,21.48,21.47,21.48,17700,380047.0
000777.SZ,2026-04-07 10:10:00,21.48,21.48,21.46,21.46,9300,199699.0
000777.SZ,2026-04-07 10:11:00,21.47,21.49,21.47,21.47,6500,139609.0
000777.SZ,2026-04-07 10:12:00,21.49,21.5,21.49,21.5,25300,543904.0
000777.SZ,2026-04-07 10:13:00,21.5,21.51,21.49,21.51,12300,264452.0
000777.SZ,2026-04-07 10:14:00,21.49,21.51,21.49,21.49,19000,408465.0
000777.SZ,2026-04-07 10:15:00,21.49,21.5,21.48,21.49,9900,212749.0
000777.SZ,2026-04-07 10:16:00,21.49,21.51,21.49,21.5,12600,270904.0
000777.SZ,2026-04-07 10:17:00,21.5,21.5,21.49,21.5,3800,81679.0
000777.SZ,2026-04-07 10:18:00,21.49,21.5,21.49,21.5,11700,251486.0
000777.SZ,2026-04-07 10:19:00,21.5,21.53,21.5,21.53,15900,342050.0
000777.SZ,2026-04-07 10:20:00,21.52,21.53,21.5,21.5,10100,217340.0
000777.SZ,2026-04-07 10:21:00,21.52,21.52,21.52,21.52,7000,150640.0
000777.SZ,2026-04-07 10:22:00,21.51,21.52,21.51,21.51,5000,107564.0
000777.SZ,2026-04-07 10:23:00,21.51,21.51,21.5,21.51,6800,146234.0
000777.SZ,2026-04-07 10:24:00,21.5,21.51,21.5,21.51,8800,189251.0
000777.SZ,2026-04-07 10:25:00,21.51,21.51,21.49,21.49,41600,894342.0
000777.SZ,2026-04-07 10:26:00,21.49,21.49,21.48,21.48,7200,154697.0
000777.SZ,2026-04-07 10:27:00,21.48,21.49,21.48,21.49,13800,296437.0
000777.SZ,2026-04-07 10:28:00,21.48,21.49,21.47,21.48,34000,730526.0
000777.SZ,2026-04-07 10:29:00,21.48,21.49,21.48,21.49,3500,75194.0
000777.SZ,2026-04-07 10:30:00,21.49,21.5,21.49,21.5,12300,264386.0
000777.SZ,2026-04-07 10:31:00,21.5,21.53,21.5,21.53,41900,901592.0
000777.SZ,2026-04-07 10:32:00,21.53,21.53,21.51,21.52,32300,695093.0
000777.SZ,2026-04-07 10:33:00,21.52,21.52,21.51,21.51,8300,178609.0
000777.SZ,2026-04-07 10:34:00,21.52,21.52,21.5,21.5,5100,109673.0
000777.SZ,2026-04-07 10:35:00,21.51,21.52,21.5,21.5,16800,361417.0
000777.SZ,2026-04-07 10:36:00,21.51,21.51,21.5,21.5,3800,81712.0
000777.SZ,2026-04-07 10:37:00,21.51,21.51,21.5,21.5,4000,86001.0
000777.SZ,2026-04-07 10:38:00,21.5,21.51,21.5,21.51,14700,316088.0
000777.SZ,2026-04-07 10:39:00,21.51,21.52,21.5,21.52,15900,342015.0
000777.SZ,2026-04-07 10:40:00,21.52,21.52,21.51,21.51,12700,273211.0
000777.SZ,2026-04-07 10:41:00,21.51,21.52,21.5,21.52,8500,182910.0
000777.SZ,2026-04-07 10:42:00,21.51,21.52,21.51,21.52,8700,187165.0
000777.SZ,2026-04-07 10:43:00,21.52,21.52,21.5,21.5,20700,445399.0
000777.SZ,2026-04-07 10:44:00,21.5,21.5,21.48,21.5,15200,326764.0
000777.SZ,2026-04-07 10:45:00,21.5,21.51,21.49,21.5,50600,1087825.0
000777.SZ,2026-04-07 10:46:00,21.51,21.52,21.51,21.52,13800,296948.0
000777.SZ,2026-04-07 10:47:00,21.52,21.52,21.52,21.52,12500,269000.0
000777.SZ,2026-04-07 10:48:00,21.51,21.52,21.51,21.51,5800,124779.0
000777.SZ,2026-04-07 10:49:00,21.52,21.52,21.51,21.52,11900,256030.0
000777.SZ,2026-04-07 10:50:00,21.52,21.52,21.52,21.52,700,15064.0
000777.SZ,2026-04-07 10:51:00,21.52,21.52,21.51,21.52,14800,318494.0
000777.SZ,2026-04-07 10:52:00,21.52,21.52,21.52,21.52,7500,161400.0
000777.SZ,2026-04-07 10:53:00,21.51,21.51,21.5,21.5,3800,81723.0
000777.SZ,2026-04-07 10:54:00,21.5,21.52,21.5,21.51,10600,227992.0
000777.SZ,2026-04-07 10:55:00,21.5,21.5,21.49,21.49,13000,279458.0
000777.SZ,2026-04-07 10:56:00,21.49,21.5,21.48,21.48,14700,315900.0
000777.SZ,2026-04-07 10:57:00,21.49,21.5,21.48,21.48,14800,317972.0
000777.SZ,2026-04-07 10:58:00,21.48,21.49,21.48,21.49,5200,111711.0
000777.SZ,2026-04-07 10:59:00,21.49,21.5,21.49,21.5,3200,68795.0
000777.SZ,2026-04-07 11:00:00,21.5,21.5,21.49,21.49,3600,77396.0
000777.SZ,2026-04-07 11:01:00,21.5,21.5,21.5,21.5,1900,40850.0
000777.SZ,2026-04-07 11:02:00,21.5,21.51,21.49,21.51,8200,176295.0
000777.SZ,2026-04-07 11:03:00,21.5,21.5,21.5,21.5,12800,275200.0
000777.SZ,2026-04-07 11:04:00,21.52,21.52,21.5,21.5,4900,105407.0
000777.SZ,2026-04-07 11:05:00,21.51,21.51,21.5,21.5,4900,105391.0
000777.SZ,2026-04-07 11:06:00,21.51,21.51,21.5,21.5,5800,124724.0
000777.SZ,2026-04-07 11:07:00,21.51,21.51,21.5,21.5,3600,77421.0
000777.SZ,2026-04-07 11:08:00,21.5,21.51,21.5,21.51,13300,286033.0
000777.SZ,2026-04-07 11:09:00,21.51,21.52,21.51,21.51,6900,148420.0
000777.SZ,2026-04-07 11:10:00,21.51,21.55,21.51,21.55,139434,3002574.8
000777.SZ,2026-04-07 11:11:00,21.55,21.55,21.54,21.54,21853,470809.62
000777.SZ,2026-04-07 11:12:00,21.54,21.54,21.52,21.52,20147,433788.38
000777.SZ,2026-04-07 11:13:00,21.52,21.53,21.52,21.52,7200,154976.0
000777.SZ,2026-04-07 11:14:00,21.52,21.52,21.49,21.49,8200,176319.0
000777.SZ,2026-04-07 11:15:00,21.49,21.5,21.49,21.5,32600,700602.0
000777.SZ,2026-04-07 11:16:00,21.5,21.51,21.47,21.47,117000,2514234.0
000777.SZ,2026-04-07 11:17:00,21.47,21.51,21.47,21.51,18000,386653.0
000777.SZ,2026-04-07 11:18:00,21.51,21.51,21.49,21.49,11300,242959.0
000777.SZ,2026-04-07 11:19:00,21.5,21.5,21.48,21.48,3900,83799.0
000777.SZ,2026-04-07 11:20:00,21.49,21.49,21.48,21.49,7800,167591.0
000777.SZ,2026-04-07 11:21:00,21.49,21.49,21.48,21.48,11700,251384.0
000777.SZ,2026-04-07 11:22:00,21.49,21.49,21.47,21.48,25100,539020.0
000777.SZ,2026-04-07 11:23:00,21.47,21.48,21.47,21.48,15900,341387.0
000777.SZ,2026-04-07 11:24:00,21.46,21.46,21.42,21.42,39600,849225.0
000777.SZ,2026-04-07 11:25:00,21.42,21.44,21.42,21.42,6800,145702.0
000777.SZ,2026-04-07 11:26:00,21.43,21.46,21.42,21.45,14500,311005.0
000777.SZ,2026-04-07 11:27:00,21.45,21.47,21.44,21.44,6000,128673.0
000777.SZ,2026-04-07 11:28:00,21.43,21.46,21.43,21.43,1600,34299.0
000777.SZ,2026-04-07 11:29:00,21.44,21.45,21.44,21.44,5800,124373.0
000777.SZ,2026-04-07 11:30:00,21.41,21.44,21.41,21.43,52000,1113361.0
000777.SZ,2026-04-07 13:01:00,21.42,21.42,21.39,21.4,34900,747069.0
000777.SZ,2026-04-07 13:02:00,21.4,21.4,21.39,21.39,8000,171186.0
000777.SZ,2026-04-07 13:03:00,21.39,21.4,21.39,21.39,8300,177550.0
000777.SZ,2026-04-07 13:04:00,21.4,21.4,21.38,21.38,22500,481272.0
000777.SZ,2026-04-07 13:05:00,21.38,21.39,21.37,21.39,11900,254432.0
000777.SZ,2026-04-07 13:06:00,21.39,21.39,21.38,21.38,19500,417085.0
000777.SZ,2026-04-07 13:07:00,21.38,21.4,21.38,21.39,90800,1942148.0
000777.SZ,2026-04-07 13:08:00,21.4,21.4,21.39,21.4,8700,186174.0
000777.SZ,2026-04-07 13:09:00,21.38,21.39,21.37,21.38,8100,173222.0
000777.SZ,2026-04-07 13:10:00,21.37,21.38,21.35,21.35,22500,480646.0
000777.SZ,2026-04-07 13:11:00,21.37,21.37,21.35,21.36,10400,222088.0
000777.SZ,2026-04-07 13:12:00,21.36,21.36,21.35,21.35,6100,130243.0
000777.SZ,2026-04-07 13:13:00,21.34,21.35,21.33,21.33,30300,646511.0
000777.SZ,2026-04-07 13:14:00,21.33,21.33,21.3,21.3,46800,997452.0
000777.SZ,2026-04-07 13:15:00,21.3,21.33,21.3,21.33,17900,381391.0
000777.SZ,2026-04-07 13:16:00,21.31,21.34,21.31,21.32,12800,272842.0
000777.SZ,2026-04-07 13:17:00,21.32,21.34,21.32,21.33,6400,136472.0
000777.SZ,2026-04-07 13:18:00,21.33,21.34,21.32,21.32,21200,452051.0
000777.SZ,2026-04-07 13:19:00,21.32,21.33,21.32,21.32,4300,91677.0
000777.SZ,2026-04-07 13:20:00,21.31,21.31,21.3,21.31,24700,526185.0
000777.SZ,2026-04-07 13:21:00,21.3,21.3,21.28,21.29,19600,417270.0
000777.SZ,2026-04-07 13:22:00,21.29,21.32,21.28,21.32,79300,1687874.0
000777.SZ,2026-04-07 13:23:00,21.32,21.32,21.3,21.3,37400,796628.0
000777.SZ,2026-04-07 13:24:00,21.32,21.33,21.32,21.33,23700,505304.0
000777.SZ,2026-04-07 13:25:00,21.33,21.35,21.33,21.35,11700,249737.0
000777.SZ,2026-04-07 13:26:00,21.35,21.35,21.34,21.34,7200,153707.0
000777.SZ,2026-04-07 13:27:00,21.34,21.35,21.33,21.33,11700,249588.0
000777.SZ,2026-04-07 13:28:00,21.33,21.36,21.33,21.36,39000,832077.0
000777.SZ,2026-04-07 13:29:00,21.37,21.37,21.36,21.37,12300,262849.0
000777.SZ,2026-04-07 13:30:00,21.38,21.38,21.36,21.36,3200,68356.0
000777.SZ,2026-04-07 13:31:00,21.37,21.39,21.37,21.39,32200,688172.0
000777.SZ,2026-04-07 13:32:00,21.4,21.41,21.39,21.4,10100,216130.0
000777.SZ,2026-04-07 13:33:00,21.41,21.41,21.4,21.41,2500,53518.0
000777.SZ,2026-04-07 13:34:00,21.41,21.41,21.4,21.4,3600,77043.0
000777.SZ,2026-04-07 13:35:00,21.4,21.41,21.4,21.4,2700,57784.0
000777.SZ,2026-04-07 13:36:00,21.4,21.41,21.4,21.41,1800,38526.0
000777.SZ,2026-04-07 13:37:00,21.4,21.43,21.4,21.43,32600,697991.0
000777.SZ,2026-04-07 13:38:00,21.43,21.44,21.43,21.43,1200,25724.0
000777.SZ,2026-04-07 13:39:00,21.43,21.43,21.43,21.43,3200,68576.0
000777.SZ,2026-04-07 13:40:00,21.42,21.42,21.41,21.41,17100,366200.0
000777.SZ,2026-04-07 13:41:00,21.41,21.41,21.4,21.41,1700,36388.0
000777.SZ,2026-04-07 13:42:00,21.41,21.41,21.39,21.4,6100,130542.0
000777.SZ,2026-04-07 13:43:00,21.4,21.4,21.39,21.4,5500,117696.0
000777.SZ,2026-04-07 13:44:00,21.41,21.42,21.41,21.41,7800,166999.0
000777.SZ,2026-04-07 13:45:00,21.42,21.42,21.41,21.41,5200,111366.0
000777.SZ,2026-04-07 13:46:00,21.42,21.42,21.41,21.41,3600,77089.0
000777.SZ,2026-04-07 13:47:00,21.45,21.45,21.43,21.45,42500,910717.0
000777.SZ,2026-04-07 13:48:00,21.44,21.45,21.44,21.45,2200,47170.0
000777.SZ,2026-04-07 13:49:00,21.45,21.45,21.44,21.44,2800,60046.0
000777.SZ,2026-04-07 13:50:00,21.45,21.45,21.43,21.43,3600,77181.0
000777.SZ,2026-04-07 13:51:00,21.44,21.44,21.44,21.44,2500,53600.0
000777.SZ,2026-04-07 13:52:00,21.44,21.45,21.44,21.44,27400,587553.0
000777.SZ,2026-04-07 13:53:00,21.45,21.46,21.45,21.46,8600,184465.0
000777.SZ,2026-04-07 13:54:00,21.46,21.5,21.46,21.5,105800,2272492.0
000777.SZ,2026-04-07 13:55:00,21.5,21.5,21.48,21.49,4300,92395.0
000777.SZ,2026-04-07 13:56:00,21.47,21.47,21.46,21.46,6800,146008.0
000777.SZ,2026-04-07 13:57:00,21.47,21.49,21.47,21.49,1800,38660.0
000777.SZ,2026-04-07 13:58:00,21.49,21.49,21.48,21.48,4200,90250.0
000777.SZ,2026-04-07 13:59:00,21.48,21.5,21.47,21.5,24600,528562.0
000777.SZ,2026-04-07 14:00:00,21.5,21.5,21.5,21.5,11200,240800.0
000777.SZ,2026-04-07 14:01:00,21.5,21.5,21.5,21.5,13700,294548.0
000777.SZ,2026-04-07 14:02:00,21.5,21.5,21.49,21.49,25300,543836.0
000777.SZ,2026-04-07 14:03:00,21.49,21.49,21.48,21.48,7000,150386.0
000777.SZ,2026-04-07 14:04:00,21.48,21.48,21.48,21.48,1900,40812.0
000777.SZ,2026-04-07 14:05:00,21.48,21.48,21.48,21.48,2100,45110.0
000777.SZ,2026-04-07 14:06:00,21.47,21.47,21.46,21.46,13600,291936.0
000777.SZ,2026-04-07 14:07:00,21.46,21.46,21.44,21.45,10200,218822.0
000777.SZ,2026-04-07 14:08:00,21.45,21.46,21.45,21.46,14100,302442.0
000777.SZ,2026-04-07 14:09:00,21.47,21.48,21.47,21.47,13800,296184.0
000777.SZ,2026-04-07 14:10:00,21.46,21.48,21.46,21.47,5900,126672.0
000777.SZ,2026-04-07 14:11:00,21.48,21.48,21.47,21.47,3100,66580.0
000777.SZ,2026-04-07 14:12:00,21.48,21.49,21.48,21.49,5300,113881.0
000777.SZ,2026-04-07 14:13:00,21.48,21.5,21.48,21.5,9200,197710.0
000777.SZ,2026-04-07 14:14:00,21.49,21.49,21.47,21.47,8300,178308.0
000777.SZ,2026-04-07 14:15:00,21.49,21.49,21.47,21.49,5200,111723.0
000777.SZ,2026-04-07 14:16:00,21.49,21.5,21.49,21.49,15700,337412.0
000777.SZ,2026-04-07 14:17:00,21.49,21.49,21.48,21.48,2700,58005.0
000777.SZ,2026-04-07 14:18:00,21.48,21.48,21.48,21.48,5900,126734.0
000777.SZ,2026-04-07 14:19:00,21.48,21.48,21.47,21.48,7300,156795.0
000777.SZ,2026-04-07 14:20:00,21.47,21.48,21.47,21.47,11400,244824.0
000777.SZ,2026-04-07 14:21:00,21.48,21.49,21.47,21.49,78300,1681456.0
000777.SZ,2026-04-07 14:22:00,21.49,21.5,21.48,21.5,8900,191230.0
000777.SZ,2026-04-07 14:23:00,21.5,21.5,21.49,21.5,10300,221390.0
000777.SZ,2026-04-07 14:24:00,21.5,21.5,21.49,21.49,3300,70923.0
000777.SZ,2026-04-07 14:25:00,21.5,21.5,21.48,21.49,8400,180534.0
000777.SZ,2026-04-07 14:26:00,21.5,21.5,21.5,21.5,600,12900.0
000777.SZ,2026-04-07 14:27:00,21.5,21.51,21.5,21.51,21400,460106.0
000777.SZ,2026-04-07 14:28:00,21.5,21.5,21.49,21.5,8400,180547.0
000777.SZ,2026-04-07 14:29:00,21.49,21.5,21.49,21.49,5200,111757.0
000777.SZ,2026-04-07 14:30:00,21.5,21.5,21.49,21.49,7800,167646.0
000777.SZ,2026-04-07 14:31:00,21.49,21.5,21.49,21.5,20300,436419.0
000777.SZ,2026-04-07 14:32:00,21.49,21.51,21.49,21.49,71800,1543740.0
000777.SZ,2026-04-07 14:33:00,21.48,21.5,21.48,21.49,3300,70914.0
000777.SZ,2026-04-07 14:34:00,21.48,21.5,21.48,21.49,4300,92407.0
000777.SZ,2026-04-07 14:35:00,21.48,21.48,21.46,21.46,53500,1148898.0
000777.SZ,2026-04-07 14:36:00,21.45,21.46,21.45,21.45,10900,233843.0
000777.SZ,2026-04-07 14:37:00,21.46,21.47,21.46,21.46,13700,294007.0
000777.SZ,2026-04-07 14:38:00,21.45,21.46,21.45,21.45,11900,255282.0
000777.SZ,2026-04-07 14:39:00,21.47,21.47,21.46,21.46,10700,229680.0
000777.SZ,2026-04-07 14:40:00,21.45,21.47,21.45,21.46,5500,118040.0
000777.SZ,2026-04-07 14:41:00,21.45,21.47,21.45,21.46,4800,102997.0
000777.SZ,2026-04-07 14:42:00,21.46,21.47,21.46,21.46,7000,150234.0
000777.SZ,2026-04-07 14:43:00,21.46,21.47,21.46,21.46,7300,156662.0
000777.SZ,2026-04-07 14:44:00,21.46,21.47,21.45,21.45,12000,257523.0
000777.SZ,2026-04-07 14:45:00,21.45,21.47,21.45,21.46,22600,485101.0
000777.SZ,2026-04-07 14:46:00,21.47,21.5,21.47,21.48,30300,650817.0
000777.SZ,2026-04-07 14:47:00,21.49,21.5,21.49,21.5,19400,416916.0
000777.SZ,2026-04-07 14:48:00,21.5,21.5,21.49,21.49,25100,539438.0
000777.SZ,2026-04-07 14:49:00,21.49,21.5,21.48,21.5,30600,657659.0
000777.SZ,2026-04-07 14:50:00,21.48,21.49,21.48,21.49,118000,2534704.0
000777.SZ,2026-04-07 14:51:00,21.48,21.5,21.48,21.5,58800,1263645.0
000777.SZ,2026-04-07 14:52:00,21.48,21.5,21.48,21.49,16700,358812.0
000777.SZ,2026-04-07 14:53:00,21.49,21.5,21.49,21.49,13300,285868.0
000777.SZ,2026-04-07 14:54:00,21.49,21.5,21.49,21.49,17600,378277.0
000777.SZ,2026-04-07 14:55:00,21.49,21.5,21.49,21.5,24400,524502.0
000777.SZ,2026-04-07 14:56:00,21.5,21.5,21.49,21.49,29900,642803.0
000777.SZ,2026-04-07 14:57:00,21.49,21.52,21.49,21.51,94700,2036984.0
000777.SZ,2026-04-07 14:58:00,21.51,21.51,21.51,21.51,0,0.0
000777.SZ,2026-04-07 14:59:00,21.51,21.51,21.51,21.51,0,0.0
000777.SZ,2026-04-07 15:00:00,21.51,21.51,21.51,21.51,61100,1314261.0
000777.SZ,2026-04-08 09:30:00,22.0,22.12,22.0,22.07,130600,2875242.0
000777.SZ,2026-04-08 09:31:00,22.12,22.2,22.06,22.1,260500,5756415.0
000777.SZ,2026-04-08 09:32:00,22.1,22.1,22.02,22.09,196400,4333466.0
000777.SZ,2026-04-08 09:33:00,22.11,22.15,22.08,22.09,201500,4457844.0
000777.SZ,2026-04-08 09:34:00,22.07,22.09,22.05,22.07,74600,1646036.0
000777.SZ,2026-04-08 09:35:00,22.06,22.12,22.06,22.09,85000,1877188.0
000777.SZ,2026-04-08 09:36:00,22.1,22.12,22.09,22.12,51500,1138755.0
000777.SZ,2026-04-08 09:37:00,22.12,22.13,22.11,22.12,99400,2198880.0
000777.SZ,2026-04-08 09:38:00,22.12,22.14,22.11,22.14,90253,1996774.4
000777.SZ,2026-04-08 09:39:00,22.13,22.22,22.13,22.2,187800,4165259.0
000777.SZ,2026-04-08 09:40:00,22.2,22.24,22.2,22.21,90700,2015079.0
000777.SZ,2026-04-08 09:41:00,22.2,22.2,22.16,22.18,98900,2194262.0
000777.SZ,2026-04-08 09:42:00,22.19,22.22,22.19,22.2,53100,1179003.0
000777.SZ,2026-04-08 09:43:00,22.2,22.26,22.19,22.26,152000,3380043.0
000777.SZ,2026-04-08 09:44:00,22.24,22.24,22.2,22.2,85700,1905046.0
000777.SZ,2026-04-08 09:45:00,22.21,22.21,22.16,22.16,54000,1198243.0
000777.SZ,2026-04-08 09:46:00,22.16,22.18,22.15,22.17,70400,1560140.0
000777.SZ,2026-04-08 09:47:00,22.17,22.19,22.17,22.19,28600,634473.0
000777.SZ,2026-04-08 09:48:00,22.2,22.2,22.18,22.2,26200,581444.0
000777.SZ,2026-04-08 09:49:00,22.2,22.2,22.16,22.16,31600,701041.0
000777.SZ,2026-04-08 09:50:00,22.17,22.17,22.1,22.15,52800,1168930.0
000777.SZ,2026-04-08 09:51:00,22.15,22.18,22.13,22.18,66500,1473095.0
000777.SZ,2026-04-08 09:52:00,22.19,22.19,22.15,22.15,23900,529827.0
000777.SZ,2026-04-08 09:53:00,22.15,22.17,22.13,22.14,45300,1003130.0
000777.SZ,2026-04-08 09:54:00,22.14,22.15,22.13,22.15,45200,1000686.0
000777.SZ,2026-04-08 09:55:00,22.16,22.2,22.16,22.2,109600,2430807.0
000777.SZ,2026-04-08 09:56:00,22.19,22.2,22.18,22.19,19900,441573.0
000777.SZ,2026-04-08 09:57:00,22.19,22.2,22.18,22.19,18900,419411.0
000777.SZ,2026-04-08 09:58:00,22.19,22.19,22.18,22.18,45800,1016008.0
000777.SZ,2026-04-08 09:59:00,22.17,22.17,22.14,22.14,37400,828782.0
000777.SZ,2026-04-08 10:00:00,22.15,22.15,22.12,22.13,40800,903040.0
000777.SZ,2026-04-08 10:01:00,22.16,22.18,22.14,22.18,38200,846507.0
000777.SZ,2026-04-08 10:02:00,22.18,22.19,22.17,22.19,28800,638847.0
000777.SZ,2026-04-08 10:03:00,22.18,22.19,22.17,22.18,45800,1015954.0
000777.SZ,2026-04-08 10:04:00,22.17,22.18,22.16,22.17,12000,266051.0
000777.SZ,2026-04-08 10:05:00,22.18,22.22,22.18,22.21,229200,5085986.0
000777.SZ,2026-04-08 10:06:00,22.2,22.26,22.2,22.26,131800,2929897.0
000777.SZ,2026-04-08 10:07:00,22.26,22.26,22.25,22.25,71000,1580019.0
000777.SZ,2026-04-08 10:08:00,22.26,22.26,22.24,22.24,31861,708935.6
000777.SZ,2026-04-08 10:09:00,22.24,22.25,22.24,22.24,33700,749708.0
000777.SZ,2026-04-08 10:10:00,22.24,22.24,22.23,22.23,11000,244617.0
000777.SZ,2026-04-08 10:11:00,22.23,22.23,22.21,22.23,15800,351174.0
000777.SZ,2026-04-08 10:12:00,22.23,22.24,22.22,22.22,31100,691464.0
000777.SZ,2026-04-08 10:13:00,22.22,22.26,22.22,22.26,72600,1615296.0
000777.SZ,2026-04-08 10:14:00,22.25,22.27,22.25,22.26,36800,819185.0
000777.SZ,2026-04-08 10:15:00,22.27,22.27,22.26,22.27,19900,443151.0
000777.SZ,2026-04-08 10:16:00,22.26,22.27,22.25,22.25,42000,935139.0
000777.SZ,2026-04-08 10:17:00,22.26,22.27,22.25,22.27,23800,529864.0
000777.SZ,2026-04-08 10:18:00,22.26,22.28,22.26,22.28,33000,734818.0
000777.SZ,2026-04-08 10:19:00,22.28,22.29,22.28,22.28,81700,1820559.0
000777.SZ,2026-04-08 10:20:00,22.3,22.3,22.26,22.27,64200,1430943.0
000777.SZ,2026-04-08 10:21:00,22.27,22.28,22.26,22.26,11100,247209.0
000777.SZ,2026-04-08 10:22:00,22.27,22.27,22.23,22.23,24400,542999.0
000777.SZ,2026-04-08 10:23:00,22.23,22.23,22.21,22.22,18400,408892.0
000777.SZ,2026-04-08 10:24:00,22.22,22.23,22.21,22.22,15700,348848.0
000777.SZ,2026-04-08 10:25:00,22.22,22.24,22.22,22.23,14200,315704.0
000777.SZ,2026-04-08 10:26:00,22.24,22.25,22.23,22.24,5000,111193.0
000777.SZ,2026-04-08 10:27:00,22.25,22.26,22.25,22.25,19000,422781.0
000777.SZ,2026-04-08 10:28:00,22.25,22.26,22.25,22.25,3900,86806.0
000777.SZ,2026-04-08 10:29:00,22.25,22.26,22.25,22.25,20700,460632.0
000777.SZ,2026-04-08 10:30:00,22.26,22.27,22.25,22.27,7400,164731.0
000777.SZ,2026-04-08 10:31:00,22.27,22.27,22.26,22.27,6300,140294.0
000777.SZ,2026-04-08 10:32:00,22.29,22.29,22.28,22.29,35600,793418.0
000777.SZ,2026-04-08 10:33:00,22.29,22.3,22.29,22.3,35800,798123.0
000777.SZ,2026-04-08 10:34:00,22.3,22.3,22.29,22.3,85300,1902161.0
000777.SZ,2026-04-08 10:35:00,22.3,22.3,22.29,22.3,32700,729201.0
000777.SZ,2026-04-08 10:36:00,22.3,22.32,22.3,22.32,41300,921551.0
000777.SZ,2026-04-08 10:37:00,22.32,22.32,22.31,22.31,25100,560147.0
000777.SZ,2026-04-08 10:38:00,22.32,22.32,22.31,22.32,6400,142827.0
000777.SZ,2026-04-08 10:39:00,22.31,22.32,22.31,22.31,26500,591372.0
000777.SZ,2026-04-08 10:40:00,22.31,22.32,22.3,22.3,12600,281101.0
000777.SZ,2026-04-08 10:41:00,22.3,22.31,22.3,22.31,13900,310107.0
000777.SZ,2026-04-08 10:42:00,22.33,22.33,22.31,22.33,39000,870543.0
000777.SZ,2026-04-08 10:43:00,22.33,22.33,22.32,22.33,17400,388528.0
000777.SZ,2026-04-08 10:44:00,22.34,22.34,22.33,22.34,21400,478002.0
000777.SZ,2026-04-08 10:45:00,22.33,22.34,22.33,22.34,15000,335057.0
000777.SZ,2026-04-08 10:46:00,22.35,22.35,22.34,22.35,47600,1063577.0
000777.SZ,2026-04-08 10:47:00,22.35,22.35,22.34,22.35,54700,1222403.0
000777.SZ,2026-04-08 10:48:00,22.35,22.35,22.34,22.34,12200,272611.0
000777.SZ,2026-04-08 10:49:00,22.35,22.35,22.33,22.33,12300,274771.0
000777.SZ,2026-04-08 10:50:00,22.33,22.34,22.33,22.34,21100,471292.0
000777.SZ,2026-04-08 10:51:00,22.34,22.34,22.33,22.33,2400,53604.0
000777.SZ,2026-04-08 10:52:00,22.33,22.34,22.33,22.34,23400,522700.0
000777.SZ,2026-04-08 10:53:00,22.34,22.34,22.32,22.32,83900,1873616.0
000777.SZ,2026-04-08 10:54:00,22.32,22.33,22.32,22.32,33400,745488.0
000777.SZ,2026-04-08 10:55:00,22.31,22.33,22.31,22.32,10300,229910.0
000777.SZ,2026-04-08 10:56:00,22.31,22.33,22.31,22.33,17500,390644.0
000777.SZ,2026-04-08 10:57:00,22.32,22.33,22.32,22.32,6900,154061.0
000777.SZ,2026-04-08 10:58:00,22.32,22.33,22.31,22.33,19200,428530.0
000777.SZ,2026-04-08 10:59:00,22.33,22.33,22.32,22.32,9300,207580.0
000777.SZ,2026-04-08 11:00:00,22.32,22.32,22.31,22.31,16500,368268.0
000777.SZ,2026-04-08 11:01:00,22.32,22.33,22.31,22.32,24700,551362.0
000777.SZ,2026-04-08 11:02:00,22.33,22.33,22.33,22.33,15600,348342.0
000777.SZ,2026-04-08 11:03:00,22.33,22.35,22.33,22.33,39800,888989.0
000777.SZ,2026-04-08 11:04:00,22.33,22.34,22.33,22.34,5000,111665.0
000777.SZ,2026-04-08 11:05:00,22.33,22.35,22.33,22.34,3300,73721.0
000777.SZ,2026-04-08 11:06:00,22.35,22.37,22.34,22.37,93829,2097238.2
000777.SZ,2026-04-08 11:07:00,22.36,22.37,22.36,22.37,14800,331034.0
000777.SZ,2026-04-08 11:08:00,22.37,22.37,22.36,22.36,14000,313158.0
000777.SZ,2026-04-08 11:09:00,22.36,22.38,22.36,22.38,33100,740471.0
000777.SZ,2026-04-08 11:10:00,22.37,22.38,22.37,22.38,18100,405012.0
000777.SZ,2026-04-08 11:11:00,22.38,22.38,22.37,22.37,17500,391637.0
000777.SZ,2026-04-08 11:12:00,22.38,22.39,22.38,22.39,31700,709629.0
000777.SZ,2026-04-08 11:13:00,22.4,22.4,22.39,22.39,19000,425486.0
000777.SZ,2026-04-08 11:14:00,22.4,22.4,22.39,22.39,22800,510705.0
000777.SZ,2026-04-08 11:15:00,22.39,22.4,22.39,22.4,33400,747989.0
000777.SZ,2026-04-08 11:16:00,22.39,22.42,22.39,22.41,56397,1263465.8
000777.SZ,2026-04-08 11:17:00,22.41,22.42,22.4,22.4,18100,405655.0
000777.SZ,2026-04-08 11:18:00,22.4,22.42,22.4,22.41,3700,82899.0
000777.SZ,2026-04-08 11:19:00,22.41,22.42,22.41,22.42,13600,304878.0
000777.SZ,2026-04-08 11:20:00,22.42,22.43,22.42,22.43,33500,751102.0
000777.SZ,2026-04-08 11:21:00,22.42,22.43,22.42,22.42,11300,253372.0
000777.SZ,2026-04-08 11:22:00,22.41,22.42,22.41,22.41,10800,242072.0
000777.SZ,2026-04-08 11:23:00,22.41,22.42,22.41,22.41,11700,262266.0
000777.SZ,2026-04-08 11:24:00,22.41,22.42,22.4,22.42,13400,300294.0
000777.SZ,2026-04-08 11:25:00,22.4,22.42,22.4,22.41,8200,183780.0
000777.SZ,2026-04-08 11:26:00,22.41,22.41,22.41,22.41,3100,69471.0
000777.SZ,2026-04-08 11:27:00,22.42,22.42,22.4,22.41,27200,609537.0
000777.SZ,2026-04-08 11:28:00,22.41,22.41,22.4,22.4,32400,725788.0
000777.SZ,2026-04-08 11:29:00,22.4,22.41,22.4,22.41,14500,324806.0
000777.SZ,2026-04-08 11:30:00,22.4,22.41,22.4,22.4,6400,143378.0
000777.SZ,2026-04-08 13:01:00,22.4,22.42,22.4,22.42,47100,1055464.0
000777.SZ,2026-04-08 13:02:00,22.42,22.43,22.42,22.43,15800,354336.0
000777.SZ,2026-04-08 13:03:00,22.43,22.45,22.43,22.45,35700,801087.0
000777.SZ,2026-04-08 13:04:00,22.45,22.45,22.44,22.44,8000,179548.0
000777.SZ,2026-04-08 13:05:00,22.44,22.45,22.44,22.45,19600,439806.0
000777.SZ,2026-04-08 13:06:00,22.45,22.45,22.43,22.45,8800,197515.0
000777.SZ,2026-04-08 13:07:00,22.44,22.45,22.43,22.44,14400,323215.0
000777.SZ,2026-04-08 13:08:00,22.44,22.46,22.44,22.46,44100,990015.0
000777.SZ,2026-04-08 13:09:00,22.45,22.46,22.44,22.44,20100,451262.0
000777.SZ,2026-04-08 13:10:00,22.45,22.45,22.44,22.45,22500,505104.0
000777.SZ,2026-04-08 13:11:00,22.45,22.46,22.44,22.44,6300,141434.0
000777.SZ,2026-04-08 13:12:00,22.45,22.46,22.44,22.44,44100,990119.0
000777.SZ,2026-04-08 13:13:00,22.45,22.47,22.45,22.47,51300,1152186.0
000777.SZ,2026-04-08 13:14:00,22.48,22.48,22.47,22.47,35700,802488.0
000777.SZ,2026-04-08 13:15:00,22.48,22.49,22.48,22.48,44800,1007267.0
000777.SZ,2026-04-08 13:16:00,22.49,22.49,22.49,22.49,33600,755656.0
000777.SZ,2026-04-08 13:17:00,22.49,22.49,22.48,22.48,39300,883605.0
000777.SZ,2026-04-08 13:18:00,22.48,22.49,22.48,22.49,25300,568828.0
000777.SZ,2026-04-08 13:19:00,22.49,22.49,22.48,22.48,42000,944339.0
000777.SZ,2026-04-08 13:20:00,22.48,22.49,22.48,22.49,16000,359808.0
000777.SZ,2026-04-08 13:21:00,22.48,22.5,22.48,22.49,36500,820874.0
000777.SZ,2026-04-08 13:22:00,22.49,22.5,22.48,22.48,16200,364245.0
000777.SZ,2026-04-08 13:23:00,22.47,22.5,22.47,22.5,38900,874934.0
000777.SZ,2026-04-08 13:24:00,22.5,22.5,22.48,22.48,28900,650166.0
000777.SZ,2026-04-08 13:25:00,22.5,22.5,22.48,22.5,47800,1075256.0
000777.SZ,2026-04-08 13:26:00,22.49,22.5,22.48,22.5,74227,1669855.0
000777.SZ,2026-04-08 13:27:00,22.5,22.52,22.5,22.52,39100,880204.0
000777.SZ,2026-04-08 13:28:00,22.53,22.55,22.53,22.54,48700,1097559.0
000777.SZ,2026-04-08 13:29:00,22.54,22.55,22.53,22.53,67200,1515078.0
000777.SZ,2026-04-08 13:30:00,22.52,22.53,22.49,22.49,55700,1254131.0
000777.SZ,2026-04-08 13:31:00,22.49,22.5,22.48,22.48,79900,1796824.0
000777.SZ,2026-04-08 13:32:00,22.48,22.48,22.47,22.47,33500,752918.0
000777.SZ,2026-04-08 13:33:00,22.47,22.48,22.47,22.47,45700,1026937.0
000777.SZ,2026-04-08 13:34:00,22.47,22.49,22.47,22.48,50000,1123740.0
000777.SZ,2026-04-08 13:35:00,22.49,22.51,22.48,22.51,27100,609719.0
000777.SZ,2026-04-08 13:36:00,22.51,22.53,22.51,22.51,12600,283755.0
000777.SZ,2026-04-08 13:37:00,22.51,22.52,22.5,22.51,5000,112553.0
000777.SZ,2026-04-08 13:38:00,22.51,22.52,22.51,22.52,4900,110324.0
000777.SZ,2026-04-08 13:39:00,22.52,22.52,22.51,22.52,16300,366956.0
000777.SZ,2026-04-08 13:40:00,22.51,22.52,22.51,22.52,32900,740878.0
000777.SZ,2026-04-08 13:41:00,22.51,22.53,22.51,22.52,32700,736483.0
000777.SZ,2026-04-08 13:42:00,22.52,22.54,22.52,22.54,16300,367283.0
000777.SZ,2026-04-08 13:43:00,22.54,22.56,22.54,22.56,45400,1023755.0
000777.SZ,2026-04-08 13:44:00,22.56,22.57,22.55,22.57,43600,983663.0
000777.SZ,2026-04-08 13:45:00,22.56,22.57,22.55,22.55,33100,746652.0
000777.SZ,2026-04-08 13:46:00,22.56,22.56,22.53,22.53,20600,464277.0
000777.SZ,2026-04-08 13:47:00,22.53,22.54,22.53,22.54,19400,437200.0
000777.SZ,2026-04-08 13:48:00,22.53,22.55,22.53,22.55,16000,360708.0
000777.SZ,2026-04-08 13:49:00,22.55,22.55,22.54,22.54,28200,635630.0
000777.SZ,2026-04-08 13:50:00,22.54,22.55,22.53,22.53,7000,157803.0
000777.SZ,2026-04-08 13:51:00,22.55,22.55,22.53,22.54,4900,110445.0
000777.SZ,2026-04-08 13:52:00,22.54,22.55,22.54,22.54,10700,241193.0
000777.SZ,2026-04-08 13:53:00,22.53,22.55,22.53,22.55,17000,383062.0
000777.SZ,2026-04-08 13:54:00,22.53,22.55,22.53,22.55,38800,874510.0
000777.SZ,2026-04-08 13:55:00,22.54,22.54,22.51,22.52,22900,515834.0
000777.SZ,2026-04-08 13:56:00,22.53,22.54,22.53,22.54,12900,290697.0
000777.SZ,2026-04-08 13:57:00,22.54,22.55,22.53,22.54,11400,256927.0
000777.SZ,2026-04-08 13:58:00,22.54,22.54,22.51,22.53,95400,2148371.0
000777.SZ,2026-04-08 13:59:00,22.53,22.53,22.51,22.52,16600,373790.0
000777.SZ,2026-04-08 14:00:00,22.51,22.51,22.5,22.5,25100,564822.0
000777.SZ,2026-04-08 14:01:00,22.51,22.52,22.5,22.52,24000,540368.0
000777.SZ,2026-04-08 14:02:00,22.53,22.53,22.51,22.52,9700,218436.0
000777.SZ,2026-04-08 14:03:00,22.52,22.53,22.52,22.52,23400,527095.0
000777.SZ,2026-04-08 14:04:00,22.54,22.54,22.53,22.54,1800,40567.0
000777.SZ,2026-04-08 14:05:00,22.53,22.53,22.51,22.51,11800,265732.0
000777.SZ,2026-04-08 14:06:00,22.51,22.52,22.51,22.52,6700,150819.0
000777.SZ,2026-04-08 14:07:00,22.51,22.51,22.5,22.5,17000,382635.0
000777.SZ,2026-04-08 14:08:00,22.5,22.52,22.5,22.51,9300,209322.0
000777.SZ,2026-04-08 14:09:00,22.5,22.51,22.5,22.5,11600,261061.0
000777.SZ,2026-04-08 14:10:00,22.51,22.51,22.5,22.51,13100,294766.0
000777.SZ,2026-04-08 14:11:00,22.5,22.52,22.5,22.51,22900,515502.0
000777.SZ,2026-04-08 14:12:00,22.51,22.52,22.5,22.5,15300,344364.0
000777.SZ,2026-04-08 14:13:00,22.5,22.52,22.5,22.5,42000,945241.0
000777.SZ,2026-04-08 14:14:00,22.5,22.51,22.49,22.51,17284,388872.0
000777.SZ,2026-04-08 14:15:00,22.5,22.51,22.49,22.49,21316,479551.0
000777.SZ,2026-04-08 14:16:00,22.5,22.51,22.49,22.5,18984,427144.16
000777.SZ,2026-04-08 14:17:00,22.49,22.52,22.49,22.52,38300,862111.0
000777.SZ,2026-04-08 14:18:00,22.52,22.52,22.51,22.52,10100,227428.0
000777.SZ,2026-04-08 14:19:00,22.51,22.52,22.5,22.5,42300,952079.0
000777.SZ,2026-04-08 14:20:00,22.5,22.5,22.49,22.49,19116,430001.84
000777.SZ,2026-04-08 14:21:00,22.48,22.49,22.48,22.48,20000,449637.0
000777.SZ,2026-04-08 14:22:00,22.48,22.49,22.48,22.49,7700,173094.0
000777.SZ,2026-04-08 14:23:00,22.49,22.49,22.47,22.48,9000,202277.0
000777.SZ,2026-04-08 14:24:00,22.48,22.5,22.48,22.49,65284,1468334.1
000777.SZ,2026-04-08 14:25:00,22.49,22.5,22.49,22.49,20700,465609.0
000777.SZ,2026-04-08 14:26:00,22.5,22.5,22.49,22.49,13200,296945.0
000777.SZ,2026-04-08 14:27:00,22.49,22.5,22.49,22.5,4800,107974.0
000777.SZ,2026-04-08 14:28:00,22.5,22.5,22.49,22.49,16400,368857.0
000777.SZ,2026-04-08 14:29:00,22.49,22.5,22.49,22.49,15100,339653.0
000777.SZ,2026-04-08 14:30:00,22.5,22.5,22.49,22.49,24700,555588.0
000777.SZ,2026-04-08 14:31:00,22.49,22.5,22.49,22.5,47000,1057152.0
000777.SZ,2026-04-08 14:32:00,22.5,22.52,22.5,22.52,53856,1212094.0
000777.SZ,2026-04-08 14:33:00,22.52,22.53,22.52,22.52,30900,695873.0
000777.SZ,2026-04-08 14:34:00,22.52,22.53,22.52,22.52,9900,222997.0
000777.SZ,2026-04-08 14:35:00,22.53,22.53,22.52,22.53,14300,322084.0
000777.SZ,2026-04-08 14:36:00,22.52,22.54,22.52,22.54,55600,1252747.0
000777.SZ,2026-04-08 14:37:00,22.54,22.54,22.53,22.53,8300,187063.0
000777.SZ,2026-04-08 14:38:00,22.53,22.54,22.53,22.54,37400,842830.0
000777.SZ,2026-04-08 14:39:00,22.54,22.55,22.54,22.54,40900,921900.0
000777.SZ,2026-04-08 14:40:00,22.53,22.55,22.53,22.54,39600,892718.0
000777.SZ,2026-04-08 14:41:00,22.55,22.55,22.54,22.54,15600,351706.0
000777.SZ,2026-04-08 14:42:00,22.54,22.55,22.54,22.55,36600,825072.0
000777.SZ,2026-04-08 14:43:00,22.54,22.55,22.54,22.55,70200,1582880.0
000777.SZ,2026-04-08 14:44:00,22.55,22.56,22.55,22.55,151300,3412022.0
000777.SZ,2026-04-08 14:45:00,22.56,22.56,22.55,22.56,19100,430867.0
000777.SZ,2026-04-08 14:46:00,22.56,22.56,22.55,22.56,18500,417351.0
000777.SZ,2026-04-08 14:47:00,22.57,22.57,22.56,22.57,27500,620477.0
000777.SZ,2026-04-08 14:48:00,22.57,22.57,22.55,22.55,60900,1374204.0
000777.SZ,2026-04-08 14:49:00,22.56,22.58,22.55,22.57,63200,1425972.0
000777.SZ,2026-04-08 14:50:00,22.58,22.58,22.57,22.58,60300,1361421.0
000777.SZ,2026-04-08 14:51:00,22.57,22.59,22.57,22.58,44500,1004974.0
000777.SZ,2026-04-08 14:52:00,22.58,22.59,22.58,22.59,57600,1300971.0
000777.SZ,2026-04-08 14:53:00,22.59,22.6,22.59,22.59,27100,612223.0
000777.SZ,2026-04-08 14:54:00,22.59,22.59,22.58,22.58,61600,1391302.0
000777.SZ,2026-04-08 14:55:00,22.58,22.59,22.57,22.58,73500,1659967.0
000777.SZ,2026-04-08 14:56:00,22.58,22.59,22.58,22.59,64400,1454477.0
000777.SZ,2026-04-08 14:57:00,22.6,22.6,22.59,22.6,59300,1339824.0
000777.SZ,2026-04-08 14:58:00,22.6,22.6,22.6,22.6,0,0.0
000777.SZ,2026-04-08 14:59:00,22.6,22.6,22.6,22.6,0,0.0
000777.SZ,2026-04-08 15:00:00,22.6,22.6,22.6,22.6,187700,4242020.0
000777.SZ,2026-04-09 09:30:00,22.58,22.58,22.5,22.55,118500,2675445.0
000777.SZ,2026-04-09 09:31:00,22.5,22.5,22.3,22.36,115100,2573180.0
000777.SZ,2026-04-09 09:32:00,22.38,22.46,22.38,22.41,158000,3541632.0
000777.SZ,2026-04-09 09:33:00,22.41,22.43,22.36,22.36,61400,1374174.0
000777.SZ,2026-04-09 09:34:00,22.35,22.36,22.3,22.32,128900,2879399.0
000777.SZ,2026-04-09 09:35:00,22.32,22.33,22.31,22.32,85300,1903691.0
000777.SZ,2026-04-09 09:36:00,22.32,22.33,22.25,22.25,111700,2490480.0
000777.SZ,2026-04-09 09:37:00,22.25,22.27,22.23,22.25,163800,3644724.0
000777.SZ,2026-04-09 09:38:00,22.26,22.28,22.25,22.26,53600,1193208.0
000777.SZ,2026-04-09 09:39:00,22.26,22.26,22.22,22.23,79200,1761964.0
000777.SZ,2026-04-09 09:40:00,22.23,22.25,22.23,22.25,53900,1198429.0
000777.SZ,2026-04-09 09:41:00,22.24,22.25,22.22,22.22,116400,2588230.0
000777.SZ,2026-04-09 09:42:00,22.24,22.3,22.23,22.28,42400,943965.0
000777.SZ,2026-04-09 09:43:00,22.3,22.38,22.29,22.38,163600,3656407.0
000777.SZ,2026-04-09 09:44:00,22.31,22.35,22.31,22.31,53400,1192813.0
000777.SZ,2026-04-09 09:45:00,22.37,22.38,22.31,22.36,58000,1296757.0
000777.SZ,2026-04-09 09:46:00,22.37,22.37,22.33,22.33,45800,1023742.0
000777.SZ,2026-04-09 09:47:00,22.33,22.33,22.3,22.3,41800,932313.0
000777.SZ,2026-04-09 09:48:00,22.29,22.3,22.29,22.3,13300,296541.0
000777.SZ,2026-04-09 09:49:00,22.3,22.32,22.29,22.31,18000,401506.0
000777.SZ,2026-04-09 09:50:00,22.34,22.37,22.31,22.37,18500,413446.0
000777.SZ,2026-04-09 09:51:00,22.35,22.43,22.35,22.43,31499,705462.6
000777.SZ,2026-04-09 09:52:00,22.42,22.44,22.42,22.42,57600,1291557.0
000777.SZ,2026-04-09 09:53:00,22.44,22.47,22.42,22.47,33600,753769.0
000777.SZ,2026-04-09 09:54:00,22.47,22.47,22.45,22.46,37400,839779.0
000777.SZ,2026-04-09 09:55:00,22.45,22.47,22.45,22.46,24400,548075.0
000777.SZ,2026-04-09 09:56:00,22.46,22.47,22.46,22.47,25300,568340.0
000777.SZ,2026-04-09 09:57:00,22.47,22.47,22.45,22.46,30600,687254.0
000777.SZ,2026-04-09 09:58:00,22.45,22.46,22.44,22.44,26100,585963.0
000777.SZ,2026-04-09 09:59:00,22.44,22.44,22.4,22.42,276600,6203910.0
000777.SZ,2026-04-09 10:00:00,22.41,22.45,22.41,22.43,18900,423876.0
000777.SZ,2026-04-09 10:01:00,22.43,22.44,22.42,22.42,11200,251239.0
000777.SZ,2026-04-09 10:02:00,22.42,22.45,22.42,22.43,13300,298456.0
000777.SZ,2026-04-09 10:03:00,22.43,22.45,22.43,22.44,21600,484741.0
000777.SZ,2026-04-09 10:04:00,22.44,22.45,22.44,22.45,19000,426515.0
000777.SZ,2026-04-09 10:05:00,22.45,22.49,22.45,22.45,52700,1183549.0
000777.SZ,2026-04-09 10:06:00,22.45,22.47,22.45,22.46,16600,372700.0
000777.SZ,2026-04-09 10:07:00,22.45,22.46,22.43,22.44,24400,547583.0
000777.SZ,2026-04-09 10:08:00,22.44,22.44,22.42,22.43,17900,401505.0
000777.SZ,2026-04-09 10:09:00,22.43,22.43,22.42,22.43,11700,262401.0
000777.SZ,2026-04-09 10:10:00,22.42,22.45,22.42,22.45,18400,412774.0
000777.SZ,2026-04-09 10:11:00,22.43,22.44,22.43,22.43,5500,123380.0
000777.SZ,2026-04-09 10:12:00,22.44,22.44,22.42,22.44,40100,899443.0
000777.SZ,2026-04-09 10:13:00,22.43,22.43,22.41,22.41,18700,419149.0
000777.SZ,2026-04-09 10:14:00,22.4,22.42,22.4,22.41,42100,943167.0
000777.SZ,2026-04-09 10:15:00,22.42,22.42,22.4,22.4,18400,412244.0
000777.SZ,2026-04-09 10:16:00,22.4,22.42,22.39,22.4,11500,257615.0
000777.SZ,2026-04-09 10:17:00,22.4,22.42,22.4,22.41,8600,192774.0
000777.SZ,2026-04-09 10:18:00,22.41,22.41,22.41,22.41,23200,519912.0
000777.SZ,2026-04-09 10:19:00,22.42,22.45,22.41,22.44,20100,450890.0
000777.SZ,2026-04-09 10:20:00,22.44,22.44,22.41,22.42,17700,396919.0
000777.SZ,2026-04-09 10:21:00,22.44,22.44,22.41,22.42,15300,343020.0
000777.SZ,2026-04-09 10:22:00,22.43,22.44,22.43,22.43,4300,96458.0
000777.SZ,2026-04-09 10:23:00,22.43,22.43,22.42,22.43,2900,65041.0
000777.SZ,2026-04-09 10:24:00,22.43,22.43,22.42,22.42,13500,302696.0
000777.SZ,2026-04-09 10:25:00,22.42,22.42,22.4,22.4,12500,280149.0
000777.SZ,2026-04-09 10:26:00,22.41,22.42,22.4,22.4,8900,199424.0
000777.SZ,2026-04-09 10:27:00,22.41,22.41,22.4,22.4,44600,999108.0
000777.SZ,2026-04-09 10:28:00,22.4,22.4,22.39,22.39,13700,306825.0
000777.SZ,2026-04-09 10:29:00,22.39,22.4,22.39,22.4,7000,156740.0
000777.SZ,2026-04-09 10:30:00,22.4,22.4,22.38,22.4,18900,423126.0
000777.SZ,2026-04-09 10:31:00,22.39,22.4,22.39,22.39,5700,127655.0
000777.SZ,2026-04-09 10:32:00,22.4,22.4,22.38,22.38,34700,776639.0
000777.SZ,2026-04-09 10:33:00,22.38,22.39,22.37,22.39,25500,570546.0
000777.SZ,2026-04-09 10:34:00,22.39,22.41,22.38,22.38,36200,810731.0
000777.SZ,2026-04-09 10:35:00,22.38,22.38,22.37,22.37,7900,176738.0
000777.SZ,2026-04-09 10:36:00,22.36,22.37,22.36,22.37,36800,822860.0
000777.SZ,2026-04-09 10:37:00,22.37,22.37,22.35,22.35,65700,1468607.0
000777.SZ,2026-04-09 10:38:00,22.34,22.34,22.34,22.34,5300,118407.0
000777.SZ,2026-04-09 10:39:00,22.34,22.35,22.33,22.34,24600,549455.0
000777.SZ,2026-04-09 10:40:00,22.33,22.35,22.33,22.35,7700,172039.0
000777.SZ,2026-04-09 10:41:00,22.35,22.35,22.34,22.35,62100,1387218.0
000777.SZ,2026-04-09 10:42:00,22.35,22.35,22.34,22.35,17400,388804.0
000777.SZ,2026-04-09 10:43:00,22.35,22.38,22.35,22.38,11700,261618.0
000777.SZ,2026-04-09 10:44:00,22.38,22.4,22.38,22.39,14900,333641.0
000777.SZ,2026-04-09 10:45:00,22.39,22.41,22.39,22.4,38203,855671.2
000777.SZ,2026-04-09 10:46:00,22.4,22.4,22.39,22.4,12600,282241.0
000777.SZ,2026-04-09 10:47:00,22.41,22.41,22.4,22.4,11100,248658.0
000777.SZ,2026-04-09 10:48:00,22.4,22.41,22.38,22.4,30000,671862.0
000777.SZ,2026-04-09 10:49:00,22.4,22.4,22.39,22.39,6300,141113.0
000777.SZ,2026-04-09 10:50:00,22.4,22.4,22.38,22.38,11900,266382.0
000777.SZ,2026-04-09 10:51:00,22.39,22.4,22.37,22.37,20700,463296.0
000777.SZ,2026-04-09 10:52:00,22.41,22.41,22.4,22.41,17000,380911.0
000777.SZ,2026-04-09 10:53:00,22.41,22.42,22.41,22.42,10700,239789.0
000777.SZ,2026-04-09 10:54:00,22.42,22.43,22.4,22.43,41032,919670.44
000777.SZ,2026-04-09 10:55:00,22.43,22.44,22.42,22.43,25300,567610.0
000777.SZ,2026-04-09 10:56:00,22.43,22.48,22.43,22.48,131500,2952157.0
000777.SZ,2026-04-09 10:57:00,22.48,22.48,22.45,22.46,27100,609050.0
000777.SZ,2026-04-09 10:58:00,22.45,22.45,22.44,22.44,6100,136894.0
000777.SZ,2026-04-09 10:59:00,22.46,22.46,22.43,22.43,10000,224390.0
000777.SZ,2026-04-09 11:00:00,22.42,22.42,22.41,22.41,5600,125528.0
000777.SZ,2026-04-09 11:01:00,22.41,22.42,22.4,22.42,33200,743896.0
000777.SZ,2026-04-09 11:02:00,22.42,22.42,22.41,22.41,14700,329602.0
000777.SZ,2026-04-09 11:03:00,22.41,22.42,22.41,22.42,4100,91900.0
000777.SZ,2026-04-09 11:04:00,22.41,22.42,22.41,22.41,7700,172565.0
000777.SZ,2026-04-09 11:05:00,22.43,22.46,22.42,22.46,24700,554419.0
000777.SZ,2026-04-09 11:06:00,22.48,22.48,22.47,22.47,10500,235987.0
000777.SZ,2026-04-09 11:07:00,22.47,22.47,22.43,22.46,5300,119036.0
000777.SZ,2026-04-09 11:08:00,22.46,22.46,22.44,22.44,22300,500628.0
000777.SZ,2026-04-09 11:09:00,22.45,22.45,22.44,22.44,4000,89767.0
000777.SZ,2026-04-09 11:10:00,22.44,22.44,22.44,22.44,4700,105468.0
000777.SZ,2026-04-09 11:11:00,22.45,22.45,22.44,22.44,2100,47127.0
000777.SZ,2026-04-09 11:12:00,22.43,22.43,22.41,22.41,7500,168133.0
000777.SZ,2026-04-09 11:13:00,22.42,22.42,22.4,22.4,6900,154579.0
000777.SZ,2026-04-09 11:14:00,22.4,22.4,22.38,22.38,51600,1155824.0
000777.SZ,2026-04-09 11:15:00,22.37,22.4,22.37,22.4,4400,98481.0
000777.SZ,2026-04-09 11:16:00,22.39,22.39,22.38,22.38,17300,387255.0
000777.SZ,2026-04-09 11:17:00,22.38,22.38,22.37,22.38,8400,187932.0
000777.SZ,2026-04-09 11:18:00,22.39,22.39,22.36,22.36,49500,1107150.0
000777.SZ,2026-04-09 11:19:00,22.36,22.37,22.36,22.37,2300,51444.0
000777.SZ,2026-04-09 11:20:00,22.37,22.38,22.37,22.38,5600,125318.0
000777.SZ,2026-04-09 11:21:00,22.37,22.39,22.37,22.37,11000,246099.0
000777.SZ,2026-04-09 11:22:00,22.38,22.38,22.38,22.38,4900,109662.0
000777.SZ,2026-04-09 11:23:00,22.39,22.39,22.39,22.39,4800,107472.0
000777.SZ,2026-04-09 11:24:00,22.4,22.4,22.36,22.36,36500,816566.0
000777.SZ,2026-04-09 11:25:00,22.37,22.37,22.36,22.37,5100,114063.0
000777.SZ,2026-04-09 11:26:00,22.36,22.36,22.35,22.36,14700,328669.0
000777.SZ,2026-04-09 11:27:00,22.36,22.37,22.36,22.36,5400,120745.0
000777.SZ,2026-04-09 11:28:00,22.37,22.4,22.35,22.38,67400,1507676.0
000777.SZ,2026-04-09 11:29:00,22.39,22.39,22.39,22.39,600,13434.0
000777.SZ,2026-04-09 11:30:00,22.39,22.39,22.38,22.38,10600,237242.0
000777.SZ,2026-04-09 13:01:00,22.38,22.38,22.34,22.34,79000,1766306.0
000777.SZ,2026-04-09 13:02:00,22.33,22.35,22.32,22.32,10100,225551.0
000777.SZ,2026-04-09 13:03:00,22.32,22.33,22.31,22.31,12100,270055.0
000777.SZ,2026-04-09 13:04:00,22.32,22.33,22.32,22.33,87000,1940394.0
000777.SZ,2026-04-09 13:05:00,22.31,22.33,22.31,22.31,17200,383740.0
000777.SZ,2026-04-09 13:06:00,22.31,22.32,22.31,22.31,3800,84788.0
000777.SZ,2026-04-09 13:07:00,22.31,22.31,22.3,22.3,22700,506386.0
000777.SZ,2026-04-09 13:08:00,22.31,22.31,22.3,22.31,11800,263206.0
000777.SZ,2026-04-09 13:09:00,22.31,22.33,22.3,22.33,33300,742964.0
000777.SZ,2026-04-09 13:10:00,22.33,22.34,22.33,22.33,8900,198749.0
000777.SZ,2026-04-09 13:11:00,22.33,22.33,22.33,22.33,1100,24563.0
000777.SZ,2026-04-09 13:12:00,22.34,22.37,22.34,22.35,7000,156468.0
000777.SZ,2026-04-09 13:13:00,22.35,22.36,22.34,22.35,25000,558771.0
000777.SZ,2026-04-09 13:14:00,22.37,22.37,22.33,22.34,7500,167609.0
000777.SZ,2026-04-09 13:15:00,22.34,22.34,22.32,22.32,15800,352806.0
000777.SZ,2026-04-09 13:16:00,22.32,22.33,22.31,22.31,9400,209772.0
000777.SZ,2026-04-09 13:17:00,22.31,22.32,22.31,22.32,13200,294509.0
000777.SZ,2026-04-09 13:18:00,22.32,22.35,22.32,22.32,7800,174159.0
000777.SZ,2026-04-09 13:19:00,22.32,22.34,22.32,22.32,4900,109375.0
000777.SZ,2026-04-09 13:20:00,22.33,22.33,22.31,22.31,13000,290071.0
000777.SZ,2026-04-09 13:21:00,22.3,22.3,22.28,22.28,39700,885103.0
000777.SZ,2026-04-09 13:22:00,22.28,22.29,22.28,22.29,7500,167132.0
000777.SZ,2026-04-09 13:23:00,22.28,22.29,22.28,22.28,11700,260695.0
000777.SZ,2026-04-09 13:24:00,22.29,22.31,22.29,22.31,30500,679943.0
000777.SZ,2026-04-09 13:25:00,22.3,22.32,22.3,22.32,16800,374768.0
000777.SZ,2026-04-09 13:26:00,22.32,22.32,22.3,22.32,3200,71423.0
000777.SZ,2026-04-09 13:27:00,22.33,22.33,22.31,22.31,3500,78108.0
000777.SZ,2026-04-09 13:28:00,22.32,22.33,22.32,22.33,3900,87058.0
000777.SZ,2026-04-09 13:29:00,22.34,22.34,22.33,22.33,5200,116130.0
000777.SZ,2026-04-09 13:30:00,22.33,22.34,22.32,22.32,3800,84842.0
000777.SZ,2026-04-09 13:31:00,22.31,22.33,22.31,22.33,4800,107152.0
000777.SZ,2026-04-09 13:32:00,22.33,22.36,22.33,22.36,12300,274855.0
000777.SZ,2026-04-09 13:33:00,22.36,22.37,22.35,22.37,7000,156518.0
000777.SZ,2026-04-09 13:34:00,22.36,22.36,22.36,22.36,4000,89440.0
000777.SZ,2026-04-09 13:35:00,22.35,22.36,22.35,22.35,16300,364328.0
000777.SZ,2026-04-09 13:36:00,22.34,22.34,22.34,22.34,2100,46914.0
000777.SZ,2026-04-09 13:37:00,22.35,22.35,22.33,22.33,5600,125101.0
000777.SZ,2026-04-09 13:38:00,22.34,22.35,22.33,22.35,14300,319505.0
000777.SZ,2026-04-09 13:39:00,22.35,22.36,22.35,22.36,5400,120687.0
000777.SZ,2026-04-09 13:40:00,22.36,22.36,22.35,22.35,12700,283898.0
000777.SZ,2026-04-09 13:41:00,22.35,22.35,22.34,22.35,10100,225724.0
000777.SZ,2026-04-09 13:42:00,22.35,22.35,22.34,22.35,4900,109471.0
000777.SZ,2026-04-09 13:43:00,22.35,22.35,22.33,22.33,14000,312765.0
000777.SZ,2026-04-09 13:44:00,22.33,22.35,22.33,22.35,5300,118404.0
000777.SZ,2026-04-09 13:45:00,22.35,22.36,22.34,22.36,6700,149723.0
000777.SZ,2026-04-09 13:46:00,22.37,22.37,22.36,22.37,24300,543391.0
000777.SZ,2026-04-09 13:47:00,22.38,22.39,22.38,22.39,13200,295423.0
000777.SZ,2026-04-09 13:48:00,22.4,22.4,22.39,22.4,2900,64949.0
000777.SZ,2026-04-09 13:49:00,22.4,22.41,22.4,22.41,13000,291268.0
000777.SZ,2026-04-09 13:50:00,22.4,22.4,22.38,22.38,27300,611314.0
000777.SZ,2026-04-09 13:51:00,22.38,22.39,22.38,22.39,7600,170091.0
000777.SZ,2026-04-09 13:52:00,22.39,22.39,22.37,22.37,11900,266284.0
000777.SZ,2026-04-09 13:53:00,22.36,22.38,22.36,22.38,6900,154406.0
000777.SZ,2026-04-09 13:54:00,22.37,22.37,22.37,22.37,1800,40266.0
000777.SZ,2026-04-09 13:55:00,22.37,22.38,22.37,22.38,2700,60400.0
000777.SZ,2026-04-09 13:56:00,22.38,22.38,22.37,22.38,2400,53711.0
000777.SZ,2026-04-09 13:57:00,22.38,22.4,22.38,22.4,13900,311285.0
000777.SZ,2026-04-09 13:58:00,22.42,22.42,22.4,22.41,51800,1160843.0
000777.SZ,2026-04-09 13:59:00,22.4,22.4,22.39,22.4,5200,116479.0
000777.SZ,2026-04-09 14:00:00,22.42,22.43,22.41,22.42,33800,757870.0
000777.SZ,2026-04-09 14:01:00,22.43,22.43,22.42,22.43,12300,275870.0
000777.SZ,2026-04-09 14:02:00,22.42,22.44,22.42,22.43,11800,264645.0
000777.SZ,2026-04-09 14:03:00,22.44,22.44,22.42,22.42,6700,150277.0
000777.SZ,2026-04-09 14:04:00,22.43,22.43,22.42,22.43,7000,156993.0
000777.SZ,2026-04-09 14:05:00,22.43,22.43,22.42,22.42,11600,260151.0
000777.SZ,2026-04-09 14:06:00,22.42,22.44,22.42,22.44,8300,186186.0
000777.SZ,2026-04-09 14:07:00,22.43,22.44,22.43,22.44,8200,183970.0
000777.SZ,2026-04-09 14:08:00,22.44,22.44,22.43,22.44,7100,159323.0
000777.SZ,2026-04-09 14:09:00,22.44,22.44,22.43,22.43,11300,253540.0
000777.SZ,2026-04-09 14:10:00,22.44,22.44,22.42,22.42,11600,260149.0
000777.SZ,2026-04-09 14:11:00,22.42,22.42,22.4,22.41,9100,203927.0
000777.SZ,2026-04-09 14:12:00,22.41,22.42,22.41,22.42,16400,367633.0
000777.SZ,2026-04-09 14:13:00,22.42,22.42,22.41,22.41,2600,58272.0
000777.SZ,2026-04-09 14:14:00,22.41,22.42,22.41,22.42,17100,383214.0
000777.SZ,2026-04-09 14:15:00,22.41,22.42,22.41,22.41,6500,145713.0
000777.SZ,2026-04-09 14:16:00,22.42,22.42,22.4,22.41,12200,273436.0
000777.SZ,2026-04-09 14:17:00,22.4,22.41,22.4,22.41,7000,156838.0
000777.SZ,2026-04-09 14:18:00,22.41,22.42,22.41,22.41,12600,282414.0
000777.SZ,2026-04-09 14:19:00,22.4,22.42,22.4,22.42,1000,22414.0
000777.SZ,2026-04-09 14:20:00,22.4,22.42,22.4,22.42,3900,87392.0
000777.SZ,2026-04-09 14:21:00,22.4,22.41,22.4,22.4,9400,210582.0
000777.SZ,2026-04-09 14:22:00,22.4,22.41,22.4,22.41,13200,295712.0
000777.SZ,2026-04-09 14:23:00,22.41,22.42,22.41,22.41,5200,116534.0
000777.SZ,2026-04-09 14:24:00,22.41,22.42,22.41,22.41,5700,127742.0
000777.SZ,2026-04-09 14:25:00,22.41,22.41,22.4,22.4,6400,143390.0
000777.SZ,2026-04-09 14:26:00,22.4,22.42,22.4,22.42,8100,181520.0
000777.SZ,2026-04-09 14:27:00,22.41,22.41,22.4,22.41,13300,297988.0
000777.SZ,2026-04-09 14:28:00,22.42,22.42,22.41,22.41,2500,56027.0
000777.SZ,2026-04-09 14:29:00,22.41,22.41,22.39,22.39,14400,322649.0
000777.SZ,2026-04-09 14:30:00,22.39,22.4,22.39,22.39,7900,176883.0
000777.SZ,2026-04-09 14:31:00,22.39,22.4,22.39,22.4,12800,286618.0
000777.SZ,2026-04-09 14:32:00,22.39,22.4,22.39,22.4,11800,264204.0
000777.SZ,2026-04-09 14:33:00,22.4,22.42,22.4,22.42,28100,629600.0
000777.SZ,2026-04-09 14:34:00,22.42,22.42,22.4,22.4,11000,246506.0
000777.SZ,2026-04-09 14:35:00,22.4,22.41,22.4,22.41,33000,739420.0
000777.SZ,2026-04-09 14:36:00,22.41,22.42,22.4,22.42,8632,193454.12
000777.SZ,2026-04-09 14:37:00,22.42,22.42,22.4,22.42,13100,293527.7
000777.SZ,2026-04-09 14:38:00,22.41,22.42,22.4,22.4,5100,114283.0
000777.SZ,2026-04-09 14:39:00,22.4,22.4,22.39,22.4,8000,179157.0
000777.SZ,2026-04-09 14:40:00,22.41,22.41,22.4,22.4,22100,495093.0
000777.SZ,2026-04-09 14:41:00,22.4,22.4,22.39,22.4,11300,253093.0
000777.SZ,2026-04-09 14:42:00,22.4,22.4,22.39,22.4,5700,127678.0
000777.SZ,2026-04-09 14:43:00,22.4,22.4,22.39,22.4,17400,389714.0
000777.SZ,2026-04-09 14:44:00,22.4,22.4,22.39,22.4,18800,420967.0
000777.SZ,2026-04-09 14:45:00,22.39,22.4,22.39,22.39,5800,129888.0
000777.SZ,2026-04-09 14:46:00,22.4,22.4,22.38,22.38,22600,505901.0
000777.SZ,2026-04-09 14:47:00,22.39,22.4,22.38,22.39,13100,293280.0
000777.SZ,2026-04-09 14:48:00,22.39,22.4,22.39,22.4,29100,651759.0
000777.SZ,2026-04-09 14:49:00,22.39,22.4,22.39,22.39,12300,275431.0
000777.SZ,2026-04-09 14:50:00,22.4,22.4,22.39,22.4,21100,472609.0
000777.SZ,2026-04-09 14:51:00,22.41,22.41,22.41,22.41,58600,1312825.0
000777.SZ,2026-04-09 14:52:00,22.41,22.41,22.4,22.41,7900,177001.0
000777.SZ,2026-04-09 14:53:00,22.4,22.41,22.4,22.41,54300,1216805.0
000777.SZ,2026-04-09 14:54:00,22.41,22.42,22.41,22.41,25300,567040.0
000777.SZ,2026-04-09 14:55:00,22.41,22.42,22.4,22.42,33600,752997.0
000777.SZ,2026-04-09 14:56:00,22.41,22.42,22.41,22.42,49318,1105577.4
000777.SZ,2026-04-09 14:57:00,22.42,22.44,22.42,22.43,27600,618976.0
000777.SZ,2026-04-09 14:58:00,22.43,22.43,22.43,22.43,0,0.0
000777.SZ,2026-04-09 14:59:00,22.43,22.43,22.43,22.43,0,0.0
000777.SZ,2026-04-09 15:00:00,22.42,22.42,22.42,22.42,42600,955092.0
000777.SZ,2026-04-10 09:30:00,22.52,22.55,22.52,22.55,10200,229721.0
000777.SZ,2026-04-10 09:31:00,22.54,22.6,22.54,22.58,107618,2429703.8
000777.SZ,2026-04-10 09:32:00,22.59,22.65,22.56,22.63,141299,3192889.5
000777.SZ,2026-04-10 09:33:00,22.62,22.66,22.62,22.65,83500,1890188.0
000777.SZ,2026-04-10 09:34:00,22.66,22.67,22.65,22.67,53000,1200853.0
000777.SZ,2026-04-10 09:35:00,22.67,22.68,22.67,22.68,79600,1804709.0
000777.SZ,2026-04-10 09:36:00,22.68,22.69,22.62,22.63,62700,1420021.0
000777.SZ,2026-04-10 09:37:00,22.63,22.64,22.59,22.63,35700,807502.0
000777.SZ,2026-04-10 09:38:00,22.63,22.69,22.63,22.68,63600,1441500.0
000777.SZ,2026-04-10 09:39:00,22.67,22.68,22.62,22.63,28600,647866.0
000777.SZ,2026-04-10 09:40:00,22.65,22.65,22.61,22.64,28300,640405.0
000777.SZ,2026-04-10 09:41:00,22.64,22.7,22.63,22.69,109800,2488540.0
000777.SZ,2026-04-10 09:42:00,22.7,22.78,22.7,22.73,95800,2177565.0
000777.SZ,2026-04-10 09:43:00,22.75,22.75,22.73,22.74,143800,3269741.0
000777.SZ,2026-04-10 09:44:00,22.74,22.77,22.73,22.77,51900,1180591.0
000777.SZ,2026-04-10 09:45:00,22.76,22.77,22.73,22.73,40000,909922.0
000777.SZ,2026-04-10 09:46:00,22.73,22.75,22.73,22.75,41500,943446.0
000777.SZ,2026-04-10 09:47:00,22.75,22.77,22.75,22.76,65800,1497453.0
000777.SZ,2026-04-10 09:48:00,22.76,22.76,22.73,22.74,59900,1362408.0
000777.SZ,2026-04-10 09:49:00,22.74,22.74,22.72,22.72,34200,777207.0
000777.SZ,2026-04-10 09:50:00,22.72,22.73,22.7,22.7,33300,756281.0
000777.SZ,2026-04-10 09:51:00,22.7,22.73,22.7,22.73,51700,1174072.0
000777.SZ,2026-04-10 09:52:00,22.72,22.72,22.7,22.71,31400,713002.0
000777.SZ,2026-04-10 09:53:00,22.71,22.76,22.71,22.76,114400,2601950.0
000777.SZ,2026-04-10 09:54:00,22.76,22.77,22.75,22.76,29100,662332.0
000777.SZ,2026-04-10 09:55:00,22.75,22.79,22.74,22.79,83800,1907862.0
000777.SZ,2026-04-10 09:56:00,22.78,22.79,22.78,22.78,36600,833952.0
000777.SZ,2026-04-10 09:57:00,22.78,22.79,22.78,22.79,12500,284816.0
000777.SZ,2026-04-10 09:58:00,22.79,22.79,22.78,22.78,25300,576513.0
000777.SZ,2026-04-10 09:59:00,22.79,22.79,22.78,22.79,53700,1223753.0
000777.SZ,2026-04-10 10:00:00,22.78,22.78,22.77,22.78,17800,405414.0
000777.SZ,2026-04-10 10:01:00,22.78,22.78,22.77,22.77,23800,542036.0
000777.SZ,2026-04-10 10:02:00,22.78,22.78,22.76,22.76,22600,514593.0
000777.SZ,2026-04-10 10:03:00,22.76,22.77,22.75,22.77,34400,782975.0
000777.SZ,2026-04-10 10:04:00,22.77,22.79,22.77,22.79,36400,829069.0
000777.SZ,2026-04-10 10:05:00,22.77,22.79,22.77,22.77,10900,248293.0
000777.SZ,2026-04-10 10:06:00,22.78,22.79,22.77,22.79,38400,874999.0
000777.SZ,2026-04-10 10:07:00,22.79,22.82,22.77,22.82,352700,8019951.0
000777.SZ,2026-04-10 10:08:00,22.82,22.83,22.81,22.82,108300,2471423.0
000777.SZ,2026-04-10 10:09:00,22.82,22.84,22.82,22.83,59000,1346795.0
000777.SZ,2026-04-10 10:10:00,22.82,22.83,22.82,22.82,42900,979167.0
000777.SZ,2026-04-10 10:11:00,22.82,22.82,22.79,22.8,26500,604289.0
000777.SZ,2026-04-10 10:12:00,22.75,22.8,22.75,22.78,23700,539702.0
000777.SZ,2026-04-10 10:13:00,22.78,22.78,22.76,22.77,29700,676367.0
000777.SZ,2026-04-10 10:14:00,22.76,22.76,22.69,22.75,33600,763608.0
000777.SZ,2026-04-10 10:15:00,22.75,22.76,22.73,22.76,20600,468474.0
000777.SZ,2026-04-10 10:16:00,22.76,22.78,22.74,22.74,26200,596340.0
000777.SZ,2026-04-10 10:17:00,22.78,22.78,22.72,22.78,24000,546051.0
000777.SZ,2026-04-10 10:18:00,22.74,22.78,22.73,22.74,38200,868839.0
000777.SZ,2026-04-10 10:19:00,22.73,22.75,22.73,22.73,18100,411471.0
000777.SZ,2026-04-10 10:20:00,22.74,22.75,22.72,22.73,47000,1068467.0
000777.SZ,2026-04-10 10:21:00,22.72,22.75,22.71,22.74,26900,611323.0
000777.SZ,2026-04-10 10:22:00,22.71,22.74,22.71,22.72,16300,370428.0
000777.SZ,2026-04-10 10:23:00,22.74,22.74,22.72,22.73,8400,190914.0
000777.SZ,2026-04-10 10:24:00,22.73,22.75,22.73,22.75,21300,484335.0
000777.SZ,2026-04-10 10:25:00,22.75,22.75,22.74,22.75,27900,634536.0
000777.SZ,2026-04-10 10:26:00,22.75,22.77,22.74,22.77,43900,998917.0
000777.SZ,2026-04-10 10:27:00,22.77,22.78,22.77,22.78,16500,375776.0
000777.SZ,2026-04-10 10:28:00,22.78,22.78,22.76,22.77,6800,154842.0
000777.SZ,2026-04-10 10:29:00,22.77,22.77,22.74,22.76,18600,423448.0
000777.SZ,2026-04-10 10:30:00,22.76,22.77,22.74,22.74,11300,257004.0
000777.SZ,2026-04-10 10:31:00,22.73,22.74,22.73,22.73,29500,670500.0
000777.SZ,2026-04-10 10:32:00,22.73,22.74,22.73,22.73,6600,150020.0
000777.SZ,2026-04-10 10:33:00,22.72,22.73,22.7,22.7,28400,645001.0
000777.SZ,2026-04-10 10:34:00,22.7,22.73,22.7,22.73,42512,965400.5
000777.SZ,2026-04-10 10:35:00,22.74,22.74,22.73,22.74,16000,363793.0
000777.SZ,2026-04-10 10:36:00,22.73,22.74,22.72,22.73,44300,1006913.0
000777.SZ,2026-04-10 10:37:00,22.73,22.74,22.73,22.74,6200,140948.0
000777.SZ,2026-04-10 10:38:00,22.73,22.74,22.73,22.73,15900,361523.0
000777.SZ,2026-04-10 10:39:00,22.74,22.74,22.73,22.73,3000,68199.0
000777.SZ,2026-04-10 10:40:00,22.73,22.73,22.71,22.72,32288,733533.4
000777.SZ,2026-04-10 10:41:00,22.71,22.71,22.7,22.7,7000,158904.0
000777.SZ,2026-04-10 10:42:00,22.7,22.71,22.68,22.68,72000,1634307.0
000777.SZ,2026-04-10 10:43:00,22.69,22.69,22.68,22.68,8200,185988.0
000777.SZ,2026-04-10 10:44:00,22.68,22.69,22.66,22.66,43000,975032.0
000777.SZ,2026-04-10 10:45:00,22.66,22.68,22.66,22.66,18400,417002.0
000777.SZ,2026-04-10 10:46:00,22.66,22.67,22.64,22.64,39500,894648.0
000777.SZ,2026-04-10 10:47:00,22.65,22.69,22.64,22.66,37500,849779.0
000777.SZ,2026-04-10 10:48:00,22.66,22.68,22.66,22.66,20900,473913.0
000777.SZ,2026-04-10 10:49:00,22.66,22.66,22.64,22.64,27900,632045.0
000777.SZ,2026-04-10 10:50:00,22.65,22.68,22.65,22.67,19000,430671.0
000777.SZ,2026-04-10 10:51:00,22.67,22.69,22.67,22.68,28700,650642.0
000777.SZ,2026-04-10 10:52:00,22.68,22.69,22.68,22.69,9700,220074.0
000777.SZ,2026-04-10 10:53:00,22.68,22.69,22.67,22.68,4300,97547.0
000777.SZ,2026-04-10 10:54:00,22.69,22.71,22.69,22.71,35700,810360.0
000777.SZ,2026-04-10 10:55:00,22.73,22.73,22.72,22.73,14812,336631.62
000777.SZ,2026-04-10 10:56:00,22.72,22.73,22.72,22.73,2500,56821.0
000777.SZ,2026-04-10 10:57:00,22.72,22.73,22.72,22.73,6500,147707.0
000777.SZ,2026-04-10 10:58:00,22.74,22.74,22.73,22.73,15700,356896.0
000777.SZ,2026-04-10 10:59:00,22.73,22.74,22.73,22.73,13800,313698.0
000777.SZ,2026-04-10 11:00:00,22.73,22.75,22.73,22.75,29500,670802.0
000777.SZ,2026-04-10 11:01:00,22.74,22.75,22.73,22.73,14800,336542.0
000777.SZ,2026-04-10 11:02:00,22.72,22.73,22.68,22.69,15200,345176.0
000777.SZ,2026-04-10 11:03:00,22.68,22.68,22.67,22.67,8100,183665.0
000777.SZ,2026-04-10 11:04:00,22.68,22.69,22.68,22.68,32400,734805.0
000777.SZ,2026-04-10 11:05:00,22.67,22.67,22.66,22.67,13400,303721.0
000777.SZ,2026-04-10 11:06:00,22.69,22.7,22.68,22.68,72900,1652924.0
000777.SZ,2026-04-10 11:07:00,22.68,22.7,22.68,22.7,4100,93010.0
000777.SZ,2026-04-10 11:08:00,22.7,22.7,22.69,22.69,5500,124807.0
000777.SZ,2026-04-10 11:09:00,22.68,22.69,22.68,22.68,6600,149714.0
000777.SZ,2026-04-10 11:10:00,22.68,22.68,22.67,22.67,21300,482997.0
000777.SZ,2026-04-10 11:11:00,22.66,22.66,22.65,22.66,9700,219746.0
000777.SZ,2026-04-10 11:12:00,22.65,22.66,22.65,22.66,8500,192574.0
000777.SZ,2026-04-10 11:13:00,22.65,22.68,22.65,22.66,3100,70238.0
000777.SZ,2026-04-10 11:14:00,22.66,22.66,22.65,22.65,7900,179007.0
000777.SZ,2026-04-10 11:15:00,22.65,22.66,22.64,22.64,18200,412235.0
000777.SZ,2026-04-10 11:16:00,22.64,22.65,22.63,22.64,12900,292050.0
000777.SZ,2026-04-10 11:17:00,22.64,22.64,22.61,22.61,31500,712529.0
000777.SZ,2026-04-10 11:18:00,22.61,22.62,22.61,22.62,15000,339234.0
000777.SZ,2026-04-10 11:19:00,22.62,22.62,22.61,22.61,6200,140197.0
000777.SZ,2026-04-10 11:20:00,22.61,22.64,22.61,22.64,13200,298518.0
000777.SZ,2026-04-10 11:21:00,22.64,22.65,22.64,22.65,6500,147191.0
000777.SZ,2026-04-10 11:22:00,22.66,22.66,22.64,22.64,6700,151794.0
000777.SZ,2026-04-10 11:23:00,22.64,22.65,22.64,22.64,4200,95091.0
000777.SZ,2026-04-10 11:24:00,22.64,22.65,22.64,22.65,1400,31705.0
000777.SZ,2026-04-10 11:25:00,22.64,22.65,22.64,22.65,7600,172111.0
000777.SZ,2026-04-10 11:26:00,22.64,22.65,22.64,22.65,1300,29441.0
000777.SZ,2026-04-10 11:27:00,22.65,22.65,22.64,22.65,1100,24907.0
000777.SZ,2026-04-10 11:28:00,22.65,22.66,22.63,22.63,18500,419016.0
000777.SZ,2026-04-10 11:29:00,22.62,22.63,22.62,22.62,7300,165165.0
000777.SZ,2026-04-10 11:30:00,22.63,22.63,22.61,22.62,11700,264640.0
000777.SZ,2026-04-10 13:01:00,22.61,22.63,22.61,22.62,30400,687638.0
000777.SZ,2026-04-10 13:02:00,22.62,22.65,22.62,22.65,25300,572321.0
000777.SZ,2026-04-10 13:03:00,22.65,22.65,22.62,22.62,14700,332601.0
000777.SZ,2026-04-10 13:04:00,22.62,22.63,22.61,22.63,21700,490755.0
000777.SZ,2026-04-10 13:05:00,22.63,22.63,22.62,22.63,22700,513350.0
000777.SZ,2026-04-10 13:06:00,22.63,22.63,22.61,22.63,55200,1248516.0
000777.SZ,2026-04-10 13:07:00,22.63,22.66,22.63,22.66,6700,151755.0
000777.SZ,2026-04-10 13:08:00,22.66,22.67,22.66,22.67,11800,267440.0
000777.SZ,2026-04-10 13:09:00,22.66,22.68,22.66,22.67,14200,321923.0
000777.SZ,2026-04-10 13:10:00,22.66,22.68,22.66,22.67,9200,208584.0
000777.SZ,2026-04-10 13:11:00,22.68,22.68,22.65,22.65,18500,419214.0
000777.SZ,2026-04-10 13:12:00,22.66,22.66,22.62,22.62,65500,1481896.0
000777.SZ,2026-04-10 13:13:00,22.63,22.66,22.63,22.64,6500,147140.0
000777.SZ,2026-04-10 13:14:00,22.64,22.66,22.61,22.65,29000,656305.0
000777.SZ,2026-04-10 13:15:00,22.61,22.65,22.61,22.65,8000,181051.0
000777.SZ,2026-04-10 13:16:00,22.63,22.65,22.63,22.63,37600,850823.0
000777.SZ,2026-04-10 13:17:00,22.61,22.63,22.6,22.61,26100,590158.0
000777.SZ,2026-04-10 13:18:00,22.61,22.63,22.61,22.63,24000,542668.0
000777.SZ,2026-04-10 13:19:00,22.62,22.63,22.6,22.6,21600,488231.0
000777.SZ,2026-04-10 13:20:00,22.6,22.61,22.6,22.61,22300,504008.0
000777.SZ,2026-04-10 13:21:00,22.61,22.62,22.6,22.61,8200,185398.0
000777.SZ,2026-04-10 13:22:00,22.61,22.62,22.6,22.62,13300,300718.0
000777.SZ,2026-04-10 13:23:00,22.62,22.63,22.6,22.6,8200,185355.0
000777.SZ,2026-04-10 13:24:00,22.6,22.62,22.6,22.61,6900,155977.0
000777.SZ,2026-04-10 13:25:00,22.6,22.61,22.6,22.6,21200,479150.0
000777.SZ,2026-04-10 13:26:00,22.6,22.62,22.6,22.6,20400,461134.0
000777.SZ,2026-04-10 13:27:00,22.61,22.63,22.6,22.6,18600,420529.0
000777.SZ,2026-04-10 13:28:00,22.59,22.6,22.59,22.6,11800,266650.0
000777.SZ,2026-04-10 13:29:00,22.59,22.6,22.59,22.6,25400,573812.0
000777.SZ,2026-04-10 13:30:00,22.59,22.59,22.57,22.58,44500,1004907.0
000777.SZ,2026-04-10 13:31:00,22.59,22.6,22.58,22.58,3800,85818.0
000777.SZ,2026-04-10 13:32:00,22.58,22.58,22.56,22.56,20800,469477.0
000777.SZ,2026-04-10 13:33:00,22.57,22.57,22.56,22.57,23600,532552.0
000777.SZ,2026-04-10 13:34:00,22.56,22.6,22.56,22.58,24800,559752.0
000777.SZ,2026-04-10 13:35:00,22.58,22.59,22.58,22.58,20300,458398.0
000777.SZ,2026-04-10 13:36:00,22.59,22.59,22.58,22.59,3000,67747.0
000777.SZ,2026-04-10 13:37:00,22.59,22.6,22.59,22.6,4000,90369.0
000777.SZ,2026-04-10 13:38:00,22.6,22.64,22.6,22.62,10000,226188.0
000777.SZ,2026-04-10 13:39:00,22.63,22.64,22.61,22.61,13200,298642.0
000777.SZ,2026-04-10 13:40:00,22.61,22.63,22.61,22.62,6300,142510.0
000777.SZ,2026-04-10 13:41:00,22.64,22.64,22.61,22.62,8400,189962.0
000777.SZ,2026-04-10 13:42:00,22.62,22.62,22.6,22.6,11700,264530.0
000777.SZ,2026-04-10 13:43:00,22.6,22.61,22.6,22.6,7300,164994.0
000777.SZ,2026-04-10 13:44:00,22.6,22.61,22.6,22.61,14400,325566.0
000777.SZ,2026-04-10 13:45:00,22.6,22.62,22.6,22.61,9300,210284.0
000777.SZ,2026-04-10 13:46:00,22.61,22.64,22.61,22.64,18400,416346.0
000777.SZ,2026-04-10 13:47:00,22.64,22.65,22.64,22.64,33600,760791.0
000777.SZ,2026-04-10 13:48:00,22.64,22.65,22.64,22.64,18800,425657.0
000777.SZ,2026-04-10 13:49:00,22.64,22.65,22.64,22.65,62000,1403812.0
000777.SZ,2026-04-10 13:50:00,22.64,22.65,22.64,22.64,5800,131324.0
000777.SZ,2026-04-10 13:51:00,22.65,22.65,22.64,22.65,10400,235558.0
000777.SZ,2026-04-10 13:52:00,22.65,22.65,22.64,22.65,7200,163066.0
000777.SZ,2026-04-10 13:53:00,22.65,22.66,22.65,22.66,5100,115516.0
000777.SZ,2026-04-10 13:54:00,22.66,22.67,22.65,22.66,19300,437323.0
000777.SZ,2026-04-10 13:55:00,22.66,22.67,22.66,22.66,14800,335412.0
000777.SZ,2026-04-10 13:56:00,22.66,22.67,22.66,22.66,15600,353511.0
000777.SZ,2026-04-10 13:57:00,22.66,22.67,22.66,22.67,31198,707100.7
000777.SZ,2026-04-10 13:58:00,22.67,22.67,22.66,22.67,10000,226618.0
000777.SZ,2026-04-10 13:59:00,22.66,22.67,22.65,22.67,8400,190321.0
000777.SZ,2026-04-10 14:00:00,22.66,22.67,22.65,22.66,2000,45334.0
000777.SZ,2026-04-10 14:01:00,22.65,22.66,22.64,22.64,29300,663599.0
000777.SZ,2026-04-10 14:02:00,22.65,22.66,22.65,22.66,22516,509990.4
000777.SZ,2026-04-10 14:03:00,22.66,22.66,22.65,22.66,3200,72506.0
000777.SZ,2026-04-10 14:04:00,22.66,22.66,22.65,22.65,26300,595949.0
000777.SZ,2026-04-10 14:05:00,22.66,22.66,22.65,22.65,5800,131394.0
000777.SZ,2026-04-10 14:06:00,22.65,22.66,22.65,22.66,11500,260542.0
000777.SZ,2026-04-10 14:07:00,22.65,22.66,22.65,22.65,7500,169920.0
000777.SZ,2026-04-10 14:08:00,22.66,22.66,22.65,22.66,6000,135931.0
000777.SZ,2026-04-10 14:09:00,22.65,22.66,22.65,22.66,7100,160829.0
000777.SZ,2026-04-10 14:10:00,22.65,22.66,22.65,22.65,10100,228793.0
000777.SZ,2026-04-10 14:11:00,22.66,22.66,22.65,22.66,19400,439437.0
000777.SZ,2026-04-10 14:12:00,22.66,22.66,22.65,22.65,20900,473384.0
000777.SZ,2026-04-10 14:13:00,22.64,22.66,22.64,22.64,28700,649779.0
000777.SZ,2026-04-10 14:14:00,22.65,22.65,22.64,22.64,11000,249041.0
000777.SZ,2026-04-10 14:15:00,22.64,22.64,22.63,22.63,21800,493367.0
000777.SZ,2026-04-10 14:16:00,22.62,22.63,22.62,22.63,5200,117629.0
000777.SZ,2026-04-10 14:17:00,22.61,22.63,22.61,22.62,18000,407067.0
000777.SZ,2026-04-10 14:18:00,22.62,22.64,22.62,22.62,29800,674216.0
000777.SZ,2026-04-10 14:19:00,22.62,22.62,22.61,22.61,13400,303018.0
000777.SZ,2026-04-10 14:20:00,22.61,22.62,22.6,22.61,11800,266776.0
000777.SZ,2026-04-10 14:21:00,22.61,22.61,22.61,22.61,1200,27132.0
000777.SZ,2026-04-10 14:22:00,22.62,22.62,22.61,22.62,2900,65587.0
000777.SZ,2026-04-10 14:23:00,22.61,22.63,22.61,22.63,13500,305345.0
000777.SZ,2026-04-10 14:24:00,22.63,22.63,22.62,22.63,3300,74672.0
000777.SZ,2026-04-10 14:25:00,22.63,22.63,22.61,22.61,10300,232994.0
000777.SZ,2026-04-10 14:26:00,22.61,22.61,22.61,22.61,2800,63321.0
000777.SZ,2026-04-10 14:27:00,22.61,22.62,22.61,22.62,4300,97244.0
000777.SZ,2026-04-10 14:28:00,22.62,22.62,22.61,22.62,14700,332416.0
000777.SZ,2026-04-10 14:29:00,22.61,22.62,22.6,22.6,18300,413779.0
000777.SZ,2026-04-10 14:30:00,22.61,22.62,22.6,22.62,4900,110776.0
000777.SZ,2026-04-10 14:31:00,22.61,22.62,22.61,22.61,15100,341426.0
000777.SZ,2026-04-10 14:32:00,22.61,22.62,22.6,22.62,14000,316556.0
000777.SZ,2026-04-10 14:33:00,22.61,22.62,22.61,22.62,30200,683064.0
000777.SZ,2026-04-10 14:34:00,22.62,22.62,22.61,22.61,29900,676133.0
000777.SZ,2026-04-10 14:35:00,22.61,22.61,22.61,22.61,5000,113050.0
000777.SZ,2026-04-10 14:36:00,22.61,22.63,22.61,22.63,29500,667292.0
000777.SZ,2026-04-10 14:37:00,22.62,22.62,22.62,22.62,7100,160655.0
000777.SZ,2026-04-10 14:38:00,22.62,22.62,22.61,22.61,69700,1576165.0
000777.SZ,2026-04-10 14:39:00,22.61,22.62,22.61,22.61,9700,219325.0
000777.SZ,2026-04-10 14:40:00,22.61,22.62,22.59,22.6,99100,2240040.0
000777.SZ,2026-04-10 14:41:00,22.59,22.61,22.59,22.6,21500,485832.0
000777.SZ,2026-04-10 14:42:00,22.6,22.6,22.59,22.6,37100,838413.0
000777.SZ,2026-04-10 14:43:00,22.61,22.61,22.6,22.6,31700,716561.0
000777.SZ,2026-04-10 14:44:00,22.6,22.62,22.59,22.59,109700,2479377.0
000777.SZ,2026-04-10 14:45:00,22.6,22.6,22.59,22.6,48100,1086969.0
000777.SZ,2026-04-10 14:46:00,22.59,22.61,22.59,22.6,17500,395501.0
000777.SZ,2026-04-10 14:47:00,22.6,22.61,22.59,22.59,29200,659978.0
000777.SZ,2026-04-10 14:48:00,22.6,22.61,22.58,22.58,83000,1875372.0
000777.SZ,2026-04-10 14:49:00,22.58,22.59,22.58,22.59,15000,338744.0
000777.SZ,2026-04-10 14:50:00,22.59,22.59,22.57,22.58,38000,858024.0
000777.SZ,2026-04-10 14:51:00,22.57,22.59,22.57,22.59,55000,1241790.0
000777.SZ,2026-04-10 14:52:00,22.59,22.6,22.56,22.57,65500,1478750.0
000777.SZ,2026-04-10 14:53:00,22.57,22.57,22.56,22.57,25600,577813.0
000777.SZ,2026-04-10 14:54:00,22.57,22.58,22.57,22.57,45400,1024779.0
000777.SZ,2026-04-10 14:55:00,22.57,22.58,22.55,22.57,79300,1789307.0
000777.SZ,2026-04-10 14:56:00,22.57,22.58,22.57,22.58,46300,1045189.0
000777.SZ,2026-04-10 14:57:00,22.59,22.6,22.57,22.57,53300,1203716.0
000777.SZ,2026-04-10 14:58:00,22.57,22.57,22.57,22.57,0,0.0
000777.SZ,2026-04-10 14:59:00,22.57,22.57,22.57,22.57,0,0.0
000777.SZ,2026-04-10 15:00:00,22.58,22.58,22.58,22.58,34700,783526.0
000777.SZ,2026-04-13 09:30:00,22.4,22.44,22.4,22.44,61400,1375464.0
000777.SZ,2026-04-13 09:31:00,22.4,22.53,22.39,22.53,262300,5879901.0
000777.SZ,2026-04-13 09:32:00,22.5,22.55,22.45,22.52,48400,1089647.0
000777.SZ,2026-04-13 09:33:00,22.5,22.5,22.44,22.46,63900,1436125.0
000777.SZ,2026-04-13 09:34:00,22.46,22.49,22.45,22.49,45600,1025171.0
000777.SZ,2026-04-13 09:35:00,22.49,22.49,22.42,22.42,79300,1781050.0
000777.SZ,2026-04-13 09:36:00,22.43,22.46,22.39,22.4,163700,3667964.0
000777.SZ,2026-04-13 09:37:00,22.4,22.45,22.39,22.43,7400,165849.0
000777.SZ,2026-04-13 09:38:00,22.43,22.45,22.4,22.4,37200,834178.0
000777.SZ,2026-04-13 09:39:00,22.4,22.41,22.2,22.32,291300,6503200.0
000777.SZ,2026-04-13 09:40:00,22.33,22.37,22.33,22.35,36500,815509.0
000777.SZ,2026-04-13 09:41:00,22.36,22.4,22.35,22.4,33900,758671.0
000777.SZ,2026-04-13 09:42:00,22.4,22.43,22.38,22.42,28800,644927.0
000777.SZ,2026-04-13 09:43:00,22.42,22.42,22.38,22.39,22800,510600.0
000777.SZ,2026-04-13 09:44:00,22.39,22.4,22.39,22.4,19900,445525.0
000777.SZ,2026-04-13 09:45:00,22.39,22.39,22.35,22.36,38500,861098.0
000777.SZ,2026-04-13 09:46:00,22.38,22.38,22.36,22.37,63100,1410849.0
000777.SZ,2026-04-13 09:47:00,22.39,22.4,22.37,22.37,8400,188009.0
000777.SZ,2026-04-13 09:48:00,22.36,22.38,22.32,22.33,38600,862712.0
000777.SZ,2026-04-13 09:49:00,22.33,22.36,22.33,22.36,71000,1586041.0
000777.SZ,2026-04-13 09:50:00,22.38,22.38,22.35,22.36,27200,608158.0
000777.SZ,2026-04-13 09:51:00,22.38,22.39,22.36,22.39,78300,1751460.0
000777.SZ,2026-04-13 09:52:00,22.39,22.39,22.35,22.36,28800,643957.0
000777.SZ,2026-04-13 09:53:00,22.35,22.39,22.34,22.39,73400,1641354.0
000777.SZ,2026-04-13 09:54:00,22.39,22.43,22.39,22.43,59700,1337343.0
000777.SZ,2026-04-13 09:55:00,22.43,22.45,22.43,22.45,8100,181746.0
000777.SZ,2026-04-13 09:56:00,22.45,22.47,22.44,22.47,34400,772467.0
000777.SZ,2026-04-13 09:57:00,22.47,22.49,22.44,22.44,32300,725613.0
000777.SZ,2026-04-13 09:58:00,22.44,22.48,22.44,22.44,40400,907297.0
000777.SZ,2026-04-13 09:59:00,22.46,22.47,22.43,22.45,54500,1223681.0
000777.SZ,2026-04-13 10:00:00,22.45,22.46,22.44,22.46,14600,327784.0
000777.SZ,2026-04-13 10:01:00,22.46,22.47,22.42,22.47,40400,906753.0
000777.SZ,2026-04-13 10:02:00,22.47,22.48,22.45,22.45,29500,662709.0
000777.SZ,2026-04-13 10:03:00,22.44,22.45,22.42,22.42,21600,484601.0
000777.SZ,2026-04-13 10:04:00,22.42,22.43,22.41,22.41,12400,277977.0
000777.SZ,2026-04-13 10:05:00,22.42,22.42,22.41,22.41,11000,246555.0
000777.SZ,2026-04-13 10:06:00,22.4,22.45,22.39,22.44,37200,833746.0
000777.SZ,2026-04-13 10:07:00,22.44,22.46,22.44,22.45,21200,475827.0
000777.SZ,2026-04-13 10:08:00,22.46,22.47,22.45,22.47,25200,565995.0
000777.SZ,2026-04-13 10:09:00,22.46,22.46,22.44,22.44,17300,388387.0
000777.SZ,2026-04-13 10:10:00,22.43,22.44,22.41,22.41,13700,307236.0
000777.SZ,2026-04-13 10:11:00,22.41,22.44,22.41,22.42,33280,746132.8
000777.SZ,2026-04-13 10:12:00,22.44,22.44,22.42,22.42,14600,327385.0
000777.SZ,2026-04-13 10:13:00,22.41,22.44,22.41,22.44,12900,289183.0
000777.SZ,2026-04-13 10:14:00,22.44,22.44,22.42,22.43,7500,168211.0
000777.SZ,2026-04-13 10:15:00,22.42,22.43,22.41,22.42,14500,325160.0
000777.SZ,2026-04-13 10:16:00,22.43,22.43,22.42,22.43,13500,302722.0
000777.SZ,2026-04-13 10:17:00,22.43,22.44,22.41,22.44,7800,174943.0
000777.SZ,2026-04-13 10:18:00,22.44,22.46,22.44,22.46,75200,1688350.0
000777.SZ,2026-04-13 10:19:00,22.45,22.5,22.44,22.49,80800,1815421.0
000777.SZ,2026-04-13 10:20:00,22.48,22.52,22.48,22.51,40600,913478.0
000777.SZ,2026-04-13 10:21:00,22.51,22.51,22.49,22.51,30800,693108.0
000777.SZ,2026-04-13 10:22:00,22.51,22.53,22.5,22.53,15000,337576.0
000777.SZ,2026-04-13 10:23:00,22.53,22.54,22.53,22.53,20400,459686.0
000777.SZ,2026-04-13 10:24:00,22.53,22.53,22.5,22.5,9400,211641.0
000777.SZ,2026-04-13 10:25:00,22.5,22.5,22.48,22.48,14100,317022.0
000777.SZ,2026-04-13 10:26:00,22.48,22.48,22.46,22.47,19500,438053.0
000777.SZ,2026-04-13 10:27:00,22.47,22.47,22.44,22.44,9100,204301.0
000777.SZ,2026-04-13 10:28:00,22.46,22.49,22.45,22.49,8800,197715.0
000777.SZ,2026-04-13 10:29:00,22.49,22.49,22.47,22.47,14300,321541.0
000777.SZ,2026-04-13 10:30:00,22.49,22.5,22.47,22.5,25900,582357.0
000777.SZ,2026-04-13 10:31:00,22.5,22.5,22.49,22.49,10400,233977.0
000777.SZ,2026-04-13 10:32:00,22.5,22.5,22.49,22.5,9900,222737.0
000777.SZ,2026-04-13 10:33:00,22.51,22.51,22.49,22.51,13900,312802.0
000777.SZ,2026-04-13 10:34:00,22.51,22.52,22.5,22.51,19500,438967.0
000777.SZ,2026-04-13 10:35:00,22.51,22.51,22.5,22.5,6900,155295.0
000777.SZ,2026-04-13 10:36:00,22.5,22.5,22.49,22.49,2600,58498.0
000777.SZ,2026-04-13 10:37:00,22.51,22.51,22.5,22.51,2200,49508.0
000777.SZ,2026-04-13 10:38:00,22.5,22.51,22.49,22.49,16900,380245.0
000777.SZ,2026-04-13 10:39:00,22.48,22.49,22.48,22.49,9100,204658.0
000777.SZ,2026-04-13 10:40:00,22.49,22.49,22.47,22.47,12900,289974.0
000777.SZ,2026-04-13 10:41:00,22.47,22.5,22.47,22.5,10800,242827.0
000777.SZ,2026-04-13 10:42:00,22.49,22.49,22.48,22.48,4800,107907.0
000777.SZ,2026-04-13 10:43:00,22.48,22.49,22.47,22.47,2500,56206.0
000777.SZ,2026-04-13 10:44:00,22.48,22.49,22.48,22.49,2900,65202.0
000777.SZ,2026-04-13 10:45:00,22.5,22.5,22.49,22.49,7400,166434.0
000777.SZ,2026-04-13 10:46:00,22.48,22.49,22.47,22.48,12900,290001.0
000777.SZ,2026-04-13 10:47:00,22.49,22.49,22.47,22.47,14100,316844.0
000777.SZ,2026-04-13 10:48:00,22.46,22.46,22.45,22.46,7600,170695.0
000777.SZ,2026-04-13 10:49:00,22.46,22.47,22.46,22.46,6800,152729.0
000777.SZ,2026-04-13 10:50:00,22.45,22.45,22.44,22.44,19100,428708.0
000777.SZ,2026-04-13 10:51:00,22.43,22.43,22.42,22.42,11000,246673.0
000777.SZ,2026-04-13 10:52:00,22.43,22.44,22.43,22.44,11600,260274.0
000777.SZ,2026-04-13 10:53:00,22.44,22.45,22.44,22.44,12000,269313.0
000777.SZ,2026-04-13 10:54:00,22.44,22.44,22.43,22.43,2700,60566.0
000777.SZ,2026-04-13 10:55:00,22.43,22.43,22.42,22.43,7300,163720.0
000777.SZ,2026-04-13 10:56:00,22.43,22.45,22.43,22.45,39900,895231.0
000777.SZ,2026-04-13 10:57:00,22.45,22.45,22.44,22.44,12300,276043.0
000777.SZ,2026-04-13 10:58:00,22.44,22.44,22.44,22.44,11800,264792.0
000777.SZ,2026-04-13 10:59:00,22.44,22.45,22.43,22.45,22500,504868.0
000777.SZ,2026-04-13 11:00:00,22.45,22.45,22.45,22.45,7500,168374.0
000777.SZ,2026-04-13 11:01:00,22.44,22.45,22.44,22.45,9100,204264.0
000777.SZ,2026-04-13 11:02:00,22.45,22.45,22.44,22.45,7100,159366.0
000777.SZ,2026-04-13 11:03:00,22.45,22.45,22.44,22.44,6600,148141.0
000777.SZ,2026-04-13 11:04:00,22.45,22.45,22.43,22.43,13600,305176.0
000777.SZ,2026-04-13 11:05:00,22.43,22.44,22.43,22.44,8900,199635.0
000777.SZ,2026-04-13 11:06:00,22.44,22.44,22.43,22.44,2700,60585.0
000777.SZ,2026-04-13 11:07:00,22.44,22.49,22.44,22.48,95500,2144123.0
000777.SZ,2026-04-13 11:08:00,22.48,22.48,22.46,22.46,5000,112398.0
000777.SZ,2026-04-13 11:09:00,22.46,22.46,22.45,22.45,7300,163903.0
000777.SZ,2026-04-13 11:10:00,22.45,22.45,22.44,22.44,13700,307441.0
000777.SZ,2026-04-13 11:11:00,22.43,22.43,22.41,22.41,30200,677310.0
000777.SZ,2026-04-13 11:12:00,22.41,22.42,22.41,22.41,4400,98617.0
000777.SZ,2026-04-13 11:13:00,22.41,22.41,22.4,22.4,32200,721378.0
000777.SZ,2026-04-13 11:14:00,22.41,22.42,22.4,22.4,2300,51539.0
000777.SZ,2026-04-13 11:15:00,22.4,22.43,22.4,22.41,8600,192726.0
000777.SZ,2026-04-13 11:16:00,22.4,22.41,22.4,22.41,3400,76180.0
000777.SZ,2026-04-13 11:17:00,22.41,22.42,22.41,22.42,6400,143448.0
000777.SZ,2026-04-13 11:18:00,22.4,22.43,22.4,22.42,9000,201778.0
000777.SZ,2026-04-13 11:19:00,22.41,22.42,22.37,22.38,61100,1367946.0
000777.SZ,2026-04-13 11:20:00,22.38,22.39,22.38,22.38,6100,136523.0
000777.SZ,2026-04-13 11:21:00,22.38,22.38,22.36,22.38,10700,239385.0
000777.SZ,2026-04-13 11:22:00,22.37,22.38,22.36,22.38,9000,201307.0
000777.SZ,2026-04-13 11:23:00,22.37,22.37,22.35,22.36,11300,252686.0
000777.SZ,2026-04-13 11:24:00,22.36,22.37,22.35,22.35,26500,592561.0
000777.SZ,2026-04-13 11:25:00,22.34,22.36,22.34,22.35,23300,520634.0
000777.SZ,2026-04-13 11:26:00,22.35,22.36,22.34,22.36,24200,540868.0
000777.SZ,2026-04-13 11:27:00,22.35,22.36,22.35,22.36,23500,525085.0
000777.SZ,2026-04-13 11:28:00,22.37,22.37,22.36,22.37,2400,53682.0
000777.SZ,2026-04-13 11:29:00,22.36,22.38,22.36,22.38,21100,471832.0
000777.SZ,2026-04-13 11:30:00,22.38,22.39,22.38,22.38,2800,62666.0
000777.SZ,2026-04-13 13:01:00,22.4,22.41,22.4,22.4,15700,351630.0
000777.SZ,2026-04-13 13:02:00,22.4,22.4,22.35,22.4,111100,2483622.0
000777.SZ,2026-04-13 13:03:00,22.41,22.41,22.41,22.41,5600,125509.0
000777.SZ,2026-04-13 13:04:00,22.41,22.41,22.39,22.39,7600,170299.0
000777.SZ,2026-04-13 13:05:00,22.39,22.39,22.36,22.37,11300,252861.0
000777.SZ,2026-04-13 13:06:00,22.38,22.38,22.37,22.37,17300,387035.0
000777.SZ,2026-04-13 13:07:00,22.36,22.37,22.35,22.36,18400,411419.0
000777.SZ,2026-04-13 13:08:00,22.36,22.36,22.31,22.31,84300,1882491.0
000777.SZ,2026-04-13 13:09:00,22.31,22.34,22.31,22.32,9600,214356.0
000777.SZ,2026-04-13 13:10:00,22.35,22.37,22.35,22.36,8100,181123.0
000777.SZ,2026-04-13 13:11:00,22.36,22.36,22.34,22.34,10700,239126.0
000777.SZ,2026-04-13 13:12:00,22.34,22.37,22.34,22.37,25600,571962.0
000777.SZ,2026-04-13 13:13:00,22.37,22.37,22.36,22.36,12000,268331.0
000777.SZ,2026-04-13 13:14:00,22.36,22.37,22.35,22.36,15400,344310.0
000777.SZ,2026-04-13 13:15:00,22.35,22.38,22.35,22.38,7000,156567.0
000777.SZ,2026-04-13 13:16:00,22.38,22.38,22.37,22.38,9100,203574.0
000777.SZ,2026-04-13 13:17:00,22.38,22.38,22.36,22.36,11800,263985.0
000777.SZ,2026-04-13 13:18:00,22.37,22.37,22.36,22.37,9000,201285.0
000777.SZ,2026-04-13 13:19:00,22.38,22.38,22.37,22.38,14900,333460.0
000777.SZ,2026-04-13 13:20:00,22.38,22.4,22.38,22.4,18100,405330.0
000777.SZ,2026-04-13 13:21:00,22.4,22.41,22.4,22.4,11000,246489.0
000777.SZ,2026-04-13 13:22:00,22.41,22.41,22.4,22.4,4300,96360.0
000777.SZ,2026-04-13 13:23:00,22.4,22.4,22.4,22.4,6400,143362.0
000777.SZ,2026-04-13 13:24:00,22.4,22.41,22.4,22.41,2100,47048.0
000777.SZ,2026-04-13 13:25:00,22.4,22.41,22.4,22.41,7100,159055.0
000777.SZ,2026-04-13 13:26:00,22.41,22.41,22.39,22.39,28300,633958.0
000777.SZ,2026-04-13 13:27:00,22.39,22.39,22.39,22.39,4300,96277.0
000777.SZ,2026-04-13 13:28:00,22.39,22.41,22.39,22.4,21000,470436.0
000777.SZ,2026-04-13 13:29:00,22.42,22.42,22.41,22.41,5300,118776.0
000777.SZ,2026-04-13 13:30:00,22.41,22.41,22.4,22.4,4100,91852.0
000777.SZ,2026-04-13 13:31:00,22.4,22.41,22.4,22.41,17900,400961.0
000777.SZ,2026-04-13 13:32:00,22.41,22.45,22.41,22.45,7900,177189.0
000777.SZ,2026-04-13 13:33:00,22.44,22.45,22.4,22.4,13400,300563.0
000777.SZ,2026-04-13 13:34:00,22.41,22.42,22.41,22.41,15000,336151.0
000777.SZ,2026-04-13 13:35:00,22.41,22.44,22.41,22.42,14400,322810.0
000777.SZ,2026-04-13 13:36:00,22.45,22.45,22.45,22.45,5200,116740.0
000777.SZ,2026-04-13 13:37:00,22.46,22.47,22.46,22.47,8600,193202.0
000777.SZ,2026-04-13 13:38:00,22.47,22.48,22.47,22.48,25300,568683.0
000777.SZ,2026-04-13 13:39:00,22.48,22.52,22.48,22.51,95062,2137798.0
000777.SZ,2026-04-13 13:40:00,22.51,22.52,22.51,22.52,11100,249927.0
000777.SZ,2026-04-13 13:41:00,22.52,22.53,22.52,22.52,17800,400865.0
000777.SZ,2026-04-13 13:42:00,22.52,22.52,22.5,22.5,45500,1024269.0
000777.SZ,2026-04-13 13:43:00,22.49,22.5,22.49,22.49,4100,92220.0
000777.SZ,2026-04-13 13:44:00,22.49,22.49,22.48,22.48,14700,330554.0
000777.SZ,2026-04-13 13:45:00,22.5,22.51,22.5,22.51,12200,274543.0
000777.SZ,2026-04-13 13:46:00,22.51,22.52,22.5,22.51,6500,146327.0
000777.SZ,2026-04-13 13:47:00,22.51,22.51,22.5,22.5,3700,83258.0
000777.SZ,2026-04-13 13:48:00,22.5,22.5,22.5,22.5,6300,141754.0
000777.SZ,2026-04-13 13:49:00,22.5,22.5,22.5,22.5,300,6750.0
000777.SZ,2026-04-13 13:50:00,22.49,22.49,22.49,22.49,4600,103454.0
000777.SZ,2026-04-13 13:51:00,22.49,22.5,22.49,22.49,9500,213708.0
000777.SZ,2026-04-13 13:52:00,22.49,22.5,22.49,22.5,10700,240739.0
000777.SZ,2026-04-13 13:53:00,22.5,22.5,22.49,22.5,9800,220486.0
000777.SZ,2026-04-13 13:54:00,22.5,22.51,22.5,22.51,10300,231836.0
000777.SZ,2026-04-13 13:55:00,22.51,22.51,22.51,22.51,9600,216098.0
000777.SZ,2026-04-13 13:56:00,22.52,22.52,22.51,22.52,22100,497645.0
000777.SZ,2026-04-13 13:57:00,22.52,22.52,22.52,22.52,7800,175656.0
000777.SZ,2026-04-13 13:58:00,22.52,22.53,22.52,22.53,11900,267990.0
000777.SZ,2026-04-13 13:59:00,22.53,22.53,22.5,22.5,39000,877940.0
000777.SZ,2026-04-13 14:00:00,22.5,22.5,22.48,22.5,21700,488010.0
000777.SZ,2026-04-13 14:01:00,22.51,22.53,22.5,22.53,23800,536064.0
000777.SZ,2026-04-13 14:02:00,22.52,22.53,22.51,22.51,2500,56280.0
000777.SZ,2026-04-13 14:03:00,22.52,22.53,22.52,22.53,17300,389562.0
000777.SZ,2026-04-13 14:04:00,22.53,22.53,22.52,22.53,11700,263513.0
000777.SZ,2026-04-13 14:05:00,22.54,22.54,22.53,22.54,25900,583656.0
000777.SZ,2026-04-13 14:06:00,22.54,22.54,22.53,22.53,6400,144228.0
000777.SZ,2026-04-13 14:07:00,22.53,22.53,22.52,22.52,12800,288334.0
000777.SZ,2026-04-13 14:08:00,22.52,22.53,22.52,22.52,22500,506732.0
000777.SZ,2026-04-13 14:09:00,22.54,22.55,22.54,22.54,65500,1476259.0
000777.SZ,2026-04-13 14:10:00,22.55,22.55,22.54,22.55,20200,455458.0
000777.SZ,2026-04-13 14:11:00,22.55,22.55,22.54,22.55,11600,261537.0
000777.SZ,2026-04-13 14:12:00,22.54,22.55,22.54,22.55,7300,164562.0
000777.SZ,2026-04-13 14:13:00,22.55,22.55,22.54,22.54,11100,250213.0
000777.SZ,2026-04-13 14:14:00,22.54,22.55,22.54,22.54,4500,101455.0
000777.SZ,2026-04-13 14:15:00,22.55,22.55,22.53,22.53,9000,202847.0
000777.SZ,2026-04-13 14:16:00,22.53,22.53,22.5,22.51,24500,551599.0
000777.SZ,2026-04-13 14:17:00,22.51,22.53,22.51,22.53,10400,234226.0
000777.SZ,2026-04-13 14:18:00,22.51,22.52,22.51,22.51,17000,382679.0
000777.SZ,2026-04-13 14:19:00,22.52,22.52,22.5,22.51,4100,92302.0
000777.SZ,2026-04-13 14:20:00,22.51,22.51,22.5,22.5,7200,162060.0
000777.SZ,2026-04-13 14:21:00,22.5,22.51,22.5,22.51,9300,209315.0
000777.SZ,2026-04-13 14:22:00,22.51,22.52,22.51,22.52,11800,265622.0
000777.SZ,2026-04-13 14:23:00,22.51,22.51,22.51,22.51,5400,121554.0
000777.SZ,2026-04-13 14:24:00,22.51,22.51,22.5,22.5,11300,254277.0
000777.SZ,2026-04-13 14:25:00,22.5,22.51,22.5,22.51,9100,204815.0
000777.SZ,2026-04-13 14:26:00,22.5,22.53,22.5,22.52,19900,448074.0
000777.SZ,2026-04-13 14:27:00,22.52,22.52,22.52,22.52,10500,236460.0
000777.SZ,2026-04-13 14:28:00,22.51,22.52,22.51,22.52,15600,351186.0
000777.SZ,2026-04-13 14:29:00,22.52,22.52,22.51,22.51,5100,114815.0
000777.SZ,2026-04-13 14:30:00,22.5,22.51,22.5,22.51,20800,468026.0
000777.SZ,2026-04-13 14:31:00,22.51,22.51,22.5,22.5,4500,101247.0
000777.SZ,2026-04-13 14:32:00,22.5,22.51,22.5,22.5,10473,235688.5
000777.SZ,2026-04-13 14:33:00,22.51,22.51,22.5,22.51,7727,173921.77
000777.SZ,2026-04-13 14:34:00,22.51,22.52,22.49,22.49,25400,571310.0
000777.SZ,2026-04-13 14:35:00,22.51,22.51,22.49,22.49,10400,233930.0
000777.SZ,2026-04-13 14:36:00,22.5,22.51,22.5,22.51,22200,499614.0
000777.SZ,2026-04-13 14:37:00,22.51,22.52,22.5,22.51,9800,220593.0
000777.SZ,2026-04-13 14:38:00,22.51,22.51,22.49,22.49,28000,630014.0
000777.SZ,2026-04-13 14:39:00,22.49,22.49,22.48,22.48,13900,312505.0
000777.SZ,2026-04-13 14:40:00,22.48,22.49,22.47,22.47,16600,373186.0
000777.SZ,2026-04-13 14:41:00,22.47,22.47,22.46,22.47,20500,460584.0
000777.SZ,2026-04-13 14:42:00,22.47,22.48,22.46,22.47,14900,334817.0
000777.SZ,2026-04-13 14:43:00,22.47,22.48,22.46,22.47,16200,364012.0
000777.SZ,2026-04-13 14:44:00,22.47,22.5,22.46,22.5,40000,898924.0
000777.SZ,2026-04-13 14:45:00,22.48,22.5,22.48,22.5,14100,317215.0
000777.SZ,2026-04-13 14:46:00,22.49,22.49,22.48,22.49,14600,328289.0
000777.SZ,2026-04-13 14:47:00,22.49,22.5,22.49,22.5,13000,292374.0
000777.SZ,2026-04-13 14:48:00,22.49,22.5,22.49,22.5,6200,139446.0
000777.SZ,2026-04-13 14:49:00,22.5,22.5,22.49,22.5,15600,350934.0
000777.SZ,2026-04-13 14:50:00,22.5,22.5,22.49,22.49,21200,476917.0
000777.SZ,2026-04-13 14:51:00,22.5,22.5,22.49,22.49,37000,832271.0
000777.SZ,2026-04-13 14:52:00,22.48,22.5,22.48,22.49,38800,872629.0
000777.SZ,2026-04-13 14:53:00,22.49,22.51,22.49,22.5,24500,551266.0
000777.SZ,2026-04-13 14:54:00,22.5,22.5,22.48,22.49,58416,1313693.6
000777.SZ,2026-04-13 14:55:00,22.48,22.49,22.48,22.49,39700,892511.0
000777.SZ,2026-04-13 14:56:00,22.49,22.49,22.46,22.46,86084,1935084.1
000777.SZ,2026-04-13 14:57:00,22.46,22.5,22.46,22.49,68116,1531486.6
000777.SZ,2026-04-13 14:58:00,22.49,22.49,22.49,22.49,0,0.0
000777.SZ,2026-04-13 14:59:00,22.49,22.49,22.49,22.49,0,0.0
000777.SZ,2026-04-13 15:00:00,22.49,22.49,22.49,22.49,69200,1556308.0
000777.SZ,2026-04-14 09:30:00,22.67,22.69,22.67,22.69,18600,421664.0
000777.SZ,2026-04-14 09:31:00,22.69,22.72,22.64,22.64,173200,3928242.0
000777.SZ,2026-04-14 09:32:00,22.65,22.7,22.61,22.62,103100,2334347.0
000777.SZ,2026-04-14 09:33:00,22.62,22.64,22.58,22.58,86600,1957566.0
000777.SZ,2026-04-14 09:34:00,22.57,22.58,22.52,22.54,37000,834504.0
000777.SZ,2026-04-14 09:35:00,22.53,22.56,22.53,22.54,73200,1650317.0
000777.SZ,2026-04-14 09:36:00,22.54,22.59,22.54,22.57,395800,8924313.0
000777.SZ,2026-04-14 09:37:00,22.57,22.59,22.55,22.57,56500,1274847.0
000777.SZ,2026-04-14 09:38:00,22.59,22.59,22.53,22.54,73500,1657940.0
000777.SZ,2026-04-14 09:39:00,22.54,22.59,22.54,22.59,18300,412816.0
000777.SZ,2026-04-14 09:40:00,22.59,22.59,22.56,22.57,29300,661544.0
000777.SZ,2026-04-14 09:41:00,22.57,22.61,22.57,22.61,23600,533220.0
000777.SZ,2026-04-14 09:42:00,22.58,22.59,22.56,22.56,51400,1161063.0
000777.SZ,2026-04-14 09:43:00,22.55,22.56,22.51,22.52,104800,2361834.0
000777.SZ,2026-04-14 09:44:00,22.51,22.52,22.51,22.52,34200,769923.0
000777.SZ,2026-04-14 09:45:00,22.55,22.55,22.5,22.5,48300,1087543.0
000777.SZ,2026-04-14 09:46:00,22.5,22.55,22.5,22.51,32280,726612.0
000777.SZ,2026-04-14 09:47:00,22.51,22.54,22.51,22.52,22400,504353.0
000777.SZ,2026-04-14 09:48:00,22.54,22.54,22.51,22.51,24300,547102.0
000777.SZ,2026-04-14 09:49:00,22.51,22.51,22.48,22.49,107120,2410167.0
000777.SZ,2026-04-14 09:50:00,22.49,22.49,22.48,22.48,53100,1194107.0
000777.SZ,2026-04-14 09:51:00,22.48,22.49,22.41,22.48,86700,1945483.0
000777.SZ,2026-04-14 09:52:00,22.48,22.52,22.47,22.52,56300,1266122.0
000777.SZ,2026-04-14 09:53:00,22.52,22.52,22.5,22.5,33700,758395.0
000777.SZ,2026-04-14 09:54:00,22.51,22.52,22.5,22.52,27000,607660.0
000777.SZ,2026-04-14 09:55:00,22.54,22.55,22.54,22.54,27300,615367.0
000777.SZ,2026-04-14 09:56:00,22.54,22.54,22.52,22.52,49700,1119448.0
000777.SZ,2026-04-14 09:57:00,22.52,22.57,22.52,22.57,64900,1463406.0
000777.SZ,2026-04-14 09:58:00,22.58,22.58,22.55,22.55,91200,2058053.0
000777.SZ,2026-04-14 09:59:00,22.55,22.55,22.53,22.54,46300,1043302.0
000777.SZ,2026-04-14 10:00:00,22.55,22.57,22.54,22.57,43000,969580.0
000777.SZ,2026-04-14 10:01:00,22.56,22.65,22.56,22.63,131700,2977509.0
000777.SZ,2026-04-14 10:02:00,22.61,22.61,22.56,22.57,141900,3205599.0
000777.SZ,2026-04-14 10:03:00,22.59,22.59,22.57,22.58,23200,523963.0
000777.SZ,2026-04-14 10:04:00,22.58,22.59,22.57,22.57,27400,618770.0
000777.SZ,2026-04-14 10:05:00,22.58,22.59,22.55,22.56,30300,683866.0
000777.SZ,2026-04-14 10:06:00,22.55,22.58,22.55,22.57,5700,128590.0
000777.SZ,2026-04-14 10:07:00,22.56,22.57,22.56,22.56,10600,239139.0
000777.SZ,2026-04-14 10:08:00,22.56,22.56,22.55,22.56,13100,295449.0
000777.SZ,2026-04-14 10:09:00,22.56,22.56,22.54,22.54,17600,396879.0
000777.SZ,2026-04-14 10:10:00,22.54,22.55,22.54,22.54,48100,1084170.0
000777.SZ,2026-04-14 10:11:00,22.53,22.54,22.52,22.53,29500,664462.0
000777.SZ,2026-04-14 10:12:00,22.52,22.52,22.51,22.52,80400,1810599.0
000777.SZ,2026-04-14 10:13:00,22.54,22.54,22.52,22.52,54200,1221163.0
000777.SZ,2026-04-14 10:14:00,22.52,22.54,22.52,22.53,12400,279435.0
000777.SZ,2026-04-14 10:15:00,22.54,22.56,22.53,22.56,17960,404947.0
000777.SZ,2026-04-14 10:16:00,22.56,22.56,22.55,22.56,4800,108272.0
000777.SZ,2026-04-14 10:17:00,22.56,22.57,22.56,22.56,10500,236890.0
000777.SZ,2026-04-14 10:18:00,22.56,22.56,22.53,22.55,41100,926499.0
000777.SZ,2026-04-14 10:19:00,22.53,22.55,22.53,22.54,12000,270496.0
000777.SZ,2026-04-14 10:20:00,22.54,22.55,22.53,22.53,43000,969550.0
000777.SZ,2026-04-14 10:21:00,22.53,22.53,22.53,22.53,10700,241073.0
000777.SZ,2026-04-14 10:22:00,22.53,22.53,22.52,22.52,18000,405436.0
000777.SZ,2026-04-14 10:23:00,22.51,22.54,22.51,22.53,76900,1731869.0
000777.SZ,2026-04-14 10:24:00,22.54,22.54,22.53,22.53,6200,139730.0
000777.SZ,2026-04-14 10:25:00,22.54,22.54,22.52,22.53,16600,374008.0
000777.SZ,2026-04-14 10:26:00,22.53,22.53,22.52,22.53,85800,1933048.0
000777.SZ,2026-04-14 10:27:00,22.52,22.59,22.52,22.59,58300,1315053.0
000777.SZ,2026-04-14 10:28:00,22.59,22.6,22.59,22.59,16600,375052.0
000777.SZ,2026-04-14 10:29:00,22.6,22.6,22.59,22.59,23500,531062.0
000777.SZ,2026-04-14 10:30:00,22.6,22.6,22.59,22.6,50800,1147814.0
000777.SZ,2026-04-14 10:31:00,22.6,22.6,22.59,22.6,26800,605610.0
000777.SZ,2026-04-14 10:32:00,22.59,22.59,22.58,22.59,71000,1603873.0
000777.SZ,2026-04-14 10:33:00,22.58,22.6,22.58,22.6,47800,1080020.0
000777.SZ,2026-04-14 10:34:00,22.6,22.62,22.6,22.62,79900,1806498.0
000777.SZ,2026-04-14 10:35:00,22.62,22.63,22.62,22.62,22500,509121.0
000777.SZ,2026-04-14 10:36:00,22.61,22.61,22.59,22.59,21400,483591.0
000777.SZ,2026-04-14 10:37:00,22.6,22.6,22.57,22.57,13900,313939.0
000777.SZ,2026-04-14 10:38:00,22.57,22.57,22.56,22.56,11000,248216.0
000777.SZ,2026-04-14 10:39:00,22.57,22.57,22.55,22.55,13200,297764.0
000777.SZ,2026-04-14 10:40:00,22.56,22.58,22.56,22.58,16200,365665.0
000777.SZ,2026-04-14 10:41:00,22.59,22.59,22.58,22.59,5600,126470.0
000777.SZ,2026-04-14 10:42:00,22.59,22.59,22.58,22.59,5000,112913.0
000777.SZ,2026-04-14 10:43:00,22.58,22.61,22.58,22.6,15300,345738.0
000777.SZ,2026-04-14 10:44:00,22.61,22.61,22.6,22.61,3400,76863.0
000777.SZ,2026-04-14 10:45:00,22.6,22.61,22.59,22.6,37300,842946.0
000777.SZ,2026-04-14 10:46:00,22.6,22.65,22.59,22.65,164000,3708736.0
000777.SZ,2026-04-14 10:47:00,22.64,22.65,22.64,22.64,14400,326020.0
000777.SZ,2026-04-14 10:48:00,22.64,22.7,22.63,22.7,159900,3624249.0
000777.SZ,2026-04-14 10:49:00,22.7,22.71,22.69,22.71,44800,1017047.0
000777.SZ,2026-04-14 10:50:00,22.71,22.71,22.64,22.64,39000,885143.0
000777.SZ,2026-04-14 10:51:00,22.66,22.68,22.66,22.68,9900,224349.0
000777.SZ,2026-04-14 10:52:00,22.68,22.7,22.66,22.69,41800,948318.0
000777.SZ,2026-04-14 10:53:00,22.69,22.69,22.66,22.66,36800,834667.0
000777.SZ,2026-04-14 10:54:00,22.67,22.68,22.65,22.65,19700,446490.0
000777.SZ,2026-04-14 10:55:00,22.65,22.66,22.65,22.66,27200,616049.0
000777.SZ,2026-04-14 10:56:00,22.65,22.65,22.63,22.65,27800,629673.0
000777.SZ,2026-04-14 10:57:00,22.63,22.65,22.62,22.62,18500,418754.0
000777.SZ,2026-04-14 10:58:00,22.62,22.65,22.62,22.62,25000,565606.0
000777.SZ,2026-04-14 10:59:00,22.62,22.62,22.58,22.58,49600,1120854.0
000777.SZ,2026-04-14 11:00:00,22.58,22.6,22.57,22.6,18062,407974.2
000777.SZ,2026-04-14 11:01:00,22.59,22.62,22.59,22.62,13800,311931.38
000777.SZ,2026-04-14 11:02:00,22.62,22.63,22.61,22.61,16400,370961.0
000777.SZ,2026-04-14 11:03:00,22.61,22.64,22.61,22.64,10000,226205.0
000777.SZ,2026-04-14 11:04:00,22.64,22.64,22.61,22.61,8200,185468.0
000777.SZ,2026-04-14 11:05:00,22.62,22.62,22.6,22.6,18300,413713.0
000777.SZ,2026-04-14 11:06:00,22.6,22.62,22.6,22.61,1900,42963.0
000777.SZ,2026-04-14 11:07:00,22.63,22.64,22.63,22.63,8900,201411.0
000777.SZ,2026-04-14 11:08:00,22.62,22.63,22.61,22.61,8300,187685.0
000777.SZ,2026-04-14 11:09:00,22.62,22.62,22.6,22.6,17500,395583.0
000777.SZ,2026-04-14 11:10:00,22.6,22.62,22.59,22.6,45600,1030370.0
000777.SZ,2026-04-14 11:11:00,22.6,22.61,22.6,22.61,10300,232795.0
000777.SZ,2026-04-14 11:12:00,22.61,22.61,22.6,22.61,13000,293895.0
000777.SZ,2026-04-14 11:13:00,22.61,22.64,22.61,22.62,37100,839306.0
000777.SZ,2026-04-14 11:14:00,22.63,22.65,22.62,22.64,16700,377891.0
000777.SZ,2026-04-14 11:15:00,22.65,22.65,22.64,22.65,4100,92844.0
000777.SZ,2026-04-14 11:16:00,22.65,22.66,22.65,22.65,10900,246946.0
000777.SZ,2026-04-14 11:17:00,22.65,22.65,22.65,22.65,2600,58900.0
000777.SZ,2026-04-14 11:18:00,22.66,22.66,22.65,22.66,11700,265082.0
000777.SZ,2026-04-14 11:19:00,22.66,22.67,22.65,22.67,6300,142800.0
000777.SZ,2026-04-14 11:20:00,22.67,22.67,22.65,22.65,7400,167707.0
000777.SZ,2026-04-14 11:21:00,22.66,22.67,22.65,22.66,4700,106507.0
000777.SZ,2026-04-14 11:22:00,22.68,22.68,22.65,22.67,8800,199423.0
000777.SZ,2026-04-14 11:23:00,22.67,22.68,22.67,22.68,9300,210895.0
000777.SZ,2026-04-14 11:24:00,22.67,22.68,22.66,22.66,2400,54410.0
000777.SZ,2026-04-14 11:25:00,22.68,22.68,22.66,22.66,18700,423973.0
000777.SZ,2026-04-14 11:26:00,22.67,22.69,22.66,22.69,12200,276672.0
000777.SZ,2026-04-14 11:27:00,22.69,22.7,22.69,22.7,31200,708070.0
000777.SZ,2026-04-14 11:28:00,22.7,22.7,22.69,22.7,9600,217903.0
000777.SZ,2026-04-14 11:29:00,22.69,22.7,22.69,22.7,39400,894076.0
000777.SZ,2026-04-14 11:30:00,22.69,22.7,22.69,22.7,16200,367706.0
000777.SZ,2026-04-14 13:01:00,22.7,22.7,22.63,22.63,87300,1980710.0
000777.SZ,2026-04-14 13:02:00,22.63,22.68,22.63,22.63,67500,1529442.0
000777.SZ,2026-04-14 13:03:00,22.62,22.65,22.62,22.65,7000,158385.0
000777.SZ,2026-04-14 13:04:00,22.64,22.65,22.64,22.64,7400,167559.0
000777.SZ,2026-04-14 13:05:00,22.63,22.64,22.63,22.63,6400,144857.0
000777.SZ,2026-04-14 13:06:00,22.64,22.65,22.63,22.65,3200,72462.0
000777.SZ,2026-04-14 13:07:00,22.66,22.66,22.61,22.61,74400,1683677.0
000777.SZ,2026-04-14 13:08:00,22.61,22.63,22.61,22.63,16300,368712.0
000777.SZ,2026-04-14 13:09:00,22.64,22.64,22.62,22.63,9700,219543.0
000777.SZ,2026-04-14 13:10:00,22.63,22.63,22.62,22.62,5400,122172.0
000777.SZ,2026-04-14 13:11:00,22.63,22.63,22.62,22.62,10500,237512.0
000777.SZ,2026-04-14 13:12:00,22.62,22.64,22.61,22.62,10000,226223.0
000777.SZ,2026-04-14 13:13:00,22.62,22.63,22.61,22.61,29900,676449.0
000777.SZ,2026-04-14 13:14:00,22.61,22.63,22.61,22.63,9000,203626.0
000777.SZ,2026-04-14 13:15:00,22.63,22.64,22.63,22.63,9300,210477.0
000777.SZ,2026-04-14 13:16:00,22.63,22.64,22.62,22.62,17100,386985.0
000777.SZ,2026-04-14 13:17:00,22.63,22.64,22.63,22.64,8700,196926.0
000777.SZ,2026-04-14 13:18:00,22.64,22.65,22.64,22.64,11000,249074.0
000777.SZ,2026-04-14 13:19:00,22.65,22.65,22.63,22.64,9600,217325.0
000777.SZ,2026-04-14 13:20:00,22.63,22.63,22.62,22.62,7000,158378.0
000777.SZ,2026-04-14 13:21:00,22.62,22.62,22.61,22.62,24500,554185.0
000777.SZ,2026-04-14 13:22:00,22.62,22.63,22.62,22.62,18300,414093.0
000777.SZ,2026-04-14 13:23:00,22.62,22.63,22.61,22.63,8700,196821.0
000777.SZ,2026-04-14 13:24:00,22.62,22.63,22.62,22.62,7900,178701.0
000777.SZ,2026-04-14 13:25:00,22.61,22.61,22.61,22.61,16200,366282.0
000777.SZ,2026-04-14 13:26:00,22.61,22.61,22.58,22.59,62000,1400946.0
000777.SZ,2026-04-14 13:27:00,22.58,22.59,22.58,22.59,21400,483305.0
000777.SZ,2026-04-14 13:28:00,22.59,22.6,22.58,22.6,9000,203315.0
000777.SZ,2026-04-14 13:29:00,22.59,22.6,22.59,22.59,7000,158148.0
000777.SZ,2026-04-14 13:30:00,22.6,22.6,22.59,22.6,12300,277965.0
000777.SZ,2026-04-14 13:31:00,22.59,22.6,22.59,22.6,7900,178516.0
000777.SZ,2026-04-14 13:32:00,22.6,22.6,22.58,22.58,53400,1206637.0
000777.SZ,2026-04-14 13:33:00,22.59,22.59,22.58,22.58,22900,517086.0
000777.SZ,2026-04-14 13:34:00,22.58,22.58,22.57,22.57,42600,961719.0
000777.SZ,2026-04-14 13:35:00,22.57,22.57,22.55,22.55,37400,843670.0
000777.SZ,2026-04-14 13:36:00,22.55,22.55,22.54,22.55,23300,525227.0
000777.SZ,2026-04-14 13:37:00,22.55,22.56,22.54,22.56,6400,144316.0
000777.SZ,2026-04-14 13:38:00,22.56,22.56,22.55,22.55,3000,67676.0
000777.SZ,2026-04-14 13:39:00,22.56,22.56,22.56,22.56,2700,60912.0
000777.SZ,2026-04-14 13:40:00,22.57,22.57,22.56,22.56,1500,33842.0
000777.SZ,2026-04-14 13:41:00,22.57,22.57,22.56,22.57,6700,151180.0
000777.SZ,2026-04-14 13:42:00,22.56,22.57,22.56,22.57,11600,261808.0
000777.SZ,2026-04-14 13:43:00,22.56,22.58,22.56,22.58,5200,117365.0
000777.SZ,2026-04-14 13:44:00,22.58,22.58,22.56,22.56,4000,90277.0
000777.SZ,2026-04-14 13:45:00,22.56,22.57,22.56,22.57,1400,31590.0
000777.SZ,2026-04-14 13:46:00,22.56,22.56,22.56,22.56,9200,207556.0
000777.SZ,2026-04-14 13:47:00,22.56,22.58,22.56,22.57,5500,124108.0
000777.SZ,2026-04-14 13:48:00,22.56,22.58,22.56,22.58,15700,354313.0
000777.SZ,2026-04-14 13:49:00,22.56,22.57,22.55,22.55,29100,656533.0
000777.SZ,2026-04-14 13:50:00,22.55,22.56,22.55,22.55,16300,367575.0
000777.SZ,2026-04-14 13:51:00,22.54,22.56,22.54,22.56,3100,69915.0
000777.SZ,2026-04-14 13:52:00,22.56,22.56,22.56,22.56,8900,200784.0
000777.SZ,2026-04-14 13:53:00,22.55,22.56,22.54,22.54,25900,583893.0
000777.SZ,2026-04-14 13:54:00,22.53,22.54,22.52,22.52,24700,556445.0
000777.SZ,2026-04-14 13:55:00,22.52,22.53,22.52,22.52,17200,387381.0
000777.SZ,2026-04-14 13:56:00,22.53,22.53,22.53,22.53,7700,173479.0
000777.SZ,2026-04-14 13:57:00,22.52,22.54,22.52,22.54,11400,256886.0
000777.SZ,2026-04-14 13:58:00,22.54,22.55,22.54,22.55,3800,85660.0
000777.SZ,2026-04-14 13:59:00,22.55,22.55,22.54,22.55,5800,130763.0
000777.SZ,2026-04-14 14:00:00,22.55,22.56,22.54,22.56,18000,405884.0
000777.SZ,2026-04-14 14:01:00,22.55,22.57,22.55,22.57,8900,200791.0
000777.SZ,2026-04-14 14:02:00,22.57,22.58,22.56,22.57,5400,121860.0
000777.SZ,2026-04-14 14:03:00,22.57,22.57,22.56,22.56,10600,239169.0
000777.SZ,2026-04-14 14:04:00,22.55,22.56,22.55,22.56,700,15787.0
000777.SZ,2026-04-14 14:05:00,22.55,22.56,22.55,22.55,5500,124026.0
000777.SZ,2026-04-14 14:06:00,22.56,22.56,22.55,22.55,6200,139862.0
000777.SZ,2026-04-14 14:07:00,22.56,22.57,22.56,22.56,10200,230115.0
000777.SZ,2026-04-14 14:08:00,22.57,22.58,22.57,22.58,12300,277666.0
000777.SZ,2026-04-14 14:09:00,22.57,22.57,22.56,22.56,6600,148958.0
000777.SZ,2026-04-14 14:10:00,22.57,22.58,22.56,22.56,7000,157983.0
000777.SZ,2026-04-14 14:11:00,22.57,22.57,22.56,22.56,12700,286550.0
000777.SZ,2026-04-14 14:12:00,22.56,22.57,22.55,22.56,4700,106032.0
000777.SZ,2026-04-14 14:13:00,22.56,22.57,22.56,22.56,4300,97021.0
000777.SZ,2026-04-14 14:14:00,22.56,22.57,22.56,22.56,11300,254935.0
000777.SZ,2026-04-14 14:15:00,22.57,22.57,22.56,22.57,36400,821465.0
000777.SZ,2026-04-14 14:16:00,22.57,22.59,22.57,22.59,5600,126434.0
000777.SZ,2026-04-14 14:17:00,22.58,22.59,22.58,22.59,3400,76796.0
000777.SZ,2026-04-14 14:18:00,22.59,22.59,22.58,22.58,10400,234854.0
000777.SZ,2026-04-14 14:19:00,22.59,22.59,22.58,22.58,1200,27097.0
000777.SZ,2026-04-14 14:20:00,22.58,22.58,22.57,22.58,5800,130916.0
000777.SZ,2026-04-14 14:21:00,22.57,22.58,22.57,22.57,1600,36121.0
000777.SZ,2026-04-14 14:22:00,22.57,22.58,22.57,22.58,7000,158025.0
000777.SZ,2026-04-14 14:23:00,22.57,22.57,22.57,22.57,14700,331844.0
000777.SZ,2026-04-14 14:24:00,22.58,22.58,22.56,22.57,10400,234752.0
000777.SZ,2026-04-14 14:25:00,22.57,22.58,22.57,22.57,14400,325028.0
000777.SZ,2026-04-14 14:26:00,22.58,22.58,22.57,22.57,2400,54189.0
000777.SZ,2026-04-14 14:27:00,22.57,22.58,22.57,22.58,5000,112894.0
000777.SZ,2026-04-14 14:28:00,22.58,22.58,22.57,22.57,23300,525938.0
000777.SZ,2026-04-14 14:29:00,22.57,22.58,22.56,22.57,9600,216682.0
000777.SZ,2026-04-14 14:30:00,22.57,22.58,22.56,22.57,3100,69962.0
000777.SZ,2026-04-14 14:31:00,22.57,22.58,22.57,22.58,6200,139955.0
000777.SZ,2026-04-14 14:32:00,22.58,22.58,22.57,22.58,19700,444659.0
000777.SZ,2026-04-14 14:33:00,22.57,22.59,22.57,22.59,17500,395221.0
000777.SZ,2026-04-14 14:34:00,22.59,22.59,22.58,22.58,40700,919186.0
000777.SZ,2026-04-14 14:35:00,22.6,22.6,22.59,22.6,9600,216946.0
000777.SZ,2026-04-14 14:36:00,22.6,22.6,22.6,22.6,14800,334477.0
000777.SZ,2026-04-14 14:37:00,22.6,22.6,22.59,22.6,7900,178530.0
000777.SZ,2026-04-14 14:38:00,22.59,22.61,22.59,22.61,27000,610182.0
000777.SZ,2026-04-14 14:39:00,22.61,22.62,22.6,22.61,23400,528994.0
000777.SZ,2026-04-14 14:40:00,22.62,22.63,22.62,22.63,38300,866481.0
000777.SZ,2026-04-14 14:41:00,22.62,22.63,22.61,22.61,29600,669543.0
000777.SZ,2026-04-14 14:42:00,22.62,22.63,22.61,22.61,21000,475005.0
000777.SZ,2026-04-14 14:43:00,22.62,22.62,22.61,22.62,18400,416179.0
000777.SZ,2026-04-14 14:44:00,22.62,22.63,22.62,22.63,47000,1063311.0
000777.SZ,2026-04-14 14:45:00,22.62,22.63,22.62,22.63,21300,481922.0
000777.SZ,2026-04-14 14:46:00,22.63,22.63,22.62,22.63,35400,800938.0
000777.SZ,2026-04-14 14:47:00,22.64,22.65,22.63,22.65,43800,991681.0
000777.SZ,2026-04-14 14:48:00,22.65,22.67,22.65,22.66,70100,1588184.0
000777.SZ,2026-04-14 14:49:00,22.66,22.69,22.66,22.68,39100,886664.0
000777.SZ,2026-04-14 14:50:00,22.68,22.69,22.67,22.68,56200,1274853.0
000777.SZ,2026-04-14 14:51:00,22.68,22.69,22.67,22.67,57500,1303830.0
000777.SZ,2026-04-14 14:52:00,22.67,22.67,22.66,22.66,33300,754671.0
000777.SZ,2026-04-14 14:53:00,22.67,22.67,22.65,22.66,79800,1808215.0
000777.SZ,2026-04-14 14:54:00,22.65,22.66,22.64,22.65,60500,1370503.0
000777.SZ,2026-04-14 14:55:00,22.65,22.66,22.64,22.65,120100,2720182.0
000777.SZ,2026-04-14 14:56:00,22.65,22.66,22.65,22.66,37000,838273.0
000777.SZ,2026-04-14 14:57:00,22.66,22.68,22.66,22.68,49800,1129097.0
000777.SZ,2026-04-14 14:58:00,22.68,22.68,22.68,22.68,0,0.0
000777.SZ,2026-04-14 14:59:00,22.68,22.68,22.68,22.68,0,0.0
000777.SZ,2026-04-14 15:00:00,22.69,22.69,22.69,22.69,116700,2647923.0
000777.SZ,2026-04-15 09:30:00,22.8,22.83,22.8,22.83,85900,1958577.0
000777.SZ,2026-04-15 09:31:00,22.82,22.99,22.82,22.95,288000,6595579.0
000777.SZ,2026-04-15 09:32:00,22.98,22.98,22.87,22.95,210500,4828024.0
000777.SZ,2026-04-15 09:33:00,22.95,23.03,22.95,23.0,324400,7456274.0
000777.SZ,2026-04-15 09:34:00,23.0,23.05,22.98,23.02,226100,5203600.0
000777.SZ,2026-04-15 09:35:00,23.03,23.03,22.95,22.95,111700,2569103.0
000777.SZ,2026-04-15 09:36:00,22.95,22.99,22.94,22.98,141100,3239161.0
000777.SZ,2026-04-15 09:37:00,22.99,22.99,22.92,22.92,114600,2630596.0
000777.SZ,2026-04-15 09:38:00,22.91,22.97,22.91,22.96,127900,2934190.0
000777.SZ,2026-04-15 09:39:00,22.96,22.97,22.93,22.94,65800,1510149.0
000777.SZ,2026-04-15 09:40:00,22.93,22.95,22.93,22.95,100300,2301791.0
000777.SZ,2026-04-15 09:41:00,22.93,22.95,22.93,22.95,59600,1367878.0
000777.SZ,2026-04-15 09:42:00,22.94,23.04,22.94,23.04,214800,4937448.0
000777.SZ,2026-04-15 09:43:00,23.03,23.1,23.03,23.1,254700,5875533.0
000777.SZ,2026-04-15 09:44:00,23.1,23.11,23.06,23.09,162000,3739975.0
000777.SZ,2026-04-15 09:45:00,23.09,23.13,23.08,23.12,147800,3414545.0
000777.SZ,2026-04-15 09:46:00,23.13,23.13,23.06,23.1,167900,3878475.0
000777.SZ,2026-04-15 09:47:00,23.11,23.12,23.08,23.09,74800,1728158.0
000777.SZ,2026-04-15 09:48:00,23.09,23.09,23.05,23.06,76600,1767246.0
000777.SZ,2026-04-15 09:49:00,23.07,23.08,23.06,23.07,33100,763596.0
000777.SZ,2026-04-15 09:50:00,23.07,23.08,23.06,23.08,46300,1067893.0
000777.SZ,2026-04-15 09:51:00,23.08,23.11,23.08,23.11,73500,1697331.0
000777.SZ,2026-04-15 09:52:00,23.1,23.11,23.1,23.1,64500,1490411.0
000777.SZ,2026-04-15 09:53:00,23.11,23.11,23.06,23.07,94200,2174743.0
000777.SZ,2026-04-15 09:54:00,23.07,23.08,23.06,23.06,21600,498322.0
000777.SZ,2026-04-15 09:55:00,23.06,23.07,23.05,23.07,117400,2707542.0
000777.SZ,2026-04-15 09:56:00,23.06,23.07,23.03,23.03,83200,1917529.0
000777.SZ,2026-04-15 09:57:00,23.02,23.04,23.01,23.01,59500,1369854.0
000777.SZ,2026-04-15 09:58:00,23.01,23.04,23.0,23.04,55800,1283799.0
000777.SZ,2026-04-15 09:59:00,23.01,23.03,22.96,22.96,47200,1085071.0
000777.SZ,2026-04-15 10:00:00,22.96,22.98,22.95,22.97,40300,925123.0
000777.SZ,2026-04-15 10:01:00,22.97,22.99,22.93,22.94,56200,1290030.0
000777.SZ,2026-04-15 10:02:00,22.94,22.97,22.94,22.97,38300,879228.0
000777.SZ,2026-04-15 10:03:00,22.97,22.97,22.96,22.97,30800,707344.0
000777.SZ,2026-04-15 10:04:00,22.97,22.97,22.93,22.95,58500,1342460.0
000777.SZ,2026-04-15 10:05:00,22.95,22.96,22.92,22.93,107200,2459337.0
000777.SZ,2026-04-15 10:06:00,22.93,22.97,22.93,22.95,25400,582941.0
000777.SZ,2026-04-15 10:07:00,22.94,22.98,22.94,22.98,26692,613114.2
000777.SZ,2026-04-15 10:08:00,22.98,23.05,22.98,23.05,72300,1663489.0
000777.SZ,2026-04-15 10:09:00,23.05,23.05,22.99,22.99,28900,665730.0
000777.SZ,2026-04-15 10:10:00,23.0,23.0,22.99,23.0,17000,391040.0
000777.SZ,2026-04-15 10:11:00,23.0,23.0,22.99,23.0,25700,591059.0
000777.SZ,2026-04-15 10:12:00,23.0,23.0,22.98,22.98,24500,563294.0
000777.SZ,2026-04-15 10:13:00,22.98,22.98,22.95,22.95,43208,992423.8
000777.SZ,2026-04-15 10:14:00,22.95,22.95,22.93,22.95,50000,1146988.0
000777.SZ,2026-04-15 10:15:00,22.94,22.97,22.94,22.95,8000,183644.0
000777.SZ,2026-04-15 10:16:00,22.95,22.96,22.95,22.96,12500,286892.0
000777.SZ,2026-04-15 10:17:00,22.95,22.96,22.95,22.95,5700,130830.0
000777.SZ,2026-04-15 10:18:00,22.95,22.98,22.95,22.97,16600,381272.0
000777.SZ,2026-04-15 10:19:00,22.96,22.97,22.96,22.96,21200,486820.0
000777.SZ,2026-04-15 10:20:00,22.96,22.97,22.96,22.96,7500,172211.0
000777.SZ,2026-04-15 10:21:00,22.97,22.97,22.96,22.96,26800,615362.0
000777.SZ,2026-04-15 10:22:00,22.96,22.96,22.93,22.94,51600,1183904.0
000777.SZ,2026-04-15 10:23:00,22.93,22.94,22.91,22.91,48900,1120966.0
000777.SZ,2026-04-15 10:24:00,22.91,22.93,22.91,22.91,49200,1127338.0
000777.SZ,2026-04-15 10:25:00,22.89,22.9,22.89,22.89,79700,1825196.0
000777.SZ,2026-04-15 10:26:00,22.89,22.91,22.89,22.9,22200,508369.0
000777.SZ,2026-04-15 10:27:00,22.9,22.91,22.89,22.89,30400,696011.0
000777.SZ,2026-04-15 10:28:00,22.9,22.9,22.89,22.9,25100,574575.0
000777.SZ,2026-04-15 10:29:00,22.9,22.92,22.9,22.92,19000,435228.0
000777.SZ,2026-04-15 10:30:00,22.92,22.92,22.9,22.9,15000,343542.0
000777.SZ,2026-04-15 10:31:00,22.9,22.91,22.9,22.91,10000,229041.0
000777.SZ,2026-04-15 10:32:00,22.91,22.91,22.89,22.9,34100,780938.0
000777.SZ,2026-04-15 10:33:00,22.89,22.9,22.89,22.9,11600,265620.0
000777.SZ,2026-04-15 10:34:00,22.9,22.9,22.86,22.86,76900,1759319.0
000777.SZ,2026-04-15 10:35:00,22.85,22.85,22.82,22.83,56300,1285594.0
000777.SZ,2026-04-15 10:36:00,22.82,22.86,22.82,22.86,24600,561823.0
000777.SZ,2026-04-15 10:37:00,22.85,22.85,22.84,22.84,24700,564368.0
000777.SZ,2026-04-15 10:38:00,22.85,22.85,22.84,22.84,18200,415735.0
000777.SZ,2026-04-15 10:39:00,22.84,22.89,22.84,22.89,42800,978119.0
000777.SZ,2026-04-15 10:40:00,22.88,22.89,22.86,22.86,5900,134986.0
000777.SZ,2026-04-15 10:41:00,22.87,22.88,22.86,22.88,8100,185280.0
000777.SZ,2026-04-15 10:42:00,22.88,22.9,22.86,22.88,23200,530748.0
000777.SZ,2026-04-15 10:43:00,22.89,22.89,22.88,22.88,17900,409587.0
000777.SZ,2026-04-15 10:44:00,22.88,22.91,22.88,22.9,16000,366261.0
000777.SZ,2026-04-15 10:45:00,22.9,22.9,22.88,22.89,15600,357228.0
000777.SZ,2026-04-15 10:46:00,22.88,22.88,22.87,22.88,21200,485005.0
000777.SZ,2026-04-15 10:47:00,22.88,22.88,22.85,22.85,25902,592221.7
000777.SZ,2026-04-15 10:48:00,22.86,22.86,22.85,22.85,25700,587395.0
000777.SZ,2026-04-15 10:49:00,22.85,22.86,22.85,22.85,11498,262740.28
000777.SZ,2026-04-15 10:50:00,22.85,22.85,22.84,22.84,21100,482019.0
000777.SZ,2026-04-15 10:51:00,22.84,22.84,22.83,22.84,8900,203265.0
000777.SZ,2026-04-15 10:52:00,22.85,22.85,22.83,22.83,18100,413444.0
000777.SZ,2026-04-15 10:53:00,22.83,22.84,22.83,22.84,30200,689476.0
000777.SZ,2026-04-15 10:54:00,22.83,22.83,22.81,22.81,10100,230475.0
000777.SZ,2026-04-15 10:55:00,22.81,22.82,22.81,22.81,9900,225861.0
000777.SZ,2026-04-15 10:56:00,22.81,22.84,22.81,22.83,21600,492887.0
000777.SZ,2026-04-15 10:57:00,22.84,22.85,22.84,22.85,11500,262691.0
000777.SZ,2026-04-15 10:58:00,22.86,22.89,22.86,22.86,27700,633411.0
000777.SZ,2026-04-15 10:59:00,22.85,22.86,22.84,22.85,22400,511844.0
000777.SZ,2026-04-15 11:00:00,22.85,22.85,22.8,22.81,68400,1560703.0
000777.SZ,2026-04-15 11:01:00,22.81,22.81,22.71,22.78,194400,4428690.0
000777.SZ,2026-04-15 11:02:00,22.78,22.78,22.76,22.76,11600,264051.0
000777.SZ,2026-04-15 11:03:00,22.77,22.78,22.76,22.77,20100,457558.0
000777.SZ,2026-04-15 11:04:00,22.77,22.78,22.77,22.77,19200,437249.0
000777.SZ,2026-04-15 11:05:00,22.78,22.78,22.74,22.74,31500,717039.0
000777.SZ,2026-04-15 11:06:00,22.73,22.74,22.7,22.72,66500,1510462.0
000777.SZ,2026-04-15 11:07:00,22.72,22.73,22.7,22.72,46100,1047295.0
000777.SZ,2026-04-15 11:08:00,22.72,22.76,22.72,22.76,21500,488711.0
000777.SZ,2026-04-15 11:09:00,22.73,22.76,22.73,22.73,31300,712049.0
000777.SZ,2026-04-15 11:10:00,22.75,22.76,22.75,22.76,5600,127432.0
000777.SZ,2026-04-15 11:11:00,22.74,22.75,22.72,22.75,30200,686490.0
000777.SZ,2026-04-15 11:12:00,22.75,22.75,22.72,22.74,4500,102310.0
000777.SZ,2026-04-15 11:13:00,22.75,22.75,22.74,22.75,6000,136490.0
000777.SZ,2026-04-15 11:14:00,22.75,22.75,22.74,22.74,8700,197847.0
000777.SZ,2026-04-15 11:15:00,22.74,22.75,22.73,22.75,10700,243320.0
000777.SZ,2026-04-15 11:16:00,22.75,22.77,22.75,22.76,11100,252620.0
000777.SZ,2026-04-15 11:17:00,22.76,22.77,22.76,22.77,6900,157093.0
000777.SZ,2026-04-15 11:18:00,22.78,22.78,22.76,22.77,39300,894555.0
000777.SZ,2026-04-15 11:19:00,22.76,22.79,22.76,22.79,6300,143460.0
000777.SZ,2026-04-15 11:20:00,22.79,22.79,22.77,22.77,6000,136710.0
000777.SZ,2026-04-15 11:21:00,22.77,22.78,22.77,22.77,24900,566982.0
000777.SZ,2026-04-15 11:22:00,22.77,22.79,22.76,22.79,10400,236910.0
000777.SZ,2026-04-15 11:23:00,22.79,22.8,22.78,22.79,21700,494513.0
000777.SZ,2026-04-15 11:24:00,22.77,22.8,22.73,22.74,70500,1604220.0
000777.SZ,2026-04-15 11:25:00,22.74,22.74,22.73,22.73,18000,409255.0
000777.SZ,2026-04-15 11:26:00,22.74,22.79,22.73,22.78,32700,743915.0
000777.SZ,2026-04-15 11:27:00,22.79,22.8,22.79,22.8,2300,52426.0
000777.SZ,2026-04-15 11:28:00,22.79,22.79,22.78,22.79,6500,148130.0
000777.SZ,2026-04-15 11:29:00,22.8,22.8,22.8,22.8,800,18240.0
000777.SZ,2026-04-15 11:30:00,22.79,22.8,22.79,22.8,3100,70669.0
000777.SZ,2026-04-15 13:01:00,22.81,22.85,22.81,22.83,24800,566026.0
000777.SZ,2026-04-15 13:02:00,22.83,22.83,22.8,22.81,63100,1439222.0
000777.SZ,2026-04-15 13:03:00,22.8,22.81,22.8,22.81,5600,127696.0
000777.SZ,2026-04-15 13:04:00,22.81,22.82,22.81,22.81,5700,130026.0
000777.SZ,2026-04-15 13:05:00,22.8,22.81,22.78,22.78,21800,496883.0
000777.SZ,2026-04-15 13:06:00,22.77,22.78,22.75,22.75,7900,179814.0
000777.SZ,2026-04-15 13:07:00,22.78,22.78,22.78,22.78,2300,52397.0
000777.SZ,2026-04-15 13:08:00,22.78,22.78,22.77,22.78,13500,307430.0
000777.SZ,2026-04-15 13:09:00,22.77,22.79,22.77,22.79,6800,154890.0
000777.SZ,2026-04-15 13:10:00,22.78,22.79,22.75,22.75,15700,357408.0
000777.SZ,2026-04-15 13:11:00,22.75,22.76,22.75,22.76,8600,195700.0
000777.SZ,2026-04-15 13:12:00,22.75,22.76,22.75,22.75,4800,109215.0
000777.SZ,2026-04-15 13:13:00,22.76,22.76,22.73,22.73,18300,416218.0
000777.SZ,2026-04-15 13:14:00,22.73,22.76,22.73,22.76,21100,480022.0
000777.SZ,2026-04-15 13:15:00,22.74,22.74,22.74,22.74,3700,84144.0
000777.SZ,2026-04-15 13:16:00,22.73,22.74,22.73,22.73,7500,170505.0
000777.SZ,2026-04-15 13:17:00,22.73,22.74,22.73,22.73,4300,97740.0
000777.SZ,2026-04-15 13:18:00,22.73,22.74,22.73,22.73,14300,325105.0
000777.SZ,2026-04-15 13:19:00,22.73,22.73,22.73,22.73,7200,163656.0
000777.SZ,2026-04-15 13:20:00,22.74,22.74,22.73,22.73,25100,570628.0
000777.SZ,2026-04-15 13:21:00,22.72,22.73,22.71,22.72,17500,397612.0
000777.SZ,2026-04-15 13:22:00,22.73,22.73,22.72,22.72,15200,345394.0
000777.SZ,2026-04-15 13:23:00,22.72,22.73,22.7,22.7,28300,642664.0
000777.SZ,2026-04-15 13:24:00,22.7,22.7,22.68,22.68,67400,1529788.0
000777.SZ,2026-04-15 13:25:00,22.68,22.68,22.66,22.66,21700,491918.0
000777.SZ,2026-04-15 13:26:00,22.66,22.67,22.65,22.67,26500,600494.0
000777.SZ,2026-04-15 13:27:00,22.67,22.69,22.67,22.69,9600,217677.0
000777.SZ,2026-04-15 13:28:00,22.69,22.7,22.68,22.68,6200,140681.0
000777.SZ,2026-04-15 13:29:00,22.68,22.68,22.67,22.68,16600,376452.0
000777.SZ,2026-04-15 13:30:00,22.68,22.69,22.67,22.69,19600,444582.0
000777.SZ,2026-04-15 13:31:00,22.69,22.69,22.68,22.69,8800,199670.0
000777.SZ,2026-04-15 13:32:00,22.7,22.73,22.7,22.73,12500,283907.0
000777.SZ,2026-04-15 13:33:00,22.73,22.73,22.72,22.73,11700,265882.0
000777.SZ,2026-04-15 13:34:00,22.74,22.75,22.72,22.73,18400,418436.0
000777.SZ,2026-04-15 13:35:00,22.73,22.8,22.73,22.79,49600,1129109.0
000777.SZ,2026-04-15 13:36:00,22.79,22.79,22.75,22.75,15900,362160.0
000777.SZ,2026-04-15 13:37:00,22.76,22.76,22.75,22.75,5800,131947.0
000777.SZ,2026-04-15 13:38:00,22.75,22.75,22.73,22.74,18900,429791.0
000777.SZ,2026-04-15 13:39:00,22.74,22.74,22.73,22.74,2900,65935.0
000777.SZ,2026-04-15 13:40:00,22.74,22.75,22.74,22.75,13200,300287.0
000777.SZ,2026-04-15 13:41:00,22.76,22.77,22.75,22.77,7800,177534.0
000777.SZ,2026-04-15 13:42:00,22.77,22.77,22.76,22.77,8700,198063.0
000777.SZ,2026-04-15 13:43:00,22.77,22.77,22.76,22.77,7000,159380.0
000777.SZ,2026-04-15 13:44:00,22.76,22.76,22.74,22.74,32600,741816.0
000777.SZ,2026-04-15 13:45:00,22.74,22.74,22.72,22.72,16600,377327.0
000777.SZ,2026-04-15 13:46:00,22.72,22.72,22.71,22.71,15700,356581.0
000777.SZ,2026-04-15 13:47:00,22.71,22.71,22.7,22.7,8500,192969.0
000777.SZ,2026-04-15 13:48:00,22.71,22.71,22.7,22.7,7200,163466.0
000777.SZ,2026-04-15 13:49:00,22.7,22.7,22.68,22.68,37800,857603.0
000777.SZ,2026-04-15 13:50:00,22.68,22.68,22.65,22.66,59900,1357455.0
000777.SZ,2026-04-15 13:51:00,22.66,22.68,22.66,22.67,25100,568794.0
000777.SZ,2026-04-15 13:52:00,22.68,22.69,22.68,22.69,6800,154238.0
000777.SZ,2026-04-15 13:53:00,22.69,22.69,22.68,22.69,1000,22688.0
000777.SZ,2026-04-15 13:54:00,22.69,22.69,22.68,22.69,14700,333511.0
000777.SZ,2026-04-15 13:55:00,22.7,22.7,22.69,22.7,4600,104406.0
000777.SZ,2026-04-15 13:56:00,22.7,22.7,22.69,22.7,5100,115766.0
000777.SZ,2026-04-15 13:57:00,22.7,22.71,22.7,22.71,5600,127148.0
000777.SZ,2026-04-15 13:58:00,22.71,22.71,22.69,22.69,8500,192965.0
000777.SZ,2026-04-15 13:59:00,22.7,22.7,22.69,22.7,33500,760152.0
000777.SZ,2026-04-15 14:00:00,22.7,22.7,22.69,22.7,8200,186134.0
000777.SZ,2026-04-15 14:01:00,22.7,22.7,22.69,22.7,5800,131655.0
000777.SZ,2026-04-15 14:02:00,22.7,22.7,22.69,22.69,8400,190657.0
000777.SZ,2026-04-15 14:03:00,22.7,22.7,22.68,22.68,17800,403878.0
000777.SZ,2026-04-15 14:04:00,22.68,22.69,22.68,22.69,11300,256295.0
000777.SZ,2026-04-15 14:05:00,22.69,22.69,22.68,22.69,3200,72590.0
000777.SZ,2026-04-15 14:06:00,22.69,22.69,22.66,22.66,80300,1820186.0
000777.SZ,2026-04-15 14:07:00,22.66,22.66,22.65,22.65,44200,1001212.0
000777.SZ,2026-04-15 14:08:00,22.66,22.66,22.63,22.65,43000,973935.0
000777.SZ,2026-04-15 14:09:00,22.65,22.66,22.64,22.66,9400,212926.0
000777.SZ,2026-04-15 14:10:00,22.65,22.65,22.64,22.65,4600,104187.0
000777.SZ,2026-04-15 14:11:00,22.65,22.65,22.63,22.63,31800,719813.0
000777.SZ,2026-04-15 14:12:00,22.63,22.63,22.62,22.63,11000,248881.0
000777.SZ,2026-04-15 14:13:00,22.64,22.64,22.62,22.62,21000,475183.0
000777.SZ,2026-04-15 14:14:00,22.63,22.63,22.61,22.61,27800,628597.0
000777.SZ,2026-04-15 14:15:00,22.6,22.62,22.6,22.6,45700,1032877.0
000777.SZ,2026-04-15 14:16:00,22.6,22.6,22.57,22.57,29200,659428.0
000777.SZ,2026-04-15 14:17:00,22.57,22.57,22.56,22.56,22600,509982.0
000777.SZ,2026-04-15 14:18:00,22.56,22.56,22.55,22.56,17700,399284.0
000777.SZ,2026-04-15 14:19:00,22.58,22.58,22.56,22.58,21900,494277.0
000777.SZ,2026-04-15 14:20:00,22.58,22.58,22.56,22.57,22400,505578.0
000777.SZ,2026-04-15 14:21:00,22.58,22.6,22.58,22.6,15000,338806.0
000777.SZ,2026-04-15 14:22:00,22.6,22.6,22.59,22.6,6700,151409.0
000777.SZ,2026-04-15 14:23:00,22.6,22.6,22.6,22.6,13800,311878.0
000777.SZ,2026-04-15 14:24:00,22.6,22.6,22.6,22.6,6700,151420.0
000777.SZ,2026-04-15 14:25:00,22.6,22.6,22.57,22.57,48600,1097697.0
000777.SZ,2026-04-15 14:26:00,22.57,22.57,22.56,22.56,2300,51909.0
000777.SZ,2026-04-15 14:27:00,22.57,22.57,22.56,22.56,11000,248230.0
000777.SZ,2026-04-15 14:28:00,22.57,22.58,22.56,22.57,8800,198632.0
000777.SZ,2026-04-15 14:29:00,22.57,22.58,22.57,22.57,24325,549090.25
000777.SZ,2026-04-15 14:30:00,22.59,22.59,22.57,22.58,8900,200994.0
000777.SZ,2026-04-15 14:31:00,22.59,22.59,22.57,22.57,15500,350002.0
000777.SZ,2026-04-15 14:32:00,22.57,22.58,22.57,22.58,28200,636475.0
000777.SZ,2026-04-15 14:33:00,22.57,22.57,22.57,22.57,4200,94798.0
000777.SZ,2026-04-15 14:34:00,22.57,22.57,22.56,22.56,24500,552913.0
000777.SZ,2026-04-15 14:35:00,22.56,22.56,22.53,22.53,93600,2110770.0
000777.SZ,2026-04-15 14:36:00,22.53,22.53,22.51,22.52,26300,592297.0
000777.SZ,2026-04-15 14:37:00,22.52,22.53,22.52,22.53,12500,281608.0
000777.SZ,2026-04-15 14:38:00,22.52,22.53,22.52,22.52,15600,351310.0
000777.SZ,2026-04-15 14:39:00,22.52,22.53,22.51,22.51,21800,490913.0
000777.SZ,2026-04-15 14:40:00,22.52,22.53,22.52,22.53,43700,984301.0
000777.SZ,2026-04-15 14:41:00,22.53,22.55,22.52,22.55,26300,592559.0
000777.SZ,2026-04-15 14:42:00,22.54,22.54,22.53,22.54,7100,160024.0
000777.SZ,2026-04-15 14:43:00,22.53,22.54,22.53,22.53,14700,331240.0
000777.SZ,2026-04-15 14:44:00,22.55,22.56,22.54,22.55,69600,1569043.0
000777.SZ,2026-04-15 14:45:00,22.56,22.56,22.53,22.54,23500,529704.0
000777.SZ,2026-04-15 14:46:00,22.54,22.54,22.53,22.54,24500,552070.0
000777.SZ,2026-04-15 14:47:00,22.54,22.54,22.53,22.53,43800,986925.0
000777.SZ,2026-04-15 14:48:00,22.54,22.54,22.52,22.53,46100,1038665.0
000777.SZ,2026-04-15 14:49:00,22.53,22.53,22.52,22.53,26800,603676.0
000777.SZ,2026-04-15 14:50:00,22.54,22.54,22.52,22.52,29824,671793.5
000777.SZ,2026-04-15 14:51:00,22.53,22.55,22.52,22.54,87300,1966998.0
000777.SZ,2026-04-15 14:52:00,22.55,22.55,22.53,22.54,23700,534118.0
000777.SZ,2026-04-15 14:53:00,22.54,22.56,22.53,22.56,24900,561577.0
000777.SZ,2026-04-15 14:54:00,22.56,22.57,22.54,22.55,57300,1292163.0
000777.SZ,2026-04-15 14:55:00,22.55,22.58,22.55,22.58,33500,755941.0
000777.SZ,2026-04-15 14:56:00,22.57,22.59,22.57,22.59,32700,738269.0
000777.SZ,2026-04-15 14:57:00,22.58,22.6,22.57,22.58,51300,1158563.0
000777.SZ,2026-04-15 14:58:00,22.58,22.58,22.58,22.58,0,0.0
000777.SZ,2026-04-15 14:59:00,22.58,22.58,22.58,22.58,0,0.0
000777.SZ,2026-04-15 15:00:00,22.6,22.6,22.6,22.6,80500,1819300.0
000777.SZ,2026-04-16 09:30:00,22.59,22.7,22.59,22.7,16300,368761.0
000777.SZ,2026-04-16 09:31:00,22.7,22.74,22.65,22.69,88000,1995146.0
000777.SZ,2026-04-16 09:32:00,22.68,22.7,22.57,22.61,69200,1567507.0
000777.SZ,2026-04-16 09:33:00,22.57,22.59,22.51,22.54,78700,1774400.0
000777.SZ,2026-04-16 09:34:00,22.54,22.62,22.54,22.6,100400,2268570.0
000777.SZ,2026-04-16 09:35:00,22.62,22.7,22.61,22.69,69200,1568222.0
000777.SZ,2026-04-16 09:36:00,22.68,22.7,22.63,22.63,124600,2824741.0
000777.SZ,2026-04-16 09:37:00,22.63,22.65,22.61,22.61,27800,629052.0
000777.SZ,2026-04-16 09:38:00,22.6,22.6,22.58,22.58,39800,898698.0
000777.SZ,2026-04-16 09:39:00,22.58,22.58,22.53,22.54,33400,753303.0
000777.SZ,2026-04-16 09:40:00,22.54,22.61,22.53,22.61,61000,1376256.0
000777.SZ,2026-04-16 09:41:00,22.6,22.69,22.6,22.68,16700,378100.0
000777.SZ,2026-04-16 09:42:00,22.65,22.65,22.61,22.63,28000,633902.0
000777.SZ,2026-04-16 09:43:00,22.61,22.68,22.61,22.66,23600,534473.0
000777.SZ,2026-04-16 09:44:00,22.68,22.68,22.64,22.64,9700,219738.0
000777.SZ,2026-04-16 09:45:00,22.63,22.63,22.62,22.63,9000,203658.0
000777.SZ,2026-04-16 09:46:00,22.63,22.66,22.63,22.65,19600,443741.0
000777.SZ,2026-04-16 09:47:00,22.66,22.69,22.65,22.68,46700,1058819.0
000777.SZ,2026-04-16 09:48:00,22.68,22.74,22.68,22.74,91200,2070472.0
000777.SZ,2026-04-16 09:49:00,22.74,22.74,22.7,22.73,33900,770330.0
000777.SZ,2026-04-16 09:50:00,22.73,22.75,22.73,22.74,50800,1155349.0
000777.SZ,2026-04-16 09:51:00,22.75,22.75,22.67,22.67,70500,1601213.0
000777.SZ,2026-04-16 09:52:00,22.67,22.68,22.66,22.66,32500,736843.0
000777.SZ,2026-04-16 09:53:00,22.66,22.67,22.65,22.66,138000,3122853.0
000777.SZ,2026-04-16 09:54:00,22.66,22.66,22.58,22.63,99100,2238311.0
000777.SZ,2026-04-16 09:55:00,22.6,22.63,22.58,22.61,60400,1365017.0
000777.SZ,2026-04-16 09:56:00,22.62,22.62,22.6,22.61,16500,373027.0
000777.SZ,2026-04-16 09:57:00,22.6,22.64,22.6,22.64,31800,719185.0
000777.SZ,2026-04-16 09:58:00,22.61,22.64,22.61,22.64,9800,221747.0
000777.SZ,2026-04-16 09:59:00,22.62,22.65,22.61,22.65,35200,796508.0
000777.SZ,2026-04-16 10:00:00,22.63,22.65,22.62,22.65,10900,246690.0
000777.SZ,2026-04-16 10:01:00,22.65,22.66,22.64,22.66,10700,242338.0
000777.SZ,2026-04-16 10:02:00,22.65,22.67,22.65,22.67,34500,781797.0
000777.SZ,2026-04-16 10:03:00,22.67,22.67,22.66,22.66,16000,362646.0
000777.SZ,2026-04-16 10:04:00,22.66,22.66,22.65,22.66,6800,154047.0
000777.SZ,2026-04-16 10:05:00,22.67,22.7,22.66,22.7,41500,941050.0
000777.SZ,2026-04-16 10:06:00,22.69,22.72,22.69,22.72,29400,667326.0
000777.SZ,2026-04-16 10:07:00,22.7,22.71,22.69,22.7,31200,708140.0
000777.SZ,2026-04-16 10:08:00,22.69,22.7,22.68,22.68,9100,206477.0
000777.SZ,2026-04-16 10:09:00,22.65,22.69,22.65,22.69,26800,607762.0
000777.SZ,2026-04-16 10:10:00,22.67,22.67,22.66,22.66,22500,509729.0
000777.SZ,2026-04-16 10:11:00,22.64,22.68,22.64,22.68,14290,323824.2
000777.SZ,2026-04-16 10:12:00,22.68,22.68,22.66,22.66,13110,297089.8
000777.SZ,2026-04-16 10:13:00,22.66,22.67,22.65,22.65,5000,113268.0
000777.SZ,2026-04-16 10:14:00,22.66,22.66,22.66,22.66,14700,333087.0
000777.SZ,2026-04-16 10:15:00,22.65,22.67,22.64,22.66,39300,890144.0
000777.SZ,2026-04-16 10:16:00,22.65,22.66,22.65,22.65,6600,149519.0
000777.SZ,2026-04-16 10:17:00,22.66,22.66,22.64,22.64,16900,382781.0
000777.SZ,2026-04-16 10:18:00,22.65,22.65,22.63,22.63,24200,547629.0
000777.SZ,2026-04-16 10:19:00,22.63,22.65,22.63,22.65,17800,403033.0
000777.SZ,2026-04-16 10:20:00,22.64,22.65,22.64,22.64,12100,273980.0
000777.SZ,2026-04-16 10:21:00,22.64,22.64,22.63,22.64,16300,368992.0
000777.SZ,2026-04-16 10:22:00,22.64,22.64,22.63,22.64,13200,298754.0
000777.SZ,2026-04-16 10:23:00,22.66,22.66,22.64,22.66,5500,124579.0
000777.SZ,2026-04-16 10:24:00,22.65,22.65,22.64,22.64,10000,226440.0
000777.SZ,2026-04-16 10:25:00,22.64,22.64,22.62,22.62,10000,226266.0
000777.SZ,2026-04-16 10:26:00,22.63,22.63,22.62,22.63,7500,169719.0
000777.SZ,2026-04-16 10:27:00,22.63,22.63,22.62,22.63,13800,312224.0
000777.SZ,2026-04-16 10:28:00,22.62,22.62,22.58,22.61,113200,2558504.0
000777.SZ,2026-04-16 10:29:00,22.53,22.6,22.53,22.57,117000,2638393.0
000777.SZ,2026-04-16 10:30:00,22.56,22.58,22.56,22.57,59300,1338073.0
000777.SZ,2026-04-16 10:31:00,22.56,22.6,22.56,22.58,46100,1040860.0
000777.SZ,2026-04-16 10:32:00,22.59,22.62,22.59,22.62,17600,397755.0
000777.SZ,2026-04-16 10:33:00,22.6,22.62,22.6,22.62,11600,262389.0
000777.SZ,2026-04-16 10:34:00,22.61,22.62,22.6,22.6,8700,196653.0
000777.SZ,2026-04-16 10:35:00,22.6,22.61,22.6,22.61,7900,178576.0
000777.SZ,2026-04-16 10:36:00,22.6,22.61,22.59,22.61,24900,562763.0
000777.SZ,2026-04-16 10:37:00,22.6,22.61,22.6,22.6,51100,1154870.0
000777.SZ,2026-04-16 10:38:00,22.6,22.61,22.6,22.61,56700,1281458.0
000777.SZ,2026-04-16 10:39:00,22.61,22.61,22.6,22.61,4400,99455.0
000777.SZ,2026-04-16 10:40:00,22.6,22.62,22.6,22.62,18500,418366.0
000777.SZ,2026-04-16 10:41:00,22.62,22.62,22.62,22.62,4700,106314.0
000777.SZ,2026-04-16 10:42:00,22.63,22.63,22.61,22.61,26100,590227.0
000777.SZ,2026-04-16 10:43:00,22.61,22.63,22.6,22.62,16212,366515.3
000777.SZ,2026-04-16 10:44:00,22.61,22.62,22.6,22.6,22988,519852.7
000777.SZ,2026-04-16 10:45:00,22.6,22.61,22.59,22.6,29200,659828.0
000777.SZ,2026-04-16 10:46:00,22.6,22.6,22.59,22.59,18900,426998.0
000777.SZ,2026-04-16 10:47:00,22.59,22.6,22.59,22.6,6000,135568.0
000777.SZ,2026-04-16 10:48:00,22.59,22.59,22.58,22.58,37100,837764.0
000777.SZ,2026-04-16 10:49:00,22.59,22.59,22.58,22.59,8300,187438.0
000777.SZ,2026-04-16 10:50:00,22.59,22.6,22.58,22.6,6500,146835.0
000777.SZ,2026-04-16 10:51:00,22.59,22.61,22.58,22.6,26400,596567.0
000777.SZ,2026-04-16 10:52:00,22.6,22.6,22.59,22.59,12500,282433.0
000777.SZ,2026-04-16 10:53:00,22.59,22.6,22.58,22.59,12400,280144.0
000777.SZ,2026-04-16 10:54:00,22.58,22.6,22.58,22.6,8500,191970.0
000777.SZ,2026-04-16 10:55:00,22.59,22.59,22.57,22.57,24900,562165.0
000777.SZ,2026-04-16 10:56:00,22.57,22.59,22.56,22.59,7200,162532.0
000777.SZ,2026-04-16 10:57:00,22.58,22.59,22.57,22.57,23100,521605.0
000777.SZ,2026-04-16 10:58:00,22.58,22.6,22.57,22.6,24800,559889.0
000777.SZ,2026-04-16 10:59:00,22.6,22.6,22.59,22.6,20000,451947.0
000777.SZ,2026-04-16 11:00:00,22.61,22.61,22.6,22.6,9800,221503.0
000777.SZ,2026-04-16 11:01:00,22.6,22.61,22.6,22.6,22200,501727.0
000777.SZ,2026-04-16 11:02:00,22.59,22.61,22.59,22.61,5700,128832.0
000777.SZ,2026-04-16 11:03:00,22.6,22.6,22.59,22.59,18100,408958.0
000777.SZ,2026-04-16 11:04:00,22.6,22.6,22.59,22.59,5600,126511.0
000777.SZ,2026-04-16 11:05:00,22.6,22.6,22.59,22.6,15100,341126.0
000777.SZ,2026-04-16 11:06:00,22.6,22.6,22.59,22.59,57800,1305732.0
000777.SZ,2026-04-16 11:07:00,22.59,22.63,22.59,22.63,156712,3542038.2
000777.SZ,2026-04-16 11:08:00,22.62,22.64,22.62,22.64,24200,547734.0
000777.SZ,2026-04-16 11:09:00,22.64,22.65,22.64,22.65,19600,443857.0
000777.SZ,2026-04-16 11:10:00,22.65,22.65,22.63,22.64,22400,507258.0
000777.SZ,2026-04-16 11:11:00,22.64,22.64,22.62,22.62,3200,72424.0
000777.SZ,2026-04-16 11:12:00,22.64,22.64,22.62,22.62,5600,126733.0
000777.SZ,2026-04-16 11:13:00,22.62,22.62,22.61,22.61,15000,339201.0
000777.SZ,2026-04-16 11:14:00,22.6,22.62,22.6,22.62,3500,79146.0
000777.SZ,2026-04-16 11:15:00,22.62,22.63,22.6,22.62,12600,284972.0
000777.SZ,2026-04-16 11:16:00,22.63,22.63,22.62,22.63,4500,101833.0
000777.SZ,2026-04-16 11:17:00,22.64,22.64,22.63,22.64,700,15846.0
000777.SZ,2026-04-16 11:18:00,22.64,22.64,22.64,22.64,9000,203760.0
000777.SZ,2026-04-16 11:19:00,22.65,22.65,22.63,22.64,10800,244583.0
000777.SZ,2026-04-16 11:20:00,22.63,22.63,22.63,22.63,4400,99572.0
000777.SZ,2026-04-16 11:21:00,22.64,22.64,22.63,22.63,7300,165206.0
000777.SZ,2026-04-16 11:22:00,22.63,22.64,22.63,22.64,4500,101847.0
000777.SZ,2026-04-16 11:23:00,22.64,22.64,22.63,22.64,17700,400724.0
000777.SZ,2026-04-16 11:24:00,22.63,22.65,22.63,22.64,17600,398542.0
000777.SZ,2026-04-16 11:25:00,22.64,22.65,22.63,22.65,6100,138095.0
000777.SZ,2026-04-16 11:26:00,22.65,22.65,22.63,22.63,14900,337291.0
000777.SZ,2026-04-16 11:27:00,22.63,22.63,22.63,22.63,1600,36208.0
000777.SZ,2026-04-16 11:28:00,22.63,22.64,22.63,22.64,16500,373435.0
000777.SZ,2026-04-16 11:29:00,22.64,22.65,22.64,22.65,2100,47562.0
000777.SZ,2026-04-16 11:30:00,22.64,22.65,22.64,22.64,14500,328373.0
000777.SZ,2026-04-16 13:01:00,22.64,22.66,22.63,22.65,93200,2110215.0
000777.SZ,2026-04-16 13:02:00,22.64,22.64,22.63,22.64,9700,219558.0
000777.SZ,2026-04-16 13:03:00,22.64,22.64,22.63,22.64,17100,387023.0
000777.SZ,2026-04-16 13:04:00,22.62,22.71,22.62,22.71,127300,2887823.0
000777.SZ,2026-04-16 13:05:00,22.71,22.71,22.66,22.67,50600,1148121.0
000777.SZ,2026-04-16 13:06:00,22.67,22.69,22.67,22.68,63700,1444606.0
000777.SZ,2026-04-16 13:07:00,22.68,22.69,22.66,22.68,10700,242605.0
000777.SZ,2026-04-16 13:08:00,22.7,22.7,22.67,22.67,19300,437689.0
000777.SZ,2026-04-16 13:09:00,22.67,22.67,22.65,22.65,26000,589299.0
000777.SZ,2026-04-16 13:10:00,22.65,22.65,22.64,22.64,9900,224185.0
000777.SZ,2026-04-16 13:11:00,22.65,22.65,22.63,22.64,8000,181106.0
000777.SZ,2026-04-16 13:12:00,22.61,22.65,22.61,22.65,26600,602135.0
000777.SZ,2026-04-16 13:13:00,22.65,22.66,22.65,22.66,13800,312608.0
000777.SZ,2026-04-16 13:14:00,22.65,22.67,22.65,22.65,4800,108762.0
000777.SZ,2026-04-16 13:15:00,22.66,22.66,22.65,22.65,8400,190264.0
000777.SZ,2026-04-16 13:16:00,22.65,22.65,22.64,22.64,7500,169869.0
000777.SZ,2026-04-16 13:17:00,22.65,22.65,22.63,22.63,16500,373632.0
000777.SZ,2026-04-16 13:18:00,22.63,22.65,22.63,22.63,7500,169793.0
000777.SZ,2026-04-16 13:19:00,22.64,22.64,22.63,22.64,8100,183313.0
000777.SZ,2026-04-16 13:20:00,22.64,22.64,22.63,22.64,13600,307796.0
000777.SZ,2026-04-16 13:21:00,22.63,22.64,22.63,22.64,12600,285176.0
000777.SZ,2026-04-16 13:22:00,22.64,22.64,22.62,22.63,17400,393733.0
000777.SZ,2026-04-16 13:23:00,22.63,22.64,22.63,22.63,2000,45269.0
000777.SZ,2026-04-16 13:24:00,22.63,22.64,22.63,22.63,15100,341801.0
000777.SZ,2026-04-16 13:25:00,22.62,22.63,22.62,22.62,11800,266969.0
000777.SZ,2026-04-16 13:26:00,22.62,22.63,22.62,22.63,9000,203608.0
000777.SZ,2026-04-16 13:27:00,22.62,22.63,22.61,22.62,22700,513480.0
000777.SZ,2026-04-16 13:28:00,22.62,22.62,22.61,22.62,10200,230699.0
000777.SZ,2026-04-16 13:29:00,22.62,22.63,22.62,22.63,4200,95008.0
000777.SZ,2026-04-16 13:30:00,22.63,22.63,22.62,22.62,4000,90486.0
000777.SZ,2026-04-16 13:31:00,22.63,22.64,22.63,22.63,9900,224038.0
000777.SZ,2026-04-16 13:32:00,22.65,22.65,22.63,22.63,35800,810724.0
000777.SZ,2026-04-16 13:33:00,22.64,22.65,22.64,22.65,14900,337338.0
000777.SZ,2026-04-16 13:34:00,22.64,22.64,22.64,22.64,2900,65656.0
000777.SZ,2026-04-16 13:35:00,22.65,22.65,22.64,22.65,14000,317069.0
000777.SZ,2026-04-16 13:36:00,22.65,22.66,22.65,22.66,5900,133626.0
000777.SZ,2026-04-16 13:37:00,22.66,22.67,22.66,22.67,5900,133737.0
000777.SZ,2026-04-16 13:38:00,22.67,22.68,22.65,22.66,23200,525766.0
000777.SZ,2026-04-16 13:39:00,22.65,22.65,22.64,22.64,15900,360014.0
000777.SZ,2026-04-16 13:40:00,22.64,22.64,22.64,22.64,1100,24905.0
000777.SZ,2026-04-16 13:41:00,22.64,22.64,22.64,22.64,3100,70184.0
000777.SZ,2026-04-16 13:42:00,22.64,22.65,22.64,22.64,6600,149456.0
000777.SZ,2026-04-16 13:43:00,22.64,22.65,22.64,22.64,7900,178857.0
000777.SZ,2026-04-16 13:44:00,22.64,22.64,22.62,22.62,42300,957227.0
000777.SZ,2026-04-16 13:45:00,22.62,22.63,22.62,22.62,10500,237512.0
000777.SZ,2026-04-16 13:46:00,22.62,22.63,22.62,22.63,20100,454825.0
000777.SZ,2026-04-16 13:47:00,22.63,22.64,22.62,22.64,11100,251194.0
000777.SZ,2026-04-16 13:48:00,22.64,22.65,22.64,22.65,8400,190252.0
000777.SZ,2026-04-16 13:49:00,22.65,22.65,22.64,22.65,2400,54349.0
000777.SZ,2026-04-16 13:50:00,22.64,22.65,22.64,22.65,12700,287620.0
000777.SZ,2026-04-16 13:51:00,22.64,22.65,22.64,22.64,11100,251329.0
000777.SZ,2026-04-16 13:52:00,22.64,22.66,22.64,22.65,11900,269476.0
000777.SZ,2026-04-16 13:53:00,22.65,22.65,22.64,22.65,4300,97386.0
000777.SZ,2026-04-16 13:54:00,22.65,22.66,22.65,22.66,19200,434968.0
000777.SZ,2026-04-16 13:55:00,22.66,22.67,22.66,22.67,12300,278833.0
000777.SZ,2026-04-16 13:56:00,22.68,22.68,22.67,22.67,12700,287920.0
000777.SZ,2026-04-16 13:57:00,22.67,22.68,22.66,22.67,21800,494171.0
000777.SZ,2026-04-16 13:58:00,22.66,22.67,22.66,22.66,4000,90648.0
000777.SZ,2026-04-16 13:59:00,22.66,22.66,22.66,22.66,16300,369368.0
000777.SZ,2026-04-16 14:00:00,22.67,22.68,22.66,22.67,17100,387649.0
000777.SZ,2026-04-16 14:01:00,22.67,22.68,22.66,22.67,7700,174530.0
000777.SZ,2026-04-16 14:02:00,22.67,22.67,22.66,22.67,38300,868075.0
000777.SZ,2026-04-16 14:03:00,22.67,22.67,22.65,22.66,9000,203974.0
000777.SZ,2026-04-16 14:04:00,22.67,22.67,22.65,22.65,14900,337538.0
000777.SZ,2026-04-16 14:05:00,22.66,22.66,22.65,22.65,13700,310313.0
000777.SZ,2026-04-16 14:06:00,22.65,22.66,22.64,22.65,12300,278607.0
000777.SZ,2026-04-16 14:07:00,22.66,22.66,22.65,22.66,9000,203909.0
000777.SZ,2026-04-16 14:08:00,22.66,22.66,22.66,22.66,6800,154088.0
000777.SZ,2026-04-16 14:09:00,22.66,22.67,22.66,22.66,25500,577899.0
000777.SZ,2026-04-16 14:10:00,22.66,22.67,22.66,22.67,14300,324113.0
000777.SZ,2026-04-16 14:11:00,22.67,22.68,22.66,22.68,17700,401310.0
000777.SZ,2026-04-16 14:12:00,22.68,22.68,22.67,22.67,5600,127004.0
000777.SZ,2026-04-16 14:13:00,22.68,22.68,22.67,22.68,14300,324306.0
000777.SZ,2026-04-16 14:14:00,22.67,22.68,22.66,22.66,25500,578049.0
000777.SZ,2026-04-16 14:15:00,22.67,22.68,22.66,22.67,20800,471528.0
000777.SZ,2026-04-16 14:16:00,22.67,22.68,22.67,22.67,13000,294726.0
000777.SZ,2026-04-16 14:17:00,22.67,22.68,22.67,22.68,28700,650907.0
000777.SZ,2026-04-16 14:18:00,22.67,22.68,22.67,22.68,18300,414958.0
000777.SZ,2026-04-16 14:19:00,22.68,22.68,22.68,22.68,14400,326592.0
000777.SZ,2026-04-16 14:20:00,22.68,22.68,22.67,22.67,17100,387783.0
000777.SZ,2026-04-16 14:21:00,22.67,22.68,22.67,22.68,26400,598497.4
000777.SZ,2026-04-16 14:22:00,22.67,22.68,22.67,22.68,2100,47620.0
000777.SZ,2026-04-16 14:23:00,22.68,22.68,22.67,22.68,17000,385495.0
000777.SZ,2026-04-16 14:24:00,22.68,22.68,22.66,22.66,38800,879617.0
000777.SZ,2026-04-16 14:25:00,22.67,22.68,22.67,22.67,9400,213109.0
000777.SZ,2026-04-16 14:26:00,22.67,22.68,22.67,22.68,12600,285722.0
000777.SZ,2026-04-16 14:27:00,22.67,22.68,22.67,22.68,50900,1154392.0
000777.SZ,2026-04-16 14:28:00,22.67,22.67,22.66,22.66,28900,655157.0
000777.SZ,2026-04-16 14:29:00,22.66,22.67,22.66,22.67,20400,462406.0
000777.SZ,2026-04-16 14:30:00,22.66,22.67,22.66,22.66,29800,675355.0
000777.SZ,2026-04-16 14:31:00,22.67,22.67,22.66,22.67,22900,519125.0
000777.SZ,2026-04-16 14:32:00,22.68,22.68,22.67,22.67,19200,435419.0
000777.SZ,2026-04-16 14:33:00,22.67,22.68,22.67,22.67,24800,562237.0
000777.SZ,2026-04-16 14:34:00,22.68,22.68,22.67,22.67,18000,408108.0
000777.SZ,2026-04-16 14:35:00,22.67,22.67,22.67,22.67,12600,285649.0
000777.SZ,2026-04-16 14:36:00,22.67,22.68,22.67,22.67,36000,816289.0
000777.SZ,2026-04-16 14:37:00,22.68,22.68,22.68,22.68,20500,464913.0
000777.SZ,2026-04-16 14:38:00,22.68,22.68,22.67,22.68,11900,269815.0
000777.SZ,2026-04-16 14:39:00,22.67,22.68,22.67,22.68,15600,353665.0
000777.SZ,2026-04-16 14:40:00,22.68,22.68,22.67,22.67,14600,331017.0
000777.SZ,2026-04-16 14:41:00,22.67,22.68,22.67,22.67,31200,707460.0
000777.SZ,2026-04-16 14:42:00,22.67,22.68,22.67,22.67,57000,1292493.0
000777.SZ,2026-04-16 14:43:00,22.68,22.68,22.67,22.67,21800,494355.0
000777.SZ,2026-04-16 14:44:00,22.67,22.68,22.67,22.68,73900,1675980.0
000777.SZ,2026-04-16 14:45:00,22.67,22.69,22.67,22.69,13600,308416.4
000777.SZ,2026-04-16 14:46:00,22.67,22.69,22.67,22.68,30300,687219.0
000777.SZ,2026-04-16 14:47:00,22.68,22.69,22.67,22.68,14300,324287.0
000777.SZ,2026-04-16 14:48:00,22.67,22.68,22.66,22.66,101700,2305804.0
000777.SZ,2026-04-16 14:49:00,22.65,22.67,22.65,22.65,103500,2345407.0
000777.SZ,2026-04-16 14:50:00,22.66,22.67,22.65,22.66,35900,813482.0
000777.SZ,2026-04-16 14:51:00,22.66,22.67,22.66,22.67,35700,809086.0
000777.SZ,2026-04-16 14:52:00,22.66,22.67,22.66,22.67,113500,2572128.0
000777.SZ,2026-04-16 14:53:00,22.66,22.66,22.65,22.66,30800,697844.0
000777.SZ,2026-04-16 14:54:00,22.65,22.67,22.65,22.65,35900,813472.0
000777.SZ,2026-04-16 14:55:00,22.66,22.66,22.65,22.65,44600,1010396.0
000777.SZ,2026-04-16 14:56:00,22.65,22.66,22.65,22.66,37100,840489.0
000777.SZ,2026-04-16 14:57:00,22.66,22.67,22.65,22.66,46300,1049113.0
000777.SZ,2026-04-16 14:58:00,22.66,22.66,22.66,22.66,0,0.0
000777.SZ,2026-04-16 14:59:00,22.66,22.66,22.66,22.66,0,0.0
000777.SZ,2026-04-16 15:00:00,22.67,22.67,22.67,22.67,125700,2849619.0
000777.SZ,2026-04-17 09:30:00,22.68,22.68,22.6,22.65,20600,467011.0
000777.SZ,2026-04-17 09:31:00,22.65,22.65,22.57,22.58,69200,1564794.0
000777.SZ,2026-04-17 09:32:00,22.58,22.58,22.56,22.57,51700,1167130.0
000777.SZ,2026-04-17 09:33:00,22.56,22.57,22.53,22.55,112000,2526127.0
000777.SZ,2026-04-17 09:34:00,22.56,22.63,22.54,22.63,58700,1326199.0
000777.SZ,2026-04-17 09:35:00,22.62,22.65,22.6,22.63,29800,674314.0
000777.SZ,2026-04-17 09:36:00,22.62,22.65,22.62,22.65,11600,262586.0
000777.SZ,2026-04-17 09:37:00,22.65,22.65,22.63,22.64,17600,398452.0
000777.SZ,2026-04-17 09:38:00,22.64,22.64,22.61,22.61,20788,470253.7
000777.SZ,2026-04-17 09:39:00,22.63,22.68,22.63,22.68,57400,1300263.0
000777.SZ,2026-04-17 09:40:00,22.68,22.68,22.6,22.61,69212,1566650.4
000777.SZ,2026-04-17 09:41:00,22.61,22.61,22.57,22.58,95600,2160657.0
000777.SZ,2026-04-17 09:42:00,22.58,22.59,22.56,22.56,64300,1451409.0
000777.SZ,2026-04-17 09:43:00,22.56,22.57,22.55,22.55,75600,1705072.0
000777.SZ,2026-04-17 09:44:00,22.55,22.56,22.52,22.53,80700,1818878.0
000777.SZ,2026-04-17 09:45:00,22.52,22.54,22.52,22.52,37900,853643.0
000777.SZ,2026-04-17 09:46:00,22.53,22.55,22.53,22.55,26000,585889.0
000777.SZ,2026-04-17 09:47:00,22.54,22.56,22.53,22.53,37800,852025.0
000777.SZ,2026-04-17 09:48:00,22.54,22.54,22.52,22.52,48000,1081705.0
000777.SZ,2026-04-17 09:49:00,22.53,22.53,22.51,22.52,83188,1873416.9
000777.SZ,2026-04-17 09:50:00,22.51,22.57,22.51,22.57,65200,1468998.0
000777.SZ,2026-04-17 09:51:00,22.58,22.58,22.56,22.56,18900,426694.0
000777.SZ,2026-04-17 09:52:00,22.56,22.57,22.54,22.56,24100,543662.0
000777.SZ,2026-04-17 09:53:00,22.56,22.56,22.53,22.53,29800,671597.0
000777.SZ,2026-04-17 09:54:00,22.54,22.54,22.52,22.53,29600,667037.0
000777.SZ,2026-04-17 09:55:00,22.53,22.55,22.46,22.47,426712,9607630.0
000777.SZ,2026-04-17 09:56:00,22.47,22.47,22.43,22.43,89400,2006969.6
000777.SZ,2026-04-17 09:57:00,22.44,22.46,22.42,22.45,56000,1256794.0
000777.SZ,2026-04-17 09:58:00,22.45,22.45,22.43,22.43,116000,2603111.0
000777.SZ,2026-04-17 09:59:00,22.43,22.43,22.41,22.42,46400,1040281.0
000777.SZ,2026-04-17 10:00:00,22.41,22.42,22.4,22.41,105700,2369112.0
000777.SZ,2026-04-17 10:01:00,22.42,22.44,22.42,22.42,26900,603207.0
000777.SZ,2026-04-17 10:02:00,22.42,22.43,22.41,22.41,38000,851823.0
000777.SZ,2026-04-17 10:03:00,22.41,22.42,22.4,22.4,50800,1138359.0
000777.SZ,2026-04-17 10:04:00,22.4,22.41,22.39,22.39,79800,1787549.0
000777.SZ,2026-04-17 10:05:00,22.39,22.41,22.39,22.41,55500,1243072.0
000777.SZ,2026-04-17 10:06:00,22.41,22.41,22.4,22.4,48200,1079813.0
000777.SZ,2026-04-17 10:07:00,22.4,22.41,22.39,22.4,21300,477190.0
000777.SZ,2026-04-17 10:08:00,22.41,22.41,22.37,22.37,145500,3257682.0
000777.SZ,2026-04-17 10:09:00,22.37,22.37,22.36,22.37,16800,375691.0
000777.SZ,2026-04-17 10:10:00,22.36,22.37,22.35,22.36,43300,968327.0
000777.SZ,2026-04-17 10:11:00,22.35,22.36,22.28,22.32,186200,4154543.0
000777.SZ,2026-04-17 10:12:00,22.32,22.33,22.3,22.32,92800,2070655.0
000777.SZ,2026-04-17 10:13:00,22.32,22.34,22.32,22.33,17900,399591.0
000777.SZ,2026-04-17 10:14:00,22.33,22.36,22.32,22.36,35400,790642.0
000777.SZ,2026-04-17 10:15:00,22.35,22.36,22.34,22.34,16500,368720.0
000777.SZ,2026-04-17 10:16:00,22.33,22.36,22.33,22.36,71300,1592789.0
000777.SZ,2026-04-17 10:17:00,22.36,22.4,22.36,22.4,16800,376186.0
000777.SZ,2026-04-17 10:18:00,22.39,22.44,22.39,22.43,128100,2872701.0
000777.SZ,2026-04-17 10:19:00,22.43,22.43,22.41,22.41,23100,517965.0
000777.SZ,2026-04-17 10:20:00,22.41,22.42,22.4,22.4,13600,304684.0
000777.SZ,2026-04-17 10:21:00,22.4,22.41,22.4,22.4,152800,3422725.0
000777.SZ,2026-04-17 10:22:00,22.4,22.41,22.39,22.41,40300,902626.0
000777.SZ,2026-04-17 10:23:00,22.41,22.42,22.41,22.42,11100,248809.0
000777.SZ,2026-04-17 10:24:00,22.43,22.44,22.42,22.43,27100,607792.0
000777.SZ,2026-04-17 10:25:00,22.43,22.44,22.42,22.43,17100,383554.0
000777.SZ,2026-04-17 10:26:00,22.43,22.44,22.42,22.43,9200,206379.0
000777.SZ,2026-04-17 10:27:00,22.43,22.45,22.43,22.43,22400,502670.0
000777.SZ,2026-04-17 10:28:00,22.44,22.44,22.43,22.44,8700,195193.0
000777.SZ,2026-04-17 10:29:00,22.43,22.43,22.41,22.43,27600,618750.0
000777.SZ,2026-04-17 10:30:00,22.42,22.44,22.42,22.44,19500,437500.0
000777.SZ,2026-04-17 10:31:00,22.44,22.48,22.44,22.48,17400,390815.0
000777.SZ,2026-04-17 10:32:00,22.47,22.49,22.47,22.49,15900,357382.0
000777.SZ,2026-04-17 10:33:00,22.49,22.52,22.48,22.51,25200,566966.0
000777.SZ,2026-04-17 10:34:00,22.51,22.54,22.51,22.53,20000,450522.0
000777.SZ,2026-04-17 10:35:00,22.52,22.54,22.52,22.53,24000,540626.0
000777.SZ,2026-04-17 10:36:00,22.53,22.53,22.51,22.52,24400,549625.0
000777.SZ,2026-04-17 10:37:00,22.52,22.53,22.48,22.5,34200,769499.0
000777.SZ,2026-04-17 10:38:00,22.51,22.51,22.49,22.5,30000,674853.0
000777.SZ,2026-04-17 10:39:00,22.5,22.5,22.48,22.48,10200,229319.0
000777.SZ,2026-04-17 10:40:00,22.48,22.48,22.48,22.48,14100,316968.0
000777.SZ,2026-04-17 10:41:00,22.48,22.49,22.48,22.49,16700,375517.0
000777.SZ,2026-04-17 10:42:00,22.49,22.5,22.49,22.49,4400,98966.0
000777.SZ,2026-04-17 10:43:00,22.48,22.5,22.48,22.49,12100,272083.0
000777.SZ,2026-04-17 10:44:00,22.49,22.5,22.49,22.49,13700,308216.0
000777.SZ,2026-04-17 10:45:00,22.49,22.49,22.48,22.49,14900,335069.0
000777.SZ,2026-04-17 10:46:00,22.48,22.5,22.48,22.49,16300,366665.0
000777.SZ,2026-04-17 10:47:00,22.5,22.53,22.48,22.53,37400,841078.0
000777.SZ,2026-04-17 10:48:00,22.5,22.54,22.5,22.53,13100,295052.0
000777.SZ,2026-04-17 10:49:00,22.53,22.53,22.51,22.51,5100,114838.0
000777.SZ,2026-04-17 10:50:00,22.51,22.54,22.51,22.53,7000,157703.0
000777.SZ,2026-04-17 10:51:00,22.52,22.53,22.52,22.52,7100,159909.0
000777.SZ,2026-04-17 10:52:00,22.51,22.52,22.51,22.51,11700,263387.0
000777.SZ,2026-04-17 10:53:00,22.51,22.51,22.48,22.49,48900,1099794.0
000777.SZ,2026-04-17 10:54:00,22.48,22.5,22.48,22.49,3500,78708.0
000777.SZ,2026-04-17 10:55:00,22.51,22.51,22.5,22.51,16700,375885.0
000777.SZ,2026-04-17 10:56:00,22.51,22.52,22.51,22.51,11200,252175.0
000777.SZ,2026-04-17 10:57:00,22.52,22.52,22.51,22.51,9600,216141.0
000777.SZ,2026-04-17 10:58:00,22.51,22.51,22.51,22.51,13500,303885.0
000777.SZ,2026-04-17 10:59:00,22.5,22.51,22.5,22.51,7600,171048.0
000777.SZ,2026-04-17 11:00:00,22.51,22.51,22.5,22.5,3700,83266.0
000777.SZ,2026-04-17 11:01:00,22.49,22.51,22.49,22.51,9300,209238.0
000777.SZ,2026-04-17 11:02:00,22.5,22.51,22.49,22.51,16100,362230.0
000777.SZ,2026-04-17 11:03:00,22.51,22.51,22.5,22.5,5200,117001.0
000777.SZ,2026-04-17 11:04:00,22.5,22.5,22.49,22.5,13400,301444.0
000777.SZ,2026-04-17 11:05:00,22.51,22.51,22.5,22.5,2500,56261.0
000777.SZ,2026-04-17 11:06:00,22.51,22.51,22.5,22.5,5600,126031.0
000777.SZ,2026-04-17 11:07:00,22.5,22.52,22.5,22.51,11000,247589.0
000777.SZ,2026-04-17 11:08:00,22.51,22.51,22.5,22.5,19400,436555.0
000777.SZ,2026-04-17 11:09:00,22.51,22.51,22.5,22.51,2300,51772.0
000777.SZ,2026-04-17 11:10:00,22.5,22.5,22.49,22.5,10600,238492.0
000777.SZ,2026-04-17 11:11:00,22.49,22.5,22.49,22.49,19800,445314.0
000777.SZ,2026-04-17 11:12:00,22.49,22.5,22.49,22.5,29200,656740.0
000777.SZ,2026-04-17 11:13:00,22.48,22.49,22.48,22.49,36700,825088.0
000777.SZ,2026-04-17 11:14:00,22.48,22.49,22.48,22.49,11100,249541.0
000777.SZ,2026-04-17 11:15:00,22.48,22.52,22.48,22.5,35400,796239.0
000777.SZ,2026-04-17 11:16:00,22.52,22.55,22.52,22.55,29300,660230.0
000777.SZ,2026-04-17 11:17:00,22.55,22.55,22.55,22.55,15200,342760.0
000777.SZ,2026-04-17 11:18:00,22.55,22.56,22.53,22.53,5200,117213.0
000777.SZ,2026-04-17 11:19:00,22.53,22.54,22.53,22.53,2100,47315.0
000777.SZ,2026-04-17 11:20:00,22.53,22.53,22.53,22.53,4000,90120.0
000777.SZ,2026-04-17 11:21:00,22.52,22.52,22.52,22.52,3700,83324.0
000777.SZ,2026-04-17 11:22:00,22.52,22.55,22.52,22.55,9700,218622.0
000777.SZ,2026-04-17 11:23:00,22.54,22.54,22.54,22.54,5500,123970.0
000777.SZ,2026-04-17 11:24:00,22.54,22.55,22.54,22.54,2300,51856.0
000777.SZ,2026-04-17 11:25:00,22.53,22.54,22.53,22.53,7100,159978.0
000777.SZ,2026-04-17 11:26:00,22.54,22.54,22.54,22.54,2300,51842.0
000777.SZ,2026-04-17 11:27:00,22.54,22.54,22.51,22.51,37500,844790.0
000777.SZ,2026-04-17 11:28:00,22.5,22.51,22.5,22.5,10700,240756.0
000777.SZ,2026-04-17 11:29:00,22.5,22.5,22.48,22.49,14900,335155.0
000777.SZ,2026-04-17 11:30:00,22.49,22.49,22.48,22.49,2700,60720.0
000777.SZ,2026-04-17 13:01:00,22.49,22.49,22.48,22.48,31200,701572.0
000777.SZ,2026-04-17 13:02:00,22.48,22.48,22.46,22.46,100100,2249644.0
000777.SZ,2026-04-17 13:03:00,22.46,22.47,22.46,22.47,9200,206660.0
000777.SZ,2026-04-17 13:04:00,22.48,22.49,22.47,22.49,13500,303535.0
000777.SZ,2026-04-17 13:05:00,22.49,22.5,22.49,22.49,5200,116956.0
000777.SZ,2026-04-17 13:06:00,22.48,22.48,22.47,22.48,8200,184303.0
000777.SZ,2026-04-17 13:07:00,22.48,22.49,22.46,22.47,22700,510195.0
000777.SZ,2026-04-17 13:08:00,22.47,22.47,22.47,22.47,600,13482.0
000777.SZ,2026-04-17 13:09:00,22.47,22.48,22.46,22.47,5700,128084.0
000777.SZ,2026-04-17 13:10:00,22.47,22.47,22.46,22.46,8900,199919.0
000777.SZ,2026-04-17 13:11:00,22.46,22.47,22.45,22.46,55000,1235280.0
000777.SZ,2026-04-17 13:12:00,22.46,22.48,22.46,22.48,10500,235935.0
000777.SZ,2026-04-17 13:13:00,22.49,22.49,22.48,22.49,9000,202385.0
000777.SZ,2026-04-17 13:14:00,22.49,22.49,22.49,22.49,1300,29237.0
000777.SZ,2026-04-17 13:15:00,22.49,22.5,22.48,22.5,15100,339658.0
000777.SZ,2026-04-17 13:16:00,22.49,22.49,22.49,22.49,900,20241.0
000777.SZ,2026-04-17 13:17:00,22.48,22.49,22.48,22.48,13900,312549.0
000777.SZ,2026-04-17 13:18:00,22.49,22.49,22.49,22.49,700,15743.0
000777.SZ,2026-04-17 13:19:00,22.5,22.5,22.48,22.49,16900,380017.0
000777.SZ,2026-04-17 13:20:00,22.49,22.49,22.47,22.48,27000,606774.0
000777.SZ,2026-04-17 13:21:00,22.46,22.51,22.46,22.51,35600,800613.0
000777.SZ,2026-04-17 13:22:00,22.51,22.54,22.51,22.53,15800,355832.0
000777.SZ,2026-04-17 13:23:00,22.53,22.54,22.52,22.54,9700,218504.0
000777.SZ,2026-04-17 13:24:00,22.57,22.58,22.56,22.56,36600,825554.0
000777.SZ,2026-04-17 13:25:00,22.56,22.58,22.56,22.58,40800,920594.0
000777.SZ,2026-04-17 13:26:00,22.58,22.59,22.56,22.56,15200,343078.0
000777.SZ,2026-04-17 13:27:00,22.57,22.57,22.56,22.57,28600,645234.0
000777.SZ,2026-04-17 13:28:00,22.56,22.59,22.56,22.59,28000,632076.0
000777.SZ,2026-04-17 13:29:00,22.59,22.59,22.58,22.58,12900,291352.0
000777.SZ,2026-04-17 13:30:00,22.57,22.58,22.56,22.56,12000,270872.0
000777.SZ,2026-04-17 13:31:00,22.56,22.58,22.56,22.57,26200,591400.0
000777.SZ,2026-04-17 13:32:00,22.6,22.62,22.6,22.62,68300,1543525.0
000777.SZ,2026-04-17 13:33:00,22.62,22.62,22.61,22.62,35600,805318.0
000777.SZ,2026-04-17 13:34:00,22.62,22.67,22.62,22.67,54100,1225694.0
000777.SZ,2026-04-17 13:35:00,22.67,22.72,22.67,22.71,108000,2450398.0
000777.SZ,2026-04-17 13:36:00,22.72,22.72,22.68,22.7,36700,833162.0
000777.SZ,2026-04-17 13:37:00,22.69,22.75,22.68,22.75,181500,4121048.0
000777.SZ,2026-04-17 13:38:00,22.79,22.83,22.78,22.82,197300,4497859.0
000777.SZ,2026-04-17 13:39:00,22.8,22.84,22.77,22.84,133000,3034778.0
000777.SZ,2026-04-17 13:40:00,22.86,22.92,22.85,22.87,161400,3692353.0
000777.SZ,2026-04-17 13:41:00,22.87,22.91,22.87,22.89,145600,3331373.0
000777.SZ,2026-04-17 13:42:00,22.89,22.9,22.84,22.85,81800,1871731.0
000777.SZ,2026-04-17 13:43:00,22.85,22.87,22.83,22.86,108200,2471801.0
000777.SZ,2026-04-17 13:44:00,22.87,22.95,22.86,22.95,342100,7843465.0
000777.SZ,2026-04-17 13:45:00,22.95,22.97,22.91,22.91,129300,2966085.0
000777.SZ,2026-04-17 13:46:00,22.9,22.9,22.87,22.89,110300,2523567.0
000777.SZ,2026-04-17 13:47:00,22.91,22.93,22.89,22.89,63800,1461741.0
000777.SZ,2026-04-17 13:48:00,22.89,22.95,22.89,22.94,109400,2506430.0
000777.SZ,2026-04-17 13:49:00,22.95,23.02,22.94,22.99,248000,5699718.0
000777.SZ,2026-04-17 13:50:00,22.99,23.0,22.96,22.99,200200,4599959.0
000777.SZ,2026-04-17 13:51:00,22.97,22.98,22.96,22.98,74000,1700269.0
000777.SZ,2026-04-17 13:52:00,22.98,22.98,22.95,22.96,91000,2089286.0
000777.SZ,2026-04-17 13:53:00,22.97,22.97,22.94,22.94,24400,560078.0
000777.SZ,2026-04-17 13:54:00,22.94,22.95,22.93,22.94,47200,1082856.0
000777.SZ,2026-04-17 13:55:00,22.94,22.95,22.92,22.93,36900,846282.0
000777.SZ,2026-04-17 13:56:00,22.92,22.94,22.92,22.93,41916,960741.56
000777.SZ,2026-04-17 13:57:00,22.93,22.94,22.92,22.93,19300,442586.0
000777.SZ,2026-04-17 13:58:00,22.93,22.94,22.91,22.91,34800,797779.0
000777.SZ,2026-04-17 13:59:00,22.92,22.92,22.89,22.89,147100,3368996.0
000777.SZ,2026-04-17 14:00:00,22.92,22.92,22.88,22.88,26700,611196.0
000777.SZ,2026-04-17 14:01:00,22.89,22.9,22.88,22.9,22600,517298.0
000777.SZ,2026-04-17 14:02:00,22.9,22.9,22.88,22.89,16800,384600.0
000777.SZ,2026-04-17 14:03:00,22.89,22.89,22.88,22.89,18400,421052.0
000777.SZ,2026-04-17 14:04:00,22.89,22.89,22.88,22.89,13200,302084.0
000777.SZ,2026-04-17 14:05:00,22.88,22.89,22.87,22.87,9000,205895.0
000777.SZ,2026-04-17 14:06:00,22.87,22.87,22.86,22.87,16300,372725.0
000777.SZ,2026-04-17 14:07:00,22.87,22.9,22.87,22.9,28300,647701.0
000777.SZ,2026-04-17 14:08:00,22.89,22.9,22.89,22.9,27200,622856.0
000777.SZ,2026-04-17 14:09:00,22.9,22.9,22.88,22.88,38700,885883.0
000777.SZ,2026-04-17 14:10:00,22.87,22.88,22.85,22.85,18900,432102.0
000777.SZ,2026-04-17 14:11:00,22.85,22.87,22.84,22.87,41400,946031.0
000777.SZ,2026-04-17 14:12:00,22.87,22.88,22.87,22.88,11500,263041.0
000777.SZ,2026-04-17 14:13:00,22.87,22.88,22.87,22.88,10500,240174.0
000777.SZ,2026-04-17 14:14:00,22.87,22.87,22.86,22.86,7000,160042.0
000777.SZ,2026-04-17 14:15:00,22.85,22.85,22.83,22.83,16400,374555.0
000777.SZ,2026-04-17 14:16:00,22.84,22.84,22.81,22.81,30600,698319.0
000777.SZ,2026-04-17 14:17:00,22.81,22.81,22.8,22.81,51300,1170078.0
000777.SZ,2026-04-17 14:18:00,22.81,22.83,22.81,22.83,15000,342281.0
000777.SZ,2026-04-17 14:19:00,22.83,22.83,22.8,22.81,20000,456367.0
000777.SZ,2026-04-17 14:20:00,22.82,22.82,22.81,22.82,4000,91259.0
000777.SZ,2026-04-17 14:21:00,22.82,22.82,22.81,22.81,22000,501904.0
000777.SZ,2026-04-17 14:22:00,22.82,22.82,22.81,22.82,27900,636608.0
000777.SZ,2026-04-17 14:23:00,22.82,22.84,22.82,22.84,24300,554952.0
000777.SZ,2026-04-17 14:24:00,22.84,22.85,22.83,22.84,36300,829087.0
000777.SZ,2026-04-17 14:25:00,22.84,22.85,22.83,22.84,18000,411113.0
000777.SZ,2026-04-17 14:26:00,22.84,22.85,22.83,22.83,27900,637062.0
000777.SZ,2026-04-17 14:27:00,22.83,22.85,22.83,22.85,14000,319741.0
000777.SZ,2026-04-17 14:28:00,22.84,22.85,22.84,22.84,18900,431728.0
000777.SZ,2026-04-17 14:29:00,22.84,22.84,22.84,22.84,9500,216980.0
000777.SZ,2026-04-17 14:30:00,22.84,22.84,22.82,22.83,58000,1324184.0
000777.SZ,2026-04-17 14:31:00,22.84,22.84,22.84,22.84,17500,399699.0
000777.SZ,2026-04-17 14:32:00,22.84,22.85,22.83,22.85,13100,299132.0
000777.SZ,2026-04-17 14:33:00,22.85,22.85,22.83,22.83,64700,1477910.0
000777.SZ,2026-04-17 14:34:00,22.84,22.84,22.83,22.83,22900,523004.0
000777.SZ,2026-04-17 14:35:00,22.83,22.84,22.83,22.83,26400,602917.0
000777.SZ,2026-04-17 14:36:00,22.84,22.84,22.83,22.83,29300,669056.0
000777.SZ,2026-04-17 14:37:00,22.84,22.84,22.83,22.84,11100,253473.0
000777.SZ,2026-04-17 14:38:00,22.83,22.84,22.82,22.83,25300,577607.0
000777.SZ,2026-04-17 14:39:00,22.82,22.83,22.82,22.82,15300,349158.0
000777.SZ,2026-04-17 14:40:00,22.83,22.83,22.82,22.83,22700,518137.0
000777.SZ,2026-04-17 14:41:00,22.82,22.83,22.82,22.83,39800,908589.0
000777.SZ,2026-04-17 14:42:00,22.84,22.84,22.83,22.83,26400,602732.0
000777.SZ,2026-04-17 14:43:00,22.83,22.83,22.82,22.82,19400,442902.0
000777.SZ,2026-04-17 14:44:00,22.83,22.83,22.82,22.83,24200,552423.0
000777.SZ,2026-04-17 14:45:00,22.82,22.84,22.82,22.84,55100,1257868.0
000777.SZ,2026-04-17 14:46:00,22.83,22.84,22.82,22.83,31200,712361.0
000777.SZ,2026-04-17 14:47:00,22.82,22.83,22.82,22.83,28200,643702.0
000777.SZ,2026-04-17 14:48:00,22.82,22.83,22.82,22.83,32300,737313.0
000777.SZ,2026-04-17 14:49:00,22.82,22.85,22.82,22.84,37800,863215.0
000777.SZ,2026-04-17 14:50:00,22.84,22.84,22.82,22.82,55000,1255650.0
000777.SZ,2026-04-17 14:51:00,22.82,22.83,22.82,22.83,79900,1823566.0
000777.SZ,2026-04-17 14:52:00,22.82,22.84,22.82,22.84,26113,596219.8
000777.SZ,2026-04-17 14:53:00,22.83,22.84,22.83,22.83,46634,1064903.1
000777.SZ,2026-04-17 14:54:00,22.83,22.83,22.8,22.81,154753,3530488.0
000777.SZ,2026-04-17 14:55:00,22.8,22.82,22.8,22.81,64100,1461933.0
000777.SZ,2026-04-17 14:56:00,22.82,22.83,22.81,22.82,44600,1017867.0
000777.SZ,2026-04-17 14:57:00,22.83,22.86,22.82,22.86,136775,3123255.2
000777.SZ,2026-04-17 14:58:00,22.86,22.86,22.86,22.86,0,0.0
000777.SZ,2026-04-17 14:59:00,22.86,22.86,22.86,22.86,0,0.0
000777.SZ,2026-04-17 15:00:00,22.84,22.84,22.84,22.84,106500,2432460.0
000777.SZ,2026-04-20 09:30:00,22.85,22.87,22.84,22.85,35800,818049.0
000777.SZ,2026-04-20 09:31:00,22.85,22.92,22.85,22.91,134700,3082350.0
000777.SZ,2026-04-20 09:32:00,22.91,22.92,22.83,22.83,98600,2255032.0
000777.SZ,2026-04-20 09:33:00,22.83,22.83,22.75,22.77,62000,1411803.0
000777.SZ,2026-04-20 09:34:00,22.77,22.79,22.71,22.77,122800,2794074.0
000777.SZ,2026-04-20 09:35:00,22.77,22.79,22.76,22.79,72700,1655653.0
000777.SZ,2026-04-20 09:36:00,22.79,22.8,22.78,22.79,57600,1312787.0
000777.SZ,2026-04-20 09:37:00,22.79,22.82,22.79,22.82,51800,1181020.0
000777.SZ,2026-04-20 09:38:00,22.82,22.86,22.82,22.82,48600,1109602.0
000777.SZ,2026-04-20 09:39:00,22.86,22.88,22.83,22.84,44500,1016862.0
000777.SZ,2026-04-20 09:40:00,22.82,22.83,22.8,22.81,40900,933040.0
000777.SZ,2026-04-20 09:41:00,22.81,22.81,22.78,22.78,50000,1139760.0
000777.SZ,2026-04-20 09:42:00,22.78,22.81,22.78,22.79,40400,921057.0
000777.SZ,2026-04-20 09:43:00,22.81,22.82,22.79,22.82,55700,1269983.0
000777.SZ,2026-04-20 09:44:00,22.8,22.84,22.79,22.82,42800,976207.0
000777.SZ,2026-04-20 09:45:00,22.83,22.89,22.83,22.89,51400,1175598.0
000777.SZ,2026-04-20 09:46:00,22.91,22.97,22.91,22.96,96700,2217342.0
000777.SZ,2026-04-20 09:47:00,22.96,23.0,22.96,22.99,117800,2707511.0
000777.SZ,2026-04-20 09:48:00,22.98,22.99,22.95,22.97,73000,1676768.0
000777.SZ,2026-04-20 09:49:00,22.95,22.97,22.93,22.97,101600,2331847.0
000777.SZ,2026-04-20 09:50:00,22.97,23.03,22.97,23.02,154600,3554971.0
000777.SZ,2026-04-20 09:51:00,23.03,23.03,23.0,23.02,68900,1585145.0
000777.SZ,2026-04-20 09:52:00,23.02,23.05,23.01,23.01,95600,2201455.0
000777.SZ,2026-04-20 09:53:00,23.01,23.01,22.96,22.98,420900,9671708.0
000777.SZ,2026-04-20 09:54:00,22.97,23.0,22.97,22.97,66000,1516688.0
000777.SZ,2026-04-20 09:55:00,22.97,22.97,22.95,22.95,193100,4433136.0
000777.SZ,2026-04-20 09:56:00,22.95,22.95,22.92,22.94,42600,977216.0
000777.SZ,2026-04-20 09:57:00,22.95,22.98,22.94,22.96,68900,1581704.0
000777.SZ,2026-04-20 09:58:00,22.98,22.98,22.96,22.98,36600,840747.0
000777.SZ,2026-04-20 09:59:00,22.98,22.98,22.97,22.97,31900,732919.0
000777.SZ,2026-04-20 10:00:00,22.98,22.98,22.97,22.98,37300,857066.0
000777.SZ,2026-04-20 10:01:00,22.95,22.98,22.94,22.97,48100,1104492.0
000777.SZ,2026-04-20 10:02:00,22.98,22.98,22.95,22.96,42900,985197.0
000777.SZ,2026-04-20 10:03:00,22.95,22.97,22.94,22.95,63700,1461975.0
000777.SZ,2026-04-20 10:04:00,22.95,22.95,22.94,22.94,64500,1480060.0
000777.SZ,2026-04-20 10:05:00,22.93,22.95,22.92,22.93,44200,1013838.0
000777.SZ,2026-04-20 10:06:00,22.94,22.96,22.94,22.96,49900,1145223.0
000777.SZ,2026-04-20 10:07:00,22.97,23.01,22.97,23.01,104700,2407161.0
000777.SZ,2026-04-20 10:08:00,23.01,23.01,23.0,23.01,45200,1039950.0
000777.SZ,2026-04-20 10:09:00,23.0,23.02,23.0,23.02,108900,2506075.0
000777.SZ,2026-04-20 10:10:00,23.02,23.02,22.99,22.99,41400,952472.0
000777.SZ,2026-04-20 10:11:00,22.99,22.99,22.97,22.97,53600,1232187.0
000777.SZ,2026-04-20 10:12:00,22.97,23.0,22.97,23.0,23000,528752.0
000777.SZ,2026-04-20 10:13:00,23.0,23.0,22.98,22.99,44200,1016164.0
000777.SZ,2026-04-20 10:14:00,22.99,23.01,22.98,23.0,65400,1504428.0
000777.SZ,2026-04-20 10:15:00,23.01,23.02,23.0,23.01,47700,1097595.0
000777.SZ,2026-04-20 10:16:00,23.0,23.01,23.0,23.01,34500,793650.0
000777.SZ,2026-04-20 10:17:00,23.01,23.02,23.01,23.01,7800,179493.0
000777.SZ,2026-04-20 10:18:00,23.01,23.02,23.0,23.0,42200,971010.0
000777.SZ,2026-04-20 10:19:00,23.01,23.01,23.0,23.0,25800,593575.0
000777.SZ,2026-04-20 10:20:00,23.0,23.02,23.0,23.0,45100,1037716.0
000777.SZ,2026-04-20 10:21:00,23.02,23.03,23.02,23.03,63700,1466610.0
000777.SZ,2026-04-20 10:22:00,23.02,23.04,23.02,23.04,72800,1676701.0
000777.SZ,2026-04-20 10:23:00,23.04,23.04,23.02,23.04,90700,2089042.0
000777.SZ,2026-04-20 10:24:00,23.03,23.04,23.03,23.04,19600,451513.0
000777.SZ,2026-04-20 10:25:00,23.03,23.04,23.03,23.03,51700,1191064.0
000777.SZ,2026-04-20 10:26:00,23.03,23.03,23.02,23.02,12100,278629.0
000777.SZ,2026-04-20 10:27:00,23.03,23.03,23.02,23.03,10700,246367.0
000777.SZ,2026-04-20 10:28:00,23.02,23.03,23.01,23.02,40900,941566.0
000777.SZ,2026-04-20 10:29:00,23.02,23.02,23.01,23.02,19900,457949.0
000777.SZ,2026-04-20 10:30:00,23.01,23.02,23.01,23.02,16500,379778.0
000777.SZ,2026-04-20 10:31:00,23.02,23.03,23.01,23.01,14900,342957.0
000777.SZ,2026-04-20 10:32:00,23.02,23.02,23.01,23.01,16300,375126.0
000777.SZ,2026-04-20 10:33:00,23.01,23.01,23.0,23.0,19300,443915.0
000777.SZ,2026-04-20 10:34:00,23.01,23.01,22.99,22.99,41500,954490.0
000777.SZ,2026-04-20 10:35:00,22.98,23.0,22.98,23.0,45300,1041399.0
000777.SZ,2026-04-20 10:36:00,23.01,23.01,23.0,23.01,4600,105833.0
000777.SZ,2026-04-20 10:37:00,23.01,23.01,23.0,23.0,6400,147231.0
000777.SZ,2026-04-20 10:38:00,23.0,23.01,23.0,23.0,35500,816534.0
000777.SZ,2026-04-20 10:39:00,23.01,23.02,23.01,23.02,39500,909109.0
000777.SZ,2026-04-20 10:40:00,23.02,23.04,23.02,23.03,73700,1697520.0
000777.SZ,2026-04-20 10:41:00,23.04,23.04,23.03,23.03,8700,200403.0
000777.SZ,2026-04-20 10:42:00,23.03,23.04,23.03,23.03,11500,264876.0
000777.SZ,2026-04-20 10:43:00,23.04,23.04,23.03,23.03,24000,552832.0
000777.SZ,2026-04-20 10:44:00,23.03,23.03,23.02,23.02,19000,437465.0
000777.SZ,2026-04-20 10:45:00,23.03,23.03,23.0,23.0,31700,729526.0
000777.SZ,2026-04-20 10:46:00,23.0,23.01,23.0,23.0,39100,899354.0
000777.SZ,2026-04-20 10:47:00,23.01,23.02,23.0,23.02,12100,278442.0
000777.SZ,2026-04-20 10:48:00,23.02,23.03,23.02,23.03,55800,1284870.0
000777.SZ,2026-04-20 10:49:00,23.03,23.04,23.02,23.03,23600,543483.0
000777.SZ,2026-04-20 10:50:00,23.03,23.04,23.03,23.04,7300,168133.0
000777.SZ,2026-04-20 10:51:00,23.04,23.05,23.03,23.05,126500,2915044.0
000777.SZ,2026-04-20 10:52:00,23.1,23.12,23.09,23.12,411600,9496988.0
000777.SZ,2026-04-20 10:53:00,23.12,23.12,23.1,23.11,143108,3306235.8
000777.SZ,2026-04-20 10:54:00,23.11,23.11,23.07,23.1,254592,5880878.0
000777.SZ,2026-04-20 10:55:00,23.07,23.09,23.06,23.06,50900,1174318.0
000777.SZ,2026-04-20 10:56:00,23.06,23.07,23.06,23.07,26600,613472.0
000777.SZ,2026-04-20 10:57:00,23.07,23.09,23.07,23.09,40800,941391.0
000777.SZ,2026-04-20 10:58:00,23.08,23.1,23.08,23.1,18500,427169.0
000777.SZ,2026-04-20 10:59:00,23.09,23.09,23.06,23.08,28800,664646.0
000777.SZ,2026-04-20 11:00:00,23.06,23.07,23.05,23.06,16200,373576.0
000777.SZ,2026-04-20 11:01:00,23.06,23.08,23.06,23.08,25300,583747.0
000777.SZ,2026-04-20 11:02:00,23.09,23.09,23.08,23.09,16200,373989.0
000777.SZ,2026-04-20 11:03:00,23.08,23.09,23.07,23.08,13900,320822.0
000777.SZ,2026-04-20 11:04:00,23.09,23.09,23.05,23.06,61300,1413849.0
000777.SZ,2026-04-20 11:05:00,23.05,23.05,23.04,23.04,18800,433275.0
000777.SZ,2026-04-20 11:06:00,23.05,23.05,23.03,23.04,36100,831764.0
000777.SZ,2026-04-20 11:07:00,23.04,23.05,23.04,23.05,17700,407828.0
000777.SZ,2026-04-20 11:08:00,23.04,23.05,23.03,23.04,21100,486095.0
000777.SZ,2026-04-20 11:09:00,23.04,23.04,23.03,23.03,12700,292509.0
000777.SZ,2026-04-20 11:10:00,23.03,23.04,23.02,23.02,31400,723181.0
000777.SZ,2026-04-20 11:11:00,23.02,23.03,23.02,23.02,34600,796654.0
000777.SZ,2026-04-20 11:12:00,23.03,23.05,23.03,23.05,11700,269580.0
000777.SZ,2026-04-20 11:13:00,23.04,23.05,23.04,23.04,12300,283398.0
000777.SZ,2026-04-20 11:14:00,23.03,23.04,23.03,23.04,13000,299484.0
000777.SZ,2026-04-20 11:15:00,23.04,23.04,23.03,23.03,8000,184265.0
000777.SZ,2026-04-20 11:16:00,23.05,23.05,23.04,23.05,6200,142880.0
000777.SZ,2026-04-20 11:17:00,23.05,23.05,23.03,23.03,18800,433122.0
000777.SZ,2026-04-20 11:18:00,23.04,23.04,23.02,23.03,15900,366188.0
000777.SZ,2026-04-20 11:19:00,23.02,23.03,23.02,23.02,15200,349905.0
000777.SZ,2026-04-20 11:20:00,23.0,23.03,23.0,23.02,53900,1240531.0
000777.SZ,2026-04-20 11:21:00,23.02,23.05,23.02,23.04,7500,172724.0
000777.SZ,2026-04-20 11:22:00,23.05,23.05,23.04,23.05,10900,251190.0
000777.SZ,2026-04-20 11:23:00,23.04,23.04,23.04,23.04,21600,497565.0
000777.SZ,2026-04-20 11:24:00,23.04,23.04,23.02,23.02,800,18422.0
000777.SZ,2026-04-20 11:25:00,23.03,23.05,23.03,23.05,22200,511486.0
000777.SZ,2026-04-20 11:26:00,23.05,23.06,23.05,23.06,9300,214438.0
000777.SZ,2026-04-20 11:27:00,23.06,23.07,23.06,23.06,7500,172955.0
000777.SZ,2026-04-20 11:28:00,23.06,23.07,23.06,23.06,16600,382864.0
000777.SZ,2026-04-20 11:29:00,23.07,23.08,23.07,23.08,13700,316080.0
000777.SZ,2026-04-20 11:30:00,23.07,23.09,23.07,23.09,25300,583921.0
000777.SZ,2026-04-20 13:01:00,23.08,23.1,23.08,23.09,73492,1696650.2
000777.SZ,2026-04-20 13:02:00,23.09,23.09,23.08,23.09,7800,180068.0
000777.SZ,2026-04-20 13:03:00,23.09,23.1,23.08,23.08,22700,524033.0
000777.SZ,2026-04-20 13:04:00,23.09,23.09,23.08,23.09,20300,468610.0
000777.SZ,2026-04-20 13:05:00,23.08,23.08,23.08,23.08,14600,336976.0
000777.SZ,2026-04-20 13:06:00,23.08,23.09,23.08,23.08,9900,228500.0
000777.SZ,2026-04-20 13:07:00,23.07,23.11,23.07,23.11,287000,6626953.0
000777.SZ,2026-04-20 13:08:00,23.12,23.16,23.11,23.16,175200,4053645.0
000777.SZ,2026-04-20 13:09:00,23.16,23.19,23.16,23.19,103900,2408207.0
000777.SZ,2026-04-20 13:10:00,23.18,23.26,23.18,23.26,325400,7552582.0
000777.SZ,2026-04-20 13:11:00,23.27,23.28,23.21,23.23,187100,4350832.0
000777.SZ,2026-04-20 13:12:00,23.21,23.23,23.21,23.22,63400,1472299.0
000777.SZ,2026-04-20 13:13:00,23.22,23.26,23.22,23.25,75500,1755449.0
000777.SZ,2026-04-20 13:14:00,23.28,23.34,23.27,23.31,510600,11893926.0
000777.SZ,2026-04-20 13:15:00,23.33,23.33,23.26,23.28,90200,2101565.0
000777.SZ,2026-04-20 13:16:00,23.27,23.29,23.26,23.28,82800,1927574.0
000777.SZ,2026-04-20 13:17:00,23.28,23.29,23.25,23.25,110500,2571181.0
000777.SZ,2026-04-20 13:18:00,23.24,23.25,23.2,23.23,51400,1193810.0
000777.SZ,2026-04-20 13:19:00,23.23,23.23,23.2,23.22,10700,248411.0
000777.SZ,2026-04-20 13:20:00,23.22,23.22,23.2,23.22,29600,687200.0
000777.SZ,2026-04-20 13:21:00,23.22,23.23,23.22,23.22,69200,1606957.0
000777.SZ,2026-04-20 13:22:00,23.23,23.23,23.22,23.22,13300,308834.0
000777.SZ,2026-04-20 13:23:00,23.23,23.24,23.2,23.21,60400,1402165.0
000777.SZ,2026-04-20 13:24:00,23.21,23.21,23.2,23.21,16300,378210.0
000777.SZ,2026-04-20 13:25:00,23.2,23.2,23.19,23.19,14800,343248.0
000777.SZ,2026-04-20 13:26:00,23.19,23.19,23.19,23.19,8300,192476.0
000777.SZ,2026-04-20 13:27:00,23.19,23.2,23.19,23.2,11800,273660.0
000777.SZ,2026-04-20 13:28:00,23.2,23.2,23.19,23.19,27300,633148.0
000777.SZ,2026-04-20 13:29:00,23.19,23.2,23.19,23.2,17000,394280.0
000777.SZ,2026-04-20 13:30:00,23.19,23.2,23.19,23.2,29300,679580.0
000777.SZ,2026-04-20 13:31:00,23.2,23.21,23.19,23.2,21400,496505.0
000777.SZ,2026-04-20 13:32:00,23.19,23.2,23.18,23.18,57100,1323703.0
000777.SZ,2026-04-20 13:33:00,23.17,23.18,23.17,23.18,23500,544563.0
000777.SZ,2026-04-20 13:34:00,23.16,23.18,23.16,23.17,21100,488819.0
000777.SZ,2026-04-20 13:35:00,23.16,23.18,23.16,23.17,16400,380021.0
000777.SZ,2026-04-20 13:36:00,23.17,23.18,23.16,23.17,9500,220145.0
000777.SZ,2026-04-20 13:37:00,23.17,23.18,23.17,23.18,12700,294378.0
000777.SZ,2026-04-20 13:38:00,23.18,23.18,23.17,23.17,12200,282794.0
000777.SZ,2026-04-20 13:39:00,23.16,23.18,23.16,23.16,46600,1079595.0
000777.SZ,2026-04-20 13:40:00,23.17,23.17,23.14,23.14,85000,1968076.0
000777.SZ,2026-04-20 13:41:00,23.13,23.14,23.13,23.13,27500,636137.0
000777.SZ,2026-04-20 13:42:00,23.13,23.13,23.11,23.13,47600,1100324.0
000777.SZ,2026-04-20 13:43:00,23.12,23.13,23.12,23.13,11400,263637.0
000777.SZ,2026-04-20 13:44:00,23.12,23.13,23.12,23.13,5400,124876.0
000777.SZ,2026-04-20 13:45:00,23.12,23.13,23.12,23.13,17600,406940.0
000777.SZ,2026-04-20 13:46:00,23.12,23.13,23.12,23.13,35121,812220.75
000777.SZ,2026-04-20 13:47:00,23.13,23.14,23.13,23.13,42300,978453.0
000777.SZ,2026-04-20 13:48:00,23.13,23.14,23.12,23.12,27000,624486.8
000777.SZ,2026-04-20 13:49:00,23.12,23.14,23.12,23.13,17800,411741.0
000777.SZ,2026-04-20 13:50:00,23.13,23.13,23.12,23.13,12800,296009.0
000777.SZ,2026-04-20 13:51:00,23.13,23.14,23.12,23.14,15200,351605.0
000777.SZ,2026-04-20 13:52:00,23.14,23.14,23.12,23.14,13200,305352.0
000777.SZ,2026-04-20 13:53:00,23.13,23.14,23.13,23.13,7200,166596.0
000777.SZ,2026-04-20 13:54:00,23.13,23.14,23.13,23.14,13700,317010.0
000777.SZ,2026-04-20 13:55:00,23.14,23.16,23.14,23.16,16500,381944.0
000777.SZ,2026-04-20 13:56:00,23.16,23.16,23.15,23.16,27200,629900.0
000777.SZ,2026-04-20 13:57:00,23.16,23.17,23.15,23.17,90200,2089122.0
000777.SZ,2026-04-20 13:58:00,23.14,23.16,23.14,23.15,49800,1152772.0
000777.SZ,2026-04-20 13:59:00,23.15,23.17,23.15,23.17,23000,532818.0
000777.SZ,2026-04-20 14:00:00,23.15,23.18,23.15,23.17,7100,164480.0
000777.SZ,2026-04-20 14:01:00,23.17,23.17,23.16,23.17,24400,565345.0
000777.SZ,2026-04-20 14:02:00,23.16,23.18,23.16,23.18,23800,551600.0
000777.SZ,2026-04-20 14:03:00,23.17,23.18,23.16,23.17,13900,322111.0
000777.SZ,2026-04-20 14:04:00,23.17,23.18,23.17,23.17,10500,243352.0
000777.SZ,2026-04-20 14:05:00,23.17,23.18,23.17,23.18,24300,563196.0
000777.SZ,2026-04-20 14:06:00,23.18,23.19,23.17,23.18,20700,479857.0
000777.SZ,2026-04-20 14:07:00,23.17,23.18,23.17,23.17,9900,229421.0
000777.SZ,2026-04-20 14:08:00,23.17,23.18,23.17,23.18,16500,382393.0
000777.SZ,2026-04-20 14:09:00,23.17,23.17,23.15,23.16,39700,919658.0
000777.SZ,2026-04-20 14:10:00,23.15,23.16,23.15,23.16,28100,650579.0
000777.SZ,2026-04-20 14:11:00,23.14,23.15,23.14,23.15,9100,210614.0
000777.SZ,2026-04-20 14:12:00,23.14,23.15,23.14,23.14,18900,437392.0
000777.SZ,2026-04-20 14:13:00,23.14,23.16,23.14,23.15,18500,428302.0
000777.SZ,2026-04-20 14:14:00,23.15,23.15,23.14,23.15,8500,196771.0
000777.SZ,2026-04-20 14:15:00,23.14,23.15,23.14,23.15,16600,384149.0
000777.SZ,2026-04-20 14:16:00,23.15,23.15,23.13,23.13,8200,189747.0
000777.SZ,2026-04-20 14:17:00,23.14,23.15,23.14,23.14,32300,747449.0
000777.SZ,2026-04-20 14:18:00,23.15,23.15,23.14,23.15,6100,141193.0
000777.SZ,2026-04-20 14:19:00,23.15,23.15,23.14,23.14,5700,131899.0
000777.SZ,2026-04-20 14:20:00,23.14,23.15,23.14,23.14,18200,421251.0
000777.SZ,2026-04-20 14:21:00,23.15,23.15,23.15,23.15,8500,196774.0
000777.SZ,2026-04-20 14:22:00,23.14,23.15,23.14,23.15,43600,1009255.0
000777.SZ,2026-04-20 14:23:00,23.15,23.16,23.15,23.16,11300,261649.0
000777.SZ,2026-04-20 14:24:00,23.16,23.17,23.16,23.17,15500,359056.0
000777.SZ,2026-04-20 14:25:00,23.17,23.17,23.16,23.16,39800,921868.0
000777.SZ,2026-04-20 14:26:00,23.16,23.17,23.15,23.17,21600,500274.0
000777.SZ,2026-04-20 14:27:00,23.17,23.17,23.16,23.17,13200,305819.0
000777.SZ,2026-04-20 14:28:00,23.16,23.17,23.16,23.16,10300,238621.0
000777.SZ,2026-04-20 14:29:00,23.16,23.17,23.15,23.16,41400,958848.0
000777.SZ,2026-04-20 14:30:00,23.16,23.16,23.15,23.16,17900,414553.0
000777.SZ,2026-04-20 14:31:00,23.16,23.16,23.15,23.16,23200,537228.0
000777.SZ,2026-04-20 14:32:00,23.15,23.16,23.15,23.16,51100,1183335.0
000777.SZ,2026-04-20 14:33:00,23.16,23.17,23.15,23.15,35600,824504.0
000777.SZ,2026-04-20 14:34:00,23.15,23.16,23.15,23.16,27300,632053.0
000777.SZ,2026-04-20 14:35:00,23.15,23.16,23.15,23.15,26200,606769.0
000777.SZ,2026-04-20 14:36:00,23.15,23.16,23.15,23.16,22700,525589.0
000777.SZ,2026-04-20 14:37:00,23.15,23.17,23.15,23.16,13700,317353.0
000777.SZ,2026-04-20 14:38:00,23.16,23.17,23.16,23.17,41300,956770.0
000777.SZ,2026-04-20 14:39:00,23.16,23.17,23.15,23.15,62200,1440540.0
000777.SZ,2026-04-20 14:40:00,23.16,23.16,23.15,23.15,16600,384363.0
000777.SZ,2026-04-20 14:41:00,23.16,23.16,23.15,23.16,168100,3893151.0
000777.SZ,2026-04-20 14:42:00,23.16,23.16,23.15,23.16,31100,720285.0
000777.SZ,2026-04-20 14:43:00,23.16,23.18,23.16,23.17,63100,1461978.0
000777.SZ,2026-04-20 14:44:00,23.17,23.17,23.17,23.17,35400,820146.0
000777.SZ,2026-04-20 14:45:00,23.16,23.17,23.16,23.17,40100,928928.0
000777.SZ,2026-04-20 14:46:00,23.16,23.17,23.15,23.17,110400,2556607.0
000777.SZ,2026-04-20 14:47:00,23.16,23.17,23.16,23.17,101000,2339869.0
000777.SZ,2026-04-20 14:48:00,23.17,23.17,23.16,23.16,76900,1781137.0
000777.SZ,2026-04-20 14:49:00,23.16,23.18,23.16,23.17,47200,1093525.0
000777.SZ,2026-04-20 14:50:00,23.17,23.18,23.17,23.17,65900,1527306.0
000777.SZ,2026-04-20 14:51:00,23.16,23.18,23.16,23.18,103300,2393713.0
000777.SZ,2026-04-20 14:52:00,23.17,23.18,23.16,23.17,78900,1828614.0
000777.SZ,2026-04-20 14:53:00,23.18,23.18,23.17,23.17,46200,1070694.0
000777.SZ,2026-04-20 14:54:00,23.17,23.19,23.17,23.18,70600,1636479.0
000777.SZ,2026-04-20 14:55:00,23.18,23.19,23.17,23.19,57800,1339695.0
000777.SZ,2026-04-20 14:56:00,23.18,23.19,23.18,23.18,96600,2239794.0
000777.SZ,2026-04-20 14:57:00,23.18,23.2,23.18,23.2,73700,1708978.0
000777.SZ,2026-04-20 14:58:00,23.2,23.2,23.2,23.2,0,0.0
000777.SZ,2026-04-20 14:59:00,23.2,23.2,23.2,23.2,0,0.0
000777.SZ,2026-04-20 15:00:00,23.2,23.2,23.2,23.2,140200,3252640.0
000777.SZ,2026-04-21 09:30:00,23.2,23.2,23.13,23.16,33700,781703.0
000777.SZ,2026-04-21 09:31:00,23.12,23.19,23.08,23.15,125500,2903157.0
000777.SZ,2026-04-21 09:32:00,23.17,23.17,23.0,23.0,127900,2948481.0
000777.SZ,2026-04-21 09:33:00,23.0,23.01,22.97,22.97,192000,4414682.0
000777.SZ,2026-04-21 09:34:00,22.98,23.04,22.95,23.0,42100,967884.0
000777.SZ,2026-04-21 09:35:00,23.01,23.07,23.01,23.06,71700,1652733.0
000777.SZ,2026-04-21 09:36:00,23.06,23.06,23.0,23.03,110100,2534994.0
000777.SZ,2026-04-21 09:37:00,23.03,23.04,22.99,22.99,61100,1405774.0
000777.SZ,2026-04-21 09:38:00,22.99,22.99,22.94,22.95,101000,2320296.0
000777.SZ,2026-04-21 09:39:00,22.93,22.93,22.88,22.88,167600,3839510.0
000777.SZ,2026-04-21 09:40:00,22.88,22.88,22.86,22.87,111000,2539075.0
000777.SZ,2026-04-21 09:41:00,22.87,22.88,22.85,22.85,78900,1803955.0
000777.SZ,2026-04-21 09:42:00,22.86,22.86,22.83,22.86,111200,2540392.0
000777.SZ,2026-04-21 09:43:00,22.88,22.88,22.85,22.85,67000,1531277.0
000777.SZ,2026-04-21 09:44:00,22.85,22.86,22.81,22.86,121400,2771306.0
000777.SZ,2026-04-21 09:45:00,22.84,22.9,22.84,22.9,40100,917087.0
000777.SZ,2026-04-21 09:46:00,22.9,22.9,22.85,22.86,71400,1632909.0
000777.SZ,2026-04-21 09:47:00,22.86,22.86,22.82,22.82,107000,2443382.0
000777.SZ,2026-04-21 09:48:00,22.82,22.82,22.78,22.78,201200,4587396.0
000777.SZ,2026-04-21 09:49:00,22.78,22.8,22.77,22.79,81300,1852320.0
000777.SZ,2026-04-21 09:50:00,22.79,22.8,22.77,22.79,57300,1305602.0
000777.SZ,2026-04-21 09:51:00,22.79,22.8,22.74,22.74,140900,3207467.0
000777.SZ,2026-04-21 09:52:00,22.75,22.78,22.75,22.78,32800,746666.0
000777.SZ,2026-04-21 09:53:00,22.78,22.78,22.77,22.78,59600,1357357.0
000777.SZ,2026-04-21 09:54:00,22.77,22.79,22.76,22.77,58500,1332162.0
000777.SZ,2026-04-21 09:55:00,22.76,22.77,22.76,22.77,20300,462162.0
000777.SZ,2026-04-21 09:56:00,22.76,22.77,22.75,22.77,44000,1001502.0
000777.SZ,2026-04-21 09:57:00,22.77,22.8,22.77,22.8,38900,886455.0
000777.SZ,2026-04-21 09:58:00,22.8,22.8,22.79,22.8,23200,528918.0
000777.SZ,2026-04-21 09:59:00,22.8,22.8,22.79,22.79,46200,1053190.0
000777.SZ,2026-04-21 10:00:00,22.79,22.8,22.79,22.8,19800,451398.0
000777.SZ,2026-04-21 10:01:00,22.79,22.81,22.79,22.81,41300,941704.0
000777.SZ,2026-04-21 10:02:00,22.81,22.81,22.78,22.78,88100,2007985.0
000777.SZ,2026-04-21 10:03:00,22.77,22.78,22.77,22.77,27600,628503.0
000777.SZ,2026-04-21 10:04:00,22.76,22.79,22.76,22.79,93300,2124061.0
000777.SZ,2026-04-21 10:05:00,22.78,22.8,22.78,22.8,35300,804559.0
000777.SZ,2026-04-21 10:06:00,22.8,22.8,22.77,22.78,64900,1478389.0
000777.SZ,2026-04-21 10:07:00,22.78,22.8,22.77,22.78,13600,309898.0
000777.SZ,2026-04-21 10:08:00,22.78,22.8,22.78,22.8,37400,852562.0
000777.SZ,2026-04-21 10:09:00,22.8,22.8,22.76,22.76,76700,1746721.0
000777.SZ,2026-04-21 10:10:00,22.77,22.77,22.74,22.74,121000,2752637.0
000777.SZ,2026-04-21 10:11:00,22.74,22.74,22.7,22.71,157300,3573982.0
000777.SZ,2026-04-21 10:12:00,22.72,22.75,22.72,22.75,28500,647988.0
000777.SZ,2026-04-21 10:13:00,22.75,22.76,22.75,22.76,29802,678033.5
000777.SZ,2026-04-21 10:14:00,22.76,22.78,22.76,22.77,26600,605785.0
000777.SZ,2026-04-21 10:15:00,22.77,22.78,22.75,22.75,49300,1122198.0
000777.SZ,2026-04-21 10:16:00,22.75,22.76,22.75,22.75,10300,234385.0
000777.SZ,2026-04-21 10:17:00,22.76,22.77,22.76,22.77,11800,268568.0
000777.SZ,2026-04-21 10:18:00,22.76,22.76,22.76,22.76,6500,147940.0
000777.SZ,2026-04-21 10:19:00,22.77,22.77,22.76,22.76,21800,496179.0
000777.SZ,2026-04-21 10:20:00,22.76,22.77,22.76,22.77,3800,86517.0
000777.SZ,2026-04-21 10:21:00,22.76,22.77,22.73,22.73,32100,730213.0
000777.SZ,2026-04-21 10:22:00,22.74,22.74,22.72,22.73,16500,375053.0
000777.SZ,2026-04-21 10:23:00,22.73,22.74,22.72,22.73,41100,934111.0
000777.SZ,2026-04-21 10:24:00,22.73,22.73,22.72,22.72,27100,615793.0
000777.SZ,2026-04-21 10:25:00,22.72,22.74,22.72,22.73,6400,145492.0
000777.SZ,2026-04-21 10:26:00,22.73,22.74,22.73,22.73,8600,195541.0
000777.SZ,2026-04-21 10:27:00,22.73,22.74,22.72,22.74,20800,472886.0
000777.SZ,2026-04-21 10:28:00,22.74,22.75,22.74,22.74,16800,382123.0
000777.SZ,2026-04-21 10:29:00,22.76,22.77,22.76,22.77,12900,293695.0
000777.SZ,2026-04-21 10:30:00,22.77,22.77,22.75,22.75,28500,648696.0
000777.SZ,2026-04-21 10:31:00,22.74,22.77,22.74,22.76,27400,623358.0
000777.SZ,2026-04-21 10:32:00,22.78,22.8,22.77,22.79,12600,287090.0
000777.SZ,2026-04-21 10:33:00,22.77,22.79,22.76,22.78,30100,685420.0
000777.SZ,2026-04-21 10:34:00,22.78,22.78,22.74,22.74,83800,1906805.0
000777.SZ,2026-04-21 10:35:00,22.74,22.74,22.73,22.74,26600,604705.0
000777.SZ,2026-04-21 10:36:00,22.73,22.73,22.72,22.72,18800,427191.0
000777.SZ,2026-04-21 10:37:00,22.71,22.75,22.71,22.74,32600,740832.0
000777.SZ,2026-04-21 10:38:00,22.75,22.75,22.72,22.74,55200,1254755.0
000777.SZ,2026-04-21 10:39:00,22.72,22.76,22.71,22.72,23000,522659.0
000777.SZ,2026-04-21 10:40:00,22.72,22.74,22.72,22.74,4800,109142.0
000777.SZ,2026-04-21 10:41:00,22.77,22.78,22.75,22.77,13600,309605.0
000777.SZ,2026-04-21 10:42:00,22.77,22.78,22.74,22.75,18500,421089.0
000777.SZ,2026-04-21 10:43:00,22.75,22.75,22.73,22.74,38600,877937.0
000777.SZ,2026-04-21 10:44:00,22.76,22.77,22.73,22.77,22300,507367.0
000777.SZ,2026-04-21 10:45:00,22.77,22.78,22.75,22.77,17000,387078.0
000777.SZ,2026-04-21 10:46:00,22.76,22.76,22.75,22.76,29100,662110.0
000777.SZ,2026-04-21 10:47:00,22.75,22.75,22.74,22.74,8100,184269.0
000777.SZ,2026-04-21 10:48:00,22.75,22.75,22.74,22.75,6400,145576.0
000777.SZ,2026-04-21 10:49:00,22.75,22.76,22.75,22.75,8800,200221.0
000777.SZ,2026-04-21 10:50:00,22.75,22.76,22.75,22.76,24200,550635.0
000777.SZ,2026-04-21 10:51:00,22.75,22.77,22.75,22.76,18800,427896.0
000777.SZ,2026-04-21 10:52:00,22.76,22.77,22.75,22.77,10900,248188.0
000777.SZ,2026-04-21 10:53:00,22.78,22.78,22.77,22.77,17900,407656.0
000777.SZ,2026-04-21 10:54:00,22.77,22.78,22.77,22.78,13000,296056.0
000777.SZ,2026-04-21 10:55:00,22.77,22.78,22.77,22.78,1500,34167.0
000777.SZ,2026-04-21 10:56:00,22.78,22.78,22.77,22.77,15900,362148.0
000777.SZ,2026-04-21 10:57:00,22.78,22.78,22.76,22.77,43900,999713.0
000777.SZ,2026-04-21 10:58:00,22.77,22.77,22.76,22.76,4900,111562.0
000777.SZ,2026-04-21 10:59:00,22.76,22.77,22.76,22.77,8100,184405.0
000777.SZ,2026-04-21 11:00:00,22.77,22.79,22.77,22.79,7100,161795.0
000777.SZ,2026-04-21 11:01:00,22.79,22.79,22.76,22.77,30100,685415.0
000777.SZ,2026-04-21 11:02:00,22.77,22.78,22.77,22.77,18200,414419.0
000777.SZ,2026-04-21 11:03:00,22.77,22.78,22.77,22.78,1500,34156.0
000777.SZ,2026-04-21 11:04:00,22.78,22.78,22.77,22.78,5400,123002.0
000777.SZ,2026-04-21 11:05:00,22.77,22.79,22.77,22.77,4700,107076.0
000777.SZ,2026-04-21 11:06:00,22.79,22.79,22.76,22.77,22100,503223.0
000777.SZ,2026-04-21 11:07:00,22.76,22.77,22.76,22.77,10700,243579.0
000777.SZ,2026-04-21 11:08:00,22.76,22.76,22.75,22.75,69600,1583816.0
000777.SZ,2026-04-21 11:09:00,22.75,22.75,22.74,22.75,2500,56874.0
000777.SZ,2026-04-21 11:10:00,22.75,22.76,22.75,22.76,7800,177502.0
000777.SZ,2026-04-21 11:11:00,22.76,22.76,22.75,22.76,12000,273083.0
000777.SZ,2026-04-21 11:12:00,22.76,22.77,22.76,22.77,9400,213956.0
000777.SZ,2026-04-21 11:13:00,22.78,22.78,22.77,22.77,4600,104745.0
000777.SZ,2026-04-21 11:14:00,22.77,22.77,22.76,22.76,12700,289068.0
000777.SZ,2026-04-21 11:15:00,22.78,22.78,22.78,22.78,19100,435078.0
000777.SZ,2026-04-21 11:16:00,22.76,22.79,22.76,22.78,17600,400923.0
000777.SZ,2026-04-21 11:17:00,22.78,22.78,22.76,22.77,10700,243719.0
000777.SZ,2026-04-21 11:18:00,22.77,22.78,22.77,22.78,5200,118412.0
000777.SZ,2026-04-21 11:19:00,22.78,22.78,22.76,22.76,800,18216.0
000777.SZ,2026-04-21 11:20:00,22.78,22.78,22.76,22.78,3000,68319.0
000777.SZ,2026-04-21 11:21:00,22.77,22.78,22.77,22.78,13800,314298.0
000777.SZ,2026-04-21 11:22:00,22.76,22.77,22.76,22.77,4500,102433.0
000777.SZ,2026-04-21 11:23:00,22.76,22.77,22.76,22.77,5100,116111.0
000777.SZ,2026-04-21 11:24:00,22.76,22.78,22.76,22.78,4300,97906.0
000777.SZ,2026-04-21 11:25:00,22.77,22.79,22.77,22.79,14200,323396.0
000777.SZ,2026-04-21 11:26:00,22.79,22.79,22.77,22.77,95600,2178325.0
000777.SZ,2026-04-21 11:27:00,22.77,22.77,22.76,22.77,17100,389301.0
000777.SZ,2026-04-21 11:28:00,22.75,22.76,22.75,22.76,23400,532580.0
000777.SZ,2026-04-21 11:29:00,22.77,22.78,22.76,22.78,8700,198082.0
000777.SZ,2026-04-21 11:30:00,22.76,22.78,22.76,22.76,27700,630427.0
000777.SZ,2026-04-21 13:01:00,22.75,22.76,22.75,22.76,20000,455331.0
000777.SZ,2026-04-21 13:02:00,22.75,22.76,22.75,22.76,2400,54620.0
000777.SZ,2026-04-21 13:03:00,22.77,22.77,22.76,22.76,15100,343720.0
000777.SZ,2026-04-21 13:04:00,22.77,22.77,22.76,22.76,10100,229932.0
000777.SZ,2026-04-21 13:05:00,22.77,22.79,22.77,22.79,26936,613589.06
000777.SZ,2026-04-21 13:06:00,22.78,22.8,22.78,22.79,26000,592604.0
000777.SZ,2026-04-21 13:07:00,22.8,22.81,22.8,22.81,9700,221168.0
000777.SZ,2026-04-21 13:08:00,22.82,22.82,22.81,22.81,15100,344508.0
000777.SZ,2026-04-21 13:09:00,22.82,22.82,22.8,22.8,6500,148250.0
000777.SZ,2026-04-21 13:10:00,22.8,22.81,22.8,22.81,17500,399040.0
000777.SZ,2026-04-21 13:11:00,22.81,22.82,22.79,22.79,31800,725107.0
000777.SZ,2026-04-21 13:12:00,22.79,22.79,22.78,22.79,7000,159509.0
000777.SZ,2026-04-21 13:13:00,22.79,22.79,22.78,22.78,7400,168636.0
000777.SZ,2026-04-21 13:14:00,22.79,22.79,22.77,22.77,29964,682497.94
000777.SZ,2026-04-21 13:15:00,22.77,22.79,22.77,22.79,8700,198116.0
000777.SZ,2026-04-21 13:16:00,22.79,22.8,22.77,22.8,15000,341761.0
000777.SZ,2026-04-21 13:17:00,22.8,22.85,22.79,22.85,56000,1276948.0
000777.SZ,2026-04-21 13:18:00,22.85,22.85,22.84,22.85,30000,685376.0
000777.SZ,2026-04-21 13:19:00,22.85,22.85,22.82,22.82,17200,392724.0
000777.SZ,2026-04-21 13:20:00,22.82,22.82,22.8,22.81,17100,390075.0
000777.SZ,2026-04-21 13:21:00,22.81,22.83,22.81,22.82,15800,360653.0
000777.SZ,2026-04-21 13:22:00,22.8,22.82,22.8,22.8,45100,1028585.0
000777.SZ,2026-04-21 13:23:00,22.81,22.81,22.79,22.8,5500,125396.0
000777.SZ,2026-04-21 13:24:00,22.79,22.8,22.78,22.79,10000,227913.0
000777.SZ,2026-04-21 13:25:00,22.79,22.8,22.79,22.79,7500,170948.0
000777.SZ,2026-04-21 13:26:00,22.78,22.79,22.78,22.79,9700,221026.0
000777.SZ,2026-04-21 13:27:00,22.78,22.78,22.78,22.78,8200,186796.0
000777.SZ,2026-04-21 13:28:00,22.78,22.79,22.78,22.79,9100,207330.0
000777.SZ,2026-04-21 13:29:00,22.79,22.79,22.78,22.79,5400,123050.0
000777.SZ,2026-04-21 13:30:00,22.79,22.8,22.78,22.79,3700,84328.0
000777.SZ,2026-04-21 13:31:00,22.79,22.79,22.79,22.79,2600,59254.0
000777.SZ,2026-04-21 13:32:00,22.79,22.8,22.79,22.8,8500,193758.0
000777.SZ,2026-04-21 13:33:00,22.8,22.8,22.79,22.8,17400,396642.0
000777.SZ,2026-04-21 13:34:00,22.8,22.8,22.79,22.79,5800,132191.0
000777.SZ,2026-04-21 13:35:00,22.8,22.8,22.79,22.8,7400,168719.0
000777.SZ,2026-04-21 13:36:00,22.8,22.8,22.79,22.79,6600,150429.0
000777.SZ,2026-04-21 13:37:00,22.79,22.79,22.79,22.79,9100,207399.0
000777.SZ,2026-04-21 13:38:00,22.79,22.81,22.79,22.81,17500,399057.0
000777.SZ,2026-04-21 13:39:00,22.82,22.83,22.81,22.81,7600,173385.0
000777.SZ,2026-04-21 13:40:00,22.81,22.81,22.8,22.8,6700,152793.0
000777.SZ,2026-04-21 13:41:00,22.81,22.82,22.81,22.82,16400,374099.0
000777.SZ,2026-04-21 13:42:00,22.82,22.83,22.81,22.83,8700,198528.0
000777.SZ,2026-04-21 13:43:00,22.83,22.84,22.81,22.84,11900,271722.0
000777.SZ,2026-04-21 13:44:00,22.84,22.84,22.83,22.83,10400,237514.0
000777.SZ,2026-04-21 13:45:00,22.83,22.84,22.83,22.84,4300,98196.0
000777.SZ,2026-04-21 13:46:00,22.83,22.84,22.83,22.84,7400,169005.0
000777.SZ,2026-04-21 13:47:00,22.84,22.84,22.83,22.84,13300,303742.0
000777.SZ,2026-04-21 13:48:00,22.83,22.83,22.83,22.83,12100,276244.0
000777.SZ,2026-04-21 13:49:00,22.82,22.83,22.81,22.82,11200,255586.0
000777.SZ,2026-04-21 13:50:00,22.81,22.82,22.81,22.82,4100,93548.0
000777.SZ,2026-04-21 13:51:00,22.81,22.82,22.81,22.82,15700,358134.0
000777.SZ,2026-04-21 13:52:00,22.81,22.82,22.81,22.81,10000,228106.0
000777.SZ,2026-04-21 13:53:00,22.81,22.81,22.8,22.8,20200,460566.0
000777.SZ,2026-04-21 13:54:00,22.81,22.81,22.8,22.81,7900,180160.0
000777.SZ,2026-04-21 13:55:00,22.81,22.82,22.8,22.81,21100,481269.0
000777.SZ,2026-04-21 13:56:00,22.8,22.82,22.8,22.82,6900,157450.0
000777.SZ,2026-04-21 13:57:00,22.81,22.82,22.81,22.82,10100,230394.0
000777.SZ,2026-04-21 13:58:00,22.81,22.82,22.81,22.82,22400,511017.0
000777.SZ,2026-04-21 13:59:00,22.82,22.82,22.81,22.81,12300,280634.0
000777.SZ,2026-04-21 14:00:00,22.81,22.81,22.79,22.79,88700,2022107.0
000777.SZ,2026-04-21 14:01:00,22.78,22.79,22.78,22.78,32900,749477.0
000777.SZ,2026-04-21 14:02:00,22.77,22.78,22.76,22.77,57600,1311535.0
000777.SZ,2026-04-21 14:03:00,22.75,22.76,22.75,22.76,18400,418779.0
000777.SZ,2026-04-21 14:04:00,22.75,22.75,22.74,22.75,56300,1280813.0
000777.SZ,2026-04-21 14:05:00,22.74,22.74,22.72,22.74,77100,1752714.0
000777.SZ,2026-04-21 14:06:00,22.72,22.74,22.72,22.74,18500,420462.0
000777.SZ,2026-04-21 14:07:00,22.74,22.74,22.73,22.73,15200,345615.0
000777.SZ,2026-04-21 14:08:00,22.73,22.74,22.73,22.73,8100,184140.0
000777.SZ,2026-04-21 14:09:00,22.73,22.74,22.73,22.74,13700,311498.0
000777.SZ,2026-04-21 14:10:00,22.74,22.74,22.73,22.73,19200,436471.0
000777.SZ,2026-04-21 14:11:00,22.73,22.73,22.73,22.73,9700,220481.0
000777.SZ,2026-04-21 14:12:00,22.74,22.74,22.73,22.74,2200,50024.0
000777.SZ,2026-04-21 14:13:00,22.74,22.74,22.73,22.73,20300,461478.0
000777.SZ,2026-04-21 14:14:00,22.73,22.73,22.72,22.72,20600,468044.0
000777.SZ,2026-04-21 14:15:00,22.72,22.73,22.72,22.73,31800,722565.0
000777.SZ,2026-04-21 14:16:00,22.73,22.73,22.73,22.73,12500,284125.0
000777.SZ,2026-04-21 14:17:00,22.73,22.73,22.71,22.71,34500,783962.0
000777.SZ,2026-04-21 14:18:00,22.71,22.72,22.71,22.71,10900,247581.0
000777.SZ,2026-04-21 14:19:00,22.72,22.72,22.71,22.71,42000,953935.0
000777.SZ,2026-04-21 14:20:00,22.72,22.73,22.71,22.73,47300,1074849.0
000777.SZ,2026-04-21 14:21:00,22.73,22.73,22.72,22.73,35600,808876.0
000777.SZ,2026-04-21 14:22:00,22.72,22.74,22.72,22.73,39400,895289.0
000777.SZ,2026-04-21 14:23:00,22.73,22.74,22.72,22.73,7400,168206.0
000777.SZ,2026-04-21 14:24:00,22.73,22.74,22.73,22.74,12000,272763.0
000777.SZ,2026-04-21 14:25:00,22.73,22.73,22.72,22.73,16700,379550.0
000777.SZ,2026-04-21 14:26:00,22.73,22.74,22.73,22.74,9400,213683.0
000777.SZ,2026-04-21 14:27:00,22.74,22.74,22.73,22.73,20400,463866.0
000777.SZ,2026-04-21 14:28:00,22.74,22.75,22.74,22.74,10154,230924.95
000777.SZ,2026-04-21 14:29:00,22.74,22.75,22.74,22.74,10000,227426.0
000777.SZ,2026-04-21 14:30:00,22.74,22.75,22.74,22.75,10200,231986.0
000777.SZ,2026-04-21 14:31:00,22.75,22.78,22.75,22.78,30800,700942.0
000777.SZ,2026-04-21 14:32:00,22.77,22.78,22.77,22.78,5700,129793.0
000777.SZ,2026-04-21 14:33:00,22.78,22.82,22.77,22.82,81000,1845782.0
000777.SZ,2026-04-21 14:34:00,22.82,22.83,22.79,22.82,8500,193831.0
000777.SZ,2026-04-21 14:35:00,22.81,22.81,22.79,22.79,10900,248431.0
000777.SZ,2026-04-21 14:36:00,22.79,22.8,22.78,22.8,20500,467182.0
000777.SZ,2026-04-21 14:37:00,22.78,22.79,22.78,22.79,20300,462468.0
000777.SZ,2026-04-21 14:38:00,22.79,22.79,22.78,22.78,12600,287059.0
000777.SZ,2026-04-21 14:39:00,22.78,22.78,22.76,22.77,10400,236835.0
000777.SZ,2026-04-21 14:40:00,22.77,22.77,22.76,22.77,61000,1388485.0
000777.SZ,2026-04-21 14:41:00,22.76,22.77,22.75,22.75,33400,760082.0
000777.SZ,2026-04-21 14:42:00,22.76,22.77,22.76,22.77,71103,1618350.2
000777.SZ,2026-04-21 14:43:00,22.77,22.79,22.77,22.78,17100,389446.0
000777.SZ,2026-04-21 14:44:00,22.78,22.78,22.76,22.76,14900,339327.0
000777.SZ,2026-04-21 14:45:00,22.77,22.77,22.75,22.76,22600,514291.0
000777.SZ,2026-04-21 14:46:00,22.77,22.78,22.77,22.77,8400,191295.0
000777.SZ,2026-04-21 14:47:00,22.78,22.78,22.78,22.78,35000,797189.0
000777.SZ,2026-04-21 14:48:00,22.77,22.79,22.77,22.78,56300,1282188.0
000777.SZ,2026-04-21 14:49:00,22.78,22.8,22.78,22.8,44600,1016427.0
000777.SZ,2026-04-21 14:50:00,22.8,22.8,22.76,22.8,44400,1011480.0
000777.SZ,2026-04-21 14:51:00,22.8,22.82,22.8,22.82,70300,1603165.0
000777.SZ,2026-04-21 14:52:00,22.82,22.82,22.8,22.81,17900,408319.0
000777.SZ,2026-04-21 14:53:00,22.82,22.82,22.81,22.82,32100,732419.0
000777.SZ,2026-04-21 14:54:00,22.82,22.82,22.81,22.82,18700,426690.0
000777.SZ,2026-04-21 14:55:00,22.81,22.83,22.81,22.81,39200,894519.0
000777.SZ,2026-04-21 14:56:00,22.82,22.82,22.81,22.81,34200,780371.0
000777.SZ,2026-04-21 14:57:00,22.82,22.83,22.81,22.82,59800,1364658.0
000777.SZ,2026-04-21 14:58:00,22.82,22.82,22.82,22.82,0,0.0
000777.SZ,2026-04-21 14:59:00,22.82,22.82,22.82,22.82,0,0.0
000777.SZ,2026-04-21 15:00:00,22.82,22.82,22.82,22.82,64000,1460480.0
000777.SZ,2026-04-22 09:30:00,22.82,22.82,22.78,22.82,47200,1077020.0
000777.SZ,2026-04-22 09:31:00,22.8,22.84,22.66,22.75,77600,1766338.0
000777.SZ,2026-04-22 09:32:00,22.71,22.82,22.71,22.71,42400,965265.0
000777.SZ,2026-04-22 09:33:00,22.68,22.69,22.66,22.68,121300,2750781.0
000777.SZ,2026-04-22 09:34:00,22.68,22.75,22.65,22.75,97854,2218928.2
000777.SZ,2026-04-22 09:35:00,22.7,22.72,22.61,22.65,83600,1894730.0
000777.SZ,2026-04-22 09:36:00,22.7,22.7,22.36,22.42,577600,13021970.0
000777.SZ,2026-04-22 09:37:00,22.41,22.46,22.36,22.45,319100,7149528.0
000777.SZ,2026-04-22 09:38:00,22.46,22.5,22.45,22.47,114600,2573886.0
000777.SZ,2026-04-22 09:39:00,22.46,22.46,22.38,22.38,280700,6294228.0
000777.SZ,2026-04-22 09:40:00,22.39,22.39,22.28,22.33,766500,17104086.0
000777.SZ,2026-04-22 09:41:00,22.33,22.33,22.21,22.21,417600,9308243.0
000777.SZ,2026-04-22 09:42:00,22.21,22.21,22.13,22.19,618000,13704527.0
000777.SZ,2026-04-22 09:43:00,22.23,22.23,22.19,22.23,218100,4841486.0
000777.SZ,2026-04-22 09:44:00,22.23,22.26,22.23,22.26,262600,5838747.0
000777.SZ,2026-04-22 09:45:00,22.25,22.28,22.24,22.27,100800,2244036.0
000777.SZ,2026-04-22 09:46:00,22.27,22.27,22.25,22.27,204140,4543783.0
000777.SZ,2026-04-22 09:47:00,22.25,22.29,22.25,22.29,170300,3790516.0
000777.SZ,2026-04-22 09:48:00,22.28,22.29,22.27,22.28,95100,2118459.0
000777.SZ,2026-04-22 09:49:00,22.28,22.29,22.28,22.29,69200,1541876.0
000777.SZ,2026-04-22 09:50:00,22.28,22.28,22.24,22.24,471560,10496289.0
000777.SZ,2026-04-22 09:51:00,22.24,22.26,22.21,22.23,130800,2908395.0
000777.SZ,2026-04-22 09:52:00,22.22,22.23,22.2,22.2,115700,2569992.0
000777.SZ,2026-04-22 09:53:00,22.2,22.21,22.17,22.21,181700,4032965.0
000777.SZ,2026-04-22 09:54:00,22.2,22.2,22.17,22.17,106300,2357540.0
000777.SZ,2026-04-22 09:55:00,22.16,22.17,22.14,22.14,205600,4554730.0
000777.SZ,2026-04-22 09:56:00,22.14,22.23,22.13,22.23,255400,5662605.0
000777.SZ,2026-04-22 09:57:00,22.23,22.34,22.23,22.33,144900,3228975.0
000777.SZ,2026-04-22 09:58:00,22.33,22.34,22.29,22.29,71300,1590327.0
000777.SZ,2026-04-22 09:59:00,22.29,22.29,22.22,22.23,52800,1175473.0
000777.SZ,2026-04-22 10:00:00,22.24,22.26,22.23,22.25,37000,822962.0
000777.SZ,2026-04-22 10:01:00,22.26,22.28,22.26,22.26,25500,567740.0
000777.SZ,2026-04-22 10:02:00,22.25,22.26,22.23,22.24,68000,1512856.0
000777.SZ,2026-04-22 10:03:00,22.22,22.22,22.2,22.2,100600,2234441.0
000777.SZ,2026-04-22 10:04:00,22.18,22.2,22.17,22.19,60485,1341503.5
000777.SZ,2026-04-22 10:05:00,22.2,22.21,22.15,22.17,279900,6203672.5
000777.SZ,2026-04-22 10:06:00,22.18,22.18,22.15,22.16,76000,1684210.0
000777.SZ,2026-04-22 10:07:00,22.16,22.17,22.15,22.17,61000,1351697.0
000777.SZ,2026-04-22 10:08:00,22.17,22.18,22.16,22.18,99200,2198933.0
000777.SZ,2026-04-22 10:09:00,22.17,22.18,22.17,22.18,42500,942448.0
000777.SZ,2026-04-22 10:10:00,22.18,22.18,22.15,22.17,86800,1924039.0
000777.SZ,2026-04-22 10:11:00,22.17,22.17,22.16,22.16,27800,616173.0
000777.SZ,2026-04-22 10:12:00,22.16,22.17,22.16,22.17,46400,1028448.0
000777.SZ,2026-04-22 10:13:00,22.17,22.18,22.16,22.17,87300,1935494.0
000777.SZ,2026-04-22 10:14:00,22.17,22.2,22.17,22.19,38800,860709.0
000777.SZ,2026-04-22 10:15:00,22.19,22.19,22.18,22.18,39900,885211.0
000777.SZ,2026-04-22 10:16:00,22.19,22.22,22.18,22.22,92500,2052994.0
000777.SZ,2026-04-22 10:17:00,22.22,22.22,22.18,22.18,103000,2286121.0
000777.SZ,2026-04-22 10:18:00,22.18,22.2,22.18,22.19,29500,654429.0
000777.SZ,2026-04-22 10:19:00,22.19,22.19,22.18,22.19,30100,667913.0
000777.SZ,2026-04-22 10:20:00,22.19,22.2,22.18,22.2,42000,931850.0
000777.SZ,2026-04-22 10:21:00,22.2,22.2,22.19,22.2,26500,588210.0
000777.SZ,2026-04-22 10:22:00,22.2,22.21,22.19,22.2,68100,1511591.0
000777.SZ,2026-04-22 10:23:00,22.21,22.22,22.2,22.22,41000,910621.0
000777.SZ,2026-04-22 10:24:00,22.22,22.22,22.2,22.22,20600,457522.0
000777.SZ,2026-04-22 10:25:00,22.22,22.22,22.2,22.21,28900,641733.0
000777.SZ,2026-04-22 10:26:00,22.21,22.25,22.21,22.25,68100,1513490.0
000777.SZ,2026-04-22 10:27:00,22.23,22.26,22.23,22.26,34700,771953.0
000777.SZ,2026-04-22 10:28:00,22.26,22.29,22.26,22.29,29800,663544.0
000777.SZ,2026-04-22 10:29:00,22.28,22.3,22.28,22.3,53400,1190574.0
000777.SZ,2026-04-22 10:30:00,22.29,22.3,22.26,22.26,109300,2435861.0
000777.SZ,2026-04-22 10:31:00,22.26,22.27,22.25,22.27,15600,347253.0
000777.SZ,2026-04-22 10:32:00,22.27,22.27,22.25,22.25,35800,796941.0
000777.SZ,2026-04-22 10:33:00,22.26,22.26,22.23,22.24,15500,344817.0
000777.SZ,2026-04-22 10:34:00,22.24,22.24,22.22,22.22,33700,749158.0
000777.SZ,2026-04-22 10:35:00,22.22,22.24,22.22,22.23,20500,455621.0
000777.SZ,2026-04-22 10:36:00,22.23,22.23,22.22,22.23,13000,288949.0
000777.SZ,2026-04-22 10:37:00,22.22,22.23,22.22,22.23,13800,306737.0
000777.SZ,2026-04-22 10:38:00,22.24,22.24,22.22,22.23,18000,400018.0
000777.SZ,2026-04-22 10:39:00,22.23,22.23,22.22,22.23,30500,677760.0
000777.SZ,2026-04-22 10:40:00,22.22,22.24,22.22,22.22,30700,682513.0
000777.SZ,2026-04-22 10:41:00,22.22,22.24,22.22,22.24,15600,346864.0
000777.SZ,2026-04-22 10:42:00,22.24,22.25,22.23,22.23,20300,451319.0
000777.SZ,2026-04-22 10:43:00,22.23,22.24,22.22,22.22,27400,608978.0
000777.SZ,2026-04-22 10:44:00,22.23,22.23,22.21,22.21,22300,495468.0
000777.SZ,2026-04-22 10:45:00,22.22,22.22,22.21,22.21,42600,946188.0
000777.SZ,2026-04-22 10:46:00,22.22,22.22,22.21,22.22,71200,1581263.0
000777.SZ,2026-04-22 10:47:00,22.2,22.22,22.2,22.2,58300,1294487.0
000777.SZ,2026-04-22 10:48:00,22.2,22.21,22.2,22.21,63200,1403146.0
000777.SZ,2026-04-22 10:49:00,22.21,22.21,22.2,22.2,75700,1680842.0
000777.SZ,2026-04-22 10:50:00,22.21,22.21,22.19,22.19,29200,648195.0
000777.SZ,2026-04-22 10:51:00,22.19,22.2,22.19,22.19,65700,1458001.0
000777.SZ,2026-04-22 10:52:00,22.19,22.2,22.19,22.2,21300,472692.0
000777.SZ,2026-04-22 10:53:00,22.19,22.2,22.19,22.2,19300,428414.0
000777.SZ,2026-04-22 10:54:00,22.21,22.21,22.2,22.2,17900,397393.0
000777.SZ,2026-04-22 10:55:00,22.2,22.21,22.2,22.21,36100,801519.0
000777.SZ,2026-04-22 10:56:00,22.21,22.21,22.2,22.2,41100,912464.0
000777.SZ,2026-04-22 10:57:00,22.2,22.21,22.19,22.21,24300,539595.0
000777.SZ,2026-04-22 10:58:00,22.2,22.2,22.19,22.2,29400,652591.0
000777.SZ,2026-04-22 10:59:00,22.19,22.23,22.19,22.23,97058,2155118.0
000777.SZ,2026-04-22 11:00:00,22.22,22.23,22.2,22.23,50900,1130107.0
000777.SZ,2026-04-22 11:01:00,22.2,22.23,22.2,22.22,89000,1976731.0
000777.SZ,2026-04-22 11:02:00,22.22,22.24,22.22,22.23,33400,742682.0
000777.SZ,2026-04-22 11:03:00,22.23,22.24,22.23,22.24,16700,371343.0
000777.SZ,2026-04-22 11:04:00,22.24,22.25,22.23,22.25,26400,587207.0
000777.SZ,2026-04-22 11:05:00,22.25,22.27,22.25,22.27,65600,1459918.0
000777.SZ,2026-04-22 11:06:00,22.27,22.28,22.25,22.28,22600,503214.0
000777.SZ,2026-04-22 11:07:00,22.26,22.28,22.26,22.28,8700,193782.0
000777.SZ,2026-04-22 11:08:00,22.27,22.28,22.27,22.28,50000,1113682.0
000777.SZ,2026-04-22 11:09:00,22.28,22.29,22.27,22.28,12200,271804.0
000777.SZ,2026-04-22 11:10:00,22.27,22.28,22.26,22.26,10400,231601.0
000777.SZ,2026-04-22 11:11:00,22.25,22.26,22.25,22.25,15600,347145.0
000777.SZ,2026-04-22 11:12:00,22.25,22.26,22.25,22.25,18900,420549.0
000777.SZ,2026-04-22 11:13:00,22.24,22.24,22.22,22.22,43700,971457.0
000777.SZ,2026-04-22 11:14:00,22.23,22.23,22.22,22.23,8100,179995.0
000777.SZ,2026-04-22 11:15:00,22.23,22.23,22.22,22.22,8700,193380.0
000777.SZ,2026-04-22 11:16:00,22.22,22.23,22.22,22.22,7800,173366.0
000777.SZ,2026-04-22 11:17:00,22.22,22.23,22.22,22.23,10600,235581.0
000777.SZ,2026-04-22 11:18:00,22.23,22.23,22.22,22.22,8300,184500.0
000777.SZ,2026-04-22 11:19:00,22.23,22.23,22.22,22.22,14400,319992.0
000777.SZ,2026-04-22 11:20:00,22.22,22.23,22.22,22.22,19300,428898.0
000777.SZ,2026-04-22 11:21:00,22.22,22.23,22.22,22.22,13000,288876.0
000777.SZ,2026-04-22 11:22:00,22.23,22.23,22.22,22.22,19300,428995.0
000777.SZ,2026-04-22 11:23:00,22.23,22.23,22.22,22.22,9300,206662.0
000777.SZ,2026-04-22 11:24:00,22.23,22.23,22.22,22.22,19100,424403.0
000777.SZ,2026-04-22 11:25:00,22.22,22.23,22.22,22.23,3600,79997.0
000777.SZ,2026-04-22 11:26:00,22.22,22.23,22.22,22.23,15400,342249.0
000777.SZ,2026-04-22 11:27:00,22.22,22.23,22.22,22.23,13000,288969.0
000777.SZ,2026-04-22 11:28:00,22.22,22.27,22.22,22.27,78100,1737490.0
000777.SZ,2026-04-22 11:29:00,22.24,22.28,22.24,22.27,7600,169191.0
000777.SZ,2026-04-22 11:30:00,22.27,22.27,22.25,22.27,41000,912746.0
000777.SZ,2026-04-22 13:01:00,22.25,22.28,22.25,22.26,82700,1840846.0
000777.SZ,2026-04-22 13:02:00,22.27,22.27,22.25,22.25,16600,369508.0
000777.SZ,2026-04-22 13:03:00,22.25,22.26,22.24,22.25,20700,460524.0
000777.SZ,2026-04-22 13:04:00,22.24,22.25,22.23,22.23,12800,284601.0
000777.SZ,2026-04-22 13:05:00,22.24,22.24,22.22,22.22,24900,553494.0
000777.SZ,2026-04-22 13:06:00,22.22,22.23,22.21,22.21,41900,930826.0
000777.SZ,2026-04-22 13:07:00,22.21,22.21,22.21,22.21,15100,335376.0
000777.SZ,2026-04-22 13:08:00,22.21,22.22,22.21,22.22,26400,586499.0
000777.SZ,2026-04-22 13:09:00,22.22,22.22,22.21,22.21,31400,697549.0
000777.SZ,2026-04-22 13:10:00,22.21,22.21,22.2,22.2,70300,1561028.0
000777.SZ,2026-04-22 13:11:00,22.2,22.21,22.19,22.2,28500,632594.0
000777.SZ,2026-04-22 13:12:00,22.19,22.2,22.19,22.2,26000,576986.0
000777.SZ,2026-04-22 13:13:00,22.19,22.2,22.19,22.19,86100,1910754.0
000777.SZ,2026-04-22 13:14:00,22.18,22.2,22.18,22.2,9100,201970.42
000777.SZ,2026-04-22 13:15:00,22.2,22.2,22.19,22.19,25300,561439.0
000777.SZ,2026-04-22 13:16:00,22.19,22.2,22.18,22.19,26800,594689.0
000777.SZ,2026-04-22 13:17:00,22.19,22.2,22.19,22.19,20400,452686.0
000777.SZ,2026-04-22 13:18:00,22.19,22.19,22.18,22.19,60400,1339804.0
000777.SZ,2026-04-22 13:19:00,22.19,22.19,22.18,22.18,22700,503613.0
000777.SZ,2026-04-22 13:20:00,22.19,22.19,22.18,22.19,51700,1146915.0
000777.SZ,2026-04-22 13:21:00,22.19,22.19,22.18,22.19,11700,259582.0
000777.SZ,2026-04-22 13:22:00,22.18,22.19,22.18,22.19,44300,982605.0
000777.SZ,2026-04-22 13:23:00,22.19,22.2,22.18,22.2,55400,1229256.0
000777.SZ,2026-04-22 13:24:00,22.2,22.25,22.2,22.25,42500,943896.0
000777.SZ,2026-04-22 13:25:00,22.24,22.25,22.24,22.25,17900,398201.0
000777.SZ,2026-04-22 13:26:00,22.24,22.24,22.21,22.21,26300,584497.0
000777.SZ,2026-04-22 13:27:00,22.21,22.22,22.2,22.22,24100,535256.0
000777.SZ,2026-04-22 13:28:00,22.22,22.22,22.21,22.21,27400,608716.0
000777.SZ,2026-04-22 13:29:00,22.21,22.22,22.21,22.21,16792,372983.3
000777.SZ,2026-04-22 13:30:00,22.22,22.22,22.21,22.21,28900,641936.0
000777.SZ,2026-04-22 13:31:00,22.21,22.22,22.21,22.22,25608,568802.75
000777.SZ,2026-04-22 13:32:00,22.22,22.23,22.21,22.23,45792,1017546.3
000777.SZ,2026-04-22 13:33:00,22.23,22.25,22.23,22.24,20200,449336.0
000777.SZ,2026-04-22 13:34:00,22.25,22.26,22.25,22.26,19300,429487.0
000777.SZ,2026-04-22 13:35:00,22.26,22.26,22.25,22.26,9700,215892.0
000777.SZ,2026-04-22 13:36:00,22.26,22.27,22.25,22.26,46500,1034967.0
000777.SZ,2026-04-22 13:37:00,22.26,22.26,22.25,22.26,11500,255906.0
000777.SZ,2026-04-22 13:38:00,22.25,22.25,22.25,22.25,26000,578475.0
000777.SZ,2026-04-22 13:39:00,22.25,22.3,22.25,22.3,106800,2379103.0
000777.SZ,2026-04-22 13:40:00,22.31,22.35,22.3,22.35,70200,1567144.0
000777.SZ,2026-04-22 13:41:00,22.36,22.36,22.31,22.33,66300,1481482.0
000777.SZ,2026-04-22 13:42:00,22.31,22.33,22.31,22.31,18600,415148.0
000777.SZ,2026-04-22 13:43:00,22.31,22.32,22.31,22.31,15700,350288.0
000777.SZ,2026-04-22 13:44:00,22.31,22.32,22.31,22.31,8500,189666.0
000777.SZ,2026-04-22 13:45:00,22.31,22.31,22.3,22.3,27200,606665.0
000777.SZ,2026-04-22 13:46:00,22.31,22.35,22.31,22.33,45400,1013807.0
000777.SZ,2026-04-22 13:47:00,22.34,22.35,22.34,22.35,3900,87129.0
000777.SZ,2026-04-22 13:48:00,22.34,22.35,22.34,22.34,15600,348507.0
000777.SZ,2026-04-22 13:49:00,22.34,22.35,22.33,22.34,14800,330696.0
000777.SZ,2026-04-22 13:50:00,22.35,22.35,22.34,22.35,13300,297246.0
000777.SZ,2026-04-22 13:51:00,22.35,22.35,22.33,22.34,27900,623160.0
000777.SZ,2026-04-22 13:52:00,22.34,22.34,22.32,22.32,22000,491132.0
000777.SZ,2026-04-22 13:53:00,22.32,22.33,22.32,22.32,9900,220965.0
000777.SZ,2026-04-22 13:54:00,22.32,22.33,22.31,22.33,33500,747657.0
000777.SZ,2026-04-22 13:55:00,22.32,22.33,22.32,22.33,5700,127257.0
000777.SZ,2026-04-22 13:56:00,22.33,22.33,22.31,22.32,28600,638400.0
000777.SZ,2026-04-22 13:57:00,22.31,22.31,22.3,22.3,15400,343549.0
000777.SZ,2026-04-22 13:58:00,22.3,22.31,22.28,22.28,46200,1030140.0
000777.SZ,2026-04-22 13:59:00,22.28,22.3,22.28,22.29,14500,323135.0
000777.SZ,2026-04-22 14:00:00,22.29,22.29,22.28,22.28,8900,198346.0
000777.SZ,2026-04-22 14:01:00,22.28,22.3,22.28,22.3,30900,688566.0
000777.SZ,2026-04-22 14:02:00,22.3,22.3,22.29,22.3,15000,334487.0
000777.SZ,2026-04-22 14:03:00,22.29,22.3,22.29,22.29,21000,468128.0
000777.SZ,2026-04-22 14:04:00,22.29,22.3,22.29,22.3,17500,390197.0
000777.SZ,2026-04-22 14:05:00,22.29,22.3,22.28,22.29,38000,847106.0
000777.SZ,2026-04-22 14:06:00,22.28,22.3,22.28,22.3,99100,2208045.0
000777.SZ,2026-04-22 14:07:00,22.3,22.3,22.28,22.28,6900,153789.0
000777.SZ,2026-04-22 14:08:00,22.29,22.29,22.27,22.28,25000,556994.0
000777.SZ,2026-04-22 14:09:00,22.27,22.28,22.27,22.27,25700,572358.0
000777.SZ,2026-04-22 14:10:00,22.27,22.28,22.27,22.27,21200,472146.0
000777.SZ,2026-04-22 14:11:00,22.27,22.27,22.26,22.26,13300,296091.0
000777.SZ,2026-04-22 14:12:00,22.27,22.27,22.26,22.26,42500,946064.0
000777.SZ,2026-04-22 14:13:00,22.26,22.27,22.26,22.26,24400,543173.0
000777.SZ,2026-04-22 14:14:00,22.26,22.26,22.25,22.25,52700,1172701.0
000777.SZ,2026-04-22 14:15:00,22.25,22.25,22.24,22.24,14000,311484.0
000777.SZ,2026-04-22 14:16:00,22.24,22.25,22.24,22.25,13800,307012.0
000777.SZ,2026-04-22 14:17:00,22.25,22.25,22.24,22.25,13400,298109.0
000777.SZ,2026-04-22 14:18:00,22.26,22.26,22.25,22.26,23000,511921.0
000777.SZ,2026-04-22 14:19:00,22.27,22.27,22.24,22.24,64700,1439700.0
000777.SZ,2026-04-22 14:20:00,22.24,22.25,22.24,22.24,21900,487110.0
000777.SZ,2026-04-22 14:21:00,22.24,22.25,22.24,22.25,14800,329233.0
000777.SZ,2026-04-22 14:22:00,22.24,22.26,22.24,22.26,30700,682952.0
000777.SZ,2026-04-22 14:23:00,22.25,22.27,22.25,22.27,10600,235951.0
000777.SZ,2026-04-22 14:24:00,22.27,22.27,22.26,22.26,10200,227145.0
000777.SZ,2026-04-22 14:25:00,22.26,22.27,22.25,22.26,33000,734593.0
000777.SZ,2026-04-22 14:26:00,22.26,22.27,22.25,22.27,41100,914728.0
000777.SZ,2026-04-22 14:27:00,22.28,22.34,22.28,22.34,85600,1908555.0
000777.SZ,2026-04-22 14:28:00,22.33,22.34,22.33,22.33,51500,1150051.0
000777.SZ,2026-04-22 14:29:00,22.33,22.33,22.32,22.32,13000,290214.0
000777.SZ,2026-04-22 14:30:00,22.32,22.32,22.3,22.3,10700,238756.0
000777.SZ,2026-04-22 14:31:00,22.31,22.31,22.3,22.3,24700,550922.0
000777.SZ,2026-04-22 14:32:00,22.3,22.31,22.29,22.31,35900,800621.0
000777.SZ,2026-04-22 14:33:00,22.31,22.32,22.31,22.31,20400,455141.0
000777.SZ,2026-04-22 14:34:00,22.31,22.32,22.31,22.32,36600,816627.0
000777.SZ,2026-04-22 14:35:00,22.32,22.32,22.31,22.31,33000,736340.0
000777.SZ,2026-04-22 14:36:00,22.32,22.32,22.31,22.31,39600,883576.0
000777.SZ,2026-04-22 14:37:00,22.31,22.31,22.29,22.3,33200,740431.0
000777.SZ,2026-04-22 14:38:00,22.3,22.3,22.29,22.29,29600,659906.0
000777.SZ,2026-04-22 14:39:00,22.3,22.3,22.29,22.29,105600,2353433.0
000777.SZ,2026-04-22 14:40:00,22.29,22.31,22.29,22.31,34300,764782.0
000777.SZ,2026-04-22 14:41:00,22.31,22.31,22.3,22.3,23600,526438.0
000777.SZ,2026-04-22 14:42:00,22.3,22.32,22.29,22.3,48800,1088399.0
000777.SZ,2026-04-22 14:43:00,22.31,22.31,22.3,22.3,59100,1318086.0
000777.SZ,2026-04-22 14:44:00,22.29,22.31,22.29,22.3,19500,434844.0
000777.SZ,2026-04-22 14:45:00,22.3,22.3,22.29,22.3,46200,1030218.0
000777.SZ,2026-04-22 14:46:00,22.29,22.31,22.29,22.3,72800,1623115.0
000777.SZ,2026-04-22 14:47:00,22.29,22.33,22.29,22.32,158000,3525131.0
000777.SZ,2026-04-22 14:48:00,22.32,22.32,22.31,22.32,46900,1046677.0
000777.SZ,2026-04-22 14:49:00,22.33,22.33,22.32,22.32,54500,1216576.0
000777.SZ,2026-04-22 14:50:00,22.32,22.33,22.32,22.32,40900,913053.0
000777.SZ,2026-04-22 14:51:00,22.32,22.33,22.32,22.32,37032,826716.25
000777.SZ,2026-04-22 14:52:00,22.32,22.34,22.32,22.33,67400,1504939.0
000777.SZ,2026-04-22 14:53:00,22.32,22.34,22.32,22.33,104400,2330955.0
000777.SZ,2026-04-22 14:54:00,22.33,22.34,22.32,22.33,78100,1743968.0
000777.SZ,2026-04-22 14:55:00,22.33,22.34,22.33,22.33,73400,1638928.0
000777.SZ,2026-04-22 14:56:00,22.33,22.34,22.33,22.33,108800,2429630.0
000777.SZ,2026-04-22 14:57:00,22.34,22.34,22.32,22.33,83300,1860118.0
000777.SZ,2026-04-22 14:58:00,22.33,22.33,22.33,22.33,0,0.0
000777.SZ,2026-04-22 14:59:00,22.33,22.33,22.33,22.33,0,0.0
000777.SZ,2026-04-22 15:00:00,22.34,22.34,22.34,22.34,163700,3657058.0
000777.SZ,2026-04-23 09:30:00,22.34,22.34,22.33,22.33,49400,1103578.0
000777.SZ,2026-04-23 09:31:00,22.34,22.44,22.34,22.44,178702,3997126.8
000777.SZ,2026-04-23 09:32:00,22.44,22.69,22.43,22.63,263900,5952707.0
000777.SZ,2026-04-23 09:33:00,22.6,22.61,22.5,22.55,161600,3648463.0
000777.SZ,2026-04-23 09:34:00,22.57,22.57,22.51,22.53,115200,2595680.0
000777.SZ,2026-04-23 09:35:00,22.53,22.53,22.5,22.5,121500,2736109.0
000777.SZ,2026-04-23 09:36:00,22.5,22.5,22.41,22.42,58000,1302271.0
000777.SZ,2026-04-23 09:37:00,22.42,22.42,22.35,22.37,58100,1300437.0
000777.SZ,2026-04-23 09:38:00,22.37,22.43,22.37,22.39,72100,1614461.0
000777.SZ,2026-04-23 09:39:00,22.39,22.43,22.38,22.41,62600,1401860.0
000777.SZ,2026-04-23 09:40:00,22.41,22.43,22.39,22.41,95600,2142429.0
000777.SZ,2026-04-23 09:41:00,22.41,22.41,22.34,22.34,119600,2675302.0
000777.SZ,2026-04-23 09:42:00,22.32,22.33,22.29,22.33,99100,2211076.0
000777.SZ,2026-04-23 09:43:00,22.33,22.33,22.18,22.18,120000,2668419.0
000777.SZ,2026-04-23 09:44:00,22.18,22.22,22.18,22.19,126500,2807442.0
000777.SZ,2026-04-23 09:45:00,22.19,22.2,22.16,22.17,85000,1885498.0
000777.SZ,2026-04-23 09:46:00,22.19,22.19,22.13,22.14,171200,3793540.0
000777.SZ,2026-04-23 09:47:00,22.14,22.15,22.12,22.14,179800,3979768.0
000777.SZ,2026-04-23 09:48:00,22.13,22.16,22.12,22.12,119800,2651777.0
000777.SZ,2026-04-23 09:49:00,22.12,22.13,22.09,22.12,204200,4513879.0
000777.SZ,2026-04-23 09:50:00,22.12,22.14,22.11,22.14,95900,2121183.0
000777.SZ,2026-04-23 09:51:00,22.14,22.17,22.12,22.12,119100,2636964.0
000777.SZ,2026-04-23 09:52:00,22.12,22.12,22.07,22.07,162200,3584510.0
000777.SZ,2026-04-23 09:53:00,22.07,22.08,22.06,22.07,65700,1449781.0
000777.SZ,2026-04-23 09:54:00,22.07,22.08,22.04,22.04,125700,2772766.0
000777.SZ,2026-04-23 09:55:00,22.04,22.06,22.04,22.04,109300,2409530.0
000777.SZ,2026-04-23 09:56:00,22.04,22.06,22.03,22.06,137000,3019941.0
000777.SZ,2026-04-23 09:57:00,22.06,22.08,22.05,22.06,84300,1859461.0
000777.SZ,2026-04-23 09:58:00,22.06,22.07,22.05,22.07,36700,809630.0
000777.SZ,2026-04-23 09:59:00,22.07,22.1,22.06,22.09,31800,702267.0
000777.SZ,2026-04-23 10:00:00,22.13,22.17,22.11,22.15,31300,692873.0
000777.SZ,2026-04-23 10:01:00,22.16,22.16,22.15,22.15,51600,1143397.0
000777.SZ,2026-04-23 10:02:00,22.15,22.17,22.15,22.15,53100,1176588.0
000777.SZ,2026-04-23 10:03:00,22.17,22.17,22.13,22.13,45900,1016494.0
000777.SZ,2026-04-23 10:04:00,22.13,22.14,22.12,22.13,17900,396086.0
000777.SZ,2026-04-23 10:05:00,22.13,22.17,22.13,22.17,49100,1087976.0
000777.SZ,2026-04-23 10:06:00,22.17,22.17,22.13,22.13,20600,456207.0
000777.SZ,2026-04-23 10:07:00,22.13,22.15,22.13,22.15,36200,801345.0
000777.SZ,2026-04-23 10:08:00,22.15,22.16,22.14,22.15,19200,425271.0
000777.SZ,2026-04-23 10:09:00,22.15,22.18,22.14,22.18,68400,1515969.0
000777.SZ,2026-04-23 10:10:00,22.18,22.18,22.16,22.17,12300,272722.0
000777.SZ,2026-04-23 10:11:00,22.16,22.17,22.14,22.14,40300,892883.0
000777.SZ,2026-04-23 10:12:00,22.13,22.14,22.12,22.12,22300,493409.0
000777.SZ,2026-04-23 10:13:00,22.11,22.11,22.1,22.11,13000,287419.0
000777.SZ,2026-04-23 10:14:00,22.1,22.12,22.1,22.12,31837,703898.06
000777.SZ,2026-04-23 10:15:00,22.12,22.14,22.12,22.14,6000,132753.0
000777.SZ,2026-04-23 10:16:00,22.13,22.14,22.11,22.11,35200,778846.0
000777.SZ,2026-04-23 10:17:00,22.12,22.14,22.12,22.14,10700,236775.0
000777.SZ,2026-04-23 10:18:00,22.16,22.16,22.14,22.14,22200,491712.0
000777.SZ,2026-04-23 10:19:00,22.16,22.17,22.14,22.17,12600,279240.0
000777.SZ,2026-04-23 10:20:00,22.18,22.18,22.15,22.16,23200,514304.66
000777.SZ,2026-04-23 10:21:00,22.16,22.16,22.14,22.14,6800,150623.0
000777.SZ,2026-04-23 10:22:00,22.15,22.15,22.13,22.15,10300,228043.0
000777.SZ,2026-04-23 10:23:00,22.14,22.18,22.14,22.18,72335,1603438.0
000777.SZ,2026-04-23 10:24:00,22.18,22.22,22.17,22.22,57601,1277998.2
000777.SZ,2026-04-23 10:25:00,22.21,22.22,22.2,22.2,29099,646070.8
000777.SZ,2026-04-23 10:26:00,22.2,22.2,22.18,22.18,24400,541321.0
000777.SZ,2026-04-23 10:27:00,22.18,22.19,22.17,22.17,12600,279424.0
000777.SZ,2026-04-23 10:28:00,22.17,22.17,22.16,22.16,8200,181738.0
000777.SZ,2026-04-23 10:29:00,22.16,22.17,22.16,22.16,6800,150716.0
000777.SZ,2026-04-23 10:30:00,22.16,22.17,22.15,22.17,49000,1085869.0
000777.SZ,2026-04-23 10:31:00,22.16,22.18,22.16,22.18,42300,937613.0
000777.SZ,2026-04-23 10:32:00,22.18,22.18,22.16,22.16,14500,321490.0
000777.SZ,2026-04-23 10:33:00,22.16,22.16,22.15,22.15,9000,199367.0
000777.SZ,2026-04-23 10:34:00,22.15,22.16,22.15,22.16,30200,668973.0
000777.SZ,2026-04-23 10:35:00,22.16,22.16,22.14,22.14,17100,378796.0
000777.SZ,2026-04-23 10:36:00,22.15,22.16,22.14,22.16,14200,314535.0
000777.SZ,2026-04-23 10:37:00,22.15,22.15,22.14,22.14,9600,212545.0
000777.SZ,2026-04-23 10:38:00,22.14,22.15,22.13,22.13,8900,197045.0
000777.SZ,2026-04-23 10:39:00,22.14,22.14,22.12,22.13,27600,610852.0
000777.SZ,2026-04-23 10:40:00,22.12,22.13,22.12,22.12,12700,280942.0
000777.SZ,2026-04-23 10:41:00,22.12,22.12,22.1,22.11,42600,942087.0
000777.SZ,2026-04-23 10:42:00,22.1,22.12,22.1,22.11,45100,996829.0
000777.SZ,2026-04-23 10:43:00,22.11,22.11,22.1,22.11,46400,1025504.0
000777.SZ,2026-04-23 10:44:00,22.1,22.11,22.1,22.11,28200,623273.0
000777.SZ,2026-04-23 10:45:00,22.11,22.11,22.1,22.11,15100,333823.0
000777.SZ,2026-04-23 10:46:00,22.11,22.11,22.1,22.1,21400,473070.0
000777.SZ,2026-04-23 10:47:00,22.1,22.11,22.09,22.09,157400,3478509.0
000777.SZ,2026-04-23 10:48:00,22.08,22.09,22.08,22.09,20200,446069.0
000777.SZ,2026-04-23 10:49:00,22.09,22.12,22.09,22.12,19700,435450.0
000777.SZ,2026-04-23 10:50:00,22.12,22.12,22.11,22.11,32500,718814.0
000777.SZ,2026-04-23 10:51:00,22.11,22.12,22.11,22.12,18400,406842.0
000777.SZ,2026-04-23 10:52:00,22.11,22.14,22.11,22.14,6200,137182.0
000777.SZ,2026-04-23 10:53:00,22.14,22.14,22.11,22.11,39000,862759.0
000777.SZ,2026-04-23 10:54:00,22.12,22.12,22.08,22.08,27200,601132.0
000777.SZ,2026-04-23 10:55:00,22.08,22.1,22.08,22.1,13400,295991.0
000777.SZ,2026-04-23 10:56:00,22.09,22.11,22.09,22.11,36980,817521.0
000777.SZ,2026-04-23 10:57:00,22.11,22.11,22.09,22.09,40120,886845.0
000777.SZ,2026-04-23 10:58:00,22.09,22.1,22.09,22.09,4700,103825.0
000777.SZ,2026-04-23 10:59:00,22.09,22.09,22.09,22.09,24700,545628.0
000777.SZ,2026-04-23 11:00:00,22.1,22.1,22.08,22.09,15600,344590.0
000777.SZ,2026-04-23 11:01:00,22.08,22.1,22.08,22.1,87480,1932466.2
000777.SZ,2026-04-23 11:02:00,22.09,22.1,22.09,22.1,18700,413141.0
000777.SZ,2026-04-23 11:03:00,22.09,22.11,22.09,22.1,23400,517263.0
000777.SZ,2026-04-23 11:04:00,22.1,22.1,22.1,22.1,2100,46410.0
000777.SZ,2026-04-23 11:05:00,22.1,22.11,22.1,22.1,7000,154709.0
000777.SZ,2026-04-23 11:06:00,22.1,22.1,22.09,22.09,32700,722625.0
000777.SZ,2026-04-23 11:07:00,22.1,22.1,22.08,22.08,61520,1358762.8
000777.SZ,2026-04-23 11:08:00,22.08,22.09,22.07,22.07,49100,1083760.0
000777.SZ,2026-04-23 11:09:00,22.07,22.08,22.06,22.06,39000,860614.0
000777.SZ,2026-04-23 11:10:00,22.07,22.09,22.07,22.08,38000,838554.0
000777.SZ,2026-04-23 11:11:00,22.08,22.09,22.08,22.08,17600,388632.0
000777.SZ,2026-04-23 11:12:00,22.08,22.08,22.06,22.07,39200,865220.0
000777.SZ,2026-04-23 11:13:00,22.06,22.08,22.06,22.06,10700,236070.0
000777.SZ,2026-04-23 11:14:00,22.06,22.07,22.06,22.06,12100,266974.0
000777.SZ,2026-04-23 11:15:00,22.07,22.07,22.06,22.06,15500,341948.0
000777.SZ,2026-04-23 11:16:00,22.06,22.06,22.05,22.05,15400,339676.0
000777.SZ,2026-04-23 11:17:00,22.05,22.06,22.05,22.06,46700,1029849.0
000777.SZ,2026-04-23 11:18:00,22.06,22.06,22.05,22.05,12700,280111.0
000777.SZ,2026-04-23 11:19:00,22.06,22.06,22.05,22.06,16300,359514.0
000777.SZ,2026-04-23 11:20:00,22.04,22.04,22.03,22.03,123500,2722355.0
000777.SZ,2026-04-23 11:21:00,22.03,22.04,22.02,22.02,67400,1484324.0
000777.SZ,2026-04-23 11:22:00,22.02,22.02,22.02,22.02,27000,594540.0
000777.SZ,2026-04-23 11:23:00,22.02,22.02,22.0,22.0,126600,2786531.0
000777.SZ,2026-04-23 11:24:00,22.02,22.02,22.0,22.01,96000,2112239.0
000777.SZ,2026-04-23 11:25:00,22.01,22.01,22.0,22.01,24700,543695.0
000777.SZ,2026-04-23 11:26:00,22.01,22.01,22.0,22.01,9900,217861.0
000777.SZ,2026-04-23 11:27:00,22.01,22.01,22.0,22.01,21500,473195.0
000777.SZ,2026-04-23 11:28:00,22.01,22.02,22.01,22.02,12300,270763.0
000777.SZ,2026-04-23 11:29:00,22.02,22.03,22.02,22.03,26400,581403.0
000777.SZ,2026-04-23 11:30:00,22.02,22.02,21.98,21.98,252900,5564274.0
000777.SZ,2026-04-23 13:01:00,21.98,21.98,21.85,21.87,282000,6184540.0
000777.SZ,2026-04-23 13:02:00,21.88,21.89,21.87,21.89,59800,1308615.0
000777.SZ,2026-04-23 13:03:00,21.89,21.89,21.85,21.85,53600,1172258.0
000777.SZ,2026-04-23 13:04:00,21.85,21.9,21.84,21.9,80900,1768843.0
000777.SZ,2026-04-23 13:05:00,21.91,21.91,21.88,21.89,27400,599901.0
000777.SZ,2026-04-23 13:06:00,21.9,21.9,21.87,21.87,63100,1379805.0
000777.SZ,2026-04-23 13:07:00,21.87,21.9,21.87,21.9,19300,422271.0
000777.SZ,2026-04-23 13:08:00,21.9,21.92,21.9,21.91,10900,238795.0
000777.SZ,2026-04-23 13:09:00,21.92,21.94,21.92,21.94,7600,166696.0
000777.SZ,2026-04-23 13:10:00,21.94,21.96,21.93,21.94,14100,309374.0
000777.SZ,2026-04-23 13:11:00,21.93,21.94,21.93,21.94,11100,243524.0
000777.SZ,2026-04-23 13:12:00,21.93,21.95,21.93,21.95,21500,471603.0
000777.SZ,2026-04-23 13:13:00,21.95,21.95,21.94,21.95,6800,149246.0
000777.SZ,2026-04-23 13:14:00,21.95,21.97,21.95,21.97,17300,379801.0
000777.SZ,2026-04-23 13:15:00,21.97,21.98,21.97,21.97,11400,250563.0
000777.SZ,2026-04-23 13:16:00,21.98,22.0,21.98,22.0,7300,160513.0
000777.SZ,2026-04-23 13:17:00,22.0,22.0,21.95,21.95,38600,848244.0
000777.SZ,2026-04-23 13:18:00,21.97,21.97,21.96,21.96,3500,76865.0
000777.SZ,2026-04-23 13:19:00,21.97,21.97,21.96,21.96,9300,204300.0
000777.SZ,2026-04-23 13:20:00,21.96,21.97,21.95,21.97,22900,502888.0
000777.SZ,2026-04-23 13:21:00,21.97,21.97,21.95,21.95,5000,109840.0
000777.SZ,2026-04-23 13:22:00,21.96,21.96,21.94,21.95,57600,1264348.0
000777.SZ,2026-04-23 13:23:00,21.94,21.94,21.92,21.92,40000,877314.0
000777.SZ,2026-04-23 13:24:00,21.93,21.93,21.9,21.9,30400,666252.0
000777.SZ,2026-04-23 13:25:00,21.9,21.92,21.89,21.92,196800,4303467.0
000777.SZ,2026-04-23 13:26:00,21.92,21.92,21.85,21.86,174200,3807567.0
000777.SZ,2026-04-23 13:27:00,21.87,21.92,21.87,21.87,62300,1362418.0
000777.SZ,2026-04-23 13:28:00,21.85,21.86,21.8,21.85,114035,2488582.0
000777.SZ,2026-04-23 13:29:00,21.86,21.89,21.82,21.89,87500,1912125.0
000777.SZ,2026-04-23 13:30:00,21.89,21.92,21.89,21.92,6400,140175.0
000777.SZ,2026-04-23 13:31:00,21.93,21.94,21.92,21.94,17800,390442.0
000777.SZ,2026-04-23 13:32:00,21.94,21.96,21.94,21.96,9700,212945.0
000777.SZ,2026-04-23 13:33:00,21.95,21.97,21.95,21.96,12800,281173.0
000777.SZ,2026-04-23 13:34:00,21.97,21.97,21.97,21.97,9000,197730.0
000777.SZ,2026-04-23 13:35:00,21.97,21.98,21.96,21.96,13800,303206.0
000777.SZ,2026-04-23 13:36:00,21.96,21.97,21.96,21.96,12200,267976.0
000777.SZ,2026-04-23 13:37:00,21.96,21.96,21.94,21.94,7100,155840.0
000777.SZ,2026-04-23 13:38:00,21.95,21.99,21.95,21.98,22300,489838.0
000777.SZ,2026-04-23 13:39:00,21.98,22.0,21.98,21.99,8900,195748.0
000777.SZ,2026-04-23 13:40:00,22.0,22.0,21.95,21.96,12000,263664.0
000777.SZ,2026-04-23 13:41:00,21.95,21.95,21.94,21.95,8300,182180.0
000777.SZ,2026-04-23 13:42:00,21.95,21.96,21.95,21.96,51700,1134738.0
000777.SZ,2026-04-23 13:43:00,21.96,22.0,21.96,22.0,37500,824149.0
000777.SZ,2026-04-23 13:44:00,22.0,22.01,22.0,22.01,6400,140819.0
000777.SZ,2026-04-23 13:45:00,22.0,22.02,22.0,22.01,13700,301546.0
000777.SZ,2026-04-23 13:46:00,22.01,22.04,22.01,22.03,13800,303857.0
000777.SZ,2026-04-23 13:47:00,22.04,22.06,22.04,22.06,5200,114649.0
000777.SZ,2026-04-23 13:48:00,22.05,22.06,22.05,22.05,15900,350598.0
000777.SZ,2026-04-23 13:49:00,22.06,22.06,22.05,22.05,28167,621187.4
000777.SZ,2026-04-23 13:50:00,22.05,22.07,22.05,22.07,16100,355031.0
000777.SZ,2026-04-23 13:51:00,22.06,22.06,22.06,22.06,19600,432376.0
000777.SZ,2026-04-23 13:52:00,22.05,22.05,22.05,22.05,2258,49788.9
000777.SZ,2026-04-23 13:53:00,22.05,22.05,22.03,22.03,14942,329430.1
000777.SZ,2026-04-23 13:54:00,22.03,22.03,22.0,22.0,18000,396173.0
000777.SZ,2026-04-23 13:55:00,22.01,22.02,22.0,22.02,8100,178271.0
000777.SZ,2026-04-23 13:56:00,22.02,22.06,22.02,22.06,54200,1193861.0
000777.SZ,2026-04-23 13:57:00,22.05,22.06,22.05,22.06,1800,39699.0
000777.SZ,2026-04-23 13:58:00,22.05,22.08,22.05,22.08,25500,562691.0
000777.SZ,2026-04-23 13:59:00,22.07,22.08,22.06,22.08,30900,681993.0
000777.SZ,2026-04-23 14:00:00,22.08,22.09,22.07,22.08,14400,317986.0
000777.SZ,2026-04-23 14:01:00,22.08,22.14,22.08,22.12,51100,1129521.0
000777.SZ,2026-04-23 14:02:00,22.12,22.14,22.12,22.14,15500,343050.0
000777.SZ,2026-04-23 14:03:00,22.13,22.13,22.11,22.12,18700,413684.0
000777.SZ,2026-04-23 14:04:00,22.11,22.12,22.09,22.09,75100,1660132.0
000777.SZ,2026-04-23 14:05:00,22.09,22.09,22.08,22.08,4500,99370.0
000777.SZ,2026-04-23 14:06:00,22.08,22.08,22.07,22.07,4800,105960.0
000777.SZ,2026-04-23 14:07:00,22.07,22.07,22.07,22.07,4700,103729.0
000777.SZ,2026-04-23 14:08:00,22.07,22.08,22.06,22.07,20600,454611.0
000777.SZ,2026-04-23 14:09:00,22.08,22.1,22.08,22.1,18600,410781.0
000777.SZ,2026-04-23 14:10:00,22.1,22.1,22.09,22.09,4200,92819.0
000777.SZ,2026-04-23 14:11:00,22.09,22.09,22.09,22.09,24800,547625.0
000777.SZ,2026-04-23 14:12:00,22.09,22.1,22.09,22.1,2300,50813.0
000777.SZ,2026-04-23 14:13:00,22.09,22.1,22.09,22.09,3600,79528.0
000777.SZ,2026-04-23 14:14:00,22.09,22.09,22.08,22.09,18200,401888.0
000777.SZ,2026-04-23 14:15:00,22.08,22.08,22.05,22.05,13300,293447.0
000777.SZ,2026-04-23 14:16:00,22.06,22.07,22.05,22.05,17600,388247.0
000777.SZ,2026-04-23 14:17:00,22.05,22.05,22.03,22.03,15600,343901.0
000777.SZ,2026-04-23 14:18:00,22.03,22.05,22.03,22.05,13400,295243.0
000777.SZ,2026-04-23 14:19:00,22.04,22.05,22.04,22.04,2100,46294.0
000777.SZ,2026-04-23 14:20:00,22.04,22.05,22.04,22.05,25400,559958.0
000777.SZ,2026-04-23 14:21:00,22.05,22.05,22.03,22.03,5000,110196.0
000777.SZ,2026-04-23 14:22:00,22.03,22.03,22.03,22.03,9400,207084.0
000777.SZ,2026-04-23 14:23:00,22.03,22.05,22.02,22.03,12800,282007.0
000777.SZ,2026-04-23 14:24:00,22.03,22.04,22.03,22.03,24300,535336.0
000777.SZ,2026-04-23 14:25:00,22.03,22.03,22.02,22.03,3300,72694.0
000777.SZ,2026-04-23 14:26:00,22.03,22.04,22.03,22.04,4700,103552.0
000777.SZ,2026-04-23 14:27:00,22.04,22.04,22.03,22.04,14400,317354.0
000777.SZ,2026-04-23 14:28:00,22.03,22.03,22.02,22.03,35100,773261.0
000777.SZ,2026-04-23 14:29:00,22.03,22.03,22.03,22.03,6600,145398.0
000777.SZ,2026-04-23 14:30:00,22.03,22.03,22.01,22.02,25200,554858.0
000777.SZ,2026-04-23 14:31:00,22.01,22.02,22.0,22.01,47900,1053994.0
000777.SZ,2026-04-23 14:32:00,22.0,22.0,21.98,21.98,19500,428888.0
000777.SZ,2026-04-23 14:33:00,21.98,22.0,21.98,22.0,23100,507961.0
000777.SZ,2026-04-23 14:34:00,22.0,22.0,22.0,22.0,16900,371800.0
000777.SZ,2026-04-23 14:35:00,22.0,22.04,22.0,22.04,53200,1171255.0
000777.SZ,2026-04-23 14:36:00,22.03,22.03,22.0,22.02,8900,195964.0
000777.SZ,2026-04-23 14:37:00,22.02,22.03,22.02,22.03,28100,618791.0
000777.SZ,2026-04-23 14:38:00,22.02,22.05,22.02,22.03,41100,905877.0
000777.SZ,2026-04-23 14:39:00,22.06,22.07,22.03,22.06,4400,97047.0
000777.SZ,2026-04-23 14:40:00,22.07,22.07,22.05,22.05,9900,218357.0
000777.SZ,2026-04-23 14:41:00,22.05,22.05,22.03,22.03,21600,475956.0
000777.SZ,2026-04-23 14:42:00,22.04,22.05,22.03,22.03,19600,432025.0
000777.SZ,2026-04-23 14:43:00,22.03,22.08,22.03,22.07,43500,959551.0
000777.SZ,2026-04-23 14:44:00,22.08,22.1,22.07,22.1,44900,991796.0
000777.SZ,2026-04-23 14:45:00,22.09,22.09,22.08,22.09,13400,295937.0
000777.SZ,2026-04-23 14:46:00,22.09,22.1,22.07,22.09,48700,1075736.0
000777.SZ,2026-04-23 14:47:00,22.09,22.11,22.09,22.11,30200,667352.0
000777.SZ,2026-04-23 14:48:00,22.1,22.11,22.1,22.1,20300,448748.0
000777.SZ,2026-04-23 14:49:00,22.09,22.1,22.08,22.09,26600,587675.0
000777.SZ,2026-04-23 14:50:00,22.08,22.09,22.08,22.08,13400,295958.0
000777.SZ,2026-04-23 14:51:00,22.08,22.1,22.07,22.07,63400,1400391.0
000777.SZ,2026-04-23 14:52:00,22.07,22.09,22.07,22.07,13300,293628.0
000777.SZ,2026-04-23 14:53:00,22.07,22.09,22.07,22.07,48900,1079778.0
000777.SZ,2026-04-23 14:54:00,22.08,22.08,22.07,22.07,21200,467923.0
000777.SZ,2026-04-23 14:55:00,22.07,22.07,22.05,22.06,94200,2077960.0
000777.SZ,2026-04-23 14:56:00,22.06,22.09,22.06,22.07,89400,1972562.0
000777.SZ,2026-04-23 14:57:00,22.07,22.08,22.06,22.07,33300,735034.0
000777.SZ,2026-04-23 14:58:00,22.07,22.07,22.07,22.07,0,0.0
000777.SZ,2026-04-23 14:59:00,22.07,22.07,22.07,22.07,0,0.0
000777.SZ,2026-04-23 15:00:00,22.08,22.08,22.08,22.08,63200,1395456.0
000777.SZ,2026-04-24 09:30:00,21.91,21.91,21.91,21.91,11600,254156.0
000777.SZ,2026-04-24 09:31:00,21.9,22.08,21.85,22.02,166600,3657982.0
000777.SZ,2026-04-24 09:32:00,22.01,22.1,22.0,22.01,44200,973691.0
000777.SZ,2026-04-24 09:33:00,22.0,22.0,21.94,21.98,58900,1293669.0
000777.SZ,2026-04-24 09:34:00,21.95,22.02,21.95,22.02,23200,510091.0
000777.SZ,2026-04-24 09:35:00,22.02,22.03,22.01,22.01,43300,953578.0
000777.SZ,2026-04-24 09:36:00,22.02,22.1,22.01,22.1,52700,1162229.0
000777.SZ,2026-04-24 09:37:00,22.1,22.1,22.06,22.08,25900,571901.0
000777.SZ,2026-04-24 09:38:00,22.08,22.08,22.04,22.06,27100,597988.0
000777.SZ,2026-04-24 09:39:00,22.06,22.06,22.01,22.06,55800,1228881.0
000777.SZ,2026-04-24 09:40:00,22.03,22.07,22.03,22.04,14700,324065.0
000777.SZ,2026-04-24 09:41:00,22.04,22.04,21.98,21.99,111900,2462784.0
000777.SZ,2026-04-24 09:42:00,21.98,21.98,21.96,21.96,28400,623808.0
000777.SZ,2026-04-24 09:43:00,21.97,22.03,21.95,22.03,56800,1249589.0
000777.SZ,2026-04-24 09:44:00,22.02,22.03,22.01,22.03,30000,660828.0
000777.SZ,2026-04-24 09:45:00,22.01,22.05,21.98,22.05,48900,1076153.0
000777.SZ,2026-04-24 09:46:00,22.03,22.04,22.0,22.03,37800,833069.0
000777.SZ,2026-04-24 09:47:00,22.03,22.03,21.99,22.0,29800,655785.0
000777.SZ,2026-04-24 09:48:00,21.97,21.98,21.95,21.98,86000,1888556.0
000777.SZ,2026-04-24 09:49:00,21.96,22.0,21.96,21.97,25500,560309.0
000777.SZ,2026-04-24 09:50:00,21.98,22.0,21.98,21.99,7000,153932.0
000777.SZ,2026-04-24 09:51:00,21.96,21.96,21.92,21.92,118800,2608137.0
000777.SZ,2026-04-24 09:52:00,21.92,21.93,21.89,21.9,35800,784208.0
000777.SZ,2026-04-24 09:53:00,21.89,21.95,21.89,21.93,77300,1693655.0
000777.SZ,2026-04-24 09:54:00,21.93,21.95,21.91,21.91,30100,659735.0
000777.SZ,2026-04-24 09:55:00,21.91,21.91,21.88,21.88,30800,674204.0
000777.SZ,2026-04-24 09:56:00,21.9,21.9,21.88,21.88,36200,792108.0
000777.SZ,2026-04-24 09:57:00,21.88,21.92,21.88,21.92,49700,1088387.0
000777.SZ,2026-04-24 09:58:00,21.91,22.0,21.91,21.99,46300,1017450.0
000777.SZ,2026-04-24 09:59:00,22.06,22.06,21.99,22.0,27200,598942.0
000777.SZ,2026-04-24 10:00:00,21.99,22.0,21.99,21.99,9900,217732.0
000777.SZ,2026-04-24 10:01:00,21.99,22.0,21.97,21.97,16300,358345.0
000777.SZ,2026-04-24 10:02:00,21.97,21.98,21.96,21.97,15100,331750.0
000777.SZ,2026-04-24 10:03:00,21.96,21.96,21.92,21.92,14800,324813.0
000777.SZ,2026-04-24 10:04:00,21.93,21.95,21.91,21.92,28100,616028.0
000777.SZ,2026-04-24 10:05:00,21.92,21.94,21.91,21.91,13800,302572.0
000777.SZ,2026-04-24 10:06:00,21.91,21.92,21.9,21.9,16700,365904.0
000777.SZ,2026-04-24 10:07:00,21.91,21.91,21.9,21.9,14100,308822.0
000777.SZ,2026-04-24 10:08:00,21.9,21.9,21.87,21.87,48200,1054845.0
000777.SZ,2026-04-24 10:09:00,21.87,21.9,21.87,21.9,38300,837810.0
000777.SZ,2026-04-24 10:10:00,21.9,21.91,21.89,21.89,25900,567199.0
000777.SZ,2026-04-24 10:11:00,21.89,21.92,21.87,21.92,42200,923448.0
000777.SZ,2026-04-24 10:12:00,21.92,21.92,21.89,21.89,15600,341675.0
000777.SZ,2026-04-24 10:13:00,21.88,21.89,21.87,21.88,20900,457381.0
000777.SZ,2026-04-24 10:14:00,21.88,21.89,21.87,21.87,31400,686868.0
000777.SZ,2026-04-24 10:15:00,21.88,21.89,21.88,21.88,15800,345736.0
000777.SZ,2026-04-24 10:16:00,21.89,21.89,21.88,21.89,4700,102846.0
000777.SZ,2026-04-24 10:17:00,21.89,21.89,21.88,21.89,10500,229839.0
000777.SZ,2026-04-24 10:18:00,21.89,21.91,21.89,21.91,10400,227768.0
000777.SZ,2026-04-24 10:19:00,21.9,21.9,21.89,21.89,30100,659040.0
000777.SZ,2026-04-24 10:20:00,21.9,21.9,21.87,21.87,58400,1278102.0
000777.SZ,2026-04-24 10:21:00,21.89,21.89,21.87,21.87,34400,752411.0
000777.SZ,2026-04-24 10:22:00,21.86,21.87,21.85,21.86,41300,902825.0
000777.SZ,2026-04-24 10:23:00,21.86,21.87,21.86,21.87,13100,286459.0
000777.SZ,2026-04-24 10:24:00,21.87,21.88,21.87,21.88,6300,137826.0
000777.SZ,2026-04-24 10:25:00,21.88,21.89,21.88,21.88,4700,102847.0
000777.SZ,2026-04-24 10:26:00,21.88,21.9,21.88,21.9,12100,264821.0
000777.SZ,2026-04-24 10:27:00,21.89,21.91,21.89,21.9,13000,284727.0
000777.SZ,2026-04-24 10:28:00,21.89,21.9,21.89,21.9,16200,354670.0
000777.SZ,2026-04-24 10:29:00,21.9,21.9,21.88,21.89,26100,571242.0
000777.SZ,2026-04-24 10:30:00,21.89,21.89,21.87,21.87,50700,1109295.0
000777.SZ,2026-04-24 10:31:00,21.87,21.87,21.86,21.87,23900,522667.0
000777.SZ,2026-04-24 10:32:00,21.87,21.89,21.87,21.89,18300,400431.0
000777.SZ,2026-04-24 10:33:00,21.89,21.91,21.89,21.91,9000,197060.0
000777.SZ,2026-04-24 10:34:00,21.91,21.91,21.89,21.9,32200,705024.0
000777.SZ,2026-04-24 10:35:00,21.9,21.91,21.9,21.91,9100,199270.0
000777.SZ,2026-04-24 10:36:00,21.9,21.91,21.89,21.91,8600,188342.0
000777.SZ,2026-04-24 10:37:00,21.91,21.91,21.89,21.91,30600,670039.0
000777.SZ,2026-04-24 10:38:00,21.91,21.91,21.89,21.89,18800,411745.0
000777.SZ,2026-04-24 10:39:00,21.89,21.9,21.89,21.9,14800,324112.0
000777.SZ,2026-04-24 10:40:00,21.89,21.9,21.89,21.89,7900,172952.0
000777.SZ,2026-04-24 10:41:00,21.89,21.9,21.86,21.87,121100,2649885.0
000777.SZ,2026-04-24 10:42:00,21.87,21.87,21.86,21.86,22000,481080.0
000777.SZ,2026-04-24 10:43:00,21.86,21.86,21.85,21.85,38900,850147.0
000777.SZ,2026-04-24 10:44:00,21.86,21.86,21.85,21.86,35100,767010.0
000777.SZ,2026-04-24 10:45:00,21.86,21.86,21.85,21.86,40800,891619.0
000777.SZ,2026-04-24 10:46:00,21.86,21.86,21.84,21.85,20400,445715.0
000777.SZ,2026-04-24 10:47:00,21.85,21.87,21.84,21.87,48200,1053168.0
000777.SZ,2026-04-24 10:48:00,21.88,21.88,21.87,21.88,3800,83134.0
000777.SZ,2026-04-24 10:49:00,21.87,21.87,21.86,21.86,24400,533557.0
000777.SZ,2026-04-24 10:50:00,21.85,21.85,21.85,21.85,6400,139841.0
000777.SZ,2026-04-24 10:51:00,21.85,21.86,21.85,21.85,7000,152964.0
000777.SZ,2026-04-24 10:52:00,21.86,21.86,21.85,21.85,13900,303717.0
000777.SZ,2026-04-24 10:53:00,21.85,21.86,21.85,21.86,15200,332228.0
000777.SZ,2026-04-24 10:54:00,21.86,21.86,21.85,21.85,23300,509247.0
000777.SZ,2026-04-24 10:55:00,21.85,21.87,21.85,21.87,11200,244801.0
000777.SZ,2026-04-24 10:56:00,21.86,21.89,21.86,21.88,6600,144412.0
000777.SZ,2026-04-24 10:57:00,21.88,21.89,21.86,21.86,10900,238427.0
000777.SZ,2026-04-24 10:58:00,21.86,21.89,21.86,21.88,7200,157526.0
000777.SZ,2026-04-24 10:59:00,21.89,21.89,21.89,21.89,900,19701.0
000777.SZ,2026-04-24 11:00:00,21.89,21.89,21.87,21.89,8200,179465.0
000777.SZ,2026-04-24 11:01:00,21.89,21.9,21.89,21.9,6600,144537.0
000777.SZ,2026-04-24 11:02:00,21.9,21.9,21.88,21.89,5700,124816.0
000777.SZ,2026-04-24 11:03:00,21.89,21.89,21.87,21.89,19900,435442.0
000777.SZ,2026-04-24 11:04:00,21.87,21.88,21.83,21.83,90400,1975591.0
000777.SZ,2026-04-24 11:05:00,21.84,21.84,21.83,21.83,18800,410505.0
000777.SZ,2026-04-24 11:06:00,21.83,21.83,21.81,21.81,42400,925146.0
000777.SZ,2026-04-24 11:07:00,21.82,21.82,21.8,21.8,19400,423143.0
000777.SZ,2026-04-24 11:08:00,21.81,21.81,21.77,21.78,120100,2617578.0
000777.SZ,2026-04-24 11:09:00,21.77,21.78,21.77,21.77,18000,391903.0
000777.SZ,2026-04-24 11:10:00,21.78,21.78,21.77,21.78,13300,289667.0
000777.SZ,2026-04-24 11:11:00,21.79,21.79,21.77,21.77,24900,542362.0
000777.SZ,2026-04-24 11:12:00,21.77,21.79,21.77,21.78,21200,461561.0
000777.SZ,2026-04-24 11:13:00,21.78,21.8,21.76,21.76,49300,1073120.0
000777.SZ,2026-04-24 11:14:00,21.8,21.8,21.77,21.79,7700,167745.0
000777.SZ,2026-04-24 11:15:00,21.79,21.79,21.77,21.77,10000,217856.0
000777.SZ,2026-04-24 11:16:00,21.78,21.78,21.77,21.77,8400,182924.0
000777.SZ,2026-04-24 11:17:00,21.78,21.82,21.78,21.82,25800,562301.0
000777.SZ,2026-04-24 11:18:00,21.82,21.82,21.81,21.82,2800,61090.0
000777.SZ,2026-04-24 11:19:00,21.81,21.81,21.75,21.75,36800,801670.0
000777.SZ,2026-04-24 11:20:00,21.78,21.8,21.78,21.79,6500,141581.0
000777.SZ,2026-04-24 11:21:00,21.79,21.8,21.79,21.8,14500,315899.0
000777.SZ,2026-04-24 11:22:00,21.8,21.83,21.8,21.82,17100,372800.0
000777.SZ,2026-04-24 11:23:00,21.82,21.82,21.81,21.81,15200,331372.0
000777.SZ,2026-04-24 11:24:00,21.81,21.81,21.79,21.8,5100,111186.0
000777.SZ,2026-04-24 11:25:00,21.8,21.8,21.8,21.8,9400,204920.0
000777.SZ,2026-04-24 11:26:00,21.79,21.8,21.79,21.79,9800,213564.0
000777.SZ,2026-04-24 11:27:00,21.79,21.8,21.78,21.78,27100,590347.0
000777.SZ,2026-04-24 11:28:00,21.78,21.78,21.77,21.77,7100,154568.0
000777.SZ,2026-04-24 11:29:00,21.78,21.79,21.77,21.79,10000,217807.0
000777.SZ,2026-04-24 11:30:00,21.8,21.81,21.78,21.81,27500,599438.0
000777.SZ,2026-04-24 13:01:00,21.81,21.85,21.8,21.83,66500,1450440.0
000777.SZ,2026-04-24 13:02:00,21.82,21.85,21.82,21.84,5100,111379.0
000777.SZ,2026-04-24 13:03:00,21.83,21.84,21.83,21.84,5600,122268.0
000777.SZ,2026-04-24 13:04:00,21.84,21.84,21.82,21.82,3700,80771.0
000777.SZ,2026-04-24 13:05:00,21.82,21.83,21.81,21.81,13500,294630.0
000777.SZ,2026-04-24 13:06:00,21.81,21.81,21.81,21.81,5200,113412.0
000777.SZ,2026-04-24 13:07:00,21.81,21.81,21.79,21.79,23700,516738.0
000777.SZ,2026-04-24 13:08:00,21.79,21.79,21.77,21.78,11900,259144.0
000777.SZ,2026-04-24 13:09:00,21.77,21.78,21.77,21.77,22500,489842.0
000777.SZ,2026-04-24 13:10:00,21.76,21.77,21.76,21.76,8600,187137.0
000777.SZ,2026-04-24 13:11:00,21.77,21.77,21.76,21.77,8400,182852.0
000777.SZ,2026-04-24 13:12:00,21.77,21.77,21.75,21.77,28300,615870.0
000777.SZ,2026-04-24 13:13:00,21.76,21.76,21.75,21.76,20000,435031.0
000777.SZ,2026-04-24 13:14:00,21.75,21.76,21.75,21.76,6600,143570.0
000777.SZ,2026-04-24 13:15:00,21.77,21.77,21.75,21.76,21300,463443.0
000777.SZ,2026-04-24 13:16:00,21.76,21.77,21.76,21.77,15000,326518.0
000777.SZ,2026-04-24 13:17:00,21.77,21.77,21.76,21.77,4300,93591.0
000777.SZ,2026-04-24 13:18:00,21.77,21.77,21.76,21.76,7400,161034.0
000777.SZ,2026-04-24 13:19:00,21.77,21.78,21.77,21.78,7500,163278.0
000777.SZ,2026-04-24 13:20:00,21.79,21.79,21.76,21.76,16900,367877.0
000777.SZ,2026-04-24 13:21:00,21.76,21.77,21.75,21.76,12700,276359.0
000777.SZ,2026-04-24 13:22:00,21.76,21.76,21.75,21.75,83000,1805273.0
000777.SZ,2026-04-24 13:23:00,21.75,21.77,21.75,21.77,29900,650502.0
000777.SZ,2026-04-24 13:24:00,21.78,21.79,21.78,21.79,5100,111099.0
000777.SZ,2026-04-24 13:25:00,21.84,21.84,21.81,21.81,12400,270658.0
000777.SZ,2026-04-24 13:26:00,21.79,21.81,21.79,21.81,3500,76303.0
000777.SZ,2026-04-24 13:27:00,21.8,21.82,21.8,21.81,9400,204978.0
000777.SZ,2026-04-24 13:28:00,21.81,21.81,21.81,21.81,16300,355503.0
000777.SZ,2026-04-24 13:29:00,21.81,21.82,21.81,21.82,5900,128684.0
000777.SZ,2026-04-24 13:30:00,21.82,21.82,21.8,21.8,21300,464545.0
000777.SZ,2026-04-24 13:31:00,21.82,21.83,21.8,21.81,12500,272640.0
000777.SZ,2026-04-24 13:32:00,21.82,21.82,21.8,21.81,8500,185348.0
000777.SZ,2026-04-24 13:33:00,21.8,21.8,21.79,21.79,10300,224514.0
000777.SZ,2026-04-24 13:34:00,21.8,21.8,21.78,21.79,9900,215772.0
000777.SZ,2026-04-24 13:35:00,21.79,21.8,21.79,21.8,8700,189611.0
000777.SZ,2026-04-24 13:36:00,21.79,21.8,21.79,21.79,14400,313778.0
000777.SZ,2026-04-24 13:37:00,21.79,21.8,21.79,21.8,19500,424909.0
000777.SZ,2026-04-24 13:38:00,21.8,21.81,21.8,21.8,38500,839338.0
000777.SZ,2026-04-24 13:39:00,21.81,21.82,21.81,21.82,27000,588935.0
000777.SZ,2026-04-24 13:40:00,21.82,21.84,21.82,21.84,8400,183382.0
000777.SZ,2026-04-24 13:41:00,21.85,21.91,21.85,21.88,43500,952148.0
000777.SZ,2026-04-24 13:42:00,21.88,21.89,21.87,21.88,19600,428797.0
000777.SZ,2026-04-24 13:43:00,21.88,21.88,21.86,21.86,27200,595055.0
000777.SZ,2026-04-24 13:44:00,21.85,21.86,21.85,21.86,3400,74297.0
000777.SZ,2026-04-24 13:45:00,21.85,21.85,21.85,21.85,9400,205385.0
000777.SZ,2026-04-24 13:46:00,21.85,21.85,21.83,21.83,14300,312341.0
000777.SZ,2026-04-24 13:47:00,21.85,21.86,21.85,21.86,34700,758415.0
000777.SZ,2026-04-24 13:48:00,21.86,21.86,21.85,21.86,6200,135541.0
000777.SZ,2026-04-24 13:49:00,21.86,21.86,21.86,21.86,4700,102742.0
000777.SZ,2026-04-24 13:50:00,21.86,21.86,21.85,21.85,8900,194473.0
000777.SZ,2026-04-24 13:51:00,21.84,21.85,21.84,21.85,9800,214037.0
000777.SZ,2026-04-24 13:52:00,21.84,21.85,21.84,21.85,9500,207507.0
000777.SZ,2026-04-24 13:53:00,21.84,21.85,21.83,21.83,27900,609119.0
000777.SZ,2026-04-24 13:54:00,21.83,21.83,21.82,21.82,8700,189922.0
000777.SZ,2026-04-24 13:55:00,21.82,21.82,21.81,21.82,18900,412304.0
000777.SZ,2026-04-24 13:56:00,21.81,21.83,21.81,21.83,8700,189860.0
000777.SZ,2026-04-24 13:57:00,21.83,21.83,21.81,21.81,22000,480047.0
000777.SZ,2026-04-24 13:58:00,21.82,21.82,21.81,21.82,4400,95978.0
000777.SZ,2026-04-24 13:59:00,21.81,21.83,21.8,21.83,107800,2351152.0
000777.SZ,2026-04-24 14:00:00,21.84,21.84,21.82,21.82,9100,198629.0
000777.SZ,2026-04-24 14:01:00,21.82,21.82,21.81,21.81,9100,198546.0
000777.SZ,2026-04-24 14:02:00,21.82,21.84,21.82,21.84,120600,2631927.0
000777.SZ,2026-04-24 14:03:00,21.84,21.88,21.84,21.88,34000,743005.0
000777.SZ,2026-04-24 14:04:00,21.87,21.87,21.85,21.85,10500,229651.0
000777.SZ,2026-04-24 14:05:00,21.86,21.88,21.85,21.88,16500,360825.0
000777.SZ,2026-04-24 14:06:00,21.88,21.92,21.88,21.92,31500,689633.0
000777.SZ,2026-04-24 14:07:00,21.92,21.92,21.91,21.92,34500,756457.0
000777.SZ,2026-04-24 14:08:00,21.91,21.93,21.91,21.92,14100,309143.0
000777.SZ,2026-04-24 14:09:00,21.93,21.95,21.92,21.94,24100,528559.0
000777.SZ,2026-04-24 14:10:00,21.94,21.95,21.94,21.94,9400,206247.0
000777.SZ,2026-04-24 14:11:00,21.94,21.97,21.94,21.96,50500,1108929.0
000777.SZ,2026-04-24 14:12:00,21.96,21.96,21.94,21.94,6600,144889.0
000777.SZ,2026-04-24 14:13:00,21.95,21.96,21.95,21.95,13100,287626.0
000777.SZ,2026-04-24 14:14:00,21.96,21.96,21.95,21.96,9200,201957.0
000777.SZ,2026-04-24 14:15:00,21.96,21.96,21.95,21.95,13200,289781.0
000777.SZ,2026-04-24 14:16:00,21.95,21.98,21.94,21.96,46600,1023285.0
000777.SZ,2026-04-24 14:17:00,21.96,21.98,21.96,21.97,22600,496498.0
000777.SZ,2026-04-24 14:18:00,21.97,21.98,21.96,21.96,17200,377894.0
000777.SZ,2026-04-24 14:19:00,21.96,21.96,21.95,21.95,16301,357885.94
000777.SZ,2026-04-24 14:20:00,21.95,21.97,21.95,21.96,8500,186691.0
000777.SZ,2026-04-24 14:21:00,21.96,21.97,21.95,21.96,31200,685107.0
000777.SZ,2026-04-24 14:22:00,21.97,21.98,21.97,21.98,25700,564735.0
000777.SZ,2026-04-24 14:23:00,21.98,21.98,21.97,21.97,23100,507705.0
000777.SZ,2026-04-24 14:24:00,21.97,22.02,21.97,22.02,93900,2065062.0
000777.SZ,2026-04-24 14:25:00,22.02,22.02,22.0,22.0,19300,424773.0
000777.SZ,2026-04-24 14:26:00,22.0,22.0,21.98,21.98,10200,224305.0
000777.SZ,2026-04-24 14:27:00,21.98,21.99,21.97,21.97,10200,224235.0
000777.SZ,2026-04-24 14:28:00,21.97,21.98,21.96,21.96,13800,303132.0
000777.SZ,2026-04-24 14:29:00,21.96,21.97,21.96,21.97,5000,109834.0
000777.SZ,2026-04-24 14:30:00,21.98,21.98,21.96,21.96,9000,197676.0
000777.SZ,2026-04-24 14:31:00,21.96,21.98,21.96,21.97,10900,239432.0
000777.SZ,2026-04-24 14:32:00,21.96,21.97,21.96,21.97,8100,177904.0
000777.SZ,2026-04-24 14:33:00,21.95,21.96,21.95,21.96,14200,311753.0
000777.SZ,2026-04-24 14:34:00,21.95,21.97,21.95,21.97,3900,85665.0
000777.SZ,2026-04-24 14:35:00,21.97,22.0,21.96,21.99,15900,349473.0
000777.SZ,2026-04-24 14:36:00,21.99,22.0,21.98,21.99,19800,435417.0
000777.SZ,2026-04-24 14:37:00,22.0,22.0,21.98,22.0,16200,356268.0
000777.SZ,2026-04-24 14:38:00,21.99,22.0,21.98,21.98,8200,180291.0
000777.SZ,2026-04-24 14:39:00,21.98,21.99,21.98,21.99,6200,136285.0
000777.SZ,2026-04-24 14:40:00,21.96,21.96,21.93,21.94,162802,3572892.0
000777.SZ,2026-04-24 14:41:00,21.94,21.94,21.93,21.93,10398,228037.12
000777.SZ,2026-04-24 14:42:00,21.93,21.95,21.93,21.93,32702,717385.9
000777.SZ,2026-04-24 14:43:00,21.93,21.94,21.92,21.92,6298,138104.14
000777.SZ,2026-04-24 14:44:00,21.92,21.92,21.9,21.9,33102,725090.8
000777.SZ,2026-04-24 14:45:00,21.9,21.91,21.89,21.9,22698,497159.2
000777.SZ,2026-04-24 14:46:00,21.91,21.91,21.89,21.89,16300,356897.0
000777.SZ,2026-04-24 14:47:00,21.9,21.9,21.88,21.89,21400,468540.0
000777.SZ,2026-04-24 14:48:00,21.89,21.89,21.88,21.88,20400,446400.0
000777.SZ,2026-04-24 14:49:00,21.89,21.89,21.87,21.87,43400,949635.0
000777.SZ,2026-04-24 14:50:00,21.87,21.88,21.86,21.88,9100,199049.0
000777.SZ,2026-04-24 14:51:00,21.88,21.89,21.88,21.88,33300,728606.0
000777.SZ,2026-04-24 14:52:00,21.88,21.88,21.86,21.87,25200,551170.0
000777.SZ,2026-04-24 14:53:00,21.87,21.88,21.87,21.87,12756,279023.72
000777.SZ,2026-04-24 14:54:00,21.87,21.88,21.87,21.88,21900,479051.0
000777.SZ,2026-04-24 14:55:00,21.88,21.89,21.87,21.88,46000,1006446.0
000777.SZ,2026-04-24 14:56:00,21.88,21.89,21.87,21.87,84300,1844249.0
000777.SZ,2026-04-24 14:57:00,21.89,21.89,21.87,21.87,32800,717574.0
000777.SZ,2026-04-24 14:58:00,21.87,21.87,21.87,21.87,0,0.0
000777.SZ,2026-04-24 14:59:00,21.87,21.87,21.87,21.87,0,0.0
000777.SZ,2026-04-24 15:00:00,21.87,21.87,21.87,21.87,58800,1285956.0
000777.SZ,2026-04-27 09:30:00,21.7,21.77,21.7,21.75,33100,718405.0
000777.SZ,2026-04-27 09:31:00,21.68,21.78,21.67,21.78,212600,4614764.0
000777.SZ,2026-04-27 09:32:00,21.76,21.77,21.64,21.64,66900,1450784.0
000777.SZ,2026-04-27 09:33:00,21.63,21.66,21.6,21.65,206300,4460681.0
000777.SZ,2026-04-27 09:34:00,21.65,21.65,21.62,21.62,38600,834909.0
000777.SZ,2026-04-27 09:35:00,21.63,21.63,21.6,21.6,109800,2372982.0
000777.SZ,2026-04-27 09:36:00,21.6,21.68,21.59,21.66,108525,2346552.2
000777.SZ,2026-04-27 09:37:00,21.66,21.7,21.63,21.68,53000,1148168.0
000777.SZ,2026-04-27 09:38:00,21.7,21.7,21.67,21.67,28100,609340.0
000777.SZ,2026-04-27 09:39:00,21.67,21.67,21.56,21.56,115600,2497128.0
000777.SZ,2026-04-27 09:40:00,21.53,21.56,21.52,21.52,122200,2632550.0
000777.SZ,2026-04-27 09:41:00,21.52,21.54,21.51,21.52,53500,1151191.0
000777.SZ,2026-04-27 09:42:00,21.52,21.52,21.5,21.5,75600,1625994.0
000777.SZ,2026-04-27 09:43:00,21.5,21.51,21.47,21.5,172291,3704114.8
000777.SZ,2026-04-27 09:44:00,21.48,21.53,21.46,21.53,119500,2567983.0
000777.SZ,2026-04-27 09:45:00,21.52,21.54,21.49,21.51,42100,905408.0
000777.SZ,2026-04-27 09:46:00,21.54,21.54,21.51,21.52,64400,1386023.0
000777.SZ,2026-04-27 09:47:00,21.52,21.52,21.45,21.45,115800,2487827.0
000777.SZ,2026-04-27 09:48:00,21.47,21.57,21.46,21.57,203500,4378391.0
000777.SZ,2026-04-27 09:49:00,21.56,21.59,21.56,21.59,36800,793806.0
000777.SZ,2026-04-27 09:50:00,21.56,21.6,21.56,21.57,46700,1007698.0
000777.SZ,2026-04-27 09:51:00,21.57,21.57,21.55,21.55,27400,590683.0
000777.SZ,2026-04-27 09:52:00,21.55,21.56,21.51,21.52,23000,495401.0
000777.SZ,2026-04-27 09:53:00,21.52,21.55,21.52,21.55,43700,941417.9
000777.SZ,2026-04-27 09:54:00,21.55,21.6,21.52,21.54,376766,8122450.5
000777.SZ,2026-04-27 09:55:00,21.54,21.59,21.52,21.56,83300,1794242.0
000777.SZ,2026-04-27 09:56:00,21.55,21.6,21.55,21.58,37000,797879.0
000777.SZ,2026-04-27 09:57:00,21.58,21.58,21.54,21.55,45700,985161.0
000777.SZ,2026-04-27 09:58:00,21.55,21.55,21.51,21.52,41600,895522.0
000777.SZ,2026-04-27 09:59:00,21.52,21.52,21.51,21.51,38800,834728.0
000777.SZ,2026-04-27 10:00:00,21.52,21.52,21.5,21.51,117200,2520431.0
000777.SZ,2026-04-27 10:01:00,21.5,21.54,21.5,21.54,27900,600230.0
000777.SZ,2026-04-27 10:02:00,21.55,21.55,21.53,21.53,70000,1507573.0
000777.SZ,2026-04-27 10:03:00,21.53,21.53,21.52,21.53,47500,1022673.0
000777.SZ,2026-04-27 10:04:00,21.53,21.54,21.52,21.54,48200,1037969.0
000777.SZ,2026-04-27 10:05:00,21.53,21.54,21.53,21.54,30500,656839.0
000777.SZ,2026-04-27 10:06:00,21.55,21.55,21.53,21.53,39500,850694.0
000777.SZ,2026-04-27 10:07:00,21.53,21.53,21.52,21.53,23600,508047.0
000777.SZ,2026-04-27 10:08:00,21.53,21.54,21.53,21.54,22700,488818.0
000777.SZ,2026-04-27 10:09:00,21.54,21.58,21.53,21.57,44700,963416.0
000777.SZ,2026-04-27 10:10:00,21.58,21.63,21.58,21.63,50200,1084865.0
000777.SZ,2026-04-27 10:11:00,21.63,21.66,21.63,21.66,28500,616972.0
000777.SZ,2026-04-27 10:12:00,21.66,21.66,21.63,21.63,33000,714020.0
000777.SZ,2026-04-27 10:13:00,21.63,21.64,21.61,21.61,18400,398003.0
000777.SZ,2026-04-27 10:14:00,21.61,21.62,21.6,21.62,14500,313344.0
000777.SZ,2026-04-27 10:15:00,21.62,21.64,21.62,21.63,7600,164381.0
000777.SZ,2026-04-27 10:16:00,21.63,21.65,21.63,21.65,22500,486723.0
000777.SZ,2026-04-27 10:17:00,21.64,21.65,21.63,21.63,23000,497836.0
000777.SZ,2026-04-27 10:18:00,21.63,21.64,21.59,21.59,53500,1156539.0
000777.SZ,2026-04-27 10:19:00,21.59,21.61,21.59,21.61,4700,101499.0
000777.SZ,2026-04-27 10:20:00,21.61,21.62,21.58,21.58,19700,425592.0
000777.SZ,2026-04-27 10:21:00,21.61,21.61,21.58,21.58,14800,319458.0
000777.SZ,2026-04-27 10:22:00,21.6,21.6,21.58,21.6,9900,213813.0
000777.SZ,2026-04-27 10:23:00,21.6,21.61,21.6,21.61,10100,218179.0
000777.SZ,2026-04-27 10:24:00,21.62,21.64,21.61,21.62,13100,283258.0
000777.SZ,2026-04-27 10:25:00,21.64,21.64,21.62,21.62,7100,153570.0
000777.SZ,2026-04-27 10:26:00,21.61,21.63,21.61,21.63,25400,549165.0
000777.SZ,2026-04-27 10:27:00,21.63,21.63,21.62,21.63,8800,190295.0
000777.SZ,2026-04-27 10:28:00,21.63,21.63,21.62,21.62,13200,285342.0
000777.SZ,2026-04-27 10:29:00,21.62,21.63,21.62,21.63,12300,265990.0
000777.SZ,2026-04-27 10:30:00,21.63,21.63,21.62,21.62,7000,151372.0
000777.SZ,2026-04-27 10:31:00,21.62,21.62,21.6,21.6,21300,460194.0
000777.SZ,2026-04-27 10:32:00,21.61,21.61,21.6,21.61,30100,650243.0
000777.SZ,2026-04-27 10:33:00,21.61,21.61,21.59,21.6,14800,319715.0
000777.SZ,2026-04-27 10:34:00,21.59,21.6,21.59,21.6,6100,131754.0
000777.SZ,2026-04-27 10:35:00,21.6,21.61,21.6,21.61,16500,356517.0
000777.SZ,2026-04-27 10:36:00,21.62,21.62,21.61,21.62,42800,925254.0
000777.SZ,2026-04-27 10:37:00,21.63,21.64,21.63,21.64,6100,131952.0
000777.SZ,2026-04-27 10:38:00,21.62,21.63,21.61,21.61,7500,162127.0
000777.SZ,2026-04-27 10:39:00,21.6,21.61,21.6,21.6,9800,211685.0
000777.SZ,2026-04-27 10:40:00,21.61,21.61,21.6,21.6,7600,164174.0
000777.SZ,2026-04-27 10:41:00,21.6,21.6,21.6,21.6,15100,326160.0
000777.SZ,2026-04-27 10:42:00,21.6,21.61,21.6,21.61,7300,157698.0
000777.SZ,2026-04-27 10:43:00,21.6,21.61,21.6,21.61,2600,56184.0
000777.SZ,2026-04-27 10:44:00,21.61,21.61,21.58,21.58,69900,1509394.0
000777.SZ,2026-04-27 10:45:00,21.57,21.58,21.56,21.57,63300,1365684.0
000777.SZ,2026-04-27 10:46:00,21.57,21.57,21.55,21.57,45800,987575.0
000777.SZ,2026-04-27 10:47:00,21.55,21.55,21.54,21.54,25000,538694.0
000777.SZ,2026-04-27 10:48:00,21.54,21.54,21.53,21.53,20100,432880.0
000777.SZ,2026-04-27 10:49:00,21.55,21.55,21.54,21.55,11600,249914.0
000777.SZ,2026-04-27 10:50:00,21.54,21.55,21.53,21.55,20700,445956.0
000777.SZ,2026-04-27 10:51:00,21.55,21.55,21.54,21.54,16700,359807.0
000777.SZ,2026-04-27 10:52:00,21.53,21.57,21.53,21.57,20500,441685.0
000777.SZ,2026-04-27 10:53:00,21.57,21.58,21.57,21.57,14200,306310.0
000777.SZ,2026-04-27 10:54:00,21.57,21.57,21.56,21.57,9000,194062.0
000777.SZ,2026-04-27 10:55:00,21.57,21.57,21.57,21.57,5600,120767.0
000777.SZ,2026-04-27 10:56:00,21.56,21.57,21.56,21.57,18000,388260.0
000777.SZ,2026-04-27 10:57:00,21.57,21.58,21.57,21.58,9900,213580.0
000777.SZ,2026-04-27 10:58:00,21.58,21.58,21.57,21.57,7100,153175.0
000777.SZ,2026-04-27 10:59:00,21.56,21.56,21.56,21.56,8500,183260.0
000777.SZ,2026-04-27 11:00:00,21.56,21.57,21.56,21.57,9300,200509.0
000777.SZ,2026-04-27 11:01:00,21.57,21.58,21.56,21.57,10600,228675.0
000777.SZ,2026-04-27 11:02:00,21.57,21.57,21.56,21.56,6200,133727.0
000777.SZ,2026-04-27 11:03:00,21.56,21.56,21.54,21.54,14900,321059.0
000777.SZ,2026-04-27 11:04:00,21.54,21.54,21.53,21.53,8000,172271.0
000777.SZ,2026-04-27 11:05:00,21.53,21.54,21.53,21.54,17900,385516.0
000777.SZ,2026-04-27 11:06:00,21.54,21.54,21.53,21.54,4200,90464.0
000777.SZ,2026-04-27 11:07:00,21.53,21.55,21.53,21.54,19100,411296.0
000777.SZ,2026-04-27 11:08:00,21.54,21.55,21.53,21.53,6800,146469.0
000777.SZ,2026-04-27 11:09:00,21.53,21.55,21.53,21.55,39500,850768.0
000777.SZ,2026-04-27 11:10:00,21.55,21.55,21.54,21.55,2100,45248.0
000777.SZ,2026-04-27 11:11:00,21.54,21.54,21.54,21.54,28400,611736.0
000777.SZ,2026-04-27 11:12:00,21.53,21.54,21.53,21.54,9200,198114.0
000777.SZ,2026-04-27 11:13:00,21.55,21.55,21.54,21.54,9100,196032.0
000777.SZ,2026-04-27 11:14:00,21.54,21.55,21.54,21.55,6700,144349.0
000777.SZ,2026-04-27 11:15:00,21.54,21.55,21.54,21.55,21900,471872.0
000777.SZ,2026-04-27 11:16:00,21.55,21.59,21.55,21.59,37300,804193.0
000777.SZ,2026-04-27 11:17:00,21.59,21.6,21.59,21.6,14600,315318.0
000777.SZ,2026-04-27 11:18:00,21.6,21.61,21.59,21.59,9500,205216.0
000777.SZ,2026-04-27 11:19:00,21.6,21.6,21.59,21.59,3600,77755.0
000777.SZ,2026-04-27 11:20:00,21.59,21.6,21.59,21.59,2000,43184.0
000777.SZ,2026-04-27 11:21:00,21.59,21.61,21.59,21.61,2500,54008.0
000777.SZ,2026-04-27 11:22:00,21.61,21.61,21.6,21.6,2900,62643.0
000777.SZ,2026-04-27 11:23:00,21.6,21.61,21.59,21.59,18000,388876.0
000777.SZ,2026-04-27 11:24:00,21.59,21.61,21.59,21.59,17200,371462.0
000777.SZ,2026-04-27 11:25:00,21.6,21.6,21.59,21.6,5400,116599.0
000777.SZ,2026-04-27 11:26:00,21.59,21.59,21.58,21.59,3000,64763.0
000777.SZ,2026-04-27 11:27:00,21.59,21.59,21.59,21.59,700,15113.0
000777.SZ,2026-04-27 11:28:00,21.58,21.58,21.58,21.58,13800,297806.0
000777.SZ,2026-04-27 11:29:00,21.57,21.59,21.57,21.57,5100,110028.0
000777.SZ,2026-04-27 11:30:00,21.57,21.58,21.56,21.58,5700,122976.0
000777.SZ,2026-04-27 13:01:00,21.58,21.58,21.56,21.58,51800,1117732.0
000777.SZ,2026-04-27 13:02:00,21.58,21.58,21.56,21.56,5000,107810.0
000777.SZ,2026-04-27 13:03:00,21.58,21.59,21.56,21.58,15100,325792.0
000777.SZ,2026-04-27 13:04:00,21.6,21.61,21.58,21.61,13800,298048.0
000777.SZ,2026-04-27 13:05:00,21.61,21.62,21.6,21.6,9500,205292.0
000777.SZ,2026-04-27 13:06:00,21.61,21.61,21.6,21.61,10900,235528.0
000777.SZ,2026-04-27 13:07:00,21.6,21.6,21.59,21.59,16100,347682.0
000777.SZ,2026-04-27 13:08:00,21.59,21.6,21.59,21.6,11500,248368.0
000777.SZ,2026-04-27 13:09:00,21.6,21.6,21.59,21.59,6100,131740.0
000777.SZ,2026-04-27 13:10:00,21.59,21.61,21.59,21.61,1000,21594.0
000777.SZ,2026-04-27 13:11:00,21.61,21.62,21.6,21.62,10900,235561.0
000777.SZ,2026-04-27 13:12:00,21.62,21.62,21.61,21.62,12700,274536.0
000777.SZ,2026-04-27 13:13:00,21.62,21.63,21.62,21.62,10800,233497.0
000777.SZ,2026-04-27 13:14:00,21.62,21.62,21.62,21.62,13000,281062.0
000777.SZ,2026-04-27 13:15:00,21.62,21.62,21.6,21.6,6700,144783.0
000777.SZ,2026-04-27 13:16:00,21.6,21.6,21.6,21.6,27000,583198.0
000777.SZ,2026-04-27 13:17:00,21.6,21.61,21.59,21.59,14300,308873.0
000777.SZ,2026-04-27 13:18:00,21.61,21.61,21.59,21.6,11300,244002.0
000777.SZ,2026-04-27 13:19:00,21.59,21.6,21.59,21.6,8500,183590.0
000777.SZ,2026-04-27 13:20:00,21.58,21.58,21.57,21.57,18300,394914.0
000777.SZ,2026-04-27 13:21:00,21.58,21.61,21.58,21.61,48800,1053195.0
000777.SZ,2026-04-27 13:22:00,21.61,21.61,21.59,21.59,6600,142559.0
000777.SZ,2026-04-27 13:23:00,21.59,21.6,21.58,21.59,25800,557033.0
000777.SZ,2026-04-27 13:24:00,21.59,21.61,21.59,21.6,14000,302397.0
000777.SZ,2026-04-27 13:25:00,21.6,21.61,21.6,21.6,16100,347782.0
000777.SZ,2026-04-27 13:26:00,21.6,21.6,21.6,21.6,7000,151200.0
000777.SZ,2026-04-27 13:27:00,21.6,21.6,21.59,21.6,11800,254872.0
000777.SZ,2026-04-27 13:28:00,21.59,21.6,21.59,21.6,3600,77742.0
000777.SZ,2026-04-27 13:29:00,21.6,21.6,21.58,21.59,21400,462072.0
000777.SZ,2026-04-27 13:30:00,21.6,21.6,21.59,21.59,11200,241842.0
000777.SZ,2026-04-27 13:31:00,21.6,21.61,21.57,21.57,126300,2725039.0
000777.SZ,2026-04-27 13:32:00,21.59,21.6,21.59,21.6,1700,36713.0
000777.SZ,2026-04-27 13:33:00,21.6,21.6,21.58,21.58,21900,472849.0
000777.SZ,2026-04-27 13:34:00,21.58,21.6,21.58,21.59,26200,565540.0
000777.SZ,2026-04-27 13:35:00,21.59,21.59,21.57,21.58,21400,461790.0
000777.SZ,2026-04-27 13:36:00,21.58,21.59,21.57,21.59,18700,403588.0
000777.SZ,2026-04-27 13:37:00,21.58,21.58,21.57,21.58,8900,192051.0
000777.SZ,2026-04-27 13:38:00,21.58,21.59,21.58,21.59,12200,263263.0
000777.SZ,2026-04-27 13:39:00,21.58,21.58,21.55,21.56,71500,1541662.0
000777.SZ,2026-04-27 13:40:00,21.56,21.56,21.52,21.52,132000,2843046.0
000777.SZ,2026-04-27 13:41:00,21.52,21.52,21.51,21.51,29600,636952.0
000777.SZ,2026-04-27 13:42:00,21.52,21.53,21.52,21.52,55200,1187917.0
000777.SZ,2026-04-27 13:43:00,21.51,21.53,21.51,21.52,61200,1316757.0
000777.SZ,2026-04-27 13:44:00,21.52,21.53,21.52,21.53,12900,277612.0
000777.SZ,2026-04-27 13:45:00,21.53,21.54,21.52,21.53,8900,191609.0
000777.SZ,2026-04-27 13:46:00,21.53,21.53,21.53,21.53,21300,458589.0
000777.SZ,2026-04-27 13:47:00,21.53,21.55,21.53,21.55,11100,239130.0
000777.SZ,2026-04-27 13:48:00,21.56,21.56,21.55,21.56,8200,176762.0
000777.SZ,2026-04-27 13:49:00,21.56,21.57,21.55,21.55,7500,161687.0
000777.SZ,2026-04-27 13:50:00,21.57,21.57,21.56,21.56,18000,388090.0
000777.SZ,2026-04-27 13:51:00,21.57,21.57,21.56,21.56,12300,265216.0
000777.SZ,2026-04-27 13:52:00,21.55,21.56,21.55,21.55,23700,510780.0
000777.SZ,2026-04-27 13:53:00,21.55,21.56,21.55,21.56,1900,40960.0
000777.SZ,2026-04-27 13:54:00,21.56,21.56,21.55,21.56,1300,28023.0
000777.SZ,2026-04-27 13:55:00,21.56,21.56,21.54,21.54,30200,650932.0
000777.SZ,2026-04-27 13:56:00,21.54,21.56,21.54,21.56,7100,152997.0
000777.SZ,2026-04-27 13:57:00,21.55,21.55,21.53,21.53,7400,159395.0
000777.SZ,2026-04-27 13:58:00,21.53,21.55,21.53,21.54,14500,312388.0
000777.SZ,2026-04-27 13:59:00,21.54,21.54,21.54,21.54,2900,62460.0
000777.SZ,2026-04-27 14:00:00,21.55,21.55,21.55,21.55,7900,170245.0
000777.SZ,2026-04-27 14:01:00,21.55,21.55,21.54,21.54,4900,105581.0
000777.SZ,2026-04-27 14:02:00,21.55,21.57,21.55,21.55,36100,778380.0
000777.SZ,2026-04-27 14:03:00,21.56,21.56,21.54,21.55,18200,392201.0
000777.SZ,2026-04-27 14:04:00,21.56,21.56,21.55,21.56,6900,148757.0
000777.SZ,2026-04-27 14:05:00,21.57,21.58,21.57,21.58,7600,163958.0
000777.SZ,2026-04-27 14:06:00,21.57,21.58,21.56,21.57,22300,480962.0
000777.SZ,2026-04-27 14:07:00,21.56,21.57,21.56,21.56,15300,329903.0
000777.SZ,2026-04-27 14:08:00,21.56,21.57,21.56,21.56,5400,116458.0
000777.SZ,2026-04-27 14:09:00,21.57,21.57,21.56,21.56,28400,612385.0
000777.SZ,2026-04-27 14:10:00,21.58,21.59,21.57,21.59,14900,321547.0
000777.SZ,2026-04-27 14:11:00,21.59,21.6,21.57,21.57,31300,675718.0
000777.SZ,2026-04-27 14:12:00,21.57,21.58,21.57,21.58,3400,73346.0
000777.SZ,2026-04-27 14:13:00,21.58,21.6,21.58,21.6,17700,382108.0
000777.SZ,2026-04-27 14:14:00,21.59,21.59,21.59,21.59,6900,148971.0
000777.SZ,2026-04-27 14:15:00,21.6,21.6,21.59,21.6,4300,92865.0
000777.SZ,2026-04-27 14:16:00,21.6,21.6,21.59,21.59,4000,86374.0
000777.SZ,2026-04-27 14:17:00,21.59,21.6,21.59,21.59,19100,412440.0
000777.SZ,2026-04-27 14:18:00,21.59,21.59,21.58,21.58,14000,302136.0
000777.SZ,2026-04-27 14:19:00,21.59,21.59,21.57,21.57,19000,410003.0
000777.SZ,2026-04-27 14:20:00,21.57,21.58,21.57,21.57,7200,155316.0
000777.SZ,2026-04-27 14:21:00,21.58,21.58,21.56,21.57,36000,776497.0
000777.SZ,2026-04-27 14:22:00,21.56,21.57,21.56,21.57,15300,329942.0
000777.SZ,2026-04-27 14:23:00,21.57,21.57,21.56,21.56,32300,696643.0
000777.SZ,2026-04-27 14:24:00,21.57,21.57,21.56,21.56,14600,314838.0
000777.SZ,2026-04-27 14:25:00,21.57,21.58,21.56,21.56,23500,506869.0
000777.SZ,2026-04-27 14:26:00,21.56,21.57,21.56,21.56,4900,105660.0
000777.SZ,2026-04-27 14:27:00,21.56,21.57,21.56,21.57,9800,211301.0
000777.SZ,2026-04-27 14:28:00,21.57,21.57,21.56,21.56,7400,159594.0
000777.SZ,2026-04-27 14:29:00,21.56,21.57,21.56,21.56,10100,217774.0
000777.SZ,2026-04-27 14:30:00,21.57,21.57,21.55,21.56,34300,739558.0
000777.SZ,2026-04-27 14:31:00,21.56,21.56,21.55,21.56,4400,94848.0
000777.SZ,2026-04-27 14:32:00,21.56,21.56,21.54,21.54,59100,1273562.0
000777.SZ,2026-04-27 14:33:00,21.54,21.55,21.54,21.55,27800,598866.0
000777.SZ,2026-04-27 14:34:00,21.55,21.55,21.53,21.54,25700,553586.0
000777.SZ,2026-04-27 14:35:00,21.54,21.54,21.53,21.54,41300,889580.0
000777.SZ,2026-04-27 14:36:00,21.54,21.54,21.53,21.54,9027,194437.58
000777.SZ,2026-04-27 14:37:00,21.54,21.55,21.54,21.54,11702,252150.83
000777.SZ,2026-04-27 14:38:00,21.55,21.55,21.53,21.54,15600,335932.0
000777.SZ,2026-04-27 14:39:00,21.53,21.54,21.53,21.54,27200,585649.0
000777.SZ,2026-04-27 14:40:00,21.53,21.54,21.53,21.54,9600,206756.0
000777.SZ,2026-04-27 14:41:00,21.54,21.55,21.54,21.54,11600,249895.0
000777.SZ,2026-04-27 14:42:00,21.55,21.56,21.54,21.55,32100,691751.0
000777.SZ,2026-04-27 14:43:00,21.56,21.56,21.55,21.55,27000,581894.0
000777.SZ,2026-04-27 14:44:00,21.55,21.56,21.55,21.55,25100,540929.0
000777.SZ,2026-04-27 14:45:00,21.56,21.56,21.55,21.55,7200,155164.0
000777.SZ,2026-04-27 14:46:00,21.55,21.58,21.55,21.56,43900,946636.0
000777.SZ,2026-04-27 14:47:00,21.57,21.57,21.56,21.56,45600,983584.0
000777.SZ,2026-04-27 14:48:00,21.57,21.58,21.56,21.57,25100,541372.0
000777.SZ,2026-04-27 14:49:00,21.57,21.58,21.57,21.58,65500,1412942.0
000777.SZ,2026-04-27 14:50:00,21.57,21.58,21.57,21.57,21900,472505.0
000777.SZ,2026-04-27 14:51:00,21.57,21.58,21.57,21.57,43100,929710.0
000777.SZ,2026-04-27 14:52:00,21.57,21.58,21.57,21.58,42700,921073.0
000777.SZ,2026-04-27 14:53:00,21.58,21.58,21.57,21.58,19000,409888.0
000777.SZ,2026-04-27 14:54:00,21.57,21.58,21.57,21.58,45100,972994.0
000777.SZ,2026-04-27 14:55:00,21.58,21.58,21.57,21.57,42100,908253.0
000777.SZ,2026-04-27 14:56:00,21.58,21.58,21.56,21.57,52300,1128082.0
000777.SZ,2026-04-27 14:57:00,21.57,21.57,21.56,21.57,46400,1000827.0
000777.SZ,2026-04-27 14:58:00,21.57,21.57,21.57,21.57,0,0.0
000777.SZ,2026-04-27 14:59:00,21.57,21.57,21.57,21.57,0,0.0
000777.SZ,2026-04-27 15:00:00,21.57,21.57,21.57,21.57,60800,1311456.0
000777.SZ,2026-04-28 09:30:00,20.8,20.8,20.58,20.61,392700,8159130.0
000777.SZ,2026-04-28 09:31:00,20.6,20.6,19.77,19.81,1175400,23739918.0
000777.SZ,2026-04-28 09:32:00,19.82,20.0,19.78,19.78,1075967,21408956.0
000777.SZ,2026-04-28 09:33:00,19.78,19.95,19.76,19.87,742644,14750400.0
000777.SZ,2026-04-28 09:34:00,19.84,19.85,19.61,19.63,960500,18917902.0
000777.SZ,2026-04-28 09:35:00,19.63,19.81,19.6,19.81,596700,11732462.0
000777.SZ,2026-04-28 09:36:00,19.83,20.0,19.83,19.97,478600,9544220.0
000777.SZ,2026-04-28 09:37:00,19.93,19.93,19.84,19.85,565900,11246286.0
000777.SZ,2026-04-28 09:38:00,19.85,19.85,19.73,19.73,327100,6476019.0
000777.SZ,2026-04-28 09:39:00,19.74,19.74,19.68,19.69,338600,6672654.0
000777.SZ,2026-04-28 09:40:00,19.68,19.71,19.67,19.71,383800,7556459.0
000777.SZ,2026-04-28 09:41:00,19.7,19.71,19.68,19.69,289000,5691002.0
000777.SZ,2026-04-28 09:42:00,19.67,19.67,19.6,19.61,967100,18984840.0
000777.SZ,2026-04-28 09:43:00,19.61,19.61,19.55,19.56,369800,7244116.0
000777.SZ,2026-04-28 09:44:00,19.56,19.56,19.46,19.56,1236400,24101750.0
000777.SZ,2026-04-28 09:45:00,19.57,19.59,19.56,19.57,315900,6183003.0
000777.SZ,2026-04-28 09:46:00,19.56,19.61,19.56,19.61,231718,4537215.5
000777.SZ,2026-04-28 09:47:00,19.61,19.7,19.61,19.7,202200,3975126.0
000777.SZ,2026-04-28 09:48:00,19.7,19.72,19.69,19.72,201500,3969871.0
000777.SZ,2026-04-28 09:49:00,19.72,19.73,19.67,19.7,260500,5131892.0
000777.SZ,2026-04-28 09:50:00,19.7,19.71,19.66,19.66,277100,5456979.0
000777.SZ,2026-04-28 09:51:00,19.67,19.67,19.65,19.67,136200,2677277.0
000777.SZ,2026-04-28 09:52:00,19.66,19.69,19.66,19.68,189200,3723214.0
000777.SZ,2026-04-28 09:53:00,19.66,19.68,19.66,19.67,269300,5296115.0
000777.SZ,2026-04-28 09:54:00,19.67,19.67,19.63,19.64,316800,6221514.0
000777.SZ,2026-04-28 09:55:00,19.64,19.64,19.59,19.59,275800,5406474.0
000777.SZ,2026-04-28 09:56:00,19.59,19.6,19.58,19.59,90600,1774601.0
000777.SZ,2026-04-28 09:57:00,19.59,19.59,19.56,19.56,169282,3314060.5
000777.SZ,2026-04-28 09:58:00,19.56,19.57,19.55,19.55,154100,3013276.0
000777.SZ,2026-04-28 09:59:00,19.55,19.55,19.53,19.53,164300,3210485.0
000777.SZ,2026-04-28 10:00:00,19.56,19.56,19.52,19.54,193300,3774988.0
000777.SZ,2026-04-28 10:01:00,19.54,19.54,19.51,19.52,234400,4576353.0
000777.SZ,2026-04-28 10:02:00,19.52,19.52,19.48,19.48,307200,5990012.0
000777.SZ,2026-04-28 10:03:00,19.48,19.5,19.48,19.49,314700,6133684.0
000777.SZ,2026-04-28 10:04:00,19.5,19.57,19.49,19.57,131691,2569911.5
000777.SZ,2026-04-28 10:05:00,19.57,19.57,19.54,19.54,75000,1467038.0
000777.SZ,2026-04-28 10:06:00,19.54,19.57,19.54,19.57,136756,2675142.0
000777.SZ,2026-04-28 10:07:00,19.57,19.65,19.57,19.64,207081,4060906.0
000777.SZ,2026-04-28 10:08:00,19.64,19.7,19.63,19.69,156900,3084719.0
000777.SZ,2026-04-28 10:09:00,19.68,19.77,19.68,19.74,108800,2146130.0
000777.SZ,2026-04-28 10:10:00,19.74,19.74,19.7,19.7,73400,1447064.0
000777.SZ,2026-04-28 10:11:00,19.71,19.71,19.68,19.68,43000,846694.0
000777.SZ,2026-04-28 10:12:00,19.68,19.68,19.66,19.67,33600,660770.0
000777.SZ,2026-04-28 10:13:00,19.66,19.66,19.61,19.62,61800,1212880.0
000777.SZ,2026-04-28 10:14:00,19.6,19.63,19.6,19.62,67300,1319746.0
000777.SZ,2026-04-28 10:15:00,19.62,19.7,19.62,19.69,101223,1990990.5
000777.SZ,2026-04-28 10:16:00,19.68,19.69,19.65,19.65,46700,919051.0
000777.SZ,2026-04-28 10:17:00,19.66,19.66,19.64,19.65,36100,709489.0
000777.SZ,2026-04-28 10:18:00,19.67,19.68,19.66,19.67,39700,780802.0
000777.SZ,2026-04-28 10:19:00,19.67,19.67,19.64,19.64,56800,1115999.0
000777.SZ,2026-04-28 10:20:00,19.64,19.65,19.64,19.64,71500,1404636.0
000777.SZ,2026-04-28 10:21:00,19.64,19.64,19.63,19.63,61500,1207646.0
000777.SZ,2026-04-28 10:22:00,19.63,19.64,19.61,19.61,147877,2902434.5
000777.SZ,2026-04-28 10:23:00,19.61,19.62,19.61,19.61,31700,621687.0
000777.SZ,2026-04-28 10:24:00,19.61,19.62,19.61,19.62,54700,1072700.0
000777.SZ,2026-04-28 10:25:00,19.62,19.63,19.61,19.62,100212,1966278.4
000777.SZ,2026-04-28 10:26:00,19.62,19.63,19.6,19.61,127788,2505098.5
000777.SZ,2026-04-28 10:27:00,19.61,19.62,19.6,19.6,56700,1111793.0
000777.SZ,2026-04-28 10:28:00,19.61,19.62,19.6,19.62,39400,772651.0
000777.SZ,2026-04-28 10:29:00,19.61,19.62,19.61,19.62,25712,504408.44
000777.SZ,2026-04-28 10:30:00,19.62,19.62,19.58,19.59,140988,2763344.5
000777.SZ,2026-04-28 10:31:00,19.59,19.59,19.58,19.58,48800,955686.0
000777.SZ,2026-04-28 10:32:00,19.58,19.58,19.57,19.58,56500,1105966.0
000777.SZ,2026-04-28 10:33:00,19.57,19.57,19.56,19.57,34900,682858.0
000777.SZ,2026-04-28 10:34:00,19.56,19.56,19.55,19.56,80300,1570276.0
000777.SZ,2026-04-28 10:35:00,19.56,19.57,19.55,19.57,34100,667074.0
000777.SZ,2026-04-28 10:36:00,19.56,19.58,19.56,19.57,141400,2767294.0
000777.SZ,2026-04-28 10:37:00,19.57,19.62,19.57,19.61,40500,794014.0
000777.SZ,2026-04-28 10:38:00,19.61,19.61,19.6,19.6,36300,711690.0
000777.SZ,2026-04-28 10:39:00,19.61,19.61,19.6,19.6,40600,796042.0
000777.SZ,2026-04-28 10:40:00,19.6,19.61,19.6,19.61,13900,272523.0
000777.SZ,2026-04-28 10:41:00,19.61,19.62,19.61,19.61,18100,354958.0
000777.SZ,2026-04-28 10:42:00,19.61,19.61,19.6,19.6,17100,335241.0
000777.SZ,2026-04-28 10:43:00,19.6,19.6,19.56,19.56,169000,3307208.0
000777.SZ,2026-04-28 10:44:00,19.58,19.59,19.56,19.57,38000,743694.0
000777.SZ,2026-04-28 10:45:00,19.57,19.58,19.54,19.55,125300,2450326.0
000777.SZ,2026-04-28 10:46:00,19.55,19.55,19.53,19.54,120600,2356497.0
000777.SZ,2026-04-28 10:47:00,19.53,19.6,19.53,19.6,263788,5163729.5
000777.SZ,2026-04-28 10:48:00,19.59,19.59,19.58,19.58,40200,787264.0
000777.SZ,2026-04-28 10:49:00,19.58,19.62,19.56,19.62,91212,1788428.5
000777.SZ,2026-04-28 10:50:00,19.63,19.66,19.6,19.65,94800,1861804.0
000777.SZ,2026-04-28 10:51:00,19.65,19.65,19.62,19.62,14900,292577.0
000777.SZ,2026-04-28 10:52:00,19.63,19.63,19.61,19.63,66700,1307674.0
000777.SZ,2026-04-28 10:53:00,19.63,19.63,19.59,19.6,16700,327324.0
000777.SZ,2026-04-28 10:54:00,19.59,19.6,19.59,19.59,26500,519233.0
000777.SZ,2026-04-28 10:55:00,19.6,19.61,19.59,19.6,33700,660374.0
000777.SZ,2026-04-28 10:56:00,19.61,19.61,19.58,19.59,76000,1489633.0
000777.SZ,2026-04-28 10:57:00,19.59,19.61,19.58,19.6,36100,707278.0
000777.SZ,2026-04-28 10:58:00,19.6,19.61,19.6,19.6,32400,635060.0
000777.SZ,2026-04-28 10:59:00,19.6,19.61,19.59,19.6,38000,744678.0
000777.SZ,2026-04-28 11:00:00,19.59,19.59,19.55,19.58,134100,2622885.0
000777.SZ,2026-04-28 11:01:00,19.58,19.58,19.56,19.58,137700,2692784.0
000777.SZ,2026-04-28 11:02:00,19.58,19.58,19.55,19.56,44300,866489.0
000777.SZ,2026-04-28 11:03:00,19.55,19.55,19.53,19.53,81000,1582841.0
000777.SZ,2026-04-28 11:04:00,19.53,19.55,19.53,19.55,60500,1182124.0
000777.SZ,2026-04-28 11:05:00,19.54,19.55,19.54,19.54,49900,975166.0
000777.SZ,2026-04-28 11:06:00,19.54,19.55,19.53,19.53,73700,1439772.0
000777.SZ,2026-04-28 11:07:00,19.54,19.55,19.54,19.55,34500,674225.0
000777.SZ,2026-04-28 11:08:00,19.55,19.55,19.54,19.55,57100,1115862.0
000777.SZ,2026-04-28 11:09:00,19.54,19.55,19.53,19.53,31800,621441.0
000777.SZ,2026-04-28 11:10:00,19.53,19.54,19.53,19.54,24500,478600.0
000777.SZ,2026-04-28 11:11:00,19.54,19.55,19.52,19.53,54300,1060578.0
000777.SZ,2026-04-28 11:12:00,19.52,19.52,19.51,19.51,141700,2765609.0
000777.SZ,2026-04-28 11:13:00,19.51,19.52,19.51,19.51,47900,934582.0
000777.SZ,2026-04-28 11:14:00,19.52,19.52,19.51,19.52,35100,684877.0
000777.SZ,2026-04-28 11:15:00,19.51,19.52,19.51,19.52,22800,444899.0
000777.SZ,2026-04-28 11:16:00,19.51,19.52,19.51,19.52,31100,606868.0
000777.SZ,2026-04-28 11:17:00,19.52,19.52,19.51,19.52,29700,579609.0
000777.SZ,2026-04-28 11:18:00,19.52,19.52,19.51,19.52,52000,1014760.0
000777.SZ,2026-04-28 11:19:00,19.51,19.52,19.51,19.51,19600,382457.0
000777.SZ,2026-04-28 11:20:00,19.52,19.53,19.51,19.53,78200,1526754.0
000777.SZ,2026-04-28 11:21:00,19.53,19.55,19.52,19.54,50800,992281.0
000777.SZ,2026-04-28 11:22:00,19.55,19.57,19.55,19.55,68800,1345494.0
000777.SZ,2026-04-28 11:23:00,19.57,19.57,19.54,19.55,15300,299155.0
000777.SZ,2026-04-28 11:24:00,19.55,19.57,19.54,19.54,31800,621837.0
000777.SZ,2026-04-28 11:25:00,19.54,19.56,19.54,19.56,12500,244454.0
000777.SZ,2026-04-28 11:26:00,19.55,19.56,19.55,19.55,23000,449708.0
000777.SZ,2026-04-28 11:27:00,19.56,19.56,19.54,19.55,39900,780082.0
000777.SZ,2026-04-28 11:28:00,19.55,19.56,19.55,19.56,23600,461417.0
000777.SZ,2026-04-28 11:29:00,19.56,19.57,19.55,19.57,50500,987796.0
000777.SZ,2026-04-28 11:30:00,19.57,19.6,19.57,19.59,17500,342782.0
000777.SZ,2026-04-28 13:01:00,19.6,19.6,19.59,19.59,248600,4870845.0
000777.SZ,2026-04-28 13:02:00,19.59,19.62,19.59,19.62,49200,964327.0
000777.SZ,2026-04-28 13:03:00,19.62,19.63,19.61,19.62,37000,725976.0
000777.SZ,2026-04-28 13:04:00,19.62,19.62,19.61,19.61,65300,1280876.0
000777.SZ,2026-04-28 13:05:00,19.61,19.61,19.6,19.6,11400,223526.0
000777.SZ,2026-04-28 13:06:00,19.6,19.61,19.59,19.59,21800,427229.0
000777.SZ,2026-04-28 13:07:00,19.59,19.6,19.59,19.59,19200,376140.0
000777.SZ,2026-04-28 13:08:00,19.59,19.6,19.59,19.6,35200,689671.0
000777.SZ,2026-04-28 13:09:00,19.6,19.6,19.58,19.58,28000,548545.0
000777.SZ,2026-04-28 13:10:00,19.59,19.59,19.58,19.58,21600,422976.0
000777.SZ,2026-04-28 13:11:00,19.57,19.58,19.57,19.58,28100,550079.0
000777.SZ,2026-04-28 13:12:00,19.57,19.58,19.57,19.58,17600,344571.0
000777.SZ,2026-04-28 13:13:00,19.58,19.58,19.57,19.58,8000,156563.0
000777.SZ,2026-04-28 13:14:00,19.57,19.58,19.56,19.58,12000,234840.0
000777.SZ,2026-04-28 13:15:00,19.58,19.58,19.56,19.57,15500,303240.0
000777.SZ,2026-04-28 13:16:00,19.56,19.57,19.56,19.56,42400,829136.0
000777.SZ,2026-04-28 13:17:00,19.55,19.56,19.55,19.56,11800,230779.0
000777.SZ,2026-04-28 13:18:00,19.55,19.56,19.55,19.56,14600,285508.0
000777.SZ,2026-04-28 13:19:00,19.55,19.57,19.55,19.56,24100,471275.0
000777.SZ,2026-04-28 13:20:00,19.56,19.57,19.56,19.57,23300,455852.0
000777.SZ,2026-04-28 13:21:00,19.57,19.58,19.56,19.56,44500,870551.0
000777.SZ,2026-04-28 13:22:00,19.56,19.56,19.54,19.54,19600,383195.0
000777.SZ,2026-04-28 13:23:00,19.55,19.55,19.53,19.53,77300,1510887.0
000777.SZ,2026-04-28 13:24:00,19.55,19.58,19.55,19.58,46600,911716.0
000777.SZ,2026-04-28 13:25:00,19.6,19.62,19.56,19.62,89180,1747406.8
000777.SZ,2026-04-28 13:26:00,19.61,19.62,19.6,19.6,14000,274534.0
000777.SZ,2026-04-28 13:27:00,19.61,19.61,19.59,19.59,54500,1068231.0
000777.SZ,2026-04-28 13:28:00,19.6,19.6,19.57,19.59,59600,1167166.0
000777.SZ,2026-04-28 13:29:00,19.58,19.59,19.58,19.59,34800,681515.0
000777.SZ,2026-04-28 13:30:00,19.59,19.6,19.59,19.59,15400,301689.0
000777.SZ,2026-04-28 13:31:00,19.59,19.61,19.59,19.6,27000,529153.0
000777.SZ,2026-04-28 13:32:00,19.59,19.6,19.58,19.58,33200,650382.0
000777.SZ,2026-04-28 13:33:00,19.57,19.58,19.56,19.57,15900,311174.0
000777.SZ,2026-04-28 13:34:00,19.57,19.57,19.55,19.55,35400,692177.0
000777.SZ,2026-04-28 13:35:00,19.54,19.55,19.53,19.53,61900,1209506.0
000777.SZ,2026-04-28 13:36:00,19.53,19.53,19.52,19.53,24400,476473.0
000777.SZ,2026-04-28 13:37:00,19.53,19.54,19.52,19.53,43700,853157.0
000777.SZ,2026-04-28 13:38:00,19.53,19.53,19.5,19.51,123700,2413495.0
000777.SZ,2026-04-28 13:39:00,19.52,19.52,19.5,19.52,62600,1221289.0
000777.SZ,2026-04-28 13:40:00,19.5,19.51,19.5,19.5,40500,789924.0
000777.SZ,2026-04-28 13:41:00,19.51,19.52,19.51,19.51,17300,337583.0
000777.SZ,2026-04-28 13:42:00,19.51,19.51,19.5,19.51,22300,435067.0
000777.SZ,2026-04-28 13:43:00,19.51,19.52,19.5,19.5,21600,421400.0
000777.SZ,2026-04-28 13:44:00,19.51,19.51,19.5,19.5,32600,635818.0
000777.SZ,2026-04-28 13:45:00,19.51,19.51,19.5,19.51,21200,413504.0
000777.SZ,2026-04-28 13:46:00,19.5,19.51,19.5,19.51,15000,292586.0
000777.SZ,2026-04-28 13:47:00,19.5,19.51,19.5,19.5,18100,353067.0
000777.SZ,2026-04-28 13:48:00,19.51,19.51,19.5,19.51,44800,873776.0
000777.SZ,2026-04-28 13:49:00,19.51,19.51,19.5,19.51,19500,380417.0
000777.SZ,2026-04-28 13:50:00,19.51,19.51,19.5,19.5,52600,1025804.0
000777.SZ,2026-04-28 13:51:00,19.5,19.51,19.5,19.5,75000,1462678.0
000777.SZ,2026-04-28 13:52:00,19.5,19.51,19.49,19.49,233900,4561281.0
000777.SZ,2026-04-28 13:53:00,19.5,19.5,19.49,19.5,15700,306109.0
000777.SZ,2026-04-28 13:54:00,19.5,19.5,19.49,19.49,21300,415238.0
000777.SZ,2026-04-28 13:55:00,19.5,19.5,19.49,19.5,61300,1194873.0
000777.SZ,2026-04-28 13:56:00,19.5,19.5,19.49,19.5,12600,245605.0
000777.SZ,2026-04-28 13:57:00,19.5,19.5,19.49,19.5,43300,844169.0
000777.SZ,2026-04-28 13:58:00,19.49,19.5,19.49,19.49,22400,436678.0
000777.SZ,2026-04-28 13:59:00,19.5,19.51,19.49,19.51,52400,1021451.0
000777.SZ,2026-04-28 14:00:00,19.5,19.53,19.49,19.52,255900,4993552.0
000777.SZ,2026-04-28 14:01:00,19.51,19.53,19.51,19.52,16100,314175.0
000777.SZ,2026-04-28 14:02:00,19.51,19.51,19.5,19.5,46700,910692.0
000777.SZ,2026-04-28 14:03:00,19.5,19.5,19.49,19.49,25900,504955.0
000777.SZ,2026-04-28 14:04:00,19.5,19.5,19.49,19.49,46600,908469.0
000777.SZ,2026-04-28 14:05:00,19.5,19.5,19.49,19.49,22400,436674.0
000777.SZ,2026-04-28 14:06:00,19.49,19.49,19.48,19.48,48600,946983.0
000777.SZ,2026-04-28 14:07:00,19.48,19.5,19.48,19.48,24800,483334.0
000777.SZ,2026-04-28 14:08:00,19.48,19.49,19.48,19.49,27000,526014.0
000777.SZ,2026-04-28 14:09:00,19.48,19.5,19.48,19.48,32400,631387.0
000777.SZ,2026-04-28 14:10:00,19.49,19.51,19.49,19.49,84060,1639120.4
000777.SZ,2026-04-28 14:11:00,19.51,19.51,19.49,19.5,12100,235944.0
000777.SZ,2026-04-28 14:12:00,19.5,19.53,19.5,19.52,125618,2451103.0
000777.SZ,2026-04-28 14:13:00,19.52,19.52,19.51,19.51,17400,339577.0
000777.SZ,2026-04-28 14:14:00,19.51,19.51,19.5,19.5,25300,493506.0
000777.SZ,2026-04-28 14:15:00,19.51,19.51,19.5,19.5,18200,354985.0
000777.SZ,2026-04-28 14:16:00,19.5,19.51,19.49,19.5,46000,896940.0
000777.SZ,2026-04-28 14:17:00,19.5,19.51,19.49,19.5,19400,378271.0
000777.SZ,2026-04-28 14:18:00,19.49,19.51,19.49,19.51,50100,976881.0
000777.SZ,2026-04-28 14:19:00,19.5,19.5,19.49,19.5,28700,559421.0
000777.SZ,2026-04-28 14:20:00,19.49,19.5,19.48,19.49,62400,1216229.0
000777.SZ,2026-04-28 14:21:00,19.49,19.5,19.48,19.49,28300,551548.0
000777.SZ,2026-04-28 14:22:00,19.48,19.49,19.48,19.48,25800,502658.0
000777.SZ,2026-04-28 14:23:00,19.48,19.49,19.48,19.49,27800,541653.0
000777.SZ,2026-04-28 14:24:00,19.48,19.49,19.48,19.48,110700,2156880.0
000777.SZ,2026-04-28 14:25:00,19.5,19.5,19.48,19.48,14400,280584.0
000777.SZ,2026-04-28 14:26:00,19.48,19.49,19.48,19.48,54300,1058043.0
000777.SZ,2026-04-28 14:27:00,19.49,19.49,19.48,19.48,33500,652713.0
000777.SZ,2026-04-28 14:28:00,19.49,19.5,19.48,19.49,71700,1397261.0
000777.SZ,2026-04-28 14:29:00,19.49,19.5,19.49,19.49,61500,1198906.0
000777.SZ,2026-04-28 14:30:00,19.5,19.5,19.49,19.5,22600,440579.0
000777.SZ,2026-04-28 14:31:00,19.49,19.5,19.48,19.48,55200,1075850.0
000777.SZ,2026-04-28 14:32:00,19.49,19.49,19.48,19.49,29700,578622.0
000777.SZ,2026-04-28 14:33:00,19.48,19.49,19.48,19.48,68700,1338453.0
000777.SZ,2026-04-28 14:34:00,19.48,19.49,19.47,19.48,81900,1595496.0
000777.SZ,2026-04-28 14:35:00,19.48,19.48,19.47,19.47,113000,2200276.0
000777.SZ,2026-04-28 14:36:00,19.47,19.48,19.47,19.47,148600,2893259.0
000777.SZ,2026-04-28 14:37:00,19.46,19.48,19.46,19.47,35100,683386.0
000777.SZ,2026-04-28 14:38:00,19.47,19.48,19.46,19.47,68300,1329577.0
000777.SZ,2026-04-28 14:39:00,19.47,19.48,19.46,19.47,62000,1206945.0
000777.SZ,2026-04-28 14:40:00,19.47,19.48,19.46,19.47,61200,1191687.0
000777.SZ,2026-04-28 14:41:00,19.46,19.47,19.46,19.47,28760,559901.6
000777.SZ,2026-04-28 14:42:00,19.46,19.47,19.46,19.46,90400,1759412.0
000777.SZ,2026-04-28 14:43:00,19.47,19.47,19.46,19.47,42300,823425.0
000777.SZ,2026-04-28 14:44:00,19.46,19.48,19.46,19.48,102900,2004353.0
000777.SZ,2026-04-28 14:45:00,19.48,19.49,19.48,19.49,33200,646928.0
000777.SZ,2026-04-28 14:46:00,19.48,19.51,19.48,19.5,97472,1900734.2
000777.SZ,2026-04-28 14:47:00,19.5,19.51,19.5,19.5,28200,550137.0
000777.SZ,2026-04-28 14:48:00,19.51,19.51,19.5,19.51,96900,1889937.0
000777.SZ,2026-04-28 14:49:00,19.51,19.51,19.5,19.51,41500,809435.0
000777.SZ,2026-04-28 14:50:00,19.51,19.56,19.51,19.52,153900,3006188.0
000777.SZ,2026-04-28 14:51:00,19.54,19.56,19.54,19.55,33900,662683.0
000777.SZ,2026-04-28 14:52:00,19.56,19.56,19.54,19.54,36500,713609.0
000777.SZ,2026-04-28 14:53:00,19.54,19.56,19.54,19.55,70600,1380290.0
000777.SZ,2026-04-28 14:54:00,19.55,19.58,19.55,19.57,120603,2360047.8
000777.SZ,2026-04-28 14:55:00,19.57,19.58,19.57,19.57,37062,725454.3
000777.SZ,2026-04-28 14:56:00,19.58,19.59,19.58,19.58,113000,2212873.0
000777.SZ,2026-04-28 14:57:00,19.58,19.59,19.57,19.59,112900,2210062.0
000777.SZ,2026-04-28 14:58:00,19.59,19.59,19.59,19.59,0,0.0
000777.SZ,2026-04-28 14:59:00,19.59,19.59,19.59,19.59,0,0.0
000777.SZ,2026-04-28 15:00:00,19.57,19.57,19.57,19.57,112200,2195754.0
000777.SZ,2026-04-29 09:30:00,19.5,19.57,19.5,19.57,101900,1988378.0
000777.SZ,2026-04-29 09:31:00,19.51,19.56,19.47,19.56,137800,2688343.0
000777.SZ,2026-04-29 09:32:00,19.56,19.6,19.51,19.58,134400,2628385.0
000777.SZ,2026-04-29 09:33:00,19.59,19.69,19.59,19.65,176200,3462930.0
000777.SZ,2026-04-29 09:34:00,19.65,19.65,19.62,19.63,74100,1454828.0
000777.SZ,2026-04-29 09:35:00,19.63,19.65,19.62,19.63,109300,2146082.0
000777.SZ,2026-04-29 09:36:00,19.62,19.62,19.61,19.62,102800,2016296.0
000777.SZ,2026-04-29 09:37:00,19.62,19.62,19.55,19.57,147700,2892949.0
000777.SZ,2026-04-29 09:38:00,19.58,19.59,19.57,19.58,64200,1256997.0
000777.SZ,2026-04-29 09:39:00,19.58,19.59,19.56,19.59,51000,998431.0
000777.SZ,2026-04-29 09:40:00,19.59,19.61,19.57,19.58,67800,1327894.0
000777.SZ,2026-04-29 09:41:00,19.56,19.59,19.56,19.58,46200,904315.0
000777.SZ,2026-04-29 09:42:00,19.58,19.61,19.57,19.61,65100,1275125.0
000777.SZ,2026-04-29 09:43:00,19.61,19.62,19.58,19.58,108100,2118102.0
000777.SZ,2026-04-29 09:44:00,19.58,19.58,19.56,19.57,48100,941462.0
000777.SZ,2026-04-29 09:45:00,19.56,19.58,19.56,19.56,119500,2337965.0
000777.SZ,2026-04-29 09:46:00,19.55,19.55,19.53,19.54,79600,1555884.0
000777.SZ,2026-04-29 09:47:00,19.54,19.55,19.52,19.52,39500,771455.0
000777.SZ,2026-04-29 09:48:00,19.53,19.53,19.5,19.52,118500,2312568.0
000777.SZ,2026-04-29 09:49:00,19.52,19.56,19.52,19.56,79800,1559165.0
000777.SZ,2026-04-29 09:50:00,19.55,19.56,19.53,19.54,36700,717401.0
000777.SZ,2026-04-29 09:51:00,19.54,19.58,19.54,19.57,62400,1220317.0
000777.SZ,2026-04-29 09:52:00,19.58,19.58,19.56,19.56,35500,694755.0
000777.SZ,2026-04-29 09:53:00,19.56,19.57,19.55,19.56,16700,326664.0
000777.SZ,2026-04-29 09:54:00,19.56,19.58,19.55,19.58,41400,810024.0
000777.SZ,2026-04-29 09:55:00,19.57,19.59,19.57,19.58,33000,646056.0
000777.SZ,2026-04-29 09:56:00,19.57,19.58,19.56,19.56,45500,890329.0
000777.SZ,2026-04-29 09:57:00,19.56,19.57,19.56,19.56,32800,641843.0
000777.SZ,2026-04-29 09:58:00,19.56,19.58,19.56,19.58,43900,859231.0
000777.SZ,2026-04-29 09:59:00,19.58,19.58,19.57,19.57,26300,514779.0
000777.SZ,2026-04-29 10:00:00,19.58,19.59,19.58,19.58,70500,1381094.0
000777.SZ,2026-04-29 10:01:00,19.58,19.6,19.58,19.59,29600,579910.0
000777.SZ,2026-04-29 10:02:00,19.59,19.62,19.59,19.6,53300,1044851.0
000777.SZ,2026-04-29 10:03:00,19.61,19.61,19.55,19.55,91500,1791062.0
000777.SZ,2026-04-29 10:04:00,19.56,19.56,19.55,19.55,15800,308998.0
000777.SZ,2026-04-29 10:05:00,19.55,19.55,19.54,19.55,18300,357754.0
000777.SZ,2026-04-29 10:06:00,19.55,19.56,19.52,19.52,115100,2249330.0
000777.SZ,2026-04-29 10:07:00,19.53,19.58,19.52,19.57,34000,664650.0
000777.SZ,2026-04-29 10:08:00,19.57,19.58,19.56,19.58,24400,477576.0
000777.SZ,2026-04-29 10:09:00,19.58,19.6,19.57,19.59,48500,950203.0
000777.SZ,2026-04-29 10:10:00,19.6,19.6,19.59,19.59,23600,462477.0
000777.SZ,2026-04-29 10:11:00,19.59,19.61,19.59,19.6,40700,797704.0
000777.SZ,2026-04-29 10:12:00,19.61,19.63,19.6,19.63,107000,2098668.0
000777.SZ,2026-04-29 10:13:00,19.63,19.63,19.61,19.61,11700,229557.0
000777.SZ,2026-04-29 10:14:00,19.62,19.64,19.61,19.64,39600,777137.0
000777.SZ,2026-04-29 10:15:00,19.64,19.65,19.63,19.64,104200,2046433.0
000777.SZ,2026-04-29 10:16:00,19.63,19.64,19.63,19.64,19200,377081.0
000777.SZ,2026-04-29 10:17:00,19.64,19.64,19.63,19.64,19400,381005.0
000777.SZ,2026-04-29 10:18:00,19.64,19.64,19.63,19.63,49200,965937.0
000777.SZ,2026-04-29 10:19:00,19.63,19.68,19.63,19.68,138800,2726852.0
000777.SZ,2026-04-29 10:20:00,19.67,19.72,19.67,19.72,114500,2255278.0
000777.SZ,2026-04-29 10:21:00,19.72,19.76,19.72,19.74,51600,1018142.25
000777.SZ,2026-04-29 10:22:00,19.74,19.75,19.71,19.71,51200,1010251.0
000777.SZ,2026-04-29 10:23:00,19.72,19.73,19.71,19.71,19200,378544.0
000777.SZ,2026-04-29 10:24:00,19.71,19.73,19.71,19.72,38300,755500.0
000777.SZ,2026-04-29 10:25:00,19.72,19.74,19.72,19.72,50600,998662.0
000777.SZ,2026-04-29 10:26:00,19.72,19.73,19.71,19.71,27300,538311.0
000777.SZ,2026-04-29 10:27:00,19.71,19.71,19.68,19.7,36800,724815.0
000777.SZ,2026-04-29 10:28:00,19.7,19.7,19.69,19.7,27000,531830.0
000777.SZ,2026-04-29 10:29:00,19.7,19.71,19.7,19.7,27000,532050.0
000777.SZ,2026-04-29 10:30:00,19.72,19.74,19.71,19.74,54200,1068715.0
000777.SZ,2026-04-29 10:31:00,19.74,19.74,19.72,19.72,17100,337415.0
000777.SZ,2026-04-29 10:32:00,19.72,19.73,19.7,19.71,28800,567654.0
000777.SZ,2026-04-29 10:33:00,19.71,19.72,19.71,19.71,13000,256330.0
000777.SZ,2026-04-29 10:34:00,19.72,19.72,19.7,19.71,31500,620960.0
000777.SZ,2026-04-29 10:35:00,19.71,19.71,19.7,19.71,13600,268030.0
000777.SZ,2026-04-29 10:36:00,19.7,19.7,19.67,19.67,43600,858552.0
000777.SZ,2026-04-29 10:37:00,19.68,19.69,19.68,19.68,18900,372088.0
000777.SZ,2026-04-29 10:38:00,19.69,19.69,19.68,19.68,11300,222429.0
000777.SZ,2026-04-29 10:39:00,19.69,19.69,19.69,19.69,29100,572970.0
000777.SZ,2026-04-29 10:40:00,19.69,19.7,19.68,19.69,22600,445100.0
000777.SZ,2026-04-29 10:41:00,19.68,19.69,19.67,19.67,23500,462389.0
000777.SZ,2026-04-29 10:42:00,19.67,19.68,19.67,19.68,17900,352179.0
000777.SZ,2026-04-29 10:43:00,19.68,19.68,19.67,19.67,13300,261706.0
000777.SZ,2026-04-29 10:44:00,19.68,19.68,19.67,19.67,13900,273437.0
000777.SZ,2026-04-29 10:45:00,19.66,19.67,19.66,19.66,22900,450283.0
000777.SZ,2026-04-29 10:46:00,19.67,19.68,19.66,19.68,24800,487749.0
000777.SZ,2026-04-29 10:47:00,19.68,19.7,19.68,19.7,24600,484187.0
000777.SZ,2026-04-29 10:48:00,19.69,19.7,19.69,19.7,13300,261999.0
000777.SZ,2026-04-29 10:49:00,19.7,19.71,19.7,19.71,11200,220732.0
000777.SZ,2026-04-29 10:50:00,19.71,19.73,19.7,19.73,26400,520488.0
000777.SZ,2026-04-29 10:51:00,19.71,19.73,19.71,19.73,11100,218884.0
000777.SZ,2026-04-29 10:52:00,19.73,19.73,19.72,19.73,9200,181463.0
000777.SZ,2026-04-29 10:53:00,19.72,19.72,19.7,19.71,101800,2006585.0
000777.SZ,2026-04-29 10:54:00,19.71,19.71,19.7,19.71,4800,94600.0
000777.SZ,2026-04-29 10:55:00,19.71,19.71,19.7,19.7,7500,147793.0
000777.SZ,2026-04-29 10:56:00,19.7,19.71,19.69,19.69,22500,443259.0
000777.SZ,2026-04-29 10:57:00,19.69,19.69,19.69,19.69,19300,380017.0
000777.SZ,2026-04-29 10:58:00,19.69,19.7,19.69,19.7,7000,137889.0
000777.SZ,2026-04-29 10:59:00,19.7,19.7,19.7,19.7,4600,90620.0
000777.SZ,2026-04-29 11:00:00,19.7,19.7,19.69,19.69,6300,124105.0
000777.SZ,2026-04-29 11:01:00,19.7,19.7,19.69,19.7,7700,151682.0
000777.SZ,2026-04-29 11:02:00,19.7,19.73,19.7,19.72,107800,2125016.0
000777.SZ,2026-04-29 11:03:00,19.72,19.73,19.71,19.73,28900,569973.0
000777.SZ,2026-04-29 11:04:00,19.71,19.72,19.71,19.71,27400,540100.0
000777.SZ,2026-04-29 11:05:00,19.71,19.73,19.71,19.72,23700,467382.0
000777.SZ,2026-04-29 11:06:00,19.72,19.72,19.71,19.72,17700,348969.0
000777.SZ,2026-04-29 11:07:00,19.72,19.72,19.71,19.72,2900,57182.0
000777.SZ,2026-04-29 11:08:00,19.72,19.73,19.71,19.73,24100,475152.0
000777.SZ,2026-04-29 11:09:00,19.73,19.74,19.72,19.73,35100,692531.0
000777.SZ,2026-04-29 11:10:00,19.74,19.74,19.73,19.74,5000,98691.0
000777.SZ,2026-04-29 11:11:00,19.73,19.75,19.73,19.74,59800,1180602.0
000777.SZ,2026-04-29 11:12:00,19.73,19.73,19.72,19.73,5500,108531.0
000777.SZ,2026-04-29 11:13:00,19.73,19.74,19.72,19.73,34300,676772.0
000777.SZ,2026-04-29 11:14:00,19.74,19.74,19.73,19.73,6200,122347.0
000777.SZ,2026-04-29 11:15:00,19.74,19.76,19.73,19.76,37291,736359.25
000777.SZ,2026-04-29 11:16:00,19.75,19.76,19.75,19.75,19500,385264.0
000777.SZ,2026-04-29 11:17:00,19.75,19.76,19.75,19.76,28909,571172.8
000777.SZ,2026-04-29 11:18:00,19.75,19.76,19.75,19.76,19800,391152.0
000777.SZ,2026-04-29 11:19:00,19.76,19.76,19.74,19.74,47900,946156.0
000777.SZ,2026-04-29 11:20:00,19.74,19.75,19.74,19.74,7000,138200.0
000777.SZ,2026-04-29 11:21:00,19.71,19.73,19.71,19.72,45600,899327.0
000777.SZ,2026-04-29 11:22:00,19.72,19.72,19.71,19.72,12000,236570.0
000777.SZ,2026-04-29 11:23:00,19.72,19.72,19.71,19.71,9400,185362.0
000777.SZ,2026-04-29 11:24:00,19.71,19.72,19.71,19.71,6100,120253.0
000777.SZ,2026-04-29 11:25:00,19.72,19.73,19.71,19.73,12900,254364.0
000777.SZ,2026-04-29 11:26:00,19.73,19.73,19.73,19.73,3800,74974.0
000777.SZ,2026-04-29 11:27:00,19.72,19.72,19.72,19.72,3500,69020.0
000777.SZ,2026-04-29 11:28:00,19.72,19.73,19.71,19.71,12400,244513.0
000777.SZ,2026-04-29 11:29:00,19.71,19.72,19.71,19.71,18000,354796.0
000777.SZ,2026-04-29 11:30:00,19.71,19.73,19.71,19.73,20000,394451.0
000777.SZ,2026-04-29 13:01:00,19.73,19.74,19.72,19.73,62300,1229172.0
000777.SZ,2026-04-29 13:02:00,19.74,19.75,19.74,19.75,14600,288297.0
000777.SZ,2026-04-29 13:03:00,19.75,19.75,19.74,19.74,10700,211290.0
000777.SZ,2026-04-29 13:04:00,19.72,19.74,19.72,19.72,11100,218964.0
000777.SZ,2026-04-29 13:05:00,19.73,19.73,19.7,19.72,54800,1079811.0
000777.SZ,2026-04-29 13:06:00,19.72,19.73,19.72,19.73,37400,737705.0
000777.SZ,2026-04-29 13:07:00,19.74,19.74,19.72,19.72,8900,175594.0
000777.SZ,2026-04-29 13:08:00,19.72,19.72,19.71,19.71,10100,199119.0
000777.SZ,2026-04-29 13:09:00,19.71,19.72,19.7,19.7,12600,248340.0
000777.SZ,2026-04-29 13:10:00,19.7,19.71,19.7,19.7,12500,246302.0
000777.SZ,2026-04-29 13:11:00,19.7,19.72,19.7,19.72,11700,230644.0
000777.SZ,2026-04-29 13:12:00,19.72,19.72,19.71,19.71,7400,145881.0
000777.SZ,2026-04-29 13:13:00,19.71,19.72,19.7,19.71,18200,358721.0
000777.SZ,2026-04-29 13:14:00,19.71,19.71,19.7,19.7,20200,398043.0
000777.SZ,2026-04-29 13:15:00,19.7,19.71,19.69,19.7,74200,1461656.0
000777.SZ,2026-04-29 13:16:00,19.69,19.69,19.68,19.68,62400,1228187.0
000777.SZ,2026-04-29 13:17:00,19.68,19.7,19.68,19.69,34900,687111.0
000777.SZ,2026-04-29 13:18:00,19.69,19.69,19.68,19.69,16100,316942.0
000777.SZ,2026-04-29 13:19:00,19.68,19.68,19.65,19.66,188600,3711189.0
000777.SZ,2026-04-29 13:20:00,19.66,19.66,19.65,19.65,41560,816760.0
000777.SZ,2026-04-29 13:21:00,19.68,19.68,19.65,19.65,86700,1704859.0
000777.SZ,2026-04-29 13:22:00,19.65,19.67,19.65,19.66,20700,406963.0
000777.SZ,2026-04-29 13:23:00,19.66,19.66,19.65,19.66,14900,292920.0
000777.SZ,2026-04-29 13:24:00,19.66,19.66,19.65,19.65,16400,322401.0
000777.SZ,2026-04-29 13:25:00,19.66,19.67,19.66,19.67,45900,902383.0
000777.SZ,2026-04-29 13:26:00,19.68,19.69,19.68,19.69,10200,200744.0
000777.SZ,2026-04-29 13:27:00,19.69,19.69,19.68,19.68,9800,192874.0
000777.SZ,2026-04-29 13:28:00,19.67,19.67,19.65,19.67,116500,2289695.0
000777.SZ,2026-04-29 13:29:00,19.65,19.68,19.65,19.67,10600,208487.0
000777.SZ,2026-04-29 13:30:00,19.68,19.68,19.67,19.68,23300,458540.0
000777.SZ,2026-04-29 13:31:00,19.69,19.69,19.66,19.66,53900,1060472.0
000777.SZ,2026-04-29 13:32:00,19.67,19.67,19.66,19.67,8800,173086.0
000777.SZ,2026-04-29 13:33:00,19.66,19.67,19.66,19.67,11400,224181.0
000777.SZ,2026-04-29 13:34:00,19.67,19.67,19.66,19.67,14800,291089.0
000777.SZ,2026-04-29 13:35:00,19.67,19.68,19.67,19.67,25100,493766.0
000777.SZ,2026-04-29 13:36:00,19.67,19.67,19.66,19.67,3700,72761.0
000777.SZ,2026-04-29 13:37:00,19.67,19.67,19.66,19.67,5000,98335.0
000777.SZ,2026-04-29 13:38:00,19.67,19.67,19.67,19.67,10800,212436.0
000777.SZ,2026-04-29 13:39:00,19.67,19.67,19.66,19.67,7800,153399.0
000777.SZ,2026-04-29 13:40:00,19.67,19.68,19.67,19.67,14900,293123.0
000777.SZ,2026-04-29 13:41:00,19.67,19.67,19.66,19.66,16400,322474.0
000777.SZ,2026-04-29 13:42:00,19.67,19.68,19.67,19.68,22400,440718.0
000777.SZ,2026-04-29 13:43:00,19.67,19.67,19.66,19.67,25500,501573.0
000777.SZ,2026-04-29 13:44:00,19.66,19.67,19.66,19.67,12200,239895.0
000777.SZ,2026-04-29 13:45:00,19.67,19.67,19.67,19.67,17300,340291.0
000777.SZ,2026-04-29 13:46:00,19.68,19.69,19.67,19.69,37700,742131.0
000777.SZ,2026-04-29 13:47:00,19.7,19.71,19.69,19.71,51800,1020383.0
000777.SZ,2026-04-29 13:48:00,19.71,19.73,19.7,19.71,65100,1283697.0
000777.SZ,2026-04-29 13:49:00,19.7,19.71,19.7,19.7,5300,104431.0
000777.SZ,2026-04-29 13:50:00,19.69,19.7,19.69,19.7,2600,51205.0
000777.SZ,2026-04-29 13:51:00,19.7,19.7,19.69,19.7,12700,250181.0
000777.SZ,2026-04-29 13:52:00,19.7,19.7,19.69,19.7,18100,356462.0
000777.SZ,2026-04-29 13:53:00,19.7,19.7,19.69,19.7,5800,114257.0
000777.SZ,2026-04-29 13:54:00,19.7,19.7,19.69,19.7,6300,124109.0
000777.SZ,2026-04-29 13:55:00,19.69,19.69,19.69,19.69,7900,155561.0
000777.SZ,2026-04-29 13:56:00,19.69,19.74,19.69,19.72,117200,2309850.0
000777.SZ,2026-04-29 13:57:00,19.73,19.75,19.73,19.74,109700,2165992.0
000777.SZ,2026-04-29 13:58:00,19.73,19.73,19.71,19.71,13000,256315.0
000777.SZ,2026-04-29 13:59:00,19.71,19.71,19.7,19.7,9100,179322.0
000777.SZ,2026-04-29 14:00:00,19.7,19.72,19.7,19.72,15000,295553.0
000777.SZ,2026-04-29 14:01:00,19.72,19.73,19.72,19.72,7284,143657.48
000777.SZ,2026-04-29 14:02:00,19.73,19.73,19.72,19.72,3100,61135.0
000777.SZ,2026-04-29 14:03:00,19.72,19.73,19.72,19.72,27200,536423.0
000777.SZ,2026-04-29 14:04:00,19.72,19.72,19.71,19.72,11000,216915.0
000777.SZ,2026-04-29 14:05:00,19.72,19.72,19.72,19.72,1000,19720.0
000777.SZ,2026-04-29 14:06:00,19.72,19.72,19.71,19.72,22900,451542.0
000777.SZ,2026-04-29 14:07:00,19.72,19.72,19.71,19.71,12400,244462.0
000777.SZ,2026-04-29 14:08:00,19.71,19.71,19.7,19.71,6400,126110.0
000777.SZ,2026-04-29 14:09:00,19.71,19.71,19.7,19.7,15800,311306.0
000777.SZ,2026-04-29 14:10:00,19.71,19.71,19.7,19.71,8200,161567.0
000777.SZ,2026-04-29 14:11:00,19.71,19.72,19.7,19.71,7900,155700.0
000777.SZ,2026-04-29 14:12:00,19.71,19.71,19.71,19.71,16500,325215.0
000777.SZ,2026-04-29 14:13:00,19.71,19.72,19.7,19.7,18700,368613.0
000777.SZ,2026-04-29 14:14:00,19.71,19.72,19.71,19.71,5900,116313.0
000777.SZ,2026-04-29 14:15:00,19.71,19.71,19.71,19.71,2600,51251.0
000777.SZ,2026-04-29 14:16:00,19.72,19.72,19.71,19.71,32200,634858.0
000777.SZ,2026-04-29 14:17:00,19.71,19.72,19.71,19.71,38100,751233.0
000777.SZ,2026-04-29 14:18:00,19.71,19.72,19.71,19.72,13100,258328.0
000777.SZ,2026-04-29 14:19:00,19.72,19.73,19.72,19.73,11363,224084.36
000777.SZ,2026-04-29 14:20:00,19.72,19.74,19.72,19.74,55800,1100844.0
000777.SZ,2026-04-29 14:21:00,19.74,19.74,19.73,19.73,43500,858307.0
000777.SZ,2026-04-29 14:22:00,19.74,19.74,19.74,19.74,15700,309915.0
000777.SZ,2026-04-29 14:23:00,19.74,19.75,19.74,19.74,14200,280310.0
000777.SZ,2026-04-29 14:24:00,19.74,19.75,19.74,19.74,7200,142138.0
000777.SZ,2026-04-29 14:25:00,19.74,19.75,19.74,19.74,84100,1659538.0
000777.SZ,2026-04-29 14:26:00,19.73,19.75,19.73,19.74,23800,469756.0
000777.SZ,2026-04-29 14:27:00,19.73,19.74,19.72,19.72,15928,314191.16
000777.SZ,2026-04-29 14:28:00,19.72,19.74,19.72,19.73,23500,463576.0
000777.SZ,2026-04-29 14:29:00,19.73,19.73,19.72,19.73,21000,414270.0
000777.SZ,2026-04-29 14:30:00,19.73,19.73,19.72,19.73,5100,100620.01
000777.SZ,2026-04-29 14:31:00,19.73,19.74,19.73,19.73,21900,432273.0
000777.SZ,2026-04-29 14:32:00,19.73,19.74,19.73,19.74,18200,359110.0
000777.SZ,2026-04-29 14:33:00,19.74,19.74,19.72,19.72,7300,144007.0
000777.SZ,2026-04-29 14:34:00,19.73,19.74,19.73,19.74,9800,193375.0
000777.SZ,2026-04-29 14:35:00,19.74,19.74,19.73,19.73,8400,165738.0
000777.SZ,2026-04-29 14:36:00,19.74,19.74,19.73,19.73,11900,234807.0
000777.SZ,2026-04-29 14:37:00,19.73,19.74,19.73,19.73,10500,207185.0
000777.SZ,2026-04-29 14:38:00,19.73,19.74,19.73,19.74,16100,317648.0
000777.SZ,2026-04-29 14:39:00,19.73,19.73,19.72,19.72,26500,522721.0
000777.SZ,2026-04-29 14:40:00,19.73,19.74,19.72,19.74,25700,507027.0
000777.SZ,2026-04-29 14:41:00,19.72,19.73,19.72,19.73,17900,353079.0
000777.SZ,2026-04-29 14:42:00,19.72,19.73,19.72,19.72,71200,1404118.0
000777.SZ,2026-04-29 14:43:00,19.73,19.73,19.72,19.73,13800,272188.0
000777.SZ,2026-04-29 14:44:00,19.73,19.73,19.72,19.72,14400,284066.0
000777.SZ,2026-04-29 14:45:00,19.72,19.73,19.72,19.72,58700,1157590.8
000777.SZ,2026-04-29 14:46:00,19.72,19.73,19.71,19.71,48500,956270.0
000777.SZ,2026-04-29 14:47:00,19.72,19.72,19.71,19.71,13100,258262.0
000777.SZ,2026-04-29 14:48:00,19.72,19.72,19.71,19.72,24300,479043.0
000777.SZ,2026-04-29 14:49:00,19.72,19.73,19.71,19.72,43200,851857.0
000777.SZ,2026-04-29 14:50:00,19.72,19.73,19.72,19.72,34500,680351.0
000777.SZ,2026-04-29 14:51:00,19.72,19.72,19.71,19.72,21000,414066.0
000777.SZ,2026-04-29 14:52:00,19.71,19.73,19.71,19.73,94400,1862054.0
000777.SZ,2026-04-29 14:53:00,19.72,19.73,19.71,19.72,20500,404252.0
000777.SZ,2026-04-29 14:54:00,19.72,19.73,19.71,19.72,71599,1412010.2
000777.SZ,2026-04-29 14:55:00,19.73,19.73,19.72,19.73,69700,1374884.0
000777.SZ,2026-04-29 14:56:00,19.73,19.73,19.72,19.73,43600,860087.0
000777.SZ,2026-04-29 14:57:00,19.73,19.74,19.73,19.73,59000,1164293.0
000777.SZ,2026-04-29 14:58:00,19.73,19.73,19.73,19.73,0,0.0
000777.SZ,2026-04-29 14:59:00,19.73,19.73,19.73,19.73,0,0.0
000777.SZ,2026-04-29 15:00:00,19.74,19.74,19.74,19.74,68600,1354164.0
000777.SZ,2026-04-30 09:30:00,19.7,19.72,19.7,19.72,19900,392035.0
000777.SZ,2026-04-30 09:31:00,19.7,19.71,19.67,19.71,188033,3701652.0
000777.SZ,2026-04-30 09:32:00,19.73,19.86,19.73,19.79,132167,2616977.5
000777.SZ,2026-04-30 09:33:00,19.82,19.83,19.73,19.73,70100,1386776.0
000777.SZ,2026-04-30 09:34:00,19.75,19.75,19.72,19.73,24000,473545.0
000777.SZ,2026-04-30 09:35:00,19.72,19.73,19.72,19.72,21100,416147.0
000777.SZ,2026-04-30 09:36:00,19.73,19.73,19.71,19.73,64700,1276050.0
000777.SZ,2026-04-30 09:37:00,19.72,19.72,19.68,19.69,100600,1981693.0
000777.SZ,2026-04-30 09:38:00,19.67,19.67,19.58,19.6,111000,2178287.0
000777.SZ,2026-04-30 09:39:00,19.6,19.63,19.59,19.62,217300,4258665.0
000777.SZ,2026-04-30 09:40:00,19.63,19.65,19.62,19.64,23100,453638.0
000777.SZ,2026-04-30 09:41:00,19.65,19.7,19.65,19.68,54100,1064649.0
000777.SZ,2026-04-30 09:42:00,19.68,19.68,19.64,19.64,40900,803907.0
000777.SZ,2026-04-30 09:43:00,19.64,19.65,19.62,19.63,82600,1621194.0
000777.SZ,2026-04-30 09:44:00,19.62,19.65,19.62,19.64,16200,318198.0
000777.SZ,2026-04-30 09:45:00,19.65,19.67,19.63,19.65,71900,1412509.0
000777.SZ,2026-04-30 09:46:00,19.64,19.67,19.63,19.67,58600,1151056.0
000777.SZ,2026-04-30 09:47:00,19.65,19.67,19.65,19.67,59500,1170164.0
000777.SZ,2026-04-30 09:48:00,19.68,19.7,19.68,19.7,17700,348541.0
000777.SZ,2026-04-30 09:49:00,19.69,19.74,19.69,19.73,61700,1216194.0
000777.SZ,2026-04-30 09:50:00,19.73,19.74,19.71,19.74,77700,1532476.0
000777.SZ,2026-04-30 09:51:00,19.75,19.77,19.74,19.74,46700,922695.0
000777.SZ,2026-04-30 09:52:00,19.75,19.76,19.74,19.76,35600,702886.0
000777.SZ,2026-04-30 09:53:00,19.76,19.76,19.74,19.75,15400,304169.0
000777.SZ,2026-04-30 09:54:00,19.75,19.76,19.72,19.75,51900,1024566.0
000777.SZ,2026-04-30 09:55:00,19.75,19.79,19.75,19.79,21700,428931.0
000777.SZ,2026-04-30 09:56:00,19.79,19.79,19.77,19.79,29500,583532.0
000777.SZ,2026-04-30 09:57:00,19.77,19.79,19.77,19.79,45800,905981.0
000777.SZ,2026-04-30 09:58:00,19.77,19.77,19.74,19.74,31700,626324.0
000777.SZ,2026-04-30 09:59:00,19.73,19.74,19.71,19.71,13100,258362.0
000777.SZ,2026-04-30 10:00:00,19.71,19.71,19.7,19.71,28200,555710.0
000777.SZ,2026-04-30 10:01:00,19.72,19.72,19.7,19.7,36700,723180.0
000777.SZ,2026-04-30 10:02:00,19.7,19.7,19.69,19.7,19900,392009.0
000777.SZ,2026-04-30 10:03:00,19.7,19.72,19.7,19.72,9000,177423.0
000777.SZ,2026-04-30 10:04:00,19.72,19.72,19.71,19.72,17600,347061.0
000777.SZ,2026-04-30 10:05:00,19.72,19.72,19.71,19.72,8300,163665.0
000777.SZ,2026-04-30 10:06:00,19.73,19.73,19.72,19.73,16700,329490.0
000777.SZ,2026-04-30 10:07:00,19.73,19.73,19.72,19.72,11900,234687.0
000777.SZ,2026-04-30 10:08:00,19.73,19.73,19.72,19.72,13900,274160.0
000777.SZ,2026-04-30 10:09:00,19.71,19.72,19.71,19.71,25000,492874.0
000777.SZ,2026-04-30 10:10:00,19.71,19.71,19.7,19.7,12400,244379.0
000777.SZ,2026-04-30 10:11:00,19.73,19.73,19.72,19.72,16600,327478.0
000777.SZ,2026-04-30 10:12:00,19.72,19.72,19.71,19.71,5600,110390.0
000777.SZ,2026-04-30 10:13:00,19.72,19.73,19.71,19.72,21900,431804.0
000777.SZ,2026-04-30 10:14:00,19.73,19.73,19.71,19.71,13200,260360.0
000777.SZ,2026-04-30 10:15:00,19.71,19.72,19.7,19.71,28000,551867.0
000777.SZ,2026-04-30 10:16:00,19.7,19.71,19.69,19.69,19200,378229.0
000777.SZ,2026-04-30 10:17:00,19.69,19.7,19.68,19.68,20300,399704.0
000777.SZ,2026-04-30 10:18:00,19.69,19.7,19.68,19.68,38100,749916.0
000777.SZ,2026-04-30 10:19:00,19.69,19.69,19.68,19.69,8200,161391.0
000777.SZ,2026-04-30 10:20:00,19.69,19.69,19.68,19.68,25200,495961.0
000777.SZ,2026-04-30 10:21:00,19.68,19.68,19.66,19.66,46500,914584.0
000777.SZ,2026-04-30 10:22:00,19.66,19.66,19.65,19.65,44300,870802.0
000777.SZ,2026-04-30 10:23:00,19.65,19.66,19.64,19.64,18000,353711.0
000777.SZ,2026-04-30 10:24:00,19.66,19.66,19.65,19.65,13500,265309.0
000777.SZ,2026-04-30 10:25:00,19.66,19.66,19.65,19.65,16800,330153.0
000777.SZ,2026-04-30 10:26:00,19.65,19.66,19.64,19.64,15000,294730.0
000777.SZ,2026-04-30 10:27:00,19.64,19.66,19.64,19.65,35100,689779.0
000777.SZ,2026-04-30 10:28:00,19.67,19.68,19.67,19.67,11400,224237.0
000777.SZ,2026-04-30 10:29:00,19.66,19.68,19.66,19.68,3600,70809.0
000777.SZ,2026-04-30 10:30:00,19.66,19.67,19.66,19.67,1400,27537.0
000777.SZ,2026-04-30 10:31:00,19.66,19.69,19.66,19.69,28900,568686.0
000777.SZ,2026-04-30 10:32:00,19.69,19.7,19.69,19.69,6100,120110.0
000777.SZ,2026-04-30 10:33:00,19.68,19.69,19.68,19.69,3700,72830.0
000777.SZ,2026-04-30 10:34:00,19.68,19.68,19.68,19.68,5900,116130.0
000777.SZ,2026-04-30 10:35:00,19.68,19.73,19.68,19.73,71600,1410195.0
000777.SZ,2026-04-30 10:36:00,19.72,19.72,19.72,19.72,8900,175508.0
000777.SZ,2026-04-30 10:37:00,19.72,19.74,19.71,19.74,17400,343134.0
000777.SZ,2026-04-30 10:38:00,19.71,19.77,19.71,19.75,42400,837007.0
000777.SZ,2026-04-30 10:39:00,19.77,19.78,19.75,19.77,78300,1548550.0
000777.SZ,2026-04-30 10:40:00,19.78,19.84,19.77,19.82,116400,2305103.0
000777.SZ,2026-04-30 10:41:00,19.81,19.83,19.79,19.79,101300,2007990.0
000777.SZ,2026-04-30 10:42:00,19.79,19.8,19.79,19.8,20700,409766.0
000777.SZ,2026-04-30 10:43:00,19.8,19.8,19.79,19.79,20900,413718.0
000777.SZ,2026-04-30 10:44:00,19.79,19.8,19.78,19.79,20700,409578.0
000777.SZ,2026-04-30 10:45:00,19.78,19.79,19.76,19.76,19400,383714.0
000777.SZ,2026-04-30 10:46:00,19.76,19.78,19.76,19.78,21200,418949.0
000777.SZ,2026-04-30 10:47:00,19.77,19.79,19.77,19.79,21100,417402.0
000777.SZ,2026-04-30 10:48:00,19.78,19.79,19.78,19.79,16000,316612.0
000777.SZ,2026-04-30 10:49:00,19.79,19.8,19.79,19.8,20400,403741.0
000777.SZ,2026-04-30 10:50:00,19.8,19.8,19.77,19.77,21200,419454.0
000777.SZ,2026-04-30 10:51:00,19.78,19.78,19.77,19.77,18900,373674.0
000777.SZ,2026-04-30 10:52:00,19.76,19.76,19.75,19.76,14300,282562.0
000777.SZ,2026-04-30 10:53:00,19.76,19.76,19.76,19.76,17000,335905.0
000777.SZ,2026-04-30 10:54:00,19.76,19.76,19.75,19.75,14300,282444.0
000777.SZ,2026-04-30 10:55:00,19.75,19.75,19.73,19.73,8900,175702.0
000777.SZ,2026-04-30 10:56:00,19.74,19.74,19.73,19.73,18000,355269.0
000777.SZ,2026-04-30 10:57:00,19.73,19.74,19.73,19.74,27200,536909.0
000777.SZ,2026-04-30 10:58:00,19.74,19.74,19.72,19.72,17400,343357.0
000777.SZ,2026-04-30 10:59:00,19.73,19.74,19.72,19.74,13400,264312.0
000777.SZ,2026-04-30 11:00:00,19.73,19.75,19.73,19.74,15198,299994.53
000777.SZ,2026-04-30 11:01:00,19.74,19.74,19.74,19.74,6202,122427.48
000777.SZ,2026-04-30 11:02:00,19.74,19.75,19.73,19.73,26198,517062.53
000777.SZ,2026-04-30 11:03:00,19.73,19.75,19.73,19.75,3100,61198.0
000777.SZ,2026-04-30 11:04:00,19.75,19.75,19.74,19.74,1800,35547.0
000777.SZ,2026-04-30 11:05:00,19.75,19.76,19.74,19.76,17500,345569.0
000777.SZ,2026-04-30 11:06:00,19.76,19.77,19.75,19.76,12000,237128.0
000777.SZ,2026-04-30 11:07:00,19.77,19.77,19.76,19.77,16500,326160.0
000777.SZ,2026-04-30 11:08:00,19.76,19.76,19.75,19.75,9200,181731.0
000777.SZ,2026-04-30 11:09:00,19.75,19.76,19.75,19.76,4400,86916.0
000777.SZ,2026-04-30 11:10:00,19.76,19.76,19.74,19.76,7300,144138.0
000777.SZ,2026-04-30 11:11:00,19.76,19.76,19.76,19.76,5600,110629.0
000777.SZ,2026-04-30 11:12:00,19.76,19.78,19.75,19.78,59900,1184082.0
000777.SZ,2026-04-30 11:13:00,19.79,19.79,19.76,19.76,11400,225511.0
000777.SZ,2026-04-30 11:14:00,19.8,19.81,19.8,19.8,82700,1637657.0
000777.SZ,2026-04-30 11:15:00,19.82,19.82,19.79,19.8,27100,536747.56
000777.SZ,2026-04-30 11:16:00,19.8,19.82,19.8,19.8,9500,188162.0
000777.SZ,2026-04-30 11:17:00,19.8,19.83,19.8,19.82,24244,480502.1
000777.SZ,2026-04-30 11:18:00,19.82,19.83,19.82,19.82,3369,66790.58
000777.SZ,2026-04-30 11:19:00,19.82,19.83,19.82,19.82,13587,269296.34
000777.SZ,2026-04-30 11:20:00,19.81,19.81,19.8,19.8,15300,302972.0
000777.SZ,2026-04-30 11:21:00,19.81,19.81,19.8,19.8,1000,19808.0
000777.SZ,2026-04-30 11:22:00,19.8,19.81,19.8,19.81,5000,99029.0
000777.SZ,2026-04-30 11:23:00,19.81,19.81,19.81,19.81,12900,255549.0
000777.SZ,2026-04-30 11:24:00,19.8,19.82,19.8,19.81,15800,313026.0
000777.SZ,2026-04-30 11:25:00,19.82,19.85,19.81,19.82,55613,1102799.6
000777.SZ,2026-04-30 11:26:00,19.83,19.84,19.83,19.83,12700,251858.0
000777.SZ,2026-04-30 11:27:00,19.84,19.85,19.84,19.85,25000,496042.0
000777.SZ,2026-04-30 11:28:00,19.85,19.85,19.84,19.85,15600,309657.0
000777.SZ,2026-04-30 11:29:00,19.85,19.86,19.85,19.85,46200,917165.0
000777.SZ,2026-04-30 11:30:00,19.86,19.86,19.85,19.85,13200,262118.0
000777.SZ,2026-04-30 13:01:00,19.86,19.86,19.82,19.83,106700,2117562.0
000777.SZ,2026-04-30 13:02:00,19.83,19.83,19.8,19.8,56587,1121493.4
000777.SZ,2026-04-30 13:03:00,19.8,19.8,19.77,19.79,46100,912681.0
000777.SZ,2026-04-30 13:04:00,19.78,19.78,19.78,19.78,21000,415384.0
000777.SZ,2026-04-30 13:05:00,19.78,19.8,19.77,19.8,15600,308576.0
000777.SZ,2026-04-30 13:06:00,19.8,19.8,19.78,19.78,15100,298910.0
000777.SZ,2026-04-30 13:07:00,19.79,19.81,19.79,19.8,1900,37623.0
000777.SZ,2026-04-30 13:08:00,19.8,19.81,19.79,19.79,16600,328758.0
000777.SZ,2026-04-30 13:09:00,19.79,19.79,19.77,19.78,12200,241373.0
000777.SZ,2026-04-30 13:10:00,19.78,19.79,19.78,19.78,5400,106837.0
000777.SZ,2026-04-30 13:11:00,19.79,19.79,19.78,19.78,4600,91015.0
000777.SZ,2026-04-30 13:12:00,19.78,19.78,19.78,19.78,5800,114724.0
000777.SZ,2026-04-30 13:13:00,19.79,19.79,19.78,19.78,5800,114732.0
000777.SZ,2026-04-30 13:14:00,19.77,19.78,19.73,19.76,68300,1349410.0
000777.SZ,2026-04-30 13:15:00,19.76,19.76,19.7,19.76,66500,1311224.0
000777.SZ,2026-04-30 13:16:00,19.78,19.78,19.71,19.77,41800,824926.0
000777.SZ,2026-04-30 13:17:00,19.76,19.78,19.75,19.76,10200,201485.0
000777.SZ,2026-04-30 13:18:00,19.75,19.76,19.75,19.75,6900,136285.0
000777.SZ,2026-04-30 13:19:00,19.76,19.76,19.75,19.75,8700,171830.0
000777.SZ,2026-04-30 13:20:00,19.75,19.76,19.74,19.76,16000,316033.0
000777.SZ,2026-04-30 13:21:00,19.76,19.76,19.75,19.75,3700,73107.0
000777.SZ,2026-04-30 13:22:00,19.75,19.75,19.74,19.75,8200,161952.0
000777.SZ,2026-04-30 13:23:00,19.76,19.76,19.75,19.75,1600,31604.0
000777.SZ,2026-04-30 13:24:00,19.75,19.75,19.75,19.75,2600,51349.0
000777.SZ,2026-04-30 13:25:00,19.75,19.75,19.74,19.74,7900,155977.0
000777.SZ,2026-04-30 13:26:00,19.75,19.75,19.74,19.74,29000,572628.0
000777.SZ,2026-04-30 13:27:00,19.74,19.74,19.73,19.74,4200,82903.0
000777.SZ,2026-04-30 13:28:00,19.73,19.75,19.73,19.75,3700,73048.65
000777.SZ,2026-04-30 13:29:00,19.73,19.73,19.73,19.73,16600,327524.0
000777.SZ,2026-04-30 13:30:00,19.73,19.73,19.72,19.72,10500,207089.0
000777.SZ,2026-04-30 13:31:00,19.73,19.73,19.72,19.72,1500,29583.0
000777.SZ,2026-04-30 13:32:00,19.73,19.73,19.72,19.73,6400,126241.0
000777.SZ,2026-04-30 13:33:00,19.72,19.73,19.72,19.73,7000,138075.0
000777.SZ,2026-04-30 13:34:00,19.73,19.74,19.73,19.74,5100,100631.0
000777.SZ,2026-04-30 13:35:00,19.74,19.74,19.74,19.74,5100,100674.0
000777.SZ,2026-04-30 13:36:00,19.75,19.76,19.73,19.76,15135,298894.9
000777.SZ,2026-04-30 13:37:00,19.76,19.76,19.74,19.76,12000,236912.0
000777.SZ,2026-04-30 13:38:00,19.75,19.78,19.75,19.78,6200,122532.0
000777.SZ,2026-04-30 13:39:00,19.77,19.79,19.76,19.79,27100,536055.0
000777.SZ,2026-04-30 13:40:00,19.8,19.8,19.79,19.79,46000,910618.0
000777.SZ,2026-04-30 13:41:00,19.76,19.79,19.76,19.78,4100,81094.0
000777.SZ,2026-04-30 13:42:00,19.78,19.78,19.76,19.76,5100,100821.0
000777.SZ,2026-04-30 13:43:00,19.77,19.83,19.77,19.82,47800,946155.0
000777.SZ,2026-04-30 13:44:00,19.82,19.82,19.81,19.82,10400,206106.0
000777.SZ,2026-04-30 13:45:00,19.81,19.81,19.79,19.8,5300,104956.0
000777.SZ,2026-04-30 13:46:00,19.79,19.8,19.79,19.8,4300,85118.0
000777.SZ,2026-04-30 13:47:00,19.8,19.8,19.78,19.8,2600,51470.0
000777.SZ,2026-04-30 13:48:00,19.78,19.8,19.78,19.78,8100,160231.0
000777.SZ,2026-04-30 13:49:00,19.79,19.79,19.78,19.79,1800,35610.0
000777.SZ,2026-04-30 13:50:00,19.79,19.8,19.79,19.8,7500,148476.0
000777.SZ,2026-04-30 13:51:00,19.8,19.8,19.78,19.79,11100,219571.0
000777.SZ,2026-04-30 13:52:00,19.79,19.79,19.77,19.77,1700,33626.0
000777.SZ,2026-04-30 13:53:00,19.77,19.79,19.77,19.78,1700,33627.0
000777.SZ,2026-04-30 13:54:00,19.79,19.79,19.79,19.79,3300,65307.0
000777.SZ,2026-04-30 13:55:00,19.79,19.8,19.78,19.79,12000,237493.0
000777.SZ,2026-04-30 13:56:00,19.79,19.79,19.79,19.79,300,5937.0
000777.SZ,2026-04-30 13:57:00,19.79,19.8,19.78,19.8,9200,182072.0
000777.SZ,2026-04-30 13:58:00,19.8,19.8,19.8,19.8,33800,669240.0
000777.SZ,2026-04-30 13:59:00,19.8,19.83,19.8,19.81,22400,443901.0
000777.SZ,2026-04-30 14:00:00,19.84,19.84,19.82,19.82,16900,335131.0
000777.SZ,2026-04-30 14:01:00,19.83,19.83,19.82,19.83,12100,239908.0
000777.SZ,2026-04-30 14:02:00,19.82,19.83,19.81,19.82,17900,354785.0
000777.SZ,2026-04-30 14:03:00,19.82,19.82,19.81,19.81,1900,37640.0
000777.SZ,2026-04-30 14:04:00,19.81,19.82,19.8,19.8,22700,449646.0
000777.SZ,2026-04-30 14:05:00,19.8,19.82,19.8,19.82,6300,124774.0
000777.SZ,2026-04-30 14:06:00,19.83,19.83,19.82,19.82,41700,826776.0
000777.SZ,2026-04-30 14:07:00,19.83,19.84,19.83,19.83,16000,317336.0
000777.SZ,2026-04-30 14:08:00,19.84,19.84,19.83,19.83,8100,160674.0
000777.SZ,2026-04-30 14:09:00,19.83,19.83,19.82,19.82,23700,470009.0
000777.SZ,2026-04-30 14:10:00,19.82,19.83,19.81,19.81,32700,648071.0
000777.SZ,2026-04-30 14:11:00,19.81,19.81,19.8,19.8,46200,914968.0
000777.SZ,2026-04-30 14:12:00,19.8,19.82,19.8,19.82,4500,89153.0
000777.SZ,2026-04-30 14:13:00,19.8,19.82,19.8,19.81,4100,81235.0
000777.SZ,2026-04-30 14:14:00,19.81,19.81,19.8,19.8,10200,202044.0
000777.SZ,2026-04-30 14:15:00,19.81,19.81,19.8,19.8,8400,166325.0
000777.SZ,2026-04-30 14:16:00,19.79,19.8,19.79,19.79,10900,215771.0
000777.SZ,2026-04-30 14:17:00,19.79,19.8,19.79,19.8,15400,304787.0
000777.SZ,2026-04-30 14:18:00,19.79,19.79,19.79,19.79,9400,186023.0
000777.SZ,2026-04-30 14:19:00,19.79,19.8,19.79,19.79,6000,118741.0
000777.SZ,2026-04-30 14:20:00,19.79,19.8,19.79,19.79,4800,95004.0
000777.SZ,2026-04-30 14:21:00,19.8,19.8,19.79,19.8,13400,265313.0
000777.SZ,2026-04-30 14:22:00,19.79,19.8,19.79,19.8,24200,479099.0
000777.SZ,2026-04-30 14:23:00,19.79,19.8,19.79,19.79,13400,265282.0
000777.SZ,2026-04-30 14:24:00,19.79,19.8,19.79,19.8,46800,926210.0
000777.SZ,2026-04-30 14:25:00,19.79,19.79,19.78,19.79,15400,304739.0
000777.SZ,2026-04-30 14:26:00,19.79,19.8,19.79,19.79,2400,47504.0
000777.SZ,2026-04-30 14:27:00,19.79,19.8,19.79,19.8,29500,584030.0
000777.SZ,2026-04-30 14:28:00,19.8,19.83,19.79,19.83,89184,1766240.2
000777.SZ,2026-04-30 14:29:00,19.83,19.84,19.83,19.83,48800,967722.0
000777.SZ,2026-04-30 14:30:00,19.84,19.84,19.83,19.83,23400,464114.0
000777.SZ,2026-04-30 14:31:00,19.83,19.85,19.83,19.85,98200,1948377.0
000777.SZ,2026-04-30 14:32:00,19.84,19.85,19.84,19.85,52400,1040040.0
000777.SZ,2026-04-30 14:33:00,19.85,19.85,19.84,19.84,16900,335336.0
000777.SZ,2026-04-30 14:34:00,19.85,19.85,19.83,19.84,91500,1815793.0
000777.SZ,2026-04-30 14:35:00,19.85,19.85,19.83,19.85,19200,380886.0
000777.SZ,2026-04-30 14:36:00,19.84,19.85,19.84,19.85,24200,480196.0
000777.SZ,2026-04-30 14:37:00,19.84,19.85,19.84,19.85,13200,261984.0
000777.SZ,2026-04-30 14:38:00,19.84,19.85,19.84,19.84,22000,436674.0
000777.SZ,2026-04-30 14:39:00,19.84,19.85,19.83,19.83,52500,1041395.0
000777.SZ,2026-04-30 14:40:00,19.83,19.84,19.83,19.83,14400,285566.0
000777.SZ,2026-04-30 14:41:00,19.84,19.85,19.83,19.85,72100,1430417.0
000777.SZ,2026-04-30 14:42:00,19.85,19.85,19.84,19.85,14600,289750.0
000777.SZ,2026-04-30 14:43:00,19.84,19.85,19.84,19.84,9900,196483.0
000777.SZ,2026-04-30 14:44:00,19.85,19.85,19.84,19.85,14700,291744.0
000777.SZ,2026-04-30 14:45:00,19.84,19.85,19.84,19.84,31600,626963.0
000777.SZ,2026-04-30 14:46:00,19.84,19.85,19.84,19.85,59200,1174964.0
000777.SZ,2026-04-30 14:47:00,19.84,19.86,19.84,19.86,92700,1840525.1
000777.SZ,2026-04-30 14:48:00,19.86,19.87,19.86,19.86,31089,617495.56
000777.SZ,2026-04-30 14:49:00,19.86,19.87,19.86,19.86,41900,832281.0
000777.SZ,2026-04-30 14:50:00,19.86,19.86,19.85,19.85,23911,474819.47
000777.SZ,2026-04-30 14:51:00,19.85,19.86,19.85,19.86,32300,641316.0
000777.SZ,2026-04-30 14:52:00,19.86,19.86,19.85,19.86,54900,1089994.0
000777.SZ,2026-04-30 14:53:00,19.86,19.86,19.84,19.85,44300,879482.0
000777.SZ,2026-04-30 14:54:00,19.84,19.85,19.84,19.84,56189,1115141.8
000777.SZ,2026-04-30 14:55:00,19.85,19.85,19.84,19.85,57000,1131421.0
000777.SZ,2026-04-30 14:56:00,19.85,19.85,19.84,19.84,59588,1182572.9
000777.SZ,2026-04-30 14:57:00,19.85,19.86,19.84,19.86,69700,1383889.0
000777.SZ,2026-04-30 14:58:00,19.86,19.86,19.86,19.86,0,0.0
000777.SZ,2026-04-30 14:59:00,19.86,19.86,19.86,19.86,0,0.0
000777.SZ,2026-04-30 15:00:00,19.86,19.86,19.86,19.86,162400,3225264.0
