ts_code,trade_time,open,high,low,close,vol,amount
000034.SZ,2026-01-05 09:30:00,39.0,39.0,38.98,39.0,107200,4180778.0
000034.SZ,2026-01-05 09:31:00,39.09,39.12,38.91,38.91,281200,10962313.0
000034.SZ,2026-01-05 09:32:00,38.91,38.93,38.82,38.86,213400,8297812.0
000034.SZ,2026-01-05 09:33:00,38.83,38.95,38.83,38.94,140600,5467330.0
000034.SZ,2026-01-05 09:34:00,38.98,39.05,38.97,38.97,135200,5273703.0
000034.SZ,2026-01-05 09:35:00,38.95,39.03,38.95,39.02,101000,3938511.0
000034.SZ,2026-01-05 09:36:00,39.05,39.2,39.05,39.19,166431,6510297.5
000034.SZ,2026-01-05 09:37:00,39.2,39.26,39.17,39.17,114000,4470857.0
000034.SZ,2026-01-05 09:38:00,39.16,39.2,39.16,39.16,99600,3902351.0
000034.SZ,2026-01-05 09:39:00,39.16,39.17,39.14,39.16,156400,6122531.0
000034.SZ,2026-01-05 09:40:00,39.16,39.16,39.1,39.12,64700,2532108.0
000034.SZ,2026-01-05 09:41:00,39.15,39.15,39.05,39.05,54400,2126398.0
000034.SZ,2026-01-05 09:42:00,39.06,39.08,39.05,39.08,75300,2941831.0
000034.SZ,2026-01-05 09:43:00,39.09,39.12,39.08,39.12,74300,2904128.0
000034.SZ,2026-01-05 09:44:00,39.11,39.14,39.06,39.06,67600,2644470.0
000034.SZ,2026-01-05 09:45:00,39.12,39.15,39.08,39.14,122900,4808107.0
000034.SZ,2026-01-05 09:46:00,39.14,39.16,39.13,39.15,56600,2215627.0
000034.SZ,2026-01-05 09:47:00,39.15,39.17,39.14,39.17,87100,3410184.0
000034.SZ,2026-01-05 09:48:00,39.15,39.22,39.15,39.22,136300,5341070.0
000034.SZ,2026-01-05 09:49:00,39.23,39.3,39.2,39.25,182200,7148920.0
000034.SZ,2026-01-05 09:50:00,39.27,39.35,39.27,39.27,131700,5176310.0
000034.SZ,2026-01-05 09:51:00,39.26,39.26,39.21,39.22,51700,2028062.0
000034.SZ,2026-01-05 09:52:00,39.22,39.28,39.21,39.28,155000,6081802.0
000034.SZ,2026-01-05 09:53:00,39.28,39.32,39.28,39.32,67800,2664987.0
000034.SZ,2026-01-05 09:54:00,39.32,39.33,39.3,39.33,104500,4108580.0
000034.SZ,2026-01-05 09:55:00,39.34,39.35,39.29,39.29,84700,3330866.0
000034.SZ,2026-01-05 09:56:00,39.3,39.3,39.28,39.3,65000,2553927.0
000034.SZ,2026-01-05 09:57:00,39.3,39.3,39.24,39.25,60000,2355900.0
000034.SZ,2026-01-05 09:58:00,39.24,39.25,39.2,39.21,103800,4071072.0
000034.SZ,2026-01-05 09:59:00,39.27,39.34,39.25,39.3,164800,6472522.0
000034.SZ,2026-01-05 10:00:00,39.29,39.29,39.17,39.22,100500,3941947.0
000034.SZ,2026-01-05 10:01:00,39.22,39.27,39.21,39.26,62100,2436157.0
000034.SZ,2026-01-05 10:02:00,39.24,39.29,39.24,39.28,62100,2438701.0
000034.SZ,2026-01-05 10:03:00,39.28,39.34,39.26,39.3,148200,5822394.0
000034.SZ,2026-01-05 10:04:00,39.31,39.34,39.3,39.33,75300,2960314.0
000034.SZ,2026-01-05 10:05:00,39.32,39.33,39.31,39.32,56500,2221812.0
000034.SZ,2026-01-05 10:06:00,39.33,39.38,39.3,39.38,189200,7442303.0
000034.SZ,2026-01-05 10:07:00,39.34,39.38,39.32,39.32,108100,4253947.0
000034.SZ,2026-01-05 10:08:00,39.32,39.35,39.32,39.35,37300,1467228.0
000034.SZ,2026-01-05 10:09:00,39.36,39.38,39.35,39.38,66400,2614286.0
000034.SZ,2026-01-05 10:10:00,39.38,39.38,39.34,39.35,99200,3904395.0
000034.SZ,2026-01-05 10:11:00,39.34,39.36,39.34,39.34,39800,1566062.0
000034.SZ,2026-01-05 10:12:00,39.34,39.38,39.34,39.38,110800,4361018.0
000034.SZ,2026-01-05 10:13:00,39.37,39.37,39.35,39.36,67100,2641238.0
000034.SZ,2026-01-05 10:14:00,39.36,39.36,39.34,39.34,40000,1573898.0
000034.SZ,2026-01-05 10:15:00,39.33,39.34,39.32,39.33,56500,2222264.0
000034.SZ,2026-01-05 10:16:00,39.32,39.33,39.32,39.33,23400,920250.0
000034.SZ,2026-01-05 10:17:00,39.32,39.33,39.28,39.28,86800,3411266.0
000034.SZ,2026-01-05 10:18:00,39.29,39.29,39.26,39.28,42300,1661049.0
000034.SZ,2026-01-05 10:19:00,39.28,39.3,39.28,39.28,44500,1748144.0
000034.SZ,2026-01-05 10:20:00,39.29,39.29,39.26,39.26,21300,836500.0
000034.SZ,2026-01-05 10:21:00,39.26,39.29,39.25,39.28,97600,3832512.0
000034.SZ,2026-01-05 10:22:00,39.28,39.33,39.28,39.32,56800,2232339.0
000034.SZ,2026-01-05 10:23:00,39.32,39.34,39.3,39.32,26400,1038286.0
000034.SZ,2026-01-05 10:24:00,39.32,39.32,39.31,39.31,140900,5539199.0
000034.SZ,2026-01-05 10:25:00,39.31,39.31,39.3,39.3,47800,1878747.0
000034.SZ,2026-01-05 10:26:00,39.3,39.34,39.3,39.34,59900,2355257.0
000034.SZ,2026-01-05 10:27:00,39.33,39.34,39.32,39.33,48500,1907530.0
000034.SZ,2026-01-05 10:28:00,39.33,39.38,39.32,39.38,170700,6717917.0
000034.SZ,2026-01-05 10:29:00,39.38,39.39,39.37,39.38,35100,1382353.0
000034.SZ,2026-01-05 10:30:00,39.39,39.49,39.39,39.49,239461,9441908.0
000034.SZ,2026-01-05 10:31:00,39.49,39.52,39.49,39.51,169500,6695035.0
000034.SZ,2026-01-05 10:32:00,39.5,39.52,39.46,39.46,173139,6838553.0
000034.SZ,2026-01-05 10:33:00,39.47,39.47,39.44,39.46,47400,1869983.0
000034.SZ,2026-01-05 10:34:00,39.46,39.49,39.46,39.49,43900,1732817.0
000034.SZ,2026-01-05 10:35:00,39.48,39.49,39.47,39.47,55200,2179575.0
000034.SZ,2026-01-05 10:36:00,39.48,39.49,39.44,39.49,61100,2411492.0
000034.SZ,2026-01-05 10:37:00,39.46,39.48,39.44,39.45,24700,974459.0
000034.SZ,2026-01-05 10:38:00,39.45,39.45,39.43,39.43,27700,1092635.0
000034.SZ,2026-01-05 10:39:00,39.44,39.44,39.42,39.44,45400,1790239.0
000034.SZ,2026-01-05 10:40:00,39.42,39.46,39.42,39.45,52100,2055133.0
000034.SZ,2026-01-05 10:41:00,39.45,39.47,39.44,39.46,28900,1140167.0
000034.SZ,2026-01-05 10:42:00,39.46,39.48,39.45,39.47,22400,884009.0
000034.SZ,2026-01-05 10:43:00,39.47,39.47,39.45,39.46,20800,820881.0
000034.SZ,2026-01-05 10:44:00,39.47,39.47,39.44,39.44,46400,1831044.0
000034.SZ,2026-01-05 10:45:00,39.44,39.45,39.44,39.45,29600,1167514.0
000034.SZ,2026-01-05 10:46:00,39.43,39.47,39.43,39.46,38200,1507493.0
000034.SZ,2026-01-05 10:47:00,39.46,39.48,39.46,39.48,65800,2597384.0
000034.SZ,2026-01-05 10:48:00,39.48,39.49,39.47,39.47,46200,1823904.0
000034.SZ,2026-01-05 10:49:00,39.47,39.49,39.46,39.48,37400,1476490.0
000034.SZ,2026-01-05 10:50:00,39.49,39.5,39.48,39.5,53700,2120543.8
000034.SZ,2026-01-05 10:51:00,39.48,39.5,39.48,39.5,67100,2650010.0
000034.SZ,2026-01-05 10:52:00,39.5,39.5,39.48,39.49,49300,1946986.0
000034.SZ,2026-01-05 10:53:00,39.48,39.5,39.48,39.5,109400,4320849.0
000034.SZ,2026-01-05 10:54:00,39.5,39.51,39.49,39.49,88200,3484027.8
000034.SZ,2026-01-05 10:55:00,39.51,39.51,39.49,39.5,37000,1461234.0
000034.SZ,2026-01-05 10:56:00,39.5,39.5,39.49,39.5,25000,987458.0
000034.SZ,2026-01-05 10:57:00,39.5,39.5,39.45,39.45,96800,3820999.0
000034.SZ,2026-01-05 10:58:00,39.45,39.45,39.37,39.37,83300,3282649.0
000034.SZ,2026-01-05 10:59:00,39.37,39.37,39.31,39.32,68600,2698023.0
000034.SZ,2026-01-05 11:00:00,39.33,39.39,39.33,39.39,27300,1074130.0
000034.SZ,2026-01-05 11:01:00,39.37,39.4,39.36,39.4,43900,1729270.0
000034.SZ,2026-01-05 11:02:00,39.4,39.41,39.39,39.41,45800,1804512.0
000034.SZ,2026-01-05 11:03:00,39.41,39.42,39.4,39.4,21200,835465.0
000034.SZ,2026-01-05 11:04:00,39.4,39.4,39.38,39.4,25500,1004445.0
000034.SZ,2026-01-05 11:05:00,39.4,39.41,39.39,39.41,28700,1130791.0
000034.SZ,2026-01-05 11:06:00,39.4,39.41,39.4,39.4,28200,1111289.0
000034.SZ,2026-01-05 11:07:00,39.41,39.41,39.4,39.4,23700,933870.0
000034.SZ,2026-01-05 11:08:00,39.4,39.42,39.39,39.42,12735,501824.66
000034.SZ,2026-01-05 11:09:00,39.4,39.42,39.4,39.41,27500,1083594.0
000034.SZ,2026-01-05 11:10:00,39.42,39.42,39.4,39.4,20900,823701.0
000034.SZ,2026-01-05 11:11:00,39.42,39.42,39.41,39.42,20600,811908.0
000034.SZ,2026-01-05 11:12:00,39.41,39.43,39.41,39.43,36300,1431000.0
000034.SZ,2026-01-05 11:13:00,39.42,39.43,39.42,39.43,23300,918700.0
000034.SZ,2026-01-05 11:14:00,39.42,39.43,39.42,39.43,24900,981609.0
000034.SZ,2026-01-05 11:15:00,39.42,39.43,39.42,39.43,25900,1021071.0
000034.SZ,2026-01-05 11:16:00,39.43,39.44,39.42,39.42,32400,1277416.0
000034.SZ,2026-01-05 11:17:00,39.41,39.43,39.41,39.43,22200,875181.0
000034.SZ,2026-01-05 11:18:00,39.42,39.44,39.41,39.42,33600,1324463.0
000034.SZ,2026-01-05 11:19:00,39.43,39.43,39.4,39.4,48000,1891895.0
000034.SZ,2026-01-05 11:20:00,39.41,39.42,39.41,39.41,20500,807910.0
000034.SZ,2026-01-05 11:21:00,39.41,39.42,39.4,39.42,21200,835487.0
000034.SZ,2026-01-05 11:22:00,39.42,39.42,39.41,39.41,54600,2151727.0
000034.SZ,2026-01-05 11:23:00,39.41,39.41,39.38,39.39,73765,2905807.2
000034.SZ,2026-01-05 11:24:00,39.38,39.38,39.34,39.34,93200,3669394.0
000034.SZ,2026-01-05 11:25:00,39.34,39.34,39.32,39.34,34900,1372730.0
000034.SZ,2026-01-05 11:26:00,39.35,39.38,39.34,39.36,20835,819771.9
000034.SZ,2026-01-05 11:27:00,39.38,39.38,39.36,39.37,37700,1484371.0
000034.SZ,2026-01-05 11:28:00,39.37,39.37,39.36,39.36,22300,877827.0
000034.SZ,2026-01-05 11:29:00,39.37,39.4,39.37,39.38,14800,582827.0
000034.SZ,2026-01-05 11:30:00,39.39,39.39,39.38,39.39,16200,638005.0
000034.SZ,2026-01-05 13:01:00,39.39,39.41,39.38,39.4,164100,6464853.0
000034.SZ,2026-01-05 13:02:00,39.39,39.39,39.32,39.35,105400,4148470.0
000034.SZ,2026-01-05 13:03:00,39.36,39.39,39.35,39.36,8000,314895.0
000034.SZ,2026-01-05 13:04:00,39.36,39.36,39.34,39.34,31800,1251314.0
000034.SZ,2026-01-05 13:05:00,39.34,39.39,39.34,39.38,91200,3588878.0
000034.SZ,2026-01-05 13:06:00,39.38,39.38,39.35,39.35,31600,1243799.0
000034.SZ,2026-01-05 13:07:00,39.36,39.36,39.33,39.35,19500,767185.0
000034.SZ,2026-01-05 13:08:00,39.36,39.42,39.36,39.4,48500,1910168.0
000034.SZ,2026-01-05 13:09:00,39.42,39.44,39.4,39.44,45900,1809630.0
000034.SZ,2026-01-05 13:10:00,39.44,39.47,39.44,39.46,90000,3551029.0
000034.SZ,2026-01-05 13:11:00,39.46,39.46,39.45,39.45,35000,1380895.0
000034.SZ,2026-01-05 13:12:00,39.46,39.46,39.43,39.44,57100,2252219.0
000034.SZ,2026-01-05 13:13:00,39.43,39.44,39.42,39.43,38900,1533856.0
000034.SZ,2026-01-05 13:14:00,39.43,39.45,39.42,39.44,53000,2089579.0
000034.SZ,2026-01-05 13:15:00,39.44,39.45,39.41,39.42,46400,1829606.8
000034.SZ,2026-01-05 13:16:00,39.42,39.43,39.39,39.39,26700,1052060.0
000034.SZ,2026-01-05 13:17:00,39.4,39.4,39.37,39.39,28800,1134470.0
000034.SZ,2026-01-05 13:18:00,39.38,39.38,39.34,39.34,35800,1409361.0
000034.SZ,2026-01-05 13:19:00,39.34,39.36,39.32,39.32,44400,1746957.0
000034.SZ,2026-01-05 13:20:00,39.32,39.33,39.31,39.32,56700,2229043.0
000034.SZ,2026-01-05 13:21:00,39.31,39.32,39.3,39.31,46000,1808271.0
000034.SZ,2026-01-05 13:22:00,39.28,39.34,39.28,39.33,123200,4841864.0
000034.SZ,2026-01-05 13:23:00,39.33,39.34,39.32,39.34,39900,1569338.0
000034.SZ,2026-01-05 13:24:00,39.34,39.34,39.27,39.29,119000,4675800.0
000034.SZ,2026-01-05 13:25:00,39.29,39.29,39.27,39.28,56100,2203710.0
000034.SZ,2026-01-05 13:26:00,39.28,39.3,39.28,39.29,23800,935131.0
000034.SZ,2026-01-05 13:27:00,39.29,39.3,39.29,39.3,52200,2050929.0
000034.SZ,2026-01-05 13:28:00,39.3,39.34,39.3,39.34,36600,1439327.0
000034.SZ,2026-01-05 13:29:00,39.33,39.34,39.33,39.34,14400,566399.0
000034.SZ,2026-01-05 13:30:00,39.3,39.35,39.3,39.35,77100,3032568.8
000034.SZ,2026-01-05 13:31:00,39.34,39.37,39.32,39.36,57910,2278716.2
000034.SZ,2026-01-05 13:32:00,39.36,39.37,39.36,39.37,26500,1043165.0
000034.SZ,2026-01-05 13:33:00,39.36,39.36,39.35,39.35,23700,932776.0
000034.SZ,2026-01-05 13:34:00,39.36,39.36,39.35,39.36,10300,405360.0
000034.SZ,2026-01-05 13:35:00,39.35,39.36,39.34,39.35,20600,810632.0
000034.SZ,2026-01-05 13:36:00,39.35,39.35,39.32,39.34,16500,648991.0
000034.SZ,2026-01-05 13:37:00,39.33,39.34,39.33,39.33,72000,2831353.0
000034.SZ,2026-01-05 13:38:00,39.33,39.34,39.31,39.33,43500,1710615.0
000034.SZ,2026-01-05 13:39:00,39.34,39.36,39.34,39.36,47300,1861292.0
000034.SZ,2026-01-05 13:40:00,39.36,39.41,39.36,39.41,248600,9788496.0
000034.SZ,2026-01-05 13:41:00,39.41,39.43,39.4,39.4,59700,2353095.0
000034.SZ,2026-01-05 13:42:00,39.4,39.4,39.38,39.39,47100,1855442.0
000034.SZ,2026-01-05 13:43:00,39.39,39.41,39.39,39.41,22400,882476.0
000034.SZ,2026-01-05 13:44:00,39.4,39.41,39.4,39.4,35000,1379303.0
000034.SZ,2026-01-05 13:45:00,39.41,39.41,39.4,39.41,13700,539854.0
000034.SZ,2026-01-05 13:46:00,39.4,39.45,39.4,39.44,98000,3863307.0
000034.SZ,2026-01-05 13:47:00,39.45,39.45,39.43,39.44,16900,666550.0
000034.SZ,2026-01-05 13:48:00,39.45,39.45,39.41,39.43,58300,2298614.0
000034.SZ,2026-01-05 13:49:00,39.44,39.45,39.43,39.45,61000,2406227.0
000034.SZ,2026-01-05 13:50:00,39.44,39.48,39.44,39.48,115255,4548120.0
000034.SZ,2026-01-05 13:51:00,39.48,39.5,39.48,39.5,92700,3660508.0
000034.SZ,2026-01-05 13:52:00,39.5,39.5,39.49,39.5,151900,5999797.0
000034.SZ,2026-01-05 13:53:00,39.48,39.49,39.46,39.46,41000,1618501.0
000034.SZ,2026-01-05 13:54:00,39.46,39.48,39.46,39.47,22600,892022.0
000034.SZ,2026-01-05 13:55:00,39.47,39.48,39.46,39.46,47600,1878874.0
000034.SZ,2026-01-05 13:56:00,39.47,39.47,39.45,39.45,28200,1112789.0
000034.SZ,2026-01-05 13:57:00,39.45,39.47,39.45,39.46,39600,1562402.0
000034.SZ,2026-01-05 13:58:00,39.46,39.47,39.46,39.46,20300,801116.0
000034.SZ,2026-01-05 13:59:00,39.45,39.47,39.44,39.47,43500,1716323.0
000034.SZ,2026-01-05 14:00:00,39.48,39.48,39.47,39.47,52000,2052640.0
000034.SZ,2026-01-05 14:01:00,39.48,39.49,39.47,39.48,20700,817182.0
000034.SZ,2026-01-05 14:02:00,39.48,39.49,39.47,39.47,47900,1891214.0
000034.SZ,2026-01-05 14:03:00,39.48,39.48,39.46,39.48,50500,1993282.0
000034.SZ,2026-01-05 14:04:00,39.48,39.48,39.45,39.45,65000,2565185.0
000034.SZ,2026-01-05 14:05:00,39.46,39.49,39.46,39.48,97900,3864955.0
000034.SZ,2026-01-05 14:06:00,39.49,39.49,39.47,39.47,62300,2459938.0
000034.SZ,2026-01-05 14:07:00,39.47,39.49,39.47,39.48,44700,1764858.0
000034.SZ,2026-01-05 14:08:00,39.48,39.49,39.47,39.48,14700,580347.0
000034.SZ,2026-01-05 14:09:00,39.47,39.48,39.45,39.47,51300,2024548.0
000034.SZ,2026-01-05 14:10:00,39.48,39.49,39.47,39.48,22000,868558.0
000034.SZ,2026-01-05 14:11:00,39.49,39.49,39.47,39.48,37200,1468783.0
000034.SZ,2026-01-05 14:12:00,39.49,39.49,39.48,39.49,30800,1216240.0
000034.SZ,2026-01-05 14:13:00,39.49,39.49,39.48,39.49,98500,3888754.0
000034.SZ,2026-01-05 14:14:00,39.49,39.5,39.48,39.5,46498,1836343.0
000034.SZ,2026-01-05 14:15:00,39.49,39.51,39.49,39.51,128700,5083656.0
000034.SZ,2026-01-05 14:16:00,39.5,39.52,39.5,39.52,78400,3097809.0
000034.SZ,2026-01-05 14:17:00,39.52,39.52,39.5,39.51,57600,2275910.0
000034.SZ,2026-01-05 14:18:00,39.5,39.51,39.5,39.5,23800,940138.0
000034.SZ,2026-01-05 14:19:00,39.5,39.5,39.49,39.5,33000,1303336.0
000034.SZ,2026-01-05 14:20:00,39.5,39.5,39.49,39.5,52600,2077611.0
000034.SZ,2026-01-05 14:21:00,39.5,39.5,39.48,39.48,37400,1476865.0
000034.SZ,2026-01-05 14:22:00,39.48,39.49,39.47,39.48,35100,1385724.0
000034.SZ,2026-01-05 14:23:00,39.49,39.49,39.47,39.47,39400,1555508.0
000034.SZ,2026-01-05 14:24:00,39.46,39.48,39.46,39.47,86900,3429266.0
000034.SZ,2026-01-05 14:25:00,39.47,39.49,39.47,39.48,28700,1133122.0
000034.SZ,2026-01-05 14:26:00,39.48,39.49,39.48,39.49,28000,1105627.0
000034.SZ,2026-01-05 14:27:00,39.48,39.5,39.48,39.49,43600,1721781.0
000034.SZ,2026-01-05 14:28:00,39.49,39.5,39.49,39.5,36000,1421671.0
000034.SZ,2026-01-05 14:29:00,39.49,39.5,39.49,39.5,26300,1038756.0
000034.SZ,2026-01-05 14:30:00,39.5,39.5,39.49,39.5,49500,1955174.0
000034.SZ,2026-01-05 14:31:00,39.49,39.5,39.49,39.5,22700,896570.0
000034.SZ,2026-01-05 14:32:00,39.5,39.5,39.49,39.49,68900,2721078.0
000034.SZ,2026-01-05 14:33:00,39.5,39.5,39.49,39.5,45300,1789090.0
000034.SZ,2026-01-05 14:34:00,39.5,39.5,39.48,39.49,113900,4498689.0
000034.SZ,2026-01-05 14:35:00,39.5,39.5,39.49,39.5,29000,1145302.0
000034.SZ,2026-01-05 14:36:00,39.49,39.5,39.49,39.49,27500,1086020.0
000034.SZ,2026-01-05 14:37:00,39.49,39.5,39.48,39.48,27000,1066222.0
000034.SZ,2026-01-05 14:38:00,39.48,39.5,39.48,39.49,50100,1978464.0
000034.SZ,2026-01-05 14:39:00,39.5,39.5,39.49,39.5,40500,1599569.0
000034.SZ,2026-01-05 14:40:00,39.49,39.5,39.49,39.5,44100,1741562.0
000034.SZ,2026-01-05 14:41:00,39.49,39.5,39.48,39.5,119000,4699636.0
000034.SZ,2026-01-05 14:42:00,39.49,39.5,39.49,39.49,66500,2626457.0
000034.SZ,2026-01-05 14:43:00,39.5,39.5,39.49,39.49,112400,4439678.0
000034.SZ,2026-01-05 14:44:00,39.49,39.5,39.49,39.49,66800,2638337.0
000034.SZ,2026-01-05 14:45:00,39.5,39.5,39.48,39.5,115100,4545835.0
000034.SZ,2026-01-05 14:46:00,39.49,39.49,39.47,39.49,108800,4296149.0
000034.SZ,2026-01-05 14:47:00,39.49,39.51,39.48,39.5,100800,3981735.0
000034.SZ,2026-01-05 14:48:00,39.51,39.51,39.49,39.5,49400,1951472.0
000034.SZ,2026-01-05 14:49:00,39.51,39.51,39.49,39.51,132299,5226349.5
000034.SZ,2026-01-05 14:50:00,39.52,39.52,39.5,39.5,130200,5145053.0
000034.SZ,2026-01-05 14:51:00,39.52,39.54,39.51,39.54,193800,7659845.0
000034.SZ,2026-01-05 14:52:00,39.5,39.53,39.5,39.52,80400,3177138.0
000034.SZ,2026-01-05 14:53:00,39.51,39.55,39.51,39.53,137200,5424436.0
000034.SZ,2026-01-05 14:54:00,39.55,39.55,39.53,39.55,105800,4183900.0
000034.SZ,2026-01-05 14:55:00,39.54,39.58,39.54,39.56,147600,5839292.0
000034.SZ,2026-01-05 14:56:00,39.56,39.58,39.56,39.57,145200,5746137.0
000034.SZ,2026-01-05 14:57:00,39.57,39.58,39.57,39.57,163904,6486665.5
000034.SZ,2026-01-05 14:58:00,39.57,39.57,39.57,39.57,0,0.0
000034.SZ,2026-01-05 14:59:00,39.57,39.57,39.57,39.57,0,0.0
000034.SZ,2026-01-05 15:00:00,39.57,39.57,39.57,39.57,217600,8610432.0
000034.SZ,2026-01-06 09:30:00,39.62,39.62,39.61,39.61,82500,3268544.0
000034.SZ,2026-01-06 09:31:00,39.64,39.67,39.4,39.47,261000,10324362.0
000034.SZ,2026-01-06 09:32:00,39.49,39.59,39.49,39.58,216600,8564458.0
000034.SZ,2026-01-06 09:33:00,39.57,39.66,39.56,39.65,154300,6111893.0
000034.SZ,2026-01-06 09:34:00,39.64,39.67,39.6,39.67,105100,4164712.0
000034.SZ,2026-01-06 09:35:00,39.67,39.78,39.67,39.74,158900,6313827.0
000034.SZ,2026-01-06 09:36:00,39.74,39.75,39.7,39.74,217200,8627635.0
000034.SZ,2026-01-06 09:37:00,39.71,39.73,39.65,39.66,79500,3154568.0
000034.SZ,2026-01-06 09:38:00,39.66,39.75,39.66,39.75,95200,3780259.0
000034.SZ,2026-01-06 09:39:00,39.74,39.85,39.74,39.84,276400,11000246.0
000034.SZ,2026-01-06 09:40:00,39.85,39.85,39.72,39.75,84600,3365185.0
000034.SZ,2026-01-06 09:41:00,39.77,39.79,39.73,39.77,101640,4041869.0
000034.SZ,2026-01-06 09:42:00,39.78,39.83,39.75,39.83,159100,6328790.0
000034.SZ,2026-01-06 09:43:00,39.83,39.83,39.77,39.77,144400,5748862.5
000034.SZ,2026-01-06 09:44:00,39.77,39.8,39.74,39.78,101600,4040291.0
000034.SZ,2026-01-06 09:45:00,39.78,39.8,39.75,39.8,76000,3022739.0
000034.SZ,2026-01-06 09:46:00,39.78,39.81,39.78,39.81,87400,3478466.0
000034.SZ,2026-01-06 09:47:00,39.82,39.82,39.79,39.81,70600,2810604.0
000034.SZ,2026-01-06 09:48:00,39.81,39.81,39.76,39.76,83500,3321254.0
000034.SZ,2026-01-06 09:49:00,39.76,39.76,39.74,39.75,112100,4455932.0
000034.SZ,2026-01-06 09:50:00,39.75,39.77,39.75,39.77,48200,1916361.0
000034.SZ,2026-01-06 09:51:00,39.77,39.85,39.77,39.84,177700,7075248.0
000034.SZ,2026-01-06 09:52:00,39.82,39.85,39.82,39.84,85500,3406211.0
000034.SZ,2026-01-06 09:53:00,39.83,39.86,39.83,39.86,80900,3223158.0
000034.SZ,2026-01-06 09:54:00,39.86,39.88,39.85,39.88,148654,5927023.0
000034.SZ,2026-01-06 09:55:00,39.88,39.88,39.85,39.85,148146,5906123.5
000034.SZ,2026-01-06 09:56:00,39.85,39.85,39.81,39.84,80300,3198802.0
000034.SZ,2026-01-06 09:57:00,39.81,39.86,39.81,39.86,90800,3616962.0
000034.SZ,2026-01-06 09:58:00,39.86,39.87,39.82,39.83,56800,2263029.0
000034.SZ,2026-01-06 09:59:00,39.83,39.83,39.79,39.8,133700,5321478.0
000034.SZ,2026-01-06 10:00:00,39.81,39.81,39.75,39.75,131000,5208798.0
000034.SZ,2026-01-06 10:01:00,39.75,39.75,39.67,39.67,202900,8053264.0
000034.SZ,2026-01-06 10:02:00,39.66,39.66,39.62,39.66,171300,6787726.0
000034.SZ,2026-01-06 10:03:00,39.65,39.7,39.65,39.68,81400,3229707.0
000034.SZ,2026-01-06 10:04:00,39.68,39.68,39.63,39.66,106100,4206876.0
000034.SZ,2026-01-06 10:05:00,39.66,39.67,39.65,39.67,99700,3954417.0
000034.SZ,2026-01-06 10:06:00,39.67,39.7,39.62,39.64,191600,7598614.0
000034.SZ,2026-01-06 10:07:00,39.66,39.67,39.62,39.67,109900,4355810.0
000034.SZ,2026-01-06 10:08:00,39.67,39.76,39.65,39.74,137700,5467506.0
000034.SZ,2026-01-06 10:09:00,39.74,39.82,39.74,39.8,68500,2725427.0
000034.SZ,2026-01-06 10:10:00,39.8,39.8,39.78,39.78,75000,2983369.0
000034.SZ,2026-01-06 10:11:00,39.76,39.78,39.73,39.74,66500,2643113.0
000034.SZ,2026-01-06 10:12:00,39.74,39.74,39.71,39.74,35200,1398416.0
000034.SZ,2026-01-06 10:13:00,39.72,39.73,39.71,39.73,37100,1473629.0
000034.SZ,2026-01-06 10:14:00,39.74,39.74,39.7,39.71,69300,2752365.0
000034.SZ,2026-01-06 10:15:00,39.72,39.73,39.71,39.72,25300,1004883.0
000034.SZ,2026-01-06 10:16:00,39.71,39.71,39.67,39.68,102700,4076590.0
000034.SZ,2026-01-06 10:17:00,39.69,39.7,39.66,39.7,60000,2381284.0
000034.SZ,2026-01-06 10:18:00,39.7,39.74,39.7,39.73,38400,1525069.0
000034.SZ,2026-01-06 10:19:00,39.73,39.77,39.73,39.75,111700,4440431.0
000034.SZ,2026-01-06 10:20:00,39.76,39.77,39.75,39.76,35400,1407460.0
000034.SZ,2026-01-06 10:21:00,39.75,39.77,39.72,39.72,55789,2217698.8
000034.SZ,2026-01-06 10:22:00,39.75,39.77,39.73,39.76,80800,3211659.0
000034.SZ,2026-01-06 10:23:00,39.77,39.78,39.75,39.78,72700,2891060.0
000034.SZ,2026-01-06 10:24:00,39.78,39.8,39.75,39.75,52700,2096529.0
000034.SZ,2026-01-06 10:25:00,39.75,39.76,39.75,39.76,36100,1435298.0
000034.SZ,2026-01-06 10:26:00,39.76,39.76,39.68,39.68,61100,2426521.0
000034.SZ,2026-01-06 10:27:00,39.67,39.67,39.63,39.63,91200,3615946.0
000034.SZ,2026-01-06 10:28:00,39.63,39.64,39.6,39.61,122000,4833249.0
000034.SZ,2026-01-06 10:29:00,39.61,39.63,39.61,39.63,73300,2903961.0
000034.SZ,2026-01-06 10:30:00,39.63,39.64,39.57,39.57,171200,6780806.0
000034.SZ,2026-01-06 10:31:00,39.57,39.57,39.51,39.55,128600,5082705.0
000034.SZ,2026-01-06 10:32:00,39.54,39.58,39.54,39.57,62300,2464684.0
000034.SZ,2026-01-06 10:33:00,39.56,39.57,39.56,39.57,52500,2077190.0
000034.SZ,2026-01-06 10:34:00,39.57,39.58,39.56,39.58,98700,3905404.0
000034.SZ,2026-01-06 10:35:00,39.57,39.63,39.57,39.59,102400,4054965.0
000034.SZ,2026-01-06 10:36:00,39.58,39.59,39.54,39.54,165100,6531984.0
000034.SZ,2026-01-06 10:37:00,39.53,39.54,39.5,39.51,248104,9806405.0
000034.SZ,2026-01-06 10:38:00,39.51,39.51,39.47,39.47,134096,5295736.0
000034.SZ,2026-01-06 10:39:00,39.43,39.43,39.35,39.42,427100,16824072.0
000034.SZ,2026-01-06 10:40:00,39.42,39.43,39.4,39.42,64900,2557733.0
000034.SZ,2026-01-06 10:41:00,39.43,39.45,39.43,39.45,67500,2662449.0
000034.SZ,2026-01-06 10:42:00,39.45,39.48,39.41,39.46,169700,6695288.0
000034.SZ,2026-01-06 10:43:00,39.45,39.45,39.4,39.4,60600,2389773.0
000034.SZ,2026-01-06 10:44:00,39.41,39.42,39.4,39.42,51600,2033613.0
000034.SZ,2026-01-06 10:45:00,39.42,39.43,39.41,39.41,40200,1584658.0
000034.SZ,2026-01-06 10:46:00,39.41,39.42,39.4,39.41,69000,2719421.0
000034.SZ,2026-01-06 10:47:00,39.41,39.44,39.4,39.42,45600,1797588.0
000034.SZ,2026-01-06 10:48:00,39.44,39.47,39.43,39.47,38000,1498855.0
000034.SZ,2026-01-06 10:49:00,39.48,39.48,39.45,39.45,50600,1997035.0
000034.SZ,2026-01-06 10:50:00,39.47,39.47,39.44,39.46,35600,1404615.0
000034.SZ,2026-01-06 10:51:00,39.46,39.46,39.44,39.45,79900,3151996.0
000034.SZ,2026-01-06 10:52:00,39.45,39.52,39.44,39.52,128400,5067094.0
000034.SZ,2026-01-06 10:53:00,39.53,39.55,39.52,39.52,30700,1213510.0
000034.SZ,2026-01-06 10:54:00,39.51,39.51,39.48,39.49,29500,1165319.0
000034.SZ,2026-01-06 10:55:00,39.49,39.49,39.46,39.48,36400,1437172.0
000034.SZ,2026-01-06 10:56:00,39.48,39.5,39.48,39.48,27100,1070036.0
000034.SZ,2026-01-06 10:57:00,39.5,39.55,39.49,39.55,43500,1718359.0
000034.SZ,2026-01-06 10:58:00,39.55,39.56,39.54,39.55,55200,2183083.0
000034.SZ,2026-01-06 10:59:00,39.56,39.56,39.5,39.5,26200,1035699.0
000034.SZ,2026-01-06 11:00:00,39.53,39.56,39.53,39.56,34200,1352310.0
000034.SZ,2026-01-06 11:01:00,39.56,39.57,39.54,39.57,17000,672393.0
000034.SZ,2026-01-06 11:02:00,39.57,39.57,39.56,39.57,62100,2456655.0
000034.SZ,2026-01-06 11:03:00,39.57,39.58,39.56,39.57,50800,2010106.0
000034.SZ,2026-01-06 11:04:00,39.57,39.57,39.55,39.55,32500,1285480.0
000034.SZ,2026-01-06 11:05:00,39.55,39.55,39.53,39.53,22800,901724.0
000034.SZ,2026-01-06 11:06:00,39.54,39.55,39.53,39.53,17900,707814.0
000034.SZ,2026-01-06 11:07:00,39.53,39.53,39.52,39.52,23100,912928.0
000034.SZ,2026-01-06 11:08:00,39.52,39.52,39.49,39.5,48800,1927882.0
000034.SZ,2026-01-06 11:09:00,39.5,39.52,39.48,39.52,78100,3084690.0
000034.SZ,2026-01-06 11:10:00,39.53,39.54,39.51,39.52,20300,802287.0
000034.SZ,2026-01-06 11:11:00,39.51,39.54,39.5,39.53,35400,1398987.0
000034.SZ,2026-01-06 11:12:00,39.53,39.54,39.52,39.53,19100,754962.0
000034.SZ,2026-01-06 11:13:00,39.53,39.56,39.53,39.56,111258,4398405.5
000034.SZ,2026-01-06 11:14:00,39.55,39.55,39.53,39.55,42300,1672568.0
000034.SZ,2026-01-06 11:15:00,39.55,39.6,39.54,39.6,165800,6560811.0
000034.SZ,2026-01-06 11:16:00,39.61,39.65,39.6,39.64,60500,2397388.0
000034.SZ,2026-01-06 11:17:00,39.64,39.64,39.61,39.62,28400,1125335.0
000034.SZ,2026-01-06 11:18:00,39.62,39.63,39.62,39.62,24600,974692.0
000034.SZ,2026-01-06 11:19:00,39.61,39.62,39.61,39.61,23100,915101.0
000034.SZ,2026-01-06 11:20:00,39.61,39.66,39.6,39.66,71200,2821904.0
000034.SZ,2026-01-06 11:21:00,39.64,39.67,39.64,39.67,29100,1154028.0
000034.SZ,2026-01-06 11:22:00,39.67,39.68,39.67,39.67,34700,1376668.0
000034.SZ,2026-01-06 11:23:00,39.67,39.67,39.66,39.66,11400,452197.0
000034.SZ,2026-01-06 11:24:00,39.67,39.68,39.67,39.67,81131,3219157.0
000034.SZ,2026-01-06 11:25:00,39.67,39.69,39.67,39.69,91800,3643270.0
000034.SZ,2026-01-06 11:26:00,39.68,39.69,39.68,39.69,36800,1460393.0
000034.SZ,2026-01-06 11:27:00,39.68,39.7,39.68,39.68,48600,1928909.0
000034.SZ,2026-01-06 11:28:00,39.68,39.68,39.65,39.65,93000,3688222.0
000034.SZ,2026-01-06 11:29:00,39.66,39.7,39.65,39.68,38518,1528427.4
000034.SZ,2026-01-06 11:30:00,39.7,39.7,39.68,39.68,34800,1381302.0
000034.SZ,2026-01-06 13:01:00,39.68,39.7,39.67,39.69,141662,5621706.0
000034.SZ,2026-01-06 13:02:00,39.69,39.69,39.67,39.68,18300,726176.0
000034.SZ,2026-01-06 13:03:00,39.69,39.69,39.67,39.68,32100,1273756.0
000034.SZ,2026-01-06 13:04:00,39.68,39.69,39.67,39.67,21300,845145.0
000034.SZ,2026-01-06 13:05:00,39.67,39.68,39.66,39.66,49500,1963341.0
000034.SZ,2026-01-06 13:06:00,39.65,39.75,39.65,39.75,171200,6795854.0
000034.SZ,2026-01-06 13:07:00,39.75,39.75,39.72,39.72,55000,2186004.0
000034.SZ,2026-01-06 13:08:00,39.73,39.75,39.72,39.75,25700,1021417.0
000034.SZ,2026-01-06 13:09:00,39.74,39.76,39.74,39.76,44800,1781049.0
000034.SZ,2026-01-06 13:10:00,39.76,39.77,39.75,39.76,43700,1737554.0
000034.SZ,2026-01-06 13:11:00,39.77,39.77,39.72,39.72,99400,3951139.0
000034.SZ,2026-01-06 13:12:00,39.72,39.88,39.72,39.85,548500,21839624.0
000034.SZ,2026-01-06 13:13:00,39.85,39.85,39.77,39.81,38000,1512673.0
000034.SZ,2026-01-06 13:14:00,39.81,39.84,39.81,39.82,56900,2265779.0
000034.SZ,2026-01-06 13:15:00,39.81,39.82,39.8,39.8,46300,1842911.0
000034.SZ,2026-01-06 13:16:00,39.8,39.86,39.78,39.86,158300,6303875.0
000034.SZ,2026-01-06 13:17:00,39.86,39.88,39.86,39.87,125000,4984309.0
000034.SZ,2026-01-06 13:18:00,39.87,39.87,39.83,39.83,63400,2527141.0
000034.SZ,2026-01-06 13:19:00,39.83,39.86,39.83,39.83,38200,1521991.0
000034.SZ,2026-01-06 13:20:00,39.85,39.85,39.83,39.85,66200,2637948.0
000034.SZ,2026-01-06 13:21:00,39.85,39.86,39.85,39.85,31200,1243486.0
000034.SZ,2026-01-06 13:22:00,39.84,39.85,39.84,39.85,31900,1271073.0
000034.SZ,2026-01-06 13:23:00,39.85,39.85,39.81,39.82,121800,4851181.0
000034.SZ,2026-01-06 13:24:00,39.81,39.86,39.81,39.86,96300,3836195.0
000034.SZ,2026-01-06 13:25:00,39.85,39.86,39.84,39.85,29100,1159675.0
000034.SZ,2026-01-06 13:26:00,39.84,39.86,39.84,39.85,42000,1673822.0
000034.SZ,2026-01-06 13:27:00,39.85,39.86,39.84,39.85,37000,1474455.0
000034.SZ,2026-01-06 13:28:00,39.85,39.85,39.83,39.83,26400,1051937.0
000034.SZ,2026-01-06 13:29:00,39.82,39.89,39.82,39.88,235754,9397947.0
000034.SZ,2026-01-06 13:30:00,39.89,39.9,39.88,39.9,57200,2281844.0
000034.SZ,2026-01-06 13:31:00,39.9,39.91,39.89,39.89,145000,5785341.0
000034.SZ,2026-01-06 13:32:00,39.89,39.89,39.84,39.84,53000,2112938.0
000034.SZ,2026-01-06 13:33:00,39.84,39.85,39.82,39.83,53900,2147415.0
000034.SZ,2026-01-06 13:34:00,39.82,39.83,39.82,39.83,38900,1549106.0
000034.SZ,2026-01-06 13:35:00,39.83,39.89,39.83,39.89,43500,1734352.0
000034.SZ,2026-01-06 13:36:00,39.89,39.91,39.89,39.9,77600,3096113.0
000034.SZ,2026-01-06 13:37:00,39.89,39.9,39.85,39.86,46000,1834447.0
000034.SZ,2026-01-06 13:38:00,39.85,39.88,39.84,39.85,54600,2176080.0
000034.SZ,2026-01-06 13:39:00,39.85,39.87,39.84,39.85,69600,2773644.0
000034.SZ,2026-01-06 13:40:00,39.84,39.84,39.76,39.77,103400,4114742.0
000034.SZ,2026-01-06 13:41:00,39.76,39.76,39.7,39.7,117200,4657246.0
000034.SZ,2026-01-06 13:42:00,39.74,39.74,39.68,39.68,172800,6859534.0
000034.SZ,2026-01-06 13:43:00,39.69,39.7,39.68,39.68,89500,3552400.0
000034.SZ,2026-01-06 13:44:00,39.68,39.7,39.68,39.7,65600,2603952.0
000034.SZ,2026-01-06 13:45:00,39.69,39.7,39.62,39.65,242700,9627435.0
000034.SZ,2026-01-06 13:46:00,39.67,39.67,39.61,39.64,65600,2599048.0
000034.SZ,2026-01-06 13:47:00,39.64,39.68,39.63,39.65,51800,2053619.0
000034.SZ,2026-01-06 13:48:00,39.68,39.68,39.66,39.67,20600,817202.0
000034.SZ,2026-01-06 13:49:00,39.68,39.73,39.67,39.73,207600,8239577.0
000034.SZ,2026-01-06 13:50:00,39.71,39.8,39.71,39.79,32000,1272525.0
000034.SZ,2026-01-06 13:51:00,39.8,39.8,39.77,39.77,53100,2112922.0
000034.SZ,2026-01-06 13:52:00,39.77,39.79,39.76,39.77,40400,1606803.0
000034.SZ,2026-01-06 13:53:00,39.76,39.78,39.7,39.75,52100,2071252.0
000034.SZ,2026-01-06 13:54:00,39.75,39.78,39.74,39.75,45200,1797327.0
000034.SZ,2026-01-06 13:55:00,39.75,39.76,39.75,39.75,29600,1176654.0
000034.SZ,2026-01-06 13:56:00,39.75,39.78,39.75,39.77,71200,2831782.0
000034.SZ,2026-01-06 13:57:00,39.77,39.77,39.7,39.74,66100,2627129.0
000034.SZ,2026-01-06 13:58:00,39.73,39.76,39.73,39.75,40200,1597783.0
000034.SZ,2026-01-06 13:59:00,39.74,39.77,39.74,39.76,18500,735501.0
000034.SZ,2026-01-06 14:00:00,39.75,39.77,39.74,39.77,22100,878670.0
000034.SZ,2026-01-06 14:01:00,39.77,39.78,39.76,39.78,47300,1881241.0
000034.SZ,2026-01-06 14:02:00,39.77,39.82,39.76,39.82,116000,4616287.0
000034.SZ,2026-01-06 14:03:00,39.82,39.82,39.79,39.8,37300,1484838.0
000034.SZ,2026-01-06 14:04:00,39.8,39.82,39.8,39.81,35000,1393139.0
000034.SZ,2026-01-06 14:05:00,39.8,39.82,39.8,39.82,46000,1831532.0
000034.SZ,2026-01-06 14:06:00,39.82,39.84,39.81,39.82,98800,3935587.0
000034.SZ,2026-01-06 14:07:00,39.82,39.83,39.81,39.81,23600,939696.0
000034.SZ,2026-01-06 14:08:00,39.81,39.81,39.79,39.8,58000,2308322.0
000034.SZ,2026-01-06 14:09:00,39.79,39.8,39.79,39.8,28400,1130254.0
000034.SZ,2026-01-06 14:10:00,39.8,39.82,39.8,39.81,42800,1703735.0
000034.SZ,2026-01-06 14:11:00,39.81,39.82,39.81,39.82,32900,1310036.0
000034.SZ,2026-01-06 14:12:00,39.82,39.83,39.81,39.83,19500,776511.0
000034.SZ,2026-01-06 14:13:00,39.81,39.84,39.81,39.84,149300,5945500.0
000034.SZ,2026-01-06 14:14:00,39.84,39.85,39.83,39.84,51400,2047774.0
000034.SZ,2026-01-06 14:15:00,39.85,39.85,39.83,39.84,52700,2099324.0
000034.SZ,2026-01-06 14:16:00,39.84,39.87,39.83,39.87,145700,5806168.0
000034.SZ,2026-01-06 14:17:00,39.87,39.88,39.87,39.88,74300,2962669.0
000034.SZ,2026-01-06 14:18:00,39.87,39.88,39.87,39.87,71200,2838675.0
000034.SZ,2026-01-06 14:19:00,39.87,39.87,39.86,39.87,77500,3089825.0
000034.SZ,2026-01-06 14:20:00,39.87,39.87,39.86,39.86,38500,1534629.0
000034.SZ,2026-01-06 14:21:00,39.85,39.87,39.85,39.86,50100,1996977.0
000034.SZ,2026-01-06 14:22:00,39.86,39.87,39.86,39.86,52800,2104618.0
000034.SZ,2026-01-06 14:23:00,39.86,39.87,39.86,39.86,52100,2076923.0
000034.SZ,2026-01-06 14:24:00,39.86,39.87,39.86,39.86,32600,1299513.0
000034.SZ,2026-01-06 14:25:00,39.87,39.9,39.86,39.9,287500,11466332.0
000034.SZ,2026-01-06 14:26:00,39.9,39.9,39.9,39.9,161000,6423820.0
000034.SZ,2026-01-06 14:27:00,39.89,39.9,39.88,39.89,45000,1795240.0
000034.SZ,2026-01-06 14:28:00,39.89,39.9,39.87,39.88,61800,2464501.0
000034.SZ,2026-01-06 14:29:00,39.88,39.88,39.86,39.87,47100,1877931.0
000034.SZ,2026-01-06 14:30:00,39.87,39.88,39.86,39.87,59700,2380119.0
000034.SZ,2026-01-06 14:31:00,39.87,39.88,39.86,39.87,90800,3620064.0
000034.SZ,2026-01-06 14:32:00,39.86,39.87,39.85,39.85,79600,3172949.0
000034.SZ,2026-01-06 14:33:00,39.86,39.87,39.86,39.87,31700,1263707.0
000034.SZ,2026-01-06 14:34:00,39.85,39.87,39.85,39.86,48000,1913270.0
000034.SZ,2026-01-06 14:35:00,39.86,39.87,39.84,39.85,73000,2908849.0
000034.SZ,2026-01-06 14:36:00,39.84,39.85,39.83,39.85,110300,4394409.0
000034.SZ,2026-01-06 14:37:00,39.85,39.86,39.84,39.84,88800,3538501.0
000034.SZ,2026-01-06 14:38:00,39.84,39.85,39.84,39.84,134700,5367458.0
000034.SZ,2026-01-06 14:39:00,39.85,39.85,39.83,39.85,178600,7115841.0
000034.SZ,2026-01-06 14:40:00,39.84,39.86,39.84,39.86,132200,5267847.0
000034.SZ,2026-01-06 14:41:00,39.87,39.95,39.87,39.95,500200,19961976.0
000034.SZ,2026-01-06 14:42:00,39.95,39.98,39.94,39.94,239200,9560175.0
000034.SZ,2026-01-06 14:43:00,39.94,39.94,39.89,39.9,67900,2709938.0
000034.SZ,2026-01-06 14:44:00,39.9,39.94,39.9,39.94,99900,3986858.0
000034.SZ,2026-01-06 14:45:00,39.93,39.96,39.92,39.95,77931,3112802.2
000034.SZ,2026-01-06 14:46:00,39.94,39.96,39.93,39.96,87000,3475664.0
000034.SZ,2026-01-06 14:47:00,39.96,39.98,39.95,39.98,114600,4579650.0
000034.SZ,2026-01-06 14:48:00,39.97,39.99,39.97,39.98,186600,7460709.5
000034.SZ,2026-01-06 14:49:00,39.98,39.98,39.96,39.96,129200,5163943.0
000034.SZ,2026-01-06 14:50:00,39.96,39.97,39.94,39.94,87200,3483391.0
000034.SZ,2026-01-06 14:51:00,39.95,39.98,39.95,39.96,155256,6203767.0
000034.SZ,2026-01-06 14:52:00,39.96,39.98,39.95,39.97,153700,6142043.5
000034.SZ,2026-01-06 14:53:00,39.96,39.96,39.94,39.95,178700,7139388.0
000034.SZ,2026-01-06 14:54:00,39.95,39.95,39.93,39.94,129700,5180305.0
000034.SZ,2026-01-06 14:55:00,39.93,39.95,39.93,39.95,74500,2975889.0
000034.SZ,2026-01-06 14:56:00,39.95,39.95,39.93,39.93,117300,4685004.0
000034.SZ,2026-01-06 14:57:00,39.94,39.96,39.93,39.95,150600,6015060.0
000034.SZ,2026-01-06 14:58:00,39.95,39.95,39.95,39.95,0,0.0
000034.SZ,2026-01-06 14:59:00,39.95,39.95,39.95,39.95,0,0.0
000034.SZ,2026-01-06 15:00:00,39.96,39.96,39.96,39.96,258000,10309680.0
000034.SZ,2026-01-07 09:30:00,40.1,40.13,40.08,40.1,172700,6925269.0
000034.SZ,2026-01-07 09:31:00,40.09,40.18,40.02,40.1,380400,15261348.0
000034.SZ,2026-01-07 09:32:00,40.11,40.11,39.97,39.97,223200,8941542.0
000034.SZ,2026-01-07 09:33:00,39.98,40.1,39.95,40.09,164864,6602388.5
000034.SZ,2026-01-07 09:34:00,40.09,40.09,39.96,40.0,102869,4115511.2
000034.SZ,2026-01-07 09:35:00,40.02,40.08,40.0,40.0,145300,5815935.0
000034.SZ,2026-01-07 09:36:00,40.01,40.01,39.96,39.97,229800,9189035.0
000034.SZ,2026-01-07 09:37:00,39.97,40.1,39.96,40.07,202431,8104787.0
000034.SZ,2026-01-07 09:38:00,40.05,40.07,40.0,40.0,69300,2774688.0
000034.SZ,2026-01-07 09:39:00,39.99,39.99,39.96,39.96,83100,3322676.0
000034.SZ,2026-01-07 09:40:00,39.98,40.01,39.96,40.0,97700,3907180.0
000034.SZ,2026-01-07 09:41:00,40.02,40.02,39.97,39.97,87200,3487781.0
000034.SZ,2026-01-07 09:42:00,39.97,40.03,39.97,40.03,100200,4007271.0
000034.SZ,2026-01-07 09:43:00,40.01,40.02,40.0,40.0,65900,2637012.0
000034.SZ,2026-01-07 09:44:00,40.0,40.02,39.99,40.02,90800,3631944.0
000034.SZ,2026-01-07 09:45:00,40.02,40.02,39.99,39.99,86700,3468723.0
000034.SZ,2026-01-07 09:46:00,39.96,39.99,39.96,39.97,232400,9289288.0
000034.SZ,2026-01-07 09:47:00,39.97,39.98,39.95,39.95,81100,3240600.0
000034.SZ,2026-01-07 09:48:00,39.95,39.95,39.92,39.92,142401,5686798.0
000034.SZ,2026-01-07 09:49:00,39.93,39.97,39.92,39.92,119499,4772016.0
000034.SZ,2026-01-07 09:50:00,39.93,39.98,39.93,39.97,60601,2421616.0
000034.SZ,2026-01-07 09:51:00,39.96,39.96,39.93,39.93,100499,4015005.0
000034.SZ,2026-01-07 09:52:00,39.93,39.95,39.93,39.94,65000,2596272.0
000034.SZ,2026-01-07 09:53:00,39.95,39.98,39.93,39.96,163201,6518445.0
000034.SZ,2026-01-07 09:54:00,39.98,39.98,39.95,39.96,73200,2925519.0
000034.SZ,2026-01-07 09:55:00,39.95,39.95,39.9,39.91,171799,6858989.0
000034.SZ,2026-01-07 09:56:00,39.91,39.92,39.8,39.81,322599,12854894.0
000034.SZ,2026-01-07 09:57:00,39.81,39.82,39.79,39.82,147801,5883099.0
000034.SZ,2026-01-07 09:58:00,39.84,39.84,39.79,39.79,170400,6784018.0
000034.SZ,2026-01-07 09:59:00,39.78,39.84,39.78,39.83,242600,9655157.0
000034.SZ,2026-01-07 10:00:00,39.83,39.83,39.79,39.79,86600,3447681.0
000034.SZ,2026-01-07 10:01:00,39.78,39.81,39.78,39.8,196200,7807605.0
000034.SZ,2026-01-07 10:02:00,39.79,39.8,39.75,39.76,138400,5504917.0
000034.SZ,2026-01-07 10:03:00,39.75,39.77,39.74,39.76,94200,3744346.0
000034.SZ,2026-01-07 10:04:00,39.75,39.75,39.69,39.72,223600,8880282.0
000034.SZ,2026-01-07 10:05:00,39.7,39.72,39.69,39.71,92800,3684922.0
000034.SZ,2026-01-07 10:06:00,39.72,39.74,39.7,39.7,132800,5273228.0
000034.SZ,2026-01-07 10:07:00,39.7,39.71,39.69,39.7,92800,3684053.0
000034.SZ,2026-01-07 10:08:00,39.7,39.7,39.68,39.69,86400,3429310.0
000034.SZ,2026-01-07 10:09:00,39.69,39.69,39.67,39.69,100000,3968340.0
000034.SZ,2026-01-07 10:10:00,39.68,39.7,39.68,39.7,92900,3687112.0
000034.SZ,2026-01-07 10:11:00,39.7,39.7,39.67,39.68,183400,7277818.0
000034.SZ,2026-01-07 10:12:00,39.68,39.74,39.66,39.74,221200,8779736.0
000034.SZ,2026-01-07 10:13:00,39.74,39.75,39.72,39.74,39200,1557613.0
000034.SZ,2026-01-07 10:14:00,39.72,39.74,39.7,39.71,69800,2771991.0
000034.SZ,2026-01-07 10:15:00,39.72,39.72,39.69,39.7,52500,2084209.0
000034.SZ,2026-01-07 10:16:00,39.7,39.73,39.69,39.73,137511,5459291.0
000034.SZ,2026-01-07 10:17:00,39.72,39.73,39.71,39.71,63089,2505562.0
000034.SZ,2026-01-07 10:18:00,39.71,39.72,39.67,39.67,149800,5946337.0
000034.SZ,2026-01-07 10:19:00,39.66,39.67,39.63,39.63,120800,4790510.0
000034.SZ,2026-01-07 10:20:00,39.62,39.62,39.57,39.6,283611,11231899.0
000034.SZ,2026-01-07 10:21:00,39.59,39.62,39.59,39.6,135900,5381554.0
000034.SZ,2026-01-07 10:22:00,39.61,39.62,39.6,39.6,134200,5313159.0
000034.SZ,2026-01-07 10:23:00,39.61,39.61,39.56,39.56,87689,3470688.5
000034.SZ,2026-01-07 10:24:00,39.56,39.56,39.5,39.51,352200,13918333.0
000034.SZ,2026-01-07 10:25:00,39.51,39.51,39.49,39.49,123100,4862251.0
000034.SZ,2026-01-07 10:26:00,39.51,39.55,39.5,39.54,113400,4481677.0
000034.SZ,2026-01-07 10:27:00,39.51,39.53,39.45,39.47,217800,8597748.0
000034.SZ,2026-01-07 10:28:00,39.48,39.49,39.47,39.49,173300,6840786.0
000034.SZ,2026-01-07 10:29:00,39.48,39.52,39.48,39.52,82100,3242588.0
000034.SZ,2026-01-07 10:30:00,39.53,39.58,39.53,39.56,50000,1978058.0
000034.SZ,2026-01-07 10:31:00,39.55,39.57,39.53,39.53,87900,3475615.0
000034.SZ,2026-01-07 10:32:00,39.54,39.56,39.54,39.56,28600,1131205.0
000034.SZ,2026-01-07 10:33:00,39.55,39.6,39.55,39.6,45300,1792529.0
000034.SZ,2026-01-07 10:34:00,39.59,39.61,39.56,39.6,69527,2752702.8
000034.SZ,2026-01-07 10:35:00,39.58,39.6,39.57,39.58,50500,1998886.0
000034.SZ,2026-01-07 10:36:00,39.56,39.58,39.44,39.51,307500,12145973.0
000034.SZ,2026-01-07 10:37:00,39.5,39.52,39.5,39.52,75100,2967223.0
000034.SZ,2026-01-07 10:38:00,39.53,39.54,39.52,39.53,51700,2044133.0
000034.SZ,2026-01-07 10:39:00,39.53,39.58,39.52,39.58,49300,1949315.0
000034.SZ,2026-01-07 10:40:00,39.58,39.58,39.54,39.54,18400,727870.0
000034.SZ,2026-01-07 10:41:00,39.54,39.55,39.54,39.55,65600,2593955.0
000034.SZ,2026-01-07 10:42:00,39.54,39.58,39.54,39.58,31500,1246016.0
000034.SZ,2026-01-07 10:43:00,39.57,39.58,39.56,39.58,47500,1879616.0
000034.SZ,2026-01-07 10:44:00,39.57,39.58,39.56,39.56,20300,803288.0
000034.SZ,2026-01-07 10:45:00,39.55,39.6,39.55,39.6,25100,993299.0
000034.SZ,2026-01-07 10:46:00,39.6,39.6,39.59,39.6,31400,1243261.0
000034.SZ,2026-01-07 10:47:00,39.59,39.63,39.59,39.6,80316,3181272.5
000034.SZ,2026-01-07 10:48:00,39.61,39.61,39.6,39.61,43400,1719296.0
000034.SZ,2026-01-07 10:49:00,39.6,39.61,39.58,39.58,62600,2478539.0
000034.SZ,2026-01-07 10:50:00,39.58,39.59,39.56,39.56,26000,1029026.0
000034.SZ,2026-01-07 10:51:00,39.57,39.58,39.56,39.58,17200,680612.0
000034.SZ,2026-01-07 10:52:00,39.58,39.6,39.57,39.57,22400,886703.0
000034.SZ,2026-01-07 10:53:00,39.58,39.58,39.56,39.57,15500,613347.0
000034.SZ,2026-01-07 10:54:00,39.58,39.58,39.56,39.57,18800,743944.0
000034.SZ,2026-01-07 10:55:00,39.56,39.58,39.55,39.57,63000,2492405.0
000034.SZ,2026-01-07 10:56:00,39.56,39.6,39.56,39.6,27600,1092253.0
000034.SZ,2026-01-07 10:57:00,39.59,39.6,39.58,39.58,25000,989713.0
000034.SZ,2026-01-07 10:58:00,39.59,39.59,39.55,39.56,40000,1582689.0
000034.SZ,2026-01-07 10:59:00,39.56,39.57,39.56,39.56,10700,423321.0
000034.SZ,2026-01-07 11:00:00,39.57,39.57,39.56,39.56,34100,1349298.0
000034.SZ,2026-01-07 11:01:00,39.57,39.65,39.56,39.64,63800,2527025.0
000034.SZ,2026-01-07 11:02:00,39.65,39.66,39.64,39.65,41400,1641606.0
000034.SZ,2026-01-07 11:03:00,39.65,39.65,39.64,39.64,41700,1653158.0
000034.SZ,2026-01-07 11:04:00,39.65,39.66,39.64,39.64,49600,1966681.0
000034.SZ,2026-01-07 11:05:00,39.65,39.65,39.63,39.63,21100,836359.0
000034.SZ,2026-01-07 11:06:00,39.62,39.63,39.59,39.61,106300,4209876.0
000034.SZ,2026-01-07 11:07:00,39.61,39.62,39.61,39.62,44300,1755083.0
000034.SZ,2026-01-07 11:08:00,39.62,39.62,39.61,39.62,10800,427831.0
000034.SZ,2026-01-07 11:09:00,39.61,39.62,39.61,39.62,24900,986337.0
000034.SZ,2026-01-07 11:10:00,39.61,39.63,39.61,39.62,45000,1782886.0
000034.SZ,2026-01-07 11:11:00,39.63,39.63,39.57,39.58,207900,8223809.0
000034.SZ,2026-01-07 11:12:00,39.6,39.61,39.58,39.58,11300,447361.0
000034.SZ,2026-01-07 11:13:00,39.59,39.61,39.58,39.61,14800,585997.0
000034.SZ,2026-01-07 11:14:00,39.61,39.61,39.55,39.55,93700,3708813.0
000034.SZ,2026-01-07 11:15:00,39.55,39.59,39.55,39.59,23700,937563.0
000034.SZ,2026-01-07 11:16:00,39.58,39.59,39.57,39.58,18700,740243.0
000034.SZ,2026-01-07 11:17:00,39.57,39.59,39.57,39.59,21300,843137.0
000034.SZ,2026-01-07 11:18:00,39.6,39.63,39.6,39.62,47000,1861951.0
000034.SZ,2026-01-07 11:19:00,39.63,39.63,39.62,39.62,31000,1228396.0
000034.SZ,2026-01-07 11:20:00,39.63,39.63,39.62,39.62,16900,669634.0
000034.SZ,2026-01-07 11:21:00,39.61,39.62,39.6,39.6,8900,352536.0
000034.SZ,2026-01-07 11:22:00,39.6,39.6,39.58,39.6,28000,1108678.0
000034.SZ,2026-01-07 11:23:00,39.6,39.62,39.59,39.61,23800,942571.0
000034.SZ,2026-01-07 11:24:00,39.61,39.62,39.61,39.62,33700,1335117.0
000034.SZ,2026-01-07 11:25:00,39.63,39.63,39.62,39.63,45200,1790943.0
000034.SZ,2026-01-07 11:26:00,39.63,39.63,39.62,39.62,23000,911376.0
000034.SZ,2026-01-07 11:27:00,39.63,39.63,39.61,39.62,14800,586364.0
000034.SZ,2026-01-07 11:28:00,39.63,39.63,39.62,39.63,25300,1002534.0
000034.SZ,2026-01-07 11:29:00,39.63,39.64,39.63,39.64,47000,1862842.0
000034.SZ,2026-01-07 11:30:00,39.64,39.64,39.63,39.63,31500,1248478.0
000034.SZ,2026-01-07 13:01:00,39.64,39.64,39.52,39.55,232000,9185587.0
000034.SZ,2026-01-07 13:02:00,39.56,39.58,39.53,39.56,12100,478666.0
000034.SZ,2026-01-07 13:03:00,39.57,39.58,39.56,39.58,62800,2485145.0
000034.SZ,2026-01-07 13:04:00,39.58,39.58,39.55,39.56,37600,1487576.0
000034.SZ,2026-01-07 13:05:00,39.55,39.6,39.55,39.56,147300,5827620.0
000034.SZ,2026-01-07 13:06:00,39.54,39.55,39.5,39.5,92600,3660713.0
000034.SZ,2026-01-07 13:07:00,39.5,39.51,39.49,39.5,167800,6628231.0
000034.SZ,2026-01-07 13:08:00,39.49,39.52,39.49,39.52,48100,1899867.0
000034.SZ,2026-01-07 13:09:00,39.52,39.53,39.52,39.53,15500,612670.0
000034.SZ,2026-01-07 13:10:00,39.53,39.74,39.53,39.73,185700,7361349.0
000034.SZ,2026-01-07 13:11:00,39.71,39.72,39.67,39.7,41900,1663054.0
000034.SZ,2026-01-07 13:12:00,39.7,39.7,39.66,39.66,20500,813527.0
000034.SZ,2026-01-07 13:13:00,39.66,39.72,39.66,39.72,34400,1365609.0
000034.SZ,2026-01-07 13:14:00,39.71,39.72,39.68,39.68,31100,1234891.0
000034.SZ,2026-01-07 13:15:00,39.68,39.69,39.66,39.66,12700,503856.0
000034.SZ,2026-01-07 13:16:00,39.66,39.71,39.66,39.71,123400,4894964.0
000034.SZ,2026-01-07 13:17:00,39.7,39.74,39.68,39.74,61800,2454439.0
000034.SZ,2026-01-07 13:18:00,39.74,39.82,39.74,39.8,110300,4388460.0
000034.SZ,2026-01-07 13:19:00,39.8,39.88,39.79,39.88,107000,4261379.0
000034.SZ,2026-01-07 13:20:00,39.88,39.89,39.87,39.88,140700,5611604.0
000034.SZ,2026-01-07 13:21:00,39.87,39.99,39.86,39.99,342900,13691361.0
000034.SZ,2026-01-07 13:22:00,40.0,40.06,39.92,40.06,606900,24274102.0
000034.SZ,2026-01-07 13:23:00,40.04,40.04,39.88,39.88,204100,8157343.0
000034.SZ,2026-01-07 13:24:00,39.86,39.88,39.76,39.76,150200,5981762.0
000034.SZ,2026-01-07 13:25:00,39.76,39.8,39.75,39.77,161200,6411512.0
000034.SZ,2026-01-07 13:26:00,39.76,39.76,39.68,39.71,86000,3414747.0
000034.SZ,2026-01-07 13:27:00,39.68,39.71,39.64,39.65,86200,3420402.0
000034.SZ,2026-01-07 13:28:00,39.63,39.63,39.58,39.58,99500,3941362.0
000034.SZ,2026-01-07 13:29:00,39.59,39.63,39.57,39.63,68100,2696236.0
000034.SZ,2026-01-07 13:30:00,39.6,39.61,39.57,39.6,160700,6359541.0
000034.SZ,2026-01-07 13:31:00,39.6,39.64,39.6,39.64,48200,1909422.0
000034.SZ,2026-01-07 13:32:00,39.63,39.65,39.61,39.61,60200,2386043.0
000034.SZ,2026-01-07 13:33:00,39.63,39.64,39.59,39.59,54400,2154838.0
000034.SZ,2026-01-07 13:34:00,39.59,39.6,39.59,39.59,59500,2355771.0
000034.SZ,2026-01-07 13:35:00,39.59,39.59,39.58,39.58,33200,1314296.0
000034.SZ,2026-01-07 13:36:00,39.58,39.65,39.58,39.62,37300,1477502.0
000034.SZ,2026-01-07 13:37:00,39.62,39.65,39.62,39.63,36300,1438929.0
000034.SZ,2026-01-07 13:38:00,39.64,39.68,39.64,39.66,72600,2880028.0
000034.SZ,2026-01-07 13:39:00,39.68,39.68,39.63,39.63,41600,1649202.0
000034.SZ,2026-01-07 13:40:00,39.63,39.64,39.61,39.61,23100,915291.0
000034.SZ,2026-01-07 13:41:00,39.61,39.61,39.58,39.59,31900,1263127.0
000034.SZ,2026-01-07 13:42:00,39.58,39.58,39.52,39.52,101600,4018078.0
000034.SZ,2026-01-07 13:43:00,39.53,39.53,39.5,39.5,108500,4286731.0
000034.SZ,2026-01-07 13:44:00,39.51,39.51,39.47,39.5,227730,8992959.0
000034.SZ,2026-01-07 13:45:00,39.47,39.49,39.46,39.47,97370,3843340.5
000034.SZ,2026-01-07 13:46:00,39.47,39.52,39.47,39.52,74930,2958999.5
000034.SZ,2026-01-07 13:47:00,39.52,39.52,39.46,39.49,80400,3174741.0
000034.SZ,2026-01-07 13:48:00,39.48,39.5,39.47,39.49,34100,1346444.0
000034.SZ,2026-01-07 13:49:00,39.5,39.51,39.48,39.49,81200,3207213.0
000034.SZ,2026-01-07 13:50:00,39.49,39.5,39.48,39.49,40300,1591369.0
000034.SZ,2026-01-07 13:51:00,39.49,39.51,39.49,39.51,53900,2129220.0
000034.SZ,2026-01-07 13:52:00,39.5,39.5,39.49,39.5,42700,1686506.0
000034.SZ,2026-01-07 13:53:00,39.5,39.55,39.5,39.54,23600,932834.0
000034.SZ,2026-01-07 13:54:00,39.55,39.6,39.54,39.59,82300,3254886.0
000034.SZ,2026-01-07 13:55:00,39.6,39.6,39.56,39.57,17900,708480.0
000034.SZ,2026-01-07 13:56:00,39.56,39.57,39.56,39.56,20000,791315.0
000034.SZ,2026-01-07 13:57:00,39.57,39.57,39.51,39.56,28900,1142825.0
000034.SZ,2026-01-07 13:58:00,39.56,39.56,39.52,39.55,31500,1245079.0
000034.SZ,2026-01-07 13:59:00,39.55,39.57,39.55,39.57,18400,727804.0
000034.SZ,2026-01-07 14:00:00,39.57,39.58,39.57,39.58,14400,569903.0
000034.SZ,2026-01-07 14:01:00,39.56,39.61,39.56,39.61,35100,1389604.0
000034.SZ,2026-01-07 14:02:00,39.62,39.63,39.61,39.61,19000,752757.0
000034.SZ,2026-01-07 14:03:00,39.62,39.65,39.6,39.62,17200,681564.0
000034.SZ,2026-01-07 14:04:00,39.64,39.64,39.62,39.63,28000,1109611.0
000034.SZ,2026-01-07 14:05:00,39.62,39.64,39.62,39.62,37300,1478173.0
000034.SZ,2026-01-07 14:06:00,39.62,39.64,39.62,39.64,25200,998853.0
000034.SZ,2026-01-07 14:07:00,39.64,39.64,39.62,39.62,24800,982757.0
000034.SZ,2026-01-07 14:08:00,39.61,39.64,39.6,39.64,87000,3445989.0
000034.SZ,2026-01-07 14:09:00,39.64,39.66,39.6,39.66,77000,3050212.0
000034.SZ,2026-01-07 14:10:00,39.65,39.69,39.65,39.69,52500,2082867.0
000034.SZ,2026-01-07 14:11:00,39.69,39.7,39.68,39.7,47500,1885432.0
000034.SZ,2026-01-07 14:12:00,39.7,39.7,39.69,39.69,19000,754173.0
000034.SZ,2026-01-07 14:13:00,39.7,39.71,39.68,39.7,63100,2505001.0
000034.SZ,2026-01-07 14:14:00,39.7,39.73,39.69,39.69,31000,1230870.0
000034.SZ,2026-01-07 14:15:00,39.71,39.74,39.71,39.74,16800,667353.0
000034.SZ,2026-01-07 14:16:00,39.74,39.77,39.72,39.72,42600,1693017.0
000034.SZ,2026-01-07 14:17:00,39.71,39.72,39.7,39.7,34100,1354135.0
000034.SZ,2026-01-07 14:18:00,39.72,39.72,39.7,39.7,23300,925198.0
000034.SZ,2026-01-07 14:19:00,39.7,39.7,39.69,39.69,46600,1849848.0
000034.SZ,2026-01-07 14:20:00,39.68,39.69,39.68,39.68,68400,2714545.0
000034.SZ,2026-01-07 14:21:00,39.68,39.69,39.66,39.67,24700,979890.0
000034.SZ,2026-01-07 14:22:00,39.67,39.67,39.66,39.67,15700,622803.0
000034.SZ,2026-01-07 14:23:00,39.66,39.67,39.65,39.66,22300,884352.0
000034.SZ,2026-01-07 14:24:00,39.66,39.7,39.65,39.7,45000,1785056.0
000034.SZ,2026-01-07 14:25:00,39.7,39.72,39.7,39.71,26400,1048131.0
000034.SZ,2026-01-07 14:26:00,39.71,39.71,39.65,39.65,21600,857303.0
000034.SZ,2026-01-07 14:27:00,39.66,39.69,39.65,39.68,48900,1939377.0
000034.SZ,2026-01-07 14:28:00,39.69,39.69,39.67,39.68,31000,1230105.0
000034.SZ,2026-01-07 14:29:00,39.67,39.68,39.66,39.66,18600,737856.0
000034.SZ,2026-01-07 14:30:00,39.67,39.67,39.63,39.63,47100,1867916.0
000034.SZ,2026-01-07 14:31:00,39.62,39.64,39.56,39.56,57100,2260487.0
000034.SZ,2026-01-07 14:32:00,39.56,39.57,39.56,39.56,25500,1008855.0
000034.SZ,2026-01-07 14:33:00,39.57,39.58,39.55,39.55,51600,2041211.0
000034.SZ,2026-01-07 14:34:00,39.55,39.55,39.52,39.55,36200,1431277.0
000034.SZ,2026-01-07 14:35:00,39.54,39.57,39.54,39.55,18200,719823.0
000034.SZ,2026-01-07 14:36:00,39.56,39.56,39.54,39.54,27500,1087545.0
000034.SZ,2026-01-07 14:37:00,39.55,39.55,39.53,39.54,34100,1348437.0
000034.SZ,2026-01-07 14:38:00,39.53,39.55,39.53,39.54,31300,1237752.0
000034.SZ,2026-01-07 14:39:00,39.54,39.6,39.54,39.6,26100,1032472.0
000034.SZ,2026-01-07 14:40:00,39.59,39.59,39.57,39.59,25200,997562.0
000034.SZ,2026-01-07 14:41:00,39.59,39.59,39.56,39.56,42200,1670028.0
000034.SZ,2026-01-07 14:42:00,39.57,39.6,39.57,39.59,32700,1294398.0
000034.SZ,2026-01-07 14:43:00,39.59,39.59,39.57,39.57,81000,3206039.0
000034.SZ,2026-01-07 14:44:00,39.58,39.59,39.54,39.56,91100,3604418.0
000034.SZ,2026-01-07 14:45:00,39.56,39.56,39.53,39.54,25200,996434.0
000034.SZ,2026-01-07 14:46:00,39.54,39.55,39.53,39.55,37900,1498647.0
000034.SZ,2026-01-07 14:47:00,39.55,39.56,39.53,39.53,52400,2072158.0
000034.SZ,2026-01-07 14:48:00,39.53,39.54,39.53,39.53,58300,2304874.0
000034.SZ,2026-01-07 14:49:00,39.53,39.54,39.53,39.54,51000,2016269.0
000034.SZ,2026-01-07 14:50:00,39.54,39.56,39.54,39.55,68000,2689185.0
000034.SZ,2026-01-07 14:51:00,39.54,39.56,39.54,39.55,64400,2547085.0
000034.SZ,2026-01-07 14:52:00,39.54,39.54,39.53,39.54,67600,2672527.0
000034.SZ,2026-01-07 14:53:00,39.54,39.54,39.53,39.54,66900,2645155.0
000034.SZ,2026-01-07 14:54:00,39.54,39.55,39.54,39.54,106069,4194739.5
000034.SZ,2026-01-07 14:55:00,39.54,39.55,39.54,39.54,109900,4346125.0
000034.SZ,2026-01-07 14:56:00,39.55,39.57,39.54,39.56,107204,4240090.0
000034.SZ,2026-01-07 14:57:00,39.56,39.57,39.55,39.57,103400,4090921.0
000034.SZ,2026-01-07 14:58:00,39.57,39.57,39.57,39.57,0,0.0
000034.SZ,2026-01-07 14:59:00,39.57,39.57,39.57,39.57,0,0.0
000034.SZ,2026-01-07 15:00:00,39.57,39.57,39.57,39.57,190600,7542042.0
000034.SZ,2026-01-08 09:30:00,39.49,39.5,39.47,39.49,169400,6689140.0
000034.SZ,2026-01-08 09:31:00,39.47,39.77,39.44,39.6,417311,16525763.0
000034.SZ,2026-01-08 09:32:00,39.57,39.72,39.56,39.68,165000,6546648.0
000034.SZ,2026-01-08 09:33:00,39.66,39.86,39.66,39.78,246130,9788186.0
000034.SZ,2026-01-08 09:34:00,39.78,39.78,39.72,39.77,171779,6829393.5
000034.SZ,2026-01-08 09:35:00,39.77,39.82,39.76,39.82,292500,11641339.0
000034.SZ,2026-01-08 09:36:00,39.87,39.93,39.86,39.87,535571,21354170.0
000034.SZ,2026-01-08 09:37:00,39.88,39.88,39.8,39.8,113900,4535760.5
000034.SZ,2026-01-08 09:38:00,39.8,39.85,39.79,39.84,114100,4541964.0
000034.SZ,2026-01-08 09:39:00,39.84,39.87,39.8,39.87,308833,12302815.0
000034.SZ,2026-01-08 09:40:00,39.86,39.9,39.83,39.9,414101,16511346.0
000034.SZ,2026-01-08 09:41:00,39.9,40.09,39.9,40.04,578700,23141552.0
000034.SZ,2026-01-08 09:42:00,40.04,40.04,39.94,40.01,435000,17399704.0
000034.SZ,2026-01-08 09:43:00,40.01,40.03,39.98,39.98,207300,8292868.0
000034.SZ,2026-01-08 09:44:00,39.98,39.98,39.9,39.9,171000,6832466.0
000034.SZ,2026-01-08 09:45:00,39.9,39.9,39.85,39.86,92000,3668119.0
000034.SZ,2026-01-08 09:46:00,39.86,39.91,39.85,39.91,76200,3039453.0
000034.SZ,2026-01-08 09:47:00,39.9,39.94,39.88,39.94,117600,4692309.0
000034.SZ,2026-01-08 09:48:00,39.94,39.95,39.9,39.9,92300,3685591.0
000034.SZ,2026-01-08 09:49:00,39.9,39.95,39.9,39.95,57900,2311733.0
000034.SZ,2026-01-08 09:50:00,39.94,39.95,39.91,39.91,66700,2663037.0
000034.SZ,2026-01-08 09:51:00,39.91,39.92,39.9,39.9,38100,1520356.0
000034.SZ,2026-01-08 09:52:00,39.9,39.91,39.86,39.91,96700,3857109.0
000034.SZ,2026-01-08 09:53:00,39.91,39.92,39.85,39.9,138000,5504900.0
000034.SZ,2026-01-08 09:54:00,39.9,39.95,39.9,39.92,162000,6468042.0
000034.SZ,2026-01-08 09:55:00,39.94,39.94,39.91,39.91,43900,1752521.0
000034.SZ,2026-01-08 09:56:00,39.92,39.92,39.9,39.91,55800,2226914.0
000034.SZ,2026-01-08 09:57:00,39.9,39.91,39.89,39.89,69400,2768848.0
000034.SZ,2026-01-08 09:58:00,39.89,39.99,39.89,39.96,222000,8869530.0
000034.SZ,2026-01-08 09:59:00,39.99,40.16,39.99,40.14,1029200,41226610.0
000034.SZ,2026-01-08 10:00:00,40.16,40.19,40.11,40.15,391800,15730059.0
000034.SZ,2026-01-08 10:01:00,40.25,40.38,40.25,40.35,636800,25659916.0
000034.SZ,2026-01-08 10:02:00,40.37,40.45,40.31,40.31,460300,18581578.0
000034.SZ,2026-01-08 10:03:00,40.3,40.32,40.24,40.24,382100,15399540.0
000034.SZ,2026-01-08 10:04:00,40.27,40.27,40.23,40.24,173700,6992222.0
000034.SZ,2026-01-08 10:05:00,40.22,40.22,40.16,40.16,95400,3834943.0
000034.SZ,2026-01-08 10:06:00,40.17,40.17,40.1,40.11,110800,4446511.0
000034.SZ,2026-01-08 10:07:00,40.11,40.11,40.05,40.06,96400,3863594.0
000034.SZ,2026-01-08 10:08:00,40.05,40.1,40.05,40.06,91600,3670966.0
000034.SZ,2026-01-08 10:09:00,40.06,40.09,40.06,40.09,63200,2532291.0
000034.SZ,2026-01-08 10:10:00,40.09,40.09,40.06,40.06,115900,4644099.0
000034.SZ,2026-01-08 10:11:00,40.06,40.06,40.02,40.02,72700,2911244.0
000034.SZ,2026-01-08 10:12:00,40.03,40.03,39.98,39.99,170100,6804856.0
000034.SZ,2026-01-08 10:13:00,39.98,40.01,39.98,40.0,69100,2763879.0
000034.SZ,2026-01-08 10:14:00,40.01,40.04,40.0,40.0,56500,2260555.0
000034.SZ,2026-01-08 10:15:00,40.01,40.01,40.0,40.0,70400,2816492.0
000034.SZ,2026-01-08 10:16:00,40.0,40.04,40.0,40.03,45275,1812055.8
000034.SZ,2026-01-08 10:17:00,40.03,40.14,40.03,40.14,168000,6736616.0
000034.SZ,2026-01-08 10:18:00,40.14,40.14,40.08,40.09,39300,1576461.0
000034.SZ,2026-01-08 10:19:00,40.09,40.1,40.08,40.09,24100,966161.0
000034.SZ,2026-01-08 10:20:00,40.08,40.1,40.07,40.08,25800,1034163.0
000034.SZ,2026-01-08 10:21:00,40.07,40.08,40.07,40.08,36000,1442726.0
000034.SZ,2026-01-08 10:22:00,40.08,40.09,40.04,40.04,40300,1614701.0
000034.SZ,2026-01-08 10:23:00,40.03,40.06,40.03,40.03,29900,1197272.0
000034.SZ,2026-01-08 10:24:00,40.0,40.0,39.96,39.96,168600,6740739.0
000034.SZ,2026-01-08 10:25:00,39.93,40.04,39.93,40.0,349800,13990700.0
000034.SZ,2026-01-08 10:26:00,40.01,40.06,39.99,40.03,111200,4450813.0
000034.SZ,2026-01-08 10:27:00,40.03,40.05,40.02,40.05,149500,5985624.0
000034.SZ,2026-01-08 10:28:00,40.05,40.16,40.05,40.16,274698,11012770.0
000034.SZ,2026-01-08 10:29:00,40.13,40.18,40.13,40.17,96400,3872105.0
000034.SZ,2026-01-08 10:30:00,40.17,40.17,40.12,40.16,95200,3823476.0
000034.SZ,2026-01-08 10:31:00,40.14,40.17,40.1,40.12,108500,4354653.0
000034.SZ,2026-01-08 10:32:00,40.13,40.24,40.13,40.24,228200,9171494.0
000034.SZ,2026-01-08 10:33:00,40.24,40.29,40.24,40.28,205400,8272060.0
000034.SZ,2026-01-08 10:34:00,40.28,40.35,40.28,40.33,357300,14404053.0
000034.SZ,2026-01-08 10:35:00,40.3,40.35,40.3,40.34,294200,11866226.0
000034.SZ,2026-01-08 10:36:00,40.37,40.37,40.3,40.32,249700,10071617.0
000034.SZ,2026-01-08 10:37:00,40.32,40.37,40.31,40.36,286500,11557772.0
000034.SZ,2026-01-08 10:38:00,40.36,40.4,40.36,40.38,602400,24326676.0
000034.SZ,2026-01-08 10:39:00,40.37,40.39,40.35,40.39,144300,5826358.0
000034.SZ,2026-01-08 10:40:00,40.39,40.44,40.38,40.43,601400,24307388.0
000034.SZ,2026-01-08 10:41:00,40.42,40.49,40.41,40.47,717600,29026384.0
000034.SZ,2026-01-08 10:42:00,40.45,40.77,40.4,40.65,1254017,50880650.0
000034.SZ,2026-01-08 10:43:00,40.71,40.72,40.59,40.59,621600,25305792.0
000034.SZ,2026-01-08 10:44:00,40.57,40.58,40.52,40.58,182400,7394456.0
000034.SZ,2026-01-08 10:45:00,40.55,40.58,40.55,40.56,192700,7816454.0
000034.SZ,2026-01-08 10:46:00,40.55,40.55,40.53,40.54,103900,4212152.0
000034.SZ,2026-01-08 10:47:00,40.54,40.75,40.54,40.74,401200,16306635.0
000034.SZ,2026-01-08 10:48:00,40.72,40.85,40.72,40.82,622300,25370934.0
000034.SZ,2026-01-08 10:49:00,40.87,40.88,40.8,40.8,378400,15454213.0
000034.SZ,2026-01-08 10:50:00,40.8,40.81,40.78,40.78,226965,9259649.0
000034.SZ,2026-01-08 10:51:00,40.78,40.83,40.76,40.83,270700,11041947.0
000034.SZ,2026-01-08 10:52:00,40.84,40.88,40.81,40.87,310400,12679031.0
000034.SZ,2026-01-08 10:53:00,40.87,40.87,40.83,40.83,172300,7038897.0
000034.SZ,2026-01-08 10:54:00,40.83,40.83,40.79,40.8,163300,6664025.0
000034.SZ,2026-01-08 10:55:00,40.78,40.78,40.75,40.75,121900,4970400.0
000034.SZ,2026-01-08 10:56:00,40.73,40.73,40.7,40.72,174500,7105388.0
000034.SZ,2026-01-08 10:57:00,40.72,40.72,40.63,40.65,166500,6773599.0
000034.SZ,2026-01-08 10:58:00,40.66,40.72,40.66,40.7,144300,5871315.0
000034.SZ,2026-01-08 10:59:00,40.71,40.85,40.71,40.85,240699,9820023.0
000034.SZ,2026-01-08 11:00:00,40.87,40.87,40.79,40.79,169901,6939007.0
000034.SZ,2026-01-08 11:01:00,40.8,40.84,40.78,40.78,166500,6797357.0
000034.SZ,2026-01-08 11:02:00,40.78,40.78,40.68,40.68,116700,4751056.0
000034.SZ,2026-01-08 11:03:00,40.68,40.69,40.67,40.67,84100,3421037.8
000034.SZ,2026-01-08 11:04:00,40.67,40.7,40.67,40.69,46300,1883635.0
000034.SZ,2026-01-08 11:05:00,40.69,40.72,40.63,40.63,96600,3929065.5
000034.SZ,2026-01-08 11:06:00,40.62,40.67,40.62,40.65,94900,3856175.0
000034.SZ,2026-01-08 11:07:00,40.63,40.64,40.61,40.63,137100,5568598.0
000034.SZ,2026-01-08 11:08:00,40.66,40.69,40.64,40.67,43000,1748468.0
000034.SZ,2026-01-08 11:09:00,40.67,40.74,40.67,40.74,68431,2785504.8
000034.SZ,2026-01-08 11:10:00,40.75,40.79,40.73,40.79,83900,3419781.0
000034.SZ,2026-01-08 11:11:00,40.77,40.85,40.77,40.84,175000,7144159.0
000034.SZ,2026-01-08 11:12:00,40.84,40.85,40.83,40.83,273700,11178343.0
000034.SZ,2026-01-08 11:13:00,40.84,40.85,40.83,40.84,92700,3786102.0
000034.SZ,2026-01-08 11:14:00,40.84,40.84,40.78,40.79,120500,4918259.0
000034.SZ,2026-01-08 11:15:00,40.78,40.8,40.73,40.73,56100,2287746.0
000034.SZ,2026-01-08 11:16:00,40.73,40.73,40.63,40.63,157600,6403784.0
000034.SZ,2026-01-08 11:17:00,40.65,40.68,40.62,40.62,72300,2938989.0
000034.SZ,2026-01-08 11:18:00,40.62,40.67,40.61,40.67,77300,3140183.0
000034.SZ,2026-01-08 11:19:00,40.67,40.73,40.67,40.73,39400,1603641.0
000034.SZ,2026-01-08 11:20:00,40.72,40.73,40.71,40.71,34600,1408956.0
000034.SZ,2026-01-08 11:21:00,40.71,40.72,40.68,40.69,35300,1436548.0
000034.SZ,2026-01-08 11:22:00,40.7,40.73,40.69,40.72,42998,1750541.6
000034.SZ,2026-01-08 11:23:00,40.73,40.75,40.71,40.72,32900,1339885.0
000034.SZ,2026-01-08 11:24:00,40.72,40.72,40.71,40.71,21702,883607.44
000034.SZ,2026-01-08 11:25:00,40.72,40.72,40.67,40.67,53100,2161193.0
000034.SZ,2026-01-08 11:26:00,40.67,40.71,40.67,40.7,41900,1705148.0
000034.SZ,2026-01-08 11:27:00,40.69,40.7,40.67,40.67,25700,1045592.0
000034.SZ,2026-01-08 11:28:00,40.67,40.67,40.61,40.61,46400,1885276.0
000034.SZ,2026-01-08 11:29:00,40.61,40.64,40.6,40.62,104700,4252998.0
000034.SZ,2026-01-08 11:30:00,40.6,40.61,40.53,40.58,98100,3981440.0
000034.SZ,2026-01-08 13:01:00,40.54,40.56,40.47,40.47,303600,12298596.0
000034.SZ,2026-01-08 13:02:00,40.48,40.48,40.46,40.48,43500,1760343.0
000034.SZ,2026-01-08 13:03:00,40.47,40.49,40.46,40.49,50700,2052187.0
000034.SZ,2026-01-08 13:04:00,40.48,40.5,40.46,40.5,78200,3165727.0
000034.SZ,2026-01-08 13:05:00,40.5,40.5,40.48,40.48,40800,1652048.0
000034.SZ,2026-01-08 13:06:00,40.48,40.51,40.48,40.5,72200,2923291.0
000034.SZ,2026-01-08 13:07:00,40.5,40.51,40.48,40.48,125900,5097326.0
000034.SZ,2026-01-08 13:08:00,40.48,40.49,40.48,40.49,61200,2477599.0
000034.SZ,2026-01-08 13:09:00,40.49,40.55,40.49,40.52,70400,2851766.0
000034.SZ,2026-01-08 13:10:00,40.52,40.52,40.5,40.51,30900,1251654.0
000034.SZ,2026-01-08 13:11:00,40.51,40.53,40.51,40.52,38397,1555698.5
000034.SZ,2026-01-08 13:12:00,40.52,40.56,40.51,40.51,64400,2609752.0
000034.SZ,2026-01-08 13:13:00,40.5,40.51,40.47,40.48,169903,6880035.5
000034.SZ,2026-01-08 13:14:00,40.48,40.5,40.48,40.5,25500,1032468.0
000034.SZ,2026-01-08 13:15:00,40.49,40.57,40.49,40.57,69497,2817046.5
000034.SZ,2026-01-08 13:16:00,40.57,40.58,40.56,40.58,27600,1119817.0
000034.SZ,2026-01-08 13:17:00,40.56,40.57,40.54,40.56,53400,2166986.0
000034.SZ,2026-01-08 13:18:00,40.57,40.61,40.53,40.54,153800,6240710.0
000034.SZ,2026-01-08 13:19:00,40.54,40.55,40.52,40.54,16200,656750.0
000034.SZ,2026-01-08 13:20:00,40.54,40.6,40.54,40.6,60000,2434597.0
000034.SZ,2026-01-08 13:21:00,40.6,40.6,40.59,40.6,85400,3466855.0
000034.SZ,2026-01-08 13:22:00,40.59,40.6,40.59,40.6,28300,1148791.0
000034.SZ,2026-01-08 13:23:00,40.59,40.62,40.55,40.55,42800,1737360.0
000034.SZ,2026-01-08 13:24:00,40.55,40.58,40.53,40.53,38900,1577554.0
000034.SZ,2026-01-08 13:25:00,40.55,40.55,40.5,40.51,31800,1288274.0
000034.SZ,2026-01-08 13:26:00,40.5,40.55,40.5,40.54,23400,948033.0
000034.SZ,2026-01-08 13:27:00,40.55,40.55,40.54,40.54,20200,819114.0
000034.SZ,2026-01-08 13:28:00,40.54,40.54,40.52,40.53,33500,1357717.0
000034.SZ,2026-01-08 13:29:00,40.53,40.53,40.46,40.46,125800,5093725.0
000034.SZ,2026-01-08 13:30:00,40.46,40.48,40.46,40.47,35800,1449107.0
000034.SZ,2026-01-08 13:31:00,40.48,40.48,40.41,40.43,200700,8116622.0
000034.SZ,2026-01-08 13:32:00,40.42,40.45,40.41,40.41,60800,2458026.0
000034.SZ,2026-01-08 13:33:00,40.39,40.39,40.34,40.35,212000,8560510.0
000034.SZ,2026-01-08 13:34:00,40.35,40.35,40.33,40.34,139404,5623270.5
000034.SZ,2026-01-08 13:35:00,40.35,40.36,40.33,40.36,69800,2815722.0
000034.SZ,2026-01-08 13:36:00,40.36,40.4,40.36,40.38,55200,2229247.0
000034.SZ,2026-01-08 13:37:00,40.38,40.39,40.36,40.36,44300,1788494.0
000034.SZ,2026-01-08 13:38:00,40.36,40.41,40.36,40.4,70100,2831204.0
000034.SZ,2026-01-08 13:39:00,40.4,40.41,40.39,40.4,36700,1482633.0
000034.SZ,2026-01-08 13:40:00,40.41,40.42,40.4,40.42,19200,775912.0
000034.SZ,2026-01-08 13:41:00,40.43,40.44,40.42,40.43,20400,824741.0
000034.SZ,2026-01-08 13:42:00,40.44,40.45,40.43,40.45,30000,1213183.0
000034.SZ,2026-01-08 13:43:00,40.45,40.47,40.45,40.46,54200,2192662.0
000034.SZ,2026-01-08 13:44:00,40.46,40.47,40.45,40.46,17400,704001.0
000034.SZ,2026-01-08 13:45:00,40.45,40.45,40.42,40.42,81400,3291515.0
000034.SZ,2026-01-08 13:46:00,40.42,40.42,40.38,40.38,80700,3259655.0
000034.SZ,2026-01-08 13:47:00,40.39,40.39,40.36,40.38,96300,3887732.0
000034.SZ,2026-01-08 13:48:00,40.37,40.38,40.36,40.38,27500,1110157.0
000034.SZ,2026-01-08 13:49:00,40.38,40.39,40.37,40.38,16500,666262.0
000034.SZ,2026-01-08 13:50:00,40.38,40.39,40.38,40.39,23000,928843.0
000034.SZ,2026-01-08 13:51:00,40.38,40.39,40.37,40.37,35300,1425496.0
000034.SZ,2026-01-08 13:52:00,40.37,40.38,40.33,40.33,141700,5716691.0
000034.SZ,2026-01-08 13:53:00,40.34,40.34,40.31,40.31,72196,2911265.8
000034.SZ,2026-01-08 13:54:00,40.31,40.32,40.3,40.32,78900,3180257.0
000034.SZ,2026-01-08 13:55:00,40.32,40.35,40.31,40.35,39204,1581202.4
000034.SZ,2026-01-08 13:56:00,40.35,40.41,40.34,40.41,55100,2224792.0
000034.SZ,2026-01-08 13:57:00,40.4,40.42,40.4,40.42,36969,1493917.6
000034.SZ,2026-01-08 13:58:00,40.42,40.48,40.42,40.47,52200,2112352.0
000034.SZ,2026-01-08 13:59:00,40.46,40.47,40.44,40.44,23300,942448.0
000034.SZ,2026-01-08 14:00:00,40.45,40.46,40.45,40.46,18500,748453.0
000034.SZ,2026-01-08 14:01:00,40.46,40.46,40.44,40.46,22700,918258.0
000034.SZ,2026-01-08 14:02:00,40.45,40.45,40.43,40.43,26400,1067697.0
000034.SZ,2026-01-08 14:03:00,40.43,40.45,40.42,40.42,25700,1038994.0
000034.SZ,2026-01-08 14:04:00,40.42,40.43,40.39,40.39,28331,1144725.4
000034.SZ,2026-01-08 14:05:00,40.39,40.39,40.38,40.38,19000,767275.0
000034.SZ,2026-01-08 14:06:00,40.37,40.38,40.32,40.34,64700,2610943.0
000034.SZ,2026-01-08 14:07:00,40.34,40.36,40.32,40.32,35000,1411657.0
000034.SZ,2026-01-08 14:08:00,40.32,40.33,40.31,40.32,79800,3217457.0
000034.SZ,2026-01-08 14:09:00,40.32,40.32,40.28,40.28,97800,3941543.0
000034.SZ,2026-01-08 14:10:00,40.26,40.26,40.21,40.21,106400,4282783.0
000034.SZ,2026-01-08 14:11:00,40.21,40.21,40.14,40.15,103500,4159368.0
000034.SZ,2026-01-08 14:12:00,40.16,40.19,40.15,40.17,82700,3322403.0
000034.SZ,2026-01-08 14:13:00,40.16,40.16,40.14,40.14,139100,5585291.0
000034.SZ,2026-01-08 14:14:00,40.13,40.15,40.13,40.15,94900,3808510.0
000034.SZ,2026-01-08 14:15:00,40.13,40.15,40.1,40.1,95200,3819630.0
000034.SZ,2026-01-08 14:16:00,40.1,40.18,40.1,40.18,120223,4823286.5
000034.SZ,2026-01-08 14:17:00,40.17,40.24,40.17,40.21,95900,3856231.0
000034.SZ,2026-01-08 14:18:00,40.19,40.19,40.12,40.12,56608,2272732.0
000034.SZ,2026-01-08 14:19:00,40.11,40.16,40.11,40.16,113992,4573973.0
000034.SZ,2026-01-08 14:20:00,40.18,40.18,40.16,40.17,29400,1181112.0
000034.SZ,2026-01-08 14:21:00,40.17,40.17,40.15,40.15,49300,1979804.0
000034.SZ,2026-01-08 14:22:00,40.14,40.19,40.14,40.19,65500,2630817.0
000034.SZ,2026-01-08 14:23:00,40.18,40.2,40.18,40.2,45000,1808610.0
000034.SZ,2026-01-08 14:24:00,40.2,40.23,40.2,40.23,39200,1576468.0
000034.SZ,2026-01-08 14:25:00,40.23,40.25,40.22,40.22,27400,1102511.0
000034.SZ,2026-01-08 14:26:00,40.21,40.22,40.2,40.21,103900,4177836.0
000034.SZ,2026-01-08 14:27:00,40.21,40.23,40.21,40.22,20100,808378.0
000034.SZ,2026-01-08 14:28:00,40.2,40.21,40.19,40.19,26000,1045157.0
000034.SZ,2026-01-08 14:29:00,40.19,40.23,40.19,40.22,28100,1129772.0
000034.SZ,2026-01-08 14:30:00,40.23,40.3,40.22,40.28,55100,2218383.0
000034.SZ,2026-01-08 14:31:00,40.28,40.31,40.28,40.3,52800,2127556.0
000034.SZ,2026-01-08 14:32:00,40.31,40.31,40.29,40.29,58000,2337675.0
000034.SZ,2026-01-08 14:33:00,40.31,40.31,40.3,40.31,17900,721501.0
000034.SZ,2026-01-08 14:34:00,40.31,40.31,40.29,40.29,29100,1172733.0
000034.SZ,2026-01-08 14:35:00,40.29,40.32,40.29,40.29,47500,1914607.0
000034.SZ,2026-01-08 14:36:00,40.29,40.31,40.29,40.3,44300,1785294.0
000034.SZ,2026-01-08 14:37:00,40.3,40.32,40.3,40.32,50800,2047823.0
000034.SZ,2026-01-08 14:38:00,40.3,40.31,40.3,40.3,44200,1781392.0
000034.SZ,2026-01-08 14:39:00,40.31,40.31,40.27,40.27,77800,3134601.0
000034.SZ,2026-01-08 14:40:00,40.27,40.27,40.24,40.24,51200,2061273.0
000034.SZ,2026-01-08 14:41:00,40.24,40.24,40.2,40.23,89200,3587614.0
000034.SZ,2026-01-08 14:42:00,40.23,40.3,40.23,40.29,58500,2355757.0
000034.SZ,2026-01-08 14:43:00,40.3,40.3,40.28,40.29,35400,1426366.0
000034.SZ,2026-01-08 14:44:00,40.3,40.3,40.28,40.3,35500,1430359.0
000034.SZ,2026-01-08 14:45:00,40.3,40.3,40.28,40.28,53200,2143552.0
000034.SZ,2026-01-08 14:46:00,40.29,40.29,40.27,40.29,55800,2247677.0
000034.SZ,2026-01-08 14:47:00,40.28,40.29,40.26,40.26,90400,3640876.0
000034.SZ,2026-01-08 14:48:00,40.25,40.27,40.24,40.25,78300,3151859.0
000034.SZ,2026-01-08 14:49:00,40.25,40.25,40.24,40.24,61300,2466942.0
000034.SZ,2026-01-08 14:50:00,40.25,40.26,40.24,40.24,100000,4024546.0
000034.SZ,2026-01-08 14:51:00,40.24,40.25,40.23,40.25,90500,3641818.0
000034.SZ,2026-01-08 14:52:00,40.24,40.25,40.24,40.24,87100,3505335.0
000034.SZ,2026-01-08 14:53:00,40.24,40.26,40.24,40.25,111800,4500183.0
000034.SZ,2026-01-08 14:54:00,40.25,40.25,40.23,40.23,133400,5367721.0
000034.SZ,2026-01-08 14:55:00,40.23,40.24,40.21,40.23,143800,5784630.0
000034.SZ,2026-01-08 14:56:00,40.23,40.24,40.22,40.23,158500,6376170.0
000034.SZ,2026-01-08 14:57:00,40.23,40.23,40.22,40.23,121500,4887290.0
000034.SZ,2026-01-08 14:58:00,40.23,40.23,40.23,40.23,0,0.0
000034.SZ,2026-01-08 14:59:00,40.23,40.23,40.23,40.23,0,0.0
000034.SZ,2026-01-08 15:00:00,40.23,40.23,40.23,40.23,167000,6718410.0
000034.SZ,2026-01-09 09:30:00,40.05,40.05,40.03,40.04,91300,3656469.0
000034.SZ,2026-01-09 09:31:00,40.0,40.25,39.93,40.23,369000,14780198.0
000034.SZ,2026-01-09 09:32:00,40.23,40.39,40.23,40.36,177300,7145210.0
000034.SZ,2026-01-09 09:33:00,40.36,40.62,40.24,40.51,354500,14333437.0
000034.SZ,2026-01-09 09:34:00,40.49,40.51,40.29,40.34,209700,8469004.0
000034.SZ,2026-01-09 09:35:00,40.32,40.43,40.32,40.43,119300,4819035.0
000034.SZ,2026-01-09 09:36:00,40.41,40.43,40.3,40.35,129700,5236532.0
000034.SZ,2026-01-09 09:37:00,40.34,40.34,40.25,40.29,199700,8046989.0
000034.SZ,2026-01-09 09:38:00,40.3,40.3,40.25,40.27,72000,2899191.0
000034.SZ,2026-01-09 09:39:00,40.27,40.27,40.19,40.19,103198,4149555.8
000034.SZ,2026-01-09 09:40:00,40.25,40.27,40.21,40.26,133300,5366187.0
000034.SZ,2026-01-09 09:41:00,40.26,40.35,40.24,40.28,147900,5959099.0
000034.SZ,2026-01-09 09:42:00,40.28,40.35,40.28,40.32,124900,5034327.0
000034.SZ,2026-01-09 09:43:00,40.3,40.3,40.21,40.23,249000,10019105.0
000034.SZ,2026-01-09 09:44:00,40.22,40.23,40.12,40.14,114900,4614034.0
000034.SZ,2026-01-09 09:45:00,40.17,40.18,40.14,40.15,222200,8923508.0
000034.SZ,2026-01-09 09:46:00,40.17,40.32,40.17,40.32,136500,5488485.0
000034.SZ,2026-01-09 09:47:00,40.32,40.37,40.32,40.35,129600,5229268.0
000034.SZ,2026-01-09 09:48:00,40.34,40.35,40.28,40.29,59200,2387097.0
000034.SZ,2026-01-09 09:49:00,40.28,40.38,40.28,40.38,113300,4568455.0
000034.SZ,2026-01-09 09:50:00,40.38,40.4,40.37,40.39,126700,5117694.0
000034.SZ,2026-01-09 09:51:00,40.38,40.4,40.37,40.4,131300,5301528.0
000034.SZ,2026-01-09 09:52:00,40.38,40.45,40.38,40.45,139900,5651978.0
000034.SZ,2026-01-09 09:53:00,40.45,40.45,40.4,40.45,180100,7279197.0
000034.SZ,2026-01-09 09:54:00,40.44,40.49,40.44,40.48,90100,3645317.0
000034.SZ,2026-01-09 09:55:00,40.48,40.55,40.48,40.55,142700,5780597.0
000034.SZ,2026-01-09 09:56:00,40.55,40.55,40.52,40.54,283000,11467506.0
000034.SZ,2026-01-09 09:57:00,40.58,40.66,40.58,40.64,319000,12952886.0
000034.SZ,2026-01-09 09:58:00,40.64,40.65,40.54,40.58,240300,9762425.0
000034.SZ,2026-01-09 09:59:00,40.58,40.61,40.57,40.57,117600,4772936.0
000034.SZ,2026-01-09 10:00:00,40.57,40.57,40.51,40.51,43900,1779231.0
000034.SZ,2026-01-09 10:01:00,40.51,40.56,40.51,40.56,99400,4029299.0
000034.SZ,2026-01-09 10:02:00,40.56,40.6,40.56,40.6,187500,7606222.0
000034.SZ,2026-01-09 10:03:00,40.58,40.72,40.58,40.71,569700,23152256.0
000034.SZ,2026-01-09 10:04:00,40.74,40.8,40.74,40.8,225600,9197811.0
000034.SZ,2026-01-09 10:05:00,40.79,40.79,40.67,40.68,104700,4265012.0
000034.SZ,2026-01-09 10:06:00,40.68,40.73,40.68,40.72,71700,2918442.0
000034.SZ,2026-01-09 10:07:00,40.72,40.72,40.66,40.66,89700,3650076.0
000034.SZ,2026-01-09 10:08:00,40.67,40.75,40.65,40.69,179700,7311684.0
000034.SZ,2026-01-09 10:09:00,40.66,40.7,40.66,40.69,95400,3880658.0
000034.SZ,2026-01-09 10:10:00,40.69,40.69,40.63,40.64,77000,3129939.0
000034.SZ,2026-01-09 10:11:00,40.63,40.64,40.59,40.59,86800,3525231.0
000034.SZ,2026-01-09 10:12:00,40.59,40.59,40.54,40.55,118900,4822673.0
000034.SZ,2026-01-09 10:13:00,40.56,40.56,40.51,40.56,135600,5496495.0
000034.SZ,2026-01-09 10:14:00,40.56,40.56,40.53,40.55,57900,2347587.0
000034.SZ,2026-01-09 10:15:00,40.55,40.55,40.48,40.49,123500,5003838.0
000034.SZ,2026-01-09 10:16:00,40.47,40.53,40.42,40.53,609500,24664966.0
000034.SZ,2026-01-09 10:17:00,40.52,40.58,40.52,40.58,82200,3333314.0
000034.SZ,2026-01-09 10:18:00,40.58,40.59,40.58,40.59,66700,2707120.0
000034.SZ,2026-01-09 10:19:00,40.59,40.59,40.58,40.58,223000,9051022.0
000034.SZ,2026-01-09 10:20:00,40.59,40.59,40.56,40.57,73700,2990486.0
000034.SZ,2026-01-09 10:21:00,40.56,40.56,40.5,40.5,38700,1568776.0
000034.SZ,2026-01-09 10:22:00,40.5,40.53,40.49,40.52,57200,2316765.0
000034.SZ,2026-01-09 10:23:00,40.51,40.55,40.51,40.51,45800,1856235.0
000034.SZ,2026-01-09 10:24:00,40.51,40.53,40.47,40.53,84100,3405298.0
000034.SZ,2026-01-09 10:25:00,40.5,40.51,40.49,40.5,32100,1300026.0
000034.SZ,2026-01-09 10:26:00,40.51,40.51,40.47,40.47,110500,4473970.0
000034.SZ,2026-01-09 10:27:00,40.48,40.5,40.46,40.48,79500,3218376.0
000034.SZ,2026-01-09 10:28:00,40.48,40.55,40.48,40.55,79200,3207904.0
000034.SZ,2026-01-09 10:29:00,40.56,40.7,40.56,40.7,580000,23552440.0
000034.SZ,2026-01-09 10:30:00,40.66,40.69,40.6,40.6,158300,6431407.0
000034.SZ,2026-01-09 10:31:00,40.65,40.67,40.6,40.65,121800,4949865.0
000034.SZ,2026-01-09 10:32:00,40.65,40.65,40.62,40.62,69700,2832407.0
000034.SZ,2026-01-09 10:33:00,40.63,40.63,40.57,40.59,55600,2256937.0
000034.SZ,2026-01-09 10:34:00,40.59,40.64,40.59,40.63,63853,2593578.8
000034.SZ,2026-01-09 10:35:00,40.62,40.63,40.59,40.6,86047,3494309.8
000034.SZ,2026-01-09 10:36:00,40.6,40.66,40.6,40.66,97422,3957581.0
000034.SZ,2026-01-09 10:37:00,40.66,40.68,40.65,40.68,78200,3179967.0
000034.SZ,2026-01-09 10:38:00,40.67,40.69,40.67,40.67,49100,1997502.0
000034.SZ,2026-01-09 10:39:00,40.67,40.69,40.65,40.68,123300,5015038.0
000034.SZ,2026-01-09 10:40:00,40.68,40.68,40.64,40.64,48700,1980347.0
000034.SZ,2026-01-09 10:41:00,40.63,40.74,40.63,40.74,169700,6904664.0
000034.SZ,2026-01-09 10:42:00,40.74,40.74,40.7,40.73,104100,4237901.0
000034.SZ,2026-01-09 10:43:00,40.74,40.75,40.72,40.73,122200,4978738.0
000034.SZ,2026-01-09 10:44:00,40.73,40.74,40.71,40.72,44900,1828536.0
000034.SZ,2026-01-09 10:45:00,40.71,40.71,40.69,40.69,46000,1872069.0
000034.SZ,2026-01-09 10:46:00,40.7,40.7,40.68,40.68,34800,1416176.0
000034.SZ,2026-01-09 10:47:00,40.68,40.72,40.68,40.72,83387,3393967.0
000034.SZ,2026-01-09 10:48:00,40.71,40.73,40.71,40.73,65900,2683591.0
000034.SZ,2026-01-09 10:49:00,40.72,40.72,40.7,40.7,47500,1933519.1
000034.SZ,2026-01-09 10:50:00,40.69,40.7,40.67,40.67,81213,3304363.0
000034.SZ,2026-01-09 10:51:00,40.69,40.73,40.67,40.73,159900,6507448.5
000034.SZ,2026-01-09 10:52:00,40.72,40.73,40.7,40.7,51100,2080556.0
000034.SZ,2026-01-09 10:53:00,40.68,40.7,40.68,40.69,52100,2119772.0
000034.SZ,2026-01-09 10:54:00,40.68,40.73,40.65,40.65,110900,4513316.0
000034.SZ,2026-01-09 10:55:00,40.63,40.63,40.56,40.56,117847,4784372.5
000034.SZ,2026-01-09 10:56:00,40.54,40.58,40.54,40.56,170903,6931213.5
000034.SZ,2026-01-09 10:57:00,40.57,40.6,40.56,40.6,83100,3372138.5
000034.SZ,2026-01-09 10:58:00,40.61,40.61,40.56,40.6,58000,2353935.0
000034.SZ,2026-01-09 10:59:00,40.6,40.64,40.6,40.62,49900,2026606.0
000034.SZ,2026-01-09 11:00:00,40.63,40.67,40.63,40.65,51100,2077500.0
000034.SZ,2026-01-09 11:01:00,40.66,40.67,40.6,40.6,91900,3734826.0
000034.SZ,2026-01-09 11:02:00,40.61,40.62,40.54,40.55,80400,3263841.0
000034.SZ,2026-01-09 11:03:00,40.54,40.55,40.45,40.45,183797,7443888.5
000034.SZ,2026-01-09 11:04:00,40.46,40.46,40.38,40.38,174700,7062360.0
000034.SZ,2026-01-09 11:05:00,40.38,40.47,40.37,40.46,154300,6235847.0
000034.SZ,2026-01-09 11:06:00,40.46,40.46,40.42,40.42,64200,2596731.0
000034.SZ,2026-01-09 11:07:00,40.42,40.46,40.41,40.46,58500,2365138.0
000034.SZ,2026-01-09 11:08:00,40.44,40.44,40.38,40.41,120100,4852532.0
000034.SZ,2026-01-09 11:09:00,40.38,40.55,40.38,40.5,155800,6301047.0
000034.SZ,2026-01-09 11:10:00,40.56,40.56,40.45,40.45,54600,2211962.0
000034.SZ,2026-01-09 11:11:00,40.45,40.6,40.43,40.6,157500,6374579.0
000034.SZ,2026-01-09 11:12:00,40.62,40.68,40.61,40.68,136600,5553991.0
000034.SZ,2026-01-09 11:13:00,40.68,40.74,40.64,40.71,151900,6180504.0
000034.SZ,2026-01-09 11:14:00,40.73,40.74,40.7,40.71,123500,5029564.0
000034.SZ,2026-01-09 11:15:00,40.72,40.72,40.69,40.7,97300,3960953.0
000034.SZ,2026-01-09 11:16:00,40.7,40.71,40.69,40.7,115800,4712432.0
000034.SZ,2026-01-09 11:17:00,40.69,40.7,40.68,40.7,103600,4215898.0
000034.SZ,2026-01-09 11:18:00,40.7,40.72,40.66,40.66,78800,3207111.0
000034.SZ,2026-01-09 11:19:00,40.67,40.68,40.61,40.61,72100,2931165.0
000034.SZ,2026-01-09 11:20:00,40.61,40.63,40.56,40.56,63600,2582051.0
000034.SZ,2026-01-09 11:21:00,40.56,40.69,40.56,40.65,69500,2823193.0
000034.SZ,2026-01-09 11:22:00,40.7,40.7,40.65,40.66,65300,2655703.8
000034.SZ,2026-01-09 11:23:00,40.6,40.6,40.51,40.55,64300,2607335.0
000034.SZ,2026-01-09 11:24:00,40.55,40.56,40.43,40.44,97300,3942183.0
000034.SZ,2026-01-09 11:25:00,40.43,40.45,40.42,40.45,40500,1637197.0
000034.SZ,2026-01-09 11:26:00,40.45,40.5,40.44,40.48,86700,3508859.0
000034.SZ,2026-01-09 11:27:00,40.46,40.46,40.36,40.41,141700,5723598.0
000034.SZ,2026-01-09 11:28:00,40.37,40.45,40.37,40.39,61500,2484396.0
000034.SZ,2026-01-09 11:29:00,40.39,40.41,40.39,40.4,60000,2423571.0
000034.SZ,2026-01-09 11:30:00,40.4,40.41,40.36,40.36,130100,5253447.0
000034.SZ,2026-01-09 13:01:00,40.36,40.43,40.35,40.41,135200,5458352.0
000034.SZ,2026-01-09 13:02:00,40.4,40.41,40.39,40.41,87800,3548015.0
000034.SZ,2026-01-09 13:03:00,40.41,40.48,40.41,40.48,28100,1136278.0
000034.SZ,2026-01-09 13:04:00,40.44,40.45,40.35,40.38,106200,4291116.0
000034.SZ,2026-01-09 13:05:00,40.37,40.43,40.37,40.4,45700,1845785.0
000034.SZ,2026-01-09 13:06:00,40.38,40.45,40.38,40.45,28000,1131280.0
000034.SZ,2026-01-09 13:07:00,40.44,40.45,40.38,40.45,50300,2033449.0
000034.SZ,2026-01-09 13:08:00,40.42,40.43,40.42,40.43,39100,1580739.0
000034.SZ,2026-01-09 13:09:00,40.44,40.48,40.44,40.47,18200,736386.0
000034.SZ,2026-01-09 13:10:00,40.48,40.5,40.47,40.5,57700,2335502.0
000034.SZ,2026-01-09 13:11:00,40.5,40.51,40.49,40.49,69400,2810526.0
000034.SZ,2026-01-09 13:12:00,40.51,40.51,40.49,40.5,23600,955792.0
000034.SZ,2026-01-09 13:13:00,40.49,40.49,40.47,40.48,33900,1372290.0
000034.SZ,2026-01-09 13:14:00,40.48,40.49,40.45,40.45,36300,1468988.0
000034.SZ,2026-01-09 13:15:00,40.47,40.48,40.45,40.47,21697,877928.56
000034.SZ,2026-01-09 13:16:00,40.47,40.48,40.45,40.45,19103,772828.44
000034.SZ,2026-01-09 13:17:00,40.45,40.47,40.42,40.42,83000,3357361.0
000034.SZ,2026-01-09 13:18:00,40.42,40.45,40.42,40.45,34200,1382781.0
000034.SZ,2026-01-09 13:19:00,40.44,40.5,40.44,40.5,58697,2375389.5
000034.SZ,2026-01-09 13:20:00,40.5,40.58,40.49,40.57,54000,2188841.0
000034.SZ,2026-01-09 13:21:00,40.55,40.57,40.5,40.52,67800,2748463.0
000034.SZ,2026-01-09 13:22:00,40.53,40.53,40.5,40.51,42900,1738043.0
000034.SZ,2026-01-09 13:23:00,40.51,40.53,40.51,40.53,26800,1085866.0
000034.SZ,2026-01-09 13:24:00,40.52,40.55,40.48,40.5,108000,4374813.0
000034.SZ,2026-01-09 13:25:00,40.47,40.47,40.4,40.45,113903,4605129.5
000034.SZ,2026-01-09 13:26:00,40.45,40.47,40.41,40.46,62100,2509678.0
000034.SZ,2026-01-09 13:27:00,40.46,40.46,40.44,40.44,21700,877730.0
000034.SZ,2026-01-09 13:28:00,40.44,40.5,40.43,40.48,28900,1169431.0
000034.SZ,2026-01-09 13:29:00,40.49,40.55,40.48,40.55,46400,1879165.0
000034.SZ,2026-01-09 13:30:00,40.54,40.54,40.52,40.52,24500,993099.0
000034.SZ,2026-01-09 13:31:00,40.52,40.53,40.5,40.53,35100,1422114.0
000034.SZ,2026-01-09 13:32:00,40.53,40.55,40.49,40.54,74600,3023492.0
000034.SZ,2026-01-09 13:33:00,40.51,40.52,40.49,40.5,29300,1186893.0
000034.SZ,2026-01-09 13:34:00,40.5,40.52,40.48,40.49,17500,708710.0
000034.SZ,2026-01-09 13:35:00,40.48,40.51,40.47,40.49,20000,809843.0
000034.SZ,2026-01-09 13:36:00,40.51,40.56,40.49,40.56,52900,2144382.0
000034.SZ,2026-01-09 13:37:00,40.55,40.59,40.55,40.57,54000,2190313.0
000034.SZ,2026-01-09 13:38:00,40.58,40.58,40.55,40.56,34700,1407294.0
000034.SZ,2026-01-09 13:39:00,40.55,40.57,40.55,40.57,65800,2668863.0
000034.SZ,2026-01-09 13:40:00,40.57,40.57,40.56,40.56,21600,876208.0
000034.SZ,2026-01-09 13:41:00,40.55,40.58,40.55,40.56,47300,1918885.0
000034.SZ,2026-01-09 13:42:00,40.56,40.59,40.56,40.59,49200,1996068.0
000034.SZ,2026-01-09 13:43:00,40.59,40.59,40.58,40.59,41200,1672191.0
000034.SZ,2026-01-09 13:44:00,40.59,40.6,40.59,40.59,18800,763127.0
000034.SZ,2026-01-09 13:45:00,40.59,40.6,40.58,40.58,114700,4656293.0
000034.SZ,2026-01-09 13:46:00,40.61,40.65,40.61,40.63,59500,2417076.0
000034.SZ,2026-01-09 13:47:00,40.65,40.66,40.64,40.66,75600,3073193.0
000034.SZ,2026-01-09 13:48:00,40.65,40.68,40.63,40.68,141337,5747170.0
000034.SZ,2026-01-09 13:49:00,40.69,40.7,40.67,40.67,124663,5072518.0
000034.SZ,2026-01-09 13:50:00,40.67,40.68,40.66,40.67,56600,2301783.0
000034.SZ,2026-01-09 13:51:00,40.67,40.67,40.62,40.62,43100,1752072.0
000034.SZ,2026-01-09 13:52:00,40.62,40.69,40.62,40.69,150070,6101637.5
000034.SZ,2026-01-09 13:53:00,40.69,40.85,40.68,40.85,941661,38383004.0
000034.SZ,2026-01-09 13:54:00,40.85,40.88,40.84,40.85,271800,11104669.0
000034.SZ,2026-01-09 13:55:00,40.84,40.85,40.77,40.77,271000,11067087.0
000034.SZ,2026-01-09 13:56:00,40.76,40.8,40.76,40.79,97436,3973361.2
000034.SZ,2026-01-09 13:57:00,40.8,40.87,40.8,40.86,264000,10783927.0
000034.SZ,2026-01-09 13:58:00,40.86,40.86,40.85,40.86,112300,4587934.0
000034.SZ,2026-01-09 13:59:00,40.86,40.88,40.86,40.88,248600,10160534.0
000034.SZ,2026-01-09 14:00:00,40.87,40.93,40.87,40.91,236400,9667712.0
000034.SZ,2026-01-09 14:01:00,40.92,40.92,40.85,40.88,182000,7442297.0
000034.SZ,2026-01-09 14:02:00,40.87,40.88,40.85,40.86,110200,4503105.0
000034.SZ,2026-01-09 14:03:00,40.84,40.84,40.76,40.77,68100,2777974.0
000034.SZ,2026-01-09 14:04:00,40.79,40.8,40.77,40.78,44800,1827178.0
000034.SZ,2026-01-09 14:05:00,40.79,40.8,40.79,40.79,142100,5791481.0
000034.SZ,2026-01-09 14:06:00,40.79,40.8,40.77,40.77,70800,2887643.0
000034.SZ,2026-01-09 14:07:00,40.76,40.76,40.68,40.68,83500,3399782.0
000034.SZ,2026-01-09 14:08:00,40.69,40.7,40.66,40.68,113700,4623748.0
000034.SZ,2026-01-09 14:09:00,40.7,40.73,40.68,40.73,47000,1913500.0
000034.SZ,2026-01-09 14:10:00,40.75,40.78,40.75,40.77,34300,1398160.0
000034.SZ,2026-01-09 14:11:00,40.75,40.78,40.75,40.78,63900,2604968.0
000034.SZ,2026-01-09 14:12:00,40.76,40.77,40.7,40.7,106700,4347887.0
000034.SZ,2026-01-09 14:13:00,40.68,40.69,40.67,40.68,23900,972268.0
000034.SZ,2026-01-09 14:14:00,40.68,40.7,40.68,40.7,49500,2014220.0
000034.SZ,2026-01-09 14:15:00,40.7,40.74,40.7,40.74,15600,635254.0
000034.SZ,2026-01-09 14:16:00,40.71,40.71,40.67,40.7,68800,2800308.0
000034.SZ,2026-01-09 14:17:00,40.7,40.72,40.65,40.7,156700,6373860.0
000034.SZ,2026-01-09 14:18:00,40.7,40.71,40.66,40.7,49000,1994186.0
000034.SZ,2026-01-09 14:19:00,40.65,40.65,40.63,40.65,70800,2877765.0
000034.SZ,2026-01-09 14:20:00,40.65,40.71,40.65,40.67,68200,2773517.0
000034.SZ,2026-01-09 14:21:00,40.67,40.72,40.67,40.72,120100,4885069.0
000034.SZ,2026-01-09 14:22:00,40.72,40.73,40.71,40.73,44700,1820286.0
000034.SZ,2026-01-09 14:23:00,40.74,40.79,40.74,40.79,77898,3175488.5
000034.SZ,2026-01-09 14:24:00,40.79,40.87,40.79,40.87,172000,7021607.0
000034.SZ,2026-01-09 14:25:00,40.87,40.9,40.87,40.9,227800,9313339.0
000034.SZ,2026-01-09 14:26:00,40.9,40.9,40.86,40.86,172000,7034012.0
000034.SZ,2026-01-09 14:27:00,40.86,40.88,40.85,40.87,94100,3846042.0
000034.SZ,2026-01-09 14:28:00,40.87,40.87,40.84,40.86,92200,3766952.0
000034.SZ,2026-01-09 14:29:00,40.86,40.88,40.86,40.88,134000,5477303.0
000034.SZ,2026-01-09 14:30:00,40.87,40.88,40.85,40.85,52900,2161936.0
000034.SZ,2026-01-09 14:31:00,40.84,40.86,40.83,40.85,90300,3688766.0
000034.SZ,2026-01-09 14:32:00,40.83,40.85,40.82,40.83,80800,3299690.0
000034.SZ,2026-01-09 14:33:00,40.82,40.89,40.82,40.89,215800,8815808.0
000034.SZ,2026-01-09 14:34:00,40.89,40.96,40.89,40.95,442000,18089972.0
000034.SZ,2026-01-09 14:35:00,40.95,40.98,40.95,40.98,178900,7329558.0
000034.SZ,2026-01-09 14:36:00,40.97,40.99,40.97,40.98,318900,13067733.0
000034.SZ,2026-01-09 14:37:00,40.97,40.98,40.96,40.97,236400,9686026.0
000034.SZ,2026-01-09 14:38:00,40.97,40.98,40.95,40.95,114800,4701836.0
000034.SZ,2026-01-09 14:39:00,40.96,40.96,40.95,40.95,126800,5192372.0
000034.SZ,2026-01-09 14:40:00,40.97,40.98,40.96,40.97,176600,7234763.0
000034.SZ,2026-01-09 14:41:00,40.97,40.98,40.95,40.96,84300,3453141.0
000034.SZ,2026-01-09 14:42:00,40.95,40.96,40.92,40.94,122800,5028682.0
000034.SZ,2026-01-09 14:43:00,40.93,40.95,40.92,40.93,77600,3176963.0
000034.SZ,2026-01-09 14:44:00,40.93,40.95,40.93,40.93,83600,3422253.0
000034.SZ,2026-01-09 14:45:00,40.93,40.95,40.93,40.94,122502,5016407.0
000034.SZ,2026-01-09 14:46:00,40.93,40.96,40.93,40.96,95300,3902294.0
000034.SZ,2026-01-09 14:47:00,40.95,40.99,40.95,40.99,313400,12841850.0
000034.SZ,2026-01-09 14:48:00,40.99,41.0,40.99,41.0,539400,22113954.0
000034.SZ,2026-01-09 14:49:00,41.0,41.0,40.95,40.97,265200,10869232.0
000034.SZ,2026-01-09 14:50:00,40.98,40.98,40.96,40.96,93931,3848619.8
000034.SZ,2026-01-09 14:51:00,40.97,40.98,40.96,40.97,134200,5498374.0
000034.SZ,2026-01-09 14:52:00,40.97,40.98,40.95,40.95,198169,8116297.0
000034.SZ,2026-01-09 14:53:00,40.95,40.96,40.95,40.96,136000,5570711.0
000034.SZ,2026-01-09 14:54:00,40.96,40.98,40.96,40.97,157000,6433217.0
000034.SZ,2026-01-09 14:55:00,40.98,40.99,40.96,40.98,132731,5439158.0
000034.SZ,2026-01-09 14:56:00,40.98,41.08,40.97,41.08,668700,27420980.0
000034.SZ,2026-01-09 14:57:00,41.05,41.11,41.05,41.09,287417,11809738.0
000034.SZ,2026-01-09 14:58:00,41.09,41.09,41.09,41.09,0,0.0
000034.SZ,2026-01-09 14:59:00,41.09,41.09,41.09,41.09,0,0.0
000034.SZ,2026-01-09 15:00:00,41.1,41.1,41.1,41.1,422800,17377080.0
000034.SZ,2026-01-12 09:30:00,41.4,41.4,41.26,41.31,260900,10798867.0
000034.SZ,2026-01-12 09:31:00,41.31,41.48,41.12,41.4,968498,40068240.0
000034.SZ,2026-01-12 09:32:00,41.39,41.63,41.31,41.63,416013,17241702.0
000034.SZ,2026-01-12 09:33:00,41.64,41.79,41.52,41.53,1157300,48227508.0
000034.SZ,2026-01-12 09:34:00,41.56,41.69,41.55,41.69,707000,29419034.0
000034.SZ,2026-01-12 09:35:00,41.72,41.8,41.7,41.8,865578,36143790.0
000034.SZ,2026-01-12 09:36:00,41.79,41.97,41.79,41.93,1025473,42925428.0
000034.SZ,2026-01-12 09:37:00,41.91,42.17,41.91,42.16,1241525,52208156.0
000034.SZ,2026-01-12 09:38:00,42.18,42.18,41.99,42.0,671775,28276264.0
000034.SZ,2026-01-12 09:39:00,41.97,41.99,41.9,41.9,507800,21307948.0
000034.SZ,2026-01-12 09:40:00,41.9,42.12,41.9,42.05,578231,24316676.0
000034.SZ,2026-01-12 09:41:00,42.03,42.06,41.97,42.03,296700,12466878.0
000034.SZ,2026-01-12 09:42:00,42.01,42.21,42.0,42.13,664438,27995894.0
000034.SZ,2026-01-12 09:43:00,42.15,42.17,42.08,42.17,430500,18139292.0
000034.SZ,2026-01-12 09:44:00,42.16,42.19,41.93,41.93,491800,20714508.0
000034.SZ,2026-01-12 09:45:00,41.91,41.91,41.82,41.91,504400,21116354.0
000034.SZ,2026-01-12 09:46:00,41.9,41.9,41.77,41.77,245900,10286035.0
000034.SZ,2026-01-12 09:47:00,41.77,41.93,41.76,41.93,315300,13189725.0
000034.SZ,2026-01-12 09:48:00,41.94,41.98,41.94,41.96,218200,9158219.0
000034.SZ,2026-01-12 09:49:00,41.96,42.02,41.93,41.98,364100,15283662.0
000034.SZ,2026-01-12 09:50:00,41.98,41.98,41.85,41.9,242200,10149227.0
000034.SZ,2026-01-12 09:51:00,41.88,41.9,41.85,41.85,219900,9206774.0
000034.SZ,2026-01-12 09:52:00,41.84,41.87,41.77,41.87,334600,13987516.0
000034.SZ,2026-01-12 09:53:00,41.84,41.89,41.84,41.89,268100,11227187.0
000034.SZ,2026-01-12 09:54:00,41.89,41.91,41.84,41.84,197600,8275864.0
000034.SZ,2026-01-12 09:55:00,41.84,41.94,41.82,41.94,325199,13612708.0
000034.SZ,2026-01-12 09:56:00,41.92,41.92,41.86,41.86,90000,3769064.0
000034.SZ,2026-01-12 09:57:00,41.86,41.9,41.84,41.9,262100,10976008.0
000034.SZ,2026-01-12 09:58:00,41.91,41.99,41.9,41.99,105800,4438489.0
000034.SZ,2026-01-12 09:59:00,41.98,41.99,41.94,41.95,213000,8941297.0
000034.SZ,2026-01-12 10:00:00,41.94,41.94,41.92,41.94,98000,4109552.0
000034.SZ,2026-01-12 10:01:00,41.93,41.93,41.91,41.91,118600,4971658.0
000034.SZ,2026-01-12 10:02:00,41.91,41.91,41.89,41.91,119900,5024627.0
000034.SZ,2026-01-12 10:03:00,41.91,42.0,41.9,41.99,189400,7944353.0
000034.SZ,2026-01-12 10:04:00,41.98,42.03,41.98,41.99,283500,11906954.0
000034.SZ,2026-01-12 10:05:00,41.97,41.98,41.94,41.95,121200,5085943.0
000034.SZ,2026-01-12 10:06:00,41.95,42.09,41.95,42.09,384400,16150088.0
000034.SZ,2026-01-12 10:07:00,42.09,42.1,42.07,42.08,217200,9141251.0
000034.SZ,2026-01-12 10:08:00,42.08,42.09,42.04,42.05,136800,5755189.0
000034.SZ,2026-01-12 10:09:00,42.03,42.08,42.01,42.08,183100,7697016.0
000034.SZ,2026-01-12 10:10:00,42.07,42.14,42.07,42.14,293060,12340484.0
000034.SZ,2026-01-12 10:11:00,42.14,42.23,42.13,42.21,616423,26000770.0
000034.SZ,2026-01-12 10:12:00,42.23,42.3,42.23,42.27,405300,17132212.0
000034.SZ,2026-01-12 10:13:00,42.25,42.35,42.24,42.24,401700,16979152.0
000034.SZ,2026-01-12 10:14:00,42.22,42.24,42.21,42.21,168800,7128055.0
000034.SZ,2026-01-12 10:15:00,42.23,42.23,42.14,42.14,208200,8785488.0
000034.SZ,2026-01-12 10:16:00,42.14,42.16,42.1,42.16,107700,4536962.0
000034.SZ,2026-01-12 10:17:00,42.18,42.2,42.15,42.19,162800,6865986.0
000034.SZ,2026-01-12 10:18:00,42.19,42.21,42.12,42.13,152800,6443024.0
000034.SZ,2026-01-12 10:19:00,42.13,42.13,42.03,42.04,142200,5986105.0
000034.SZ,2026-01-12 10:20:00,42.04,42.04,41.98,42.03,168000,7056576.0
000034.SZ,2026-01-12 10:21:00,42.0,42.06,42.0,42.04,67200,2825042.0
000034.SZ,2026-01-12 10:22:00,42.06,42.13,42.06,42.13,94900,3993142.0
000034.SZ,2026-01-12 10:23:00,42.09,42.15,42.09,42.12,104400,4398795.0
000034.SZ,2026-01-12 10:24:00,42.1,42.14,42.08,42.12,84600,3561708.0
000034.SZ,2026-01-12 10:25:00,42.12,42.2,42.12,42.14,91000,3837001.0
000034.SZ,2026-01-12 10:26:00,42.12,42.17,42.06,42.06,137000,5771306.0
000034.SZ,2026-01-12 10:27:00,42.05,42.05,42.02,42.03,136621,5743221.0
000034.SZ,2026-01-12 10:28:00,42.02,42.09,42.01,42.09,97900,4114385.0
000034.SZ,2026-01-12 10:29:00,42.08,42.11,42.08,42.11,123100,5182246.0
000034.SZ,2026-01-12 10:30:00,42.11,42.15,42.1,42.1,71900,3028236.0
000034.SZ,2026-01-12 10:31:00,42.1,42.1,42.0,42.0,181028,7606537.0
000034.SZ,2026-01-12 10:32:00,42.0,42.03,41.99,41.99,141872,5959526.5
000034.SZ,2026-01-12 10:33:00,41.99,42.03,41.99,42.02,101128,4247534.5
000034.SZ,2026-01-12 10:34:00,42.04,42.13,42.03,42.13,83172,3498930.0
000034.SZ,2026-01-12 10:35:00,42.13,42.18,42.12,42.18,68900,2904884.0
000034.SZ,2026-01-12 10:36:00,42.18,42.18,42.15,42.17,71900,3031689.0
000034.SZ,2026-01-12 10:37:00,42.17,42.23,42.16,42.23,196500,8289831.0
000034.SZ,2026-01-12 10:38:00,42.23,42.24,42.22,42.22,129200,5456356.0
000034.SZ,2026-01-12 10:39:00,42.22,42.24,42.2,42.21,91600,3866647.0
000034.SZ,2026-01-12 10:40:00,42.19,42.2,42.18,42.18,46300,1953280.0
000034.SZ,2026-01-12 10:41:00,42.18,42.2,42.17,42.2,52200,2201912.0
000034.SZ,2026-01-12 10:42:00,42.18,42.2,42.16,42.18,45300,1910502.0
000034.SZ,2026-01-12 10:43:00,42.17,42.2,42.16,42.17,65100,2745802.0
000034.SZ,2026-01-12 10:44:00,42.16,42.21,42.14,42.21,220400,9293981.0
000034.SZ,2026-01-12 10:45:00,42.2,42.22,42.17,42.18,53700,2266325.0
000034.SZ,2026-01-12 10:46:00,42.18,42.23,42.18,42.23,97600,4120252.0
000034.SZ,2026-01-12 10:47:00,42.22,42.25,42.22,42.24,62100,2623290.0
000034.SZ,2026-01-12 10:48:00,42.24,42.3,42.24,42.3,134800,5698794.0
000034.SZ,2026-01-12 10:49:00,42.3,42.31,42.28,42.3,210500,8903714.0
000034.SZ,2026-01-12 10:50:00,42.28,42.31,42.28,42.31,144000,6091675.0
000034.SZ,2026-01-12 10:51:00,42.3,42.3,42.22,42.22,176200,7444695.0
000034.SZ,2026-01-12 10:52:00,42.22,42.27,42.21,42.27,44600,1883590.0
000034.SZ,2026-01-12 10:53:00,42.27,42.31,42.26,42.26,109900,4648094.0
000034.SZ,2026-01-12 10:54:00,42.25,42.27,42.22,42.22,119100,5031670.0
000034.SZ,2026-01-12 10:55:00,42.23,42.24,42.22,42.24,59300,2504010.0
000034.SZ,2026-01-12 10:56:00,42.24,42.25,42.22,42.24,40200,1698001.0
000034.SZ,2026-01-12 10:57:00,42.24,42.25,42.23,42.24,62100,2622958.0
000034.SZ,2026-01-12 10:58:00,42.24,42.24,42.2,42.21,121500,5129717.0
000034.SZ,2026-01-12 10:59:00,42.22,42.23,42.21,42.23,42200,1781850.0
000034.SZ,2026-01-12 11:00:00,42.23,42.26,42.21,42.23,116100,4903817.0
000034.SZ,2026-01-12 11:01:00,42.23,42.26,42.23,42.25,47900,2023909.0
000034.SZ,2026-01-12 11:02:00,42.27,42.27,42.21,42.21,114400,4832006.0
000034.SZ,2026-01-12 11:03:00,42.2,42.2,42.18,42.18,130900,5523763.0
000034.SZ,2026-01-12 11:04:00,42.19,42.19,42.13,42.13,97700,4120085.0
000034.SZ,2026-01-12 11:05:00,42.12,42.15,42.1,42.1,87100,3669926.0
000034.SZ,2026-01-12 11:06:00,42.1,42.12,42.09,42.12,95500,4021355.0
000034.SZ,2026-01-12 11:07:00,42.13,42.16,42.13,42.15,45200,1905087.0
000034.SZ,2026-01-12 11:08:00,42.15,42.24,42.15,42.22,163698,6904993.5
000034.SZ,2026-01-12 11:09:00,42.22,42.22,42.2,42.21,37700,1591570.0
000034.SZ,2026-01-12 11:10:00,42.21,42.29,42.21,42.29,58400,2467804.0
000034.SZ,2026-01-12 11:11:00,42.29,42.3,42.26,42.29,49200,2079865.0
000034.SZ,2026-01-12 11:12:00,42.29,42.38,42.28,42.38,338371,14323457.0
000034.SZ,2026-01-12 11:13:00,42.37,42.4,42.35,42.38,167060,7079254.0
000034.SZ,2026-01-12 11:14:00,42.39,42.39,42.35,42.35,92900,3936579.0
000034.SZ,2026-01-12 11:15:00,42.35,42.38,42.34,42.35,61100,2588248.0
000034.SZ,2026-01-12 11:16:00,42.38,42.38,42.36,42.37,42900,1817577.0
000034.SZ,2026-01-12 11:17:00,42.36,42.36,42.3,42.32,61600,2608321.0
000034.SZ,2026-01-12 11:18:00,42.33,42.34,42.32,42.34,31400,1329192.0
000034.SZ,2026-01-12 11:19:00,42.34,42.35,42.32,42.34,30200,1278592.0
000034.SZ,2026-01-12 11:20:00,42.34,42.36,42.34,42.35,70700,2994243.0
000034.SZ,2026-01-12 11:21:00,42.34,42.36,42.31,42.32,137500,5822913.0
000034.SZ,2026-01-12 11:22:00,42.32,42.32,42.27,42.27,64100,2711084.0
000034.SZ,2026-01-12 11:23:00,42.27,42.28,42.26,42.26,57400,2426386.0
000034.SZ,2026-01-12 11:24:00,42.26,42.27,42.26,42.27,42400,1791927.0
000034.SZ,2026-01-12 11:25:00,42.26,42.27,42.26,42.26,135600,5731614.0
000034.SZ,2026-01-12 11:26:00,42.27,42.28,42.26,42.28,167300,7071497.0
000034.SZ,2026-01-12 11:27:00,42.28,42.33,42.28,42.33,36000,1522981.0
000034.SZ,2026-01-12 11:28:00,42.33,42.33,42.26,42.28,59700,2525948.0
000034.SZ,2026-01-12 11:29:00,42.29,42.29,42.24,42.26,112400,4750868.0
000034.SZ,2026-01-12 11:30:00,42.25,42.32,42.25,42.32,46300,1957638.0
000034.SZ,2026-01-12 13:01:00,42.34,42.37,42.33,42.36,363000,15370803.0
000034.SZ,2026-01-12 13:02:00,42.37,42.38,42.35,42.35,158500,6713425.0
000034.SZ,2026-01-12 13:03:00,42.35,42.38,42.35,42.35,141600,5997564.0
000034.SZ,2026-01-12 13:04:00,42.32,42.32,42.3,42.32,274000,11593049.0
000034.SZ,2026-01-12 13:05:00,42.31,42.32,42.31,42.32,70500,2983436.0
000034.SZ,2026-01-12 13:06:00,42.32,42.37,42.3,42.32,157700,6675684.0
000034.SZ,2026-01-12 13:07:00,42.26,42.32,42.26,42.3,129200,5464474.0
000034.SZ,2026-01-12 13:08:00,42.3,42.32,42.28,42.28,168000,7105161.0
000034.SZ,2026-01-12 13:09:00,42.3,42.3,42.12,42.12,202700,8555396.0
000034.SZ,2026-01-12 13:10:00,42.12,42.16,42.06,42.08,210000,8844942.0
000034.SZ,2026-01-12 13:11:00,42.14,42.14,41.95,41.96,460900,19359222.0
000034.SZ,2026-01-12 13:12:00,41.96,42.02,41.95,42.02,102100,4285834.0
000034.SZ,2026-01-12 13:13:00,42.0,42.02,41.95,41.95,408600,17152308.0
000034.SZ,2026-01-12 13:14:00,41.97,41.97,41.92,41.92,146400,6139347.0
000034.SZ,2026-01-12 13:15:00,41.92,41.92,41.77,41.77,487300,20395778.0
000034.SZ,2026-01-12 13:16:00,41.74,41.75,41.61,41.61,259300,10805669.0
000034.SZ,2026-01-12 13:17:00,41.61,41.73,41.61,41.69,381300,15887360.0
000034.SZ,2026-01-12 13:18:00,41.62,41.71,41.62,41.71,138300,5763269.0
000034.SZ,2026-01-12 13:19:00,41.71,41.79,41.7,41.79,159200,6643420.0
000034.SZ,2026-01-12 13:20:00,41.79,41.86,41.79,41.81,192700,8062688.0
000034.SZ,2026-01-12 13:21:00,41.8,41.84,41.75,41.78,135200,5649536.0
000034.SZ,2026-01-12 13:22:00,41.76,41.81,41.76,41.77,137500,5744866.0
000034.SZ,2026-01-12 13:23:00,41.77,41.8,41.76,41.8,78600,3283932.0
000034.SZ,2026-01-12 13:24:00,41.82,41.9,41.81,41.9,112000,4682871.0
000034.SZ,2026-01-12 13:25:00,41.89,41.9,41.84,41.89,133000,5568731.0
000034.SZ,2026-01-12 13:26:00,41.87,41.87,41.82,41.83,59600,2493641.0
000034.SZ,2026-01-12 13:27:00,41.82,41.85,41.81,41.85,91000,3806013.0
000034.SZ,2026-01-12 13:28:00,41.86,41.93,41.85,41.93,170900,7155241.0
000034.SZ,2026-01-12 13:29:00,41.93,41.99,41.93,41.99,112000,4701801.0
000034.SZ,2026-01-12 13:30:00,41.97,41.99,41.94,41.96,131700,5525360.0
000034.SZ,2026-01-12 13:31:00,41.96,42.0,41.96,41.99,62380,2618825.8
000034.SZ,2026-01-12 13:32:00,41.98,41.98,41.91,41.92,94300,3955712.0
000034.SZ,2026-01-12 13:33:00,41.92,41.97,41.92,41.97,113400,4754832.0
000034.SZ,2026-01-12 13:34:00,41.96,42.0,41.95,41.98,85200,3576233.0
000034.SZ,2026-01-12 13:35:00,41.98,42.09,41.97,42.09,105500,4431863.0
000034.SZ,2026-01-12 13:36:00,42.09,42.09,42.06,42.06,97100,4085992.0
000034.SZ,2026-01-12 13:37:00,42.02,42.06,42.0,42.02,67300,2828262.0
000034.SZ,2026-01-12 13:38:00,42.02,42.03,42.0,42.0,99000,4159378.0
000034.SZ,2026-01-12 13:39:00,42.0,42.01,41.94,41.94,62100,2607160.0
000034.SZ,2026-01-12 13:40:00,41.94,41.95,41.92,41.93,103400,4335772.0
000034.SZ,2026-01-12 13:41:00,41.92,41.98,41.92,41.97,61700,2587809.0
000034.SZ,2026-01-12 13:42:00,41.95,41.96,41.95,41.95,42000,1762105.0
000034.SZ,2026-01-12 13:43:00,41.95,41.95,41.91,41.91,152200,6382415.0
000034.SZ,2026-01-12 13:44:00,41.91,42.01,41.91,42.0,142690,5987105.5
000034.SZ,2026-01-12 13:45:00,42.0,42.09,42.0,42.09,133300,5603232.0
000034.SZ,2026-01-12 13:46:00,42.09,42.18,42.08,42.15,152400,6417525.0
000034.SZ,2026-01-12 13:47:00,42.19,42.19,42.14,42.18,104497,4407014.5
000034.SZ,2026-01-12 13:48:00,42.19,42.2,42.16,42.17,122903,5183924.5
000034.SZ,2026-01-12 13:49:00,42.16,42.17,42.16,42.16,76800,3238057.0
000034.SZ,2026-01-12 13:50:00,42.16,42.16,42.13,42.13,61800,2604915.0
000034.SZ,2026-01-12 13:51:00,42.13,42.13,42.11,42.11,28800,1213051.0
000034.SZ,2026-01-12 13:52:00,42.11,42.17,42.11,42.16,156200,6583573.0
000034.SZ,2026-01-12 13:53:00,42.14,42.17,42.14,42.14,28500,1201437.0
000034.SZ,2026-01-12 13:54:00,42.15,42.2,42.13,42.2,115500,4869499.0
000034.SZ,2026-01-12 13:55:00,42.2,42.24,42.17,42.19,76797,3240842.5
000034.SZ,2026-01-12 13:56:00,42.19,42.26,42.19,42.25,82300,3475511.0
000034.SZ,2026-01-12 13:57:00,42.25,42.29,42.25,42.29,75900,3208764.0
000034.SZ,2026-01-12 13:58:00,42.25,42.3,42.25,42.29,150200,6351659.0
000034.SZ,2026-01-12 13:59:00,42.29,42.29,42.28,42.29,84100,3556376.0
000034.SZ,2026-01-12 14:00:00,42.28,42.29,42.28,42.29,57900,2448244.0
000034.SZ,2026-01-12 14:01:00,42.29,42.32,42.29,42.3,197398,8350647.5
000034.SZ,2026-01-12 14:02:00,42.3,42.32,42.29,42.29,42800,1810695.0
000034.SZ,2026-01-12 14:03:00,42.29,42.31,42.28,42.28,93700,3962277.0
000034.SZ,2026-01-12 14:04:00,42.28,42.31,42.28,42.31,64600,2732319.0
000034.SZ,2026-01-12 14:05:00,42.3,42.35,42.3,42.35,152300,6446283.0
000034.SZ,2026-01-12 14:06:00,42.35,42.35,42.33,42.34,125500,5314067.0
000034.SZ,2026-01-12 14:07:00,42.34,42.35,42.29,42.32,154200,6525605.0
000034.SZ,2026-01-12 14:08:00,42.31,42.32,42.27,42.29,71700,3031992.0
000034.SZ,2026-01-12 14:09:00,42.29,42.33,42.27,42.32,76200,3222906.0
000034.SZ,2026-01-12 14:10:00,42.32,42.32,42.3,42.3,32600,1379203.0
000034.SZ,2026-01-12 14:11:00,42.3,42.3,42.26,42.27,81700,3454067.0
000034.SZ,2026-01-12 14:12:00,42.27,42.27,42.2,42.23,52600,2222327.0
000034.SZ,2026-01-12 14:13:00,42.24,42.32,42.24,42.32,226600,9582197.0
000034.SZ,2026-01-12 14:14:00,42.32,42.34,42.31,42.34,98500,4169182.0
000034.SZ,2026-01-12 14:15:00,42.33,42.34,42.33,42.33,65300,2764538.0
000034.SZ,2026-01-12 14:16:00,42.34,42.34,42.32,42.32,65700,2780962.0
000034.SZ,2026-01-12 14:17:00,42.32,42.32,42.3,42.31,73100,3093037.0
000034.SZ,2026-01-12 14:18:00,42.3,42.32,42.3,42.32,52800,2234151.0
000034.SZ,2026-01-12 14:19:00,42.32,42.34,42.32,42.34,72000,3047544.0
000034.SZ,2026-01-12 14:20:00,42.33,42.38,42.33,42.38,314426,13317310.0
000034.SZ,2026-01-12 14:21:00,42.38,42.4,42.37,42.39,164600,6976560.0
000034.SZ,2026-01-12 14:22:00,42.39,42.4,42.39,42.39,266000,11277579.0
000034.SZ,2026-01-12 14:23:00,42.4,42.44,42.4,42.44,210040,8907134.0
000034.SZ,2026-01-12 14:24:00,42.44,42.47,42.43,42.46,139200,5908609.0
000034.SZ,2026-01-12 14:25:00,42.46,42.48,42.46,42.48,192000,8153233.0
000034.SZ,2026-01-12 14:26:00,42.48,42.48,42.46,42.47,144700,6146346.0
000034.SZ,2026-01-12 14:27:00,42.46,42.47,42.45,42.45,75300,3197054.0
000034.SZ,2026-01-12 14:28:00,42.45,42.46,42.42,42.43,58526,2484270.8
000034.SZ,2026-01-12 14:29:00,42.43,42.43,42.4,42.43,103100,4373673.0
000034.SZ,2026-01-12 14:30:00,42.44,42.44,42.4,42.4,62000,2629963.0
000034.SZ,2026-01-12 14:31:00,42.41,42.42,42.4,42.42,71300,3023707.0
000034.SZ,2026-01-12 14:32:00,42.42,42.42,42.39,42.39,124900,5296267.0
000034.SZ,2026-01-12 14:33:00,42.39,42.4,42.37,42.39,82100,3479890.0
000034.SZ,2026-01-12 14:34:00,42.39,42.39,42.29,42.29,162700,6890692.0
000034.SZ,2026-01-12 14:35:00,42.29,42.29,42.26,42.26,102600,4337229.0
000034.SZ,2026-01-12 14:36:00,42.27,42.27,42.22,42.23,106100,4481812.0
000034.SZ,2026-01-12 14:37:00,42.23,42.3,42.23,42.29,174500,7375354.0
000034.SZ,2026-01-12 14:38:00,42.3,42.36,42.29,42.36,106300,4499097.0
000034.SZ,2026-01-12 14:39:00,42.34,42.38,42.34,42.36,81600,3456647.0
000034.SZ,2026-01-12 14:40:00,42.37,42.38,42.37,42.38,52200,2211761.0
000034.SZ,2026-01-12 14:41:00,42.37,42.38,42.37,42.38,53000,2245968.0
000034.SZ,2026-01-12 14:42:00,42.37,42.38,42.36,42.37,82600,3499957.0
000034.SZ,2026-01-12 14:43:00,42.36,42.38,42.36,42.38,107600,4559095.0
000034.SZ,2026-01-12 14:44:00,42.38,42.4,42.37,42.4,104700,4437512.0
000034.SZ,2026-01-12 14:45:00,42.39,42.39,42.35,42.35,171100,7250371.0
000034.SZ,2026-01-12 14:46:00,42.36,42.37,42.35,42.36,72831,3084974.8
000034.SZ,2026-01-12 14:47:00,42.36,42.37,42.36,42.37,117300,4968730.5
000034.SZ,2026-01-12 14:48:00,42.36,42.38,42.36,42.38,78500,3325889.8
000034.SZ,2026-01-12 14:49:00,42.38,42.4,42.37,42.4,272931,11569575.0
000034.SZ,2026-01-12 14:50:00,42.4,42.4,42.38,42.39,149600,6341605.0
000034.SZ,2026-01-12 14:51:00,42.39,42.4,42.38,42.39,188600,7995327.0
000034.SZ,2026-01-12 14:52:00,42.38,42.4,42.38,42.39,148331,6287847.0
000034.SZ,2026-01-12 14:53:00,42.4,42.41,42.39,42.4,237831,10083202.0
000034.SZ,2026-01-12 14:54:00,42.39,42.41,42.39,42.4,276300,11713513.0
000034.SZ,2026-01-12 14:55:00,42.39,42.41,42.39,42.4,140200,5944812.0
000034.SZ,2026-01-12 14:56:00,42.41,42.41,42.38,42.38,208100,8823548.0
000034.SZ,2026-01-12 14:57:00,42.39,42.4,42.37,42.38,157900,6692582.0
000034.SZ,2026-01-12 14:58:00,42.38,42.38,42.38,42.38,0,0.0
000034.SZ,2026-01-12 14:59:00,42.38,42.38,42.38,42.38,0,0.0
000034.SZ,2026-01-12 15:00:00,42.4,42.4,42.4,42.4,195100,8272240.0
000034.SZ,2026-01-13 09:30:00,42.58,42.6,42.55,42.55,216800,9231587.0
000034.SZ,2026-01-13 09:31:00,42.6,42.61,42.17,42.19,964000,40958510.0
000034.SZ,2026-01-13 09:32:00,42.19,42.19,42.0,42.01,376900,15878191.0
000034.SZ,2026-01-13 09:33:00,42.0,42.0,41.68,41.75,628800,26293424.0
000034.SZ,2026-01-13 09:34:00,41.71,41.71,41.54,41.55,875200,36422660.0
000034.SZ,2026-01-13 09:35:00,41.6,41.75,41.55,41.58,597531,24865588.0
000034.SZ,2026-01-13 09:36:00,41.61,41.64,41.5,41.56,686969,28561050.0
000034.SZ,2026-01-13 09:37:00,41.54,41.56,41.3,41.35,794100,32906096.0
000034.SZ,2026-01-13 09:38:00,41.36,41.46,41.36,41.42,459700,19030644.0
000034.SZ,2026-01-13 09:39:00,41.42,41.75,41.42,41.75,406800,16910380.0
000034.SZ,2026-01-13 09:40:00,41.78,41.95,41.78,41.91,265100,11109642.0
000034.SZ,2026-01-13 09:41:00,41.88,42.07,41.88,42.07,358425,15032921.0
000034.SZ,2026-01-13 09:42:00,42.07,42.11,42.04,42.09,228900,9630518.0
000034.SZ,2026-01-13 09:43:00,42.02,42.03,41.88,41.99,362700,15219272.0
000034.SZ,2026-01-13 09:44:00,41.97,41.97,41.85,41.86,236200,9905226.0
000034.SZ,2026-01-13 09:45:00,41.85,42.0,41.82,41.95,165000,6912414.0
000034.SZ,2026-01-13 09:46:00,41.88,41.99,41.88,41.99,225300,9445912.0
000034.SZ,2026-01-13 09:47:00,41.99,42.15,41.99,42.0,301900,12701861.0
000034.SZ,2026-01-13 09:48:00,42.08,42.14,42.06,42.06,192900,8121361.0
000034.SZ,2026-01-13 09:49:00,42.05,42.05,41.93,41.93,155600,6535520.0
000034.SZ,2026-01-13 09:50:00,41.93,41.97,41.88,41.88,174600,7319842.0
000034.SZ,2026-01-13 09:51:00,41.89,41.89,41.66,41.66,289100,12079868.0
000034.SZ,2026-01-13 09:52:00,41.67,41.67,41.6,41.63,288600,12011704.0
000034.SZ,2026-01-13 09:53:00,41.64,41.8,41.64,41.8,156900,6545614.0
000034.SZ,2026-01-13 09:54:00,41.8,41.83,41.73,41.73,122600,5123015.0
000034.SZ,2026-01-13 09:55:00,41.72,41.77,41.69,41.77,198000,8263321.0
000034.SZ,2026-01-13 09:56:00,41.79,41.89,41.78,41.89,190100,7951548.0
000034.SZ,2026-01-13 09:57:00,41.88,41.89,41.85,41.88,157500,6596429.0
000034.SZ,2026-01-13 09:58:00,41.9,41.92,41.88,41.88,78400,3285585.0
000034.SZ,2026-01-13 09:59:00,41.89,41.98,41.88,41.96,148000,6205129.0
000034.SZ,2026-01-13 10:00:00,41.97,41.97,41.88,41.89,231900,9719307.0
000034.SZ,2026-01-13 10:01:00,41.9,41.9,41.88,41.89,92800,3887845.8
000034.SZ,2026-01-13 10:02:00,41.88,41.93,41.8,41.93,181035,7583284.0
000034.SZ,2026-01-13 10:03:00,41.93,42.06,41.93,42.0,254200,10674988.0
000034.SZ,2026-01-13 10:04:00,42.01,42.05,42.0,42.0,115977,4874473.0
000034.SZ,2026-01-13 10:05:00,42.04,42.08,42.02,42.07,152175,6399910.0
000034.SZ,2026-01-13 10:06:00,42.07,42.07,42.02,42.03,76600,3220997.0
000034.SZ,2026-01-13 10:07:00,42.02,42.05,42.02,42.04,99700,4190722.0
000034.SZ,2026-01-13 10:08:00,42.04,42.08,42.04,42.06,141800,5964729.0
000034.SZ,2026-01-13 10:09:00,42.06,42.06,42.02,42.02,127600,5364871.0
000034.SZ,2026-01-13 10:10:00,42.02,42.03,41.98,41.98,87825,3689437.0
000034.SZ,2026-01-13 10:11:00,41.97,42.01,41.93,42.0,80575,3381566.2
000034.SZ,2026-01-13 10:12:00,42.0,42.03,41.99,41.99,73300,3079224.0
000034.SZ,2026-01-13 10:13:00,41.99,41.99,41.93,41.93,62900,2639244.0
000034.SZ,2026-01-13 10:14:00,41.93,41.93,41.87,41.87,82100,3439901.0
000034.SZ,2026-01-13 10:15:00,41.87,41.87,41.77,41.77,115900,4848442.0
000034.SZ,2026-01-13 10:16:00,41.78,41.81,41.77,41.79,84800,3543930.0
000034.SZ,2026-01-13 10:17:00,41.79,41.79,41.71,41.72,128200,5351498.0
000034.SZ,2026-01-13 10:18:00,41.72,41.73,41.67,41.67,166100,6925162.0
000034.SZ,2026-01-13 10:19:00,41.68,41.73,41.66,41.72,147300,6142472.0
000034.SZ,2026-01-13 10:20:00,41.71,41.71,41.66,41.68,107000,4460341.0
000034.SZ,2026-01-13 10:21:00,41.67,41.67,41.63,41.63,248300,10339751.0
000034.SZ,2026-01-13 10:22:00,41.64,41.64,41.62,41.63,195600,8143901.0
000034.SZ,2026-01-13 10:23:00,41.63,41.67,41.61,41.66,205400,8550362.0
000034.SZ,2026-01-13 10:24:00,41.66,41.69,41.65,41.68,79200,3300422.0
000034.SZ,2026-01-13 10:25:00,41.69,41.71,41.67,41.68,102700,4281699.0
000034.SZ,2026-01-13 10:26:00,41.66,41.7,41.65,41.69,59600,2482829.0
000034.SZ,2026-01-13 10:27:00,41.69,41.7,41.6,41.64,877300,36499810.0
000034.SZ,2026-01-13 10:28:00,41.7,41.8,41.7,41.76,114500,4778463.0
000034.SZ,2026-01-13 10:29:00,41.78,41.78,41.69,41.71,80100,3341652.0
000034.SZ,2026-01-13 10:30:00,41.7,41.71,41.6,41.61,87300,3636818.0
000034.SZ,2026-01-13 10:31:00,41.59,41.59,41.52,41.52,147800,6141637.0
000034.SZ,2026-01-13 10:32:00,41.51,41.52,41.49,41.49,215500,8944423.0
000034.SZ,2026-01-13 10:33:00,41.5,41.5,41.47,41.47,135100,5605214.0
000034.SZ,2026-01-13 10:34:00,41.48,41.48,41.39,41.41,237800,9849356.0
000034.SZ,2026-01-13 10:35:00,41.4,41.44,41.39,41.43,438916,18172038.0
000034.SZ,2026-01-13 10:36:00,41.43,41.5,41.4,41.49,254984,10569505.0
000034.SZ,2026-01-13 10:37:00,41.49,41.55,41.48,41.51,109400,4541532.0
000034.SZ,2026-01-13 10:38:00,41.51,41.55,41.5,41.55,39200,1627846.0
000034.SZ,2026-01-13 10:39:00,41.55,41.55,41.49,41.49,112000,4649593.0
000034.SZ,2026-01-13 10:40:00,41.49,41.54,41.49,41.52,85800,3561766.0
000034.SZ,2026-01-13 10:41:00,41.51,41.55,41.5,41.53,63578,2640590.0
000034.SZ,2026-01-13 10:42:00,41.53,41.55,41.51,41.54,39800,1652803.0
000034.SZ,2026-01-13 10:43:00,41.54,41.55,41.53,41.55,34100,1416570.0
000034.SZ,2026-01-13 10:44:00,41.56,41.6,41.56,41.6,102500,4262258.0
000034.SZ,2026-01-13 10:45:00,41.6,41.62,41.56,41.56,56000,2329099.0
000034.SZ,2026-01-13 10:46:00,41.57,41.6,41.56,41.57,50300,2091617.0
000034.SZ,2026-01-13 10:47:00,41.57,41.58,41.56,41.56,62200,2585368.0
000034.SZ,2026-01-13 10:48:00,41.56,41.57,41.55,41.57,44400,1845308.0
000034.SZ,2026-01-13 10:49:00,41.56,41.59,41.56,41.57,64500,2681322.0
000034.SZ,2026-01-13 10:50:00,41.56,41.6,41.56,41.6,41700,1733883.0
000034.SZ,2026-01-13 10:51:00,41.6,41.61,41.58,41.59,45700,1901049.0
000034.SZ,2026-01-13 10:52:00,41.59,41.62,41.58,41.58,54300,2259111.0
000034.SZ,2026-01-13 10:53:00,41.56,41.57,41.52,41.52,97300,4043750.0
000034.SZ,2026-01-13 10:54:00,41.53,41.54,41.5,41.5,75100,3117452.5
000034.SZ,2026-01-13 10:55:00,41.5,41.5,41.48,41.49,74400,3087144.0
000034.SZ,2026-01-13 10:56:00,41.48,41.49,41.4,41.46,218400,9051842.0
000034.SZ,2026-01-13 10:57:00,41.47,41.56,41.47,41.56,117900,4892100.0
000034.SZ,2026-01-13 10:58:00,41.56,41.6,41.56,41.59,30300,1259881.0
000034.SZ,2026-01-13 10:59:00,41.58,41.58,41.56,41.58,74200,3084909.0
000034.SZ,2026-01-13 11:00:00,41.57,41.6,41.57,41.59,87817,3652438.0
000034.SZ,2026-01-13 11:01:00,41.6,41.6,41.58,41.58,30100,1251824.0
000034.SZ,2026-01-13 11:02:00,41.58,41.6,41.58,41.6,50900,2116746.0
000034.SZ,2026-01-13 11:03:00,41.59,41.62,41.5,41.6,181600,7545032.0
000034.SZ,2026-01-13 11:04:00,41.6,41.61,41.6,41.6,34400,1431135.0
000034.SZ,2026-01-13 11:05:00,41.6,41.65,41.6,41.65,42500,1768623.0
000034.SZ,2026-01-13 11:06:00,41.64,41.67,41.64,41.67,25200,1049729.0
000034.SZ,2026-01-13 11:07:00,41.67,41.68,41.66,41.67,50300,2096010.0
000034.SZ,2026-01-13 11:08:00,41.67,41.68,41.64,41.64,43700,1820375.0
000034.SZ,2026-01-13 11:09:00,41.65,41.68,41.65,41.67,13800,575022.0
000034.SZ,2026-01-13 11:10:00,41.68,41.72,41.67,41.67,49100,2046816.0
000034.SZ,2026-01-13 11:11:00,41.67,41.72,41.66,41.71,34000,1417411.0
000034.SZ,2026-01-13 11:12:00,41.72,41.76,41.71,41.75,38600,1611123.0
000034.SZ,2026-01-13 11:13:00,41.74,41.75,41.72,41.75,69300,2891819.0
000034.SZ,2026-01-13 11:14:00,41.74,41.75,41.7,41.7,30500,1272469.0
000034.SZ,2026-01-13 11:15:00,41.69,41.7,41.65,41.66,43700,1821016.0
000034.SZ,2026-01-13 11:16:00,41.66,41.75,41.66,41.73,29800,1242439.0
000034.SZ,2026-01-13 11:17:00,41.74,41.75,41.71,41.73,32500,1356214.0
000034.SZ,2026-01-13 11:18:00,41.73,41.74,41.71,41.71,23000,959731.0
000034.SZ,2026-01-13 11:19:00,41.71,41.73,41.69,41.69,34500,1439001.0
000034.SZ,2026-01-13 11:20:00,41.69,41.69,41.6,41.6,102900,4285070.0
000034.SZ,2026-01-13 11:21:00,41.61,41.63,41.56,41.56,140900,5858799.0
000034.SZ,2026-01-13 11:22:00,41.56,41.6,41.55,41.59,62900,2615146.0
000034.SZ,2026-01-13 11:23:00,41.59,41.61,41.59,41.6,22000,915099.0
000034.SZ,2026-01-13 11:24:00,41.6,41.61,41.54,41.54,114300,4753178.0
000034.SZ,2026-01-13 11:25:00,41.52,41.52,41.46,41.46,80400,3335950.0
000034.SZ,2026-01-13 11:26:00,41.46,41.54,41.46,41.54,63600,2638061.0
000034.SZ,2026-01-13 11:27:00,41.55,41.55,41.53,41.55,87800,3647538.0
000034.SZ,2026-01-13 11:28:00,41.59,41.59,41.57,41.59,51302,2132305.0
000034.SZ,2026-01-13 11:29:00,41.57,41.57,41.54,41.54,32700,1358279.0
000034.SZ,2026-01-13 11:30:00,41.54,41.55,41.52,41.54,26500,1100612.0
000034.SZ,2026-01-13 13:01:00,41.53,41.58,41.53,41.57,217727,9042922.0
000034.SZ,2026-01-13 13:02:00,41.58,41.64,41.58,41.6,105600,4393807.0
000034.SZ,2026-01-13 13:03:00,41.6,41.61,41.54,41.55,34700,1442318.0
000034.SZ,2026-01-13 13:04:00,41.54,41.57,41.54,41.57,60700,2521730.0
000034.SZ,2026-01-13 13:05:00,41.56,41.57,41.5,41.52,105900,4396633.0
000034.SZ,2026-01-13 13:06:00,41.5,41.5,41.46,41.47,55700,2310857.0
000034.SZ,2026-01-13 13:07:00,41.47,41.49,41.45,41.45,82900,3437591.0
000034.SZ,2026-01-13 13:08:00,41.45,41.45,41.42,41.44,101400,4201361.0
000034.SZ,2026-01-13 13:09:00,41.44,41.44,41.38,41.39,199380,8253741.5
000034.SZ,2026-01-13 13:10:00,41.38,41.4,41.38,41.38,108500,4490582.0
000034.SZ,2026-01-13 13:11:00,41.38,41.39,41.38,41.39,73300,3033712.0
000034.SZ,2026-01-13 13:12:00,41.38,41.39,41.32,41.32,242320,10021653.0
000034.SZ,2026-01-13 13:13:00,41.32,41.34,41.31,41.34,195480,8076340.0
000034.SZ,2026-01-13 13:14:00,41.32,41.34,41.29,41.29,296000,12226815.0
000034.SZ,2026-01-13 13:15:00,41.28,41.3,41.26,41.27,167700,6922280.0
000034.SZ,2026-01-13 13:16:00,41.26,41.28,41.23,41.23,152000,6272450.0
000034.SZ,2026-01-13 13:17:00,41.25,41.25,41.2,41.22,110400,4550541.0
000034.SZ,2026-01-13 13:18:00,41.22,41.28,41.22,41.27,57500,2372651.0
000034.SZ,2026-01-13 13:19:00,41.26,41.28,41.21,41.21,145307,5991174.5
000034.SZ,2026-01-13 13:20:00,41.22,41.22,41.17,41.17,122393,5041717.5
000034.SZ,2026-01-13 13:21:00,41.17,41.17,41.15,41.16,108800,4478614.0
000034.SZ,2026-01-13 13:22:00,41.17,41.17,41.15,41.15,132200,5440590.0
000034.SZ,2026-01-13 13:23:00,41.15,41.15,41.12,41.15,140500,5779228.0
000034.SZ,2026-01-13 13:24:00,41.15,41.17,41.1,41.17,195800,8052693.0
000034.SZ,2026-01-13 13:25:00,41.15,41.18,41.15,41.16,64500,2655176.0
000034.SZ,2026-01-13 13:26:00,41.15,41.16,41.12,41.12,188800,7767170.0
000034.SZ,2026-01-13 13:27:00,41.11,41.18,41.11,41.18,74900,3081973.0
000034.SZ,2026-01-13 13:28:00,41.18,41.18,41.16,41.16,28900,1189841.0
000034.SZ,2026-01-13 13:29:00,41.16,41.18,41.15,41.18,56800,2337776.0
000034.SZ,2026-01-13 13:30:00,41.18,41.31,41.18,41.31,115300,4756249.0
000034.SZ,2026-01-13 13:31:00,41.31,41.31,41.26,41.28,51300,2118206.0
000034.SZ,2026-01-13 13:32:00,41.28,41.28,41.2,41.2,61000,2515766.0
000034.SZ,2026-01-13 13:33:00,41.19,41.19,41.1,41.15,78700,3236907.0
000034.SZ,2026-01-13 13:34:00,41.11,41.13,41.09,41.13,172800,7101839.0
000034.SZ,2026-01-13 13:35:00,41.11,41.15,41.11,41.12,53300,2191504.0
000034.SZ,2026-01-13 13:36:00,41.12,41.17,41.11,41.16,92700,3813919.0
000034.SZ,2026-01-13 13:37:00,41.19,41.21,41.15,41.18,52700,2170134.0
000034.SZ,2026-01-13 13:38:00,41.15,41.2,41.15,41.2,71600,2948761.0
000034.SZ,2026-01-13 13:39:00,41.21,41.28,41.2,41.28,54600,2251740.0
000034.SZ,2026-01-13 13:40:00,41.28,41.35,41.28,41.35,85000,3510861.0
000034.SZ,2026-01-13 13:41:00,41.35,41.37,41.35,41.37,38600,1596550.0
000034.SZ,2026-01-13 13:42:00,41.36,41.36,41.33,41.33,47700,1972559.0
000034.SZ,2026-01-13 13:43:00,41.34,41.38,41.33,41.38,88000,3639729.0
000034.SZ,2026-01-13 13:44:00,41.38,41.42,41.37,41.41,93500,3870581.0
000034.SZ,2026-01-13 13:45:00,41.38,41.41,41.36,41.37,31700,1311727.0
000034.SZ,2026-01-13 13:46:00,41.35,41.39,41.35,41.38,48800,2018969.0
000034.SZ,2026-01-13 13:47:00,41.38,41.38,41.35,41.35,24500,1013462.0
000034.SZ,2026-01-13 13:48:00,41.35,41.37,41.33,41.35,46800,1934965.0
000034.SZ,2026-01-13 13:49:00,41.34,41.35,41.33,41.33,25400,1050037.0
000034.SZ,2026-01-13 13:50:00,41.32,41.37,41.32,41.37,44600,1844172.0
000034.SZ,2026-01-13 13:51:00,41.36,41.4,41.36,41.4,22200,918640.0
000034.SZ,2026-01-13 13:52:00,41.39,41.46,41.39,41.42,50800,2104387.0
000034.SZ,2026-01-13 13:53:00,41.43,41.46,41.43,41.43,56700,2350191.0
000034.SZ,2026-01-13 13:54:00,41.43,41.46,41.43,41.43,50200,2080367.0
000034.SZ,2026-01-13 13:55:00,41.45,41.48,41.44,41.48,102000,4228352.0
000034.SZ,2026-01-13 13:56:00,41.48,41.51,41.48,41.51,71490,2966182.0
000034.SZ,2026-01-13 13:57:00,41.52,41.52,41.5,41.5,81310,3375128.0
000034.SZ,2026-01-13 13:58:00,41.51,41.52,41.49,41.52,50200,2083541.0
000034.SZ,2026-01-13 13:59:00,41.49,41.53,41.49,41.52,60200,2498831.0
000034.SZ,2026-01-13 14:00:00,41.51,41.52,41.49,41.49,39800,1651834.0
000034.SZ,2026-01-13 14:01:00,41.49,41.49,41.43,41.43,67800,2811741.0
000034.SZ,2026-01-13 14:02:00,41.43,41.45,41.42,41.45,75000,3107957.0
000034.SZ,2026-01-13 14:03:00,41.46,41.47,41.43,41.43,36600,1517034.0
000034.SZ,2026-01-13 14:04:00,41.43,41.44,41.39,41.4,52500,2174546.0
000034.SZ,2026-01-13 14:05:00,41.4,41.4,41.37,41.37,36200,1498180.0
000034.SZ,2026-01-13 14:06:00,41.37,41.37,41.32,41.32,34400,1422457.0
000034.SZ,2026-01-13 14:07:00,41.33,41.34,41.32,41.32,32800,1355755.0
000034.SZ,2026-01-13 14:08:00,41.32,41.32,41.28,41.3,80500,3324738.0
000034.SZ,2026-01-13 14:09:00,41.3,41.3,41.26,41.26,49200,2030874.0
000034.SZ,2026-01-13 14:10:00,41.26,41.26,41.2,41.22,54300,2238969.0
000034.SZ,2026-01-13 14:11:00,41.22,41.25,41.22,41.25,70700,2915153.0
000034.SZ,2026-01-13 14:12:00,41.24,41.25,41.22,41.23,59300,2445373.0
000034.SZ,2026-01-13 14:13:00,41.23,41.26,41.22,41.22,50900,2098729.0
000034.SZ,2026-01-13 14:14:00,41.23,41.24,41.22,41.23,25600,1055465.0
000034.SZ,2026-01-13 14:15:00,41.23,41.26,41.23,41.23,67100,2767220.0
000034.SZ,2026-01-13 14:16:00,41.24,41.25,41.21,41.21,86100,3549159.0
000034.SZ,2026-01-13 14:17:00,41.21,41.22,41.2,41.21,47700,1965952.0
000034.SZ,2026-01-13 14:18:00,41.22,41.26,41.21,41.26,40600,1674343.0
000034.SZ,2026-01-13 14:19:00,41.26,41.29,41.26,41.27,55200,2278015.0
000034.SZ,2026-01-13 14:20:00,41.27,41.28,41.25,41.26,46300,1910794.0
000034.SZ,2026-01-13 14:21:00,41.28,41.35,41.27,41.35,110300,4556607.0
000034.SZ,2026-01-13 14:22:00,41.35,41.36,41.33,41.36,75400,3117646.0
000034.SZ,2026-01-13 14:23:00,41.36,41.36,41.31,41.31,47200,1951055.0
000034.SZ,2026-01-13 14:24:00,41.32,41.35,41.31,41.31,36700,1516532.0
000034.SZ,2026-01-13 14:25:00,41.3,41.32,41.3,41.32,68100,2812959.0
000034.SZ,2026-01-13 14:26:00,41.33,41.35,41.3,41.31,205900,8500450.0
000034.SZ,2026-01-13 14:27:00,41.32,41.33,41.25,41.25,66500,2745363.0
000034.SZ,2026-01-13 14:28:00,41.25,41.25,41.23,41.23,64800,2672200.0
000034.SZ,2026-01-13 14:29:00,41.23,41.23,41.21,41.21,49400,2036172.0
000034.SZ,2026-01-13 14:30:00,41.22,41.22,41.2,41.21,72500,2987511.0
000034.SZ,2026-01-13 14:31:00,41.2,41.21,41.19,41.2,124100,5112288.0
000034.SZ,2026-01-13 14:32:00,41.2,41.33,41.2,41.3,174684,7210194.5
000034.SZ,2026-01-13 14:33:00,41.32,41.34,41.27,41.27,94700,3911169.0
000034.SZ,2026-01-13 14:34:00,41.27,41.27,41.2,41.21,59500,2452760.0
000034.SZ,2026-01-13 14:35:00,41.22,41.25,41.15,41.17,121700,5012996.0
000034.SZ,2026-01-13 14:36:00,41.17,41.18,41.15,41.16,103800,4272574.0
000034.SZ,2026-01-13 14:37:00,41.16,41.23,41.16,41.23,113800,4687329.0
000034.SZ,2026-01-13 14:38:00,41.2,41.2,41.15,41.16,68000,2799747.0
000034.SZ,2026-01-13 14:39:00,41.16,41.17,41.1,41.1,309000,12709735.0
000034.SZ,2026-01-13 14:40:00,41.13,41.17,41.1,41.13,219000,9009867.0
000034.SZ,2026-01-13 14:41:00,41.11,41.12,41.1,41.1,237400,9759721.0
000034.SZ,2026-01-13 14:42:00,41.1,41.16,41.04,41.07,458800,18846248.0
000034.SZ,2026-01-13 14:43:00,41.07,41.07,41.02,41.03,205300,8424407.0
000034.SZ,2026-01-13 14:44:00,41.05,41.05,41.0,41.02,472100,19361340.0
000034.SZ,2026-01-13 14:45:00,41.02,41.02,40.95,40.95,198600,8141709.0
000034.SZ,2026-01-13 14:46:00,40.95,40.95,40.91,40.91,145700,5963511.0
000034.SZ,2026-01-13 14:47:00,40.91,40.93,40.9,40.91,241400,9876503.0
000034.SZ,2026-01-13 14:48:00,40.91,40.91,40.81,40.83,241000,9847913.0
000034.SZ,2026-01-13 14:49:00,40.81,40.82,40.76,40.81,320200,13063671.0
000034.SZ,2026-01-13 14:50:00,40.8,40.86,40.8,40.86,194382,7933568.0
000034.SZ,2026-01-13 14:51:00,40.86,40.92,40.86,40.9,179081,7323462.0
000034.SZ,2026-01-13 14:52:00,40.91,40.94,40.9,40.9,139400,5703017.0
000034.SZ,2026-01-13 14:53:00,40.89,40.9,40.86,40.86,184600,7547409.0
000034.SZ,2026-01-13 14:54:00,40.87,40.88,40.86,40.87,126100,5153656.0
000034.SZ,2026-01-13 14:55:00,40.86,40.86,40.83,40.85,246844,10082845.0
000034.SZ,2026-01-13 14:56:00,40.85,40.9,40.84,40.85,342719,13999263.0
000034.SZ,2026-01-13 14:57:00,40.85,40.85,40.8,40.8,166889,6812869.0
000034.SZ,2026-01-13 14:58:00,40.8,40.8,40.8,40.8,0,0.0
000034.SZ,2026-01-13 14:59:00,40.8,40.8,40.8,40.8,0,0.0
000034.SZ,2026-01-13 15:00:00,40.83,40.83,40.83,40.83,260800,10648464.0
000034.SZ,2026-01-14 09:30:00,41.35,41.4,41.35,41.37,88000,3639401.0
000034.SZ,2026-01-14 09:31:00,41.4,42.23,41.3,42.05,880207,36742084.0
000034.SZ,2026-01-14 09:32:00,42.05,42.05,41.78,41.79,530300,22222356.0
000034.SZ,2026-01-14 09:33:00,41.79,41.96,41.79,41.9,445635,18655962.0
000034.SZ,2026-01-14 09:34:00,41.93,41.93,41.69,41.69,375865,15712171.0
000034.SZ,2026-01-14 09:35:00,41.68,41.81,41.65,41.77,267800,11165188.0
000034.SZ,2026-01-14 09:36:00,41.77,41.8,41.68,41.71,146800,6130607.0
000034.SZ,2026-01-14 09:37:00,41.71,41.73,41.54,41.54,182000,7577271.5
000034.SZ,2026-01-14 09:38:00,41.54,41.54,41.47,41.49,201900,8380753.0
000034.SZ,2026-01-14 09:39:00,41.5,41.58,41.49,41.58,141200,5862123.0
000034.SZ,2026-01-14 09:40:00,41.59,41.76,41.59,41.76,142700,5951514.0
000034.SZ,2026-01-14 09:41:00,41.75,41.78,41.74,41.74,194000,8101327.0
000034.SZ,2026-01-14 09:42:00,41.76,41.8,41.7,41.8,253200,10573830.0
000034.SZ,2026-01-14 09:43:00,41.8,41.83,41.78,41.81,124100,5189036.5
000034.SZ,2026-01-14 09:44:00,41.76,41.79,41.75,41.79,88400,3693449.0
000034.SZ,2026-01-14 09:45:00,41.8,41.8,41.72,41.73,79900,3336772.0
000034.SZ,2026-01-14 09:46:00,41.73,41.77,41.72,41.75,130500,5447266.0
000034.SZ,2026-01-14 09:47:00,41.75,41.78,41.66,41.7,141700,5912762.0
000034.SZ,2026-01-14 09:48:00,41.69,41.73,41.6,41.6,85600,3566640.0
000034.SZ,2026-01-14 09:49:00,41.6,41.6,41.54,41.55,105900,4401438.0
000034.SZ,2026-01-14 09:50:00,41.55,41.55,41.49,41.49,174900,7261681.0
000034.SZ,2026-01-14 09:51:00,41.5,41.68,41.5,41.68,111000,4613642.0
000034.SZ,2026-01-14 09:52:00,41.69,41.77,41.68,41.74,185000,7714666.0
000034.SZ,2026-01-14 09:53:00,41.73,41.73,41.67,41.67,63600,2652424.0
000034.SZ,2026-01-14 09:54:00,41.66,41.7,41.63,41.63,103300,4304532.0
000034.SZ,2026-01-14 09:55:00,41.6,41.63,41.54,41.55,114100,4742438.0
000034.SZ,2026-01-14 09:56:00,41.56,41.56,41.52,41.53,87900,3651354.0
000034.SZ,2026-01-14 09:57:00,41.54,41.64,41.51,41.64,173900,7227968.0
000034.SZ,2026-01-14 09:58:00,41.64,41.72,41.62,41.72,85700,3571781.0
000034.SZ,2026-01-14 09:59:00,41.72,41.88,41.72,41.86,208898,8732986.0
000034.SZ,2026-01-14 10:00:00,41.85,41.98,41.84,41.98,294200,12322553.0
000034.SZ,2026-01-14 10:01:00,41.98,42.08,41.95,42.0,679310,28531730.0
000034.SZ,2026-01-14 10:02:00,42.03,42.03,41.97,41.98,173300,7278614.0
000034.SZ,2026-01-14 10:03:00,41.98,41.98,41.91,41.93,127300,5340882.0
000034.SZ,2026-01-14 10:04:00,41.91,41.94,41.9,41.94,125200,5248661.0
000034.SZ,2026-01-14 10:05:00,41.94,41.99,41.93,41.99,160502,6734093.0
000034.SZ,2026-01-14 10:06:00,41.98,42.0,41.98,42.0,248800,10448751.0
000034.SZ,2026-01-14 10:07:00,42.0,42.0,41.98,41.99,130400,5475385.0
000034.SZ,2026-01-14 10:08:00,41.99,42.06,41.98,42.05,296498,12458175.0
000034.SZ,2026-01-14 10:09:00,42.05,42.06,42.02,42.02,124100,5217491.0
000034.SZ,2026-01-14 10:10:00,42.01,42.03,42.0,42.01,110100,4625327.0
000034.SZ,2026-01-14 10:11:00,42.01,42.01,41.98,41.99,170900,7176958.0
000034.SZ,2026-01-14 10:12:00,42.0,42.03,42.0,42.02,136900,5751605.0
000034.SZ,2026-01-14 10:13:00,42.01,42.02,42.01,42.02,94600,3974719.0
000034.SZ,2026-01-14 10:14:00,42.02,42.03,42.0,42.02,86000,3613312.0
000034.SZ,2026-01-14 10:15:00,42.02,42.02,41.96,41.97,183400,7698536.0
000034.SZ,2026-01-14 10:16:00,41.97,42.01,41.96,41.96,158900,6671032.5
000034.SZ,2026-01-14 10:17:00,41.97,41.98,41.96,41.97,70600,2962713.0
000034.SZ,2026-01-14 10:18:00,41.98,42.03,41.98,42.03,160700,6749747.0
000034.SZ,2026-01-14 10:19:00,42.04,42.04,42.02,42.03,90900,3820719.0
000034.SZ,2026-01-14 10:20:00,42.02,42.04,42.02,42.03,77700,3265931.0
000034.SZ,2026-01-14 10:21:00,42.02,42.03,42.0,42.0,82600,3470470.0
000034.SZ,2026-01-14 10:22:00,42.0,42.0,41.95,41.95,50100,2102536.0
000034.SZ,2026-01-14 10:23:00,41.96,41.96,41.92,41.95,88298,3702820.0
000034.SZ,2026-01-14 10:24:00,41.96,41.98,41.92,41.98,98800,4144708.0
000034.SZ,2026-01-14 10:25:00,42.0,42.1,42.0,42.1,261300,10985984.0
000034.SZ,2026-01-14 10:26:00,42.1,42.15,42.1,42.14,294200,12390177.0
000034.SZ,2026-01-14 10:27:00,42.13,42.16,42.09,42.12,185000,7794464.0
000034.SZ,2026-01-14 10:28:00,42.12,42.17,42.12,42.17,131647,5548073.5
000034.SZ,2026-01-14 10:29:00,42.16,42.17,42.14,42.15,96500,4068140.0
000034.SZ,2026-01-14 10:30:00,42.15,42.15,42.12,42.15,177862,7494824.5
000034.SZ,2026-01-14 10:31:00,42.14,42.15,42.09,42.12,86653,3649763.0
000034.SZ,2026-01-14 10:32:00,42.12,42.12,42.09,42.09,82100,3456519.0
000034.SZ,2026-01-14 10:33:00,42.1,42.18,42.1,42.17,163547,6892756.5
000034.SZ,2026-01-14 10:34:00,42.17,42.39,42.17,42.37,1215700,51398816.0
000034.SZ,2026-01-14 10:35:00,42.37,42.37,42.33,42.36,183000,7750246.5
000034.SZ,2026-01-14 10:36:00,42.35,42.36,42.34,42.34,213200,9028024.0
000034.SZ,2026-01-14 10:37:00,42.34,42.34,42.29,42.29,219700,9296985.0
000034.SZ,2026-01-14 10:38:00,42.28,42.34,42.27,42.34,115500,4885955.0
000034.SZ,2026-01-14 10:39:00,42.34,42.34,42.32,42.33,133600,5655012.0
000034.SZ,2026-01-14 10:40:00,42.33,42.36,42.33,42.36,319339,13522829.0
000034.SZ,2026-01-14 10:41:00,42.36,42.36,42.28,42.3,143761,6085294.0
000034.SZ,2026-01-14 10:42:00,42.3,42.38,42.3,42.37,116839,4946911.5
000034.SZ,2026-01-14 10:43:00,42.38,42.45,42.38,42.44,319800,13561418.0
000034.SZ,2026-01-14 10:44:00,42.44,42.45,42.43,42.45,204900,8697095.0
000034.SZ,2026-01-14 10:45:00,42.44,42.47,42.44,42.45,194600,8263150.0
000034.SZ,2026-01-14 10:46:00,42.46,42.46,42.38,42.39,123600,5242331.0
000034.SZ,2026-01-14 10:47:00,42.4,42.44,42.4,42.42,90200,3826467.0
000034.SZ,2026-01-14 10:48:00,42.41,42.45,42.41,42.43,93700,3975857.0
000034.SZ,2026-01-14 10:49:00,42.44,42.44,42.36,42.36,106961,4536559.5
000034.SZ,2026-01-14 10:50:00,42.36,42.42,42.33,42.42,150939,6396573.0
000034.SZ,2026-01-14 10:51:00,42.42,42.43,42.34,42.34,33500,1420571.0
000034.SZ,2026-01-14 10:52:00,42.34,42.34,42.29,42.31,68400,2894108.0
000034.SZ,2026-01-14 10:53:00,42.31,42.32,42.28,42.28,107100,4530958.0
000034.SZ,2026-01-14 10:54:00,42.3,42.33,42.27,42.31,72600,3070758.0
000034.SZ,2026-01-14 10:55:00,42.32,42.41,42.32,42.4,92086,3902236.8
000034.SZ,2026-01-14 10:56:00,42.41,42.48,42.41,42.48,270700,11491290.0
000034.SZ,2026-01-14 10:57:00,42.46,42.58,42.45,42.58,886518,37679510.0
000034.SZ,2026-01-14 10:58:00,42.58,42.68,42.54,42.66,427700,18230840.0
000034.SZ,2026-01-14 10:59:00,42.6,42.64,42.59,42.59,254100,10830711.0
000034.SZ,2026-01-14 11:00:00,42.59,42.59,42.53,42.56,114800,4885398.0
000034.SZ,2026-01-14 11:01:00,42.56,42.61,42.55,42.55,213900,9109589.0
000034.SZ,2026-01-14 11:02:00,42.55,42.55,42.5,42.53,164400,6991307.0
000034.SZ,2026-01-14 11:03:00,42.55,42.66,42.53,42.65,210500,8967493.0
000034.SZ,2026-01-14 11:04:00,42.64,42.66,42.64,42.64,112100,4781386.0
000034.SZ,2026-01-14 11:05:00,42.64,42.64,42.6,42.61,97200,4142718.0
000034.SZ,2026-01-14 11:06:00,42.6,42.62,42.59,42.59,139400,5939226.0
000034.SZ,2026-01-14 11:07:00,42.59,42.63,42.57,42.58,56800,2419074.0
000034.SZ,2026-01-14 11:08:00,42.59,42.6,42.56,42.58,40200,1711794.0
000034.SZ,2026-01-14 11:09:00,42.57,42.58,42.5,42.5,120000,5105384.0
000034.SZ,2026-01-14 11:10:00,42.5,42.57,42.5,42.53,72700,3091308.0
000034.SZ,2026-01-14 11:11:00,42.53,42.54,42.48,42.51,92500,3932004.0
000034.SZ,2026-01-14 11:12:00,42.52,42.52,42.43,42.45,108800,4622424.0
000034.SZ,2026-01-14 11:13:00,42.42,42.44,42.42,42.42,50800,2155822.5
000034.SZ,2026-01-14 11:14:00,42.43,42.46,42.43,42.45,42200,1790861.0
000034.SZ,2026-01-14 11:15:00,42.44,42.49,42.44,42.49,88400,3753844.0
000034.SZ,2026-01-14 11:16:00,42.46,42.49,42.43,42.43,69400,2946753.0
000034.SZ,2026-01-14 11:17:00,42.44,42.46,42.4,42.4,115500,4900389.0
000034.SZ,2026-01-14 11:18:00,42.4,42.42,42.39,42.4,89800,3807395.0
000034.SZ,2026-01-14 11:19:00,42.42,42.43,42.39,42.39,63000,2671182.0
000034.SZ,2026-01-14 11:20:00,42.38,42.44,42.37,42.43,102500,4345203.0
000034.SZ,2026-01-14 11:21:00,42.44,42.44,42.43,42.43,84400,3581126.0
000034.SZ,2026-01-14 11:22:00,42.43,42.44,42.42,42.44,31300,1328193.0
000034.SZ,2026-01-14 11:23:00,42.43,42.43,42.41,42.42,53400,2265344.0
000034.SZ,2026-01-14 11:24:00,42.42,42.47,42.41,42.46,113400,4811623.0
000034.SZ,2026-01-14 11:25:00,42.46,42.46,42.38,42.39,62800,2663708.0
000034.SZ,2026-01-14 11:26:00,42.42,42.47,42.39,42.46,61300,2602292.0
000034.SZ,2026-01-14 11:27:00,42.44,42.46,42.42,42.44,55600,2359615.0
000034.SZ,2026-01-14 11:28:00,42.44,42.47,42.43,42.46,104400,4431074.0
000034.SZ,2026-01-14 11:29:00,42.47,42.55,42.46,42.54,156300,6643496.0
000034.SZ,2026-01-14 11:30:00,42.53,42.53,42.5,42.5,53600,2278846.0
000034.SZ,2026-01-14 13:01:00,42.49,42.49,42.09,42.1,861000,36441520.0
000034.SZ,2026-01-14 13:02:00,42.1,42.11,42.01,42.01,316800,13322205.0
000034.SZ,2026-01-14 13:03:00,42.01,42.26,41.97,42.21,421100,17718384.0
000034.SZ,2026-01-14 13:04:00,42.18,42.18,42.07,42.1,217700,9172237.0
000034.SZ,2026-01-14 13:05:00,42.11,42.12,42.02,42.11,280000,11782784.0
000034.SZ,2026-01-14 13:06:00,42.11,42.14,42.0,42.01,263900,11100950.0
000034.SZ,2026-01-14 13:07:00,42.01,42.01,41.89,41.89,216700,9086966.0
000034.SZ,2026-01-14 13:08:00,41.86,41.86,41.7,41.7,339300,14174497.0
000034.SZ,2026-01-14 13:09:00,41.7,41.7,41.64,41.68,412100,17175620.0
000034.SZ,2026-01-14 13:10:00,41.65,41.77,41.65,41.73,231200,9641752.0
000034.SZ,2026-01-14 13:11:00,41.7,41.82,41.7,41.78,266500,11129546.0
000034.SZ,2026-01-14 13:12:00,41.83,41.96,41.8,41.95,139342,5837557.5
000034.SZ,2026-01-14 13:13:00,41.95,41.97,41.71,41.71,190158,7957822.5
000034.SZ,2026-01-14 13:14:00,41.7,41.75,41.7,41.75,143400,5981998.0
000034.SZ,2026-01-14 13:15:00,41.77,41.78,41.62,41.62,222700,9284172.0
000034.SZ,2026-01-14 13:16:00,41.61,41.63,41.51,41.51,263500,10956394.0
000034.SZ,2026-01-14 13:17:00,41.51,41.51,41.42,41.42,414000,17165974.0
000034.SZ,2026-01-14 13:18:00,41.42,41.45,41.4,41.45,416613,17254034.0
000034.SZ,2026-01-14 13:19:00,41.5,41.65,41.5,41.63,214577,8920871.0
000034.SZ,2026-01-14 13:20:00,41.61,41.75,41.6,41.75,133500,5563782.0
000034.SZ,2026-01-14 13:21:00,41.72,41.83,41.7,41.8,139242,5819791.0
000034.SZ,2026-01-14 13:22:00,41.81,41.82,41.72,41.72,139658,5835631.0
000034.SZ,2026-01-14 13:23:00,41.69,41.72,41.62,41.62,75500,3147043.0
000034.SZ,2026-01-14 13:24:00,41.63,41.74,41.63,41.68,90000,3752417.0
000034.SZ,2026-01-14 13:25:00,41.71,41.96,41.71,41.92,349100,14611413.0
000034.SZ,2026-01-14 13:26:00,41.9,41.92,41.76,41.85,187300,7835558.0
000034.SZ,2026-01-14 13:27:00,41.85,41.88,41.8,41.88,115000,4810560.0
000034.SZ,2026-01-14 13:28:00,41.89,41.92,41.8,41.88,157200,6582203.0
000034.SZ,2026-01-14 13:29:00,41.94,42.1,41.88,42.03,280600,11778939.0
000034.SZ,2026-01-14 13:30:00,42.03,42.15,42.03,42.15,167100,7037169.0
000034.SZ,2026-01-14 13:31:00,42.18,42.23,42.16,42.19,201200,8489042.0
000034.SZ,2026-01-14 13:32:00,42.17,42.2,42.05,42.1,193100,8137463.0
000034.SZ,2026-01-14 13:33:00,42.08,42.1,42.02,42.03,120500,5068406.0
000034.SZ,2026-01-14 13:34:00,42.01,42.02,41.9,41.9,88300,3705419.0
000034.SZ,2026-01-14 13:35:00,41.9,41.9,41.85,41.87,79500,3328986.0
000034.SZ,2026-01-14 13:36:00,41.85,41.88,41.82,41.87,74200,3104402.0
000034.SZ,2026-01-14 13:37:00,41.9,41.96,41.9,41.92,57600,2414158.0
000034.SZ,2026-01-14 13:38:00,41.92,42.1,41.92,42.02,100600,4224953.0
000034.SZ,2026-01-14 13:39:00,42.03,42.03,41.97,41.97,60500,2541257.0
000034.SZ,2026-01-14 13:40:00,41.96,41.96,41.88,41.88,94700,3969284.0
000034.SZ,2026-01-14 13:41:00,41.88,41.9,41.8,41.8,99600,4167201.0
000034.SZ,2026-01-14 13:42:00,41.81,41.85,41.79,41.85,66900,2796504.0
000034.SZ,2026-01-14 13:43:00,41.84,41.86,41.83,41.84,80300,3359354.0
000034.SZ,2026-01-14 13:44:00,41.82,41.82,41.73,41.73,193200,8074674.0
000034.SZ,2026-01-14 13:45:00,41.73,41.73,41.69,41.7,100900,4208554.0
000034.SZ,2026-01-14 13:46:00,41.69,41.72,41.68,41.69,89600,3735959.0
000034.SZ,2026-01-14 13:47:00,41.68,41.7,41.68,41.69,102900,4289972.0
000034.SZ,2026-01-14 13:48:00,41.68,41.68,41.64,41.64,88900,3704293.0
000034.SZ,2026-01-14 13:49:00,41.65,41.73,41.64,41.68,142100,5924882.0
000034.SZ,2026-01-14 13:50:00,41.66,41.66,41.6,41.62,112200,4670450.0
000034.SZ,2026-01-14 13:51:00,41.61,41.62,41.6,41.61,58400,2429995.0
000034.SZ,2026-01-14 13:52:00,41.6,41.65,41.58,41.58,184401,7673256.5
000034.SZ,2026-01-14 13:53:00,41.59,41.59,41.56,41.56,116500,4843701.0
000034.SZ,2026-01-14 13:54:00,41.58,41.58,41.56,41.56,103500,4301967.0
000034.SZ,2026-01-14 13:55:00,41.56,41.56,41.51,41.55,131300,5454167.0
000034.SZ,2026-01-14 13:56:00,41.57,41.57,41.48,41.48,223800,9291859.0
000034.SZ,2026-01-14 13:57:00,41.48,41.49,41.46,41.48,147800,6130040.0
000034.SZ,2026-01-14 13:58:00,41.46,41.49,41.4,41.4,194200,8043978.0
000034.SZ,2026-01-14 13:59:00,41.4,41.4,41.31,41.31,278800,11531830.0
000034.SZ,2026-01-14 14:00:00,41.31,41.31,41.15,41.18,354800,14628443.0
000034.SZ,2026-01-14 14:01:00,41.15,41.19,41.08,41.15,441957,18181310.0
000034.SZ,2026-01-14 14:02:00,41.11,41.3,41.11,41.3,193743,7981292.0
000034.SZ,2026-01-14 14:03:00,41.31,41.38,41.3,41.37,138000,5706201.0
000034.SZ,2026-01-14 14:04:00,41.37,41.38,41.28,41.35,214100,8846395.0
000034.SZ,2026-01-14 14:05:00,41.39,41.46,41.36,41.43,105200,4360283.0
000034.SZ,2026-01-14 14:06:00,41.4,41.43,41.27,41.3,209600,8667188.0
000034.SZ,2026-01-14 14:07:00,41.35,41.35,41.21,41.23,184100,7594708.0
000034.SZ,2026-01-14 14:08:00,41.21,41.21,41.12,41.12,158443,6521510.0
000034.SZ,2026-01-14 14:09:00,41.12,41.31,41.12,41.29,84357,3476023.0
000034.SZ,2026-01-14 14:10:00,41.28,41.35,41.27,41.35,74000,3055815.0
000034.SZ,2026-01-14 14:11:00,41.35,41.45,41.34,41.45,75200,3112416.0
000034.SZ,2026-01-14 14:12:00,41.45,41.53,41.45,41.53,96800,4015239.0
000034.SZ,2026-01-14 14:13:00,41.53,41.58,41.53,41.54,87400,3631725.0
000034.SZ,2026-01-14 14:14:00,41.54,41.57,41.53,41.57,76800,3190942.0
000034.SZ,2026-01-14 14:15:00,41.57,41.57,41.53,41.55,85700,3561099.0
000034.SZ,2026-01-14 14:16:00,41.55,41.6,41.54,41.55,113600,4721695.0
000034.SZ,2026-01-14 14:17:00,41.57,41.6,41.55,41.55,90000,3741814.0
000034.SZ,2026-01-14 14:18:00,41.57,41.68,41.56,41.67,96100,3999508.0
000034.SZ,2026-01-14 14:19:00,41.66,41.68,41.64,41.65,45400,1891325.0
000034.SZ,2026-01-14 14:20:00,41.65,41.74,41.65,41.74,67200,2802096.0
000034.SZ,2026-01-14 14:21:00,41.75,41.75,41.65,41.7,123600,5155972.0
000034.SZ,2026-01-14 14:22:00,41.69,41.69,41.65,41.67,67700,2821435.0
000034.SZ,2026-01-14 14:23:00,41.66,41.68,41.66,41.67,71400,2974837.0
000034.SZ,2026-01-14 14:24:00,41.69,41.75,41.67,41.73,136200,5679386.0
000034.SZ,2026-01-14 14:25:00,41.73,41.75,41.73,41.75,39800,1661320.0
000034.SZ,2026-01-14 14:26:00,41.77,41.84,41.77,41.84,107600,4498260.0
000034.SZ,2026-01-14 14:27:00,41.85,41.85,41.83,41.84,101000,4225966.0
000034.SZ,2026-01-14 14:28:00,41.85,41.85,41.83,41.84,60900,2548132.0
000034.SZ,2026-01-14 14:29:00,41.84,41.87,41.83,41.86,65200,2728629.0
000034.SZ,2026-01-14 14:30:00,41.86,41.89,41.86,41.89,69300,2901974.0
000034.SZ,2026-01-14 14:31:00,41.89,41.98,41.89,41.92,126400,5300794.0
000034.SZ,2026-01-14 14:32:00,41.92,41.94,41.85,41.87,156200,6544198.0
000034.SZ,2026-01-14 14:33:00,41.9,42.19,41.9,42.09,508900,21390220.0
000034.SZ,2026-01-14 14:34:00,42.09,42.09,41.98,41.98,144800,6084144.0
000034.SZ,2026-01-14 14:35:00,41.98,41.98,41.88,41.89,93200,3906998.0
000034.SZ,2026-01-14 14:36:00,41.87,41.88,41.78,41.78,67200,2811670.0
000034.SZ,2026-01-14 14:37:00,41.77,41.79,41.76,41.78,84200,3517192.0
000034.SZ,2026-01-14 14:38:00,41.78,41.87,41.77,41.77,87400,3654344.0
000034.SZ,2026-01-14 14:39:00,41.77,41.83,41.75,41.78,58000,2423828.0
000034.SZ,2026-01-14 14:40:00,41.78,41.88,41.77,41.83,114000,4768674.0
000034.SZ,2026-01-14 14:41:00,41.81,41.84,41.79,41.84,74900,3131907.0
000034.SZ,2026-01-14 14:42:00,41.85,41.98,41.84,41.97,162700,6818470.0
000034.SZ,2026-01-14 14:43:00,41.98,41.99,41.96,41.98,123700,5192111.0
000034.SZ,2026-01-14 14:44:00,41.97,41.98,41.84,41.96,134000,5620486.0
000034.SZ,2026-01-14 14:45:00,41.95,41.95,41.85,41.9,74100,3103926.0
000034.SZ,2026-01-14 14:46:00,41.89,41.92,41.89,41.92,76800,3218179.0
000034.SZ,2026-01-14 14:47:00,41.91,41.91,41.85,41.88,124800,5226364.0
000034.SZ,2026-01-14 14:48:00,41.88,41.88,41.85,41.86,61200,2561869.0
000034.SZ,2026-01-14 14:49:00,41.85,41.85,41.79,41.79,115700,4836894.0
000034.SZ,2026-01-14 14:50:00,41.79,41.83,41.76,41.8,57700,2411260.0
000034.SZ,2026-01-14 14:51:00,41.82,41.83,41.81,41.81,69100,2889697.0
000034.SZ,2026-01-14 14:52:00,41.81,41.82,41.78,41.79,97800,4088421.0
000034.SZ,2026-01-14 14:53:00,41.79,41.82,41.79,41.79,115300,4819159.0
000034.SZ,2026-01-14 14:54:00,41.79,41.81,41.79,41.8,159400,6663555.0
000034.SZ,2026-01-14 14:55:00,41.79,41.82,41.79,41.81,103200,4314237.0
000034.SZ,2026-01-14 14:56:00,41.81,41.84,41.81,41.84,161300,6745294.0
000034.SZ,2026-01-14 14:57:00,41.84,41.86,41.83,41.86,142400,5958552.0
000034.SZ,2026-01-14 14:58:00,41.86,41.86,41.86,41.86,0,0.0
000034.SZ,2026-01-14 14:59:00,41.86,41.86,41.86,41.86,0,0.0
000034.SZ,2026-01-14 15:00:00,41.88,41.88,41.88,41.88,305500,12794340.0
000034.SZ,2026-01-15 09:30:00,42.06,42.2,42.06,42.16,187500,7888414.0
000034.SZ,2026-01-15 09:31:00,42.18,42.28,42.09,42.13,991400,41775840.0
000034.SZ,2026-01-15 09:32:00,42.16,42.16,41.8,41.89,822100,34527500.0
000034.SZ,2026-01-15 09:33:00,41.92,42.06,41.92,42.04,395500,16601177.0
000034.SZ,2026-01-15 09:34:00,42.06,42.11,41.95,42.01,394800,16592918.0
000034.SZ,2026-01-15 09:35:00,41.99,42.12,41.95,42.02,277500,11656448.0
000034.SZ,2026-01-15 09:36:00,41.96,42.23,41.88,41.93,451300,18967104.0
000034.SZ,2026-01-15 09:37:00,41.91,42.11,41.91,42.1,243500,10240888.0
000034.SZ,2026-01-15 09:38:00,42.06,42.3,42.02,42.26,589000,24858792.0
000034.SZ,2026-01-15 09:39:00,42.26,42.26,42.08,42.13,348000,14685513.0
000034.SZ,2026-01-15 09:40:00,42.07,42.11,42.05,42.09,228800,9630447.0
000034.SZ,2026-01-15 09:41:00,42.1,42.28,42.07,42.28,376200,15849601.0
000034.SZ,2026-01-15 09:42:00,42.3,42.58,42.3,42.51,724547,30749660.0
000034.SZ,2026-01-15 09:43:00,42.53,42.53,42.36,42.41,358700,15220898.0
000034.SZ,2026-01-15 09:44:00,42.4,42.52,42.4,42.52,574300,24393932.0
000034.SZ,2026-01-15 09:45:00,42.55,42.58,42.22,42.25,482553,20478998.0
000034.SZ,2026-01-15 09:46:00,42.26,42.36,42.26,42.36,232100,9816943.0
000034.SZ,2026-01-15 09:47:00,42.39,42.42,42.35,42.41,180800,7663267.0
000034.SZ,2026-01-15 09:48:00,42.41,42.42,42.32,42.32,313100,13270416.0
000034.SZ,2026-01-15 09:49:00,42.31,42.37,42.22,42.22,351300,14868222.0
000034.SZ,2026-01-15 09:50:00,42.24,42.31,42.2,42.28,242900,10265622.0
000034.SZ,2026-01-15 09:51:00,42.26,42.26,42.2,42.22,211100,8915152.0
000034.SZ,2026-01-15 09:52:00,42.23,42.23,42.05,42.13,289300,12183829.0
000034.SZ,2026-01-15 09:53:00,42.12,42.18,42.12,42.15,158000,6662054.0
000034.SZ,2026-01-15 09:54:00,42.12,42.15,42.11,42.14,164500,6928460.0
000034.SZ,2026-01-15 09:55:00,42.16,42.19,42.12,42.15,191600,8078188.0
000034.SZ,2026-01-15 09:56:00,42.15,42.2,42.12,42.2,149000,6280656.0
000034.SZ,2026-01-15 09:57:00,42.22,42.3,42.2,42.3,109000,4606200.0
000034.SZ,2026-01-15 09:58:00,42.27,42.3,42.23,42.23,103600,4379073.0
000034.SZ,2026-01-15 09:59:00,42.23,42.44,42.23,42.41,174500,7390908.0
000034.SZ,2026-01-15 10:00:00,42.41,42.41,42.35,42.35,133300,5651156.0
000034.SZ,2026-01-15 10:01:00,42.35,42.35,42.27,42.28,122000,5159425.0
000034.SZ,2026-01-15 10:02:00,42.26,42.27,42.21,42.25,124600,5261785.0
000034.SZ,2026-01-15 10:03:00,42.24,42.31,42.23,42.23,113000,4775907.0
000034.SZ,2026-01-15 10:04:00,42.24,42.27,42.13,42.13,141000,5950565.0
000034.SZ,2026-01-15 10:05:00,42.12,42.12,42.04,42.04,220600,9285924.0
000034.SZ,2026-01-15 10:06:00,42.03,42.09,41.96,41.97,232000,9744084.0
000034.SZ,2026-01-15 10:07:00,41.98,42.03,41.96,41.97,123000,5165682.0
000034.SZ,2026-01-15 10:08:00,41.98,41.98,41.91,41.92,175900,7376915.0
000034.SZ,2026-01-15 10:09:00,41.91,41.97,41.88,41.96,288400,12086146.0
000034.SZ,2026-01-15 10:10:00,41.94,41.97,41.89,41.89,152300,6386191.0
000034.SZ,2026-01-15 10:11:00,41.89,41.93,41.88,41.91,87000,3645755.0
000034.SZ,2026-01-15 10:12:00,41.91,41.94,41.89,41.91,172000,7207650.0
000034.SZ,2026-01-15 10:13:00,41.89,41.89,41.8,41.82,313400,13108849.0
000034.SZ,2026-01-15 10:14:00,41.82,41.92,41.82,41.91,75800,3173571.0
000034.SZ,2026-01-15 10:15:00,41.91,41.99,41.89,41.99,102500,4298022.0
000034.SZ,2026-01-15 10:16:00,41.98,42.04,41.98,42.03,181516,7625685.0
000034.SZ,2026-01-15 10:17:00,42.03,42.09,42.03,42.03,86300,3628817.0
000034.SZ,2026-01-15 10:18:00,42.02,42.03,41.95,41.95,120700,5071445.0
000034.SZ,2026-01-15 10:19:00,41.96,41.97,41.94,41.94,74800,3138019.0
000034.SZ,2026-01-15 10:20:00,41.96,41.96,41.9,41.91,47500,1991540.0
000034.SZ,2026-01-15 10:21:00,41.92,41.92,41.88,41.88,79800,3343898.0
000034.SZ,2026-01-15 10:22:00,41.88,41.9,41.86,41.88,75800,3175001.0
000034.SZ,2026-01-15 10:23:00,41.88,41.89,41.8,41.8,140300,5869764.0
000034.SZ,2026-01-15 10:24:00,41.81,41.89,41.81,41.88,48800,2041618.0
000034.SZ,2026-01-15 10:25:00,41.88,41.88,41.81,41.82,67900,2841254.0
000034.SZ,2026-01-15 10:26:00,41.82,41.82,41.8,41.81,89000,3720959.0
000034.SZ,2026-01-15 10:27:00,41.81,41.82,41.73,41.73,237200,9914128.0
000034.SZ,2026-01-15 10:28:00,41.73,41.79,41.71,41.78,227356,9492977.0
000034.SZ,2026-01-15 10:29:00,41.78,41.78,41.75,41.75,56500,2359208.0
000034.SZ,2026-01-15 10:30:00,41.76,41.77,41.75,41.76,69600,2906135.0
000034.SZ,2026-01-15 10:31:00,41.79,41.8,41.78,41.8,99195,4144824.0
000034.SZ,2026-01-15 10:32:00,41.79,41.79,41.76,41.76,118505,4949786.0
000034.SZ,2026-01-15 10:33:00,41.76,41.83,41.76,41.79,184395,7707994.0
000034.SZ,2026-01-15 10:34:00,41.8,41.81,41.68,41.69,312800,13052911.0
000034.SZ,2026-01-15 10:35:00,41.69,41.75,41.69,41.75,73800,3078797.0
000034.SZ,2026-01-15 10:36:00,41.75,41.76,41.72,41.74,48400,2020284.0
000034.SZ,2026-01-15 10:37:00,41.74,41.79,41.74,41.79,56000,2338975.0
000034.SZ,2026-01-15 10:38:00,41.78,41.86,41.78,41.85,29400,1229597.0
000034.SZ,2026-01-15 10:39:00,41.86,41.87,41.8,41.82,88900,3720272.0
000034.SZ,2026-01-15 10:40:00,41.82,41.85,41.82,41.84,33100,1384698.0
000034.SZ,2026-01-15 10:41:00,41.84,41.85,41.8,41.81,60900,2546752.0
000034.SZ,2026-01-15 10:42:00,41.8,41.86,41.8,41.86,26024,1088332.4
000034.SZ,2026-01-15 10:43:00,41.87,41.89,41.8,41.83,87386,3657713.5
000034.SZ,2026-01-15 10:44:00,41.82,41.82,41.78,41.79,101014,4221812.0
000034.SZ,2026-01-15 10:45:00,41.8,41.8,41.74,41.74,98400,4110120.0
000034.SZ,2026-01-15 10:46:00,41.73,41.73,41.71,41.73,61000,2544948.0
000034.SZ,2026-01-15 10:47:00,41.72,41.73,41.67,41.67,177300,7393872.0
000034.SZ,2026-01-15 10:48:00,41.68,41.68,41.66,41.66,42500,1770854.0
000034.SZ,2026-01-15 10:49:00,41.66,41.76,41.66,41.76,74700,3114309.0
000034.SZ,2026-01-15 10:50:00,41.76,41.79,41.76,41.79,24800,1036027.0
000034.SZ,2026-01-15 10:51:00,41.79,41.8,41.76,41.79,36300,1516436.0
000034.SZ,2026-01-15 10:52:00,41.79,41.88,41.79,41.88,27800,1163105.0
000034.SZ,2026-01-15 10:53:00,41.87,41.93,41.87,41.93,53600,2246335.0
000034.SZ,2026-01-15 10:54:00,41.92,41.95,41.89,41.9,104563,4384723.0
000034.SZ,2026-01-15 10:55:00,41.91,41.95,41.91,41.95,40400,1693763.0
000034.SZ,2026-01-15 10:56:00,41.95,41.97,41.91,41.94,86500,3627029.0
000034.SZ,2026-01-15 10:57:00,41.91,41.94,41.88,41.9,76400,3201512.0
000034.SZ,2026-01-15 10:58:00,41.9,41.9,41.83,41.85,34400,1439735.0
000034.SZ,2026-01-15 10:59:00,41.84,41.85,41.8,41.85,31800,1330076.0
000034.SZ,2026-01-15 11:00:00,41.85,41.85,41.79,41.79,47700,1994850.0
000034.SZ,2026-01-15 11:01:00,41.77,41.78,41.75,41.75,32600,1361549.0
000034.SZ,2026-01-15 11:02:00,41.76,41.76,41.71,41.71,97600,4073160.0
000034.SZ,2026-01-15 11:03:00,41.7,41.73,41.69,41.72,110600,4611903.0
000034.SZ,2026-01-15 11:04:00,41.73,41.85,41.73,41.83,27500,1149013.0
000034.SZ,2026-01-15 11:05:00,41.84,41.84,41.79,41.8,56700,2370062.0
000034.SZ,2026-01-15 11:06:00,41.81,41.9,41.81,41.9,35300,1477711.0
000034.SZ,2026-01-15 11:07:00,41.88,41.89,41.8,41.8,44300,1854295.0
000034.SZ,2026-01-15 11:08:00,41.81,41.81,41.77,41.78,40800,1705340.0
000034.SZ,2026-01-15 11:09:00,41.78,41.79,41.73,41.74,43700,1824917.0
000034.SZ,2026-01-15 11:10:00,41.76,41.83,41.75,41.83,47300,1977386.0
000034.SZ,2026-01-15 11:11:00,41.8,41.8,41.77,41.8,10800,451293.0
000034.SZ,2026-01-15 11:12:00,41.79,41.81,41.77,41.77,44400,1855136.0
000034.SZ,2026-01-15 11:13:00,41.77,41.78,41.76,41.76,30100,1257161.0
000034.SZ,2026-01-15 11:14:00,41.76,41.76,41.73,41.73,38000,1586515.0
000034.SZ,2026-01-15 11:15:00,41.72,41.74,41.72,41.72,30400,1268487.0
000034.SZ,2026-01-15 11:16:00,41.72,41.73,41.71,41.72,40877,1705202.6
000034.SZ,2026-01-15 11:17:00,41.71,41.74,41.71,41.71,54400,2269787.0
000034.SZ,2026-01-15 11:18:00,41.72,41.72,41.71,41.71,44100,1839505.0
000034.SZ,2026-01-15 11:19:00,41.72,41.74,41.7,41.74,39323,1640272.4
000034.SZ,2026-01-15 11:20:00,41.75,41.75,41.72,41.73,11200,467416.0
000034.SZ,2026-01-15 11:21:00,41.73,41.74,41.67,41.68,150900,6291949.0
000034.SZ,2026-01-15 11:22:00,41.68,41.68,41.66,41.68,63500,2645808.0
000034.SZ,2026-01-15 11:23:00,41.68,41.69,41.61,41.61,92600,3856715.0
000034.SZ,2026-01-15 11:24:00,41.61,41.61,41.57,41.57,126800,5274555.0
000034.SZ,2026-01-15 11:25:00,41.57,41.57,41.54,41.55,67100,2788617.0
000034.SZ,2026-01-15 11:26:00,41.55,41.55,41.51,41.52,104500,4339762.0
000034.SZ,2026-01-15 11:27:00,41.51,41.56,41.48,41.56,169100,7018602.0
000034.SZ,2026-01-15 11:28:00,41.57,41.59,41.55,41.59,64900,2697613.0
000034.SZ,2026-01-15 11:29:00,41.59,41.67,41.56,41.63,40600,1689046.0
000034.SZ,2026-01-15 11:30:00,41.61,41.62,41.6,41.6,29500,1227425.0
000034.SZ,2026-01-15 13:01:00,41.61,41.61,41.55,41.55,103200,4292690.0
000034.SZ,2026-01-15 13:02:00,41.55,41.57,41.53,41.55,51600,2144067.0
000034.SZ,2026-01-15 13:03:00,41.54,41.68,41.54,41.65,57800,2404919.0
000034.SZ,2026-01-15 13:04:00,41.68,41.69,41.55,41.55,55700,2318984.0
000034.SZ,2026-01-15 13:05:00,41.55,41.57,41.49,41.49,164100,6812900.0
000034.SZ,2026-01-15 13:06:00,41.49,41.54,41.48,41.53,158000,6557672.0
000034.SZ,2026-01-15 13:07:00,41.59,41.61,41.57,41.6,68400,2843455.0
000034.SZ,2026-01-15 13:08:00,41.57,41.6,41.55,41.56,31900,1326236.0
000034.SZ,2026-01-15 13:09:00,41.56,41.58,41.55,41.56,38800,1612620.0
000034.SZ,2026-01-15 13:10:00,41.57,41.6,41.56,41.6,38200,1587745.0
000034.SZ,2026-01-15 13:11:00,41.6,41.62,41.59,41.62,26600,1106530.0
000034.SZ,2026-01-15 13:12:00,41.63,41.68,41.63,41.66,45700,1903671.0
000034.SZ,2026-01-15 13:13:00,41.66,41.75,41.65,41.72,46400,1934406.0
000034.SZ,2026-01-15 13:14:00,41.72,41.72,41.67,41.69,38500,1605158.0
000034.SZ,2026-01-15 13:15:00,41.68,41.72,41.67,41.69,47100,1963997.0
000034.SZ,2026-01-15 13:16:00,41.69,41.77,41.69,41.76,46500,1940025.0
000034.SZ,2026-01-15 13:17:00,41.77,41.79,41.76,41.78,70500,2944989.0
000034.SZ,2026-01-15 13:18:00,41.79,41.79,41.73,41.73,26200,1093973.0
000034.SZ,2026-01-15 13:19:00,41.74,41.74,41.68,41.68,36400,1517954.0
000034.SZ,2026-01-15 13:20:00,41.68,41.7,41.6,41.6,39100,1629084.0
000034.SZ,2026-01-15 13:21:00,41.6,41.61,41.54,41.54,47900,1991381.0
000034.SZ,2026-01-15 13:22:00,41.53,41.63,41.53,41.63,74300,3087264.0
000034.SZ,2026-01-15 13:23:00,41.62,41.63,41.6,41.6,37300,1552363.0
000034.SZ,2026-01-15 13:24:00,41.59,41.66,41.59,41.63,47300,1968639.0
000034.SZ,2026-01-15 13:25:00,41.63,41.64,41.62,41.63,35000,1457043.0
000034.SZ,2026-01-15 13:26:00,41.63,41.69,41.63,41.69,64400,2683191.0
000034.SZ,2026-01-15 13:27:00,41.67,41.68,41.64,41.65,32500,1354126.0
000034.SZ,2026-01-15 13:28:00,41.65,41.72,41.65,41.72,111000,4627185.0
000034.SZ,2026-01-15 13:29:00,41.72,41.74,41.71,41.72,46700,1948536.0
000034.SZ,2026-01-15 13:30:00,41.72,41.73,41.68,41.68,82500,3441025.0
000034.SZ,2026-01-15 13:31:00,41.67,41.68,41.66,41.67,47500,1979271.0
000034.SZ,2026-01-15 13:32:00,41.67,41.67,41.64,41.65,36500,1520484.0
000034.SZ,2026-01-15 13:33:00,41.64,41.66,41.63,41.66,26623,1108731.0
000034.SZ,2026-01-15 13:34:00,41.66,41.66,41.63,41.64,19100,795340.0
000034.SZ,2026-01-15 13:35:00,41.64,41.7,41.64,41.7,33600,1400098.0
000034.SZ,2026-01-15 13:36:00,41.69,41.69,41.61,41.61,71500,2977651.0
000034.SZ,2026-01-15 13:37:00,41.62,41.63,41.6,41.6,82100,3415799.0
000034.SZ,2026-01-15 13:38:00,41.61,41.61,41.59,41.6,38400,1597407.0
000034.SZ,2026-01-15 13:39:00,41.61,41.62,41.59,41.61,41300,1718303.0
000034.SZ,2026-01-15 13:40:00,41.61,41.62,41.58,41.58,38000,1580713.0
000034.SZ,2026-01-15 13:41:00,41.58,41.6,41.58,41.59,21100,877589.0
000034.SZ,2026-01-15 13:42:00,41.58,41.59,41.56,41.59,58400,2427999.0
000034.SZ,2026-01-15 13:43:00,41.57,41.63,41.57,41.61,36000,1498100.0
000034.SZ,2026-01-15 13:44:00,41.61,41.61,41.58,41.58,18300,761173.0
000034.SZ,2026-01-15 13:45:00,41.59,41.63,41.57,41.6,68800,2860924.0
000034.SZ,2026-01-15 13:46:00,41.62,41.71,41.6,41.71,38100,1587079.0
000034.SZ,2026-01-15 13:47:00,41.68,41.71,41.68,41.69,20900,871522.0
000034.SZ,2026-01-15 13:48:00,41.69,41.74,41.69,41.73,31900,1330608.0
000034.SZ,2026-01-15 13:49:00,41.73,41.76,41.72,41.76,45500,1899027.0
000034.SZ,2026-01-15 13:50:00,41.73,41.76,41.72,41.73,21500,897431.0
000034.SZ,2026-01-15 13:51:00,41.73,41.77,41.73,41.73,51700,2158193.0
000034.SZ,2026-01-15 13:52:00,41.75,41.76,41.71,41.72,33400,1393847.0
000034.SZ,2026-01-15 13:53:00,41.73,41.75,41.72,41.73,26700,1114483.0
000034.SZ,2026-01-15 13:54:00,41.71,41.73,41.69,41.71,65400,2727461.0
000034.SZ,2026-01-15 13:55:00,41.68,41.71,41.67,41.67,23000,958864.0
000034.SZ,2026-01-15 13:56:00,41.69,41.71,41.68,41.69,25000,1042267.0
000034.SZ,2026-01-15 13:57:00,41.69,41.69,41.68,41.68,63400,2643052.0
000034.SZ,2026-01-15 13:58:00,41.68,41.7,41.66,41.68,49600,2067497.0
000034.SZ,2026-01-15 13:59:00,41.67,41.69,41.66,41.66,21000,875098.0
000034.SZ,2026-01-15 14:00:00,41.66,41.67,41.63,41.66,22400,933035.0
000034.SZ,2026-01-15 14:01:00,41.66,41.67,41.62,41.63,51000,2124053.0
000034.SZ,2026-01-15 14:02:00,41.61,41.61,41.55,41.55,99600,4141563.0
000034.SZ,2026-01-15 14:03:00,41.57,41.61,41.55,41.56,59000,2453013.0
000034.SZ,2026-01-15 14:04:00,41.55,41.57,41.51,41.51,160700,6675110.0
000034.SZ,2026-01-15 14:05:00,41.5,41.58,41.5,41.58,86100,3575772.0
000034.SZ,2026-01-15 14:06:00,41.57,41.57,41.54,41.55,40500,1683087.0
000034.SZ,2026-01-15 14:07:00,41.54,41.57,41.51,41.57,107600,4468998.0
000034.SZ,2026-01-15 14:08:00,41.55,41.58,41.55,41.58,63100,2622254.0
000034.SZ,2026-01-15 14:09:00,41.56,41.56,41.52,41.52,36100,1499799.0
000034.SZ,2026-01-15 14:10:00,41.52,41.52,41.47,41.48,259000,10747802.0
000034.SZ,2026-01-15 14:11:00,41.46,41.47,41.45,41.45,92500,3835039.0
000034.SZ,2026-01-15 14:12:00,41.45,41.48,41.45,41.48,36900,1529923.0
000034.SZ,2026-01-15 14:13:00,41.48,41.49,41.45,41.46,87800,3641171.0
000034.SZ,2026-01-15 14:14:00,41.46,41.48,41.41,41.42,121800,5048662.0
000034.SZ,2026-01-15 14:15:00,41.43,41.46,41.43,41.46,62100,2573435.0
000034.SZ,2026-01-15 14:16:00,41.46,41.46,41.44,41.45,43400,1798840.0
000034.SZ,2026-01-15 14:17:00,41.45,41.46,41.44,41.45,42400,1757573.0
000034.SZ,2026-01-15 14:18:00,41.45,41.46,41.4,41.41,106800,4424373.0
000034.SZ,2026-01-15 14:19:00,41.41,41.42,41.41,41.41,46900,1942318.0
000034.SZ,2026-01-15 14:20:00,41.41,41.42,41.41,41.41,53900,2232173.0
000034.SZ,2026-01-15 14:21:00,41.42,41.43,41.4,41.41,142500,5901109.0
000034.SZ,2026-01-15 14:22:00,41.41,41.44,41.4,41.44,81300,3367827.0
000034.SZ,2026-01-15 14:23:00,41.44,41.46,41.43,41.45,56700,2350019.0
000034.SZ,2026-01-15 14:24:00,41.44,41.49,41.44,41.49,59400,2463229.0
000034.SZ,2026-01-15 14:25:00,41.49,41.52,41.49,41.52,47300,1963087.0
000034.SZ,2026-01-15 14:26:00,41.51,41.56,41.51,41.56,37800,1569499.0
000034.SZ,2026-01-15 14:27:00,41.56,41.65,41.56,41.65,58900,2449404.0
000034.SZ,2026-01-15 14:28:00,41.65,41.66,41.65,41.65,81000,3373865.0
000034.SZ,2026-01-15 14:29:00,41.64,41.65,41.58,41.62,61100,2543702.0
000034.SZ,2026-01-15 14:30:00,41.59,41.6,41.55,41.58,45100,1874945.0
000034.SZ,2026-01-15 14:31:00,41.61,41.61,41.54,41.55,75300,3130769.0
000034.SZ,2026-01-15 14:32:00,41.54,41.54,41.46,41.47,69100,2868348.0
000034.SZ,2026-01-15 14:33:00,41.48,41.49,41.45,41.45,48800,2023876.0
000034.SZ,2026-01-15 14:34:00,41.45,41.5,41.42,41.45,125100,5186615.0
000034.SZ,2026-01-15 14:35:00,41.45,41.51,41.43,41.51,35100,1455072.0
000034.SZ,2026-01-15 14:36:00,41.47,41.49,41.45,41.49,52400,2173372.0
000034.SZ,2026-01-15 14:37:00,41.49,41.5,41.45,41.45,60600,2514357.0
000034.SZ,2026-01-15 14:38:00,41.46,41.48,41.46,41.48,24500,1015975.0
000034.SZ,2026-01-15 14:39:00,41.48,41.57,41.48,41.56,116200,4824661.0
000034.SZ,2026-01-15 14:40:00,41.56,41.58,41.54,41.57,36000,1495949.0
000034.SZ,2026-01-15 14:41:00,41.58,41.6,41.58,41.58,57000,2370533.0
000034.SZ,2026-01-15 14:42:00,41.59,41.69,41.59,41.67,70200,2923548.0
000034.SZ,2026-01-15 14:43:00,41.66,41.67,41.63,41.63,46700,1944873.0
000034.SZ,2026-01-15 14:44:00,41.64,41.64,41.59,41.6,85200,3545253.0
000034.SZ,2026-01-15 14:45:00,41.6,41.66,41.59,41.65,90200,3754458.0
000034.SZ,2026-01-15 14:46:00,41.65,41.65,41.6,41.64,85212,3547509.5
000034.SZ,2026-01-15 14:47:00,41.65,41.66,41.6,41.62,90288,3759160.2
000034.SZ,2026-01-15 14:48:00,41.63,41.63,41.58,41.59,105100,4372478.0
000034.SZ,2026-01-15 14:49:00,41.59,41.71,41.59,41.71,111200,4632870.0
000034.SZ,2026-01-15 14:50:00,41.71,41.74,41.7,41.71,198000,8260664.0
000034.SZ,2026-01-15 14:51:00,41.72,41.72,41.68,41.72,109000,4545401.0
000034.SZ,2026-01-15 14:52:00,41.68,41.71,41.67,41.67,101500,4230705.0
000034.SZ,2026-01-15 14:53:00,41.67,41.69,41.67,41.68,87600,3650901.0
000034.SZ,2026-01-15 14:54:00,41.7,41.7,41.67,41.67,117700,4905174.0
000034.SZ,2026-01-15 14:55:00,41.67,41.69,41.67,41.67,143500,5980401.0
000034.SZ,2026-01-15 14:56:00,41.68,41.68,41.66,41.68,109200,4550645.0
000034.SZ,2026-01-15 14:57:00,41.68,41.69,41.68,41.69,98700,4114328.0
000034.SZ,2026-01-15 14:58:00,41.69,41.69,41.69,41.69,0,0.0
000034.SZ,2026-01-15 14:59:00,41.69,41.69,41.69,41.69,0,0.0
000034.SZ,2026-01-15 15:00:00,41.72,41.72,41.72,41.72,192700,8039444.0
000034.SZ,2026-01-16 09:30:00,41.5,41.71,41.5,41.6,246000,10209785.0
000034.SZ,2026-01-16 09:31:00,41.8,41.88,41.6,41.63,484500,20207520.0
000034.SZ,2026-01-16 09:32:00,41.73,41.89,41.65,41.75,403734,16852586.0
000034.SZ,2026-01-16 09:33:00,41.71,41.76,41.6,41.6,297100,12400560.0
000034.SZ,2026-01-16 09:34:00,41.58,41.72,41.58,41.72,200000,8331110.0
000034.SZ,2026-01-16 09:35:00,41.8,41.8,41.62,41.66,277700,11576316.0
000034.SZ,2026-01-16 09:36:00,41.68,41.76,41.67,41.72,159900,6669966.0
000034.SZ,2026-01-16 09:37:00,41.71,41.71,41.54,41.54,291700,12133856.0
000034.SZ,2026-01-16 09:38:00,41.57,41.6,41.51,41.57,281300,11688360.0
000034.SZ,2026-01-16 09:39:00,41.54,41.59,41.52,41.53,121800,5061280.0
000034.SZ,2026-01-16 09:40:00,41.53,41.53,41.5,41.52,338300,14043384.0
000034.SZ,2026-01-16 09:41:00,41.54,41.66,41.51,41.51,125700,5226950.0
000034.SZ,2026-01-16 09:42:00,41.55,41.55,41.42,41.43,294900,12232994.0
000034.SZ,2026-01-16 09:43:00,41.42,41.45,41.4,41.43,202700,8396714.0
000034.SZ,2026-01-16 09:44:00,41.44,41.44,41.34,41.34,247100,10229616.0
000034.SZ,2026-01-16 09:45:00,41.35,41.35,41.29,41.29,316400,13074642.0
000034.SZ,2026-01-16 09:46:00,41.3,41.32,41.26,41.3,246000,10158519.0
000034.SZ,2026-01-16 09:47:00,41.31,41.32,41.22,41.22,348200,14377591.0
000034.SZ,2026-01-16 09:48:00,41.21,41.22,41.11,41.11,334600,13782718.0
000034.SZ,2026-01-16 09:49:00,41.11,41.13,41.07,41.12,298600,12273575.0
000034.SZ,2026-01-16 09:50:00,41.14,41.2,41.1,41.16,210400,8657683.0
000034.SZ,2026-01-16 09:51:00,41.15,41.23,41.14,41.22,132500,5455151.0
000034.SZ,2026-01-16 09:52:00,41.25,41.37,41.23,41.29,105400,4354304.0
000034.SZ,2026-01-16 09:53:00,41.29,41.32,41.23,41.28,139800,5768274.0
000034.SZ,2026-01-16 09:54:00,41.28,41.28,41.21,41.23,153800,6341069.0
000034.SZ,2026-01-16 09:55:00,41.25,41.25,41.19,41.19,112600,4640608.0
000034.SZ,2026-01-16 09:56:00,41.2,41.22,41.16,41.16,173300,7140023.0
000034.SZ,2026-01-16 09:57:00,41.16,41.17,41.1,41.13,263600,10838779.0
000034.SZ,2026-01-16 09:58:00,41.14,41.15,41.11,41.12,106400,4375711.0
000034.SZ,2026-01-16 09:59:00,41.11,41.12,41.02,41.02,266700,10953017.0
000034.SZ,2026-01-16 10:00:00,41.02,41.04,40.93,41.03,488700,20033420.0
000034.SZ,2026-01-16 10:01:00,41.04,41.1,41.01,41.1,141285,5798304.0
000034.SZ,2026-01-16 10:02:00,41.09,41.09,41.0,41.0,109600,4498687.0
000034.SZ,2026-01-16 10:03:00,41.0,41.0,40.96,40.98,172500,7069498.0
000034.SZ,2026-01-16 10:04:00,40.98,40.98,40.92,40.94,196800,8060195.0
000034.SZ,2026-01-16 10:05:00,40.94,40.94,40.83,40.86,1010900,41316292.0
000034.SZ,2026-01-16 10:06:00,40.87,40.92,40.85,40.89,427621,17479668.0
000034.SZ,2026-01-16 10:07:00,40.89,40.9,40.87,40.88,206200,8429203.0
000034.SZ,2026-01-16 10:08:00,40.88,40.88,40.81,40.82,306100,12503116.0
000034.SZ,2026-01-16 10:09:00,40.83,40.84,40.81,40.81,154300,6298689.0
000034.SZ,2026-01-16 10:10:00,40.81,40.82,40.8,40.8,197100,8043719.0
000034.SZ,2026-01-16 10:11:00,40.82,40.89,40.8,40.83,161000,6572953.0
000034.SZ,2026-01-16 10:12:00,40.83,40.84,40.76,40.78,321300,13109157.0
000034.SZ,2026-01-16 10:13:00,40.76,40.77,40.69,40.74,336700,13709624.0
000034.SZ,2026-01-16 10:14:00,40.73,40.79,40.72,40.77,243000,9905922.0
000034.SZ,2026-01-16 10:15:00,40.78,40.79,40.74,40.75,187700,7650543.0
000034.SZ,2026-01-16 10:16:00,40.75,40.77,40.72,40.77,114500,4664840.0
000034.SZ,2026-01-16 10:17:00,40.76,40.88,40.76,40.88,246900,10075287.0
000034.SZ,2026-01-16 10:18:00,40.89,40.92,40.86,40.86,103900,4248855.0
000034.SZ,2026-01-16 10:19:00,40.84,40.84,40.78,40.79,287200,11719034.0
000034.SZ,2026-01-16 10:20:00,40.82,40.82,40.75,40.79,126200,5147278.0
000034.SZ,2026-01-16 10:21:00,40.78,40.8,40.74,40.8,84618,3449193.2
000034.SZ,2026-01-16 10:22:00,40.78,40.82,40.74,40.74,155100,6324920.0
000034.SZ,2026-01-16 10:23:00,40.76,40.76,40.62,40.62,410282,16693836.0
000034.SZ,2026-01-16 10:24:00,40.6,40.6,40.46,40.47,452300,18334940.0
000034.SZ,2026-01-16 10:25:00,40.47,40.47,40.28,40.28,320600,12933357.0
000034.SZ,2026-01-16 10:26:00,40.3,40.39,40.27,40.38,619900,25003848.0
000034.SZ,2026-01-16 10:27:00,40.38,40.41,40.33,40.38,205900,8314407.0
000034.SZ,2026-01-16 10:28:00,40.39,40.45,40.34,40.34,218400,8818139.0
000034.SZ,2026-01-16 10:29:00,40.34,40.34,40.23,40.24,343100,13823106.0
000034.SZ,2026-01-16 10:30:00,40.26,40.31,40.22,40.31,171600,6906772.0
000034.SZ,2026-01-16 10:31:00,40.32,40.33,40.3,40.32,257300,10372155.0
000034.SZ,2026-01-16 10:32:00,40.33,40.33,40.28,40.29,254300,10247186.0
000034.SZ,2026-01-16 10:33:00,40.3,40.47,40.3,40.43,112300,4536024.0
000034.SZ,2026-01-16 10:34:00,40.42,40.46,40.38,40.38,97600,3945116.0
000034.SZ,2026-01-16 10:35:00,40.38,40.45,40.38,40.45,113900,4600817.0
000034.SZ,2026-01-16 10:36:00,40.46,40.58,40.46,40.56,126000,5105962.0
000034.SZ,2026-01-16 10:37:00,40.56,40.57,40.53,40.55,42800,1735588.0
000034.SZ,2026-01-16 10:38:00,40.56,40.56,40.51,40.51,58600,2375928.0
000034.SZ,2026-01-16 10:39:00,40.54,40.55,40.51,40.51,44000,1783257.0
000034.SZ,2026-01-16 10:40:00,40.51,40.56,40.51,40.53,165500,6711029.0
000034.SZ,2026-01-16 10:41:00,40.57,40.63,40.57,40.6,82600,3353665.0
000034.SZ,2026-01-16 10:42:00,40.59,40.6,40.57,40.59,64300,2610011.0
000034.SZ,2026-01-16 10:43:00,40.58,40.6,40.56,40.57,26300,1067240.0
000034.SZ,2026-01-16 10:44:00,40.55,40.57,40.5,40.57,75300,3051318.0
000034.SZ,2026-01-16 10:45:00,40.55,40.56,40.52,40.52,36300,1471139.0
000034.SZ,2026-01-16 10:46:00,40.52,40.54,40.5,40.53,43800,1774804.0
000034.SZ,2026-01-16 10:47:00,40.57,40.58,40.51,40.53,56700,2298253.0
000034.SZ,2026-01-16 10:48:00,40.52,40.52,40.44,40.44,88700,3591469.0
000034.SZ,2026-01-16 10:49:00,40.44,40.46,40.42,40.42,92700,3748160.0
000034.SZ,2026-01-16 10:50:00,40.44,40.46,40.41,40.44,51000,2061889.0
000034.SZ,2026-01-16 10:51:00,40.47,40.58,40.47,40.55,71800,2910406.0
000034.SZ,2026-01-16 10:52:00,40.56,40.59,40.56,40.57,42500,1724342.0
000034.SZ,2026-01-16 10:53:00,40.55,40.55,40.44,40.45,45100,1826117.0
000034.SZ,2026-01-16 10:54:00,40.44,40.45,40.43,40.45,59800,2418080.0
000034.SZ,2026-01-16 10:55:00,40.45,40.48,40.43,40.47,31200,1262048.0
000034.SZ,2026-01-16 10:56:00,40.47,40.55,40.46,40.54,51000,2065094.0
000034.SZ,2026-01-16 10:57:00,40.55,40.57,40.54,40.54,59900,2429969.0
000034.SZ,2026-01-16 10:58:00,40.53,40.54,40.5,40.52,27500,1114432.0
000034.SZ,2026-01-16 10:59:00,40.52,40.53,40.51,40.53,35200,1426485.0
000034.SZ,2026-01-16 11:00:00,40.53,40.55,40.51,40.53,18800,761861.0
000034.SZ,2026-01-16 11:01:00,40.53,40.63,40.53,40.63,36900,1497842.0
000034.SZ,2026-01-16 11:02:00,40.64,40.71,40.64,40.7,58500,2379311.0
000034.SZ,2026-01-16 11:03:00,40.74,40.78,40.73,40.75,77600,3162793.0
000034.SZ,2026-01-16 11:04:00,40.73,40.77,40.69,40.69,147500,6008557.0
000034.SZ,2026-01-16 11:05:00,40.7,40.71,40.68,40.71,54800,2230350.0
000034.SZ,2026-01-16 11:06:00,40.71,40.76,40.71,40.71,56700,2308910.0
000034.SZ,2026-01-16 11:07:00,40.7,40.7,40.64,40.67,57219,2327566.8
000034.SZ,2026-01-16 11:08:00,40.67,40.73,40.67,40.68,26100,1062193.0
000034.SZ,2026-01-16 11:09:00,40.7,40.74,40.66,40.69,35500,1445116.0
000034.SZ,2026-01-16 11:10:00,40.69,40.74,40.66,40.72,26200,1065997.0
000034.SZ,2026-01-16 11:11:00,40.7,40.71,40.66,40.67,22000,895095.0
000034.SZ,2026-01-16 11:12:00,40.67,40.67,40.65,40.67,113000,4594251.0
000034.SZ,2026-01-16 11:13:00,40.67,40.67,40.61,40.61,92300,3752393.0
000034.SZ,2026-01-16 11:14:00,40.61,40.65,40.6,40.63,49300,2003053.0
000034.SZ,2026-01-16 11:15:00,40.64,40.64,40.59,40.59,56800,2306562.0
000034.SZ,2026-01-16 11:16:00,40.58,40.6,40.55,40.57,54800,2223294.0
000034.SZ,2026-01-16 11:17:00,40.57,40.67,40.57,40.6,61500,2498505.0
000034.SZ,2026-01-16 11:18:00,40.6,40.64,40.59,40.63,24400,990824.0
000034.SZ,2026-01-16 11:19:00,40.63,40.63,40.52,40.52,63300,2569418.0
000034.SZ,2026-01-16 11:20:00,40.52,40.57,40.52,40.57,36200,1467232.0
000034.SZ,2026-01-16 11:21:00,40.62,40.68,40.55,40.56,17800,722821.0
000034.SZ,2026-01-16 11:22:00,40.63,40.68,40.61,40.63,21500,873731.0
000034.SZ,2026-01-16 11:23:00,40.65,40.71,40.64,40.69,46600,1895390.0
000034.SZ,2026-01-16 11:24:00,40.69,40.73,40.69,40.72,35400,1441286.0
000034.SZ,2026-01-16 11:25:00,40.72,40.73,40.7,40.71,48500,1974587.0
000034.SZ,2026-01-16 11:26:00,40.72,40.74,40.71,40.73,30600,1246274.0
000034.SZ,2026-01-16 11:27:00,40.73,40.74,40.72,40.72,33800,1376586.0
000034.SZ,2026-01-16 11:28:00,40.73,40.74,40.71,40.73,41400,1686183.0
000034.SZ,2026-01-16 11:29:00,40.72,40.73,40.66,40.66,78300,3188701.0
000034.SZ,2026-01-16 11:30:00,40.66,40.68,40.63,40.63,31100,1264562.0
000034.SZ,2026-01-16 13:01:00,40.7,41.55,40.68,41.55,1238800,51055544.0
000034.SZ,2026-01-16 13:02:00,41.53,41.53,41.04,41.04,176900,7317854.0
000034.SZ,2026-01-16 13:03:00,41.1,41.17,41.02,41.02,94300,3877462.0
000034.SZ,2026-01-16 13:04:00,41.01,41.13,41.01,41.06,112400,4617101.0
000034.SZ,2026-01-16 13:05:00,41.05,41.19,41.05,41.19,172800,7106969.0
000034.SZ,2026-01-16 13:06:00,41.19,41.25,41.14,41.18,73100,3012205.0
000034.SZ,2026-01-16 13:07:00,41.16,41.18,41.08,41.14,73800,3035916.0
000034.SZ,2026-01-16 13:08:00,41.11,41.14,41.1,41.11,57100,2347759.0
000034.SZ,2026-01-16 13:09:00,41.11,41.31,41.11,41.3,214900,8857586.0
000034.SZ,2026-01-16 13:10:00,41.38,41.45,41.21,41.39,214500,8874316.0
000034.SZ,2026-01-16 13:11:00,41.41,41.47,41.36,41.38,318600,13199565.0
000034.SZ,2026-01-16 13:12:00,41.37,41.39,41.34,41.36,87700,3627589.0
000034.SZ,2026-01-16 13:13:00,41.36,41.42,41.35,41.41,78100,3232485.0
000034.SZ,2026-01-16 13:14:00,41.4,41.41,41.25,41.25,103300,4274117.0
000034.SZ,2026-01-16 13:15:00,41.25,41.25,41.2,41.23,75700,3122741.0
000034.SZ,2026-01-16 13:16:00,41.23,41.23,41.17,41.18,60000,2472113.0
000034.SZ,2026-01-16 13:17:00,41.17,41.2,41.16,41.18,40900,1684497.0
000034.SZ,2026-01-16 13:18:00,41.16,41.2,41.15,41.15,58600,2412934.8
000034.SZ,2026-01-16 13:19:00,41.15,41.15,41.12,41.12,28100,1155826.0
000034.SZ,2026-01-16 13:20:00,41.14,41.19,41.14,41.19,33700,1387198.0
000034.SZ,2026-01-16 13:21:00,41.19,41.23,41.15,41.19,77700,3200190.0
000034.SZ,2026-01-16 13:22:00,41.21,41.21,41.17,41.18,23300,959709.0
000034.SZ,2026-01-16 13:23:00,41.2,41.21,41.17,41.17,35000,1441364.0
000034.SZ,2026-01-16 13:24:00,41.15,41.17,41.15,41.17,25200,1037103.0
000034.SZ,2026-01-16 13:25:00,41.18,41.18,41.16,41.18,25100,1033356.0
000034.SZ,2026-01-16 13:26:00,41.18,41.2,41.18,41.18,71100,2927851.0
000034.SZ,2026-01-16 13:27:00,41.18,41.18,41.12,41.13,45500,1872097.0
000034.SZ,2026-01-16 13:28:00,41.14,41.2,41.14,41.19,93700,3858697.0
000034.SZ,2026-01-16 13:29:00,41.19,41.19,41.15,41.15,57000,2346617.0
000034.SZ,2026-01-16 13:30:00,41.15,41.17,41.1,41.1,72700,2990102.0
000034.SZ,2026-01-16 13:31:00,41.11,41.13,41.09,41.11,50500,2075666.0
000034.SZ,2026-01-16 13:32:00,41.13,41.16,41.1,41.13,56800,2336401.0
000034.SZ,2026-01-16 13:33:00,41.11,41.17,41.11,41.15,94400,3883680.0
000034.SZ,2026-01-16 13:34:00,41.14,41.16,41.11,41.16,42100,1731701.0
000034.SZ,2026-01-16 13:35:00,41.14,41.26,41.14,41.25,244700,10079818.0
000034.SZ,2026-01-16 13:36:00,41.26,41.33,41.26,41.33,90600,3740461.0
000034.SZ,2026-01-16 13:37:00,41.31,41.34,41.3,41.3,38000,1570211.0
000034.SZ,2026-01-16 13:38:00,41.3,41.33,41.28,41.33,123700,5108369.0
000034.SZ,2026-01-16 13:39:00,41.29,41.35,41.29,41.35,50200,2074471.0
000034.SZ,2026-01-16 13:40:00,41.35,41.36,41.33,41.36,81600,3372887.0
000034.SZ,2026-01-16 13:41:00,41.33,41.38,41.33,41.38,76600,3167883.0
000034.SZ,2026-01-16 13:42:00,41.39,41.41,41.39,41.39,106500,4408937.0
000034.SZ,2026-01-16 13:43:00,41.38,41.43,41.38,41.39,80400,3329483.0
000034.SZ,2026-01-16 13:44:00,41.39,41.4,41.34,41.35,98400,4070165.0
000034.SZ,2026-01-16 13:45:00,41.33,41.4,41.33,41.38,110900,4589457.0
000034.SZ,2026-01-16 13:46:00,41.38,41.41,41.36,41.38,73000,3021282.0
000034.SZ,2026-01-16 13:47:00,41.38,41.47,41.33,41.46,132400,5482408.0
000034.SZ,2026-01-16 13:48:00,41.47,41.48,41.43,41.45,54000,2239061.0
000034.SZ,2026-01-16 13:49:00,41.45,41.47,41.43,41.47,150800,6251048.0
000034.SZ,2026-01-16 13:50:00,41.47,41.47,41.42,41.42,60600,2511629.0
000034.SZ,2026-01-16 13:51:00,41.42,41.43,41.35,41.35,37100,1536189.0
000034.SZ,2026-01-16 13:52:00,41.35,41.35,41.29,41.29,44500,1838505.0
000034.SZ,2026-01-16 13:53:00,41.3,41.33,41.28,41.33,45400,1874730.0
000034.SZ,2026-01-16 13:54:00,41.3,41.35,41.29,41.35,38300,1581968.0
000034.SZ,2026-01-16 13:55:00,41.33,41.33,41.28,41.28,33000,1363064.0
000034.SZ,2026-01-16 13:56:00,41.28,41.3,41.28,41.29,25037,1033743.4
000034.SZ,2026-01-16 13:57:00,41.28,41.29,41.28,41.28,12500,516025.0
000034.SZ,2026-01-16 13:58:00,41.29,41.3,41.28,41.29,44200,1824991.0
000034.SZ,2026-01-16 13:59:00,41.29,41.35,41.29,41.35,22000,908760.0
000034.SZ,2026-01-16 14:00:00,41.35,41.36,41.3,41.31,39900,1648464.0
000034.SZ,2026-01-16 14:01:00,41.32,41.32,41.27,41.27,81663,3372318.2
000034.SZ,2026-01-16 14:02:00,41.26,41.3,41.26,41.29,47200,1947982.0
000034.SZ,2026-01-16 14:03:00,41.27,41.27,41.21,41.21,61300,2528706.0
000034.SZ,2026-01-16 14:04:00,41.23,41.27,41.23,41.26,35600,1467859.0
000034.SZ,2026-01-16 14:05:00,41.26,41.27,41.24,41.26,41000,1691817.0
000034.SZ,2026-01-16 14:06:00,41.26,41.26,41.22,41.24,69300,2857581.0
000034.SZ,2026-01-16 14:07:00,41.25,41.25,41.22,41.22,26500,1092783.0
000034.SZ,2026-01-16 14:08:00,41.22,41.29,41.22,41.29,54600,2252889.0
000034.SZ,2026-01-16 14:09:00,41.3,41.32,41.28,41.3,24900,1028347.0
000034.SZ,2026-01-16 14:10:00,41.3,41.31,41.27,41.27,41800,1725971.0
000034.SZ,2026-01-16 14:11:00,41.27,41.28,41.18,41.2,52300,2156346.0
000034.SZ,2026-01-16 14:12:00,41.2,41.23,41.16,41.21,49200,2026973.0
000034.SZ,2026-01-16 14:13:00,41.22,41.26,41.21,41.26,38900,1604407.0
000034.SZ,2026-01-16 14:14:00,41.25,41.26,41.25,41.26,15300,631162.0
000034.SZ,2026-01-16 14:15:00,41.25,41.26,41.22,41.22,46900,1934478.0
000034.SZ,2026-01-16 14:16:00,41.21,41.22,41.16,41.17,42900,1767395.0
000034.SZ,2026-01-16 14:17:00,41.15,41.19,41.15,41.19,34600,1424382.0
000034.SZ,2026-01-16 14:18:00,41.17,41.22,41.17,41.2,18500,762020.0
000034.SZ,2026-01-16 14:19:00,41.18,41.25,41.18,41.21,28400,1170588.0
000034.SZ,2026-01-16 14:20:00,41.23,41.26,41.21,41.25,33100,1364963.0
000034.SZ,2026-01-16 14:21:00,41.25,41.25,41.2,41.2,31100,1282232.0
000034.SZ,2026-01-16 14:22:00,41.22,41.24,41.2,41.22,13500,556438.0
000034.SZ,2026-01-16 14:23:00,41.22,41.24,41.22,41.23,31900,1315249.0
000034.SZ,2026-01-16 14:24:00,41.22,41.26,41.22,41.25,33000,1360967.0
000034.SZ,2026-01-16 14:25:00,41.25,41.25,41.21,41.21,51700,2132034.0
000034.SZ,2026-01-16 14:26:00,41.22,41.22,41.21,41.21,39200,1615564.0
000034.SZ,2026-01-16 14:27:00,41.22,41.22,41.19,41.19,41900,1726553.0
000034.SZ,2026-01-16 14:28:00,41.2,41.23,41.18,41.22,37400,1540656.0
000034.SZ,2026-01-16 14:29:00,41.22,41.22,41.17,41.2,41900,1726073.0
000034.SZ,2026-01-16 14:30:00,41.19,41.22,41.19,41.21,56200,2315820.0
000034.SZ,2026-01-16 14:31:00,41.17,41.21,41.15,41.16,51300,2112144.0
000034.SZ,2026-01-16 14:32:00,41.14,41.17,41.13,41.17,92000,3785590.0
000034.SZ,2026-01-16 14:33:00,41.16,41.16,41.13,41.13,15200,625417.0
000034.SZ,2026-01-16 14:34:00,41.14,41.17,41.12,41.16,66800,2748078.0
000034.SZ,2026-01-16 14:35:00,41.15,41.21,41.15,41.21,53300,2195572.0
000034.SZ,2026-01-16 14:36:00,41.21,41.23,41.2,41.22,41700,1718973.0
000034.SZ,2026-01-16 14:37:00,41.22,41.23,41.2,41.2,98500,4059798.0
000034.SZ,2026-01-16 14:38:00,41.21,41.22,41.13,41.13,69800,2874468.0
000034.SZ,2026-01-16 14:39:00,41.14,41.17,41.14,41.14,50000,2057263.0
000034.SZ,2026-01-16 14:40:00,41.14,41.19,41.14,41.15,22200,913572.0
000034.SZ,2026-01-16 14:41:00,41.15,41.18,41.15,41.15,44500,1831642.0
000034.SZ,2026-01-16 14:42:00,41.15,41.16,41.14,41.14,65800,2707837.0
000034.SZ,2026-01-16 14:43:00,41.15,41.15,41.13,41.13,66300,2727539.0
000034.SZ,2026-01-16 14:44:00,41.15,41.18,41.14,41.16,25500,1049548.0
000034.SZ,2026-01-16 14:45:00,41.16,41.17,41.15,41.16,43500,1790609.0
000034.SZ,2026-01-16 14:46:00,41.15,41.17,41.14,41.15,84500,3477389.0
000034.SZ,2026-01-16 14:47:00,41.15,41.16,41.14,41.15,87300,3592422.0
000034.SZ,2026-01-16 14:48:00,41.16,41.17,41.15,41.17,58800,2419863.0
000034.SZ,2026-01-16 14:49:00,41.16,41.18,41.15,41.16,107600,4429207.0
000034.SZ,2026-01-16 14:50:00,41.16,41.16,41.12,41.12,103300,4249589.0
000034.SZ,2026-01-16 14:51:00,41.15,41.15,41.12,41.12,60700,2496684.0
000034.SZ,2026-01-16 14:52:00,41.12,41.12,41.1,41.1,54600,2244812.0
000034.SZ,2026-01-16 14:53:00,41.1,41.12,41.1,41.11,58500,2404939.0
000034.SZ,2026-01-16 14:54:00,41.11,41.13,41.11,41.12,77000,3166204.0
000034.SZ,2026-01-16 14:55:00,41.12,41.14,41.12,41.12,106400,4375716.0
000034.SZ,2026-01-16 14:56:00,41.13,41.14,41.12,41.12,113900,4684489.0
000034.SZ,2026-01-16 14:57:00,41.11,41.13,41.11,41.12,90807,3734093.8
000034.SZ,2026-01-16 14:58:00,41.12,41.12,41.12,41.12,0,0.0
000034.SZ,2026-01-16 14:59:00,41.12,41.12,41.12,41.12,0,0.0
000034.SZ,2026-01-16 15:00:00,41.12,41.12,41.12,41.12,137900,5670448.0
000034.SZ,2026-01-19 09:30:00,40.86,40.88,40.86,40.88,84900,3469044.0
000034.SZ,2026-01-19 09:31:00,40.85,40.99,40.66,40.85,515600,21071536.0
000034.SZ,2026-01-19 09:32:00,40.7,40.7,40.55,40.66,372800,15152636.0
000034.SZ,2026-01-19 09:33:00,40.6,40.64,40.42,40.47,307300,12453349.0
000034.SZ,2026-01-19 09:34:00,40.46,40.5,40.32,40.33,263400,10647040.0
000034.SZ,2026-01-19 09:35:00,40.33,40.33,40.27,40.27,341976,13784959.0
000034.SZ,2026-01-19 09:36:00,40.28,40.43,40.28,40.38,218900,8835449.0
000034.SZ,2026-01-19 09:37:00,40.38,40.38,40.3,40.36,262000,10570280.0
000034.SZ,2026-01-19 09:38:00,40.36,40.49,40.36,40.41,184600,7460490.0
000034.SZ,2026-01-19 09:39:00,40.41,40.41,40.26,40.34,811200,32715212.0
000034.SZ,2026-01-19 09:40:00,40.34,40.44,40.34,40.44,228700,9236439.0
000034.SZ,2026-01-19 09:41:00,40.53,40.64,40.53,40.59,154700,6276684.0
000034.SZ,2026-01-19 09:42:00,40.61,40.61,40.5,40.53,106900,4334250.0
000034.SZ,2026-01-19 09:43:00,40.53,40.54,40.43,40.43,105800,4284954.5
000034.SZ,2026-01-19 09:44:00,40.43,40.43,40.22,40.23,325200,13113911.0
000034.SZ,2026-01-19 09:45:00,40.23,40.46,40.23,40.37,202900,8181514.0
000034.SZ,2026-01-19 09:46:00,40.39,40.46,40.34,40.46,99000,3999489.0
000034.SZ,2026-01-19 09:47:00,40.46,40.52,40.42,40.52,158200,6400308.0
000034.SZ,2026-01-19 09:48:00,40.49,40.53,40.48,40.48,67900,2749998.0
000034.SZ,2026-01-19 09:49:00,40.47,40.47,40.42,40.46,88700,3587048.0
000034.SZ,2026-01-19 09:50:00,40.46,40.53,40.43,40.52,99800,4039960.0
000034.SZ,2026-01-19 09:51:00,40.52,40.59,40.52,40.59,106100,4301895.0
000034.SZ,2026-01-19 09:52:00,40.58,40.6,40.52,40.6,88600,3592919.0
000034.SZ,2026-01-19 09:53:00,40.62,40.74,40.62,40.74,93500,3802272.0
000034.SZ,2026-01-19 09:54:00,40.74,40.76,40.72,40.73,94100,3833658.0
000034.SZ,2026-01-19 09:55:00,40.76,40.87,40.72,40.83,215400,8794132.0
000034.SZ,2026-01-19 09:56:00,40.89,40.9,40.87,40.89,103200,4219669.0
000034.SZ,2026-01-19 09:57:00,40.88,40.88,40.79,40.79,195800,7993720.0
000034.SZ,2026-01-19 09:58:00,40.82,40.9,40.79,40.9,158200,6464292.0
000034.SZ,2026-01-19 09:59:00,40.91,40.93,40.89,40.89,71100,2908911.0
000034.SZ,2026-01-19 10:00:00,40.9,41.05,40.88,41.05,215100,8804318.0
000034.SZ,2026-01-19 10:01:00,41.06,41.08,40.97,41.02,260000,10664846.0
000034.SZ,2026-01-19 10:02:00,41.02,41.03,41.01,41.01,179321,7354612.0
000034.SZ,2026-01-19 10:03:00,41.02,41.02,40.99,41.0,137279,5629625.0
000034.SZ,2026-01-19 10:04:00,41.0,41.0,40.97,40.98,165758,6793687.5
000034.SZ,2026-01-19 10:05:00,41.01,41.01,40.93,40.94,66042,2706202.8
000034.SZ,2026-01-19 10:06:00,40.94,40.94,40.89,40.89,127300,5207369.0
000034.SZ,2026-01-19 10:07:00,40.9,40.94,40.9,40.9,67500,2760999.0
000034.SZ,2026-01-19 10:08:00,40.9,40.91,40.89,40.9,28800,1177774.0
000034.SZ,2026-01-19 10:09:00,40.89,40.94,40.89,40.91,58300,2384960.0
000034.SZ,2026-01-19 10:10:00,40.91,40.92,40.9,40.92,36500,1493175.0
000034.SZ,2026-01-19 10:11:00,40.92,41.0,40.92,40.98,194600,7973389.0
000034.SZ,2026-01-19 10:12:00,40.98,40.98,40.93,40.94,45300,1855678.0
000034.SZ,2026-01-19 10:13:00,40.96,40.96,40.84,40.84,140900,5760894.0
000034.SZ,2026-01-19 10:14:00,40.85,40.92,40.84,40.92,41800,1708423.0
000034.SZ,2026-01-19 10:15:00,40.93,40.93,40.84,40.85,127100,5196600.0
000034.SZ,2026-01-19 10:16:00,40.83,40.84,40.82,40.82,137900,5628705.0
000034.SZ,2026-01-19 10:17:00,40.82,40.84,40.8,40.84,35800,1461132.0
000034.SZ,2026-01-19 10:18:00,40.84,40.84,40.8,40.8,34500,1408075.0
000034.SZ,2026-01-19 10:19:00,40.8,40.81,40.78,40.78,86600,3532969.0
000034.SZ,2026-01-19 10:20:00,40.78,40.8,40.78,40.79,25000,1019726.0
000034.SZ,2026-01-19 10:21:00,40.79,40.81,40.78,40.81,87600,3573807.0
000034.SZ,2026-01-19 10:22:00,40.81,40.81,40.77,40.78,126800,5172636.0
000034.SZ,2026-01-19 10:23:00,40.78,40.79,40.78,40.78,24600,1003221.0
000034.SZ,2026-01-19 10:24:00,40.77,40.78,40.74,40.76,57400,2339408.0
000034.SZ,2026-01-19 10:25:00,40.77,40.77,40.74,40.75,34700,1414263.0
000034.SZ,2026-01-19 10:26:00,40.76,40.78,40.75,40.78,49300,2009262.0
000034.SZ,2026-01-19 10:27:00,40.77,40.77,40.72,40.73,43300,1763860.0
000034.SZ,2026-01-19 10:28:00,40.71,40.77,40.71,40.75,57100,2326326.0
000034.SZ,2026-01-19 10:29:00,40.77,40.82,40.77,40.79,103700,4230977.0
000034.SZ,2026-01-19 10:30:00,40.79,40.81,40.75,40.75,68800,2805753.0
000034.SZ,2026-01-19 10:31:00,40.77,40.77,40.71,40.72,46400,1890535.0
000034.SZ,2026-01-19 10:32:00,40.74,40.74,40.68,40.68,134707,5483469.0
000034.SZ,2026-01-19 10:33:00,40.68,40.71,40.65,40.65,63100,2566910.0
000034.SZ,2026-01-19 10:34:00,40.65,40.69,40.62,40.64,71000,2885901.0
000034.SZ,2026-01-19 10:35:00,40.62,40.62,40.6,40.61,55700,2261979.0
000034.SZ,2026-01-19 10:36:00,40.61,40.68,40.6,40.67,57700,2344449.0
000034.SZ,2026-01-19 10:37:00,40.65,40.68,40.64,40.64,42300,1719572.0
000034.SZ,2026-01-19 10:38:00,40.65,40.66,40.61,40.66,40300,1637986.0
000034.SZ,2026-01-19 10:39:00,40.67,40.68,40.63,40.66,57400,2333621.0
000034.SZ,2026-01-19 10:40:00,40.64,40.64,40.56,40.57,123800,5026743.0
000034.SZ,2026-01-19 10:41:00,40.58,40.59,40.55,40.57,32800,1330577.0
000034.SZ,2026-01-19 10:42:00,40.56,40.56,40.51,40.52,57500,2330513.0
000034.SZ,2026-01-19 10:43:00,40.51,40.52,40.5,40.51,82400,3337761.0
000034.SZ,2026-01-19 10:44:00,40.52,40.57,40.52,40.56,43400,1759720.0
000034.SZ,2026-01-19 10:45:00,40.57,40.58,40.55,40.57,31700,1285927.0
000034.SZ,2026-01-19 10:46:00,40.57,40.63,40.57,40.61,37500,1522442.0
000034.SZ,2026-01-19 10:47:00,40.62,40.64,40.62,40.64,25600,1040149.0
000034.SZ,2026-01-19 10:48:00,40.64,40.66,40.61,40.61,26900,1092768.0
000034.SZ,2026-01-19 10:49:00,40.61,40.62,40.59,40.62,32700,1327702.0
000034.SZ,2026-01-19 10:50:00,40.61,40.63,40.6,40.6,32200,1307525.0
000034.SZ,2026-01-19 10:51:00,40.6,40.61,40.6,40.61,35300,1433326.0
000034.SZ,2026-01-19 10:52:00,40.6,40.62,40.6,40.62,28300,1149111.0
000034.SZ,2026-01-19 10:53:00,40.61,40.62,40.58,40.58,33900,1376300.0
000034.SZ,2026-01-19 10:54:00,40.58,40.59,40.55,40.58,26100,1059047.0
000034.SZ,2026-01-19 10:55:00,40.56,40.59,40.56,40.59,27692,1123411.2
000034.SZ,2026-01-19 10:56:00,40.59,40.6,40.57,40.59,42700,1733091.1
000034.SZ,2026-01-19 10:57:00,40.59,40.61,40.59,40.59,32700,1327425.0
000034.SZ,2026-01-19 10:58:00,40.61,40.61,40.6,40.61,11200,454790.0
000034.SZ,2026-01-19 10:59:00,40.62,40.63,40.61,40.61,30800,1251044.0
000034.SZ,2026-01-19 11:00:00,40.62,40.62,40.59,40.6,38300,1555147.0
000034.SZ,2026-01-19 11:01:00,40.6,40.61,40.57,40.57,56800,2305721.0
000034.SZ,2026-01-19 11:02:00,40.57,40.58,40.55,40.56,62700,2543210.2
000034.SZ,2026-01-19 11:03:00,40.55,40.6,40.55,40.6,44819,1818583.9
000034.SZ,2026-01-19 11:04:00,40.6,40.6,40.58,40.59,11100,450598.0
000034.SZ,2026-01-19 11:05:00,40.59,40.61,40.59,40.6,35900,1457515.0
000034.SZ,2026-01-19 11:06:00,40.6,40.6,40.56,40.56,78481,3184752.0
000034.SZ,2026-01-19 11:07:00,40.57,40.6,40.57,40.58,30519,1238498.9
000034.SZ,2026-01-19 11:08:00,40.59,40.6,40.58,40.58,33200,1347623.0
000034.SZ,2026-01-19 11:09:00,40.59,40.59,40.56,40.56,21681,879754.2
000034.SZ,2026-01-19 11:10:00,40.57,40.58,40.55,40.56,36200,1468539.4
000034.SZ,2026-01-19 11:11:00,40.56,40.59,40.55,40.58,18300,742410.0
000034.SZ,2026-01-19 11:12:00,40.58,40.6,40.57,40.6,27200,1104180.0
000034.SZ,2026-01-19 11:13:00,40.6,40.6,40.52,40.52,105800,4291027.0
000034.SZ,2026-01-19 11:14:00,40.57,40.58,40.53,40.53,26300,1066424.0
000034.SZ,2026-01-19 11:15:00,40.55,40.57,40.53,40.57,27300,1107070.0
000034.SZ,2026-01-19 11:16:00,40.56,40.58,40.54,40.55,52400,2125127.0
000034.SZ,2026-01-19 11:17:00,40.54,40.55,40.53,40.54,23600,956779.0
000034.SZ,2026-01-19 11:18:00,40.55,40.57,40.55,40.57,26500,1074828.0
000034.SZ,2026-01-19 11:19:00,40.57,40.57,40.55,40.56,62100,2519041.0
000034.SZ,2026-01-19 11:20:00,40.56,40.56,40.52,40.53,62600,2537702.0
000034.SZ,2026-01-19 11:21:00,40.53,40.56,40.53,40.55,64800,2627008.0
000034.SZ,2026-01-19 11:22:00,40.55,40.56,40.42,40.43,516300,20905708.0
000034.SZ,2026-01-19 11:23:00,40.43,40.48,40.43,40.44,37800,1529184.0
000034.SZ,2026-01-19 11:24:00,40.44,40.47,40.41,40.46,51600,2086511.0
000034.SZ,2026-01-19 11:25:00,40.47,40.47,40.43,40.43,34500,1395576.0
000034.SZ,2026-01-19 11:26:00,40.44,40.44,40.41,40.41,57400,2319910.0
000034.SZ,2026-01-19 11:27:00,40.41,40.44,40.41,40.41,86600,3500160.0
000034.SZ,2026-01-19 11:28:00,40.43,40.44,40.41,40.42,63200,2554988.0
000034.SZ,2026-01-19 11:29:00,40.42,40.43,40.42,40.42,28400,1148108.0
000034.SZ,2026-01-19 11:30:00,40.42,40.44,40.41,40.41,65100,2631610.0
000034.SZ,2026-01-19 13:01:00,40.42,40.49,40.41,40.43,127200,5142747.0
000034.SZ,2026-01-19 13:02:00,40.41,40.42,40.39,40.39,66100,2670513.0
000034.SZ,2026-01-19 13:03:00,40.36,40.38,40.36,40.37,95900,3871631.0
000034.SZ,2026-01-19 13:04:00,40.37,40.39,40.35,40.39,65700,2651657.0
000034.SZ,2026-01-19 13:05:00,40.39,40.4,40.36,40.37,68100,2750132.0
000034.SZ,2026-01-19 13:06:00,40.36,40.39,40.36,40.39,72300,2917964.0
000034.SZ,2026-01-19 13:07:00,40.36,40.39,40.36,40.38,47200,1905980.0
000034.SZ,2026-01-19 13:08:00,40.37,40.41,40.36,40.4,81500,3291461.0
000034.SZ,2026-01-19 13:09:00,40.41,40.44,40.4,40.44,32000,1293700.0
000034.SZ,2026-01-19 13:10:00,40.45,40.48,40.44,40.47,52400,2119920.0
000034.SZ,2026-01-19 13:11:00,40.47,40.49,40.47,40.49,54000,2186026.0
000034.SZ,2026-01-19 13:12:00,40.5,40.51,40.47,40.48,96300,3899999.0
000034.SZ,2026-01-19 13:13:00,40.49,40.5,40.48,40.5,41800,1692403.0
000034.SZ,2026-01-19 13:14:00,40.5,40.51,40.49,40.5,32200,1304066.0
000034.SZ,2026-01-19 13:15:00,40.48,40.55,40.48,40.55,34400,1393761.0
000034.SZ,2026-01-19 13:16:00,40.55,40.55,40.5,40.5,49900,2022000.0
000034.SZ,2026-01-19 13:17:00,40.5,40.5,40.49,40.49,32200,1303989.0
000034.SZ,2026-01-19 13:18:00,40.49,40.54,40.49,40.54,69200,2803326.0
000034.SZ,2026-01-19 13:19:00,40.53,40.55,40.53,40.53,31600,1280830.0
000034.SZ,2026-01-19 13:20:00,40.53,40.55,40.52,40.55,30700,1244498.0
000034.SZ,2026-01-19 13:21:00,40.55,40.55,40.48,40.52,73300,2969863.0
000034.SZ,2026-01-19 13:22:00,40.54,40.54,40.49,40.5,46700,1891966.0
000034.SZ,2026-01-19 13:23:00,40.5,40.5,40.47,40.49,105000,4250679.0
000034.SZ,2026-01-19 13:24:00,40.47,40.49,40.46,40.48,57900,2343658.0
000034.SZ,2026-01-19 13:25:00,40.49,40.5,40.46,40.46,47500,1922905.0
000034.SZ,2026-01-19 13:26:00,40.46,40.5,40.46,40.5,40000,1619253.0
000034.SZ,2026-01-19 13:27:00,40.52,40.52,40.48,40.48,83000,3361182.0
000034.SZ,2026-01-19 13:28:00,40.47,40.49,40.46,40.49,28100,1137302.0
000034.SZ,2026-01-19 13:29:00,40.49,40.5,40.45,40.45,61000,2468825.0
000034.SZ,2026-01-19 13:30:00,40.46,40.46,40.44,40.46,100000,4043730.0
000034.SZ,2026-01-19 13:31:00,40.46,40.49,40.42,40.43,151500,6125903.0
000034.SZ,2026-01-19 13:32:00,40.42,40.5,40.42,40.46,55100,2229518.0
000034.SZ,2026-01-19 13:33:00,40.48,40.49,40.46,40.49,66300,2683683.0
000034.SZ,2026-01-19 13:34:00,40.5,40.54,40.5,40.53,17300,701092.0
000034.SZ,2026-01-19 13:35:00,40.52,40.53,40.49,40.49,48000,1944932.0
000034.SZ,2026-01-19 13:36:00,40.49,40.5,40.45,40.45,62000,2509693.0
000034.SZ,2026-01-19 13:37:00,40.45,40.47,40.44,40.46,39900,1614287.0
000034.SZ,2026-01-19 13:38:00,40.46,40.48,40.4,40.42,74600,3016627.0
000034.SZ,2026-01-19 13:39:00,40.44,40.5,40.42,40.48,33200,1343196.0
000034.SZ,2026-01-19 13:40:00,40.48,40.48,40.44,40.45,21700,877822.0
000034.SZ,2026-01-19 13:41:00,40.47,40.5,40.46,40.48,26100,1056350.0
000034.SZ,2026-01-19 13:42:00,40.47,40.5,40.46,40.49,27100,1097252.0
000034.SZ,2026-01-19 13:43:00,40.51,40.53,40.5,40.52,24100,976326.0
000034.SZ,2026-01-19 13:44:00,40.51,40.53,40.5,40.5,20200,818384.0
000034.SZ,2026-01-19 13:45:00,40.5,40.5,40.48,40.48,18700,757220.0
000034.SZ,2026-01-19 13:46:00,40.5,40.5,40.46,40.47,24900,1007858.0
000034.SZ,2026-01-19 13:47:00,40.47,40.47,40.45,40.45,23200,938748.0
000034.SZ,2026-01-19 13:48:00,40.46,40.49,40.45,40.48,41000,1659399.0
000034.SZ,2026-01-19 13:49:00,40.48,40.48,40.45,40.47,40700,1647065.0
000034.SZ,2026-01-19 13:50:00,40.46,40.47,40.42,40.43,66500,2689476.0
000034.SZ,2026-01-19 13:51:00,40.43,40.43,40.4,40.4,91200,3685152.0
000034.SZ,2026-01-19 13:52:00,40.39,40.4,40.38,40.38,81800,3303331.0
000034.SZ,2026-01-19 13:53:00,40.38,40.4,40.37,40.4,33900,1369164.0
000034.SZ,2026-01-19 13:54:00,40.39,40.4,40.37,40.38,76323,3082695.8
000034.SZ,2026-01-19 13:55:00,40.38,40.39,40.37,40.38,51177,2066220.2
000034.SZ,2026-01-19 13:56:00,40.38,40.4,40.38,40.4,56500,2282254.0
000034.SZ,2026-01-19 13:57:00,40.4,40.4,40.36,40.36,102000,4118790.0
000034.SZ,2026-01-19 13:58:00,40.35,40.37,40.35,40.37,46000,1856613.0
000034.SZ,2026-01-19 13:59:00,40.36,40.38,40.36,40.38,57200,2308949.0
000034.SZ,2026-01-19 14:00:00,40.38,40.41,40.35,40.35,65700,2652871.0
000034.SZ,2026-01-19 14:01:00,40.33,40.33,40.31,40.32,172600,6960830.0
000034.SZ,2026-01-19 14:02:00,40.32,40.39,40.31,40.39,62800,2533619.0
000034.SZ,2026-01-19 14:03:00,40.39,40.4,40.34,40.35,38600,1558110.0
000034.SZ,2026-01-19 14:04:00,40.35,40.41,40.35,40.4,22300,900377.0
000034.SZ,2026-01-19 14:05:00,40.41,40.45,40.41,40.44,16000,646866.0
000034.SZ,2026-01-19 14:06:00,40.43,40.43,40.39,40.4,64400,2602140.0
000034.SZ,2026-01-19 14:07:00,40.4,40.41,40.38,40.39,59900,2419180.0
000034.SZ,2026-01-19 14:08:00,40.4,40.41,40.39,40.41,74900,3026362.0
000034.SZ,2026-01-19 14:09:00,40.39,40.41,40.38,40.39,52900,2137168.0
000034.SZ,2026-01-19 14:10:00,40.4,40.44,40.4,40.44,18700,755650.0
000034.SZ,2026-01-19 14:11:00,40.44,40.46,40.41,40.45,22500,909858.0
000034.SZ,2026-01-19 14:12:00,40.47,40.48,40.42,40.43,70900,2865090.0
000034.SZ,2026-01-19 14:13:00,40.43,40.44,40.39,40.43,25100,1014430.0
000034.SZ,2026-01-19 14:14:00,40.43,40.47,40.43,40.47,25900,1047719.0
000034.SZ,2026-01-19 14:15:00,40.45,40.47,40.45,40.47,24700,999375.0
000034.SZ,2026-01-19 14:16:00,40.47,40.47,40.45,40.46,35000,1416045.0
000034.SZ,2026-01-19 14:17:00,40.46,40.46,40.43,40.45,49600,2005935.0
000034.SZ,2026-01-19 14:18:00,40.44,40.44,40.41,40.41,45100,1823386.0
000034.SZ,2026-01-19 14:19:00,40.44,40.45,40.42,40.43,47000,1900391.0
000034.SZ,2026-01-19 14:20:00,40.43,40.43,40.41,40.42,55200,2231434.0
000034.SZ,2026-01-19 14:21:00,40.42,40.43,40.39,40.4,75400,3046631.0
000034.SZ,2026-01-19 14:22:00,40.39,40.4,40.39,40.4,39000,1575330.0
000034.SZ,2026-01-19 14:23:00,40.4,40.43,40.39,40.42,85100,3438598.0
000034.SZ,2026-01-19 14:24:00,40.42,40.43,40.4,40.41,30200,1220357.0
000034.SZ,2026-01-19 14:25:00,40.4,40.42,40.39,40.4,36400,1470578.0
000034.SZ,2026-01-19 14:26:00,40.4,40.41,40.39,40.4,45400,1834231.0
000034.SZ,2026-01-19 14:27:00,40.39,40.41,40.39,40.4,48300,1951031.0
000034.SZ,2026-01-19 14:28:00,40.41,40.42,40.4,40.4,33800,1365661.0
000034.SZ,2026-01-19 14:29:00,40.4,40.4,40.37,40.37,186000,7511098.0
000034.SZ,2026-01-19 14:30:00,40.38,40.42,40.37,40.42,50200,2028161.0
000034.SZ,2026-01-19 14:31:00,40.42,40.43,40.42,40.42,43100,1742376.0
000034.SZ,2026-01-19 14:32:00,40.42,40.42,40.38,40.4,42800,1728991.0
000034.SZ,2026-01-19 14:33:00,40.4,40.4,40.38,40.38,65600,2649643.0
000034.SZ,2026-01-19 14:34:00,40.38,40.39,40.38,40.39,14700,593638.0
000034.SZ,2026-01-19 14:35:00,40.38,40.4,40.37,40.37,51400,2075720.0
000034.SZ,2026-01-19 14:36:00,40.39,40.39,40.36,40.37,106700,4308186.0
000034.SZ,2026-01-19 14:37:00,40.37,40.38,40.36,40.36,26100,1053579.0
000034.SZ,2026-01-19 14:38:00,40.36,40.37,40.35,40.36,50763,2048742.6
000034.SZ,2026-01-19 14:39:00,40.36,40.37,40.35,40.35,80037,3230238.0
000034.SZ,2026-01-19 14:40:00,40.36,40.38,40.35,40.38,87963,3550750.8
000034.SZ,2026-01-19 14:41:00,40.38,40.39,40.36,40.36,32400,1308185.0
000034.SZ,2026-01-19 14:42:00,40.37,40.39,40.37,40.38,35000,1413164.0
000034.SZ,2026-01-19 14:43:00,40.38,40.4,40.38,40.39,26200,1058155.0
000034.SZ,2026-01-19 14:44:00,40.38,40.4,40.37,40.37,46800,1889653.0
000034.SZ,2026-01-19 14:45:00,40.38,40.39,40.37,40.39,65800,2657169.0
000034.SZ,2026-01-19 14:46:00,40.39,40.4,40.38,40.38,61000,2463439.0
000034.SZ,2026-01-19 14:47:00,40.38,40.39,40.38,40.38,52500,2119981.0
000034.SZ,2026-01-19 14:48:00,40.39,40.39,40.37,40.37,47300,1909766.0
000034.SZ,2026-01-19 14:49:00,40.38,40.38,40.37,40.38,73100,2951371.0
000034.SZ,2026-01-19 14:50:00,40.39,40.39,40.37,40.37,86500,3492528.0
000034.SZ,2026-01-19 14:51:00,40.38,40.38,40.37,40.37,104200,4207117.0
000034.SZ,2026-01-19 14:52:00,40.37,40.38,40.36,40.36,89500,3613252.0
000034.SZ,2026-01-19 14:53:00,40.36,40.38,40.36,40.38,93600,3778291.0
000034.SZ,2026-01-19 14:54:00,40.36,40.4,40.36,40.4,75300,3041547.0
000034.SZ,2026-01-19 14:55:00,40.39,40.4,40.38,40.39,62000,2504193.0
000034.SZ,2026-01-19 14:56:00,40.38,40.4,40.38,40.38,84500,3412801.0
000034.SZ,2026-01-19 14:57:00,40.39,40.4,40.38,40.39,89907,3631414.8
000034.SZ,2026-01-19 14:58:00,40.39,40.39,40.39,40.39,0,0.0
000034.SZ,2026-01-19 14:59:00,40.39,40.39,40.39,40.39,0,0.0
000034.SZ,2026-01-19 15:00:00,40.39,40.39,40.39,40.39,186400,7528696.0
000034.SZ,2026-01-20 09:30:00,40.39,40.49,40.39,40.49,94500,3818628.0
000034.SZ,2026-01-20 09:31:00,40.58,40.68,40.48,40.62,427100,17318062.0
000034.SZ,2026-01-20 09:32:00,40.58,40.64,40.54,40.6,254800,10343932.0
000034.SZ,2026-01-20 09:33:00,40.6,40.62,40.57,40.6,108100,4388447.0
000034.SZ,2026-01-20 09:34:00,40.6,40.61,40.53,40.6,134650,5464266.5
000034.SZ,2026-01-20 09:35:00,40.6,40.6,40.51,40.53,128350,5205785.0
000034.SZ,2026-01-20 09:36:00,40.53,40.61,40.53,40.54,155190,6298394.5
000034.SZ,2026-01-20 09:37:00,40.58,40.58,40.51,40.53,91410,3706006.8
000034.SZ,2026-01-20 09:38:00,40.51,40.6,40.51,40.51,173100,7019455.5
000034.SZ,2026-01-20 09:39:00,40.5,40.52,40.48,40.5,144700,5860603.0
000034.SZ,2026-01-20 09:40:00,40.5,40.55,40.49,40.54,95100,3852657.0
000034.SZ,2026-01-20 09:41:00,40.51,40.51,40.43,40.44,77200,3124271.0
000034.SZ,2026-01-20 09:42:00,40.41,40.46,40.4,40.46,122900,4966896.0
000034.SZ,2026-01-20 09:43:00,40.42,40.45,40.41,40.45,67300,2720760.0
000034.SZ,2026-01-20 09:44:00,40.46,40.47,40.41,40.45,99200,4010205.0
000034.SZ,2026-01-20 09:45:00,40.42,40.44,40.3,40.39,109500,4421635.0
000034.SZ,2026-01-20 09:46:00,40.38,40.4,40.31,40.31,105600,4263150.0
000034.SZ,2026-01-20 09:47:00,40.33,40.36,40.3,40.34,108200,4364084.0
000034.SZ,2026-01-20 09:48:00,40.34,40.43,40.33,40.42,87700,3540272.0
000034.SZ,2026-01-20 09:49:00,40.42,40.44,40.39,40.42,47300,1911483.0
000034.SZ,2026-01-20 09:50:00,40.4,40.59,40.4,40.46,137000,5544606.0
000034.SZ,2026-01-20 09:51:00,40.46,40.48,40.44,40.45,52700,2132092.0
000034.SZ,2026-01-20 09:52:00,40.46,40.5,40.43,40.46,101900,4122471.0
000034.SZ,2026-01-20 09:53:00,40.48,40.48,40.41,40.41,50800,2054599.0
000034.SZ,2026-01-20 09:54:00,40.43,40.46,40.41,40.41,51600,2086346.0
000034.SZ,2026-01-20 09:55:00,40.42,40.42,40.34,40.35,83200,3359022.0
000034.SZ,2026-01-20 09:56:00,40.33,40.39,40.28,40.38,227400,9168167.0
000034.SZ,2026-01-20 09:57:00,40.4,40.4,40.35,40.36,37500,1513686.0
000034.SZ,2026-01-20 09:58:00,40.38,40.4,40.36,40.38,73100,2952300.0
000034.SZ,2026-01-20 09:59:00,40.38,40.38,40.31,40.32,67200,2710678.0
000034.SZ,2026-01-20 10:00:00,40.32,40.32,40.24,40.25,180500,7271918.0
000034.SZ,2026-01-20 10:01:00,40.25,40.25,40.16,40.18,160100,6437177.0
000034.SZ,2026-01-20 10:02:00,40.18,40.22,40.16,40.22,141400,5682533.0
000034.SZ,2026-01-20 10:03:00,40.23,40.3,40.23,40.28,57400,2310810.0
000034.SZ,2026-01-20 10:04:00,40.3,40.37,40.28,40.37,51300,2067788.0
000034.SZ,2026-01-20 10:05:00,40.33,40.38,40.33,40.37,38600,1557957.0
000034.SZ,2026-01-20 10:06:00,40.37,40.37,40.33,40.33,46900,1892476.0
000034.SZ,2026-01-20 10:07:00,40.34,40.36,40.33,40.33,47100,1900094.0
000034.SZ,2026-01-20 10:08:00,40.33,40.35,40.31,40.31,38600,1556835.0
000034.SZ,2026-01-20 10:09:00,40.32,40.34,40.26,40.26,98800,3982190.0
000034.SZ,2026-01-20 10:10:00,40.27,40.34,40.25,40.27,151500,6102107.0
000034.SZ,2026-01-20 10:11:00,40.28,40.28,40.19,40.19,127600,5131887.0
000034.SZ,2026-01-20 10:12:00,40.19,40.21,40.17,40.19,62000,2491636.0
000034.SZ,2026-01-20 10:13:00,40.19,40.19,40.1,40.1,178000,7145357.0
000034.SZ,2026-01-20 10:14:00,40.08,40.08,40.05,40.08,215200,8624428.0
000034.SZ,2026-01-20 10:15:00,40.1,40.1,40.04,40.05,173700,6960808.0
000034.SZ,2026-01-20 10:16:00,40.04,40.04,39.93,39.95,372800,14914092.0
000034.SZ,2026-01-20 10:17:00,39.98,40.01,39.96,39.99,130000,5198427.0
000034.SZ,2026-01-20 10:18:00,40.0,40.0,39.9,39.91,265100,10590017.0
000034.SZ,2026-01-20 10:19:00,39.91,39.91,39.87,39.88,163200,6509547.0
000034.SZ,2026-01-20 10:20:00,39.89,39.9,39.87,39.88,139700,5571657.0
000034.SZ,2026-01-20 10:21:00,39.85,39.86,39.83,39.85,193100,7694873.0
000034.SZ,2026-01-20 10:22:00,39.86,39.86,39.75,39.78,366751,14597321.0
000034.SZ,2026-01-20 10:23:00,39.81,39.81,39.79,39.81,174600,6946475.0
000034.SZ,2026-01-20 10:24:00,39.79,39.83,39.78,39.81,105900,4214657.0
000034.SZ,2026-01-20 10:25:00,39.82,39.86,39.78,39.86,201049,8004640.0
000034.SZ,2026-01-20 10:26:00,39.84,39.84,39.68,39.68,261249,10386166.0
000034.SZ,2026-01-20 10:27:00,39.68,39.68,39.61,39.68,170951,6778667.5
000034.SZ,2026-01-20 10:28:00,39.65,39.68,39.64,39.67,93500,3707863.0
000034.SZ,2026-01-20 10:29:00,39.67,39.71,39.64,39.66,101700,4034313.0
000034.SZ,2026-01-20 10:30:00,39.66,39.8,39.65,39.8,85800,3409256.0
000034.SZ,2026-01-20 10:31:00,39.8,39.8,39.71,39.73,106600,4237539.0
000034.SZ,2026-01-20 10:32:00,39.74,39.78,39.72,39.78,104100,4135611.0
000034.SZ,2026-01-20 10:33:00,39.77,39.78,39.76,39.78,85400,3397051.0
000034.SZ,2026-01-20 10:34:00,39.77,39.93,39.77,39.89,64700,2578816.0
000034.SZ,2026-01-20 10:35:00,39.95,39.95,39.86,39.87,78800,3145143.0
000034.SZ,2026-01-20 10:36:00,39.86,39.91,39.86,39.86,36600,1459906.0
000034.SZ,2026-01-20 10:37:00,39.88,39.95,39.87,39.95,166100,6627878.0
000034.SZ,2026-01-20 10:38:00,39.95,39.95,39.9,39.93,28000,1117747.0
000034.SZ,2026-01-20 10:39:00,39.9,39.93,39.89,39.9,24600,981685.0
000034.SZ,2026-01-20 10:40:00,39.88,39.93,39.87,39.92,123600,4930944.0
000034.SZ,2026-01-20 10:41:00,39.93,40.0,39.93,39.99,57500,2298056.0
000034.SZ,2026-01-20 10:42:00,39.97,39.99,39.95,39.96,31100,1243000.0
000034.SZ,2026-01-20 10:43:00,39.96,40.04,39.92,40.04,94398,3774354.0
000034.SZ,2026-01-20 10:44:00,40.01,40.04,39.97,40.0,42500,1700439.0
000034.SZ,2026-01-20 10:45:00,40.01,40.05,40.01,40.02,51200,2049821.0
000034.SZ,2026-01-20 10:46:00,40.03,40.03,39.99,40.01,34900,1396420.0
000034.SZ,2026-01-20 10:47:00,40.02,40.02,39.91,39.91,50902,2035513.9
000034.SZ,2026-01-20 10:48:00,39.95,39.97,39.91,39.95,114800,4586062.0
000034.SZ,2026-01-20 10:49:00,39.95,39.96,39.91,39.96,55800,2228933.0
000034.SZ,2026-01-20 10:50:00,39.95,40.03,39.95,39.98,30800,1231904.0
000034.SZ,2026-01-20 10:51:00,39.98,40.01,39.97,39.99,22300,891881.0
000034.SZ,2026-01-20 10:52:00,39.98,40.0,39.98,39.99,37000,1479670.0
000034.SZ,2026-01-20 10:53:00,39.99,39.99,39.95,39.95,24500,979098.0
000034.SZ,2026-01-20 10:54:00,39.95,39.95,39.91,39.92,25900,1034287.0
000034.SZ,2026-01-20 10:55:00,39.91,39.98,39.91,39.98,81400,3250830.0
000034.SZ,2026-01-20 10:56:00,40.0,40.0,39.91,39.91,40700,1627261.0
000034.SZ,2026-01-20 10:57:00,39.91,39.91,39.87,39.87,63600,2537113.0
000034.SZ,2026-01-20 10:58:00,39.87,39.88,39.85,39.85,27200,1084347.0
000034.SZ,2026-01-20 10:59:00,39.86,39.86,39.78,39.79,110900,4414227.0
000034.SZ,2026-01-20 11:00:00,39.78,39.84,39.78,39.82,131000,5214580.0
000034.SZ,2026-01-20 11:01:00,39.83,39.9,39.83,39.9,38900,1550469.0
000034.SZ,2026-01-20 11:02:00,39.88,39.88,39.85,39.86,38700,1542871.0
000034.SZ,2026-01-20 11:03:00,39.86,39.88,39.85,39.88,56700,2259602.0
000034.SZ,2026-01-20 11:04:00,39.9,39.94,39.88,39.94,23200,926151.0
000034.SZ,2026-01-20 11:05:00,39.94,39.95,39.9,39.9,14000,558982.0
000034.SZ,2026-01-20 11:06:00,39.9,39.9,39.84,39.87,24500,976684.0
000034.SZ,2026-01-20 11:07:00,39.84,39.84,39.75,39.79,170700,6789070.0
000034.SZ,2026-01-20 11:08:00,39.78,39.86,39.78,39.81,15900,632817.0
000034.SZ,2026-01-20 11:09:00,39.86,39.86,39.81,39.81,23300,928435.0
000034.SZ,2026-01-20 11:10:00,39.82,39.82,39.78,39.78,25100,999046.0
000034.SZ,2026-01-20 11:11:00,39.78,39.78,39.74,39.74,59600,2369502.0
000034.SZ,2026-01-20 11:12:00,39.79,39.81,39.78,39.81,22200,883149.0
000034.SZ,2026-01-20 11:13:00,39.82,39.85,39.82,39.84,61000,2428662.0
000034.SZ,2026-01-20 11:14:00,39.85,39.87,39.82,39.87,17400,693380.0
000034.SZ,2026-01-20 11:15:00,39.87,39.9,39.86,39.89,25200,1004946.0
000034.SZ,2026-01-20 11:16:00,39.88,39.89,39.83,39.83,35500,1415427.0
000034.SZ,2026-01-20 11:17:00,39.85,39.86,39.81,39.86,25400,1011836.0
000034.SZ,2026-01-20 11:18:00,39.87,39.93,39.84,39.91,37600,1499865.0
000034.SZ,2026-01-20 11:19:00,39.91,39.91,39.89,39.89,17700,706235.0
000034.SZ,2026-01-20 11:20:00,39.89,39.94,39.85,39.9,35800,1428077.0
000034.SZ,2026-01-20 11:21:00,39.9,39.94,39.89,39.91,10300,411222.0
000034.SZ,2026-01-20 11:22:00,39.92,39.99,39.91,39.98,61800,2469952.0
000034.SZ,2026-01-20 11:23:00,39.98,39.99,39.92,39.92,25400,1015409.0
000034.SZ,2026-01-20 11:24:00,39.9,39.9,39.81,39.81,64800,2582519.0
000034.SZ,2026-01-20 11:25:00,39.81,39.82,39.77,39.82,135000,5372252.0
000034.SZ,2026-01-20 11:26:00,39.83,39.86,39.82,39.85,29100,1159434.0
000034.SZ,2026-01-20 11:27:00,39.86,39.86,39.83,39.86,52400,2088120.0
000034.SZ,2026-01-20 11:28:00,39.86,39.86,39.82,39.82,27500,1095656.0
000034.SZ,2026-01-20 11:29:00,39.85,39.86,39.82,39.86,15500,617599.0
000034.SZ,2026-01-20 11:30:00,39.83,39.86,39.82,39.82,25400,1011610.0
000034.SZ,2026-01-20 13:01:00,39.83,39.83,39.74,39.74,157400,6261806.0
000034.SZ,2026-01-20 13:02:00,39.74,39.76,39.72,39.72,79100,3143214.0
000034.SZ,2026-01-20 13:03:00,39.73,39.73,39.61,39.63,318700,12641152.0
000034.SZ,2026-01-20 13:04:00,39.61,39.63,39.53,39.56,317100,12554279.0
000034.SZ,2026-01-20 13:05:00,39.59,39.59,39.57,39.59,35300,1397233.0
000034.SZ,2026-01-20 13:06:00,39.58,39.59,39.58,39.58,32700,1294017.0
000034.SZ,2026-01-20 13:07:00,39.58,39.6,39.57,39.58,38600,1528066.0
000034.SZ,2026-01-20 13:08:00,39.59,39.6,39.57,39.59,33600,1330068.0
000034.SZ,2026-01-20 13:09:00,39.59,39.6,39.56,39.6,56600,2240153.0
000034.SZ,2026-01-20 13:10:00,39.6,39.61,39.59,39.6,60000,2375856.0
000034.SZ,2026-01-20 13:11:00,39.58,39.58,39.54,39.54,139300,5510831.0
000034.SZ,2026-01-20 13:12:00,39.54,39.55,39.51,39.53,117300,4636861.0
000034.SZ,2026-01-20 13:13:00,39.54,39.6,39.54,39.6,57300,2267891.0
000034.SZ,2026-01-20 13:14:00,39.59,39.61,39.59,39.59,32400,1283067.0
000034.SZ,2026-01-20 13:15:00,39.6,39.61,39.55,39.55,53700,2125480.0
000034.SZ,2026-01-20 13:16:00,39.56,39.56,39.46,39.5,353300,13957237.0
000034.SZ,2026-01-20 13:17:00,39.48,39.48,39.44,39.46,96928,3824232.0
000034.SZ,2026-01-20 13:18:00,39.47,39.53,39.46,39.51,86400,3412457.0
000034.SZ,2026-01-20 13:19:00,39.52,39.59,39.5,39.56,59200,2340223.0
000034.SZ,2026-01-20 13:20:00,39.56,39.63,39.56,39.6,39900,1580305.0
000034.SZ,2026-01-20 13:21:00,39.55,39.58,39.52,39.52,32600,1289450.0
000034.SZ,2026-01-20 13:22:00,39.52,39.52,39.48,39.5,62700,2477062.0
000034.SZ,2026-01-20 13:23:00,39.51,39.57,39.51,39.56,56700,2241196.0
000034.SZ,2026-01-20 13:24:00,39.56,39.57,39.55,39.56,41600,1645902.0
000034.SZ,2026-01-20 13:25:00,39.56,39.57,39.53,39.54,26700,1056217.0
000034.SZ,2026-01-20 13:26:00,39.53,39.57,39.52,39.57,36500,1443831.0
000034.SZ,2026-01-20 13:27:00,39.59,39.64,39.59,39.64,50400,1996764.0
000034.SZ,2026-01-20 13:28:00,39.66,39.67,39.65,39.66,40300,1598332.0
000034.SZ,2026-01-20 13:29:00,39.66,39.68,39.66,39.68,26900,1067151.0
000034.SZ,2026-01-20 13:30:00,39.67,39.72,39.66,39.67,72500,2876927.0
000034.SZ,2026-01-20 13:31:00,39.67,39.67,39.65,39.67,21300,844871.0
000034.SZ,2026-01-20 13:32:00,39.67,39.67,39.63,39.63,21500,852421.0
000034.SZ,2026-01-20 13:33:00,39.65,39.65,39.6,39.62,41400,1640088.0
000034.SZ,2026-01-20 13:34:00,39.61,39.61,39.58,39.58,61800,2445870.0
000034.SZ,2026-01-20 13:35:00,39.6,39.64,39.58,39.62,31900,1263421.0
000034.SZ,2026-01-20 13:36:00,39.62,39.63,39.55,39.55,40500,1603968.0
000034.SZ,2026-01-20 13:37:00,39.55,39.56,39.53,39.56,25600,1012378.0
000034.SZ,2026-01-20 13:38:00,39.55,39.56,39.54,39.54,21800,862072.0
000034.SZ,2026-01-20 13:39:00,39.54,39.55,39.53,39.55,58900,2329223.0
000034.SZ,2026-01-20 13:40:00,39.57,39.58,39.56,39.56,21300,842833.0
000034.SZ,2026-01-20 13:41:00,39.56,39.63,39.56,39.63,50600,2003539.0
000034.SZ,2026-01-20 13:42:00,39.63,39.68,39.63,39.68,44900,1781014.0
000034.SZ,2026-01-20 13:43:00,39.68,39.7,39.67,39.67,74100,2940618.0
000034.SZ,2026-01-20 13:44:00,39.65,39.67,39.62,39.62,34000,1347921.0
000034.SZ,2026-01-20 13:45:00,39.63,39.63,39.58,39.59,32600,1291111.0
000034.SZ,2026-01-20 13:46:00,39.58,39.68,39.58,39.63,89400,3543056.0
000034.SZ,2026-01-20 13:47:00,39.63,39.69,39.63,39.63,67800,2689827.0
000034.SZ,2026-01-20 13:48:00,39.6,39.7,39.6,39.69,56100,2225856.0
000034.SZ,2026-01-20 13:49:00,39.69,39.72,39.69,39.69,48000,1906230.0
000034.SZ,2026-01-20 13:50:00,39.7,39.78,39.7,39.78,79400,3155206.0
000034.SZ,2026-01-20 13:51:00,39.77,39.8,39.77,39.78,58200,2315349.0
000034.SZ,2026-01-20 13:52:00,39.74,39.77,39.7,39.72,58100,2308205.0
000034.SZ,2026-01-20 13:53:00,39.7,39.7,39.66,39.69,30900,1226324.0
000034.SZ,2026-01-20 13:54:00,39.69,39.74,39.69,39.7,75900,3013504.0
000034.SZ,2026-01-20 13:55:00,39.71,39.73,39.7,39.7,10600,420941.0
000034.SZ,2026-01-20 13:56:00,39.7,39.71,39.69,39.69,13300,528005.0
000034.SZ,2026-01-20 13:57:00,39.69,39.7,39.65,39.65,38700,1535713.0
000034.SZ,2026-01-20 13:58:00,39.69,39.69,39.66,39.68,5700,226178.0
000034.SZ,2026-01-20 13:59:00,39.68,39.68,39.65,39.65,20000,793208.0
000034.SZ,2026-01-20 14:00:00,39.66,39.67,39.62,39.62,53400,2116978.0
000034.SZ,2026-01-20 14:01:00,39.61,39.63,39.58,39.59,110600,4380574.0
000034.SZ,2026-01-20 14:02:00,39.6,39.61,39.57,39.57,24700,977820.0
000034.SZ,2026-01-20 14:03:00,39.57,39.59,39.57,39.57,43500,1721588.0
000034.SZ,2026-01-20 14:04:00,39.57,39.61,39.56,39.58,29500,1167449.0
000034.SZ,2026-01-20 14:05:00,39.58,39.59,39.57,39.57,12400,490728.0
000034.SZ,2026-01-20 14:06:00,39.57,39.6,39.56,39.6,13100,518556.0
000034.SZ,2026-01-20 14:07:00,39.6,39.64,39.59,39.63,13300,526881.0
000034.SZ,2026-01-20 14:08:00,39.63,39.63,39.59,39.59,21900,867380.0
000034.SZ,2026-01-20 14:09:00,39.6,39.62,39.59,39.62,11000,435562.0
000034.SZ,2026-01-20 14:10:00,39.62,39.63,39.59,39.59,19000,752752.0
000034.SZ,2026-01-20 14:11:00,39.59,39.6,39.59,39.6,28500,1128362.0
000034.SZ,2026-01-20 14:12:00,39.6,39.68,39.59,39.67,51400,2036369.0
000034.SZ,2026-01-20 14:13:00,39.67,39.67,39.62,39.62,11100,440067.0
000034.SZ,2026-01-20 14:14:00,39.63,39.63,39.6,39.61,42700,1691340.0
000034.SZ,2026-01-20 14:15:00,39.61,39.64,39.6,39.64,65997,2614191.2
000034.SZ,2026-01-20 14:16:00,39.65,39.66,39.62,39.62,63600,2521254.0
000034.SZ,2026-01-20 14:17:00,39.61,39.63,39.6,39.6,24500,970256.0
000034.SZ,2026-01-20 14:18:00,39.6,39.61,39.56,39.56,62600,2477809.0
000034.SZ,2026-01-20 14:19:00,39.57,39.57,39.54,39.55,53000,2096412.0
000034.SZ,2026-01-20 14:20:00,39.54,39.56,39.54,39.56,16300,644573.0
000034.SZ,2026-01-20 14:21:00,39.59,39.6,39.56,39.57,203800,8057121.0
000034.SZ,2026-01-20 14:22:00,39.57,39.6,39.57,39.58,39000,1543847.8
000034.SZ,2026-01-20 14:23:00,39.58,39.58,39.56,39.57,21400,846709.0
000034.SZ,2026-01-20 14:24:00,39.56,39.57,39.55,39.56,40600,1605953.0
000034.SZ,2026-01-20 14:25:00,39.57,39.57,39.53,39.53,29200,1154681.0
000034.SZ,2026-01-20 14:26:00,39.54,39.55,39.53,39.54,61200,2420236.0
000034.SZ,2026-01-20 14:27:00,39.53,39.54,39.51,39.51,23001,908970.5
000034.SZ,2026-01-20 14:28:00,39.51,39.52,39.5,39.51,52000,2054487.0
000034.SZ,2026-01-20 14:29:00,39.53,39.53,39.51,39.52,22000,869368.0
000034.SZ,2026-01-20 14:30:00,39.53,39.54,39.48,39.51,257500,10171655.0
000034.SZ,2026-01-20 14:31:00,39.53,39.55,39.46,39.46,143700,5675542.0
000034.SZ,2026-01-20 14:32:00,39.46,39.46,39.44,39.45,97200,3835161.0
000034.SZ,2026-01-20 14:33:00,39.45,39.45,39.42,39.43,90700,3577497.0
000034.SZ,2026-01-20 14:34:00,39.42,39.45,39.42,39.45,29800,1174894.0
000034.SZ,2026-01-20 14:35:00,39.45,39.45,39.41,39.43,64200,2530876.0
000034.SZ,2026-01-20 14:36:00,39.42,39.44,39.42,39.43,21100,831905.0
000034.SZ,2026-01-20 14:37:00,39.44,39.48,39.44,39.48,55331,2182987.8
000034.SZ,2026-01-20 14:38:00,39.47,39.49,39.46,39.49,42600,1681812.0
000034.SZ,2026-01-20 14:39:00,39.49,39.51,39.45,39.45,52500,2072571.0
000034.SZ,2026-01-20 14:40:00,39.45,39.55,39.45,39.55,81000,3197932.0
000034.SZ,2026-01-20 14:41:00,39.53,39.55,39.53,39.55,51500,2036479.0
000034.SZ,2026-01-20 14:42:00,39.55,39.58,39.54,39.54,33200,1313224.0
000034.SZ,2026-01-20 14:43:00,39.54,39.55,39.5,39.51,28500,1126273.0
000034.SZ,2026-01-20 14:44:00,39.51,39.6,39.51,39.56,65100,2574084.0
000034.SZ,2026-01-20 14:45:00,39.56,39.6,39.56,39.58,57200,2263648.0
000034.SZ,2026-01-20 14:46:00,39.58,39.61,39.58,39.61,66300,2625324.0
000034.SZ,2026-01-20 14:47:00,39.67,39.68,39.6,39.63,46300,1835599.0
000034.SZ,2026-01-20 14:48:00,39.63,39.63,39.55,39.57,55500,2196206.0
000034.SZ,2026-01-20 14:49:00,39.57,39.62,39.55,39.61,43700,1730062.0
000034.SZ,2026-01-20 14:50:00,39.61,39.62,39.59,39.61,37500,1485220.0
000034.SZ,2026-01-20 14:51:00,39.62,39.69,39.62,39.69,71400,2831460.2
000034.SZ,2026-01-20 14:52:00,39.67,39.68,39.64,39.66,62200,2466608.0
000034.SZ,2026-01-20 14:53:00,39.65,39.67,39.65,39.66,46300,1836333.0
000034.SZ,2026-01-20 14:54:00,39.66,39.7,39.66,39.69,54400,2158906.5
000034.SZ,2026-01-20 14:55:00,39.7,39.72,39.69,39.69,51076,2027752.2
000034.SZ,2026-01-20 14:56:00,39.7,39.78,39.7,39.78,91500,3636418.0
000034.SZ,2026-01-20 14:57:00,39.8,39.81,39.79,39.8,100800,4010963.0
000034.SZ,2026-01-20 14:58:00,39.8,39.8,39.8,39.8,0,0.0
000034.SZ,2026-01-20 14:59:00,39.8,39.8,39.8,39.8,0,0.0
000034.SZ,2026-01-20 15:00:00,39.79,39.79,39.79,39.79,129600,5156784.0
000034.SZ,2026-01-21 09:30:00,39.22,39.37,39.22,39.37,100800,3953705.0
000034.SZ,2026-01-21 09:31:00,39.36,39.8,39.36,39.6,246800,9764520.0
000034.SZ,2026-01-21 09:32:00,39.65,39.65,39.51,39.55,141400,5594970.0
000034.SZ,2026-01-21 09:33:00,39.5,39.56,39.5,39.51,93800,3707991.0
000034.SZ,2026-01-21 09:34:00,39.53,39.55,39.44,39.44,112900,4460443.0
000034.SZ,2026-01-21 09:35:00,39.43,39.52,39.42,39.48,101000,3985927.0
000034.SZ,2026-01-21 09:36:00,39.5,39.63,39.47,39.53,117500,4646645.0
000034.SZ,2026-01-21 09:37:00,39.51,39.63,39.51,39.58,175600,6950591.0
000034.SZ,2026-01-21 09:38:00,39.54,39.58,39.51,39.58,64500,2549820.0
000034.SZ,2026-01-21 09:39:00,39.58,39.69,39.58,39.69,93200,3695081.0
000034.SZ,2026-01-21 09:40:00,39.69,39.8,39.69,39.8,147379,5859455.0
000034.SZ,2026-01-21 09:41:00,39.81,39.87,39.81,39.84,143700,5724226.0
000034.SZ,2026-01-21 09:42:00,39.84,39.84,39.81,39.82,122700,4885971.0
000034.SZ,2026-01-21 09:43:00,39.81,39.9,39.81,39.9,157200,6266438.0
000034.SZ,2026-01-21 09:44:00,39.9,39.91,39.85,39.87,142300,5675413.0
000034.SZ,2026-01-21 09:45:00,39.88,39.98,39.87,39.97,109700,4379001.0
000034.SZ,2026-01-21 09:46:00,39.97,39.98,39.94,39.94,89400,3572517.0
000034.SZ,2026-01-21 09:47:00,39.94,39.95,39.9,39.9,128600,5132903.0
000034.SZ,2026-01-21 09:48:00,39.9,39.94,39.9,39.92,135100,5391031.0
000034.SZ,2026-01-21 09:49:00,39.92,39.92,39.84,39.84,76700,3059168.0
000034.SZ,2026-01-21 09:50:00,39.82,39.89,39.79,39.79,85800,3418000.0
000034.SZ,2026-01-21 09:51:00,39.79,39.79,39.7,39.7,65721,2611435.0
000034.SZ,2026-01-21 09:52:00,39.7,39.72,39.69,39.69,85200,3382536.0
000034.SZ,2026-01-21 09:53:00,39.69,39.69,39.63,39.65,77600,3078133.0
000034.SZ,2026-01-21 09:54:00,39.62,39.65,39.57,39.58,96000,3803363.0
000034.SZ,2026-01-21 09:55:00,39.57,39.61,39.56,39.6,56500,2236398.0
000034.SZ,2026-01-21 09:56:00,39.61,39.66,39.61,39.66,56100,2223454.0
000034.SZ,2026-01-21 09:57:00,39.65,39.67,39.64,39.64,52700,2089673.0
000034.SZ,2026-01-21 09:58:00,39.65,39.73,39.65,39.69,155700,6183397.0
000034.SZ,2026-01-21 09:59:00,39.7,39.71,39.67,39.67,42700,1694846.0
000034.SZ,2026-01-21 10:00:00,39.67,39.73,39.66,39.69,53900,2139204.0
000034.SZ,2026-01-21 10:01:00,39.69,39.75,39.68,39.7,48700,1933417.0
000034.SZ,2026-01-21 10:02:00,39.72,39.8,39.71,39.8,82800,3291718.0
000034.SZ,2026-01-21 10:03:00,39.8,39.86,39.79,39.86,55800,2221674.0
000034.SZ,2026-01-21 10:04:00,39.85,39.86,39.79,39.79,80200,3194812.0
000034.SZ,2026-01-21 10:05:00,39.79,39.9,39.79,39.88,96100,3830796.0
000034.SZ,2026-01-21 10:06:00,39.9,39.92,39.88,39.89,135700,5414546.0
000034.SZ,2026-01-21 10:07:00,39.89,39.98,39.89,39.97,165300,6602259.0
000034.SZ,2026-01-21 10:08:00,39.97,39.97,39.91,39.91,43800,1748793.0
000034.SZ,2026-01-21 10:09:00,39.91,39.96,39.9,39.96,97800,3905376.0
000034.SZ,2026-01-21 10:10:00,39.95,39.98,39.94,39.97,109700,4383090.0
000034.SZ,2026-01-21 10:11:00,39.98,40.02,39.98,40.02,207100,8282095.0
000034.SZ,2026-01-21 10:12:00,40.02,40.03,40.0,40.02,47200,1888846.0
000034.SZ,2026-01-21 10:13:00,40.01,40.05,40.01,40.03,107100,4286802.0
000034.SZ,2026-01-21 10:14:00,40.03,40.07,39.98,40.06,110300,4414094.0
000034.SZ,2026-01-21 10:15:00,40.07,40.11,40.04,40.1,164700,6599842.0
000034.SZ,2026-01-21 10:16:00,40.1,40.14,40.09,40.09,93300,3742279.0
000034.SZ,2026-01-21 10:17:00,40.1,40.17,40.08,40.17,120800,4845688.0
000034.SZ,2026-01-21 10:18:00,40.15,40.17,40.13,40.14,69900,2806621.0
000034.SZ,2026-01-21 10:19:00,40.13,40.24,40.13,40.23,206800,8308735.0
000034.SZ,2026-01-21 10:20:00,40.23,40.24,40.16,40.23,105700,4249436.0
000034.SZ,2026-01-21 10:21:00,40.23,40.23,40.15,40.16,99200,3986843.0
000034.SZ,2026-01-21 10:22:00,40.16,40.19,40.15,40.18,81500,3272972.0
000034.SZ,2026-01-21 10:23:00,40.2,40.33,40.19,40.3,264600,10652589.0
000034.SZ,2026-01-21 10:24:00,40.27,40.3,40.25,40.26,71900,2895580.0
000034.SZ,2026-01-21 10:25:00,40.3,40.31,40.25,40.31,82300,3316082.0
000034.SZ,2026-01-21 10:26:00,40.31,40.48,40.31,40.45,274800,11099411.0
000034.SZ,2026-01-21 10:27:00,40.45,40.45,40.37,40.42,155283,6275206.5
000034.SZ,2026-01-21 10:28:00,40.42,40.42,40.37,40.39,109203,4411413.0
000034.SZ,2026-01-21 10:29:00,40.42,40.42,40.37,40.37,45997,1857797.9
000034.SZ,2026-01-21 10:30:00,40.38,40.39,40.37,40.37,63000,2543670.0
000034.SZ,2026-01-21 10:31:00,40.36,40.4,40.34,40.36,107403,4336190.0
000034.SZ,2026-01-21 10:32:00,40.36,40.36,40.29,40.29,49700,2003790.0
000034.SZ,2026-01-21 10:33:00,40.28,40.29,40.25,40.26,62900,2532545.0
000034.SZ,2026-01-21 10:34:00,40.26,40.33,40.26,40.28,103100,4153734.0
000034.SZ,2026-01-21 10:35:00,40.27,40.3,40.24,40.29,79800,3212901.0
000034.SZ,2026-01-21 10:36:00,40.31,40.31,40.23,40.23,63500,2557053.0
000034.SZ,2026-01-21 10:37:00,40.26,40.3,40.23,40.29,58300,2348367.0
000034.SZ,2026-01-21 10:38:00,40.3,40.36,40.28,40.36,98200,3957649.0
000034.SZ,2026-01-21 10:39:00,40.36,40.36,40.34,40.36,82400,3325020.0
000034.SZ,2026-01-21 10:40:00,40.35,40.36,40.34,40.34,67300,2716157.0
000034.SZ,2026-01-21 10:41:00,40.35,40.35,40.31,40.32,38400,1548647.0
000034.SZ,2026-01-21 10:42:00,40.33,40.41,40.33,40.39,91600,3697955.0
000034.SZ,2026-01-21 10:43:00,40.41,40.42,40.4,40.41,60300,2436722.0
000034.SZ,2026-01-21 10:44:00,40.41,40.41,40.31,40.35,82700,3339233.0
000034.SZ,2026-01-21 10:45:00,40.34,40.34,40.3,40.3,22500,907177.0
000034.SZ,2026-01-21 10:46:00,40.3,40.31,40.28,40.28,22400,902502.0
000034.SZ,2026-01-21 10:47:00,40.28,40.28,40.22,40.22,83500,3360468.0
000034.SZ,2026-01-21 10:48:00,40.22,40.22,40.19,40.19,86100,3461516.0
000034.SZ,2026-01-21 10:49:00,40.18,40.24,40.18,40.2,128056,5148383.5
000034.SZ,2026-01-21 10:50:00,40.24,40.24,40.2,40.2,51800,2082778.0
000034.SZ,2026-01-21 10:51:00,40.21,40.21,40.16,40.16,70844,2847484.8
000034.SZ,2026-01-21 10:52:00,40.16,40.24,40.16,40.24,41900,1683493.0
000034.SZ,2026-01-21 10:53:00,40.23,40.23,40.2,40.22,22500,904709.0
000034.SZ,2026-01-21 10:54:00,40.21,40.27,40.2,40.21,51000,2052047.0
000034.SZ,2026-01-21 10:55:00,40.22,40.22,40.17,40.17,80300,3227471.0
000034.SZ,2026-01-21 10:56:00,40.18,40.2,40.17,40.2,78200,3141660.0
000034.SZ,2026-01-21 10:57:00,40.2,40.22,40.2,40.22,17800,715644.0
000034.SZ,2026-01-21 10:58:00,40.22,40.22,40.2,40.21,17500,703687.0
000034.SZ,2026-01-21 10:59:00,40.21,40.22,40.2,40.21,33700,1355078.0
000034.SZ,2026-01-21 11:00:00,40.21,40.23,40.2,40.21,42100,1692599.0
000034.SZ,2026-01-21 11:01:00,40.22,40.25,40.21,40.25,73400,2953136.0
000034.SZ,2026-01-21 11:02:00,40.25,40.27,40.25,40.27,39100,1574056.0
000034.SZ,2026-01-21 11:03:00,40.26,40.29,40.26,40.28,39700,1598848.0
000034.SZ,2026-01-21 11:04:00,40.27,40.3,40.27,40.27,36900,1486246.0
000034.SZ,2026-01-21 11:05:00,40.28,40.3,40.27,40.29,26800,1079562.0
000034.SZ,2026-01-21 11:06:00,40.3,40.33,40.3,40.32,44600,1797611.0
000034.SZ,2026-01-21 11:07:00,40.33,40.34,40.3,40.32,55800,2250067.0
000034.SZ,2026-01-21 11:08:00,40.31,40.31,40.26,40.26,39800,1603117.0
000034.SZ,2026-01-21 11:09:00,40.25,40.26,40.24,40.25,26200,1054554.0
000034.SZ,2026-01-21 11:10:00,40.26,40.26,40.22,40.23,16300,655784.0
000034.SZ,2026-01-21 11:11:00,40.25,40.25,40.24,40.25,26100,1050532.0
000034.SZ,2026-01-21 11:12:00,40.24,40.24,40.19,40.19,28700,1153936.0
000034.SZ,2026-01-21 11:13:00,40.18,40.22,40.18,40.2,25400,1021085.0
000034.SZ,2026-01-21 11:14:00,40.2,40.23,40.2,40.2,12400,498577.0
000034.SZ,2026-01-21 11:15:00,40.21,40.23,40.21,40.23,20200,812501.0
000034.SZ,2026-01-21 11:16:00,40.21,40.23,40.18,40.19,60200,2420289.0
000034.SZ,2026-01-21 11:17:00,40.19,40.21,40.19,40.2,40700,1635923.0
000034.SZ,2026-01-21 11:18:00,40.22,40.24,40.2,40.24,14500,583317.0
000034.SZ,2026-01-21 11:19:00,40.24,40.24,40.22,40.24,13700,551186.0
000034.SZ,2026-01-21 11:20:00,40.23,40.23,40.22,40.23,10500,422374.0
000034.SZ,2026-01-21 11:21:00,40.23,40.26,40.21,40.22,40600,1633569.0
000034.SZ,2026-01-21 11:22:00,40.24,40.25,40.22,40.23,21700,872870.0
000034.SZ,2026-01-21 11:23:00,40.21,40.23,40.18,40.18,44900,1805234.0
000034.SZ,2026-01-21 11:24:00,40.18,40.19,40.15,40.17,43200,1735348.0
000034.SZ,2026-01-21 11:25:00,40.17,40.19,40.16,40.19,19600,787435.0
000034.SZ,2026-01-21 11:26:00,40.18,40.19,40.18,40.19,12700,510330.0
000034.SZ,2026-01-21 11:27:00,40.19,40.2,40.17,40.17,69000,2771772.0
000034.SZ,2026-01-21 11:28:00,40.16,40.17,40.15,40.15,50100,2011743.0
000034.SZ,2026-01-21 11:29:00,40.14,40.15,40.14,40.14,23700,951439.0
000034.SZ,2026-01-21 11:30:00,40.14,40.14,40.13,40.13,39500,1585335.0
000034.SZ,2026-01-21 13:01:00,40.13,40.14,40.08,40.11,251100,10073324.0
000034.SZ,2026-01-21 13:02:00,40.08,40.14,40.07,40.07,55900,2241160.0
000034.SZ,2026-01-21 13:03:00,40.06,40.09,40.06,40.09,54600,2188217.0
000034.SZ,2026-01-21 13:04:00,40.07,40.07,40.04,40.07,84300,3377312.0
000034.SZ,2026-01-21 13:05:00,40.09,40.1,40.06,40.06,134500,5388962.0
000034.SZ,2026-01-21 13:06:00,40.08,40.08,40.05,40.05,23800,953359.0
000034.SZ,2026-01-21 13:07:00,40.06,40.06,40.03,40.05,35000,1401566.0
000034.SZ,2026-01-21 13:08:00,40.04,40.05,40.03,40.05,38070,1524155.8
000034.SZ,2026-01-21 13:09:00,40.05,40.09,40.05,40.08,39400,1578615.0
000034.SZ,2026-01-21 13:10:00,40.08,40.1,40.07,40.09,37800,1515256.0
000034.SZ,2026-01-21 13:11:00,40.11,40.11,40.09,40.11,31900,1279149.0
000034.SZ,2026-01-21 13:12:00,40.1,40.12,40.09,40.09,52600,2109358.0
000034.SZ,2026-01-21 13:13:00,40.1,40.1,40.0,40.0,184900,7400288.0
000034.SZ,2026-01-21 13:14:00,39.99,39.99,39.95,39.95,50000,1998560.0
000034.SZ,2026-01-21 13:15:00,39.96,40.04,39.96,40.01,38700,1548252.0
000034.SZ,2026-01-21 13:16:00,40.01,40.03,40.0,40.02,37600,1504505.0
000034.SZ,2026-01-21 13:17:00,40.01,40.06,40.01,40.04,20900,836814.0
000034.SZ,2026-01-21 13:18:00,40.05,40.05,40.0,40.0,47800,1913309.0
000034.SZ,2026-01-21 13:19:00,40.0,40.01,39.99,39.99,32900,1315970.0
000034.SZ,2026-01-21 13:20:00,39.99,40.04,39.99,39.99,33600,1344199.0
000034.SZ,2026-01-21 13:21:00,40.0,40.04,39.99,40.03,52300,2092070.0
000034.SZ,2026-01-21 13:22:00,40.03,40.03,39.99,40.0,11800,471998.0
000034.SZ,2026-01-21 13:23:00,40.0,40.02,39.99,39.99,88800,3552198.0
000034.SZ,2026-01-21 13:24:00,40.0,40.02,39.98,40.02,85000,3399834.0
000034.SZ,2026-01-21 13:25:00,40.02,40.02,40.0,40.01,19973,799167.0
000034.SZ,2026-01-21 13:26:00,40.0,40.02,40.0,40.0,20000,800129.0
000034.SZ,2026-01-21 13:27:00,40.0,40.01,39.97,39.97,26027,1040718.0
000034.SZ,2026-01-21 13:28:00,39.97,39.99,39.96,39.96,16400,655548.0
000034.SZ,2026-01-21 13:29:00,39.93,39.95,39.93,39.95,39900,1594035.0
000034.SZ,2026-01-21 13:30:00,39.95,39.99,39.93,39.98,95700,3822303.0
000034.SZ,2026-01-21 13:31:00,39.94,39.99,39.94,39.96,15500,619404.0
000034.SZ,2026-01-21 13:32:00,39.96,39.96,39.9,39.91,53500,2135261.0
000034.SZ,2026-01-21 13:33:00,39.93,39.95,39.91,39.91,23800,950398.0
000034.SZ,2026-01-21 13:34:00,39.92,39.93,39.9,39.91,23800,949944.0
000034.SZ,2026-01-21 13:35:00,39.91,39.94,39.9,39.93,19900,794429.0
000034.SZ,2026-01-21 13:36:00,39.93,39.94,39.93,39.93,10400,415291.0
000034.SZ,2026-01-21 13:37:00,39.93,39.96,39.93,39.96,24400,974585.0
000034.SZ,2026-01-21 13:38:00,39.96,39.99,39.96,39.98,29400,1175529.0
000034.SZ,2026-01-21 13:39:00,39.98,39.99,39.97,39.98,29200,1167380.0
000034.SZ,2026-01-21 13:40:00,39.97,39.99,39.96,39.99,71000,2837568.0
000034.SZ,2026-01-21 13:41:00,40.0,40.05,39.99,40.04,58900,2356670.0
000034.SZ,2026-01-21 13:42:00,40.04,40.04,40.03,40.03,16400,656518.0
000034.SZ,2026-01-21 13:43:00,40.03,40.03,40.02,40.03,10800,432257.0
000034.SZ,2026-01-21 13:44:00,40.02,40.04,40.01,40.04,53900,2156148.0
000034.SZ,2026-01-21 13:45:00,40.04,40.04,40.02,40.02,19700,788649.0
000034.SZ,2026-01-21 13:46:00,40.03,40.03,40.0,40.0,17100,684149.0
000034.SZ,2026-01-21 13:47:00,40.02,40.04,40.0,40.01,21300,852417.0
000034.SZ,2026-01-21 13:48:00,40.02,40.03,40.01,40.03,30900,1236615.4
000034.SZ,2026-01-21 13:49:00,40.03,40.03,40.01,40.01,13800,552344.0
000034.SZ,2026-01-21 13:50:00,40.02,40.08,40.01,40.07,134657,5391946.5
000034.SZ,2026-01-21 13:51:00,40.07,40.1,40.06,40.07,31800,1274664.0
000034.SZ,2026-01-21 13:52:00,40.07,40.11,40.07,40.11,14400,577310.0
000034.SZ,2026-01-21 13:53:00,40.1,40.12,40.09,40.12,31400,1259420.0
000034.SZ,2026-01-21 13:54:00,40.11,40.13,40.1,40.12,29600,1187402.0
000034.SZ,2026-01-21 13:55:00,40.13,40.14,40.12,40.12,27600,1107453.0
000034.SZ,2026-01-21 13:56:00,40.12,40.12,40.07,40.07,45700,1832048.0
000034.SZ,2026-01-21 13:57:00,40.08,40.1,40.07,40.1,25800,1033998.0
000034.SZ,2026-01-21 13:58:00,40.09,40.11,40.09,40.11,31000,1243101.0
000034.SZ,2026-01-21 13:59:00,40.11,40.11,40.08,40.09,23800,954296.0
000034.SZ,2026-01-21 14:00:00,40.09,40.11,40.07,40.09,16600,665465.0
000034.SZ,2026-01-21 14:01:00,40.09,40.11,40.05,40.07,28000,1122078.0
000034.SZ,2026-01-21 14:02:00,40.05,40.1,40.05,40.1,19900,797524.0
000034.SZ,2026-01-21 14:03:00,40.1,40.1,40.07,40.07,12700,509084.0
000034.SZ,2026-01-21 14:04:00,40.08,40.09,40.0,40.05,65600,2626334.0
000034.SZ,2026-01-21 14:05:00,40.01,40.05,40.01,40.01,31400,1256716.0
000034.SZ,2026-01-21 14:06:00,40.01,40.05,40.01,40.05,30400,1216803.0
000034.SZ,2026-01-21 14:07:00,40.05,40.05,40.0,40.01,63800,2552457.0
000034.SZ,2026-01-21 14:08:00,40.0,40.06,40.0,40.04,49400,1976841.0
000034.SZ,2026-01-21 14:09:00,40.05,40.07,40.0,40.07,21100,844672.0
000034.SZ,2026-01-21 14:10:00,40.06,40.1,40.05,40.1,36300,1455063.0
000034.SZ,2026-01-21 14:11:00,40.1,40.1,40.05,40.07,23200,929524.0
000034.SZ,2026-01-21 14:12:00,40.01,40.08,40.01,40.05,8200,328456.0
000034.SZ,2026-01-21 14:13:00,40.05,40.07,40.04,40.05,12800,512719.0
000034.SZ,2026-01-21 14:14:00,40.04,40.07,40.04,40.05,19300,772973.0
000034.SZ,2026-01-21 14:15:00,40.06,40.06,40.02,40.02,24100,964714.0
000034.SZ,2026-01-21 14:16:00,40.03,40.06,40.03,40.03,26900,1077234.0
000034.SZ,2026-01-21 14:17:00,40.04,40.06,40.02,40.06,27200,1088951.0
000034.SZ,2026-01-21 14:18:00,40.06,40.06,40.02,40.02,39800,1593261.0
000034.SZ,2026-01-21 14:19:00,40.08,40.08,40.01,40.01,29400,1177402.0
000034.SZ,2026-01-21 14:20:00,40.01,40.08,39.98,40.01,72400,2897270.0
000034.SZ,2026-01-21 14:21:00,40.01,40.01,39.99,39.99,47500,1899917.0
000034.SZ,2026-01-21 14:22:00,40.0,40.01,39.99,39.99,35600,1423970.0
000034.SZ,2026-01-21 14:23:00,40.0,40.03,39.99,40.03,30300,1212102.0
000034.SZ,2026-01-21 14:24:00,40.03,40.08,40.01,40.08,19200,768711.0
000034.SZ,2026-01-21 14:25:00,40.08,40.08,40.03,40.03,19200,769056.0
000034.SZ,2026-01-21 14:26:00,40.03,40.06,40.02,40.03,32400,1297080.0
000034.SZ,2026-01-21 14:27:00,40.03,40.03,39.99,39.99,25100,1004015.0
000034.SZ,2026-01-21 14:28:00,40.0,40.01,39.98,39.98,32900,1315808.0
000034.SZ,2026-01-21 14:29:00,40.0,40.0,39.98,40.0,17200,687813.0
000034.SZ,2026-01-21 14:30:00,40.0,40.0,39.98,40.0,60400,2415497.0
000034.SZ,2026-01-21 14:31:00,40.0,40.01,39.98,40.0,44700,1787837.0
000034.SZ,2026-01-21 14:32:00,40.01,40.03,40.0,40.03,27000,1080407.0
000034.SZ,2026-01-21 14:33:00,40.01,40.02,40.0,40.0,22400,896164.0
000034.SZ,2026-01-21 14:34:00,40.01,40.02,40.0,40.0,29600,1184075.0
000034.SZ,2026-01-21 14:35:00,40.0,40.04,40.0,40.01,50000,2001397.0
000034.SZ,2026-01-21 14:36:00,40.01,40.02,39.98,40.0,123200,4928682.0
000034.SZ,2026-01-21 14:37:00,40.02,40.02,39.99,40.0,26550,1062064.0
000034.SZ,2026-01-21 14:38:00,40.0,40.04,40.0,40.02,50800,2032809.0
000034.SZ,2026-01-21 14:39:00,40.04,40.05,40.03,40.03,26000,1040997.0
000034.SZ,2026-01-21 14:40:00,40.03,40.04,40.01,40.01,22500,900603.0
000034.SZ,2026-01-21 14:41:00,40.01,40.02,39.98,39.98,73600,2943198.0
000034.SZ,2026-01-21 14:42:00,39.98,39.99,39.97,39.99,27600,1103381.0
000034.SZ,2026-01-21 14:43:00,39.99,40.0,39.98,39.99,42100,1683678.0
000034.SZ,2026-01-21 14:44:00,40.0,40.0,39.99,39.99,20000,799881.0
000034.SZ,2026-01-21 14:45:00,40.0,40.0,39.99,39.99,48400,1935780.0
000034.SZ,2026-01-21 14:46:00,40.0,40.0,39.98,39.98,41173,1646426.8
000034.SZ,2026-01-21 14:47:00,39.97,39.99,39.96,39.98,73100,2921276.8
000034.SZ,2026-01-21 14:48:00,39.98,40.01,39.98,40.0,43800,1751881.0
000034.SZ,2026-01-21 14:49:00,40.01,40.01,39.97,39.97,63900,2555506.0
000034.SZ,2026-01-21 14:50:00,39.97,40.0,39.97,40.0,34400,1375435.0
000034.SZ,2026-01-21 14:51:00,39.99,40.01,39.99,40.01,58100,2324142.0
000034.SZ,2026-01-21 14:52:00,40.01,40.01,39.98,40.0,68218,2728299.8
000034.SZ,2026-01-21 14:53:00,40.0,40.0,39.96,39.97,122882,4911899.0
000034.SZ,2026-01-21 14:54:00,39.97,39.99,39.96,39.97,35873,1433964.8
000034.SZ,2026-01-21 14:55:00,39.98,39.99,39.97,39.99,41127,1644070.5
000034.SZ,2026-01-21 14:56:00,39.98,40.0,39.96,39.99,161200,6445716.0
000034.SZ,2026-01-21 14:57:00,39.98,40.0,39.98,40.0,52700,2107482.0
000034.SZ,2026-01-21 14:58:00,40.0,40.0,40.0,40.0,0,0.0
000034.SZ,2026-01-21 14:59:00,40.0,40.0,40.0,40.0,0,0.0
000034.SZ,2026-01-21 15:00:00,40.0,40.0,40.0,40.0,105100,4204000.0
000034.SZ,2026-01-22 09:30:00,40.5,40.56,40.5,40.55,99600,4034224.0
000034.SZ,2026-01-22 09:31:00,40.58,41.76,40.58,41.64,1905182,78113220.0
000034.SZ,2026-01-22 09:32:00,41.4,41.8,41.3,41.59,1659100,68843464.0
000034.SZ,2026-01-22 09:33:00,41.76,41.95,41.66,41.66,1464625,61148520.0
000034.SZ,2026-01-22 09:34:00,41.66,41.72,41.48,41.6,1689100,70367220.0
000034.SZ,2026-01-22 09:35:00,41.66,41.7,41.48,41.48,832900,34652496.0
000034.SZ,2026-01-22 09:36:00,41.44,41.63,41.35,41.36,656600,27274304.0
000034.SZ,2026-01-22 09:37:00,41.36,41.38,41.28,41.28,538500,22258444.0
000034.SZ,2026-01-22 09:38:00,41.28,41.28,41.1,41.12,263800,10869989.0
000034.SZ,2026-01-22 09:39:00,41.11,41.11,41.0,41.01,236300,9698370.0
000034.SZ,2026-01-22 09:40:00,40.97,41.02,40.95,41.02,240407,9853509.0
000034.SZ,2026-01-22 09:41:00,41.02,41.2,41.01,41.17,305000,12540619.0
000034.SZ,2026-01-22 09:42:00,41.17,41.2,41.08,41.08,189000,7780104.0
000034.SZ,2026-01-22 09:43:00,41.08,41.12,41.07,41.07,129100,5304366.0
000034.SZ,2026-01-22 09:44:00,41.07,41.07,40.9,40.98,230200,9432778.0
000034.SZ,2026-01-22 09:45:00,40.98,41.14,40.97,41.14,292100,12004156.0
000034.SZ,2026-01-22 09:46:00,41.14,41.22,41.14,41.2,160503,6609891.5
000034.SZ,2026-01-22 09:47:00,41.21,41.31,41.16,41.23,404000,16654804.0
000034.SZ,2026-01-22 09:48:00,41.25,41.29,41.21,41.27,452600,18655304.0
000034.SZ,2026-01-22 09:49:00,41.24,41.35,41.23,41.35,352000,14529540.0
000034.SZ,2026-01-22 09:50:00,41.34,41.34,41.28,41.3,169700,7008176.0
000034.SZ,2026-01-22 09:51:00,41.3,41.31,41.16,41.16,162800,6715620.0
000034.SZ,2026-01-22 09:52:00,41.16,41.19,41.15,41.18,155900,6416434.0
000034.SZ,2026-01-22 09:53:00,41.18,41.18,41.05,41.08,111200,4573983.0
000034.SZ,2026-01-22 09:54:00,41.08,41.08,41.02,41.02,125400,5147861.0
000034.SZ,2026-01-22 09:55:00,41.02,41.03,40.98,40.99,207900,8526523.0
000034.SZ,2026-01-22 09:56:00,40.99,40.99,40.92,40.95,132200,5411909.0
000034.SZ,2026-01-22 09:57:00,40.95,41.05,40.95,41.05,96700,3963794.0
000034.SZ,2026-01-22 09:58:00,41.05,41.17,41.04,41.13,169100,6957490.0
000034.SZ,2026-01-22 09:59:00,41.12,41.14,41.01,41.02,75600,3105838.0
000034.SZ,2026-01-22 10:00:00,41.0,41.0,40.96,40.97,71900,2946239.0
000034.SZ,2026-01-22 10:01:00,40.95,40.97,40.85,40.86,195500,7994542.0
000034.SZ,2026-01-22 10:02:00,40.85,40.86,40.8,40.8,199900,8161602.0
000034.SZ,2026-01-22 10:03:00,40.82,40.87,40.82,40.83,73000,2980981.0
000034.SZ,2026-01-22 10:04:00,40.84,40.89,40.84,40.88,46300,1892017.0
000034.SZ,2026-01-22 10:05:00,40.89,40.91,40.77,40.77,146100,5968746.0
000034.SZ,2026-01-22 10:06:00,40.77,40.81,40.77,40.81,97600,3981318.0
000034.SZ,2026-01-22 10:07:00,40.82,40.92,40.82,40.9,67018,2739393.8
000034.SZ,2026-01-22 10:08:00,40.91,41.05,40.91,41.01,62900,2577185.0
000034.SZ,2026-01-22 10:09:00,41.01,41.02,40.91,40.91,49000,2007159.0
000034.SZ,2026-01-22 10:10:00,40.92,40.92,40.85,40.91,80100,3274153.8
000034.SZ,2026-01-22 10:11:00,40.9,40.93,40.85,40.92,48900,1999725.0
000034.SZ,2026-01-22 10:12:00,40.92,40.92,40.86,40.89,71600,2928241.0
000034.SZ,2026-01-22 10:13:00,40.92,40.95,40.9,40.92,110600,4526932.0
000034.SZ,2026-01-22 10:14:00,40.92,40.92,40.85,40.85,80100,3275792.0
000034.SZ,2026-01-22 10:15:00,40.85,40.86,40.82,40.83,51000,2082531.0
000034.SZ,2026-01-22 10:16:00,40.83,40.83,40.77,40.77,164200,6697432.0
000034.SZ,2026-01-22 10:17:00,40.78,40.81,40.76,40.76,80800,3295395.0
000034.SZ,2026-01-22 10:18:00,40.77,40.8,40.76,40.77,88300,3600577.0
000034.SZ,2026-01-22 10:19:00,40.76,40.77,40.74,40.77,99700,4063502.0
000034.SZ,2026-01-22 10:20:00,40.76,40.81,40.76,40.81,73000,2977514.0
000034.SZ,2026-01-22 10:21:00,40.8,40.86,40.8,40.86,32300,1318706.0
000034.SZ,2026-01-22 10:22:00,40.87,40.9,40.84,40.88,76800,3139035.0
000034.SZ,2026-01-22 10:23:00,40.87,40.92,40.85,40.92,87900,3593157.0
000034.SZ,2026-01-22 10:24:00,40.91,40.96,40.9,40.94,100900,4128114.0
000034.SZ,2026-01-22 10:25:00,40.93,40.96,40.93,40.96,81600,3341648.0
000034.SZ,2026-01-22 10:26:00,40.93,40.93,40.9,40.9,25300,1035018.0
000034.SZ,2026-01-22 10:27:00,40.89,40.92,40.88,40.88,26700,1091946.0
000034.SZ,2026-01-22 10:28:00,40.88,40.89,40.8,40.84,51100,2086487.0
000034.SZ,2026-01-22 10:29:00,40.86,40.86,40.81,40.83,106300,4337979.0
000034.SZ,2026-01-22 10:30:00,40.83,40.85,40.8,40.83,34500,1408728.0
000034.SZ,2026-01-22 10:31:00,40.82,40.82,40.76,40.77,58700,2393746.0
000034.SZ,2026-01-22 10:32:00,40.78,40.84,40.77,40.81,138100,5636747.0
000034.SZ,2026-01-22 10:33:00,40.81,40.82,40.79,40.79,45800,1869288.6
000034.SZ,2026-01-22 10:34:00,40.8,40.8,40.78,40.8,38300,1562240.0
000034.SZ,2026-01-22 10:35:00,40.8,40.86,40.8,40.85,54143,2210428.2
000034.SZ,2026-01-22 10:36:00,40.85,40.86,40.82,40.85,41200,1682728.0
000034.SZ,2026-01-22 10:37:00,40.9,40.9,40.86,40.86,62600,2558936.0
000034.SZ,2026-01-22 10:38:00,40.86,40.86,40.83,40.84,24700,1008872.0
000034.SZ,2026-01-22 10:39:00,40.84,40.85,40.77,40.78,135600,5534798.0
000034.SZ,2026-01-22 10:40:00,40.78,40.82,40.77,40.81,23000,938211.0
000034.SZ,2026-01-22 10:41:00,40.82,40.83,40.78,40.83,36400,1485203.0
000034.SZ,2026-01-22 10:42:00,40.83,40.84,40.8,40.8,65900,2689749.0
000034.SZ,2026-01-22 10:43:00,40.8,40.83,40.75,40.76,199500,8135518.0
000034.SZ,2026-01-22 10:44:00,40.75,40.75,40.72,40.72,77800,3169045.0
000034.SZ,2026-01-22 10:45:00,40.72,40.75,40.72,40.75,48800,1987523.0
000034.SZ,2026-01-22 10:46:00,40.73,40.76,40.7,40.7,67700,2756687.0
000034.SZ,2026-01-22 10:47:00,40.67,40.71,40.64,40.7,209000,8501147.0
000034.SZ,2026-01-22 10:48:00,40.72,40.72,40.69,40.69,41500,1688914.0
000034.SZ,2026-01-22 10:49:00,40.7,40.71,40.67,40.68,42800,1741794.0
000034.SZ,2026-01-22 10:50:00,40.68,40.7,40.64,40.64,61800,2513123.0
000034.SZ,2026-01-22 10:51:00,40.64,40.67,40.64,40.67,28400,1154681.0
000034.SZ,2026-01-22 10:52:00,40.66,40.7,40.66,40.68,35800,1456372.0
000034.SZ,2026-01-22 10:53:00,40.68,40.68,40.65,40.68,50800,2065940.0
000034.SZ,2026-01-22 10:54:00,40.69,40.77,40.69,40.74,38400,1563993.0
000034.SZ,2026-01-22 10:55:00,40.74,40.74,40.71,40.73,11800,480555.0
000034.SZ,2026-01-22 10:56:00,40.72,40.72,40.7,40.71,9800,398986.0
000034.SZ,2026-01-22 10:57:00,40.71,40.72,40.7,40.72,16200,659531.0
000034.SZ,2026-01-22 10:58:00,40.72,40.76,40.7,40.72,41100,1673981.0
000034.SZ,2026-01-22 10:59:00,40.72,40.75,40.71,40.71,18800,765722.0
000034.SZ,2026-01-22 11:00:00,40.75,40.75,40.71,40.73,17800,724988.0
000034.SZ,2026-01-22 11:01:00,40.73,40.74,40.7,40.72,54400,2215433.0
000034.SZ,2026-01-22 11:02:00,40.71,40.75,40.69,40.75,27700,1127868.0
000034.SZ,2026-01-22 11:03:00,40.74,40.74,40.65,40.65,45900,1867115.0
000034.SZ,2026-01-22 11:04:00,40.65,40.66,40.63,40.65,45524,1850325.6
000034.SZ,2026-01-22 11:05:00,40.65,40.66,40.62,40.62,75700,3075920.8
000034.SZ,2026-01-22 11:06:00,40.61,40.65,40.61,40.65,26800,1088775.0
000034.SZ,2026-01-22 11:07:00,40.64,40.66,40.64,40.65,18300,743920.0
000034.SZ,2026-01-22 11:08:00,40.64,40.66,40.63,40.64,44400,1804890.0
000034.SZ,2026-01-22 11:09:00,40.63,40.63,40.59,40.59,119100,4836395.0
000034.SZ,2026-01-22 11:10:00,40.59,40.63,40.59,40.63,80200,3256093.0
000034.SZ,2026-01-22 11:11:00,40.61,40.64,40.61,40.63,34600,1405756.0
000034.SZ,2026-01-22 11:12:00,40.62,40.65,40.62,40.64,23000,934671.0
000034.SZ,2026-01-22 11:13:00,40.62,40.62,40.54,40.54,113100,4590035.0
000034.SZ,2026-01-22 11:14:00,40.53,40.54,40.52,40.54,66800,2707141.0
000034.SZ,2026-01-22 11:15:00,40.55,40.55,40.52,40.55,31600,1280928.0
000034.SZ,2026-01-22 11:16:00,40.54,40.55,40.5,40.5,138800,5623224.0
000034.SZ,2026-01-22 11:17:00,40.5,40.51,40.46,40.51,113300,4588156.0
000034.SZ,2026-01-22 11:18:00,40.5,40.5,40.47,40.5,50100,2028431.0
000034.SZ,2026-01-22 11:19:00,40.5,40.51,40.49,40.49,14900,603507.0
000034.SZ,2026-01-22 11:20:00,40.5,40.55,40.49,40.55,33500,1356786.0
000034.SZ,2026-01-22 11:21:00,40.54,40.56,40.53,40.54,21400,867782.0
000034.SZ,2026-01-22 11:22:00,40.55,40.55,40.51,40.52,12400,502517.0
000034.SZ,2026-01-22 11:23:00,40.51,40.51,40.48,40.48,38500,1559105.0
000034.SZ,2026-01-22 11:24:00,40.5,40.54,40.48,40.53,31700,1283938.0
000034.SZ,2026-01-22 11:25:00,40.54,40.56,40.53,40.56,17100,693288.0
000034.SZ,2026-01-22 11:26:00,40.56,40.57,40.54,40.57,9400,381190.0
000034.SZ,2026-01-22 11:27:00,40.55,40.58,40.54,40.57,10200,413737.0
000034.SZ,2026-01-22 11:28:00,40.56,40.58,40.56,40.56,45900,1862396.0
000034.SZ,2026-01-22 11:29:00,40.55,40.57,40.53,40.57,20100,815072.0
000034.SZ,2026-01-22 11:30:00,40.55,40.57,40.5,40.5,29100,1179863.0
000034.SZ,2026-01-22 13:01:00,40.51,40.52,40.41,40.41,142400,5761741.0
000034.SZ,2026-01-22 13:02:00,40.41,40.42,40.35,40.36,124500,5029482.0
000034.SZ,2026-01-22 13:03:00,40.36,40.42,40.36,40.42,33400,1348885.0
000034.SZ,2026-01-22 13:04:00,40.4,40.4,40.37,40.38,46300,1870214.0
000034.SZ,2026-01-22 13:05:00,40.37,40.42,40.37,40.4,19300,779610.0
000034.SZ,2026-01-22 13:06:00,40.4,40.4,40.39,40.4,18000,727100.0
000034.SZ,2026-01-22 13:07:00,40.37,40.38,40.34,40.34,46300,1868930.0
000034.SZ,2026-01-22 13:08:00,40.34,40.4,40.33,40.4,57600,2324549.0
000034.SZ,2026-01-22 13:09:00,40.4,40.44,40.39,40.4,57300,2315097.0
000034.SZ,2026-01-22 13:10:00,40.4,40.4,40.36,40.38,59900,2418951.0
000034.SZ,2026-01-22 13:11:00,40.37,40.39,40.37,40.38,32800,1324292.0
000034.SZ,2026-01-22 13:12:00,40.37,40.38,40.37,40.38,35900,1449913.0
000034.SZ,2026-01-22 13:13:00,40.37,40.38,40.36,40.37,32000,1291684.0
000034.SZ,2026-01-22 13:14:00,40.36,40.41,40.36,40.41,32500,1312430.0
000034.SZ,2026-01-22 13:15:00,40.4,40.44,40.4,40.44,51600,2085280.0
000034.SZ,2026-01-22 13:16:00,40.43,40.44,40.39,40.41,94700,3826989.0
000034.SZ,2026-01-22 13:17:00,40.42,40.44,40.4,40.4,50800,2053140.0
000034.SZ,2026-01-22 13:18:00,40.4,40.43,40.4,40.41,58600,2368255.0
000034.SZ,2026-01-22 13:19:00,40.41,40.42,40.37,40.38,48800,1971644.0
000034.SZ,2026-01-22 13:20:00,40.38,40.39,40.31,40.31,75300,3038575.0
000034.SZ,2026-01-22 13:21:00,40.31,40.34,40.3,40.32,54100,2181237.0
000034.SZ,2026-01-22 13:22:00,40.32,40.34,40.31,40.34,46400,1871108.0
000034.SZ,2026-01-22 13:23:00,40.32,40.35,40.3,40.34,96200,3878703.0
000034.SZ,2026-01-22 13:24:00,40.34,40.36,40.33,40.35,31700,1278953.0
000034.SZ,2026-01-22 13:25:00,40.36,40.37,40.35,40.35,34600,1396297.0
000034.SZ,2026-01-22 13:26:00,40.33,40.38,40.33,40.37,22900,924230.0
000034.SZ,2026-01-22 13:27:00,40.37,40.37,40.35,40.36,33500,1352032.0
000034.SZ,2026-01-22 13:28:00,40.35,40.37,40.35,40.35,43900,1771878.0
000034.SZ,2026-01-22 13:29:00,40.36,40.38,40.36,40.37,10100,407787.0
000034.SZ,2026-01-22 13:30:00,40.37,40.39,40.37,40.38,16400,662146.0
000034.SZ,2026-01-22 13:31:00,40.38,40.38,40.35,40.37,68600,2769336.0
000034.SZ,2026-01-22 13:32:00,40.37,40.37,40.32,40.33,63700,2569657.0
000034.SZ,2026-01-22 13:33:00,40.33,40.35,40.33,40.35,16700,673613.0
000034.SZ,2026-01-22 13:34:00,40.35,40.37,40.35,40.37,34900,1408384.0
000034.SZ,2026-01-22 13:35:00,40.36,40.38,40.36,40.37,19700,795201.0
000034.SZ,2026-01-22 13:36:00,40.37,40.37,40.34,40.35,56200,2267808.0
000034.SZ,2026-01-22 13:37:00,40.35,40.36,40.34,40.36,17700,714243.0
000034.SZ,2026-01-22 13:38:00,40.36,40.42,40.36,40.4,71200,2876760.0
000034.SZ,2026-01-22 13:39:00,40.41,40.44,40.41,40.44,23100,933840.0
000034.SZ,2026-01-22 13:40:00,40.43,40.43,40.4,40.42,32600,1317713.0
000034.SZ,2026-01-22 13:41:00,40.42,40.42,40.38,40.41,52300,2113106.0
000034.SZ,2026-01-22 13:42:00,40.41,40.42,40.36,40.36,53800,2173680.0
000034.SZ,2026-01-22 13:43:00,40.36,40.39,40.36,40.38,7300,294764.0
000034.SZ,2026-01-22 13:44:00,40.37,40.38,40.37,40.38,16300,658209.0
000034.SZ,2026-01-22 13:45:00,40.38,40.38,40.37,40.38,24500,989243.0
000034.SZ,2026-01-22 13:46:00,40.38,40.42,40.38,40.39,37900,1531399.0
000034.SZ,2026-01-22 13:47:00,40.41,40.41,40.37,40.37,72600,2932722.0
000034.SZ,2026-01-22 13:48:00,40.38,40.43,40.37,40.42,38500,1554914.0
000034.SZ,2026-01-22 13:49:00,40.43,40.46,40.43,40.43,56800,2297139.0
000034.SZ,2026-01-22 13:50:00,40.44,40.49,40.44,40.49,68900,2787061.0
000034.SZ,2026-01-22 13:51:00,40.49,40.51,40.47,40.51,47600,1927353.0
000034.SZ,2026-01-22 13:52:00,40.51,40.52,40.5,40.5,51400,2082164.0
000034.SZ,2026-01-22 13:53:00,40.5,40.58,40.5,40.58,37424,1516753.5
000034.SZ,2026-01-22 13:54:00,40.6,40.65,40.59,40.62,136500,5544392.0
000034.SZ,2026-01-22 13:55:00,40.63,40.64,40.58,40.6,103100,4186370.0
000034.SZ,2026-01-22 13:56:00,40.58,40.6,40.57,40.58,36000,1461112.0
000034.SZ,2026-01-22 13:57:00,40.6,40.6,40.57,40.57,37600,1525914.0
000034.SZ,2026-01-22 13:58:00,40.56,40.57,40.54,40.56,21700,880112.0
000034.SZ,2026-01-22 13:59:00,40.55,40.56,40.55,40.56,16400,665087.0
000034.SZ,2026-01-22 14:00:00,40.55,40.59,40.55,40.59,18500,750643.0
000034.SZ,2026-01-22 14:01:00,40.59,40.64,40.59,40.64,71200,2891964.0
000034.SZ,2026-01-22 14:02:00,40.63,40.63,40.58,40.6,46900,1904166.0
000034.SZ,2026-01-22 14:03:00,40.6,40.61,40.59,40.61,16500,669971.0
000034.SZ,2026-01-22 14:04:00,40.61,40.62,40.61,40.62,18300,743207.0
000034.SZ,2026-01-22 14:05:00,40.63,40.63,40.59,40.6,87600,3557319.0
000034.SZ,2026-01-22 14:06:00,40.6,40.62,40.58,40.58,21900,888979.0
000034.SZ,2026-01-22 14:07:00,40.59,40.6,40.57,40.57,18000,730556.0
000034.SZ,2026-01-22 14:08:00,40.57,40.57,40.55,40.56,21100,855899.0
000034.SZ,2026-01-22 14:09:00,40.57,40.6,40.55,40.6,86202,3497275.2
000034.SZ,2026-01-22 14:10:00,40.59,40.62,40.57,40.62,36700,1489936.0
000034.SZ,2026-01-22 14:11:00,40.62,40.63,40.53,40.53,21400,868605.0
000034.SZ,2026-01-22 14:12:00,40.53,40.53,40.5,40.51,32300,1308318.0
000034.SZ,2026-01-22 14:13:00,40.51,40.54,40.51,40.54,22900,927900.0
000034.SZ,2026-01-22 14:14:00,40.6,40.6,40.49,40.52,47800,1938290.0
000034.SZ,2026-01-22 14:15:00,40.51,40.54,40.49,40.51,93800,3796523.0
000034.SZ,2026-01-22 14:16:00,40.54,40.54,40.5,40.51,29700,1203284.0
000034.SZ,2026-01-22 14:17:00,40.52,40.55,40.52,40.54,18700,757990.0
000034.SZ,2026-01-22 14:18:00,40.53,40.54,40.52,40.54,10533,426867.16
000034.SZ,2026-01-22 14:19:00,40.52,40.6,40.52,40.6,48800,1980197.0
000034.SZ,2026-01-22 14:20:00,40.6,40.61,40.58,40.59,15000,608950.0
000034.SZ,2026-01-22 14:21:00,40.6,40.62,40.6,40.6,28600,1161331.0
000034.SZ,2026-01-22 14:22:00,40.62,40.64,40.61,40.64,86400,3507468.0
000034.SZ,2026-01-22 14:23:00,40.64,40.64,40.62,40.64,17100,694864.0
000034.SZ,2026-01-22 14:24:00,40.64,40.64,40.62,40.62,25000,1015858.0
000034.SZ,2026-01-22 14:25:00,40.63,40.63,40.62,40.63,21400,869356.0
000034.SZ,2026-01-22 14:26:00,40.63,40.64,40.62,40.63,20000,812531.0
000034.SZ,2026-01-22 14:27:00,40.62,40.63,40.61,40.62,13600,552463.0
000034.SZ,2026-01-22 14:28:00,40.62,40.63,40.6,40.6,31800,1291268.0
000034.SZ,2026-01-22 14:29:00,40.58,40.61,40.58,40.59,19600,795624.0
000034.SZ,2026-01-22 14:30:00,40.61,40.62,40.59,40.6,14900,604919.0
000034.SZ,2026-01-22 14:31:00,40.6,40.6,40.55,40.55,31700,1286299.0
000034.SZ,2026-01-22 14:32:00,40.54,40.58,40.52,40.56,50000,2027276.0
000034.SZ,2026-01-22 14:33:00,40.58,40.58,40.55,40.57,19600,795092.0
000034.SZ,2026-01-22 14:34:00,40.57,40.58,40.56,40.58,9400,381373.0
000034.SZ,2026-01-22 14:35:00,40.58,40.59,40.57,40.58,42900,1740845.0
000034.SZ,2026-01-22 14:36:00,40.57,40.59,40.56,40.57,30400,1233436.0
000034.SZ,2026-01-22 14:37:00,40.57,40.57,40.56,40.56,33800,1371088.0
000034.SZ,2026-01-22 14:38:00,40.57,40.57,40.55,40.55,38800,1573568.0
000034.SZ,2026-01-22 14:39:00,40.54,40.56,40.54,40.55,41600,1686715.0
000034.SZ,2026-01-22 14:40:00,40.56,40.57,40.55,40.57,30500,1237224.0
000034.SZ,2026-01-22 14:41:00,40.58,40.59,40.57,40.59,47200,1915242.0
000034.SZ,2026-01-22 14:42:00,40.58,40.59,40.57,40.59,25900,1051122.0
000034.SZ,2026-01-22 14:43:00,40.6,40.6,40.58,40.58,17700,718377.0
000034.SZ,2026-01-22 14:44:00,40.59,40.61,40.57,40.6,77200,3133725.0
000034.SZ,2026-01-22 14:45:00,40.6,40.61,40.59,40.6,49000,1989588.0
000034.SZ,2026-01-22 14:46:00,40.58,40.59,40.57,40.59,88200,3579222.0
000034.SZ,2026-01-22 14:47:00,40.58,40.6,40.57,40.58,75400,3059898.0
000034.SZ,2026-01-22 14:48:00,40.59,40.6,40.57,40.59,72867,2957318.8
000034.SZ,2026-01-22 14:49:00,40.59,40.59,40.58,40.59,52133,2115575.5
000034.SZ,2026-01-22 14:50:00,40.59,40.6,40.58,40.6,53067,2154115.5
000034.SZ,2026-01-22 14:51:00,40.6,40.6,40.59,40.6,80900,3284289.0
000034.SZ,2026-01-22 14:52:00,40.6,40.61,40.6,40.61,88200,3580740.0
000034.SZ,2026-01-22 14:53:00,40.61,40.61,40.59,40.6,46200,1875760.0
000034.SZ,2026-01-22 14:54:00,40.6,40.61,40.59,40.6,95300,3869118.0
000034.SZ,2026-01-22 14:55:00,40.61,40.61,40.59,40.6,68200,2768962.0
000034.SZ,2026-01-22 14:56:00,40.6,40.62,40.6,40.62,162464,6597072.5
000034.SZ,2026-01-22 14:57:00,40.61,40.63,40.61,40.63,110400,4484849.0
000034.SZ,2026-01-22 14:58:00,40.63,40.63,40.63,40.63,0,0.0
000034.SZ,2026-01-22 14:59:00,40.63,40.63,40.63,40.63,0,0.0
000034.SZ,2026-01-22 15:00:00,40.62,40.62,40.62,40.62,154300,6267666.0
000034.SZ,2026-01-23 09:30:00,40.6,40.7,40.18,40.6,242900,9838172.0
000034.SZ,2026-01-23 09:31:00,40.61,40.72,40.33,40.33,347700,14071912.0
000034.SZ,2026-01-23 09:32:00,40.36,40.38,40.23,40.26,267100,10765657.0
000034.SZ,2026-01-23 09:33:00,40.26,40.34,40.21,40.34,244400,9834267.0
000034.SZ,2026-01-23 09:34:00,40.28,40.5,40.27,40.38,138500,5585415.0
000034.SZ,2026-01-23 09:35:00,40.38,40.45,40.34,40.44,111700,4512734.0
000034.SZ,2026-01-23 09:36:00,40.44,40.44,40.28,40.33,229700,9260623.0
000034.SZ,2026-01-23 09:37:00,40.35,40.42,40.35,40.42,152300,6148132.0
000034.SZ,2026-01-23 09:38:00,40.42,40.5,40.42,40.48,152000,6152392.0
000034.SZ,2026-01-23 09:39:00,40.48,40.48,40.39,40.4,105700,4275333.0
000034.SZ,2026-01-23 09:40:00,40.38,40.41,40.3,40.38,227649,9187506.0
000034.SZ,2026-01-23 09:41:00,40.38,40.38,40.27,40.3,158651,6393687.0
000034.SZ,2026-01-23 09:42:00,40.3,40.35,40.28,40.33,728600,29307124.0
000034.SZ,2026-01-23 09:43:00,40.32,40.33,40.2,40.23,224700,9045508.0
000034.SZ,2026-01-23 09:44:00,40.25,40.33,40.25,40.32,71100,2863198.0
000034.SZ,2026-01-23 09:45:00,40.31,40.34,40.28,40.3,94700,3817048.0
000034.SZ,2026-01-23 09:46:00,40.3,40.36,40.29,40.3,169600,6834693.0
000034.SZ,2026-01-23 09:47:00,40.3,40.34,40.26,40.3,154900,6241203.0
000034.SZ,2026-01-23 09:48:00,40.3,40.35,40.2,40.3,156700,6309170.0
000034.SZ,2026-01-23 09:49:00,40.27,40.36,40.27,40.36,98000,3951099.0
000034.SZ,2026-01-23 09:50:00,40.37,40.42,40.37,40.42,69000,2787397.0
000034.SZ,2026-01-23 09:51:00,40.42,40.46,40.42,40.42,80800,3267048.0
000034.SZ,2026-01-23 09:52:00,40.44,40.44,40.37,40.42,73100,2953857.0
000034.SZ,2026-01-23 09:53:00,40.39,40.43,40.36,40.4,96400,3893727.0
000034.SZ,2026-01-23 09:54:00,40.38,40.4,40.35,40.36,62300,2515182.0
000034.SZ,2026-01-23 09:55:00,40.36,40.37,40.27,40.29,75800,3056037.0
000034.SZ,2026-01-23 09:56:00,40.27,40.33,40.27,40.32,94000,3786825.0
000034.SZ,2026-01-23 09:57:00,40.32,40.35,40.3,40.32,75399,3039610.8
000034.SZ,2026-01-23 09:58:00,40.31,40.35,40.3,40.35,57700,2326010.0
000034.SZ,2026-01-23 09:59:00,40.35,40.36,40.3,40.3,84200,3395636.0
000034.SZ,2026-01-23 10:00:00,40.3,40.36,40.3,40.36,48500,1956006.0
000034.SZ,2026-01-23 10:01:00,40.36,40.36,40.3,40.34,50400,2032382.0
000034.SZ,2026-01-23 10:02:00,40.35,40.4,40.34,40.39,45200,1824461.0
000034.SZ,2026-01-23 10:03:00,40.39,40.41,40.36,40.41,57200,2310123.0
000034.SZ,2026-01-23 10:04:00,40.4,40.43,40.39,40.43,65800,2658508.0
000034.SZ,2026-01-23 10:05:00,40.43,40.44,40.37,40.37,56000,2262686.0
000034.SZ,2026-01-23 10:06:00,40.38,40.44,40.35,40.44,87900,3552071.0
000034.SZ,2026-01-23 10:07:00,40.45,40.46,40.41,40.41,94600,3825632.0
000034.SZ,2026-01-23 10:08:00,40.42,40.42,40.35,40.35,116500,4704459.0
000034.SZ,2026-01-23 10:09:00,40.33,40.36,40.31,40.31,114500,4617139.0
000034.SZ,2026-01-23 10:10:00,40.34,40.39,40.32,40.39,29900,1206497.0
000034.SZ,2026-01-23 10:11:00,40.4,40.4,40.39,40.4,42600,1720601.0
000034.SZ,2026-01-23 10:12:00,40.39,40.4,40.35,40.36,55800,2252597.0
000034.SZ,2026-01-23 10:13:00,40.36,40.38,40.35,40.36,40800,1646883.0
000034.SZ,2026-01-23 10:14:00,40.36,40.38,40.35,40.38,80600,3253093.0
000034.SZ,2026-01-23 10:15:00,40.38,40.4,40.37,40.4,55100,2225077.0
000034.SZ,2026-01-23 10:16:00,40.4,40.4,40.29,40.29,178500,7199361.0
000034.SZ,2026-01-23 10:17:00,40.28,40.37,40.28,40.37,63500,2559036.0
000034.SZ,2026-01-23 10:18:00,40.36,40.36,40.3,40.3,33100,1334862.0
000034.SZ,2026-01-23 10:19:00,40.31,40.37,40.31,40.37,71000,2864567.0
000034.SZ,2026-01-23 10:20:00,40.37,40.38,40.35,40.37,36400,1469297.0
000034.SZ,2026-01-23 10:21:00,40.37,40.37,40.35,40.36,73900,2982545.0
000034.SZ,2026-01-23 10:22:00,40.36,40.37,40.32,40.33,47300,1908133.0
000034.SZ,2026-01-23 10:23:00,40.33,40.35,40.31,40.31,97500,3932048.0
000034.SZ,2026-01-23 10:24:00,40.31,40.33,40.31,40.32,60200,2426852.0
000034.SZ,2026-01-23 10:25:00,40.31,40.37,40.31,40.33,24600,992308.0
000034.SZ,2026-01-23 10:26:00,40.34,40.34,40.31,40.32,71500,2882625.0
000034.SZ,2026-01-23 10:27:00,40.31,40.33,40.31,40.32,71700,2890787.0
000034.SZ,2026-01-23 10:28:00,40.32,40.32,40.3,40.31,59300,2390282.0
000034.SZ,2026-01-23 10:29:00,40.28,40.3,40.25,40.26,176500,7108782.0
000034.SZ,2026-01-23 10:30:00,40.27,40.27,40.21,40.23,164410,6612584.0
000034.SZ,2026-01-23 10:31:00,40.22,40.26,40.22,40.24,62127,2499976.2
000034.SZ,2026-01-23 10:32:00,40.25,40.25,40.17,40.18,265863,10688399.0
000034.SZ,2026-01-23 10:33:00,40.17,40.17,40.11,40.12,154300,6194801.0
000034.SZ,2026-01-23 10:34:00,40.11,40.14,40.06,40.13,194086,7781453.0
000034.SZ,2026-01-23 10:35:00,40.14,40.22,40.14,40.22,65500,2631592.0
000034.SZ,2026-01-23 10:36:00,40.21,40.22,40.2,40.2,45900,1845514.0
000034.SZ,2026-01-23 10:37:00,40.2,40.24,40.19,40.24,55200,2219310.0
000034.SZ,2026-01-23 10:38:00,40.25,40.26,40.22,40.24,36500,1468819.0
000034.SZ,2026-01-23 10:39:00,40.25,40.25,40.22,40.24,40200,1617437.0
000034.SZ,2026-01-23 10:40:00,40.25,40.25,40.24,40.25,40500,1629846.0
000034.SZ,2026-01-23 10:41:00,40.25,40.25,40.24,40.25,41800,1682032.0
000034.SZ,2026-01-23 10:42:00,40.25,40.25,40.19,40.23,72500,2915617.0
000034.SZ,2026-01-23 10:43:00,40.23,40.23,40.19,40.23,80500,3236929.0
000034.SZ,2026-01-23 10:44:00,40.23,40.23,40.2,40.23,76500,3076662.0
000034.SZ,2026-01-23 10:45:00,40.22,40.22,40.19,40.2,42100,1692608.0
000034.SZ,2026-01-23 10:46:00,40.21,40.25,40.21,40.25,76900,3091904.0
000034.SZ,2026-01-23 10:47:00,40.24,40.27,40.23,40.27,62900,2531668.0
000034.SZ,2026-01-23 10:48:00,40.26,40.28,40.25,40.27,32100,1292393.0
000034.SZ,2026-01-23 10:49:00,40.27,40.29,40.26,40.28,32100,1292709.0
000034.SZ,2026-01-23 10:50:00,40.29,40.29,40.27,40.28,18700,753293.0
000034.SZ,2026-01-23 10:51:00,40.27,40.28,40.27,40.27,34500,1389493.0
000034.SZ,2026-01-23 10:52:00,40.29,40.29,40.27,40.28,20401,821705.25
000034.SZ,2026-01-23 10:53:00,40.28,40.28,40.21,40.25,106899,4302250.5
000034.SZ,2026-01-23 10:54:00,40.25,40.28,40.24,40.26,39000,1569943.0
000034.SZ,2026-01-23 10:55:00,40.26,40.28,40.21,40.26,91200,3669078.0
000034.SZ,2026-01-23 10:56:00,40.26,40.29,40.24,40.25,51201,2061578.2
000034.SZ,2026-01-23 10:57:00,40.25,40.25,40.23,40.24,14300,575397.0
000034.SZ,2026-01-23 10:58:00,40.24,40.25,40.23,40.25,27900,1122689.0
000034.SZ,2026-01-23 10:59:00,40.24,40.25,40.22,40.22,92300,3713602.0
000034.SZ,2026-01-23 11:00:00,40.22,40.22,40.2,40.21,41700,1676814.0
000034.SZ,2026-01-23 11:01:00,40.21,40.22,40.19,40.21,93900,3774975.0
000034.SZ,2026-01-23 11:02:00,40.22,40.24,40.2,40.22,111000,4461646.0
000034.SZ,2026-01-23 11:03:00,40.22,40.25,40.22,40.24,60400,2429640.0
000034.SZ,2026-01-23 11:04:00,40.22,40.25,40.22,40.25,40600,1633493.0
000034.SZ,2026-01-23 11:05:00,40.26,40.28,40.25,40.28,47100,1896418.0
000034.SZ,2026-01-23 11:06:00,40.28,40.3,40.28,40.3,30000,1208633.0
000034.SZ,2026-01-23 11:07:00,40.3,40.3,40.29,40.29,51300,2066459.0
000034.SZ,2026-01-23 11:08:00,40.27,40.3,40.25,40.28,22700,914460.0
000034.SZ,2026-01-23 11:09:00,40.29,40.29,40.25,40.29,43500,1751372.0
000034.SZ,2026-01-23 11:10:00,40.26,40.37,40.26,40.34,108886,4390369.5
000034.SZ,2026-01-23 11:11:00,40.34,40.34,40.26,40.26,60200,2426481.0
000034.SZ,2026-01-23 11:12:00,40.24,40.28,40.24,40.25,71800,2890389.0
000034.SZ,2026-01-23 11:13:00,40.25,40.27,40.24,40.27,27900,1123009.0
000034.SZ,2026-01-23 11:14:00,40.26,40.27,40.25,40.25,59400,2391343.0
000034.SZ,2026-01-23 11:15:00,40.24,40.24,40.21,40.21,78400,3154452.0
000034.SZ,2026-01-23 11:16:00,40.21,40.26,40.21,40.22,76700,3085140.0
000034.SZ,2026-01-23 11:17:00,40.2,40.24,40.19,40.24,108600,4365411.0
000034.SZ,2026-01-23 11:18:00,40.25,40.27,40.2,40.23,23400,941478.0
000034.SZ,2026-01-23 11:19:00,40.24,40.24,40.21,40.21,38900,1564824.0
000034.SZ,2026-01-23 11:20:00,40.22,40.34,40.22,40.3,133300,5371996.0
000034.SZ,2026-01-23 11:21:00,40.3,40.3,40.26,40.26,44200,1780113.0
000034.SZ,2026-01-23 11:22:00,40.26,40.29,40.21,40.27,83000,3340381.0
000034.SZ,2026-01-23 11:23:00,40.28,40.33,40.27,40.32,19600,789792.0
000034.SZ,2026-01-23 11:24:00,40.31,40.32,40.29,40.29,20500,826272.0
000034.SZ,2026-01-23 11:25:00,40.3,40.3,40.28,40.28,22700,914615.0
000034.SZ,2026-01-23 11:26:00,40.28,40.32,40.27,40.32,158500,6385047.0
000034.SZ,2026-01-23 11:27:00,40.32,40.36,40.32,40.36,33800,1363341.0
000034.SZ,2026-01-23 11:28:00,40.38,40.38,40.34,40.38,44200,1784110.0
000034.SZ,2026-01-23 11:29:00,40.38,40.38,40.35,40.36,36600,1477231.0
000034.SZ,2026-01-23 11:30:00,40.36,40.37,40.36,40.37,19300,779067.0
000034.SZ,2026-01-23 13:01:00,40.38,40.38,40.32,40.36,187100,7552170.0
000034.SZ,2026-01-23 13:02:00,40.37,40.37,40.33,40.33,26600,1073490.0
000034.SZ,2026-01-23 13:03:00,40.33,40.35,40.32,40.35,46900,1891518.0
000034.SZ,2026-01-23 13:04:00,40.36,40.44,40.35,40.44,95500,3859772.0
000034.SZ,2026-01-23 13:05:00,40.47,40.47,40.38,40.4,62600,2532363.0
000034.SZ,2026-01-23 13:06:00,40.4,40.43,40.39,40.39,31000,1252588.0
000034.SZ,2026-01-23 13:07:00,40.39,40.42,40.37,40.38,87000,3514549.0
000034.SZ,2026-01-23 13:08:00,40.39,40.4,40.38,40.39,71700,2896121.0
000034.SZ,2026-01-23 13:09:00,40.39,40.4,40.39,40.4,32800,1325008.0
000034.SZ,2026-01-23 13:10:00,40.4,40.4,40.36,40.37,90900,3670490.0
000034.SZ,2026-01-23 13:11:00,40.38,40.4,40.37,40.39,41100,1659838.0
000034.SZ,2026-01-23 13:12:00,40.38,40.39,40.36,40.36,44100,1780655.0
000034.SZ,2026-01-23 13:13:00,40.36,40.38,40.36,40.37,33700,1360437.0
000034.SZ,2026-01-23 13:14:00,40.37,40.37,40.35,40.36,38300,1545933.0
000034.SZ,2026-01-23 13:15:00,40.35,40.35,40.34,40.34,31300,1262814.0
000034.SZ,2026-01-23 13:16:00,40.34,40.34,40.3,40.3,142100,5727862.0
000034.SZ,2026-01-23 13:17:00,40.3,40.35,40.3,40.33,28800,1161468.0
000034.SZ,2026-01-23 13:18:00,40.33,40.35,40.33,40.33,76800,3097807.0
000034.SZ,2026-01-23 13:19:00,40.35,40.35,40.33,40.33,38100,1536884.0
000034.SZ,2026-01-23 13:20:00,40.32,40.36,40.32,40.35,76500,3085435.0
000034.SZ,2026-01-23 13:21:00,40.33,40.35,40.33,40.34,35000,1411828.0
000034.SZ,2026-01-23 13:22:00,40.34,40.35,40.33,40.35,71900,2900458.0
000034.SZ,2026-01-23 13:23:00,40.35,40.36,40.34,40.34,69400,2800676.0
000034.SZ,2026-01-23 13:24:00,40.34,40.35,40.28,40.28,83700,3374298.0
000034.SZ,2026-01-23 13:25:00,40.29,40.3,40.27,40.29,34200,1377672.0
000034.SZ,2026-01-23 13:26:00,40.27,40.3,40.27,40.29,12900,519712.0
000034.SZ,2026-01-23 13:27:00,40.28,40.3,40.28,40.29,37300,1502549.0
000034.SZ,2026-01-23 13:28:00,40.28,40.3,40.28,40.28,23200,934654.0
000034.SZ,2026-01-23 13:29:00,40.28,40.3,40.27,40.3,58800,2368390.0
000034.SZ,2026-01-23 13:30:00,40.3,40.31,40.29,40.29,25000,1007512.0
000034.SZ,2026-01-23 13:31:00,40.3,40.32,40.29,40.31,31600,1273674.0
000034.SZ,2026-01-23 13:32:00,40.3,40.34,40.3,40.32,131500,5301823.0
000034.SZ,2026-01-23 13:33:00,40.3,40.32,40.27,40.28,101300,4080808.0
000034.SZ,2026-01-23 13:34:00,40.28,40.32,40.28,40.31,15000,604507.0
000034.SZ,2026-01-23 13:35:00,40.3,40.34,40.29,40.33,81400,3281406.0
000034.SZ,2026-01-23 13:36:00,40.33,40.33,40.31,40.32,69800,2814152.0
000034.SZ,2026-01-23 13:37:00,40.28,40.31,40.28,40.3,108300,4364405.0
000034.SZ,2026-01-23 13:38:00,40.28,40.3,40.28,40.29,19600,789753.0
000034.SZ,2026-01-23 13:39:00,40.29,40.29,40.28,40.28,21200,854100.0
000034.SZ,2026-01-23 13:40:00,40.28,40.29,40.27,40.27,44000,1772367.0
000034.SZ,2026-01-23 13:41:00,40.28,40.29,40.27,40.29,50200,2021848.0
000034.SZ,2026-01-23 13:42:00,40.28,40.3,40.27,40.27,47400,1909091.0
000034.SZ,2026-01-23 13:43:00,40.27,40.29,40.27,40.27,40900,1647162.0
000034.SZ,2026-01-23 13:44:00,40.25,40.25,40.24,40.24,79600,3204087.0
000034.SZ,2026-01-23 13:45:00,40.24,40.26,40.23,40.26,44800,1802726.0
000034.SZ,2026-01-23 13:46:00,40.26,40.27,40.25,40.27,14500,583788.0
000034.SZ,2026-01-23 13:47:00,40.27,40.28,40.25,40.26,32900,1324609.0
000034.SZ,2026-01-23 13:48:00,40.27,40.28,40.24,40.28,110400,4444464.0
000034.SZ,2026-01-23 13:49:00,40.29,40.29,40.26,40.28,39600,1594639.0
000034.SZ,2026-01-23 13:50:00,40.27,40.28,40.26,40.27,22500,906000.0
000034.SZ,2026-01-23 13:51:00,40.27,40.28,40.26,40.27,37200,1498111.0
000034.SZ,2026-01-23 13:52:00,40.28,40.3,40.28,40.3,49800,2006549.0
000034.SZ,2026-01-23 13:53:00,40.31,40.32,40.3,40.32,29700,1197056.0
000034.SZ,2026-01-23 13:54:00,40.32,40.32,40.29,40.31,18700,753767.0
000034.SZ,2026-01-23 13:55:00,40.31,40.33,40.3,40.32,34200,1378984.0
000034.SZ,2026-01-23 13:56:00,40.32,40.34,40.32,40.33,46200,1862982.0
000034.SZ,2026-01-23 13:57:00,40.32,40.33,40.32,40.33,69300,2794596.0
000034.SZ,2026-01-23 13:58:00,40.32,40.34,40.32,40.32,29800,1201763.0
000034.SZ,2026-01-23 13:59:00,40.31,40.33,40.31,40.31,49400,1991774.0
000034.SZ,2026-01-23 14:00:00,40.31,40.32,40.3,40.31,34100,1374660.0
000034.SZ,2026-01-23 14:01:00,40.3,40.31,40.3,40.31,25600,1031782.0
000034.SZ,2026-01-23 14:02:00,40.31,40.32,40.3,40.31,30700,1237487.0
000034.SZ,2026-01-23 14:03:00,40.3,40.32,40.29,40.3,58100,2341405.0
000034.SZ,2026-01-23 14:04:00,40.29,40.3,40.28,40.29,63300,2550274.0
000034.SZ,2026-01-23 14:05:00,40.29,40.32,40.29,40.32,42000,1692415.0
000034.SZ,2026-01-23 14:06:00,40.32,40.32,40.3,40.3,19400,782072.0
000034.SZ,2026-01-23 14:07:00,40.3,40.34,40.3,40.33,42600,1717386.0
000034.SZ,2026-01-23 14:08:00,40.33,40.35,40.32,40.34,34200,1379612.0
000034.SZ,2026-01-23 14:09:00,40.34,40.36,40.33,40.36,81299,3279972.8
000034.SZ,2026-01-23 14:10:00,40.36,40.36,40.3,40.3,105601,4259578.5
000034.SZ,2026-01-23 14:11:00,40.3,40.32,40.29,40.3,47200,1902202.0
000034.SZ,2026-01-23 14:12:00,40.3,40.31,40.29,40.31,41900,1688490.0
000034.SZ,2026-01-23 14:13:00,40.29,40.32,40.29,40.32,49500,1995027.0
000034.SZ,2026-01-23 14:14:00,40.32,40.35,40.31,40.35,38500,1552858.0
000034.SZ,2026-01-23 14:15:00,40.33,40.34,40.32,40.33,35100,1415856.0
000034.SZ,2026-01-23 14:16:00,40.34,40.36,40.33,40.36,194400,7849969.0
000034.SZ,2026-01-23 14:17:00,40.35,40.39,40.35,40.38,54500,2200431.0
000034.SZ,2026-01-23 14:18:00,40.38,40.38,40.36,40.38,14500,585400.0
000034.SZ,2026-01-23 14:19:00,40.36,40.38,40.36,40.36,22200,896123.0
000034.SZ,2026-01-23 14:20:00,40.37,40.39,40.36,40.39,90307,3645219.2
000034.SZ,2026-01-23 14:21:00,40.39,40.39,40.38,40.39,63300,2555227.0
000034.SZ,2026-01-23 14:22:00,40.38,40.39,40.37,40.38,52100,2103332.0
000034.SZ,2026-01-23 14:23:00,40.36,40.38,40.36,40.37,42300,1707126.0
000034.SZ,2026-01-23 14:24:00,40.36,40.38,40.34,40.37,57100,2304373.0
000034.SZ,2026-01-23 14:25:00,40.37,40.38,40.32,40.35,84100,3393169.0
000034.SZ,2026-01-23 14:26:00,40.35,40.35,40.33,40.34,59400,2395886.0
000034.SZ,2026-01-23 14:27:00,40.34,40.34,40.32,40.33,27500,1108998.0
000034.SZ,2026-01-23 14:28:00,40.33,40.34,40.33,40.34,54200,2186073.0
000034.SZ,2026-01-23 14:29:00,40.34,40.36,40.34,40.35,26500,1069189.0
000034.SZ,2026-01-23 14:30:00,40.35,40.36,40.34,40.35,53400,2154693.0
000034.SZ,2026-01-23 14:31:00,40.34,40.34,40.32,40.32,79200,3194427.0
000034.SZ,2026-01-23 14:32:00,40.33,40.35,40.33,40.33,59000,2379983.0
000034.SZ,2026-01-23 14:33:00,40.36,40.36,40.33,40.33,24100,972309.0
000034.SZ,2026-01-23 14:34:00,40.33,40.34,40.32,40.34,60300,2431885.0
000034.SZ,2026-01-23 14:35:00,40.34,40.34,40.32,40.32,53600,2161461.0
000034.SZ,2026-01-23 14:36:00,40.32,40.33,40.32,40.32,56800,2290346.0
000034.SZ,2026-01-23 14:37:00,40.32,40.33,40.31,40.33,63200,2548486.0
000034.SZ,2026-01-23 14:38:00,40.34,40.34,40.3,40.31,117000,4716402.0
000034.SZ,2026-01-23 14:39:00,40.3,40.32,40.28,40.29,141700,5709887.0
000034.SZ,2026-01-23 14:40:00,40.29,40.3,40.28,40.29,47800,1925457.0
000034.SZ,2026-01-23 14:41:00,40.28,40.32,40.28,40.32,94700,3816220.0
000034.SZ,2026-01-23 14:42:00,40.32,40.33,40.31,40.32,56700,2286073.0
000034.SZ,2026-01-23 14:43:00,40.31,40.33,40.31,40.33,96664,3897012.8
000034.SZ,2026-01-23 14:44:00,40.33,40.34,40.32,40.32,49600,1999972.0
000034.SZ,2026-01-23 14:45:00,40.32,40.33,40.31,40.32,43900,1770098.0
000034.SZ,2026-01-23 14:46:00,40.32,40.35,40.32,40.34,65700,2649544.0
000034.SZ,2026-01-23 14:47:00,40.34,40.36,40.34,40.35,95102,3837345.8
000034.SZ,2026-01-23 14:48:00,40.36,40.37,40.34,40.36,79900,3224317.0
000034.SZ,2026-01-23 14:49:00,40.35,40.36,40.34,40.36,113600,4584011.0
000034.SZ,2026-01-23 14:50:00,40.35,40.37,40.34,40.36,69800,2816985.0
000034.SZ,2026-01-23 14:51:00,40.35,40.38,40.35,40.36,60100,2425647.0
000034.SZ,2026-01-23 14:52:00,40.36,40.37,40.35,40.36,64500,2603067.0
000034.SZ,2026-01-23 14:53:00,40.36,40.38,40.35,40.38,72800,2938744.0
000034.SZ,2026-01-23 14:54:00,40.38,40.38,40.36,40.36,49500,1998201.0
000034.SZ,2026-01-23 14:55:00,40.37,40.37,40.36,40.36,84100,3394761.0
000034.SZ,2026-01-23 14:56:00,40.36,40.37,40.35,40.36,131237,5296652.5
000034.SZ,2026-01-23 14:57:00,40.37,40.38,40.36,40.38,110500,4460346.0
000034.SZ,2026-01-23 14:58:00,40.38,40.38,40.38,40.38,0,0.0
000034.SZ,2026-01-23 14:59:00,40.38,40.38,40.38,40.38,0,0.0
000034.SZ,2026-01-23 15:00:00,40.38,40.38,40.38,40.38,169224,6833265.0
000034.SZ,2026-01-26 09:30:00,40.5,40.59,40.42,40.59,193100,7821167.0
000034.SZ,2026-01-26 09:31:00,40.49,40.93,40.49,40.88,625366,25445426.0
000034.SZ,2026-01-26 09:32:00,40.89,41.38,40.89,41.06,925262,38038190.0
000034.SZ,2026-01-26 09:33:00,41.05,41.6,41.05,41.5,1470100,60843640.0
000034.SZ,2026-01-26 09:34:00,41.58,41.64,41.36,41.47,1036900,43035350.0
000034.SZ,2026-01-26 09:35:00,41.42,41.45,41.23,41.25,454600,18776736.0
000034.SZ,2026-01-26 09:36:00,41.29,41.29,41.15,41.23,363100,14964482.0
000034.SZ,2026-01-26 09:37:00,41.32,41.45,41.24,41.38,612300,25331796.0
000034.SZ,2026-01-26 09:38:00,41.34,41.37,41.01,41.06,281700,11595193.0
000034.SZ,2026-01-26 09:39:00,41.03,41.05,40.98,40.99,313900,12872159.0
000034.SZ,2026-01-26 09:40:00,40.98,41.06,40.92,41.04,246602,10101630.0
000034.SZ,2026-01-26 09:41:00,41.0,41.17,40.93,41.05,530000,21770344.0
000034.SZ,2026-01-26 09:42:00,41.05,41.05,40.89,40.9,173100,7086830.0
000034.SZ,2026-01-26 09:43:00,40.9,40.9,40.8,40.82,236800,9674002.0
000034.SZ,2026-01-26 09:44:00,40.85,40.85,40.68,40.68,241600,9850346.0
000034.SZ,2026-01-26 09:45:00,40.66,40.66,40.51,40.51,254300,10318962.0
000034.SZ,2026-01-26 09:46:00,40.55,40.58,40.45,40.51,230200,9326232.0
000034.SZ,2026-01-26 09:47:00,40.5,40.57,40.46,40.57,213500,8646534.0
000034.SZ,2026-01-26 09:48:00,40.57,40.59,40.5,40.5,144318,5850242.0
000034.SZ,2026-01-26 09:49:00,40.49,40.52,40.47,40.47,206382,8358147.5
000034.SZ,2026-01-26 09:50:00,40.47,40.52,40.46,40.52,172000,6963405.0
000034.SZ,2026-01-26 09:51:00,40.56,40.56,40.47,40.5,134600,5451731.0
000034.SZ,2026-01-26 09:52:00,40.5,40.5,40.43,40.43,164300,6648133.0
000034.SZ,2026-01-26 09:53:00,40.4,40.41,40.35,40.36,339572,13715373.0
000034.SZ,2026-01-26 09:54:00,40.36,40.36,40.23,40.29,396128,15968702.0
000034.SZ,2026-01-26 09:55:00,40.32,40.36,40.26,40.33,110100,4439578.0
000034.SZ,2026-01-26 09:56:00,40.3,40.42,40.3,40.4,113500,4582173.0
000034.SZ,2026-01-26 09:57:00,40.41,40.42,40.35,40.38,211900,8557398.0
000034.SZ,2026-01-26 09:58:00,40.37,40.49,40.36,40.49,116600,4711184.0
000034.SZ,2026-01-26 09:59:00,40.48,40.6,40.48,40.55,179200,7262745.0
000034.SZ,2026-01-26 10:00:00,40.55,40.58,40.45,40.46,58000,2349526.0
000034.SZ,2026-01-26 10:01:00,40.45,40.46,40.43,40.46,70000,2831678.0
000034.SZ,2026-01-26 10:02:00,40.47,40.5,40.4,40.42,84900,3434676.0
000034.SZ,2026-01-26 10:03:00,40.39,40.39,40.33,40.34,98300,3966724.0
000034.SZ,2026-01-26 10:04:00,40.33,40.33,40.26,40.26,335600,13519536.0
000034.SZ,2026-01-26 10:05:00,40.25,40.33,40.23,40.33,149000,5999873.0
000034.SZ,2026-01-26 10:06:00,40.32,40.34,40.25,40.26,287800,11601227.0
000034.SZ,2026-01-26 10:07:00,40.26,40.27,40.24,40.27,96800,3897151.0
000034.SZ,2026-01-26 10:08:00,40.28,40.31,40.27,40.3,76000,3061930.0
000034.SZ,2026-01-26 10:09:00,40.28,40.31,40.26,40.28,101699,4096560.8
000034.SZ,2026-01-26 10:10:00,40.28,40.35,40.27,40.32,71000,2861648.0
000034.SZ,2026-01-26 10:11:00,40.31,40.36,40.31,40.33,67200,2709762.0
000034.SZ,2026-01-26 10:12:00,40.34,40.34,40.31,40.32,80200,3233687.0
000034.SZ,2026-01-26 10:13:00,40.33,40.33,40.2,40.2,279600,11255829.0
000034.SZ,2026-01-26 10:14:00,40.2,40.2,40.15,40.15,150100,6031050.0
000034.SZ,2026-01-26 10:15:00,40.16,40.17,40.07,40.07,160600,6444757.0
000034.SZ,2026-01-26 10:16:00,40.04,40.04,40.0,40.0,289900,11601477.0
000034.SZ,2026-01-26 10:17:00,39.97,40.11,39.93,40.07,160762,6432284.5
000034.SZ,2026-01-26 10:18:00,40.03,40.05,40.0,40.01,84400,3378168.0
000034.SZ,2026-01-26 10:19:00,40.01,40.04,40.01,40.02,66900,2677497.0
000034.SZ,2026-01-26 10:20:00,40.02,40.06,40.02,40.03,107500,4304372.0
000034.SZ,2026-01-26 10:21:00,40.03,40.03,39.95,39.96,176600,7063265.0
000034.SZ,2026-01-26 10:22:00,39.97,40.01,39.97,40.0,64100,2563862.0
000034.SZ,2026-01-26 10:23:00,40.0,40.03,40.0,40.01,42400,1696344.0
000034.SZ,2026-01-26 10:24:00,40.02,40.03,39.97,39.97,174800,6992053.0
000034.SZ,2026-01-26 10:25:00,39.96,39.96,39.91,39.95,119800,4785187.0
000034.SZ,2026-01-26 10:26:00,39.95,39.95,39.92,39.93,97000,3874029.0
000034.SZ,2026-01-26 10:27:00,39.91,39.98,39.9,39.98,267800,10690339.0
000034.SZ,2026-01-26 10:28:00,39.98,40.03,39.98,39.99,108600,4344290.0
000034.SZ,2026-01-26 10:29:00,40.0,40.0,39.92,39.96,61900,2473605.0
000034.SZ,2026-01-26 10:30:00,39.97,39.99,39.94,39.96,86200,3445527.0
000034.SZ,2026-01-26 10:31:00,39.95,39.95,39.83,39.86,253000,10093336.0
000034.SZ,2026-01-26 10:32:00,39.86,39.96,39.86,39.9,58800,2346305.0
000034.SZ,2026-01-26 10:33:00,39.91,39.93,39.9,39.92,72000,2873338.0
000034.SZ,2026-01-26 10:34:00,39.91,39.92,39.89,39.92,84800,3383689.0
000034.SZ,2026-01-26 10:35:00,39.94,39.94,39.88,39.9,77600,3096637.0
000034.SZ,2026-01-26 10:36:00,39.89,40.02,39.89,39.99,84200,3363481.0
000034.SZ,2026-01-26 10:37:00,40.0,40.0,39.96,39.97,54300,2171073.0
000034.SZ,2026-01-26 10:38:00,39.97,40.0,39.95,39.96,64700,2586404.0
000034.SZ,2026-01-26 10:39:00,39.95,39.95,39.88,39.88,68300,2725795.0
000034.SZ,2026-01-26 10:40:00,39.88,39.91,39.88,39.89,60900,2429332.0
000034.SZ,2026-01-26 10:41:00,39.9,39.91,39.89,39.9,61600,2457709.0
000034.SZ,2026-01-26 10:42:00,39.89,39.89,39.86,39.87,60900,2428484.0
000034.SZ,2026-01-26 10:43:00,39.87,39.88,39.85,39.86,73400,2925984.0
000034.SZ,2026-01-26 10:44:00,39.85,39.89,39.85,39.88,31500,1256003.0
000034.SZ,2026-01-26 10:45:00,39.88,39.89,39.86,39.88,31700,1264238.0
000034.SZ,2026-01-26 10:46:00,39.88,39.9,39.87,39.87,34500,1376032.0
000034.SZ,2026-01-26 10:47:00,39.87,39.87,39.82,39.82,174100,6937198.0
000034.SZ,2026-01-26 10:48:00,39.82,39.83,39.8,39.82,143700,5720569.0
000034.SZ,2026-01-26 10:49:00,39.8,39.83,39.78,39.79,125500,4995347.0
000034.SZ,2026-01-26 10:50:00,39.79,39.83,39.79,39.81,42400,1687482.0
000034.SZ,2026-01-26 10:51:00,39.81,39.82,39.79,39.82,39100,1556467.0
000034.SZ,2026-01-26 10:52:00,39.82,39.84,39.82,39.83,32400,1290391.0
000034.SZ,2026-01-26 10:53:00,39.84,39.88,39.84,39.86,31200,1243279.0
000034.SZ,2026-01-26 10:54:00,39.87,39.91,39.87,39.89,27000,1076844.0
000034.SZ,2026-01-26 10:55:00,39.91,39.91,39.85,39.85,48400,1930353.0
000034.SZ,2026-01-26 10:56:00,39.85,39.85,39.76,39.76,97400,3876008.0
000034.SZ,2026-01-26 10:57:00,39.72,39.72,39.62,39.64,162600,6453399.0
000034.SZ,2026-01-26 10:58:00,39.63,39.65,39.61,39.61,116900,4632420.0
000034.SZ,2026-01-26 10:59:00,39.63,39.63,39.61,39.62,56100,2222551.0
000034.SZ,2026-01-26 11:00:00,39.63,39.63,39.61,39.62,71800,2844805.0
000034.SZ,2026-01-26 11:01:00,39.61,39.63,39.55,39.55,153100,6061761.0
000034.SZ,2026-01-26 11:02:00,39.55,39.58,39.53,39.58,60800,2404526.0
000034.SZ,2026-01-26 11:03:00,39.57,39.61,39.57,39.61,59500,2356080.0
000034.SZ,2026-01-26 11:04:00,39.6,39.63,39.6,39.63,46700,1850054.0
000034.SZ,2026-01-26 11:05:00,39.65,39.66,39.61,39.63,65700,2603267.0
000034.SZ,2026-01-26 11:06:00,39.59,39.59,39.55,39.56,102300,4047572.0
000034.SZ,2026-01-26 11:07:00,39.56,39.57,39.52,39.55,147700,5839568.0
000034.SZ,2026-01-26 11:08:00,39.55,39.55,39.53,39.54,56100,2217857.0
000034.SZ,2026-01-26 11:09:00,39.52,39.54,39.5,39.53,200000,7901623.0
000034.SZ,2026-01-26 11:10:00,39.53,39.6,39.53,39.57,67200,2658414.0
000034.SZ,2026-01-26 11:11:00,39.56,39.65,39.56,39.65,34000,1346784.0
000034.SZ,2026-01-26 11:12:00,39.65,39.68,39.62,39.65,74300,2946609.0
000034.SZ,2026-01-26 11:13:00,39.62,39.69,39.62,39.66,28400,1126122.0
000034.SZ,2026-01-26 11:14:00,39.67,39.71,39.67,39.71,24700,980457.0
000034.SZ,2026-01-26 11:15:00,39.71,39.75,39.69,39.75,47000,1866516.0
000034.SZ,2026-01-26 11:16:00,39.75,39.75,39.68,39.69,43500,1727742.0
000034.SZ,2026-01-26 11:17:00,39.67,39.7,39.66,39.69,31900,1265705.0
000034.SZ,2026-01-26 11:18:00,39.68,39.69,39.66,39.66,50500,2003710.0
000034.SZ,2026-01-26 11:19:00,39.63,39.63,39.6,39.61,73900,2929188.0
000034.SZ,2026-01-26 11:20:00,39.62,39.7,39.62,39.7,57000,2259380.0
000034.SZ,2026-01-26 11:21:00,39.7,39.7,39.66,39.68,32700,1297522.0
000034.SZ,2026-01-26 11:22:00,39.68,39.68,39.65,39.66,39800,1578737.0
000034.SZ,2026-01-26 11:23:00,39.66,39.7,39.64,39.7,67800,2688490.0
000034.SZ,2026-01-26 11:24:00,39.7,39.7,39.66,39.66,39400,1563537.0
000034.SZ,2026-01-26 11:25:00,39.66,39.7,39.66,39.69,18800,745924.0
000034.SZ,2026-01-26 11:26:00,39.69,39.69,39.65,39.66,42900,1701415.0
000034.SZ,2026-01-26 11:27:00,39.65,39.83,39.65,39.8,137500,5459590.0
000034.SZ,2026-01-26 11:28:00,39.79,39.8,39.77,39.77,59600,2371252.0
000034.SZ,2026-01-26 11:29:00,39.77,39.85,39.77,39.85,32600,1297601.0
000034.SZ,2026-01-26 11:30:00,39.93,39.93,39.75,39.75,49600,1975294.0
000034.SZ,2026-01-26 13:01:00,39.78,39.8,39.7,39.7,117100,4655832.0
000034.SZ,2026-01-26 13:02:00,39.69,39.69,39.63,39.65,34500,1368507.0
000034.SZ,2026-01-26 13:03:00,39.64,39.66,39.64,39.65,17500,693769.0
000034.SZ,2026-01-26 13:04:00,39.65,39.66,39.62,39.65,38700,1533952.0
000034.SZ,2026-01-26 13:05:00,39.65,39.66,39.63,39.64,46500,1843401.0
000034.SZ,2026-01-26 13:06:00,39.68,39.7,39.64,39.64,83200,3299175.0
000034.SZ,2026-01-26 13:07:00,39.64,39.64,39.6,39.6,37600,1489550.0
000034.SZ,2026-01-26 13:08:00,39.6,39.61,39.59,39.6,82700,3274899.0
000034.SZ,2026-01-26 13:09:00,39.59,39.61,39.59,39.59,33400,1322636.0
000034.SZ,2026-01-26 13:10:00,39.59,39.61,39.59,39.59,36100,1429401.0
000034.SZ,2026-01-26 13:11:00,39.58,39.59,39.52,39.56,126800,5015103.0
000034.SZ,2026-01-26 13:12:00,39.56,39.59,39.53,39.59,55000,2176053.0
000034.SZ,2026-01-26 13:13:00,39.58,39.6,39.57,39.57,29800,1179572.0
000034.SZ,2026-01-26 13:14:00,39.58,39.58,39.54,39.56,29400,1163292.0
000034.SZ,2026-01-26 13:15:00,39.55,39.57,39.54,39.55,26200,1036381.0
000034.SZ,2026-01-26 13:16:00,39.54,39.57,39.54,39.56,28300,1119239.0
000034.SZ,2026-01-26 13:17:00,39.54,39.56,39.53,39.56,15100,597083.0
000034.SZ,2026-01-26 13:18:00,39.56,39.57,39.54,39.54,29500,1166990.0
000034.SZ,2026-01-26 13:19:00,39.55,39.55,39.5,39.53,144900,5725708.0
000034.SZ,2026-01-26 13:20:00,39.53,39.53,39.5,39.5,91500,3614752.0
000034.SZ,2026-01-26 13:21:00,39.5,39.52,39.5,39.51,28900,1141739.0
000034.SZ,2026-01-26 13:22:00,39.51,39.52,39.51,39.52,33900,1339507.0
000034.SZ,2026-01-26 13:23:00,39.51,39.52,39.5,39.51,58900,2326938.0
000034.SZ,2026-01-26 13:24:00,39.52,39.52,39.45,39.45,291000,11492044.0
000034.SZ,2026-01-26 13:25:00,39.43,39.45,39.4,39.42,86800,3422430.0
000034.SZ,2026-01-26 13:26:00,39.43,39.43,39.42,39.42,43300,1707179.0
000034.SZ,2026-01-26 13:27:00,39.42,39.43,39.41,39.41,51800,2041749.0
000034.SZ,2026-01-26 13:28:00,39.4,39.4,39.38,39.4,132500,5220139.0
000034.SZ,2026-01-26 13:29:00,39.39,39.42,39.39,39.42,17000,669828.0
000034.SZ,2026-01-26 13:30:00,39.42,39.45,39.41,39.42,49900,1967485.0
000034.SZ,2026-01-26 13:31:00,39.42,39.42,39.33,39.34,111500,4390099.0
000034.SZ,2026-01-26 13:32:00,39.33,39.38,39.33,39.37,32000,1259063.0
000034.SZ,2026-01-26 13:33:00,39.37,39.37,39.34,39.37,33600,1322482.0
000034.SZ,2026-01-26 13:34:00,39.37,39.37,39.33,39.34,38300,1506777.0
000034.SZ,2026-01-26 13:35:00,39.33,39.38,39.31,39.35,86700,3411196.0
000034.SZ,2026-01-26 13:36:00,39.34,39.37,39.31,39.34,60900,2395360.0
000034.SZ,2026-01-26 13:37:00,39.34,39.36,39.31,39.32,33800,1329334.0
000034.SZ,2026-01-26 13:38:00,39.32,39.35,39.32,39.35,33100,1301877.0
000034.SZ,2026-01-26 13:39:00,39.35,39.35,39.33,39.33,30500,1199811.0
000034.SZ,2026-01-26 13:40:00,39.34,39.34,39.31,39.34,67500,2654299.0
000034.SZ,2026-01-26 13:41:00,39.33,39.34,39.32,39.32,30900,1215406.0
000034.SZ,2026-01-26 13:42:00,39.32,39.33,39.3,39.3,58500,2299618.0
000034.SZ,2026-01-26 13:43:00,39.3,39.34,39.3,39.33,40200,1580543.0
000034.SZ,2026-01-26 13:44:00,39.34,39.35,39.33,39.34,14000,550756.0
000034.SZ,2026-01-26 13:45:00,39.33,39.33,39.31,39.31,54900,2159079.0
000034.SZ,2026-01-26 13:46:00,39.31,39.31,39.26,39.27,207600,8156938.0
000034.SZ,2026-01-26 13:47:00,39.27,39.29,39.26,39.29,25000,981787.0
000034.SZ,2026-01-26 13:48:00,39.3,39.35,39.24,39.3,69500,2730944.0
000034.SZ,2026-01-26 13:49:00,39.31,39.33,39.29,39.33,36500,1434611.0
000034.SZ,2026-01-26 13:50:00,39.35,39.38,39.32,39.38,29500,1160884.0
000034.SZ,2026-01-26 13:51:00,39.39,39.41,39.39,39.4,37600,1481513.0
000034.SZ,2026-01-26 13:52:00,39.4,39.4,39.36,39.38,46400,1827339.0
000034.SZ,2026-01-26 13:53:00,39.38,39.45,39.38,39.45,18800,740835.0
000034.SZ,2026-01-26 13:54:00,39.45,39.46,39.41,39.43,40000,1577867.0
000034.SZ,2026-01-26 13:55:00,39.42,39.42,39.35,39.35,60900,2399033.0
000034.SZ,2026-01-26 13:56:00,39.35,39.38,39.35,39.37,15700,618085.0
000034.SZ,2026-01-26 13:57:00,39.37,39.39,39.34,39.39,24900,980055.0
000034.SZ,2026-01-26 13:58:00,39.35,39.39,39.35,39.36,8700,342525.0
000034.SZ,2026-01-26 13:59:00,39.36,39.44,39.36,39.37,38700,1524905.0
000034.SZ,2026-01-26 14:00:00,39.4,39.4,39.37,39.38,11000,433179.0
000034.SZ,2026-01-26 14:01:00,39.39,39.39,39.35,39.37,35100,1381636.0
000034.SZ,2026-01-26 14:02:00,39.38,39.38,39.35,39.36,78100,3074253.0
000034.SZ,2026-01-26 14:03:00,39.36,39.37,39.35,39.35,33600,1322404.0
000034.SZ,2026-01-26 14:04:00,39.35,39.35,39.34,39.34,13000,511510.0
000034.SZ,2026-01-26 14:05:00,39.34,39.37,39.32,39.32,59200,2328795.0
000034.SZ,2026-01-26 14:06:00,39.32,39.33,39.32,39.32,13700,538738.0
000034.SZ,2026-01-26 14:07:00,39.32,39.33,39.32,39.32,30000,1179732.0
000034.SZ,2026-01-26 14:08:00,39.32,39.35,39.31,39.35,21800,857206.0
000034.SZ,2026-01-26 14:09:00,39.35,39.39,39.33,39.37,17700,696691.0
000034.SZ,2026-01-26 14:10:00,39.38,39.45,39.38,39.39,49700,1958460.0
000034.SZ,2026-01-26 14:11:00,39.4,39.44,39.4,39.43,14200,559846.0
000034.SZ,2026-01-26 14:12:00,39.42,39.48,39.42,39.47,20800,820634.0
000034.SZ,2026-01-26 14:13:00,39.45,39.49,39.45,39.49,38500,1520374.0
000034.SZ,2026-01-26 14:14:00,39.49,39.59,39.48,39.58,58500,2313254.0
000034.SZ,2026-01-26 14:15:00,39.59,39.6,39.53,39.53,29500,1167125.0
000034.SZ,2026-01-26 14:16:00,39.52,39.52,39.48,39.48,31200,1232358.0
000034.SZ,2026-01-26 14:17:00,39.47,39.49,39.43,39.48,23000,907418.0
000034.SZ,2026-01-26 14:18:00,39.47,39.51,39.46,39.5,21400,845154.0
000034.SZ,2026-01-26 14:19:00,39.51,39.6,39.51,39.58,50000,1977809.0
000034.SZ,2026-01-26 14:20:00,39.71,39.82,39.57,39.57,160800,6388607.0
000034.SZ,2026-01-26 14:21:00,39.71,39.71,39.6,39.6,28200,1117917.0
000034.SZ,2026-01-26 14:22:00,39.59,39.73,39.59,39.73,44500,1765863.0
000034.SZ,2026-01-26 14:23:00,39.69,39.8,39.69,39.8,77900,3095907.0
000034.SZ,2026-01-26 14:24:00,39.82,39.98,39.82,39.94,163700,6538380.0
000034.SZ,2026-01-26 14:25:00,39.91,40.04,39.91,40.04,101400,4052958.0
000034.SZ,2026-01-26 14:26:00,40.05,40.2,40.04,40.2,197306,7912366.5
000034.SZ,2026-01-26 14:27:00,40.2,40.2,40.06,40.06,116500,4677214.0
000034.SZ,2026-01-26 14:28:00,40.07,40.08,40.03,40.06,53100,2126912.0
000034.SZ,2026-01-26 14:29:00,40.07,40.08,40.03,40.05,55300,2214770.0
000034.SZ,2026-01-26 14:30:00,40.05,40.07,40.03,40.05,52500,2102166.0
000034.SZ,2026-01-26 14:31:00,40.08,40.14,40.05,40.14,64999,2605069.0
000034.SZ,2026-01-26 14:32:00,40.15,40.21,40.05,40.05,144600,5807376.0
000034.SZ,2026-01-26 14:33:00,40.07,40.09,40.04,40.05,63800,2556943.0
000034.SZ,2026-01-26 14:34:00,40.06,40.17,40.06,40.09,37600,1507505.0
000034.SZ,2026-01-26 14:35:00,40.09,40.14,40.06,40.06,47300,1896218.0
000034.SZ,2026-01-26 14:36:00,40.07,40.08,40.0,40.0,28900,1157368.0
000034.SZ,2026-01-26 14:37:00,40.0,40.0,39.94,39.96,51500,2058349.0
000034.SZ,2026-01-26 14:38:00,39.98,39.98,39.95,39.98,34400,1374395.0
000034.SZ,2026-01-26 14:39:00,39.98,40.06,39.93,39.93,63200,2527216.0
000034.SZ,2026-01-26 14:40:00,39.95,39.96,39.91,39.91,43500,1737394.0
000034.SZ,2026-01-26 14:41:00,39.91,39.96,39.9,39.93,47000,1876018.0
000034.SZ,2026-01-26 14:42:00,39.93,39.93,39.91,39.92,23400,934154.0
000034.SZ,2026-01-26 14:43:00,39.91,39.98,39.89,39.9,54500,2175460.0
000034.SZ,2026-01-26 14:44:00,39.91,39.91,39.87,39.88,31900,1272451.0
000034.SZ,2026-01-26 14:45:00,39.88,39.92,39.87,39.92,35600,1419987.0
000034.SZ,2026-01-26 14:46:00,39.92,39.96,39.9,39.92,28300,1130028.0
000034.SZ,2026-01-26 14:47:00,39.93,39.98,39.9,39.9,70300,2807035.0
000034.SZ,2026-01-26 14:48:00,39.9,39.9,39.88,39.89,38900,1551620.0
000034.SZ,2026-01-26 14:49:00,39.88,39.9,39.87,39.87,37300,1487653.0
000034.SZ,2026-01-26 14:50:00,39.88,39.89,39.86,39.87,43800,1746370.0
000034.SZ,2026-01-26 14:51:00,39.87,39.89,39.83,39.84,62200,2479119.0
000034.SZ,2026-01-26 14:52:00,39.84,39.84,39.79,39.8,69400,2762546.0
000034.SZ,2026-01-26 14:53:00,39.8,39.84,39.79,39.79,56600,2253458.0
000034.SZ,2026-01-26 14:54:00,39.8,39.82,39.8,39.8,58100,2312689.0
000034.SZ,2026-01-26 14:55:00,39.8,39.8,39.74,39.74,57800,2299040.0
000034.SZ,2026-01-26 14:56:00,39.75,39.75,39.71,39.72,96100,3816915.0
000034.SZ,2026-01-26 14:57:00,39.73,39.79,39.72,39.79,93007,3697236.0
000034.SZ,2026-01-26 14:58:00,39.79,39.79,39.79,39.79,0,0.0
000034.SZ,2026-01-26 14:59:00,39.79,39.79,39.79,39.79,0,0.0
000034.SZ,2026-01-26 15:00:00,39.77,39.77,39.77,39.77,142800,5679156.0
000034.SZ,2026-01-27 09:30:00,39.77,39.77,39.64,39.72,51100,2032161.0
000034.SZ,2026-01-27 09:31:00,39.7,39.78,39.59,39.78,340100,13498933.0
000034.SZ,2026-01-27 09:32:00,39.78,39.84,39.73,39.8,109900,4371304.0
000034.SZ,2026-01-27 09:33:00,39.78,39.8,39.7,39.7,113100,4494593.0
000034.SZ,2026-01-27 09:34:00,39.68,39.68,39.45,39.45,105600,4177691.0
000034.SZ,2026-01-27 09:35:00,39.46,39.46,39.26,39.26,223000,8773897.0
000034.SZ,2026-01-27 09:36:00,39.27,39.27,39.11,39.23,252800,9906204.0
000034.SZ,2026-01-27 09:37:00,39.23,39.27,39.18,39.26,196700,7718372.0
000034.SZ,2026-01-27 09:38:00,39.23,39.23,39.04,39.09,359400,14069202.0
000034.SZ,2026-01-27 09:39:00,39.13,39.13,39.0,39.06,332000,12959959.0
000034.SZ,2026-01-27 09:40:00,39.11,39.11,39.0,39.01,277300,10821879.0
000034.SZ,2026-01-27 09:41:00,38.96,38.96,38.81,38.85,320800,12487150.0
000034.SZ,2026-01-27 09:42:00,38.82,39.0,38.82,38.96,257200,10001471.0
000034.SZ,2026-01-27 09:43:00,38.9,38.93,38.82,38.82,355600,13821788.0
000034.SZ,2026-01-27 09:44:00,38.82,38.85,38.73,38.74,316900,12295747.0
000034.SZ,2026-01-27 09:45:00,38.73,38.76,38.72,38.73,169300,6559342.0
000034.SZ,2026-01-27 09:46:00,38.73,38.81,38.73,38.8,187200,7255223.0
000034.SZ,2026-01-27 09:47:00,38.82,38.83,38.8,38.81,176100,6834365.0
000034.SZ,2026-01-27 09:48:00,38.8,38.8,38.69,38.69,226600,8776735.0
000034.SZ,2026-01-27 09:49:00,38.67,38.67,38.6,38.63,213700,8254615.0
000034.SZ,2026-01-27 09:50:00,38.65,38.68,38.59,38.65,195500,7549818.0
000034.SZ,2026-01-27 09:51:00,38.64,38.8,38.64,38.8,198700,7695567.0
000034.SZ,2026-01-27 09:52:00,38.77,38.77,38.72,38.74,97100,3763025.0
000034.SZ,2026-01-27 09:53:00,38.74,38.9,38.71,38.9,122217,4739230.5
000034.SZ,2026-01-27 09:54:00,38.88,38.9,38.8,38.8,81083,3149269.0
000034.SZ,2026-01-27 09:55:00,38.79,38.81,38.79,38.79,102300,3969162.0
000034.SZ,2026-01-27 09:56:00,38.78,38.78,38.7,38.7,93700,3630401.0
000034.SZ,2026-01-27 09:57:00,38.7,38.7,38.64,38.64,163900,6337315.0
000034.SZ,2026-01-27 09:58:00,38.65,38.71,38.62,38.69,126100,4872813.0
000034.SZ,2026-01-27 09:59:00,38.69,38.69,38.65,38.65,82300,3182363.0
000034.SZ,2026-01-27 10:00:00,38.65,38.65,38.61,38.63,82100,3171595.0
000034.SZ,2026-01-27 10:01:00,38.62,38.69,38.6,38.69,186300,7198945.0
000034.SZ,2026-01-27 10:02:00,38.68,38.84,38.68,38.77,132700,5139506.0
000034.SZ,2026-01-27 10:03:00,38.8,38.91,38.8,38.81,106600,4143180.0
000034.SZ,2026-01-27 10:04:00,38.82,38.9,38.82,38.88,123500,4799546.0
000034.SZ,2026-01-27 10:05:00,38.89,38.93,38.83,38.91,69400,2698166.0
000034.SZ,2026-01-27 10:06:00,38.91,38.93,38.84,38.88,87600,3407428.0
000034.SZ,2026-01-27 10:07:00,38.86,38.9,38.83,38.83,97300,3781044.0
000034.SZ,2026-01-27 10:08:00,38.82,38.85,38.8,38.84,24300,943488.0
000034.SZ,2026-01-27 10:09:00,38.84,38.96,38.84,38.89,87700,3410814.0
000034.SZ,2026-01-27 10:10:00,38.88,38.96,38.86,38.88,136400,5306084.0
000034.SZ,2026-01-27 10:11:00,38.88,38.92,38.85,38.92,38300,1489443.0
000034.SZ,2026-01-27 10:12:00,38.92,38.94,38.9,38.9,81400,3167845.0
000034.SZ,2026-01-27 10:13:00,38.9,38.96,38.9,38.95,67400,2623219.0
000034.SZ,2026-01-27 10:14:00,38.96,39.0,38.91,38.91,52400,2040879.0
000034.SZ,2026-01-27 10:15:00,38.93,38.93,38.88,38.88,50800,1976038.0
000034.SZ,2026-01-27 10:16:00,38.9,38.9,38.87,38.88,42200,1640862.0
000034.SZ,2026-01-27 10:17:00,38.89,38.9,38.85,38.89,54200,2106353.0
000034.SZ,2026-01-27 10:18:00,38.83,38.83,38.79,38.8,100300,3892340.0
000034.SZ,2026-01-27 10:19:00,38.81,38.84,38.79,38.81,47200,1831898.0
000034.SZ,2026-01-27 10:20:00,38.83,38.83,38.74,38.74,100300,3890070.0
000034.SZ,2026-01-27 10:21:00,38.74,38.8,38.74,38.79,40500,1569897.0
000034.SZ,2026-01-27 10:22:00,38.8,38.85,38.8,38.83,36400,1412853.0
000034.SZ,2026-01-27 10:23:00,38.84,38.87,38.8,38.8,151100,5867408.0
000034.SZ,2026-01-27 10:24:00,38.79,38.79,38.74,38.74,59500,2306297.0
000034.SZ,2026-01-27 10:25:00,38.76,38.76,38.65,38.74,147100,5693895.0
000034.SZ,2026-01-27 10:26:00,38.74,38.74,38.63,38.65,109100,4218994.0
000034.SZ,2026-01-27 10:27:00,38.64,38.64,38.61,38.63,130500,5039746.0
000034.SZ,2026-01-27 10:28:00,38.64,38.67,38.61,38.61,67100,2592465.0
000034.SZ,2026-01-27 10:29:00,38.61,38.63,38.6,38.61,138400,5344483.0
000034.SZ,2026-01-27 10:30:00,38.61,38.63,38.6,38.62,51300,1980968.0
000034.SZ,2026-01-27 10:31:00,38.62,38.67,38.61,38.67,46000,1776982.0
000034.SZ,2026-01-27 10:32:00,38.66,38.66,38.63,38.66,39900,1541939.0
000034.SZ,2026-01-27 10:33:00,38.66,38.7,38.64,38.7,36800,1422517.0
000034.SZ,2026-01-27 10:34:00,38.69,38.75,38.69,38.75,18300,708644.0
000034.SZ,2026-01-27 10:35:00,38.74,38.76,38.73,38.75,48243,1869328.4
000034.SZ,2026-01-27 10:36:00,38.75,38.82,38.75,38.81,132100,5123525.0
000034.SZ,2026-01-27 10:37:00,38.81,38.9,38.81,38.89,51500,2000369.0
000034.SZ,2026-01-27 10:38:00,38.9,38.97,38.9,38.97,94500,3678227.0
000034.SZ,2026-01-27 10:39:00,38.96,39.0,38.96,38.97,89900,3504991.0
000034.SZ,2026-01-27 10:40:00,38.97,38.98,38.92,38.92,65000,2531588.0
000034.SZ,2026-01-27 10:41:00,38.92,38.92,38.91,38.92,30600,1190752.0
000034.SZ,2026-01-27 10:42:00,38.92,38.94,38.91,38.93,35700,1389421.0
000034.SZ,2026-01-27 10:43:00,38.94,38.94,38.92,38.92,34700,1350781.0
000034.SZ,2026-01-27 10:44:00,38.91,38.91,38.86,38.86,52300,2033429.0
000034.SZ,2026-01-27 10:45:00,38.87,38.89,38.86,38.88,21800,847339.0
000034.SZ,2026-01-27 10:46:00,38.89,38.89,38.86,38.86,36800,1430343.0
000034.SZ,2026-01-27 10:47:00,38.86,38.87,38.81,38.82,29100,1130192.0
000034.SZ,2026-01-27 10:48:00,38.81,38.83,38.8,38.81,70400,2732703.0
000034.SZ,2026-01-27 10:49:00,38.81,38.82,38.8,38.81,29700,1152648.0
000034.SZ,2026-01-27 10:50:00,38.81,38.82,38.8,38.81,39000,1513529.0
000034.SZ,2026-01-27 10:51:00,38.81,38.83,38.81,38.83,27500,1067487.0
000034.SZ,2026-01-27 10:52:00,38.83,38.84,38.81,38.81,108800,4224389.0
000034.SZ,2026-01-27 10:53:00,38.8,38.8,38.78,38.79,64700,2509826.0
000034.SZ,2026-01-27 10:54:00,38.78,38.78,38.75,38.75,24300,942038.0
000034.SZ,2026-01-27 10:55:00,38.75,38.75,38.66,38.67,87957,3403981.5
000034.SZ,2026-01-27 10:56:00,38.67,38.7,38.67,38.68,27200,1052254.0
000034.SZ,2026-01-27 10:57:00,38.64,38.67,38.63,38.67,159400,6157808.0
000034.SZ,2026-01-27 10:58:00,38.66,38.69,38.65,38.67,61100,2362674.0
000034.SZ,2026-01-27 10:59:00,38.66,38.67,38.65,38.66,46700,1805536.0
000034.SZ,2026-01-27 11:00:00,38.67,38.68,38.66,38.66,56700,2192222.0
000034.SZ,2026-01-27 11:01:00,38.67,38.73,38.66,38.71,34000,1315647.0
000034.SZ,2026-01-27 11:02:00,38.68,38.72,38.67,38.72,61400,2376462.0
000034.SZ,2026-01-27 11:03:00,38.75,38.75,38.7,38.7,17900,693128.0
000034.SZ,2026-01-27 11:04:00,38.73,38.73,38.7,38.71,16400,634802.0
000034.SZ,2026-01-27 11:05:00,38.72,38.72,38.7,38.71,71200,2755724.0
000034.SZ,2026-01-27 11:06:00,38.71,38.72,38.7,38.72,40300,1560018.0
000034.SZ,2026-01-27 11:07:00,38.72,38.73,38.66,38.66,133200,5152430.0
000034.SZ,2026-01-27 11:08:00,38.66,38.68,38.66,38.67,39800,1539057.0
000034.SZ,2026-01-27 11:09:00,38.67,38.7,38.66,38.68,44700,1728678.0
000034.SZ,2026-01-27 11:10:00,38.65,38.67,38.65,38.66,105200,4066596.0
000034.SZ,2026-01-27 11:11:00,38.66,38.7,38.64,38.67,60600,2342678.0
000034.SZ,2026-01-27 11:12:00,38.65,38.65,38.61,38.62,104000,4016886.0
000034.SZ,2026-01-27 11:13:00,38.62,38.63,38.61,38.61,65000,2510235.0
000034.SZ,2026-01-27 11:14:00,38.62,38.64,38.61,38.61,31000,1197297.0
000034.SZ,2026-01-27 11:15:00,38.61,38.62,38.6,38.6,176900,6829212.0
000034.SZ,2026-01-27 11:16:00,38.61,38.62,38.59,38.59,270800,10453256.0
000034.SZ,2026-01-27 11:17:00,38.6,38.61,38.58,38.6,53900,2080043.0
000034.SZ,2026-01-27 11:18:00,38.6,38.62,38.58,38.62,85500,3299091.0
000034.SZ,2026-01-27 11:19:00,38.59,38.62,38.59,38.6,42200,1628803.0
000034.SZ,2026-01-27 11:20:00,38.59,38.64,38.59,38.64,34398,1327623.8
000034.SZ,2026-01-27 11:21:00,38.63,38.66,38.6,38.62,45200,1745305.0
000034.SZ,2026-01-27 11:22:00,38.61,38.62,38.6,38.6,61200,2362602.0
000034.SZ,2026-01-27 11:23:00,38.62,38.63,38.6,38.61,47000,1814512.0
000034.SZ,2026-01-27 11:24:00,38.61,38.62,38.6,38.6,68300,2636820.0
000034.SZ,2026-01-27 11:25:00,38.61,38.62,38.6,38.6,49100,1895564.0
000034.SZ,2026-01-27 11:26:00,38.61,38.63,38.6,38.61,54300,2096349.0
000034.SZ,2026-01-27 11:27:00,38.61,38.62,38.6,38.61,25900,999942.0
000034.SZ,2026-01-27 11:28:00,38.61,38.61,38.6,38.61,52800,2038229.0
000034.SZ,2026-01-27 11:29:00,38.6,38.62,38.6,38.6,24400,941907.0
000034.SZ,2026-01-27 11:30:00,38.6,38.62,38.6,38.6,45500,1756182.0
000034.SZ,2026-01-27 13:01:00,38.61,38.78,38.61,38.75,64400,2491344.0
000034.SZ,2026-01-27 13:02:00,38.75,38.75,38.72,38.74,16600,643200.0
000034.SZ,2026-01-27 13:03:00,38.75,38.77,38.74,38.77,34400,1332906.0
000034.SZ,2026-01-27 13:04:00,38.77,38.84,38.77,38.82,57400,2227658.0
000034.SZ,2026-01-27 13:05:00,38.82,38.83,38.79,38.82,43600,1691893.0
000034.SZ,2026-01-27 13:06:00,38.82,38.83,38.79,38.79,90200,3500739.0
000034.SZ,2026-01-27 13:07:00,38.8,38.81,38.78,38.8,19000,737188.0
000034.SZ,2026-01-27 13:08:00,38.8,38.8,38.77,38.78,21000,814536.0
000034.SZ,2026-01-27 13:09:00,38.76,38.77,38.73,38.74,25200,976617.0
000034.SZ,2026-01-27 13:10:00,38.74,38.78,38.74,38.78,22000,852521.0
000034.SZ,2026-01-27 13:11:00,38.8,38.84,38.8,38.82,60135,2334013.8
000034.SZ,2026-01-27 13:12:00,38.83,38.84,38.82,38.82,36000,1397725.0
000034.SZ,2026-01-27 13:13:00,38.81,38.82,38.81,38.81,35900,1393519.0
000034.SZ,2026-01-27 13:14:00,38.83,38.9,38.83,38.9,78200,3039544.0
000034.SZ,2026-01-27 13:15:00,38.9,38.92,38.9,38.91,20100,781985.0
000034.SZ,2026-01-27 13:16:00,38.9,38.93,38.9,38.92,24600,957300.94
000034.SZ,2026-01-27 13:17:00,38.92,38.92,38.9,38.9,41300,1607155.0
000034.SZ,2026-01-27 13:18:00,38.9,38.91,38.9,38.91,47100,1832338.0
000034.SZ,2026-01-27 13:19:00,38.91,38.97,38.88,38.97,84408,3285119.5
000034.SZ,2026-01-27 13:20:00,38.97,38.97,38.91,38.94,39500,1538652.0
000034.SZ,2026-01-27 13:21:00,38.94,38.94,38.91,38.93,38000,1479349.0
000034.SZ,2026-01-27 13:22:00,38.94,38.94,38.87,38.87,30900,1201897.0
000034.SZ,2026-01-27 13:23:00,38.86,38.86,38.84,38.86,31800,1235480.0
000034.SZ,2026-01-27 13:24:00,38.85,38.88,38.82,38.86,171900,6675930.0
000034.SZ,2026-01-27 13:25:00,38.86,38.88,38.84,38.86,39300,1526807.0
000034.SZ,2026-01-27 13:26:00,38.87,38.87,38.85,38.85,22400,870478.0
000034.SZ,2026-01-27 13:27:00,38.85,38.86,38.84,38.85,25700,998332.0
000034.SZ,2026-01-27 13:28:00,38.85,38.9,38.85,38.86,62300,2421367.0
000034.SZ,2026-01-27 13:29:00,38.86,38.93,38.85,38.86,47000,1827001.0
000034.SZ,2026-01-27 13:30:00,38.86,38.94,38.86,38.93,69100,2686965.0
000034.SZ,2026-01-27 13:31:00,38.92,39.06,38.92,39.02,156084,6085771.0
000034.SZ,2026-01-27 13:32:00,39.03,39.03,38.99,38.99,67200,2621611.0
000034.SZ,2026-01-27 13:33:00,39.0,39.03,38.97,39.03,45900,1789735.0
000034.SZ,2026-01-27 13:34:00,39.04,39.04,38.99,39.03,49400,1927095.0
000034.SZ,2026-01-27 13:35:00,39.03,39.06,39.03,39.06,115800,4522323.0
000034.SZ,2026-01-27 13:36:00,39.07,39.07,39.02,39.02,23100,901926.0
000034.SZ,2026-01-27 13:37:00,39.02,39.02,38.99,39.0,62000,2418348.0
000034.SZ,2026-01-27 13:38:00,39.01,39.01,38.94,38.96,44300,1725992.0
000034.SZ,2026-01-27 13:39:00,38.97,38.98,38.96,38.98,20300,791111.0
000034.SZ,2026-01-27 13:40:00,38.97,39.05,38.97,39.05,67500,2632655.0
000034.SZ,2026-01-27 13:41:00,39.02,39.02,38.99,39.02,31000,1209319.0
000034.SZ,2026-01-27 13:42:00,39.04,39.05,39.01,39.01,68700,2681211.0
000034.SZ,2026-01-27 13:43:00,39.02,39.09,39.02,39.09,99400,3884081.0
000034.SZ,2026-01-27 13:44:00,39.08,39.08,39.04,39.04,22800,890699.0
000034.SZ,2026-01-27 13:45:00,39.05,39.17,39.05,39.12,72387,2830554.5
000034.SZ,2026-01-27 13:46:00,39.12,39.18,39.12,39.16,43000,1683805.0
000034.SZ,2026-01-27 13:47:00,39.17,39.26,39.17,39.24,147100,5767630.0
000034.SZ,2026-01-27 13:48:00,39.25,39.32,39.23,39.32,194400,7632331.0
000034.SZ,2026-01-27 13:49:00,39.29,39.33,39.28,39.3,75900,2983598.0
000034.SZ,2026-01-27 13:50:00,39.31,39.35,39.31,39.33,92300,3630300.0
000034.SZ,2026-01-27 13:51:00,39.34,39.34,39.29,39.3,72100,2833854.0
000034.SZ,2026-01-27 13:52:00,39.29,39.34,39.29,39.32,117000,4600858.0
000034.SZ,2026-01-27 13:53:00,39.33,39.33,39.28,39.28,44500,1748980.0
000034.SZ,2026-01-27 13:54:00,39.29,39.34,39.29,39.33,99000,3891997.0
000034.SZ,2026-01-27 13:55:00,39.33,39.34,39.3,39.32,79000,3107202.0
000034.SZ,2026-01-27 13:56:00,39.34,39.35,39.32,39.35,65500,2576457.0
000034.SZ,2026-01-27 13:57:00,39.35,39.4,39.35,39.38,111900,4405910.0
000034.SZ,2026-01-27 13:58:00,39.39,39.51,39.38,39.51,222000,8754819.0
000034.SZ,2026-01-27 13:59:00,39.5,39.58,39.47,39.52,109626,4333131.5
000034.SZ,2026-01-27 14:00:00,39.5,39.59,39.5,39.5,101600,4015919.2
000034.SZ,2026-01-27 14:01:00,39.52,39.58,39.52,39.56,98900,3910756.0
000034.SZ,2026-01-27 14:02:00,39.55,39.56,39.54,39.54,81700,3231322.0
000034.SZ,2026-01-27 14:03:00,39.54,39.56,39.5,39.52,55900,2210515.0
000034.SZ,2026-01-27 14:04:00,39.55,39.55,39.51,39.52,64800,2561755.0
000034.SZ,2026-01-27 14:05:00,39.52,39.52,39.45,39.46,54000,2131634.0
000034.SZ,2026-01-27 14:06:00,39.48,39.68,39.48,39.67,358151,14178527.0
000034.SZ,2026-01-27 14:07:00,39.66,39.66,39.58,39.6,98500,3902580.0
000034.SZ,2026-01-27 14:08:00,39.62,39.65,39.6,39.6,73300,2903702.0
000034.SZ,2026-01-27 14:09:00,39.6,39.66,39.6,39.61,74800,2964188.0
000034.SZ,2026-01-27 14:10:00,39.6,39.6,39.5,39.55,85000,3363540.0
000034.SZ,2026-01-27 14:11:00,39.6,39.74,39.57,39.7,200400,7951266.0
000034.SZ,2026-01-27 14:12:00,39.68,40.07,39.68,39.87,619700,24722120.0
000034.SZ,2026-01-27 14:13:00,39.86,39.96,39.85,39.85,222500,8878125.0
000034.SZ,2026-01-27 14:14:00,39.85,39.85,39.77,39.77,102200,4067008.0
000034.SZ,2026-01-27 14:15:00,39.77,39.81,39.75,39.75,106300,4228340.0
000034.SZ,2026-01-27 14:16:00,39.75,39.75,39.64,39.64,33500,1330310.0
000034.SZ,2026-01-27 14:17:00,39.65,39.65,39.61,39.62,35500,1406828.0
000034.SZ,2026-01-27 14:18:00,39.61,39.62,39.55,39.61,99000,3918498.0
000034.SZ,2026-01-27 14:19:00,39.61,39.61,39.58,39.58,34600,1370017.0
000034.SZ,2026-01-27 14:20:00,39.58,39.58,39.56,39.56,28900,1143458.0
000034.SZ,2026-01-27 14:21:00,39.56,39.57,39.52,39.52,41300,1633656.0
000034.SZ,2026-01-27 14:22:00,39.53,39.59,39.51,39.59,42300,1672576.0
000034.SZ,2026-01-27 14:23:00,39.6,39.6,39.55,39.55,31000,1226602.0
000034.SZ,2026-01-27 14:24:00,39.55,39.6,39.54,39.59,15100,597529.0
000034.SZ,2026-01-27 14:25:00,39.6,39.6,39.57,39.59,25700,1017629.0
000034.SZ,2026-01-27 14:26:00,39.6,39.61,39.59,39.61,19100,756326.0
000034.SZ,2026-01-27 14:27:00,39.61,39.62,39.56,39.58,88100,3488902.0
000034.SZ,2026-01-27 14:28:00,39.57,39.59,39.56,39.57,12900,510514.0
000034.SZ,2026-01-27 14:29:00,39.57,39.58,39.56,39.58,18200,720314.0
000034.SZ,2026-01-27 14:30:00,39.57,39.58,39.57,39.58,10900,431337.0
000034.SZ,2026-01-27 14:31:00,39.58,39.61,39.57,39.58,40000,1583775.0
000034.SZ,2026-01-27 14:32:00,39.58,39.61,39.58,39.6,30000,1187908.0
000034.SZ,2026-01-27 14:33:00,39.6,39.6,39.58,39.59,21317,843896.9
000034.SZ,2026-01-27 14:34:00,39.6,39.6,39.5,39.51,92900,3675191.0
000034.SZ,2026-01-27 14:35:00,39.52,39.53,39.51,39.51,28700,1134178.0
000034.SZ,2026-01-27 14:36:00,39.5,39.55,39.46,39.53,137300,5421948.0
000034.SZ,2026-01-27 14:37:00,39.53,39.54,39.48,39.49,93500,3693831.0
000034.SZ,2026-01-27 14:38:00,39.49,39.5,39.48,39.48,10400,410706.0
000034.SZ,2026-01-27 14:39:00,39.48,39.48,39.46,39.47,29800,1176147.0
000034.SZ,2026-01-27 14:40:00,39.47,39.5,39.45,39.47,35000,1381941.0
000034.SZ,2026-01-27 14:41:00,39.46,39.48,39.46,39.46,21000,828794.0
000034.SZ,2026-01-27 14:42:00,39.47,39.49,39.46,39.49,25900,1022341.0
000034.SZ,2026-01-27 14:43:00,39.48,39.5,39.48,39.5,60300,2380084.0
000034.SZ,2026-01-27 14:44:00,39.43,39.5,39.4,39.48,64500,2543979.0
000034.SZ,2026-01-27 14:45:00,39.49,39.55,39.48,39.55,55200,2180747.0
000034.SZ,2026-01-27 14:46:00,39.55,39.59,39.55,39.58,30700,1214817.0
000034.SZ,2026-01-27 14:47:00,39.59,39.59,39.54,39.54,16500,652927.0
000034.SZ,2026-01-27 14:48:00,39.54,39.54,39.5,39.52,28100,1110674.0
000034.SZ,2026-01-27 14:49:00,39.51,39.54,39.49,39.5,30818,1217681.1
000034.SZ,2026-01-27 14:50:00,39.5,39.5,39.47,39.47,32400,1279395.0
000034.SZ,2026-01-27 14:51:00,39.47,39.49,39.46,39.47,47400,1871188.0
000034.SZ,2026-01-27 14:52:00,39.47,39.48,39.46,39.47,32800,1294630.0
000034.SZ,2026-01-27 14:53:00,39.47,39.47,39.45,39.45,30100,1187747.0
000034.SZ,2026-01-27 14:54:00,39.46,39.46,39.44,39.44,56200,2216891.0
000034.SZ,2026-01-27 14:55:00,39.44,39.45,39.42,39.45,83800,3304792.0
000034.SZ,2026-01-27 14:56:00,39.44,39.5,39.43,39.44,142000,5600892.0
000034.SZ,2026-01-27 14:57:00,39.41,39.44,39.41,39.44,82600,3256284.0
000034.SZ,2026-01-27 14:58:00,39.44,39.44,39.44,39.44,0,0.0
000034.SZ,2026-01-27 14:59:00,39.44,39.44,39.44,39.44,0,0.0
000034.SZ,2026-01-27 15:00:00,39.44,39.44,39.44,39.44,156800,6184192.0
000034.SZ,2026-01-28 09:30:00,40.04,40.22,40.04,40.09,296100,11865427.0
000034.SZ,2026-01-28 09:31:00,40.13,40.78,40.13,40.6,2049101,83016770.0
000034.SZ,2026-01-28 09:32:00,40.65,40.8,40.57,40.57,1615637,65682868.0
000034.SZ,2026-01-28 09:33:00,40.57,40.57,40.44,40.48,643600,26064492.0
000034.SZ,2026-01-28 09:34:00,40.61,40.67,40.43,40.67,943600,38266676.0
000034.SZ,2026-01-28 09:35:00,40.72,40.74,40.5,40.53,677700,27544036.0
000034.SZ,2026-01-28 09:36:00,40.53,40.53,40.24,40.3,259400,10475738.0
000034.SZ,2026-01-28 09:37:00,40.31,40.43,40.31,40.41,293750,11862930.0
000034.SZ,2026-01-28 09:38:00,40.41,40.5,40.4,40.48,387224,15663636.0
000034.SZ,2026-01-28 09:39:00,40.47,40.57,40.47,40.55,439500,17812066.0
000034.SZ,2026-01-28 09:40:00,40.53,40.55,40.43,40.55,407500,16504901.0
000034.SZ,2026-01-28 09:41:00,40.54,40.54,40.43,40.43,149900,6066052.0
000034.SZ,2026-01-28 09:42:00,40.41,40.5,40.39,40.49,229300,9271434.0
000034.SZ,2026-01-28 09:43:00,40.53,40.58,40.53,40.55,374600,15186903.0
000034.SZ,2026-01-28 09:44:00,40.57,40.69,40.56,40.64,674500,27406376.0
000034.SZ,2026-01-28 09:45:00,40.63,40.69,40.57,40.69,541100,21991608.0
000034.SZ,2026-01-28 09:46:00,40.7,40.74,40.69,40.72,486500,19802258.0
000034.SZ,2026-01-28 09:47:00,40.73,40.74,40.56,40.56,490500,19960652.0
000034.SZ,2026-01-28 09:48:00,40.56,40.56,40.43,40.45,195000,7894247.0
000034.SZ,2026-01-28 09:49:00,40.44,40.44,40.3,40.33,256700,10362039.0
000034.SZ,2026-01-28 09:50:00,40.33,40.39,40.33,40.36,181600,7326730.0
000034.SZ,2026-01-28 09:51:00,40.33,40.4,40.33,40.39,182700,7373793.0
000034.SZ,2026-01-28 09:52:00,40.36,40.37,40.32,40.35,143400,5784476.0
000034.SZ,2026-01-28 09:53:00,40.36,40.4,40.36,40.4,87600,3537283.0
000034.SZ,2026-01-28 09:54:00,40.34,40.34,40.2,40.28,340900,13733853.0
000034.SZ,2026-01-28 09:55:00,40.31,40.38,40.27,40.32,102300,4125317.0
000034.SZ,2026-01-28 09:56:00,40.32,40.44,40.32,40.37,257400,10391499.0
000034.SZ,2026-01-28 09:57:00,40.35,40.39,40.32,40.38,74400,3002228.0
000034.SZ,2026-01-28 09:58:00,40.39,40.47,40.37,40.44,172700,6981142.0
000034.SZ,2026-01-28 09:59:00,40.44,40.54,40.43,40.54,315000,12745752.0
000034.SZ,2026-01-28 10:00:00,40.55,40.56,40.4,40.4,93700,3793392.0
000034.SZ,2026-01-28 10:01:00,40.4,40.41,40.27,40.27,102800,4148061.0
000034.SZ,2026-01-28 10:02:00,40.26,40.28,40.16,40.17,132400,5325846.0
000034.SZ,2026-01-28 10:03:00,40.17,40.17,40.13,40.13,83700,3360335.0
000034.SZ,2026-01-28 10:04:00,40.13,40.18,40.13,40.16,183100,7354029.0
000034.SZ,2026-01-28 10:05:00,40.1,40.16,40.09,40.14,200600,8046175.0
000034.SZ,2026-01-28 10:06:00,40.16,40.16,40.06,40.06,164900,6612043.0
000034.SZ,2026-01-28 10:07:00,40.06,40.11,40.06,40.11,78600,3149846.0
000034.SZ,2026-01-28 10:08:00,40.11,40.17,40.1,40.15,60000,2408211.0
000034.SZ,2026-01-28 10:09:00,40.13,40.15,40.06,40.06,147800,5929753.0
000034.SZ,2026-01-28 10:10:00,40.05,40.09,40.0,40.06,273100,10933508.0
000034.SZ,2026-01-28 10:11:00,40.1,40.14,40.07,40.1,104900,4206211.0
000034.SZ,2026-01-28 10:12:00,40.11,40.14,40.09,40.14,32600,1307978.0
000034.SZ,2026-01-28 10:13:00,40.1,40.25,40.1,40.22,143100,5748582.0
000034.SZ,2026-01-28 10:14:00,40.21,40.21,40.13,40.14,84100,3380268.0
000034.SZ,2026-01-28 10:15:00,40.14,40.17,40.11,40.12,44600,1789579.0
000034.SZ,2026-01-28 10:16:00,40.13,40.21,40.13,40.21,73100,2937489.0
000034.SZ,2026-01-28 10:17:00,40.22,40.3,40.22,40.29,93900,3781177.0
000034.SZ,2026-01-28 10:18:00,40.25,40.26,40.22,40.23,108700,4375117.0
000034.SZ,2026-01-28 10:19:00,40.22,40.24,40.15,40.18,205500,8264676.0
000034.SZ,2026-01-28 10:20:00,40.2,40.34,40.2,40.32,117800,4742981.0
000034.SZ,2026-01-28 10:21:00,40.28,40.34,40.28,40.29,69500,2802164.0
000034.SZ,2026-01-28 10:22:00,40.3,40.34,40.29,40.33,90535,3649717.2
000034.SZ,2026-01-28 10:23:00,40.4,40.41,40.38,40.38,199400,8051384.0
000034.SZ,2026-01-28 10:24:00,40.38,40.39,40.35,40.35,36300,1465389.0
000034.SZ,2026-01-28 10:25:00,40.35,40.36,40.27,40.27,57700,2326641.0
000034.SZ,2026-01-28 10:26:00,40.27,40.27,40.18,40.18,37200,1496341.0
000034.SZ,2026-01-28 10:27:00,40.17,40.24,40.16,40.23,48900,1966782.0
000034.SZ,2026-01-28 10:28:00,40.26,40.55,40.26,40.52,378320,15306899.0
000034.SZ,2026-01-28 10:29:00,40.51,40.52,40.43,40.43,83700,3387226.0
000034.SZ,2026-01-28 10:30:00,40.45,40.45,40.38,40.4,80300,3245485.0
000034.SZ,2026-01-28 10:31:00,40.39,40.41,40.37,40.38,84300,3405216.0
000034.SZ,2026-01-28 10:32:00,40.39,40.42,40.39,40.41,130400,5268467.0
000034.SZ,2026-01-28 10:33:00,40.41,40.41,40.36,40.38,56900,2298034.0
000034.SZ,2026-01-28 10:34:00,40.38,40.4,40.34,40.34,62300,2515515.0
000034.SZ,2026-01-28 10:35:00,40.34,40.34,40.28,40.28,24200,975234.0
000034.SZ,2026-01-28 10:36:00,40.28,40.35,40.28,40.33,44800,1806045.0
000034.SZ,2026-01-28 10:37:00,40.3,40.32,40.25,40.25,43800,1764424.0
000034.SZ,2026-01-28 10:38:00,40.24,40.25,40.19,40.25,70200,2823363.0
000034.SZ,2026-01-28 10:39:00,40.24,40.25,40.22,40.23,49100,1975469.0
000034.SZ,2026-01-28 10:40:00,40.23,40.23,40.16,40.17,74300,2987182.0
000034.SZ,2026-01-28 10:41:00,40.16,40.18,40.13,40.17,62300,2501777.0
000034.SZ,2026-01-28 10:42:00,40.18,40.21,40.16,40.21,36500,1467004.0
000034.SZ,2026-01-28 10:43:00,40.2,40.22,40.2,40.2,21000,844334.0
000034.SZ,2026-01-28 10:44:00,40.2,40.2,40.16,40.17,39200,1574750.0
000034.SZ,2026-01-28 10:45:00,40.16,40.17,40.13,40.13,30200,1212767.0
000034.SZ,2026-01-28 10:46:00,40.14,40.17,40.14,40.16,27900,1120415.0
000034.SZ,2026-01-28 10:47:00,40.17,40.18,40.17,40.18,40300,1619026.0
000034.SZ,2026-01-28 10:48:00,40.2,40.2,40.15,40.17,35700,1434741.0
000034.SZ,2026-01-28 10:49:00,40.14,40.14,40.12,40.13,54500,2187334.0
000034.SZ,2026-01-28 10:50:00,40.13,40.16,40.13,40.14,19500,782728.0
000034.SZ,2026-01-28 10:51:00,40.14,40.15,40.12,40.14,36600,1468958.0
000034.SZ,2026-01-28 10:52:00,40.15,40.15,40.12,40.14,33800,1356324.0
000034.SZ,2026-01-28 10:53:00,40.12,40.13,40.07,40.08,76400,3063787.0
000034.SZ,2026-01-28 10:54:00,40.09,40.1,40.08,40.08,36900,1479409.0
000034.SZ,2026-01-28 10:55:00,40.08,40.1,40.05,40.05,87000,3486423.2
000034.SZ,2026-01-28 10:56:00,40.03,40.03,40.0,40.01,195273,7812776.0
000034.SZ,2026-01-28 10:57:00,40.0,40.0,39.92,39.92,113827,4548759.0
000034.SZ,2026-01-28 10:58:00,39.91,39.95,39.9,39.93,59700,2383607.0
000034.SZ,2026-01-28 10:59:00,39.94,39.97,39.92,39.97,67100,2680854.0
000034.SZ,2026-01-28 11:00:00,39.96,39.97,39.92,39.92,64700,2584128.0
000034.SZ,2026-01-28 11:01:00,39.92,39.95,39.92,39.93,46200,1844627.0
000034.SZ,2026-01-28 11:02:00,39.91,39.91,39.87,39.88,127300,5078102.0
000034.SZ,2026-01-28 11:03:00,39.88,39.95,39.88,39.95,76100,3037856.0
000034.SZ,2026-01-28 11:04:00,39.95,39.97,39.94,39.96,34000,1358511.0
000034.SZ,2026-01-28 11:05:00,39.96,39.96,39.9,39.91,49100,1960938.0
000034.SZ,2026-01-28 11:06:00,39.9,39.91,39.88,39.88,51900,2070837.0
000034.SZ,2026-01-28 11:07:00,39.88,39.92,39.88,39.88,82200,3279657.0
000034.SZ,2026-01-28 11:08:00,39.88,39.91,39.85,39.91,106200,4234310.0
000034.SZ,2026-01-28 11:09:00,39.92,39.95,39.88,39.91,130200,5195008.0
000034.SZ,2026-01-28 11:10:00,39.95,39.98,39.91,39.98,30300,1210752.0
000034.SZ,2026-01-28 11:11:00,39.98,40.03,39.97,39.97,93000,3721385.0
000034.SZ,2026-01-28 11:12:00,39.96,39.97,39.92,39.94,38600,1541973.0
000034.SZ,2026-01-28 11:13:00,39.93,39.93,39.91,39.92,18900,754464.0
000034.SZ,2026-01-28 11:14:00,39.93,39.93,39.88,39.88,40700,1624217.0
000034.SZ,2026-01-28 11:15:00,39.89,39.93,39.88,39.93,32800,1309201.0
000034.SZ,2026-01-28 11:16:00,39.91,39.93,39.9,39.91,73300,2925886.0
000034.SZ,2026-01-28 11:17:00,39.9,39.91,39.88,39.88,25500,1017356.0
000034.SZ,2026-01-28 11:18:00,39.89,39.93,39.89,39.93,24400,973768.0
000034.SZ,2026-01-28 11:19:00,39.93,39.97,39.93,39.93,10800,431397.0
000034.SZ,2026-01-28 11:20:00,39.95,39.96,39.95,39.96,7000,279688.0
000034.SZ,2026-01-28 11:21:00,39.97,39.98,39.94,39.98,22600,903123.0
000034.SZ,2026-01-28 11:22:00,39.98,39.99,39.96,39.97,28000,1119383.0
000034.SZ,2026-01-28 11:23:00,39.98,39.99,39.96,39.99,23000,919678.0
000034.SZ,2026-01-28 11:24:00,40.0,40.08,40.0,40.08,35600,1426501.0
000034.SZ,2026-01-28 11:25:00,40.09,40.09,40.06,40.09,40300,1615043.0
000034.SZ,2026-01-28 11:26:00,40.09,40.2,40.09,40.15,46203,1854549.2
000034.SZ,2026-01-28 11:27:00,40.21,40.26,40.19,40.19,81500,3277781.2
000034.SZ,2026-01-28 11:28:00,40.17,40.2,40.15,40.15,36900,1482175.0
000034.SZ,2026-01-28 11:29:00,40.16,40.17,40.13,40.14,13400,538064.0
000034.SZ,2026-01-28 11:30:00,40.13,40.14,40.1,40.1,27000,1083298.0
000034.SZ,2026-01-28 13:01:00,40.1,40.4,40.06,40.13,454486,18273976.0
000034.SZ,2026-01-28 13:02:00,40.13,40.22,40.08,40.08,87700,3522645.0
000034.SZ,2026-01-28 13:03:00,40.07,40.07,40.0,40.01,30900,1237088.0
000034.SZ,2026-01-28 13:04:00,40.02,40.02,39.95,39.96,40900,1635944.0
000034.SZ,2026-01-28 13:05:00,39.97,39.97,39.92,39.92,71600,2859628.0
000034.SZ,2026-01-28 13:06:00,39.91,40.0,39.9,40.0,114601,4576408.0
000034.SZ,2026-01-28 13:07:00,40.0,40.04,39.98,40.01,109700,4386914.0
000034.SZ,2026-01-28 13:08:00,40.01,40.01,39.98,39.99,57900,2315379.0
000034.SZ,2026-01-28 13:09:00,39.98,39.98,39.91,39.94,48900,1953330.0
000034.SZ,2026-01-28 13:10:00,39.94,39.94,39.91,39.91,55300,2207298.0
000034.SZ,2026-01-28 13:11:00,39.91,39.91,39.88,39.89,79600,3175459.0
000034.SZ,2026-01-28 13:12:00,39.89,39.97,39.88,39.88,129400,5163551.0
000034.SZ,2026-01-28 13:13:00,39.92,39.99,39.85,39.85,128200,5116856.0
000034.SZ,2026-01-28 13:14:00,39.82,39.82,39.75,39.76,183700,7309321.0
000034.SZ,2026-01-28 13:15:00,39.76,39.79,39.75,39.78,159500,6341809.0
000034.SZ,2026-01-28 13:16:00,39.8,39.88,39.8,39.81,297700,11869707.0
000034.SZ,2026-01-28 13:17:00,39.81,39.86,39.81,39.81,44000,1752670.0
000034.SZ,2026-01-28 13:18:00,39.82,39.82,39.77,39.77,65700,2615290.0
000034.SZ,2026-01-28 13:19:00,39.76,39.81,39.76,39.77,118700,4721070.0
000034.SZ,2026-01-28 13:20:00,39.78,39.8,39.77,39.78,62200,2474523.0
000034.SZ,2026-01-28 13:21:00,39.79,39.88,39.78,39.88,97000,3863332.0
000034.SZ,2026-01-28 13:22:00,39.89,39.94,39.89,39.94,72900,2910202.0
000034.SZ,2026-01-28 13:23:00,39.96,40.0,39.92,39.94,77500,3096962.0
000034.SZ,2026-01-28 13:24:00,39.91,39.97,39.9,39.93,80400,3210313.0
000034.SZ,2026-01-28 13:25:00,39.96,40.08,39.9,40.08,139800,5589350.0
000034.SZ,2026-01-28 13:26:00,40.04,40.12,40.04,40.09,42600,1707789.0
000034.SZ,2026-01-28 13:27:00,40.1,40.1,40.05,40.06,45801,1835708.0
000034.SZ,2026-01-28 13:28:00,40.06,40.06,40.02,40.05,40399,1617756.0
000034.SZ,2026-01-28 13:29:00,40.02,40.05,40.0,40.01,27800,1112379.0
000034.SZ,2026-01-28 13:30:00,40.01,40.05,40.0,40.04,33991,1359940.5
000034.SZ,2026-01-28 13:31:00,40.0,40.0,39.95,39.96,36100,1443332.0
000034.SZ,2026-01-28 13:32:00,40.01,40.02,39.93,39.99,49000,1958447.0
000034.SZ,2026-01-28 13:33:00,39.99,39.99,39.93,39.97,25800,1031096.0
000034.SZ,2026-01-28 13:34:00,39.97,39.97,39.93,39.94,62800,2508875.0
000034.SZ,2026-01-28 13:35:00,39.94,39.98,39.93,39.95,68900,2753696.0
000034.SZ,2026-01-28 13:36:00,39.95,40.03,39.95,40.0,85700,3425343.0
000034.SZ,2026-01-28 13:37:00,39.97,40.02,39.97,39.98,43700,1747332.0
000034.SZ,2026-01-28 13:38:00,39.99,40.0,39.97,39.99,16700,667896.0
000034.SZ,2026-01-28 13:39:00,40.0,40.0,39.96,39.98,12500,499857.0
000034.SZ,2026-01-28 13:40:00,39.98,40.0,39.95,39.96,43900,1754703.0
000034.SZ,2026-01-28 13:41:00,39.97,39.97,39.94,39.95,9000,359564.0
000034.SZ,2026-01-28 13:42:00,39.94,39.95,39.93,39.93,35300,1409788.0
000034.SZ,2026-01-28 13:43:00,39.93,39.93,39.92,39.93,35700,1425388.0
000034.SZ,2026-01-28 13:44:00,39.93,39.95,39.91,39.93,30300,1209741.0
000034.SZ,2026-01-28 13:45:00,39.92,39.95,39.92,39.94,10800,431250.0
000034.SZ,2026-01-28 13:46:00,39.94,39.99,39.93,39.97,58700,2346142.0
000034.SZ,2026-01-28 13:47:00,39.97,40.09,39.97,40.07,133801,5358084.0
000034.SZ,2026-01-28 13:48:00,40.09,40.1,40.05,40.05,39600,1587586.0
000034.SZ,2026-01-28 13:49:00,40.05,40.06,40.03,40.03,32700,1309539.0
000034.SZ,2026-01-28 13:50:00,40.03,40.03,39.99,40.0,23800,951942.0
000034.SZ,2026-01-28 13:51:00,40.0,40.0,39.97,39.97,32700,1307583.0
000034.SZ,2026-01-28 13:52:00,39.96,40.0,39.96,39.99,17600,703485.0
000034.SZ,2026-01-28 13:53:00,39.99,39.99,39.98,39.98,6800,271883.0
000034.SZ,2026-01-28 13:54:00,39.98,40.0,39.98,39.99,35700,1427802.0
000034.SZ,2026-01-28 13:55:00,39.98,39.98,39.94,39.94,50700,2026566.0
000034.SZ,2026-01-28 13:56:00,39.93,39.97,39.93,39.95,14800,591236.0
000034.SZ,2026-01-28 13:57:00,39.95,39.95,39.91,39.91,35400,1413526.0
000034.SZ,2026-01-28 13:58:00,39.95,39.95,39.91,39.94,28400,1133813.0
000034.SZ,2026-01-28 13:59:00,39.92,39.94,39.91,39.92,24500,978128.0
000034.SZ,2026-01-28 14:00:00,39.93,39.95,39.88,39.88,90400,3607785.0
000034.SZ,2026-01-28 14:01:00,39.87,39.9,39.86,39.89,23500,937006.0
000034.SZ,2026-01-28 14:02:00,39.89,39.93,39.89,39.93,8000,319264.0
000034.SZ,2026-01-28 14:03:00,39.92,39.94,39.91,39.92,17400,694718.0
000034.SZ,2026-01-28 14:04:00,39.9,39.9,39.82,39.86,187700,7481053.0
000034.SZ,2026-01-28 14:05:00,39.85,39.9,39.82,39.85,97200,3872311.0
000034.SZ,2026-01-28 14:06:00,39.85,39.85,39.82,39.84,81700,3253835.0
000034.SZ,2026-01-28 14:07:00,39.84,39.87,39.84,39.86,20800,828979.0
000034.SZ,2026-01-28 14:08:00,39.86,39.87,39.84,39.84,35700,1422727.0
000034.SZ,2026-01-28 14:09:00,39.85,39.86,39.84,39.86,30700,1223585.0
000034.SZ,2026-01-28 14:10:00,39.86,39.87,39.85,39.87,22800,908820.0
000034.SZ,2026-01-28 14:11:00,39.87,39.89,39.87,39.88,18500,737791.0
000034.SZ,2026-01-28 14:12:00,39.88,39.9,39.88,39.9,7800,311124.0
000034.SZ,2026-01-28 14:13:00,39.89,39.89,39.88,39.89,16400,654165.0
000034.SZ,2026-01-28 14:14:00,39.89,39.89,39.87,39.88,24400,973099.0
000034.SZ,2026-01-28 14:15:00,39.88,39.9,39.87,39.88,57100,2277290.0
000034.SZ,2026-01-28 14:16:00,39.89,39.89,39.87,39.89,8300,331009.0
000034.SZ,2026-01-28 14:17:00,39.88,39.88,39.85,39.86,90700,3615605.0
000034.SZ,2026-01-28 14:18:00,39.87,39.88,39.87,39.88,8400,334969.0
000034.SZ,2026-01-28 14:19:00,39.88,39.88,39.85,39.85,27700,1104454.0
000034.SZ,2026-01-28 14:20:00,39.88,39.88,39.84,39.84,50835,2025791.4
000034.SZ,2026-01-28 14:21:00,39.84,39.87,39.84,39.84,33065,1317477.2
000034.SZ,2026-01-28 14:22:00,39.84,39.86,39.83,39.85,19800,788854.0
000034.SZ,2026-01-28 14:23:00,39.85,39.85,39.8,39.8,85500,3404379.0
000034.SZ,2026-01-28 14:24:00,39.81,39.81,39.8,39.81,37600,1496780.0
000034.SZ,2026-01-28 14:25:00,39.8,39.82,39.8,39.82,105400,4195307.0
000034.SZ,2026-01-28 14:26:00,39.81,39.82,39.8,39.81,50200,1998285.0
000034.SZ,2026-01-28 14:27:00,39.8,39.82,39.8,39.82,30700,1222005.0
000034.SZ,2026-01-28 14:28:00,39.82,39.82,39.81,39.81,29900,1190493.0
000034.SZ,2026-01-28 14:29:00,39.83,39.83,39.82,39.83,21900,872145.0
000034.SZ,2026-01-28 14:30:00,39.83,39.84,39.82,39.83,69100,2751286.0
000034.SZ,2026-01-28 14:31:00,39.83,39.84,39.8,39.83,31600,1258305.0
000034.SZ,2026-01-28 14:32:00,39.81,39.84,39.78,39.81,104800,4171324.0
000034.SZ,2026-01-28 14:33:00,39.81,39.81,39.78,39.79,28700,1142088.0
000034.SZ,2026-01-28 14:34:00,39.79,39.8,39.78,39.79,58400,2323492.0
000034.SZ,2026-01-28 14:35:00,39.78,39.84,39.78,39.84,95200,3790324.0
000034.SZ,2026-01-28 14:36:00,39.84,39.95,39.84,39.95,91200,3638954.0
000034.SZ,2026-01-28 14:37:00,39.96,40.0,39.92,39.92,132100,5278873.5
000034.SZ,2026-01-28 14:38:00,39.9,39.93,39.84,39.85,59300,2365325.0
000034.SZ,2026-01-28 14:39:00,39.83,39.86,39.82,39.82,35900,1430184.0
000034.SZ,2026-01-28 14:40:00,39.81,39.87,39.79,39.79,73600,2930135.0
000034.SZ,2026-01-28 14:41:00,39.83,39.83,39.78,39.79,44600,1774976.0
000034.SZ,2026-01-28 14:42:00,39.81,39.85,39.81,39.85,50800,2023209.0
000034.SZ,2026-01-28 14:43:00,39.81,39.82,39.8,39.81,29400,1170333.0
000034.SZ,2026-01-28 14:44:00,39.81,39.81,39.78,39.79,58400,2323970.0
000034.SZ,2026-01-28 14:45:00,39.79,39.79,39.77,39.78,64100,2549846.0
000034.SZ,2026-01-28 14:46:00,39.79,39.81,39.79,39.8,60500,2407888.0
000034.SZ,2026-01-28 14:47:00,39.78,39.8,39.77,39.79,92100,3663143.0
000034.SZ,2026-01-28 14:48:00,39.77,39.79,39.76,39.76,59600,2370519.0
000034.SZ,2026-01-28 14:49:00,39.75,39.77,39.75,39.76,66500,2644171.0
000034.SZ,2026-01-28 14:50:00,39.76,39.78,39.76,39.77,71800,2855109.0
000034.SZ,2026-01-28 14:51:00,39.77,39.78,39.75,39.78,91700,3646425.0
000034.SZ,2026-01-28 14:52:00,39.78,39.8,39.77,39.78,57300,2279749.0
000034.SZ,2026-01-28 14:53:00,39.78,39.8,39.77,39.78,55500,2207973.0
000034.SZ,2026-01-28 14:54:00,39.8,39.8,39.79,39.8,64700,2574855.0
000034.SZ,2026-01-28 14:55:00,39.79,39.81,39.79,39.81,58800,2340378.0
000034.SZ,2026-01-28 14:56:00,39.81,39.81,39.8,39.81,72207,2874058.5
000034.SZ,2026-01-28 14:57:00,39.81,39.81,39.79,39.8,83500,3323821.0
000034.SZ,2026-01-28 14:58:00,39.8,39.8,39.8,39.8,0,0.0
000034.SZ,2026-01-28 14:59:00,39.8,39.8,39.8,39.8,0,0.0
000034.SZ,2026-01-28 15:00:00,39.8,39.8,39.8,39.8,147900,5886420.0
000034.SZ,2026-01-29 09:30:00,39.46,39.49,39.31,39.36,106200,4189295.0
000034.SZ,2026-01-29 09:31:00,39.38,39.38,38.95,39.0,481700,18850388.0
000034.SZ,2026-01-29 09:32:00,39.0,39.0,38.66,38.69,635200,24626154.0
000034.SZ,2026-01-29 09:33:00,38.7,38.7,38.52,38.55,499400,19277332.0
000034.SZ,2026-01-29 09:34:00,38.57,38.75,38.5,38.69,460600,17783056.0
000034.SZ,2026-01-29 09:35:00,38.72,38.81,38.72,38.75,348800,13521770.0
000034.SZ,2026-01-29 09:36:00,38.72,38.78,38.72,38.73,179700,6963443.0
000034.SZ,2026-01-29 09:37:00,38.74,38.75,38.6,38.63,394000,15235059.0
000034.SZ,2026-01-29 09:38:00,38.64,39.07,38.64,39.07,276700,10769415.0
000034.SZ,2026-01-29 09:39:00,39.02,39.19,39.0,39.19,360100,14065420.0
000034.SZ,2026-01-29 09:40:00,39.21,39.58,39.21,39.55,389000,15308259.0
000034.SZ,2026-01-29 09:41:00,39.62,39.7,39.46,39.48,235700,9318853.0
000034.SZ,2026-01-29 09:42:00,39.47,39.63,39.47,39.62,278500,11015200.0
000034.SZ,2026-01-29 09:43:00,39.62,39.65,39.6,39.64,235900,9349359.0
000034.SZ,2026-01-29 09:44:00,39.73,39.74,39.6,39.69,208200,8257342.0
000034.SZ,2026-01-29 09:45:00,39.69,39.7,39.65,39.66,182100,7225669.0
000034.SZ,2026-01-29 09:46:00,39.65,39.68,39.62,39.68,133400,5291310.0
000034.SZ,2026-01-29 09:47:00,39.68,39.75,39.6,39.6,97500,3870662.0
000034.SZ,2026-01-29 09:48:00,39.6,39.64,39.52,39.52,211671,8374724.5
000034.SZ,2026-01-29 09:49:00,39.56,39.59,39.56,39.57,144500,5717172.0
000034.SZ,2026-01-29 09:50:00,39.57,39.7,39.56,39.7,100900,3995630.0
000034.SZ,2026-01-29 09:51:00,39.72,39.77,39.65,39.75,111900,4444051.0
000034.SZ,2026-01-29 09:52:00,39.77,39.78,39.7,39.7,61300,2435214.0
000034.SZ,2026-01-29 09:53:00,39.69,39.76,39.69,39.76,137900,5481005.5
000034.SZ,2026-01-29 09:54:00,39.76,39.8,39.76,39.8,140900,5605865.5
000034.SZ,2026-01-29 09:55:00,39.8,39.87,39.76,39.8,144771,5762620.0
000034.SZ,2026-01-29 09:56:00,39.8,39.82,39.76,39.76,114100,4541518.0
000034.SZ,2026-01-29 09:57:00,39.75,39.81,39.72,39.81,93300,3709630.0
000034.SZ,2026-01-29 09:58:00,39.8,39.86,39.8,39.86,107500,4280220.0
000034.SZ,2026-01-29 09:59:00,39.86,39.86,39.77,39.8,83500,3324572.0
000034.SZ,2026-01-29 10:00:00,39.8,39.85,39.76,39.85,108300,4312582.0
000034.SZ,2026-01-29 10:01:00,39.85,39.88,39.82,39.88,110200,4391983.0
000034.SZ,2026-01-29 10:02:00,39.87,39.9,39.85,39.86,120200,4792954.0
000034.SZ,2026-01-29 10:03:00,39.86,39.89,39.81,39.81,75900,3024181.0
000034.SZ,2026-01-29 10:04:00,39.8,39.88,39.8,39.82,68100,2712254.0
000034.SZ,2026-01-29 10:05:00,39.8,39.84,39.77,39.78,100100,3983561.0
000034.SZ,2026-01-29 10:06:00,39.77,39.77,39.63,39.63,80900,3215382.0
000034.SZ,2026-01-29 10:07:00,39.65,39.7,39.64,39.69,188900,7493410.0
000034.SZ,2026-01-29 10:08:00,39.7,39.75,39.7,39.75,33100,1314774.0
000034.SZ,2026-01-29 10:09:00,39.75,39.81,39.73,39.81,28000,1113495.0
000034.SZ,2026-01-29 10:10:00,39.79,39.87,39.79,39.86,118200,4708257.0
000034.SZ,2026-01-29 10:11:00,39.87,39.89,39.87,39.89,140300,5594995.0
000034.SZ,2026-01-29 10:12:00,39.89,39.95,39.88,39.95,104300,4162568.0
000034.SZ,2026-01-29 10:13:00,39.94,40.0,39.94,40.0,145400,5811018.0
000034.SZ,2026-01-29 10:14:00,40.0,40.0,39.94,39.96,109700,4385494.0
000034.SZ,2026-01-29 10:15:00,39.95,39.96,39.94,39.95,47900,1913449.0
000034.SZ,2026-01-29 10:16:00,39.93,39.94,39.89,39.93,49500,1976451.0
000034.SZ,2026-01-29 10:17:00,39.93,39.99,39.93,39.99,84500,3376569.0
000034.SZ,2026-01-29 10:18:00,39.93,39.96,39.86,39.86,74500,2975085.0
000034.SZ,2026-01-29 10:19:00,39.86,39.9,39.85,39.85,55300,2204690.0
000034.SZ,2026-01-29 10:20:00,39.86,39.91,39.84,39.89,72900,2906769.0
000034.SZ,2026-01-29 10:21:00,39.91,39.92,39.87,39.9,68300,2724554.0
000034.SZ,2026-01-29 10:22:00,39.91,39.93,39.86,39.9,52700,2102198.0
000034.SZ,2026-01-29 10:23:00,39.91,39.92,39.89,39.92,34100,1360800.0
000034.SZ,2026-01-29 10:24:00,39.95,39.95,39.88,39.89,72900,2910131.0
000034.SZ,2026-01-29 10:25:00,39.89,39.9,39.85,39.88,45400,1810681.0
000034.SZ,2026-01-29 10:26:00,39.9,39.94,39.9,39.93,33200,1325236.0
000034.SZ,2026-01-29 10:27:00,39.96,39.99,39.91,39.93,77300,3089239.0
000034.SZ,2026-01-29 10:28:00,39.91,39.98,39.88,39.89,93000,3714600.0
000034.SZ,2026-01-29 10:29:00,39.89,39.95,39.87,39.87,67200,2683643.0
000034.SZ,2026-01-29 10:30:00,39.87,39.87,39.77,39.8,74900,2982423.0
000034.SZ,2026-01-29 10:31:00,39.79,39.88,39.79,39.88,44900,1787834.0
000034.SZ,2026-01-29 10:32:00,39.88,39.95,39.88,39.91,19400,774331.0
000034.SZ,2026-01-29 10:33:00,39.93,39.93,39.86,39.88,60500,2412975.0
000034.SZ,2026-01-29 10:34:00,39.88,39.91,39.88,39.9,25100,1001177.0
000034.SZ,2026-01-29 10:35:00,39.89,39.97,39.89,39.95,49400,1972919.0
000034.SZ,2026-01-29 10:36:00,39.96,39.98,39.93,39.95,53500,2137374.0
000034.SZ,2026-01-29 10:37:00,39.96,39.96,39.9,39.92,23100,922335.0
000034.SZ,2026-01-29 10:38:00,39.92,39.94,39.91,39.94,27400,1093928.0
000034.SZ,2026-01-29 10:39:00,39.95,39.99,39.94,39.98,63300,2530120.0
000034.SZ,2026-01-29 10:40:00,39.98,39.98,39.94,39.94,59700,2386087.0
000034.SZ,2026-01-29 10:41:00,39.94,39.96,39.91,39.95,50400,2012570.0
000034.SZ,2026-01-29 10:42:00,39.95,39.97,39.94,39.97,17300,691291.0
000034.SZ,2026-01-29 10:43:00,39.96,40.1,39.96,40.09,241400,9663091.0
000034.SZ,2026-01-29 10:44:00,40.08,40.09,40.03,40.06,70600,2828736.0
000034.SZ,2026-01-29 10:45:00,40.06,40.06,40.03,40.03,43000,1722108.0
000034.SZ,2026-01-29 10:46:00,40.03,40.07,40.03,40.07,69100,2766908.0
000034.SZ,2026-01-29 10:47:00,40.07,40.07,40.0,40.04,53900,2158182.0
000034.SZ,2026-01-29 10:48:00,40.04,40.08,40.01,40.05,63100,2527260.0
000034.SZ,2026-01-29 10:49:00,40.04,40.05,39.97,39.98,44800,1792436.0
000034.SZ,2026-01-29 10:50:00,39.98,40.0,39.95,39.96,39200,1566954.0
000034.SZ,2026-01-29 10:51:00,39.93,39.94,39.89,39.89,34000,1357608.0
000034.SZ,2026-01-29 10:52:00,39.89,39.89,39.84,39.86,68700,2739094.0
000034.SZ,2026-01-29 10:53:00,39.85,39.86,39.8,39.8,53900,2147189.0
000034.SZ,2026-01-29 10:54:00,39.8,39.86,39.77,39.81,86600,3446794.0
000034.SZ,2026-01-29 10:55:00,39.81,39.81,39.77,39.78,65100,2590253.0
000034.SZ,2026-01-29 10:56:00,39.78,39.82,39.77,39.8,37800,1503882.0
000034.SZ,2026-01-29 10:57:00,39.81,39.81,39.78,39.78,36000,1432445.0
000034.SZ,2026-01-29 10:58:00,39.75,39.75,39.71,39.72,120900,4805331.0
000034.SZ,2026-01-29 10:59:00,39.72,39.72,39.7,39.71,74600,2961902.0
000034.SZ,2026-01-29 11:00:00,39.73,39.76,39.71,39.75,77800,3089938.0
000034.SZ,2026-01-29 11:01:00,39.77,39.81,39.77,39.78,24400,970892.0
000034.SZ,2026-01-29 11:02:00,39.79,39.79,39.75,39.77,11200,445464.0
000034.SZ,2026-01-29 11:03:00,39.76,39.77,39.72,39.76,30600,1216221.0
000034.SZ,2026-01-29 11:04:00,39.74,39.81,39.74,39.75,25600,1018150.0
000034.SZ,2026-01-29 11:05:00,39.76,39.77,39.74,39.74,17600,699717.0
000034.SZ,2026-01-29 11:06:00,39.74,39.77,39.74,39.77,15400,612252.0
000034.SZ,2026-01-29 11:07:00,39.76,39.79,39.76,39.77,32300,1284867.0
000034.SZ,2026-01-29 11:08:00,39.77,39.77,39.68,39.69,80300,3190796.0
000034.SZ,2026-01-29 11:09:00,39.69,39.69,39.63,39.64,59000,2339789.0
000034.SZ,2026-01-29 11:10:00,39.64,39.64,39.61,39.61,60700,2405060.0
000034.SZ,2026-01-29 11:11:00,39.6,39.6,39.52,39.52,50400,1994575.0
000034.SZ,2026-01-29 11:12:00,39.52,39.57,39.52,39.56,25200,996771.0
000034.SZ,2026-01-29 11:13:00,39.56,39.59,39.53,39.53,66600,2634346.0
000034.SZ,2026-01-29 11:14:00,39.53,39.55,39.52,39.53,37100,1466716.0
000034.SZ,2026-01-29 11:15:00,39.53,39.53,39.49,39.51,66500,2627166.0
000034.SZ,2026-01-29 11:16:00,39.52,39.54,39.52,39.52,20800,822305.0
000034.SZ,2026-01-29 11:17:00,39.53,39.53,39.4,39.44,121000,4777012.0
000034.SZ,2026-01-29 11:18:00,39.44,39.46,39.43,39.44,43600,1719682.0
000034.SZ,2026-01-29 11:19:00,39.44,39.47,39.42,39.44,49200,1940306.0
000034.SZ,2026-01-29 11:20:00,39.46,39.5,39.46,39.49,29000,1145347.0
000034.SZ,2026-01-29 11:21:00,39.49,39.51,39.48,39.49,43600,1722101.0
000034.SZ,2026-01-29 11:22:00,39.49,39.5,39.48,39.5,51500,2033819.0
000034.SZ,2026-01-29 11:23:00,39.49,39.49,39.45,39.47,46400,1831817.0
000034.SZ,2026-01-29 11:24:00,39.48,39.49,39.45,39.45,31900,1259144.0
000034.SZ,2026-01-29 11:25:00,39.45,39.47,39.42,39.42,34600,1364830.0
000034.SZ,2026-01-29 11:26:00,39.38,39.4,39.33,39.36,118900,4684094.0
000034.SZ,2026-01-29 11:27:00,39.35,39.36,39.3,39.31,132700,5217175.0
000034.SZ,2026-01-29 11:28:00,39.31,39.32,39.26,39.26,58400,2294724.0
000034.SZ,2026-01-29 11:29:00,39.29,39.34,39.28,39.34,23400,919872.0
000034.SZ,2026-01-29 11:30:00,39.35,39.35,39.29,39.32,28800,1132239.0
000034.SZ,2026-01-29 13:01:00,39.33,39.43,39.32,39.36,190200,7480901.0
000034.SZ,2026-01-29 13:02:00,39.37,39.37,39.24,39.28,138700,5449630.0
000034.SZ,2026-01-29 13:03:00,39.29,39.29,39.21,39.23,57500,2256916.0
000034.SZ,2026-01-29 13:04:00,39.22,39.23,39.21,39.21,40500,1588358.0
000034.SZ,2026-01-29 13:05:00,39.19,39.19,39.14,39.15,70600,2766029.0
000034.SZ,2026-01-29 13:06:00,39.21,39.24,39.19,39.22,40900,1603506.0
000034.SZ,2026-01-29 13:07:00,39.24,39.27,39.22,39.22,53300,2092069.0
000034.SZ,2026-01-29 13:08:00,39.22,39.25,39.19,39.24,31000,1215357.0
000034.SZ,2026-01-29 13:09:00,39.22,39.27,39.21,39.27,32700,1283544.0
000034.SZ,2026-01-29 13:10:00,39.25,39.25,39.21,39.22,34800,1365229.0
000034.SZ,2026-01-29 13:11:00,39.19,39.3,39.18,39.28,138700,5440027.0
000034.SZ,2026-01-29 13:12:00,39.28,39.28,39.22,39.22,43700,1715406.0
000034.SZ,2026-01-29 13:13:00,39.22,39.23,39.19,39.23,43700,1713288.0
000034.SZ,2026-01-29 13:14:00,39.23,39.24,39.2,39.24,11900,466813.0
000034.SZ,2026-01-29 13:15:00,39.24,39.26,39.22,39.23,49900,1957775.0
000034.SZ,2026-01-29 13:16:00,39.19,39.32,39.19,39.32,57400,2251915.0
000034.SZ,2026-01-29 13:17:00,39.32,39.35,39.3,39.3,56100,2205564.0
000034.SZ,2026-01-29 13:18:00,39.3,39.31,39.28,39.31,48500,1906110.0
000034.SZ,2026-01-29 13:19:00,39.28,39.28,39.24,39.24,54600,2144058.0
000034.SZ,2026-01-29 13:20:00,39.23,39.24,39.22,39.24,20500,804212.0
000034.SZ,2026-01-29 13:21:00,39.24,39.24,39.23,39.23,16200,635603.0
000034.SZ,2026-01-29 13:22:00,39.23,39.23,39.19,39.2,77500,3038444.0
000034.SZ,2026-01-29 13:23:00,39.2,39.22,39.2,39.21,11800,462636.0
000034.SZ,2026-01-29 13:24:00,39.21,39.22,39.19,39.21,17000,666451.0
000034.SZ,2026-01-29 13:25:00,39.21,39.22,39.19,39.19,41500,1626627.0
000034.SZ,2026-01-29 13:26:00,39.19,39.19,39.13,39.13,78100,3058710.0
000034.SZ,2026-01-29 13:27:00,39.11,39.13,39.1,39.11,65417,2558514.8
000034.SZ,2026-01-29 13:28:00,39.11,39.12,39.03,39.04,71983,2812067.2
000034.SZ,2026-01-29 13:29:00,39.07,39.1,39.07,39.09,47800,1868345.0
000034.SZ,2026-01-29 13:30:00,39.09,39.09,39.01,39.02,100400,3920777.0
000034.SZ,2026-01-29 13:31:00,39.0,39.02,39.0,39.02,139900,5456637.0
000034.SZ,2026-01-29 13:32:00,39.01,39.02,38.95,38.98,93600,3649438.0
000034.SZ,2026-01-29 13:33:00,38.98,39.05,38.98,39.05,45900,1791349.0
000034.SZ,2026-01-29 13:34:00,39.04,39.04,38.98,39.03,51400,2005421.0
000034.SZ,2026-01-29 13:35:00,39.03,39.05,39.02,39.03,57000,2225293.0
000034.SZ,2026-01-29 13:36:00,39.01,39.02,39.0,39.01,37100,1447348.0
000034.SZ,2026-01-29 13:37:00,39.03,39.08,39.03,39.06,55300,2159432.0
000034.SZ,2026-01-29 13:38:00,39.04,39.09,39.04,39.05,38500,1503358.0
000034.SZ,2026-01-29 13:39:00,39.06,39.13,39.06,39.09,30700,1199816.0
000034.SZ,2026-01-29 13:40:00,39.09,39.12,39.09,39.11,39200,1533440.0
000034.SZ,2026-01-29 13:41:00,39.1,39.13,39.09,39.13,77000,3010867.0
000034.SZ,2026-01-29 13:42:00,39.14,39.14,39.08,39.08,62400,2439563.0
000034.SZ,2026-01-29 13:43:00,39.08,39.11,39.08,39.1,15000,586424.0
000034.SZ,2026-01-29 13:44:00,39.05,39.1,39.03,39.07,45200,1765866.0
000034.SZ,2026-01-29 13:45:00,39.07,39.07,39.05,39.07,35100,1371282.0
000034.SZ,2026-01-29 13:46:00,39.05,39.07,39.02,39.02,38000,1483698.0
000034.SZ,2026-01-29 13:47:00,39.0,39.02,38.98,38.98,101900,3973929.0
000034.SZ,2026-01-29 13:48:00,38.98,38.98,38.91,38.91,96200,3748266.0
000034.SZ,2026-01-29 13:49:00,38.91,38.91,38.84,38.86,122400,4759253.0
000034.SZ,2026-01-29 13:50:00,38.85,38.88,38.81,38.85,98300,3819675.0
000034.SZ,2026-01-29 13:51:00,38.86,38.87,38.85,38.85,42829,1663977.6
000034.SZ,2026-01-29 13:52:00,38.85,38.87,38.83,38.87,44000,1709561.4
000034.SZ,2026-01-29 13:53:00,38.87,38.87,38.8,38.8,146671,5694589.5
000034.SZ,2026-01-29 13:54:00,38.8,38.8,38.75,38.78,120500,4673513.0
000034.SZ,2026-01-29 13:55:00,38.8,38.85,38.78,38.84,80600,3129434.0
000034.SZ,2026-01-29 13:56:00,38.82,38.84,38.75,38.75,102800,3987468.0
000034.SZ,2026-01-29 13:57:00,38.75,38.78,38.74,38.74,72000,2790699.0
000034.SZ,2026-01-29 13:58:00,38.75,38.76,38.73,38.76,64300,2491340.0
000034.SZ,2026-01-29 13:59:00,38.76,38.78,38.72,38.76,104100,4032954.0
000034.SZ,2026-01-29 14:00:00,38.75,38.84,38.75,38.8,89100,3455303.0
000034.SZ,2026-01-29 14:01:00,38.81,38.81,38.75,38.76,100600,3900459.0
000034.SZ,2026-01-29 14:02:00,38.76,38.86,38.75,38.85,54929,2131533.8
000034.SZ,2026-01-29 14:03:00,38.86,38.87,38.77,38.78,55371,2149721.0
000034.SZ,2026-01-29 14:04:00,38.76,38.84,38.76,38.83,31200,1210172.0
000034.SZ,2026-01-29 14:05:00,38.83,38.87,38.83,38.85,57200,2222110.8
000034.SZ,2026-01-29 14:06:00,38.83,38.85,38.81,38.84,29800,1157046.0
000034.SZ,2026-01-29 14:07:00,38.83,38.85,38.81,38.81,68300,2651526.0
000034.SZ,2026-01-29 14:08:00,38.82,38.88,38.82,38.87,69029,2682300.8
000034.SZ,2026-01-29 14:09:00,38.84,38.84,38.82,38.82,61500,2388385.0
000034.SZ,2026-01-29 14:10:00,38.82,38.85,38.81,38.85,66200,2570443.0
000034.SZ,2026-01-29 14:11:00,38.84,38.84,38.77,38.8,102400,3972838.0
000034.SZ,2026-01-29 14:12:00,38.75,38.76,38.73,38.73,135700,5257550.0
000034.SZ,2026-01-29 14:13:00,38.73,38.73,38.71,38.72,55000,2129277.0
000034.SZ,2026-01-29 14:14:00,38.71,38.72,38.7,38.71,66200,2562273.0
000034.SZ,2026-01-29 14:15:00,38.69,38.69,38.64,38.64,233900,9046966.0
000034.SZ,2026-01-29 14:16:00,38.65,38.67,38.64,38.67,36100,1395327.0
000034.SZ,2026-01-29 14:17:00,38.7,38.71,38.69,38.7,178100,6891841.0
000034.SZ,2026-01-29 14:18:00,38.71,38.74,38.69,38.74,48100,1862570.0
000034.SZ,2026-01-29 14:19:00,38.75,38.8,38.75,38.77,35500,1376408.0
000034.SZ,2026-01-29 14:20:00,38.8,38.85,38.77,38.83,55100,2139262.0
000034.SZ,2026-01-29 14:21:00,38.84,38.87,38.84,38.85,32800,1274133.0
000034.SZ,2026-01-29 14:22:00,38.84,38.88,38.84,38.88,36800,1430116.0
000034.SZ,2026-01-29 14:23:00,38.87,38.88,38.86,38.88,20600,800717.0
000034.SZ,2026-01-29 14:24:00,38.88,38.9,38.83,38.9,86400,3358019.0
000034.SZ,2026-01-29 14:25:00,38.9,38.99,38.9,38.97,48600,1893080.0
000034.SZ,2026-01-29 14:26:00,38.97,38.99,38.97,38.99,51400,2003496.0
000034.SZ,2026-01-29 14:27:00,38.99,39.05,38.99,39.03,42300,1650884.0
000034.SZ,2026-01-29 14:28:00,39.02,39.03,38.95,38.95,31500,1228432.0
000034.SZ,2026-01-29 14:29:00,38.96,38.97,38.94,38.96,26500,1032229.0
000034.SZ,2026-01-29 14:30:00,38.95,38.96,38.9,38.9,71800,2795119.0
000034.SZ,2026-01-29 14:31:00,38.88,38.91,38.85,38.86,48100,1870975.0
000034.SZ,2026-01-29 14:32:00,38.86,38.9,38.85,38.9,44300,1721774.0
000034.SZ,2026-01-29 14:33:00,38.9,38.95,38.82,38.88,68200,2650615.0
000034.SZ,2026-01-29 14:34:00,38.86,38.87,38.85,38.85,35900,1394917.0
000034.SZ,2026-01-29 14:35:00,38.86,38.86,38.83,38.83,42824,1663408.9
000034.SZ,2026-01-29 14:36:00,38.84,38.88,38.82,38.87,26576,1032399.8
000034.SZ,2026-01-29 14:37:00,38.85,38.89,38.84,38.86,47800,1856997.0
000034.SZ,2026-01-29 14:38:00,38.86,38.86,38.82,38.82,52000,2019515.0
000034.SZ,2026-01-29 14:39:00,38.83,38.86,38.83,38.84,40400,1568832.0
000034.SZ,2026-01-29 14:40:00,38.83,38.86,38.83,38.85,24700,959582.0
000034.SZ,2026-01-29 14:41:00,38.84,38.86,38.82,38.82,54500,2116606.0
000034.SZ,2026-01-29 14:42:00,38.82,38.85,38.82,38.84,43200,1677654.0
000034.SZ,2026-01-29 14:43:00,38.83,38.85,38.8,38.8,129700,5035832.0
000034.SZ,2026-01-29 14:44:00,38.8,38.83,38.8,38.82,125400,4866762.0
000034.SZ,2026-01-29 14:45:00,38.83,38.88,38.8,38.86,39200,1522807.0
000034.SZ,2026-01-29 14:46:00,38.87,38.9,38.86,38.88,39000,1516305.0
000034.SZ,2026-01-29 14:47:00,38.88,38.88,38.87,38.87,40600,1578193.0
000034.SZ,2026-01-29 14:48:00,38.87,38.87,38.82,38.83,65400,2541410.0
000034.SZ,2026-01-29 14:49:00,38.84,38.84,38.82,38.83,97900,3800867.0
000034.SZ,2026-01-29 14:50:00,38.82,38.84,38.82,38.84,54400,2112231.0
000034.SZ,2026-01-29 14:51:00,38.84,38.84,38.82,38.83,65721,2551980.2
000034.SZ,2026-01-29 14:52:00,38.83,38.83,38.82,38.83,66600,2585712.0
000034.SZ,2026-01-29 14:53:00,38.83,38.85,38.83,38.85,92200,3580871.0
000034.SZ,2026-01-29 14:54:00,38.84,38.84,38.83,38.83,74000,2873853.0
000034.SZ,2026-01-29 14:55:00,38.84,38.84,38.83,38.83,91700,3560962.0
000034.SZ,2026-01-29 14:56:00,38.83,38.87,38.83,38.87,63500,2466889.0
000034.SZ,2026-01-29 14:57:00,38.87,38.89,38.86,38.89,141200,5489215.0
000034.SZ,2026-01-29 14:58:00,38.89,38.89,38.89,38.89,0,0.0
000034.SZ,2026-01-29 14:59:00,38.89,38.89,38.89,38.89,0,0.0
000034.SZ,2026-01-29 15:00:00,38.84,38.84,38.84,38.84,208500,8098140.0
000034.SZ,2026-01-30 09:30:00,38.6,38.67,38.6,38.61,39500,1524839.0
000034.SZ,2026-01-30 09:31:00,38.64,38.77,38.6,38.73,330600,12777897.0
000034.SZ,2026-01-30 09:32:00,38.71,38.76,38.62,38.7,261200,10106212.0
000034.SZ,2026-01-30 09:33:00,38.65,38.71,38.55,38.71,215700,8329986.0
000034.SZ,2026-01-30 09:34:00,38.7,38.76,38.61,38.61,121300,4692767.0
000034.SZ,2026-01-30 09:35:00,38.58,38.61,38.48,38.48,386300,14890658.0
000034.SZ,2026-01-30 09:36:00,38.47,38.47,38.27,38.29,263400,10107994.0
000034.SZ,2026-01-30 09:37:00,38.35,38.55,38.32,38.55,115400,4430541.0
000034.SZ,2026-01-30 09:38:00,38.54,38.69,38.53,38.69,160900,6208231.0
000034.SZ,2026-01-30 09:39:00,38.64,38.93,38.6,38.93,233600,9048646.0
000034.SZ,2026-01-30 09:40:00,38.95,39.2,38.95,38.97,368000,14380914.0
000034.SZ,2026-01-30 09:41:00,38.9,38.93,38.81,38.93,135200,5255561.0
000034.SZ,2026-01-30 09:42:00,38.89,38.91,38.75,38.75,86500,3361153.0
000034.SZ,2026-01-30 09:43:00,38.75,38.78,38.61,38.66,54600,2113358.0
000034.SZ,2026-01-30 09:44:00,38.68,38.68,38.51,38.59,97800,3773125.0
000034.SZ,2026-01-30 09:45:00,38.59,38.73,38.59,38.65,121500,4694386.0
000034.SZ,2026-01-30 09:46:00,38.67,38.67,38.55,38.56,60000,2317593.0
000034.SZ,2026-01-30 09:47:00,38.55,38.55,38.41,38.45,237000,9123001.0
000034.SZ,2026-01-30 09:48:00,38.44,38.49,38.43,38.48,95800,3684371.0
000034.SZ,2026-01-30 09:49:00,38.48,38.6,38.48,38.6,99400,3828474.0
000034.SZ,2026-01-30 09:50:00,38.55,38.73,38.55,38.58,108200,4182184.0
000034.SZ,2026-01-30 09:51:00,38.5,38.51,38.45,38.5,102800,3956561.0
000034.SZ,2026-01-30 09:52:00,38.51,38.54,38.51,38.53,62200,2395847.0
000034.SZ,2026-01-30 09:53:00,38.52,38.62,38.52,38.61,55100,2126453.0
000034.SZ,2026-01-30 09:54:00,38.58,38.58,38.46,38.46,136100,5244124.0
000034.SZ,2026-01-30 09:55:00,38.46,38.46,38.32,38.34,284400,10918844.0
000034.SZ,2026-01-30 09:56:00,38.32,38.35,38.31,38.33,158700,6082469.0
000034.SZ,2026-01-30 09:57:00,38.32,38.36,38.3,38.31,221600,8492531.0
000034.SZ,2026-01-30 09:58:00,38.31,38.32,38.22,38.23,231415,8857399.0
000034.SZ,2026-01-30 09:59:00,38.26,38.27,38.18,38.19,263819,10082281.0
000034.SZ,2026-01-30 10:00:00,38.18,38.21,38.17,38.21,116900,4463566.0
000034.SZ,2026-01-30 10:01:00,38.19,38.19,38.08,38.1,210800,8039095.0
000034.SZ,2026-01-30 10:02:00,38.1,38.12,38.06,38.12,163200,6214927.0
000034.SZ,2026-01-30 10:03:00,38.12,38.15,38.12,38.12,116600,4445738.0
000034.SZ,2026-01-30 10:04:00,38.12,38.19,38.11,38.16,115000,4386174.0
000034.SZ,2026-01-30 10:05:00,38.19,38.22,38.15,38.17,91100,3479372.0
000034.SZ,2026-01-30 10:06:00,38.18,38.25,38.18,38.21,73900,2823947.0
000034.SZ,2026-01-30 10:07:00,38.21,38.26,38.21,38.23,50000,1911641.0
000034.SZ,2026-01-30 10:08:00,38.23,38.33,38.22,38.31,41100,1572727.0
000034.SZ,2026-01-30 10:09:00,38.3,38.47,38.3,38.42,72100,2766431.0
000034.SZ,2026-01-30 10:10:00,38.41,38.43,38.38,38.41,67200,2581198.0
000034.SZ,2026-01-30 10:11:00,38.41,38.48,38.41,38.45,60000,2306719.0
000034.SZ,2026-01-30 10:12:00,38.44,38.59,38.44,38.55,66700,2570453.0
000034.SZ,2026-01-30 10:13:00,38.53,38.54,38.45,38.48,110200,4241372.0
000034.SZ,2026-01-30 10:14:00,38.45,38.47,38.42,38.43,57100,2195738.0
000034.SZ,2026-01-30 10:15:00,38.41,38.43,38.31,38.33,41400,1589382.0
000034.SZ,2026-01-30 10:16:00,38.31,38.31,38.22,38.22,45700,1749394.0
000034.SZ,2026-01-30 10:17:00,38.22,38.25,38.17,38.25,105700,4037539.0
000034.SZ,2026-01-30 10:18:00,38.22,38.22,38.19,38.19,95200,3637137.0
000034.SZ,2026-01-30 10:19:00,38.19,38.2,38.18,38.18,69000,2634960.0
000034.SZ,2026-01-30 10:20:00,38.18,38.18,38.14,38.14,81500,3109829.0
000034.SZ,2026-01-30 10:21:00,38.15,38.15,38.09,38.09,167400,6380622.0
000034.SZ,2026-01-30 10:22:00,38.09,38.09,38.03,38.05,207700,7906015.0
000034.SZ,2026-01-30 10:23:00,38.04,38.04,38.02,38.03,88300,3358213.0
000034.SZ,2026-01-30 10:24:00,38.03,38.08,38.03,38.07,124300,4730846.0
000034.SZ,2026-01-30 10:25:00,38.07,38.1,38.07,38.09,81700,3111308.0
000034.SZ,2026-01-30 10:26:00,38.07,38.13,38.05,38.11,156200,5948931.0
000034.SZ,2026-01-30 10:27:00,38.11,38.25,38.11,38.17,151500,5784209.0
000034.SZ,2026-01-30 10:28:00,38.19,38.19,38.11,38.14,28700,1094656.0
000034.SZ,2026-01-30 10:29:00,38.15,38.18,38.14,38.16,37200,1419404.0
000034.SZ,2026-01-30 10:30:00,38.15,38.15,38.07,38.07,59700,2275005.0
000034.SZ,2026-01-30 10:31:00,38.08,38.12,38.06,38.1,71000,2703966.0
000034.SZ,2026-01-30 10:32:00,38.07,38.1,38.04,38.08,98700,3757161.0
000034.SZ,2026-01-30 10:33:00,38.06,38.06,37.95,37.97,750200,28514016.0
000034.SZ,2026-01-30 10:34:00,37.94,37.95,37.81,37.84,261200,9895670.0
000034.SZ,2026-01-30 10:35:00,37.81,37.84,37.73,37.75,231000,8733309.0
000034.SZ,2026-01-30 10:36:00,37.74,37.95,37.71,37.94,115400,4367927.0
000034.SZ,2026-01-30 10:37:00,37.93,38.05,37.93,38.05,98900,3752848.0
000034.SZ,2026-01-30 10:38:00,38.09,38.11,37.99,38.05,62200,2365916.0
000034.SZ,2026-01-30 10:39:00,38.03,38.03,37.97,38.0,77000,2926349.0
000034.SZ,2026-01-30 10:40:00,38.01,38.05,38.01,38.03,102600,3900498.0
000034.SZ,2026-01-30 10:41:00,38.01,38.03,37.99,38.03,59600,2265289.0
000034.SZ,2026-01-30 10:42:00,38.04,38.12,38.04,38.11,101400,3861965.0
000034.SZ,2026-01-30 10:43:00,38.12,38.18,38.12,38.17,58900,2247989.0
000034.SZ,2026-01-30 10:44:00,38.16,38.16,38.12,38.12,43900,1674567.0
000034.SZ,2026-01-30 10:45:00,38.12,38.14,38.05,38.05,40700,1550676.0
000034.SZ,2026-01-30 10:46:00,38.03,38.11,38.0,38.0,26800,1019063.0
000034.SZ,2026-01-30 10:47:00,38.0,38.0,37.93,37.93,79300,3011941.0
000034.SZ,2026-01-30 10:48:00,37.95,38.04,37.94,38.03,50100,1902136.0
000034.SZ,2026-01-30 10:49:00,38.03,38.08,38.01,38.02,84800,3224278.0
000034.SZ,2026-01-30 10:50:00,38.01,38.08,38.01,38.08,17448,663950.9
000034.SZ,2026-01-30 10:51:00,38.08,38.08,37.98,37.98,52152,1984342.1
000034.SZ,2026-01-30 10:52:00,38.01,38.08,38.01,38.02,28500,1084260.0
000034.SZ,2026-01-30 10:53:00,38.02,38.05,38.0,38.0,35400,1345891.0
000034.SZ,2026-01-30 10:54:00,38.0,38.0,37.92,37.95,101600,3858767.0
000034.SZ,2026-01-30 10:55:00,37.95,38.01,37.95,37.96,27300,1036632.0
000034.SZ,2026-01-30 10:56:00,37.95,37.95,37.92,37.92,34000,1289745.0
000034.SZ,2026-01-30 10:57:00,37.92,37.93,37.91,37.91,31200,1183183.0
000034.SZ,2026-01-30 10:58:00,37.91,37.92,37.89,37.92,66400,2516810.0
000034.SZ,2026-01-30 10:59:00,37.91,37.98,37.9,37.95,171200,6490891.0
000034.SZ,2026-01-30 11:00:00,37.93,38.09,37.93,38.05,83100,3162388.0
000034.SZ,2026-01-30 11:01:00,38.05,38.05,37.99,38.04,14500,551278.0
000034.SZ,2026-01-30 11:02:00,38.03,38.07,38.0,38.07,83800,3186356.0
000034.SZ,2026-01-30 11:03:00,38.15,38.25,38.15,38.25,75900,2899210.0
000034.SZ,2026-01-30 11:04:00,38.25,38.25,38.08,38.09,31700,1210048.0
000034.SZ,2026-01-30 11:05:00,38.06,38.06,38.0,38.0,44000,1673888.0
000034.SZ,2026-01-30 11:06:00,38.0,38.02,37.97,38.01,20500,778856.0
000034.SZ,2026-01-30 11:07:00,38.01,38.09,38.01,38.08,19300,733978.0
000034.SZ,2026-01-30 11:08:00,38.06,38.13,38.06,38.09,44600,1700273.0
000034.SZ,2026-01-30 11:09:00,38.09,38.15,38.09,38.13,11600,442279.0
000034.SZ,2026-01-30 11:10:00,38.11,38.18,38.11,38.13,31600,1205751.0
000034.SZ,2026-01-30 11:11:00,38.13,38.13,38.08,38.09,61800,2355077.0
000034.SZ,2026-01-30 11:12:00,38.06,38.06,38.01,38.01,20800,790982.0
000034.SZ,2026-01-30 11:13:00,38.01,38.06,38.0,38.05,40600,1543258.0
000034.SZ,2026-01-30 11:14:00,38.08,38.1,38.04,38.1,24200,921128.0
000034.SZ,2026-01-30 11:15:00,38.1,38.1,38.05,38.09,12000,457084.0
000034.SZ,2026-01-30 11:16:00,38.09,38.15,38.09,38.13,57700,2199568.0
000034.SZ,2026-01-30 11:17:00,38.14,38.15,38.11,38.11,22100,842591.0
000034.SZ,2026-01-30 11:18:00,38.11,38.11,38.01,38.04,32800,1248432.0
000034.SZ,2026-01-30 11:19:00,38.03,38.03,37.95,37.95,64400,2447314.0
000034.SZ,2026-01-30 11:20:00,37.95,37.98,37.95,37.95,30100,1142498.0
000034.SZ,2026-01-30 11:21:00,37.95,37.98,37.93,37.95,40403,1532912.9
000034.SZ,2026-01-30 11:22:00,37.97,38.01,37.97,38.01,19600,744587.0
000034.SZ,2026-01-30 11:23:00,38.03,38.06,38.03,38.03,20900,795060.0
000034.SZ,2026-01-30 11:24:00,38.06,38.1,38.06,38.07,40000,1523184.0
000034.SZ,2026-01-30 11:25:00,38.07,38.09,38.05,38.05,19500,742418.0
000034.SZ,2026-01-30 11:26:00,38.07,38.07,38.03,38.05,18300,696225.0
000034.SZ,2026-01-30 11:27:00,38.03,38.03,38.0,38.03,27100,1030176.0
000034.SZ,2026-01-30 11:28:00,38.05,38.16,38.05,38.16,64700,2465599.0
000034.SZ,2026-01-30 11:29:00,38.15,38.18,38.15,38.16,33200,1267161.0
000034.SZ,2026-01-30 11:30:00,38.16,38.17,38.14,38.16,24800,946081.0
000034.SZ,2026-01-30 13:01:00,38.16,38.25,38.13,38.17,141500,5400150.0
000034.SZ,2026-01-30 13:02:00,38.17,38.18,38.13,38.16,13500,515174.0
000034.SZ,2026-01-30 13:03:00,38.13,38.24,38.11,38.24,37800,1442121.0
000034.SZ,2026-01-30 13:04:00,38.24,38.31,38.24,38.3,53800,2060010.0
000034.SZ,2026-01-30 13:05:00,38.29,38.32,38.29,38.32,35700,1367925.0
000034.SZ,2026-01-30 13:06:00,38.32,38.33,38.3,38.3,36500,1398543.0
000034.SZ,2026-01-30 13:07:00,38.29,38.29,38.25,38.28,19000,727357.0
000034.SZ,2026-01-30 13:08:00,38.27,38.3,38.23,38.23,54900,2100744.0
000034.SZ,2026-01-30 13:09:00,38.24,38.27,38.22,38.25,10900,416842.0
000034.SZ,2026-01-30 13:10:00,38.28,38.33,38.28,38.33,53400,2045104.0
000034.SZ,2026-01-30 13:11:00,38.33,38.35,38.3,38.33,24100,923925.5
000034.SZ,2026-01-30 13:12:00,38.34,38.34,38.31,38.33,45947,1761338.0
000034.SZ,2026-01-30 13:13:00,38.32,38.34,38.32,38.33,19753,757100.5
000034.SZ,2026-01-30 13:14:00,38.32,38.38,38.32,38.37,20300,778663.0
000034.SZ,2026-01-30 13:15:00,38.37,38.37,38.33,38.37,31300,1200629.0
000034.SZ,2026-01-30 13:16:00,38.35,38.36,38.33,38.36,28900,1108145.0
000034.SZ,2026-01-30 13:17:00,38.34,38.35,38.32,38.32,40000,1533535.0
000034.SZ,2026-01-30 13:18:00,38.33,38.36,38.33,38.33,35500,1361215.0
000034.SZ,2026-01-30 13:19:00,38.34,38.35,38.33,38.35,54300,2081941.0
000034.SZ,2026-01-30 13:20:00,38.35,38.41,38.35,38.39,83100,3190091.0
000034.SZ,2026-01-30 13:21:00,38.39,38.41,38.36,38.41,41000,1573934.0
000034.SZ,2026-01-30 13:22:00,38.4,38.44,38.4,38.41,40400,1552357.0
000034.SZ,2026-01-30 13:23:00,38.41,38.43,38.37,38.38,50200,1927608.0
000034.SZ,2026-01-30 13:24:00,38.37,38.37,38.32,38.33,44200,1695095.0
000034.SZ,2026-01-30 13:25:00,38.33,38.33,38.26,38.28,67700,2592506.0
000034.SZ,2026-01-30 13:26:00,38.28,38.31,38.27,38.31,19900,761765.0
000034.SZ,2026-01-30 13:27:00,38.31,38.31,38.3,38.3,69200,2650092.0
000034.SZ,2026-01-30 13:28:00,38.3,38.3,38.27,38.28,21400,819150.0
000034.SZ,2026-01-30 13:29:00,38.28,38.32,38.28,38.3,16900,647253.0
000034.SZ,2026-01-30 13:30:00,38.3,38.36,38.3,38.36,12000,459919.0
000034.SZ,2026-01-30 13:31:00,38.35,38.38,38.35,38.36,21900,840207.0
000034.SZ,2026-01-30 13:32:00,38.35,38.36,38.32,38.33,66100,2535136.0
000034.SZ,2026-01-30 13:33:00,38.33,38.34,38.29,38.3,31100,1191314.0
000034.SZ,2026-01-30 13:34:00,38.3,38.3,38.23,38.23,43500,1664438.0
000034.SZ,2026-01-30 13:35:00,38.23,38.23,38.19,38.19,49400,1887522.0
000034.SZ,2026-01-30 13:36:00,38.19,38.2,38.18,38.18,20900,798229.0
000034.SZ,2026-01-30 13:37:00,38.18,38.21,38.18,38.2,19800,756276.0
000034.SZ,2026-01-30 13:38:00,38.21,38.31,38.21,38.31,27700,1059406.0
000034.SZ,2026-01-30 13:39:00,38.3,38.31,38.27,38.28,36200,1385948.0
000034.SZ,2026-01-30 13:40:00,38.29,38.35,38.28,38.31,18100,693322.0
000034.SZ,2026-01-30 13:41:00,38.29,38.31,38.28,38.3,28300,1083778.0
000034.SZ,2026-01-30 13:42:00,38.3,38.31,38.28,38.3,55400,2121401.0
000034.SZ,2026-01-30 13:43:00,38.3,38.33,38.3,38.33,11800,452104.0
000034.SZ,2026-01-30 13:44:00,38.32,38.32,38.27,38.28,25300,968577.0
000034.SZ,2026-01-30 13:45:00,38.28,38.29,38.26,38.26,11800,451627.0
000034.SZ,2026-01-30 13:46:00,38.26,38.27,38.21,38.21,51300,1962465.0
000034.SZ,2026-01-30 13:47:00,38.21,38.25,38.2,38.24,26633,1017699.94
000034.SZ,2026-01-30 13:48:00,38.21,38.3,38.21,38.3,18900,723357.0
000034.SZ,2026-01-30 13:49:00,38.31,38.31,38.28,38.28,25100,961231.0
000034.SZ,2026-01-30 13:50:00,38.28,38.29,38.27,38.29,15600,597167.0
000034.SZ,2026-01-30 13:51:00,38.3,38.32,38.28,38.3,32300,1237126.0
000034.SZ,2026-01-30 13:52:00,38.32,38.33,38.29,38.32,19400,743275.0
000034.SZ,2026-01-30 13:53:00,38.31,38.32,38.3,38.32,19400,743263.0
000034.SZ,2026-01-30 13:54:00,38.32,38.36,38.3,38.36,32000,1226670.0
000034.SZ,2026-01-30 13:55:00,38.36,38.41,38.35,38.35,54400,2088104.0
000034.SZ,2026-01-30 13:56:00,38.34,38.35,38.32,38.34,16600,636458.0
000034.SZ,2026-01-30 13:57:00,38.36,38.36,38.32,38.32,21700,831885.0
000034.SZ,2026-01-30 13:58:00,38.32,38.35,38.3,38.3,29000,1111065.0
000034.SZ,2026-01-30 13:59:00,38.3,38.31,38.25,38.25,40500,1550089.0
000034.SZ,2026-01-30 14:00:00,38.24,38.26,38.22,38.22,54400,2080961.0
000034.SZ,2026-01-30 14:01:00,38.2,38.21,38.19,38.2,60300,2303762.0
000034.SZ,2026-01-30 14:02:00,38.19,38.21,38.19,38.2,29100,1111548.0
000034.SZ,2026-01-30 14:03:00,38.19,38.23,38.19,38.22,61100,2333465.0
000034.SZ,2026-01-30 14:04:00,38.23,38.32,38.23,38.3,39500,1511750.0
000034.SZ,2026-01-30 14:05:00,38.29,38.32,38.27,38.32,16100,616523.0
000034.SZ,2026-01-30 14:06:00,38.31,38.41,38.31,38.41,33500,1285474.0
000034.SZ,2026-01-30 14:07:00,38.41,38.41,38.31,38.31,17100,655883.0
000034.SZ,2026-01-30 14:08:00,38.33,38.38,38.32,38.33,14700,563873.0
000034.SZ,2026-01-30 14:09:00,38.31,38.32,38.27,38.27,23000,880741.0
000034.SZ,2026-01-30 14:10:00,38.28,38.3,38.28,38.29,6500,248841.0
000034.SZ,2026-01-30 14:11:00,38.28,38.29,38.27,38.28,14600,558861.0
000034.SZ,2026-01-30 14:12:00,38.28,38.29,38.25,38.25,15300,585446.0
000034.SZ,2026-01-30 14:13:00,38.25,38.33,38.24,38.32,39900,1527135.0
000034.SZ,2026-01-30 14:14:00,38.29,38.33,38.29,38.31,20600,789217.0
000034.SZ,2026-01-30 14:15:00,38.3,38.31,38.29,38.29,7300,279597.0
000034.SZ,2026-01-30 14:16:00,38.29,38.29,38.25,38.25,61900,2368688.0
000034.SZ,2026-01-30 14:17:00,38.24,38.26,38.23,38.26,23500,898767.0
000034.SZ,2026-01-30 14:18:00,38.25,38.26,38.25,38.26,7200,275415.0
000034.SZ,2026-01-30 14:19:00,38.25,38.27,38.24,38.24,28500,1090260.0
000034.SZ,2026-01-30 14:20:00,38.24,38.25,38.24,38.24,19800,757203.0
000034.SZ,2026-01-30 14:21:00,38.25,38.27,38.25,38.25,12900,493565.0
000034.SZ,2026-01-30 14:22:00,38.25,38.25,38.24,38.25,34500,1319594.0
000034.SZ,2026-01-30 14:23:00,38.25,38.26,38.24,38.25,12600,481965.0
000034.SZ,2026-01-30 14:24:00,38.24,38.25,38.23,38.24,19000,726535.0
000034.SZ,2026-01-30 14:25:00,38.23,38.24,38.22,38.22,34300,1311205.0
000034.SZ,2026-01-30 14:26:00,38.22,38.23,38.21,38.22,31000,1184847.0
000034.SZ,2026-01-30 14:27:00,38.21,38.21,38.2,38.2,81800,3125154.0
000034.SZ,2026-01-30 14:28:00,38.2,38.2,38.17,38.17,47900,1829027.0
000034.SZ,2026-01-30 14:29:00,38.17,38.17,38.14,38.14,48500,1850446.0
000034.SZ,2026-01-30 14:30:00,38.14,38.18,38.1,38.15,65600,2500968.0
000034.SZ,2026-01-30 14:31:00,38.12,38.19,38.11,38.17,21100,805046.0
000034.SZ,2026-01-30 14:32:00,38.17,38.17,38.1,38.1,34900,1330619.0
000034.SZ,2026-01-30 14:33:00,38.1,38.18,38.1,38.14,27800,1060112.0
000034.SZ,2026-01-30 14:34:00,38.15,38.18,38.12,38.14,43100,1644206.0
000034.SZ,2026-01-30 14:35:00,38.12,38.15,38.11,38.14,14100,537617.0
000034.SZ,2026-01-30 14:36:00,38.13,38.16,38.13,38.13,43900,1674418.0
000034.SZ,2026-01-30 14:37:00,38.14,38.18,38.11,38.11,107400,4094131.0
000034.SZ,2026-01-30 14:38:00,38.12,38.13,38.11,38.13,25400,968336.0
000034.SZ,2026-01-30 14:39:00,38.12,38.13,38.11,38.13,18000,686164.0
000034.SZ,2026-01-30 14:40:00,38.11,38.11,38.08,38.09,68900,2624897.0
000034.SZ,2026-01-30 14:41:00,38.08,38.13,38.08,38.13,56600,2155480.0
000034.SZ,2026-01-30 14:42:00,38.13,38.16,38.11,38.13,38400,1464923.0
000034.SZ,2026-01-30 14:43:00,38.14,38.15,38.12,38.13,16900,644529.0
000034.SZ,2026-01-30 14:44:00,38.13,38.13,38.11,38.12,34400,1311332.0
000034.SZ,2026-01-30 14:45:00,38.12,38.14,38.12,38.14,25700,979994.0
000034.SZ,2026-01-30 14:46:00,38.13,38.13,38.11,38.12,54600,2081571.0
000034.SZ,2026-01-30 14:47:00,38.11,38.12,38.1,38.1,54600,2080907.0
000034.SZ,2026-01-30 14:48:00,38.12,38.15,38.1,38.15,109000,4156275.0
000034.SZ,2026-01-30 14:49:00,38.15,38.15,38.12,38.12,32600,1243007.0
000034.SZ,2026-01-30 14:50:00,38.12,38.13,38.11,38.12,31800,1212401.0
000034.SZ,2026-01-30 14:51:00,38.12,38.14,38.12,38.12,92200,3515064.0
000034.SZ,2026-01-30 14:52:00,38.12,38.13,38.11,38.11,96200,3666946.0
000034.SZ,2026-01-30 14:53:00,38.11,38.12,38.1,38.1,114000,4344021.0
000034.SZ,2026-01-30 14:54:00,38.11,38.12,38.08,38.09,98700,3760346.0
000034.SZ,2026-01-30 14:55:00,38.09,38.09,38.06,38.07,137400,5231107.0
000034.SZ,2026-01-30 14:56:00,38.08,38.08,38.02,38.04,183200,6969694.0
000034.SZ,2026-01-30 14:57:00,38.03,38.05,38.03,38.04,97700,3716601.0
000034.SZ,2026-01-30 14:58:00,38.04,38.04,38.04,38.04,0,0.0
000034.SZ,2026-01-30 14:59:00,38.04,38.04,38.04,38.04,0,0.0
000034.SZ,2026-01-30 15:00:00,38.04,38.04,38.04,38.04,154000,5858160.0
