ts_code,trade_time,open,high,low,close,vol,amount
000506.SZ,2026-06-01 09:30:00,14.01,14.08,14.01,14.03,358800,5027822.0
000506.SZ,2026-06-01 09:31:00,14.14,14.5,14.14,14.29,975500,13978899.0
000506.SZ,2026-06-01 09:32:00,14.28,14.4,14.26,14.4,598900,8578067.0
000506.SZ,2026-06-01 09:33:00,14.43,14.43,14.32,14.35,441400,6341677.0
000506.SZ,2026-06-01 09:34:00,14.35,14.41,14.35,14.41,309000,4442982.0
000506.SZ,2026-06-01 09:35:00,14.41,14.55,14.4,14.51,838200,12117533.0
000506.SZ,2026-06-01 09:36:00,14.54,14.59,14.52,14.56,703300,10238438.0
000506.SZ,2026-06-01 09:37:00,14.57,14.57,14.47,14.49,357000,5175525.0
000506.SZ,2026-06-01 09:38:00,14.49,14.53,14.48,14.48,223500,3243283.0
000506.SZ,2026-06-01 09:39:00,14.48,14.56,14.47,14.56,434100,6303449.0
000506.SZ,2026-06-01 09:40:00,14.55,14.55,14.4,14.47,298700,4321259.0
000506.SZ,2026-06-01 09:41:00,14.46,14.47,14.4,14.43,507000,7322832.0
000506.SZ,2026-06-01 09:42:00,14.4,14.46,14.4,14.46,424700,6134347.0
000506.SZ,2026-06-01 09:43:00,14.45,14.52,14.45,14.49,253400,3668735.0
000506.SZ,2026-06-01 09:44:00,14.48,14.53,14.48,14.52,278000,4030269.0
000506.SZ,2026-06-01 09:45:00,14.51,14.62,14.51,14.61,643500,9379742.0
000506.SZ,2026-06-01 09:46:00,14.6,14.6,14.55,14.55,426100,6210246.0
000506.SZ,2026-06-01 09:47:00,14.56,14.57,14.53,14.55,245500,3573129.0
000506.SZ,2026-06-01 09:48:00,14.55,14.55,14.5,14.5,252200,3661726.0
000506.SZ,2026-06-01 09:49:00,14.51,14.56,14.51,14.56,171700,2495733.0
000506.SZ,2026-06-01 09:50:00,14.56,14.56,14.53,14.56,130900,1903434.0
000506.SZ,2026-06-01 09:51:00,14.56,14.66,14.56,14.64,506200,7403776.0
000506.SZ,2026-06-01 09:52:00,14.63,14.63,14.59,14.6,212900,3111700.0
000506.SZ,2026-06-01 09:53:00,14.59,14.63,14.58,14.62,253000,3694848.0
000506.SZ,2026-06-01 09:54:00,14.61,14.62,14.54,14.54,335400,4884513.0
000506.SZ,2026-06-01 09:55:00,14.57,14.6,14.55,14.59,162300,2364805.0
000506.SZ,2026-06-01 09:56:00,14.59,14.61,14.57,14.58,177600,2591347.0
000506.SZ,2026-06-01 09:57:00,14.58,14.64,14.57,14.6,216700,3167166.0
000506.SZ,2026-06-01 09:58:00,14.6,14.63,14.6,14.63,255300,3732699.0
000506.SZ,2026-06-01 09:59:00,14.62,14.62,14.55,14.6,119600,1744682.0
000506.SZ,2026-06-01 10:00:00,14.6,14.6,14.57,14.59,91700,1337769.0
000506.SZ,2026-06-01 10:01:00,14.59,14.59,14.57,14.57,153200,2233522.0
000506.SZ,2026-06-01 10:02:00,14.58,14.73,14.57,14.7,662600,9708961.0
000506.SZ,2026-06-01 10:03:00,14.69,14.74,14.69,14.69,362100,5325496.0
000506.SZ,2026-06-01 10:04:00,14.68,14.69,14.61,14.64,224500,3292647.0
000506.SZ,2026-06-01 10:05:00,14.64,14.66,14.6,14.6,245600,3593131.0
000506.SZ,2026-06-01 10:06:00,14.59,14.61,14.57,14.6,120100,1752344.0
000506.SZ,2026-06-01 10:07:00,14.61,14.67,14.61,14.67,236100,3453224.0
000506.SZ,2026-06-01 10:08:00,14.66,14.69,14.65,14.67,274100,4020964.0
000506.SZ,2026-06-01 10:09:00,14.66,14.7,14.66,14.69,272100,3993426.0
000506.SZ,2026-06-01 10:10:00,14.71,14.72,14.66,14.67,364200,5350468.0
000506.SZ,2026-06-01 10:11:00,14.68,14.69,14.64,14.67,470700,6907153.0
000506.SZ,2026-06-01 10:12:00,14.67,14.68,14.64,14.64,284200,4167601.0
000506.SZ,2026-06-01 10:13:00,14.64,14.64,14.6,14.6,71000,1038073.0
000506.SZ,2026-06-01 10:14:00,14.6,14.65,14.6,14.65,176100,2576612.0
000506.SZ,2026-06-01 10:15:00,14.65,14.68,14.65,14.68,189200,2775487.0
000506.SZ,2026-06-01 10:16:00,14.68,14.69,14.63,14.63,446600,6557267.0
000506.SZ,2026-06-01 10:17:00,14.63,14.64,14.6,14.62,94200,1377751.0
000506.SZ,2026-06-01 10:18:00,14.62,14.64,14.6,14.64,158100,2312163.0
000506.SZ,2026-06-01 10:19:00,14.64,14.65,14.6,14.65,97100,1419628.0
000506.SZ,2026-06-01 10:20:00,14.64,14.64,14.6,14.6,69200,1010883.0
000506.SZ,2026-06-01 10:21:00,14.59,14.59,14.57,14.58,186300,2716140.0
000506.SZ,2026-06-01 10:22:00,14.58,14.6,14.58,14.59,110600,1614130.0
000506.SZ,2026-06-01 10:23:00,14.59,14.59,14.56,14.59,98300,1433044.0
000506.SZ,2026-06-01 10:24:00,14.58,14.6,14.57,14.57,82900,1209310.0
000506.SZ,2026-06-01 10:25:00,14.57,14.59,14.57,14.58,158800,2315318.0
000506.SZ,2026-06-01 10:26:00,14.57,14.57,14.55,14.56,63200,920429.0
000506.SZ,2026-06-01 10:27:00,14.56,14.66,14.56,14.66,273400,3994636.0
000506.SZ,2026-06-01 10:28:00,14.65,14.65,14.6,14.6,109100,1596748.0
000506.SZ,2026-06-01 10:29:00,14.6,14.6,14.58,14.6,50800,741456.0
000506.SZ,2026-06-01 10:30:00,14.6,14.62,14.6,14.62,94400,1379377.0
000506.SZ,2026-06-01 10:31:00,14.61,14.62,14.56,14.58,281600,4110521.0
000506.SZ,2026-06-01 10:32:00,14.58,14.6,14.57,14.59,79900,1165758.0
000506.SZ,2026-06-01 10:33:00,14.59,14.64,14.59,14.61,126700,1851903.0
000506.SZ,2026-06-01 10:34:00,14.61,14.72,14.61,14.68,604400,8877270.0
000506.SZ,2026-06-01 10:35:00,14.66,14.68,14.62,14.66,245600,3599900.0
000506.SZ,2026-06-01 10:36:00,14.65,14.67,14.65,14.66,115600,1694764.0
000506.SZ,2026-06-01 10:37:00,14.66,14.66,14.62,14.62,59800,875709.0
000506.SZ,2026-06-01 10:38:00,14.64,14.66,14.64,14.66,113000,1654702.0
000506.SZ,2026-06-01 10:39:00,14.64,14.67,14.64,14.64,114800,1682081.0
000506.SZ,2026-06-01 10:40:00,14.64,14.68,14.64,14.67,169500,2484301.0
000506.SZ,2026-06-01 10:41:00,14.68,14.68,14.62,14.62,120000,1758349.0
000506.SZ,2026-06-01 10:42:00,14.62,14.65,14.61,14.64,57100,835936.0
000506.SZ,2026-06-01 10:43:00,14.64,14.66,14.64,14.64,120800,1769198.0
000506.SZ,2026-06-01 10:44:00,14.63,14.65,14.63,14.64,62200,910308.0
000506.SZ,2026-06-01 10:45:00,14.65,14.68,14.62,14.68,143200,2097928.0
000506.SZ,2026-06-01 10:46:00,14.68,14.72,14.68,14.71,654800,9628690.0
000506.SZ,2026-06-01 10:47:00,14.71,14.71,14.67,14.67,46000,676213.0
000506.SZ,2026-06-01 10:48:00,14.68,14.69,14.67,14.68,114200,1676657.0
000506.SZ,2026-06-01 10:49:00,14.68,14.69,14.66,14.69,182300,2675994.0
000506.SZ,2026-06-01 10:50:00,14.67,14.73,14.67,14.72,267200,3930437.0
000506.SZ,2026-06-01 10:51:00,14.72,14.73,14.69,14.69,75800,1114945.0
000506.SZ,2026-06-01 10:52:00,14.69,14.69,14.64,14.64,30300,444233.0
000506.SZ,2026-06-01 10:53:00,14.64,14.65,14.62,14.63,142800,2089945.0
000506.SZ,2026-06-01 10:54:00,14.63,14.64,14.63,14.63,48500,709568.0
000506.SZ,2026-06-01 10:55:00,14.63,14.64,14.63,14.63,88300,1291966.0
000506.SZ,2026-06-01 10:56:00,14.63,14.65,14.63,14.63,245000,3586509.0
000506.SZ,2026-06-01 10:57:00,14.63,14.64,14.61,14.61,123800,1810243.0
000506.SZ,2026-06-01 10:58:00,14.6,14.62,14.6,14.61,106500,1555421.0
000506.SZ,2026-06-01 10:59:00,14.61,14.65,14.61,14.62,125400,1833213.0
000506.SZ,2026-06-01 11:00:00,14.64,14.65,14.61,14.61,79600,1164384.0
000506.SZ,2026-06-01 11:01:00,14.61,14.63,14.59,14.6,102200,1492871.0
000506.SZ,2026-06-01 11:02:00,14.6,14.6,14.57,14.58,111500,1625987.0
000506.SZ,2026-06-01 11:03:00,14.57,14.61,14.57,14.58,144000,2099922.0
000506.SZ,2026-06-01 11:04:00,14.57,14.57,14.55,14.55,159800,2327100.0
000506.SZ,2026-06-01 11:05:00,14.54,14.56,14.52,14.52,137700,2001834.0
000506.SZ,2026-06-01 11:06:00,14.52,14.54,14.51,14.53,92600,1345227.0
000506.SZ,2026-06-01 11:07:00,14.52,14.53,14.51,14.51,67800,984140.0
000506.SZ,2026-06-01 11:08:00,14.5,14.5,14.49,14.49,132200,1916663.0
000506.SZ,2026-06-01 11:09:00,14.49,14.5,14.49,14.49,124300,1801237.0
000506.SZ,2026-06-01 11:10:00,14.49,14.5,14.49,14.49,115600,1675612.0
000506.SZ,2026-06-01 11:11:00,14.5,14.5,14.48,14.48,63400,918182.0
000506.SZ,2026-06-01 11:12:00,14.48,14.5,14.48,14.48,116800,1691746.0
000506.SZ,2026-06-01 11:13:00,14.48,14.48,14.46,14.47,89500,1295039.0
000506.SZ,2026-06-01 11:14:00,14.47,14.48,14.46,14.47,163000,2358568.0
000506.SZ,2026-06-01 11:15:00,14.46,14.47,14.45,14.46,82100,1186688.0
000506.SZ,2026-06-01 11:16:00,14.45,14.45,14.43,14.43,76100,1098913.0
000506.SZ,2026-06-01 11:17:00,14.42,14.43,14.41,14.42,86000,1239588.0
000506.SZ,2026-06-01 11:18:00,14.42,14.43,14.41,14.42,140500,2024693.0
000506.SZ,2026-06-01 11:19:00,14.42,14.44,14.42,14.44,104400,1507013.0
000506.SZ,2026-06-01 11:20:00,14.43,14.43,14.42,14.43,40800,588668.0
000506.SZ,2026-06-01 11:21:00,14.44,14.45,14.44,14.45,58100,839341.0
000506.SZ,2026-06-01 11:22:00,14.46,14.46,14.45,14.45,103700,1498614.0
000506.SZ,2026-06-01 11:23:00,14.46,14.47,14.46,14.47,23100,334213.0
000506.SZ,2026-06-01 11:24:00,14.47,14.48,14.46,14.46,24000,347307.0
000506.SZ,2026-06-01 11:25:00,14.47,14.48,14.46,14.48,24500,354580.0
000506.SZ,2026-06-01 11:26:00,14.48,14.49,14.48,14.49,40900,592420.0
000506.SZ,2026-06-01 11:27:00,14.5,14.51,14.49,14.51,93400,1354391.0
000506.SZ,2026-06-01 11:28:00,14.52,14.52,14.49,14.49,75000,1087860.0
000506.SZ,2026-06-01 11:29:00,14.49,14.5,14.49,14.49,36200,524588.0
000506.SZ,2026-06-01 11:30:00,14.49,14.51,14.49,14.49,134900,1955984.0
000506.SZ,2026-06-01 13:01:00,14.49,14.5,14.47,14.48,153000,2216470.2
000506.SZ,2026-06-01 13:02:00,14.48,14.5,14.48,14.49,41300,598056.0
000506.SZ,2026-06-01 13:03:00,14.49,14.5,14.49,14.49,54500,789739.0
000506.SZ,2026-06-01 13:04:00,14.49,14.5,14.48,14.48,31900,462049.0
000506.SZ,2026-06-01 13:05:00,14.49,14.5,14.48,14.48,57600,834493.0
000506.SZ,2026-06-01 13:06:00,14.47,14.48,14.46,14.47,85600,1238099.0
000506.SZ,2026-06-01 13:07:00,14.48,14.48,14.42,14.42,93700,1354172.0
000506.SZ,2026-06-01 13:08:00,14.44,14.45,14.44,14.44,68200,985181.0
000506.SZ,2026-06-01 13:09:00,14.45,14.48,14.45,14.48,49500,715807.0
000506.SZ,2026-06-01 13:10:00,14.48,14.48,14.47,14.47,33100,479193.0
000506.SZ,2026-06-01 13:11:00,14.48,14.48,14.43,14.45,105400,1523275.0
000506.SZ,2026-06-01 13:12:00,14.45,14.46,14.43,14.44,107200,1548068.0
000506.SZ,2026-06-01 13:13:00,14.44,14.45,14.43,14.44,145400,2099140.0
000506.SZ,2026-06-01 13:14:00,14.45,14.45,14.44,14.44,59200,855136.0
000506.SZ,2026-06-01 13:15:00,14.44,14.45,14.44,14.44,65700,948852.0
000506.SZ,2026-06-01 13:16:00,14.44,14.45,14.41,14.41,70700,1020016.0
000506.SZ,2026-06-01 13:17:00,14.41,14.43,14.4,14.4,161700,2330093.0
000506.SZ,2026-06-01 13:18:00,14.4,14.4,14.39,14.4,187500,2699859.0
000506.SZ,2026-06-01 13:19:00,14.4,14.42,14.39,14.4,116600,1679514.0
000506.SZ,2026-06-01 13:20:00,14.39,14.39,14.37,14.37,215000,3091289.0
000506.SZ,2026-06-01 13:21:00,14.36,14.36,14.35,14.35,123800,1777670.0
000506.SZ,2026-06-01 13:22:00,14.36,14.36,14.3,14.3,209800,3006286.0
000506.SZ,2026-06-01 13:23:00,14.31,14.32,14.29,14.29,251700,3600979.0
000506.SZ,2026-06-01 13:24:00,14.3,14.34,14.29,14.32,108600,1553525.0
000506.SZ,2026-06-01 13:25:00,14.33,14.33,14.29,14.29,122400,1750651.0
000506.SZ,2026-06-01 13:26:00,14.29,14.29,14.28,14.29,100600,1437098.0
000506.SZ,2026-06-01 13:27:00,14.29,14.29,14.28,14.29,117600,1679626.0
000506.SZ,2026-06-01 13:28:00,14.29,14.29,14.27,14.28,43900,627079.0
000506.SZ,2026-06-01 13:29:00,14.27,14.29,14.27,14.28,96600,1379368.0
000506.SZ,2026-06-01 13:30:00,14.28,14.29,14.28,14.28,59700,852764.0
000506.SZ,2026-06-01 13:31:00,14.28,14.3,14.28,14.3,69400,991557.0
000506.SZ,2026-06-01 13:32:00,14.3,14.3,14.27,14.27,145600,2080456.0
000506.SZ,2026-06-01 13:33:00,14.27,14.28,14.26,14.28,239900,3423258.0
000506.SZ,2026-06-01 13:34:00,14.29,14.3,14.27,14.27,94700,1352455.0
000506.SZ,2026-06-01 13:35:00,14.27,14.27,14.25,14.25,85800,1223499.0
000506.SZ,2026-06-01 13:36:00,14.26,14.28,14.25,14.28,52400,747465.0
000506.SZ,2026-06-01 13:37:00,14.27,14.29,14.27,14.27,85300,1217855.0
000506.SZ,2026-06-01 13:38:00,14.26,14.27,14.26,14.26,33900,483562.0
000506.SZ,2026-06-01 13:39:00,14.26,14.29,14.26,14.28,45100,644076.0
000506.SZ,2026-06-01 13:40:00,14.29,14.34,14.29,14.32,80800,1156303.0
000506.SZ,2026-06-01 13:41:00,14.32,14.33,14.3,14.3,76000,1087804.0
000506.SZ,2026-06-01 13:42:00,14.29,14.29,14.26,14.26,128800,1838442.0
000506.SZ,2026-06-01 13:43:00,14.26,14.27,14.25,14.26,55800,795539.0
000506.SZ,2026-06-01 13:44:00,14.25,14.25,14.23,14.24,125300,1784454.0
000506.SZ,2026-06-01 13:45:00,14.25,14.25,14.23,14.24,64800,922624.0
000506.SZ,2026-06-01 13:46:00,14.24,14.25,14.22,14.22,152600,2171991.0
000506.SZ,2026-06-01 13:47:00,14.22,14.23,14.22,14.22,53600,762318.0
000506.SZ,2026-06-01 13:48:00,14.22,14.23,14.22,14.23,30900,439539.0
000506.SZ,2026-06-01 13:49:00,14.22,14.24,14.22,14.23,60400,859640.0
000506.SZ,2026-06-01 13:50:00,14.24,14.26,14.24,14.25,48100,685457.0
000506.SZ,2026-06-01 13:51:00,14.25,14.26,14.23,14.24,104300,1485264.0
000506.SZ,2026-06-01 13:52:00,14.23,14.24,14.22,14.24,94400,1343852.0
000506.SZ,2026-06-01 13:53:00,14.23,14.24,14.17,14.17,530500,7534858.0
000506.SZ,2026-06-01 13:54:00,14.17,14.17,14.15,14.15,354900,5026703.0
000506.SZ,2026-06-01 13:55:00,14.16,14.18,14.16,14.16,233800,3313159.0
000506.SZ,2026-06-01 13:56:00,14.16,14.19,14.16,14.19,144600,2050612.0
000506.SZ,2026-06-01 13:57:00,14.19,14.22,14.18,14.22,164800,2341356.0
000506.SZ,2026-06-01 13:58:00,14.21,14.23,14.2,14.22,155900,2215960.0
000506.SZ,2026-06-01 13:59:00,14.22,14.26,14.2,14.2,231500,3292604.0
000506.SZ,2026-06-01 14:00:00,14.2,14.23,14.2,14.23,61900,880165.0
000506.SZ,2026-06-01 14:01:00,14.23,14.27,14.22,14.23,113400,1614523.0
000506.SZ,2026-06-01 14:02:00,14.23,14.23,14.2,14.21,205900,2926838.0
000506.SZ,2026-06-01 14:03:00,14.21,14.27,14.21,14.25,134700,1918558.0
000506.SZ,2026-06-01 14:04:00,14.25,14.25,14.22,14.22,102100,1453751.0
000506.SZ,2026-06-01 14:05:00,14.22,14.22,14.2,14.2,91900,1305802.0
000506.SZ,2026-06-01 14:06:00,14.21,14.21,14.19,14.2,109200,1550943.0
000506.SZ,2026-06-01 14:07:00,14.2,14.23,14.2,14.2,95500,1357711.0
000506.SZ,2026-06-01 14:08:00,14.21,14.22,14.2,14.21,52300,743249.0
000506.SZ,2026-06-01 14:09:00,14.21,14.22,14.2,14.21,41700,592624.0
000506.SZ,2026-06-01 14:10:00,14.21,14.21,14.2,14.2,86500,1228895.0
000506.SZ,2026-06-01 14:11:00,14.2,14.22,14.2,14.2,125900,1788356.0
000506.SZ,2026-06-01 14:12:00,14.2,14.2,14.19,14.19,57300,813421.0
000506.SZ,2026-06-01 14:13:00,14.2,14.2,14.15,14.15,367100,5202054.0
000506.SZ,2026-06-01 14:14:00,14.15,14.16,14.14,14.15,240200,3398872.0
000506.SZ,2026-06-01 14:15:00,14.15,14.19,14.15,14.18,110300,1563174.0
000506.SZ,2026-06-01 14:16:00,14.17,14.17,14.16,14.16,75800,1073629.0
000506.SZ,2026-06-01 14:17:00,14.16,14.16,14.13,14.14,169400,2396770.0
000506.SZ,2026-06-01 14:18:00,14.13,14.14,14.12,14.14,104500,1476541.0
000506.SZ,2026-06-01 14:19:00,14.13,14.14,14.12,14.12,102100,1442463.0
000506.SZ,2026-06-01 14:20:00,14.12,14.13,14.11,14.11,125100,1765950.0
000506.SZ,2026-06-01 14:21:00,14.11,14.11,14.09,14.09,423400,5970495.0
000506.SZ,2026-06-01 14:22:00,14.09,14.09,14.05,14.09,410400,5778643.0
000506.SZ,2026-06-01 14:23:00,14.08,14.13,14.08,14.12,129700,1830559.0
000506.SZ,2026-06-01 14:24:00,14.12,14.12,14.11,14.11,99100,1398967.0
000506.SZ,2026-06-01 14:25:00,14.11,14.11,14.08,14.09,139000,1959229.0
000506.SZ,2026-06-01 14:26:00,14.09,14.09,14.07,14.07,208100,2929807.0
000506.SZ,2026-06-01 14:27:00,14.07,14.08,14.06,14.08,187500,2637818.0
000506.SZ,2026-06-01 14:28:00,14.08,14.11,14.07,14.09,104100,1466823.0
000506.SZ,2026-06-01 14:29:00,14.09,14.11,14.09,14.1,59700,841681.0
000506.SZ,2026-06-01 14:30:00,14.11,14.11,14.08,14.08,132500,1867497.0
000506.SZ,2026-06-01 14:31:00,14.09,14.1,14.07,14.07,280200,3946362.0
000506.SZ,2026-06-01 14:32:00,14.06,14.07,14.05,14.05,336300,4728281.0
000506.SZ,2026-06-01 14:33:00,14.05,14.06,14.04,14.06,186000,2613055.0
000506.SZ,2026-06-01 14:34:00,14.07,14.12,14.07,14.11,101000,1422802.0
000506.SZ,2026-06-01 14:35:00,14.12,14.12,14.11,14.11,85700,1209415.0
000506.SZ,2026-06-01 14:36:00,14.1,14.11,14.07,14.07,198600,2797770.0
000506.SZ,2026-06-01 14:37:00,14.07,14.1,14.06,14.06,178800,2517065.0
000506.SZ,2026-06-01 14:38:00,14.07,14.07,14.04,14.06,294900,4144737.0
000506.SZ,2026-06-01 14:39:00,14.08,14.09,14.07,14.08,112900,1589214.0
000506.SZ,2026-06-01 14:40:00,14.07,14.07,14.05,14.06,104200,1464460.0
000506.SZ,2026-06-01 14:41:00,14.06,14.07,14.04,14.07,519000,7295508.0
000506.SZ,2026-06-01 14:42:00,14.07,14.08,14.06,14.08,78700,1107518.0
000506.SZ,2026-06-01 14:43:00,14.09,14.1,14.07,14.1,100300,1413083.0
000506.SZ,2026-06-01 14:44:00,14.12,14.12,14.1,14.12,125300,1767160.0
000506.SZ,2026-06-01 14:45:00,14.11,14.11,14.1,14.11,81200,1145359.0
000506.SZ,2026-06-01 14:46:00,14.11,14.13,14.1,14.13,141000,1989336.0
000506.SZ,2026-06-01 14:47:00,14.13,14.13,14.11,14.12,116700,1647909.0
000506.SZ,2026-06-01 14:48:00,14.12,14.14,14.11,14.13,74400,1050827.0
000506.SZ,2026-06-01 14:49:00,14.13,14.13,14.11,14.12,188300,2659217.0
000506.SZ,2026-06-01 14:50:00,14.11,14.12,14.11,14.12,62500,882424.0
000506.SZ,2026-06-01 14:51:00,14.11,14.12,14.09,14.1,327700,4622212.0
000506.SZ,2026-06-01 14:52:00,14.1,14.1,14.09,14.1,251300,3541860.0
000506.SZ,2026-06-01 14:53:00,14.1,14.11,14.1,14.1,256600,3618845.0
000506.SZ,2026-06-01 14:54:00,14.1,14.1,14.08,14.08,286500,4037724.0
000506.SZ,2026-06-01 14:55:00,14.09,14.1,14.08,14.09,218743,3081028.5
000506.SZ,2026-06-01 14:56:00,14.09,14.09,14.08,14.09,236500,3330722.0
000506.SZ,2026-06-01 14:57:00,14.09,14.1,14.08,14.1,243800,3435220.0
000506.SZ,2026-06-01 14:58:00,14.1,14.1,14.1,14.1,0,0.0
000506.SZ,2026-06-01 14:59:00,14.1,14.1,14.1,14.1,0,0.0
000506.SZ,2026-06-01 15:00:00,14.1,14.1,14.1,14.1,362500,5111250.0
000506.SZ,2026-06-02 09:30:00,14.03,14.09,14.0,14.0,522800,7335106.0
000506.SZ,2026-06-02 09:31:00,14.02,14.03,13.92,13.94,1688800,23620410.0
000506.SZ,2026-06-02 09:32:00,13.94,14.02,13.93,13.93,583300,8143059.0
000506.SZ,2026-06-02 09:33:00,13.94,13.94,13.85,13.88,616900,8571880.0
000506.SZ,2026-06-02 09:34:00,13.88,13.88,13.74,13.74,536500,7408705.0
000506.SZ,2026-06-02 09:35:00,13.7,13.78,13.7,13.73,963100,13227746.0
000506.SZ,2026-06-02 09:36:00,13.74,13.75,13.69,13.69,580200,7960373.0
000506.SZ,2026-06-02 09:37:00,13.7,13.7,13.61,13.64,593400,8103709.0
000506.SZ,2026-06-02 09:38:00,13.63,13.65,13.6,13.62,726300,9898469.0
000506.SZ,2026-06-02 09:39:00,13.62,13.62,13.51,13.57,1172700,15897850.0
000506.SZ,2026-06-02 09:40:00,13.57,13.61,13.56,13.61,389343,5287981.0
000506.SZ,2026-06-02 09:41:00,13.62,13.62,13.52,13.54,759300,10282838.0
000506.SZ,2026-06-02 09:42:00,13.54,13.56,13.5,13.56,1103000,14918728.0
000506.SZ,2026-06-02 09:43:00,13.56,13.59,13.55,13.55,150800,2045915.0
000506.SZ,2026-06-02 09:44:00,13.54,13.58,13.54,13.57,320800,4346503.0
000506.SZ,2026-06-02 09:45:00,13.58,13.58,13.48,13.51,609000,8236434.0
000506.SZ,2026-06-02 09:46:00,13.5,13.56,13.48,13.56,459300,6209501.0
000506.SZ,2026-06-02 09:47:00,13.55,13.55,13.49,13.49,312200,4222368.0
000506.SZ,2026-06-02 09:48:00,13.49,13.51,13.46,13.46,400900,5402532.0
000506.SZ,2026-06-02 09:49:00,13.47,13.5,13.45,13.45,407100,5482830.0
000506.SZ,2026-06-02 09:50:00,13.45,13.5,13.45,13.49,412400,5556341.0
000506.SZ,2026-06-02 09:51:00,13.5,13.52,13.48,13.5,260500,3516805.0
000506.SZ,2026-06-02 09:52:00,13.5,13.52,13.5,13.51,206000,2782813.0
000506.SZ,2026-06-02 09:53:00,13.5,13.52,13.48,13.49,380000,5127666.0
000506.SZ,2026-06-02 09:54:00,13.48,13.48,13.46,13.48,216500,2917252.0
000506.SZ,2026-06-02 09:55:00,13.48,13.49,13.45,13.46,491400,6617232.0
000506.SZ,2026-06-02 09:56:00,13.45,13.45,13.41,13.44,465100,6248174.0
000506.SZ,2026-06-02 09:57:00,13.44,13.45,13.44,13.44,121300,1630657.0
000506.SZ,2026-06-02 09:58:00,13.43,13.49,13.43,13.49,281800,3793509.0
000506.SZ,2026-06-02 09:59:00,13.5,13.52,13.49,13.49,310200,4187357.0
000506.SZ,2026-06-02 10:00:00,13.5,13.5,13.49,13.5,90600,1222754.0
000506.SZ,2026-06-02 10:01:00,13.49,13.6,13.49,13.6,304000,4117201.0
000506.SZ,2026-06-02 10:02:00,13.6,13.66,13.58,13.63,352500,4798942.0
000506.SZ,2026-06-02 10:03:00,13.63,13.64,13.6,13.64,139900,1905777.0
000506.SZ,2026-06-02 10:04:00,13.64,13.64,13.57,13.57,274300,3732200.0
000506.SZ,2026-06-02 10:05:00,13.57,13.58,13.51,13.51,156300,2115200.0
000506.SZ,2026-06-02 10:06:00,13.52,13.53,13.52,13.53,189300,2560324.0
000506.SZ,2026-06-02 10:07:00,13.53,13.55,13.53,13.55,141100,1910299.0
000506.SZ,2026-06-02 10:08:00,13.56,13.6,13.55,13.57,106800,1449712.0
000506.SZ,2026-06-02 10:09:00,13.58,13.61,13.56,13.61,54900,745777.0
000506.SZ,2026-06-02 10:10:00,13.59,13.62,13.58,13.62,127100,1728105.0
000506.SZ,2026-06-02 10:11:00,13.62,13.63,13.6,13.62,164900,2244685.0
000506.SZ,2026-06-02 10:12:00,13.62,13.63,13.59,13.6,48300,657341.0
000506.SZ,2026-06-02 10:13:00,13.6,13.62,13.59,13.62,156600,2130394.0
000506.SZ,2026-06-02 10:14:00,13.61,13.63,13.59,13.62,148800,2024841.0
000506.SZ,2026-06-02 10:15:00,13.62,13.68,13.62,13.67,212500,2900941.0
000506.SZ,2026-06-02 10:16:00,13.67,13.67,13.65,13.65,101900,1392072.0
000506.SZ,2026-06-02 10:17:00,13.67,13.68,13.65,13.68,146400,2001000.0
000506.SZ,2026-06-02 10:18:00,13.68,13.69,13.66,13.67,70800,968325.0
000506.SZ,2026-06-02 10:19:00,13.67,13.71,13.67,13.68,105650,1446819.0
000506.SZ,2026-06-02 10:20:00,13.68,13.69,13.66,13.67,78650,1075857.5
000506.SZ,2026-06-02 10:21:00,13.68,13.74,13.67,13.71,150100,2057020.0
000506.SZ,2026-06-02 10:22:00,13.72,13.74,13.72,13.73,154700,2125598.0
000506.SZ,2026-06-02 10:23:00,13.74,13.77,13.74,13.76,206000,2832928.0
000506.SZ,2026-06-02 10:24:00,13.76,13.8,13.76,13.78,223500,3081026.0
000506.SZ,2026-06-02 10:25:00,13.79,13.84,13.79,13.83,116700,1612850.0
000506.SZ,2026-06-02 10:26:00,13.83,13.87,13.83,13.85,123000,1703733.0
000506.SZ,2026-06-02 10:27:00,13.85,13.86,13.81,13.81,146400,2026398.0
000506.SZ,2026-06-02 10:28:00,13.83,13.87,13.83,13.86,124200,1720622.0
000506.SZ,2026-06-02 10:29:00,13.86,13.86,13.83,13.86,84900,1175055.0
000506.SZ,2026-06-02 10:30:00,13.85,13.85,13.83,13.83,69800,966118.0
000506.SZ,2026-06-02 10:31:00,13.85,13.87,13.84,13.85,142600,1975759.0
000506.SZ,2026-06-02 10:32:00,13.85,13.87,13.85,13.87,60300,835296.0
000506.SZ,2026-06-02 10:33:00,13.87,13.87,13.84,13.84,72800,1008674.0
000506.SZ,2026-06-02 10:34:00,13.84,13.84,13.79,13.79,139200,1921350.0
000506.SZ,2026-06-02 10:35:00,13.8,13.8,13.77,13.79,88500,1219740.0
000506.SZ,2026-06-02 10:36:00,13.78,13.84,13.78,13.83,118200,1633179.0
000506.SZ,2026-06-02 10:37:00,13.83,13.86,13.82,13.82,143200,1980938.0
000506.SZ,2026-06-02 10:38:00,13.83,13.83,13.83,13.83,57900,800822.0
000506.SZ,2026-06-02 10:39:00,13.85,13.85,13.83,13.85,71400,988238.0
000506.SZ,2026-06-02 10:40:00,13.84,13.85,13.83,13.84,76600,1059912.0
000506.SZ,2026-06-02 10:41:00,13.83,13.85,13.83,13.83,68400,946488.0
000506.SZ,2026-06-02 10:42:00,13.85,13.88,13.85,13.87,215700,2988610.0
000506.SZ,2026-06-02 10:43:00,13.86,13.87,13.84,13.84,69600,964341.0
000506.SZ,2026-06-02 10:44:00,13.83,13.85,13.83,13.84,26000,359803.0
000506.SZ,2026-06-02 10:45:00,13.84,13.86,13.84,13.86,38000,526193.0
000506.SZ,2026-06-02 10:46:00,13.85,13.86,13.85,13.86,100900,1397993.0
000506.SZ,2026-06-02 10:47:00,13.85,13.86,13.83,13.83,37900,524651.0
000506.SZ,2026-06-02 10:48:00,13.84,13.86,13.84,13.86,38500,533355.0
000506.SZ,2026-06-02 10:49:00,13.85,13.86,13.83,13.83,28500,394640.0
000506.SZ,2026-06-02 10:50:00,13.83,13.83,13.81,13.81,104300,1442252.0
000506.SZ,2026-06-02 10:51:00,13.81,13.83,13.8,13.8,34600,478000.0
000506.SZ,2026-06-02 10:52:00,13.8,13.8,13.79,13.8,72600,1001869.0
000506.SZ,2026-06-02 10:53:00,13.8,13.81,13.8,13.81,69400,957951.0
000506.SZ,2026-06-02 10:54:00,13.82,13.84,13.82,13.82,40200,555852.0
000506.SZ,2026-06-02 10:55:00,13.83,13.83,13.8,13.81,18100,250056.0
000506.SZ,2026-06-02 10:56:00,13.81,13.83,13.81,13.82,31500,435317.0
000506.SZ,2026-06-02 10:57:00,13.82,13.83,13.82,13.82,22000,304118.0
000506.SZ,2026-06-02 10:58:00,13.81,13.83,13.81,13.82,90800,1255002.0
000506.SZ,2026-06-02 10:59:00,13.83,13.86,13.83,13.85,93500,1294249.0
000506.SZ,2026-06-02 11:00:00,13.84,13.86,13.83,13.86,49000,678341.0
000506.SZ,2026-06-02 11:01:00,13.85,13.88,13.85,13.88,118700,1645480.0
000506.SZ,2026-06-02 11:02:00,13.87,13.89,13.87,13.87,147200,2041590.0
000506.SZ,2026-06-02 11:03:00,13.87,13.87,13.79,13.79,167900,2321896.0
000506.SZ,2026-06-02 11:04:00,13.81,13.83,13.8,13.82,122900,1698341.0
000506.SZ,2026-06-02 11:05:00,13.83,13.83,13.82,13.82,30300,419045.0
000506.SZ,2026-06-02 11:06:00,13.83,13.84,13.82,13.82,45100,623761.0
000506.SZ,2026-06-02 11:07:00,13.82,13.84,13.81,13.84,27600,381621.0
000506.SZ,2026-06-02 11:08:00,13.84,13.84,13.83,13.83,43400,600412.0
000506.SZ,2026-06-02 11:09:00,13.83,13.83,13.81,13.81,67100,927318.0
000506.SZ,2026-06-02 11:10:00,13.8,13.8,13.77,13.78,58900,812098.0
000506.SZ,2026-06-02 11:11:00,13.77,13.8,13.77,13.8,33100,456289.0
000506.SZ,2026-06-02 11:12:00,13.79,13.79,13.77,13.78,46700,643698.0
000506.SZ,2026-06-02 11:13:00,13.78,13.81,13.78,13.8,50800,700707.0
000506.SZ,2026-06-02 11:14:00,13.8,13.81,13.79,13.79,21200,292574.0
000506.SZ,2026-06-02 11:15:00,13.8,13.8,13.78,13.79,67700,933530.0
000506.SZ,2026-06-02 11:16:00,13.78,13.79,13.77,13.78,90900,1252626.0
000506.SZ,2026-06-02 11:17:00,13.79,13.83,13.79,13.83,81300,1122293.0
000506.SZ,2026-06-02 11:18:00,13.82,13.84,13.81,13.84,57800,798956.0
000506.SZ,2026-06-02 11:19:00,13.84,13.84,13.83,13.83,26500,366641.0
000506.SZ,2026-06-02 11:20:00,13.83,13.85,13.83,13.85,35500,491115.0
000506.SZ,2026-06-02 11:21:00,13.85,13.85,13.82,13.84,79700,1102887.0
000506.SZ,2026-06-02 11:22:00,13.83,13.84,13.83,13.83,28700,396966.0
000506.SZ,2026-06-02 11:23:00,13.83,13.84,13.82,13.82,124500,1721321.0
000506.SZ,2026-06-02 11:24:00,13.82,13.84,13.82,13.84,60900,842272.0
000506.SZ,2026-06-02 11:25:00,13.84,13.85,13.83,13.84,31100,430499.0
000506.SZ,2026-06-02 11:26:00,13.84,13.86,13.84,13.86,40300,558266.0
000506.SZ,2026-06-02 11:27:00,13.84,13.86,13.84,13.85,55100,762976.0
000506.SZ,2026-06-02 11:28:00,13.85,13.88,13.85,13.87,79300,1099963.0
000506.SZ,2026-06-02 11:29:00,13.87,13.89,13.86,13.88,71700,995087.0
000506.SZ,2026-06-02 11:30:00,13.89,13.9,13.88,13.89,44600,619494.0
000506.SZ,2026-06-02 13:01:00,13.91,14.15,13.91,14.1,1099100,15431635.0
000506.SZ,2026-06-02 13:02:00,14.08,14.11,14.08,14.11,193200,2722768.0
000506.SZ,2026-06-02 13:03:00,14.12,14.12,14.08,14.08,200100,2821705.0
000506.SZ,2026-06-02 13:04:00,14.09,14.09,14.06,14.09,139600,1964956.0
000506.SZ,2026-06-02 13:05:00,14.08,14.1,14.08,14.1,101500,1429791.0
000506.SZ,2026-06-02 13:06:00,14.11,14.15,14.11,14.15,237600,3355387.0
000506.SZ,2026-06-02 13:07:00,14.15,14.18,14.13,14.13,176700,2500929.0
000506.SZ,2026-06-02 13:08:00,14.13,14.14,14.12,14.14,115300,1629358.0
000506.SZ,2026-06-02 13:09:00,14.13,14.16,14.13,14.14,137500,1944689.0
000506.SZ,2026-06-02 13:10:00,14.16,14.17,14.13,14.14,190100,2690619.0
000506.SZ,2026-06-02 13:11:00,14.14,14.15,14.13,14.14,55500,784674.0
000506.SZ,2026-06-02 13:12:00,14.14,14.15,14.12,14.12,159200,2249992.0
000506.SZ,2026-06-02 13:13:00,14.12,14.14,14.12,14.12,43500,614445.0
000506.SZ,2026-06-02 13:14:00,14.13,14.13,14.1,14.13,151200,2134700.0
000506.SZ,2026-06-02 13:15:00,14.12,14.15,14.12,14.14,73000,1031943.0
000506.SZ,2026-06-02 13:16:00,14.15,14.18,14.15,14.16,316400,4481737.0
000506.SZ,2026-06-02 13:17:00,14.15,14.2,14.15,14.2,222700,3159572.0
000506.SZ,2026-06-02 13:18:00,14.2,14.28,14.15,14.28,399900,5681735.0
000506.SZ,2026-06-02 13:19:00,14.3,14.35,14.28,14.31,728300,10421030.0
000506.SZ,2026-06-02 13:20:00,14.3,14.36,14.29,14.33,485800,6955523.0
000506.SZ,2026-06-02 13:21:00,14.35,14.43,14.33,14.41,596900,8570751.0
000506.SZ,2026-06-02 13:22:00,14.41,14.5,14.41,14.45,650300,9399121.0
000506.SZ,2026-06-02 13:23:00,14.45,14.48,14.42,14.45,752800,10883731.0
000506.SZ,2026-06-02 13:24:00,14.44,14.45,14.39,14.41,459700,6631734.0
000506.SZ,2026-06-02 13:25:00,14.41,14.41,14.38,14.4,155800,2242510.0
000506.SZ,2026-06-02 13:26:00,14.4,14.4,14.37,14.38,166500,2395488.0
000506.SZ,2026-06-02 13:27:00,14.38,14.41,14.37,14.4,128200,1845610.0
000506.SZ,2026-06-02 13:28:00,14.4,14.41,14.37,14.37,80300,1155876.0
000506.SZ,2026-06-02 13:29:00,14.37,14.45,14.37,14.44,250600,3611536.0
000506.SZ,2026-06-02 13:30:00,14.44,14.46,14.42,14.46,211100,3048552.0
000506.SZ,2026-06-02 13:31:00,14.46,14.46,14.42,14.43,130300,1880467.0
000506.SZ,2026-06-02 13:32:00,14.44,14.44,14.4,14.41,147500,2126516.0
000506.SZ,2026-06-02 13:33:00,14.42,14.42,14.41,14.42,146700,2114943.0
000506.SZ,2026-06-02 13:34:00,14.42,14.43,14.4,14.41,62200,896712.0
000506.SZ,2026-06-02 13:35:00,14.4,14.44,14.4,14.41,175200,2526129.0
000506.SZ,2026-06-02 13:36:00,14.4,14.4,14.37,14.38,94100,1353059.0
000506.SZ,2026-06-02 13:37:00,14.38,14.38,14.36,14.37,127700,1834652.0
000506.SZ,2026-06-02 13:38:00,14.37,14.38,14.36,14.37,71700,1030728.0
000506.SZ,2026-06-02 13:39:00,14.38,14.38,14.35,14.35,83200,1194823.0
000506.SZ,2026-06-02 13:40:00,14.33,14.37,14.33,14.37,190000,2726168.0
000506.SZ,2026-06-02 13:41:00,14.38,14.38,14.36,14.36,65100,935130.0
000506.SZ,2026-06-02 13:42:00,14.36,14.37,14.35,14.37,75900,1090066.0
000506.SZ,2026-06-02 13:43:00,14.38,14.4,14.38,14.38,136700,1966824.0
000506.SZ,2026-06-02 13:44:00,14.39,14.42,14.39,14.39,107200,1544338.0
000506.SZ,2026-06-02 13:45:00,14.39,14.4,14.38,14.39,68500,986196.0
000506.SZ,2026-06-02 13:46:00,14.39,14.4,14.38,14.39,52900,761352.0
000506.SZ,2026-06-02 13:47:00,14.39,14.39,14.35,14.36,113500,1630803.0
000506.SZ,2026-06-02 13:48:00,14.35,14.36,14.33,14.33,53800,771661.0
000506.SZ,2026-06-02 13:49:00,14.33,14.4,14.33,14.4,143600,2062893.0
000506.SZ,2026-06-02 13:50:00,14.38,14.42,14.38,14.41,125500,1807528.0
000506.SZ,2026-06-02 13:51:00,14.41,14.42,14.41,14.41,79500,1145867.0
000506.SZ,2026-06-02 13:52:00,14.42,14.42,14.36,14.36,311900,4490587.0
000506.SZ,2026-06-02 13:53:00,14.35,14.37,14.33,14.33,43400,622416.0
000506.SZ,2026-06-02 13:54:00,14.34,14.36,14.33,14.35,25100,360126.0
000506.SZ,2026-06-02 13:55:00,14.35,14.37,14.35,14.37,64000,919013.0
000506.SZ,2026-06-02 13:56:00,14.36,14.36,14.34,14.35,46400,665846.0
000506.SZ,2026-06-02 13:57:00,14.35,14.39,14.35,14.38,75700,1087928.0
000506.SZ,2026-06-02 13:58:00,14.38,14.38,14.34,14.37,186800,2682756.0
000506.SZ,2026-06-02 13:59:00,14.35,14.44,14.35,14.44,240300,3463836.0
000506.SZ,2026-06-02 14:00:00,14.45,14.46,14.43,14.45,184300,2662832.0
000506.SZ,2026-06-02 14:01:00,14.45,14.48,14.45,14.47,224400,3246582.0
000506.SZ,2026-06-02 14:02:00,14.47,14.47,14.46,14.46,83900,1213520.0
000506.SZ,2026-06-02 14:03:00,14.45,14.51,14.45,14.51,537000,7783104.0
000506.SZ,2026-06-02 14:04:00,14.51,14.52,14.46,14.48,178200,2581477.0
000506.SZ,2026-06-02 14:05:00,14.47,14.49,14.47,14.47,74500,1079130.0
000506.SZ,2026-06-02 14:06:00,14.47,14.55,14.47,14.51,422700,6128923.0
000506.SZ,2026-06-02 14:07:00,14.5,14.5,14.46,14.47,89200,1291109.0
000506.SZ,2026-06-02 14:08:00,14.45,14.47,14.43,14.43,79300,1145388.0
000506.SZ,2026-06-02 14:09:00,14.43,14.45,14.43,14.44,60000,866452.0
000506.SZ,2026-06-02 14:10:00,14.43,14.45,14.42,14.44,102000,1472735.0
000506.SZ,2026-06-02 14:11:00,14.44,14.44,14.42,14.43,61400,886117.0
000506.SZ,2026-06-02 14:12:00,14.43,14.43,14.41,14.42,52300,754325.0
000506.SZ,2026-06-02 14:13:00,14.43,14.48,14.43,14.45,170500,2464516.0
000506.SZ,2026-06-02 14:14:00,14.45,14.48,14.41,14.47,212500,3070485.0
000506.SZ,2026-06-02 14:15:00,14.46,14.46,14.41,14.41,47100,679984.0
000506.SZ,2026-06-02 14:16:00,14.41,14.49,14.41,14.47,191600,2770397.0
000506.SZ,2026-06-02 14:17:00,14.46,14.48,14.46,14.47,66700,965239.0
000506.SZ,2026-06-02 14:18:00,14.46,14.46,14.43,14.43,36500,527187.0
000506.SZ,2026-06-02 14:19:00,14.47,14.52,14.47,14.5,302400,4383649.0
000506.SZ,2026-06-02 14:20:00,14.51,14.55,14.5,14.54,257300,3739080.0
000506.SZ,2026-06-02 14:21:00,14.54,14.54,14.52,14.54,145000,2107196.0
000506.SZ,2026-06-02 14:22:00,14.54,14.6,14.54,14.56,446500,6502273.0
000506.SZ,2026-06-02 14:23:00,14.56,14.57,14.55,14.57,91100,1326422.0
000506.SZ,2026-06-02 14:24:00,14.56,14.57,14.54,14.55,85200,1240124.0
000506.SZ,2026-06-02 14:25:00,14.56,14.59,14.56,14.58,141300,2059791.0
000506.SZ,2026-06-02 14:26:00,14.58,14.59,14.56,14.57,183300,2673160.0
000506.SZ,2026-06-02 14:27:00,14.57,14.58,14.55,14.57,169900,2475503.0
000506.SZ,2026-06-02 14:28:00,14.57,14.58,14.52,14.52,141800,2063326.0
000506.SZ,2026-06-02 14:29:00,14.52,14.54,14.52,14.53,112300,1631425.0
000506.SZ,2026-06-02 14:30:00,14.54,14.54,14.52,14.52,49400,717783.0
000506.SZ,2026-06-02 14:31:00,14.53,14.55,14.52,14.53,109800,1596224.0
000506.SZ,2026-06-02 14:32:00,14.53,14.53,14.51,14.52,175500,2548799.0
000506.SZ,2026-06-02 14:33:00,14.52,14.54,14.51,14.52,149800,2176777.0
000506.SZ,2026-06-02 14:34:00,14.52,14.55,14.52,14.54,74600,1084730.0
000506.SZ,2026-06-02 14:35:00,14.54,14.58,14.54,14.55,191200,2783899.0
000506.SZ,2026-06-02 14:36:00,14.55,14.55,14.54,14.55,120900,1758263.0
000506.SZ,2026-06-02 14:37:00,14.54,14.55,14.52,14.54,81400,1183168.0
000506.SZ,2026-06-02 14:38:00,14.54,14.54,14.51,14.52,62100,901833.0
000506.SZ,2026-06-02 14:39:00,14.51,14.54,14.51,14.52,92900,1349825.0
000506.SZ,2026-06-02 14:40:00,14.52,14.52,14.5,14.51,69400,1006937.0
000506.SZ,2026-06-02 14:41:00,14.51,14.53,14.5,14.52,135800,1971335.0
000506.SZ,2026-06-02 14:42:00,14.52,14.54,14.52,14.52,167700,2435794.0
000506.SZ,2026-06-02 14:43:00,14.51,14.53,14.49,14.5,101500,1472688.0
000506.SZ,2026-06-02 14:44:00,14.5,14.53,14.5,14.5,229200,3326816.0
000506.SZ,2026-06-02 14:45:00,14.5,14.51,14.49,14.5,95800,1389345.0
000506.SZ,2026-06-02 14:46:00,14.5,14.51,14.49,14.49,129500,1878028.0
000506.SZ,2026-06-02 14:47:00,14.49,14.5,14.49,14.49,135400,1962882.0
000506.SZ,2026-06-02 14:48:00,14.5,14.5,14.48,14.49,147000,2129345.0
000506.SZ,2026-06-02 14:49:00,14.48,14.5,14.48,14.49,70500,1021498.0
000506.SZ,2026-06-02 14:50:00,14.5,14.51,14.49,14.49,376000,5452942.0
000506.SZ,2026-06-02 14:51:00,14.49,14.49,14.47,14.48,146000,2113815.0
000506.SZ,2026-06-02 14:52:00,14.47,14.49,14.47,14.48,229500,3322154.0
000506.SZ,2026-06-02 14:53:00,14.48,14.49,14.48,14.48,126000,1824819.0
000506.SZ,2026-06-02 14:54:00,14.48,14.49,14.47,14.47,116800,1690664.0
000506.SZ,2026-06-02 14:55:00,14.47,14.48,14.44,14.48,255800,3701326.0
000506.SZ,2026-06-02 14:56:00,14.47,14.48,14.45,14.48,344943,4990105.5
000506.SZ,2026-06-02 14:57:00,14.49,14.49,14.47,14.48,212000,3069961.5
000506.SZ,2026-06-02 14:58:00,14.48,14.48,14.48,14.48,0,0.0
000506.SZ,2026-06-02 14:59:00,14.48,14.48,14.48,14.48,0,0.0
000506.SZ,2026-06-02 15:00:00,14.46,14.46,14.46,14.46,222900,3223134.0
000506.SZ,2026-06-03 09:30:00,14.03,14.03,14.0,14.01,416700,5845124.0
000506.SZ,2026-06-03 09:31:00,14.0,14.08,13.78,14.08,1751600,24425522.0
000506.SZ,2026-06-03 09:32:00,14.07,14.13,14.03,14.12,708600,9966950.0
000506.SZ,2026-06-03 09:33:00,14.13,14.13,14.05,14.09,462600,6517032.0
000506.SZ,2026-06-03 09:34:00,14.09,14.19,14.09,14.15,629300,8882963.0
000506.SZ,2026-06-03 09:35:00,14.14,14.23,14.14,14.22,434400,6145283.0
000506.SZ,2026-06-03 09:36:00,14.23,14.23,14.18,14.19,261700,3717449.0
000506.SZ,2026-06-03 09:37:00,14.2,14.25,14.2,14.23,178200,2534498.0
000506.SZ,2026-06-03 09:38:00,14.23,14.24,14.2,14.2,233000,3313447.0
000506.SZ,2026-06-03 09:39:00,14.2,14.32,14.2,14.3,311900,4439829.0
000506.SZ,2026-06-03 09:40:00,14.31,14.32,14.27,14.28,231500,3310279.0
000506.SZ,2026-06-03 09:41:00,14.27,14.27,14.22,14.22,221400,3152139.0
000506.SZ,2026-06-03 09:42:00,14.23,14.25,14.23,14.24,292600,4166614.0
000506.SZ,2026-06-03 09:43:00,14.24,14.24,14.23,14.24,95400,1358106.0
000506.SZ,2026-06-03 09:44:00,14.26,14.29,14.24,14.25,183900,2622914.0
000506.SZ,2026-06-03 09:45:00,14.25,14.28,14.25,14.25,199400,2844927.0
000506.SZ,2026-06-03 09:46:00,14.26,14.26,14.2,14.23,291800,4149255.0
000506.SZ,2026-06-03 09:47:00,14.27,14.27,14.23,14.27,201700,2875370.0
000506.SZ,2026-06-03 09:48:00,14.27,14.27,14.24,14.24,100300,1430512.0
000506.SZ,2026-06-03 09:49:00,14.24,14.34,14.24,14.32,528600,7547198.0
000506.SZ,2026-06-03 09:50:00,14.31,14.31,14.28,14.28,120200,1718198.0
000506.SZ,2026-06-03 09:51:00,14.28,14.28,14.26,14.28,132400,1889559.0
000506.SZ,2026-06-03 09:52:00,14.28,14.3,14.27,14.3,156200,2231304.0
000506.SZ,2026-06-03 09:53:00,14.29,14.31,14.28,14.29,124900,1785129.0
000506.SZ,2026-06-03 09:54:00,14.29,14.29,14.28,14.29,187400,2676498.0
000506.SZ,2026-06-03 09:55:00,14.29,14.32,14.27,14.27,193000,2758520.0
000506.SZ,2026-06-03 09:56:00,14.28,14.3,14.27,14.3,102600,1465046.0
000506.SZ,2026-06-03 09:57:00,14.3,14.32,14.29,14.32,97100,1388816.0
000506.SZ,2026-06-03 09:58:00,14.32,14.33,14.3,14.31,200500,2870984.0
000506.SZ,2026-06-03 09:59:00,14.3,14.31,14.26,14.26,81700,1167542.0
000506.SZ,2026-06-03 10:00:00,14.26,14.31,14.25,14.3,294300,4201830.0
000506.SZ,2026-06-03 10:01:00,14.3,14.3,14.26,14.26,93500,1335268.0
000506.SZ,2026-06-03 10:02:00,14.26,14.27,14.25,14.25,125000,1782307.0
000506.SZ,2026-06-03 10:03:00,14.24,14.27,14.24,14.27,80900,1153023.0
000506.SZ,2026-06-03 10:04:00,14.27,14.27,14.24,14.24,134300,1913392.0
000506.SZ,2026-06-03 10:05:00,14.26,14.26,14.25,14.25,77500,1104709.0
000506.SZ,2026-06-03 10:06:00,14.25,14.27,14.25,14.25,52700,751197.0
000506.SZ,2026-06-03 10:07:00,14.25,14.27,14.24,14.26,79400,1131778.0
000506.SZ,2026-06-03 10:08:00,14.25,14.25,14.21,14.22,179300,2551191.0
000506.SZ,2026-06-03 10:09:00,14.22,14.24,14.21,14.24,134500,1912345.0
000506.SZ,2026-06-03 10:10:00,14.23,14.24,14.22,14.23,62400,887784.0
000506.SZ,2026-06-03 10:11:00,14.23,14.25,14.23,14.25,88500,1259737.0
000506.SZ,2026-06-03 10:12:00,14.24,14.24,14.21,14.22,121100,1722643.0
000506.SZ,2026-06-03 10:13:00,14.21,14.24,14.21,14.24,82400,1172185.0
000506.SZ,2026-06-03 10:14:00,14.24,14.24,14.2,14.2,68000,966467.0
000506.SZ,2026-06-03 10:15:00,14.2,14.22,14.2,14.22,70100,996089.0
000506.SZ,2026-06-03 10:16:00,14.22,14.23,14.22,14.22,90600,1288454.0
000506.SZ,2026-06-03 10:17:00,14.22,14.23,14.19,14.19,137800,1957578.0
000506.SZ,2026-06-03 10:18:00,14.19,14.2,14.17,14.18,323400,4578371.0
000506.SZ,2026-06-03 10:19:00,14.17,14.19,14.17,14.19,38900,551559.0
000506.SZ,2026-06-03 10:20:00,14.17,14.19,14.17,14.19,50500,716110.0
000506.SZ,2026-06-03 10:21:00,14.18,14.19,14.18,14.19,53700,761592.0
000506.SZ,2026-06-03 10:22:00,14.17,14.18,14.17,14.18,58800,833664.0
000506.SZ,2026-06-03 10:23:00,14.18,14.22,14.18,14.22,65900,935754.0
000506.SZ,2026-06-03 10:24:00,14.22,14.24,14.21,14.24,31400,446782.0
000506.SZ,2026-06-03 10:25:00,14.24,14.24,14.22,14.23,36000,512466.0
000506.SZ,2026-06-03 10:26:00,14.22,14.22,14.21,14.22,58200,827481.0
000506.SZ,2026-06-03 10:27:00,14.22,14.23,14.21,14.22,47100,669840.0
000506.SZ,2026-06-03 10:28:00,14.21,14.23,14.2,14.22,74800,1063171.0
000506.SZ,2026-06-03 10:29:00,14.23,14.24,14.2,14.22,68100,968181.0
000506.SZ,2026-06-03 10:30:00,14.21,14.22,14.21,14.22,42900,609794.0
000506.SZ,2026-06-03 10:31:00,14.22,14.25,14.22,14.25,49300,701739.0
000506.SZ,2026-06-03 10:32:00,14.26,14.26,14.23,14.24,115600,1646803.0
000506.SZ,2026-06-03 10:33:00,14.25,14.25,14.21,14.23,54800,779650.0
000506.SZ,2026-06-03 10:34:00,14.23,14.23,14.22,14.22,39100,556028.0
000506.SZ,2026-06-03 10:35:00,14.23,14.24,14.21,14.22,108200,1538927.0
000506.SZ,2026-06-03 10:36:00,14.21,14.22,14.2,14.2,93700,1331042.0
000506.SZ,2026-06-03 10:37:00,14.2,14.21,14.19,14.21,54100,768256.0
000506.SZ,2026-06-03 10:38:00,14.2,14.22,14.2,14.22,83700,1189445.0
000506.SZ,2026-06-03 10:39:00,14.21,14.21,14.19,14.21,89000,1263911.0
000506.SZ,2026-06-03 10:40:00,14.21,14.22,14.2,14.22,188000,2670242.0
000506.SZ,2026-06-03 10:41:00,14.21,14.22,14.21,14.22,70600,1003790.0
000506.SZ,2026-06-03 10:42:00,14.22,14.22,14.21,14.22,32700,464944.0
000506.SZ,2026-06-03 10:43:00,14.23,14.26,14.22,14.26,82400,1173355.0
000506.SZ,2026-06-03 10:44:00,14.25,14.33,14.25,14.33,221500,3168450.0
000506.SZ,2026-06-03 10:45:00,14.32,14.32,14.29,14.3,31400,449159.0
000506.SZ,2026-06-03 10:46:00,14.29,14.29,14.26,14.27,50500,721251.0
000506.SZ,2026-06-03 10:47:00,14.29,14.3,14.26,14.27,131100,1873160.0
000506.SZ,2026-06-03 10:48:00,14.27,14.27,14.25,14.25,20100,286526.0
000506.SZ,2026-06-03 10:49:00,14.26,14.27,14.26,14.27,33300,475071.0
000506.SZ,2026-06-03 10:50:00,14.27,14.28,14.26,14.28,42500,606477.0
000506.SZ,2026-06-03 10:51:00,14.29,14.3,14.28,14.29,44900,641626.0
000506.SZ,2026-06-03 10:52:00,14.29,14.3,14.28,14.28,17000,242888.0
000506.SZ,2026-06-03 10:53:00,14.28,14.3,14.27,14.3,48944,699279.3
000506.SZ,2026-06-03 10:54:00,14.3,14.31,14.29,14.3,25000,357523.0
000506.SZ,2026-06-03 10:55:00,14.31,14.31,14.3,14.31,14500,207421.0
000506.SZ,2026-06-03 10:56:00,14.3,14.33,14.3,14.31,117300,1679348.0
000506.SZ,2026-06-03 10:57:00,14.31,14.32,14.3,14.3,70600,1010319.0
000506.SZ,2026-06-03 10:58:00,14.31,14.32,14.3,14.31,40300,576619.0
000506.SZ,2026-06-03 10:59:00,14.31,14.32,14.31,14.31,20000,286333.0
000506.SZ,2026-06-03 11:00:00,14.31,14.32,14.31,14.31,40200,575531.0
000506.SZ,2026-06-03 11:01:00,14.32,14.35,14.32,14.34,123600,1771538.0
000506.SZ,2026-06-03 11:02:00,14.35,14.35,14.33,14.34,86800,1245072.0
000506.SZ,2026-06-03 11:03:00,14.34,14.35,14.32,14.34,43900,629341.0
000506.SZ,2026-06-03 11:04:00,14.34,14.37,14.32,14.36,137400,1971495.0
000506.SZ,2026-06-03 11:05:00,14.37,14.37,14.34,14.34,46800,671941.0
000506.SZ,2026-06-03 11:06:00,14.34,14.36,14.33,14.35,77700,1114732.0
000506.SZ,2026-06-03 11:07:00,14.35,14.35,14.34,14.35,19700,282657.0
000506.SZ,2026-06-03 11:08:00,14.36,14.36,14.34,14.34,24100,345839.0
000506.SZ,2026-06-03 11:09:00,14.34,14.34,14.33,14.33,38800,556227.0
000506.SZ,2026-06-03 11:10:00,14.34,14.35,14.33,14.35,22800,327081.0
000506.SZ,2026-06-03 11:11:00,14.35,14.36,14.34,14.34,139400,2000608.0
000506.SZ,2026-06-03 11:12:00,14.34,14.34,14.32,14.33,35000,501535.0
000506.SZ,2026-06-03 11:13:00,14.33,14.34,14.33,14.34,31100,445698.0
000506.SZ,2026-06-03 11:14:00,14.33,14.35,14.32,14.34,50900,730039.0
000506.SZ,2026-06-03 11:15:00,14.35,14.35,14.32,14.32,47800,685187.0
000506.SZ,2026-06-03 11:16:00,14.32,14.32,14.3,14.3,77100,1103761.0
000506.SZ,2026-06-03 11:17:00,14.3,14.32,14.3,14.31,81400,1164242.0
000506.SZ,2026-06-03 11:18:00,14.32,14.33,14.31,14.32,23800,340817.0
000506.SZ,2026-06-03 11:19:00,14.33,14.35,14.32,14.34,61700,884484.0
000506.SZ,2026-06-03 11:20:00,14.33,14.33,14.31,14.31,24900,356660.0
000506.SZ,2026-06-03 11:21:00,14.32,14.35,14.32,14.34,63100,904359.0
000506.SZ,2026-06-03 11:22:00,14.34,14.35,14.34,14.34,60000,860600.0
000506.SZ,2026-06-03 11:23:00,14.34,14.36,14.34,14.34,35000,502017.0
000506.SZ,2026-06-03 11:24:00,14.34,14.34,14.3,14.33,36900,528333.0
000506.SZ,2026-06-03 11:25:00,14.33,14.35,14.33,14.34,35400,507550.0
000506.SZ,2026-06-03 11:26:00,14.34,14.34,14.31,14.31,98500,1411286.0
000506.SZ,2026-06-03 11:27:00,14.32,14.32,14.29,14.29,90900,1299736.0
000506.SZ,2026-06-03 11:28:00,14.3,14.32,14.3,14.31,14800,211719.0
000506.SZ,2026-06-03 11:29:00,14.31,14.32,14.3,14.31,11800,168845.0
000506.SZ,2026-06-03 11:30:00,14.31,14.34,14.31,14.31,103800,1486342.0
000506.SZ,2026-06-03 13:01:00,14.3,14.3,14.21,14.22,383500,5466937.0
000506.SZ,2026-06-03 13:02:00,14.22,14.22,14.18,14.2,260500,3698941.0
000506.SZ,2026-06-03 13:03:00,14.2,14.2,14.17,14.18,155500,2204758.0
000506.SZ,2026-06-03 13:04:00,14.18,14.19,14.17,14.18,65100,923270.0
000506.SZ,2026-06-03 13:05:00,14.18,14.19,14.17,14.19,129400,1835327.0
000506.SZ,2026-06-03 13:06:00,14.19,14.23,14.19,14.22,23000,326814.0
000506.SZ,2026-06-03 13:07:00,14.21,14.22,14.21,14.22,48400,687854.0
000506.SZ,2026-06-03 13:08:00,14.21,14.23,14.19,14.21,124500,1768927.0
000506.SZ,2026-06-03 13:09:00,14.21,14.25,14.21,14.24,184200,2620821.0
000506.SZ,2026-06-03 13:10:00,14.25,14.26,14.23,14.23,55500,790627.0
000506.SZ,2026-06-03 13:11:00,14.24,14.27,14.23,14.26,63100,899557.0
000506.SZ,2026-06-03 13:12:00,14.26,14.27,14.25,14.25,17800,253825.0
000506.SZ,2026-06-03 13:13:00,14.26,14.27,14.25,14.25,34200,487685.0
000506.SZ,2026-06-03 13:14:00,14.25,14.25,14.24,14.24,96600,1376219.0
000506.SZ,2026-06-03 13:15:00,14.24,14.24,14.22,14.22,73000,1039312.0
000506.SZ,2026-06-03 13:16:00,14.22,14.24,14.22,14.24,63000,896712.0
000506.SZ,2026-06-03 13:17:00,14.24,14.25,14.24,14.24,21600,307602.0
000506.SZ,2026-06-03 13:18:00,14.24,14.26,14.24,14.26,39300,560095.0
000506.SZ,2026-06-03 13:19:00,14.26,14.26,14.25,14.26,17600,250946.0
000506.SZ,2026-06-03 13:20:00,14.25,14.26,14.24,14.25,70400,1003141.0
000506.SZ,2026-06-03 13:21:00,14.25,14.26,14.24,14.24,16100,229430.0
000506.SZ,2026-06-03 13:22:00,14.24,14.27,14.24,14.26,31300,446242.0
000506.SZ,2026-06-03 13:23:00,14.27,14.27,14.25,14.26,52100,743161.0
000506.SZ,2026-06-03 13:24:00,14.25,14.26,14.23,14.23,30400,433114.0
000506.SZ,2026-06-03 13:25:00,14.24,14.25,14.24,14.24,26500,377443.0
000506.SZ,2026-06-03 13:26:00,14.24,14.24,14.22,14.24,49000,697384.0
000506.SZ,2026-06-03 13:27:00,14.24,14.25,14.23,14.25,57300,816059.0
000506.SZ,2026-06-03 13:28:00,14.25,14.26,14.24,14.24,70000,997592.0
000506.SZ,2026-06-03 13:29:00,14.23,14.24,14.21,14.21,68200,969658.0
000506.SZ,2026-06-03 13:30:00,14.21,14.24,14.21,14.23,260700,3705589.0
000506.SZ,2026-06-03 13:31:00,14.24,14.25,14.23,14.25,30300,431546.0
000506.SZ,2026-06-03 13:32:00,14.24,14.25,14.22,14.23,53500,761174.0
000506.SZ,2026-06-03 13:33:00,14.23,14.23,14.21,14.22,71300,1013999.0
000506.SZ,2026-06-03 13:34:00,14.22,14.24,14.21,14.24,77000,1094973.0
000506.SZ,2026-06-03 13:35:00,14.23,14.23,14.21,14.22,29700,422501.0
000506.SZ,2026-06-03 13:36:00,14.21,14.23,14.21,14.23,49800,708333.0
000506.SZ,2026-06-03 13:37:00,14.22,14.26,14.22,14.25,81600,1162970.0
000506.SZ,2026-06-03 13:38:00,14.27,14.28,14.27,14.28,52600,750912.0
000506.SZ,2026-06-03 13:39:00,14.28,14.28,14.27,14.27,30000,428333.0
000506.SZ,2026-06-03 13:40:00,14.28,14.29,14.28,14.28,20500,292739.0
000506.SZ,2026-06-03 13:41:00,14.28,14.28,14.27,14.28,53200,759366.0
000506.SZ,2026-06-03 13:42:00,14.27,14.29,14.27,14.29,19700,281336.0
000506.SZ,2026-06-03 13:43:00,14.29,14.29,14.26,14.26,329200,4697954.0
000506.SZ,2026-06-03 13:44:00,14.28,14.29,14.28,14.28,52400,748199.0
000506.SZ,2026-06-03 13:45:00,14.29,14.29,14.28,14.28,31000,442724.0
000506.SZ,2026-06-03 13:46:00,14.28,14.29,14.27,14.29,20500,292857.0
000506.SZ,2026-06-03 13:47:00,14.29,14.31,14.29,14.31,67100,959857.0
000506.SZ,2026-06-03 13:48:00,14.31,14.32,14.31,14.31,46700,668438.0
000506.SZ,2026-06-03 13:49:00,14.3,14.31,14.29,14.31,25200,360342.0
000506.SZ,2026-06-03 13:50:00,14.3,14.3,14.29,14.3,49500,707641.0
000506.SZ,2026-06-03 13:51:00,14.3,14.31,14.29,14.31,22200,317401.0
000506.SZ,2026-06-03 13:52:00,14.3,14.31,14.29,14.3,30900,441876.0
000506.SZ,2026-06-03 13:53:00,14.3,14.3,14.3,14.3,20300,290292.0
000506.SZ,2026-06-03 13:54:00,14.3,14.3,14.28,14.29,79800,1140431.0
000506.SZ,2026-06-03 13:55:00,14.29,14.29,14.28,14.29,32800,468705.0
000506.SZ,2026-06-03 13:56:00,14.31,14.31,14.29,14.29,217400,3110071.0
000506.SZ,2026-06-03 13:57:00,14.3,14.31,14.29,14.3,31400,449064.0
000506.SZ,2026-06-03 13:58:00,14.3,14.3,14.28,14.29,53600,766308.0
000506.SZ,2026-06-03 13:59:00,14.29,14.3,14.27,14.27,30800,439851.0
000506.SZ,2026-06-03 14:00:00,14.27,14.27,14.26,14.27,64700,922850.0
000506.SZ,2026-06-03 14:01:00,14.26,14.3,14.26,14.29,69100,987246.0
000506.SZ,2026-06-03 14:02:00,14.3,14.3,14.28,14.3,152500,2178713.0
000506.SZ,2026-06-03 14:03:00,14.3,14.33,14.29,14.33,97100,1388871.0
000506.SZ,2026-06-03 14:04:00,14.32,14.34,14.32,14.33,49600,710847.0
000506.SZ,2026-06-03 14:05:00,14.33,14.33,14.3,14.31,52500,751580.0
000506.SZ,2026-06-03 14:06:00,14.31,14.32,14.29,14.29,24000,343365.0
000506.SZ,2026-06-03 14:07:00,14.3,14.3,14.25,14.25,57900,826456.0
000506.SZ,2026-06-03 14:08:00,14.25,14.26,14.25,14.26,10100,143962.0
000506.SZ,2026-06-03 14:09:00,14.25,14.25,14.22,14.23,54800,780600.0
000506.SZ,2026-06-03 14:10:00,14.23,14.23,14.22,14.22,19900,283004.0
000506.SZ,2026-06-03 14:11:00,14.23,14.23,14.2,14.21,59000,838515.0
000506.SZ,2026-06-03 14:12:00,14.21,14.23,14.21,14.21,135800,1931077.0
000506.SZ,2026-06-03 14:13:00,14.21,14.21,14.19,14.2,115100,1634259.0
000506.SZ,2026-06-03 14:14:00,14.2,14.21,14.2,14.2,79300,1126046.0
000506.SZ,2026-06-03 14:15:00,14.21,14.21,14.19,14.19,90700,1287782.0
000506.SZ,2026-06-03 14:16:00,14.19,14.19,14.18,14.19,46000,652657.0
000506.SZ,2026-06-03 14:17:00,14.18,14.18,14.16,14.16,116800,1655817.0
000506.SZ,2026-06-03 14:18:00,14.16,14.17,14.15,14.15,54900,777258.0
000506.SZ,2026-06-03 14:19:00,14.15,14.15,14.14,14.15,44900,635069.0
000506.SZ,2026-06-03 14:20:00,14.15,14.16,14.15,14.16,67400,953881.0
000506.SZ,2026-06-03 14:21:00,14.16,14.17,14.14,14.14,115900,1639848.0
000506.SZ,2026-06-03 14:22:00,14.15,14.15,14.14,14.15,56700,802293.0
000506.SZ,2026-06-03 14:23:00,14.15,14.17,14.15,14.16,64700,915938.0
000506.SZ,2026-06-03 14:24:00,14.15,14.16,14.14,14.15,81500,1153237.0
000506.SZ,2026-06-03 14:25:00,14.15,14.15,14.13,14.13,124200,1755599.0
000506.SZ,2026-06-03 14:26:00,14.14,14.15,14.12,14.13,51200,723439.0
000506.SZ,2026-06-03 14:27:00,14.13,14.14,14.13,14.14,51000,720842.0
000506.SZ,2026-06-03 14:28:00,14.14,14.15,14.13,14.13,47700,674406.0
000506.SZ,2026-06-03 14:29:00,14.13,14.13,14.13,14.13,50700,716352.0
000506.SZ,2026-06-03 14:30:00,14.13,14.14,14.12,14.14,55200,779846.0
000506.SZ,2026-06-03 14:31:00,14.13,14.14,14.1,14.11,181900,2567653.0
000506.SZ,2026-06-03 14:32:00,14.1,14.1,14.08,14.08,127500,1797049.0
000506.SZ,2026-06-03 14:33:00,14.08,14.08,14.06,14.06,126400,1778673.0
000506.SZ,2026-06-03 14:34:00,14.06,14.06,14.04,14.05,194900,2738978.0
000506.SZ,2026-06-03 14:35:00,14.05,14.05,14.01,14.04,233400,3275504.0
000506.SZ,2026-06-03 14:36:00,14.03,14.05,14.01,14.02,320600,4495438.0
000506.SZ,2026-06-03 14:37:00,14.02,14.05,14.01,14.03,466700,6550912.0
000506.SZ,2026-06-03 14:38:00,14.03,14.04,14.01,14.03,115100,1614507.0
000506.SZ,2026-06-03 14:39:00,14.02,14.04,14.02,14.04,71800,1007484.0
000506.SZ,2026-06-03 14:40:00,14.04,14.07,14.04,14.07,159500,2240929.0
000506.SZ,2026-06-03 14:41:00,14.07,14.09,14.07,14.09,69200,973823.0
000506.SZ,2026-06-03 14:42:00,14.09,14.1,14.07,14.08,80100,1127989.0
000506.SZ,2026-06-03 14:43:00,14.08,14.12,14.08,14.1,109100,1538855.0
000506.SZ,2026-06-03 14:44:00,14.12,14.13,14.11,14.11,206700,2918299.0
000506.SZ,2026-06-03 14:45:00,14.11,14.11,14.09,14.11,92000,1297164.0
000506.SZ,2026-06-03 14:46:00,14.11,14.12,14.11,14.12,62800,886508.0
000506.SZ,2026-06-03 14:47:00,14.12,14.13,14.11,14.12,56500,797767.0
000506.SZ,2026-06-03 14:48:00,14.12,14.14,14.12,14.14,103400,1460458.0
000506.SZ,2026-06-03 14:49:00,14.13,14.14,14.12,14.14,83500,1180055.0
000506.SZ,2026-06-03 14:50:00,14.15,14.16,14.14,14.15,90200,1276111.0
000506.SZ,2026-06-03 14:51:00,14.15,14.16,14.14,14.16,129000,1825253.0
000506.SZ,2026-06-03 14:52:00,14.16,14.17,14.16,14.17,81400,1152612.0
000506.SZ,2026-06-03 14:53:00,14.16,14.17,14.15,14.17,79143,1120915.9
000506.SZ,2026-06-03 14:54:00,14.17,14.19,14.17,14.19,173100,2453421.0
000506.SZ,2026-06-03 14:55:00,14.17,14.18,14.17,14.17,103800,1471343.0
000506.SZ,2026-06-03 14:56:00,14.18,14.18,14.16,14.16,149400,2117112.0
000506.SZ,2026-06-03 14:57:00,14.17,14.18,14.17,14.18,120200,1703350.0
000506.SZ,2026-06-03 14:58:00,14.18,14.18,14.18,14.18,0,0.0
000506.SZ,2026-06-03 14:59:00,14.18,14.18,14.18,14.18,0,0.0
000506.SZ,2026-06-03 15:00:00,14.18,14.18,14.18,14.18,169100,2397838.0
000506.SZ,2026-06-04 09:30:00,14.21,14.25,14.18,14.18,129500,1839370.0
000506.SZ,2026-06-04 09:31:00,14.15,14.18,14.03,14.16,864500,12215117.0
000506.SZ,2026-06-04 09:32:00,14.17,14.17,14.07,14.07,264700,3740980.0
000506.SZ,2026-06-04 09:33:00,14.06,14.06,13.98,14.03,496000,6952552.0
000506.SZ,2026-06-04 09:34:00,14.03,14.04,14.0,14.0,163400,2291037.0
000506.SZ,2026-06-04 09:35:00,14.01,14.01,13.92,13.93,330100,4610960.0
000506.SZ,2026-06-04 09:36:00,13.92,13.92,13.88,13.88,591900,8228560.0
000506.SZ,2026-06-04 09:37:00,13.89,13.93,13.85,13.87,586700,8148608.0
000506.SZ,2026-06-04 09:38:00,13.87,13.92,13.85,13.91,278100,3857863.0
000506.SZ,2026-06-04 09:39:00,13.9,13.93,13.88,13.93,148600,2066548.0
000506.SZ,2026-06-04 09:40:00,13.91,13.91,13.87,13.88,307500,4269503.0
000506.SZ,2026-06-04 09:41:00,13.87,13.88,13.85,13.87,425900,5904428.0
000506.SZ,2026-06-04 09:42:00,13.89,13.9,13.83,13.84,393600,5453338.0
000506.SZ,2026-06-04 09:43:00,13.84,13.84,13.8,13.82,528800,7308390.0
000506.SZ,2026-06-04 09:44:00,13.83,13.85,13.82,13.84,151000,2088226.0
000506.SZ,2026-06-04 09:45:00,13.84,13.87,13.82,13.87,147900,2046239.0
000506.SZ,2026-06-04 09:46:00,13.87,13.94,13.87,13.94,162600,2260867.0
000506.SZ,2026-06-04 09:47:00,13.95,13.95,13.93,13.94,195500,2725175.0
000506.SZ,2026-06-04 09:48:00,13.95,13.95,13.89,13.9,110800,1541343.0
000506.SZ,2026-06-04 09:49:00,13.91,13.93,13.91,13.91,103100,1434890.0
000506.SZ,2026-06-04 09:50:00,13.92,13.92,13.9,13.91,84200,1171408.0
000506.SZ,2026-06-04 09:51:00,13.89,13.9,13.87,13.89,234300,3252751.0
000506.SZ,2026-06-04 09:52:00,13.89,13.89,13.85,13.85,305500,4233735.0
000506.SZ,2026-06-04 09:53:00,13.82,13.82,13.75,13.77,872000,12021441.0
000506.SZ,2026-06-04 09:54:00,13.79,13.81,13.76,13.81,456000,6279000.0
000506.SZ,2026-06-04 09:55:00,13.8,13.83,13.78,13.81,210700,2906767.0
000506.SZ,2026-06-04 09:56:00,13.82,13.87,13.82,13.85,87900,1217388.0
000506.SZ,2026-06-04 09:57:00,13.86,13.87,13.85,13.87,99200,1374763.0
000506.SZ,2026-06-04 09:58:00,13.87,13.9,13.87,13.89,66100,917860.0
000506.SZ,2026-06-04 09:59:00,13.88,13.89,13.84,13.87,72800,1008810.0
000506.SZ,2026-06-04 10:00:00,13.87,13.87,13.86,13.86,90600,1255983.0
000506.SZ,2026-06-04 10:01:00,13.87,13.87,13.84,13.85,95200,1318563.0
000506.SZ,2026-06-04 10:02:00,13.84,13.85,13.8,13.83,114300,1580464.0
000506.SZ,2026-06-04 10:03:00,13.82,13.85,13.82,13.84,98500,1363091.0
000506.SZ,2026-06-04 10:04:00,13.82,13.88,13.82,13.85,165200,2288111.0
000506.SZ,2026-06-04 10:05:00,13.85,13.88,13.84,13.84,103700,1437043.0
000506.SZ,2026-06-04 10:06:00,13.85,13.88,13.85,13.87,75800,1051564.0
000506.SZ,2026-06-04 10:07:00,13.87,13.88,13.85,13.87,103000,1427962.0
000506.SZ,2026-06-04 10:08:00,13.87,13.87,13.86,13.87,61200,848663.0
000506.SZ,2026-06-04 10:09:00,13.86,13.87,13.85,13.85,152600,2114973.0
000506.SZ,2026-06-04 10:10:00,13.86,13.87,13.86,13.86,64600,895370.0
000506.SZ,2026-06-04 10:11:00,13.85,13.86,13.84,13.84,111200,1539966.0
000506.SZ,2026-06-04 10:12:00,13.85,13.86,13.82,13.82,152800,2114735.0
000506.SZ,2026-06-04 10:13:00,13.82,13.82,13.79,13.82,245100,3383073.0
000506.SZ,2026-06-04 10:14:00,13.83,13.84,13.82,13.83,38500,532464.0
000506.SZ,2026-06-04 10:15:00,13.83,13.85,13.83,13.84,68300,944934.0
000506.SZ,2026-06-04 10:16:00,13.84,13.85,13.81,13.81,92200,1275635.0
000506.SZ,2026-06-04 10:17:00,13.8,13.83,13.8,13.83,90800,1254105.0
000506.SZ,2026-06-04 10:18:00,13.83,13.83,13.81,13.82,79800,1102873.0
000506.SZ,2026-06-04 10:19:00,13.82,13.83,13.82,13.82,29600,409080.0
000506.SZ,2026-06-04 10:20:00,13.82,13.84,13.82,13.84,29100,402338.0
000506.SZ,2026-06-04 10:21:00,13.83,13.84,13.83,13.83,218500,3021672.0
000506.SZ,2026-06-04 10:22:00,13.84,13.85,13.82,13.82,106500,1472992.0
000506.SZ,2026-06-04 10:23:00,13.82,13.82,13.79,13.8,145700,2011025.0
000506.SZ,2026-06-04 10:24:00,13.81,13.81,13.8,13.8,55200,762460.0
000506.SZ,2026-06-04 10:25:00,13.8,13.81,13.79,13.8,139900,1929948.0
000506.SZ,2026-06-04 10:26:00,13.8,13.81,13.79,13.8,29500,407099.0
000506.SZ,2026-06-04 10:27:00,13.8,13.82,13.8,13.81,48100,664083.0
000506.SZ,2026-06-04 10:28:00,13.81,13.83,13.81,13.82,100100,1382200.0
000506.SZ,2026-06-04 10:29:00,13.82,13.82,13.81,13.81,122900,1696593.0
000506.SZ,2026-06-04 10:30:00,13.81,13.82,13.8,13.82,41500,572946.0
000506.SZ,2026-06-04 10:31:00,13.82,13.85,13.81,13.84,75200,1039950.0
000506.SZ,2026-06-04 10:32:00,13.84,13.84,13.82,13.83,90400,1250284.0
000506.SZ,2026-06-04 10:33:00,13.82,13.82,13.8,13.81,33700,465527.0
000506.SZ,2026-06-04 10:34:00,13.81,13.82,13.8,13.8,57600,795381.0
000506.SZ,2026-06-04 10:35:00,13.81,13.81,13.8,13.8,33900,467906.0
000506.SZ,2026-06-04 10:36:00,13.8,13.82,13.79,13.81,72200,996909.0
000506.SZ,2026-06-04 10:37:00,13.82,13.83,13.81,13.82,39500,545904.0
000506.SZ,2026-06-04 10:38:00,13.81,13.82,13.81,13.81,46500,642301.0
000506.SZ,2026-06-04 10:39:00,13.81,13.82,13.81,13.82,14900,205782.0
000506.SZ,2026-06-04 10:40:00,13.81,13.82,13.8,13.81,28100,388097.0
000506.SZ,2026-06-04 10:41:00,13.82,13.84,13.82,13.83,36800,508961.0
000506.SZ,2026-06-04 10:42:00,13.84,13.87,13.83,13.87,85500,1184521.0
000506.SZ,2026-06-04 10:43:00,13.86,13.88,13.86,13.87,48000,665686.0
000506.SZ,2026-06-04 10:44:00,13.87,13.87,13.83,13.86,115600,1601101.0
000506.SZ,2026-06-04 10:45:00,13.87,13.87,13.85,13.86,9100,126132.0
000506.SZ,2026-06-04 10:46:00,13.85,13.87,13.84,13.86,66300,918153.0
000506.SZ,2026-06-04 10:47:00,13.86,13.86,13.85,13.85,28200,390600.0
000506.SZ,2026-06-04 10:48:00,13.85,13.86,13.85,13.85,40400,559587.0
000506.SZ,2026-06-04 10:49:00,13.85,13.86,13.85,13.85,81500,1129231.0
000506.SZ,2026-06-04 10:50:00,13.86,13.86,13.83,13.83,49900,690913.0
000506.SZ,2026-06-04 10:51:00,13.83,13.84,13.83,13.83,17500,242155.0
000506.SZ,2026-06-04 10:52:00,13.82,13.82,13.81,13.81,69300,957864.0
000506.SZ,2026-06-04 10:53:00,13.82,13.82,13.81,13.82,45000,621587.0
000506.SZ,2026-06-04 10:54:00,13.81,13.82,13.81,13.81,29200,403240.0
000506.SZ,2026-06-04 10:55:00,13.82,13.83,13.81,13.82,23300,322106.0
000506.SZ,2026-06-04 10:56:00,13.84,13.87,13.84,13.87,72100,997851.0
000506.SZ,2026-06-04 10:57:00,13.86,13.89,13.85,13.88,91600,1270549.0
000506.SZ,2026-06-04 10:58:00,13.88,13.91,13.88,13.89,196900,2736075.0
000506.SZ,2026-06-04 10:59:00,13.89,13.92,13.89,13.91,105900,1471913.0
000506.SZ,2026-06-04 11:00:00,13.91,13.95,13.91,13.95,115300,1606123.0
000506.SZ,2026-06-04 11:01:00,13.95,14.0,13.94,13.98,223700,3128439.0
000506.SZ,2026-06-04 11:02:00,13.96,13.99,13.96,13.98,50400,704625.0
000506.SZ,2026-06-04 11:03:00,13.97,14.09,13.96,14.07,615400,8653168.0
000506.SZ,2026-06-04 11:04:00,14.07,14.07,14.05,14.06,224700,3161571.0
000506.SZ,2026-06-04 11:05:00,14.05,14.09,14.04,14.09,130000,1829056.0
000506.SZ,2026-06-04 11:06:00,14.09,14.14,14.08,14.1,220200,3105825.0
000506.SZ,2026-06-04 11:07:00,14.1,14.11,14.1,14.11,140300,1978531.0
000506.SZ,2026-06-04 11:08:00,14.12,14.14,14.11,14.11,107100,1512325.0
000506.SZ,2026-06-04 11:09:00,14.12,14.15,14.11,14.11,236300,3339693.0
000506.SZ,2026-06-04 11:10:00,14.11,14.12,14.07,14.07,34500,486315.0
000506.SZ,2026-06-04 11:11:00,14.06,14.1,14.06,14.08,137900,1942542.0
000506.SZ,2026-06-04 11:12:00,14.07,14.08,14.05,14.05,47600,669479.0
000506.SZ,2026-06-04 11:13:00,14.05,14.05,14.03,14.03,47500,667053.0
000506.SZ,2026-06-04 11:14:00,14.03,14.06,14.03,14.06,32300,453377.0
000506.SZ,2026-06-04 11:15:00,14.05,14.06,14.05,14.06,67900,954556.0
000506.SZ,2026-06-04 11:16:00,14.08,14.14,14.08,14.13,173300,2443546.0
000506.SZ,2026-06-04 11:17:00,14.14,14.16,14.13,14.15,89500,1266939.0
000506.SZ,2026-06-04 11:18:00,14.15,14.16,14.11,14.12,86200,1219645.0
000506.SZ,2026-06-04 11:19:00,14.11,14.12,14.1,14.11,21300,300480.0
000506.SZ,2026-06-04 11:20:00,14.09,14.1,14.08,14.08,68400,963598.0
000506.SZ,2026-06-04 11:21:00,14.08,14.08,14.04,14.04,44500,625603.0
000506.SZ,2026-06-04 11:22:00,14.04,14.06,14.04,14.06,92900,1305512.0
000506.SZ,2026-06-04 11:23:00,14.06,14.06,14.04,14.04,41300,580378.0
000506.SZ,2026-06-04 11:24:00,14.05,14.06,14.05,14.06,14200,199522.0
000506.SZ,2026-06-04 11:25:00,14.05,14.05,14.04,14.04,35300,495961.0
000506.SZ,2026-06-04 11:26:00,14.04,14.05,14.04,14.05,33200,466262.0
000506.SZ,2026-06-04 11:27:00,14.05,14.05,14.03,14.03,14900,209168.0
000506.SZ,2026-06-04 11:28:00,14.04,14.06,14.04,14.06,40700,571673.0
000506.SZ,2026-06-04 11:29:00,14.07,14.08,14.06,14.06,22200,312224.0
000506.SZ,2026-06-04 11:30:00,14.07,14.1,14.07,14.09,67500,951070.0
000506.SZ,2026-06-04 13:01:00,14.1,14.26,14.1,14.16,1125500,15966540.0
000506.SZ,2026-06-04 13:02:00,14.15,14.15,14.12,14.12,63200,893351.0
000506.SZ,2026-06-04 13:03:00,14.12,14.12,14.09,14.09,50200,707952.0
000506.SZ,2026-06-04 13:04:00,14.08,14.09,14.03,14.03,60300,848551.0
000506.SZ,2026-06-04 13:05:00,14.03,14.04,14.03,14.03,37400,525011.0
000506.SZ,2026-06-04 13:06:00,14.03,14.04,14.02,14.04,38500,540242.0
000506.SZ,2026-06-04 13:07:00,14.04,14.04,14.02,14.02,34300,481220.0
000506.SZ,2026-06-04 13:08:00,14.03,14.04,14.03,14.04,18000,252586.0
000506.SZ,2026-06-04 13:09:00,14.05,14.05,13.98,13.98,169700,2377287.0
000506.SZ,2026-06-04 13:10:00,13.96,13.97,13.93,13.94,236900,3305178.0
000506.SZ,2026-06-04 13:11:00,13.94,13.96,13.93,13.96,51700,720900.0
000506.SZ,2026-06-04 13:12:00,13.96,13.97,13.95,13.96,97400,1359279.0
000506.SZ,2026-06-04 13:13:00,13.97,13.99,13.97,13.99,48300,675426.0
000506.SZ,2026-06-04 13:14:00,13.98,14.02,13.98,14.01,92400,1293024.0
000506.SZ,2026-06-04 13:15:00,14.02,14.02,14.01,14.02,14200,199017.0
000506.SZ,2026-06-04 13:16:00,14.02,14.03,14.01,14.03,22500,315505.0
000506.SZ,2026-06-04 13:17:00,14.03,14.04,14.02,14.04,49600,695856.0
000506.SZ,2026-06-04 13:18:00,14.05,14.06,14.03,14.04,58400,820192.0
000506.SZ,2026-06-04 13:19:00,14.05,14.05,14.03,14.04,52000,729986.0
000506.SZ,2026-06-04 13:20:00,14.04,14.07,14.04,14.04,33100,465035.0
000506.SZ,2026-06-04 13:21:00,14.03,14.05,14.03,14.04,31700,445064.0
000506.SZ,2026-06-04 13:22:00,14.05,14.06,14.05,14.05,31900,448190.0
000506.SZ,2026-06-04 13:23:00,14.05,14.05,14.04,14.04,57200,803437.0
000506.SZ,2026-06-04 13:24:00,14.05,14.05,14.03,14.03,29600,415640.0
000506.SZ,2026-06-04 13:25:00,14.03,14.04,14.01,14.01,149300,2091962.0
000506.SZ,2026-06-04 13:26:00,14.03,14.03,14.01,14.02,36700,514688.0
000506.SZ,2026-06-04 13:27:00,14.02,14.03,14.02,14.02,17900,250963.0
000506.SZ,2026-06-04 13:28:00,14.01,14.03,13.99,14.02,52400,733999.0
000506.SZ,2026-06-04 13:29:00,14.03,14.05,14.03,14.05,100800,1415285.0
000506.SZ,2026-06-04 13:30:00,14.05,14.05,14.03,14.04,52800,740728.0
000506.SZ,2026-06-04 13:31:00,14.04,14.06,14.04,14.04,88300,1239937.0
000506.SZ,2026-06-04 13:32:00,14.05,14.06,14.05,14.05,21500,302201.0
000506.SZ,2026-06-04 13:33:00,14.05,14.05,14.03,14.03,12800,179674.0
000506.SZ,2026-06-04 13:34:00,14.04,14.05,14.03,14.05,59800,839709.0
000506.SZ,2026-06-04 13:35:00,14.04,14.04,14.01,14.01,48000,673521.0
000506.SZ,2026-06-04 13:36:00,14.01,14.05,14.01,14.04,62100,871006.0
000506.SZ,2026-06-04 13:37:00,14.05,14.05,14.02,14.02,46700,655361.0
000506.SZ,2026-06-04 13:38:00,14.02,14.04,14.01,14.02,136600,1915874.0
000506.SZ,2026-06-04 13:39:00,14.02,14.04,14.01,14.04,33700,472591.0
000506.SZ,2026-06-04 13:40:00,14.03,14.04,14.02,14.03,24600,345031.0
000506.SZ,2026-06-04 13:41:00,14.03,14.03,14.01,14.02,27500,385540.0
000506.SZ,2026-06-04 13:42:00,14.01,14.03,14.01,14.02,41600,583228.0
000506.SZ,2026-06-04 13:43:00,14.01,14.02,14.0,14.0,44900,629216.0
000506.SZ,2026-06-04 13:44:00,14.0,14.01,14.0,14.01,29600,414537.0
000506.SZ,2026-06-04 13:45:00,14.0,14.03,14.0,14.02,49000,686405.0
000506.SZ,2026-06-04 13:46:00,14.03,14.05,14.03,14.05,101800,1429612.0
000506.SZ,2026-06-04 13:47:00,14.04,14.06,14.04,14.04,28100,394755.0
000506.SZ,2026-06-04 13:48:00,14.04,14.04,13.99,13.99,65000,910728.0
000506.SZ,2026-06-04 13:49:00,13.97,13.99,13.96,13.99,84300,1178158.0
000506.SZ,2026-06-04 13:50:00,13.99,14.01,13.98,14.0,28300,396233.0
000506.SZ,2026-06-04 13:51:00,13.99,14.01,13.99,14.0,32100,449248.0
000506.SZ,2026-06-04 13:52:00,14.0,14.01,13.98,13.99,48100,673407.0
000506.SZ,2026-06-04 13:53:00,13.98,14.01,13.98,13.98,167800,2347804.0
000506.SZ,2026-06-04 13:54:00,13.99,13.99,13.97,13.97,68700,960288.0
000506.SZ,2026-06-04 13:55:00,13.98,13.99,13.97,13.99,90900,1270861.0
000506.SZ,2026-06-04 13:56:00,13.99,13.99,13.97,13.97,30600,427669.0
000506.SZ,2026-06-04 13:57:00,13.96,13.97,13.96,13.97,12700,177371.0
000506.SZ,2026-06-04 13:58:00,13.97,13.97,13.96,13.97,35400,494226.0
000506.SZ,2026-06-04 13:59:00,13.97,13.98,13.96,13.98,28500,398207.0
000506.SZ,2026-06-04 14:00:00,13.99,14.0,13.98,14.0,28700,401505.0
000506.SZ,2026-06-04 14:01:00,13.99,14.0,13.99,14.0,86100,1205044.0
000506.SZ,2026-06-04 14:02:00,13.99,14.01,13.99,13.99,45600,637888.0
000506.SZ,2026-06-04 14:03:00,14.0,14.03,14.0,14.03,22700,318159.0
000506.SZ,2026-06-04 14:04:00,14.03,14.04,14.0,14.01,38710,542640.0
000506.SZ,2026-06-04 14:05:00,14.01,14.01,13.99,14.01,39000,546085.0
000506.SZ,2026-06-04 14:06:00,14.0,14.02,14.0,14.0,20900,292785.0
000506.SZ,2026-06-04 14:07:00,14.01,14.02,14.01,14.02,37300,522721.0
000506.SZ,2026-06-04 14:08:00,14.02,14.04,14.02,14.04,40100,562524.0
000506.SZ,2026-06-04 14:09:00,14.03,14.05,14.02,14.05,74600,1047404.0
000506.SZ,2026-06-04 14:10:00,14.06,14.06,14.04,14.05,101800,1429857.0
000506.SZ,2026-06-04 14:11:00,14.04,14.05,14.04,14.05,25300,355360.0
000506.SZ,2026-06-04 14:12:00,14.05,14.05,14.03,14.03,11000,154441.0
000506.SZ,2026-06-04 14:13:00,14.03,14.04,14.02,14.03,29300,411092.0
000506.SZ,2026-06-04 14:14:00,14.03,14.03,14.03,14.03,17400,244122.0
000506.SZ,2026-06-04 14:15:00,14.01,14.06,14.01,14.04,92900,1303762.0
000506.SZ,2026-06-04 14:16:00,14.04,14.05,14.03,14.03,44700,627656.0
000506.SZ,2026-06-04 14:17:00,14.03,14.03,14.0,14.01,44000,616980.0
000506.SZ,2026-06-04 14:18:00,14.01,14.01,14.0,14.01,18300,256293.0
000506.SZ,2026-06-04 14:19:00,14.01,14.02,14.0,14.0,22000,308154.0
000506.SZ,2026-06-04 14:20:00,14.0,14.01,13.99,14.0,47900,670594.0
000506.SZ,2026-06-04 14:21:00,13.99,14.01,13.99,14.0,36400,509574.0
000506.SZ,2026-06-04 14:22:00,14.0,14.0,13.97,13.97,110400,1544218.0
000506.SZ,2026-06-04 14:23:00,13.97,13.97,13.95,13.95,121300,1693217.0
000506.SZ,2026-06-04 14:24:00,13.93,13.94,13.92,13.94,90000,1253938.0
000506.SZ,2026-06-04 14:25:00,13.92,13.93,13.91,13.92,82600,1149926.0
000506.SZ,2026-06-04 14:26:00,13.92,13.94,13.91,13.93,43200,601448.0
000506.SZ,2026-06-04 14:27:00,13.92,13.93,13.92,13.93,49600,690566.0
000506.SZ,2026-06-04 14:28:00,13.93,13.96,13.93,13.96,31100,433665.0
000506.SZ,2026-06-04 14:29:00,13.95,13.96,13.94,13.94,49100,684836.0
000506.SZ,2026-06-04 14:30:00,13.94,13.95,13.94,13.95,89700,1250529.0
000506.SZ,2026-06-04 14:31:00,13.95,13.96,13.94,13.96,68600,956995.0
000506.SZ,2026-06-04 14:32:00,13.94,13.95,13.94,13.95,80700,1125289.0
000506.SZ,2026-06-04 14:33:00,13.95,13.98,13.95,13.98,89600,1251230.0
000506.SZ,2026-06-04 14:34:00,13.97,13.99,13.97,13.99,87800,1227026.0
000506.SZ,2026-06-04 14:35:00,13.99,14.02,13.99,14.01,45900,642885.0
000506.SZ,2026-06-04 14:36:00,14.01,14.01,13.97,13.98,92800,1299327.0
000506.SZ,2026-06-04 14:37:00,13.98,13.98,13.96,13.96,56600,790732.0
000506.SZ,2026-06-04 14:38:00,13.96,13.97,13.95,13.96,40900,570981.0
000506.SZ,2026-06-04 14:39:00,13.96,13.98,13.96,13.98,85100,1188875.0
000506.SZ,2026-06-04 14:40:00,13.99,13.99,13.97,13.98,71200,995370.0
000506.SZ,2026-06-04 14:41:00,13.98,13.98,13.97,13.98,50100,700012.0
000506.SZ,2026-06-04 14:42:00,13.97,13.98,13.96,13.97,102200,1427944.0
000506.SZ,2026-06-04 14:43:00,13.99,13.99,13.97,13.97,100000,1397773.0
000506.SZ,2026-06-04 14:44:00,13.97,13.98,13.96,13.97,60500,845184.0
000506.SZ,2026-06-04 14:45:00,13.98,13.99,13.97,13.99,121300,1696216.0
000506.SZ,2026-06-04 14:46:00,13.99,14.0,13.99,13.99,75700,1059236.0
000506.SZ,2026-06-04 14:47:00,13.99,14.0,13.99,13.99,120200,1681637.0
000506.SZ,2026-06-04 14:48:00,13.99,13.99,13.98,13.98,62100,868463.0
000506.SZ,2026-06-04 14:49:00,13.99,14.01,13.98,14.01,218100,3051775.0
000506.SZ,2026-06-04 14:50:00,14.0,14.01,14.0,14.01,102400,1433912.0
000506.SZ,2026-06-04 14:51:00,14.01,14.03,14.01,14.01,174000,2439198.0
000506.SZ,2026-06-04 14:52:00,14.02,14.03,14.02,14.02,150300,2107733.8
000506.SZ,2026-06-04 14:53:00,14.02,14.03,14.02,14.03,56200,788027.0
000506.SZ,2026-06-04 14:54:00,14.03,14.03,14.01,14.01,127300,1784260.0
000506.SZ,2026-06-04 14:55:00,14.01,14.02,14.0,14.01,114800,1608323.0
000506.SZ,2026-06-04 14:56:00,14.01,14.02,14.01,14.01,195400,2738538.0
000506.SZ,2026-06-04 14:57:00,14.01,14.02,14.01,14.01,149600,2096588.0
000506.SZ,2026-06-04 14:58:00,14.01,14.01,14.01,14.01,0,0.0
000506.SZ,2026-06-04 14:59:00,14.01,14.01,14.01,14.01,0,0.0
000506.SZ,2026-06-04 15:00:00,14.0,14.0,14.0,14.0,266400,3729600.0
000506.SZ,2026-06-05 09:30:00,13.95,13.95,13.9,13.91,109500,1527400.0
000506.SZ,2026-06-05 09:31:00,13.9,14.08,13.87,13.92,846600,11825574.0
000506.SZ,2026-06-05 09:32:00,13.91,14.03,13.88,14.03,401100,5602478.0
000506.SZ,2026-06-05 09:33:00,14.04,14.04,13.92,13.92,265700,3721180.0
000506.SZ,2026-06-05 09:34:00,13.92,13.94,13.88,13.9,171500,2385382.0
000506.SZ,2026-06-05 09:35:00,13.91,13.96,13.91,13.94,190500,2652829.0
000506.SZ,2026-06-05 09:36:00,13.94,14.02,13.92,14.0,198400,2774558.0
000506.SZ,2026-06-05 09:37:00,14.01,14.01,13.99,13.99,61600,861984.0
000506.SZ,2026-06-05 09:38:00,13.99,14.06,13.99,14.02,151800,2128414.0
000506.SZ,2026-06-05 09:39:00,14.02,14.02,13.97,13.98,138100,1933874.0
000506.SZ,2026-06-05 09:40:00,13.98,14.02,13.96,14.02,96800,1353305.0
000506.SZ,2026-06-05 09:41:00,14.02,14.02,13.96,13.98,91000,1272047.0
000506.SZ,2026-06-05 09:42:00,13.99,14.06,13.99,14.04,247400,3472580.0
000506.SZ,2026-06-05 09:43:00,14.04,14.04,13.99,13.99,252400,3538702.0
000506.SZ,2026-06-05 09:44:00,13.99,14.0,13.96,13.99,46500,649957.0
000506.SZ,2026-06-05 09:45:00,14.0,14.0,13.98,13.98,136600,1910789.0
000506.SZ,2026-06-05 09:46:00,13.99,14.01,13.95,13.98,225200,3149006.0
000506.SZ,2026-06-05 09:47:00,13.98,13.99,13.97,13.99,47600,665322.0
000506.SZ,2026-06-05 09:48:00,13.99,14.0,13.96,13.96,147000,2055192.0
000506.SZ,2026-06-05 09:49:00,13.97,14.0,13.97,13.99,111300,1557052.0
000506.SZ,2026-06-05 09:50:00,13.98,13.99,13.96,13.96,54600,763023.0
000506.SZ,2026-06-05 09:51:00,13.97,13.99,13.96,13.97,194500,2716642.0
000506.SZ,2026-06-05 09:52:00,13.95,13.96,13.94,13.95,76300,1064299.0
000506.SZ,2026-06-05 09:53:00,13.95,13.97,13.94,13.96,122400,1707976.0
000506.SZ,2026-06-05 09:54:00,13.96,14.06,13.95,14.06,308300,4320451.0
000506.SZ,2026-06-05 09:55:00,14.08,14.15,14.06,14.07,313300,4419663.0
000506.SZ,2026-06-05 09:56:00,14.08,14.08,14.06,14.08,110900,1560596.0
000506.SZ,2026-06-05 09:57:00,14.09,14.17,14.07,14.13,327600,4625970.0
000506.SZ,2026-06-05 09:58:00,14.12,14.12,14.09,14.1,154100,2173968.0
000506.SZ,2026-06-05 09:59:00,14.1,14.12,14.09,14.1,78600,1108727.0
000506.SZ,2026-06-05 10:00:00,14.1,14.13,14.1,14.13,124100,1752728.0
000506.SZ,2026-06-05 10:01:00,14.13,14.14,14.08,14.08,308400,4354359.0
000506.SZ,2026-06-05 10:02:00,14.09,14.09,14.05,14.08,64000,900312.0
000506.SZ,2026-06-05 10:03:00,14.09,14.09,14.07,14.07,65500,922303.0
000506.SZ,2026-06-05 10:04:00,14.08,14.09,14.08,14.09,80700,1136806.0
000506.SZ,2026-06-05 10:05:00,14.09,14.1,14.08,14.09,66000,929694.0
000506.SZ,2026-06-05 10:06:00,14.1,14.11,14.08,14.11,96700,1363551.0
000506.SZ,2026-06-05 10:07:00,14.12,14.15,14.12,14.12,228700,3230396.0
000506.SZ,2026-06-05 10:08:00,14.12,14.12,14.07,14.09,133700,1882694.0
000506.SZ,2026-06-05 10:09:00,14.08,14.09,14.02,14.03,110600,1553381.0
000506.SZ,2026-06-05 10:10:00,14.02,14.05,14.02,14.04,45700,641667.0
000506.SZ,2026-06-05 10:11:00,14.05,14.05,14.02,14.03,51300,720485.0
000506.SZ,2026-06-05 10:12:00,14.03,14.04,14.03,14.03,49700,697349.0
000506.SZ,2026-06-05 10:13:00,14.04,14.07,14.04,14.06,28900,406233.0
000506.SZ,2026-06-05 10:14:00,14.06,14.06,14.05,14.06,45300,636831.0
000506.SZ,2026-06-05 10:15:00,14.05,14.05,14.01,14.01,185300,2600154.0
000506.SZ,2026-06-05 10:16:00,14.01,14.06,14.01,14.06,124800,1751805.0
000506.SZ,2026-06-05 10:17:00,14.05,14.05,14.02,14.03,45400,636967.0
000506.SZ,2026-06-05 10:18:00,14.02,14.02,14.0,14.01,104400,1462332.0
000506.SZ,2026-06-05 10:19:00,14.0,14.0,13.97,13.98,99700,1394650.0
000506.SZ,2026-06-05 10:20:00,13.98,13.99,13.97,13.98,36300,507415.0
000506.SZ,2026-06-05 10:21:00,13.99,13.99,13.97,13.97,48000,671083.0
000506.SZ,2026-06-05 10:22:00,13.97,13.98,13.95,13.96,128100,1788224.0
000506.SZ,2026-06-05 10:23:00,13.96,13.96,13.93,13.93,118300,1649776.0
000506.SZ,2026-06-05 10:24:00,13.94,13.94,13.93,13.93,81600,1136935.0
000506.SZ,2026-06-05 10:25:00,13.93,13.93,13.92,13.92,114300,1591622.0
000506.SZ,2026-06-05 10:26:00,13.92,13.95,13.92,13.95,372800,5193724.0
000506.SZ,2026-06-05 10:27:00,13.93,14.09,13.93,14.06,367500,5159208.0
000506.SZ,2026-06-05 10:28:00,14.07,14.08,14.05,14.07,198300,2790354.0
000506.SZ,2026-06-05 10:29:00,14.06,14.07,14.02,14.02,32400,455287.0
000506.SZ,2026-06-05 10:30:00,14.02,14.03,14.0,14.0,19800,277582.0
000506.SZ,2026-06-05 10:31:00,14.01,14.01,13.98,13.99,28000,391800.0
000506.SZ,2026-06-05 10:32:00,13.99,13.99,13.97,13.97,47500,664208.0
000506.SZ,2026-06-05 10:33:00,13.97,13.97,13.95,13.97,83900,1170929.0
000506.SZ,2026-06-05 10:34:00,13.96,14.04,13.96,14.02,154500,2164019.0
000506.SZ,2026-06-05 10:35:00,14.03,14.05,14.03,14.03,28300,397259.0
000506.SZ,2026-06-05 10:36:00,14.02,14.02,14.0,14.0,27000,378281.0
000506.SZ,2026-06-05 10:37:00,14.0,14.02,13.99,14.02,40400,565583.0
000506.SZ,2026-06-05 10:38:00,14.03,14.04,14.02,14.03,64200,900693.0
000506.SZ,2026-06-05 10:39:00,14.03,14.04,14.02,14.04,50700,711719.0
000506.SZ,2026-06-05 10:40:00,14.04,14.05,14.03,14.03,21900,307480.0
000506.SZ,2026-06-05 10:41:00,14.03,14.03,14.02,14.02,14900,208937.0
000506.SZ,2026-06-05 10:42:00,14.01,14.04,14.01,14.02,66500,932196.0
000506.SZ,2026-06-05 10:43:00,14.01,14.01,13.98,13.99,37800,529094.0
000506.SZ,2026-06-05 10:44:00,14.0,14.0,13.98,14.0,28900,404312.0
000506.SZ,2026-06-05 10:45:00,14.0,14.0,13.99,14.0,19200,268704.0
000506.SZ,2026-06-05 10:46:00,14.0,14.03,13.98,14.03,39900,558438.0
000506.SZ,2026-06-05 10:47:00,14.02,14.04,14.02,14.02,60400,847614.0
000506.SZ,2026-06-05 10:48:00,14.02,14.06,14.02,14.05,104900,1472781.0
000506.SZ,2026-06-05 10:49:00,14.06,14.06,14.04,14.04,40300,566416.0
000506.SZ,2026-06-05 10:50:00,14.04,14.09,14.04,14.09,128500,1806387.0
000506.SZ,2026-06-05 10:51:00,14.1,14.1,14.08,14.09,138100,1946894.0
000506.SZ,2026-06-05 10:52:00,14.08,14.11,14.08,14.11,119000,1678210.0
000506.SZ,2026-06-05 10:53:00,14.11,14.11,14.1,14.1,395600,5580012.0
000506.SZ,2026-06-05 10:54:00,14.12,14.15,14.11,14.15,376400,5321981.0
000506.SZ,2026-06-05 10:55:00,14.14,14.14,14.09,14.09,344200,4865094.0
000506.SZ,2026-06-05 10:56:00,14.09,14.09,14.08,14.08,21400,301352.0
000506.SZ,2026-06-05 10:57:00,14.07,14.08,14.07,14.08,14700,206846.0
000506.SZ,2026-06-05 10:58:00,14.08,14.08,14.07,14.08,14400,202686.0
000506.SZ,2026-06-05 10:59:00,14.08,14.08,14.07,14.08,32200,453140.0
000506.SZ,2026-06-05 11:00:00,14.08,14.09,14.07,14.09,35500,499851.0
000506.SZ,2026-06-05 11:01:00,14.09,14.1,14.08,14.09,33000,464962.0
000506.SZ,2026-06-05 11:02:00,14.09,14.1,14.08,14.09,19700,277596.0
000506.SZ,2026-06-05 11:03:00,14.08,14.08,14.07,14.08,23300,328017.0
000506.SZ,2026-06-05 11:04:00,14.06,14.07,14.05,14.07,26600,374147.0
000506.SZ,2026-06-05 11:05:00,14.06,14.08,14.06,14.06,41000,576825.0
000506.SZ,2026-06-05 11:06:00,14.07,14.07,14.05,14.06,6500,91385.0
000506.SZ,2026-06-05 11:07:00,14.06,14.07,14.05,14.05,38200,537389.0
000506.SZ,2026-06-05 11:08:00,14.05,14.06,14.05,14.06,36200,508659.0
000506.SZ,2026-06-05 11:09:00,14.06,14.07,14.05,14.07,24500,344598.0
000506.SZ,2026-06-05 11:10:00,14.06,14.08,14.06,14.07,21200,298299.0
000506.SZ,2026-06-05 11:11:00,14.07,14.07,14.06,14.06,14800,208212.0
000506.SZ,2026-06-05 11:12:00,14.06,14.06,14.05,14.06,18800,264287.0
000506.SZ,2026-06-05 11:13:00,14.05,14.09,14.05,14.08,56200,790863.0
000506.SZ,2026-06-05 11:14:00,14.07,14.1,14.07,14.09,41400,583256.0
000506.SZ,2026-06-05 11:15:00,14.09,14.14,14.08,14.1,130600,1842378.0
000506.SZ,2026-06-05 11:16:00,14.13,14.2,14.13,14.16,377100,5342559.0
000506.SZ,2026-06-05 11:17:00,14.16,14.18,14.15,14.16,115000,1628489.0
000506.SZ,2026-06-05 11:18:00,14.17,14.18,14.14,14.15,49800,705337.0
000506.SZ,2026-06-05 11:19:00,14.15,14.16,14.14,14.16,63600,900434.0
000506.SZ,2026-06-05 11:20:00,14.16,14.18,14.16,14.17,98200,1391503.0
000506.SZ,2026-06-05 11:21:00,14.16,14.16,14.15,14.15,80600,1141340.0
000506.SZ,2026-06-05 11:22:00,14.15,14.15,14.13,14.14,80500,1138916.0
000506.SZ,2026-06-05 11:23:00,14.12,14.13,14.09,14.1,356200,5009535.0
000506.SZ,2026-06-05 11:24:00,14.08,14.08,14.07,14.08,24400,343432.0
000506.SZ,2026-06-05 11:25:00,14.08,14.08,14.06,14.06,49100,690862.0
000506.SZ,2026-06-05 11:26:00,14.06,14.07,14.06,14.06,56700,797664.0
000506.SZ,2026-06-05 11:27:00,14.07,14.1,14.07,14.1,22520,317258.6
000506.SZ,2026-06-05 11:28:00,14.1,14.1,14.07,14.07,83300,1172543.0
000506.SZ,2026-06-05 11:29:00,14.07,14.09,14.07,14.08,36000,506770.0
000506.SZ,2026-06-05 11:30:00,14.08,14.12,14.08,14.11,31200,439619.0
000506.SZ,2026-06-05 13:01:00,14.11,14.19,14.11,14.13,515800,7300830.0
000506.SZ,2026-06-05 13:02:00,14.12,14.16,14.12,14.14,140900,1992124.0
000506.SZ,2026-06-05 13:03:00,14.12,14.12,14.07,14.09,147000,2072310.0
000506.SZ,2026-06-05 13:04:00,14.1,14.12,14.1,14.12,46600,657650.0
000506.SZ,2026-06-05 13:05:00,14.12,14.12,14.1,14.11,35000,493966.0
000506.SZ,2026-06-05 13:06:00,14.11,14.12,14.1,14.11,15300,215884.0
000506.SZ,2026-06-05 13:07:00,14.11,14.12,14.1,14.1,58100,819872.0
000506.SZ,2026-06-05 13:08:00,14.1,14.1,14.07,14.07,47400,667672.0
000506.SZ,2026-06-05 13:09:00,14.07,14.12,14.07,14.12,86900,1224310.0
000506.SZ,2026-06-05 13:10:00,14.12,14.17,14.12,14.15,149000,2107045.0
000506.SZ,2026-06-05 13:11:00,14.14,14.16,14.14,14.15,181200,2564082.0
000506.SZ,2026-06-05 13:12:00,14.25,14.33,14.2,14.3,1017400,14497439.0
000506.SZ,2026-06-05 13:13:00,14.29,14.32,14.28,14.3,500800,7159589.0
000506.SZ,2026-06-05 13:14:00,14.3,14.3,14.27,14.28,107300,1533225.0
000506.SZ,2026-06-05 13:15:00,14.27,14.27,14.23,14.23,72600,1035366.0
000506.SZ,2026-06-05 13:16:00,14.23,14.26,14.22,14.24,192700,2744128.0
000506.SZ,2026-06-05 13:17:00,14.23,14.28,14.23,14.27,162600,2317593.0
000506.SZ,2026-06-05 13:18:00,14.27,14.32,14.27,14.32,216300,3091215.0
000506.SZ,2026-06-05 13:19:00,14.32,14.32,14.31,14.31,192000,2749409.0
000506.SZ,2026-06-05 13:20:00,14.31,14.34,14.3,14.31,122800,1758203.0
000506.SZ,2026-06-05 13:21:00,14.31,14.32,14.29,14.29,101800,1456455.0
000506.SZ,2026-06-05 13:22:00,14.29,14.31,14.28,14.28,75100,1073060.0
000506.SZ,2026-06-05 13:23:00,14.28,14.29,14.26,14.29,83900,1197663.0
000506.SZ,2026-06-05 13:24:00,14.29,14.34,14.28,14.34,173700,2486694.0
000506.SZ,2026-06-05 13:25:00,14.34,14.35,14.31,14.31,61300,878771.0
000506.SZ,2026-06-05 13:26:00,14.31,14.31,14.28,14.28,72300,1033981.0
000506.SZ,2026-06-05 13:27:00,14.28,14.33,14.28,14.33,117200,1676076.0
000506.SZ,2026-06-05 13:28:00,14.32,14.36,14.32,14.34,281900,4043789.0
000506.SZ,2026-06-05 13:29:00,14.33,14.33,14.29,14.29,68100,974443.0
000506.SZ,2026-06-05 13:30:00,14.28,14.33,14.26,14.32,732100,10468905.0
000506.SZ,2026-06-05 13:31:00,14.3,14.31,14.27,14.3,118100,1687764.0
000506.SZ,2026-06-05 13:32:00,14.3,14.32,14.29,14.3,99300,1420367.0
000506.SZ,2026-06-05 13:33:00,14.3,14.31,14.29,14.3,263400,3768925.0
000506.SZ,2026-06-05 13:34:00,14.3,14.31,14.3,14.3,39000,557897.0
000506.SZ,2026-06-05 13:35:00,14.3,14.35,14.3,14.34,100400,1438094.0
000506.SZ,2026-06-05 13:36:00,14.34,14.36,14.31,14.31,195500,2804605.0
000506.SZ,2026-06-05 13:37:00,14.31,14.32,14.29,14.32,89400,1278919.0
000506.SZ,2026-06-05 13:38:00,14.31,14.33,14.31,14.32,125700,1799497.0
000506.SZ,2026-06-05 13:39:00,14.32,14.36,14.32,14.34,89100,1277358.0
000506.SZ,2026-06-05 13:40:00,14.34,14.38,14.34,14.36,190000,2728816.0
000506.SZ,2026-06-05 13:41:00,14.37,14.37,14.33,14.33,40200,576665.0
000506.SZ,2026-06-05 13:42:00,14.34,14.35,14.33,14.33,35400,507713.0
000506.SZ,2026-06-05 13:43:00,14.33,14.33,14.31,14.31,112700,1613704.0
000506.SZ,2026-06-05 13:44:00,14.31,14.31,14.3,14.3,66600,952481.0
000506.SZ,2026-06-05 13:45:00,14.3,14.33,14.3,14.32,60700,868886.0
000506.SZ,2026-06-05 13:46:00,14.32,14.33,14.32,14.33,52900,757688.0
000506.SZ,2026-06-05 13:47:00,14.34,14.38,14.34,14.37,246300,3538180.0
000506.SZ,2026-06-05 13:48:00,14.37,14.37,14.36,14.36,69700,1001046.0
000506.SZ,2026-06-05 13:49:00,14.36,14.37,14.36,14.37,47800,686609.0
000506.SZ,2026-06-05 13:50:00,14.36,14.4,14.36,14.39,156700,2254133.0
000506.SZ,2026-06-05 13:51:00,14.4,14.4,14.36,14.36,118500,1704790.0
000506.SZ,2026-06-05 13:52:00,14.36,14.37,14.36,14.36,21700,311666.0
000506.SZ,2026-06-05 13:53:00,14.36,14.38,14.36,14.37,61600,885121.0
000506.SZ,2026-06-05 13:54:00,14.37,14.37,14.33,14.33,73400,1053305.0
000506.SZ,2026-06-05 13:55:00,14.33,14.34,14.32,14.34,32800,470161.0
000506.SZ,2026-06-05 13:56:00,14.34,14.35,14.33,14.34,40000,573634.0
000506.SZ,2026-06-05 13:57:00,14.33,14.33,14.31,14.31,57400,821743.0
000506.SZ,2026-06-05 13:58:00,14.31,14.32,14.29,14.29,102600,1467424.0
000506.SZ,2026-06-05 13:59:00,14.29,14.3,14.26,14.27,119700,1708714.0
000506.SZ,2026-06-05 14:00:00,14.27,14.28,14.26,14.28,101700,1451947.0
000506.SZ,2026-06-05 14:01:00,14.26,14.26,14.24,14.24,90100,1283795.0
000506.SZ,2026-06-05 14:02:00,14.24,14.25,14.22,14.23,128500,1828636.0
000506.SZ,2026-06-05 14:03:00,14.22,14.22,14.21,14.21,67900,965234.0
000506.SZ,2026-06-05 14:04:00,14.21,14.21,14.18,14.18,106300,1508990.0
000506.SZ,2026-06-05 14:05:00,14.18,14.19,14.17,14.19,156600,2220829.0
000506.SZ,2026-06-05 14:06:00,14.19,14.2,14.19,14.19,113200,1607466.0
000506.SZ,2026-06-05 14:07:00,14.21,14.22,14.2,14.21,61000,866680.0
000506.SZ,2026-06-05 14:08:00,14.22,14.22,14.19,14.19,109800,1558861.0
000506.SZ,2026-06-05 14:09:00,14.19,14.19,14.14,14.14,188500,2670538.0
000506.SZ,2026-06-05 14:10:00,14.11,14.14,14.11,14.14,77700,1098245.0
000506.SZ,2026-06-05 14:11:00,14.14,14.14,14.1,14.11,150800,2129455.0
000506.SZ,2026-06-05 14:12:00,14.11,14.12,14.1,14.1,144300,2035734.0
000506.SZ,2026-06-05 14:13:00,14.1,14.1,14.08,14.08,68100,959559.0
000506.SZ,2026-06-05 14:14:00,14.08,14.1,14.08,14.1,54400,766528.0
000506.SZ,2026-06-05 14:15:00,14.11,14.12,14.1,14.11,114300,1612888.0
000506.SZ,2026-06-05 14:16:00,14.1,14.1,14.07,14.07,164200,2313470.0
000506.SZ,2026-06-05 14:17:00,14.07,14.1,14.07,14.09,76000,1070048.0
000506.SZ,2026-06-05 14:18:00,14.09,14.09,14.06,14.07,212400,2990213.0
000506.SZ,2026-06-05 14:19:00,14.06,14.09,14.06,14.09,93700,1319713.0
000506.SZ,2026-06-05 14:20:00,14.09,14.1,14.08,14.1,26400,371930.0
000506.SZ,2026-06-05 14:21:00,14.1,14.11,14.08,14.08,174500,2459206.0
000506.SZ,2026-06-05 14:22:00,14.08,14.08,14.06,14.07,145100,2042118.0
000506.SZ,2026-06-05 14:23:00,14.06,14.08,14.06,14.07,80500,1132530.0
000506.SZ,2026-06-05 14:24:00,14.07,14.07,14.05,14.05,186700,2624883.0
000506.SZ,2026-06-05 14:25:00,14.04,14.04,14.03,14.04,90100,1265114.0
000506.SZ,2026-06-05 14:26:00,14.03,14.05,14.03,14.05,73300,1029385.0
000506.SZ,2026-06-05 14:27:00,14.04,14.05,14.03,14.03,121800,1710186.0
000506.SZ,2026-06-05 14:28:00,14.03,14.05,14.02,14.04,220800,3098315.0
000506.SZ,2026-06-05 14:29:00,14.02,14.03,14.02,14.03,108100,1516298.0
000506.SZ,2026-06-05 14:30:00,14.03,14.03,14.02,14.03,58500,820692.0
000506.SZ,2026-06-05 14:31:00,14.03,14.04,14.03,14.04,83800,1176384.0
000506.SZ,2026-06-05 14:32:00,14.04,14.04,14.02,14.02,198800,2788605.0
000506.SZ,2026-06-05 14:33:00,14.01,14.03,14.01,14.03,74600,1046187.0
000506.SZ,2026-06-05 14:34:00,14.02,14.03,14.01,14.01,71800,1006765.0
000506.SZ,2026-06-05 14:35:00,14.01,14.02,14.01,14.02,174300,2442325.0
000506.SZ,2026-06-05 14:36:00,14.01,14.01,13.98,13.99,398000,5571046.0
000506.SZ,2026-06-05 14:37:00,13.99,14.05,13.99,14.05,173000,2424715.0
000506.SZ,2026-06-05 14:38:00,14.05,14.08,14.05,14.05,117000,1645130.0
000506.SZ,2026-06-05 14:39:00,14.04,14.06,14.03,14.04,134100,1883395.0
000506.SZ,2026-06-05 14:40:00,14.03,14.03,14.0,14.02,155400,2178079.0
000506.SZ,2026-06-05 14:41:00,14.02,14.02,14.0,14.02,100500,1408452.0
000506.SZ,2026-06-05 14:42:00,14.02,14.02,14.01,14.02,67300,943305.0
000506.SZ,2026-06-05 14:43:00,14.01,14.02,14.01,14.02,118200,1657105.0
000506.SZ,2026-06-05 14:44:00,14.01,14.02,14.0,14.01,171100,2397173.0
000506.SZ,2026-06-05 14:45:00,14.0,14.04,14.0,14.04,177400,2487288.0
000506.SZ,2026-06-05 14:46:00,14.02,14.05,14.02,14.04,130400,1830981.0
000506.SZ,2026-06-05 14:47:00,14.04,14.07,14.04,14.07,100800,1416561.0
000506.SZ,2026-06-05 14:48:00,14.07,14.1,14.07,14.1,114800,1617033.0
000506.SZ,2026-06-05 14:49:00,14.1,14.1,14.07,14.07,95700,1347316.0
000506.SZ,2026-06-05 14:50:00,14.07,14.16,14.06,14.16,328500,4631743.0
000506.SZ,2026-06-05 14:51:00,14.16,14.22,14.16,14.2,383800,5450933.0
000506.SZ,2026-06-05 14:52:00,14.2,14.21,14.17,14.18,179300,2544207.0
000506.SZ,2026-06-05 14:53:00,14.17,14.21,14.17,14.21,179500,2547817.0
000506.SZ,2026-06-05 14:54:00,14.2,14.26,14.19,14.23,450800,6424933.0
000506.SZ,2026-06-05 14:55:00,14.23,14.23,14.2,14.2,170200,2418783.0
000506.SZ,2026-06-05 14:56:00,14.2,14.21,14.16,14.21,284900,4040996.0
000506.SZ,2026-06-05 14:57:00,14.21,14.22,14.2,14.22,318200,4521657.0
000506.SZ,2026-06-05 14:58:00,14.22,14.22,14.22,14.22,0,0.0
000506.SZ,2026-06-05 14:59:00,14.22,14.22,14.22,14.22,0,0.0
000506.SZ,2026-06-05 15:00:00,14.2,14.2,14.2,14.2,230700,3275940.0
000506.SZ,2026-06-08 09:30:00,13.49,13.49,13.43,13.44,407400,5493963.0
000506.SZ,2026-06-08 09:31:00,13.42,13.42,13.16,13.22,1675000,22224664.0
000506.SZ,2026-06-08 09:32:00,13.21,13.31,13.11,13.3,1335200,17615368.0
000506.SZ,2026-06-08 09:33:00,13.31,13.47,13.3,13.44,1000600,13387131.0
000506.SZ,2026-06-08 09:34:00,13.47,13.5,13.38,13.38,566000,7610144.0
000506.SZ,2026-06-08 09:35:00,13.38,13.43,13.38,13.43,383900,5149332.0
000506.SZ,2026-06-08 09:36:00,13.46,13.52,13.46,13.46,627800,8457628.0
000506.SZ,2026-06-08 09:37:00,13.46,13.47,13.42,13.43,301700,4055585.0
000506.SZ,2026-06-08 09:38:00,13.42,13.43,13.38,13.38,270100,3620663.0
000506.SZ,2026-06-08 09:39:00,13.41,13.44,13.38,13.43,380900,5106963.0
000506.SZ,2026-06-08 09:40:00,13.43,13.45,13.4,13.43,441700,5925138.0
000506.SZ,2026-06-08 09:41:00,13.43,13.46,13.39,13.42,438500,5879580.0
000506.SZ,2026-06-08 09:42:00,13.4,13.42,13.39,13.42,166600,2233489.0
000506.SZ,2026-06-08 09:43:00,13.42,13.44,13.4,13.42,222000,2978447.0
000506.SZ,2026-06-08 09:44:00,13.42,13.49,13.42,13.47,145000,1950010.0
000506.SZ,2026-06-08 09:45:00,13.45,13.51,13.45,13.49,177500,2392836.0
000506.SZ,2026-06-08 09:46:00,13.47,13.51,13.46,13.51,410200,5530133.0
000506.SZ,2026-06-08 09:47:00,13.49,13.61,13.48,13.6,661100,8953635.0
000506.SZ,2026-06-08 09:48:00,13.6,13.67,13.57,13.65,271000,3689211.0
000506.SZ,2026-06-08 09:49:00,13.67,13.73,13.67,13.7,184700,2528072.0
000506.SZ,2026-06-08 09:50:00,13.7,13.72,13.64,13.66,179500,2457030.0
000506.SZ,2026-06-08 09:51:00,13.65,13.65,13.62,13.65,229300,3125523.0
000506.SZ,2026-06-08 09:52:00,13.66,13.72,13.66,13.72,123500,1690054.0
000506.SZ,2026-06-08 09:53:00,13.73,13.8,13.73,13.75,318700,4385355.0
000506.SZ,2026-06-08 09:54:00,13.75,13.76,13.72,13.72,158700,2181887.0
000506.SZ,2026-06-08 09:55:00,13.73,13.78,13.73,13.73,118800,1634433.0
000506.SZ,2026-06-08 09:56:00,13.74,13.74,13.72,13.72,119800,1645023.0
000506.SZ,2026-06-08 09:57:00,13.74,13.75,13.72,13.74,165700,2277057.0
000506.SZ,2026-06-08 09:58:00,13.74,13.75,13.72,13.73,98700,1355574.0
000506.SZ,2026-06-08 09:59:00,13.72,13.72,13.68,13.69,230100,3155470.0
000506.SZ,2026-06-08 10:00:00,13.68,13.7,13.68,13.68,91500,1253205.0
000506.SZ,2026-06-08 10:01:00,13.7,13.72,13.69,13.7,90300,1236926.0
000506.SZ,2026-06-08 10:02:00,13.71,13.75,13.71,13.71,153000,2100695.0
000506.SZ,2026-06-08 10:03:00,13.7,13.7,13.64,13.64,144300,1971847.0
000506.SZ,2026-06-08 10:04:00,13.64,13.69,13.64,13.69,147381,2013839.6
000506.SZ,2026-06-08 10:05:00,13.69,13.69,13.62,13.63,78700,1074029.0
000506.SZ,2026-06-08 10:06:00,13.62,13.64,13.59,13.59,183300,2495182.0
000506.SZ,2026-06-08 10:07:00,13.61,13.62,13.59,13.59,154000,2094528.0
000506.SZ,2026-06-08 10:08:00,13.59,13.63,13.58,13.63,50100,682035.0
000506.SZ,2026-06-08 10:09:00,13.63,13.63,13.6,13.6,115700,1574973.0
000506.SZ,2026-06-08 10:10:00,13.61,13.61,13.6,13.61,58500,795680.0
000506.SZ,2026-06-08 10:11:00,13.61,13.61,13.57,13.57,96900,1316956.0
000506.SZ,2026-06-08 10:12:00,13.57,13.59,13.54,13.59,126900,1721383.0
000506.SZ,2026-06-08 10:13:00,13.6,13.61,13.58,13.58,51700,702748.0
000506.SZ,2026-06-08 10:14:00,13.57,13.59,13.57,13.59,38700,525321.0
000506.SZ,2026-06-08 10:15:00,13.59,13.62,13.59,13.61,65400,890257.0
000506.SZ,2026-06-08 10:16:00,13.62,13.65,13.61,13.63,78600,1071494.0
000506.SZ,2026-06-08 10:17:00,13.63,13.65,13.62,13.62,74200,1011629.0
000506.SZ,2026-06-08 10:18:00,13.62,13.62,13.59,13.59,84900,1155278.0
000506.SZ,2026-06-08 10:19:00,13.59,13.62,13.59,13.59,63400,862279.0
000506.SZ,2026-06-08 10:20:00,13.59,13.64,13.58,13.62,279100,3802224.0
000506.SZ,2026-06-08 10:21:00,13.62,13.62,13.57,13.57,24600,334364.0
000506.SZ,2026-06-08 10:22:00,13.58,13.58,13.56,13.56,130100,1765522.0
000506.SZ,2026-06-08 10:23:00,13.58,13.58,13.55,13.55,101200,1372275.0
000506.SZ,2026-06-08 10:24:00,13.57,13.57,13.54,13.55,81700,1107312.0
000506.SZ,2026-06-08 10:25:00,13.54,13.55,13.53,13.55,261700,3539976.0
000506.SZ,2026-06-08 10:26:00,13.56,13.57,13.55,13.57,23800,322804.0
000506.SZ,2026-06-08 10:27:00,13.57,13.62,13.56,13.61,72200,980760.0
000506.SZ,2026-06-08 10:28:00,13.6,13.68,13.6,13.67,63400,865008.0
000506.SZ,2026-06-08 10:29:00,13.67,13.71,13.67,13.68,90500,1239060.0
000506.SZ,2026-06-08 10:30:00,13.68,13.73,13.68,13.72,99100,1358065.0
000506.SZ,2026-06-08 10:31:00,13.71,13.75,13.71,13.75,135200,1857279.0
000506.SZ,2026-06-08 10:32:00,13.76,13.78,13.74,13.77,115400,1587943.0
000506.SZ,2026-06-08 10:33:00,13.77,13.77,13.72,13.73,122400,1682323.0
000506.SZ,2026-06-08 10:34:00,13.75,13.76,13.73,13.76,197200,2710603.0
000506.SZ,2026-06-08 10:35:00,13.77,13.77,13.71,13.71,121800,1674019.0
000506.SZ,2026-06-08 10:36:00,13.71,13.73,13.69,13.7,155900,2137653.0
000506.SZ,2026-06-08 10:37:00,13.73,13.78,13.7,13.74,437000,6007162.0
000506.SZ,2026-06-08 10:38:00,13.78,13.78,13.73,13.77,754900,10372671.0
000506.SZ,2026-06-08 10:39:00,13.78,13.78,13.73,13.74,85400,1173755.0
000506.SZ,2026-06-08 10:40:00,13.75,13.78,13.74,13.75,115100,1583184.0
000506.SZ,2026-06-08 10:41:00,13.76,13.78,13.71,13.71,27200,374235.0
000506.SZ,2026-06-08 10:42:00,13.7,13.73,13.69,13.72,101200,1386623.0
000506.SZ,2026-06-08 10:43:00,13.74,13.75,13.72,13.73,40400,554842.0
000506.SZ,2026-06-08 10:44:00,13.74,13.75,13.72,13.72,58900,809091.0
000506.SZ,2026-06-08 10:45:00,13.72,13.74,13.72,13.73,39800,546620.0
000506.SZ,2026-06-08 10:46:00,13.74,13.77,13.74,13.77,77600,1067182.0
000506.SZ,2026-06-08 10:47:00,13.76,13.76,13.75,13.75,43800,602534.0
000506.SZ,2026-06-08 10:48:00,13.74,13.74,13.71,13.72,58800,807078.0
000506.SZ,2026-06-08 10:49:00,13.72,13.73,13.7,13.72,76800,1053051.0
000506.SZ,2026-06-08 10:50:00,13.7,13.7,13.68,13.69,40500,554455.0
000506.SZ,2026-06-08 10:51:00,13.69,13.69,13.64,13.64,107200,1464326.0
000506.SZ,2026-06-08 10:52:00,13.65,13.67,13.64,13.66,60500,825954.0
000506.SZ,2026-06-08 10:53:00,13.65,13.68,13.64,13.67,67800,925868.0
000506.SZ,2026-06-08 10:54:00,13.68,13.7,13.66,13.67,19300,264105.0
000506.SZ,2026-06-08 10:55:00,13.68,13.69,13.67,13.68,46900,641566.0
000506.SZ,2026-06-08 10:56:00,13.7,13.7,13.68,13.68,16900,231243.0
000506.SZ,2026-06-08 10:57:00,13.68,13.7,13.68,13.69,5900,80763.0
000506.SZ,2026-06-08 10:58:00,13.69,13.69,13.65,13.66,40100,548282.0
000506.SZ,2026-06-08 10:59:00,13.66,13.67,13.65,13.66,25200,344213.0
000506.SZ,2026-06-08 11:00:00,13.67,13.67,13.61,13.62,35000,477493.0
000506.SZ,2026-06-08 11:01:00,13.61,13.62,13.6,13.61,29700,404099.0
000506.SZ,2026-06-08 11:02:00,13.61,13.62,13.61,13.62,39900,543358.0
000506.SZ,2026-06-08 11:03:00,13.63,13.68,13.62,13.67,161500,2205350.0
000506.SZ,2026-06-08 11:04:00,13.68,13.7,13.66,13.68,119700,1638993.0
000506.SZ,2026-06-08 11:05:00,13.69,13.7,13.69,13.69,21700,297090.0
000506.SZ,2026-06-08 11:06:00,13.67,13.68,13.65,13.65,23100,315871.0
000506.SZ,2026-06-08 11:07:00,13.65,13.66,13.64,13.64,29100,397174.0
000506.SZ,2026-06-08 11:08:00,13.63,13.64,13.62,13.63,51600,703526.0
000506.SZ,2026-06-08 11:09:00,13.63,13.65,13.63,13.64,23800,324662.0
000506.SZ,2026-06-08 11:10:00,13.64,13.64,13.63,13.64,20200,275526.0
000506.SZ,2026-06-08 11:11:00,13.64,13.65,13.61,13.62,57100,778157.0
000506.SZ,2026-06-08 11:12:00,13.62,13.63,13.6,13.6,272500,3707233.0
000506.SZ,2026-06-08 11:13:00,13.6,13.62,13.6,13.62,42000,571338.0
000506.SZ,2026-06-08 11:14:00,13.61,13.61,13.61,13.61,18800,255870.0
000506.SZ,2026-06-08 11:15:00,13.61,13.62,13.6,13.61,38300,521182.0
000506.SZ,2026-06-08 11:16:00,13.6,13.63,13.6,13.62,26600,362115.0
000506.SZ,2026-06-08 11:17:00,13.62,13.62,13.6,13.62,50300,684677.0
000506.SZ,2026-06-08 11:18:00,13.62,13.62,13.58,13.58,83700,1137936.0
000506.SZ,2026-06-08 11:19:00,13.57,13.58,13.56,13.58,61200,830545.0
000506.SZ,2026-06-08 11:20:00,13.57,13.58,13.57,13.58,30900,419513.0
000506.SZ,2026-06-08 11:21:00,13.58,13.59,13.57,13.57,23900,324543.0
000506.SZ,2026-06-08 11:22:00,13.57,13.58,13.55,13.55,34300,465315.0
000506.SZ,2026-06-08 11:23:00,13.56,13.57,13.54,13.56,43400,588236.0
000506.SZ,2026-06-08 11:24:00,13.57,13.57,13.56,13.56,42600,577962.0
000506.SZ,2026-06-08 11:25:00,13.56,13.58,13.56,13.58,123100,1669618.0
000506.SZ,2026-06-08 11:26:00,13.58,13.59,13.56,13.56,26600,361045.0
000506.SZ,2026-06-08 11:27:00,13.57,13.57,13.54,13.54,64000,866853.0
000506.SZ,2026-06-08 11:28:00,13.53,13.56,13.53,13.55,75300,1020324.0
000506.SZ,2026-06-08 11:29:00,13.54,13.54,13.52,13.54,43600,590071.0
000506.SZ,2026-06-08 11:30:00,13.54,13.55,13.53,13.53,38900,526828.0
000506.SZ,2026-06-08 13:01:00,13.54,13.54,13.47,13.48,883300,11922922.0
000506.SZ,2026-06-08 13:02:00,13.47,13.48,13.45,13.45,207600,2793721.0
000506.SZ,2026-06-08 13:03:00,13.45,13.46,13.44,13.45,120600,1622211.0
000506.SZ,2026-06-08 13:04:00,13.46,13.47,13.45,13.46,73800,992980.0
000506.SZ,2026-06-08 13:05:00,13.46,13.46,13.43,13.44,83200,1118222.0
000506.SZ,2026-06-08 13:06:00,13.45,13.45,13.43,13.44,37700,506652.0
000506.SZ,2026-06-08 13:07:00,13.44,13.45,13.43,13.43,53900,724448.0
000506.SZ,2026-06-08 13:08:00,13.43,13.43,13.4,13.41,220600,2959438.0
000506.SZ,2026-06-08 13:09:00,13.41,13.41,13.4,13.4,89000,1192740.0
000506.SZ,2026-06-08 13:10:00,13.41,13.42,13.4,13.41,148800,1994018.0
000506.SZ,2026-06-08 13:11:00,13.41,13.42,13.39,13.39,116500,1561409.0
000506.SZ,2026-06-08 13:12:00,13.4,13.4,13.38,13.38,143700,1924077.0
000506.SZ,2026-06-08 13:13:00,13.4,13.4,13.39,13.4,35300,472786.0
000506.SZ,2026-06-08 13:14:00,13.4,13.4,13.36,13.37,121400,1624301.0
000506.SZ,2026-06-08 13:15:00,13.36,13.38,13.35,13.37,133700,1785897.0
000506.SZ,2026-06-08 13:16:00,13.37,13.38,13.37,13.37,33900,453286.0
000506.SZ,2026-06-08 13:17:00,13.37,13.37,13.35,13.35,60500,808323.0
000506.SZ,2026-06-08 13:18:00,13.35,13.35,13.32,13.32,77800,1037205.0
000506.SZ,2026-06-08 13:19:00,13.32,13.33,13.31,13.32,169400,2256973.0
000506.SZ,2026-06-08 13:20:00,13.32,13.34,13.32,13.33,55800,743945.0
000506.SZ,2026-06-08 13:21:00,13.34,13.34,13.3,13.31,178100,2372253.0
000506.SZ,2026-06-08 13:22:00,13.3,13.3,13.29,13.29,440800,5862134.0
000506.SZ,2026-06-08 13:23:00,13.3,13.3,13.28,13.29,115000,1528750.0
000506.SZ,2026-06-08 13:24:00,13.29,13.3,13.29,13.3,80400,1068993.0
000506.SZ,2026-06-08 13:25:00,13.3,13.3,13.27,13.27,86000,1142593.0
000506.SZ,2026-06-08 13:26:00,13.28,13.29,13.27,13.28,79300,1053015.0
000506.SZ,2026-06-08 13:27:00,13.28,13.3,13.28,13.3,96300,1279411.0
000506.SZ,2026-06-08 13:28:00,13.29,13.3,13.29,13.29,62200,826308.0
000506.SZ,2026-06-08 13:29:00,13.29,13.29,13.26,13.27,90100,1196293.0
000506.SZ,2026-06-08 13:30:00,13.26,13.28,13.26,13.27,100700,1335949.0
000506.SZ,2026-06-08 13:31:00,13.25,13.26,13.25,13.26,45000,596574.0
000506.SZ,2026-06-08 13:32:00,13.26,13.27,13.23,13.24,116800,1548417.0
000506.SZ,2026-06-08 13:33:00,13.23,13.26,13.21,13.26,186800,2471375.0
000506.SZ,2026-06-08 13:34:00,13.25,13.26,13.24,13.26,85200,1129011.0
000506.SZ,2026-06-08 13:35:00,13.25,13.25,13.23,13.23,58800,778925.0
000506.SZ,2026-06-08 13:36:00,13.23,13.23,13.21,13.21,123900,1637954.0
000506.SZ,2026-06-08 13:37:00,13.21,13.21,13.17,13.18,414500,5470177.0
000506.SZ,2026-06-08 13:38:00,13.17,13.19,13.17,13.19,108400,1428858.0
000506.SZ,2026-06-08 13:39:00,13.18,13.19,13.17,13.19,98400,1296923.0
000506.SZ,2026-06-08 13:40:00,13.18,13.18,13.17,13.18,67600,890634.0
000506.SZ,2026-06-08 13:41:00,13.18,13.18,13.16,13.16,139400,1836717.0
000506.SZ,2026-06-08 13:42:00,13.17,13.17,13.13,13.13,330700,4350374.0
000506.SZ,2026-06-08 13:43:00,13.14,13.14,13.13,13.14,65700,863080.0
000506.SZ,2026-06-08 13:44:00,13.14,13.14,13.1,13.12,346100,4540589.0
000506.SZ,2026-06-08 13:45:00,13.12,13.12,13.1,13.12,52200,684529.0
000506.SZ,2026-06-08 13:46:00,13.12,13.12,13.08,13.11,434900,5698140.0
000506.SZ,2026-06-08 13:47:00,13.1,13.13,13.1,13.13,84500,1107756.0
000506.SZ,2026-06-08 13:48:00,13.14,13.19,13.13,13.18,163700,2155486.0
000506.SZ,2026-06-08 13:49:00,13.16,13.17,13.13,13.13,141000,1854257.0
000506.SZ,2026-06-08 13:50:00,13.12,13.17,13.11,13.17,54300,713523.0
000506.SZ,2026-06-08 13:51:00,13.17,13.19,13.17,13.18,145800,1921703.0
000506.SZ,2026-06-08 13:52:00,13.2,13.2,13.16,13.17,230300,3033181.0
000506.SZ,2026-06-08 13:53:00,13.19,13.24,13.19,13.22,119200,1575729.0
000506.SZ,2026-06-08 13:54:00,13.22,13.23,13.19,13.2,197100,2602920.0
000506.SZ,2026-06-08 13:55:00,13.19,13.21,13.17,13.17,86900,1146534.0
000506.SZ,2026-06-08 13:56:00,13.17,13.21,13.16,13.21,115900,1528161.0
000506.SZ,2026-06-08 13:57:00,13.2,13.23,13.2,13.22,55900,738278.0
000506.SZ,2026-06-08 13:58:00,13.23,13.27,13.23,13.26,135500,1795704.0
000506.SZ,2026-06-08 13:59:00,13.26,13.27,13.24,13.25,112600,1492320.0
000506.SZ,2026-06-08 14:00:00,13.25,13.27,13.25,13.26,121400,1608664.0
000506.SZ,2026-06-08 14:01:00,13.25,13.27,13.22,13.26,49014,649179.25
000506.SZ,2026-06-08 14:02:00,13.26,13.28,13.25,13.25,101200,1342969.0
000506.SZ,2026-06-08 14:03:00,13.24,13.28,13.22,13.28,85900,1136823.0
000506.SZ,2026-06-08 14:04:00,13.28,13.3,13.28,13.29,73000,969999.0
000506.SZ,2026-06-08 14:05:00,13.3,13.31,13.26,13.31,45100,599577.0
000506.SZ,2026-06-08 14:06:00,13.32,13.32,13.3,13.32,35200,468635.0
000506.SZ,2026-06-08 14:07:00,13.32,13.32,13.25,13.28,106500,1415851.0
000506.SZ,2026-06-08 14:08:00,13.28,13.29,13.24,13.24,83200,1104070.0
000506.SZ,2026-06-08 14:09:00,13.24,13.27,13.22,13.27,130900,1733229.0
000506.SZ,2026-06-08 14:10:00,13.26,13.28,13.26,13.26,60800,806734.0
000506.SZ,2026-06-08 14:11:00,13.25,13.25,13.21,13.21,55000,727714.0
000506.SZ,2026-06-08 14:12:00,13.22,13.26,13.22,13.25,62700,829871.0
000506.SZ,2026-06-08 14:13:00,13.25,13.25,13.22,13.22,52000,687568.0
000506.SZ,2026-06-08 14:14:00,13.22,13.26,13.22,13.24,75500,999595.0
000506.SZ,2026-06-08 14:15:00,13.24,13.26,13.23,13.26,24900,329852.0
000506.SZ,2026-06-08 14:16:00,13.27,13.3,13.25,13.3,76900,1019539.0
000506.SZ,2026-06-08 14:17:00,13.31,13.33,13.3,13.3,89500,1190991.0
000506.SZ,2026-06-08 14:18:00,13.3,13.32,13.29,13.31,115600,1537150.0
000506.SZ,2026-06-08 14:19:00,13.32,13.32,13.27,13.28,64500,857736.0
000506.SZ,2026-06-08 14:20:00,13.29,13.29,13.27,13.28,14000,185950.0
000506.SZ,2026-06-08 14:21:00,13.29,13.31,13.29,13.31,41700,554551.0
000506.SZ,2026-06-08 14:22:00,13.31,13.32,13.29,13.31,67100,892678.0
000506.SZ,2026-06-08 14:23:00,13.32,13.34,13.31,13.33,72600,967562.0
000506.SZ,2026-06-08 14:24:00,13.34,13.34,13.32,13.32,41800,557358.0
000506.SZ,2026-06-08 14:25:00,13.33,13.34,13.33,13.34,36200,482724.0
000506.SZ,2026-06-08 14:26:00,13.35,13.36,13.34,13.35,56000,747688.0
000506.SZ,2026-06-08 14:27:00,13.35,13.36,13.34,13.36,50600,675394.0
000506.SZ,2026-06-08 14:28:00,13.36,13.36,13.32,13.32,77100,1028880.0
000506.SZ,2026-06-08 14:29:00,13.33,13.34,13.32,13.33,33400,445198.0
000506.SZ,2026-06-08 14:30:00,13.35,13.36,13.34,13.35,49500,660739.0
000506.SZ,2026-06-08 14:31:00,13.35,13.38,13.33,13.33,93800,1253169.0
000506.SZ,2026-06-08 14:32:00,13.35,13.36,13.34,13.35,57300,764743.0
000506.SZ,2026-06-08 14:33:00,13.36,13.37,13.35,13.35,83300,1112831.0
000506.SZ,2026-06-08 14:34:00,13.37,13.37,13.33,13.33,68700,917191.0
000506.SZ,2026-06-08 14:35:00,13.33,13.33,13.31,13.33,58800,783040.0
000506.SZ,2026-06-08 14:36:00,13.32,13.33,13.31,13.32,57000,759003.0
000506.SZ,2026-06-08 14:37:00,13.32,13.33,13.31,13.32,91200,1214265.0
000506.SZ,2026-06-08 14:38:00,13.31,13.31,13.27,13.27,70100,931918.0
000506.SZ,2026-06-08 14:39:00,13.27,13.27,13.26,13.27,109900,1456860.0
000506.SZ,2026-06-08 14:40:00,13.27,13.28,13.25,13.28,31200,413838.0
000506.SZ,2026-06-08 14:41:00,13.27,13.3,13.27,13.3,76600,1017354.0
000506.SZ,2026-06-08 14:42:00,13.3,13.31,13.29,13.31,61000,811269.0
000506.SZ,2026-06-08 14:43:00,13.3,13.33,13.3,13.32,46200,615079.0
000506.SZ,2026-06-08 14:44:00,13.33,13.33,13.31,13.31,58500,779309.0
000506.SZ,2026-06-08 14:45:00,13.32,13.34,13.3,13.34,96100,1279912.0
000506.SZ,2026-06-08 14:46:00,13.34,13.36,13.33,13.34,68700,916639.0
000506.SZ,2026-06-08 14:47:00,13.34,13.36,13.33,13.33,72700,970042.0
000506.SZ,2026-06-08 14:48:00,13.33,13.35,13.32,13.34,169700,2263193.0
000506.SZ,2026-06-08 14:49:00,13.33,13.33,13.3,13.32,146100,1945125.0
000506.SZ,2026-06-08 14:50:00,13.32,13.32,13.31,13.32,87300,1162485.0
000506.SZ,2026-06-08 14:51:00,13.31,13.32,13.3,13.31,92100,1225753.0
000506.SZ,2026-06-08 14:52:00,13.3,13.31,13.29,13.29,82800,1101329.0
000506.SZ,2026-06-08 14:53:00,13.3,13.32,13.29,13.32,291400,3876385.0
000506.SZ,2026-06-08 14:54:00,13.31,13.33,13.31,13.31,226200,3012839.0
000506.SZ,2026-06-08 14:55:00,13.31,13.33,13.31,13.31,97700,1301147.0
000506.SZ,2026-06-08 14:56:00,13.32,13.32,13.3,13.31,118200,1573302.0
000506.SZ,2026-06-08 14:57:00,13.31,13.32,13.3,13.32,155800,2073410.0
000506.SZ,2026-06-08 14:58:00,13.32,13.32,13.32,13.32,0,0.0
000506.SZ,2026-06-08 14:59:00,13.32,13.32,13.32,13.32,0,0.0
000506.SZ,2026-06-08 15:00:00,13.31,13.31,13.31,13.31,242300,3225013.0
000506.SZ,2026-06-09 09:30:00,13.48,13.51,13.45,13.47,142700,1924157.0
000506.SZ,2026-06-09 09:31:00,13.46,13.58,13.36,13.41,871800,11754893.0
000506.SZ,2026-06-09 09:32:00,13.4,13.4,13.33,13.33,359100,4803284.0
000506.SZ,2026-06-09 09:33:00,13.34,13.38,13.3,13.36,284600,3795715.0
000506.SZ,2026-06-09 09:34:00,13.37,13.37,13.35,13.35,170900,2282146.0
000506.SZ,2026-06-09 09:35:00,13.37,13.41,13.35,13.41,172900,2314243.0
000506.SZ,2026-06-09 09:36:00,13.41,13.41,13.37,13.39,257000,3442176.0
000506.SZ,2026-06-09 09:37:00,13.38,13.39,13.31,13.32,148800,1987839.0
000506.SZ,2026-06-09 09:38:00,13.3,13.3,13.25,13.28,375700,4992606.0
000506.SZ,2026-06-09 09:39:00,13.27,13.29,13.26,13.29,180600,2396489.0
000506.SZ,2026-06-09 09:40:00,13.3,13.3,13.26,13.26,223500,2966851.0
000506.SZ,2026-06-09 09:41:00,13.3,13.3,13.23,13.25,177500,2353972.0
000506.SZ,2026-06-09 09:42:00,13.25,13.25,13.22,13.23,251000,3322152.0
000506.SZ,2026-06-09 09:43:00,13.25,13.27,13.24,13.24,108800,1442100.0
000506.SZ,2026-06-09 09:44:00,13.23,13.27,13.19,13.25,218500,2888650.0
000506.SZ,2026-06-09 09:45:00,13.25,13.27,13.23,13.25,83300,1104737.0
000506.SZ,2026-06-09 09:46:00,13.25,13.26,13.24,13.25,122500,1623058.0
000506.SZ,2026-06-09 09:47:00,13.25,13.3,13.22,13.3,182800,2424982.0
000506.SZ,2026-06-09 09:48:00,13.29,13.32,13.28,13.3,52600,699086.0
000506.SZ,2026-06-09 09:49:00,13.31,13.35,13.31,13.31,72000,959721.0
000506.SZ,2026-06-09 09:50:00,13.31,13.33,13.28,13.31,132100,1757111.0
000506.SZ,2026-06-09 09:51:00,13.31,13.32,13.25,13.25,144100,1912514.0
000506.SZ,2026-06-09 09:52:00,13.26,13.26,13.22,13.23,84500,1118800.0
000506.SZ,2026-06-09 09:53:00,13.23,13.26,13.23,13.25,55400,733945.0
000506.SZ,2026-06-09 09:54:00,13.23,13.23,13.19,13.2,145700,1924402.0
000506.SZ,2026-06-09 09:55:00,13.2,13.2,13.16,13.18,228700,3013290.0
000506.SZ,2026-06-09 09:56:00,13.18,13.18,13.16,13.16,146500,1929602.0
000506.SZ,2026-06-09 09:57:00,13.16,13.23,13.15,13.22,176700,2328552.0
000506.SZ,2026-06-09 09:58:00,13.21,13.22,13.21,13.22,61600,813628.0
000506.SZ,2026-06-09 09:59:00,13.23,13.27,13.22,13.27,144800,1916423.0
000506.SZ,2026-06-09 10:00:00,13.27,13.27,13.24,13.27,78100,1035524.0
000506.SZ,2026-06-09 10:01:00,13.28,13.33,13.26,13.33,160600,2135982.0
000506.SZ,2026-06-09 10:02:00,13.33,13.33,13.3,13.33,92100,1227001.0
000506.SZ,2026-06-09 10:03:00,13.32,13.32,13.29,13.29,39700,528313.0
000506.SZ,2026-06-09 10:04:00,13.28,13.32,13.27,13.27,68300,908314.0
000506.SZ,2026-06-09 10:05:00,13.28,13.29,13.27,13.29,35600,472705.0
000506.SZ,2026-06-09 10:06:00,13.27,13.28,13.25,13.27,65700,871508.0
000506.SZ,2026-06-09 10:07:00,13.28,13.31,13.27,13.31,73800,980197.0
000506.SZ,2026-06-09 10:08:00,13.31,13.32,13.3,13.32,80500,1071159.0
000506.SZ,2026-06-09 10:09:00,13.31,13.31,13.29,13.3,104400,1388404.0
000506.SZ,2026-06-09 10:10:00,13.3,13.31,13.28,13.3,38900,517177.0
000506.SZ,2026-06-09 10:11:00,13.29,13.3,13.26,13.26,44300,588718.0
000506.SZ,2026-06-09 10:12:00,13.27,13.3,13.25,13.3,50200,666668.0
000506.SZ,2026-06-09 10:13:00,13.3,13.31,13.29,13.3,73700,979652.0
000506.SZ,2026-06-09 10:14:00,13.29,13.3,13.27,13.29,43700,580665.0
000506.SZ,2026-06-09 10:15:00,13.29,13.3,13.28,13.3,125100,1661764.0
000506.SZ,2026-06-09 10:16:00,13.29,13.29,13.27,13.27,71800,953774.0
000506.SZ,2026-06-09 10:17:00,13.28,13.28,13.24,13.25,75700,1004092.0
000506.SZ,2026-06-09 10:18:00,13.25,13.29,13.23,13.29,71500,948321.0
000506.SZ,2026-06-09 10:19:00,13.28,13.31,13.26,13.28,82200,1092205.0
000506.SZ,2026-06-09 10:20:00,13.29,13.31,13.28,13.29,169800,2259523.0
000506.SZ,2026-06-09 10:21:00,13.31,13.32,13.29,13.29,72200,960852.0
000506.SZ,2026-06-09 10:22:00,13.29,13.29,13.27,13.29,63100,837941.0
000506.SZ,2026-06-09 10:23:00,13.28,13.29,13.26,13.27,57600,764668.0
000506.SZ,2026-06-09 10:24:00,13.27,13.28,13.26,13.28,109200,1449252.0
000506.SZ,2026-06-09 10:25:00,13.28,13.29,13.25,13.25,93300,1237898.0
000506.SZ,2026-06-09 10:26:00,13.25,13.25,13.23,13.23,81500,1079671.0
000506.SZ,2026-06-09 10:27:00,13.24,13.24,13.21,13.22,130500,1725693.0
000506.SZ,2026-06-09 10:28:00,13.23,13.25,13.22,13.24,66100,874715.0
000506.SZ,2026-06-09 10:29:00,13.25,13.29,13.25,13.27,158100,2097028.0
000506.SZ,2026-06-09 10:30:00,13.28,13.28,13.25,13.26,41800,554324.0
000506.SZ,2026-06-09 10:31:00,13.27,13.31,13.27,13.3,95600,1271015.0
000506.SZ,2026-06-09 10:32:00,13.3,13.42,13.3,13.41,607000,8114416.0
000506.SZ,2026-06-09 10:33:00,13.4,13.45,13.4,13.4,285200,3829266.0
000506.SZ,2026-06-09 10:34:00,13.41,13.41,13.38,13.4,99100,1327701.0
000506.SZ,2026-06-09 10:35:00,13.4,13.42,13.38,13.41,185100,2480215.0
000506.SZ,2026-06-09 10:36:00,13.41,13.42,13.36,13.38,182500,2441757.0
000506.SZ,2026-06-09 10:37:00,13.39,13.42,13.39,13.4,105100,1408667.0
000506.SZ,2026-06-09 10:38:00,13.41,13.41,13.37,13.37,166800,2232960.0
000506.SZ,2026-06-09 10:39:00,13.36,13.37,13.36,13.37,57000,761573.0
000506.SZ,2026-06-09 10:40:00,13.36,13.37,13.35,13.36,36000,481041.0
000506.SZ,2026-06-09 10:41:00,13.36,13.38,13.36,13.38,53600,716748.0
000506.SZ,2026-06-09 10:42:00,13.39,13.39,13.35,13.35,31700,423718.0
000506.SZ,2026-06-09 10:43:00,13.36,13.37,13.34,13.35,39600,528698.0
000506.SZ,2026-06-09 10:44:00,13.36,13.36,13.33,13.34,53000,707136.0
000506.SZ,2026-06-09 10:45:00,13.34,13.34,13.33,13.33,39500,526603.0
000506.SZ,2026-06-09 10:46:00,13.32,13.37,13.32,13.35,60600,809105.0
000506.SZ,2026-06-09 10:47:00,13.35,13.36,13.33,13.33,48600,648530.0
000506.SZ,2026-06-09 10:48:00,13.32,13.34,13.32,13.34,50900,678593.0
000506.SZ,2026-06-09 10:49:00,13.37,13.37,13.35,13.36,52500,701533.0
000506.SZ,2026-06-09 10:50:00,13.37,13.38,13.36,13.36,44400,593607.0
000506.SZ,2026-06-09 10:51:00,13.37,13.37,13.36,13.36,21000,280650.0
000506.SZ,2026-06-09 10:52:00,13.37,13.37,13.34,13.35,36800,491364.0
000506.SZ,2026-06-09 10:53:00,13.35,13.35,13.34,13.34,28500,380290.0
000506.SZ,2026-06-09 10:54:00,13.34,13.35,13.33,13.35,50400,672299.0
000506.SZ,2026-06-09 10:55:00,13.35,13.36,13.34,13.34,25100,334991.0
000506.SZ,2026-06-09 10:56:00,13.35,13.35,13.33,13.33,23600,314693.0
000506.SZ,2026-06-09 10:57:00,13.34,13.35,13.33,13.33,39000,520162.0
000506.SZ,2026-06-09 10:58:00,13.33,13.34,13.32,13.32,38500,513150.0
000506.SZ,2026-06-09 10:59:00,13.33,13.33,13.31,13.31,55100,733691.0
000506.SZ,2026-06-09 11:00:00,13.32,13.33,13.29,13.3,42000,558888.0
000506.SZ,2026-06-09 11:01:00,13.29,13.31,13.29,13.31,39100,519860.0
000506.SZ,2026-06-09 11:02:00,13.31,13.32,13.3,13.3,25300,336622.0
000506.SZ,2026-06-09 11:03:00,13.32,13.34,13.31,13.33,58300,777049.0
000506.SZ,2026-06-09 11:04:00,13.33,13.33,13.3,13.33,23700,315656.0
000506.SZ,2026-06-09 11:05:00,13.33,13.33,13.3,13.31,44900,598019.0
000506.SZ,2026-06-09 11:06:00,13.31,13.32,13.29,13.29,47100,626642.0
000506.SZ,2026-06-09 11:07:00,13.3,13.34,13.3,13.33,55800,743518.0
000506.SZ,2026-06-09 11:08:00,13.33,13.33,13.32,13.33,26300,350379.0
000506.SZ,2026-06-09 11:09:00,13.33,13.34,13.32,13.33,19900,265245.0
000506.SZ,2026-06-09 11:10:00,13.34,13.35,13.32,13.35,36100,481644.0
000506.SZ,2026-06-09 11:11:00,13.35,13.35,13.33,13.33,30200,403059.0
000506.SZ,2026-06-09 11:12:00,13.33,13.35,13.33,13.34,33900,452020.0
000506.SZ,2026-06-09 11:13:00,13.35,13.35,13.32,13.34,29800,397182.0
000506.SZ,2026-06-09 11:14:00,13.33,13.34,13.32,13.32,36700,489080.0
000506.SZ,2026-06-09 11:15:00,13.34,13.34,13.31,13.31,17000,226437.0
000506.SZ,2026-06-09 11:16:00,13.31,13.32,13.3,13.3,31300,416495.0
000506.SZ,2026-06-09 11:17:00,13.3,13.31,13.29,13.29,44200,587724.0
000506.SZ,2026-06-09 11:18:00,13.3,13.3,13.27,13.29,57500,763698.0
000506.SZ,2026-06-09 11:19:00,13.29,13.31,13.29,13.3,38300,509380.0
000506.SZ,2026-06-09 11:20:00,13.33,13.33,13.31,13.31,54700,728248.0
000506.SZ,2026-06-09 11:21:00,13.31,13.32,13.29,13.29,44500,591965.0
000506.SZ,2026-06-09 11:22:00,13.29,13.29,13.27,13.27,42800,568209.0
000506.SZ,2026-06-09 11:23:00,13.27,13.28,13.26,13.27,67100,890441.0
000506.SZ,2026-06-09 11:24:00,13.28,13.28,13.26,13.27,40600,538638.0
000506.SZ,2026-06-09 11:25:00,13.27,13.27,13.26,13.26,54300,720083.0
000506.SZ,2026-06-09 11:26:00,13.27,13.28,13.27,13.28,53900,715192.0
000506.SZ,2026-06-09 11:27:00,13.27,13.3,13.27,13.3,51200,679990.0
000506.SZ,2026-06-09 11:28:00,13.28,13.28,13.27,13.27,15900,211059.0
000506.SZ,2026-06-09 11:29:00,13.27,13.33,13.27,13.33,141000,1873707.0
000506.SZ,2026-06-09 11:30:00,13.33,13.34,13.31,13.32,52100,694286.0
000506.SZ,2026-06-09 13:01:00,13.33,13.38,13.33,13.38,97914,1307777.1
000506.SZ,2026-06-09 13:02:00,13.37,13.39,13.36,13.37,83600,1118412.9
000506.SZ,2026-06-09 13:03:00,13.38,13.38,13.33,13.33,40400,539438.0
000506.SZ,2026-06-09 13:04:00,13.33,13.34,13.3,13.3,107700,1433804.0
000506.SZ,2026-06-09 13:05:00,13.31,13.31,13.29,13.29,50500,671520.0
000506.SZ,2026-06-09 13:06:00,13.3,13.3,13.26,13.26,86600,1149851.0
000506.SZ,2026-06-09 13:07:00,13.26,13.28,13.25,13.28,64000,848722.0
000506.SZ,2026-06-09 13:08:00,13.28,13.28,13.26,13.27,41600,552154.0
000506.SZ,2026-06-09 13:09:00,13.26,13.27,13.25,13.25,88600,1174259.0
000506.SZ,2026-06-09 13:10:00,13.25,13.26,13.24,13.25,100500,1331527.0
000506.SZ,2026-06-09 13:11:00,13.24,13.26,13.24,13.24,96900,1283967.0
000506.SZ,2026-06-09 13:12:00,13.24,13.26,13.24,13.25,35700,472998.0
000506.SZ,2026-06-09 13:13:00,13.24,13.25,13.24,13.24,39300,520319.0
000506.SZ,2026-06-09 13:14:00,13.24,13.25,13.23,13.25,36300,480564.0
000506.SZ,2026-06-09 13:15:00,13.24,13.25,13.23,13.24,46100,610352.0
000506.SZ,2026-06-09 13:16:00,13.24,13.25,13.23,13.23,77400,1024642.0
000506.SZ,2026-06-09 13:17:00,13.22,13.23,13.21,13.23,109600,1448211.0
000506.SZ,2026-06-09 13:18:00,13.23,13.23,13.21,13.21,40900,540740.0
000506.SZ,2026-06-09 13:19:00,13.21,13.26,13.21,13.25,135600,1795296.0
000506.SZ,2026-06-09 13:20:00,13.26,13.26,13.24,13.24,37000,490212.0
000506.SZ,2026-06-09 13:21:00,13.24,13.26,13.23,13.25,43100,570872.0
000506.SZ,2026-06-09 13:22:00,13.26,13.26,13.24,13.24,36800,487642.0
000506.SZ,2026-06-09 13:23:00,13.25,13.25,13.23,13.24,56500,748106.0
000506.SZ,2026-06-09 13:24:00,13.24,13.26,13.24,13.25,51900,687555.0
000506.SZ,2026-06-09 13:25:00,13.25,13.25,13.23,13.23,47700,631328.0
000506.SZ,2026-06-09 13:26:00,13.24,13.25,13.22,13.24,40500,535886.0
000506.SZ,2026-06-09 13:27:00,13.23,13.24,13.22,13.24,31100,411393.0
000506.SZ,2026-06-09 13:28:00,13.24,13.25,13.22,13.22,65200,863077.0
000506.SZ,2026-06-09 13:29:00,13.22,13.23,13.21,13.23,96200,1271609.0
000506.SZ,2026-06-09 13:30:00,13.23,13.23,13.22,13.23,34800,460289.0
000506.SZ,2026-06-09 13:31:00,13.22,13.24,13.22,13.23,42500,562123.0
000506.SZ,2026-06-09 13:32:00,13.23,13.24,13.22,13.24,60500,800594.0
000506.SZ,2026-06-09 13:33:00,13.23,13.26,13.22,13.26,91600,1213735.0
000506.SZ,2026-06-09 13:34:00,13.25,13.28,13.25,13.26,80300,1065234.0
000506.SZ,2026-06-09 13:35:00,13.26,13.29,13.26,13.27,43400,576238.0
000506.SZ,2026-06-09 13:36:00,13.27,13.28,13.26,13.28,42400,562695.0
000506.SZ,2026-06-09 13:37:00,13.28,13.3,13.27,13.29,123100,1635145.0
000506.SZ,2026-06-09 13:38:00,13.29,13.3,13.28,13.29,61200,812985.0
000506.SZ,2026-06-09 13:39:00,13.28,13.28,13.25,13.26,62000,822402.0
000506.SZ,2026-06-09 13:40:00,13.26,13.28,13.26,13.27,45800,607609.0
000506.SZ,2026-06-09 13:41:00,13.28,13.28,13.26,13.27,34600,459191.0
000506.SZ,2026-06-09 13:42:00,13.26,13.29,13.26,13.27,52000,690010.0
000506.SZ,2026-06-09 13:43:00,13.28,13.31,13.26,13.31,77500,1029476.0
000506.SZ,2026-06-09 13:44:00,13.32,13.33,13.3,13.32,74900,997857.0
000506.SZ,2026-06-09 13:45:00,13.34,13.34,13.3,13.31,79500,1059317.0
000506.SZ,2026-06-09 13:46:00,13.3,13.31,13.29,13.29,83500,1110909.0
000506.SZ,2026-06-09 13:47:00,13.3,13.31,13.3,13.3,16900,224755.0
000506.SZ,2026-06-09 13:48:00,13.31,13.34,13.31,13.33,124600,1659754.0
000506.SZ,2026-06-09 13:49:00,13.34,13.34,13.33,13.34,60100,801578.0
000506.SZ,2026-06-09 13:50:00,13.34,13.34,13.33,13.33,60100,801259.0
000506.SZ,2026-06-09 13:51:00,13.33,13.33,13.31,13.31,60400,804751.0
000506.SZ,2026-06-09 13:52:00,13.32,13.32,13.3,13.31,24900,331449.0
000506.SZ,2026-06-09 13:53:00,13.32,13.32,13.3,13.3,48300,642721.0
000506.SZ,2026-06-09 13:54:00,13.31,13.31,13.29,13.31,56800,755643.0
000506.SZ,2026-06-09 13:55:00,13.32,13.32,13.3,13.3,38900,517618.0
000506.SZ,2026-06-09 13:56:00,13.32,13.32,13.3,13.31,81300,1082284.0
000506.SZ,2026-06-09 13:57:00,13.3,13.32,13.3,13.31,30900,411283.0
000506.SZ,2026-06-09 13:58:00,13.31,13.32,13.3,13.3,88400,1175952.0
000506.SZ,2026-06-09 13:59:00,13.31,13.31,13.29,13.29,45100,600031.0
000506.SZ,2026-06-09 14:00:00,13.3,13.3,13.28,13.28,69800,927539.0
000506.SZ,2026-06-09 14:01:00,13.29,13.31,13.29,13.31,55000,731360.0
000506.SZ,2026-06-09 14:02:00,13.33,13.37,13.33,13.37,173800,2319329.0
000506.SZ,2026-06-09 14:03:00,13.38,13.39,13.37,13.38,142100,1900905.0
000506.SZ,2026-06-09 14:04:00,13.38,13.39,13.38,13.38,107400,1437405.0
000506.SZ,2026-06-09 14:05:00,13.39,13.4,13.39,13.39,57500,770157.0
000506.SZ,2026-06-09 14:06:00,13.4,13.45,13.39,13.44,262800,3526762.0
000506.SZ,2026-06-09 14:07:00,13.44,13.47,13.44,13.46,134200,1805632.0
000506.SZ,2026-06-09 14:08:00,13.47,13.47,13.45,13.45,154100,2073642.0
000506.SZ,2026-06-09 14:09:00,13.47,13.52,13.46,13.52,734300,9904875.0
000506.SZ,2026-06-09 14:10:00,13.55,13.55,13.53,13.54,354600,4804158.0
000506.SZ,2026-06-09 14:11:00,13.54,13.55,13.54,13.54,149100,2019320.0
000506.SZ,2026-06-09 14:12:00,13.54,13.54,13.51,13.51,139700,1889371.0
000506.SZ,2026-06-09 14:13:00,13.51,13.51,13.47,13.5,156800,2114274.0
000506.SZ,2026-06-09 14:14:00,13.5,13.51,13.48,13.49,66800,901579.0
000506.SZ,2026-06-09 14:15:00,13.49,13.5,13.46,13.47,106500,1435317.0
000506.SZ,2026-06-09 14:16:00,13.47,13.49,13.47,13.49,60700,818336.0
000506.SZ,2026-06-09 14:17:00,13.5,13.51,13.49,13.5,125500,1694375.0
000506.SZ,2026-06-09 14:18:00,13.5,13.52,13.5,13.52,256800,3469201.0
000506.SZ,2026-06-09 14:19:00,13.53,13.53,13.5,13.51,127800,1727243.0
000506.SZ,2026-06-09 14:20:00,13.52,13.52,13.5,13.51,45400,613248.0
000506.SZ,2026-06-09 14:21:00,13.51,13.52,13.51,13.51,132600,1791633.0
000506.SZ,2026-06-09 14:22:00,13.53,13.56,13.53,13.56,202100,2736828.0
000506.SZ,2026-06-09 14:23:00,13.56,13.57,13.54,13.54,64000,867583.0
000506.SZ,2026-06-09 14:24:00,13.54,13.55,13.54,13.55,32000,433312.0
000506.SZ,2026-06-09 14:25:00,13.54,13.55,13.53,13.54,106000,1435608.0
000506.SZ,2026-06-09 14:26:00,13.55,13.55,13.5,13.52,369800,5002269.0
000506.SZ,2026-06-09 14:27:00,13.53,13.54,13.53,13.54,97300,1317044.0
000506.SZ,2026-06-09 14:28:00,13.54,13.56,13.53,13.56,103900,1406829.0
000506.SZ,2026-06-09 14:29:00,13.56,13.57,13.55,13.55,120200,1629453.0
000506.SZ,2026-06-09 14:30:00,13.55,13.55,13.53,13.53,110800,1499899.0
000506.SZ,2026-06-09 14:31:00,13.53,13.56,13.53,13.56,201100,2724739.0
000506.SZ,2026-06-09 14:32:00,13.57,13.59,13.57,13.58,548400,7442674.0
000506.SZ,2026-06-09 14:33:00,13.58,13.59,13.56,13.57,167400,2272865.0
000506.SZ,2026-06-09 14:34:00,13.56,13.56,13.55,13.56,73100,990808.0
000506.SZ,2026-06-09 14:35:00,13.57,13.58,13.56,13.57,93900,1274271.0
000506.SZ,2026-06-09 14:36:00,13.56,13.57,13.55,13.56,103900,1409213.0
000506.SZ,2026-06-09 14:37:00,13.56,13.57,13.56,13.56,65200,884469.0
000506.SZ,2026-06-09 14:38:00,13.57,13.58,13.56,13.56,267100,3624551.0
000506.SZ,2026-06-09 14:39:00,13.58,13.58,13.56,13.56,63400,860167.0
000506.SZ,2026-06-09 14:40:00,13.56,13.59,13.56,13.58,180500,2451132.0
000506.SZ,2026-06-09 14:41:00,13.59,13.59,13.58,13.59,55100,748300.0
000506.SZ,2026-06-09 14:42:00,13.59,13.6,13.58,13.58,95600,1299072.0
000506.SZ,2026-06-09 14:43:00,13.57,13.58,13.57,13.57,69600,944679.0
000506.SZ,2026-06-09 14:44:00,13.57,13.57,13.56,13.56,68400,927866.0
000506.SZ,2026-06-09 14:45:00,13.57,13.57,13.56,13.56,100800,1367069.0
000506.SZ,2026-06-09 14:46:00,13.56,13.57,13.55,13.57,84000,1139254.0
000506.SZ,2026-06-09 14:47:00,13.58,13.58,13.57,13.58,116400,1579699.0
000506.SZ,2026-06-09 14:48:00,13.58,13.58,13.57,13.57,56900,772210.0
000506.SZ,2026-06-09 14:49:00,13.56,13.57,13.5,13.52,1273300,17200344.0
000506.SZ,2026-06-09 14:50:00,13.5,13.53,13.5,13.5,179700,2428334.0
000506.SZ,2026-06-09 14:51:00,13.5,13.53,13.5,13.51,226700,3063619.0
000506.SZ,2026-06-09 14:52:00,13.52,13.52,13.5,13.51,67800,916011.0
000506.SZ,2026-06-09 14:53:00,13.51,13.52,13.48,13.49,315400,4256915.0
000506.SZ,2026-06-09 14:54:00,13.5,13.5,13.49,13.5,151100,2039279.0
000506.SZ,2026-06-09 14:55:00,13.49,13.49,13.47,13.48,217000,2925088.0
000506.SZ,2026-06-09 14:56:00,13.49,13.49,13.45,13.46,278400,3748086.0
000506.SZ,2026-06-09 14:57:00,13.45,13.46,13.44,13.45,201500,2710504.0
000506.SZ,2026-06-09 14:58:00,13.45,13.45,13.45,13.45,0,0.0
000506.SZ,2026-06-09 14:59:00,13.45,13.45,13.45,13.45,0,0.0
000506.SZ,2026-06-09 15:00:00,13.46,13.46,13.46,13.46,131600,1771336.0
000506.SZ,2026-06-10 09:30:00,13.0,13.04,13.0,13.0,601200,7818171.0
000506.SZ,2026-06-10 09:31:00,13.0,13.0,12.7,12.95,1425800,18356752.0
000506.SZ,2026-06-10 09:32:00,12.98,13.08,12.97,13.02,505600,6580321.0
000506.SZ,2026-06-10 09:33:00,13.0,13.17,12.98,13.14,564900,7376732.0
000506.SZ,2026-06-10 09:34:00,13.15,13.15,13.12,13.14,337000,4425193.0
000506.SZ,2026-06-10 09:35:00,13.13,13.16,13.13,13.15,352200,4627944.0
000506.SZ,2026-06-10 09:36:00,13.15,13.2,13.12,13.18,298600,3930778.0
000506.SZ,2026-06-10 09:37:00,13.19,13.23,13.17,13.22,308000,4066373.0
000506.SZ,2026-06-10 09:38:00,13.22,13.22,13.17,13.17,319200,4213998.0
000506.SZ,2026-06-10 09:39:00,13.17,13.17,13.12,13.15,496600,6529379.0
000506.SZ,2026-06-10 09:40:00,13.16,13.16,13.08,13.08,242700,3185279.0
000506.SZ,2026-06-10 09:41:00,13.06,13.07,13.04,13.05,296600,3872480.0
000506.SZ,2026-06-10 09:42:00,13.05,13.07,12.99,12.99,395300,5150205.0
000506.SZ,2026-06-10 09:43:00,13.0,13.02,12.99,13.01,279900,3638685.0
000506.SZ,2026-06-10 09:44:00,13.0,13.0,12.94,12.95,545500,7083620.0
000506.SZ,2026-06-10 09:45:00,12.95,12.97,12.94,12.95,274000,3549445.0
000506.SZ,2026-06-10 09:46:00,12.95,13.0,12.94,12.96,253700,3288446.0
000506.SZ,2026-06-10 09:47:00,12.95,12.96,12.91,12.91,397800,5144685.0
000506.SZ,2026-06-10 09:48:00,12.91,12.95,12.91,12.94,318800,4121217.0
000506.SZ,2026-06-10 09:49:00,12.94,12.94,12.9,12.94,239420,3093300.5
000506.SZ,2026-06-10 09:50:00,12.94,12.96,12.93,12.95,163400,2115020.0
000506.SZ,2026-06-10 09:51:00,12.95,12.96,12.93,12.93,268700,3478401.0
000506.SZ,2026-06-10 09:52:00,12.93,12.94,12.91,12.93,169600,2192386.0
000506.SZ,2026-06-10 09:53:00,12.94,12.94,12.92,12.93,178900,2311826.0
000506.SZ,2026-06-10 09:54:00,12.93,12.95,12.91,12.91,170500,2204559.0
000506.SZ,2026-06-10 09:55:00,12.92,12.92,12.9,12.91,358500,4626203.0
000506.SZ,2026-06-10 09:56:00,12.91,12.95,12.91,12.94,160800,2078265.0
000506.SZ,2026-06-10 09:57:00,12.95,12.95,12.93,12.93,126700,1639461.0
000506.SZ,2026-06-10 09:58:00,12.93,12.95,12.93,12.95,125600,1624794.0
000506.SZ,2026-06-10 09:59:00,12.94,12.94,12.91,12.92,293700,3796212.0
000506.SZ,2026-06-10 10:00:00,12.92,12.94,12.92,12.93,110600,1430033.0
000506.SZ,2026-06-10 10:01:00,12.92,12.92,12.89,12.9,508500,6560687.0
000506.SZ,2026-06-10 10:02:00,12.9,12.91,12.89,12.9,234300,3022762.0
000506.SZ,2026-06-10 10:03:00,12.92,12.92,12.89,12.9,123800,1597571.0
000506.SZ,2026-06-10 10:04:00,12.9,12.91,12.87,12.9,286200,3688585.0
000506.SZ,2026-06-10 10:05:00,12.89,12.89,12.85,12.85,212500,2734541.0
000506.SZ,2026-06-10 10:06:00,12.85,12.85,12.83,12.84,170400,2187981.0
000506.SZ,2026-06-10 10:07:00,12.84,12.85,12.82,12.83,211600,2716493.0
000506.SZ,2026-06-10 10:08:00,12.82,12.82,12.8,12.81,221800,2840458.0
000506.SZ,2026-06-10 10:09:00,12.81,12.81,12.79,12.81,281400,3602283.0
000506.SZ,2026-06-10 10:10:00,12.8,12.81,12.78,12.79,144900,1853200.0
000506.SZ,2026-06-10 10:11:00,12.78,12.79,12.76,12.79,212100,2710045.0
000506.SZ,2026-06-10 10:12:00,12.8,12.83,12.78,12.81,121300,1552385.0
000506.SZ,2026-06-10 10:13:00,12.81,12.81,12.79,12.8,165600,2119774.0
000506.SZ,2026-06-10 10:14:00,12.8,12.81,12.79,12.81,198100,2534966.0
000506.SZ,2026-06-10 10:15:00,12.8,12.81,12.8,12.8,123400,1579718.0
000506.SZ,2026-06-10 10:16:00,12.79,12.82,12.79,12.81,247000,3164217.0
000506.SZ,2026-06-10 10:17:00,12.81,12.81,12.75,12.76,214800,2744458.0
000506.SZ,2026-06-10 10:18:00,12.76,12.78,12.75,12.75,159300,2033145.0
000506.SZ,2026-06-10 10:19:00,12.77,12.77,12.75,12.76,272700,3478007.0
000506.SZ,2026-06-10 10:20:00,12.77,12.79,12.74,12.77,220300,2811191.0
000506.SZ,2026-06-10 10:21:00,12.77,12.77,12.75,12.76,120700,1539985.0
000506.SZ,2026-06-10 10:22:00,12.76,12.79,12.76,12.77,140300,1792315.0
000506.SZ,2026-06-10 10:23:00,12.77,12.8,12.77,12.78,205800,2631009.0
000506.SZ,2026-06-10 10:24:00,12.78,12.8,12.78,12.8,140500,1796933.0
000506.SZ,2026-06-10 10:25:00,12.79,12.8,12.78,12.78,62200,795552.0
000506.SZ,2026-06-10 10:26:00,12.79,12.81,12.79,12.79,212100,2713758.0
000506.SZ,2026-06-10 10:27:00,12.78,12.79,12.78,12.79,96400,1232501.0
000506.SZ,2026-06-10 10:28:00,12.78,12.79,12.75,12.76,113000,1442776.0
000506.SZ,2026-06-10 10:29:00,12.76,12.76,12.74,12.75,155900,1987036.0
000506.SZ,2026-06-10 10:30:00,12.75,12.75,12.74,12.74,80900,1031157.0
000506.SZ,2026-06-10 10:31:00,12.74,12.75,12.74,12.75,110100,1403447.0
000506.SZ,2026-06-10 10:32:00,12.75,12.77,12.74,12.75,169600,2161770.0
000506.SZ,2026-06-10 10:33:00,12.76,12.76,12.72,12.72,139800,1780222.0
000506.SZ,2026-06-10 10:34:00,12.72,12.73,12.71,12.72,265600,3377551.0
000506.SZ,2026-06-10 10:35:00,12.71,12.73,12.7,12.73,282300,3587708.0
000506.SZ,2026-06-10 10:36:00,12.72,12.72,12.71,12.71,133200,1693378.0
000506.SZ,2026-06-10 10:37:00,12.71,12.72,12.7,12.72,146200,1858961.0
000506.SZ,2026-06-10 10:38:00,12.72,12.72,12.68,12.68,643248,8169068.5
000506.SZ,2026-06-10 10:39:00,12.68,12.68,12.66,12.68,197700,2505398.0
000506.SZ,2026-06-10 10:40:00,12.68,12.69,12.67,12.67,168700,2138109.0
000506.SZ,2026-06-10 10:41:00,12.67,12.69,12.67,12.68,90600,1149094.0
000506.SZ,2026-06-10 10:42:00,12.69,12.7,12.67,12.7,108800,1380651.0
000506.SZ,2026-06-10 10:43:00,12.69,12.72,12.69,12.7,156500,1987756.0
000506.SZ,2026-06-10 10:44:00,12.7,12.7,12.68,12.69,92800,1177869.0
000506.SZ,2026-06-10 10:45:00,12.68,12.69,12.67,12.68,55400,702512.0
000506.SZ,2026-06-10 10:46:00,12.67,12.69,12.67,12.69,244600,3099794.0
000506.SZ,2026-06-10 10:47:00,12.69,12.7,12.68,12.68,131500,1668442.0
000506.SZ,2026-06-10 10:48:00,12.69,12.69,12.67,12.67,102700,1302322.0
000506.SZ,2026-06-10 10:49:00,12.67,12.69,12.65,12.69,311900,3948225.0
000506.SZ,2026-06-10 10:50:00,12.69,12.69,12.68,12.69,72600,921297.0
000506.SZ,2026-06-10 10:51:00,12.68,12.7,12.68,12.7,72100,915053.0
000506.SZ,2026-06-10 10:52:00,12.7,12.7,12.67,12.67,118100,1498468.0
000506.SZ,2026-06-10 10:53:00,12.67,12.67,12.65,12.65,112800,1428104.0
000506.SZ,2026-06-10 10:54:00,12.66,12.67,12.65,12.65,134000,1695833.0
000506.SZ,2026-06-10 10:55:00,12.64,12.65,12.63,12.63,80400,1016125.0
000506.SZ,2026-06-10 10:56:00,12.63,12.63,12.59,12.6,458300,5777232.0
000506.SZ,2026-06-10 10:57:00,12.62,12.62,12.6,12.6,181700,2290260.0
000506.SZ,2026-06-10 10:58:00,12.59,12.61,12.59,12.61,136000,1714015.0
000506.SZ,2026-06-10 10:59:00,12.61,12.64,12.6,12.63,107200,1352576.0
000506.SZ,2026-06-10 11:00:00,12.63,12.64,12.62,12.63,42900,541673.0
000506.SZ,2026-06-10 11:01:00,12.62,12.63,12.61,12.62,61400,774881.0
000506.SZ,2026-06-10 11:02:00,12.63,12.65,12.63,12.65,163400,2064447.0
000506.SZ,2026-06-10 11:03:00,12.64,12.66,12.64,12.64,78100,988053.0
000506.SZ,2026-06-10 11:04:00,12.64,12.64,12.62,12.62,89500,1130500.0
000506.SZ,2026-06-10 11:05:00,12.61,12.62,12.61,12.62,148800,1877151.0
000506.SZ,2026-06-10 11:06:00,12.62,12.64,12.62,12.63,50200,633963.0
000506.SZ,2026-06-10 11:07:00,12.62,12.63,12.62,12.62,79600,1004767.0
000506.SZ,2026-06-10 11:08:00,12.63,12.63,12.58,12.59,242800,3060009.0
000506.SZ,2026-06-10 11:09:00,12.59,12.64,12.59,12.63,180700,2279253.0
000506.SZ,2026-06-10 11:10:00,12.63,12.64,12.63,12.63,59500,751731.0
000506.SZ,2026-06-10 11:11:00,12.62,12.64,12.62,12.63,93100,1175817.0
000506.SZ,2026-06-10 11:12:00,12.62,12.63,12.61,12.61,89900,1134318.0
000506.SZ,2026-06-10 11:13:00,12.61,12.63,12.59,12.59,778500,9810567.0
000506.SZ,2026-06-10 11:14:00,12.58,12.6,12.58,12.59,77200,971875.0
000506.SZ,2026-06-10 11:15:00,12.6,12.63,12.6,12.61,367100,4625800.0
000506.SZ,2026-06-10 11:16:00,12.6,12.65,12.6,12.64,71400,901864.0
000506.SZ,2026-06-10 11:17:00,12.64,12.66,12.64,12.66,60600,766212.0
000506.SZ,2026-06-10 11:18:00,12.66,12.66,12.64,12.64,57200,723598.0
000506.SZ,2026-06-10 11:19:00,12.64,12.64,12.63,12.64,79000,997853.0
000506.SZ,2026-06-10 11:20:00,12.64,12.64,12.61,12.61,128000,1615643.0
000506.SZ,2026-06-10 11:21:00,12.6,12.62,12.6,12.62,237600,2994389.0
000506.SZ,2026-06-10 11:22:00,12.62,12.62,12.6,12.6,157200,1981107.0
000506.SZ,2026-06-10 11:23:00,12.6,12.61,12.59,12.61,39000,491421.0
000506.SZ,2026-06-10 11:24:00,12.6,12.6,12.59,12.6,26400,332613.0
000506.SZ,2026-06-10 11:25:00,12.59,12.6,12.58,12.59,148500,1869318.0
000506.SZ,2026-06-10 11:26:00,12.59,12.61,12.59,12.61,51900,654117.0
000506.SZ,2026-06-10 11:27:00,12.6,12.62,12.6,12.62,156700,1974918.0
000506.SZ,2026-06-10 11:28:00,12.61,12.62,12.6,12.62,409200,5156760.0
000506.SZ,2026-06-10 11:29:00,12.62,12.63,12.62,12.62,64200,810378.0
000506.SZ,2026-06-10 11:30:00,12.62,12.64,12.62,12.64,54600,689664.0
000506.SZ,2026-06-10 13:01:00,12.64,12.64,12.52,12.54,850100,10697510.0
000506.SZ,2026-06-10 13:02:00,12.53,12.55,12.53,12.54,159200,1995781.0
000506.SZ,2026-06-10 13:03:00,12.54,12.57,12.54,12.56,79900,1003000.0
000506.SZ,2026-06-10 13:04:00,12.56,12.6,12.55,12.6,159300,2001527.0
000506.SZ,2026-06-10 13:05:00,12.59,12.59,12.56,12.59,118900,1495418.0
000506.SZ,2026-06-10 13:06:00,12.59,12.59,12.55,12.56,179200,2251191.0
000506.SZ,2026-06-10 13:07:00,12.56,12.56,12.55,12.55,97300,1221495.0
000506.SZ,2026-06-10 13:08:00,12.54,12.55,12.52,12.55,238100,2984427.0
000506.SZ,2026-06-10 13:09:00,12.54,12.55,12.54,12.54,97500,1222923.0
000506.SZ,2026-06-10 13:10:00,12.54,12.54,12.51,12.52,116500,1459296.0
000506.SZ,2026-06-10 13:11:00,12.52,12.53,12.51,12.51,116900,1462854.0
000506.SZ,2026-06-10 13:12:00,12.52,12.53,12.52,12.52,103500,1295795.0
000506.SZ,2026-06-10 13:13:00,12.53,12.53,12.5,12.5,104200,1303886.0
000506.SZ,2026-06-10 13:14:00,12.5,12.51,12.48,12.5,304900,3810541.0
000506.SZ,2026-06-10 13:15:00,12.49,12.51,12.49,12.5,124900,1561871.0
000506.SZ,2026-06-10 13:16:00,12.5,12.53,12.5,12.53,74200,928884.0
000506.SZ,2026-06-10 13:17:00,12.52,12.54,12.52,12.54,79800,1000065.0
000506.SZ,2026-06-10 13:18:00,12.54,12.55,12.53,12.53,82600,1034945.0
000506.SZ,2026-06-10 13:19:00,12.51,12.54,12.51,12.54,115100,1442135.0
000506.SZ,2026-06-10 13:20:00,12.54,12.56,12.53,12.56,192000,2406928.0
000506.SZ,2026-06-10 13:21:00,12.58,12.6,12.56,12.56,144900,1819430.0
000506.SZ,2026-06-10 13:22:00,12.55,12.56,12.49,12.54,272000,3403846.0
000506.SZ,2026-06-10 13:23:00,12.52,12.56,12.5,12.5,757900,9484590.0
000506.SZ,2026-06-10 13:24:00,12.53,12.55,12.5,12.55,268200,3357212.0
000506.SZ,2026-06-10 13:25:00,12.54,12.54,12.49,12.51,312600,3912401.0
000506.SZ,2026-06-10 13:26:00,12.53,12.53,12.49,12.5,170800,2136177.0
000506.SZ,2026-06-10 13:27:00,12.5,12.57,12.49,12.56,175400,2195368.0
000506.SZ,2026-06-10 13:28:00,12.56,12.57,12.53,12.54,99700,1251211.0
000506.SZ,2026-06-10 13:29:00,12.54,12.55,12.54,12.54,15800,198155.0
000506.SZ,2026-06-10 13:30:00,12.54,12.55,12.54,12.54,70500,884462.0
000506.SZ,2026-06-10 13:31:00,12.55,12.56,12.51,12.52,234300,2938233.0
000506.SZ,2026-06-10 13:32:00,12.51,12.52,12.49,12.51,131500,1644455.0
000506.SZ,2026-06-10 13:33:00,12.52,12.56,12.52,12.56,96400,1208377.0
000506.SZ,2026-06-10 13:34:00,12.56,12.56,12.51,12.54,121100,1517002.0
000506.SZ,2026-06-10 13:35:00,12.54,12.55,12.54,12.55,60800,762569.0
000506.SZ,2026-06-10 13:36:00,12.54,12.57,12.53,12.57,193600,2430359.0
000506.SZ,2026-06-10 13:37:00,12.57,12.58,12.55,12.55,55500,697544.0
000506.SZ,2026-06-10 13:38:00,12.56,12.58,12.56,12.56,97800,1229185.0
000506.SZ,2026-06-10 13:39:00,12.56,12.57,12.53,12.53,80100,1004856.0
000506.SZ,2026-06-10 13:40:00,12.53,12.55,12.53,12.55,95100,1191943.0
000506.SZ,2026-06-10 13:41:00,12.55,12.56,12.54,12.54,149200,1871435.0
000506.SZ,2026-06-10 13:42:00,12.55,12.58,12.55,12.56,103100,1295396.0
000506.SZ,2026-06-10 13:43:00,12.57,12.59,12.57,12.59,127600,1605247.0
000506.SZ,2026-06-10 13:44:00,12.61,12.62,12.58,12.59,186400,2348037.0
000506.SZ,2026-06-10 13:45:00,12.58,12.58,12.55,12.56,82900,1041959.0
000506.SZ,2026-06-10 13:46:00,12.55,12.6,12.55,12.59,153400,1927894.0
000506.SZ,2026-06-10 13:47:00,12.59,12.59,12.57,12.57,56100,705811.0
000506.SZ,2026-06-10 13:48:00,12.57,12.57,12.55,12.55,49000,615391.0
000506.SZ,2026-06-10 13:49:00,12.56,12.56,12.53,12.54,96500,1210127.0
000506.SZ,2026-06-10 13:50:00,12.53,12.55,12.53,12.55,39500,495513.0
000506.SZ,2026-06-10 13:51:00,12.55,12.55,12.53,12.53,115700,1451486.0
000506.SZ,2026-06-10 13:52:00,12.53,12.55,12.52,12.55,120000,1504425.0
000506.SZ,2026-06-10 13:53:00,12.55,12.59,12.55,12.58,132500,1665937.0
000506.SZ,2026-06-10 13:54:00,12.58,12.62,12.58,12.61,117000,1474295.0
000506.SZ,2026-06-10 13:55:00,12.61,12.65,12.61,12.63,110100,1390006.0
000506.SZ,2026-06-10 13:56:00,12.64,12.66,12.64,12.66,60400,763951.0
000506.SZ,2026-06-10 13:57:00,12.66,12.67,12.66,12.67,40200,509170.0
000506.SZ,2026-06-10 13:58:00,12.67,12.69,12.67,12.69,91800,1164008.0
000506.SZ,2026-06-10 13:59:00,12.69,12.69,12.67,12.68,109000,1382034.0
000506.SZ,2026-06-10 14:00:00,12.69,12.77,12.68,12.72,420800,5352561.0
000506.SZ,2026-06-10 14:01:00,12.72,12.74,12.72,12.73,80300,1022216.0
000506.SZ,2026-06-10 14:02:00,12.74,12.75,12.73,12.74,98500,1254947.0
000506.SZ,2026-06-10 14:03:00,12.75,12.77,12.74,12.75,183900,2345955.0
000506.SZ,2026-06-10 14:04:00,12.73,12.74,12.71,12.72,134000,1704583.0
000506.SZ,2026-06-10 14:05:00,12.72,12.75,12.7,12.7,181700,2312198.0
000506.SZ,2026-06-10 14:06:00,12.71,12.71,12.69,12.69,47400,602111.0
000506.SZ,2026-06-10 14:07:00,12.7,12.71,12.67,12.69,125200,1588302.0
000506.SZ,2026-06-10 14:08:00,12.7,12.74,12.69,12.74,128500,1633353.0
000506.SZ,2026-06-10 14:09:00,12.76,12.8,12.76,12.77,223200,2851676.0
000506.SZ,2026-06-10 14:10:00,12.79,12.81,12.75,12.75,128400,1642017.0
000506.SZ,2026-06-10 14:11:00,12.75,12.75,12.73,12.74,59100,752906.0
000506.SZ,2026-06-10 14:12:00,12.74,12.76,12.73,12.76,93200,1187552.0
000506.SZ,2026-06-10 14:13:00,12.77,12.79,12.76,12.78,75000,958230.0
000506.SZ,2026-06-10 14:14:00,12.78,12.78,12.76,12.76,56300,718875.0
000506.SZ,2026-06-10 14:15:00,12.78,12.79,12.75,12.75,160900,2054691.0
000506.SZ,2026-06-10 14:16:00,12.75,12.75,12.72,12.72,151600,1929632.0
000506.SZ,2026-06-10 14:17:00,12.72,12.75,12.72,12.72,85800,1092279.0
000506.SZ,2026-06-10 14:18:00,12.72,12.78,12.71,12.77,941900,11993300.0
000506.SZ,2026-06-10 14:19:00,12.78,12.78,12.77,12.77,51700,660418.0
000506.SZ,2026-06-10 14:20:00,12.77,12.81,12.77,12.81,115900,1481939.0
000506.SZ,2026-06-10 14:21:00,12.81,12.84,12.81,12.83,122600,1571994.0
000506.SZ,2026-06-10 14:22:00,12.83,12.83,12.79,12.79,129400,1657194.0
000506.SZ,2026-06-10 14:23:00,12.8,12.8,12.78,12.78,58700,750715.0
000506.SZ,2026-06-10 14:24:00,12.79,12.79,12.76,12.76,74500,951752.0
000506.SZ,2026-06-10 14:25:00,12.76,12.76,12.74,12.74,85600,1091324.0
000506.SZ,2026-06-10 14:26:00,12.75,12.75,12.72,12.73,83800,1067684.0
000506.SZ,2026-06-10 14:27:00,12.73,12.75,12.73,12.75,119800,1525356.0
000506.SZ,2026-06-10 14:28:00,12.75,12.76,12.74,12.74,52700,672056.0
000506.SZ,2026-06-10 14:29:00,12.72,12.73,12.71,12.72,83500,1062016.0
000506.SZ,2026-06-10 14:30:00,12.73,12.75,12.73,12.74,150000,1910086.0
000506.SZ,2026-06-10 14:31:00,12.76,12.78,12.76,12.76,159800,2039397.0
000506.SZ,2026-06-10 14:32:00,12.76,12.79,12.75,12.78,112500,1436982.0
000506.SZ,2026-06-10 14:33:00,12.79,12.79,12.77,12.78,152700,1951496.0
000506.SZ,2026-06-10 14:34:00,12.78,12.79,12.76,12.77,142400,1819688.0
000506.SZ,2026-06-10 14:35:00,12.77,12.78,12.75,12.75,81700,1043261.0
000506.SZ,2026-06-10 14:36:00,12.75,12.75,12.74,12.75,140300,1788135.0
000506.SZ,2026-06-10 14:37:00,12.74,12.76,12.74,12.75,95100,1212426.0
000506.SZ,2026-06-10 14:38:00,12.73,12.75,12.73,12.73,88100,1122418.0
000506.SZ,2026-06-10 14:39:00,12.73,12.74,12.72,12.73,176100,2240919.0
000506.SZ,2026-06-10 14:40:00,12.73,12.74,12.72,12.72,108500,1381193.0
000506.SZ,2026-06-10 14:41:00,12.72,12.72,12.71,12.72,114600,1457265.0
000506.SZ,2026-06-10 14:42:00,12.71,12.72,12.7,12.72,78700,1000623.0
000506.SZ,2026-06-10 14:43:00,12.72,12.74,12.72,12.72,162700,2070133.0
000506.SZ,2026-06-10 14:44:00,12.71,12.73,12.71,12.73,90300,1148822.0
000506.SZ,2026-06-10 14:45:00,12.73,12.75,12.73,12.74,174500,2222343.0
000506.SZ,2026-06-10 14:46:00,12.74,12.75,12.72,12.75,139700,1779632.0
000506.SZ,2026-06-10 14:47:00,12.75,12.76,12.75,12.76,133700,1704972.0
000506.SZ,2026-06-10 14:48:00,12.74,12.75,12.73,12.74,143100,1822445.0
000506.SZ,2026-06-10 14:49:00,12.74,12.75,12.73,12.74,83600,1065178.0
000506.SZ,2026-06-10 14:50:00,12.73,12.75,12.73,12.74,193600,2465397.0
000506.SZ,2026-06-10 14:51:00,12.75,12.78,12.75,12.77,218900,2793893.0
000506.SZ,2026-06-10 14:52:00,12.76,12.76,12.74,12.75,112000,1428311.0
000506.SZ,2026-06-10 14:53:00,12.75,12.75,12.73,12.74,168400,2145291.0
000506.SZ,2026-06-10 14:54:00,12.74,12.74,12.72,12.73,232108,2954077.5
000506.SZ,2026-06-10 14:55:00,12.74,12.74,12.73,12.73,186380,2373256.5
000506.SZ,2026-06-10 14:56:00,12.73,12.74,12.72,12.73,129400,1647366.0
000506.SZ,2026-06-10 14:57:00,12.73,12.76,12.73,12.75,231500,2949528.0
000506.SZ,2026-06-10 14:58:00,12.75,12.75,12.75,12.75,0,0.0
000506.SZ,2026-06-10 14:59:00,12.75,12.75,12.75,12.75,0,0.0
000506.SZ,2026-06-10 15:00:00,12.75,12.75,12.75,12.75,118200,1507050.0
000506.SZ,2026-06-11 09:30:00,12.41,12.45,12.36,12.4,306900,3807729.0
000506.SZ,2026-06-11 09:31:00,12.41,12.66,12.41,12.6,1204600,15082610.0
000506.SZ,2026-06-11 09:32:00,12.63,12.67,12.59,12.65,636600,8035824.0
000506.SZ,2026-06-11 09:33:00,12.64,12.65,12.59,12.59,285800,3608015.0
000506.SZ,2026-06-11 09:34:00,12.59,12.59,12.54,12.55,236700,2973293.0
000506.SZ,2026-06-11 09:35:00,12.55,12.55,12.51,12.53,340800,4268234.0
000506.SZ,2026-06-11 09:36:00,12.53,12.58,12.53,12.54,614300,7706156.0
000506.SZ,2026-06-11 09:37:00,12.55,12.57,12.52,12.56,145200,1822145.0
000506.SZ,2026-06-11 09:38:00,12.56,12.58,12.56,12.57,322000,4045199.0
000506.SZ,2026-06-11 09:39:00,12.56,12.64,12.56,12.64,463000,5833770.0
000506.SZ,2026-06-11 09:40:00,12.62,12.68,12.62,12.66,345300,4366832.0
000506.SZ,2026-06-11 09:41:00,12.66,12.69,12.64,12.69,249200,3154764.0
000506.SZ,2026-06-11 09:42:00,12.7,12.71,12.67,12.7,260100,3301816.0
000506.SZ,2026-06-11 09:43:00,12.71,12.73,12.69,12.69,224300,2849880.0
000506.SZ,2026-06-11 09:44:00,12.69,12.71,12.67,12.71,345500,4384812.0
000506.SZ,2026-06-11 09:45:00,12.73,12.74,12.72,12.73,235100,2992092.0
000506.SZ,2026-06-11 09:46:00,12.73,12.74,12.7,12.74,323200,4108254.0
000506.SZ,2026-06-11 09:47:00,12.75,12.75,12.72,12.72,229300,2919375.0
000506.SZ,2026-06-11 09:48:00,12.73,12.89,12.73,12.88,475700,6088864.0
000506.SZ,2026-06-11 09:49:00,12.87,12.87,12.84,12.86,289000,3717531.0
000506.SZ,2026-06-11 09:50:00,12.86,12.88,12.85,12.87,348400,4480903.0
000506.SZ,2026-06-11 09:51:00,12.86,12.89,12.85,12.85,196000,2523275.0
000506.SZ,2026-06-11 09:52:00,12.85,12.87,12.81,12.82,499000,6401599.0
000506.SZ,2026-06-11 09:53:00,12.86,12.87,12.81,12.86,129575,1663335.2
000506.SZ,2026-06-11 09:54:00,12.87,12.92,12.87,12.89,370200,4771585.0
000506.SZ,2026-06-11 09:55:00,12.91,12.93,12.9,12.91,400000,5164446.0
000506.SZ,2026-06-11 09:56:00,12.91,13.0,12.89,12.99,419000,5428167.0
000506.SZ,2026-06-11 09:57:00,12.98,13.03,12.97,13.02,336100,4366585.0
000506.SZ,2026-06-11 09:58:00,13.03,13.04,13.0,13.04,305200,3972348.0
000506.SZ,2026-06-11 09:59:00,13.04,13.04,12.97,12.97,226900,2947714.0
000506.SZ,2026-06-11 10:00:00,12.96,12.98,12.94,12.94,193300,2505599.0
000506.SZ,2026-06-11 10:01:00,12.93,12.93,12.9,12.9,211100,2727405.0
000506.SZ,2026-06-11 10:02:00,12.9,12.91,12.88,12.9,353000,4553007.0
000506.SZ,2026-06-11 10:03:00,12.9,12.9,12.85,12.86,169700,2184186.0
000506.SZ,2026-06-11 10:04:00,12.86,12.86,12.84,12.84,160500,2062641.0
000506.SZ,2026-06-11 10:05:00,12.84,12.86,12.82,12.86,406300,5211987.0
000506.SZ,2026-06-11 10:06:00,12.86,12.87,12.84,12.85,111100,1428707.0
000506.SZ,2026-06-11 10:07:00,12.84,12.84,12.81,12.82,109500,1404797.0
000506.SZ,2026-06-11 10:08:00,12.83,12.85,12.82,12.82,75800,972735.0
000506.SZ,2026-06-11 10:09:00,12.82,12.82,12.79,12.79,127700,1635493.0
000506.SZ,2026-06-11 10:10:00,12.79,12.8,12.78,12.78,112800,1442306.0
000506.SZ,2026-06-11 10:11:00,12.79,12.79,12.75,12.75,181600,2318616.0
000506.SZ,2026-06-11 10:12:00,12.74,12.74,12.71,12.71,161500,2054776.0
000506.SZ,2026-06-11 10:13:00,12.72,12.72,12.67,12.69,255900,3248649.0
000506.SZ,2026-06-11 10:14:00,12.68,12.7,12.68,12.7,154300,1958661.0
000506.SZ,2026-06-11 10:15:00,12.7,12.7,12.68,12.68,71200,903359.0
000506.SZ,2026-06-11 10:16:00,12.69,12.7,12.65,12.65,181900,2304596.0
000506.SZ,2026-06-11 10:17:00,12.65,12.65,12.62,12.62,165200,2087939.0
000506.SZ,2026-06-11 10:18:00,12.62,12.64,12.62,12.64,126000,1590408.0
000506.SZ,2026-06-11 10:19:00,12.64,12.65,12.63,12.64,66500,840644.0
000506.SZ,2026-06-11 10:20:00,12.64,12.66,12.63,12.66,102500,1295810.0
000506.SZ,2026-06-11 10:21:00,12.67,12.69,12.67,12.69,115600,1465784.0
000506.SZ,2026-06-11 10:22:00,12.68,12.69,12.67,12.68,93100,1180642.0
000506.SZ,2026-06-11 10:23:00,12.67,12.68,12.66,12.67,84200,1066910.0
000506.SZ,2026-06-11 10:24:00,12.68,12.69,12.68,12.68,97300,1233870.0
000506.SZ,2026-06-11 10:25:00,12.68,12.69,12.66,12.67,94400,1196110.0
000506.SZ,2026-06-11 10:26:00,12.67,12.67,12.64,12.64,86200,1091169.0
000506.SZ,2026-06-11 10:27:00,12.64,12.64,12.62,12.64,70600,891861.0
000506.SZ,2026-06-11 10:28:00,12.65,12.65,12.63,12.64,19300,243983.0
000506.SZ,2026-06-11 10:29:00,12.64,12.65,12.63,12.64,39900,504273.0
000506.SZ,2026-06-11 10:30:00,12.64,12.65,12.62,12.65,131200,1657652.0
000506.SZ,2026-06-11 10:31:00,12.65,12.66,12.64,12.65,77700,982900.0
000506.SZ,2026-06-11 10:32:00,12.66,12.66,12.64,12.64,90700,1147221.0
000506.SZ,2026-06-11 10:33:00,12.64,12.66,12.63,12.64,150300,1900691.0
000506.SZ,2026-06-11 10:34:00,12.64,12.64,12.61,12.61,132100,1668270.0
000506.SZ,2026-06-11 10:35:00,12.6,12.61,12.59,12.6,235200,2963369.0
000506.SZ,2026-06-11 10:36:00,12.6,12.62,12.6,12.62,330500,4161280.0
000506.SZ,2026-06-11 10:37:00,12.62,12.62,12.58,12.58,56200,708079.0
000506.SZ,2026-06-11 10:38:00,12.58,12.6,12.58,12.6,116800,1470848.0
000506.SZ,2026-06-11 10:39:00,12.59,12.59,12.57,12.57,55400,697007.0
000506.SZ,2026-06-11 10:40:00,12.56,12.57,12.55,12.55,101000,1268203.0
000506.SZ,2026-06-11 10:41:00,12.55,12.58,12.55,12.58,175300,2202925.0
000506.SZ,2026-06-11 10:42:00,12.59,12.59,12.56,12.56,74200,933415.0
000506.SZ,2026-06-11 10:43:00,12.57,12.57,12.56,12.57,22100,277703.0
000506.SZ,2026-06-11 10:44:00,12.56,12.56,12.53,12.54,178600,2241030.0
000506.SZ,2026-06-11 10:45:00,12.55,12.55,12.54,12.54,79900,1002128.0
000506.SZ,2026-06-11 10:46:00,12.54,12.54,12.52,12.53,132900,1665573.0
000506.SZ,2026-06-11 10:47:00,12.54,12.56,12.54,12.54,107600,1350127.0
000506.SZ,2026-06-11 10:48:00,12.54,12.54,12.53,12.54,33900,424959.0
000506.SZ,2026-06-11 10:49:00,12.54,12.55,12.54,12.55,32500,407601.0
000506.SZ,2026-06-11 10:50:00,12.55,12.57,12.55,12.57,175300,2201471.0
000506.SZ,2026-06-11 10:51:00,12.58,12.6,12.56,12.56,99200,1248656.0
000506.SZ,2026-06-11 10:52:00,12.57,12.58,12.56,12.58,60300,757909.0
000506.SZ,2026-06-11 10:53:00,12.58,12.58,12.55,12.56,150100,1886349.0
000506.SZ,2026-06-11 10:54:00,12.56,12.58,12.56,12.56,91400,1148524.0
000506.SZ,2026-06-11 10:55:00,12.56,12.58,12.55,12.56,62800,789110.0
000506.SZ,2026-06-11 10:56:00,12.56,12.6,12.55,12.6,70900,891708.0
000506.SZ,2026-06-11 10:57:00,12.61,12.63,12.61,12.63,51300,647394.0
000506.SZ,2026-06-11 10:58:00,12.62,12.66,12.62,12.65,95100,1202415.0
000506.SZ,2026-06-11 10:59:00,12.65,12.66,12.64,12.65,51000,645308.0
000506.SZ,2026-06-11 11:00:00,12.64,12.64,12.62,12.64,66000,833610.0
000506.SZ,2026-06-11 11:01:00,12.64,12.65,12.63,12.64,45600,576292.0
000506.SZ,2026-06-11 11:02:00,12.64,12.65,12.63,12.63,58100,734133.0
000506.SZ,2026-06-11 11:03:00,12.64,12.64,12.61,12.63,66800,843305.0
000506.SZ,2026-06-11 11:04:00,12.63,12.66,12.63,12.63,74400,940842.0
000506.SZ,2026-06-11 11:05:00,12.63,12.68,12.63,12.68,69300,877805.0
000506.SZ,2026-06-11 11:06:00,12.68,12.68,12.67,12.67,55200,699533.0
000506.SZ,2026-06-11 11:07:00,12.67,12.67,12.64,12.64,58700,742463.0
000506.SZ,2026-06-11 11:08:00,12.65,12.67,12.63,12.66,103400,1308206.0
000506.SZ,2026-06-11 11:09:00,12.66,12.66,12.65,12.66,37800,478311.0
000506.SZ,2026-06-11 11:10:00,12.66,12.67,12.66,12.66,41500,525581.0
000506.SZ,2026-06-11 11:11:00,12.67,12.67,12.64,12.64,48900,618602.0
000506.SZ,2026-06-11 11:12:00,12.65,12.65,12.64,12.65,20300,256635.0
000506.SZ,2026-06-11 11:13:00,12.64,12.65,12.64,12.64,42800,540960.0
000506.SZ,2026-06-11 11:14:00,12.63,12.65,12.63,12.64,50100,633206.0
000506.SZ,2026-06-11 11:15:00,12.65,12.65,12.63,12.64,138700,1752062.0
000506.SZ,2026-06-11 11:16:00,12.63,12.65,12.62,12.65,126800,1601754.0
000506.SZ,2026-06-11 11:17:00,12.65,12.65,12.62,12.63,44500,562300.0
000506.SZ,2026-06-11 11:18:00,12.63,12.63,12.61,12.62,36900,465523.0
000506.SZ,2026-06-11 11:19:00,12.61,12.64,12.61,12.63,83600,1055392.0
000506.SZ,2026-06-11 11:20:00,12.63,12.64,12.62,12.63,22700,286667.0
000506.SZ,2026-06-11 11:21:00,12.64,12.64,12.63,12.63,26900,339772.0
000506.SZ,2026-06-11 11:22:00,12.62,12.63,12.61,12.61,52600,663958.0
000506.SZ,2026-06-11 11:23:00,12.62,12.63,12.61,12.63,61400,775086.0
000506.SZ,2026-06-11 11:24:00,12.63,12.64,12.62,12.63,45000,568088.0
000506.SZ,2026-06-11 11:25:00,12.63,12.63,12.62,12.63,57500,725702.0
000506.SZ,2026-06-11 11:26:00,12.63,12.66,12.63,12.66,194200,2452943.0
000506.SZ,2026-06-11 11:27:00,12.66,12.67,12.65,12.65,57200,724113.0
000506.SZ,2026-06-11 11:28:00,12.66,12.66,12.62,12.62,93000,1175540.0
000506.SZ,2026-06-11 11:29:00,12.62,12.63,12.6,12.63,78200,986325.0
000506.SZ,2026-06-11 11:30:00,12.63,12.66,12.63,12.64,59800,756114.0
000506.SZ,2026-06-11 13:01:00,12.65,12.75,12.65,12.72,639700,8124532.0
000506.SZ,2026-06-11 13:02:00,12.71,12.71,12.64,12.64,139200,1763162.0
000506.SZ,2026-06-11 13:03:00,12.62,12.64,12.59,12.62,180900,2281715.0
000506.SZ,2026-06-11 13:04:00,12.63,12.64,12.59,12.61,130900,1651978.0
000506.SZ,2026-06-11 13:05:00,12.61,12.62,12.56,12.59,215500,2714142.0
000506.SZ,2026-06-11 13:06:00,12.6,12.6,12.59,12.6,42500,535292.0
000506.SZ,2026-06-11 13:07:00,12.59,12.59,12.55,12.56,123900,1557110.0
000506.SZ,2026-06-11 13:08:00,12.56,12.56,12.54,12.56,137900,1729609.0
000506.SZ,2026-06-11 13:09:00,12.57,12.58,12.56,12.58,38500,484030.0
000506.SZ,2026-06-11 13:10:00,12.58,12.59,12.57,12.59,73300,921575.0
000506.SZ,2026-06-11 13:11:00,12.59,12.6,12.57,12.57,68400,860832.0
000506.SZ,2026-06-11 13:12:00,12.57,12.57,12.52,12.53,117700,1476657.0
000506.SZ,2026-06-11 13:13:00,12.52,12.54,12.52,12.52,86100,1078288.0
000506.SZ,2026-06-11 13:14:00,12.52,12.54,12.52,12.54,60200,754340.0
000506.SZ,2026-06-11 13:15:00,12.55,12.55,12.5,12.5,318800,3988317.0
000506.SZ,2026-06-11 13:16:00,12.49,12.52,12.48,12.52,184500,2304967.0
000506.SZ,2026-06-11 13:17:00,12.53,12.54,12.51,12.53,87100,1091011.0
000506.SZ,2026-06-11 13:18:00,12.53,12.55,12.52,12.55,48700,610361.0
000506.SZ,2026-06-11 13:19:00,12.54,12.55,12.52,12.54,143500,1798758.0
000506.SZ,2026-06-11 13:20:00,12.54,12.55,12.51,12.55,101400,1271051.0
000506.SZ,2026-06-11 13:21:00,12.54,12.54,12.52,12.54,94000,1178107.0
000506.SZ,2026-06-11 13:22:00,12.54,12.54,12.52,12.52,86300,1081117.0
000506.SZ,2026-06-11 13:23:00,12.53,12.57,12.53,12.55,130900,1642976.0
000506.SZ,2026-06-11 13:24:00,12.56,12.56,12.54,12.55,83900,1053304.0
000506.SZ,2026-06-11 13:25:00,12.55,12.58,12.54,12.57,105300,1322400.0
000506.SZ,2026-06-11 13:26:00,12.56,12.56,12.53,12.53,102900,1290646.0
000506.SZ,2026-06-11 13:27:00,12.54,12.54,12.51,12.53,103000,1290967.0
000506.SZ,2026-06-11 13:28:00,12.53,12.53,12.5,12.52,96500,1207496.0
000506.SZ,2026-06-11 13:29:00,12.52,12.52,12.5,12.5,32700,409065.0
000506.SZ,2026-06-11 13:30:00,12.51,12.52,12.5,12.51,71100,889161.0
000506.SZ,2026-06-11 13:31:00,12.51,12.51,12.48,12.51,205500,2566955.0
000506.SZ,2026-06-11 13:32:00,12.51,12.52,12.5,12.52,100800,1261139.0
000506.SZ,2026-06-11 13:33:00,12.51,12.55,12.51,12.52,130800,1638388.0
000506.SZ,2026-06-11 13:34:00,12.53,12.56,12.53,12.56,172000,2158066.0
000506.SZ,2026-06-11 13:35:00,12.56,12.57,12.52,12.54,82400,1033784.0
000506.SZ,2026-06-11 13:36:00,12.56,12.56,12.54,12.56,71700,899902.0
000506.SZ,2026-06-11 13:37:00,12.56,12.61,12.55,12.61,96000,1208225.0
000506.SZ,2026-06-11 13:38:00,12.61,12.62,12.59,12.6,145900,1838972.0
000506.SZ,2026-06-11 13:39:00,12.61,12.61,12.57,12.57,121200,1524692.0
000506.SZ,2026-06-11 13:40:00,12.57,12.57,12.52,12.52,54700,685978.0
000506.SZ,2026-06-11 13:41:00,12.52,12.52,12.5,12.52,207000,2589351.0
000506.SZ,2026-06-11 13:42:00,12.52,12.53,12.52,12.53,63100,790385.0
000506.SZ,2026-06-11 13:43:00,12.54,12.54,12.51,12.52,85000,1064381.0
000506.SZ,2026-06-11 13:44:00,12.51,12.52,12.51,12.52,51500,644510.0
000506.SZ,2026-06-11 13:45:00,12.52,12.52,12.48,12.48,215700,2695729.0
000506.SZ,2026-06-11 13:46:00,12.48,12.5,12.48,12.5,107900,1347324.0
000506.SZ,2026-06-11 13:47:00,12.51,12.52,12.51,12.52,94200,1179016.0
000506.SZ,2026-06-11 13:48:00,12.52,12.54,12.5,12.54,86600,1084267.0
000506.SZ,2026-06-11 13:49:00,12.54,12.55,12.51,12.54,231600,2904687.0
000506.SZ,2026-06-11 13:50:00,12.54,12.57,12.54,12.57,99000,1243212.0
000506.SZ,2026-06-11 13:51:00,12.57,12.57,12.55,12.56,84000,1055029.0
000506.SZ,2026-06-11 13:52:00,12.57,12.57,12.54,12.55,81200,1019202.0
000506.SZ,2026-06-11 13:53:00,12.56,12.56,12.52,12.54,110400,1384594.0
000506.SZ,2026-06-11 13:54:00,12.54,12.55,12.5,12.51,113700,1423101.0
000506.SZ,2026-06-11 13:55:00,12.51,12.51,12.5,12.51,118500,1481323.0
000506.SZ,2026-06-11 13:56:00,12.51,12.52,12.5,12.5,90900,1136735.0
000506.SZ,2026-06-11 13:57:00,12.51,12.51,12.5,12.5,67800,847342.0
000506.SZ,2026-06-11 13:58:00,12.49,12.5,12.46,12.49,312400,3897812.0
000506.SZ,2026-06-11 13:59:00,12.48,12.5,12.48,12.5,39300,490806.0
000506.SZ,2026-06-11 14:00:00,12.5,12.5,12.47,12.47,173800,2169283.0
000506.SZ,2026-06-11 14:01:00,12.48,12.49,12.47,12.49,134000,1672234.0
000506.SZ,2026-06-11 14:02:00,12.49,12.49,12.48,12.49,120800,1508437.0
000506.SZ,2026-06-11 14:03:00,12.48,12.5,12.48,12.5,84000,1049529.0
000506.SZ,2026-06-11 14:04:00,12.5,12.51,12.49,12.49,58700,733499.0
000506.SZ,2026-06-11 14:05:00,12.49,12.5,12.47,12.48,158000,1972089.0
000506.SZ,2026-06-11 14:06:00,12.47,12.49,12.47,12.49,50800,633919.0
000506.SZ,2026-06-11 14:07:00,12.49,12.49,12.46,12.47,121800,1518731.0
000506.SZ,2026-06-11 14:08:00,12.46,12.46,12.43,12.46,225300,2804396.0
000506.SZ,2026-06-11 14:09:00,12.45,12.46,12.44,12.45,69200,861690.0
000506.SZ,2026-06-11 14:10:00,12.44,12.45,12.44,12.44,66000,821174.0
000506.SZ,2026-06-11 14:11:00,12.44,12.45,12.43,12.43,101900,1267178.0
000506.SZ,2026-06-11 14:12:00,12.43,12.45,12.43,12.44,123000,1530711.0
000506.SZ,2026-06-11 14:13:00,12.43,12.45,12.43,12.45,100000,1243754.0
000506.SZ,2026-06-11 14:14:00,12.43,12.44,12.43,12.44,92100,1145587.0
000506.SZ,2026-06-11 14:15:00,12.44,12.44,12.43,12.44,92100,1145610.0
000506.SZ,2026-06-11 14:16:00,12.44,12.45,12.43,12.44,131200,1631698.0
000506.SZ,2026-06-11 14:17:00,12.45,12.46,12.44,12.46,58600,729508.0
000506.SZ,2026-06-11 14:18:00,12.46,12.46,12.44,12.46,119300,1484717.0
000506.SZ,2026-06-11 14:19:00,12.45,12.46,12.45,12.46,27000,336264.0
000506.SZ,2026-06-11 14:20:00,12.45,12.46,12.43,12.43,66200,823884.0
000506.SZ,2026-06-11 14:21:00,12.43,12.45,12.43,12.44,154000,1914527.0
000506.SZ,2026-06-11 14:22:00,12.44,12.45,12.44,12.45,75000,933550.0
000506.SZ,2026-06-11 14:23:00,12.46,12.47,12.45,12.47,93100,1159844.0
000506.SZ,2026-06-11 14:24:00,12.47,12.47,12.45,12.47,47400,590581.0
000506.SZ,2026-06-11 14:25:00,12.45,12.47,12.45,12.47,67900,845999.0
000506.SZ,2026-06-11 14:26:00,12.47,12.49,12.47,12.49,54500,680292.0
000506.SZ,2026-06-11 14:27:00,12.49,12.49,12.45,12.45,157900,1968484.0
000506.SZ,2026-06-11 14:28:00,12.45,12.46,12.44,12.45,76000,946479.0
000506.SZ,2026-06-11 14:29:00,12.46,12.46,12.45,12.45,17800,221725.0
000506.SZ,2026-06-11 14:30:00,12.44,12.45,12.44,12.45,94100,1171086.0
000506.SZ,2026-06-11 14:31:00,12.45,12.46,12.44,12.45,180200,2242388.0
000506.SZ,2026-06-11 14:32:00,12.45,12.47,12.44,12.46,106900,1331792.0
000506.SZ,2026-06-11 14:33:00,12.45,12.48,12.45,12.48,146800,1831241.0
000506.SZ,2026-06-11 14:34:00,12.49,12.5,12.49,12.5,97500,1217459.0
000506.SZ,2026-06-11 14:35:00,12.5,12.5,12.46,12.48,139300,1738239.0
000506.SZ,2026-06-11 14:36:00,12.47,12.48,12.45,12.47,81300,1013334.0
000506.SZ,2026-06-11 14:37:00,12.46,12.47,12.45,12.46,59300,739015.0
000506.SZ,2026-06-11 14:38:00,12.46,12.46,12.43,12.43,201700,2508919.0
000506.SZ,2026-06-11 14:39:00,12.43,12.46,12.43,12.45,155800,1938978.0
000506.SZ,2026-06-11 14:40:00,12.44,12.46,12.43,12.46,58300,725381.0
000506.SZ,2026-06-11 14:41:00,12.45,12.47,12.45,12.47,157300,1959907.0
000506.SZ,2026-06-11 14:42:00,12.47,12.48,12.45,12.46,249900,3113830.0
000506.SZ,2026-06-11 14:43:00,12.46,12.46,12.44,12.44,54300,676265.0
000506.SZ,2026-06-11 14:44:00,12.44,12.45,12.43,12.44,237100,2949707.0
000506.SZ,2026-06-11 14:45:00,12.44,12.46,12.43,12.46,138500,1724002.0
000506.SZ,2026-06-11 14:46:00,12.46,12.47,12.45,12.47,195100,2431506.0
000506.SZ,2026-06-11 14:47:00,12.47,12.48,12.47,12.47,159100,1984509.0
000506.SZ,2026-06-11 14:48:00,12.48,12.48,12.46,12.46,185200,2306782.0
000506.SZ,2026-06-11 14:49:00,12.46,12.46,12.44,12.45,200500,2496755.0
000506.SZ,2026-06-11 14:50:00,12.45,12.46,12.44,12.44,101900,1268072.0
000506.SZ,2026-06-11 14:51:00,12.44,12.47,12.44,12.47,200300,2494128.0
000506.SZ,2026-06-11 14:52:00,12.46,12.47,12.45,12.46,374400,4663272.0
000506.SZ,2026-06-11 14:53:00,12.46,12.48,12.46,12.47,239100,2979474.0
000506.SZ,2026-06-11 14:54:00,12.48,12.5,12.44,12.5,661400,8246584.0
000506.SZ,2026-06-11 14:55:00,12.49,12.5,12.47,12.48,158000,1972073.0
000506.SZ,2026-06-11 14:56:00,12.48,12.49,12.47,12.49,304700,3801620.0
000506.SZ,2026-06-11 14:57:00,12.48,12.5,12.48,12.48,208600,2605142.0
000506.SZ,2026-06-11 14:58:00,12.48,12.48,12.48,12.48,0,0.0
000506.SZ,2026-06-11 14:59:00,12.48,12.48,12.48,12.48,0,0.0
000506.SZ,2026-06-11 15:00:00,12.48,12.48,12.48,12.48,142700,1780896.0
000506.SZ,2026-06-12 09:30:00,12.8,12.8,12.68,12.8,605500,7742890.0
000506.SZ,2026-06-12 09:31:00,12.83,13.0,12.81,12.82,1905900,24584268.0
000506.SZ,2026-06-12 09:32:00,12.87,12.87,12.77,12.77,972400,12494963.0
000506.SZ,2026-06-12 09:33:00,12.76,12.82,12.76,12.81,693400,8866103.0
000506.SZ,2026-06-12 09:34:00,12.82,12.83,12.74,12.74,339400,4340201.0
000506.SZ,2026-06-12 09:35:00,12.75,12.76,12.69,12.72,617800,7865878.0
000506.SZ,2026-06-12 09:36:00,12.7,12.73,12.66,12.71,520300,6607775.0
000506.SZ,2026-06-12 09:37:00,12.71,12.75,12.69,12.75,361800,4601318.0
000506.SZ,2026-06-12 09:38:00,12.75,12.78,12.74,12.77,368500,4702641.0
000506.SZ,2026-06-12 09:39:00,12.76,12.83,12.76,12.83,236600,3024356.0
000506.SZ,2026-06-12 09:40:00,12.82,12.85,12.8,12.82,247200,3170920.0
000506.SZ,2026-06-12 09:41:00,12.81,12.86,12.81,12.83,256800,3299025.0
000506.SZ,2026-06-12 09:42:00,12.83,12.83,12.79,12.81,307200,3934247.0
000506.SZ,2026-06-12 09:43:00,12.82,12.83,12.8,12.82,238600,3057633.0
000506.SZ,2026-06-12 09:44:00,12.81,12.83,12.81,12.82,91200,1168933.0
000506.SZ,2026-06-12 09:45:00,12.81,12.83,12.77,12.77,195300,2502915.0
000506.SZ,2026-06-12 09:46:00,12.77,12.83,12.77,12.77,198000,2535802.0
000506.SZ,2026-06-12 09:47:00,12.77,12.78,12.75,12.77,152600,1948771.0
000506.SZ,2026-06-12 09:48:00,12.77,12.82,12.77,12.82,140100,1792702.0
000506.SZ,2026-06-12 09:49:00,12.81,12.82,12.78,12.78,188800,2417833.0
000506.SZ,2026-06-12 09:50:00,12.77,12.81,12.77,12.8,428500,5476497.0
000506.SZ,2026-06-12 09:51:00,12.78,12.79,12.76,12.77,125400,1601994.0
000506.SZ,2026-06-12 09:52:00,12.76,12.77,12.75,12.77,139800,1783047.0
000506.SZ,2026-06-12 09:53:00,12.77,12.81,12.75,12.81,157200,2009440.0
000506.SZ,2026-06-12 09:54:00,12.81,12.82,12.79,12.79,136000,1742104.0
000506.SZ,2026-06-12 09:55:00,12.8,12.84,12.79,12.84,175300,2247229.0
000506.SZ,2026-06-12 09:56:00,12.84,12.84,12.81,12.83,126600,1623784.0
000506.SZ,2026-06-12 09:57:00,12.83,12.85,12.81,12.81,121900,1564604.0
000506.SZ,2026-06-12 09:58:00,12.82,12.82,12.79,12.79,94900,1215279.0
000506.SZ,2026-06-12 09:59:00,12.79,12.79,12.78,12.79,62800,802719.0
000506.SZ,2026-06-12 10:00:00,12.79,12.84,12.79,12.83,120300,1541611.0
000506.SZ,2026-06-12 10:01:00,12.84,12.86,12.82,12.84,277400,3562903.0
000506.SZ,2026-06-12 10:02:00,12.84,12.84,12.82,12.84,225100,2886755.0
000506.SZ,2026-06-12 10:03:00,12.84,12.88,12.84,12.85,286700,3685419.0
000506.SZ,2026-06-12 10:04:00,12.85,12.86,12.84,12.84,94600,1215271.0
000506.SZ,2026-06-12 10:05:00,12.83,12.85,12.83,12.84,81600,1047791.0
000506.SZ,2026-06-12 10:06:00,12.84,12.88,12.84,12.88,145000,1864058.0
000506.SZ,2026-06-12 10:07:00,12.88,12.9,12.87,12.88,230800,2973808.0
000506.SZ,2026-06-12 10:08:00,12.88,12.88,12.86,12.87,101800,1310337.0
000506.SZ,2026-06-12 10:09:00,12.88,12.93,12.87,12.91,275900,3559437.0
000506.SZ,2026-06-12 10:10:00,12.92,12.93,12.91,12.93,157400,2033871.0
000506.SZ,2026-06-12 10:11:00,12.94,12.94,12.91,12.93,183300,2369272.0
000506.SZ,2026-06-12 10:12:00,12.93,12.94,12.93,12.93,132200,1709944.0
000506.SZ,2026-06-12 10:13:00,12.93,12.98,12.93,12.98,360000,4666474.0
000506.SZ,2026-06-12 10:14:00,12.98,13.1,12.98,13.09,1066800,13905167.0
000506.SZ,2026-06-12 10:15:00,13.1,13.1,13.06,13.09,553300,7239424.0
000506.SZ,2026-06-12 10:16:00,13.09,13.12,13.08,13.11,352500,4618861.0
000506.SZ,2026-06-12 10:17:00,13.12,13.18,13.1,13.18,540935,7101568.0
000506.SZ,2026-06-12 10:18:00,13.18,13.2,13.16,13.19,348400,4589367.0
000506.SZ,2026-06-12 10:19:00,13.19,13.3,13.19,13.3,829300,10963017.0
000506.SZ,2026-06-12 10:20:00,13.28,13.29,13.22,13.27,493900,6541588.0
000506.SZ,2026-06-12 10:21:00,13.33,13.4,13.3,13.37,919200,12261384.0
000506.SZ,2026-06-12 10:22:00,13.36,13.38,13.35,13.36,524600,7012697.0
000506.SZ,2026-06-12 10:23:00,13.37,13.37,13.3,13.31,310200,4134784.0
000506.SZ,2026-06-12 10:24:00,13.32,13.32,13.29,13.29,143000,1901461.0
000506.SZ,2026-06-12 10:25:00,13.3,13.3,13.21,13.23,233700,3102397.0
000506.SZ,2026-06-12 10:26:00,13.22,13.25,13.22,13.25,218400,2889965.0
000506.SZ,2026-06-12 10:27:00,13.25,13.32,13.24,13.32,267800,3554849.0
000506.SZ,2026-06-12 10:28:00,13.32,13.32,13.29,13.31,130200,1732421.0
000506.SZ,2026-06-12 10:29:00,13.32,13.33,13.3,13.33,168600,2245224.0
000506.SZ,2026-06-12 10:30:00,13.34,13.34,13.29,13.3,136200,1812951.0
000506.SZ,2026-06-12 10:31:00,13.3,13.3,13.28,13.28,125000,1661404.0
000506.SZ,2026-06-12 10:32:00,13.31,13.31,13.25,13.25,198000,2631307.0
000506.SZ,2026-06-12 10:33:00,13.25,13.31,13.25,13.31,226400,3008746.0
000506.SZ,2026-06-12 10:34:00,13.33,13.37,13.32,13.36,536686,7162486.0
000506.SZ,2026-06-12 10:35:00,13.37,13.38,13.32,13.37,158200,2112540.0
000506.SZ,2026-06-12 10:36:00,13.37,13.38,13.34,13.35,138800,1854092.0
000506.SZ,2026-06-12 10:37:00,13.34,13.34,13.32,13.33,161500,2153349.0
000506.SZ,2026-06-12 10:38:00,13.33,13.35,13.33,13.35,116500,1553483.0
000506.SZ,2026-06-12 10:39:00,13.35,13.37,13.34,13.35,155000,2069916.0
000506.SZ,2026-06-12 10:40:00,13.36,13.5,13.34,13.48,1078700,14469709.0
000506.SZ,2026-06-12 10:41:00,13.48,13.48,13.45,13.47,353800,4761967.0
000506.SZ,2026-06-12 10:42:00,13.46,13.48,13.46,13.47,242200,3261487.0
000506.SZ,2026-06-12 10:43:00,13.48,13.48,13.45,13.48,164300,2212824.0
000506.SZ,2026-06-12 10:44:00,13.47,13.47,13.44,13.46,196800,2648416.0
000506.SZ,2026-06-12 10:45:00,13.46,13.6,13.46,13.56,1018200,13776969.0
000506.SZ,2026-06-12 10:46:00,13.61,13.68,13.6,13.65,1173400,15979985.0
000506.SZ,2026-06-12 10:47:00,13.63,13.71,13.62,13.62,1496100,20452816.0
000506.SZ,2026-06-12 10:48:00,13.62,13.68,13.62,13.67,345800,4719524.0
000506.SZ,2026-06-12 10:49:00,13.68,13.73,13.68,13.73,2639100,36225476.0
000506.SZ,2026-06-12 10:50:00,13.73,13.73,13.73,13.73,268700,3689251.0
000506.SZ,2026-06-12 10:51:00,13.73,13.73,13.73,13.73,193900,2662247.0
000506.SZ,2026-06-12 10:52:00,13.73,13.73,13.73,13.73,314400,4316712.0
000506.SZ,2026-06-12 10:53:00,13.73,13.73,13.73,13.73,184200,2529066.0
000506.SZ,2026-06-12 10:54:00,13.73,13.73,13.73,13.73,110600,1518538.0
000506.SZ,2026-06-12 10:55:00,13.73,13.73,13.73,13.73,55800,766134.0
000506.SZ,2026-06-12 10:56:00,13.73,13.73,13.73,13.73,62800,862244.0
000506.SZ,2026-06-12 10:57:00,13.73,13.73,13.73,13.73,54300,745539.0
000506.SZ,2026-06-12 10:58:00,13.73,13.73,13.73,13.73,66600,914418.0
000506.SZ,2026-06-12 10:59:00,13.73,13.73,13.73,13.73,88700,1217851.0
000506.SZ,2026-06-12 11:00:00,13.73,13.73,13.73,13.73,38800,532724.0
000506.SZ,2026-06-12 11:01:00,13.73,13.73,13.73,13.73,79800,1095654.0
000506.SZ,2026-06-12 11:02:00,13.73,13.73,13.73,13.73,37700,517621.0
000506.SZ,2026-06-12 11:03:00,13.73,13.73,13.73,13.73,57600,790848.0
000506.SZ,2026-06-12 11:04:00,13.73,13.73,13.73,13.73,67000,919910.0
000506.SZ,2026-06-12 11:05:00,13.73,13.73,13.73,13.73,43500,597255.0
000506.SZ,2026-06-12 11:06:00,13.73,13.73,13.73,13.73,98700,1355151.0
000506.SZ,2026-06-12 11:07:00,13.73,13.73,13.73,13.73,38600,529978.0
000506.SZ,2026-06-12 11:08:00,13.73,13.73,13.73,13.73,60600,832038.0
000506.SZ,2026-06-12 11:09:00,13.73,13.73,13.73,13.73,29000,398170.0
000506.SZ,2026-06-12 11:10:00,13.73,13.73,13.73,13.73,33500,459955.0
000506.SZ,2026-06-12 11:11:00,13.73,13.73,13.73,13.73,33300,457209.0
000506.SZ,2026-06-12 11:12:00,13.73,13.73,13.73,13.73,47300,649429.0
000506.SZ,2026-06-12 11:13:00,13.73,13.73,13.73,13.73,64300,882839.0
000506.SZ,2026-06-12 11:14:00,13.73,13.73,13.73,13.73,27800,381694.0
000506.SZ,2026-06-12 11:15:00,13.73,13.73,13.73,13.73,33000,453090.0
000506.SZ,2026-06-12 11:16:00,13.73,13.73,13.73,13.73,41400,568422.0
000506.SZ,2026-06-12 11:17:00,13.73,13.73,13.73,13.73,35400,486042.0
000506.SZ,2026-06-12 11:18:00,13.73,13.73,13.73,13.73,12900,177117.0
000506.SZ,2026-06-12 11:19:00,13.73,13.73,13.73,13.73,13700,188101.0
000506.SZ,2026-06-12 11:20:00,13.73,13.73,13.73,13.73,25100,344623.0
000506.SZ,2026-06-12 11:21:00,13.73,13.73,13.73,13.73,51400,705722.0
000506.SZ,2026-06-12 11:22:00,13.73,13.73,13.73,13.73,19800,271854.0
000506.SZ,2026-06-12 11:23:00,13.73,13.73,13.73,13.73,91200,1252176.0
000506.SZ,2026-06-12 11:24:00,13.73,13.73,13.73,13.73,17500,240275.0
000506.SZ,2026-06-12 11:25:00,13.73,13.73,13.73,13.73,38200,524486.0
000506.SZ,2026-06-12 11:26:00,13.73,13.73,13.73,13.73,44500,610985.0
000506.SZ,2026-06-12 11:27:00,13.73,13.73,13.73,13.73,20000,274600.0
000506.SZ,2026-06-12 11:28:00,13.73,13.73,13.73,13.73,33000,453090.0
000506.SZ,2026-06-12 11:29:00,13.73,13.73,13.73,13.73,26400,362472.0
000506.SZ,2026-06-12 11:30:00,13.73,13.73,13.73,13.73,40600,557438.0
000506.SZ,2026-06-12 13:01:00,13.73,13.73,13.73,13.73,307600,4223348.0
000506.SZ,2026-06-12 13:02:00,13.73,13.73,13.73,13.73,17600,241648.0
000506.SZ,2026-06-12 13:03:00,13.73,13.73,13.73,13.73,22300,306179.0
000506.SZ,2026-06-12 13:04:00,13.73,13.73,13.73,13.73,30200,414646.0
000506.SZ,2026-06-12 13:05:00,13.73,13.73,13.73,13.73,93000,1276890.0
000506.SZ,2026-06-12 13:06:00,13.73,13.73,13.73,13.73,42200,579406.0
000506.SZ,2026-06-12 13:07:00,13.73,13.73,13.73,13.73,51600,708468.0
000506.SZ,2026-06-12 13:08:00,13.73,13.73,13.73,13.73,67500,926775.0
000506.SZ,2026-06-12 13:09:00,13.73,13.73,13.73,13.73,73400,1007782.0
000506.SZ,2026-06-12 13:10:00,13.73,13.73,13.73,13.73,25400,348742.0
000506.SZ,2026-06-12 13:11:00,13.73,13.73,13.73,13.73,32100,440733.0
000506.SZ,2026-06-12 13:12:00,13.73,13.73,13.73,13.73,67800,930894.0
000506.SZ,2026-06-12 13:13:00,13.73,13.73,13.73,13.73,28400,389932.0
000506.SZ,2026-06-12 13:14:00,13.73,13.73,13.73,13.73,16000,219680.0
000506.SZ,2026-06-12 13:15:00,13.73,13.73,13.73,13.73,53200,730436.0
000506.SZ,2026-06-12 13:16:00,13.73,13.73,13.73,13.73,15100,207323.0
000506.SZ,2026-06-12 13:17:00,13.73,13.73,13.73,13.73,9800,134554.0
000506.SZ,2026-06-12 13:18:00,13.73,13.73,13.73,13.73,16400,225172.0
000506.SZ,2026-06-12 13:19:00,13.73,13.73,13.73,13.73,12800,175744.0
000506.SZ,2026-06-12 13:20:00,13.73,13.73,13.73,13.73,24200,332266.0
000506.SZ,2026-06-12 13:21:00,13.73,13.73,13.73,13.73,23100,317163.0
000506.SZ,2026-06-12 13:22:00,13.73,13.73,13.73,13.73,36800,505264.0
000506.SZ,2026-06-12 13:23:00,13.73,13.73,13.73,13.73,30300,416019.0
000506.SZ,2026-06-12 13:24:00,13.73,13.73,13.73,13.73,9400,129062.0
000506.SZ,2026-06-12 13:25:00,13.73,13.73,13.73,13.73,19000,260870.0
000506.SZ,2026-06-12 13:26:00,13.73,13.73,13.73,13.73,17100,234783.0
000506.SZ,2026-06-12 13:27:00,13.73,13.73,13.73,13.73,40800,560184.0
000506.SZ,2026-06-12 13:28:00,13.73,13.73,13.73,13.73,15900,218307.0
000506.SZ,2026-06-12 13:29:00,13.73,13.73,13.73,13.73,9000,123570.0
000506.SZ,2026-06-12 13:30:00,13.73,13.73,13.73,13.73,49000,672770.0
000506.SZ,2026-06-12 13:31:00,13.73,13.73,13.73,13.73,62300,855379.0
000506.SZ,2026-06-12 13:32:00,13.73,13.73,13.73,13.73,46700,641191.0
000506.SZ,2026-06-12 13:33:00,13.73,13.73,13.73,13.73,23300,319909.0
000506.SZ,2026-06-12 13:34:00,13.73,13.73,13.73,13.73,21100,289703.0
000506.SZ,2026-06-12 13:35:00,13.73,13.73,13.73,13.73,32406,444934.38
000506.SZ,2026-06-12 13:36:00,13.73,13.73,13.73,13.73,27400,376202.0
000506.SZ,2026-06-12 13:37:00,13.73,13.73,13.73,13.73,17300,237529.0
000506.SZ,2026-06-12 13:38:00,13.73,13.73,13.73,13.73,21900,300687.0
000506.SZ,2026-06-12 13:39:00,13.73,13.73,13.73,13.73,21300,292449.0
000506.SZ,2026-06-12 13:40:00,13.73,13.73,13.73,13.73,18300,251259.0
000506.SZ,2026-06-12 13:41:00,13.73,13.73,13.73,13.73,19400,266362.0
000506.SZ,2026-06-12 13:42:00,13.73,13.73,13.73,13.73,74400,1021512.0
000506.SZ,2026-06-12 13:43:00,13.73,13.73,13.73,13.73,22500,308925.0
000506.SZ,2026-06-12 13:44:00,13.73,13.73,13.73,13.73,12100,166133.0
000506.SZ,2026-06-12 13:45:00,13.73,13.73,13.73,13.73,15100,207323.0
000506.SZ,2026-06-12 13:46:00,13.73,13.73,13.73,13.73,22100,303433.0
000506.SZ,2026-06-12 13:47:00,13.73,13.73,13.73,13.73,9100,124943.0
000506.SZ,2026-06-12 13:48:00,13.73,13.73,13.73,13.73,10200,140046.0
000506.SZ,2026-06-12 13:49:00,13.73,13.73,13.73,13.73,8100,111213.0
000506.SZ,2026-06-12 13:50:00,13.73,13.73,13.73,13.73,18100,248513.0
000506.SZ,2026-06-12 13:51:00,13.73,13.73,13.73,13.73,21800,299314.0
000506.SZ,2026-06-12 13:52:00,13.73,13.73,13.73,13.73,13300,182609.0
000506.SZ,2026-06-12 13:53:00,13.73,13.73,13.73,13.73,8000,109840.0
000506.SZ,2026-06-12 13:54:00,13.73,13.73,13.73,13.73,16600,227918.0
000506.SZ,2026-06-12 13:55:00,13.73,13.73,13.73,13.73,16700,229291.0
000506.SZ,2026-06-12 13:56:00,13.73,13.73,13.73,13.73,22400,307552.0
000506.SZ,2026-06-12 13:57:00,13.73,13.73,13.73,13.73,14000,192220.0
000506.SZ,2026-06-12 13:58:00,13.73,13.73,13.73,13.73,32700,448971.0
000506.SZ,2026-06-12 13:59:00,13.73,13.73,13.73,13.73,40700,558811.0
000506.SZ,2026-06-12 14:00:00,13.73,13.73,13.73,13.73,31500,432495.0
000506.SZ,2026-06-12 14:01:00,13.73,13.73,13.73,13.73,28200,387186.0
000506.SZ,2026-06-12 14:02:00,13.73,13.73,13.73,13.73,41700,572541.0
000506.SZ,2026-06-12 14:03:00,13.73,13.73,13.73,13.73,48800,670024.0
000506.SZ,2026-06-12 14:04:00,13.73,13.73,13.73,13.73,20500,281465.0
000506.SZ,2026-06-12 14:05:00,13.73,13.73,13.73,13.73,33900,465447.0
000506.SZ,2026-06-12 14:06:00,13.73,13.73,13.73,13.73,39700,545081.0
000506.SZ,2026-06-12 14:07:00,13.73,13.73,13.73,13.73,7000,96110.0
000506.SZ,2026-06-12 14:08:00,13.73,13.73,13.73,13.73,21700,297941.0
000506.SZ,2026-06-12 14:09:00,13.73,13.73,13.73,13.73,82500,1132725.0
000506.SZ,2026-06-12 14:10:00,13.73,13.73,13.73,13.73,13700,188101.0
000506.SZ,2026-06-12 14:11:00,13.73,13.73,13.73,13.73,18400,252632.0
000506.SZ,2026-06-12 14:12:00,13.73,13.73,13.73,13.73,22800,313044.0
000506.SZ,2026-06-12 14:13:00,13.73,13.73,13.73,13.73,17000,233410.0
000506.SZ,2026-06-12 14:14:00,13.73,13.73,13.73,13.73,11900,163387.0
000506.SZ,2026-06-12 14:15:00,13.73,13.73,13.73,13.73,11200,153776.0
000506.SZ,2026-06-12 14:16:00,13.73,13.73,13.73,13.73,22286,305986.78
000506.SZ,2026-06-12 14:17:00,13.73,13.73,13.73,13.73,20100,275973.0
000506.SZ,2026-06-12 14:18:00,13.73,13.73,13.73,13.73,8200,112586.0
000506.SZ,2026-06-12 14:19:00,13.73,13.73,13.73,13.73,14100,193593.0
000506.SZ,2026-06-12 14:20:00,13.73,13.73,13.73,13.73,12600,172998.0
000506.SZ,2026-06-12 14:21:00,13.73,13.73,13.73,13.73,13900,190847.0
000506.SZ,2026-06-12 14:22:00,13.73,13.73,13.73,13.73,8600,118078.0
000506.SZ,2026-06-12 14:23:00,13.73,13.73,13.73,13.73,12100,166133.0
000506.SZ,2026-06-12 14:24:00,13.73,13.73,13.73,13.73,6900,94737.0
000506.SZ,2026-06-12 14:25:00,13.73,13.73,13.73,13.73,19200,263616.0
000506.SZ,2026-06-12 14:26:00,13.73,13.73,13.73,13.73,39000,535470.0
000506.SZ,2026-06-12 14:27:00,13.73,13.73,13.73,13.73,9200,126316.0
000506.SZ,2026-06-12 14:28:00,13.73,13.73,13.73,13.73,9500,130435.0
000506.SZ,2026-06-12 14:29:00,13.73,13.73,13.73,13.73,150900,2071857.0
000506.SZ,2026-06-12 14:30:00,13.73,13.73,13.73,13.73,29300,402289.0
000506.SZ,2026-06-12 14:31:00,13.73,13.73,13.73,13.73,48000,659040.0
000506.SZ,2026-06-12 14:32:00,13.73,13.73,13.73,13.73,39100,536843.0
000506.SZ,2026-06-12 14:33:00,13.73,13.73,13.73,13.73,94000,1290620.0
000506.SZ,2026-06-12 14:34:00,13.73,13.73,13.73,13.73,39300,539589.0
000506.SZ,2026-06-12 14:35:00,13.73,13.73,13.73,13.73,32600,447598.0
000506.SZ,2026-06-12 14:36:00,13.73,13.73,13.73,13.73,55700,764761.0
000506.SZ,2026-06-12 14:37:00,13.73,13.73,13.73,13.73,47600,653548.0
000506.SZ,2026-06-12 14:38:00,13.73,13.73,13.73,13.73,72300,992679.0
000506.SZ,2026-06-12 14:39:00,13.73,13.73,13.73,13.73,67200,922656.0
000506.SZ,2026-06-12 14:40:00,13.73,13.73,13.73,13.73,41600,571168.0
000506.SZ,2026-06-12 14:41:00,13.73,13.73,13.73,13.73,83500,1146455.0
000506.SZ,2026-06-12 14:42:00,13.73,13.73,13.73,13.73,40700,558811.0
000506.SZ,2026-06-12 14:43:00,13.73,13.73,13.73,13.73,37300,512129.0
000506.SZ,2026-06-12 14:44:00,13.73,13.73,13.73,13.73,57900,794967.0
000506.SZ,2026-06-12 14:45:00,13.73,13.73,13.73,13.73,37600,516248.0
000506.SZ,2026-06-12 14:46:00,13.73,13.73,13.73,13.73,56200,771626.0
000506.SZ,2026-06-12 14:47:00,13.73,13.73,13.73,13.73,41200,565676.0
000506.SZ,2026-06-12 14:48:00,13.73,13.73,13.73,13.73,57100,783983.0
000506.SZ,2026-06-12 14:49:00,13.73,13.73,13.73,13.73,61300,841649.0
000506.SZ,2026-06-12 14:50:00,13.73,13.73,13.73,13.73,121800,1672314.0
000506.SZ,2026-06-12 14:51:00,13.73,13.73,13.73,13.73,77800,1068194.0
000506.SZ,2026-06-12 14:52:00,13.73,13.73,13.73,13.73,107500,1475975.0
000506.SZ,2026-06-12 14:53:00,13.73,13.73,13.73,13.73,55600,763388.0
000506.SZ,2026-06-12 14:54:00,13.73,13.73,13.73,13.73,215500,2958815.0
000506.SZ,2026-06-12 14:55:00,13.73,13.73,13.73,13.73,172400,2367052.0
000506.SZ,2026-06-12 14:56:00,13.73,13.73,13.73,13.73,36100,495653.0
000506.SZ,2026-06-12 14:57:00,13.73,13.73,13.73,13.73,29900,410527.0
000506.SZ,2026-06-12 14:58:00,13.73,13.73,13.73,13.73,0,0.0
000506.SZ,2026-06-12 14:59:00,13.73,13.73,13.73,13.73,0,0.0
000506.SZ,2026-06-12 15:00:00,13.73,13.73,13.73,13.73,244900,3362477.0
