ts_code,trade_time,open,high,low,close,vol,amount
603026.SH,2026-03-02 09:30:00,65.35,65.35,65.35,65.35,56000,3659600
603026.SH,2026-03-02 09:31:00,65.2,65.2,64.88,65.18,202900,13214103
603026.SH,2026-03-02 09:32:00,65.2,65.38,65.07,65.34,228100,14886240
603026.SH,2026-03-02 09:33:00,65.34,66.13,65.34,66.13,114600,7521522
603026.SH,2026-03-02 09:34:00,66.07,66.88,66.07,66.87,141700,9429853
603026.SH,2026-03-02 09:35:00,66.68,67.0,66.31,66.83,171349,11410887
603026.SH,2026-03-02 09:36:00,67.0,67.66,66.96,67.46,262003,17665770
603026.SH,2026-03-02 09:37:00,67.4,67.92,67.29,67.78,339242,22942402
603026.SH,2026-03-02 09:38:00,67.76,67.76,66.8,66.8,175521,11820209
603026.SH,2026-03-02 09:39:00,66.81,66.81,66.4,66.4,118400,7875766
603026.SH,2026-03-02 09:40:00,66.4,66.45,66.22,66.39,84621,5614317
603026.SH,2026-03-02 09:41:00,66.39,67.51,66.39,67.4,229142,15349584
603026.SH,2026-03-02 09:42:00,67.41,67.7,67.2,67.33,371783,25051680
603026.SH,2026-03-02 09:43:00,67.5,67.73,67.44,67.5,326921,22091288
603026.SH,2026-03-02 09:44:00,67.6,67.75,67.27,67.7,303300,20492848
603026.SH,2026-03-02 09:45:00,67.88,68.69,67.88,68.17,770400,52538764
603026.SH,2026-03-02 09:46:00,68.88,68.9,68.19,68.19,500300,34246730
603026.SH,2026-03-02 09:47:00,68.16,68.21,67.81,68.21,105200,7159564
603026.SH,2026-03-02 09:48:00,68.29,68.42,68.07,68.15,74120,5059208
603026.SH,2026-03-02 09:49:00,68.24,68.25,67.94,67.94,85100,5798060
603026.SH,2026-03-02 09:50:00,67.7,67.7,67.5,67.6,98000,6627809
603026.SH,2026-03-02 09:51:00,68.0,68.0,67.76,67.83,165463,11216622
603026.SH,2026-03-02 09:52:00,67.98,68.04,67.78,67.8,90500,6146448
603026.SH,2026-03-02 09:53:00,67.85,67.85,67.63,67.65,38100,2582081
603026.SH,2026-03-02 09:54:00,67.63,67.63,67.4,67.49,59200,3995369
603026.SH,2026-03-02 09:55:00,67.48,67.48,67.42,67.45,77100,5198991
603026.SH,2026-03-02 09:56:00,67.47,67.47,67.06,67.15,36900,2482605
603026.SH,2026-03-02 09:57:00,67.2,67.27,67.15,67.2,43400,2915450
603026.SH,2026-03-02 09:58:00,67.25,67.32,67.16,67.32,81100,5450777
603026.SH,2026-03-02 09:59:00,67.36,67.56,67.23,67.23,50600,3410292
603026.SH,2026-03-02 10:00:00,67.22,67.25,67.11,67.19,27800,1867717
603026.SH,2026-03-02 10:01:00,67.19,67.7,67.19,67.7,56103,3782158
603026.SH,2026-03-02 10:02:00,67.74,68.0,67.74,67.75,129921,8818161
603026.SH,2026-03-02 10:03:00,67.8,67.8,67.47,67.47,14000,947140
603026.SH,2026-03-02 10:04:00,67.4,67.4,67.11,67.11,19800,1330641
603026.SH,2026-03-02 10:05:00,67.11,67.29,67.11,67.29,35300,2370559
603026.SH,2026-03-02 10:06:00,67.3,67.32,67.1,67.1,40200,2702239
603026.SH,2026-03-02 10:07:00,67.09,67.09,66.9,66.92,45600,3054449
603026.SH,2026-03-02 10:08:00,66.9,66.92,66.8,66.86,65800,4399453
603026.SH,2026-03-02 10:09:00,66.85,66.87,66.8,66.83,74500,4978371
603026.SH,2026-03-02 10:10:00,66.86,66.86,66.61,66.61,51400,3432950
603026.SH,2026-03-02 10:11:00,66.62,66.62,66.48,66.48,39200,2607532
603026.SH,2026-03-02 10:12:00,66.48,66.52,66.42,66.43,47200,3137495
603026.SH,2026-03-02 10:13:00,66.4,66.41,66.25,66.25,49600,3291888
603026.SH,2026-03-02 10:14:00,66.24,66.45,66.24,66.45,74100,4919526
603026.SH,2026-03-02 10:15:00,66.45,66.45,66.3,66.31,36100,2396470
603026.SH,2026-03-02 10:16:00,66.31,66.33,66.18,66.22,53790,3565648
603026.SH,2026-03-02 10:17:00,66.22,66.36,66.13,66.35,29300,1940716
603026.SH,2026-03-02 10:18:00,66.35,66.4,66.26,66.27,58200,3860421
603026.SH,2026-03-02 10:19:00,66.22,66.24,66.19,66.2,45300,2997747
603026.SH,2026-03-02 10:20:00,66.2,66.2,66.15,66.18,39482,2612840
603026.SH,2026-03-02 10:21:00,66.18,66.51,66.18,66.5,103418,6855624
603026.SH,2026-03-02 10:22:00,66.5,66.58,66.38,66.51,26100,1735025
603026.SH,2026-03-02 10:23:00,66.46,66.53,66.46,66.53,18300,1217184
603026.SH,2026-03-02 10:24:00,66.54,66.54,66.46,66.5,38400,2554258
603026.SH,2026-03-02 10:25:00,66.5,66.62,66.5,66.6,30600,2035964
603026.SH,2026-03-02 10:26:00,66.52,66.59,66.52,66.59,35000,2329781
603026.SH,2026-03-02 10:27:00,66.61,66.68,66.61,66.68,12800,853185
603026.SH,2026-03-02 10:28:00,66.72,66.72,66.56,66.6,31100,2073465
603026.SH,2026-03-02 10:29:00,66.61,66.64,66.56,66.58,13100,872601
603026.SH,2026-03-02 10:30:00,66.5,66.51,66.38,66.39,40000,2660372
603026.SH,2026-03-02 10:31:00,66.39,66.39,66.24,66.3,44200,2931029
603026.SH,2026-03-02 10:32:00,66.3,66.37,66.25,66.26,12100,802152
603026.SH,2026-03-02 10:33:00,66.26,66.3,66.19,66.25,38600,2556663
603026.SH,2026-03-02 10:34:00,66.27,66.31,66.27,66.27,20800,1379071
603026.SH,2026-03-02 10:35:00,66.27,66.29,66.26,66.29,13000,861631
603026.SH,2026-03-02 10:36:00,66.29,66.35,66.28,66.33,10700,709498
603026.SH,2026-03-02 10:37:00,66.35,66.4,66.26,66.4,34800,2307136
603026.SH,2026-03-02 10:38:00,66.42,66.6,66.4,66.6,31700,2110121
603026.SH,2026-03-02 10:39:00,66.6,66.68,66.47,66.5,82800,5510755
603026.SH,2026-03-02 10:40:00,66.52,66.81,66.52,66.8,63200,4211518
603026.SH,2026-03-02 10:41:00,66.8,67.24,66.8,67.05,37300,2501029
603026.SH,2026-03-02 10:42:00,67.04,67.04,66.97,67.0,11200,750385
603026.SH,2026-03-02 10:43:00,66.97,66.97,66.78,66.78,14900,996726
603026.SH,2026-03-02 10:44:00,66.74,66.81,66.67,66.71,11200,747460
603026.SH,2026-03-02 10:45:00,66.8,67.2,66.65,67.18,72400,4852679
603026.SH,2026-03-02 10:46:00,67.21,67.27,67.07,67.09,42000,2816698
603026.SH,2026-03-02 10:47:00,67.12,67.12,66.81,66.81,18400,1231732
603026.SH,2026-03-02 10:48:00,66.88,66.94,66.78,66.82,7800,521280
603026.SH,2026-03-02 10:49:00,66.83,66.83,66.78,66.82,7400,494398
603026.SH,2026-03-02 10:50:00,66.82,66.91,66.82,66.91,9200,614947
603026.SH,2026-03-02 10:51:00,66.9,67.3,66.83,67.3,43200,2897817
603026.SH,2026-03-02 10:52:00,67.44,67.45,67.32,67.33,42900,2890101
603026.SH,2026-03-02 10:53:00,67.38,67.4,67.32,67.32,16600,1118181
603026.SH,2026-03-02 10:54:00,67.33,67.33,67.09,67.09,15100,1015958
603026.SH,2026-03-02 10:55:00,67.1,67.2,67.07,67.09,11800,791896
603026.SH,2026-03-02 10:56:00,67.08,67.08,66.96,66.96,11700,783659
603026.SH,2026-03-02 10:57:00,67.03,67.11,66.96,67.11,15200,1018577
603026.SH,2026-03-02 10:58:00,67.12,67.12,67.06,67.06,6200,416049
603026.SH,2026-03-02 10:59:00,67.08,67.11,67.0,67.01,11600,777679
603026.SH,2026-03-02 11:00:00,67.02,67.09,66.99,66.99,8600,576583
603026.SH,2026-03-02 11:01:00,66.98,66.98,66.9,66.9,11000,736408
603026.SH,2026-03-02 11:02:00,66.89,66.89,66.78,66.78,9800,654959
603026.SH,2026-03-02 11:03:00,66.78,66.89,66.75,66.8,12600,841761
603026.SH,2026-03-02 11:04:00,66.9,67.14,66.82,67.11,23000,1541761
603026.SH,2026-03-02 11:05:00,67.09,67.11,67.04,67.05,18306,1226193
603026.SH,2026-03-02 11:06:00,67.05,67.09,67.0,67.04,13800,924920
603026.SH,2026-03-02 11:07:00,67.05,67.05,66.96,66.99,5800,388722
603026.SH,2026-03-02 11:08:00,66.96,66.98,66.93,66.95,8200,548965
603026.SH,2026-03-02 11:09:00,66.95,67.02,66.94,67.02,9300,622893
603026.SH,2026-03-02 11:10:00,66.95,66.98,66.94,66.95,7800,522281
603026.SH,2026-03-02 11:11:00,66.95,66.99,66.91,66.91,13800,923826
603026.SH,2026-03-02 11:12:00,66.9,66.9,66.88,66.88,11300,755653
603026.SH,2026-03-02 11:13:00,66.87,66.87,66.82,66.82,2000,133671
603026.SH,2026-03-02 11:14:00,66.81,66.82,66.71,66.73,22300,1489646
603026.SH,2026-03-02 11:15:00,66.74,66.74,66.68,66.71,11800,786976
603026.SH,2026-03-02 11:16:00,66.67,66.71,66.62,66.68,7800,519901
603026.SH,2026-03-02 11:17:00,66.65,66.77,66.63,66.72,6700,446721
603026.SH,2026-03-02 11:18:00,66.74,66.74,66.57,66.7,15500,1032932
603026.SH,2026-03-02 11:19:00,66.6,66.66,66.6,66.66,6400,426415
603026.SH,2026-03-02 11:20:00,66.67,66.67,66.6,66.6,2900,193218
603026.SH,2026-03-02 11:21:00,66.63,66.74,66.63,66.71,10700,713713
603026.SH,2026-03-02 11:22:00,66.69,66.69,66.65,66.67,5400,360091
603026.SH,2026-03-02 11:23:00,66.67,66.73,66.67,66.73,3900,260075
603026.SH,2026-03-02 11:24:00,66.73,66.76,66.73,66.75,3900,260328
603026.SH,2026-03-02 11:25:00,66.75,66.93,66.75,66.8,11900,795490
603026.SH,2026-03-02 11:26:00,66.8,66.8,66.67,66.69,28900,1928222
603026.SH,2026-03-02 11:27:00,66.65,66.66,66.58,66.6,10800,719529
603026.SH,2026-03-02 11:28:00,66.57,66.66,66.54,66.66,9100,605854
603026.SH,2026-03-02 11:29:00,66.72,66.72,66.66,66.7,8300,553413
603026.SH,2026-03-02 11:30:00,66.7,66.7,66.66,66.66,6600,440084
603026.SH,2026-03-02 13:01:00,66.7,66.7,66.56,66.56,22200,1479358
603026.SH,2026-03-02 13:02:00,66.55,67.05,66.53,67.05,28100,1876005
603026.SH,2026-03-02 13:03:00,67.21,67.21,67.01,67.01,23200,1557504
603026.SH,2026-03-02 13:04:00,67.23,67.3,67.07,67.24,16700,1122025
603026.SH,2026-03-02 13:05:00,67.26,67.29,67.11,67.11,13400,900891
603026.SH,2026-03-02 13:06:00,67.1,67.18,67.01,67.11,13600,912729
603026.SH,2026-03-02 13:07:00,67.12,67.29,67.11,67.28,31000,2083682
603026.SH,2026-03-02 13:08:00,67.27,67.88,67.27,67.85,141900,9587263
603026.SH,2026-03-02 13:09:00,67.89,67.9,67.52,67.52,51500,3491945
603026.SH,2026-03-02 13:10:00,67.52,67.52,67.33,67.41,14200,957400
603026.SH,2026-03-02 13:11:00,67.4,67.48,67.39,67.46,16500,1112431
603026.SH,2026-03-02 13:12:00,67.48,67.66,67.46,67.66,38000,2565992
603026.SH,2026-03-02 13:13:00,67.7,67.77,67.69,67.71,34700,2349721
603026.SH,2026-03-02 13:14:00,67.7,67.7,67.44,67.55,19300,1304213
603026.SH,2026-03-02 13:15:00,67.55,67.63,67.46,67.6,21500,1452351
603026.SH,2026-03-02 13:16:00,67.6,67.77,67.58,67.76,53100,3593046
603026.SH,2026-03-02 13:17:00,67.77,67.77,67.62,67.66,25500,1726437
603026.SH,2026-03-02 13:18:00,67.66,67.69,67.63,67.63,34000,2299930
603026.SH,2026-03-02 13:19:00,67.66,67.66,67.41,67.48,23400,1581335
603026.SH,2026-03-02 13:20:00,67.65,67.65,67.55,67.64,28800,1948087
603026.SH,2026-03-02 13:21:00,67.64,67.68,67.63,67.67,19600,1326136
603026.SH,2026-03-02 13:22:00,67.67,67.67,67.58,67.58,8600,581788
603026.SH,2026-03-02 13:23:00,67.59,67.64,67.53,67.53,10100,682516
603026.SH,2026-03-02 13:24:00,67.52,67.53,67.41,67.47,20200,1362890
603026.SH,2026-03-02 13:25:00,67.52,67.59,67.5,67.55,10700,722594
603026.SH,2026-03-02 13:26:00,67.65,67.65,67.56,67.58,18500,1250596
603026.SH,2026-03-02 13:27:00,67.57,67.57,67.5,67.5,16500,1114552
603026.SH,2026-03-02 13:28:00,67.49,67.49,67.42,67.42,6300,424937
603026.SH,2026-03-02 13:29:00,67.42,67.42,67.33,67.33,10300,694159
603026.SH,2026-03-02 13:30:00,67.25,67.35,67.25,67.32,28000,1884318
603026.SH,2026-03-02 13:31:00,67.4,67.4,67.3,67.35,10900,734016
603026.SH,2026-03-02 13:32:00,67.35,67.35,67.28,67.32,20700,1393605
603026.SH,2026-03-02 13:33:00,67.32,67.36,67.28,67.28,10000,673173
603026.SH,2026-03-02 13:34:00,67.28,67.4,67.28,67.4,8100,545392
603026.SH,2026-03-02 13:35:00,67.39,67.4,67.3,67.34,7300,491836
603026.SH,2026-03-02 13:36:00,67.34,67.35,67.28,67.28,21000,1413885
603026.SH,2026-03-02 13:37:00,67.3,67.3,67.26,67.28,9600,645838
603026.SH,2026-03-02 13:38:00,67.26,67.28,67.24,67.24,10000,672621
603026.SH,2026-03-02 13:39:00,67.25,67.28,67.24,67.28,9100,611971
603026.SH,2026-03-02 13:40:00,67.28,67.29,67.24,67.26,4100,275794
603026.SH,2026-03-02 13:41:00,67.27,67.44,67.22,67.35,19900,1339168
603026.SH,2026-03-02 13:42:00,67.43,67.43,67.31,67.35,13200,889202
603026.SH,2026-03-02 13:43:00,67.35,67.37,67.34,67.37,5800,390657
603026.SH,2026-03-02 13:44:00,67.37,67.38,67.36,67.37,6900,464845
603026.SH,2026-03-02 13:45:00,67.36,67.36,67.27,67.34,23100,1554334
603026.SH,2026-03-02 13:46:00,67.26,67.32,67.21,67.23,6900,464019
603026.SH,2026-03-02 13:47:00,67.23,67.23,67.15,67.19,30521,2049845
603026.SH,2026-03-02 13:48:00,67.2,67.2,67.16,67.16,7300,490404
603026.SH,2026-03-02 13:49:00,67.18,67.18,67.15,67.15,17800,1195508
603026.SH,2026-03-02 13:50:00,67.16,67.16,67.15,67.15,6900,463375
603026.SH,2026-03-02 13:51:00,67.15,67.15,67.0,67.0,22700,1522053
603026.SH,2026-03-02 13:52:00,67.02,67.04,67.0,67.0,37400,2506192
603026.SH,2026-03-02 13:53:00,67.01,67.01,66.97,66.97,13200,884312
603026.SH,2026-03-02 13:54:00,66.92,66.92,66.87,66.88,16300,1090282
603026.SH,2026-03-02 13:55:00,66.88,66.88,66.8,66.8,25500,1703812
603026.SH,2026-03-02 13:56:00,66.78,66.78,66.71,66.71,16400,1094547
603026.SH,2026-03-02 13:57:00,66.7,66.7,66.66,66.66,29300,1953758
603026.SH,2026-03-02 13:58:00,66.65,66.65,66.55,66.55,25200,1678062
603026.SH,2026-03-02 13:59:00,66.56,66.58,66.55,66.58,39700,2642575
603026.SH,2026-03-02 14:00:00,66.57,66.6,66.54,66.54,47400,3155360
603026.SH,2026-03-02 14:01:00,66.54,66.57,66.54,66.57,22000,1464213
603026.SH,2026-03-02 14:02:00,66.57,66.58,66.53,66.54,70700,4705494
603026.SH,2026-03-02 14:03:00,66.53,66.54,66.52,66.53,30000,1995895
603026.SH,2026-03-02 14:04:00,66.53,66.6,66.51,66.58,35200,2342595
603026.SH,2026-03-02 14:05:00,66.58,66.63,66.58,66.63,34013,2265139
603026.SH,2026-03-02 14:06:00,66.63,66.65,66.59,66.59,32800,2185167
603026.SH,2026-03-02 14:07:00,66.58,66.58,66.52,66.52,42602,2835858
603026.SH,2026-03-02 14:08:00,66.53,66.64,66.53,66.62,15800,1052157
603026.SH,2026-03-02 14:09:00,66.64,66.64,66.63,66.63,15400,1026212
603026.SH,2026-03-02 14:10:00,66.61,66.63,66.61,66.62,19700,1312316
603026.SH,2026-03-02 14:11:00,66.6,66.6,66.55,66.55,17800,1185000
603026.SH,2026-03-02 14:12:00,66.56,66.58,66.55,66.56,16000,1064958
603026.SH,2026-03-02 14:13:00,66.56,66.56,66.54,66.54,17400,1157908
603026.SH,2026-03-02 14:14:00,66.55,66.55,66.54,66.55,17100,1137975
603026.SH,2026-03-02 14:15:00,66.55,66.55,66.54,66.55,21200,1410817
603026.SH,2026-03-02 14:16:00,66.55,66.59,66.54,66.58,19300,1284458
603026.SH,2026-03-02 14:17:00,66.58,66.58,66.57,66.57,15500,1031984
603026.SH,2026-03-02 14:18:00,66.59,66.59,66.57,66.58,20100,1338299
603026.SH,2026-03-02 14:19:00,66.57,66.58,66.55,66.55,16500,1098386
603026.SH,2026-03-02 14:20:00,66.55,66.56,66.55,66.56,13000,865262
603026.SH,2026-03-02 14:21:00,66.56,66.56,66.44,66.49,107100,7123196
603026.SH,2026-03-02 14:22:00,66.49,66.52,66.45,66.5,22400,1489077
603026.SH,2026-03-02 14:23:00,66.5,66.55,66.48,66.51,20300,1349860
603026.SH,2026-03-02 14:24:00,66.49,66.49,66.46,66.46,22500,1495507
603026.SH,2026-03-02 14:25:00,66.46,66.46,66.41,66.41,15600,1036482
603026.SH,2026-03-02 14:26:00,66.4,66.42,66.39,66.39,13200,876507
603026.SH,2026-03-02 14:27:00,66.4,66.42,66.38,66.42,42100,2795281
603026.SH,2026-03-02 14:28:00,66.42,66.49,66.42,66.48,32800,2180069
603026.SH,2026-03-02 14:29:00,66.48,66.49,66.46,66.46,15500,1030298
603026.SH,2026-03-02 14:30:00,66.45,66.47,66.45,66.46,16500,1096660
603026.SH,2026-03-02 14:31:00,66.46,66.53,66.46,66.49,41900,2785703
603026.SH,2026-03-02 14:32:00,66.48,66.49,66.46,66.49,51500,3422903
603026.SH,2026-03-02 14:33:00,66.49,66.49,66.44,66.44,20600,1368992
603026.SH,2026-03-02 14:34:00,66.45,66.45,66.43,66.44,20800,1382010
603026.SH,2026-03-02 14:35:00,66.43,66.44,66.41,66.41,27700,1839916
603026.SH,2026-03-02 14:36:00,66.41,66.43,66.4,66.4,38000,2523497
603026.SH,2026-03-02 14:37:00,66.4,66.4,66.38,66.39,27100,1799162
603026.SH,2026-03-02 14:38:00,66.38,66.42,66.38,66.4,26900,1786116
603026.SH,2026-03-02 14:39:00,66.4,66.42,66.4,66.42,38100,2530225
603026.SH,2026-03-02 14:40:00,66.41,66.55,66.41,66.52,46400,3083179
603026.SH,2026-03-02 14:41:00,66.52,66.52,66.43,66.43,24500,1628083
603026.SH,2026-03-02 14:42:00,66.44,66.5,66.44,66.44,19500,1295701
603026.SH,2026-03-02 14:43:00,66.44,66.47,66.42,66.43,27700,1840311
603026.SH,2026-03-02 14:44:00,66.43,66.47,66.4,66.4,43900,2915602
603026.SH,2026-03-02 14:45:00,66.4,66.44,66.35,66.42,58800,3904565
603026.SH,2026-03-02 14:46:00,66.36,66.38,66.31,66.32,74300,4925477
603026.SH,2026-03-02 14:47:00,66.31,66.33,66.22,66.27,62800,4159298
603026.SH,2026-03-02 14:48:00,66.2,66.26,66.1,66.14,97500,6442341
603026.SH,2026-03-02 14:49:00,66.15,66.2,66.15,66.15,89413,5911086
603026.SH,2026-03-02 14:50:00,66.15,66.15,66.0,66.13,138308,9139708
603026.SH,2026-03-02 14:51:00,66.05,66.16,66.0,66.16,72800,4811004
603026.SH,2026-03-02 14:52:00,66.16,66.17,66.13,66.16,42300,2797417
603026.SH,2026-03-02 14:53:00,66.16,66.19,66.0,66.19,67400,4454234
603026.SH,2026-03-02 14:54:00,66.16,66.25,66.0,66.0,108671,7181478
603026.SH,2026-03-02 14:55:00,66.22,66.22,66.0,66.14,63900,4222310
603026.SH,2026-03-02 14:56:00,66.14,66.18,66.1,66.1,23100,1527660
603026.SH,2026-03-02 14:57:00,66.1,66.1,66.0,66.0,56300,3718154
603026.SH,2026-03-02 14:58:00,66.0,66.0,66.0,66.0,300,19800
603026.SH,2026-03-02 14:59:00,66.0,66.0,66.0,66.0,0,0
603026.SH,2026-03-02 15:00:00,66.0,66.0,66.0,66.0,73500,4851000
603026.SH,2026-03-03 09:30:00,66.2,66.36,66.2,66.36,25800,1708920
603026.SH,2026-03-03 09:31:00,66.53,66.98,66.42,66.96,60500,4034009
603026.SH,2026-03-03 09:32:00,66.99,67.49,66.98,67.28,183000,12306994
603026.SH,2026-03-03 09:33:00,67.21,67.21,66.72,66.73,163800,10959515
603026.SH,2026-03-03 09:34:00,66.73,66.73,66.5,66.61,131300,8749989
603026.SH,2026-03-03 09:35:00,66.61,66.61,66.17,66.18,123700,8211268
603026.SH,2026-03-03 09:36:00,66.0,66.43,65.91,66.42,232500,15361074
603026.SH,2026-03-03 09:37:00,66.4,66.5,66.26,66.39,107500,7130032
603026.SH,2026-03-03 09:38:00,66.4,66.46,66.22,66.29,71000,4710133
603026.SH,2026-03-03 09:39:00,66.2,66.22,65.91,65.91,119100,7871218
603026.SH,2026-03-03 09:40:00,65.9,66.0,65.7,65.79,157042,10344335
603026.SH,2026-03-03 09:41:00,65.81,65.81,65.36,65.4,172354,11309744
603026.SH,2026-03-03 09:42:00,65.4,65.51,65.21,65.35,103200,6744770
603026.SH,2026-03-03 09:43:00,65.23,65.3,65.01,65.01,143000,9317627
603026.SH,2026-03-03 09:44:00,64.97,64.99,64.81,64.9,219300,14241310
603026.SH,2026-03-03 09:45:00,64.88,64.98,64.8,64.96,141700,9195051
603026.SH,2026-03-03 09:46:00,64.93,64.93,64.8,64.8,142800,9263739
603026.SH,2026-03-03 09:47:00,64.78,64.78,64.5,64.5,181800,11753561
603026.SH,2026-03-03 09:48:00,64.52,64.52,64.38,64.4,137600,8870536
603026.SH,2026-03-03 09:49:00,64.4,64.4,64.01,64.01,150900,9685832
603026.SH,2026-03-03 09:50:00,64.0,64.17,64.0,64.08,156600,10033718
603026.SH,2026-03-03 09:51:00,64.09,64.19,64.01,64.01,152300,9765780
603026.SH,2026-03-03 09:52:00,64.01,64.05,63.78,63.83,251400,16083210
603026.SH,2026-03-03 09:53:00,63.77,63.88,63.68,63.83,86600,5527235
603026.SH,2026-03-03 09:54:00,63.87,63.92,63.79,63.8,90800,5798104
603026.SH,2026-03-03 09:55:00,63.8,63.8,63.65,63.66,87700,5586211
603026.SH,2026-03-03 09:56:00,63.64,63.71,63.61,63.65,135600,8631828
603026.SH,2026-03-03 09:57:00,63.66,63.75,63.56,63.68,80200,5103547
603026.SH,2026-03-03 09:58:00,63.68,63.77,63.6,63.66,93400,5946302
603026.SH,2026-03-03 09:59:00,63.66,63.86,63.66,63.79,79300,5056248
603026.SH,2026-03-03 10:00:00,63.79,63.86,63.76,63.78,87600,5586960
603026.SH,2026-03-03 10:01:00,63.73,64.14,63.7,64.05,64500,4122608
603026.SH,2026-03-03 10:02:00,64.07,64.18,64.07,64.12,82300,5276203
603026.SH,2026-03-03 10:03:00,64.07,64.27,64.07,64.18,61400,3938999
603026.SH,2026-03-03 10:04:00,64.11,64.25,64.08,64.21,34100,2187667
603026.SH,2026-03-03 10:05:00,64.08,64.18,63.99,64.05,30300,1941278
603026.SH,2026-03-03 10:06:00,63.81,64.05,63.81,64.0,19700,1259506
603026.SH,2026-03-03 10:07:00,64.0,64.01,63.86,63.86,21300,1361694
603026.SH,2026-03-03 10:08:00,63.86,64.17,63.84,64.07,40300,2576278
603026.SH,2026-03-03 10:09:00,63.94,64.01,63.8,63.87,33900,2167064
603026.SH,2026-03-03 10:10:00,63.85,63.89,63.75,63.84,75300,4803298
603026.SH,2026-03-03 10:11:00,63.66,63.77,63.55,63.6,111600,7099150
603026.SH,2026-03-03 10:12:00,63.53,63.69,63.52,63.56,98200,6242494
603026.SH,2026-03-03 10:13:00,63.53,63.53,63.06,63.14,181200,11479685
603026.SH,2026-03-03 10:14:00,63.1,63.42,63.0,63.32,131661,8316804
603026.SH,2026-03-03 10:15:00,63.12,63.24,63.12,63.19,53100,3354222
603026.SH,2026-03-03 10:16:00,63.17,63.2,63.07,63.07,74639,4712402
603026.SH,2026-03-03 10:17:00,63.01,63.01,62.8,62.81,287200,18065896
603026.SH,2026-03-03 10:18:00,62.7,62.82,62.5,62.6,70800,4440677
603026.SH,2026-03-03 10:19:00,62.6,62.65,62.52,62.62,90000,5632645
603026.SH,2026-03-03 10:20:00,62.62,62.82,62.62,62.8,53000,3324487
603026.SH,2026-03-03 10:21:00,62.86,62.86,62.49,62.61,125800,7872104
603026.SH,2026-03-03 10:22:00,62.5,62.8,62.5,62.78,61800,3873495
603026.SH,2026-03-03 10:23:00,62.81,62.99,62.81,62.94,34000,2138842
603026.SH,2026-03-03 10:24:00,62.95,63.11,62.92,63.1,80100,5048083
603026.SH,2026-03-03 10:25:00,63.17,63.45,63.17,63.45,35677,2258539
603026.SH,2026-03-03 10:26:00,63.32,63.37,63.18,63.27,54323,3435696
603026.SH,2026-03-03 10:27:00,63.02,63.27,63.02,63.1,40000,2528110
603026.SH,2026-03-03 10:28:00,63.02,63.29,63.02,63.2,27300,1723823
603026.SH,2026-03-03 10:29:00,63.17,63.21,63.03,63.03,32100,2025388
603026.SH,2026-03-03 10:30:00,63.0,63.01,62.89,62.94,33100,2084381
603026.SH,2026-03-03 10:31:00,63.0,63.06,62.95,63.02,50800,3200773
603026.SH,2026-03-03 10:32:00,63.04,63.21,63.01,63.2,28100,1773849
603026.SH,2026-03-03 10:33:00,63.25,63.25,63.1,63.24,17800,1124125
603026.SH,2026-03-03 10:34:00,63.24,63.24,63.08,63.15,29900,1887895
603026.SH,2026-03-03 10:35:00,63.17,63.17,62.94,62.94,43600,2750414
603026.SH,2026-03-03 10:36:00,62.88,62.88,62.8,62.83,30300,1904599
603026.SH,2026-03-03 10:37:00,62.82,63.2,62.82,63.13,46700,2945336
603026.SH,2026-03-03 10:38:00,63.12,63.33,63.12,63.27,20200,1277887
603026.SH,2026-03-03 10:39:00,63.27,63.28,63.2,63.28,13400,847541
603026.SH,2026-03-03 10:40:00,63.26,63.79,63.22,63.71,49200,3126785
603026.SH,2026-03-03 10:41:00,63.84,64.11,63.83,64.07,38000,2431522
603026.SH,2026-03-03 10:42:00,63.9,64.05,63.9,64.05,20200,1291779
603026.SH,2026-03-03 10:43:00,64.05,64.39,64.05,64.1,64600,4151349
603026.SH,2026-03-03 10:44:00,64.06,64.06,64.0,64.02,70900,4536702
603026.SH,2026-03-03 10:45:00,63.99,63.99,63.85,63.9,13600,869240
603026.SH,2026-03-03 10:46:00,63.88,63.88,63.82,63.84,20800,1328129
603026.SH,2026-03-03 10:47:00,63.83,64.0,63.82,63.99,30300,1937366
603026.SH,2026-03-03 10:48:00,64.0,64.13,63.97,64.13,19500,1248890
603026.SH,2026-03-03 10:49:00,64.15,64.26,64.15,64.25,29400,1887881
603026.SH,2026-03-03 10:50:00,64.3,64.32,64.13,64.13,35900,2307989
603026.SH,2026-03-03 10:51:00,64.13,64.13,63.9,63.93,11400,729495
603026.SH,2026-03-03 10:52:00,64.04,64.2,64.03,64.16,46300,2966272
603026.SH,2026-03-03 10:53:00,64.1,64.1,63.95,64.05,7700,493467
603026.SH,2026-03-03 10:54:00,64.05,64.15,63.94,64.15,17600,1127060
603026.SH,2026-03-03 10:55:00,64.1,64.3,64.08,64.28,20800,1335012
603026.SH,2026-03-03 10:56:00,64.29,64.29,64.08,64.08,12000,770545
603026.SH,2026-03-03 10:57:00,64.08,64.16,64.03,64.04,11200,717607
603026.SH,2026-03-03 10:58:00,64.01,64.15,64.01,64.15,10400,666095
603026.SH,2026-03-03 10:59:00,64.15,64.15,64.06,64.09,7600,487098
603026.SH,2026-03-03 11:00:00,64.1,64.16,64.1,64.16,9500,609283
603026.SH,2026-03-03 11:01:00,64.16,64.19,64.12,64.13,13500,866090
603026.SH,2026-03-03 11:02:00,64.12,64.44,64.11,64.44,60500,3888647
603026.SH,2026-03-03 11:03:00,64.37,64.4,64.35,64.36,20300,1306869
603026.SH,2026-03-03 11:04:00,64.35,64.65,64.32,64.65,68400,4411932
603026.SH,2026-03-03 11:05:00,64.65,64.66,64.54,64.61,38000,2454723
603026.SH,2026-03-03 11:06:00,64.6,64.6,64.52,64.54,23500,1517550
603026.SH,2026-03-03 11:07:00,64.52,64.69,64.52,64.56,34300,2214742
603026.SH,2026-03-03 11:08:00,64.53,64.75,64.53,64.63,28900,1869101
603026.SH,2026-03-03 11:09:00,64.63,64.75,64.6,64.75,39600,2559906
603026.SH,2026-03-03 11:10:00,64.76,64.98,64.71,64.97,64700,4198249
603026.SH,2026-03-03 11:11:00,64.97,65.0,64.92,64.97,82610,5367548
603026.SH,2026-03-03 11:12:00,64.97,64.97,64.75,64.75,23900,1550524
603026.SH,2026-03-03 11:13:00,64.72,64.74,64.58,64.6,13100,847225
603026.SH,2026-03-03 11:14:00,64.59,64.59,64.52,64.52,19000,1226918
603026.SH,2026-03-03 11:15:00,64.5,64.5,64.39,64.39,28400,1830551
603026.SH,2026-03-03 11:16:00,64.37,64.37,64.2,64.27,20800,1337766
603026.SH,2026-03-03 11:17:00,64.39,64.45,64.31,64.4,7800,502268
603026.SH,2026-03-03 11:18:00,64.39,64.39,64.3,64.33,6000,385952
603026.SH,2026-03-03 11:19:00,64.33,64.36,64.31,64.36,6900,443864
603026.SH,2026-03-03 11:20:00,64.36,64.36,64.31,64.33,8000,514599
603026.SH,2026-03-03 11:21:00,64.31,64.4,64.31,64.37,39900,2567945
603026.SH,2026-03-03 11:22:00,64.4,64.55,64.4,64.55,32100,2070712
603026.SH,2026-03-03 11:23:00,64.56,64.76,64.56,64.72,11300,731067
603026.SH,2026-03-03 11:24:00,64.72,64.8,64.62,64.62,33800,2188015
603026.SH,2026-03-03 11:25:00,64.61,64.63,64.54,64.63,13500,871863
603026.SH,2026-03-03 11:26:00,64.63,64.68,64.54,64.54,17800,1150509
603026.SH,2026-03-03 11:27:00,64.54,64.7,64.52,64.65,15861,1024522
603026.SH,2026-03-03 11:28:00,64.64,64.78,64.64,64.73,16000,1035541
603026.SH,2026-03-03 11:29:00,64.73,64.73,64.63,64.63,6900,446303
603026.SH,2026-03-03 11:30:00,64.57,64.59,64.56,64.57,4300,277644
603026.SH,2026-03-03 13:01:00,64.57,64.67,64.4,64.4,80000,5166671
603026.SH,2026-03-03 13:02:00,64.4,64.4,64.23,64.26,34100,2192021
603026.SH,2026-03-03 13:03:00,64.32,64.33,64.24,64.24,12800,823435
603026.SH,2026-03-03 13:04:00,64.24,64.24,64.16,64.2,8100,519881
603026.SH,2026-03-03 13:05:00,64.18,64.3,64.15,64.28,10700,687161
603026.SH,2026-03-03 13:06:00,64.26,64.26,64.11,64.12,12500,802393
603026.SH,2026-03-03 13:07:00,64.11,64.12,64.0,64.09,32000,2049394
603026.SH,2026-03-03 13:08:00,64.13,64.25,64.13,64.15,5200,333767
603026.SH,2026-03-03 13:09:00,64.15,64.39,64.15,64.39,20300,1305073
603026.SH,2026-03-03 13:10:00,64.5,64.5,64.2,64.24,6600,424992
603026.SH,2026-03-03 13:11:00,64.24,64.69,64.24,64.69,14500,935250
603026.SH,2026-03-03 13:12:00,64.73,65.01,64.66,65.01,134100,8708742
603026.SH,2026-03-03 13:13:00,64.98,65.08,64.62,65.01,53800,3493195
603026.SH,2026-03-03 13:14:00,65.08,65.08,64.86,64.86,48200,3133260
603026.SH,2026-03-03 13:15:00,64.94,65.23,64.89,65.19,50900,3314212
603026.SH,2026-03-03 13:16:00,65.1,65.49,65.1,65.29,124100,8114748
603026.SH,2026-03-03 13:17:00,65.29,65.68,65.29,65.59,100400,6584687
603026.SH,2026-03-03 13:18:00,65.51,65.54,65.2,65.38,104600,6847759
603026.SH,2026-03-03 13:19:00,65.35,65.35,65.2,65.2,27000,1763560
603026.SH,2026-03-03 13:20:00,65.2,65.2,65.12,65.12,15600,1016212
603026.SH,2026-03-03 13:21:00,65.06,65.17,65.06,65.12,8300,540431
603026.SH,2026-03-03 13:22:00,65.11,65.18,65.11,65.13,17000,1107360
603026.SH,2026-03-03 13:23:00,65.11,65.16,65.11,65.16,17300,1126749
603026.SH,2026-03-03 13:24:00,65.18,65.29,65.01,65.02,42500,2770182
603026.SH,2026-03-03 13:25:00,65.01,65.01,64.9,64.93,11300,733525
603026.SH,2026-03-03 13:26:00,64.95,64.95,64.86,64.86,5700,369886
603026.SH,2026-03-03 13:27:00,64.86,65.0,64.85,64.86,24100,1563919
603026.SH,2026-03-03 13:28:00,64.89,64.94,64.86,64.93,8500,551827
603026.SH,2026-03-03 13:29:00,64.94,64.99,64.8,64.8,45600,2956976
603026.SH,2026-03-03 13:30:00,64.8,64.95,64.8,64.94,7700,499318
603026.SH,2026-03-03 13:31:00,64.94,64.94,64.86,64.86,4700,305048
603026.SH,2026-03-03 13:32:00,64.86,64.88,64.84,64.85,9400,609604
603026.SH,2026-03-03 13:33:00,64.83,65.04,64.73,65.02,48500,3146240
603026.SH,2026-03-03 13:34:00,65.02,65.02,64.82,64.84,6200,402593
603026.SH,2026-03-03 13:35:00,64.84,64.84,64.7,64.74,12400,802569
603026.SH,2026-03-03 13:36:00,64.74,64.74,64.61,64.61,9000,582246
603026.SH,2026-03-03 13:37:00,64.62,64.74,64.61,64.74,6800,439490
603026.SH,2026-03-03 13:38:00,64.74,64.8,64.74,64.75,12500,809326
603026.SH,2026-03-03 13:39:00,64.75,64.75,64.69,64.69,7600,492046
603026.SH,2026-03-03 13:40:00,64.67,64.73,64.65,64.69,6400,414061
603026.SH,2026-03-03 13:41:00,64.66,64.8,64.64,64.8,7900,511037
603026.SH,2026-03-03 13:42:00,64.8,65.58,64.8,65.46,132400,8654083
603026.SH,2026-03-03 13:43:00,65.4,65.59,65.39,65.46,94300,6176671
603026.SH,2026-03-03 13:44:00,65.41,65.41,65.21,65.22,20800,1359992
603026.SH,2026-03-03 13:45:00,65.21,65.31,65.2,65.2,7300,476344
603026.SH,2026-03-03 13:46:00,65.16,65.43,65.16,65.4,33600,2194597
603026.SH,2026-03-03 13:47:00,65.32,65.49,65.32,65.4,27400,1792858
603026.SH,2026-03-03 13:48:00,65.4,65.47,65.28,65.28,8300,542755
603026.SH,2026-03-03 13:49:00,65.28,65.3,65.21,65.21,7500,489278
603026.SH,2026-03-03 13:50:00,65.22,65.22,65.17,65.17,10400,678091
603026.SH,2026-03-03 13:51:00,65.0,65.12,65.0,65.0,9000,585652
603026.SH,2026-03-03 13:52:00,64.86,65.13,64.86,65.1,16000,1040075
603026.SH,2026-03-03 13:53:00,65.04,65.08,64.95,64.95,9400,611357
603026.SH,2026-03-03 13:54:00,64.8,64.91,64.8,64.91,8900,577009
603026.SH,2026-03-03 13:55:00,64.8,64.81,64.75,64.75,9600,622084
603026.SH,2026-03-03 13:56:00,64.7,64.76,64.69,64.7,15400,996486
603026.SH,2026-03-03 13:57:00,64.69,64.74,64.69,64.7,37500,2422474
603026.SH,2026-03-03 13:58:00,64.57,64.79,64.57,64.67,15500,1003212
603026.SH,2026-03-03 13:59:00,64.69,64.75,64.69,64.72,9400,608336
603026.SH,2026-03-03 14:00:00,64.73,64.77,64.67,64.77,11800,763956
603026.SH,2026-03-03 14:01:00,64.61,64.8,64.61,64.78,24600,1592761
603026.SH,2026-03-03 14:02:00,64.8,64.89,64.73,64.73,18800,1217993
603026.SH,2026-03-03 14:03:00,64.75,64.77,64.72,64.72,5300,343151
603026.SH,2026-03-03 14:04:00,64.78,64.81,64.74,64.77,13400,867845
603026.SH,2026-03-03 14:05:00,64.74,64.81,64.72,64.81,10200,660465
603026.SH,2026-03-03 14:06:00,64.8,64.85,64.75,64.85,14000,906933
603026.SH,2026-03-03 14:07:00,64.76,64.96,64.76,64.88,14500,940167
603026.SH,2026-03-03 14:08:00,64.87,64.87,64.76,64.78,7700,499191
603026.SH,2026-03-03 14:09:00,64.75,64.8,64.75,64.79,13700,887326
603026.SH,2026-03-03 14:10:00,64.78,64.78,64.73,64.74,9900,641003
603026.SH,2026-03-03 14:11:00,64.72,64.79,64.72,64.75,9500,615215
603026.SH,2026-03-03 14:12:00,64.72,64.8,64.7,64.7,17200,1113705
603026.SH,2026-03-03 14:13:00,64.71,64.83,64.68,64.82,31200,2019196
603026.SH,2026-03-03 14:14:00,64.72,64.73,64.58,64.61,16600,1073612
603026.SH,2026-03-03 14:15:00,64.58,64.6,64.4,64.46,31500,2032055
603026.SH,2026-03-03 14:16:00,64.46,64.52,64.36,64.5,14500,934334
603026.SH,2026-03-03 14:17:00,64.36,64.64,64.36,64.59,33600,2168304
603026.SH,2026-03-03 14:18:00,64.5,64.56,64.48,64.56,10000,645242
603026.SH,2026-03-03 14:19:00,64.55,64.56,64.5,64.5,10342,667458
603026.SH,2026-03-03 14:20:00,64.49,64.49,64.44,64.44,18100,1166744
603026.SH,2026-03-03 14:21:00,64.4,64.44,64.36,64.42,19900,1281333
603026.SH,2026-03-03 14:22:00,64.3,64.43,64.3,64.43,27300,1756318
603026.SH,2026-03-03 14:23:00,64.36,64.47,64.36,64.38,18200,1171950
603026.SH,2026-03-03 14:24:00,64.38,64.39,64.13,64.15,19800,1271506
603026.SH,2026-03-03 14:25:00,64.14,64.18,64.13,64.13,28000,1796131
603026.SH,2026-03-03 14:26:00,64.08,64.13,64.07,64.13,19100,1224137
603026.SH,2026-03-03 14:27:00,64.13,64.37,64.08,64.18,40700,2612664
603026.SH,2026-03-03 14:28:00,64.24,64.55,64.2,64.5,82800,5325664
603026.SH,2026-03-03 14:29:00,64.4,64.6,64.4,64.6,11900,767396
603026.SH,2026-03-03 14:30:00,64.6,64.8,64.6,64.8,10800,698340
603026.SH,2026-03-03 14:31:00,64.79,64.83,64.63,64.65,16200,1048962
603026.SH,2026-03-03 14:32:00,64.65,64.65,64.41,64.41,36700,2368654
603026.SH,2026-03-03 14:33:00,64.4,64.43,64.36,64.36,12400,798520
603026.SH,2026-03-03 14:34:00,64.36,64.6,64.27,64.45,18300,1179464
603026.SH,2026-03-03 14:35:00,64.41,64.52,64.41,64.5,24100,1554246
603026.SH,2026-03-03 14:36:00,64.49,64.49,64.4,64.41,26000,1676024
603026.SH,2026-03-03 14:37:00,64.41,64.41,64.38,64.38,11200,721237
603026.SH,2026-03-03 14:38:00,64.36,64.36,64.3,64.35,33200,2135984
603026.SH,2026-03-03 14:39:00,64.28,64.4,64.28,64.38,16800,1081060
603026.SH,2026-03-03 14:40:00,64.38,64.38,64.3,64.3,13200,849476
603026.SH,2026-03-03 14:41:00,64.3,64.48,64.3,64.48,28700,1847116
603026.SH,2026-03-03 14:42:00,64.49,64.59,64.43,64.45,23400,1509569
603026.SH,2026-03-03 14:43:00,64.45,64.52,64.45,64.5,14200,915654
603026.SH,2026-03-03 14:44:00,64.5,64.58,64.5,64.53,24500,1580981
603026.SH,2026-03-03 14:45:00,64.53,64.53,64.4,64.4,14300,921532
603026.SH,2026-03-03 14:46:00,64.4,64.49,64.4,64.49,22800,1468859
603026.SH,2026-03-03 14:47:00,64.5,64.65,64.5,64.58,40100,2590877
603026.SH,2026-03-03 14:48:00,64.5,64.5,64.4,64.42,17700,1140394
603026.SH,2026-03-03 14:49:00,64.43,64.49,64.39,64.41,18102,1165962
603026.SH,2026-03-03 14:50:00,64.41,64.48,64.38,64.38,20800,1340077
603026.SH,2026-03-03 14:51:00,64.38,64.4,64.29,64.33,27700,1782250
603026.SH,2026-03-03 14:52:00,64.3,64.39,64.29,64.36,23000,1479722
603026.SH,2026-03-03 14:53:00,64.35,64.39,64.3,64.32,34700,2232836
603026.SH,2026-03-03 14:54:00,64.35,64.36,64.13,64.21,34300,2203256
603026.SH,2026-03-03 14:55:00,64.18,64.32,64.12,64.14,73700,4731160
603026.SH,2026-03-03 14:56:00,64.14,64.29,64.13,64.23,40600,2606495
603026.SH,2026-03-03 14:57:00,64.22,64.22,63.8,64.03,74542,4770551
603026.SH,2026-03-03 14:58:00,64.03,64.03,64.03,64.03,0,0
603026.SH,2026-03-03 14:59:00,64.03,64.03,64.03,64.03,0,0
603026.SH,2026-03-03 15:00:00,64.04,64.04,64.04,64.04,46300,2965052
603026.SH,2026-03-04 09:30:00,63.0,63.0,63.0,63.0,34900,2198700
603026.SH,2026-03-04 09:31:00,63.0,64.18,62.98,63.72,107400,6819985
603026.SH,2026-03-04 09:32:00,63.79,63.79,63.32,63.62,102100,6481090
603026.SH,2026-03-04 09:33:00,63.5,63.68,63.42,63.5,114700,7283772
603026.SH,2026-03-04 09:34:00,63.65,63.88,63.52,63.88,50600,3218772
603026.SH,2026-03-04 09:35:00,63.89,64.2,63.89,64.19,51800,3319363
603026.SH,2026-03-04 09:36:00,64.19,64.28,63.98,63.98,109900,7049919
603026.SH,2026-03-04 09:37:00,64.15,64.38,64.03,64.38,104900,6731154
603026.SH,2026-03-04 09:38:00,64.38,64.39,63.84,63.84,57300,3672271
603026.SH,2026-03-04 09:39:00,63.78,63.81,63.66,63.81,57200,3646278
603026.SH,2026-03-04 09:40:00,63.81,63.82,63.55,63.76,71200,4532135
603026.SH,2026-03-04 09:41:00,63.76,63.89,63.74,63.79,37200,2373441
603026.SH,2026-03-04 09:42:00,63.8,63.93,63.78,63.89,34900,2228341
603026.SH,2026-03-04 09:43:00,63.88,64.49,63.82,64.31,73600,4725335
603026.SH,2026-03-04 09:44:00,64.41,64.41,64.18,64.18,54000,3470818
603026.SH,2026-03-04 09:45:00,64.12,64.2,64.02,64.02,26600,1705100
603026.SH,2026-03-04 09:46:00,63.98,64.17,63.96,64.16,19300,1236739
603026.SH,2026-03-04 09:47:00,64.11,64.18,64.0,64.11,37400,2397140
603026.SH,2026-03-04 09:48:00,64.1,64.1,64.03,64.04,13648,874336
603026.SH,2026-03-04 09:49:00,64.04,64.08,63.94,63.94,43400,2779169
603026.SH,2026-03-04 09:50:00,63.94,63.94,63.74,63.8,23200,1480668
603026.SH,2026-03-04 09:51:00,63.8,63.9,63.8,63.83,33600,2144808
603026.SH,2026-03-04 09:52:00,63.72,63.79,63.64,63.74,58100,3701550
603026.SH,2026-03-04 09:53:00,63.76,63.98,63.76,63.86,15400,983857
603026.SH,2026-03-04 09:54:00,63.82,64.41,63.8,64.37,113206,7265872
603026.SH,2026-03-04 09:55:00,64.35,64.68,64.23,64.61,87100,5612779
603026.SH,2026-03-04 09:56:00,64.61,64.82,64.61,64.67,80700,5222139
603026.SH,2026-03-04 09:57:00,64.64,64.7,64.5,64.51,41700,2696003
603026.SH,2026-03-04 09:58:00,64.6,64.6,64.35,64.35,17400,1123389
603026.SH,2026-03-04 09:59:00,64.41,64.41,64.28,64.3,18000,1158095
603026.SH,2026-03-04 10:00:00,64.28,64.36,64.22,64.23,19100,1228227
603026.SH,2026-03-04 10:01:00,64.22,64.27,64.02,64.16,31500,2021449
603026.SH,2026-03-04 10:02:00,64.18,64.25,64.17,64.25,28700,1843670
603026.SH,2026-03-04 10:03:00,64.25,64.26,64.17,64.17,12200,783633
603026.SH,2026-03-04 10:04:00,64.17,64.22,64.1,64.22,24600,1577691
603026.SH,2026-03-04 10:05:00,64.22,64.22,64.13,64.17,27500,1764287
603026.SH,2026-03-04 10:06:00,64.22,64.22,64.16,64.21,12000,770356
603026.SH,2026-03-04 10:07:00,64.21,64.35,64.17,64.32,4900,314737
603026.SH,2026-03-04 10:08:00,64.32,64.39,64.32,64.35,6400,411904
603026.SH,2026-03-04 10:09:00,64.34,64.36,64.33,64.34,5100,328158
603026.SH,2026-03-04 10:10:00,64.34,64.35,64.29,64.29,15000,965048
603026.SH,2026-03-04 10:11:00,64.29,64.29,64.2,64.26,3900,250454
603026.SH,2026-03-04 10:12:00,64.27,64.31,64.19,64.31,12800,822311
603026.SH,2026-03-04 10:13:00,64.31,64.36,64.28,64.33,10400,668818
603026.SH,2026-03-04 10:14:00,64.3,64.45,64.3,64.45,29100,1873356
603026.SH,2026-03-04 10:15:00,64.5,64.52,64.45,64.45,35000,2257782
603026.SH,2026-03-04 10:16:00,64.49,64.5,64.43,64.43,23300,1501922
603026.SH,2026-03-04 10:17:00,64.38,64.43,64.37,64.37,7500,483063
603026.SH,2026-03-04 10:18:00,64.34,64.39,64.31,64.35,5400,347432
603026.SH,2026-03-04 10:19:00,64.36,64.4,64.32,64.32,16500,1062228
603026.SH,2026-03-04 10:20:00,64.29,64.29,64.1,64.1,22000,1412239
603026.SH,2026-03-04 10:21:00,64.15,64.22,64.04,64.04,29300,1878462
603026.SH,2026-03-04 10:22:00,64.05,64.1,63.96,63.96,43200,2766301
603026.SH,2026-03-04 10:23:00,63.96,63.96,63.86,63.86,18700,1195083
603026.SH,2026-03-04 10:24:00,63.85,63.85,63.69,63.71,23500,1498182
603026.SH,2026-03-04 10:25:00,63.71,63.71,63.52,63.53,41300,2627362
603026.SH,2026-03-04 10:26:00,63.51,63.59,63.51,63.59,31300,1988493
603026.SH,2026-03-04 10:27:00,63.59,63.75,63.56,63.67,21500,1367729
603026.SH,2026-03-04 10:28:00,63.73,63.77,63.54,63.54,22100,1406563
603026.SH,2026-03-04 10:29:00,63.54,63.54,63.4,63.43,56300,3573476
603026.SH,2026-03-04 10:30:00,63.41,63.52,63.38,63.52,23200,1471231
603026.SH,2026-03-04 10:31:00,63.52,63.53,63.45,63.45,23700,1504892
603026.SH,2026-03-04 10:32:00,63.45,63.45,63.44,63.44,16500,1046928
603026.SH,2026-03-04 10:33:00,63.45,63.46,63.35,63.35,23400,1483852
603026.SH,2026-03-04 10:34:00,63.34,63.35,63.26,63.3,42800,2709679
603026.SH,2026-03-04 10:35:00,63.29,63.35,63.29,63.3,17500,1107757
603026.SH,2026-03-04 10:36:00,63.25,63.3,63.2,63.3,35400,2238232
603026.SH,2026-03-04 10:37:00,63.3,63.31,63.2,63.24,24100,1524133
603026.SH,2026-03-04 10:38:00,63.27,63.37,63.27,63.37,10700,677558
603026.SH,2026-03-04 10:39:00,63.38,63.41,63.29,63.29,26200,1659824
603026.SH,2026-03-04 10:40:00,63.29,63.3,63.21,63.23,14400,910947
603026.SH,2026-03-04 10:41:00,63.23,63.35,63.17,63.3,40300,2548326
603026.SH,2026-03-04 10:42:00,63.25,63.3,63.19,63.26,19500,1232826
603026.SH,2026-03-04 10:43:00,63.26,63.4,63.25,63.25,11300,715109
603026.SH,2026-03-04 10:44:00,63.25,63.25,63.05,63.09,50500,3186893
603026.SH,2026-03-04 10:45:00,63.09,63.35,63.09,63.35,13500,852851
603026.SH,2026-03-04 10:46:00,63.31,63.54,63.31,63.54,19200,1217741
603026.SH,2026-03-04 10:47:00,63.5,63.58,63.42,63.51,16400,1040974
603026.SH,2026-03-04 10:48:00,63.54,63.54,63.35,63.4,15000,951348
603026.SH,2026-03-04 10:49:00,63.42,63.48,63.3,63.38,27000,1710012
603026.SH,2026-03-04 10:50:00,63.41,63.5,63.41,63.48,5400,342741
603026.SH,2026-03-04 10:51:00,63.47,63.47,63.36,63.36,17100,1084991
603026.SH,2026-03-04 10:52:00,63.36,63.37,63.24,63.26,16100,1019133
603026.SH,2026-03-04 10:53:00,63.26,63.26,63.16,63.17,9800,619455
603026.SH,2026-03-04 10:54:00,63.16,63.17,63.16,63.17,11100,701136
603026.SH,2026-03-04 10:55:00,63.17,63.17,63.1,63.14,14300,902851
603026.SH,2026-03-04 10:56:00,63.11,63.13,63.1,63.13,17600,1110700
603026.SH,2026-03-04 10:57:00,63.14,63.17,63.12,63.16,12300,776686
603026.SH,2026-03-04 10:58:00,63.14,63.14,63.1,63.1,15300,965654
603026.SH,2026-03-04 10:59:00,63.11,63.14,63.09,63.14,16500,1041275
603026.SH,2026-03-04 11:00:00,63.14,63.21,63.14,63.2,13200,833700
603026.SH,2026-03-04 11:01:00,63.18,63.18,63.12,63.12,7600,479945
603026.SH,2026-03-04 11:02:00,63.13,63.2,63.12,63.12,14100,890221
603026.SH,2026-03-04 11:03:00,63.12,63.14,63.1,63.11,16700,1054049
603026.SH,2026-03-04 11:04:00,63.09,63.12,63.01,63.01,31600,1993093
603026.SH,2026-03-04 11:05:00,63.0,63.0,62.77,62.77,138800,8735819
603026.SH,2026-03-04 11:06:00,62.77,63.0,62.77,62.98,16300,1025345
603026.SH,2026-03-04 11:07:00,63.0,63.04,62.9,62.97,24186,1523876
603026.SH,2026-03-04 11:08:00,62.97,63.01,62.92,63.01,22300,1403947
603026.SH,2026-03-04 11:09:00,63.02,63.02,62.91,62.91,10100,635860
603026.SH,2026-03-04 11:10:00,62.91,62.91,62.81,62.84,15300,961851
603026.SH,2026-03-04 11:11:00,62.85,62.97,62.85,62.97,21800,1371191
603026.SH,2026-03-04 11:12:00,63.1,63.1,62.9,62.9,7400,466269
603026.SH,2026-03-04 11:13:00,62.94,62.94,62.88,62.88,12800,805248
603026.SH,2026-03-04 11:14:00,62.9,62.92,62.88,62.92,8200,515702
603026.SH,2026-03-04 11:15:00,62.94,63.0,62.88,62.92,25200,1585600
603026.SH,2026-03-04 11:16:00,62.91,62.93,62.88,62.88,13900,874270
603026.SH,2026-03-04 11:17:00,62.9,63.01,62.89,63.01,6300,396452
603026.SH,2026-03-04 11:18:00,63.01,63.09,63.01,63.06,6200,390889
603026.SH,2026-03-04 11:19:00,63.06,63.06,63.0,63.02,7600,479063
603026.SH,2026-03-04 11:20:00,63.06,63.14,63.06,63.09,4900,309138
603026.SH,2026-03-04 11:21:00,63.08,63.1,63.03,63.03,4800,302690
603026.SH,2026-03-04 11:22:00,63.0,63.03,62.98,63.0,14000,882084
603026.SH,2026-03-04 11:23:00,62.95,62.95,62.83,62.83,29800,1874043
603026.SH,2026-03-04 11:24:00,62.83,62.87,62.76,62.87,45500,2856954
603026.SH,2026-03-04 11:25:00,62.81,62.91,62.81,62.91,6300,396071
603026.SH,2026-03-04 11:26:00,62.92,63.03,62.92,63.03,10000,630116
603026.SH,2026-03-04 11:27:00,62.99,63.11,62.99,63.04,10400,655422
603026.SH,2026-03-04 11:28:00,63.02,63.03,62.97,63.01,14100,888365
603026.SH,2026-03-04 11:29:00,62.97,62.97,62.81,62.81,19700,1239196
603026.SH,2026-03-04 11:30:00,62.81,62.93,62.81,62.93,6100,383473
603026.SH,2026-03-04 13:01:00,62.89,63.2,62.81,62.96,50100,3154561
603026.SH,2026-03-04 13:02:00,62.96,63.19,62.88,63.19,55500,3495294
603026.SH,2026-03-04 13:03:00,63.16,63.27,63.0,63.1,24100,1522415
603026.SH,2026-03-04 13:04:00,63.1,63.28,63.1,63.27,27500,1738004
603026.SH,2026-03-04 13:05:00,63.22,63.22,63.0,63.1,9600,606053
603026.SH,2026-03-04 13:06:00,63.03,63.03,62.96,63.02,12300,774944
603026.SH,2026-03-04 13:07:00,63.1,63.2,63.06,63.2,64800,4089336
603026.SH,2026-03-04 13:08:00,63.2,63.25,63.12,63.25,16500,1043000
603026.SH,2026-03-04 13:09:00,63.26,63.26,63.17,63.23,23100,1460701
603026.SH,2026-03-04 13:10:00,63.1,63.23,63.05,63.2,19900,1256374
603026.SH,2026-03-04 13:11:00,63.24,63.3,63.2,63.3,11800,746569
603026.SH,2026-03-04 13:12:00,63.31,63.39,63.31,63.39,7700,487857
603026.SH,2026-03-04 13:13:00,63.36,63.4,63.27,63.27,12900,817518
603026.SH,2026-03-04 13:14:00,63.29,63.36,63.28,63.36,2600,164644
603026.SH,2026-03-04 13:15:00,63.36,63.36,63.2,63.2,21000,1328577
603026.SH,2026-03-04 13:16:00,63.2,63.32,63.16,63.32,9500,600929
603026.SH,2026-03-04 13:17:00,63.3,63.32,63.3,63.32,5700,360976
603026.SH,2026-03-04 13:18:00,63.28,63.4,63.28,63.39,10000,633686
603026.SH,2026-03-04 13:19:00,63.38,63.38,63.2,63.28,21300,1346834
603026.SH,2026-03-04 13:20:00,63.28,63.35,63.24,63.24,13200,835251
603026.SH,2026-03-04 13:21:00,63.21,63.21,63.08,63.16,7600,480210
603026.SH,2026-03-04 13:22:00,63.19,63.19,62.95,62.95,11600,731480
603026.SH,2026-03-04 13:23:00,62.96,62.96,62.88,62.9,12800,805165
603026.SH,2026-03-04 13:24:00,62.9,62.96,62.9,62.96,7800,490618
603026.SH,2026-03-04 13:25:00,62.96,62.96,62.88,62.91,12400,780050
603026.SH,2026-03-04 13:26:00,62.92,62.94,62.91,62.93,5400,339783
603026.SH,2026-03-04 13:27:00,62.94,62.99,62.94,62.99,15000,944359
603026.SH,2026-03-04 13:28:00,62.99,63.05,62.99,63.01,16400,1033225
603026.SH,2026-03-04 13:29:00,63.0,63.08,62.96,63.01,8461,532952
603026.SH,2026-03-04 13:30:00,63.08,63.09,63.03,63.07,4200,264834
603026.SH,2026-03-04 13:31:00,63.04,63.08,63.03,63.08,3900,245872
603026.SH,2026-03-04 13:32:00,63.08,63.16,63.04,63.08,12800,807515
603026.SH,2026-03-04 13:33:00,63.08,63.12,63.07,63.11,4700,296590
603026.SH,2026-03-04 13:34:00,63.06,63.26,63.06,63.23,10600,669298
603026.SH,2026-03-04 13:35:00,63.2,63.27,63.19,63.23,17700,1118941
603026.SH,2026-03-04 13:36:00,63.23,63.3,63.22,63.26,4000,253045
603026.SH,2026-03-04 13:37:00,63.3,63.3,63.26,63.28,4400,278456
603026.SH,2026-03-04 13:38:00,63.28,63.3,63.23,63.25,16900,1069273
603026.SH,2026-03-04 13:39:00,63.3,63.39,63.3,63.38,15000,950024
603026.SH,2026-03-04 13:40:00,63.4,63.5,63.4,63.43,41100,2607104
603026.SH,2026-03-04 13:41:00,63.43,63.49,63.39,63.4,11800,748618
603026.SH,2026-03-04 13:42:00,63.4,63.44,63.4,63.4,7100,450241
603026.SH,2026-03-04 13:43:00,63.35,63.42,63.22,63.22,14300,905396
603026.SH,2026-03-04 13:44:00,63.18,63.21,63.18,63.18,6700,423366
603026.SH,2026-03-04 13:45:00,63.16,63.16,63.0,63.01,8100,510712
603026.SH,2026-03-04 13:46:00,63.0,63.0,62.9,62.95,31300,1970117
603026.SH,2026-03-04 13:47:00,62.9,62.98,62.9,62.94,27900,1755875
603026.SH,2026-03-04 13:48:00,62.97,62.98,62.92,62.94,23100,1453818
603026.SH,2026-03-04 13:49:00,62.93,62.96,62.92,62.92,11500,723839
603026.SH,2026-03-04 13:50:00,62.94,62.95,62.91,62.92,22200,1397145
603026.SH,2026-03-04 13:51:00,62.9,62.91,62.85,62.9,54900,3452287
603026.SH,2026-03-04 13:52:00,62.89,62.92,62.86,62.9,23300,1465562
603026.SH,2026-03-04 13:53:00,62.89,63.05,62.89,62.94,31700,1995655
603026.SH,2026-03-04 13:54:00,62.92,63.14,62.92,63.1,13600,857198
603026.SH,2026-03-04 13:55:00,63.09,63.09,63.03,63.07,3000,189124
603026.SH,2026-03-04 13:56:00,62.99,63.07,62.99,63.0,10200,642672
603026.SH,2026-03-04 13:57:00,63.05,63.09,63.0,63.08,13100,825657
603026.SH,2026-03-04 13:58:00,63.13,63.25,63.08,63.25,4900,309414
603026.SH,2026-03-04 13:59:00,63.25,63.3,63.25,63.27,5200,329009
603026.SH,2026-03-04 14:00:00,63.2,63.2,63.11,63.19,10200,644545
603026.SH,2026-03-04 14:01:00,63.11,63.11,63.04,63.04,4000,252284
603026.SH,2026-03-04 14:02:00,63.04,63.06,63.0,63.05,17400,1096326
603026.SH,2026-03-04 14:03:00,63.04,63.04,63.0,63.01,4900,308773
603026.SH,2026-03-04 14:04:00,63.0,63.06,63.0,63.01,2000,126043
603026.SH,2026-03-04 14:05:00,63.01,63.06,62.99,63.03,5600,352863
603026.SH,2026-03-04 14:06:00,63.04,63.05,62.98,63.04,13700,863374
603026.SH,2026-03-04 14:07:00,63.0,63.01,62.9,62.9,31869,2005407
603026.SH,2026-03-04 14:08:00,62.94,62.94,62.8,62.8,72600,4561282
603026.SH,2026-03-04 14:09:00,62.8,62.8,62.68,62.69,50911,3193256
603026.SH,2026-03-04 14:10:00,62.71,62.8,62.7,62.78,4100,257288
603026.SH,2026-03-04 14:11:00,62.74,62.75,62.56,62.59,39989,2506281
603026.SH,2026-03-04 14:12:00,62.55,62.69,62.55,62.67,24400,1528596
603026.SH,2026-03-04 14:13:00,62.67,62.69,62.67,62.69,32200,2017996
603026.SH,2026-03-04 14:14:00,62.62,62.7,62.62,62.7,17300,1083871
603026.SH,2026-03-04 14:15:00,62.7,62.78,62.69,62.78,62911,3942792
603026.SH,2026-03-04 14:16:00,62.79,62.8,62.73,62.8,13500,846939
603026.SH,2026-03-04 14:17:00,62.8,62.82,62.74,62.74,17928,1125895
603026.SH,2026-03-04 14:18:00,62.74,62.81,62.7,62.81,6900,432854
603026.SH,2026-03-04 14:19:00,62.82,62.82,62.74,62.78,10000,627974
603026.SH,2026-03-04 14:20:00,62.79,62.89,62.79,62.82,8300,521248
603026.SH,2026-03-04 14:21:00,62.83,62.83,62.78,62.81,7200,452126
603026.SH,2026-03-04 14:22:00,62.86,62.89,62.85,62.87,8400,527917
603026.SH,2026-03-04 14:23:00,62.86,62.91,62.86,62.87,11100,697989
603026.SH,2026-03-04 14:24:00,62.86,62.86,62.78,62.78,30200,1897879
603026.SH,2026-03-04 14:25:00,62.82,62.82,62.78,62.81,4800,301464
603026.SH,2026-03-04 14:26:00,62.82,62.82,62.74,62.78,15300,960741
603026.SH,2026-03-04 14:27:00,62.78,62.86,62.78,62.82,7600,477477
603026.SH,2026-03-04 14:28:00,62.83,62.83,62.77,62.82,12300,772455
603026.SH,2026-03-04 14:29:00,62.82,62.83,62.74,62.79,9100,571368
603026.SH,2026-03-04 14:30:00,62.81,62.81,62.8,62.8,5800,364230
603026.SH,2026-03-04 14:31:00,62.81,62.85,62.74,62.74,11100,697224
603026.SH,2026-03-04 14:32:00,62.74,62.79,62.69,62.69,27000,1693160
603026.SH,2026-03-04 14:33:00,62.7,62.75,62.69,62.69,19400,1216406
603026.SH,2026-03-04 14:34:00,62.7,62.82,62.7,62.79,15600,979454
603026.SH,2026-03-04 14:35:00,62.78,62.82,62.7,62.82,48827,3062572
603026.SH,2026-03-04 14:36:00,62.82,62.87,62.72,62.72,34400,2160696
603026.SH,2026-03-04 14:37:00,62.74,62.78,62.69,62.7,58500,3667994
603026.SH,2026-03-04 14:38:00,62.68,62.7,62.64,62.64,70242,4400603
603026.SH,2026-03-04 14:39:00,62.69,62.72,62.65,62.7,89621,5612426
603026.SH,2026-03-04 14:40:00,62.7,62.74,62.68,62.7,21600,1354321
603026.SH,2026-03-04 14:41:00,62.7,62.7,62.65,62.65,17500,1096848
603026.SH,2026-03-04 14:42:00,62.65,62.65,62.6,62.61,14800,926745
603026.SH,2026-03-04 14:43:00,62.64,62.64,62.5,62.57,94606,5916620
603026.SH,2026-03-04 14:44:00,62.56,62.61,62.56,62.56,37211,2327447
603026.SH,2026-03-04 14:45:00,62.56,62.57,62.53,62.53,23600,1475911
603026.SH,2026-03-04 14:46:00,62.58,62.64,62.53,62.61,25300,1583332
603026.SH,2026-03-04 14:47:00,62.61,62.61,62.56,62.57,14900,932643
603026.SH,2026-03-04 14:48:00,62.58,62.59,62.58,62.58,8302,519552
603026.SH,2026-03-04 14:49:00,62.59,62.66,62.56,62.63,59100,3699780
603026.SH,2026-03-04 14:50:00,62.65,62.65,62.59,62.6,41300,2585552
603026.SH,2026-03-04 14:51:00,62.59,62.65,62.58,62.65,28300,1771498
603026.SH,2026-03-04 14:52:00,62.61,62.65,62.61,62.62,15000,939415
603026.SH,2026-03-04 14:53:00,62.62,62.65,62.61,62.62,30100,1885086
603026.SH,2026-03-04 14:54:00,62.63,62.69,62.63,62.69,38300,2400180
603026.SH,2026-03-04 14:55:00,62.69,62.84,62.68,62.84,24364,1527890
603026.SH,2026-03-04 14:56:00,62.8,62.88,62.8,62.88,22400,1407422
603026.SH,2026-03-04 14:57:00,62.88,62.96,62.88,62.96,46059,2899268
603026.SH,2026-03-04 14:58:00,62.96,62.96,62.96,62.96,0,0
603026.SH,2026-03-04 14:59:00,62.96,62.96,62.96,62.96,0,0
603026.SH,2026-03-04 15:00:00,62.95,62.95,62.95,62.95,61341,3861416
603026.SH,2026-03-05 09:30:00,63.79,63.79,63.79,63.79,16900,1078051
603026.SH,2026-03-05 09:31:00,63.85,64.01,63.7,63.74,137517,8778922
603026.SH,2026-03-05 09:32:00,63.74,64.39,63.73,64.35,189800,12134501
603026.SH,2026-03-05 09:33:00,64.4,64.55,64.3,64.3,177900,11466956
603026.SH,2026-03-05 09:34:00,64.3,64.32,64.03,64.32,149400,9602441
603026.SH,2026-03-05 09:35:00,64.3,64.3,64.13,64.24,71300,4575599
603026.SH,2026-03-05 09:36:00,64.28,64.39,64.25,64.28,98500,6336903
603026.SH,2026-03-05 09:37:00,64.21,64.25,63.8,63.8,49200,3151562
603026.SH,2026-03-05 09:38:00,63.85,63.93,63.77,63.8,62100,3964431
603026.SH,2026-03-05 09:39:00,63.81,64.0,63.8,63.98,25600,1636561
603026.SH,2026-03-05 09:40:00,64.04,64.18,64.04,64.05,104413,6690537
603026.SH,2026-03-05 09:41:00,64.1,64.13,63.84,63.89,39659,2538564
603026.SH,2026-03-05 09:42:00,63.84,63.84,63.6,63.6,57700,3677349
603026.SH,2026-03-05 09:43:00,63.59,63.77,63.58,63.73,35600,2266218
603026.SH,2026-03-05 09:44:00,63.7,63.8,63.7,63.74,20700,1319251
603026.SH,2026-03-05 09:45:00,63.72,63.72,63.43,63.43,44400,2821847
603026.SH,2026-03-05 09:46:00,63.36,63.51,63.36,63.45,22000,1396092
603026.SH,2026-03-05 09:47:00,63.43,63.47,63.3,63.35,47800,3030494
603026.SH,2026-03-05 09:48:00,63.32,63.39,63.31,63.38,30200,1913347
603026.SH,2026-03-05 09:49:00,63.38,63.41,63.3,63.3,32200,2040429
603026.SH,2026-03-05 09:50:00,63.32,63.35,63.27,63.35,26600,1684070
603026.SH,2026-03-05 09:51:00,63.34,63.44,63.34,63.43,22000,1394572
603026.SH,2026-03-05 09:52:00,63.44,63.44,63.31,63.31,43500,2758110
603026.SH,2026-03-05 09:53:00,63.31,63.31,63.11,63.13,67600,4276714
603026.SH,2026-03-05 09:54:00,63.13,63.2,63.02,63.02,69100,4362446
603026.SH,2026-03-05 09:55:00,63.16,63.18,63.01,63.1,50100,3161310
603026.SH,2026-03-05 09:56:00,63.12,63.12,62.95,62.97,88200,5557066
603026.SH,2026-03-05 09:57:00,62.96,63.0,62.96,62.97,23400,1473632
603026.SH,2026-03-05 09:58:00,62.98,62.98,62.85,62.86,65800,4140362
603026.SH,2026-03-05 09:59:00,62.85,62.85,62.82,62.82,26300,1652692
603026.SH,2026-03-05 10:00:00,62.81,62.82,62.79,62.81,39800,2499686
603026.SH,2026-03-05 10:01:00,62.84,62.88,62.84,62.88,32500,2042882
603026.SH,2026-03-05 10:02:00,62.9,63.14,62.89,63.06,26000,1638533
603026.SH,2026-03-05 10:03:00,62.96,63.13,62.95,63.13,34800,2194267
603026.SH,2026-03-05 10:04:00,63.14,63.14,63.07,63.11,13200,833087
603026.SH,2026-03-05 10:05:00,63.11,63.13,62.98,62.98,15100,952316
603026.SH,2026-03-05 10:06:00,62.98,63.14,62.96,63.12,27200,1714695
603026.SH,2026-03-05 10:07:00,63.12,63.16,63.12,63.16,19200,1212182
603026.SH,2026-03-05 10:08:00,63.16,63.21,63.06,63.19,69000,4358304
603026.SH,2026-03-05 10:09:00,63.22,63.23,63.17,63.18,8800,556253
603026.SH,2026-03-05 10:10:00,63.18,63.19,63.01,63.01,16600,1047561
603026.SH,2026-03-05 10:11:00,63.01,63.04,63.0,63.03,14900,938907
603026.SH,2026-03-05 10:12:00,63.05,63.09,63.05,63.09,5011,315977
603026.SH,2026-03-05 10:13:00,63.0,63.03,62.99,63.0,29889,1883616
603026.SH,2026-03-05 10:14:00,63.0,63.03,62.98,62.99,17900,1127732
603026.SH,2026-03-05 10:15:00,62.95,63.01,62.91,62.94,25200,1586573
603026.SH,2026-03-05 10:16:00,62.94,63.02,62.94,63.02,9500,598309
603026.SH,2026-03-05 10:17:00,63.0,63.08,62.99,63.08,11500,724655
603026.SH,2026-03-05 10:18:00,63.08,63.15,63.08,63.09,9400,593229
603026.SH,2026-03-05 10:19:00,63.06,63.09,63.06,63.06,12800,807280
603026.SH,2026-03-05 10:20:00,63.06,63.07,63.01,63.01,10200,643115
603026.SH,2026-03-05 10:21:00,63.01,63.02,63.01,63.02,12200,768772
603026.SH,2026-03-05 10:22:00,63.0,63.0,62.96,62.96,28400,1788919
603026.SH,2026-03-05 10:23:00,62.96,62.96,62.88,62.88,19400,1220752
603026.SH,2026-03-05 10:24:00,62.88,62.88,62.81,62.84,15900,999315
603026.SH,2026-03-05 10:25:00,62.85,62.95,62.85,62.95,11300,710655
603026.SH,2026-03-05 10:26:00,62.89,62.91,62.84,62.91,20900,1314153
603026.SH,2026-03-05 10:27:00,62.91,62.98,62.91,62.98,16400,1032614
603026.SH,2026-03-05 10:28:00,62.98,63.0,62.96,63.0,26717,1682941
603026.SH,2026-03-05 10:29:00,63.01,63.07,63.01,63.06,19500,1230003
603026.SH,2026-03-05 10:30:00,63.06,63.07,63.0,63.0,27500,1732840
603026.SH,2026-03-05 10:31:00,63.0,63.06,62.98,62.99,115600,7282907
603026.SH,2026-03-05 10:32:00,62.98,62.99,62.88,62.89,16600,1044726
603026.SH,2026-03-05 10:33:00,62.9,62.99,62.88,62.9,9700,610524
603026.SH,2026-03-05 10:34:00,62.92,62.95,62.9,62.91,7000,440435
603026.SH,2026-03-05 10:35:00,62.9,62.94,62.85,62.88,29100,1830196
603026.SH,2026-03-05 10:36:00,62.84,62.84,62.62,62.63,80900,5077589
603026.SH,2026-03-05 10:37:00,62.62,62.62,62.2,62.35,117100,7314261
603026.SH,2026-03-05 10:38:00,62.36,62.5,62.36,62.47,23043,1438443
603026.SH,2026-03-05 10:39:00,62.47,62.47,62.34,62.35,74100,4624138
603026.SH,2026-03-05 10:40:00,62.35,62.35,62.31,62.31,30500,1901237
603026.SH,2026-03-05 10:41:00,62.32,62.32,62.26,62.27,36100,2248520
603026.SH,2026-03-05 10:42:00,62.28,62.32,62.27,62.32,29900,1862288
603026.SH,2026-03-05 10:43:00,62.29,62.32,62.25,62.31,59500,3705795
603026.SH,2026-03-05 10:44:00,62.32,62.42,62.3,62.4,37100,2312615
603026.SH,2026-03-05 10:45:00,62.34,62.34,62.25,62.3,31800,1980659
603026.SH,2026-03-05 10:46:00,62.27,62.3,62.27,62.29,13700,853475
603026.SH,2026-03-05 10:47:00,62.28,62.41,62.24,62.41,51100,3182363
603026.SH,2026-03-05 10:48:00,62.41,62.47,62.4,62.45,10300,643042
603026.SH,2026-03-05 10:49:00,62.42,62.44,62.34,62.34,18600,1160523
603026.SH,2026-03-05 10:50:00,62.3,62.36,62.3,62.36,10200,635881
603026.SH,2026-03-05 10:51:00,62.36,62.36,62.31,62.31,26100,1626860
603026.SH,2026-03-05 10:52:00,62.24,62.25,62.15,62.17,80300,4995436
603026.SH,2026-03-05 10:53:00,62.21,62.21,62.17,62.2,18800,1169338
603026.SH,2026-03-05 10:54:00,62.2,62.21,62.18,62.2,23100,1436774
603026.SH,2026-03-05 10:55:00,62.19,62.2,62.12,62.15,39700,2468132
603026.SH,2026-03-05 10:56:00,62.13,62.18,62.12,62.18,21600,1342544
603026.SH,2026-03-05 10:57:00,62.19,62.32,62.17,62.31,51200,3186192
603026.SH,2026-03-05 10:58:00,62.3,62.31,62.28,62.28,27200,1694620
603026.SH,2026-03-05 10:59:00,62.29,62.31,62.29,62.31,8000,498401
603026.SH,2026-03-05 11:00:00,62.31,62.4,62.31,62.4,20900,1303084
603026.SH,2026-03-05 11:01:00,62.4,62.41,62.4,62.41,20400,1272930
603026.SH,2026-03-05 11:02:00,62.41,62.5,62.41,62.5,21900,1367531
603026.SH,2026-03-05 11:03:00,62.5,62.52,62.5,62.52,11900,743856
603026.SH,2026-03-05 11:04:00,62.52,62.52,62.48,62.5,9300,581230
603026.SH,2026-03-05 11:05:00,62.49,62.75,62.47,62.74,45600,2852540
603026.SH,2026-03-05 11:06:00,62.69,62.73,62.65,62.69,10100,633150
603026.SH,2026-03-05 11:07:00,62.68,62.68,62.63,62.63,4100,256857
603026.SH,2026-03-05 11:08:00,62.63,62.7,62.6,62.65,13900,870585
603026.SH,2026-03-05 11:09:00,62.61,62.61,62.57,62.58,18600,1164222
603026.SH,2026-03-05 11:10:00,62.57,62.58,62.51,62.51,4100,256450
603026.SH,2026-03-05 11:11:00,62.5,62.5,62.41,62.45,14300,892926
603026.SH,2026-03-05 11:12:00,62.44,62.44,62.33,62.43,18600,1160799
603026.SH,2026-03-05 11:13:00,62.43,62.44,62.39,62.44,33000,2059851
603026.SH,2026-03-05 11:14:00,62.44,62.55,62.44,62.55,13400,837114
603026.SH,2026-03-05 11:15:00,62.54,62.57,62.5,62.57,36500,2283635
603026.SH,2026-03-05 11:16:00,62.57,62.72,62.57,62.72,12200,763890
603026.SH,2026-03-05 11:17:00,62.72,62.72,62.62,62.62,38700,2424064
603026.SH,2026-03-05 11:18:00,62.62,62.69,62.62,62.67,6200,388564
603026.SH,2026-03-05 11:19:00,62.67,62.67,62.63,62.63,9900,620256
603026.SH,2026-03-05 11:20:00,62.63,62.65,62.53,62.55,12100,757466
603026.SH,2026-03-05 11:21:00,62.55,62.6,62.53,62.6,2200,137628
603026.SH,2026-03-05 11:22:00,62.6,62.6,62.53,62.55,7700,481718
603026.SH,2026-03-05 11:23:00,62.55,62.55,62.5,62.54,25211,1576577
603026.SH,2026-03-05 11:24:00,62.58,62.61,62.52,62.52,27000,1688797
603026.SH,2026-03-05 11:25:00,62.48,62.6,62.48,62.58,7500,469241
603026.SH,2026-03-05 11:26:00,62.56,62.65,62.56,62.62,4000,250448
603026.SH,2026-03-05 11:27:00,62.66,62.66,62.56,62.58,11200,701168
603026.SH,2026-03-05 11:28:00,62.61,62.61,62.55,62.56,20900,1307918
603026.SH,2026-03-05 11:29:00,62.55,62.59,62.49,62.49,22300,1393884
603026.SH,2026-03-05 11:30:00,62.46,62.46,62.37,62.43,14900,929877
603026.SH,2026-03-05 13:01:00,62.38,62.47,62.38,62.41,45600,2844505
603026.SH,2026-03-05 13:02:00,62.43,62.47,62.4,62.47,10900,680228
603026.SH,2026-03-05 13:03:00,62.49,62.62,62.49,62.62,8200,512648
603026.SH,2026-03-05 13:04:00,62.57,62.64,62.54,62.64,8200,513195
603026.SH,2026-03-05 13:05:00,62.65,62.68,62.64,62.68,27400,1717093
603026.SH,2026-03-05 13:06:00,62.65,62.68,62.61,62.64,7500,469769
603026.SH,2026-03-05 13:07:00,62.64,62.66,62.61,62.61,10900,682956
603026.SH,2026-03-05 13:08:00,62.65,62.65,62.6,62.6,7800,488502
603026.SH,2026-03-05 13:09:00,62.6,62.96,62.6,62.96,30600,1919971
603026.SH,2026-03-05 13:10:00,62.96,62.96,62.83,62.83,9400,591156
603026.SH,2026-03-05 13:11:00,62.84,62.87,62.78,62.8,12200,766368
603026.SH,2026-03-05 13:12:00,62.8,62.83,62.76,62.78,9600,602782
603026.SH,2026-03-05 13:13:00,62.78,62.81,62.78,62.78,3500,219776
603026.SH,2026-03-05 13:14:00,62.78,62.79,62.7,62.7,8100,508430
603026.SH,2026-03-05 13:15:00,62.7,62.72,62.66,62.7,16600,1040644
603026.SH,2026-03-05 13:16:00,62.7,62.7,62.68,62.69,19200,1203635
603026.SH,2026-03-05 13:17:00,62.69,62.69,62.61,62.61,14100,883577
603026.SH,2026-03-05 13:18:00,62.6,62.69,62.6,62.67,18300,1146503
603026.SH,2026-03-05 13:19:00,62.73,62.73,62.67,62.7,8100,507715
603026.SH,2026-03-05 13:20:00,62.69,62.69,62.67,62.68,11500,720914
603026.SH,2026-03-05 13:21:00,62.69,62.69,62.68,62.68,7200,451302
603026.SH,2026-03-05 13:22:00,62.68,62.69,62.64,62.69,13900,871074
603026.SH,2026-03-05 13:23:00,62.69,62.72,62.67,62.71,19800,1241280
603026.SH,2026-03-05 13:24:00,62.71,62.76,62.69,62.75,6500,407608
603026.SH,2026-03-05 13:25:00,62.75,62.76,62.74,62.75,11000,690289
603026.SH,2026-03-05 13:26:00,62.75,62.75,62.72,62.74,4100,257225
603026.SH,2026-03-05 13:27:00,62.74,62.74,62.7,62.71,5500,344983
603026.SH,2026-03-05 13:28:00,62.7,62.7,62.68,62.68,5000,313447
603026.SH,2026-03-05 13:29:00,62.69,62.76,62.68,62.76,13700,859423
603026.SH,2026-03-05 13:30:00,62.8,62.81,62.77,62.79,13300,835009
603026.SH,2026-03-05 13:31:00,62.8,62.8,62.74,62.8,6900,433160
603026.SH,2026-03-05 13:32:00,62.8,62.86,62.8,62.81,20200,1269007
603026.SH,2026-03-05 13:33:00,62.83,62.83,62.77,62.81,10500,659559
603026.SH,2026-03-05 13:34:00,62.8,62.8,62.67,62.69,7300,458057
603026.SH,2026-03-05 13:35:00,62.69,62.69,62.62,62.62,15700,983412
603026.SH,2026-03-05 13:36:00,62.63,62.63,62.58,62.59,9000,563412
603026.SH,2026-03-05 13:37:00,62.59,62.6,62.55,62.55,6600,412976
603026.SH,2026-03-05 13:38:00,62.57,62.6,62.56,62.56,11200,700863
603026.SH,2026-03-05 13:39:00,62.55,62.58,62.54,62.54,13400,838205
603026.SH,2026-03-05 13:40:00,62.53,62.54,62.51,62.53,8700,543971
603026.SH,2026-03-05 13:41:00,62.54,62.54,62.45,62.45,10600,662507
603026.SH,2026-03-05 13:42:00,62.45,62.51,62.4,62.41,7400,462008
603026.SH,2026-03-05 13:43:00,62.42,62.46,62.42,62.44,4800,299695
603026.SH,2026-03-05 13:44:00,62.5,62.5,62.44,62.47,5800,362266
603026.SH,2026-03-05 13:45:00,62.48,62.53,62.45,62.5,16600,1037225
603026.SH,2026-03-05 13:46:00,62.5,62.52,62.45,62.45,7400,462396
603026.SH,2026-03-05 13:47:00,62.49,62.49,62.43,62.45,8200,512193
603026.SH,2026-03-05 13:48:00,62.46,62.5,62.45,62.46,5200,324854
603026.SH,2026-03-05 13:49:00,62.46,62.46,62.45,62.46,27700,1730062
603026.SH,2026-03-05 13:50:00,62.43,62.43,62.38,62.4,21000,1310845
603026.SH,2026-03-05 13:51:00,62.39,62.39,62.3,62.3,18200,1134889
603026.SH,2026-03-05 13:52:00,62.3,62.3,62.23,62.26,16500,1027486
603026.SH,2026-03-05 13:53:00,62.3,62.3,62.25,62.27,13700,852971
603026.SH,2026-03-05 13:54:00,62.28,62.28,62.25,62.26,7900,491898
603026.SH,2026-03-05 13:55:00,62.26,62.27,62.25,62.26,9200,572743
603026.SH,2026-03-05 13:56:00,62.28,62.28,62.2,62.2,62900,3913045
603026.SH,2026-03-05 13:57:00,62.22,62.23,62.2,62.22,15100,939463
603026.SH,2026-03-05 13:58:00,62.23,62.26,62.23,62.26,10600,659725
603026.SH,2026-03-05 13:59:00,62.26,62.26,62.24,62.24,7900,491770
603026.SH,2026-03-05 14:00:00,62.24,62.26,62.23,62.23,7800,485502
603026.SH,2026-03-05 14:01:00,62.21,62.21,62.13,62.13,76300,4743938
603026.SH,2026-03-05 14:02:00,62.12,62.12,62.1,62.12,18300,1136736
603026.SH,2026-03-05 14:03:00,62.12,62.17,62.11,62.13,28600,1776932
603026.SH,2026-03-05 14:04:00,62.13,62.13,62.12,62.13,25300,1571778
603026.SH,2026-03-05 14:05:00,62.13,62.13,62.08,62.1,37100,2304016
603026.SH,2026-03-05 14:06:00,62.07,62.08,62.02,62.02,23700,1470524
603026.SH,2026-03-05 14:07:00,62.02,62.09,62.02,62.09,10900,676224
603026.SH,2026-03-05 14:08:00,62.09,62.1,62.06,62.06,18700,1160898
603026.SH,2026-03-05 14:09:00,62.06,62.08,62.04,62.05,23400,1452392
603026.SH,2026-03-05 14:10:00,62.05,62.05,61.91,61.91,129700,8041552
603026.SH,2026-03-05 14:11:00,61.95,62.02,61.94,61.95,36800,2281212
603026.SH,2026-03-05 14:12:00,61.94,61.94,61.88,61.93,41200,2550423
603026.SH,2026-03-05 14:13:00,61.94,62.0,61.94,62.0,22600,1400763
603026.SH,2026-03-05 14:14:00,62.05,62.05,61.99,61.99,8900,551895
603026.SH,2026-03-05 14:15:00,61.97,62.02,61.95,62.01,7400,458645
603026.SH,2026-03-05 14:16:00,62.01,62.05,61.98,61.98,15900,986011
603026.SH,2026-03-05 14:17:00,61.98,61.98,61.91,61.91,20600,1275952
603026.SH,2026-03-05 14:18:00,61.91,62.02,61.91,61.99,11900,737522
603026.SH,2026-03-05 14:19:00,61.99,62.1,61.99,62.03,15200,942625
603026.SH,2026-03-05 14:20:00,62.08,62.09,62.03,62.07,8400,521266
603026.SH,2026-03-05 14:21:00,62.07,62.07,61.95,61.98,29100,1803578
603026.SH,2026-03-05 14:22:00,61.97,62.06,61.97,62.03,10300,638660
603026.SH,2026-03-05 14:23:00,62.04,62.14,62.04,62.11,13100,813056
603026.SH,2026-03-05 14:24:00,62.14,62.14,62.1,62.14,18900,1174259
603026.SH,2026-03-05 14:25:00,62.13,62.17,62.12,62.17,22000,1367044
603026.SH,2026-03-05 14:26:00,62.14,62.27,62.14,62.27,34300,2133106
603026.SH,2026-03-05 14:27:00,62.25,62.25,62.18,62.19,8800,547621
603026.SH,2026-03-05 14:28:00,62.18,62.22,62.16,62.2,14600,907991
603026.SH,2026-03-05 14:29:00,62.21,62.25,62.17,62.21,12700,789947
603026.SH,2026-03-05 14:30:00,62.3,62.35,62.19,62.19,26000,1619069
603026.SH,2026-03-05 14:31:00,62.24,62.32,62.2,62.25,10300,641469
603026.SH,2026-03-05 14:32:00,62.25,62.25,62.2,62.2,9000,559952
603026.SH,2026-03-05 14:33:00,62.22,62.24,62.16,62.16,12600,783740
603026.SH,2026-03-05 14:34:00,62.16,62.2,62.13,62.2,9100,565696
603026.SH,2026-03-05 14:35:00,62.22,62.25,62.22,62.22,11400,709380
603026.SH,2026-03-05 14:36:00,62.24,62.28,62.21,62.24,5400,336148
603026.SH,2026-03-05 14:37:00,62.27,62.3,62.21,62.3,5800,361042
603026.SH,2026-03-05 14:38:00,62.28,62.29,62.26,62.29,12900,803424
603026.SH,2026-03-05 14:39:00,62.3,62.32,62.24,62.25,15200,946821
603026.SH,2026-03-05 14:40:00,62.29,62.31,62.24,62.24,7600,473229
603026.SH,2026-03-05 14:41:00,62.3,62.3,62.25,62.29,9600,597978
603026.SH,2026-03-05 14:42:00,62.31,62.36,62.3,62.35,18900,1177877
603026.SH,2026-03-05 14:43:00,62.35,62.35,62.32,62.34,8300,517431
603026.SH,2026-03-05 14:44:00,62.33,62.39,62.33,62.37,7300,455291
603026.SH,2026-03-05 14:45:00,62.36,62.37,62.32,62.32,5800,361574
603026.SH,2026-03-05 14:46:00,62.36,62.37,62.33,62.36,14700,916610
603026.SH,2026-03-05 14:47:00,62.36,62.42,62.36,62.39,15500,967055
603026.SH,2026-03-05 14:48:00,62.39,62.39,62.34,62.34,23600,1471900
603026.SH,2026-03-05 14:49:00,62.33,62.36,62.3,62.3,25000,1558438
603026.SH,2026-03-05 14:50:00,62.32,62.34,62.3,62.3,16900,1053055
603026.SH,2026-03-05 14:51:00,62.3,62.33,62.3,62.33,32200,2006564
603026.SH,2026-03-05 14:52:00,62.35,62.35,62.29,62.33,35500,2212777
603026.SH,2026-03-05 14:53:00,62.31,62.38,62.31,62.37,48100,2999153
603026.SH,2026-03-05 14:54:00,62.38,62.4,62.36,62.39,16900,1054263
603026.SH,2026-03-05 14:55:00,62.39,62.49,62.39,62.49,34100,2128786
603026.SH,2026-03-05 14:56:00,62.47,62.55,62.45,62.53,32704,2044200
603026.SH,2026-03-05 14:57:00,62.54,62.6,62.53,62.6,41600,2603003
603026.SH,2026-03-05 14:58:00,62.6,62.6,62.6,62.6,0,0
603026.SH,2026-03-05 14:59:00,62.6,62.6,62.6,62.6,0,0
603026.SH,2026-03-05 15:00:00,62.55,62.55,62.55,62.55,37700,2358135
603026.SH,2026-03-06 09:30:00,62.72,62.72,62.72,62.72,12200,765184
603026.SH,2026-03-06 09:31:00,62.72,63.24,62.32,62.96,156400,9830752
603026.SH,2026-03-06 09:32:00,62.93,62.93,62.55,62.55,80900,5081243
603026.SH,2026-03-06 09:33:00,62.5,62.5,62.1,62.27,54300,3380556
603026.SH,2026-03-06 09:34:00,62.28,62.28,61.65,61.65,89100,5519997
603026.SH,2026-03-06 09:35:00,61.7,62.02,61.58,62.02,74600,4606714
603026.SH,2026-03-06 09:36:00,62.0,62.02,61.89,62.02,74500,4616448
603026.SH,2026-03-06 09:37:00,62.02,62.06,61.92,61.97,34900,2162696
603026.SH,2026-03-06 09:38:00,61.93,62.27,61.91,62.27,41700,2584148
603026.SH,2026-03-06 09:39:00,62.33,62.52,62.33,62.37,28000,1748983
603026.SH,2026-03-06 09:40:00,62.35,62.65,62.35,62.62,39729,2485433
603026.SH,2026-03-06 09:41:00,62.52,62.56,62.25,62.28,45671,2849800
603026.SH,2026-03-06 09:42:00,62.18,62.3,62.17,62.3,32700,2035689
603026.SH,2026-03-06 09:43:00,62.3,62.5,62.3,62.39,11300,705029
603026.SH,2026-03-06 09:44:00,62.36,62.4,62.23,62.3,14900,928393
603026.SH,2026-03-06 09:45:00,62.24,62.24,62.17,62.21,14900,926933
603026.SH,2026-03-06 09:46:00,62.25,62.43,62.25,62.33,21200,1322665
603026.SH,2026-03-06 09:47:00,62.42,62.5,62.3,62.5,13700,854336
603026.SH,2026-03-06 09:48:00,62.42,62.5,62.26,62.3,24400,1521593
603026.SH,2026-03-06 09:49:00,62.29,62.46,62.28,62.39,26500,1653192
603026.SH,2026-03-06 09:50:00,62.38,62.46,62.38,62.44,13300,830241
603026.SH,2026-03-06 09:51:00,62.44,62.58,62.42,62.58,32900,2055945
603026.SH,2026-03-06 09:52:00,62.59,62.69,62.59,62.69,41700,2611343
603026.SH,2026-03-06 09:53:00,62.69,62.69,62.57,62.57,27000,1691147
603026.SH,2026-03-06 09:54:00,62.57,62.59,62.53,62.58,9900,619300
603026.SH,2026-03-06 09:55:00,62.56,62.58,62.5,62.5,10600,662742
603026.SH,2026-03-06 09:56:00,62.5,62.5,62.45,62.45,5100,318728
603026.SH,2026-03-06 09:57:00,62.45,62.51,62.34,62.34,12500,780539
603026.SH,2026-03-06 09:58:00,62.32,62.34,62.21,62.23,20100,1251855
603026.SH,2026-03-06 09:59:00,62.21,62.3,62.21,62.24,9500,591243
603026.SH,2026-03-06 10:00:00,62.26,62.3,62.24,62.24,18800,1170481
603026.SH,2026-03-06 10:01:00,62.22,62.29,62.16,62.29,15300,951841
603026.SH,2026-03-06 10:02:00,62.34,62.47,62.3,62.35,17000,1060202
603026.SH,2026-03-06 10:03:00,62.32,62.36,62.31,62.36,7400,461240
603026.SH,2026-03-06 10:04:00,62.36,62.54,62.36,62.52,41600,2599644
603026.SH,2026-03-06 10:05:00,62.54,62.54,62.47,62.47,5800,362512
603026.SH,2026-03-06 10:06:00,62.48,62.5,62.42,62.46,6300,393594
603026.SH,2026-03-06 10:07:00,62.47,62.62,62.46,62.59,26400,1651750
603026.SH,2026-03-06 10:08:00,62.6,62.66,62.58,62.65,13000,814106
603026.SH,2026-03-06 10:09:00,62.65,62.68,62.62,62.68,16300,1021178
603026.SH,2026-03-06 10:10:00,62.67,62.67,62.6,62.6,28100,1759278
603026.SH,2026-03-06 10:11:00,62.55,62.55,62.47,62.5,9600,599999
603026.SH,2026-03-06 10:12:00,62.49,62.65,62.49,62.61,20800,1301439
603026.SH,2026-03-06 10:13:00,62.65,62.73,62.65,62.7,23600,1479649
603026.SH,2026-03-06 10:14:00,62.71,62.82,62.71,62.73,39100,2454148
603026.SH,2026-03-06 10:15:00,62.73,62.73,62.58,62.58,7800,488947
603026.SH,2026-03-06 10:16:00,62.58,62.68,62.58,62.6,11400,713987
603026.SH,2026-03-06 10:17:00,62.58,62.61,62.56,62.56,18100,1132804
603026.SH,2026-03-06 10:18:00,62.55,62.56,62.51,62.56,12500,781697
603026.SH,2026-03-06 10:19:00,62.56,62.57,62.47,62.47,23800,1488315
603026.SH,2026-03-06 10:20:00,62.47,62.48,62.37,62.37,22200,1385269
603026.SH,2026-03-06 10:21:00,62.36,62.45,62.36,62.41,10300,642665
603026.SH,2026-03-06 10:22:00,62.4,62.42,62.38,62.41,13900,867370
603026.SH,2026-03-06 10:23:00,62.5,62.55,62.5,62.55,6400,400013
603026.SH,2026-03-06 10:24:00,62.56,62.63,62.56,62.57,13700,857263
603026.SH,2026-03-06 10:25:00,62.58,62.58,62.51,62.52,3700,231390
603026.SH,2026-03-06 10:26:00,62.52,62.52,62.5,62.5,15400,962713
603026.SH,2026-03-06 10:27:00,62.5,62.54,62.5,62.54,19600,1225240
603026.SH,2026-03-06 10:28:00,62.5,62.5,62.4,62.4,8100,505925
603026.SH,2026-03-06 10:29:00,62.4,62.44,62.39,62.4,17700,1104486
603026.SH,2026-03-06 10:30:00,62.37,62.39,62.37,62.39,13500,842227
603026.SH,2026-03-06 10:31:00,62.39,62.4,62.37,62.37,10700,667522
603026.SH,2026-03-06 10:32:00,62.38,62.39,62.36,62.37,12700,792189
603026.SH,2026-03-06 10:33:00,62.38,62.4,62.37,62.4,12000,748565
603026.SH,2026-03-06 10:34:00,62.4,62.4,62.32,62.32,5300,330481
603026.SH,2026-03-06 10:35:00,62.31,62.37,62.3,62.37,5600,348964
603026.SH,2026-03-06 10:36:00,62.36,62.36,62.31,62.31,4400,274271
603026.SH,2026-03-06 10:37:00,62.32,62.36,62.32,62.35,6600,411427
603026.SH,2026-03-06 10:38:00,62.34,62.39,62.34,62.38,10800,673570
603026.SH,2026-03-06 10:39:00,62.38,62.38,62.36,62.37,1900,118513
603026.SH,2026-03-06 10:40:00,62.38,62.4,62.36,62.4,18400,1147954
603026.SH,2026-03-06 10:41:00,62.44,62.44,62.39,62.41,10000,624069
603026.SH,2026-03-06 10:42:00,62.41,62.41,62.37,62.37,8300,517790
603026.SH,2026-03-06 10:43:00,62.39,62.55,62.39,62.54,16200,1011499
603026.SH,2026-03-06 10:44:00,62.48,62.53,62.48,62.51,2700,168763
603026.SH,2026-03-06 10:45:00,62.47,62.47,62.45,62.46,5800,362269
603026.SH,2026-03-06 10:46:00,62.5,62.56,62.48,62.56,6200,387734
603026.SH,2026-03-06 10:47:00,62.56,62.56,62.55,62.56,6800,425355
603026.SH,2026-03-06 10:48:00,62.56,62.58,62.56,62.56,4600,287812
603026.SH,2026-03-06 10:49:00,62.58,62.58,62.53,62.53,6400,400419
603026.SH,2026-03-06 10:50:00,62.54,62.55,62.52,62.55,6600,412691
603026.SH,2026-03-06 10:51:00,62.55,62.55,62.5,62.5,2900,181315
603026.SH,2026-03-06 10:52:00,62.5,62.51,62.46,62.46,5700,356195
603026.SH,2026-03-06 10:53:00,62.46,62.46,62.41,62.42,5800,362141
603026.SH,2026-03-06 10:54:00,62.4,62.45,62.4,62.41,15000,936555
603026.SH,2026-03-06 10:55:00,62.4,62.43,62.37,62.37,10700,667597
603026.SH,2026-03-06 10:56:00,62.38,62.41,62.37,62.39,7700,480345
603026.SH,2026-03-06 10:57:00,62.39,62.47,62.35,62.47,25100,1565884
603026.SH,2026-03-06 10:58:00,62.51,62.65,62.48,62.65,35600,2227289
603026.SH,2026-03-06 10:59:00,62.62,62.63,62.59,62.59,3900,244177
603026.SH,2026-03-06 11:00:00,62.58,62.58,62.53,62.57,5800,362912
603026.SH,2026-03-06 11:01:00,62.57,62.65,62.57,62.65,19700,1233119
603026.SH,2026-03-06 11:02:00,62.65,62.7,62.65,62.68,27000,1692285
603026.SH,2026-03-06 11:03:00,62.67,62.69,62.66,62.68,10400,651776
603026.SH,2026-03-06 11:04:00,62.68,62.78,62.65,62.77,26000,1630527
603026.SH,2026-03-06 11:05:00,62.76,62.77,62.74,62.77,8600,539723
603026.SH,2026-03-06 11:06:00,62.73,62.77,62.73,62.76,4300,269830
603026.SH,2026-03-06 11:07:00,62.74,62.82,62.73,62.82,36600,2297412
603026.SH,2026-03-06 11:08:00,62.82,62.88,62.8,62.84,25400,1595971
603026.SH,2026-03-06 11:09:00,62.88,62.88,62.85,62.85,13000,817254
603026.SH,2026-03-06 11:10:00,62.84,62.84,62.66,62.66,6200,389143
603026.SH,2026-03-06 11:11:00,62.72,62.78,62.72,62.78,6600,414256
603026.SH,2026-03-06 11:12:00,62.77,62.8,62.76,62.76,17300,1086163
603026.SH,2026-03-06 11:13:00,62.75,62.75,62.7,62.7,9800,614893
603026.SH,2026-03-06 11:14:00,62.71,62.75,62.71,62.75,6700,420277
603026.SH,2026-03-06 11:15:00,62.75,62.77,62.73,62.77,8500,533302
603026.SH,2026-03-06 11:16:00,62.76,62.89,62.76,62.88,19500,1225067
603026.SH,2026-03-06 11:17:00,62.81,62.81,62.77,62.81,24400,1533121
603026.SH,2026-03-06 11:18:00,62.82,62.82,62.73,62.73,6600,414372
603026.SH,2026-03-06 11:19:00,62.77,62.88,62.77,62.86,6300,395772
603026.SH,2026-03-06 11:20:00,62.84,62.84,62.76,62.8,3200,201003
603026.SH,2026-03-06 11:21:00,62.76,62.83,62.76,62.81,6400,401971
603026.SH,2026-03-06 11:22:00,62.81,62.84,62.8,62.82,7800,489947
603026.SH,2026-03-06 11:23:00,62.82,62.83,62.82,62.82,7100,446053
603026.SH,2026-03-06 11:24:00,62.83,62.92,62.82,62.91,31200,1961809
603026.SH,2026-03-06 11:25:00,62.91,62.92,62.9,62.92,9300,585063
603026.SH,2026-03-06 11:26:00,62.92,62.92,62.82,62.83,22600,1421500
603026.SH,2026-03-06 11:27:00,62.83,62.87,62.81,62.87,12700,797721
603026.SH,2026-03-06 11:28:00,62.82,62.89,62.82,62.87,6400,402418
603026.SH,2026-03-06 11:29:00,62.9,62.9,62.83,62.87,19000,1194807
603026.SH,2026-03-06 11:30:00,62.89,62.92,62.85,62.92,24200,1521846
603026.SH,2026-03-06 13:01:00,62.92,62.92,62.68,62.7,70000,4397871
603026.SH,2026-03-06 13:02:00,62.8,62.8,62.73,62.74,19300,1211011
603026.SH,2026-03-06 13:03:00,62.73,62.8,62.72,62.78,18200,1142197
603026.SH,2026-03-06 13:04:00,62.77,62.82,62.76,62.8,4400,276279
603026.SH,2026-03-06 13:05:00,62.81,62.88,62.78,62.78,22000,1381889
603026.SH,2026-03-06 13:06:00,62.76,62.85,62.76,62.85,14000,879427
603026.SH,2026-03-06 13:07:00,62.88,62.89,62.88,62.88,7000,440182
603026.SH,2026-03-06 13:08:00,62.88,62.88,62.84,62.84,9100,572097
603026.SH,2026-03-06 13:09:00,62.84,62.86,62.84,62.85,5400,339407
603026.SH,2026-03-06 13:10:00,62.86,62.88,62.83,62.88,11500,722874
603026.SH,2026-03-06 13:11:00,62.88,62.9,62.88,62.89,11700,735834
603026.SH,2026-03-06 13:12:00,62.89,62.9,62.88,62.9,9900,622663
603026.SH,2026-03-06 13:13:00,62.9,62.9,62.86,62.86,8000,503109
603026.SH,2026-03-06 13:14:00,62.85,62.86,62.77,62.8,17600,1105290
603026.SH,2026-03-06 13:15:00,62.78,62.83,62.77,62.81,11700,734610
603026.SH,2026-03-06 13:16:00,62.86,62.95,62.81,62.95,41000,2578846
603026.SH,2026-03-06 13:17:00,62.94,62.94,62.9,62.9,8300,522312
603026.SH,2026-03-06 13:18:00,62.91,62.91,62.78,62.81,9100,571956
603026.SH,2026-03-06 13:19:00,62.85,62.85,62.76,62.78,8200,514872
603026.SH,2026-03-06 13:20:00,62.77,62.78,62.71,62.73,10600,665276
603026.SH,2026-03-06 13:21:00,62.73,62.79,62.73,62.78,5600,351417
603026.SH,2026-03-06 13:22:00,62.75,62.78,62.71,62.71,7200,451739
603026.SH,2026-03-06 13:23:00,62.7,62.73,62.7,62.73,14100,884080
603026.SH,2026-03-06 13:24:00,62.73,62.75,62.7,62.73,41300,2589903
603026.SH,2026-03-06 13:25:00,62.73,62.78,62.73,62.76,13700,859746
603026.SH,2026-03-06 13:26:00,62.76,62.77,62.75,62.75,8900,558556
603026.SH,2026-03-06 13:27:00,62.74,62.75,62.67,62.67,9000,564577
603026.SH,2026-03-06 13:28:00,62.67,62.72,62.67,62.7,8200,514099
603026.SH,2026-03-06 13:29:00,62.7,62.73,62.7,62.73,3600,225739
603026.SH,2026-03-06 13:30:00,62.72,62.73,62.72,62.73,10900,683750
603026.SH,2026-03-06 13:31:00,62.73,62.81,62.73,62.81,4700,295024
603026.SH,2026-03-06 13:32:00,62.81,62.84,62.81,62.84,1100,69107
603026.SH,2026-03-06 13:33:00,62.81,62.83,62.8,62.82,3000,188437
603026.SH,2026-03-06 13:34:00,62.83,62.84,62.8,62.8,4900,307792
603026.SH,2026-03-06 13:35:00,62.8,62.85,62.8,62.82,8600,540231
603026.SH,2026-03-06 13:36:00,62.82,62.85,62.81,62.84,8000,502646
603026.SH,2026-03-06 13:37:00,62.84,62.84,62.8,62.8,5300,332970
603026.SH,2026-03-06 13:38:00,62.82,62.82,62.74,62.74,9700,609227
603026.SH,2026-03-06 13:39:00,62.75,62.83,62.75,62.83,4600,288745
603026.SH,2026-03-06 13:40:00,62.85,62.98,62.85,62.98,75700,4763203
603026.SH,2026-03-06 13:41:00,62.98,62.98,62.91,62.91,4200,264441
603026.SH,2026-03-06 13:42:00,62.91,62.91,62.83,62.83,9100,572273
603026.SH,2026-03-06 13:43:00,62.84,62.92,62.84,62.92,12600,792373
603026.SH,2026-03-06 13:44:00,62.92,62.92,62.87,62.92,11400,717008
603026.SH,2026-03-06 13:45:00,62.86,62.89,62.86,62.89,2300,144597
603026.SH,2026-03-06 13:46:00,62.84,62.85,62.8,62.8,5600,351911
603026.SH,2026-03-06 13:47:00,62.8,62.81,62.8,62.8,2200,138162
603026.SH,2026-03-06 13:48:00,62.8,62.81,62.78,62.78,6300,395629
603026.SH,2026-03-06 13:49:00,62.78,62.78,62.76,62.78,3600,225967
603026.SH,2026-03-06 13:50:00,62.78,62.8,62.77,62.77,8100,508490
603026.SH,2026-03-06 13:51:00,62.76,62.78,62.75,62.75,10200,640138
603026.SH,2026-03-06 13:52:00,62.76,62.78,62.76,62.77,9300,583677
603026.SH,2026-03-06 13:53:00,62.72,62.73,62.7,62.73,20800,1304534
603026.SH,2026-03-06 13:54:00,62.7,62.73,62.7,62.72,7000,438986
603026.SH,2026-03-06 13:55:00,62.72,62.75,62.72,62.74,8000,501863
603026.SH,2026-03-06 13:56:00,62.74,62.77,62.73,62.75,6900,432931
603026.SH,2026-03-06 13:57:00,62.75,62.75,62.72,62.72,600,37639
603026.SH,2026-03-06 13:58:00,62.73,62.74,62.72,62.72,9900,620977
603026.SH,2026-03-06 13:59:00,62.77,62.77,62.75,62.75,4900,307545
603026.SH,2026-03-06 14:00:00,62.75,62.79,62.75,62.78,2600,163175
603026.SH,2026-03-06 14:01:00,62.75,62.76,62.75,62.76,3300,207095
603026.SH,2026-03-06 14:02:00,62.75,62.75,62.7,62.7,10700,671141
603026.SH,2026-03-06 14:03:00,62.7,62.71,62.7,62.71,11000,689715
603026.SH,2026-03-06 14:04:00,62.71,62.72,62.67,62.69,18900,1185013
603026.SH,2026-03-06 14:05:00,62.68,62.74,62.68,62.71,6600,413906
603026.SH,2026-03-06 14:06:00,62.71,62.75,62.71,62.72,28800,1806769
603026.SH,2026-03-06 14:07:00,62.72,62.72,62.68,62.68,6200,388723
603026.SH,2026-03-06 14:08:00,62.69,62.7,62.69,62.7,5200,326040
603026.SH,2026-03-06 14:09:00,62.71,62.75,62.71,62.75,3900,244579
603026.SH,2026-03-06 14:10:00,62.76,62.78,62.75,62.78,5000,313819
603026.SH,2026-03-06 14:11:00,62.78,62.78,62.72,62.72,3100,194504
603026.SH,2026-03-06 14:12:00,62.71,62.72,62.71,62.72,1000,62711
603026.SH,2026-03-06 14:13:00,62.72,62.72,62.69,62.69,8000,501650
603026.SH,2026-03-06 14:14:00,62.69,62.69,62.65,62.65,6400,401057
603026.SH,2026-03-06 14:15:00,62.65,62.66,62.62,62.62,3700,231801
603026.SH,2026-03-06 14:16:00,62.62,62.65,62.61,62.65,3400,212938
603026.SH,2026-03-06 14:17:00,62.63,62.71,62.63,62.69,8300,520135
603026.SH,2026-03-06 14:18:00,62.7,62.7,62.67,62.68,2200,137900
603026.SH,2026-03-06 14:19:00,62.68,62.68,62.67,62.67,1300,81477
603026.SH,2026-03-06 14:20:00,62.67,62.67,62.63,62.65,16900,1059025
603026.SH,2026-03-06 14:21:00,62.66,62.66,62.64,62.64,3100,194202
603026.SH,2026-03-06 14:22:00,62.63,62.65,62.62,62.64,3700,231718
603026.SH,2026-03-06 14:23:00,62.64,62.66,62.63,62.66,6800,425955
603026.SH,2026-03-06 14:24:00,62.66,62.7,62.65,62.68,5200,325859
603026.SH,2026-03-06 14:25:00,62.68,62.71,62.68,62.71,2700,169264
603026.SH,2026-03-06 14:26:00,62.7,62.72,62.67,62.67,16800,1053616
603026.SH,2026-03-06 14:27:00,62.67,62.7,62.67,62.69,3400,213085
603026.SH,2026-03-06 14:28:00,62.69,62.69,62.67,62.68,1700,106554
603026.SH,2026-03-06 14:29:00,62.67,62.67,62.65,62.66,6800,426067
603026.SH,2026-03-06 14:30:00,62.66,62.66,62.64,62.65,7710,483047
603026.SH,2026-03-06 14:31:00,62.65,62.65,62.6,62.6,15390,963923
603026.SH,2026-03-06 14:32:00,62.6,62.6,62.58,62.58,27500,1721107
603026.SH,2026-03-06 14:33:00,62.58,62.64,62.58,62.64,8600,538321
603026.SH,2026-03-06 14:34:00,62.61,62.66,62.61,62.65,6610,413939
603026.SH,2026-03-06 14:35:00,62.66,62.67,62.64,62.65,7390,462991
603026.SH,2026-03-06 14:36:00,62.67,62.69,62.65,62.65,7000,438696
603026.SH,2026-03-06 14:37:00,62.66,62.67,62.61,62.63,5400,338236
603026.SH,2026-03-06 14:38:00,62.62,62.64,62.61,62.63,8100,507343
603026.SH,2026-03-06 14:39:00,62.64,62.64,62.61,62.61,4100,256740
603026.SH,2026-03-06 14:40:00,62.62,62.62,62.59,62.6,16900,1058021
603026.SH,2026-03-06 14:41:00,62.61,62.61,62.58,62.6,14000,876284
603026.SH,2026-03-06 14:42:00,62.61,62.62,62.58,62.59,19400,1214259
603026.SH,2026-03-06 14:43:00,62.59,62.59,62.57,62.57,10900,682089
603026.SH,2026-03-06 14:44:00,62.57,62.58,62.56,62.58,16400,1026257
603026.SH,2026-03-06 14:45:00,62.58,62.6,62.58,62.58,8700,544538
603026.SH,2026-03-06 14:46:00,62.58,62.59,62.56,62.59,10100,632109
603026.SH,2026-03-06 14:47:00,62.59,62.6,62.58,62.59,16900,1057729
603026.SH,2026-03-06 14:48:00,62.58,62.63,62.58,62.63,16900,1058066
603026.SH,2026-03-06 14:49:00,62.62,62.65,62.62,62.65,9900,620051
603026.SH,2026-03-06 14:50:00,62.65,62.65,62.63,62.65,21600,1353125
603026.SH,2026-03-06 14:51:00,62.65,62.68,62.64,62.67,13400,839668
603026.SH,2026-03-06 14:52:00,62.65,62.65,62.63,62.65,25200,1578681
603026.SH,2026-03-06 14:53:00,62.63,62.64,62.63,62.63,15900,995868
603026.SH,2026-03-06 14:54:00,62.63,62.66,62.62,62.66,25100,1572487
603026.SH,2026-03-06 14:55:00,62.64,62.66,62.61,62.64,32100,2010487
603026.SH,2026-03-06 14:56:00,62.66,62.66,62.63,62.65,27100,1697766
603026.SH,2026-03-06 14:57:00,62.65,62.8,62.65,62.8,49400,3098181
603026.SH,2026-03-06 14:58:00,62.8,62.8,62.8,62.8,0,0
603026.SH,2026-03-06 14:59:00,62.8,62.8,62.8,62.8,0,0
603026.SH,2026-03-06 15:00:00,62.8,62.8,62.8,62.8,57200,3592160
603026.SH,2026-03-09 09:30:00,62.0,62.0,62.0,62.0,30600,1897200
603026.SH,2026-03-09 09:31:00,62.1,62.1,61.63,61.63,52600,3251515
603026.SH,2026-03-09 09:32:00,61.63,61.63,60.9,61.01,145500,8911094
603026.SH,2026-03-09 09:33:00,61.01,61.31,60.8,61.3,180200,11002021
603026.SH,2026-03-09 09:34:00,61.21,61.21,60.92,60.99,117900,7190847
603026.SH,2026-03-09 09:35:00,61.09,61.15,60.91,60.91,97100,5927176
603026.SH,2026-03-09 09:36:00,60.93,60.95,60.66,60.66,97200,5913490
603026.SH,2026-03-09 09:37:00,60.66,60.87,60.6,60.87,101210,6147208
603026.SH,2026-03-09 09:38:00,60.8,60.98,60.78,60.96,51500,3134142
603026.SH,2026-03-09 09:39:00,60.97,61.09,60.92,60.92,57200,3488821
603026.SH,2026-03-09 09:40:00,60.92,60.94,60.64,60.64,49100,2983488
603026.SH,2026-03-09 09:41:00,60.65,60.86,60.5,60.86,101800,6172451
603026.SH,2026-03-09 09:42:00,60.9,61.27,60.9,61.0,66900,4084187
603026.SH,2026-03-09 09:43:00,60.92,61.0,60.77,60.93,84900,5172161
603026.SH,2026-03-09 09:44:00,60.93,60.93,60.75,60.8,56200,3419341
603026.SH,2026-03-09 09:45:00,60.8,60.92,60.8,60.89,28100,1710216
603026.SH,2026-03-09 09:46:00,60.82,60.99,60.8,60.91,45300,2756242
603026.SH,2026-03-09 09:47:00,60.92,61.3,60.92,61.1,49700,3038979
603026.SH,2026-03-09 09:48:00,61.03,61.09,60.9,60.91,34200,2085755
603026.SH,2026-03-09 09:49:00,60.86,61.0,60.82,60.9,55500,3381099
603026.SH,2026-03-09 09:50:00,60.9,60.9,60.7,60.9,33300,2025459
603026.SH,2026-03-09 09:51:00,60.81,60.81,60.39,60.49,133900,8110676
603026.SH,2026-03-09 09:52:00,60.48,60.52,60.42,60.42,42200,2553213
603026.SH,2026-03-09 09:53:00,60.41,60.41,60.2,60.25,62100,3744949
603026.SH,2026-03-09 09:54:00,60.2,60.25,60.1,60.19,68400,4115959
603026.SH,2026-03-09 09:55:00,60.19,60.31,60.1,60.1,50400,3034597
603026.SH,2026-03-09 09:56:00,60.08,60.5,60.08,60.46,89100,5369065
603026.SH,2026-03-09 09:57:00,60.47,60.52,60.31,60.45,36900,2229690
603026.SH,2026-03-09 09:58:00,60.4,60.67,60.4,60.54,45000,2722434
603026.SH,2026-03-09 09:59:00,60.5,60.59,60.48,60.55,26200,1585887
603026.SH,2026-03-09 10:00:00,60.47,60.56,60.28,60.43,9100,550040
603026.SH,2026-03-09 10:01:00,60.43,60.43,60.31,60.32,29600,1786853
603026.SH,2026-03-09 10:02:00,60.36,60.6,60.33,60.51,52300,3162350
603026.SH,2026-03-09 10:03:00,60.51,60.51,60.3,60.34,16500,997098
603026.SH,2026-03-09 10:04:00,60.29,60.43,60.28,60.43,32200,1941988
603026.SH,2026-03-09 10:05:00,60.43,60.6,60.42,60.53,20100,1215464
603026.SH,2026-03-09 10:06:00,60.53,60.65,60.53,60.65,36800,2229791
603026.SH,2026-03-09 10:07:00,60.66,60.69,60.59,60.59,25600,1552790
603026.SH,2026-03-09 10:08:00,60.59,60.8,60.56,60.8,40300,2444102
603026.SH,2026-03-09 10:09:00,60.81,60.84,60.6,60.73,27300,1658312
603026.SH,2026-03-09 10:10:00,60.78,60.78,60.6,60.6,19895,1206088
603026.SH,2026-03-09 10:11:00,60.6,60.65,60.46,60.46,56705,3432316
603026.SH,2026-03-09 10:12:00,60.47,60.56,60.46,60.56,12800,774417
603026.SH,2026-03-09 10:13:00,60.5,60.54,60.41,60.41,29400,1777996
603026.SH,2026-03-09 10:14:00,60.41,60.44,60.35,60.4,18900,1141681
603026.SH,2026-03-09 10:15:00,60.4,60.84,60.4,60.84,36100,2184822
603026.SH,2026-03-09 10:16:00,60.84,60.87,60.74,60.83,12900,784559
603026.SH,2026-03-09 10:17:00,60.83,60.9,60.79,60.85,17600,1070911
603026.SH,2026-03-09 10:18:00,60.87,60.89,60.79,60.79,10200,620731
603026.SH,2026-03-09 10:19:00,60.79,60.79,60.69,60.74,16700,1013948
603026.SH,2026-03-09 10:20:00,60.71,60.71,60.6,60.6,3800,230407
603026.SH,2026-03-09 10:21:00,60.6,60.8,60.6,60.72,13800,837129
603026.SH,2026-03-09 10:22:00,60.76,60.76,60.63,60.66,16000,971049
603026.SH,2026-03-09 10:23:00,60.69,60.86,60.66,60.86,22200,1348013
603026.SH,2026-03-09 10:24:00,60.87,60.87,60.67,60.67,12700,771631
603026.SH,2026-03-09 10:25:00,60.72,60.72,60.65,60.68,7700,467145
603026.SH,2026-03-09 10:26:00,60.75,60.78,60.64,60.64,10400,631597
603026.SH,2026-03-09 10:27:00,60.66,60.66,60.58,60.66,30900,1873031
603026.SH,2026-03-09 10:28:00,60.75,60.75,60.62,60.63,10800,655063
603026.SH,2026-03-09 10:29:00,60.72,60.72,60.6,60.6,7400,448530
603026.SH,2026-03-09 10:30:00,60.6,60.61,60.57,60.58,6100,369555
603026.SH,2026-03-09 10:31:00,60.58,60.68,60.58,60.65,10100,612056
603026.SH,2026-03-09 10:32:00,60.68,60.75,60.64,60.75,14500,880035
603026.SH,2026-03-09 10:33:00,60.75,60.88,60.71,60.88,20200,1228161
603026.SH,2026-03-09 10:34:00,60.86,61.07,60.79,61.07,39700,2418765
603026.SH,2026-03-09 10:35:00,61.1,61.18,61.04,61.1,31600,1930869
603026.SH,2026-03-09 10:36:00,61.1,61.23,61.1,61.1,25700,1572739
603026.SH,2026-03-09 10:37:00,61.07,61.12,61.07,61.12,6300,384989
603026.SH,2026-03-09 10:38:00,61.11,61.26,61.11,61.17,90100,5508108
603026.SH,2026-03-09 10:39:00,61.17,61.17,60.91,60.91,23300,1422194
603026.SH,2026-03-09 10:40:00,60.88,61.12,60.8,61.12,5900,359770
603026.SH,2026-03-09 10:41:00,61.12,61.14,61.0,61.0,11300,690316
603026.SH,2026-03-09 10:42:00,61.08,61.09,61.0,61.0,9300,567970
603026.SH,2026-03-09 10:43:00,61.02,61.2,61.02,61.18,22700,1387336
603026.SH,2026-03-09 10:44:00,61.16,61.2,61.1,61.15,20300,1241587
603026.SH,2026-03-09 10:45:00,61.15,61.32,61.09,61.32,27800,1702023
603026.SH,2026-03-09 10:46:00,61.3,61.3,61.24,61.24,16300,998489
603026.SH,2026-03-09 10:47:00,61.27,61.33,61.22,61.25,28400,1740165
603026.SH,2026-03-09 10:48:00,61.25,61.32,61.2,61.32,24500,1500410
603026.SH,2026-03-09 10:49:00,61.32,61.35,61.28,61.31,30800,1888421
603026.SH,2026-03-09 10:50:00,61.3,61.35,61.21,61.3,19000,1164364
603026.SH,2026-03-09 10:51:00,61.31,61.39,61.29,61.31,34100,2091556
603026.SH,2026-03-09 10:52:00,61.3,61.46,61.3,61.46,37600,2308135
603026.SH,2026-03-09 10:53:00,61.46,61.55,61.46,61.5,43200,2656988
603026.SH,2026-03-09 10:54:00,61.5,61.67,61.41,61.6,50400,3101156
603026.SH,2026-03-09 10:55:00,61.56,61.7,61.55,61.66,19300,1189344
603026.SH,2026-03-09 10:56:00,61.65,61.76,61.62,61.76,26200,1615939
603026.SH,2026-03-09 10:57:00,61.8,62.0,61.8,62.0,78500,4860781
603026.SH,2026-03-09 10:58:00,61.89,61.95,61.69,61.72,23800,1471326
603026.SH,2026-03-09 10:59:00,61.76,61.9,61.76,61.85,27100,1675655
603026.SH,2026-03-09 11:00:00,61.9,61.9,61.82,61.88,23900,1478163
603026.SH,2026-03-09 11:01:00,61.96,61.96,61.81,61.82,16500,1020223
603026.SH,2026-03-09 11:02:00,61.82,61.94,61.78,61.94,26000,1607487
603026.SH,2026-03-09 11:03:00,61.91,62.13,61.9,62.02,37642,2334572
603026.SH,2026-03-09 11:04:00,61.99,62.09,61.99,62.06,18500,1147530
603026.SH,2026-03-09 11:05:00,62.02,62.02,61.91,61.91,10600,656758
603026.SH,2026-03-09 11:06:00,61.93,61.93,61.86,61.86,11200,693249
603026.SH,2026-03-09 11:07:00,61.86,61.86,61.76,61.77,6900,426450
603026.SH,2026-03-09 11:08:00,61.76,61.9,61.75,61.85,12500,772607
603026.SH,2026-03-09 11:09:00,61.91,62.0,61.86,61.86,6800,421247
603026.SH,2026-03-09 11:10:00,61.85,61.9,61.85,61.89,10500,649846
603026.SH,2026-03-09 11:11:00,61.92,61.95,61.9,61.9,4700,291025
603026.SH,2026-03-09 11:12:00,61.93,61.93,61.83,61.88,11600,717523
603026.SH,2026-03-09 11:13:00,61.9,61.92,61.84,61.84,7500,464223
603026.SH,2026-03-09 11:14:00,61.89,61.89,61.82,61.83,3300,204058
603026.SH,2026-03-09 11:15:00,61.82,61.83,61.77,61.8,8300,512835
603026.SH,2026-03-09 11:16:00,61.82,61.95,61.8,61.95,21200,1311915
603026.SH,2026-03-09 11:17:00,62.06,62.16,62.06,62.07,41100,2550882
603026.SH,2026-03-09 11:18:00,62.06,62.13,62.04,62.06,7100,440660
603026.SH,2026-03-09 11:19:00,62.04,62.45,62.0,62.36,44600,2778467
603026.SH,2026-03-09 11:20:00,62.33,62.35,62.22,62.23,7700,479505
603026.SH,2026-03-09 11:21:00,62.24,62.3,62.19,62.3,9700,603656
603026.SH,2026-03-09 11:22:00,62.31,62.34,62.21,62.22,11900,741103
603026.SH,2026-03-09 11:23:00,62.21,62.21,62.05,62.07,5500,341790
603026.SH,2026-03-09 11:24:00,62.08,62.08,61.98,61.98,2400,148882
603026.SH,2026-03-09 11:25:00,61.98,61.98,61.88,61.94,7300,452196
603026.SH,2026-03-09 11:26:00,61.89,62.0,61.89,62.0,4200,260318
603026.SH,2026-03-09 11:27:00,62.11,62.16,62.09,62.16,24900,1545863
603026.SH,2026-03-09 11:28:00,62.16,62.25,62.11,62.16,9200,572181
603026.SH,2026-03-09 11:29:00,62.1,62.1,61.92,61.93,16200,1003776
603026.SH,2026-03-09 11:30:00,61.94,62.14,61.94,62.1,3600,223248
603026.SH,2026-03-09 13:01:00,62.1,62.32,62.03,62.28,33700,2097302
603026.SH,2026-03-09 13:02:00,62.25,62.78,62.25,62.74,60500,3783712
603026.SH,2026-03-09 13:03:00,62.78,63.13,62.78,63.01,84600,5324780
603026.SH,2026-03-09 13:04:00,63.01,63.06,62.97,63.0,46600,2936649
603026.SH,2026-03-09 13:05:00,63.0,63.45,62.99,63.42,62900,3974851
603026.SH,2026-03-09 13:06:00,63.4,63.4,63.18,63.18,54400,3446758
603026.SH,2026-03-09 13:07:00,63.18,63.55,63.11,63.51,82600,5237511
603026.SH,2026-03-09 13:08:00,63.51,63.59,63.36,63.37,61900,3930988
603026.SH,2026-03-09 13:09:00,63.36,63.92,63.36,63.92,117900,7499986
603026.SH,2026-03-09 13:10:00,63.92,64.41,63.92,64.3,172100,11052771
603026.SH,2026-03-09 13:11:00,64.23,64.47,64.09,64.28,164000,10542583
603026.SH,2026-03-09 13:12:00,64.28,64.36,64.1,64.24,147100,9445022
603026.SH,2026-03-09 13:13:00,64.22,64.22,64.09,64.14,58400,3745443
603026.SH,2026-03-09 13:14:00,64.11,64.22,64.05,64.2,98723,6332694
603026.SH,2026-03-09 13:15:00,64.18,64.18,64.06,64.06,51806,3320075
603026.SH,2026-03-09 13:16:00,64.02,64.21,64.02,64.16,67406,4323775
603026.SH,2026-03-09 13:17:00,64.15,64.24,64.15,64.18,46900,3010913
603026.SH,2026-03-09 13:18:00,64.18,64.38,64.16,64.28,116010,7453517
603026.SH,2026-03-09 13:19:00,64.29,64.29,64.08,64.1,47500,3049065
603026.SH,2026-03-09 13:20:00,64.2,64.27,64.16,64.22,75300,4834360
603026.SH,2026-03-09 13:21:00,64.22,64.29,64.17,64.29,52411,3367046
603026.SH,2026-03-09 13:22:00,64.27,64.27,64.1,64.18,22500,1444388
603026.SH,2026-03-09 13:23:00,64.15,64.2,64.14,64.16,34306,2201364
603026.SH,2026-03-09 13:24:00,64.16,64.25,64.16,64.25,74617,4790080
603026.SH,2026-03-09 13:25:00,64.26,64.6,64.26,64.6,264300,17027752
603026.SH,2026-03-09 13:26:00,64.57,64.74,64.43,64.73,181604,11734309
603026.SH,2026-03-09 13:27:00,64.73,64.74,64.55,64.65,90800,5872174
603026.SH,2026-03-09 13:28:00,64.65,64.66,64.55,64.55,35700,2307265
603026.SH,2026-03-09 13:29:00,64.55,64.55,64.26,64.26,13100,844163
603026.SH,2026-03-09 13:30:00,64.24,64.3,64.18,64.29,28800,1850173
603026.SH,2026-03-09 13:31:00,64.3,64.4,64.3,64.4,34700,2232782
603026.SH,2026-03-09 13:32:00,64.46,64.6,64.4,64.59,37500,2419433
603026.SH,2026-03-09 13:33:00,64.59,64.99,64.57,64.95,180100,11671210
603026.SH,2026-03-09 13:34:00,64.94,64.94,64.7,64.7,34100,2211043
603026.SH,2026-03-09 13:35:00,64.68,64.7,64.59,64.59,60500,3908826
603026.SH,2026-03-09 13:36:00,64.66,64.81,64.6,64.81,31900,2064305
603026.SH,2026-03-09 13:37:00,64.81,64.81,64.6,64.6,49000,3172726
603026.SH,2026-03-09 13:38:00,64.6,64.64,64.37,64.37,20100,1296401
603026.SH,2026-03-09 13:39:00,64.36,64.4,64.35,64.37,36600,2355402
603026.SH,2026-03-09 13:40:00,64.37,64.4,64.31,64.31,45600,2934935
603026.SH,2026-03-09 13:41:00,64.31,64.37,64.21,64.3,27300,1755470
603026.SH,2026-03-09 13:42:00,64.3,64.3,64.26,64.26,12800,822842
603026.SH,2026-03-09 13:43:00,64.25,64.41,64.22,64.41,64800,4165832
603026.SH,2026-03-09 13:44:00,64.45,64.7,64.45,64.65,38900,2512598
603026.SH,2026-03-09 13:45:00,64.66,64.72,64.65,64.7,38000,2457563
603026.SH,2026-03-09 13:46:00,64.7,64.85,64.7,64.77,45800,2967573
603026.SH,2026-03-09 13:47:00,64.72,64.83,64.71,64.71,45900,2972847
603026.SH,2026-03-09 13:48:00,64.7,64.71,64.66,64.68,21800,1408952
603026.SH,2026-03-09 13:49:00,64.66,64.68,64.59,64.59,16700,1079545
603026.SH,2026-03-09 13:50:00,64.61,64.66,64.61,64.64,13000,840057
603026.SH,2026-03-09 13:51:00,64.63,64.63,64.61,64.61,11800,762488
603026.SH,2026-03-09 13:52:00,64.6,64.77,64.58,64.77,41100,2657665
603026.SH,2026-03-09 13:53:00,64.8,64.81,64.77,64.77,30200,1956856
603026.SH,2026-03-09 13:54:00,64.73,64.79,64.69,64.79,15500,1003569
603026.SH,2026-03-09 13:55:00,64.79,64.8,64.74,64.74,23300,1509485
603026.SH,2026-03-09 13:56:00,64.77,64.78,64.75,64.76,9800,634711
603026.SH,2026-03-09 13:57:00,64.76,64.76,64.72,64.72,10700,692701
603026.SH,2026-03-09 13:58:00,64.7,64.7,64.51,64.51,13600,878893
603026.SH,2026-03-09 13:59:00,64.5,64.53,64.49,64.5,19500,1257703
603026.SH,2026-03-09 14:00:00,64.5,64.63,64.5,64.62,13800,890970
603026.SH,2026-03-09 14:01:00,64.61,64.68,64.61,64.67,30500,1971713
603026.SH,2026-03-09 14:02:00,64.65,64.77,64.64,64.75,41400,2678980
603026.SH,2026-03-09 14:03:00,64.75,64.75,64.71,64.75,23900,1547238
603026.SH,2026-03-09 14:04:00,64.75,64.79,64.75,64.78,45600,2953483
603026.SH,2026-03-09 14:05:00,64.78,64.79,64.77,64.79,28700,1859247
603026.SH,2026-03-09 14:06:00,64.82,64.85,64.82,64.85,55500,3597756
603026.SH,2026-03-09 14:07:00,64.84,64.84,64.72,64.78,18500,1198625
603026.SH,2026-03-09 14:08:00,64.76,64.8,64.76,64.78,11200,725633
603026.SH,2026-03-09 14:09:00,64.81,64.81,64.79,64.81,20000,1295920
603026.SH,2026-03-09 14:10:00,64.83,64.83,64.76,64.76,32200,2086392
603026.SH,2026-03-09 14:11:00,64.78,64.78,64.73,64.75,18000,1165489
603026.SH,2026-03-09 14:12:00,64.74,64.74,64.71,64.71,17300,1119693
603026.SH,2026-03-09 14:13:00,64.71,64.78,64.7,64.78,22400,1449785
603026.SH,2026-03-09 14:14:00,64.78,64.78,64.77,64.78,9200,595931
603026.SH,2026-03-09 14:15:00,64.78,64.78,64.77,64.78,8200,531167
603026.SH,2026-03-09 14:16:00,64.78,64.8,64.77,64.8,68200,4419142
603026.SH,2026-03-09 14:17:00,64.83,64.85,64.82,64.84,17000,1102126
603026.SH,2026-03-09 14:18:00,64.83,64.83,64.7,64.75,24300,1574076
603026.SH,2026-03-09 14:19:00,64.81,64.93,64.75,64.89,82600,5358710
603026.SH,2026-03-09 14:20:00,64.9,64.92,64.9,64.9,19200,1246204
603026.SH,2026-03-09 14:21:00,64.89,64.89,64.76,64.77,26900,1743656
603026.SH,2026-03-09 14:22:00,64.74,64.74,64.6,64.6,33800,2185598
603026.SH,2026-03-09 14:23:00,64.57,64.66,64.57,64.66,20800,1343983
603026.SH,2026-03-09 14:24:00,64.66,64.7,64.65,64.67,14800,956955
603026.SH,2026-03-09 14:25:00,64.67,64.72,64.66,64.67,17900,1157577
603026.SH,2026-03-09 14:26:00,64.66,64.67,64.65,64.65,10800,698430
603026.SH,2026-03-09 14:27:00,64.65,64.69,64.64,64.69,21400,1383904
603026.SH,2026-03-09 14:28:00,64.69,64.7,64.68,64.69,6300,407570
603026.SH,2026-03-09 14:29:00,64.68,64.69,64.63,64.69,23000,1487425
603026.SH,2026-03-09 14:30:00,64.69,64.7,64.68,64.7,17100,1106240
603026.SH,2026-03-09 14:31:00,64.69,64.75,64.69,64.75,23200,1501707
603026.SH,2026-03-09 14:32:00,64.73,64.85,64.73,64.85,25500,1651968
603026.SH,2026-03-09 14:33:00,64.85,64.87,64.81,64.81,17300,1121764
603026.SH,2026-03-09 14:34:00,64.83,64.83,64.71,64.74,20600,1334167
603026.SH,2026-03-09 14:35:00,64.77,64.82,64.74,64.78,17500,1133759
603026.SH,2026-03-09 14:36:00,64.78,64.78,64.75,64.76,8400,543986
603026.SH,2026-03-09 14:37:00,64.77,64.83,64.75,64.75,37500,2429752
603026.SH,2026-03-09 14:38:00,64.72,64.8,64.72,64.8,9500,615278
603026.SH,2026-03-09 14:39:00,64.79,64.79,64.76,64.77,15400,997622
603026.SH,2026-03-09 14:40:00,64.77,64.81,64.77,64.79,29000,1879097
603026.SH,2026-03-09 14:41:00,64.73,64.74,64.66,64.74,47200,3055315
603026.SH,2026-03-09 14:42:00,64.73,64.74,64.66,64.68,20900,1352141
603026.SH,2026-03-09 14:43:00,64.68,64.75,64.67,64.75,26600,1721031
603026.SH,2026-03-09 14:44:00,64.74,64.76,64.74,64.75,36100,2337372
603026.SH,2026-03-09 14:45:00,64.74,64.76,64.72,64.74,34100,2207786
603026.SH,2026-03-09 14:46:00,64.72,64.74,64.66,64.72,42200,2730435
603026.SH,2026-03-09 14:47:00,64.72,64.74,64.68,64.7,32800,2122663
603026.SH,2026-03-09 14:48:00,64.73,64.73,64.7,64.71,32411,2097136
603026.SH,2026-03-09 14:49:00,64.71,64.71,64.63,64.63,43300,2800598
603026.SH,2026-03-09 14:50:00,64.64,64.7,64.62,64.69,27200,1758573
603026.SH,2026-03-09 14:51:00,64.68,64.73,64.68,64.73,72300,4678070
603026.SH,2026-03-09 14:52:00,64.74,64.74,64.64,64.66,41400,2678726
603026.SH,2026-03-09 14:53:00,64.7,64.7,64.64,64.64,22000,1422505
603026.SH,2026-03-09 14:54:00,64.62,64.67,64.55,64.61,53000,3424363
603026.SH,2026-03-09 14:55:00,64.61,64.65,64.6,64.62,56400,3644852
603026.SH,2026-03-09 14:56:00,64.6,64.63,64.58,64.63,39200,2532765
603026.SH,2026-03-09 14:57:00,64.64,64.7,64.64,64.65,51500,3330350
603026.SH,2026-03-09 14:58:00,64.65,64.65,64.65,64.65,0,0
603026.SH,2026-03-09 14:59:00,64.65,64.65,64.65,64.65,0,0
603026.SH,2026-03-09 15:00:00,64.66,64.66,64.66,64.66,44400,2870904
603026.SH,2026-03-10 09:30:00,65.0,65.0,65.0,65.0,42400,2756000
603026.SH,2026-03-10 09:31:00,65.0,65.45,64.82,65.33,160200,10432804
603026.SH,2026-03-10 09:32:00,65.3,65.88,65.3,65.85,202192,13270288
603026.SH,2026-03-10 09:33:00,65.87,66.0,65.71,65.85,155100,10217530
603026.SH,2026-03-10 09:34:00,65.87,66.01,65.73,65.73,183500,12103573
603026.SH,2026-03-10 09:35:00,65.82,65.98,65.82,65.91,113700,7492901
603026.SH,2026-03-10 09:36:00,65.91,66.08,65.89,66.08,152900,10086080
603026.SH,2026-03-10 09:37:00,66.1,66.32,66.07,66.07,180100,11923418
603026.SH,2026-03-10 09:38:00,66.07,66.17,65.76,65.86,107300,7075939
603026.SH,2026-03-10 09:39:00,65.86,65.86,65.69,65.69,66000,4338886
603026.SH,2026-03-10 09:40:00,65.76,65.76,65.5,65.5,88700,5822027
603026.SH,2026-03-10 09:41:00,65.55,65.83,65.51,65.81,38700,2542576
603026.SH,2026-03-10 09:42:00,65.78,65.78,65.61,65.63,21300,1399085
603026.SH,2026-03-10 09:43:00,65.62,65.8,65.56,65.8,59600,3914573
603026.SH,2026-03-10 09:44:00,65.8,65.81,65.76,65.79,43800,2881525
603026.SH,2026-03-10 09:45:00,65.8,66.02,65.8,66.01,104843,6906903
603026.SH,2026-03-10 09:46:00,66.01,66.02,65.99,66.0,41500,2739014
603026.SH,2026-03-10 09:47:00,66.07,66.44,66.07,66.4,168900,11190965
603026.SH,2026-03-10 09:48:00,66.38,66.7,66.38,66.55,228400,15201534
603026.SH,2026-03-10 09:49:00,66.53,66.8,66.53,66.67,167102,11139825
603026.SH,2026-03-10 09:50:00,66.67,66.67,66.39,66.4,35700,2376020
603026.SH,2026-03-10 09:51:00,66.4,66.42,66.26,66.36,43500,2887232
603026.SH,2026-03-10 09:52:00,66.34,66.49,66.33,66.49,36100,2397599
603026.SH,2026-03-10 09:53:00,66.48,66.83,66.48,66.73,212100,14145962
603026.SH,2026-03-10 09:54:00,66.75,66.84,66.66,66.66,123100,8219151
603026.SH,2026-03-10 09:55:00,66.67,66.67,66.51,66.57,38600,2569510
603026.SH,2026-03-10 09:56:00,66.57,66.63,66.55,66.62,40700,2711184
603026.SH,2026-03-10 09:57:00,66.54,66.56,66.48,66.55,46300,3080594
603026.SH,2026-03-10 09:58:00,66.55,66.55,66.35,66.35,16600,1103400
603026.SH,2026-03-10 09:59:00,66.33,66.33,66.13,66.13,26500,1755744
603026.SH,2026-03-10 10:00:00,66.13,66.13,66.06,66.1,47600,3146848
603026.SH,2026-03-10 10:01:00,66.11,66.13,66.05,66.05,46900,3099467
603026.SH,2026-03-10 10:02:00,66.0,66.0,65.76,65.78,28000,1844087
603026.SH,2026-03-10 10:03:00,65.79,65.82,65.75,65.78,26700,1756744
603026.SH,2026-03-10 10:04:00,65.75,65.75,65.51,65.6,66600,4370881
603026.SH,2026-03-10 10:05:00,65.59,65.59,65.51,65.52,37900,2483250
603026.SH,2026-03-10 10:06:00,65.52,65.52,65.46,65.48,38300,2508666
603026.SH,2026-03-10 10:07:00,65.47,65.54,65.46,65.54,22300,1460775
603026.SH,2026-03-10 10:08:00,65.54,65.84,65.54,65.64,38100,2501920
603026.SH,2026-03-10 10:09:00,65.63,65.69,65.4,65.4,68500,4487086
603026.SH,2026-03-10 10:10:00,65.4,65.4,65.31,65.34,26800,1750924
603026.SH,2026-03-10 10:11:00,65.36,65.38,65.33,65.38,22400,1463934
603026.SH,2026-03-10 10:12:00,65.38,65.38,65.32,65.33,44800,2927827
603026.SH,2026-03-10 10:13:00,65.34,65.69,65.33,65.57,36200,2369576
603026.SH,2026-03-10 10:14:00,65.52,65.65,65.52,65.65,8000,524773
603026.SH,2026-03-10 10:15:00,65.65,65.65,65.59,65.6,14300,938305
603026.SH,2026-03-10 10:16:00,65.6,65.6,65.52,65.52,68100,4466295
603026.SH,2026-03-10 10:17:00,65.51,65.71,65.42,65.7,31400,2058407
603026.SH,2026-03-10 10:18:00,65.71,65.75,65.68,65.68,13500,887024
603026.SH,2026-03-10 10:19:00,65.68,65.75,65.68,65.68,10400,683470
603026.SH,2026-03-10 10:20:00,65.68,65.68,65.58,65.59,9900,649748
603026.SH,2026-03-10 10:21:00,65.6,65.65,65.58,65.58,8600,564272
603026.SH,2026-03-10 10:22:00,65.55,65.55,65.51,65.55,31100,2038569
603026.SH,2026-03-10 10:23:00,65.55,65.58,65.54,65.56,12700,832584
603026.SH,2026-03-10 10:24:00,65.56,65.56,65.55,65.55,5700,373682
603026.SH,2026-03-10 10:25:00,65.56,65.7,65.55,65.7,14300,938048
603026.SH,2026-03-10 10:26:00,65.71,65.75,65.55,65.61,35600,2337292
603026.SH,2026-03-10 10:27:00,65.61,65.61,65.56,65.56,6700,439511
603026.SH,2026-03-10 10:28:00,65.55,65.55,65.49,65.54,25300,1657402
603026.SH,2026-03-10 10:29:00,65.51,65.51,65.47,65.47,20400,1336245
603026.SH,2026-03-10 10:30:00,65.49,65.52,65.33,65.38,25200,1647583
603026.SH,2026-03-10 10:31:00,65.35,65.47,65.35,65.4,13000,850151
603026.SH,2026-03-10 10:32:00,65.39,65.41,65.34,65.41,14100,921987
603026.SH,2026-03-10 10:33:00,65.42,65.42,65.35,65.36,18600,1215924
603026.SH,2026-03-10 10:34:00,65.36,65.37,65.34,65.35,21800,1424734
603026.SH,2026-03-10 10:35:00,65.35,65.36,65.28,65.28,19400,1267061
603026.SH,2026-03-10 10:36:00,65.26,65.35,65.26,65.32,8000,522347
603026.SH,2026-03-10 10:37:00,65.34,65.34,65.32,65.32,7000,457305
603026.SH,2026-03-10 10:38:00,65.32,65.32,65.28,65.28,10500,685746
603026.SH,2026-03-10 10:39:00,65.27,65.27,65.1,65.18,106400,6930262
603026.SH,2026-03-10 10:40:00,65.18,65.26,65.18,65.26,4500,293459
603026.SH,2026-03-10 10:41:00,65.27,65.28,65.1,65.1,66500,4331649
603026.SH,2026-03-10 10:42:00,65.21,65.21,65.12,65.21,15000,977621
603026.SH,2026-03-10 10:43:00,65.22,65.22,65.18,65.18,9300,606362
603026.SH,2026-03-10 10:44:00,65.18,65.21,65.18,65.2,7100,462874
603026.SH,2026-03-10 10:45:00,65.2,65.21,65.16,65.17,16100,1049616
603026.SH,2026-03-10 10:46:00,65.19,65.23,65.17,65.23,5300,345556
603026.SH,2026-03-10 10:47:00,65.24,65.24,65.17,65.18,8200,534605
603026.SH,2026-03-10 10:48:00,65.17,65.18,65.13,65.13,20400,1329124
603026.SH,2026-03-10 10:49:00,65.13,65.15,65.12,65.15,3700,240990
603026.SH,2026-03-10 10:50:00,65.13,65.19,65.13,65.18,11200,729703
603026.SH,2026-03-10 10:51:00,65.18,65.2,65.18,65.19,10700,697583
603026.SH,2026-03-10 10:52:00,65.19,65.21,65.19,65.21,3100,202124
603026.SH,2026-03-10 10:53:00,65.21,65.21,65.18,65.18,19900,1297519
603026.SH,2026-03-10 10:54:00,65.19,65.19,65.1,65.14,18900,1231037
603026.SH,2026-03-10 10:55:00,65.14,65.15,65.12,65.15,4400,286566
603026.SH,2026-03-10 10:56:00,65.16,65.18,65.02,65.02,21700,1412378
603026.SH,2026-03-10 10:57:00,65.01,65.02,64.91,64.91,61100,3971558
603026.SH,2026-03-10 10:58:00,64.98,65.07,64.96,65.07,9500,617635
603026.SH,2026-03-10 10:59:00,65.07,65.07,65.06,65.07,11600,754761
603026.SH,2026-03-10 11:00:00,65.07,65.09,65.07,65.09,6700,436055
603026.SH,2026-03-10 11:01:00,65.09,65.1,64.97,65.01,32200,2094585
603026.SH,2026-03-10 11:02:00,64.99,65.15,64.98,65.13,14100,916742
603026.SH,2026-03-10 11:03:00,65.12,65.16,65.08,65.11,12200,794436
603026.SH,2026-03-10 11:04:00,65.11,65.12,65.04,65.04,11200,729006
603026.SH,2026-03-10 11:05:00,65.04,65.1,65.04,65.04,4400,286196
603026.SH,2026-03-10 11:06:00,65.08,65.08,64.95,64.95,16700,1085573
603026.SH,2026-03-10 11:07:00,64.95,64.95,64.86,64.88,9800,635993
603026.SH,2026-03-10 11:08:00,64.86,64.92,64.86,64.92,18100,1174362
603026.SH,2026-03-10 11:09:00,64.91,64.94,64.88,64.91,12600,817772
603026.SH,2026-03-10 11:10:00,64.89,64.9,64.87,64.9,10700,694269
603026.SH,2026-03-10 11:11:00,64.91,64.97,64.91,64.97,4300,279229
603026.SH,2026-03-10 11:12:00,64.97,64.98,64.9,64.9,9800,636488
603026.SH,2026-03-10 11:13:00,64.89,64.92,64.85,64.85,19200,1245647
603026.SH,2026-03-10 11:14:00,64.84,64.89,64.84,64.89,4700,304902
603026.SH,2026-03-10 11:15:00,64.88,64.89,64.81,64.81,30200,1958930
603026.SH,2026-03-10 11:16:00,64.78,64.78,64.71,64.74,22900,1483286
603026.SH,2026-03-10 11:17:00,64.74,64.87,64.74,64.87,29700,1923537
603026.SH,2026-03-10 11:18:00,64.86,64.92,64.78,64.78,67800,4395313
603026.SH,2026-03-10 11:19:00,64.8,64.84,64.7,64.77,63100,4084633
603026.SH,2026-03-10 11:20:00,64.78,64.88,64.65,64.86,39700,2570827
603026.SH,2026-03-10 11:21:00,64.86,64.93,64.73,64.89,28900,1872750
603026.SH,2026-03-10 11:22:00,64.87,64.93,64.8,64.85,6000,389203
603026.SH,2026-03-10 11:23:00,64.84,64.85,64.73,64.79,34900,2260223
603026.SH,2026-03-10 11:24:00,64.73,64.82,64.71,64.8,14700,951687
603026.SH,2026-03-10 11:25:00,64.8,64.8,64.78,64.79,2700,174929
603026.SH,2026-03-10 11:26:00,64.78,64.8,64.78,64.8,3700,239704
603026.SH,2026-03-10 11:27:00,64.8,64.82,64.74,64.74,13100,849076
603026.SH,2026-03-10 11:28:00,64.72,64.95,64.72,64.88,60800,3941922
603026.SH,2026-03-10 11:29:00,64.89,64.99,64.89,64.96,11500,746980
603026.SH,2026-03-10 11:30:00,64.98,65.0,64.93,65.0,22400,1455509
603026.SH,2026-03-10 13:01:00,65.01,65.01,64.66,64.67,45900,2978460
603026.SH,2026-03-10 13:02:00,64.67,64.79,64.67,64.78,9000,582418
603026.SH,2026-03-10 13:03:00,64.78,64.79,64.7,64.7,11600,751009
603026.SH,2026-03-10 13:04:00,64.71,64.75,64.69,64.7,11200,724827
603026.SH,2026-03-10 13:05:00,64.7,64.77,64.69,64.76,9400,608468
603026.SH,2026-03-10 13:06:00,64.77,64.79,64.76,64.79,4200,272039
603026.SH,2026-03-10 13:07:00,64.78,64.86,64.78,64.82,7200,466604
603026.SH,2026-03-10 13:08:00,64.82,64.83,64.77,64.77,14700,952553
603026.SH,2026-03-10 13:09:00,64.74,64.76,64.7,64.72,8900,576043
603026.SH,2026-03-10 13:10:00,64.71,64.72,64.68,64.7,19200,1242274
603026.SH,2026-03-10 13:11:00,64.7,64.71,64.66,64.66,18200,1177476
603026.SH,2026-03-10 13:12:00,64.68,64.69,64.63,64.63,22600,1461381
603026.SH,2026-03-10 13:13:00,64.63,64.66,64.6,64.62,10300,665597
603026.SH,2026-03-10 13:14:00,64.6,64.6,64.56,64.57,19200,1240128
603026.SH,2026-03-10 13:15:00,64.57,64.62,64.51,64.62,22800,1472279
603026.SH,2026-03-10 13:16:00,64.62,64.69,64.62,64.68,3800,245672
603026.SH,2026-03-10 13:17:00,64.69,64.69,64.66,64.67,7500,485151
603026.SH,2026-03-10 13:18:00,64.69,64.69,64.61,64.68,34800,2250085
603026.SH,2026-03-10 13:19:00,64.68,64.68,64.63,64.63,7100,459151
603026.SH,2026-03-10 13:20:00,64.63,64.64,64.63,64.63,5200,336090
603026.SH,2026-03-10 13:21:00,64.62,64.63,64.6,64.61,9200,594463
603026.SH,2026-03-10 13:22:00,64.61,64.61,64.57,64.57,11700,755772
603026.SH,2026-03-10 13:23:00,64.57,64.57,64.55,64.57,4600,296999
603026.SH,2026-03-10 13:24:00,64.57,64.58,64.56,64.57,8300,535914
603026.SH,2026-03-10 13:25:00,64.6,64.62,64.56,64.62,4800,310073
603026.SH,2026-03-10 13:26:00,64.62,64.64,64.58,64.58,7500,484670
603026.SH,2026-03-10 13:27:00,64.58,64.6,64.55,64.57,22800,1472282
603026.SH,2026-03-10 13:28:00,64.55,64.56,64.55,64.56,9800,632676
603026.SH,2026-03-10 13:29:00,64.56,64.58,64.55,64.58,5600,361598
603026.SH,2026-03-10 13:30:00,64.56,64.59,64.56,64.59,7600,490748
603026.SH,2026-03-10 13:31:00,64.6,64.6,64.59,64.6,9500,613705
603026.SH,2026-03-10 13:32:00,64.6,64.6,64.6,64.6,3400,219638
603026.SH,2026-03-10 13:33:00,64.59,64.59,64.55,64.59,26400,1704983
603026.SH,2026-03-10 13:34:00,64.58,64.59,64.58,64.58,4000,258325
603026.SH,2026-03-10 13:35:00,64.56,64.69,64.56,64.69,47900,3094696
603026.SH,2026-03-10 13:36:00,64.69,64.76,64.69,64.75,19600,1268898
603026.SH,2026-03-10 13:37:00,64.72,64.75,64.69,64.75,9400,608340
603026.SH,2026-03-10 13:38:00,64.75,64.78,64.67,64.67,21200,1372112
603026.SH,2026-03-10 13:39:00,64.69,64.7,64.66,64.68,3400,219943
603026.SH,2026-03-10 13:40:00,64.7,64.72,64.66,64.66,9100,588676
603026.SH,2026-03-10 13:41:00,64.69,64.69,64.65,64.65,8700,562603
603026.SH,2026-03-10 13:42:00,64.65,64.65,64.6,64.6,9200,594478
603026.SH,2026-03-10 13:43:00,64.64,64.64,64.59,64.64,13200,852832
603026.SH,2026-03-10 13:44:00,64.6,64.66,64.6,64.62,7900,510619
603026.SH,2026-03-10 13:45:00,64.62,64.66,64.62,64.65,1300,84027
603026.SH,2026-03-10 13:46:00,64.65,64.65,64.62,64.62,9000,581668
603026.SH,2026-03-10 13:47:00,64.62,64.65,64.6,64.6,8000,516946
603026.SH,2026-03-10 13:48:00,64.61,64.61,64.6,64.6,4700,303625
603026.SH,2026-03-10 13:49:00,64.59,64.6,64.58,64.58,10900,704045
603026.SH,2026-03-10 13:50:00,64.6,64.63,64.59,64.63,3800,245476
603026.SH,2026-03-10 13:51:00,64.6,64.6,64.59,64.6,5000,322967
603026.SH,2026-03-10 13:52:00,64.58,64.6,64.58,64.6,5300,342358
603026.SH,2026-03-10 13:53:00,64.6,64.62,64.58,64.61,13700,884864
603026.SH,2026-03-10 13:54:00,64.62,64.63,64.61,64.61,5500,355376
603026.SH,2026-03-10 13:55:00,64.61,64.64,64.61,64.62,5600,361926
603026.SH,2026-03-10 13:56:00,64.62,64.68,64.62,64.68,11800,762925
603026.SH,2026-03-10 13:57:00,64.68,64.7,64.67,64.68,5200,336315
603026.SH,2026-03-10 13:58:00,64.68,64.68,64.64,64.65,7600,491399
603026.SH,2026-03-10 13:59:00,64.66,64.66,64.65,64.66,11200,724177
603026.SH,2026-03-10 14:00:00,64.64,64.65,64.62,64.64,41615,2690218
603026.SH,2026-03-10 14:01:00,64.66,64.7,64.65,64.68,17100,1105567
603026.SH,2026-03-10 14:02:00,64.67,64.68,64.64,64.64,14000,905172
603026.SH,2026-03-10 14:03:00,64.65,64.68,64.65,64.68,4500,290973
603026.SH,2026-03-10 14:04:00,64.68,64.71,64.68,64.69,8200,530487
603026.SH,2026-03-10 14:05:00,64.71,64.75,64.71,64.75,19100,1236132
603026.SH,2026-03-10 14:06:00,64.74,64.75,64.65,64.65,25100,1624454
603026.SH,2026-03-10 14:07:00,64.66,64.68,64.65,64.67,11500,743680
603026.SH,2026-03-10 14:08:00,64.66,64.67,64.65,64.66,7500,484923
603026.SH,2026-03-10 14:09:00,64.67,64.68,64.65,64.65,13300,860078
603026.SH,2026-03-10 14:10:00,64.65,64.67,64.65,64.66,6100,394409
603026.SH,2026-03-10 14:11:00,64.66,64.66,64.65,64.65,7400,478444
603026.SH,2026-03-10 14:12:00,64.65,64.66,64.65,64.65,9206,595177
603026.SH,2026-03-10 14:13:00,64.65,64.65,64.63,64.64,19094,1234368
603026.SH,2026-03-10 14:14:00,64.64,64.65,64.63,64.65,5000,323217
603026.SH,2026-03-10 14:15:00,64.65,64.68,64.65,64.68,6500,420394
603026.SH,2026-03-10 14:16:00,64.68,64.69,64.61,64.62,33700,2178656
603026.SH,2026-03-10 14:17:00,64.62,64.64,64.62,64.63,5400,348996
603026.SH,2026-03-10 14:18:00,64.63,64.63,64.62,64.62,7900,510545
603026.SH,2026-03-10 14:19:00,64.64,64.64,64.61,64.62,4600,297268
603026.SH,2026-03-10 14:20:00,64.62,64.62,64.61,64.61,2300,148621
603026.SH,2026-03-10 14:21:00,64.63,64.63,64.61,64.63,7100,458840
603026.SH,2026-03-10 14:22:00,64.63,64.66,64.61,64.62,17406,1124924
603026.SH,2026-03-10 14:23:00,64.66,64.66,64.5,64.51,157094,10143190
603026.SH,2026-03-10 14:24:00,64.51,64.55,64.51,64.52,6100,393573
603026.SH,2026-03-10 14:25:00,64.51,64.52,64.5,64.5,21800,1406143
603026.SH,2026-03-10 14:26:00,64.5,64.51,64.5,64.5,6300,406355
603026.SH,2026-03-10 14:27:00,64.51,64.51,64.48,64.48,21400,1380263
603026.SH,2026-03-10 14:28:00,64.5,64.5,64.42,64.49,27500,1772637
603026.SH,2026-03-10 14:29:00,64.46,64.49,64.44,64.45,7300,470529
603026.SH,2026-03-10 14:30:00,64.48,64.49,64.46,64.49,12800,825243
603026.SH,2026-03-10 14:31:00,64.49,64.53,64.49,64.52,13682,882673
603026.SH,2026-03-10 14:32:00,64.54,64.59,64.54,64.59,12500,806983
603026.SH,2026-03-10 14:33:00,64.59,64.61,64.55,64.55,7800,503802
603026.SH,2026-03-10 14:34:00,64.55,64.57,64.55,64.55,8300,535845
603026.SH,2026-03-10 14:35:00,64.57,64.59,64.55,64.59,12800,826642
603026.SH,2026-03-10 14:36:00,64.59,64.63,64.54,64.62,9200,594242
603026.SH,2026-03-10 14:37:00,64.63,64.64,64.6,64.6,12400,801352
603026.SH,2026-03-10 14:38:00,64.56,64.61,64.56,64.6,7100,458651
603026.SH,2026-03-10 14:39:00,64.59,64.61,64.59,64.61,4400,284242
603026.SH,2026-03-10 14:40:00,64.6,64.61,64.6,64.61,5000,323012
603026.SH,2026-03-10 14:41:00,64.61,64.62,64.6,64.6,7700,497516
603026.SH,2026-03-10 14:42:00,64.62,64.63,64.61,64.63,8500,549306
603026.SH,2026-03-10 14:43:00,64.63,64.67,64.61,64.67,14300,924401
603026.SH,2026-03-10 14:44:00,64.67,64.72,64.67,64.72,14000,905765
603026.SH,2026-03-10 14:45:00,64.72,64.74,64.68,64.69,21200,1371874
603026.SH,2026-03-10 14:46:00,64.7,64.73,64.68,64.69,20500,1326559
603026.SH,2026-03-10 14:47:00,64.71,64.72,64.7,64.7,23300,1507791
603026.SH,2026-03-10 14:48:00,64.7,64.7,64.64,64.65,32200,2082550
603026.SH,2026-03-10 14:49:00,64.64,64.67,64.6,64.67,34400,2222728
603026.SH,2026-03-10 14:50:00,64.68,64.7,64.66,64.67,24000,1552254
603026.SH,2026-03-10 14:51:00,64.67,64.75,64.65,64.71,23000,1488164
603026.SH,2026-03-10 14:52:00,64.74,64.74,64.7,64.72,20300,1313724
603026.SH,2026-03-10 14:53:00,64.73,64.73,64.66,64.7,15500,1002805
603026.SH,2026-03-10 14:54:00,64.69,64.71,64.66,64.66,45500,2942732
603026.SH,2026-03-10 14:55:00,64.67,64.69,64.67,64.68,18800,1215861
603026.SH,2026-03-10 14:56:00,64.68,64.69,64.68,64.69,18900,1222584
603026.SH,2026-03-10 14:57:00,64.69,64.71,64.68,64.7,43000,2781880
603026.SH,2026-03-10 14:58:00,64.72,64.72,64.72,64.72,7200,465882
603026.SH,2026-03-10 14:59:00,64.72,64.72,64.72,64.72,0,0
603026.SH,2026-03-10 15:00:00,64.71,64.71,64.71,64.71,34400,2226024
603026.SH,2026-03-11 09:30:00,65.02,65.02,65.02,65.02,15800,1027316
603026.SH,2026-03-11 09:31:00,65.02,65.19,64.65,65.12,168800,10950051
603026.SH,2026-03-11 09:32:00,65.2,65.54,64.65,64.9,167700,10942419
603026.SH,2026-03-11 09:33:00,64.9,65.45,64.9,65.45,100200,6528014
603026.SH,2026-03-11 09:34:00,65.53,65.73,65.46,65.69,194200,12740276
603026.SH,2026-03-11 09:35:00,65.67,65.75,65.54,65.74,125000,8205402
603026.SH,2026-03-11 09:36:00,65.74,66.3,65.74,66.14,265900,17548896
603026.SH,2026-03-11 09:37:00,66.12,66.12,65.79,65.83,100300,6614662
603026.SH,2026-03-11 09:38:00,65.83,65.83,65.41,65.45,107000,7015567
603026.SH,2026-03-11 09:39:00,65.54,65.89,65.54,65.85,215700,14191401
603026.SH,2026-03-11 09:40:00,65.83,66.2,65.83,65.92,221200,14605235
603026.SH,2026-03-11 09:41:00,65.92,66.14,65.91,66.0,241100,15922611
603026.SH,2026-03-11 09:42:00,66.09,66.25,66.06,66.24,220200,14567033
603026.SH,2026-03-11 09:43:00,66.19,66.5,66.18,66.33,320000,21225758
603026.SH,2026-03-11 09:44:00,66.4,66.8,66.4,66.73,320621,21352884
603026.SH,2026-03-11 09:45:00,66.67,66.88,66.63,66.67,239100,15964033
603026.SH,2026-03-11 09:46:00,66.7,66.7,66.34,66.51,141718,9434279
603026.SH,2026-03-11 09:47:00,66.51,66.7,66.5,66.7,154100,10267363
603026.SH,2026-03-11 09:48:00,66.75,66.75,66.45,66.66,159100,10596956
603026.SH,2026-03-11 09:49:00,66.69,66.8,66.65,66.76,170500,11383075
603026.SH,2026-03-11 09:50:00,66.78,66.79,66.55,66.55,59300,3955941
603026.SH,2026-03-11 09:51:00,66.52,66.56,66.4,66.48,83200,5530317
603026.SH,2026-03-11 09:52:00,66.52,66.75,66.48,66.75,91400,6086111
603026.SH,2026-03-11 09:53:00,66.75,66.75,66.55,66.64,178700,11915263
603026.SH,2026-03-11 09:54:00,66.63,66.77,66.48,66.72,168500,11234597
603026.SH,2026-03-11 09:55:00,66.7,66.77,66.59,66.59,59000,3937397
603026.SH,2026-03-11 09:56:00,66.66,66.72,66.57,66.72,88900,5926635
603026.SH,2026-03-11 09:57:00,66.7,66.83,66.62,66.83,191400,12778217
603026.SH,2026-03-11 09:58:00,66.85,66.85,66.57,66.57,95400,6367691
603026.SH,2026-03-11 09:59:00,66.51,66.53,66.41,66.41,38700,2572089
603026.SH,2026-03-11 10:00:00,66.41,66.7,66.4,66.67,80500,5357275
603026.SH,2026-03-11 10:01:00,66.67,66.71,66.48,66.54,70000,4663653
603026.SH,2026-03-11 10:02:00,66.55,66.71,66.55,66.65,78100,5205405
603026.SH,2026-03-11 10:03:00,66.65,66.65,66.4,66.4,57600,3829283
603026.SH,2026-03-11 10:04:00,66.4,66.69,66.4,66.69,79800,5312070
603026.SH,2026-03-11 10:05:00,66.66,66.74,66.64,66.69,111700,7447816
603026.SH,2026-03-11 10:06:00,66.68,66.78,66.64,66.76,135700,9049804
603026.SH,2026-03-11 10:07:00,66.8,66.8,66.68,66.68,61200,4086018
603026.SH,2026-03-11 10:08:00,66.68,66.84,66.68,66.78,134200,8962054
603026.SH,2026-03-11 10:09:00,66.8,66.83,66.62,66.62,54500,3637636
603026.SH,2026-03-11 10:10:00,66.7,66.75,66.62,66.7,55300,3688261
603026.SH,2026-03-11 10:11:00,66.7,66.78,66.52,66.65,70900,4728089
603026.SH,2026-03-11 10:12:00,66.65,66.73,66.65,66.72,47500,3168480
603026.SH,2026-03-11 10:13:00,66.7,66.72,66.59,66.71,50300,3352644
603026.SH,2026-03-11 10:14:00,66.69,66.85,66.69,66.83,129200,8633294
603026.SH,2026-03-11 10:15:00,66.84,66.85,66.79,66.83,95100,6354665
603026.SH,2026-03-11 10:16:00,66.76,66.76,66.45,66.47,108800,7248513
603026.SH,2026-03-11 10:17:00,66.47,66.66,66.45,66.66,53100,3533028
603026.SH,2026-03-11 10:18:00,66.72,66.85,66.7,66.85,111500,7444863
603026.SH,2026-03-11 10:19:00,66.76,66.8,66.7,66.7,31700,2115851
603026.SH,2026-03-11 10:20:00,66.69,66.8,66.69,66.8,50600,3378300
603026.SH,2026-03-11 10:21:00,66.79,66.8,66.6,66.6,63500,4235179
603026.SH,2026-03-11 10:22:00,66.63,66.66,66.52,66.53,38600,2569994
603026.SH,2026-03-11 10:23:00,66.54,66.64,66.54,66.62,17800,1185333
603026.SH,2026-03-11 10:24:00,66.61,66.63,66.6,66.6,41300,2750798
603026.SH,2026-03-11 10:25:00,66.45,66.47,66.39,66.4,76600,5091680
603026.SH,2026-03-11 10:26:00,66.43,66.55,66.43,66.55,14200,943807
603026.SH,2026-03-11 10:27:00,66.52,66.52,66.35,66.4,46700,3102464
603026.SH,2026-03-11 10:28:00,66.4,66.4,66.33,66.34,45100,2992869
603026.SH,2026-03-11 10:29:00,66.34,66.48,66.34,66.48,20400,1354686
603026.SH,2026-03-11 10:30:00,66.48,66.55,66.45,66.55,13600,904275
603026.SH,2026-03-11 10:31:00,66.54,66.55,66.46,66.47,26500,1762012
603026.SH,2026-03-11 10:32:00,66.55,66.55,66.44,66.44,51700,3438721
603026.SH,2026-03-11 10:33:00,66.42,66.42,66.33,66.38,60700,4029173
603026.SH,2026-03-11 10:34:00,66.38,66.45,66.38,66.45,13600,903457
603026.SH,2026-03-11 10:35:00,66.48,66.5,66.35,66.37,53400,3546551
603026.SH,2026-03-11 10:36:00,66.35,66.37,66.25,66.26,38500,2553520
603026.SH,2026-03-11 10:37:00,66.25,66.27,66.17,66.17,49400,3272433
603026.SH,2026-03-11 10:38:00,66.17,66.17,66.01,66.01,34300,2266535
603026.SH,2026-03-11 10:39:00,66.01,66.09,66.0,66.0,67400,4450245
603026.SH,2026-03-11 10:40:00,65.98,65.99,65.92,65.93,33400,2203310
603026.SH,2026-03-11 10:41:00,65.93,65.93,65.85,65.88,65900,4342822
603026.SH,2026-03-11 10:42:00,65.88,65.88,65.86,65.88,52200,3438576
603026.SH,2026-03-11 10:43:00,65.91,66.05,65.91,66.05,22100,1457487
603026.SH,2026-03-11 10:44:00,66.02,66.12,66.02,66.04,37000,2444669
603026.SH,2026-03-11 10:45:00,66.04,66.04,66.02,66.04,10200,673530
603026.SH,2026-03-11 10:46:00,66.05,66.17,66.05,66.17,25700,1698605
603026.SH,2026-03-11 10:47:00,66.2,66.25,66.17,66.23,14300,946905
603026.SH,2026-03-11 10:48:00,66.23,66.33,66.23,66.33,20500,1358510
603026.SH,2026-03-11 10:49:00,66.31,66.39,66.28,66.34,27000,1790832
603026.SH,2026-03-11 10:50:00,66.34,66.46,66.34,66.46,21100,1401142
603026.SH,2026-03-11 10:51:00,66.48,66.48,66.41,66.47,39500,2625071
603026.SH,2026-03-11 10:52:00,66.5,66.5,66.45,66.45,23000,1528913
603026.SH,2026-03-11 10:53:00,66.46,66.46,66.44,66.46,16100,1069971
603026.SH,2026-03-11 10:54:00,66.55,66.85,66.53,66.85,232400,15509869
603026.SH,2026-03-11 10:55:00,66.87,66.87,66.67,66.74,110400,7374350
603026.SH,2026-03-11 10:56:00,66.73,66.78,66.69,66.71,82408,5498739
603026.SH,2026-03-11 10:57:00,66.72,66.72,66.59,66.6,40300,2687258
603026.SH,2026-03-11 10:58:00,66.62,66.71,66.59,66.7,15000,1000119
603026.SH,2026-03-11 10:59:00,66.7,66.7,66.57,66.57,31200,2080076
603026.SH,2026-03-11 11:00:00,66.57,66.6,66.48,66.48,15200,1011279
603026.SH,2026-03-11 11:01:00,66.49,66.61,66.49,66.61,41000,2729214
603026.SH,2026-03-11 11:02:00,66.74,66.75,66.6,66.6,115300,7690053
603026.SH,2026-03-11 11:03:00,66.57,66.57,66.35,66.42,30100,2000222
603026.SH,2026-03-11 11:04:00,66.43,66.47,66.42,66.45,14000,930064
603026.SH,2026-03-11 11:05:00,66.46,66.51,66.45,66.46,20900,1389817
603026.SH,2026-03-11 11:06:00,66.43,66.66,66.41,66.6,33100,2202187
603026.SH,2026-03-11 11:07:00,66.6,66.71,66.6,66.66,41900,2794276
603026.SH,2026-03-11 11:08:00,66.6,66.65,66.5,66.51,28000,1864279
603026.SH,2026-03-11 11:09:00,66.5,66.5,66.41,66.42,13700,910679
603026.SH,2026-03-11 11:10:00,66.42,66.47,66.42,66.47,10100,671159
603026.SH,2026-03-11 11:11:00,66.47,66.51,66.46,66.51,30700,2041231
603026.SH,2026-03-11 11:12:00,66.57,66.62,66.56,66.62,15800,1052179
603026.SH,2026-03-11 11:13:00,66.63,66.63,66.5,66.51,50400,3356428
603026.SH,2026-03-11 11:14:00,66.51,66.57,66.51,66.57,13800,918391
603026.SH,2026-03-11 11:15:00,66.61,66.61,66.56,66.6,11800,785700
603026.SH,2026-03-11 11:16:00,66.61,66.7,66.6,66.63,58100,3871130
603026.SH,2026-03-11 11:17:00,66.64,66.73,66.64,66.73,61300,4087921
603026.SH,2026-03-11 11:18:00,66.71,66.71,66.62,66.62,33100,2207208
603026.SH,2026-03-11 11:19:00,66.62,66.63,66.6,66.6,21400,1425397
603026.SH,2026-03-11 11:20:00,66.55,66.55,66.4,66.4,55800,3710452
603026.SH,2026-03-11 11:21:00,66.4,66.45,66.35,66.42,34400,2283599
603026.SH,2026-03-11 11:22:00,66.38,66.45,66.3,66.34,55000,3650221
603026.SH,2026-03-11 11:23:00,66.39,66.45,66.33,66.45,17600,1168242
603026.SH,2026-03-11 11:24:00,66.49,66.5,66.45,66.48,6000,398874
603026.SH,2026-03-11 11:25:00,66.48,66.5,66.33,66.36,15400,1022870
603026.SH,2026-03-11 11:26:00,66.36,66.36,66.21,66.24,25900,1716921
603026.SH,2026-03-11 11:27:00,66.24,66.4,66.24,66.36,17600,1167063
603026.SH,2026-03-11 11:28:00,66.4,66.43,66.39,66.4,12400,823505
603026.SH,2026-03-11 11:29:00,66.4,66.66,66.37,66.6,48700,3239078
603026.SH,2026-03-11 11:30:00,66.6,66.6,66.5,66.51,18100,1205131
603026.SH,2026-03-11 13:01:00,66.59,68.06,66.59,67.74,1303505,87778856
603026.SH,2026-03-11 13:02:00,68.04,68.45,68.0,68.27,305400,20807848
603026.SH,2026-03-11 13:03:00,68.45,68.94,68.35,68.75,471700,32383120
603026.SH,2026-03-11 13:04:00,68.74,69.81,68.7,69.76,479011,33192848
603026.SH,2026-03-11 13:05:00,69.8,69.9,69.5,69.7,426800,29778190
603026.SH,2026-03-11 13:06:00,69.63,69.63,69.2,69.36,246755,17122928
603026.SH,2026-03-11 13:07:00,69.37,69.37,68.95,69.36,203945,14112044
603026.SH,2026-03-11 13:08:00,69.28,69.56,69.18,69.18,160700,11146683
603026.SH,2026-03-11 13:09:00,69.09,69.35,69.04,69.13,129600,8969947
603026.SH,2026-03-11 13:10:00,69.2,69.2,68.81,68.91,94900,6545969
603026.SH,2026-03-11 13:11:00,68.98,68.98,68.75,68.84,95200,6552485
603026.SH,2026-03-11 13:12:00,68.83,69.21,68.83,69.19,157635,10887077
603026.SH,2026-03-11 13:13:00,69.2,69.35,68.6,68.61,160900,11103844
603026.SH,2026-03-11 13:14:00,68.63,69.03,68.62,68.95,273370,18795040
603026.SH,2026-03-11 13:15:00,69.04,69.04,68.4,68.55,142200,9778634
603026.SH,2026-03-11 13:16:00,68.5,68.5,68.21,68.21,76730,5247271
603026.SH,2026-03-11 13:17:00,68.21,68.25,68.09,68.17,99200,6759833
603026.SH,2026-03-11 13:18:00,68.22,68.74,68.22,68.58,113505,7771183
603026.SH,2026-03-11 13:19:00,68.61,68.7,68.61,68.66,66800,4586983
603026.SH,2026-03-11 13:20:00,68.67,68.88,68.6,68.88,100700,6913532
603026.SH,2026-03-11 13:21:00,68.89,68.89,68.58,68.63,38500,2644639
603026.SH,2026-03-11 13:22:00,68.61,68.61,68.46,68.46,18000,1233342
603026.SH,2026-03-11 13:23:00,68.46,68.46,68.36,68.42,24600,1683002
603026.SH,2026-03-11 13:24:00,68.42,68.55,68.38,68.38,40100,2745637
603026.SH,2026-03-11 13:25:00,68.43,68.43,68.35,68.36,48600,3323567
603026.SH,2026-03-11 13:26:00,68.36,68.57,68.24,68.57,64500,4415385
603026.SH,2026-03-11 13:27:00,68.61,68.88,68.61,68.73,45700,3142471
603026.SH,2026-03-11 13:28:00,68.7,68.72,68.59,68.64,35700,2451151
603026.SH,2026-03-11 13:29:00,68.63,68.63,68.5,68.5,31500,2160259
603026.SH,2026-03-11 13:30:00,68.49,68.58,68.45,68.5,50200,3440011
603026.SH,2026-03-11 13:31:00,68.5,68.5,68.27,68.33,58700,4016952
603026.SH,2026-03-11 13:32:00,68.33,68.4,68.33,68.34,36500,2494988
603026.SH,2026-03-11 13:33:00,68.31,68.46,68.12,68.43,86400,5896624
603026.SH,2026-03-11 13:34:00,68.55,68.82,68.55,68.8,171700,11795690
603026.SH,2026-03-11 13:35:00,68.8,68.81,68.51,68.6,51900,3567771
603026.SH,2026-03-11 13:36:00,68.58,68.65,68.57,68.59,36100,2476323
603026.SH,2026-03-11 13:37:00,68.62,68.63,68.48,68.63,42000,2879483
603026.SH,2026-03-11 13:38:00,68.65,68.65,68.53,68.54,94000,6445568
603026.SH,2026-03-11 13:39:00,68.53,68.67,68.53,68.64,118900,8153128
603026.SH,2026-03-11 13:40:00,68.66,68.67,68.58,68.58,54700,3753118
603026.SH,2026-03-11 13:41:00,68.58,68.59,68.38,68.47,36700,2513204
603026.SH,2026-03-11 13:42:00,68.49,68.56,68.44,68.44,37900,2596789
603026.SH,2026-03-11 13:43:00,68.49,68.7,68.48,68.58,69700,4781212
603026.SH,2026-03-11 13:44:00,68.57,68.63,68.56,68.57,36100,2476444
603026.SH,2026-03-11 13:45:00,68.57,68.62,68.55,68.55,45800,3140758
603026.SH,2026-03-11 13:46:00,68.54,68.54,68.42,68.42,25100,1718894
603026.SH,2026-03-11 13:47:00,68.41,68.41,68.36,68.39,32600,2229348
603026.SH,2026-03-11 13:48:00,68.4,68.4,68.37,68.38,23600,1613904
603026.SH,2026-03-11 13:49:00,68.38,68.43,68.35,68.39,70900,4848485
603026.SH,2026-03-11 13:50:00,68.43,68.43,68.39,68.39,12117,828883
603026.SH,2026-03-11 13:51:00,68.38,68.38,68.31,68.34,13300,908916
603026.SH,2026-03-11 13:52:00,68.35,68.35,68.13,68.14,38200,2608704
603026.SH,2026-03-11 13:53:00,68.12,68.25,68.1,68.1,45000,3069152
603026.SH,2026-03-11 13:54:00,68.09,68.13,68.09,68.13,33300,2267882
603026.SH,2026-03-11 13:55:00,68.12,68.13,68.1,68.1,32300,2199867
603026.SH,2026-03-11 13:56:00,68.08,68.08,67.93,67.93,81900,5572036
603026.SH,2026-03-11 13:57:00,67.93,67.98,67.92,67.98,33800,2296553
603026.SH,2026-03-11 13:58:00,67.98,68.04,67.98,67.98,20770,1412470
603026.SH,2026-03-11 13:59:00,67.98,67.98,67.95,67.97,20900,1420440
603026.SH,2026-03-11 14:00:00,67.97,67.98,67.96,67.97,12500,849703
603026.SH,2026-03-11 14:01:00,67.97,67.97,67.82,67.96,52500,3566310
603026.SH,2026-03-11 14:02:00,67.91,67.94,67.88,67.92,56900,3864337
603026.SH,2026-03-11 14:03:00,67.92,67.92,67.9,67.9,11200,760619
603026.SH,2026-03-11 14:04:00,67.89,67.89,67.79,67.8,31900,2163642
603026.SH,2026-03-11 14:05:00,67.8,67.89,67.79,67.89,35200,2387354
603026.SH,2026-03-11 14:06:00,67.91,67.97,67.91,67.97,31300,2126373
603026.SH,2026-03-11 14:07:00,67.98,67.98,67.94,67.95,26300,1787410
603026.SH,2026-03-11 14:08:00,67.94,67.94,67.9,67.92,12800,869293
603026.SH,2026-03-11 14:09:00,67.92,67.97,67.92,67.97,8800,597975
603026.SH,2026-03-11 14:10:00,67.98,68.08,67.98,68.05,36000,2448561
603026.SH,2026-03-11 14:11:00,68.03,68.03,67.96,68.02,37100,2522995
603026.SH,2026-03-11 14:12:00,68.02,68.02,68.0,68.02,31600,2149382
603026.SH,2026-03-11 14:13:00,68.02,68.06,68.0,68.0,35400,2408320
603026.SH,2026-03-11 14:14:00,68.0,68.03,67.97,67.99,9300,632442
603026.SH,2026-03-11 14:15:00,67.98,68.0,67.98,68.0,6800,462333
603026.SH,2026-03-11 14:16:00,67.99,68.08,67.99,68.03,37200,2530889
603026.SH,2026-03-11 14:17:00,68.02,68.02,68.0,68.0,15900,1081296
603026.SH,2026-03-11 14:18:00,68.01,68.02,67.9,67.9,40400,2745787
603026.SH,2026-03-11 14:19:00,67.89,67.92,67.89,67.92,9200,624717
603026.SH,2026-03-11 14:20:00,67.94,67.98,67.92,67.97,6900,468812
603026.SH,2026-03-11 14:21:00,67.96,67.96,67.94,67.94,8500,577594
603026.SH,2026-03-11 14:22:00,67.94,67.94,67.91,67.92,22100,1501084
603026.SH,2026-03-11 14:23:00,67.92,67.93,67.91,67.92,11700,794633
603026.SH,2026-03-11 14:24:00,67.93,67.93,67.89,67.9,20500,1392105
603026.SH,2026-03-11 14:25:00,67.9,67.91,67.89,67.9,42000,2851816
603026.SH,2026-03-11 14:26:00,67.91,67.91,67.89,67.91,23200,1575396
603026.SH,2026-03-11 14:27:00,67.91,67.92,67.9,67.92,25300,1717926
603026.SH,2026-03-11 14:28:00,67.89,67.95,67.89,67.95,17500,1188879
603026.SH,2026-03-11 14:29:00,67.95,67.99,67.95,67.99,18500,1257179
603026.SH,2026-03-11 14:30:00,68.0,68.0,67.97,67.97,15900,1080946
603026.SH,2026-03-11 14:31:00,67.98,67.99,67.97,67.97,13700,931324
603026.SH,2026-03-11 14:32:00,67.96,67.96,67.92,67.93,22400,1522101
603026.SH,2026-03-11 14:33:00,67.91,68.0,67.89,67.99,77000,5232920
603026.SH,2026-03-11 14:34:00,67.96,67.99,67.93,67.94,50000,3398777
603026.SH,2026-03-11 14:35:00,67.94,67.99,67.94,67.99,37200,2528742
603026.SH,2026-03-11 14:36:00,67.98,67.99,67.98,67.99,35300,2400044
603026.SH,2026-03-11 14:37:00,67.99,68.0,67.98,67.99,15800,1074250
603026.SH,2026-03-11 14:38:00,67.99,68.0,67.98,67.99,44300,3011925
603026.SH,2026-03-11 14:39:00,67.98,67.99,67.94,67.96,38500,2616996
603026.SH,2026-03-11 14:40:00,67.96,67.97,67.95,67.95,19000,1291134
603026.SH,2026-03-11 14:41:00,67.97,67.97,67.93,67.95,27600,1875453
603026.SH,2026-03-11 14:42:00,67.94,67.99,67.94,67.97,42000,2855043
603026.SH,2026-03-11 14:43:00,67.96,68.0,67.94,67.98,25400,1726319
603026.SH,2026-03-11 14:44:00,68.0,68.0,67.97,67.99,80200,5453204
603026.SH,2026-03-11 14:45:00,67.99,67.99,67.93,67.93,31600,2147189
603026.SH,2026-03-11 14:46:00,67.93,67.93,67.85,67.92,53500,3632146
603026.SH,2026-03-11 14:47:00,67.93,67.95,67.91,67.95,39200,2662848
603026.SH,2026-03-11 14:48:00,67.95,67.98,67.94,67.95,33300,2262763
603026.SH,2026-03-11 14:49:00,67.95,67.95,67.9,67.92,42500,2886776
603026.SH,2026-03-11 14:50:00,67.9,67.92,67.88,67.91,42900,2913254
603026.SH,2026-03-11 14:51:00,67.91,67.93,67.91,67.92,58900,4000327
603026.SH,2026-03-11 14:52:00,67.91,67.92,67.91,67.91,30900,2098500
603026.SH,2026-03-11 14:53:00,67.92,67.93,67.91,67.93,33900,2302514
603026.SH,2026-03-11 14:54:00,67.92,67.92,67.9,67.9,90200,6125405
603026.SH,2026-03-11 14:55:00,67.91,67.92,67.9,67.91,51500,3497425
603026.SH,2026-03-11 14:56:00,67.92,67.92,67.9,67.92,49148,3337771
603026.SH,2026-03-11 14:57:00,67.92,67.92,67.91,67.92,48000,3259901
603026.SH,2026-03-11 14:58:00,67.92,67.92,67.92,67.92,0,0
603026.SH,2026-03-11 14:59:00,67.92,67.92,67.92,67.92,0,0
603026.SH,2026-03-11 15:00:00,67.92,67.92,67.92,67.92,89100,6051672
603026.SH,2026-03-12 09:30:00,67.92,67.92,67.92,67.92,70100,4761192
603026.SH,2026-03-12 09:31:00,67.98,68.1,67.29,67.44,259200,17559492
603026.SH,2026-03-12 09:32:00,67.48,68.32,67.48,67.65,285800,19405308
603026.SH,2026-03-12 09:33:00,67.65,68.47,67.65,68.4,186500,12699640
603026.SH,2026-03-12 09:34:00,68.4,69.18,68.36,69.08,250300,17166004
603026.SH,2026-03-12 09:35:00,69.0,70.25,69.0,70.0,499900,34899916
603026.SH,2026-03-12 09:36:00,69.98,70.27,69.88,70.05,444100,31125174
603026.SH,2026-03-12 09:37:00,70.0,70.0,69.38,69.5,191400,13363051
603026.SH,2026-03-12 09:38:00,69.5,69.71,69.3,69.31,189600,13175711
603026.SH,2026-03-12 09:39:00,69.28,69.6,69.19,69.45,141500,9831384
603026.SH,2026-03-12 09:40:00,69.45,69.45,69.19,69.32,190700,13217382
603026.SH,2026-03-12 09:41:00,69.32,69.9,69.21,69.56,197500,13752072
603026.SH,2026-03-12 09:42:00,69.6,69.86,69.47,69.79,216900,15110828
603026.SH,2026-03-12 09:43:00,69.79,69.79,69.6,69.62,66100,4607287
603026.SH,2026-03-12 09:44:00,69.68,69.72,69.29,69.29,143900,10009016
603026.SH,2026-03-12 09:45:00,69.27,69.32,69.18,69.27,133500,9239646
603026.SH,2026-03-12 09:46:00,69.23,69.27,69.12,69.2,88800,6141514
603026.SH,2026-03-12 09:47:00,69.22,69.22,69.01,69.01,71600,4947843
603026.SH,2026-03-12 09:48:00,69.0,69.0,68.82,68.98,134300,9253826
603026.SH,2026-03-12 09:49:00,68.91,68.92,68.78,68.78,61400,4227449
603026.SH,2026-03-12 09:50:00,68.8,68.88,68.73,68.78,94400,6496661
603026.SH,2026-03-12 09:51:00,68.72,68.75,68.72,68.74,43900,3017670
603026.SH,2026-03-12 09:52:00,68.74,68.78,68.66,68.7,53100,3648975
603026.SH,2026-03-12 09:53:00,68.69,68.69,68.5,68.63,74200,5090498
603026.SH,2026-03-12 09:54:00,68.61,68.63,68.32,68.32,85000,5821451
603026.SH,2026-03-12 09:55:00,68.31,68.5,68.26,68.5,79000,5398419
603026.SH,2026-03-12 09:56:00,68.5,68.5,68.25,68.31,83311,5690298
603026.SH,2026-03-12 09:57:00,68.3,68.41,68.27,68.41,117400,8018867
603026.SH,2026-03-12 09:58:00,68.45,68.59,68.36,68.53,75700,5183951
603026.SH,2026-03-12 09:59:00,68.45,68.61,68.45,68.61,57800,3962528
603026.SH,2026-03-12 10:00:00,68.61,68.73,68.61,68.71,100900,6928399
603026.SH,2026-03-12 10:01:00,68.79,69.4,68.79,69.36,126800,8779708
603026.SH,2026-03-12 10:02:00,69.4,69.42,69.19,69.42,146200,10131288
603026.SH,2026-03-12 10:03:00,69.51,69.95,69.49,69.74,298100,20812696
603026.SH,2026-03-12 10:04:00,69.74,70.58,69.74,70.49,815919,57259444
603026.SH,2026-03-12 10:05:00,70.53,70.94,70.28,70.58,520200,36791904
603026.SH,2026-03-12 10:06:00,70.83,71.0,70.83,70.98,768700,54497580
603026.SH,2026-03-12 10:07:00,71.02,71.58,71.02,71.58,485400,34618840
603026.SH,2026-03-12 10:08:00,71.59,72.0,71.49,71.61,482681,34673860
603026.SH,2026-03-12 10:09:00,71.69,72.5,71.69,72.15,515400,37170940
603026.SH,2026-03-12 10:10:00,72.2,72.29,71.94,71.94,336000,24241230
603026.SH,2026-03-12 10:11:00,71.9,72.2,71.65,72.15,243200,17491948
603026.SH,2026-03-12 10:12:00,72.16,73.0,72.14,72.92,542741,39374164
603026.SH,2026-03-12 10:13:00,72.92,73.06,72.72,72.88,398700,29061700
603026.SH,2026-03-12 10:14:00,72.89,73.3,72.84,73.28,284279,20758930
603026.SH,2026-03-12 10:15:00,73.28,73.57,73.21,73.32,328500,24120006
603026.SH,2026-03-12 10:16:00,73.39,73.48,73.1,73.1,213110,15617155
603026.SH,2026-03-12 10:17:00,73.09,73.4,73.09,73.36,202767,14859121
603026.SH,2026-03-12 10:18:00,73.35,73.88,73.32,73.69,406636,29926576
603026.SH,2026-03-12 10:19:00,73.85,73.85,73.13,73.16,230000,16917400
603026.SH,2026-03-12 10:20:00,73.2,73.2,72.92,72.92,153921,11241018
603026.SH,2026-03-12 10:21:00,72.89,73.5,72.67,73.29,233700,17050664
603026.SH,2026-03-12 10:22:00,73.28,73.28,72.91,72.91,95900,7015938
603026.SH,2026-03-12 10:23:00,72.91,72.91,72.78,72.89,90400,6585819
603026.SH,2026-03-12 10:24:00,72.89,72.91,72.67,72.68,141200,10282553
603026.SH,2026-03-12 10:25:00,72.68,72.88,72.58,72.88,129800,9430880
603026.SH,2026-03-12 10:26:00,72.72,72.82,72.61,72.61,78500,5709853
603026.SH,2026-03-12 10:27:00,72.63,72.63,72.52,72.56,80700,5855827
603026.SH,2026-03-12 10:28:00,72.6,72.7,72.57,72.63,51800,3761450
603026.SH,2026-03-12 10:29:00,72.65,72.74,72.58,72.58,45500,3306039
603026.SH,2026-03-12 10:30:00,72.58,72.6,72.53,72.6,37200,2699095
603026.SH,2026-03-12 10:31:00,72.61,73.0,72.61,73.0,98100,7154005
603026.SH,2026-03-12 10:32:00,72.96,72.96,72.6,72.88,116400,8468065
603026.SH,2026-03-12 10:33:00,72.74,72.88,72.57,72.57,141500,10276548
603026.SH,2026-03-12 10:34:00,72.58,72.58,72.3,72.3,100500,7279601
603026.SH,2026-03-12 10:35:00,72.3,72.34,72.1,72.1,136400,9857928
603026.SH,2026-03-12 10:36:00,72.08,72.1,71.91,71.99,107500,7738011
603026.SH,2026-03-12 10:37:00,72.07,72.11,71.91,71.91,113100,8145913
603026.SH,2026-03-12 10:38:00,71.91,71.91,71.74,71.74,108200,7772752
603026.SH,2026-03-12 10:39:00,71.77,71.77,71.65,71.7,38500,2760695
603026.SH,2026-03-12 10:40:00,71.71,71.73,71.53,71.53,123800,8860967
603026.SH,2026-03-12 10:41:00,71.58,71.6,71.5,71.5,112000,8011812
603026.SH,2026-03-12 10:42:00,71.52,71.52,71.31,71.34,53200,3797570
603026.SH,2026-03-12 10:43:00,71.35,71.5,71.35,71.46,52083,3718388
603026.SH,2026-03-12 10:44:00,71.41,71.46,71.4,71.41,30600,2185455
603026.SH,2026-03-12 10:45:00,71.42,71.5,71.42,71.49,37900,2708287
603026.SH,2026-03-12 10:46:00,71.51,71.6,71.42,71.42,85700,6128898
603026.SH,2026-03-12 10:47:00,71.39,71.4,71.03,71.03,111600,7945245
603026.SH,2026-03-12 10:48:00,71.08,71.18,71.02,71.18,39700,2822839
603026.SH,2026-03-12 10:49:00,71.18,71.18,71.06,71.06,52500,3734001
603026.SH,2026-03-12 10:50:00,71.06,71.17,71.05,71.14,76000,5401646
603026.SH,2026-03-12 10:51:00,71.14,71.18,71.14,71.16,33700,2398198
603026.SH,2026-03-12 10:52:00,71.16,71.19,70.96,71.0,138100,9813436
603026.SH,2026-03-12 10:53:00,71.0,71.09,70.98,71.07,12900,916042
603026.SH,2026-03-12 10:54:00,71.09,71.25,71.09,71.25,26200,1864198
603026.SH,2026-03-12 10:55:00,71.24,71.34,71.2,71.26,30300,2159308
603026.SH,2026-03-12 10:56:00,71.27,71.32,71.24,71.32,33400,2380235
603026.SH,2026-03-12 10:57:00,71.3,71.39,71.3,71.39,25000,1783138
603026.SH,2026-03-12 10:58:00,71.39,71.5,71.39,71.5,69100,4936511
603026.SH,2026-03-12 10:59:00,71.45,71.54,71.42,71.52,26500,1894291
603026.SH,2026-03-12 11:00:00,71.52,71.52,71.42,71.45,21100,1507816
603026.SH,2026-03-12 11:01:00,71.46,71.6,71.31,71.59,64800,4631553
603026.SH,2026-03-12 11:02:00,71.55,71.62,71.55,71.58,38000,2720499
603026.SH,2026-03-12 11:03:00,71.58,71.59,71.44,71.46,30300,2167520
603026.SH,2026-03-12 11:04:00,71.46,71.48,71.4,71.42,25300,1807466
603026.SH,2026-03-12 11:05:00,71.41,71.43,71.26,71.26,18700,1334294
603026.SH,2026-03-12 11:06:00,71.26,71.27,71.18,71.2,12300,876018
603026.SH,2026-03-12 11:07:00,71.2,71.2,71.14,71.15,17200,1224157
603026.SH,2026-03-12 11:08:00,71.14,71.33,71.14,71.33,17000,1210851
603026.SH,2026-03-12 11:09:00,71.45,71.45,71.2,71.2,32400,2311862
603026.SH,2026-03-12 11:10:00,71.15,71.23,71.15,71.19,14379,1023566
603026.SH,2026-03-12 11:11:00,71.26,71.3,71.2,71.25,10200,726607
603026.SH,2026-03-12 11:12:00,71.26,71.28,71.19,71.2,14000,997245
603026.SH,2026-03-12 11:13:00,71.2,71.24,71.2,71.24,5400,384587
603026.SH,2026-03-12 11:14:00,71.24,71.31,71.2,71.31,26000,1851992
603026.SH,2026-03-12 11:15:00,71.27,71.4,71.23,71.23,35300,2515860
603026.SH,2026-03-12 11:16:00,71.21,71.41,71.2,71.41,60074,4281074
603026.SH,2026-03-12 11:17:00,71.48,71.5,71.36,71.38,32600,2329249
603026.SH,2026-03-12 11:18:00,71.41,71.5,71.41,71.47,20000,1429407
603026.SH,2026-03-12 11:19:00,71.44,71.47,71.25,71.28,14600,1041908
603026.SH,2026-03-12 11:20:00,71.29,71.33,71.23,71.33,5500,391980
603026.SH,2026-03-12 11:21:00,71.3,71.35,71.26,71.28,36300,2588171
603026.SH,2026-03-12 11:22:00,71.27,71.31,71.25,71.25,23300,1660756
603026.SH,2026-03-12 11:23:00,71.24,71.24,71.14,71.16,27026,1924160
603026.SH,2026-03-12 11:24:00,71.18,71.2,71.14,71.2,12700,903649
603026.SH,2026-03-12 11:25:00,71.2,71.26,71.12,71.12,47900,3409141
603026.SH,2026-03-12 11:26:00,71.12,71.27,71.06,71.27,65400,4651607
603026.SH,2026-03-12 11:27:00,71.28,71.28,71.06,71.15,7400,526578
603026.SH,2026-03-12 11:28:00,71.15,71.22,71.15,71.16,9000,640449
603026.SH,2026-03-12 11:29:00,71.15,71.16,71.12,71.14,17900,1273554
603026.SH,2026-03-12 11:30:00,71.13,71.13,71.1,71.1,22800,1621600
603026.SH,2026-03-12 13:01:00,71.15,72.42,71.13,71.98,185100,13275732
603026.SH,2026-03-12 13:02:00,71.91,72.1,71.7,72.08,104400,7511565
603026.SH,2026-03-12 13:03:00,72.08,72.27,71.84,71.92,57900,4173689
603026.SH,2026-03-12 13:04:00,71.99,72.13,71.87,72.13,68800,4953821
603026.SH,2026-03-12 13:05:00,72.09,72.13,72.06,72.11,47800,3447423
603026.SH,2026-03-12 13:06:00,72.11,72.11,72.02,72.08,33600,2422160
603026.SH,2026-03-12 13:07:00,72.08,72.47,72.08,72.15,82400,5956545
603026.SH,2026-03-12 13:08:00,72.18,72.18,71.75,71.82,48200,3465367
603026.SH,2026-03-12 13:09:00,71.62,71.75,71.62,71.67,21200,1519561
603026.SH,2026-03-12 13:10:00,71.67,71.86,71.62,71.62,33000,2366433
603026.SH,2026-03-12 13:11:00,71.62,72.0,71.52,72.0,97100,6953900
603026.SH,2026-03-12 13:12:00,71.99,71.99,71.69,71.8,27600,1982954
603026.SH,2026-03-12 13:13:00,71.8,72.0,71.77,72.0,40000,2875636
603026.SH,2026-03-12 13:14:00,71.9,71.9,71.77,71.78,17700,1271790
603026.SH,2026-03-12 13:15:00,71.77,71.77,71.6,71.6,41100,2946763
603026.SH,2026-03-12 13:16:00,71.62,71.7,71.44,71.44,39100,2798822
603026.SH,2026-03-12 13:17:00,71.42,71.42,71.23,71.33,21800,1553993
603026.SH,2026-03-12 13:18:00,71.33,71.5,71.33,71.4,19600,1400018
603026.SH,2026-03-12 13:19:00,71.41,71.42,71.23,71.3,23400,1669004
603026.SH,2026-03-12 13:20:00,71.31,71.35,71.29,71.29,14300,1019685
603026.SH,2026-03-12 13:21:00,71.27,71.35,71.25,71.35,17000,1212238
603026.SH,2026-03-12 13:22:00,71.42,71.44,71.38,71.39,15900,1135612
603026.SH,2026-03-12 13:23:00,71.38,71.49,71.37,71.43,13500,964079
603026.SH,2026-03-12 13:24:00,71.44,71.5,71.4,71.46,20500,1464511
603026.SH,2026-03-12 13:25:00,71.42,71.43,71.36,71.37,23300,1663548
603026.SH,2026-03-12 13:26:00,71.38,71.43,71.35,71.37,48000,3425491
603026.SH,2026-03-12 13:27:00,71.43,71.43,71.35,71.35,5800,413964
603026.SH,2026-03-12 13:28:00,71.36,71.36,71.2,71.2,26200,1867858
603026.SH,2026-03-12 13:29:00,71.2,71.26,71.2,71.26,26100,1859367
603026.SH,2026-03-12 13:30:00,71.2,71.57,71.2,71.51,48300,3448825
603026.SH,2026-03-12 13:31:00,71.58,71.6,71.39,71.4,23300,1667163
603026.SH,2026-03-12 13:32:00,71.4,71.44,71.39,71.4,12000,856875
603026.SH,2026-03-12 13:33:00,71.5,71.58,71.41,71.41,20300,1451513
603026.SH,2026-03-12 13:34:00,71.47,71.52,71.43,71.43,9400,671876
603026.SH,2026-03-12 13:35:00,71.43,71.43,71.34,71.35,14800,1056617
603026.SH,2026-03-12 13:36:00,71.36,71.36,71.27,71.35,12800,912886
603026.SH,2026-03-12 13:37:00,71.38,71.4,71.35,71.35,14500,1034678
603026.SH,2026-03-12 13:38:00,71.36,71.4,71.35,71.35,30400,2169379
603026.SH,2026-03-12 13:39:00,71.36,71.55,71.36,71.55,14700,1050514
603026.SH,2026-03-12 13:40:00,71.56,71.56,71.49,71.53,29300,2095221
603026.SH,2026-03-12 13:41:00,71.5,71.51,71.44,71.5,11700,836477
603026.SH,2026-03-12 13:42:00,71.49,71.5,71.39,71.39,33100,2365807
603026.SH,2026-03-12 13:43:00,71.38,71.41,71.35,71.35,36500,2605408
603026.SH,2026-03-12 13:44:00,71.35,71.36,71.3,71.3,23100,1647943
603026.SH,2026-03-12 13:45:00,71.29,71.66,71.28,71.66,32300,2307544
603026.SH,2026-03-12 13:46:00,71.72,71.73,71.51,71.61,20800,1490803
603026.SH,2026-03-12 13:47:00,71.69,71.73,71.64,71.69,29800,2136418
603026.SH,2026-03-12 13:48:00,71.72,71.72,71.65,71.68,12200,874442
603026.SH,2026-03-12 13:49:00,71.68,71.68,71.56,71.56,14000,1002577
603026.SH,2026-03-12 13:50:00,71.58,71.64,71.56,71.6,10400,744686
603026.SH,2026-03-12 13:51:00,71.6,71.6,71.41,71.41,8200,586573
603026.SH,2026-03-12 13:52:00,71.4,71.42,71.35,71.38,19500,1391930
603026.SH,2026-03-12 13:53:00,71.38,71.46,71.36,71.42,10800,771173
603026.SH,2026-03-12 13:54:00,71.45,71.56,71.45,71.56,4700,336044
603026.SH,2026-03-12 13:55:00,71.6,71.6,71.52,71.52,6500,465017
603026.SH,2026-03-12 13:56:00,71.53,71.54,71.52,71.54,10500,751055
603026.SH,2026-03-12 13:57:00,71.54,71.56,71.54,71.56,6500,465067
603026.SH,2026-03-12 13:58:00,71.56,71.56,71.41,71.43,40000,2860806
603026.SH,2026-03-12 13:59:00,71.43,71.47,71.43,71.47,6300,450062
603026.SH,2026-03-12 14:00:00,71.47,71.5,71.47,71.47,3500,250192
603026.SH,2026-03-12 14:01:00,71.48,71.51,71.47,71.48,20000,1429912
603026.SH,2026-03-12 14:02:00,71.48,71.53,71.48,71.53,22400,1601570
603026.SH,2026-03-12 14:03:00,71.53,71.53,71.49,71.49,35700,2552914
603026.SH,2026-03-12 14:04:00,71.48,71.48,71.44,71.47,31400,2244225
603026.SH,2026-03-12 14:05:00,71.48,71.5,71.46,71.46,15000,1072060
603026.SH,2026-03-12 14:06:00,71.47,71.47,71.45,71.46,13000,928916
603026.SH,2026-03-12 14:07:00,71.46,71.49,71.44,71.45,45500,3251478
603026.SH,2026-03-12 14:08:00,71.44,71.47,71.44,71.46,8400,600192
603026.SH,2026-03-12 14:09:00,71.47,71.5,71.47,71.5,11600,829214
603026.SH,2026-03-12 14:10:00,71.5,71.53,71.45,71.51,52500,3752915
603026.SH,2026-03-12 14:11:00,71.52,71.57,71.46,71.46,34200,2446003
603026.SH,2026-03-12 14:12:00,71.43,71.43,71.28,71.3,57200,4082248
603026.SH,2026-03-12 14:13:00,71.3,71.37,71.3,71.34,17300,1234241
603026.SH,2026-03-12 14:14:00,71.34,71.37,71.34,71.35,17500,1248676
603026.SH,2026-03-12 14:15:00,71.35,71.37,71.33,71.34,16500,1177227
603026.SH,2026-03-12 14:16:00,71.35,71.41,71.35,71.36,18700,1334588
603026.SH,2026-03-12 14:17:00,71.35,71.36,71.33,71.33,29000,2069007
603026.SH,2026-03-12 14:18:00,71.32,71.36,71.3,71.3,17000,1212523
603026.SH,2026-03-12 14:19:00,71.31,71.31,71.29,71.3,37900,2702308
603026.SH,2026-03-12 14:20:00,71.29,71.29,71.28,71.28,9100,648692
603026.SH,2026-03-12 14:21:00,71.28,71.29,71.27,71.29,14100,1005061
603026.SH,2026-03-12 14:22:00,71.29,71.4,71.29,71.34,20100,1433870
603026.SH,2026-03-12 14:23:00,71.35,71.35,71.31,71.35,3600,256818
603026.SH,2026-03-12 14:24:00,71.34,71.37,71.31,71.36,34700,2475284
603026.SH,2026-03-12 14:25:00,71.36,71.41,71.36,71.4,17600,1256543
603026.SH,2026-03-12 14:26:00,71.4,71.44,71.38,71.43,16700,1192814
603026.SH,2026-03-12 14:27:00,71.43,71.43,71.34,71.37,49900,3561943
603026.SH,2026-03-12 14:28:00,71.37,71.41,71.37,71.4,17000,1213720
603026.SH,2026-03-12 14:29:00,71.4,71.42,71.38,71.38,20300,1449519
603026.SH,2026-03-12 14:30:00,71.41,71.53,71.41,71.52,38100,2722636
603026.SH,2026-03-12 14:31:00,71.51,71.56,71.37,71.39,71600,5115935
603026.SH,2026-03-12 14:32:00,71.42,71.56,71.42,71.56,40700,2909705
603026.SH,2026-03-12 14:33:00,71.53,71.53,71.47,71.47,33800,2416779
603026.SH,2026-03-12 14:34:00,71.48,71.48,71.37,71.41,44400,3171435
603026.SH,2026-03-12 14:35:00,71.42,71.5,71.42,71.5,60100,4294266
603026.SH,2026-03-12 14:36:00,71.51,71.57,71.44,71.5,54900,3927005
603026.SH,2026-03-12 14:37:00,71.45,71.51,71.43,71.46,20900,1493886
603026.SH,2026-03-12 14:38:00,71.46,71.5,71.46,71.49,23800,1701197
603026.SH,2026-03-12 14:39:00,71.49,71.5,71.46,71.46,30500,2180103
603026.SH,2026-03-12 14:40:00,71.45,71.45,71.42,71.43,22800,1628739
603026.SH,2026-03-12 14:41:00,71.43,71.45,71.41,71.44,13700,978505
603026.SH,2026-03-12 14:42:00,71.45,71.45,71.43,71.43,26300,1878799
603026.SH,2026-03-12 14:43:00,71.42,71.44,71.42,71.43,32200,2299898
603026.SH,2026-03-12 14:44:00,71.43,71.45,71.43,71.44,59700,4265349
603026.SH,2026-03-12 14:45:00,71.44,71.46,71.44,71.45,30200,2157625
603026.SH,2026-03-12 14:46:00,71.45,71.45,71.4,71.41,64600,4613555
603026.SH,2026-03-12 14:47:00,71.42,71.43,71.41,71.43,40200,2870808
603026.SH,2026-03-12 14:48:00,71.42,71.43,71.41,71.42,31179,2226587
603026.SH,2026-03-12 14:49:00,71.42,71.42,71.31,71.32,57521,4105613
603026.SH,2026-03-12 14:50:00,71.32,71.34,71.31,71.34,41800,2981084
603026.SH,2026-03-12 14:51:00,71.34,71.35,71.33,71.35,38900,2775107
603026.SH,2026-03-12 14:52:00,71.35,71.35,71.31,71.31,48100,3430935
603026.SH,2026-03-12 14:53:00,71.31,71.33,71.31,71.31,46100,3287888
603026.SH,2026-03-12 14:54:00,71.31,71.34,71.3,71.31,68000,4849210
603026.SH,2026-03-12 14:55:00,71.31,71.33,71.31,71.32,63300,4514401
603026.SH,2026-03-12 14:56:00,71.31,71.34,71.31,71.32,63779,4548903
603026.SH,2026-03-12 14:57:00,71.32,71.35,71.31,71.35,74200,5292334
603026.SH,2026-03-12 14:58:00,71.35,71.35,71.35,71.35,800,57081
603026.SH,2026-03-12 14:59:00,71.35,71.35,71.35,71.35,0,0
603026.SH,2026-03-12 15:00:00,71.35,71.35,71.35,71.35,104800,7477480
603026.SH,2026-03-13 09:30:00,72.5,72.5,72.5,72.5,120800,8758000
603026.SH,2026-03-13 09:31:00,72.1,73.1,72.0,72.89,942915,68523576
603026.SH,2026-03-13 09:32:00,72.97,74.75,72.88,74.5,772996,56901640
603026.SH,2026-03-13 09:33:00,74.7,75.0,74.51,74.56,815300,61006640
603026.SH,2026-03-13 09:34:00,74.52,74.52,73.92,73.92,435398,32343588
603026.SH,2026-03-13 09:35:00,74.05,74.2,73.2,73.29,492908,36392764
603026.SH,2026-03-13 09:36:00,73.2,74.15,73.2,74.15,382800,28107644
603026.SH,2026-03-13 09:37:00,74.18,74.18,73.13,73.17,352600,25983428
603026.SH,2026-03-13 09:38:00,73.25,73.25,72.7,73.0,277000,20210412
603026.SH,2026-03-13 09:39:00,73.05,73.49,73.05,73.27,392100,28720240
603026.SH,2026-03-13 09:40:00,73.17,73.17,72.69,73.12,344700,25145488
603026.SH,2026-03-13 09:41:00,73.12,73.62,73.12,73.3,289400,21243466
603026.SH,2026-03-13 09:42:00,73.35,73.7,73.31,73.7,247200,18142932
603026.SH,2026-03-13 09:43:00,73.82,73.82,73.3,73.3,258500,18999702
603026.SH,2026-03-13 09:44:00,73.22,73.58,73.04,73.58,219200,16049193
603026.SH,2026-03-13 09:45:00,73.65,74.44,73.65,74.44,458400,33949580
603026.SH,2026-03-13 09:46:00,74.59,74.86,74.59,74.8,646800,48350420
603026.SH,2026-03-13 09:47:00,74.83,75.5,74.83,75.42,1098600,82593480
603026.SH,2026-03-13 09:48:00,75.48,75.48,74.31,74.7,443911,33293836
603026.SH,2026-03-13 09:49:00,74.7,74.7,74.47,74.6,272000,20291916
603026.SH,2026-03-13 09:50:00,74.61,74.94,74.6,74.94,120724,9015021
603026.SH,2026-03-13 09:51:00,74.93,75.0,74.66,74.75,265476,19872260
603026.SH,2026-03-13 09:52:00,74.66,74.87,74.66,74.8,120500,9011464
603026.SH,2026-03-13 09:53:00,74.8,75.44,74.8,75.4,317800,23872880
603026.SH,2026-03-13 09:54:00,75.46,75.71,75.44,75.71,578100,43643896
603026.SH,2026-03-13 09:55:00,75.72,75.98,75.72,75.97,408500,31002676
603026.SH,2026-03-13 09:56:00,75.94,76.11,75.74,76.07,470300,35714144
603026.SH,2026-03-13 09:57:00,76.0,76.1,75.75,76.04,227125,17251772
603026.SH,2026-03-13 09:58:00,76.13,76.21,76.0,76.0,242000,18416228
603026.SH,2026-03-13 09:59:00,76.0,76.05,75.45,76.05,259900,19701218
603026.SH,2026-03-13 10:00:00,76.13,76.13,75.7,75.72,124100,9432206
603026.SH,2026-03-13 10:01:00,75.74,76.19,75.74,75.93,321420,24452468
603026.SH,2026-03-13 10:02:00,75.86,75.86,75.27,75.27,112400,8502531
603026.SH,2026-03-13 10:03:00,75.27,75.75,75.26,75.62,121100,9128673
603026.SH,2026-03-13 10:04:00,75.63,76.38,75.63,76.37,213900,16282527
603026.SH,2026-03-13 10:05:00,76.37,76.5,76.2,76.2,341200,26073764
603026.SH,2026-03-13 10:06:00,76.2,76.2,75.89,76.1,69300,5267327
603026.SH,2026-03-13 10:07:00,75.97,76.15,75.97,76.06,71100,5408853
603026.SH,2026-03-13 10:08:00,76.0,76.0,75.76,75.8,93200,7074494
603026.SH,2026-03-13 10:09:00,75.77,75.8,75.5,75.74,122600,9261859
603026.SH,2026-03-13 10:10:00,75.82,76.15,75.74,76.06,87600,6655705
603026.SH,2026-03-13 10:11:00,76.06,76.18,75.96,76.02,140300,10676679
603026.SH,2026-03-13 10:12:00,75.96,75.96,75.82,75.89,62200,4719379
603026.SH,2026-03-13 10:13:00,75.89,75.89,75.12,75.13,107200,8086111
603026.SH,2026-03-13 10:14:00,75.23,75.23,75.13,75.15,100200,7533614
603026.SH,2026-03-13 10:15:00,75.15,75.15,74.95,75.1,146200,10971179
603026.SH,2026-03-13 10:16:00,75.1,75.55,75.0,75.53,183100,13760670
603026.SH,2026-03-13 10:17:00,75.6,75.85,75.39,75.39,134400,10154582
603026.SH,2026-03-13 10:18:00,75.4,75.65,75.35,75.56,195800,14781584
603026.SH,2026-03-13 10:19:00,75.58,75.58,75.37,75.37,26600,2007493
603026.SH,2026-03-13 10:20:00,75.45,75.6,75.36,75.36,100700,7600384
603026.SH,2026-03-13 10:21:00,75.4,75.5,75.33,75.43,76700,5784902
603026.SH,2026-03-13 10:22:00,75.42,75.47,75.15,75.16,47200,3557284
603026.SH,2026-03-13 10:23:00,75.16,75.44,75.09,75.33,134800,10141837
603026.SH,2026-03-13 10:24:00,75.35,75.35,75.05,75.05,35500,2670138
603026.SH,2026-03-13 10:25:00,75.0,75.28,75.0,75.13,99900,7498552
603026.SH,2026-03-13 10:26:00,75.13,75.4,75.11,75.35,44600,3355416
603026.SH,2026-03-13 10:27:00,75.49,75.56,75.3,75.55,67100,5062449
603026.SH,2026-03-13 10:28:00,75.6,75.69,75.6,75.69,60800,4597252
603026.SH,2026-03-13 10:29:00,75.71,75.95,75.71,75.94,64500,4894233
603026.SH,2026-03-13 10:30:00,75.86,75.9,75.62,75.65,54300,4112871
603026.SH,2026-03-13 10:31:00,75.65,75.67,75.52,75.54,22400,1693265
603026.SH,2026-03-13 10:32:00,75.55,75.91,75.55,75.75,70011,5304617
603026.SH,2026-03-13 10:33:00,75.88,75.88,75.54,75.55,51900,3928807
603026.SH,2026-03-13 10:34:00,75.52,75.81,75.5,75.81,28500,2158063
603026.SH,2026-03-13 10:35:00,75.79,75.98,75.79,75.98,50800,3854667
603026.SH,2026-03-13 10:36:00,76.0,76.02,75.99,76.0,102700,7805026
603026.SH,2026-03-13 10:37:00,75.99,75.99,75.68,75.7,53500,4057749
603026.SH,2026-03-13 10:38:00,75.75,75.77,75.4,75.42,51700,3904563
603026.SH,2026-03-13 10:39:00,75.41,75.5,75.4,75.44,32300,2436332
603026.SH,2026-03-13 10:40:00,75.4,75.4,75.2,75.21,38800,2921219
603026.SH,2026-03-13 10:41:00,75.2,75.2,75.1,75.11,43700,3284836
603026.SH,2026-03-13 10:42:00,75.1,75.15,74.95,75.0,70700,5305263
603026.SH,2026-03-13 10:43:00,75.0,75.01,74.7,74.72,90700,6788554
603026.SH,2026-03-13 10:44:00,74.72,75.02,74.72,75.02,41400,3098964
603026.SH,2026-03-13 10:45:00,75.1,75.1,74.99,75.06,38300,2873154
603026.SH,2026-03-13 10:46:00,75.04,75.06,74.81,74.85,42000,3149308
603026.SH,2026-03-13 10:47:00,74.86,74.89,74.74,74.76,39800,2978137
603026.SH,2026-03-13 10:48:00,74.74,74.92,74.74,74.81,44300,3313374
603026.SH,2026-03-13 10:49:00,74.79,74.84,74.72,74.84,57100,4269836
603026.SH,2026-03-13 10:50:00,74.88,75.12,74.88,75.0,35800,2686273
603026.SH,2026-03-13 10:51:00,75.0,75.0,74.77,74.77,72800,5447577
603026.SH,2026-03-13 10:52:00,74.74,74.82,74.7,74.72,51000,3812354
603026.SH,2026-03-13 10:53:00,74.78,74.78,74.7,74.72,43500,3250175
603026.SH,2026-03-13 10:54:00,74.73,74.85,74.72,74.85,32100,2399408
603026.SH,2026-03-13 10:55:00,74.88,74.93,74.85,74.92,21400,1603023
603026.SH,2026-03-13 10:56:00,74.93,75.0,74.88,74.94,41800,3133420
603026.SH,2026-03-13 10:57:00,74.88,74.99,74.88,74.93,24300,1820949
603026.SH,2026-03-13 10:58:00,74.86,74.86,74.73,74.73,65400,4890137
603026.SH,2026-03-13 10:59:00,74.74,74.74,74.7,74.71,30500,2278781
603026.SH,2026-03-13 11:00:00,74.7,74.72,74.67,74.67,38100,2845917
603026.SH,2026-03-13 11:01:00,74.67,74.68,74.65,74.67,35600,2658328
603026.SH,2026-03-13 11:02:00,74.67,74.68,74.5,74.5,103600,7727938
603026.SH,2026-03-13 11:03:00,74.49,74.65,74.39,74.55,52600,3915869
603026.SH,2026-03-13 11:04:00,74.55,74.58,74.51,74.56,20800,1550222
603026.SH,2026-03-13 11:05:00,74.55,74.55,74.41,74.41,51500,3835642
603026.SH,2026-03-13 11:06:00,74.4,74.41,74.33,74.36,35600,2648048
603026.SH,2026-03-13 11:07:00,74.34,74.55,74.34,74.55,27900,2076414
603026.SH,2026-03-13 11:08:00,74.55,74.59,74.55,74.59,29200,2177353
603026.SH,2026-03-13 11:09:00,74.59,74.72,74.59,74.7,22300,1665422
603026.SH,2026-03-13 11:10:00,74.7,74.7,74.58,74.58,31600,2358363
603026.SH,2026-03-13 11:11:00,74.62,74.62,74.6,74.61,12800,955005
603026.SH,2026-03-13 11:12:00,74.61,74.62,74.5,74.5,13100,977148
603026.SH,2026-03-13 11:13:00,74.57,74.57,74.47,74.5,17700,1318722
603026.SH,2026-03-13 11:14:00,74.5,74.6,74.48,74.6,41300,3077954
603026.SH,2026-03-13 11:15:00,74.61,74.64,74.59,74.59,28600,2133734
603026.SH,2026-03-13 11:16:00,74.53,74.64,74.52,74.64,12100,902032
603026.SH,2026-03-13 11:17:00,74.65,74.7,74.63,74.65,17600,1313918
603026.SH,2026-03-13 11:18:00,74.58,74.58,74.51,74.53,30100,2244352
603026.SH,2026-03-13 11:19:00,74.53,74.61,74.53,74.55,9700,723237
603026.SH,2026-03-13 11:20:00,74.55,74.55,74.5,74.5,32300,2406756
603026.SH,2026-03-13 11:21:00,74.5,74.5,74.39,74.49,33300,2478498
603026.SH,2026-03-13 11:22:00,74.51,74.51,74.46,74.46,10600,789575
603026.SH,2026-03-13 11:23:00,74.47,74.5,74.47,74.49,13300,990602
603026.SH,2026-03-13 11:24:00,74.5,74.5,74.45,74.45,24500,1824580
603026.SH,2026-03-13 11:25:00,74.45,74.45,74.35,74.35,20400,1517848
603026.SH,2026-03-13 11:26:00,74.34,74.35,74.3,74.3,34300,2549732
603026.SH,2026-03-13 11:27:00,74.3,74.3,74.19,74.19,26500,1967533
603026.SH,2026-03-13 11:28:00,74.19,74.19,74.1,74.16,60300,4469598
603026.SH,2026-03-13 11:29:00,74.17,74.17,73.97,73.97,56100,4152932
603026.SH,2026-03-13 11:30:00,73.97,74.25,73.91,74.25,122100,9037649
603026.SH,2026-03-13 13:01:00,74.39,74.39,73.8,73.8,182300,13527045
603026.SH,2026-03-13 13:02:00,73.79,73.87,73.58,73.82,47700,3516880
603026.SH,2026-03-13 13:03:00,73.82,74.17,73.82,74.0,36100,2671461
603026.SH,2026-03-13 13:04:00,74.0,74.36,73.98,74.26,38200,2832656
603026.SH,2026-03-13 13:05:00,74.23,74.25,74.02,74.03,66500,4933669
603026.SH,2026-03-13 13:06:00,74.03,74.03,73.84,73.9,50500,3735172
603026.SH,2026-03-13 13:07:00,73.9,73.91,73.8,73.84,25600,1890670
603026.SH,2026-03-13 13:08:00,73.9,74.04,73.9,74.04,8400,621191
603026.SH,2026-03-13 13:09:00,74.02,74.02,73.85,73.87,27400,2025316
603026.SH,2026-03-13 13:10:00,73.85,73.85,73.7,73.7,55500,4096143
603026.SH,2026-03-13 13:11:00,73.7,73.7,73.52,73.52,33900,2495233
603026.SH,2026-03-13 13:12:00,73.55,73.63,73.55,73.61,28200,2074518
603026.SH,2026-03-13 13:13:00,73.62,74.0,73.6,74.0,62300,4589501
603026.SH,2026-03-13 13:14:00,74.0,74.0,73.94,73.97,21100,1561096
603026.SH,2026-03-13 13:15:00,73.95,73.95,73.88,73.88,17000,1256800
603026.SH,2026-03-13 13:16:00,73.87,73.87,73.77,73.77,4600,339525
603026.SH,2026-03-13 13:17:00,73.75,73.82,73.7,73.78,22800,1681132
603026.SH,2026-03-13 13:18:00,73.79,73.81,73.76,73.81,14200,1047813
603026.SH,2026-03-13 13:19:00,73.83,73.98,73.81,73.98,20400,1507590
603026.SH,2026-03-13 13:20:00,73.97,74.24,73.9,74.2,60800,4499496
603026.SH,2026-03-13 13:21:00,74.36,74.36,74.04,74.04,37800,2805625
603026.SH,2026-03-13 13:22:00,73.99,74.47,73.95,74.47,101600,7533155
603026.SH,2026-03-13 13:23:00,74.45,75.25,74.45,75.25,156317,11717631
603026.SH,2026-03-13 13:24:00,75.24,75.24,74.91,74.91,92200,6926680
603026.SH,2026-03-13 13:25:00,74.89,74.97,74.81,74.9,58600,4388965
603026.SH,2026-03-13 13:26:00,74.9,74.9,74.51,74.55,54700,4084255
603026.SH,2026-03-13 13:27:00,74.55,74.61,74.51,74.51,42800,3192171
603026.SH,2026-03-13 13:28:00,74.48,74.48,74.36,74.44,39900,2970318
603026.SH,2026-03-13 13:29:00,74.44,74.51,74.44,74.51,48400,3604592
603026.SH,2026-03-13 13:30:00,74.51,74.6,74.51,74.6,31100,2319396
603026.SH,2026-03-13 13:31:00,74.59,74.6,74.3,74.3,56300,4194149
603026.SH,2026-03-13 13:32:00,74.3,74.37,74.27,74.37,53900,4005791
603026.SH,2026-03-13 13:33:00,74.37,74.37,74.25,74.28,14200,1055176
603026.SH,2026-03-13 13:34:00,74.25,74.29,74.23,74.29,41416,3075175
603026.SH,2026-03-13 13:35:00,74.3,74.5,74.3,74.4,48000,3569791
603026.SH,2026-03-13 13:36:00,74.46,74.59,74.4,74.41,56700,4223927
603026.SH,2026-03-13 13:37:00,74.46,74.53,74.46,74.49,19500,1452508
603026.SH,2026-03-13 13:38:00,74.49,74.49,74.3,74.3,24400,1816367
603026.SH,2026-03-13 13:39:00,74.32,74.51,74.31,74.49,42000,3126331
603026.SH,2026-03-13 13:40:00,74.42,74.42,74.32,74.32,16600,1234090
603026.SH,2026-03-13 13:41:00,74.33,74.33,74.29,74.29,35500,2637790
603026.SH,2026-03-13 13:42:00,74.3,74.3,74.19,74.19,21600,1603673
603026.SH,2026-03-13 13:43:00,74.19,74.19,74.11,74.15,29300,2172319
603026.SH,2026-03-13 13:44:00,74.14,74.15,74.14,74.15,24700,1831303
603026.SH,2026-03-13 13:45:00,74.14,74.14,74.01,74.01,12200,904095
603026.SH,2026-03-13 13:46:00,74.03,74.07,74.02,74.07,39400,2916937
603026.SH,2026-03-13 13:47:00,74.07,74.34,74.07,74.19,124284,9216402
603026.SH,2026-03-13 13:48:00,74.18,74.18,74.01,74.01,27800,2059450
603026.SH,2026-03-13 13:49:00,74.02,74.02,73.98,73.98,46300,3426199
603026.SH,2026-03-13 13:50:00,73.98,73.98,73.8,73.8,48600,3591214
603026.SH,2026-03-13 13:51:00,73.82,73.82,73.8,73.8,31100,2295307
603026.SH,2026-03-13 13:52:00,73.8,73.8,73.76,73.76,21100,1556841
603026.SH,2026-03-13 13:53:00,73.77,73.77,73.6,73.61,83600,6155382
603026.SH,2026-03-13 13:54:00,73.6,73.61,73.57,73.59,74600,5490115
603026.SH,2026-03-13 13:55:00,73.57,73.59,73.56,73.57,41500,3053070
603026.SH,2026-03-13 13:56:00,73.57,73.58,73.55,73.56,36100,2655517
603026.SH,2026-03-13 13:57:00,73.57,73.57,73.55,73.55,28500,2096337
603026.SH,2026-03-13 13:58:00,73.55,73.55,73.5,73.5,39400,2897197
603026.SH,2026-03-13 13:59:00,73.51,73.51,73.5,73.51,61800,4542355
603026.SH,2026-03-13 14:00:00,73.51,73.51,73.5,73.51,39900,2932801
603026.SH,2026-03-13 14:01:00,73.5,73.51,73.41,73.41,53700,3945666
603026.SH,2026-03-13 14:02:00,73.38,73.38,73.28,73.32,83100,6092679
603026.SH,2026-03-13 14:03:00,73.32,73.33,73.25,73.26,56900,4169568
603026.SH,2026-03-13 14:04:00,73.28,73.36,73.28,73.36,24000,1759710
603026.SH,2026-03-13 14:05:00,73.36,73.36,73.25,73.25,53600,3929385
603026.SH,2026-03-13 14:06:00,73.24,73.24,73.13,73.17,48600,3558012
603026.SH,2026-03-13 14:07:00,73.17,73.2,73.12,73.19,72006,5268122
603026.SH,2026-03-13 14:08:00,73.19,73.26,73.17,73.24,28200,2064644
603026.SH,2026-03-13 14:09:00,73.26,73.29,73.24,73.29,32500,2381122
603026.SH,2026-03-13 14:10:00,73.29,73.43,73.29,73.41,34500,2531342
603026.SH,2026-03-13 14:11:00,73.38,73.42,73.28,73.28,50400,3699056
603026.SH,2026-03-13 14:12:00,73.33,73.39,73.28,73.36,35800,2624913
603026.SH,2026-03-13 14:13:00,73.38,73.4,73.36,73.4,15700,1152169
603026.SH,2026-03-13 14:14:00,73.4,73.44,73.38,73.38,36200,2657325
603026.SH,2026-03-13 14:15:00,73.41,73.41,73.3,73.31,35600,2611501
603026.SH,2026-03-13 14:16:00,73.31,73.31,73.08,73.11,52600,3851899
603026.SH,2026-03-13 14:17:00,73.07,73.09,73.05,73.07,44000,3215079
603026.SH,2026-03-13 14:18:00,73.06,73.28,73.06,73.22,24200,1769033
603026.SH,2026-03-13 14:19:00,73.14,73.14,73.1,73.1,38700,2829608
603026.SH,2026-03-13 14:20:00,73.1,73.11,73.06,73.06,41300,3017715
603026.SH,2026-03-13 14:21:00,73.01,73.09,73.01,73.06,39600,2892578
603026.SH,2026-03-13 14:22:00,73.04,73.06,73.01,73.06,59900,4374195
603026.SH,2026-03-13 14:23:00,73.06,73.08,73.05,73.05,26100,1906964
603026.SH,2026-03-13 14:24:00,73.07,73.07,73.05,73.05,17600,1285837
603026.SH,2026-03-13 14:25:00,73.06,73.06,73.02,73.02,29270,2137714
603026.SH,2026-03-13 14:26:00,73.02,73.03,73.01,73.02,68600,5008718
603026.SH,2026-03-13 14:27:00,73.01,73.07,73.01,73.07,41600,3037842
603026.SH,2026-03-13 14:28:00,73.11,73.21,73.11,73.15,37600,2749841
603026.SH,2026-03-13 14:29:00,73.15,73.17,73.15,73.16,19200,1404694
603026.SH,2026-03-13 14:30:00,73.16,73.3,73.16,73.3,20400,1493125
603026.SH,2026-03-13 14:31:00,73.3,73.3,73.15,73.15,40400,2957646
603026.SH,2026-03-13 14:32:00,73.15,73.15,73.1,73.1,30300,2215993
603026.SH,2026-03-13 14:33:00,73.1,73.1,73.01,73.02,40000,2921374
603026.SH,2026-03-13 14:34:00,73.01,73.05,73.01,73.05,42700,3118374
603026.SH,2026-03-13 14:35:00,73.05,73.05,73.02,73.02,40500,2958057
603026.SH,2026-03-13 14:36:00,73.01,73.03,73.01,73.03,86000,6279326
603026.SH,2026-03-13 14:37:00,73.03,73.03,72.95,72.95,105430,7696587
603026.SH,2026-03-13 14:38:00,72.94,72.94,72.81,72.85,56023,4081521
603026.SH,2026-03-13 14:39:00,72.83,72.83,72.8,72.8,48330,3519295
603026.SH,2026-03-13 14:40:00,72.83,72.85,72.82,72.82,82200,5986162
603026.SH,2026-03-13 14:41:00,72.82,72.98,72.82,72.94,66770,4865979
603026.SH,2026-03-13 14:42:00,72.94,72.95,72.93,72.93,20100,1466106
603026.SH,2026-03-13 14:43:00,72.92,72.95,72.92,72.94,67500,4923063
603026.SH,2026-03-13 14:44:00,72.94,72.99,72.94,72.98,32700,2386174
603026.SH,2026-03-13 14:45:00,72.99,72.99,72.95,72.95,48300,3524319
603026.SH,2026-03-13 14:46:00,72.95,72.96,72.9,72.93,40000,2917269
603026.SH,2026-03-13 14:47:00,72.87,72.88,72.76,72.76,31800,2315940
603026.SH,2026-03-13 14:48:00,72.75,72.75,72.62,72.62,46000,3343397
603026.SH,2026-03-13 14:49:00,72.63,72.66,72.63,72.64,69700,5063068
603026.SH,2026-03-13 14:50:00,72.64,72.69,72.63,72.68,71470,5192634
603026.SH,2026-03-13 14:51:00,72.68,72.96,72.68,72.93,97000,7063010
603026.SH,2026-03-13 14:52:00,72.96,73.09,72.95,73.09,44300,3233763
603026.SH,2026-03-13 14:53:00,73.09,73.23,73.09,73.2,126000,9220759
603026.SH,2026-03-13 14:54:00,73.09,73.09,72.97,72.98,87800,6409894
603026.SH,2026-03-13 14:55:00,72.96,72.99,72.95,72.97,50900,3713961
603026.SH,2026-03-13 14:56:00,72.98,73.0,72.98,73.0,59700,4357440
603026.SH,2026-03-13 14:57:00,73.0,73.0,72.98,72.99,94900,6927314
603026.SH,2026-03-13 14:58:00,73.0,73.0,73.0,73.0,600,43798
603026.SH,2026-03-13 14:59:00,73.0,73.0,73.0,73.0,0,0
603026.SH,2026-03-13 15:00:00,73.0,73.0,73.0,73.0,241200,17607600
603026.SH,2026-03-16 09:30:00,74.45,74.45,74.45,74.45,99000,7370550
603026.SH,2026-03-16 09:31:00,74.3,74.65,73.77,74.65,563879,41924944
603026.SH,2026-03-16 09:32:00,74.66,74.88,74.63,74.75,472821,35319956
603026.SH,2026-03-16 09:33:00,74.7,74.75,73.88,73.88,472400,35095480
603026.SH,2026-03-16 09:34:00,73.94,74.99,73.94,74.73,478200,35690588
603026.SH,2026-03-16 09:35:00,74.94,75.21,74.78,75.21,522600,39163790
603026.SH,2026-03-16 09:36:00,75.07,76.1,75.07,76.0,638000,48352548
603026.SH,2026-03-16 09:37:00,76.0,76.0,75.19,75.19,413900,31249032
603026.SH,2026-03-16 09:38:00,75.31,75.91,75.31,75.55,340100,25696904
603026.SH,2026-03-16 09:39:00,75.41,75.84,75.07,75.07,282000,21317520
603026.SH,2026-03-16 09:40:00,75.02,75.02,74.03,74.03,276000,20594074
603026.SH,2026-03-16 09:41:00,73.9,74.85,73.73,74.85,372000,27600388
603026.SH,2026-03-16 09:42:00,74.7,74.78,74.5,74.59,219600,16389182
603026.SH,2026-03-16 09:43:00,74.63,75.68,74.63,75.47,241487,18182084
603026.SH,2026-03-16 09:44:00,75.47,75.47,75.07,75.19,339900,25576232
603026.SH,2026-03-16 09:45:00,75.2,75.37,75.0,75.1,185200,13933133
603026.SH,2026-03-16 09:46:00,75.19,75.36,75.19,75.28,172900,13013163
603026.SH,2026-03-16 09:47:00,75.22,75.84,75.22,75.8,215100,16234563
603026.SH,2026-03-16 09:48:00,75.88,75.9,75.74,75.81,249600,18929992
603026.SH,2026-03-16 09:49:00,75.8,76.17,75.78,76.12,583600,44348050
603026.SH,2026-03-16 09:50:00,76.08,76.08,75.61,75.66,146400,11110586
603026.SH,2026-03-16 09:51:00,75.7,75.99,75.7,75.8,190800,14483124
603026.SH,2026-03-16 09:52:00,75.85,75.85,75.35,75.5,140100,10584632
603026.SH,2026-03-16 09:53:00,75.59,76.32,75.59,76.17,282420,21490848
603026.SH,2026-03-16 09:54:00,76.17,76.27,76.0,76.0,333580,25404690
603026.SH,2026-03-16 09:55:00,75.91,76.0,75.75,75.75,78400,5946710
603026.SH,2026-03-16 09:56:00,75.75,75.75,75.51,75.58,210000,15880868
603026.SH,2026-03-16 09:57:00,75.58,75.94,75.58,75.71,93000,7044740
603026.SH,2026-03-16 09:58:00,75.5,75.5,75.21,75.5,121400,9146279
603026.SH,2026-03-16 09:59:00,75.58,75.8,75.58,75.74,77700,5883340
603026.SH,2026-03-16 10:00:00,75.74,75.74,75.42,75.44,57800,4365694
603026.SH,2026-03-16 10:01:00,75.42,75.85,75.42,75.85,108800,8231195
603026.SH,2026-03-16 10:02:00,75.85,75.85,75.57,75.6,47300,3585335
603026.SH,2026-03-16 10:03:00,75.58,75.58,75.1,75.28,106500,8013179
603026.SH,2026-03-16 10:04:00,75.31,75.46,75.29,75.33,96000,7232166
603026.SH,2026-03-16 10:05:00,75.36,75.53,75.29,75.4,63000,4751886
603026.SH,2026-03-16 10:06:00,75.42,75.56,75.3,75.56,90800,6850574
603026.SH,2026-03-16 10:07:00,75.48,75.77,75.46,75.77,61700,4661809
603026.SH,2026-03-16 10:08:00,75.8,76.1,75.8,76.08,203200,15440969
603026.SH,2026-03-16 10:09:00,76.06,76.08,75.86,75.88,81500,6194038
603026.SH,2026-03-16 10:10:00,75.91,76.71,75.87,76.68,661090,50479056
603026.SH,2026-03-16 10:11:00,76.76,77.23,76.76,77.08,583300,44923750
603026.SH,2026-03-16 10:12:00,76.93,76.93,76.31,76.31,299600,22974744
603026.SH,2026-03-16 10:13:00,76.3,76.3,75.92,75.99,189598,14428646
603026.SH,2026-03-16 10:14:00,75.91,76.06,75.91,75.99,103800,7888565
603026.SH,2026-03-16 10:15:00,75.99,75.99,75.82,75.82,110100,8360199
603026.SH,2026-03-16 10:16:00,75.81,76.29,75.81,76.29,106100,8062538
603026.SH,2026-03-16 10:17:00,76.29,76.29,75.9,75.9,80700,6148879
603026.SH,2026-03-16 10:18:00,75.96,76.05,75.84,76.03,30200,2292794
603026.SH,2026-03-16 10:19:00,76.05,76.05,75.98,75.98,61000,4636065
603026.SH,2026-03-16 10:20:00,75.98,76.1,75.98,76.1,53700,4082546
603026.SH,2026-03-16 10:21:00,76.2,76.57,76.2,76.27,135900,10384602
603026.SH,2026-03-16 10:22:00,76.09,76.09,76.0,76.01,91200,6936424
603026.SH,2026-03-16 10:23:00,76.0,76.0,75.92,75.95,84200,6396605
603026.SH,2026-03-16 10:24:00,75.85,75.89,75.8,75.8,55600,4216412
603026.SH,2026-03-16 10:25:00,75.78,75.78,75.54,75.54,40700,3079499
603026.SH,2026-03-16 10:26:00,75.5,75.5,75.36,75.46,93013,7017779
603026.SH,2026-03-16 10:27:00,75.46,75.67,75.46,75.67,31700,2396630
603026.SH,2026-03-16 10:28:00,75.66,75.7,75.59,75.59,73200,5538128
603026.SH,2026-03-16 10:29:00,75.61,75.63,75.38,75.38,56400,4256157
603026.SH,2026-03-16 10:30:00,75.28,75.4,75.23,75.4,107000,8054675
603026.SH,2026-03-16 10:31:00,75.38,75.44,75.38,75.43,62600,4721670
603026.SH,2026-03-16 10:32:00,75.43,75.52,75.4,75.48,73000,5506394
603026.SH,2026-03-16 10:33:00,75.4,75.52,75.4,75.52,20000,1508330
603026.SH,2026-03-16 10:34:00,75.52,75.8,75.52,75.73,39000,2950793
603026.SH,2026-03-16 10:35:00,75.78,75.82,75.55,75.57,39600,2997425
603026.SH,2026-03-16 10:36:00,75.55,75.78,75.52,75.73,41100,3107330
603026.SH,2026-03-16 10:37:00,75.6,75.6,75.3,75.36,50000,3772302
603026.SH,2026-03-16 10:38:00,75.35,75.64,75.35,75.64,39100,2948869
603026.SH,2026-03-16 10:39:00,75.59,75.72,75.59,75.72,45100,3411071
603026.SH,2026-03-16 10:40:00,75.74,75.88,75.64,75.73,31500,2386644
603026.SH,2026-03-16 10:41:00,75.72,75.72,75.61,75.62,14200,1073968
603026.SH,2026-03-16 10:42:00,75.63,75.64,75.49,75.49,8500,642269
603026.SH,2026-03-16 10:43:00,75.46,75.49,75.4,75.4,16000,1207077
603026.SH,2026-03-16 10:44:00,75.37,75.37,75.08,75.12,39200,2949662
603026.SH,2026-03-16 10:45:00,75.08,75.18,75.08,75.18,36300,2728016
603026.SH,2026-03-16 10:46:00,75.18,75.25,75.18,75.24,31500,2369009
603026.SH,2026-03-16 10:47:00,75.25,75.4,75.25,75.38,31204,2349829
603026.SH,2026-03-16 10:48:00,75.4,75.42,75.29,75.29,26200,1975072
603026.SH,2026-03-16 10:49:00,75.24,75.27,75.2,75.21,24500,1843058
603026.SH,2026-03-16 10:50:00,75.27,75.39,75.27,75.34,27900,2101149
603026.SH,2026-03-16 10:51:00,75.35,75.45,75.35,75.35,23200,1749107
603026.SH,2026-03-16 10:52:00,75.35,75.42,75.35,75.41,16800,1266534
603026.SH,2026-03-16 10:53:00,75.4,75.43,75.23,75.25,35800,2697460
603026.SH,2026-03-16 10:54:00,75.21,75.32,75.15,75.23,53800,4047937
603026.SH,2026-03-16 10:55:00,75.15,75.36,75.15,75.35,71300,5363779
603026.SH,2026-03-16 10:56:00,75.22,75.35,75.22,75.33,46010,3463188
603026.SH,2026-03-16 10:57:00,75.33,75.35,75.26,75.34,32600,2455298
603026.SH,2026-03-16 10:58:00,75.26,75.4,75.26,75.38,30400,2289989
603026.SH,2026-03-16 10:59:00,75.39,75.39,75.26,75.31,30100,2266064
603026.SH,2026-03-16 11:00:00,75.33,75.4,75.28,75.37,18000,1356134
603026.SH,2026-03-16 11:01:00,75.26,75.39,75.26,75.32,8800,662733
603026.SH,2026-03-16 11:02:00,75.3,75.3,75.08,75.08,43000,3233413
603026.SH,2026-03-16 11:03:00,75.06,75.06,74.7,74.85,209000,15654310
603026.SH,2026-03-16 11:04:00,74.81,74.81,74.51,74.51,116500,8696928
603026.SH,2026-03-16 11:05:00,74.58,74.82,74.58,74.66,73500,5488560
603026.SH,2026-03-16 11:06:00,74.66,74.81,74.6,74.81,78600,5868156
603026.SH,2026-03-16 11:07:00,74.77,74.84,74.77,74.8,18100,1353662
603026.SH,2026-03-16 11:08:00,74.86,74.99,74.83,74.92,24600,1842409
603026.SH,2026-03-16 11:09:00,74.9,75.0,74.9,75.0,33400,2503683
603026.SH,2026-03-16 11:10:00,74.95,74.96,74.86,74.86,23300,1745638
603026.SH,2026-03-16 11:11:00,74.9,75.0,74.87,75.0,28100,2104925
603026.SH,2026-03-16 11:12:00,74.99,75.11,74.93,75.0,52400,3931297
603026.SH,2026-03-16 11:13:00,75.13,75.2,75.03,75.11,71000,5332917
603026.SH,2026-03-16 11:14:00,75.09,75.19,75.09,75.09,20400,1532946
603026.SH,2026-03-16 11:15:00,75.08,75.08,74.94,74.94,12000,900185
603026.SH,2026-03-16 11:16:00,74.95,75.0,74.9,74.98,26400,1978791
603026.SH,2026-03-16 11:17:00,74.99,75.13,74.98,75.01,20800,1560748
603026.SH,2026-03-16 11:18:00,75.01,75.08,74.91,74.91,27200,2040169
603026.SH,2026-03-16 11:19:00,74.99,75.26,74.92,75.25,24500,1841498
603026.SH,2026-03-16 11:20:00,75.15,75.3,75.15,75.3,29100,2189819
603026.SH,2026-03-16 11:21:00,75.29,75.29,75.0,75.21,17100,1285551
603026.SH,2026-03-16 11:22:00,75.03,75.12,74.97,75.09,22600,1695982
603026.SH,2026-03-16 11:23:00,75.09,75.09,75.03,75.04,21500,1614031
603026.SH,2026-03-16 11:24:00,75.04,75.11,75.04,75.09,18400,1380629
603026.SH,2026-03-16 11:25:00,75.09,75.11,75.0,75.01,22100,1658644
603026.SH,2026-03-16 11:26:00,75.02,75.05,74.99,75.05,17400,1305057
603026.SH,2026-03-16 11:27:00,75.02,75.06,75.02,75.06,10400,780315
603026.SH,2026-03-16 11:28:00,75.06,75.09,75.01,75.08,16500,1238288
603026.SH,2026-03-16 11:29:00,75.07,75.07,74.96,74.96,40300,3022861
603026.SH,2026-03-16 11:30:00,74.96,74.96,74.83,74.85,30200,2261084
603026.SH,2026-03-16 13:01:00,74.85,75.0,74.74,74.74,129000,9655873
603026.SH,2026-03-16 13:02:00,74.61,74.65,74.5,74.56,125700,9373359
603026.SH,2026-03-16 13:03:00,74.58,75.03,74.5,74.97,102000,7612503
603026.SH,2026-03-16 13:04:00,74.8,75.2,74.8,75.15,55300,4153568
603026.SH,2026-03-16 13:05:00,75.11,75.35,75.11,75.25,37100,2790688
603026.SH,2026-03-16 13:06:00,75.37,75.37,75.05,75.05,28900,2172246
603026.SH,2026-03-16 13:07:00,75.0,75.22,75.0,75.1,37100,2787991
603026.SH,2026-03-16 13:08:00,75.01,75.22,75.01,75.22,30500,2292211
603026.SH,2026-03-16 13:09:00,75.17,75.21,75.09,75.09,35500,2668452
603026.SH,2026-03-16 13:10:00,75.05,75.1,74.85,74.85,45700,3426304
603026.SH,2026-03-16 13:11:00,74.77,74.96,74.72,74.91,15900,1189545
603026.SH,2026-03-16 13:12:00,74.94,74.97,74.9,74.93,30300,2270784
603026.SH,2026-03-16 13:13:00,74.91,74.95,74.84,74.85,15600,1168576
603026.SH,2026-03-16 13:14:00,74.84,74.89,74.84,74.89,22800,1706674
603026.SH,2026-03-16 13:15:00,74.88,74.89,74.83,74.83,9600,718712
603026.SH,2026-03-16 13:16:00,74.83,74.93,74.83,74.89,40800,3053622
603026.SH,2026-03-16 13:17:00,74.85,75.0,74.85,74.96,16800,1258042
603026.SH,2026-03-16 13:18:00,74.98,75.0,74.92,74.92,9700,727230
603026.SH,2026-03-16 13:19:00,74.95,74.95,74.85,74.85,19900,1490547
603026.SH,2026-03-16 13:20:00,74.86,74.86,74.81,74.81,28300,2117850
603026.SH,2026-03-16 13:21:00,74.81,74.81,74.76,74.77,29700,2221276
603026.SH,2026-03-16 13:22:00,74.73,74.75,74.66,74.66,36700,2741326
603026.SH,2026-03-16 13:23:00,74.63,74.85,74.6,74.85,156400,11677197
603026.SH,2026-03-16 13:24:00,74.87,74.9,74.68,74.7,35200,2632983
603026.SH,2026-03-16 13:25:00,74.7,74.76,74.6,74.6,16300,1217239
603026.SH,2026-03-16 13:26:00,74.59,74.59,74.5,74.51,32800,2445069
603026.SH,2026-03-16 13:27:00,74.53,74.65,74.51,74.57,63246,4714412
603026.SH,2026-03-16 13:28:00,74.58,74.58,74.48,74.48,58800,4380962
603026.SH,2026-03-16 13:29:00,74.48,74.48,74.3,74.3,37400,2782712
603026.SH,2026-03-16 13:30:00,74.28,74.28,74.17,74.19,110441,8193574
603026.SH,2026-03-16 13:31:00,74.23,74.76,74.23,74.75,77634,5778456
603026.SH,2026-03-16 13:32:00,74.74,74.8,74.7,74.7,25200,1883833
603026.SH,2026-03-16 13:33:00,74.75,74.75,74.58,74.58,35500,2650310
603026.SH,2026-03-16 13:34:00,74.57,74.57,74.34,74.38,24300,1807667
603026.SH,2026-03-16 13:35:00,74.37,74.55,74.37,74.55,49600,3693746
603026.SH,2026-03-16 13:36:00,74.5,74.69,74.46,74.65,54600,4069672
603026.SH,2026-03-16 13:37:00,74.68,74.88,74.68,74.85,34500,2580729
603026.SH,2026-03-16 13:38:00,74.86,74.88,74.8,74.82,21700,1624273
603026.SH,2026-03-16 13:39:00,74.79,74.79,74.68,74.7,9600,717352
603026.SH,2026-03-16 13:40:00,74.68,74.76,74.68,74.7,24900,1860376
603026.SH,2026-03-16 13:41:00,74.7,74.78,74.68,74.74,47100,3519328
603026.SH,2026-03-16 13:42:00,74.74,74.74,74.67,74.69,11400,851607
603026.SH,2026-03-16 13:43:00,74.7,74.74,74.65,74.74,47000,3510954
603026.SH,2026-03-16 13:44:00,74.8,74.95,74.8,74.9,32300,2417548
603026.SH,2026-03-16 13:45:00,74.93,74.93,74.84,74.89,15200,1138336
603026.SH,2026-03-16 13:46:00,74.88,74.89,74.85,74.89,7100,531530
603026.SH,2026-03-16 13:47:00,74.9,74.92,74.8,74.81,55300,4140304
603026.SH,2026-03-16 13:48:00,74.8,74.8,74.7,74.7,24000,1794807
603026.SH,2026-03-16 13:49:00,74.7,74.78,74.7,74.76,14300,1068696
603026.SH,2026-03-16 13:50:00,74.78,74.78,74.68,74.68,19800,1479350
603026.SH,2026-03-16 13:51:00,74.68,74.72,74.67,74.67,20100,1501073
603026.SH,2026-03-16 13:52:00,74.68,74.74,74.67,74.74,31800,2375471
603026.SH,2026-03-16 13:53:00,74.74,74.77,74.71,74.73,49400,3691866
603026.SH,2026-03-16 13:54:00,74.75,74.76,74.63,74.74,36600,2734634
603026.SH,2026-03-16 13:55:00,74.74,74.76,74.74,74.74,11100,829691
603026.SH,2026-03-16 13:56:00,74.73,74.74,74.7,74.7,9900,739711
603026.SH,2026-03-16 13:57:00,74.7,74.7,74.69,74.69,17400,1299642
603026.SH,2026-03-16 13:58:00,74.69,74.73,74.69,74.72,48100,3592869
603026.SH,2026-03-16 13:59:00,74.72,74.72,74.67,74.67,9200,687119
603026.SH,2026-03-16 14:00:00,74.67,74.67,74.62,74.62,21800,1627151
603026.SH,2026-03-16 14:01:00,74.6,74.69,74.6,74.67,27800,2075101
603026.SH,2026-03-16 14:02:00,74.68,74.71,74.65,74.65,59400,4437080
603026.SH,2026-03-16 14:03:00,74.65,74.67,74.65,74.66,14300,1067652
603026.SH,2026-03-16 14:04:00,74.66,74.67,74.63,74.63,11200,836080
603026.SH,2026-03-16 14:05:00,74.63,74.63,74.54,74.54,20700,1543493
603026.SH,2026-03-16 14:06:00,74.55,74.65,74.54,74.62,35800,2670865
603026.SH,2026-03-16 14:07:00,74.62,74.62,74.58,74.58,20800,1551824
603026.SH,2026-03-16 14:08:00,74.56,74.6,74.53,74.59,11000,820055
603026.SH,2026-03-16 14:09:00,74.59,74.65,74.58,74.65,20600,1537136
603026.SH,2026-03-16 14:10:00,74.62,74.67,74.62,74.66,34121,2546647
603026.SH,2026-03-16 14:11:00,74.68,74.7,74.67,74.7,25000,1867393
603026.SH,2026-03-16 14:12:00,74.7,74.7,74.69,74.7,21700,1620973
603026.SH,2026-03-16 14:13:00,74.7,74.7,74.68,74.69,8400,627376
603026.SH,2026-03-16 14:14:00,74.68,74.7,74.68,74.69,23700,1770279
603026.SH,2026-03-16 14:15:00,74.7,74.7,74.68,74.68,16000,1195100
603026.SH,2026-03-16 14:16:00,74.68,74.69,74.68,74.68,20500,1530989
603026.SH,2026-03-16 14:17:00,74.69,74.76,74.68,74.76,111100,8298980
603026.SH,2026-03-16 14:18:00,74.78,74.93,74.75,74.89,46400,3472163
603026.SH,2026-03-16 14:19:00,74.84,74.9,74.77,74.9,52000,3892202
603026.SH,2026-03-16 14:20:00,74.9,74.94,74.9,74.93,22900,1716182
603026.SH,2026-03-16 14:21:00,74.99,74.99,74.91,74.99,15200,1139501
603026.SH,2026-03-16 14:22:00,75.0,75.01,74.91,74.91,100400,7528129
603026.SH,2026-03-16 14:23:00,74.9,75.0,74.9,74.99,14300,1071804
603026.SH,2026-03-16 14:24:00,74.99,74.99,74.97,74.99,32100,2406890
603026.SH,2026-03-16 14:25:00,74.97,74.97,74.93,74.95,12800,959376
603026.SH,2026-03-16 14:26:00,74.93,74.95,74.78,74.78,15600,1167906
603026.SH,2026-03-16 14:27:00,74.78,74.8,74.77,74.8,31800,2378268
603026.SH,2026-03-16 14:28:00,74.8,74.85,74.79,74.82,6800,508708
603026.SH,2026-03-16 14:29:00,74.84,74.9,74.82,74.83,5800,434120
603026.SH,2026-03-16 14:30:00,74.83,74.85,74.8,74.81,13400,1002635
603026.SH,2026-03-16 14:31:00,74.81,74.81,74.75,74.75,20400,1525625
603026.SH,2026-03-16 14:32:00,74.72,74.8,74.66,74.66,40400,3017769
603026.SH,2026-03-16 14:33:00,74.69,74.7,74.65,74.68,17900,1336744
603026.SH,2026-03-16 14:34:00,74.7,74.79,74.7,74.72,20800,1553948
603026.SH,2026-03-16 14:35:00,74.74,74.82,74.72,74.79,9800,733002
603026.SH,2026-03-16 14:36:00,74.79,74.79,74.75,74.76,14500,1084091
603026.SH,2026-03-16 14:37:00,74.76,74.82,74.76,74.8,16200,1211659
603026.SH,2026-03-16 14:38:00,74.82,74.91,74.82,74.9,34600,2590951
603026.SH,2026-03-16 14:39:00,74.91,74.94,74.9,74.9,37917,2840790
603026.SH,2026-03-16 14:40:00,74.9,74.91,74.86,74.86,20683,1549098
603026.SH,2026-03-16 14:41:00,74.83,74.92,74.83,74.92,20000,1497526
603026.SH,2026-03-16 14:42:00,74.92,74.94,74.92,74.92,17600,1318729
603026.SH,2026-03-16 14:43:00,74.92,74.92,74.9,74.92,32300,2419752
603026.SH,2026-03-16 14:44:00,74.92,74.93,74.91,74.92,49600,3715936
603026.SH,2026-03-16 14:45:00,74.93,74.97,74.93,74.97,39600,2968113
603026.SH,2026-03-16 14:46:00,74.97,75.01,74.95,74.95,75700,5676455
603026.SH,2026-03-16 14:47:00,74.96,75.0,74.95,74.96,58200,4363060
603026.SH,2026-03-16 14:48:00,74.95,75.0,74.95,75.0,37400,2804562
603026.SH,2026-03-16 14:49:00,75.0,75.0,74.94,74.97,75600,5667737
603026.SH,2026-03-16 14:50:00,74.97,74.99,74.97,74.97,21300,1596998
603026.SH,2026-03-16 14:51:00,74.97,74.98,74.9,74.92,59300,4443555
603026.SH,2026-03-16 14:52:00,74.92,74.94,74.9,74.94,50100,3752974
603026.SH,2026-03-16 14:53:00,74.93,74.96,74.92,74.95,35800,2682865
603026.SH,2026-03-16 14:54:00,74.95,74.95,74.94,74.94,99000,7419706
603026.SH,2026-03-16 14:55:00,74.94,74.94,74.93,74.94,51900,3889165
603026.SH,2026-03-16 14:56:00,74.95,74.95,74.94,74.95,92700,6947610
603026.SH,2026-03-16 14:57:00,74.95,75.0,74.95,75.0,85500,6410558
603026.SH,2026-03-16 14:58:00,75.0,75.0,75.0,75.0,0,0
603026.SH,2026-03-16 14:59:00,75.0,75.0,75.0,75.0,0,0
603026.SH,2026-03-16 15:00:00,75.0,75.0,75.0,75.0,181200,13590000
603026.SH,2026-03-17 09:30:00,74.0,74.0,74.0,74.0,142200,10522800
603026.SH,2026-03-17 09:31:00,74.04,75.98,74.01,75.86,409294,30617588
603026.SH,2026-03-17 09:32:00,76.0,76.3,75.28,75.95,531000,40259560
603026.SH,2026-03-17 09:33:00,75.96,76.3,75.6,76.01,396700,30200736
603026.SH,2026-03-17 09:34:00,76.23,76.59,76.12,76.59,487100,37165560
603026.SH,2026-03-17 09:35:00,76.56,77.3,76.45,76.49,621897,47808668
603026.SH,2026-03-17 09:36:00,76.3,76.99,76.03,76.03,290100,22212118
603026.SH,2026-03-17 09:37:00,75.93,75.93,74.58,74.6,252411,19003202
603026.SH,2026-03-17 09:38:00,74.6,74.67,74.09,74.09,259600,19337692
603026.SH,2026-03-17 09:39:00,74.09,74.09,73.5,73.54,277306,20466996
603026.SH,2026-03-17 09:40:00,73.73,74.19,73.73,73.89,231700,17146436
603026.SH,2026-03-17 09:41:00,73.68,73.82,73.4,73.6,349811,25740916
603026.SH,2026-03-17 09:42:00,73.55,73.67,72.94,73.0,467200,34188330
603026.SH,2026-03-17 09:43:00,72.96,73.58,72.7,73.58,203600,14879709
603026.SH,2026-03-17 09:44:00,73.58,73.7,73.13,73.16,135900,9959671
603026.SH,2026-03-17 09:45:00,73.12,73.55,73.12,73.5,173300,12709788
603026.SH,2026-03-17 09:46:00,73.55,73.99,73.48,73.99,62000,4568002
603026.SH,2026-03-17 09:47:00,73.97,74.08,73.57,73.61,108000,7974126
603026.SH,2026-03-17 09:48:00,73.63,73.63,72.99,73.09,162500,11898583
603026.SH,2026-03-17 09:49:00,73.1,73.85,72.99,73.85,98300,7198659
603026.SH,2026-03-17 09:50:00,73.86,73.86,72.91,72.91,91100,6688276
603026.SH,2026-03-17 09:51:00,72.88,72.88,72.5,72.6,266100,19348404
603026.SH,2026-03-17 09:52:00,72.5,72.85,72.41,72.81,211400,15358599
603026.SH,2026-03-17 09:53:00,72.8,73.0,72.51,72.93,210300,15303231
603026.SH,2026-03-17 09:54:00,73.0,73.23,73.0,73.23,96000,7012340
603026.SH,2026-03-17 09:55:00,73.27,73.34,73.0,73.0,50000,3659886
603026.SH,2026-03-17 09:56:00,73.0,73.71,73.0,73.26,59900,4394161
603026.SH,2026-03-17 09:57:00,73.27,73.77,73.26,73.69,35200,2586298
603026.SH,2026-03-17 09:58:00,73.6,73.66,73.49,73.5,45600,3356052
603026.SH,2026-03-17 09:59:00,73.51,73.77,73.5,73.58,54800,4031655
603026.SH,2026-03-17 10:00:00,73.58,73.58,73.32,73.46,28400,2084973
603026.SH,2026-03-17 10:01:00,73.41,73.47,73.23,73.43,99179,7274170
603026.SH,2026-03-17 10:02:00,73.4,73.7,73.4,73.68,96000,7061621
603026.SH,2026-03-17 10:03:00,73.77,73.88,73.6,73.88,47100,3471865
603026.SH,2026-03-17 10:04:00,73.9,73.95,73.64,73.69,37000,2732910
603026.SH,2026-03-17 10:05:00,73.69,74.2,73.69,74.19,63921,4732550
603026.SH,2026-03-17 10:06:00,74.18,74.19,74.02,74.19,89700,6647394
603026.SH,2026-03-17 10:07:00,74.19,74.77,74.19,74.65,156800,11667597
603026.SH,2026-03-17 10:08:00,74.82,74.84,74.39,74.42,88200,6584280
603026.SH,2026-03-17 10:09:00,74.62,75.68,74.62,75.28,244500,18364094
603026.SH,2026-03-17 10:10:00,75.29,75.43,74.85,74.85,119100,8966147
603026.SH,2026-03-17 10:11:00,75.0,75.23,74.91,74.99,156800,11773156
603026.SH,2026-03-17 10:12:00,74.99,75.02,74.47,74.52,83800,6264147
603026.SH,2026-03-17 10:13:00,74.44,74.5,74.35,74.38,56200,4180704
603026.SH,2026-03-17 10:14:00,74.38,74.65,74.36,74.36,60500,4505232
603026.SH,2026-03-17 10:15:00,74.4,74.96,74.4,74.91,90300,6749884
603026.SH,2026-03-17 10:16:00,74.9,75.15,74.9,75.15,94500,7088371
603026.SH,2026-03-17 10:17:00,75.23,75.36,75.0,75.09,134000,10082663
603026.SH,2026-03-17 10:18:00,75.03,75.03,74.8,74.81,21500,1610941
603026.SH,2026-03-17 10:19:00,74.83,74.93,74.81,74.93,45300,3390542
603026.SH,2026-03-17 10:20:00,74.94,75.09,74.93,75.07,42500,3187195
603026.SH,2026-03-17 10:21:00,75.09,75.17,74.93,75.08,66200,4968241
603026.SH,2026-03-17 10:22:00,75.08,75.75,75.08,75.74,166500,12553298
603026.SH,2026-03-17 10:23:00,75.67,75.89,75.39,75.89,170900,12917739
603026.SH,2026-03-17 10:24:00,75.94,76.29,75.5,75.55,327900,24894492
603026.SH,2026-03-17 10:25:00,75.57,75.57,75.04,75.04,63700,4790967
603026.SH,2026-03-17 10:26:00,75.0,75.04,74.68,74.68,47900,3587284
603026.SH,2026-03-17 10:27:00,74.78,74.78,74.62,74.62,23700,1769041
603026.SH,2026-03-17 10:28:00,74.62,74.62,74.47,74.6,25900,1930373
603026.SH,2026-03-17 10:29:00,74.6,74.78,74.51,74.65,17300,1290661
603026.SH,2026-03-17 10:30:00,74.67,74.81,74.54,74.54,42000,3138747
603026.SH,2026-03-17 10:31:00,74.59,74.6,74.4,74.42,43100,3208434
603026.SH,2026-03-17 10:32:00,74.46,74.46,74.38,74.39,25300,1882610
603026.SH,2026-03-17 10:33:00,74.39,74.45,74.39,74.43,15500,1153234
603026.SH,2026-03-17 10:34:00,74.43,74.47,74.42,74.47,18100,1347446
603026.SH,2026-03-17 10:35:00,74.47,74.74,74.47,74.74,16800,1253252
603026.SH,2026-03-17 10:36:00,74.66,75.38,74.66,75.38,100500,7543167
603026.SH,2026-03-17 10:37:00,75.55,75.62,75.02,75.02,65200,4921470
603026.SH,2026-03-17 10:38:00,75.04,75.08,75.0,75.0,16800,1260415
603026.SH,2026-03-17 10:39:00,75.03,75.05,74.91,75.0,27600,2070962
603026.SH,2026-03-17 10:40:00,75.03,75.24,75.03,75.18,53400,4014388
603026.SH,2026-03-17 10:41:00,75.24,75.43,75.22,75.22,66200,4992955
603026.SH,2026-03-17 10:42:00,75.36,75.36,75.15,75.3,89100,6703611
603026.SH,2026-03-17 10:43:00,75.34,75.5,75.23,75.23,43100,3248843
603026.SH,2026-03-17 10:44:00,75.23,75.35,75.02,75.02,30700,2308168
603026.SH,2026-03-17 10:45:00,75.0,75.1,74.94,75.1,77800,5821317
603026.SH,2026-03-17 10:46:00,75.0,75.1,74.9,74.91,21000,1574071
603026.SH,2026-03-17 10:47:00,74.9,75.02,74.9,74.97,32400,2428369
603026.SH,2026-03-17 10:48:00,75.08,75.08,74.7,74.95,43200,3229193
603026.SH,2026-03-17 10:49:00,74.98,74.98,74.78,74.82,43500,3255042
603026.SH,2026-03-17 10:50:00,74.82,75.1,74.82,75.1,34900,2616870
603026.SH,2026-03-17 10:51:00,75.12,75.12,74.97,75.0,23300,1747773
603026.SH,2026-03-17 10:52:00,75.0,75.0,74.78,74.88,33500,2509881
603026.SH,2026-03-17 10:53:00,74.88,74.95,74.83,74.83,27200,2036674
603026.SH,2026-03-17 10:54:00,74.83,74.92,74.74,74.88,100000,7471733
603026.SH,2026-03-17 10:55:00,74.95,74.95,74.88,74.95,6600,494484
603026.SH,2026-03-17 10:56:00,74.95,75.12,74.95,75.11,50700,3804511
603026.SH,2026-03-17 10:57:00,75.11,75.16,75.11,75.15,24500,1840688
603026.SH,2026-03-17 10:58:00,75.12,75.27,75.11,75.27,27900,2097583
603026.SH,2026-03-17 10:59:00,75.22,75.27,75.14,75.15,24200,1819326
603026.SH,2026-03-17 11:00:00,75.2,75.2,74.99,74.99,29900,2246852
603026.SH,2026-03-17 11:01:00,74.99,75.15,74.8,75.0,37800,2835060
603026.SH,2026-03-17 11:02:00,75.12,75.2,75.12,75.2,47800,3593349
603026.SH,2026-03-17 11:03:00,75.22,75.31,75.21,75.27,31000,2333218
603026.SH,2026-03-17 11:04:00,75.21,75.21,75.12,75.12,11100,834618
603026.SH,2026-03-17 11:05:00,75.12,75.12,75.0,75.06,5300,397894
603026.SH,2026-03-17 11:06:00,75.06,75.06,74.92,74.98,8100,607308
603026.SH,2026-03-17 11:07:00,74.93,74.97,74.79,74.82,10000,749094
603026.SH,2026-03-17 11:08:00,74.83,75.06,74.8,74.99,21100,1579598
603026.SH,2026-03-17 11:09:00,74.98,75.0,74.9,74.96,14400,1079576
603026.SH,2026-03-17 11:10:00,74.96,75.06,74.94,74.98,31600,2369550
603026.SH,2026-03-17 11:11:00,75.05,75.05,74.93,74.94,7800,584522
603026.SH,2026-03-17 11:12:00,74.98,74.98,74.89,74.89,5800,434589
603026.SH,2026-03-17 11:13:00,74.9,75.0,74.9,74.99,6900,517136
603026.SH,2026-03-17 11:14:00,75.0,75.0,74.97,74.99,6300,472451
603026.SH,2026-03-17 11:15:00,74.99,75.12,74.98,75.12,15000,1125558
603026.SH,2026-03-17 11:16:00,75.11,75.12,74.99,75.01,15100,1133274
603026.SH,2026-03-17 11:17:00,75.09,75.13,75.08,75.13,12700,953796
603026.SH,2026-03-17 11:18:00,75.12,75.14,75.08,75.08,10300,773718
603026.SH,2026-03-17 11:19:00,75.07,75.07,74.9,74.9,7100,532176
603026.SH,2026-03-17 11:20:00,74.9,74.92,74.86,74.86,8400,629059
603026.SH,2026-03-17 11:21:00,74.86,74.87,74.85,74.85,7200,538990
603026.SH,2026-03-17 11:22:00,74.86,74.93,74.83,74.83,11200,838760
603026.SH,2026-03-17 11:23:00,74.85,74.85,74.8,74.8,11500,860362
603026.SH,2026-03-17 11:24:00,74.8,74.8,74.58,74.73,14500,1083454
603026.SH,2026-03-17 11:25:00,74.6,74.64,74.5,74.64,27700,2065504
603026.SH,2026-03-17 11:26:00,74.72,75.0,74.68,75.0,25100,1879139
603026.SH,2026-03-17 11:27:00,75.0,75.04,74.79,74.79,73200,5468711
603026.SH,2026-03-17 11:28:00,74.99,75.06,74.79,75.05,17100,1282011
603026.SH,2026-03-17 11:29:00,74.96,75.04,74.96,74.96,6300,472500
603026.SH,2026-03-17 11:30:00,75.02,75.05,74.95,75.05,26100,1958333
603026.SH,2026-03-17 13:01:00,74.96,74.96,74.28,74.28,81200,6054986
603026.SH,2026-03-17 13:02:00,74.3,74.46,74.18,74.46,45100,3350660
603026.SH,2026-03-17 13:03:00,74.47,74.79,74.38,74.79,47300,3522783
603026.SH,2026-03-17 13:04:00,74.89,75.13,74.58,75.13,74200,5559027
603026.SH,2026-03-17 13:05:00,75.15,75.43,74.9,74.9,75300,5668690
603026.SH,2026-03-17 13:06:00,74.9,75.1,74.69,74.87,9800,733556
603026.SH,2026-03-17 13:07:00,74.73,74.87,74.58,74.58,23400,1747476
603026.SH,2026-03-17 13:08:00,74.58,74.63,74.41,74.45,20800,1550286
603026.SH,2026-03-17 13:09:00,74.45,74.67,74.28,74.54,22200,1651371
603026.SH,2026-03-17 13:10:00,74.54,74.66,74.39,74.39,37700,2808642
603026.SH,2026-03-17 13:11:00,74.39,74.47,74.38,74.44,19000,1414110
603026.SH,2026-03-17 13:12:00,74.45,74.45,74.31,74.31,22000,1636216
603026.SH,2026-03-17 13:13:00,74.35,74.51,74.31,74.51,29000,2157668
603026.SH,2026-03-17 13:14:00,74.6,74.6,74.53,74.53,15300,1140815
603026.SH,2026-03-17 13:15:00,74.53,74.55,74.45,74.45,11500,856890
603026.SH,2026-03-17 13:16:00,74.45,74.6,74.39,74.6,42800,3186370
603026.SH,2026-03-17 13:17:00,74.6,74.69,74.51,74.57,20500,1529041
603026.SH,2026-03-17 13:18:00,74.64,74.66,74.63,74.63,18800,1403183
603026.SH,2026-03-17 13:19:00,74.61,74.61,74.5,74.57,16300,1215303
603026.SH,2026-03-17 13:20:00,74.48,74.76,74.48,74.62,31000,2311799
603026.SH,2026-03-17 13:21:00,74.71,74.75,74.62,74.62,14100,1053344
603026.SH,2026-03-17 13:22:00,74.62,74.63,74.47,74.47,26800,1998540
603026.SH,2026-03-17 13:23:00,74.47,74.47,74.44,74.46,10200,759381
603026.SH,2026-03-17 13:24:00,74.46,74.48,74.45,74.45,7800,580814
603026.SH,2026-03-17 13:25:00,74.45,74.46,74.36,74.36,15600,1160654
603026.SH,2026-03-17 13:26:00,74.38,74.38,74.19,74.2,45500,3381151
603026.SH,2026-03-17 13:27:00,74.2,74.2,74.08,74.08,29300,2172270
603026.SH,2026-03-17 13:28:00,74.09,74.11,74.06,74.06,38000,2815251
603026.SH,2026-03-17 13:29:00,74.04,74.13,73.89,73.89,131500,9734034
603026.SH,2026-03-17 13:30:00,73.89,73.91,73.85,73.9,24200,1787814
603026.SH,2026-03-17 13:31:00,73.9,73.9,73.85,73.85,29800,2201334
603026.SH,2026-03-17 13:32:00,73.87,74.08,73.87,73.96,74800,5527143
603026.SH,2026-03-17 13:33:00,73.95,74.07,73.92,74.04,27000,1997851
603026.SH,2026-03-17 13:34:00,74.04,74.18,74.03,74.18,6700,496303
603026.SH,2026-03-17 13:35:00,74.18,74.18,73.97,73.97,15300,1133122
603026.SH,2026-03-17 13:36:00,73.97,73.97,73.91,73.91,27200,2011120
603026.SH,2026-03-17 13:37:00,73.93,73.95,73.71,73.71,40200,2969976
603026.SH,2026-03-17 13:38:00,73.76,73.96,73.76,73.82,20800,1536342
603026.SH,2026-03-17 13:39:00,73.82,73.84,73.82,73.82,14500,1070680
603026.SH,2026-03-17 13:40:00,73.81,73.81,73.74,73.76,13000,959050
603026.SH,2026-03-17 13:41:00,73.77,73.77,73.63,73.74,53800,3965324
603026.SH,2026-03-17 13:42:00,73.66,73.78,73.66,73.73,46800,3450177
603026.SH,2026-03-17 13:43:00,73.73,73.73,73.6,73.6,39000,2872192
603026.SH,2026-03-17 13:44:00,73.67,73.79,73.67,73.78,37800,2785481
603026.SH,2026-03-17 13:45:00,73.83,73.83,73.65,73.65,44700,3294935
603026.SH,2026-03-17 13:46:00,73.7,73.7,73.57,73.61,49100,3614772
603026.SH,2026-03-17 13:47:00,73.64,73.72,73.45,73.46,49600,3647453
603026.SH,2026-03-17 13:48:00,73.45,73.45,73.36,73.36,21500,1578550
603026.SH,2026-03-17 13:49:00,73.39,73.6,73.38,73.55,78200,5744217
603026.SH,2026-03-17 13:50:00,73.61,73.61,73.44,73.45,53000,3893336
603026.SH,2026-03-17 13:51:00,73.45,73.51,73.44,73.47,12200,896449
603026.SH,2026-03-17 13:52:00,73.47,73.79,73.47,73.77,42300,3113038
603026.SH,2026-03-17 13:53:00,73.77,73.79,73.6,73.6,12400,913622
603026.SH,2026-03-17 13:54:00,73.56,73.59,73.45,73.45,20200,1484690
603026.SH,2026-03-17 13:55:00,73.47,73.6,73.47,73.6,18300,1345935
603026.SH,2026-03-17 13:56:00,73.67,73.71,73.5,73.6,42400,3119335
603026.SH,2026-03-17 13:57:00,73.6,73.62,73.41,73.41,40200,2956476
603026.SH,2026-03-17 13:58:00,73.41,73.52,73.41,73.45,36600,2688013
603026.SH,2026-03-17 13:59:00,73.42,73.53,73.4,73.4,22200,1631162
603026.SH,2026-03-17 14:00:00,73.41,73.62,73.4,73.4,26300,1931423
603026.SH,2026-03-17 14:01:00,73.41,73.59,73.4,73.47,24100,1769798
603026.SH,2026-03-17 14:02:00,73.46,73.7,73.44,73.7,22800,1677048
603026.SH,2026-03-17 14:03:00,73.69,73.71,73.57,73.69,21900,1612884
603026.SH,2026-03-17 14:04:00,73.68,73.68,73.41,73.41,35700,2624592
603026.SH,2026-03-17 14:05:00,73.45,73.7,73.45,73.6,34417,2533123
603026.SH,2026-03-17 14:06:00,73.51,73.56,73.5,73.52,14600,1073571
603026.SH,2026-03-17 14:07:00,73.53,73.65,73.45,73.48,43400,3190683
603026.SH,2026-03-17 14:08:00,73.48,73.68,73.48,73.64,27200,2002362
603026.SH,2026-03-17 14:09:00,73.71,73.75,73.6,73.75,36000,2651842
603026.SH,2026-03-17 14:10:00,73.75,73.75,73.65,73.65,6000,442138
603026.SH,2026-03-17 14:11:00,73.71,73.71,73.5,73.53,37400,2751307
603026.SH,2026-03-17 14:12:00,73.53,73.68,73.52,73.67,4800,353332
603026.SH,2026-03-17 14:13:00,73.69,73.74,73.61,73.72,99400,7315898
603026.SH,2026-03-17 14:14:00,73.51,73.71,73.51,73.61,33200,2444891
603026.SH,2026-03-17 14:15:00,73.71,73.71,73.6,73.69,11800,869062
603026.SH,2026-03-17 14:16:00,73.68,73.69,73.6,73.6,24500,1803679
603026.SH,2026-03-17 14:17:00,73.72,73.88,73.68,73.86,27100,1998619
603026.SH,2026-03-17 14:18:00,73.87,73.89,73.71,73.76,21400,1578214
603026.SH,2026-03-17 14:19:00,73.69,73.69,73.54,73.6,20900,1539455
603026.SH,2026-03-17 14:20:00,73.6,73.6,73.53,73.54,14500,1066513
603026.SH,2026-03-17 14:21:00,73.54,73.65,73.52,73.65,12900,949002
603026.SH,2026-03-17 14:22:00,73.63,73.63,73.51,73.53,32600,2397839
603026.SH,2026-03-17 14:23:00,73.54,73.54,73.49,73.51,35700,2624058
603026.SH,2026-03-17 14:24:00,73.5,73.5,73.45,73.45,15200,1116880
603026.SH,2026-03-17 14:25:00,73.5,73.6,73.48,73.55,33100,2432673
603026.SH,2026-03-17 14:26:00,73.55,73.6,73.48,73.5,32700,2403265
603026.SH,2026-03-17 14:27:00,73.49,73.53,73.47,73.53,30100,2213879
603026.SH,2026-03-17 14:28:00,73.52,73.62,73.51,73.59,11600,853198
603026.SH,2026-03-17 14:29:00,73.55,73.6,73.47,73.47,30400,2235520
603026.SH,2026-03-17 14:30:00,73.48,73.49,73.48,73.49,5500,404166
603026.SH,2026-03-17 14:31:00,73.49,73.49,73.37,73.41,35800,2628140
603026.SH,2026-03-17 14:32:00,73.5,73.52,73.36,73.48,29400,2158815
603026.SH,2026-03-17 14:33:00,73.47,73.47,73.43,73.44,6300,462814
603026.SH,2026-03-17 14:34:00,73.46,73.7,73.46,73.7,34600,2544848
603026.SH,2026-03-17 14:35:00,73.69,73.69,73.43,73.45,34600,2544091
603026.SH,2026-03-17 14:36:00,73.47,73.49,73.45,73.47,10000,734632
603026.SH,2026-03-17 14:37:00,73.47,73.62,73.46,73.62,16200,1190833
603026.SH,2026-03-17 14:38:00,73.65,73.69,73.6,73.67,13000,957407
603026.SH,2026-03-17 14:39:00,73.64,73.66,73.57,73.57,23900,1759489
603026.SH,2026-03-17 14:40:00,73.58,73.63,73.54,73.57,19400,1427519
603026.SH,2026-03-17 14:41:00,73.57,73.61,73.53,73.57,43400,3193328
603026.SH,2026-03-17 14:42:00,73.58,73.63,73.55,73.63,23300,1714434
603026.SH,2026-03-17 14:43:00,73.59,73.63,73.58,73.58,35000,2576337
603026.SH,2026-03-17 14:44:00,73.58,73.58,73.4,73.4,51900,3813074
603026.SH,2026-03-17 14:45:00,73.44,73.45,73.39,73.41,35762,2625723
603026.SH,2026-03-17 14:46:00,73.44,73.59,73.44,73.48,39600,2908761
603026.SH,2026-03-17 14:47:00,73.49,73.53,73.48,73.5,16100,1183247
603026.SH,2026-03-17 14:48:00,73.49,73.51,73.46,73.49,45800,3365815
603026.SH,2026-03-17 14:49:00,73.49,73.61,73.46,73.52,48400,3559131
603026.SH,2026-03-17 14:50:00,73.53,73.53,73.5,73.51,23100,1698005
603026.SH,2026-03-17 14:51:00,73.51,73.56,73.5,73.5,59600,4381342
603026.SH,2026-03-17 14:52:00,73.52,73.52,73.43,73.43,30200,2219354
603026.SH,2026-03-17 14:53:00,73.43,73.43,73.3,73.33,62600,4591880
603026.SH,2026-03-17 14:54:00,73.31,73.36,73.28,73.36,78200,5731402
603026.SH,2026-03-17 14:55:00,73.36,73.39,73.17,73.18,60800,4453066
603026.SH,2026-03-17 14:56:00,73.18,73.22,73.17,73.19,67200,4919103
603026.SH,2026-03-17 14:57:00,73.2,73.2,73.01,73.18,138805,10139636
603026.SH,2026-03-17 14:58:00,73.2,73.2,73.2,73.2,3100,226886
603026.SH,2026-03-17 14:59:00,73.2,73.2,73.2,73.2,0,0
603026.SH,2026-03-17 15:00:00,73.65,73.65,73.65,73.65,131700,9699705
603026.SH,2026-03-18 09:30:00,72.67,72.9,72.67,72.9,74400,5406790
603026.SH,2026-03-18 09:31:00,72.9,73.62,72.1,72.66,451900,32943772
603026.SH,2026-03-18 09:32:00,72.6,72.6,71.61,72.0,408900,29429070
603026.SH,2026-03-18 09:33:00,72.0,72.02,71.15,72.02,279100,19982688
603026.SH,2026-03-18 09:34:00,72.02,72.77,72.02,72.44,302800,21888252
603026.SH,2026-03-18 09:35:00,72.41,72.44,71.68,71.77,138700,10001501
603026.SH,2026-03-18 09:36:00,71.76,71.77,71.46,71.57,215000,15400993
603026.SH,2026-03-18 09:37:00,71.5,71.91,71.5,71.91,147700,10575899
603026.SH,2026-03-18 09:38:00,71.79,72.23,71.58,71.58,175000,12596736
603026.SH,2026-03-18 09:39:00,71.58,71.58,71.26,71.27,161200,11517712
603026.SH,2026-03-18 09:40:00,71.48,71.48,71.3,71.46,148700,10611206
603026.SH,2026-03-18 09:41:00,71.53,71.99,71.41,71.68,131300,9408673
603026.SH,2026-03-18 09:42:00,71.7,71.7,71.42,71.56,119600,8553933
603026.SH,2026-03-18 09:43:00,71.58,71.72,71.37,71.37,133100,9524367
603026.SH,2026-03-18 09:44:00,71.5,73.0,71.48,73.0,248200,17910304
603026.SH,2026-03-18 09:45:00,73.04,73.2,72.85,73.2,227700,16629720
603026.SH,2026-03-18 09:46:00,73.2,73.2,72.4,72.4,74400,5420299
603026.SH,2026-03-18 09:47:00,72.37,72.37,72.1,72.15,48100,3476246
603026.SH,2026-03-18 09:48:00,72.15,72.18,72.0,72.0,42500,3063621
603026.SH,2026-03-18 09:49:00,71.85,71.91,71.74,71.8,71600,5145166
603026.SH,2026-03-18 09:50:00,71.8,72.15,71.8,72.02,72700,5232522
603026.SH,2026-03-18 09:51:00,72.06,72.7,72.03,72.68,37500,2711401
603026.SH,2026-03-18 09:52:00,72.7,72.7,72.16,72.48,56600,4102075
603026.SH,2026-03-18 09:53:00,72.47,72.7,72.42,72.7,55300,4008972
603026.SH,2026-03-18 09:54:00,72.8,73.25,72.8,73.1,165500,12088155
603026.SH,2026-03-18 09:55:00,72.92,73.3,72.92,73.0,107500,7865520
603026.SH,2026-03-18 09:56:00,72.84,73.0,72.5,72.5,40900,2972898
603026.SH,2026-03-18 09:57:00,72.51,72.59,72.51,72.51,27000,1958869
603026.SH,2026-03-18 09:58:00,72.52,72.59,72.32,72.32,26500,1922126
603026.SH,2026-03-18 09:59:00,72.32,72.51,72.32,72.41,38700,2801121
603026.SH,2026-03-18 10:00:00,72.43,72.48,72.34,72.48,53900,3904802
603026.SH,2026-03-18 10:01:00,72.46,72.5,72.4,72.4,33700,2441221
603026.SH,2026-03-18 10:02:00,72.39,72.39,72.18,72.24,40700,2941132
603026.SH,2026-03-18 10:03:00,72.2,72.2,71.9,71.9,54100,3898127
603026.SH,2026-03-18 10:04:00,71.9,72.11,71.89,72.11,74100,5335561
603026.SH,2026-03-18 10:05:00,72.03,72.03,71.58,71.58,66900,4807845
603026.SH,2026-03-18 10:06:00,71.55,71.72,71.54,71.61,109100,7807030
603026.SH,2026-03-18 10:07:00,71.6,71.6,71.37,71.37,102000,7296075
603026.SH,2026-03-18 10:08:00,71.37,71.43,71.3,71.38,55300,3946508
603026.SH,2026-03-18 10:09:00,71.38,71.75,71.38,71.62,40300,2880647
603026.SH,2026-03-18 10:10:00,71.62,71.75,71.6,71.71,42125,3017345
603026.SH,2026-03-18 10:11:00,71.7,71.71,71.64,71.64,16600,1189659
603026.SH,2026-03-18 10:12:00,71.65,71.65,71.43,71.5,37100,2655620
603026.SH,2026-03-18 10:13:00,71.51,71.8,71.5,71.73,35283,2528911
603026.SH,2026-03-18 10:14:00,71.69,71.85,71.66,71.8,22700,1629641
603026.SH,2026-03-18 10:15:00,71.85,71.86,71.8,71.81,32100,2305745
603026.SH,2026-03-18 10:16:00,71.87,72.25,71.87,72.25,21600,1556824
603026.SH,2026-03-18 10:17:00,72.21,72.29,72.1,72.29,28000,2022107
603026.SH,2026-03-18 10:18:00,72.36,72.6,72.3,72.58,60400,4376257
603026.SH,2026-03-18 10:19:00,72.57,72.73,72.57,72.66,39900,2898731
603026.SH,2026-03-18 10:20:00,72.62,72.63,72.5,72.52,56300,4085877
603026.SH,2026-03-18 10:21:00,72.51,72.69,72.48,72.48,51600,3745256
603026.SH,2026-03-18 10:22:00,72.41,72.51,72.22,72.45,20800,1505087
603026.SH,2026-03-18 10:23:00,72.38,72.38,72.15,72.15,14800,1069534
603026.SH,2026-03-18 10:24:00,72.14,72.17,71.97,71.98,31000,2233250
603026.SH,2026-03-18 10:25:00,71.99,72.22,71.99,72.22,16800,1210460
603026.SH,2026-03-18 10:26:00,72.21,72.21,71.5,71.63,74300,5334085
603026.SH,2026-03-18 10:27:00,71.58,71.75,71.54,71.54,35900,2570235
603026.SH,2026-03-18 10:28:00,71.61,71.76,71.5,71.54,47900,3429114
603026.SH,2026-03-18 10:29:00,71.57,71.62,71.52,71.6,18400,1316852
603026.SH,2026-03-18 10:30:00,71.6,71.61,71.36,71.36,96000,6858519
603026.SH,2026-03-18 10:31:00,71.41,71.52,71.38,71.51,42000,3001291
603026.SH,2026-03-18 10:32:00,71.5,71.75,71.5,71.7,13800,988451
603026.SH,2026-03-18 10:33:00,71.67,71.75,71.61,71.71,18800,1347652
603026.SH,2026-03-18 10:34:00,71.71,71.71,71.55,71.61,32300,2313240
603026.SH,2026-03-18 10:35:00,71.63,71.76,71.63,71.71,43300,3103628
603026.SH,2026-03-18 10:36:00,71.76,71.79,71.71,71.76,9600,688817
603026.SH,2026-03-18 10:37:00,71.77,71.77,71.69,71.69,15300,1097594
603026.SH,2026-03-18 10:38:00,71.71,71.76,71.67,71.71,14400,1032991
603026.SH,2026-03-18 10:39:00,71.7,71.76,71.51,71.51,11400,816814
603026.SH,2026-03-18 10:40:00,71.51,71.63,71.51,71.63,32700,2339517
603026.SH,2026-03-18 10:41:00,71.64,71.67,71.53,71.67,28000,2003817
603026.SH,2026-03-18 10:42:00,71.57,71.57,71.51,71.54,25800,1845634
603026.SH,2026-03-18 10:43:00,71.56,71.6,71.52,71.52,5600,400747
603026.SH,2026-03-18 10:44:00,71.51,71.58,71.5,71.55,33100,2367344
603026.SH,2026-03-18 10:45:00,71.55,71.55,71.4,71.41,23300,1665290
603026.SH,2026-03-18 10:46:00,71.4,71.44,71.39,71.44,29800,2127887
603026.SH,2026-03-18 10:47:00,71.4,71.46,71.39,71.44,28200,2013959
603026.SH,2026-03-18 10:48:00,71.45,71.45,71.33,71.33,18900,1348868
603026.SH,2026-03-18 10:49:00,71.33,71.37,71.32,71.37,38000,2711189
603026.SH,2026-03-18 10:50:00,71.4,71.45,71.38,71.4,7200,514183
603026.SH,2026-03-18 10:51:00,71.5,71.5,71.4,71.4,15600,1114488
603026.SH,2026-03-18 10:52:00,71.41,71.42,71.31,71.32,43200,3083689
603026.SH,2026-03-18 10:53:00,71.31,71.31,71.28,71.28,32000,2281573
603026.SH,2026-03-18 10:54:00,71.26,71.26,71.09,71.09,93900,6683609
603026.SH,2026-03-18 10:55:00,71.09,71.09,70.91,70.91,100500,7136178
603026.SH,2026-03-18 10:56:00,70.95,71.05,70.89,71.02,81400,5775451
603026.SH,2026-03-18 10:57:00,71.04,71.08,70.98,70.98,27800,1974349
603026.SH,2026-03-18 10:58:00,71.0,71.06,70.99,70.99,28900,2052533
603026.SH,2026-03-18 10:59:00,70.98,71.0,70.92,71.0,43500,3087065
603026.SH,2026-03-18 11:00:00,70.99,71.12,70.99,71.12,17600,1250396
603026.SH,2026-03-18 11:01:00,71.12,71.35,71.12,71.35,22600,1610489
603026.SH,2026-03-18 11:02:00,71.36,71.56,71.36,71.56,18600,1330093
603026.SH,2026-03-18 11:03:00,71.57,71.57,71.4,71.45,28300,2022093
603026.SH,2026-03-18 11:04:00,71.45,71.51,71.44,71.44,11700,836235
603026.SH,2026-03-18 11:05:00,71.4,71.4,71.31,71.31,5300,378225
603026.SH,2026-03-18 11:06:00,71.3,71.36,71.28,71.33,19400,1383264
603026.SH,2026-03-18 11:07:00,71.27,71.31,71.22,71.31,8800,627127
603026.SH,2026-03-18 11:08:00,71.3,71.37,71.27,71.3,8300,591825
603026.SH,2026-03-18 11:09:00,71.34,71.5,71.34,71.5,24200,1728892
603026.SH,2026-03-18 11:10:00,71.51,71.55,71.29,71.33,16200,1157604
603026.SH,2026-03-18 11:11:00,71.34,71.6,71.34,71.58,16200,1158697
603026.SH,2026-03-18 11:12:00,71.58,71.58,71.47,71.48,3100,221705
603026.SH,2026-03-18 11:13:00,71.48,71.51,71.47,71.5,9400,671952
603026.SH,2026-03-18 11:14:00,71.5,71.55,71.5,71.55,3800,271824
603026.SH,2026-03-18 11:15:00,71.55,71.56,71.4,71.52,21400,1529593
603026.SH,2026-03-18 11:16:00,71.52,71.7,71.52,71.7,32500,2327249
603026.SH,2026-03-18 11:17:00,71.7,71.86,71.67,71.86,28700,2059945
603026.SH,2026-03-18 11:18:00,71.76,71.92,71.76,71.78,24600,1768292
603026.SH,2026-03-18 11:19:00,71.77,71.77,71.59,71.66,9300,666863
603026.SH,2026-03-18 11:20:00,71.66,71.77,71.64,71.75,13800,989837
603026.SH,2026-03-18 11:21:00,71.73,71.75,71.6,71.62,14500,1039268
603026.SH,2026-03-18 11:22:00,71.72,71.72,71.62,71.71,8400,601795
603026.SH,2026-03-18 11:23:00,71.75,71.75,71.56,71.6,7500,537185
603026.SH,2026-03-18 11:24:00,71.62,71.7,71.6,71.62,17700,1267659
603026.SH,2026-03-18 11:25:00,71.65,71.7,71.54,71.62,13200,945407
603026.SH,2026-03-18 11:26:00,71.62,71.64,71.57,71.62,6400,458380
603026.SH,2026-03-18 11:27:00,71.45,71.54,71.42,71.5,16600,1186296
603026.SH,2026-03-18 11:28:00,71.6,71.76,71.51,71.72,28400,2034530
603026.SH,2026-03-18 11:29:00,71.8,71.8,71.66,71.67,3900,279700
603026.SH,2026-03-18 11:30:00,71.61,71.75,71.52,71.75,40300,2886282
603026.SH,2026-03-18 13:01:00,71.65,71.83,71.5,71.52,51500,3689673
603026.SH,2026-03-18 13:02:00,71.5,71.79,71.5,71.79,53300,3816689
603026.SH,2026-03-18 13:03:00,71.69,71.79,71.67,71.79,8300,595120
603026.SH,2026-03-18 13:04:00,71.77,71.79,71.68,71.79,17300,1241020
603026.SH,2026-03-18 13:05:00,71.8,71.87,71.74,71.85,10300,739534
603026.SH,2026-03-18 13:06:00,71.84,71.84,71.61,71.61,5600,401479
603026.SH,2026-03-18 13:07:00,71.58,71.58,71.48,71.52,10200,729457
603026.SH,2026-03-18 13:08:00,71.52,71.57,71.51,71.51,17900,1280305
603026.SH,2026-03-18 13:09:00,71.5,71.5,71.31,71.35,10400,742390
603026.SH,2026-03-18 13:10:00,71.34,71.41,71.32,71.32,16900,1205844
603026.SH,2026-03-18 13:11:00,71.32,71.32,71.18,71.18,34300,2442434
603026.SH,2026-03-18 13:12:00,71.18,71.29,71.17,71.18,22600,1608727
603026.SH,2026-03-18 13:13:00,71.25,71.25,71.18,71.22,5700,405886
603026.SH,2026-03-18 13:14:00,71.22,71.22,71.16,71.17,12100,861339
603026.SH,2026-03-18 13:15:00,71.18,71.18,71.09,71.11,24800,1763892
603026.SH,2026-03-18 13:16:00,71.11,71.2,71.09,71.2,27200,1934581
603026.SH,2026-03-18 13:17:00,71.22,71.31,71.21,71.3,22300,1588826
603026.SH,2026-03-18 13:18:00,71.33,71.34,71.29,71.33,83100,5918226
603026.SH,2026-03-18 13:19:00,71.3,71.32,71.1,71.1,5200,370143
603026.SH,2026-03-18 13:20:00,71.11,71.14,71.07,71.07,18500,1315372
603026.SH,2026-03-18 13:21:00,71.09,71.17,71.04,71.15,30700,2182799
603026.SH,2026-03-18 13:22:00,71.18,71.19,71.14,71.14,8200,583513
603026.SH,2026-03-18 13:23:00,71.14,71.16,70.95,70.95,60500,4296703
603026.SH,2026-03-18 13:24:00,70.96,70.97,70.88,70.93,62900,4460019
603026.SH,2026-03-18 13:25:00,70.94,70.94,70.91,70.94,15700,1113653
603026.SH,2026-03-18 13:26:00,70.93,70.94,70.88,70.88,28500,2020564
603026.SH,2026-03-18 13:27:00,70.88,70.88,70.83,70.84,24900,1764500
603026.SH,2026-03-18 13:28:00,70.83,70.84,70.79,70.8,38300,2712225
603026.SH,2026-03-18 13:29:00,70.79,70.83,70.73,70.78,43000,3043846
603026.SH,2026-03-18 13:30:00,70.77,70.78,70.7,70.71,55800,3946072
603026.SH,2026-03-18 13:31:00,70.75,70.91,70.71,70.88,24500,1735411
603026.SH,2026-03-18 13:32:00,70.86,70.86,70.6,70.84,74000,5233038
603026.SH,2026-03-18 13:33:00,70.85,70.86,70.81,70.85,10800,765150
603026.SH,2026-03-18 13:34:00,70.84,70.87,70.83,70.84,15500,1098136
603026.SH,2026-03-18 13:35:00,70.85,71.03,70.85,71.0,44611,3162908
603026.SH,2026-03-18 13:36:00,71.0,71.05,70.9,71.02,34000,2411706
603026.SH,2026-03-18 13:37:00,71.09,71.13,71.06,71.1,16600,1180015
603026.SH,2026-03-18 13:38:00,71.12,71.13,71.09,71.11,12189,866677
603026.SH,2026-03-18 13:39:00,71.12,71.13,71.11,71.13,9500,675584
603026.SH,2026-03-18 13:40:00,71.15,71.2,71.12,71.14,24900,1772312
603026.SH,2026-03-18 13:41:00,71.12,71.35,71.11,71.31,16900,1203058
603026.SH,2026-03-18 13:42:00,71.3,71.31,71.22,71.31,9000,641678
603026.SH,2026-03-18 13:43:00,71.31,71.58,71.3,71.58,22500,1607052
603026.SH,2026-03-18 13:44:00,71.4,71.45,71.39,71.43,22700,1622704
603026.SH,2026-03-18 13:45:00,71.42,71.63,71.42,71.63,25000,1789403
603026.SH,2026-03-18 13:46:00,71.65,71.67,71.63,71.65,8900,637602
603026.SH,2026-03-18 13:47:00,71.67,71.67,71.6,71.6,25200,1805339
603026.SH,2026-03-18 13:48:00,71.56,71.56,71.43,71.43,12800,915266
603026.SH,2026-03-18 13:49:00,71.43,71.5,71.41,71.47,21000,1500171
603026.SH,2026-03-18 13:50:00,71.47,71.49,71.46,71.49,15500,1107891
603026.SH,2026-03-18 13:51:00,71.49,71.5,71.35,71.35,21100,1508095
603026.SH,2026-03-18 13:52:00,71.35,71.35,71.2,71.2,16500,1175557
603026.SH,2026-03-18 13:53:00,71.26,71.38,71.25,71.38,30000,2138798
603026.SH,2026-03-18 13:54:00,71.36,71.38,71.29,71.38,13400,955895
603026.SH,2026-03-18 13:55:00,71.38,71.39,71.33,71.36,2400,171296
603026.SH,2026-03-18 13:56:00,71.38,71.38,71.3,71.34,6200,442157
603026.SH,2026-03-18 13:57:00,71.34,71.34,71.28,71.33,14900,1062736
603026.SH,2026-03-18 13:58:00,71.33,71.34,71.33,71.33,8500,606309
603026.SH,2026-03-18 13:59:00,71.37,71.38,71.31,71.33,18100,1291170
603026.SH,2026-03-18 14:00:00,71.38,71.38,71.33,71.34,8600,613634
603026.SH,2026-03-18 14:01:00,71.33,71.45,71.33,71.45,17700,1263393
603026.SH,2026-03-18 14:02:00,71.46,71.46,71.3,71.34,36800,2625533
603026.SH,2026-03-18 14:03:00,71.34,71.37,71.25,71.26,48800,3478937
603026.SH,2026-03-18 14:04:00,71.28,71.43,71.28,71.43,22100,1577187
603026.SH,2026-03-18 14:05:00,71.45,71.5,71.42,71.43,14200,1014693
603026.SH,2026-03-18 14:06:00,71.43,71.5,71.43,71.47,17100,1222035
603026.SH,2026-03-18 14:07:00,71.47,71.49,71.4,71.48,10200,729004
603026.SH,2026-03-18 14:08:00,71.48,71.48,71.42,71.43,8800,628805
603026.SH,2026-03-18 14:09:00,71.46,71.48,71.43,71.48,6700,478825
603026.SH,2026-03-18 14:10:00,71.49,71.54,71.44,71.44,21900,1565436
603026.SH,2026-03-18 14:11:00,71.43,71.44,71.42,71.42,10100,721386
603026.SH,2026-03-18 14:12:00,71.43,71.46,71.42,71.44,12300,878604
603026.SH,2026-03-18 14:13:00,71.44,71.44,71.35,71.4,13700,978235
603026.SH,2026-03-18 14:14:00,71.35,71.41,71.33,71.33,3400,242676
603026.SH,2026-03-18 14:15:00,71.35,71.35,71.3,71.31,9100,648977
603026.SH,2026-03-18 14:16:00,71.31,71.41,71.3,71.41,18100,1291162
603026.SH,2026-03-18 14:17:00,71.41,71.48,71.3,71.48,16100,1149459
603026.SH,2026-03-18 14:18:00,71.49,71.49,71.41,71.42,12800,914889
603026.SH,2026-03-18 14:19:00,71.46,71.46,71.43,71.46,9500,678796
603026.SH,2026-03-18 14:20:00,71.46,71.51,71.46,71.51,20500,1465397
603026.SH,2026-03-18 14:21:00,71.53,71.6,71.51,71.52,18300,1309368
603026.SH,2026-03-18 14:22:00,71.54,71.57,71.54,71.54,10200,729810
603026.SH,2026-03-18 14:23:00,71.54,71.57,71.52,71.53,13800,987155
603026.SH,2026-03-18 14:24:00,71.53,71.58,71.51,71.58,158700,11312694
603026.SH,2026-03-18 14:25:00,71.61,71.61,71.51,71.61,42800,3064123
603026.SH,2026-03-18 14:26:00,71.62,71.66,71.62,71.65,34400,2464526
603026.SH,2026-03-18 14:27:00,71.66,71.7,71.65,71.7,16600,1189581
603026.SH,2026-03-18 14:28:00,71.68,71.69,71.68,71.69,10000,716874
603026.SH,2026-03-18 14:29:00,71.68,71.73,71.68,71.73,12300,881858
603026.SH,2026-03-18 14:30:00,71.73,71.75,71.69,71.7,15300,1097284
603026.SH,2026-03-18 14:31:00,71.69,71.69,71.54,71.54,44000,3152571
603026.SH,2026-03-18 14:32:00,71.52,71.62,71.45,71.53,34800,2488267
603026.SH,2026-03-18 14:33:00,71.53,71.53,71.41,71.46,13900,993626
603026.SH,2026-03-18 14:34:00,71.5,71.7,71.5,71.69,68400,4895563
603026.SH,2026-03-18 14:35:00,71.68,71.74,71.66,71.74,20600,1477121
603026.SH,2026-03-18 14:36:00,71.74,71.74,71.68,71.7,11200,803097
603026.SH,2026-03-18 14:37:00,71.7,71.7,71.6,71.6,8600,616317
603026.SH,2026-03-18 14:38:00,71.58,71.6,71.53,71.57,15500,1109044
603026.SH,2026-03-18 14:39:00,71.57,71.57,71.51,71.52,25400,1816632
603026.SH,2026-03-18 14:40:00,71.56,71.56,71.51,71.52,15400,1101477
603026.SH,2026-03-18 14:41:00,71.51,71.6,71.49,71.6,18400,1316734
603026.SH,2026-03-18 14:42:00,71.6,71.66,71.6,71.64,15100,1081385
603026.SH,2026-03-18 14:43:00,71.64,71.65,71.59,71.59,16000,1145863
603026.SH,2026-03-18 14:44:00,71.59,71.65,71.59,71.64,31000,2219935
603026.SH,2026-03-18 14:45:00,71.6,71.75,71.6,71.71,55900,4007032
603026.SH,2026-03-18 14:46:00,71.74,71.82,71.71,71.81,36000,2583666
603026.SH,2026-03-18 14:47:00,71.8,71.85,71.71,71.8,38100,2735463
603026.SH,2026-03-18 14:48:00,71.8,71.88,71.8,71.88,24284,1744116
603026.SH,2026-03-18 14:49:00,71.89,71.89,71.83,71.85,14400,1034819
603026.SH,2026-03-18 14:50:00,71.85,71.86,71.8,71.8,21500,1544254
603026.SH,2026-03-18 14:51:00,71.8,71.86,71.8,71.85,35700,2564314
603026.SH,2026-03-18 14:52:00,71.85,71.88,71.81,71.88,38000,2730502
603026.SH,2026-03-18 14:53:00,71.88,71.9,71.83,71.83,30600,2199160
603026.SH,2026-03-18 14:54:00,71.83,71.85,71.79,71.8,54616,3921647
603026.SH,2026-03-18 14:55:00,71.81,71.95,71.79,71.87,85684,6157384
603026.SH,2026-03-18 14:56:00,71.88,71.88,71.64,71.65,51100,3666405
603026.SH,2026-03-18 14:57:00,71.65,71.66,71.51,71.6,76600,5481212
603026.SH,2026-03-18 14:58:00,71.6,71.6,71.6,71.6,0,0
603026.SH,2026-03-18 14:59:00,71.6,71.6,71.6,71.6,0,0
603026.SH,2026-03-18 15:00:00,71.7,71.7,71.7,71.7,87900,6302430
603026.SH,2026-03-19 09:30:00,71.14,71.14,71.14,71.14,59128,4206366
603026.SH,2026-03-19 09:31:00,71.0,71.9,70.89,70.89,331000,23650500
603026.SH,2026-03-19 09:32:00,70.88,71.18,70.51,70.9,293300,20781484
603026.SH,2026-03-19 09:33:00,71.0,71.27,70.61,70.8,101800,7221638
603026.SH,2026-03-19 09:34:00,70.8,70.8,70.3,70.5,107800,7610132
603026.SH,2026-03-19 09:35:00,70.28,70.59,70.02,70.16,232205,16313246
603026.SH,2026-03-19 09:36:00,70.14,70.28,70.0,70.05,160400,11250063
603026.SH,2026-03-19 09:37:00,70.16,70.3,70.16,70.18,135300,9497987
603026.SH,2026-03-19 09:38:00,70.1,70.46,70.1,70.46,115400,8099399
603026.SH,2026-03-19 09:39:00,70.5,70.87,70.42,70.71,112300,7934014
603026.SH,2026-03-19 09:40:00,70.73,70.95,70.5,70.64,81700,5772230
603026.SH,2026-03-19 09:41:00,70.5,70.5,69.9,69.91,126900,8899616
603026.SH,2026-03-19 09:42:00,69.91,70.27,69.8,70.25,61800,4329581
603026.SH,2026-03-19 09:43:00,70.3,70.37,70.05,70.37,62500,4386893
603026.SH,2026-03-19 09:44:00,70.5,71.13,70.45,71.13,87400,6191075
603026.SH,2026-03-19 09:45:00,71.04,71.11,70.82,71.11,101000,7169398
603026.SH,2026-03-19 09:46:00,71.07,71.7,70.97,71.43,161300,11530453
603026.SH,2026-03-19 09:47:00,71.45,71.76,71.45,71.76,116400,8337532
603026.SH,2026-03-19 09:48:00,71.72,71.72,71.13,71.13,60500,4322510
603026.SH,2026-03-19 09:49:00,71.08,71.37,71.0,71.26,86800,6172853
603026.SH,2026-03-19 09:50:00,71.28,71.66,71.26,71.66,77800,5549284
603026.SH,2026-03-19 09:51:00,71.66,71.66,71.33,71.33,42700,3053040
603026.SH,2026-03-19 09:52:00,71.25,71.72,71.2,71.72,74400,5314361
603026.SH,2026-03-19 09:53:00,71.7,71.72,71.35,71.47,49400,3535808
603026.SH,2026-03-19 09:54:00,71.4,71.45,71.18,71.22,25900,1846873
603026.SH,2026-03-19 09:55:00,71.16,71.36,71.16,71.24,39900,2841624
603026.SH,2026-03-19 09:56:00,71.16,71.17,70.98,70.98,25100,1784554
603026.SH,2026-03-19 09:57:00,70.94,71.43,70.85,71.43,20800,1476763
603026.SH,2026-03-19 09:58:00,71.44,71.47,70.97,70.97,39000,2776771
603026.SH,2026-03-19 09:59:00,70.91,71.02,70.77,70.8,40800,2889923
603026.SH,2026-03-19 10:00:00,70.8,70.8,70.2,70.2,63700,4488996
603026.SH,2026-03-19 10:01:00,70.23,70.65,70.23,70.59,50100,3530412
603026.SH,2026-03-19 10:02:00,70.53,70.56,70.48,70.53,34600,2440136
603026.SH,2026-03-19 10:03:00,70.53,70.64,70.53,70.64,14100,994827
603026.SH,2026-03-19 10:04:00,70.64,70.97,70.64,70.88,30300,2146350
603026.SH,2026-03-19 10:05:00,70.89,71.0,70.88,71.0,19100,1354872
603026.SH,2026-03-19 10:06:00,70.95,71.0,70.72,70.72,43900,3103634
603026.SH,2026-03-19 10:07:00,70.73,70.73,70.58,70.68,28200,1991324
603026.SH,2026-03-19 10:08:00,70.59,70.68,70.4,70.4,18600,1312106
603026.SH,2026-03-19 10:09:00,70.39,70.46,70.3,70.46,12600,886659
603026.SH,2026-03-19 10:10:00,70.46,70.46,70.21,70.21,37800,2657725
603026.SH,2026-03-19 10:11:00,70.2,70.25,70.09,70.15,28100,1971394
603026.SH,2026-03-19 10:12:00,70.1,70.18,70.1,70.13,20400,1430545
603026.SH,2026-03-19 10:13:00,70.13,70.13,70.01,70.09,41900,2936452
603026.SH,2026-03-19 10:14:00,70.07,70.07,69.95,70.03,101200,7084100
603026.SH,2026-03-19 10:15:00,69.95,70.0,69.93,69.97,24800,1734852
603026.SH,2026-03-19 10:16:00,69.96,70.04,69.96,69.97,48600,3401416
603026.SH,2026-03-19 10:17:00,69.97,69.97,69.9,69.92,37100,2594351
603026.SH,2026-03-19 10:18:00,69.95,69.97,69.81,69.97,70800,4947909
603026.SH,2026-03-19 10:19:00,69.97,70.06,69.97,70.06,31500,2205739
603026.SH,2026-03-19 10:20:00,70.03,70.04,69.82,69.82,35400,2476640
603026.SH,2026-03-19 10:21:00,69.84,70.09,69.83,70.04,21100,1476590
603026.SH,2026-03-19 10:22:00,70.04,70.04,69.9,69.94,29300,2050956
603026.SH,2026-03-19 10:23:00,69.94,70.04,69.86,70.04,90900,6355470
603026.SH,2026-03-19 10:24:00,70.04,70.15,69.75,69.8,155500,10867542
603026.SH,2026-03-19 10:25:00,69.75,69.76,69.62,69.62,53200,3708207
603026.SH,2026-03-19 10:26:00,69.63,69.68,69.6,69.6,47100,3279108
603026.SH,2026-03-19 10:27:00,69.6,69.6,69.45,69.48,50700,3524663
603026.SH,2026-03-19 10:28:00,69.48,69.5,69.43,69.5,46100,3202966
603026.SH,2026-03-19 10:29:00,69.56,69.73,69.56,69.73,38700,2694932
603026.SH,2026-03-19 10:30:00,69.74,69.9,69.73,69.9,14000,977400
603026.SH,2026-03-19 10:31:00,69.82,70.09,69.82,70.09,14100,986445
603026.SH,2026-03-19 10:32:00,70.05,70.09,69.8,70.04,22300,1560996
603026.SH,2026-03-19 10:33:00,70.07,70.15,70.05,70.07,19600,1374060
603026.SH,2026-03-19 10:34:00,70.07,70.1,69.8,69.8,15600,1090446
603026.SH,2026-03-19 10:35:00,69.8,69.8,69.58,69.6,30900,2154903
603026.SH,2026-03-19 10:36:00,69.58,69.62,69.47,69.62,60300,4192298
603026.SH,2026-03-19 10:37:00,69.56,69.75,69.56,69.58,34900,2429503
603026.SH,2026-03-19 10:38:00,69.58,69.61,69.43,69.43,46700,3248939
603026.SH,2026-03-19 10:39:00,69.51,69.74,69.45,69.74,26500,1842129
603026.SH,2026-03-19 10:40:00,69.66,69.76,69.65,69.66,22200,1547188
603026.SH,2026-03-19 10:41:00,69.72,69.86,69.72,69.76,24200,1688865
603026.SH,2026-03-19 10:42:00,69.81,69.91,69.71,69.91,28000,1954694
603026.SH,2026-03-19 10:43:00,69.91,69.99,69.85,69.85,46700,3264399
603026.SH,2026-03-19 10:44:00,69.84,69.93,69.84,69.93,5100,356375
603026.SH,2026-03-19 10:45:00,69.93,69.94,69.7,69.78,12300,859080
603026.SH,2026-03-19 10:46:00,69.7,69.79,69.7,69.79,5100,355658
603026.SH,2026-03-19 10:47:00,69.8,70.0,69.79,70.0,18000,1258858
603026.SH,2026-03-19 10:48:00,69.95,70.01,69.9,69.92,10400,727609
603026.SH,2026-03-19 10:49:00,69.9,70.0,69.9,69.92,7500,524685
603026.SH,2026-03-19 10:50:00,69.92,69.97,69.81,69.86,13500,943916
603026.SH,2026-03-19 10:51:00,69.84,70.03,69.84,70.0,29300,2050138
603026.SH,2026-03-19 10:52:00,69.99,69.99,69.7,69.7,9800,684205
603026.SH,2026-03-19 10:53:00,69.69,69.79,69.68,69.79,13700,954716
603026.SH,2026-03-19 10:54:00,69.68,69.84,69.68,69.84,6800,474493
603026.SH,2026-03-19 10:55:00,69.85,69.85,69.72,69.73,5700,397818
603026.SH,2026-03-19 10:56:00,69.72,69.89,69.71,69.89,17900,1248153
603026.SH,2026-03-19 10:57:00,69.88,69.88,69.76,69.77,11800,823854
603026.SH,2026-03-19 10:58:00,69.76,69.77,69.66,69.66,15500,1080482
603026.SH,2026-03-19 10:59:00,69.65,69.67,69.6,69.67,18700,1301556
603026.SH,2026-03-19 11:00:00,69.67,69.7,69.65,69.69,6600,459798
603026.SH,2026-03-19 11:01:00,69.67,69.99,69.67,69.99,12389,865020
603026.SH,2026-03-19 11:02:00,70.0,70.05,69.97,69.99,11700,818949
603026.SH,2026-03-19 11:03:00,69.98,69.98,69.9,69.93,4400,307694
603026.SH,2026-03-19 11:04:00,69.91,69.94,69.78,69.78,12500,873588
603026.SH,2026-03-19 11:05:00,69.8,69.8,69.7,69.78,7100,495145
603026.SH,2026-03-19 11:06:00,69.78,69.85,69.68,69.68,24211,1687708
603026.SH,2026-03-19 11:07:00,69.68,69.8,69.57,69.6,24700,1720378
603026.SH,2026-03-19 11:08:00,69.59,69.59,69.5,69.54,23700,1648047
603026.SH,2026-03-19 11:09:00,69.54,69.54,69.5,69.54,18300,1272174
603026.SH,2026-03-19 11:10:00,69.56,69.62,69.56,69.57,13900,966979
603026.SH,2026-03-19 11:11:00,69.58,69.6,69.57,69.57,9600,668072
603026.SH,2026-03-19 11:12:00,69.6,69.6,69.54,69.56,9800,681714
603026.SH,2026-03-19 11:13:00,69.56,69.56,69.49,69.49,29600,2057576
603026.SH,2026-03-19 11:14:00,69.5,69.5,69.34,69.36,47800,3318788
603026.SH,2026-03-19 11:15:00,69.35,69.36,69.23,69.24,28800,1996010
603026.SH,2026-03-19 11:16:00,69.2,69.24,69.16,69.24,23600,1632963
603026.SH,2026-03-19 11:17:00,69.2,69.27,69.2,69.27,9500,657795
603026.SH,2026-03-19 11:18:00,69.27,69.4,69.27,69.36,6300,436857
603026.SH,2026-03-19 11:19:00,69.37,69.55,69.37,69.44,8100,562168
603026.SH,2026-03-19 11:20:00,69.43,69.43,69.3,69.31,28800,1997485
603026.SH,2026-03-19 11:21:00,69.3,69.31,69.24,69.27,11400,789868
603026.SH,2026-03-19 11:22:00,69.29,69.29,69.15,69.15,17200,1190560
603026.SH,2026-03-19 11:23:00,69.15,69.16,69.01,69.09,48000,3316178
603026.SH,2026-03-19 11:24:00,69.03,69.1,68.98,69.1,121500,8384325
603026.SH,2026-03-19 11:25:00,69.02,69.03,68.92,68.95,27204,1877276
603026.SH,2026-03-19 11:26:00,68.96,68.96,68.89,68.89,17100,1178609
603026.SH,2026-03-19 11:27:00,68.9,68.94,68.86,68.88,37802,2604264
603026.SH,2026-03-19 11:28:00,68.9,69.05,68.9,69.05,18400,1268891
603026.SH,2026-03-19 11:29:00,69.05,69.08,69.04,69.07,9600,662908
603026.SH,2026-03-19 11:30:00,69.08,69.23,69.07,69.14,28600,1976658
603026.SH,2026-03-19 13:01:00,69.13,69.14,68.71,68.78,87200,6009854
603026.SH,2026-03-19 13:02:00,68.78,68.8,68.65,68.67,40300,2769727
603026.SH,2026-03-19 13:03:00,68.72,68.94,68.72,68.92,14500,998231
603026.SH,2026-03-19 13:04:00,68.92,68.92,68.84,68.89,13600,936914
603026.SH,2026-03-19 13:05:00,68.8,68.83,68.73,68.76,28600,1967550
603026.SH,2026-03-19 13:06:00,68.81,68.81,68.79,68.8,11100,763687
603026.SH,2026-03-19 13:07:00,68.8,68.9,68.79,68.83,39900,2746650
603026.SH,2026-03-19 13:08:00,68.88,68.88,68.84,68.86,9500,654178
603026.SH,2026-03-19 13:09:00,68.87,68.87,68.71,68.71,23500,1617062
603026.SH,2026-03-19 13:10:00,68.6,68.73,68.6,68.71,34100,2342111
603026.SH,2026-03-19 13:11:00,68.71,68.75,68.65,68.74,33800,2322669
603026.SH,2026-03-19 13:12:00,68.75,68.76,68.62,68.62,23700,1628611
603026.SH,2026-03-19 13:13:00,68.64,68.64,68.6,68.6,34200,2346626
603026.SH,2026-03-19 13:14:00,68.6,68.71,68.55,68.71,48300,3313198
603026.SH,2026-03-19 13:15:00,68.71,68.71,68.65,68.67,8800,604439
603026.SH,2026-03-19 13:16:00,68.67,68.67,68.6,68.65,23900,1640621
603026.SH,2026-03-19 13:17:00,68.65,68.65,68.59,68.59,14700,1008554
603026.SH,2026-03-19 13:18:00,68.59,68.68,68.58,68.67,30100,2065404
603026.SH,2026-03-19 13:19:00,68.67,68.67,68.66,68.67,19600,1345859
603026.SH,2026-03-19 13:20:00,68.67,68.83,68.67,68.83,65700,4514783
603026.SH,2026-03-19 13:21:00,68.83,68.85,68.67,68.82,43500,2992042
603026.SH,2026-03-19 13:22:00,68.81,68.82,68.77,68.8,14600,1004479
603026.SH,2026-03-19 13:23:00,68.78,68.79,68.66,68.68,33000,2268796
603026.SH,2026-03-19 13:24:00,68.75,68.83,68.68,68.8,17000,1169091
603026.SH,2026-03-19 13:25:00,68.8,68.83,68.75,68.8,7700,529595
603026.SH,2026-03-19 13:26:00,68.81,68.81,68.62,68.62,27900,1917336
603026.SH,2026-03-19 13:27:00,68.62,68.68,68.59,68.6,14500,994984
603026.SH,2026-03-19 13:28:00,68.58,68.63,68.56,68.63,28800,1975297
603026.SH,2026-03-19 13:29:00,68.6,68.63,68.44,68.48,36100,2473551
603026.SH,2026-03-19 13:30:00,68.47,68.48,68.3,68.48,38800,2653594
603026.SH,2026-03-19 13:31:00,68.47,68.52,68.46,68.5,31900,2184750
603026.SH,2026-03-19 13:32:00,68.49,68.5,68.46,68.47,9400,643748
603026.SH,2026-03-19 13:33:00,68.48,68.68,68.47,68.67,46900,3213645
603026.SH,2026-03-19 13:34:00,68.67,68.72,68.53,68.53,15900,1091418
603026.SH,2026-03-19 13:35:00,68.6,68.6,68.5,68.55,22100,1514084
603026.SH,2026-03-19 13:36:00,68.55,68.55,68.5,68.51,13100,897608
603026.SH,2026-03-19 13:37:00,68.51,68.51,68.47,68.47,14800,1013480
603026.SH,2026-03-19 13:38:00,68.46,68.46,68.32,68.32,20700,1415816
603026.SH,2026-03-19 13:39:00,68.3,68.31,68.14,68.28,38800,2648762
603026.SH,2026-03-19 13:40:00,68.25,68.32,68.24,68.32,26400,1802400
603026.SH,2026-03-19 13:41:00,68.31,68.31,68.25,68.26,12800,874043
603026.SH,2026-03-19 13:42:00,68.26,68.28,68.25,68.26,8300,566552
603026.SH,2026-03-19 13:43:00,68.27,68.33,68.26,68.33,18600,1270164
603026.SH,2026-03-19 13:44:00,68.33,68.33,68.25,68.25,7900,539477
603026.SH,2026-03-19 13:45:00,68.25,68.29,68.17,68.17,74784,5101225
603026.SH,2026-03-19 13:46:00,68.21,68.26,68.19,68.26,18300,1248146
603026.SH,2026-03-19 13:47:00,68.26,68.26,68.21,68.21,13400,914165
603026.SH,2026-03-19 13:48:00,68.26,68.33,68.22,68.28,18600,1270059
603026.SH,2026-03-19 13:49:00,68.28,68.31,68.25,68.26,11100,757731
603026.SH,2026-03-19 13:50:00,68.25,68.25,68.2,68.22,8500,579939
603026.SH,2026-03-19 13:51:00,68.2,68.23,68.1,68.23,80700,5504455
603026.SH,2026-03-19 13:52:00,68.23,68.69,68.23,68.6,26600,1821186
603026.SH,2026-03-19 13:53:00,68.68,68.68,68.41,68.45,39500,2707764
603026.SH,2026-03-19 13:54:00,68.44,68.66,68.44,68.58,10200,699006
603026.SH,2026-03-19 13:55:00,68.58,68.84,68.56,68.79,17800,1222570
603026.SH,2026-03-19 13:56:00,68.85,68.89,68.75,68.79,38600,2657221
603026.SH,2026-03-19 13:57:00,68.75,68.85,68.58,68.66,27900,1917484
603026.SH,2026-03-19 13:58:00,68.56,68.64,68.55,68.64,13500,926036
603026.SH,2026-03-19 13:59:00,68.56,68.68,68.55,68.56,13700,940100
603026.SH,2026-03-19 14:00:00,68.56,68.7,68.56,68.68,8200,562766
603026.SH,2026-03-19 14:01:00,68.61,68.61,68.4,68.5,28000,1918798
603026.SH,2026-03-19 14:02:00,68.52,68.7,68.43,68.7,54240,3714540
603026.SH,2026-03-19 14:03:00,68.7,68.7,68.48,68.65,7400,507625
603026.SH,2026-03-19 14:04:00,68.7,68.81,68.68,68.81,16700,1148334
603026.SH,2026-03-19 14:05:00,68.84,69.1,68.82,69.0,28900,1993644
603026.SH,2026-03-19 14:06:00,69.11,69.11,68.95,69.02,38300,2642687
603026.SH,2026-03-19 14:07:00,69.02,69.12,69.0,69.06,17300,1194165
603026.SH,2026-03-19 14:08:00,69.05,69.05,68.89,68.89,9900,683051
603026.SH,2026-03-19 14:09:00,68.84,68.93,68.67,68.93,25600,1761036
603026.SH,2026-03-19 14:10:00,68.89,69.05,68.79,68.93,12800,882677
603026.SH,2026-03-19 14:11:00,68.98,69.11,68.98,69.09,39300,2714362
603026.SH,2026-03-19 14:12:00,69.09,69.09,68.97,69.01,11100,766487
603026.SH,2026-03-19 14:13:00,69.06,69.09,68.98,69.07,10600,731923
603026.SH,2026-03-19 14:14:00,69.09,69.09,68.92,68.92,18100,1248498
603026.SH,2026-03-19 14:15:00,68.9,68.99,68.9,68.99,17400,1199568
603026.SH,2026-03-19 14:16:00,68.99,68.99,68.8,68.89,21900,1508923
603026.SH,2026-03-19 14:17:00,68.89,68.96,68.89,68.9,5300,365299
603026.SH,2026-03-19 14:18:00,68.9,68.9,68.83,68.83,2200,151503
603026.SH,2026-03-19 14:19:00,68.89,68.89,68.73,68.73,14100,969821
603026.SH,2026-03-19 14:20:00,68.72,68.72,68.61,68.61,27400,1881585
603026.SH,2026-03-19 14:21:00,68.6,68.7,68.58,68.68,106100,7269859
603026.SH,2026-03-19 14:22:00,68.68,68.78,68.0,68.32,143500,9813365
603026.SH,2026-03-19 14:23:00,68.32,68.44,68.32,68.44,66200,4522439
603026.SH,2026-03-19 14:24:00,68.44,68.61,68.41,68.5,28000,1916719
603026.SH,2026-03-19 14:25:00,68.54,68.62,68.53,68.59,8300,569429
603026.SH,2026-03-19 14:26:00,68.58,68.59,68.47,68.47,8000,548364
603026.SH,2026-03-19 14:27:00,68.48,68.52,68.44,68.47,6810,466270
603026.SH,2026-03-19 14:28:00,68.47,68.55,68.43,68.48,28611,1959113
603026.SH,2026-03-19 14:29:00,68.48,68.5,68.48,68.5,7311,500734
603026.SH,2026-03-19 14:30:00,68.49,68.49,68.45,68.46,9089,622267
603026.SH,2026-03-19 14:31:00,68.45,68.55,68.41,68.45,31601,2164711
603026.SH,2026-03-19 14:32:00,68.46,68.54,68.45,68.49,11732,803328
603026.SH,2026-03-19 14:33:00,68.48,68.5,68.47,68.47,6200,424620
603026.SH,2026-03-19 14:34:00,68.45,68.47,68.34,68.34,26500,1813299
603026.SH,2026-03-19 14:35:00,68.34,68.45,68.33,68.4,21200,1449510
603026.SH,2026-03-19 14:36:00,68.38,68.41,68.33,68.33,15100,1032207
603026.SH,2026-03-19 14:37:00,68.31,68.35,68.28,68.35,18800,1284314
603026.SH,2026-03-19 14:38:00,68.34,68.35,68.3,68.31,15200,1038625
603026.SH,2026-03-19 14:39:00,68.3,68.38,68.3,68.38,18600,1270651
603026.SH,2026-03-19 14:40:00,68.38,68.38,68.32,68.37,17700,1209817
603026.SH,2026-03-19 14:41:00,68.36,68.39,68.33,68.36,14000,957040
603026.SH,2026-03-19 14:42:00,68.36,68.36,68.28,68.34,16200,1106675
603026.SH,2026-03-19 14:43:00,68.35,68.35,68.32,68.32,18500,1264035
603026.SH,2026-03-19 14:44:00,68.32,68.34,68.28,68.28,29300,2001516
603026.SH,2026-03-19 14:45:00,68.28,68.29,68.15,68.15,20700,1412569
603026.SH,2026-03-19 14:46:00,68.18,68.27,68.15,68.27,42000,2864568
603026.SH,2026-03-19 14:47:00,68.25,68.29,68.23,68.26,27700,1890678
603026.SH,2026-03-19 14:48:00,68.25,68.26,68.21,68.25,22100,1508063
603026.SH,2026-03-19 14:49:00,68.23,68.25,68.16,68.2,23600,1609669
603026.SH,2026-03-19 14:50:00,68.17,68.18,68.14,68.17,32500,2215011
603026.SH,2026-03-19 14:51:00,68.13,68.23,68.13,68.23,38800,2645481
603026.SH,2026-03-19 14:52:00,68.23,68.23,68.17,68.2,34600,2359933
603026.SH,2026-03-19 14:53:00,68.25,68.28,68.21,68.26,39600,2702960
603026.SH,2026-03-19 14:54:00,68.28,68.42,68.28,68.42,19900,1360124
603026.SH,2026-03-19 14:55:00,68.42,68.45,68.38,68.43,40900,2798121
603026.SH,2026-03-19 14:56:00,68.42,68.53,68.41,68.51,43900,3006050
603026.SH,2026-03-19 14:57:00,68.54,68.79,68.52,68.72,49600,3406427
603026.SH,2026-03-19 14:58:00,68.72,68.72,68.72,68.72,300,20616
603026.SH,2026-03-19 14:59:00,68.72,68.72,68.72,68.72,0,0
603026.SH,2026-03-19 15:00:00,68.55,68.55,68.55,68.55,72800,4990440
603026.SH,2026-03-20 09:30:00,69.03,69.03,69.03,69.03,41374,2856047
603026.SH,2026-03-20 09:31:00,69.03,70.05,69.03,70.05,233600,16243934
603026.SH,2026-03-20 09:32:00,70.19,70.98,70.19,70.44,296300,20910516
603026.SH,2026-03-20 09:33:00,70.49,71.25,70.49,71.18,430700,30517040
603026.SH,2026-03-20 09:34:00,71.2,72.54,71.13,72.16,585300,42059990
603026.SH,2026-03-20 09:35:00,72.17,72.45,72.17,72.43,477828,34576080
603026.SH,2026-03-20 09:36:00,72.44,73.6,72.44,73.6,360400,26281698
603026.SH,2026-03-20 09:37:00,73.77,74.81,73.74,74.73,693900,51471784
603026.SH,2026-03-20 09:38:00,74.64,75.28,74.5,75.06,904436,67695860
603026.SH,2026-03-20 09:39:00,75.02,75.41,75.02,75.41,1364885,102894150
603026.SH,2026-03-20 09:40:00,75.41,75.41,75.41,75.41,179488,13535190
603026.SH,2026-03-20 09:41:00,75.41,75.41,75.41,75.41,210700,15888887
603026.SH,2026-03-20 09:42:00,75.41,75.41,75.41,75.41,117700,8875757
603026.SH,2026-03-20 09:43:00,75.41,75.41,75.41,75.41,74000,5580340
603026.SH,2026-03-20 09:44:00,75.41,75.41,75.41,75.41,219710,16568331
603026.SH,2026-03-20 09:45:00,75.41,75.41,75.41,75.41,64800,4886568
603026.SH,2026-03-20 09:46:00,75.41,75.41,75.41,75.41,74400,5610504
603026.SH,2026-03-20 09:47:00,75.41,75.41,75.41,75.41,59200,4464272
603026.SH,2026-03-20 09:48:00,75.41,75.41,75.41,75.41,62500,4713125
603026.SH,2026-03-20 09:49:00,75.41,75.41,75.41,75.41,91789,6921808
603026.SH,2026-03-20 09:50:00,75.41,75.41,75.41,75.41,126000,9501660
603026.SH,2026-03-20 09:51:00,75.41,75.41,75.41,75.41,178900,13490849
603026.SH,2026-03-20 09:52:00,75.41,75.41,75.41,75.41,288800,21778408
603026.SH,2026-03-20 09:53:00,75.41,75.41,74.27,74.3,1549400,116496170
603026.SH,2026-03-20 09:54:00,74.23,74.34,74.05,74.21,573400,42540324
603026.SH,2026-03-20 09:55:00,74.21,74.43,74.21,74.38,499400,37138748
603026.SH,2026-03-20 09:56:00,74.35,74.4,73.89,73.89,315100,23396580
603026.SH,2026-03-20 09:57:00,73.9,74.25,73.89,74.11,332400,24601980
603026.SH,2026-03-20 09:58:00,74.01,74.25,73.93,74.13,269000,19932830
603026.SH,2026-03-20 09:59:00,74.03,74.18,73.63,73.71,330000,24345704
603026.SH,2026-03-20 10:00:00,73.8,74.11,73.8,73.9,168406,12449525
603026.SH,2026-03-20 10:01:00,73.84,73.9,73.31,73.43,205534,15110645
603026.SH,2026-03-20 10:02:00,73.43,73.43,73.1,73.29,234500,17167860
603026.SH,2026-03-20 10:03:00,73.33,74.09,73.33,74.09,229600,16959080
603026.SH,2026-03-20 10:04:00,74.14,74.7,74.14,74.41,165506,12309992
603026.SH,2026-03-20 10:05:00,74.37,74.4,74.26,74.32,111600,8294718
603026.SH,2026-03-20 10:06:00,74.31,74.61,74.31,74.6,127100,9467468
603026.SH,2026-03-20 10:07:00,74.59,75.41,74.59,75.41,1266391,95413600
603026.SH,2026-03-20 10:08:00,75.41,75.41,75.41,75.41,290598,21913996
603026.SH,2026-03-20 10:09:00,75.41,75.41,75.41,75.41,94300,7111163
603026.SH,2026-03-20 10:10:00,75.41,75.41,75.41,75.41,75300,5678373
603026.SH,2026-03-20 10:11:00,75.41,75.41,75.41,75.41,49800,3755418
603026.SH,2026-03-20 10:12:00,75.41,75.41,75.41,75.41,129700,9780677
603026.SH,2026-03-20 10:13:00,75.41,75.41,75.41,75.41,34000,2563940
603026.SH,2026-03-20 10:14:00,75.41,75.41,75.41,75.41,21400,1613774
603026.SH,2026-03-20 10:15:00,75.41,75.41,75.41,75.41,745200,56195532
603026.SH,2026-03-20 10:16:00,75.41,75.41,74.58,75.41,1220244,91962670
603026.SH,2026-03-20 10:17:00,75.41,75.41,75.41,75.41,130800,9863628
603026.SH,2026-03-20 10:18:00,75.41,75.41,75.41,75.41,29800,2247218
603026.SH,2026-03-20 10:19:00,75.41,75.41,75.41,75.41,41900,3159679
603026.SH,2026-03-20 10:20:00,75.41,75.41,75.41,75.41,19600,1478036
603026.SH,2026-03-20 10:21:00,75.41,75.41,75.41,75.41,36200,2729842
603026.SH,2026-03-20 10:22:00,75.41,75.41,75.41,75.41,35519,2678488
603026.SH,2026-03-20 10:23:00,75.41,75.41,75.41,75.41,15600,1176396
603026.SH,2026-03-20 10:24:00,75.41,75.41,75.41,75.41,117200,8838052
603026.SH,2026-03-20 10:25:00,75.41,75.41,75.41,75.41,16100,1214101
603026.SH,2026-03-20 10:26:00,75.41,75.41,75.41,75.41,26200,1975742
603026.SH,2026-03-20 10:27:00,75.41,75.41,75.41,75.41,3100,233771
603026.SH,2026-03-20 10:28:00,75.41,75.41,75.41,75.41,4000,301640
603026.SH,2026-03-20 10:29:00,75.41,75.41,75.41,75.41,5800,437378
603026.SH,2026-03-20 10:30:00,75.41,75.41,75.41,75.41,18000,1357380
603026.SH,2026-03-20 10:31:00,75.41,75.41,75.41,75.41,3200,241312
603026.SH,2026-03-20 10:32:00,75.41,75.41,75.41,75.41,8700,656067
603026.SH,2026-03-20 10:33:00,75.41,75.41,75.41,75.41,8500,640985
603026.SH,2026-03-20 10:34:00,75.41,75.41,75.41,75.41,6600,497706
603026.SH,2026-03-20 10:35:00,75.41,75.41,75.41,75.41,5700,429837
603026.SH,2026-03-20 10:36:00,75.41,75.41,75.41,75.41,1300,98033
603026.SH,2026-03-20 10:37:00,75.41,75.41,75.41,75.41,7400,558034
603026.SH,2026-03-20 10:38:00,75.41,75.41,75.41,75.41,7900,595739
603026.SH,2026-03-20 10:39:00,75.41,75.41,75.41,75.41,2500,188525
603026.SH,2026-03-20 10:40:00,75.41,75.41,75.41,75.41,6800,512788
603026.SH,2026-03-20 10:41:00,75.41,75.41,75.41,75.41,4500,339345
603026.SH,2026-03-20 10:42:00,75.41,75.41,75.41,75.41,4800,361968
603026.SH,2026-03-20 10:43:00,75.41,75.41,75.41,75.41,4300,324263
603026.SH,2026-03-20 10:44:00,75.41,75.41,75.41,75.41,2600,196066
603026.SH,2026-03-20 10:45:00,75.41,75.41,75.41,75.41,8500,640985
603026.SH,2026-03-20 10:46:00,75.41,75.41,75.41,75.41,3000,226230
603026.SH,2026-03-20 10:47:00,75.41,75.41,75.41,75.41,2000,150820
603026.SH,2026-03-20 10:48:00,75.41,75.41,75.41,75.41,700,52787
603026.SH,2026-03-20 10:49:00,75.41,75.41,75.41,75.41,1500,113115
603026.SH,2026-03-20 10:50:00,75.41,75.41,75.41,75.41,1600,120656
603026.SH,2026-03-20 10:51:00,75.41,75.41,75.41,75.41,3600,271476
603026.SH,2026-03-20 10:52:00,75.41,75.41,75.41,75.41,3900,294099
603026.SH,2026-03-20 10:53:00,75.41,75.41,75.41,75.41,2700,203607
603026.SH,2026-03-20 10:54:00,75.41,75.41,75.41,75.41,1700,128197
603026.SH,2026-03-20 10:55:00,75.41,75.41,75.41,75.41,1600,120656
603026.SH,2026-03-20 10:56:00,75.41,75.41,75.41,75.41,5000,377050
603026.SH,2026-03-20 10:57:00,75.41,75.41,75.41,75.41,4100,309181
603026.SH,2026-03-20 10:58:00,75.41,75.41,75.41,75.41,3800,286558
603026.SH,2026-03-20 10:59:00,75.41,75.41,75.41,75.41,2000,150820
603026.SH,2026-03-20 11:00:00,75.41,75.41,75.41,75.41,6500,490165
603026.SH,2026-03-20 11:01:00,75.41,75.41,75.41,75.41,26400,1990824
603026.SH,2026-03-20 11:02:00,75.41,75.41,75.41,75.41,8900,671149
603026.SH,2026-03-20 11:03:00,75.41,75.41,75.41,75.41,20200,1523282
603026.SH,2026-03-20 11:04:00,75.41,75.41,75.41,75.41,24600,1855086
603026.SH,2026-03-20 11:05:00,75.41,75.41,75.41,75.41,1900,143279
603026.SH,2026-03-20 11:06:00,75.41,75.41,75.41,75.41,4400,331804
603026.SH,2026-03-20 11:07:00,75.41,75.41,75.41,75.41,5500,414755
603026.SH,2026-03-20 11:08:00,75.41,75.41,75.41,75.41,5200,392132
603026.SH,2026-03-20 11:09:00,75.41,75.41,75.41,75.41,3300,248853
603026.SH,2026-03-20 11:10:00,75.41,75.41,75.41,75.41,1100,82951
603026.SH,2026-03-20 11:11:00,75.41,75.41,75.41,75.41,1300,98033
603026.SH,2026-03-20 11:12:00,75.41,75.41,75.41,75.41,600,45246
603026.SH,2026-03-20 11:13:00,75.41,75.41,75.41,75.41,3700,279017
603026.SH,2026-03-20 11:14:00,75.41,75.41,75.41,75.41,2100,158361
603026.SH,2026-03-20 11:15:00,75.41,75.41,75.41,75.41,2500,188525
603026.SH,2026-03-20 11:16:00,75.41,75.41,75.41,75.41,300,22623
603026.SH,2026-03-20 11:17:00,75.41,75.41,75.41,75.41,100,7541
603026.SH,2026-03-20 11:18:00,75.41,75.41,75.41,75.41,1000,75410
603026.SH,2026-03-20 11:19:00,75.41,75.41,75.41,75.41,2200,165902
603026.SH,2026-03-20 11:20:00,75.41,75.41,75.41,75.41,500,37705
603026.SH,2026-03-20 11:21:00,75.41,75.41,75.41,75.41,500,37705
603026.SH,2026-03-20 11:22:00,75.41,75.41,75.41,75.41,700,52787
603026.SH,2026-03-20 11:23:00,75.41,75.41,75.41,75.41,6400,482624
603026.SH,2026-03-20 11:24:00,75.41,75.41,75.41,75.41,28200,2126562
603026.SH,2026-03-20 11:25:00,75.41,75.41,75.41,75.41,2000,150820
603026.SH,2026-03-20 11:26:00,75.41,75.41,75.41,75.41,53000,3996730
603026.SH,2026-03-20 11:27:00,75.41,75.41,75.41,75.41,4400,331804
603026.SH,2026-03-20 11:28:00,75.41,75.41,75.41,75.41,2100,158361
603026.SH,2026-03-20 11:29:00,75.41,75.41,75.41,75.41,300,22623
603026.SH,2026-03-20 11:30:00,75.41,75.41,75.41,75.41,2500,188525
603026.SH,2026-03-20 13:01:00,75.41,75.41,75.41,75.41,31600,2382956
603026.SH,2026-03-20 13:02:00,75.41,75.41,75.41,75.41,4500,339345
603026.SH,2026-03-20 13:03:00,75.41,75.41,75.41,75.41,900,67869
603026.SH,2026-03-20 13:04:00,75.41,75.41,75.41,75.41,1100,82951
603026.SH,2026-03-20 13:05:00,75.41,75.41,75.41,75.41,400,30164
603026.SH,2026-03-20 13:06:00,75.41,75.41,75.41,75.41,2400,180984
603026.SH,2026-03-20 13:07:00,75.41,75.41,75.41,75.41,1100,82951
603026.SH,2026-03-20 13:08:00,75.41,75.41,75.41,75.41,4500,339345
603026.SH,2026-03-20 13:09:00,75.41,75.41,75.41,75.41,3100,233771
603026.SH,2026-03-20 13:10:00,75.41,75.41,75.41,75.41,2100,158361
603026.SH,2026-03-20 13:11:00,75.41,75.41,75.41,75.41,4000,301640
603026.SH,2026-03-20 13:12:00,75.41,75.41,75.41,75.41,1600,120656
603026.SH,2026-03-20 13:13:00,75.41,75.41,75.41,75.41,1200,90492
603026.SH,2026-03-20 13:14:00,75.41,75.41,75.41,75.41,7500,565575
603026.SH,2026-03-20 13:15:00,75.41,75.41,75.41,75.41,6600,497706
603026.SH,2026-03-20 13:16:00,75.41,75.41,75.41,75.41,1800,135738
603026.SH,2026-03-20 13:17:00,75.41,75.41,75.41,75.41,1600,120656
603026.SH,2026-03-20 13:18:00,75.41,75.41,75.41,75.41,5600,422296
603026.SH,2026-03-20 13:19:00,75.41,75.41,75.41,75.41,700,52787
603026.SH,2026-03-20 13:20:00,75.41,75.41,75.41,75.41,2700,203607
603026.SH,2026-03-20 13:21:00,75.41,75.41,75.41,75.41,2500,188525
603026.SH,2026-03-20 13:22:00,75.41,75.41,75.41,75.41,2600,196066
603026.SH,2026-03-20 13:23:00,75.41,75.41,75.41,75.41,3200,241312
603026.SH,2026-03-20 13:24:00,75.41,75.41,75.41,75.41,3800,286558
603026.SH,2026-03-20 13:25:00,75.41,75.41,75.41,75.41,1700,128197
603026.SH,2026-03-20 13:26:00,75.41,75.41,75.41,75.41,2900,218689
603026.SH,2026-03-20 13:27:00,75.41,75.41,75.41,75.41,1300,98033
603026.SH,2026-03-20 13:28:00,75.41,75.41,75.41,75.41,2600,196066
603026.SH,2026-03-20 13:29:00,75.41,75.41,75.41,75.41,600,45246
603026.SH,2026-03-20 13:30:00,75.41,75.41,75.41,75.41,2500,188525
603026.SH,2026-03-20 13:31:00,75.41,75.41,75.41,75.41,1300,98033
603026.SH,2026-03-20 13:32:00,75.41,75.41,75.41,75.41,3700,279017
603026.SH,2026-03-20 13:33:00,75.41,75.41,75.41,75.41,900,67869
603026.SH,2026-03-20 13:34:00,75.41,75.41,75.41,75.41,1900,143279
603026.SH,2026-03-20 13:35:00,75.41,75.41,75.41,75.41,900,67869
603026.SH,2026-03-20 13:36:00,75.41,75.41,75.41,75.41,1800,135738
603026.SH,2026-03-20 13:37:00,75.41,75.41,75.41,75.41,5500,414755
603026.SH,2026-03-20 13:38:00,75.41,75.41,75.41,75.41,1000,75410
603026.SH,2026-03-20 13:39:00,75.41,75.41,75.41,75.41,5600,422296
603026.SH,2026-03-20 13:40:00,75.41,75.41,75.41,75.41,4300,324263
603026.SH,2026-03-20 13:41:00,75.41,75.41,75.41,75.41,1200,90492
603026.SH,2026-03-20 13:42:00,75.41,75.41,75.41,75.41,1800,135738
603026.SH,2026-03-20 13:43:00,75.41,75.41,75.41,75.41,1200,90492
603026.SH,2026-03-20 13:44:00,75.41,75.41,75.41,75.41,5000,377050
603026.SH,2026-03-20 13:45:00,75.41,75.41,75.41,75.41,10505,792182
603026.SH,2026-03-20 13:46:00,75.41,75.41,75.41,75.41,4230,318984
603026.SH,2026-03-20 13:47:00,75.41,75.41,75.41,75.41,3300,248853
603026.SH,2026-03-20 13:48:00,75.41,75.41,75.41,75.41,7300,550493
603026.SH,2026-03-20 13:49:00,75.41,75.41,75.41,75.41,300,22623
603026.SH,2026-03-20 13:50:00,75.41,75.41,75.41,75.41,11300,852133
603026.SH,2026-03-20 13:51:00,75.41,75.41,75.41,75.41,2600,196066
603026.SH,2026-03-20 13:52:00,75.41,75.41,75.41,75.41,9100,686231
603026.SH,2026-03-20 13:53:00,75.41,75.41,75.41,75.41,3500,263935
603026.SH,2026-03-20 13:54:00,75.41,75.41,75.41,75.41,6100,460001
603026.SH,2026-03-20 13:55:00,75.41,75.41,75.41,75.41,6200,467542
603026.SH,2026-03-20 13:56:00,75.41,75.41,75.41,75.41,4900,369509
603026.SH,2026-03-20 13:57:00,75.41,75.41,75.41,75.41,4300,324263
603026.SH,2026-03-20 13:58:00,75.41,75.41,75.41,75.41,6700,505247
603026.SH,2026-03-20 13:59:00,75.41,75.41,75.41,75.41,1600,120656
603026.SH,2026-03-20 14:00:00,75.41,75.41,75.41,75.41,2600,196066
603026.SH,2026-03-20 14:01:00,75.41,75.41,75.41,75.41,3800,286558
603026.SH,2026-03-20 14:02:00,75.41,75.41,75.41,75.41,5500,414755
603026.SH,2026-03-20 14:03:00,75.41,75.41,75.41,75.41,9100,686231
603026.SH,2026-03-20 14:04:00,75.41,75.41,75.41,75.41,2900,218689
603026.SH,2026-03-20 14:05:00,75.41,75.41,75.41,75.41,4700,354427
603026.SH,2026-03-20 14:06:00,75.41,75.41,75.41,75.41,300,22623
603026.SH,2026-03-20 14:07:00,75.41,75.41,75.41,75.41,1300,98033
603026.SH,2026-03-20 14:08:00,75.41,75.41,75.41,75.41,7900,595739
603026.SH,2026-03-20 14:09:00,75.41,75.41,75.41,75.41,3200,241312
603026.SH,2026-03-20 14:10:00,75.41,75.41,75.41,75.41,7900,595739
603026.SH,2026-03-20 14:11:00,75.41,75.41,75.41,75.41,7600,573116
603026.SH,2026-03-20 14:12:00,75.41,75.41,75.41,75.41,15900,1199019
603026.SH,2026-03-20 14:13:00,75.41,75.41,75.41,75.41,1300,98033
603026.SH,2026-03-20 14:14:00,75.41,75.41,75.41,75.41,17800,1342298
603026.SH,2026-03-20 14:15:00,75.41,75.41,75.41,75.41,8100,610821
603026.SH,2026-03-20 14:16:00,75.41,75.41,75.41,75.41,14400,1085904
603026.SH,2026-03-20 14:17:00,75.41,75.41,75.41,75.41,6800,512788
603026.SH,2026-03-20 14:18:00,75.41,75.41,75.41,75.41,19800,1493118
603026.SH,2026-03-20 14:19:00,75.41,75.41,75.41,75.41,1900,143279
603026.SH,2026-03-20 14:20:00,75.41,75.41,75.41,75.41,3700,279017
603026.SH,2026-03-20 14:21:00,75.41,75.41,75.41,75.41,2100,158361
603026.SH,2026-03-20 14:22:00,75.41,75.41,75.41,75.41,2800,211148
603026.SH,2026-03-20 14:23:00,75.41,75.41,75.41,75.41,2000,150820
603026.SH,2026-03-20 14:24:00,75.41,75.41,75.41,75.41,6200,467542
603026.SH,2026-03-20 14:25:00,75.41,75.41,75.41,75.41,1315,99164
603026.SH,2026-03-20 14:26:00,75.41,75.41,75.41,75.41,1600,120656
603026.SH,2026-03-20 14:27:00,75.41,75.41,75.41,75.41,2100,158361
603026.SH,2026-03-20 14:28:00,75.41,75.41,75.41,75.41,4600,346886
603026.SH,2026-03-20 14:29:00,75.41,75.41,75.41,75.41,48300,3642303
603026.SH,2026-03-20 14:30:00,75.41,75.41,75.41,75.41,4700,354427
603026.SH,2026-03-20 14:31:00,75.41,75.41,75.41,75.41,2600,196066
603026.SH,2026-03-20 14:32:00,75.41,75.41,75.41,75.41,4400,331804
603026.SH,2026-03-20 14:33:00,75.41,75.41,75.41,75.41,111800,8430838
603026.SH,2026-03-20 14:34:00,75.41,75.41,75.41,75.41,31600,2382956
603026.SH,2026-03-20 14:35:00,75.41,75.41,75.41,75.41,158500,11952485
603026.SH,2026-03-20 14:36:00,75.41,75.41,75.41,75.41,43600,3287876
603026.SH,2026-03-20 14:37:00,75.41,75.41,75.41,75.41,27600,2081316
603026.SH,2026-03-20 14:38:00,75.41,75.41,75.41,75.41,10900,821969
603026.SH,2026-03-20 14:39:00,75.41,75.41,75.41,75.41,8400,633444
603026.SH,2026-03-20 14:40:00,75.41,75.41,75.41,75.41,9600,723936
603026.SH,2026-03-20 14:41:00,75.41,75.41,75.41,75.41,18300,1380003
603026.SH,2026-03-20 14:42:00,75.41,75.41,75.41,75.41,23000,1734430
603026.SH,2026-03-20 14:43:00,75.41,75.41,75.41,75.41,8200,618362
603026.SH,2026-03-20 14:44:00,75.41,75.41,75.41,75.41,206400,15564624
603026.SH,2026-03-20 14:45:00,75.41,75.41,75.41,75.41,17600,1327216
603026.SH,2026-03-20 14:46:00,75.41,75.41,75.41,75.41,73100,5512471
603026.SH,2026-03-20 14:47:00,75.41,75.41,75.41,75.41,26100,1968201
603026.SH,2026-03-20 14:48:00,75.41,75.41,75.41,75.41,19800,1493118
603026.SH,2026-03-20 14:49:00,75.41,75.41,75.41,75.41,27421,2067818
603026.SH,2026-03-20 14:50:00,75.41,75.41,75.41,75.41,9500,716395
603026.SH,2026-03-20 14:51:00,75.41,75.41,75.41,75.41,16700,1259347
603026.SH,2026-03-20 14:52:00,75.41,75.41,75.41,75.41,97500,7352475
603026.SH,2026-03-20 14:53:00,75.41,75.41,75.41,75.41,60900,4592469
603026.SH,2026-03-20 14:54:00,75.41,75.41,75.41,75.41,37500,2827875
603026.SH,2026-03-20 14:55:00,75.41,75.41,75.41,75.41,39300,2963613
603026.SH,2026-03-20 14:56:00,75.41,75.41,75.41,75.41,44400,3348204
603026.SH,2026-03-20 14:57:00,75.41,75.41,75.41,75.41,132000,9954120
603026.SH,2026-03-20 14:58:00,75.41,75.41,75.41,75.41,0,0
603026.SH,2026-03-20 14:59:00,75.41,75.41,75.41,75.41,0,0
603026.SH,2026-03-20 15:00:00,75.41,75.41,75.41,75.41,98700,7442967
603026.SH,2026-03-23 09:30:00,75.41,75.41,75.31,75.31,393800,29696398
603026.SH,2026-03-23 09:31:00,75.16,75.39,74.1,75.38,911600,68429650
603026.SH,2026-03-23 09:32:00,75.41,76.16,75.41,75.73,796984,60379770
603026.SH,2026-03-23 09:33:00,75.61,75.61,74.53,74.55,557700,41824110
603026.SH,2026-03-23 09:34:00,74.55,74.55,73.91,74.35,497800,36916924
603026.SH,2026-03-23 09:35:00,74.35,74.98,74.35,74.96,208800,15575358
603026.SH,2026-03-23 09:36:00,74.88,75.3,74.68,75.03,262759,19707182
603026.SH,2026-03-23 09:37:00,75.03,75.09,74.7,74.7,236541,17737204
603026.SH,2026-03-23 09:38:00,74.7,74.98,74.64,74.98,183159,13686888
603026.SH,2026-03-23 09:39:00,75.0,75.0,74.0,74.51,416100,30937476
603026.SH,2026-03-23 09:40:00,74.55,75.3,74.55,74.97,387100,29049112
603026.SH,2026-03-23 09:41:00,74.82,75.1,74.64,74.98,219400,16433005
603026.SH,2026-03-23 09:42:00,75.02,75.08,74.3,74.3,172400,12891158
603026.SH,2026-03-23 09:43:00,74.32,75.2,74.32,75.2,232400,17381766
603026.SH,2026-03-23 09:44:00,75.21,75.43,75.21,75.43,240900,18152046
603026.SH,2026-03-23 09:45:00,75.43,75.71,75.43,75.71,292100,22077772
603026.SH,2026-03-23 09:46:00,75.8,76.66,75.8,76.6,697244,53128600
603026.SH,2026-03-23 09:47:00,76.52,77.36,76.35,77.34,1154948,88692220
603026.SH,2026-03-23 09:48:00,77.41,77.47,76.75,76.9,882500,68044296
603026.SH,2026-03-23 09:49:00,76.81,76.81,76.15,76.66,429900,32931794
603026.SH,2026-03-23 09:50:00,76.55,76.9,76.3,76.48,387800,29685892
603026.SH,2026-03-23 09:51:00,76.48,76.91,76.48,76.85,235100,18043960
603026.SH,2026-03-23 09:52:00,76.85,77.1,76.79,77.1,377100,28961650
603026.SH,2026-03-23 09:53:00,77.16,77.64,77.16,77.57,387604,29984894
603026.SH,2026-03-23 09:54:00,77.63,77.95,77.53,77.7,567265,44053816
603026.SH,2026-03-23 09:55:00,77.7,78.3,77.5,77.94,616300,47978412
603026.SH,2026-03-23 09:56:00,78.15,78.15,77.3,77.89,387200,30124802
603026.SH,2026-03-23 09:57:00,77.93,78.15,77.93,78.14,383504,29942152
603026.SH,2026-03-23 09:58:00,78.2,78.49,78.02,78.02,571900,44766564
603026.SH,2026-03-23 09:59:00,78.3,78.8,78.27,78.8,550200,43173932
603026.SH,2026-03-23 10:00:00,78.82,79.0,78.48,78.49,564300,44487108
603026.SH,2026-03-23 10:01:00,78.3,78.53,78.14,78.14,280100,21959006
603026.SH,2026-03-23 10:02:00,78.33,78.96,78.16,78.96,272200,21401974
603026.SH,2026-03-23 10:03:00,78.99,79.4,78.85,79.29,620100,49080770
603026.SH,2026-03-23 10:04:00,79.39,79.5,79.21,79.21,508700,40357456
603026.SH,2026-03-23 10:05:00,79.19,79.48,78.96,78.96,351400,27852360
603026.SH,2026-03-23 10:06:00,78.9,79.03,78.71,79.0,162500,12815106
603026.SH,2026-03-23 10:07:00,79.01,79.08,78.57,78.57,146800,11584665
603026.SH,2026-03-23 10:08:00,78.5,78.6,78.49,78.52,121200,9517277
603026.SH,2026-03-23 10:09:00,78.48,78.48,78.02,78.13,107600,8413125
603026.SH,2026-03-23 10:10:00,78.18,78.2,77.58,77.84,149100,11614378
603026.SH,2026-03-23 10:11:00,77.82,78.29,77.7,77.86,138600,10812384
603026.SH,2026-03-23 10:12:00,77.97,78.0,77.79,77.9,76433,5951514
603026.SH,2026-03-23 10:13:00,77.88,78.18,77.88,78.07,78600,6133746
603026.SH,2026-03-23 10:14:00,77.98,78.18,77.89,77.89,112800,8804184
603026.SH,2026-03-23 10:15:00,77.83,78.28,77.83,77.97,145100,11333810
603026.SH,2026-03-23 10:16:00,77.98,78.07,77.95,77.98,51000,3977811
603026.SH,2026-03-23 10:17:00,77.97,78.12,77.63,78.0,170400,13268325
603026.SH,2026-03-23 10:18:00,78.07,78.2,78.0,78.0,86600,6761719
603026.SH,2026-03-23 10:19:00,77.97,78.05,77.88,77.88,70200,5475340
603026.SH,2026-03-23 10:20:00,77.8,78.3,77.7,78.3,110400,8607172
603026.SH,2026-03-23 10:21:00,78.27,78.48,78.26,78.43,102200,8014263
603026.SH,2026-03-23 10:22:00,78.43,78.43,78.04,78.04,76700,5999501
603026.SH,2026-03-23 10:23:00,78.0,78.0,77.71,77.71,55200,4298943
603026.SH,2026-03-23 10:24:00,77.67,77.73,77.5,77.5,99800,7744326
603026.SH,2026-03-23 10:25:00,77.46,77.65,77.39,77.64,62200,4818100
603026.SH,2026-03-23 10:26:00,77.64,77.7,77.5,77.58,95200,7389942
603026.SH,2026-03-23 10:27:00,77.59,78.05,77.57,78.01,67500,5251228
603026.SH,2026-03-23 10:28:00,77.96,77.97,77.5,77.5,104100,8092784
603026.SH,2026-03-23 10:29:00,77.5,77.5,77.3,77.37,97500,7541802
603026.SH,2026-03-23 10:30:00,77.38,77.38,77.12,77.12,88100,6807444
603026.SH,2026-03-23 10:31:00,77.12,77.33,77.08,77.33,83700,6458119
603026.SH,2026-03-23 10:32:00,77.33,77.33,77.25,77.25,66200,5116989
603026.SH,2026-03-23 10:33:00,77.22,77.22,77.1,77.13,59700,4606130
603026.SH,2026-03-23 10:34:00,77.1,77.1,77.05,77.05,40400,3114056
603026.SH,2026-03-23 10:35:00,77.08,77.31,77.07,77.31,53300,4113699
603026.SH,2026-03-23 10:36:00,77.36,77.54,77.32,77.42,126400,9792540
603026.SH,2026-03-23 10:37:00,77.47,77.55,77.17,77.19,141700,10961628
603026.SH,2026-03-23 10:38:00,77.19,77.37,77.19,77.3,95500,7375304
603026.SH,2026-03-23 10:39:00,77.32,77.59,77.3,77.43,56200,4351717
603026.SH,2026-03-23 10:40:00,77.49,77.5,77.36,77.37,60800,4707557
603026.SH,2026-03-23 10:41:00,77.42,77.42,77.33,77.34,31900,2467836
603026.SH,2026-03-23 10:42:00,77.34,77.35,77.31,77.32,29200,2257801
603026.SH,2026-03-23 10:43:00,77.27,77.27,77.12,77.19,48700,3760386
603026.SH,2026-03-23 10:44:00,77.23,77.52,77.23,77.52,84600,6549237
603026.SH,2026-03-23 10:45:00,77.5,77.57,77.4,77.43,46200,3579835
603026.SH,2026-03-23 10:46:00,77.45,77.45,77.28,77.34,71500,5532351
603026.SH,2026-03-23 10:47:00,77.24,77.34,77.24,77.3,21400,1654212
603026.SH,2026-03-23 10:48:00,77.31,77.46,77.31,77.46,38800,3002027
603026.SH,2026-03-23 10:49:00,77.44,77.47,77.28,77.3,102400,7926218
603026.SH,2026-03-23 10:50:00,77.3,77.35,77.22,77.22,53800,4159079
603026.SH,2026-03-23 10:51:00,77.22,77.36,77.22,77.36,24500,1893556
603026.SH,2026-03-23 10:52:00,77.32,77.32,77.25,77.25,30600,2364824
603026.SH,2026-03-23 10:53:00,77.25,77.25,77.14,77.23,35500,2740337
603026.SH,2026-03-23 10:54:00,77.21,77.23,77.2,77.2,21200,1636991
603026.SH,2026-03-23 10:55:00,77.21,77.21,77.11,77.13,41500,3202015
603026.SH,2026-03-23 10:56:00,77.13,77.43,77.13,77.43,41800,3227622
603026.SH,2026-03-23 10:57:00,77.39,77.45,77.3,77.32,46800,3621092
603026.SH,2026-03-23 10:58:00,77.32,77.39,77.17,77.27,100100,7739178
603026.SH,2026-03-23 10:59:00,77.28,77.5,77.28,77.5,19800,1532678
603026.SH,2026-03-23 11:00:00,77.55,77.56,77.41,77.41,66600,5161084
603026.SH,2026-03-23 11:01:00,77.39,77.39,77.27,77.33,66900,5172290
603026.SH,2026-03-23 11:02:00,77.3,77.4,77.3,77.4,24400,1887427
603026.SH,2026-03-23 11:03:00,77.39,77.39,77.28,77.28,37200,2877292
603026.SH,2026-03-23 11:04:00,77.31,77.31,77.1,77.19,44100,3404034
603026.SH,2026-03-23 11:05:00,77.21,77.31,77.16,77.29,14500,1119731
603026.SH,2026-03-23 11:06:00,77.29,77.34,77.17,77.17,49300,3807035
603026.SH,2026-03-23 11:07:00,77.16,77.16,77.03,77.04,78800,6073802
603026.SH,2026-03-23 11:08:00,77.04,77.05,76.96,76.99,113800,8764221
603026.SH,2026-03-23 11:09:00,76.97,77.0,76.97,76.98,30000,2309607
603026.SH,2026-03-23 11:10:00,76.99,77.01,76.98,76.99,20800,1601453
603026.SH,2026-03-23 11:11:00,76.98,77.09,76.98,77.09,46100,3551453
603026.SH,2026-03-23 11:12:00,77.1,77.12,77.03,77.06,46400,3576953
603026.SH,2026-03-23 11:13:00,77.01,77.03,76.95,76.95,34000,2617604
603026.SH,2026-03-23 11:14:00,76.97,76.97,76.79,76.79,55500,4266251
603026.SH,2026-03-23 11:15:00,76.8,76.9,76.8,76.87,44100,3387990
603026.SH,2026-03-23 11:16:00,76.86,76.9,76.86,76.89,25100,1929757
603026.SH,2026-03-23 11:17:00,76.88,77.16,76.88,77.16,26800,2062594
603026.SH,2026-03-23 11:18:00,77.15,77.3,77.15,77.27,64500,4980972
603026.SH,2026-03-23 11:19:00,77.27,77.27,77.18,77.22,41300,3190162
603026.SH,2026-03-23 11:20:00,77.19,77.19,77.0,77.14,35300,2722664
603026.SH,2026-03-23 11:21:00,77.14,77.38,77.14,77.36,26100,2015861
603026.SH,2026-03-23 11:22:00,77.35,77.47,77.26,77.47,30290,2343802
603026.SH,2026-03-23 11:23:00,77.46,77.52,77.43,77.5,63900,4951518
603026.SH,2026-03-23 11:24:00,77.4,77.51,77.36,77.4,59100,4577350
603026.SH,2026-03-23 11:25:00,77.27,77.3,77.26,77.3,44300,3424001
603026.SH,2026-03-23 11:26:00,77.3,77.37,77.22,77.22,15100,1167214
603026.SH,2026-03-23 11:27:00,77.2,77.34,77.2,77.31,14900,1151376
603026.SH,2026-03-23 11:28:00,77.33,77.35,77.25,77.25,33500,2589277
603026.SH,2026-03-23 11:29:00,77.2,77.22,77.15,77.22,17300,1335216
603026.SH,2026-03-23 11:30:00,77.2,77.2,76.89,76.99,88800,6837947
603026.SH,2026-03-23 13:01:00,76.99,77.27,76.97,77.05,167500,12898637
603026.SH,2026-03-23 13:02:00,76.97,77.21,76.93,77.21,38500,2967612
603026.SH,2026-03-23 13:03:00,77.2,77.44,77.18,77.22,75600,5845360
603026.SH,2026-03-23 13:04:00,77.23,77.55,77.23,77.55,25100,1942742
603026.SH,2026-03-23 13:05:00,77.56,77.66,77.42,77.42,57300,4445805
603026.SH,2026-03-23 13:06:00,77.34,77.5,77.2,77.22,54700,4230211
603026.SH,2026-03-23 13:07:00,77.22,77.42,77.19,77.31,35000,2705935
603026.SH,2026-03-23 13:08:00,77.23,77.42,77.19,77.19,51300,3963541
603026.SH,2026-03-23 13:09:00,77.18,77.18,76.98,77.01,25900,1995483
603026.SH,2026-03-23 13:10:00,77.0,77.05,76.96,76.98,42700,3288711
603026.SH,2026-03-23 13:11:00,76.97,76.98,76.93,76.98,24100,1854705
603026.SH,2026-03-23 13:12:00,76.98,77.05,76.79,76.8,61800,4751986
603026.SH,2026-03-23 13:13:00,76.79,76.87,76.74,76.87,34900,2679372
603026.SH,2026-03-23 13:14:00,76.87,77.12,76.87,77.12,33600,2586171
603026.SH,2026-03-23 13:15:00,77.01,77.01,76.89,76.89,51400,3956017
603026.SH,2026-03-23 13:16:00,76.77,76.82,76.61,76.61,63600,4881681
603026.SH,2026-03-23 13:17:00,76.64,76.64,76.6,76.64,17700,1356169
603026.SH,2026-03-23 13:18:00,76.64,76.68,76.53,76.53,31800,2436471
603026.SH,2026-03-23 13:19:00,76.58,76.68,76.58,76.67,30100,2306708
603026.SH,2026-03-23 13:20:00,76.65,76.67,76.63,76.64,29500,2260739
603026.SH,2026-03-23 13:21:00,76.63,76.63,76.53,76.54,46400,3552887
603026.SH,2026-03-23 13:22:00,76.54,76.68,76.54,76.67,36400,2788307
603026.SH,2026-03-23 13:23:00,76.67,76.69,76.62,76.64,23900,1832090
603026.SH,2026-03-23 13:24:00,76.64,76.64,76.35,76.41,54100,4135836
603026.SH,2026-03-23 13:25:00,76.43,76.54,76.39,76.54,36300,2775299
603026.SH,2026-03-23 13:26:00,76.57,76.84,76.57,76.81,42100,3230261
603026.SH,2026-03-23 13:27:00,76.73,76.73,76.43,76.44,39800,3048506
603026.SH,2026-03-23 13:28:00,76.45,76.52,76.45,76.51,26100,1996512
603026.SH,2026-03-23 13:29:00,76.51,76.6,76.51,76.56,31000,2373242
603026.SH,2026-03-23 13:30:00,76.54,76.58,76.5,76.58,35700,2732102
603026.SH,2026-03-23 13:31:00,76.55,76.62,76.55,76.62,24200,1853014
603026.SH,2026-03-23 13:32:00,76.63,76.82,76.63,76.82,43858,3366024
603026.SH,2026-03-23 13:33:00,76.85,76.85,76.54,76.6,51300,3936111
603026.SH,2026-03-23 13:34:00,76.6,76.62,76.55,76.62,21872,1674988
603026.SH,2026-03-23 13:35:00,76.64,77.02,76.64,76.93,84600,6509395
603026.SH,2026-03-23 13:36:00,76.93,77.25,76.92,77.14,64344,4955483
603026.SH,2026-03-23 13:37:00,77.1,77.1,76.81,76.81,64300,4947440
603026.SH,2026-03-23 13:38:00,76.73,76.81,76.7,76.76,23600,1811476
603026.SH,2026-03-23 13:39:00,76.75,77.03,76.74,77.03,65900,5064413
603026.SH,2026-03-23 13:40:00,76.95,76.95,76.75,76.77,33100,2544304
603026.SH,2026-03-23 13:41:00,76.77,76.86,76.75,76.84,41600,3193676
603026.SH,2026-03-23 13:42:00,76.8,76.85,76.7,76.74,57300,4399525
603026.SH,2026-03-23 13:43:00,76.73,76.88,76.72,76.88,36400,2794588
603026.SH,2026-03-23 13:44:00,76.85,76.85,76.58,76.58,43700,3351638
603026.SH,2026-03-23 13:45:00,76.56,76.6,76.47,76.48,71900,5502087
603026.SH,2026-03-23 13:46:00,76.49,76.72,76.48,76.69,53200,4074388
603026.SH,2026-03-23 13:47:00,76.66,76.76,76.63,76.76,63900,4899944
603026.SH,2026-03-23 13:48:00,76.78,76.87,76.69,76.74,38900,2987476
603026.SH,2026-03-23 13:49:00,76.71,76.71,76.61,76.61,35300,2706213
603026.SH,2026-03-23 13:50:00,76.64,76.64,76.57,76.6,41400,3171074
603026.SH,2026-03-23 13:51:00,76.59,76.61,76.57,76.58,42900,3285527
603026.SH,2026-03-23 13:52:00,76.58,76.59,76.48,76.48,51800,3964917
603026.SH,2026-03-23 13:53:00,76.47,76.5,76.43,76.49,50700,3876469
603026.SH,2026-03-23 13:54:00,76.52,76.63,76.5,76.61,52800,4043135
603026.SH,2026-03-23 13:55:00,76.61,76.62,76.41,76.42,34800,2662642
603026.SH,2026-03-23 13:56:00,76.43,76.77,76.43,76.77,48900,3744207
603026.SH,2026-03-23 13:57:00,76.79,76.84,76.7,76.71,34700,2663817
603026.SH,2026-03-23 13:58:00,76.75,76.92,76.75,76.89,51000,3919074
603026.SH,2026-03-23 13:59:00,76.87,77.03,76.85,77.03,48600,3739395
603026.SH,2026-03-23 14:00:00,77.0,77.0,76.85,76.88,53500,4114735
603026.SH,2026-03-23 14:01:00,76.81,76.81,76.58,76.58,63500,4869199
603026.SH,2026-03-23 14:02:00,76.58,76.68,76.58,76.58,48700,3731798
603026.SH,2026-03-23 14:03:00,76.57,76.57,76.4,76.4,51100,3907833
603026.SH,2026-03-23 14:04:00,76.42,76.42,76.27,76.4,70400,5375111
603026.SH,2026-03-23 14:05:00,76.42,76.46,76.35,76.46,38000,2903556
603026.SH,2026-03-23 14:06:00,76.45,76.59,76.45,76.54,26800,2051626
603026.SH,2026-03-23 14:07:00,76.56,76.56,76.27,76.37,171800,13123271
603026.SH,2026-03-23 14:08:00,76.34,76.36,76.3,76.33,26600,2030238
603026.SH,2026-03-23 14:09:00,76.34,76.36,76.21,76.27,104300,7941130
603026.SH,2026-03-23 14:10:00,76.29,76.38,76.29,76.37,40500,3091999
603026.SH,2026-03-23 14:11:00,76.37,76.37,75.71,75.71,682000,51753452
603026.SH,2026-03-23 14:12:00,75.72,76.08,75.72,75.96,90700,6884332
603026.SH,2026-03-23 14:13:00,75.95,75.97,75.86,75.87,32700,2481695
603026.SH,2026-03-23 14:14:00,75.87,75.87,75.7,75.74,34400,2606602
603026.SH,2026-03-23 14:15:00,75.74,75.75,75.6,75.63,89200,6751075
603026.SH,2026-03-23 14:16:00,75.71,76.14,75.71,76.14,79000,6002001
603026.SH,2026-03-23 14:17:00,76.1,76.12,75.94,76.0,68100,5179445
603026.SH,2026-03-23 14:18:00,76.04,76.2,75.95,76.18,65100,4952098
603026.SH,2026-03-23 14:19:00,76.15,76.44,76.12,76.39,66200,5053634
603026.SH,2026-03-23 14:20:00,76.43,76.62,76.35,76.58,62800,4799731
603026.SH,2026-03-23 14:21:00,76.59,76.62,76.49,76.5,42100,3222322
603026.SH,2026-03-23 14:22:00,76.5,76.5,76.4,76.4,52500,4013439
603026.SH,2026-03-23 14:23:00,76.4,76.45,76.23,76.37,31700,2419796
603026.SH,2026-03-23 14:24:00,76.36,76.51,76.27,76.51,56200,4293154
603026.SH,2026-03-23 14:25:00,76.45,76.93,76.45,76.86,94800,7270076
603026.SH,2026-03-23 14:26:00,76.82,76.82,76.55,76.77,63400,4862603
603026.SH,2026-03-23 14:27:00,76.7,76.95,76.7,76.95,42385,3254448
603026.SH,2026-03-23 14:28:00,76.94,77.21,76.94,77.21,101828,7852082
603026.SH,2026-03-23 14:29:00,77.2,77.48,77.19,77.19,100272,7747552
603026.SH,2026-03-23 14:30:00,77.28,77.28,76.82,76.88,54000,4164165
603026.SH,2026-03-23 14:31:00,76.88,76.88,76.68,76.68,43215,3315880
603026.SH,2026-03-23 14:32:00,76.68,76.68,76.46,76.46,51600,3951588
603026.SH,2026-03-23 14:33:00,76.47,76.6,76.43,76.45,25600,1957904
603026.SH,2026-03-23 14:34:00,76.42,76.49,76.22,76.22,64600,4932382
603026.SH,2026-03-23 14:35:00,76.15,76.15,75.89,75.91,83500,6345489
603026.SH,2026-03-23 14:36:00,75.86,76.02,75.86,75.95,77700,5898465
603026.SH,2026-03-23 14:37:00,75.98,75.99,75.92,75.99,49400,3751779
603026.SH,2026-03-23 14:38:00,75.94,76.02,75.82,75.84,90000,6831150
603026.SH,2026-03-23 14:39:00,75.84,75.91,75.6,75.7,148700,11261071
603026.SH,2026-03-23 14:40:00,75.7,75.78,75.7,75.7,80900,6123818
603026.SH,2026-03-23 14:41:00,75.73,76.01,75.73,75.91,111000,8420709
603026.SH,2026-03-23 14:42:00,75.92,76.02,75.77,75.88,70400,5342955
603026.SH,2026-03-23 14:43:00,75.89,75.89,75.69,75.69,66400,5031082
603026.SH,2026-03-23 14:44:00,75.69,75.7,75.65,75.67,91900,6953729
603026.SH,2026-03-23 14:45:00,75.66,75.66,75.48,75.48,70700,5340523
603026.SH,2026-03-23 14:46:00,75.47,75.6,75.47,75.53,83750,6326620
603026.SH,2026-03-23 14:47:00,75.51,75.51,75.37,75.38,142200,10723428
603026.SH,2026-03-23 14:48:00,75.38,75.39,75.35,75.38,82400,6210162
603026.SH,2026-03-23 14:49:00,75.39,75.58,75.39,75.49,164700,12423008
603026.SH,2026-03-23 14:50:00,75.3,75.41,75.23,75.26,300084,22590756
603026.SH,2026-03-23 14:51:00,75.41,75.59,75.2,75.39,211265,15925307
603026.SH,2026-03-23 14:52:00,75.3,75.3,75.17,75.27,186600,14021954
603026.SH,2026-03-23 14:53:00,75.27,75.27,75.0,75.16,151000,11342485
603026.SH,2026-03-23 14:54:00,75.15,75.56,75.15,75.49,119991,9032406
603026.SH,2026-03-23 14:55:00,75.34,75.44,75.3,75.37,152200,11467970
603026.SH,2026-03-23 14:56:00,75.33,75.48,75.33,75.47,91300,6884453
603026.SH,2026-03-23 14:57:00,75.47,76.0,75.46,76.0,129300,9765921
603026.SH,2026-03-23 14:58:00,76.0,76.0,76.0,76.0,0,0
603026.SH,2026-03-23 14:59:00,76.0,76.0,76.0,76.0,0,0
603026.SH,2026-03-23 15:00:00,75.56,75.56,75.56,75.56,171600,12966096
603026.SH,2026-03-24 09:30:00,76.9,76.9,76.9,76.9,198000,15226200
603026.SH,2026-03-24 09:31:00,77.15,77.6,77.05,77.44,675300,52185004
603026.SH,2026-03-24 09:32:00,77.49,77.52,76.96,76.96,757500,58600350
603026.SH,2026-03-24 09:33:00,76.96,78.68,76.93,78.59,485944,37668252
603026.SH,2026-03-24 09:34:00,78.86,79.18,78.03,78.04,682500,53683030
603026.SH,2026-03-24 09:35:00,78.06,79.49,78.03,79.49,526800,41417030
603026.SH,2026-03-24 09:36:00,79.66,80.49,79.05,79.05,1034000,82561016
603026.SH,2026-03-24 09:37:00,79.01,79.43,78.41,78.41,412600,32614978
603026.SH,2026-03-24 09:38:00,78.3,78.3,77.77,78.1,327200,25524160
603026.SH,2026-03-24 09:39:00,78.04,78.04,77.35,77.57,296500,23035562
603026.SH,2026-03-24 09:40:00,77.6,77.84,77.4,77.84,204150,15824541
603026.SH,2026-03-24 09:41:00,77.88,78.06,77.84,78.05,209900,16364161
603026.SH,2026-03-24 09:42:00,78.08,78.3,77.43,77.44,225900,17575224
603026.SH,2026-03-24 09:43:00,77.38,77.84,77.23,77.67,327200,25323800
603026.SH,2026-03-24 09:44:00,77.5,77.62,77.3,77.31,162700,12603117
603026.SH,2026-03-24 09:45:00,77.29,77.5,77.0,77.5,210900,16275277
603026.SH,2026-03-24 09:46:00,77.44,77.6,77.3,77.55,156100,12090221
603026.SH,2026-03-24 09:47:00,77.61,78.16,77.61,77.99,202700,15798641
603026.SH,2026-03-24 09:48:00,78.08,78.7,78.08,78.44,211100,16554142
603026.SH,2026-03-24 09:49:00,78.22,78.22,77.51,77.76,153400,11929094
603026.SH,2026-03-24 09:50:00,77.76,77.76,77.27,77.33,107700,8351967
603026.SH,2026-03-24 09:51:00,77.27,77.27,77.02,77.08,232500,17922260
603026.SH,2026-03-24 09:52:00,77.16,77.2,77.0,77.04,140700,10848112
603026.SH,2026-03-24 09:53:00,76.98,77.58,76.72,77.57,274700,21195672
603026.SH,2026-03-24 09:54:00,77.69,77.69,77.11,77.36,161900,12530915
603026.SH,2026-03-24 09:55:00,77.37,77.75,77.36,77.41,146600,11384739
603026.SH,2026-03-24 09:56:00,77.35,77.51,77.19,77.4,104859,8111095
603026.SH,2026-03-24 09:57:00,77.41,77.41,77.12,77.32,102700,7930085
603026.SH,2026-03-24 09:58:00,77.29,77.29,76.76,76.76,148000,11386752
603026.SH,2026-03-24 09:59:00,76.83,77.34,76.83,77.3,158500,12211258
603026.SH,2026-03-24 10:00:00,77.24,77.3,76.75,76.75,61000,4697209
603026.SH,2026-03-24 10:01:00,76.72,77.19,76.7,76.91,149800,11509422
603026.SH,2026-03-24 10:02:00,76.87,76.99,76.77,76.92,78100,6005361
603026.SH,2026-03-24 10:03:00,76.92,77.7,76.91,77.7,93900,7249460
603026.SH,2026-03-24 10:04:00,77.8,77.8,77.19,77.33,88100,6821168
603026.SH,2026-03-24 10:05:00,77.25,77.33,76.98,76.98,80500,6211546
603026.SH,2026-03-24 10:06:00,76.94,77.02,76.75,77.02,68600,5272833
603026.SH,2026-03-24 10:07:00,77.03,77.22,77.0,77.13,53200,4104475
603026.SH,2026-03-24 10:08:00,77.12,77.29,77.02,77.19,74400,5739415
603026.SH,2026-03-24 10:09:00,77.28,77.6,77.26,77.49,51000,3945246
603026.SH,2026-03-24 10:10:00,77.4,77.4,77.02,77.02,47900,3701015
603026.SH,2026-03-24 10:11:00,76.93,76.93,76.36,76.39,133800,10259369
603026.SH,2026-03-24 10:12:00,76.41,76.62,76.3,76.62,105200,8046462
603026.SH,2026-03-24 10:13:00,76.57,76.57,76.0,76.15,142200,10836934
603026.SH,2026-03-24 10:14:00,76.0,76.1,75.88,76.0,150300,11422453
603026.SH,2026-03-24 10:15:00,75.96,76.02,75.95,76.02,106762,8113416
603026.SH,2026-03-24 10:16:00,76.06,76.06,75.96,75.96,144700,10998561
603026.SH,2026-03-24 10:17:00,75.95,76.07,75.89,75.96,140000,10630437
603026.SH,2026-03-24 10:18:00,75.97,76.04,75.95,76.0,49388,3752377
603026.SH,2026-03-24 10:19:00,76.0,76.03,76.0,76.03,41200,3131869
603026.SH,2026-03-24 10:20:00,76.05,76.32,76.05,76.32,53799,4097046
603026.SH,2026-03-24 10:21:00,76.32,76.85,76.32,76.85,57100,4374631
603026.SH,2026-03-24 10:22:00,76.86,76.88,76.33,76.43,42000,3216567
603026.SH,2026-03-24 10:23:00,76.5,76.85,76.5,76.6,45000,3451601
603026.SH,2026-03-24 10:24:00,76.7,77.3,76.7,77.3,86700,6661958
603026.SH,2026-03-24 10:25:00,77.2,77.2,76.8,77.09,96600,7447228
603026.SH,2026-03-24 10:26:00,76.96,77.26,76.75,77.14,60700,4678827
603026.SH,2026-03-24 10:27:00,77.03,77.16,77.03,77.03,32100,2474539
603026.SH,2026-03-24 10:28:00,77.03,77.37,77.02,77.37,139704,10780000
603026.SH,2026-03-24 10:29:00,77.33,77.45,77.1,77.45,81900,6324394
603026.SH,2026-03-24 10:30:00,77.33,77.45,77.33,77.37,29500,2282920
603026.SH,2026-03-24 10:31:00,77.41,77.82,77.36,77.82,99700,7730858
603026.SH,2026-03-24 10:32:00,77.81,77.94,77.75,77.94,188100,14637338
603026.SH,2026-03-24 10:33:00,77.91,78.17,77.91,78.1,158300,12348689
603026.SH,2026-03-24 10:34:00,78.09,78.12,78.05,78.06,97900,7644969
603026.SH,2026-03-24 10:35:00,78.03,78.12,77.86,77.86,69500,5424501
603026.SH,2026-03-24 10:36:00,77.84,78.37,77.77,78.37,135800,10598429
603026.SH,2026-03-24 10:37:00,78.37,78.37,77.9,78.0,72400,5662682
603026.SH,2026-03-24 10:38:00,77.89,77.9,77.75,77.82,51600,4014453
603026.SH,2026-03-24 10:39:00,77.88,78.04,77.88,78.02,28800,2245874
603026.SH,2026-03-24 10:40:00,78.04,78.08,77.9,77.9,48200,3760431
603026.SH,2026-03-24 10:41:00,77.95,77.95,77.7,77.82,69500,5404939
603026.SH,2026-03-24 10:42:00,77.74,77.85,77.74,77.85,37700,2932740
603026.SH,2026-03-24 10:43:00,77.85,77.85,77.77,77.82,22800,1774186
603026.SH,2026-03-24 10:44:00,77.82,77.9,77.75,77.9,50400,3920478
603026.SH,2026-03-24 10:45:00,77.9,78.31,77.9,78.31,60600,4731795
603026.SH,2026-03-24 10:46:00,78.32,78.38,78.32,78.36,86364,6767987
603026.SH,2026-03-24 10:47:00,78.36,78.36,78.01,78.01,38136,2982647
603026.SH,2026-03-24 10:48:00,78.07,78.19,78.01,78.01,65700,5127644
603026.SH,2026-03-24 10:49:00,77.85,77.85,77.36,77.41,47400,3678162
603026.SH,2026-03-24 10:50:00,77.51,77.67,77.45,77.53,23600,1829916
603026.SH,2026-03-24 10:51:00,77.53,77.53,77.05,77.05,43200,3339578
603026.SH,2026-03-24 10:52:00,77.0,77.11,76.92,77.1,79500,6118675
603026.SH,2026-03-24 10:53:00,77.11,77.27,77.11,77.22,23700,1829610
603026.SH,2026-03-24 10:54:00,77.21,77.25,77.2,77.2,41700,3220929
603026.SH,2026-03-24 10:55:00,77.25,77.25,77.11,77.17,22500,1736333
603026.SH,2026-03-24 10:56:00,77.1,77.5,77.1,77.38,98900,7640316
603026.SH,2026-03-24 10:57:00,77.31,77.85,77.24,77.85,17300,1340804
603026.SH,2026-03-24 10:58:00,77.88,77.93,77.6,77.6,89200,6967478
603026.SH,2026-03-24 10:59:00,77.6,77.78,77.57,77.68,16300,1265228
603026.SH,2026-03-24 11:00:00,77.77,77.92,77.7,77.7,27000,2099672
603026.SH,2026-03-24 11:01:00,77.68,77.69,77.42,77.48,26000,2016756
603026.SH,2026-03-24 11:02:00,77.42,77.7,77.37,77.53,46300,3584225
603026.SH,2026-03-24 11:03:00,77.53,77.54,77.44,77.51,12800,991571
603026.SH,2026-03-24 11:04:00,77.51,77.77,77.5,77.77,15200,1179780
603026.SH,2026-03-24 11:05:00,77.78,77.83,77.78,77.78,16900,1314667
603026.SH,2026-03-24 11:06:00,77.79,77.89,77.77,77.84,30500,2373582
603026.SH,2026-03-24 11:07:00,77.8,77.86,77.7,77.86,20700,1609833
603026.SH,2026-03-24 11:08:00,77.89,77.96,77.77,77.77,21300,1657944
603026.SH,2026-03-24 11:09:00,77.77,77.77,77.47,77.47,10800,837573
603026.SH,2026-03-24 11:10:00,77.47,77.49,77.45,77.45,16600,1285968
603026.SH,2026-03-24 11:11:00,77.45,77.78,77.45,77.77,15700,1217702
603026.SH,2026-03-24 11:12:00,77.6,77.69,77.52,77.52,14000,1086925
603026.SH,2026-03-24 11:13:00,77.52,77.7,77.41,77.43,30000,2327295
603026.SH,2026-03-24 11:14:00,77.6,77.78,77.6,77.78,63600,4938741
603026.SH,2026-03-24 11:15:00,77.75,78.0,77.73,78.0,26500,2061821
603026.SH,2026-03-24 11:16:00,78.0,78.0,77.82,77.82,22200,1729866
603026.SH,2026-03-24 11:17:00,77.81,78.0,77.8,78.0,46400,3613644
603026.SH,2026-03-24 11:18:00,77.98,78.2,77.95,78.07,45400,3541934
603026.SH,2026-03-24 11:19:00,78.06,78.07,77.8,77.98,57300,4466272
603026.SH,2026-03-24 11:20:00,77.97,77.97,77.88,77.9,10300,802701
603026.SH,2026-03-24 11:21:00,77.84,77.9,77.84,77.89,41500,3232473
603026.SH,2026-03-24 11:22:00,77.84,77.9,77.83,77.86,25800,2009172
603026.SH,2026-03-24 11:23:00,77.88,77.93,77.83,77.9,38200,2975785
603026.SH,2026-03-24 11:24:00,77.92,77.96,77.9,77.91,18900,1472620
603026.SH,2026-03-24 11:25:00,77.9,77.98,77.88,77.9,41600,3241351
603026.SH,2026-03-24 11:26:00,77.9,77.93,77.78,77.93,46800,3641598
603026.SH,2026-03-24 11:27:00,77.85,77.92,77.8,77.83,17800,1385600
603026.SH,2026-03-24 11:28:00,77.81,77.81,77.75,77.8,65400,5086611
603026.SH,2026-03-24 11:29:00,77.83,77.92,77.81,77.92,19200,1494799
603026.SH,2026-03-24 11:30:00,77.9,77.99,77.88,77.88,18300,1426287
603026.SH,2026-03-24 13:01:00,77.97,77.97,77.38,77.58,219400,17029432
603026.SH,2026-03-24 13:02:00,77.46,77.46,76.89,76.89,181000,13987529
603026.SH,2026-03-24 13:03:00,76.9,76.9,76.77,76.8,57300,4404298
603026.SH,2026-03-24 13:04:00,76.85,76.87,76.77,76.87,31100,2389166
603026.SH,2026-03-24 13:05:00,76.87,76.9,76.78,76.78,26900,2066854
603026.SH,2026-03-24 13:06:00,76.77,76.77,76.54,76.58,49900,3825114
603026.SH,2026-03-24 13:07:00,76.58,76.67,76.58,76.63,19100,1463197
603026.SH,2026-03-24 13:08:00,76.68,76.85,76.68,76.85,26800,2056960
603026.SH,2026-03-24 13:09:00,76.82,76.82,76.59,76.61,55500,4254836
603026.SH,2026-03-24 13:10:00,76.61,76.73,76.6,76.65,15200,1165011
603026.SH,2026-03-24 13:11:00,76.66,76.69,76.6,76.6,47200,3617367
603026.SH,2026-03-24 13:12:00,76.67,76.96,76.67,76.96,25800,1980569
603026.SH,2026-03-24 13:13:00,76.88,76.88,76.72,76.74,30400,2335122
603026.SH,2026-03-24 13:14:00,76.7,76.75,76.61,76.61,24400,1871183
603026.SH,2026-03-24 13:15:00,76.61,76.75,76.61,76.66,12500,958204
603026.SH,2026-03-24 13:16:00,76.61,76.72,76.5,76.66,65000,4977014
603026.SH,2026-03-24 13:17:00,76.66,76.73,76.65,76.72,13000,997089
603026.SH,2026-03-24 13:18:00,76.72,76.74,76.68,76.68,11900,912881
603026.SH,2026-03-24 13:19:00,76.68,76.75,76.65,76.65,28000,2146800
603026.SH,2026-03-24 13:20:00,76.65,76.75,76.58,76.7,33700,2582713
603026.SH,2026-03-24 13:21:00,76.7,76.81,76.7,76.76,11000,844373
603026.SH,2026-03-24 13:22:00,76.78,76.85,76.78,76.82,16700,1282705
603026.SH,2026-03-24 13:23:00,76.8,76.82,76.65,76.65,30300,2326047
603026.SH,2026-03-24 13:24:00,76.65,76.65,76.57,76.62,39400,3017751
603026.SH,2026-03-24 13:25:00,76.62,76.63,76.57,76.57,40300,3086265
603026.SH,2026-03-24 13:26:00,76.59,76.59,76.54,76.54,19700,1508166
603026.SH,2026-03-24 13:27:00,76.53,76.53,76.44,76.44,32100,2455325
603026.SH,2026-03-24 13:28:00,76.45,76.45,76.33,76.33,13100,1000864
603026.SH,2026-03-24 13:29:00,76.34,76.4,76.29,76.3,33600,2564568
603026.SH,2026-03-24 13:30:00,76.22,76.3,76.22,76.29,29400,2242162
603026.SH,2026-03-24 13:31:00,76.28,76.41,76.28,76.31,24700,1885385
603026.SH,2026-03-24 13:32:00,76.43,76.57,76.4,76.57,27500,2102621
603026.SH,2026-03-24 13:33:00,76.57,76.67,76.55,76.61,37500,2872471
603026.SH,2026-03-24 13:34:00,76.48,76.65,76.48,76.65,15100,1155826
603026.SH,2026-03-24 13:35:00,76.64,76.64,76.56,76.56,18500,1416871
603026.SH,2026-03-24 13:36:00,76.55,76.8,76.55,76.8,24200,1854272
603026.SH,2026-03-24 13:37:00,76.85,76.88,76.76,76.86,35800,2750037
603026.SH,2026-03-24 13:38:00,76.85,76.93,76.84,76.84,20600,1583330
603026.SH,2026-03-24 13:39:00,76.88,76.97,76.64,76.64,42500,3264191
603026.SH,2026-03-24 13:40:00,76.64,76.9,76.64,76.84,16900,1297984
603026.SH,2026-03-24 13:41:00,76.84,76.86,76.65,76.81,26000,1996408
603026.SH,2026-03-24 13:42:00,76.81,76.81,76.63,76.78,34300,2630451
603026.SH,2026-03-24 13:43:00,76.76,76.79,76.58,76.76,16900,1296103
603026.SH,2026-03-24 13:44:00,76.77,76.77,76.62,76.65,21300,1633729
603026.SH,2026-03-24 13:45:00,76.6,76.6,76.49,76.5,50100,3834460
603026.SH,2026-03-24 13:46:00,76.59,76.75,76.51,76.68,28100,2154012
603026.SH,2026-03-24 13:47:00,76.68,76.9,76.68,76.73,36100,2771371
603026.SH,2026-03-24 13:48:00,76.73,76.73,76.5,76.57,30900,2367475
603026.SH,2026-03-24 13:49:00,76.58,76.63,76.51,76.51,26700,2044912
603026.SH,2026-03-24 13:50:00,76.62,76.62,76.51,76.57,29900,2288690
603026.SH,2026-03-24 13:51:00,76.54,76.61,76.54,76.55,16000,1225047
603026.SH,2026-03-24 13:52:00,76.55,76.55,76.48,76.48,63500,4858811
603026.SH,2026-03-24 13:53:00,76.46,76.76,76.46,76.7,80100,6135437
603026.SH,2026-03-24 13:54:00,76.7,76.77,76.7,76.72,22400,1718737
603026.SH,2026-03-24 13:55:00,76.73,76.73,76.53,76.58,19700,1509042
603026.SH,2026-03-24 13:56:00,76.56,76.57,76.52,76.55,23900,1829509
603026.SH,2026-03-24 13:57:00,76.54,76.6,76.54,76.59,22600,1730409
603026.SH,2026-03-24 13:58:00,76.57,76.7,76.57,76.67,32300,2474968
603026.SH,2026-03-24 13:59:00,76.77,76.9,76.71,76.71,18200,1397460
603026.SH,2026-03-24 14:00:00,76.71,76.86,76.68,76.68,50900,3906892
603026.SH,2026-03-24 14:01:00,76.6,76.75,76.58,76.75,20800,1594985
603026.SH,2026-03-24 14:02:00,76.74,76.74,76.6,76.6,14900,1142144
603026.SH,2026-03-24 14:03:00,76.6,76.8,76.58,76.8,27700,2122879
603026.SH,2026-03-24 14:04:00,76.75,76.81,76.63,76.7,31800,2439664
603026.SH,2026-03-24 14:05:00,76.75,76.75,76.62,76.69,25700,1970782
603026.SH,2026-03-24 14:06:00,76.68,76.7,76.66,76.68,22800,1748268
603026.SH,2026-03-24 14:07:00,76.68,76.68,76.6,76.68,35000,2682446
603026.SH,2026-03-24 14:08:00,76.68,76.8,76.68,76.77,22900,1756977
603026.SH,2026-03-24 14:09:00,76.78,77.18,76.76,77.18,107900,8300547
603026.SH,2026-03-24 14:10:00,77.17,77.18,77.04,77.04,27500,2121147
603026.SH,2026-03-24 14:11:00,77.1,77.12,77.04,77.08,43200,3329929
603026.SH,2026-03-24 14:12:00,77.04,77.08,77.0,77.07,27400,2111312
603026.SH,2026-03-24 14:13:00,77.06,77.09,77.06,77.08,18000,1387191
603026.SH,2026-03-24 14:14:00,77.07,77.2,77.02,77.2,40200,3099001
603026.SH,2026-03-24 14:15:00,77.21,77.3,77.2,77.3,32400,2502921
603026.SH,2026-03-24 14:16:00,77.29,77.32,77.23,77.23,40200,3106116
603026.SH,2026-03-24 14:17:00,77.2,77.25,77.06,77.25,38100,2939543
603026.SH,2026-03-24 14:18:00,77.26,77.4,77.26,77.26,31300,2419753
603026.SH,2026-03-24 14:19:00,77.26,77.53,77.26,77.53,66400,5142172
603026.SH,2026-03-24 14:20:00,77.53,77.62,77.49,77.49,65900,5111781
603026.SH,2026-03-24 14:21:00,77.49,77.88,77.45,77.88,47800,3714196
603026.SH,2026-03-24 14:22:00,77.88,77.88,77.7,77.8,49200,3826262
603026.SH,2026-03-24 14:23:00,77.8,78.36,77.8,78.32,170400,13321288
603026.SH,2026-03-24 14:24:00,78.34,78.36,78.0,78.0,48700,3808644
603026.SH,2026-03-24 14:25:00,78.02,78.25,78.02,78.06,101100,7900206
603026.SH,2026-03-24 14:26:00,78.06,78.13,77.91,78.0,76400,5958908
603026.SH,2026-03-24 14:27:00,78.0,78.0,77.71,77.73,68100,5304953
603026.SH,2026-03-24 14:28:00,77.73,77.98,77.73,77.91,33800,2631366
603026.SH,2026-03-24 14:29:00,77.98,78.0,77.9,77.9,62100,4842400
603026.SH,2026-03-24 14:30:00,77.86,78.12,77.85,78.08,70700,5514254
603026.SH,2026-03-24 14:31:00,78.1,78.2,78.07,78.1,70400,5503331
603026.SH,2026-03-24 14:32:00,78.06,78.2,78.06,78.17,41100,3211881
603026.SH,2026-03-24 14:33:00,78.16,78.2,78.02,78.03,70300,5493897
603026.SH,2026-03-24 14:34:00,78.03,78.14,77.96,77.99,78600,6133410
603026.SH,2026-03-24 14:35:00,77.99,77.99,77.91,77.94,26000,2026921
603026.SH,2026-03-24 14:36:00,77.92,77.96,77.92,77.93,42200,3289513
603026.SH,2026-03-24 14:37:00,77.91,77.91,77.85,77.9,62100,4837067
603026.SH,2026-03-24 14:38:00,77.91,77.98,77.81,77.9,79900,6223670
603026.SH,2026-03-24 14:39:00,77.91,77.95,77.9,77.9,60500,4713985
603026.SH,2026-03-24 14:40:00,77.89,77.9,77.85,77.85,45100,3512441
603026.SH,2026-03-24 14:41:00,77.85,77.96,77.85,77.96,24400,1901524
603026.SH,2026-03-24 14:42:00,77.97,78.02,77.97,78.0,59900,4671678
603026.SH,2026-03-24 14:43:00,78.0,78.11,78.0,78.11,57000,4449344
603026.SH,2026-03-24 14:44:00,78.09,78.2,78.05,78.2,98700,7711779
603026.SH,2026-03-24 14:45:00,78.2,78.32,78.2,78.32,87500,6849881
603026.SH,2026-03-24 14:46:00,78.34,78.37,78.11,78.11,118000,9237482
603026.SH,2026-03-24 14:47:00,78.03,78.21,78.03,78.21,48600,3797349
603026.SH,2026-03-24 14:48:00,78.21,78.23,78.18,78.23,72800,5692675
603026.SH,2026-03-24 14:49:00,78.23,78.28,78.21,78.23,100864,7891336
603026.SH,2026-03-24 14:50:00,78.23,78.29,78.21,78.21,135036,10566549
603026.SH,2026-03-24 14:51:00,78.19,78.26,78.16,78.26,71800,5616626
603026.SH,2026-03-24 14:52:00,78.26,78.27,78.25,78.26,64064,5013449
603026.SH,2026-03-24 14:53:00,78.26,78.38,78.26,78.38,71719,5617613
603026.SH,2026-03-24 14:54:00,78.38,78.52,78.38,78.42,363895,28551104
603026.SH,2026-03-24 14:55:00,78.46,78.5,78.46,78.49,182000,14284857
603026.SH,2026-03-24 14:56:00,78.48,78.49,78.45,78.49,132000,10358697
603026.SH,2026-03-24 14:57:00,78.48,78.5,78.39,78.44,214100,16799626
603026.SH,2026-03-24 14:58:00,78.47,78.47,78.47,78.47,5800,455215
603026.SH,2026-03-24 14:59:00,78.47,78.47,78.47,78.47,0,0
603026.SH,2026-03-24 15:00:00,78.4,78.4,78.4,78.4,369500,28968800
603026.SH,2026-03-25 09:30:00,78.39,78.39,78.35,78.39,233100,18272704
603026.SH,2026-03-25 09:31:00,78.27,78.5,76.91,76.95,576700,44822120
603026.SH,2026-03-25 09:32:00,76.89,76.89,75.73,76.07,503400,38289104
603026.SH,2026-03-25 09:33:00,76.01,76.21,75.66,76.21,574261,43594656
603026.SH,2026-03-25 09:34:00,76.38,76.74,76.37,76.5,336900,25785700
603026.SH,2026-03-25 09:35:00,76.5,77.01,76.48,76.92,302000,23211542
603026.SH,2026-03-25 09:36:00,76.9,76.9,76.3,76.48,355900,27244100
603026.SH,2026-03-25 09:37:00,76.47,76.87,76.37,76.73,242100,18528548
603026.SH,2026-03-25 09:38:00,76.77,77.17,76.77,77.04,216500,16666998
603026.SH,2026-03-25 09:39:00,76.9,77.1,76.52,76.52,239657,18406568
603026.SH,2026-03-25 09:40:00,76.52,76.8,76.52,76.74,167100,12810343
603026.SH,2026-03-25 09:41:00,76.62,77.06,76.6,77.05,203400,15631589
603026.SH,2026-03-25 09:42:00,76.98,77.06,76.54,76.54,152900,11755071
603026.SH,2026-03-25 09:43:00,76.52,77.07,76.51,77.07,137911,10572204
603026.SH,2026-03-25 09:44:00,77.08,77.13,76.98,77.03,159089,12255111
603026.SH,2026-03-25 09:45:00,77.01,77.01,76.58,76.58,129300,9929847
603026.SH,2026-03-25 09:46:00,76.54,76.54,76.11,76.2,263883,20139804
603026.SH,2026-03-25 09:47:00,76.05,76.27,76.05,76.19,243400,18533048
603026.SH,2026-03-25 09:48:00,76.1,76.67,76.08,76.67,195100,14871547
603026.SH,2026-03-25 09:49:00,76.68,76.8,76.36,76.36,100000,7663590
603026.SH,2026-03-25 09:50:00,76.38,76.43,76.37,76.41,141500,10809564
603026.SH,2026-03-25 09:51:00,76.37,76.6,76.37,76.6,118400,9050618
603026.SH,2026-03-25 09:52:00,76.66,76.93,76.6,76.92,87100,6690660
603026.SH,2026-03-25 09:53:00,76.92,77.06,76.92,77.06,150100,11556247
603026.SH,2026-03-25 09:54:00,77.1,77.19,77.1,77.18,116800,9012284
603026.SH,2026-03-25 09:55:00,77.17,77.17,76.99,77.0,149400,11511498
603026.SH,2026-03-25 09:56:00,76.99,77.1,76.99,77.1,126100,9715164
603026.SH,2026-03-25 09:57:00,77.11,77.18,77.1,77.15,97900,7549443
603026.SH,2026-03-25 09:58:00,77.16,77.4,77.1,77.4,95500,7375100
603026.SH,2026-03-25 09:59:00,77.4,77.5,77.12,77.24,123900,9582884
603026.SH,2026-03-25 10:00:00,77.23,77.23,76.91,76.91,111800,8617287
603026.SH,2026-03-25 10:01:00,76.9,76.9,76.37,76.45,107500,8233884
603026.SH,2026-03-25 10:02:00,76.56,76.8,76.56,76.75,81100,6217769
603026.SH,2026-03-25 10:03:00,76.71,76.71,76.45,76.47,109800,8407359
603026.SH,2026-03-25 10:04:00,76.47,76.68,76.47,76.65,67600,5180495
603026.SH,2026-03-25 10:05:00,76.68,76.82,76.67,76.82,54800,4203173
603026.SH,2026-03-25 10:06:00,76.75,76.8,76.44,76.44,131200,10046350
603026.SH,2026-03-25 10:07:00,76.45,76.45,76.2,76.24,111000,8476666
603026.SH,2026-03-25 10:08:00,76.18,76.18,76.11,76.14,98400,7492527
603026.SH,2026-03-25 10:09:00,76.14,76.2,76.01,76.01,147901,11257414
603026.SH,2026-03-25 10:10:00,76.01,76.12,76.01,76.12,102700,7809223
603026.SH,2026-03-25 10:11:00,76.15,76.19,76.0,76.02,138200,10512472
603026.SH,2026-03-25 10:12:00,76.02,76.11,76.01,76.01,57400,4364249
603026.SH,2026-03-25 10:13:00,76.03,76.1,76.03,76.06,47600,3620631
603026.SH,2026-03-25 10:14:00,76.06,76.37,76.06,76.37,43400,3305211
603026.SH,2026-03-25 10:15:00,76.37,76.38,76.25,76.25,44000,3358843
603026.SH,2026-03-25 10:16:00,76.25,76.25,76.11,76.15,53700,4089510
603026.SH,2026-03-25 10:17:00,76.18,76.18,76.15,76.17,53500,4075063
603026.SH,2026-03-25 10:18:00,76.18,76.19,76.0,76.0,160400,12196765
603026.SH,2026-03-25 10:19:00,76.0,76.0,75.81,75.81,144585,10978421
603026.SH,2026-03-25 10:20:00,75.81,75.88,75.81,75.88,106200,8053283
603026.SH,2026-03-25 10:21:00,75.88,76.01,75.83,76.01,73500,5576788
603026.SH,2026-03-25 10:22:00,75.97,76.0,75.7,75.77,111000,8415490
603026.SH,2026-03-25 10:23:00,75.7,75.74,75.6,75.63,141800,10730142
603026.SH,2026-03-25 10:24:00,75.61,75.61,75.21,75.36,268964,20278126
603026.SH,2026-03-25 10:25:00,75.38,75.64,75.32,75.62,115100,8686306
603026.SH,2026-03-25 10:26:00,75.66,75.84,75.66,75.84,47000,3559854
603026.SH,2026-03-25 10:27:00,75.88,75.88,75.66,75.66,76100,5766334
603026.SH,2026-03-25 10:28:00,75.65,75.65,75.59,75.62,57600,4355594
603026.SH,2026-03-25 10:29:00,75.65,75.66,75.62,75.66,45000,3404080
603026.SH,2026-03-25 10:30:00,75.64,75.76,75.64,75.74,50300,3806200
603026.SH,2026-03-25 10:31:00,75.8,76.16,75.8,76.16,41800,3176565
603026.SH,2026-03-25 10:32:00,76.2,76.41,76.2,76.41,85900,6554502
603026.SH,2026-03-25 10:33:00,76.41,76.41,76.19,76.2,65800,5019566
603026.SH,2026-03-25 10:34:00,76.09,76.18,75.88,76.03,64200,4882392
603026.SH,2026-03-25 10:35:00,76.03,76.11,76.0,76.1,70800,5382378
603026.SH,2026-03-25 10:36:00,76.11,76.15,75.96,75.96,90100,6856078
603026.SH,2026-03-25 10:37:00,75.96,75.99,75.9,75.95,20000,1518720
603026.SH,2026-03-25 10:38:00,75.96,76.1,75.96,75.99,23000,1748974
603026.SH,2026-03-25 10:39:00,76.04,76.04,75.96,75.99,33500,2545853
603026.SH,2026-03-25 10:40:00,75.98,76.0,75.72,75.73,86800,6586890
603026.SH,2026-03-25 10:41:00,75.73,76.13,75.7,76.12,39400,2990648
603026.SH,2026-03-25 10:42:00,76.19,76.41,76.14,76.41,35800,2729604
603026.SH,2026-03-25 10:43:00,76.41,76.55,76.4,76.55,62000,4739726
603026.SH,2026-03-25 10:44:00,76.62,76.73,76.5,76.5,60500,4637326
603026.SH,2026-03-25 10:45:00,76.53,76.53,76.28,76.36,35103,2680044
603026.SH,2026-03-25 10:46:00,76.39,76.43,76.24,76.37,67900,5184641
603026.SH,2026-03-25 10:47:00,76.36,76.4,76.3,76.31,18100,1381637
603026.SH,2026-03-25 10:48:00,76.3,76.31,76.15,76.16,20597,1569710
603026.SH,2026-03-25 10:49:00,76.16,76.31,76.13,76.31,27200,2072158
603026.SH,2026-03-25 10:50:00,76.32,76.34,76.3,76.31,12803,977126
603026.SH,2026-03-25 10:51:00,76.31,76.44,76.31,76.42,22700,1733751
603026.SH,2026-03-25 10:52:00,76.37,76.5,76.37,76.48,23100,1765105
603026.SH,2026-03-25 10:53:00,76.46,76.59,76.4,76.59,36400,2784524
603026.SH,2026-03-25 10:54:00,76.59,76.7,76.57,76.6,49400,3786054
603026.SH,2026-03-25 10:55:00,76.65,76.75,76.5,76.52,73600,5642185
603026.SH,2026-03-25 10:56:00,76.5,76.5,76.28,76.28,33200,2536551
603026.SH,2026-03-25 10:57:00,76.29,76.36,76.27,76.36,20600,1571789
603026.SH,2026-03-25 10:58:00,76.38,76.38,76.16,76.2,26200,1997608
603026.SH,2026-03-25 10:59:00,76.16,76.19,75.94,76.0,39100,2972831
603026.SH,2026-03-25 11:00:00,76.0,76.01,75.94,76.01,40000,3039043
603026.SH,2026-03-25 11:01:00,76.06,76.29,76.06,76.29,35353,2695453
603026.SH,2026-03-25 11:02:00,76.29,76.31,76.08,76.08,24395,1860602
603026.SH,2026-03-25 11:03:00,76.08,76.08,75.91,75.98,57400,4362527
603026.SH,2026-03-25 11:04:00,76.01,76.02,75.97,75.97,53000,4027121
603026.SH,2026-03-25 11:05:00,75.85,75.92,75.76,75.76,70000,5308138
603026.SH,2026-03-25 11:06:00,75.74,75.78,75.71,75.75,97500,7383732
603026.SH,2026-03-25 11:07:00,75.75,75.85,75.74,75.85,14300,1083332
603026.SH,2026-03-25 11:08:00,75.85,75.94,75.85,75.9,15800,1199233
603026.SH,2026-03-25 11:09:00,75.9,75.9,75.75,75.8,41600,3155499
603026.SH,2026-03-25 11:10:00,75.77,75.77,75.65,75.65,62800,4754903
603026.SH,2026-03-25 11:11:00,75.65,75.66,75.61,75.65,24600,1860853
603026.SH,2026-03-25 11:12:00,75.63,75.72,75.63,75.68,36000,2724153
603026.SH,2026-03-25 11:13:00,75.63,75.68,75.57,75.58,51000,3856280
603026.SH,2026-03-25 11:14:00,75.58,75.62,75.58,75.62,22100,1670493
603026.SH,2026-03-25 11:15:00,75.52,75.52,75.47,75.49,109000,8231655
603026.SH,2026-03-25 11:16:00,75.48,75.61,75.47,75.61,24700,1864711
603026.SH,2026-03-25 11:17:00,75.61,75.75,75.6,75.75,25500,1929391
603026.SH,2026-03-25 11:18:00,75.7,75.7,75.45,75.46,52700,3981486
603026.SH,2026-03-25 11:19:00,75.45,75.49,75.45,75.45,29100,2195942
603026.SH,2026-03-25 11:20:00,75.46,75.59,75.45,75.52,28400,2144369
603026.SH,2026-03-25 11:21:00,75.51,75.51,75.36,75.36,69300,5228087
603026.SH,2026-03-25 11:22:00,75.35,75.36,75.33,75.36,24700,1861125
603026.SH,2026-03-25 11:23:00,75.38,75.45,75.38,75.43,17000,1282150
603026.SH,2026-03-25 11:24:00,75.35,75.43,75.34,75.4,31200,2352385
603026.SH,2026-03-25 11:25:00,75.4,75.45,75.4,75.45,28100,2119047
603026.SH,2026-03-25 11:26:00,75.45,75.54,75.43,75.54,23400,1766323
603026.SH,2026-03-25 11:27:00,75.52,75.57,75.51,75.54,31200,2356633
603026.SH,2026-03-25 11:28:00,75.55,75.59,75.51,75.57,28000,2115418
603026.SH,2026-03-25 11:29:00,75.5,75.57,75.5,75.51,9500,717666
603026.SH,2026-03-25 11:30:00,75.5,75.52,75.42,75.43,40100,3026072
603026.SH,2026-03-25 13:01:00,75.43,76.49,75.42,76.46,94204,7154060
603026.SH,2026-03-25 13:02:00,76.49,76.49,76.07,76.35,74500,5691570
603026.SH,2026-03-25 13:03:00,76.27,76.35,76.0,76.3,137000,10449374
603026.SH,2026-03-25 13:04:00,76.5,76.5,76.09,76.29,28200,2150467
603026.SH,2026-03-25 13:05:00,76.29,76.73,76.29,76.7,75000,5743978
603026.SH,2026-03-25 13:06:00,76.5,76.58,76.33,76.58,47800,3654823
603026.SH,2026-03-25 13:07:00,76.59,76.78,76.59,76.78,87900,6740486
603026.SH,2026-03-25 13:08:00,76.78,76.83,76.74,76.75,63600,4883433
603026.SH,2026-03-25 13:09:00,76.75,76.99,76.73,76.9,163600,12580236
603026.SH,2026-03-25 13:10:00,76.99,77.01,76.73,76.73,81400,6263849
603026.SH,2026-03-25 13:11:00,76.72,76.73,76.59,76.73,45400,3479894
603026.SH,2026-03-25 13:12:00,76.73,77.16,76.73,77.01,113000,8705493
603026.SH,2026-03-25 13:13:00,77.0,77.01,76.87,76.99,66200,5091457
603026.SH,2026-03-25 13:14:00,77.0,77.01,76.9,76.94,78400,6035160
603026.SH,2026-03-25 13:15:00,76.92,76.92,76.81,76.89,34500,2651613
603026.SH,2026-03-25 13:16:00,76.9,77.2,76.9,77.19,183300,14139086
603026.SH,2026-03-25 13:17:00,77.2,77.89,77.18,77.89,131697,10206833
603026.SH,2026-03-25 13:18:00,77.88,78.29,77.88,77.95,252900,19742360
603026.SH,2026-03-25 13:19:00,78.0,79.0,78.0,78.95,337823,26580416
603026.SH,2026-03-25 13:20:00,78.9,78.91,78.54,78.9,242700,19132632
603026.SH,2026-03-25 13:21:00,78.9,79.06,78.51,78.51,244700,19306972
603026.SH,2026-03-25 13:22:00,78.42,78.81,78.42,78.81,124600,9792598
603026.SH,2026-03-25 13:23:00,78.84,78.84,78.42,78.42,129300,10168588
603026.SH,2026-03-25 13:24:00,78.41,78.41,78.15,78.39,95600,7483790
603026.SH,2026-03-25 13:25:00,78.39,78.55,78.38,78.38,93600,7344212
603026.SH,2026-03-25 13:26:00,78.35,78.35,78.06,78.06,83000,6492039
603026.SH,2026-03-25 13:27:00,78.02,78.02,77.83,77.83,70600,5503884
603026.SH,2026-03-25 13:28:00,77.81,77.85,77.8,77.83,65700,5113897
603026.SH,2026-03-25 13:29:00,77.8,77.94,77.59,77.8,93300,7258241
603026.SH,2026-03-25 13:30:00,77.79,77.79,77.5,77.58,66000,5121675
603026.SH,2026-03-25 13:31:00,77.67,77.67,77.4,77.4,56500,4381256
603026.SH,2026-03-25 13:32:00,77.38,77.5,77.31,77.5,48400,3746666
603026.SH,2026-03-25 13:33:00,77.45,77.45,77.2,77.2,112003,8655437
603026.SH,2026-03-25 13:34:00,77.2,77.22,77.16,77.22,49300,3805509
603026.SH,2026-03-25 13:35:00,77.23,77.41,77.23,77.3,65400,5056155
603026.SH,2026-03-25 13:36:00,77.28,77.32,77.28,77.29,50900,3934448
603026.SH,2026-03-25 13:37:00,77.26,77.26,77.19,77.21,78000,6023896
603026.SH,2026-03-25 13:38:00,77.19,77.22,77.15,77.21,56100,4330083
603026.SH,2026-03-25 13:39:00,77.22,77.23,77.06,77.1,61900,4776399
603026.SH,2026-03-25 13:40:00,77.1,77.34,77.1,77.34,44400,3425820
603026.SH,2026-03-25 13:41:00,77.39,77.66,77.36,77.65,71400,5531044
603026.SH,2026-03-25 13:42:00,77.47,77.47,77.24,77.39,71300,5518304
603026.SH,2026-03-25 13:43:00,77.37,77.39,77.29,77.33,38100,2946802
603026.SH,2026-03-25 13:44:00,77.34,77.45,77.33,77.43,42900,3319733
603026.SH,2026-03-25 13:45:00,77.45,77.56,77.45,77.47,51000,3952414
603026.SH,2026-03-25 13:46:00,77.44,77.57,77.34,77.57,350800,27198888
603026.SH,2026-03-25 13:47:00,77.58,77.7,77.38,77.47,77600,6021583
603026.SH,2026-03-25 13:48:00,77.44,77.78,77.44,77.62,49300,3825568
603026.SH,2026-03-25 13:49:00,77.61,77.61,77.46,77.47,42000,3256286
603026.SH,2026-03-25 13:50:00,77.48,77.48,77.2,77.26,63500,4909394
603026.SH,2026-03-25 13:51:00,77.25,77.26,77.03,77.13,41000,3162709
603026.SH,2026-03-25 13:52:00,77.13,77.25,77.1,77.25,54100,4174703
603026.SH,2026-03-25 13:53:00,77.25,77.35,77.2,77.24,14000,1081789
603026.SH,2026-03-25 13:54:00,77.22,77.39,77.15,77.15,21000,1621335
603026.SH,2026-03-25 13:55:00,77.2,77.2,77.01,77.01,39000,3005910
603026.SH,2026-03-25 13:56:00,77.02,77.03,77.0,77.02,38500,2964757
603026.SH,2026-03-25 13:57:00,77.02,77.03,77.0,77.03,30500,2348898
603026.SH,2026-03-25 13:58:00,77.02,77.12,77.01,77.12,15300,1178575
603026.SH,2026-03-25 13:59:00,77.13,77.21,77.1,77.2,28200,2175814
603026.SH,2026-03-25 14:00:00,77.2,77.2,77.1,77.14,23800,1836195
603026.SH,2026-03-25 14:01:00,77.15,77.2,77.15,77.19,12000,925992
603026.SH,2026-03-25 14:02:00,77.19,77.2,77.11,77.2,15300,1180448
603026.SH,2026-03-25 14:03:00,77.19,77.2,76.98,76.99,64500,4969251
603026.SH,2026-03-25 14:04:00,76.98,76.98,76.96,76.96,11700,900552
603026.SH,2026-03-25 14:05:00,76.96,76.98,76.91,76.94,14800,1138804
603026.SH,2026-03-25 14:06:00,76.94,76.95,76.91,76.93,32400,2492613
603026.SH,2026-03-25 14:07:00,76.93,76.95,76.89,76.89,33800,2599351
603026.SH,2026-03-25 14:08:00,76.86,76.86,76.81,76.83,29100,2236543
603026.SH,2026-03-25 14:09:00,76.84,76.99,76.84,76.99,28200,2168596
603026.SH,2026-03-25 14:10:00,77.0,77.07,77.0,77.0,28700,2210170
603026.SH,2026-03-25 14:11:00,76.97,77.15,76.96,77.15,19400,1494837
603026.SH,2026-03-25 14:12:00,77.16,77.5,77.13,77.31,30200,2331967
603026.SH,2026-03-25 14:13:00,77.31,77.33,77.18,77.18,37100,2867406
603026.SH,2026-03-25 14:14:00,77.16,77.17,77.01,77.01,21400,1650742
603026.SH,2026-03-25 14:15:00,77.05,77.11,77.0,77.11,18700,1440921
603026.SH,2026-03-25 14:16:00,77.09,77.28,77.04,77.23,53000,4087859
603026.SH,2026-03-25 14:17:00,77.1,77.23,77.07,77.19,33500,2584175
603026.SH,2026-03-25 14:18:00,77.19,77.19,77.1,77.15,14700,1133965
603026.SH,2026-03-25 14:19:00,77.1,77.26,77.1,77.26,26400,2038193
603026.SH,2026-03-25 14:20:00,77.26,77.35,77.26,77.3,31300,2419661
603026.SH,2026-03-25 14:21:00,77.29,77.34,77.27,77.34,22800,1762641
603026.SH,2026-03-25 14:22:00,77.35,77.48,77.35,77.48,16700,1292313
603026.SH,2026-03-25 14:23:00,77.44,77.46,77.36,77.37,44800,3468606
603026.SH,2026-03-25 14:24:00,77.41,77.41,77.39,77.39,25900,2004582
603026.SH,2026-03-25 14:25:00,77.34,77.39,77.28,77.3,28700,2219666
603026.SH,2026-03-25 14:26:00,77.3,77.33,77.25,77.29,17800,1375764
603026.SH,2026-03-25 14:27:00,77.29,77.37,77.29,77.33,13800,1067123
603026.SH,2026-03-25 14:28:00,77.33,77.38,77.3,77.38,26400,2041863
603026.SH,2026-03-25 14:29:00,77.35,77.38,77.3,77.3,20200,1562559
603026.SH,2026-03-25 14:30:00,77.3,77.32,77.29,77.31,18600,1437881
603026.SH,2026-03-25 14:31:00,77.34,77.35,77.31,77.31,19700,1523327
603026.SH,2026-03-25 14:32:00,77.31,77.31,77.25,77.3,26400,2040522
603026.SH,2026-03-25 14:33:00,77.3,77.3,77.15,77.18,44900,3468244
603026.SH,2026-03-25 14:34:00,77.18,77.36,77.18,77.36,12200,943444
603026.SH,2026-03-25 14:35:00,77.36,77.36,77.3,77.36,53700,4153037
603026.SH,2026-03-25 14:36:00,77.35,77.55,77.35,77.44,71000,5501135
603026.SH,2026-03-25 14:37:00,77.44,77.47,77.43,77.47,41200,3190881
603026.SH,2026-03-25 14:38:00,77.46,77.46,77.36,77.37,94000,7278963
603026.SH,2026-03-25 14:39:00,77.37,77.38,77.3,77.33,34000,2629662
603026.SH,2026-03-25 14:40:00,77.33,77.33,77.21,77.21,27800,2148553
603026.SH,2026-03-25 14:41:00,77.29,77.29,77.21,77.24,30400,2347587
603026.SH,2026-03-25 14:42:00,77.22,77.32,77.22,77.32,28700,2217616
603026.SH,2026-03-25 14:43:00,77.32,77.41,77.32,77.41,41000,3171704
603026.SH,2026-03-25 14:44:00,77.41,77.41,77.3,77.33,39200,3031918
603026.SH,2026-03-25 14:45:00,77.32,77.32,77.28,77.29,52900,4088673
603026.SH,2026-03-25 14:46:00,77.29,77.31,77.29,77.31,44946,3474320
603026.SH,2026-03-25 14:47:00,77.31,77.33,77.31,77.32,37700,2914809
603026.SH,2026-03-25 14:48:00,77.3,77.32,77.29,77.32,61800,4777261
603026.SH,2026-03-25 14:49:00,77.32,77.33,77.32,77.32,36900,2853311
603026.SH,2026-03-25 14:50:00,77.32,77.35,77.32,77.35,60366,4668509
603026.SH,2026-03-25 14:51:00,77.32,77.46,77.3,77.46,169534,13120383
603026.SH,2026-03-25 14:52:00,77.38,77.56,77.38,77.56,44900,3478327
603026.SH,2026-03-25 14:53:00,77.55,77.58,77.52,77.58,121179,9396730
603026.SH,2026-03-25 14:54:00,77.56,77.77,77.56,77.66,122200,9495921
603026.SH,2026-03-25 14:55:00,77.65,77.66,77.6,77.62,99400,7715518
603026.SH,2026-03-25 14:56:00,77.62,77.62,77.45,77.53,110400,8560671
603026.SH,2026-03-25 14:57:00,77.53,77.59,77.52,77.56,158000,12250157
603026.SH,2026-03-25 14:58:00,77.56,77.56,77.56,77.56,0,0
603026.SH,2026-03-25 14:59:00,77.56,77.56,77.56,77.56,0,0
603026.SH,2026-03-25 15:00:00,77.56,77.56,77.56,77.56,197100,15287076
603026.SH,2026-03-26 09:30:00,76.75,76.86,76.71,76.86,76000,5833159
603026.SH,2026-03-26 09:31:00,76.8,78.4,76.8,78.06,423004,32777142
603026.SH,2026-03-26 09:32:00,78.4,79.56,78.0,78.97,544900,42868680
603026.SH,2026-03-26 09:33:00,78.97,79.3,78.97,78.97,526600,41633370
603026.SH,2026-03-26 09:34:00,78.79,79.9,78.5,79.79,579400,45959336
603026.SH,2026-03-26 09:35:00,79.76,80.3,79.74,80.15,780001,62357544
603026.SH,2026-03-26 09:36:00,80.14,81.59,80.14,81.08,969500,78491490
603026.SH,2026-03-26 09:37:00,81.08,81.34,80.19,80.3,615800,49895840
603026.SH,2026-03-26 09:38:00,80.3,80.93,80.3,80.69,588846,47470124
603026.SH,2026-03-26 09:39:00,80.64,80.64,80.35,80.39,280661,22591450
603026.SH,2026-03-26 09:40:00,80.38,81.0,80.37,80.75,362400,29246264
603026.SH,2026-03-26 09:41:00,80.76,81.32,80.74,81.2,486100,39400476
603026.SH,2026-03-26 09:42:00,81.31,82.0,81.31,81.83,950987,77781780
603026.SH,2026-03-26 09:43:00,81.48,81.67,81.08,81.14,360000,29311880
603026.SH,2026-03-26 09:44:00,81.07,81.07,80.3,80.5,314300,25341492
603026.SH,2026-03-26 09:45:00,80.51,82.41,80.51,82.29,530800,43408640
603026.SH,2026-03-26 09:46:00,82.35,82.51,82.0,82.51,615638,50666116
603026.SH,2026-03-26 09:47:00,82.52,84.12,82.52,84.11,783059,65142300
603026.SH,2026-03-26 09:48:00,84.13,84.5,83.8,83.89,690800,58087268
603026.SH,2026-03-26 09:49:00,84.0,84.0,83.45,84.0,342100,28646504
603026.SH,2026-03-26 09:50:00,84.0,85.18,84.0,84.84,842100,71382370
603026.SH,2026-03-26 09:51:00,85.0,85.0,84.5,84.5,367700,31184400
603026.SH,2026-03-26 09:52:00,84.5,85.07,84.37,85.0,514600,43681540
603026.SH,2026-03-26 09:53:00,85.07,85.32,85.0,85.32,1474838,125767030
603026.SH,2026-03-26 09:54:00,85.32,85.32,85.32,85.32,217800,18582696
603026.SH,2026-03-26 09:55:00,85.32,85.32,85.32,85.32,104700,8933004
603026.SH,2026-03-26 09:56:00,85.32,85.32,85.32,85.32,112600,9607032
603026.SH,2026-03-26 09:57:00,85.32,85.32,85.32,85.32,68900,5878548
603026.SH,2026-03-26 09:58:00,85.32,85.32,85.32,85.32,41400,3532248
603026.SH,2026-03-26 09:59:00,85.32,85.32,85.32,85.32,62900,5366628
603026.SH,2026-03-26 10:00:00,85.32,85.32,85.32,85.32,130600,11142792
603026.SH,2026-03-26 10:01:00,85.32,85.32,85.32,85.32,15800,1348056
603026.SH,2026-03-26 10:02:00,85.32,85.32,85.32,85.32,16400,1399248
603026.SH,2026-03-26 10:03:00,85.32,85.32,85.32,85.32,224100,19120212
603026.SH,2026-03-26 10:04:00,85.32,85.32,85.32,85.32,121800,10391976
603026.SH,2026-03-26 10:05:00,85.32,85.32,85.32,85.32,87900,7499628
603026.SH,2026-03-26 10:06:00,85.32,85.32,85.32,85.32,30000,2559600
603026.SH,2026-03-26 10:07:00,85.32,85.32,85.32,85.32,39500,3370140
603026.SH,2026-03-26 10:08:00,85.32,85.32,85.32,85.32,19100,1629612
603026.SH,2026-03-26 10:09:00,85.32,85.32,85.32,85.32,17000,1450440
603026.SH,2026-03-26 10:10:00,85.32,85.32,85.32,85.32,8500,725220
603026.SH,2026-03-26 10:11:00,85.32,85.32,85.32,85.32,10000,853200
603026.SH,2026-03-26 10:12:00,85.32,85.32,85.32,85.32,390100,33283332
603026.SH,2026-03-26 10:13:00,85.32,85.32,85.32,85.32,46300,3950316
603026.SH,2026-03-26 10:14:00,85.32,85.32,85.32,85.32,23900,2039148
603026.SH,2026-03-26 10:15:00,85.32,85.32,85.32,85.32,92200,7866504
603026.SH,2026-03-26 10:16:00,85.32,85.32,85.32,85.32,13900,1185948
603026.SH,2026-03-26 10:17:00,85.32,85.32,85.32,85.32,4000,341280
603026.SH,2026-03-26 10:18:00,85.32,85.32,85.32,85.32,6300,537516
603026.SH,2026-03-26 10:19:00,85.32,85.32,85.32,85.32,77320,6596942
603026.SH,2026-03-26 10:20:00,85.32,85.32,85.32,85.32,135300,11543796
603026.SH,2026-03-26 10:21:00,85.32,85.32,85.32,85.32,117600,10033632
603026.SH,2026-03-26 10:22:00,85.32,85.32,85.32,85.32,107000,9129240
603026.SH,2026-03-26 10:23:00,85.32,85.32,85.32,85.32,196000,16722720
603026.SH,2026-03-26 10:24:00,85.32,85.32,85.32,85.32,74900,6390468
603026.SH,2026-03-26 10:25:00,85.32,85.32,85.32,85.32,9000,767880
603026.SH,2026-03-26 10:26:00,85.32,85.32,85.32,85.32,16900,1441908
603026.SH,2026-03-26 10:27:00,85.32,85.32,85.32,85.32,23700,2022084
603026.SH,2026-03-26 10:28:00,85.32,85.32,85.32,85.32,30200,2576664
603026.SH,2026-03-26 10:29:00,85.32,85.32,85.32,85.32,37600,3208032
603026.SH,2026-03-26 10:30:00,85.32,85.32,85.32,85.32,32600,2781432
603026.SH,2026-03-26 10:31:00,85.32,85.32,85.32,85.32,16900,1441908
603026.SH,2026-03-26 10:32:00,85.32,85.32,85.32,85.32,12200,1040904
603026.SH,2026-03-26 10:33:00,85.32,85.32,85.32,85.32,51600,4402512
603026.SH,2026-03-26 10:34:00,85.32,85.32,85.32,85.32,17907,1527826
603026.SH,2026-03-26 10:35:00,85.32,85.32,85.32,85.32,6800,580176
603026.SH,2026-03-26 10:36:00,85.32,85.32,85.32,85.32,10500,895860
603026.SH,2026-03-26 10:37:00,85.32,85.32,85.32,85.32,6000,511920
603026.SH,2026-03-26 10:38:00,85.32,85.32,85.32,85.32,11900,1015308
603026.SH,2026-03-26 10:39:00,85.32,85.32,85.32,85.32,18100,1544292
603026.SH,2026-03-26 10:40:00,85.32,85.32,85.32,85.32,16100,1373652
603026.SH,2026-03-26 10:41:00,85.32,85.32,85.32,85.32,13415,1144567
603026.SH,2026-03-26 10:42:00,85.32,85.32,85.32,85.32,52746,4500289
603026.SH,2026-03-26 10:43:00,85.32,85.32,85.32,85.32,16800,1433376
603026.SH,2026-03-26 10:44:00,85.32,85.32,85.32,85.32,43900,3745548
603026.SH,2026-03-26 10:45:00,85.32,85.32,85.32,85.32,83700,7141284
603026.SH,2026-03-26 10:46:00,85.32,85.32,85.32,85.32,108015,9215840
603026.SH,2026-03-26 10:47:00,85.32,85.32,85.32,85.32,18700,1595484
603026.SH,2026-03-26 10:48:00,85.32,85.32,85.32,85.32,17200,1467504
603026.SH,2026-03-26 10:49:00,85.32,85.32,85.32,85.32,116400,9931248
603026.SH,2026-03-26 10:50:00,85.32,85.32,85.32,85.32,71800,6125976
603026.SH,2026-03-26 10:51:00,85.32,85.32,85.32,85.32,8000,682560
603026.SH,2026-03-26 10:52:00,85.32,85.32,85.32,85.32,65200,5562864
603026.SH,2026-03-26 10:53:00,85.32,85.32,85.32,85.32,1800,153576
603026.SH,2026-03-26 10:54:00,85.32,85.32,85.32,85.32,23400,1996488
603026.SH,2026-03-26 10:55:00,85.32,85.32,85.32,85.32,6800,580176
603026.SH,2026-03-26 10:56:00,85.32,85.32,85.32,85.32,16100,1373652
603026.SH,2026-03-26 10:57:00,85.32,85.32,85.32,85.32,145300,12396996
603026.SH,2026-03-26 10:58:00,85.32,85.32,85.32,85.32,926900,79083100
603026.SH,2026-03-26 10:59:00,85.32,85.32,85.32,85.32,65100,5554332
603026.SH,2026-03-26 11:00:00,85.32,85.32,85.32,85.32,438896,37446610
603026.SH,2026-03-26 11:01:00,85.32,85.32,85.32,85.32,59600,5085072
603026.SH,2026-03-26 11:02:00,85.32,85.32,85.32,85.32,23800,2030616
603026.SH,2026-03-26 11:03:00,85.32,85.32,85.32,85.32,32100,2738772
603026.SH,2026-03-26 11:04:00,85.32,85.32,85.32,85.32,74000,6313680
603026.SH,2026-03-26 11:05:00,85.32,85.32,85.32,85.32,57500,4905900
603026.SH,2026-03-26 11:06:00,85.32,85.32,85.32,85.32,55900,4769388
603026.SH,2026-03-26 11:07:00,85.32,85.32,85.32,85.32,38800,3310416
603026.SH,2026-03-26 11:08:00,85.32,85.32,85.32,85.32,17200,1467504
603026.SH,2026-03-26 11:09:00,85.32,85.32,85.32,85.32,11200,955584
603026.SH,2026-03-26 11:10:00,85.32,85.32,85.32,85.32,8000,682560
603026.SH,2026-03-26 11:11:00,85.32,85.32,85.32,85.32,20900,1783188
603026.SH,2026-03-26 11:12:00,85.32,85.32,85.32,85.32,19200,1638144
603026.SH,2026-03-26 11:13:00,85.32,85.32,85.32,85.32,49300,4206276
603026.SH,2026-03-26 11:14:00,85.32,85.32,85.32,85.32,9400,802008
603026.SH,2026-03-26 11:15:00,85.32,85.32,85.32,85.32,8300,708156
603026.SH,2026-03-26 11:16:00,85.32,85.32,85.32,85.32,8400,716688
603026.SH,2026-03-26 11:17:00,85.32,85.32,85.32,85.32,55200,4709664
603026.SH,2026-03-26 11:18:00,85.32,85.32,85.32,85.32,5000,426600
603026.SH,2026-03-26 11:19:00,85.32,85.32,85.32,85.32,4300,366876
603026.SH,2026-03-26 11:20:00,85.32,85.32,85.32,85.32,19000,1621080
603026.SH,2026-03-26 11:21:00,85.32,85.32,85.32,85.32,14100,1203012
603026.SH,2026-03-26 11:22:00,85.32,85.32,85.32,85.32,4000,341280
603026.SH,2026-03-26 11:23:00,85.32,85.32,85.32,85.32,17100,1458972
603026.SH,2026-03-26 11:24:00,85.32,85.32,85.32,85.32,9400,802008
603026.SH,2026-03-26 11:25:00,85.32,85.32,85.32,85.32,3800,324216
603026.SH,2026-03-26 11:26:00,85.32,85.32,85.32,85.32,3800,324216
603026.SH,2026-03-26 11:27:00,85.32,85.32,85.32,85.32,3000,255960
603026.SH,2026-03-26 11:28:00,85.32,85.32,85.32,85.32,4200,358344
603026.SH,2026-03-26 11:29:00,85.32,85.32,85.32,85.32,3200,273024
603026.SH,2026-03-26 11:30:00,85.32,85.32,85.32,85.32,5200,443664
603026.SH,2026-03-26 13:01:00,85.32,85.32,85.32,85.32,478351,40812908
603026.SH,2026-03-26 13:02:00,85.32,85.32,84.22,85.01,552101,46817350
603026.SH,2026-03-26 13:03:00,85.01,85.01,84.66,84.86,355200,30149646
603026.SH,2026-03-26 13:04:00,84.92,85.32,84.92,85.32,308900,26305864
603026.SH,2026-03-26 13:05:00,85.32,85.32,85.32,85.32,98260,8383543
603026.SH,2026-03-26 13:06:00,85.32,85.32,85.32,85.32,40500,3455460
603026.SH,2026-03-26 13:07:00,85.32,85.32,85.32,85.32,52000,4436640
603026.SH,2026-03-26 13:08:00,85.32,85.32,85.32,85.32,24600,2098872
603026.SH,2026-03-26 13:09:00,85.32,85.32,85.32,85.32,27500,2346300
603026.SH,2026-03-26 13:10:00,85.32,85.32,85.32,85.32,36200,3088584
603026.SH,2026-03-26 13:11:00,85.32,85.32,85.32,85.32,65800,5614056
603026.SH,2026-03-26 13:12:00,85.32,85.32,85.32,85.32,104100,8881812
603026.SH,2026-03-26 13:13:00,85.32,85.32,85.32,85.32,61800,5272776
603026.SH,2026-03-26 13:14:00,85.32,85.32,85.32,85.32,34300,2926476
603026.SH,2026-03-26 13:15:00,85.32,85.32,85.32,85.32,22700,1936764
603026.SH,2026-03-26 13:16:00,85.32,85.32,85.32,85.32,17900,1527228
603026.SH,2026-03-26 13:17:00,85.32,85.32,85.32,85.32,15600,1330992
603026.SH,2026-03-26 13:18:00,85.32,85.32,85.32,85.32,79500,6782940
603026.SH,2026-03-26 13:19:00,85.32,85.32,85.32,85.32,49100,4189212
603026.SH,2026-03-26 13:20:00,85.32,85.32,85.32,85.32,10100,861732
603026.SH,2026-03-26 13:21:00,85.32,85.32,85.32,85.32,14100,1203012
603026.SH,2026-03-26 13:22:00,85.32,85.32,85.32,85.32,25200,2150064
603026.SH,2026-03-26 13:23:00,85.32,85.32,85.32,85.32,41000,3498120
603026.SH,2026-03-26 13:24:00,85.32,85.32,85.32,85.32,79000,6740280
603026.SH,2026-03-26 13:25:00,85.32,85.32,85.17,85.32,639018,54516400
603026.SH,2026-03-26 13:26:00,85.32,85.32,85.32,85.32,47500,4052700
603026.SH,2026-03-26 13:27:00,85.32,85.32,85.32,85.32,17600,1501632
603026.SH,2026-03-26 13:28:00,85.32,85.32,85.32,85.32,30900,2636388
603026.SH,2026-03-26 13:29:00,85.32,85.32,85.32,85.32,9400,802008
603026.SH,2026-03-26 13:30:00,85.32,85.32,85.32,85.32,24200,2064744
603026.SH,2026-03-26 13:31:00,85.32,85.32,85.32,85.32,12100,1032372
603026.SH,2026-03-26 13:32:00,85.32,85.32,85.32,85.32,7900,674028
603026.SH,2026-03-26 13:33:00,85.32,85.32,85.32,85.32,6600,563112
603026.SH,2026-03-26 13:34:00,85.32,85.32,85.32,85.32,3500,298620
603026.SH,2026-03-26 13:35:00,85.32,85.32,85.32,85.32,16300,1390716
603026.SH,2026-03-26 13:36:00,85.32,85.32,85.32,85.32,18900,1612548
603026.SH,2026-03-26 13:37:00,85.32,85.32,85.32,85.32,17400,1484568
603026.SH,2026-03-26 13:38:00,85.32,85.32,85.32,85.32,9800,836136
603026.SH,2026-03-26 13:39:00,85.32,85.32,85.32,85.32,3700,315684
603026.SH,2026-03-26 13:40:00,85.32,85.32,85.32,85.32,12200,1040904
603026.SH,2026-03-26 13:41:00,85.32,85.32,85.32,85.32,9700,827604
603026.SH,2026-03-26 13:42:00,85.32,85.32,85.32,85.32,4200,358344
603026.SH,2026-03-26 13:43:00,85.32,85.32,85.32,85.32,2200,187704
603026.SH,2026-03-26 13:44:00,85.32,85.32,85.32,85.32,5300,452196
603026.SH,2026-03-26 13:45:00,85.32,85.32,85.32,85.32,3600,307152
603026.SH,2026-03-26 13:46:00,85.32,85.32,85.32,85.32,5500,469260
603026.SH,2026-03-26 13:47:00,85.32,85.32,85.32,85.32,5700,486324
603026.SH,2026-03-26 13:48:00,85.32,85.32,85.32,85.32,4000,341280
603026.SH,2026-03-26 13:49:00,85.32,85.32,85.32,85.32,16900,1441908
603026.SH,2026-03-26 13:50:00,85.32,85.32,85.32,85.32,2400,204768
603026.SH,2026-03-26 13:51:00,85.32,85.32,85.32,85.32,6500,554580
603026.SH,2026-03-26 13:52:00,85.32,85.32,85.32,85.32,12100,1032372
603026.SH,2026-03-26 13:53:00,85.32,85.32,85.32,85.32,2600,221832
603026.SH,2026-03-26 13:54:00,85.32,85.32,85.32,85.32,9900,844668
603026.SH,2026-03-26 13:55:00,85.32,85.32,85.32,85.32,10900,929988
603026.SH,2026-03-26 13:56:00,85.32,85.32,85.32,85.32,9100,776412
603026.SH,2026-03-26 13:57:00,85.32,85.32,85.32,85.32,4000,341280
603026.SH,2026-03-26 13:58:00,85.32,85.32,85.32,85.32,14500,1237140
603026.SH,2026-03-26 13:59:00,85.32,85.32,85.32,85.32,9000,767880
603026.SH,2026-03-26 14:00:00,85.32,85.32,85.32,85.32,7200,614304
603026.SH,2026-03-26 14:01:00,85.32,85.32,85.32,85.32,24900,2124468
603026.SH,2026-03-26 14:02:00,85.32,85.32,85.32,85.32,8300,708156
603026.SH,2026-03-26 14:03:00,85.32,85.32,85.32,85.32,5000,426600
603026.SH,2026-03-26 14:04:00,85.32,85.32,85.32,85.32,9300,793476
603026.SH,2026-03-26 14:05:00,85.32,85.32,85.32,85.32,2100,179172
603026.SH,2026-03-26 14:06:00,85.32,85.32,85.32,85.32,4800,409536
603026.SH,2026-03-26 14:07:00,85.32,85.32,85.32,85.32,12900,1100628
603026.SH,2026-03-26 14:08:00,85.32,85.32,85.32,85.32,1300,110916
603026.SH,2026-03-26 14:09:00,85.32,85.32,85.32,85.32,3700,315684
603026.SH,2026-03-26 14:10:00,85.32,85.32,85.32,85.32,5100,435132
603026.SH,2026-03-26 14:11:00,85.32,85.32,85.32,85.32,5800,494856
603026.SH,2026-03-26 14:12:00,85.32,85.32,85.32,85.32,14894,1270756
603026.SH,2026-03-26 14:13:00,85.32,85.32,85.32,85.32,11500,981180
603026.SH,2026-03-26 14:14:00,85.32,85.32,85.32,85.32,12400,1057968
603026.SH,2026-03-26 14:15:00,85.32,85.32,85.32,85.32,1500,127980
603026.SH,2026-03-26 14:16:00,85.32,85.32,85.32,85.32,3900,332748
603026.SH,2026-03-26 14:17:00,85.32,85.32,85.32,85.32,7200,614304
603026.SH,2026-03-26 14:18:00,85.32,85.32,85.32,85.32,3600,307152
603026.SH,2026-03-26 14:19:00,85.32,85.32,85.32,85.32,2600,221832
603026.SH,2026-03-26 14:20:00,85.32,85.32,85.32,85.32,6200,528984
603026.SH,2026-03-26 14:21:00,85.32,85.32,85.32,85.32,33300,2841156
603026.SH,2026-03-26 14:22:00,85.32,85.32,85.32,85.32,2300,196236
603026.SH,2026-03-26 14:23:00,85.32,85.32,85.32,85.32,2600,221832
603026.SH,2026-03-26 14:24:00,85.32,85.32,85.32,85.32,83743,7144952
603026.SH,2026-03-26 14:25:00,85.32,85.32,85.32,85.32,4600,392472
603026.SH,2026-03-26 14:26:00,85.32,85.32,85.32,85.32,13800,1177416
603026.SH,2026-03-26 14:27:00,85.32,85.32,85.32,85.32,24600,2098872
603026.SH,2026-03-26 14:28:00,85.32,85.32,85.32,85.32,13200,1126224
603026.SH,2026-03-26 14:29:00,85.32,85.32,85.32,85.32,23300,1987956
603026.SH,2026-03-26 14:30:00,85.32,85.32,85.32,85.32,10400,887328
603026.SH,2026-03-26 14:31:00,85.32,85.32,85.32,85.32,10000,853200
603026.SH,2026-03-26 14:32:00,85.32,85.32,85.32,85.32,4300,366876
603026.SH,2026-03-26 14:33:00,85.32,85.32,85.32,85.32,7700,656964
603026.SH,2026-03-26 14:34:00,85.32,85.32,85.32,85.32,5400,460728
603026.SH,2026-03-26 14:35:00,85.32,85.32,85.32,85.32,4100,349812
603026.SH,2026-03-26 14:36:00,85.32,85.32,85.32,85.32,1900,162108
603026.SH,2026-03-26 14:37:00,85.32,85.32,85.32,85.32,20300,1731996
603026.SH,2026-03-26 14:38:00,85.32,85.32,85.32,85.32,5200,443664
603026.SH,2026-03-26 14:39:00,85.32,85.32,85.32,85.32,15600,1330992
603026.SH,2026-03-26 14:40:00,85.32,85.32,85.32,85.32,5500,469260
603026.SH,2026-03-26 14:41:00,85.32,85.32,85.32,85.32,5000,426600
603026.SH,2026-03-26 14:42:00,85.32,85.32,85.32,85.32,10700,912924
603026.SH,2026-03-26 14:43:00,85.32,85.32,85.32,85.32,9100,776412
603026.SH,2026-03-26 14:44:00,85.32,85.32,85.32,85.32,16400,1399248
603026.SH,2026-03-26 14:45:00,85.32,85.32,85.32,85.32,3000,255960
603026.SH,2026-03-26 14:46:00,85.32,85.32,85.32,85.32,2600,221832
603026.SH,2026-03-26 14:47:00,85.32,85.32,85.32,85.32,4500,383940
603026.SH,2026-03-26 14:48:00,85.32,85.32,85.32,85.32,13900,1185948
603026.SH,2026-03-26 14:49:00,85.32,85.32,85.32,85.32,5700,486324
603026.SH,2026-03-26 14:50:00,85.32,85.32,85.32,85.32,5500,469260
603026.SH,2026-03-26 14:51:00,85.32,85.32,85.32,85.32,5700,486324
603026.SH,2026-03-26 14:52:00,85.32,85.32,85.32,85.32,13000,1109160
603026.SH,2026-03-26 14:53:00,85.32,85.32,85.32,85.32,4400,375408
603026.SH,2026-03-26 14:54:00,85.32,85.32,85.32,85.32,5100,435132
603026.SH,2026-03-26 14:55:00,85.32,85.32,85.32,85.32,21213,1809894
603026.SH,2026-03-26 14:56:00,85.32,85.32,85.32,85.32,12900,1100628
603026.SH,2026-03-26 14:57:00,85.32,85.32,85.32,85.32,5900,503388
603026.SH,2026-03-26 14:58:00,85.32,85.32,85.32,85.32,0,0
603026.SH,2026-03-26 14:59:00,85.32,85.32,85.32,85.32,0,0
603026.SH,2026-03-26 15:00:00,85.32,85.32,85.32,85.32,36200,3088584
603026.SH,2026-03-27 09:30:00,84.02,84.02,84.02,84.02,519618,43658304
603026.SH,2026-03-27 09:31:00,83.85,85.7,83.0,85.48,923951,77888430
603026.SH,2026-03-27 09:32:00,85.8,86.96,85.8,86.61,1419500,122495384
603026.SH,2026-03-27 09:33:00,86.78,88.18,86.78,88.11,951266,83077790
603026.SH,2026-03-27 09:34:00,88.18,88.73,85.77,85.77,1088534,95590890
603026.SH,2026-03-27 09:35:00,86.5,88.2,86.5,88.18,1454900,126802380
603026.SH,2026-03-27 09:36:00,87.82,87.9,87.36,87.37,799000,70023464
603026.SH,2026-03-27 09:37:00,87.5,87.5,86.7,86.96,445400,38790388
603026.SH,2026-03-27 09:38:00,86.96,87.06,85.87,86.17,552700,47823480
603026.SH,2026-03-27 09:39:00,86.45,86.96,86.17,86.17,447800,38827120
603026.SH,2026-03-27 09:40:00,86.17,86.82,86.14,86.6,452100,39079470
603026.SH,2026-03-27 09:41:00,86.64,87.72,86.64,87.63,401400,35030148
603026.SH,2026-03-27 09:42:00,87.47,87.6,87.07,87.56,512702,44792270
603026.SH,2026-03-27 09:43:00,87.75,89.1,87.75,89.0,800146,70755870
603026.SH,2026-03-27 09:44:00,89.17,89.89,88.95,89.47,855000,76461810
603026.SH,2026-03-27 09:45:00,89.5,89.5,88.38,88.61,614900,54794590
603026.SH,2026-03-27 09:46:00,88.39,88.81,87.91,88.0,413600,36607476
603026.SH,2026-03-27 09:47:00,88.34,88.39,88.0,88.07,476308,41989604
603026.SH,2026-03-27 09:48:00,88.23,88.29,87.36,87.36,398206,35003650
603026.SH,2026-03-27 09:49:00,87.38,88.02,87.38,87.8,324104,28452192
603026.SH,2026-03-27 09:50:00,87.7,87.7,86.77,86.86,286296,24919676
603026.SH,2026-03-27 09:51:00,86.86,87.89,86.86,87.8,363300,31811536
603026.SH,2026-03-27 09:52:00,87.61,87.78,87.35,87.42,202199,17687646
603026.SH,2026-03-27 09:53:00,87.5,88.0,87.5,87.89,275200,24150920
603026.SH,2026-03-27 09:54:00,87.82,87.89,87.38,87.38,202633,17749374
603026.SH,2026-03-27 09:55:00,87.3,88.09,87.05,88.09,236600,20716076
603026.SH,2026-03-27 09:56:00,88.02,88.02,87.38,87.38,172300,15126957
603026.SH,2026-03-27 09:57:00,87.4,87.77,87.21,87.7,130500,11411715
603026.SH,2026-03-27 09:58:00,87.5,88.0,87.5,88.0,99693,8758032
603026.SH,2026-03-27 09:59:00,88.01,88.46,87.91,87.91,190400,16771411
603026.SH,2026-03-27 10:00:00,87.74,88.1,87.55,88.09,103700,9098415
603026.SH,2026-03-27 10:01:00,88.09,88.09,87.67,87.67,83200,7308470
603026.SH,2026-03-27 10:02:00,87.67,87.7,87.43,87.45,116700,10221059
603026.SH,2026-03-27 10:03:00,87.49,87.64,87.41,87.6,150200,13146929
603026.SH,2026-03-27 10:04:00,87.6,87.99,87.6,87.94,118244,10382229
603026.SH,2026-03-27 10:05:00,87.68,87.84,87.41,87.73,81200,7117163
603026.SH,2026-03-27 10:06:00,87.62,87.95,87.62,87.72,106200,9325566
603026.SH,2026-03-27 10:07:00,87.73,87.99,87.73,87.99,100200,8809298
603026.SH,2026-03-27 10:08:00,87.98,88.35,87.98,88.2,94511,8320069
603026.SH,2026-03-27 10:09:00,88.3,88.69,88.3,88.51,155300,13749324
603026.SH,2026-03-27 10:10:00,88.47,88.89,88.41,88.89,131900,11685696
603026.SH,2026-03-27 10:11:00,88.93,89.2,88.88,88.88,246300,21932532
603026.SH,2026-03-27 10:12:00,88.87,88.93,88.56,88.83,173700,15428565
603026.SH,2026-03-27 10:13:00,88.88,88.88,88.34,88.34,78100,6928470
603026.SH,2026-03-27 10:14:00,88.23,88.23,87.36,87.54,260189,22789468
603026.SH,2026-03-27 10:15:00,87.63,88.28,87.63,88.0,121000,10642128
603026.SH,2026-03-27 10:16:00,87.99,88.0,87.55,87.74,171500,15053005
603026.SH,2026-03-27 10:17:00,87.61,87.65,86.91,86.91,182200,15908200
603026.SH,2026-03-27 10:18:00,86.9,86.9,86.5,86.6,266766,23122664
603026.SH,2026-03-27 10:19:00,86.66,86.91,86.6,86.91,211400,18319134
603026.SH,2026-03-27 10:20:00,86.92,87.2,86.9,86.96,70000,6090880
603026.SH,2026-03-27 10:21:00,86.95,86.95,86.62,86.62,142000,12328331
603026.SH,2026-03-27 10:22:00,86.61,87.0,86.6,86.84,108373,9400113
603026.SH,2026-03-27 10:23:00,86.81,86.81,86.61,86.72,158300,13719837
603026.SH,2026-03-27 10:24:00,86.66,86.76,86.63,86.7,96800,8389633
603026.SH,2026-03-27 10:25:00,86.69,87.29,86.68,87.29,79400,6901553
603026.SH,2026-03-27 10:26:00,87.29,87.33,87.03,87.22,74680,6515273
603026.SH,2026-03-27 10:27:00,87.22,87.76,87.22,87.76,66900,5853331
603026.SH,2026-03-27 10:28:00,87.75,88.0,87.75,87.9,64800,5696097
603026.SH,2026-03-27 10:29:00,87.91,88.04,87.86,87.95,77467,6812567
603026.SH,2026-03-27 10:30:00,87.94,88.2,87.94,87.94,91933,8093951
603026.SH,2026-03-27 10:31:00,87.92,87.92,87.13,87.14,65400,5716860
603026.SH,2026-03-27 10:32:00,87.12,87.32,87.12,87.31,76330,6657605
603026.SH,2026-03-27 10:33:00,87.29,87.31,86.88,87.12,118470,10313900
603026.SH,2026-03-27 10:34:00,87.26,87.66,87.12,87.66,76267,6663373
603026.SH,2026-03-27 10:35:00,87.88,88.3,87.68,88.3,108300,9529342
603026.SH,2026-03-27 10:36:00,88.3,88.38,88.03,88.3,153900,13575524
603026.SH,2026-03-27 10:37:00,88.38,88.86,88.38,88.86,156100,13832868
603026.SH,2026-03-27 10:38:00,88.87,89.38,88.87,89.38,164700,14665528
603026.SH,2026-03-27 10:39:00,89.42,89.89,89.42,89.89,245900,22045820
603026.SH,2026-03-27 10:40:00,89.92,90.38,89.75,90.38,450306,40522344
603026.SH,2026-03-27 10:41:00,90.44,90.68,89.97,90.68,326365,29503980
603026.SH,2026-03-27 10:42:00,90.67,91.17,90.67,91.17,384878,35004280
603026.SH,2026-03-27 10:43:00,91.2,91.68,91.0,91.68,379000,34567876
603026.SH,2026-03-27 10:44:00,91.68,92.0,91.14,91.68,351500,32218768
603026.SH,2026-03-27 10:45:00,91.49,91.49,90.41,90.93,425800,38617610
603026.SH,2026-03-27 10:46:00,90.93,91.66,90.93,91.66,238811,21791496
603026.SH,2026-03-27 10:47:00,91.27,91.64,90.93,91.15,292600,26687336
603026.SH,2026-03-27 10:48:00,90.9,91.35,90.9,91.31,243600,22186696
603026.SH,2026-03-27 10:49:00,91.3,91.35,91.22,91.24,70600,6445363
603026.SH,2026-03-27 10:50:00,91.22,91.22,90.1,90.17,134200,12156759
603026.SH,2026-03-27 10:51:00,89.99,89.99,89.65,89.66,198900,17847078
603026.SH,2026-03-27 10:52:00,89.66,89.67,89.13,89.23,277600,24809784
603026.SH,2026-03-27 10:53:00,89.47,90.2,89.47,89.69,154700,13889157
603026.SH,2026-03-27 10:54:00,89.7,90.0,89.43,90.0,73500,6587085
603026.SH,2026-03-27 10:55:00,90.0,90.2,90.0,90.2,87500,7884963
603026.SH,2026-03-27 10:56:00,90.2,90.5,89.99,89.99,96800,8731860
603026.SH,2026-03-27 10:57:00,89.99,89.99,89.82,89.91,41300,3714526
603026.SH,2026-03-27 10:58:00,89.91,89.99,89.56,89.56,51800,4652539
603026.SH,2026-03-27 10:59:00,89.56,89.69,89.48,89.69,73900,6615782
603026.SH,2026-03-27 11:00:00,89.68,89.68,88.68,88.88,153800,13700306
603026.SH,2026-03-27 11:01:00,88.89,89.3,88.89,89.28,89411,7961259
603026.SH,2026-03-27 11:02:00,89.27,89.27,89.03,89.04,35700,3181276
603026.SH,2026-03-27 11:03:00,89.14,89.14,88.82,88.82,68100,6057423
603026.SH,2026-03-27 11:04:00,88.81,89.5,88.8,89.5,52300,4654619
603026.SH,2026-03-27 11:05:00,89.5,89.9,89.49,89.9,55500,4973843
603026.SH,2026-03-27 11:06:00,89.89,89.89,89.0,89.04,67900,6075633
603026.SH,2026-03-27 11:07:00,89.07,89.15,89.03,89.03,59200,5274290
603026.SH,2026-03-27 11:08:00,89.01,89.81,89.0,89.81,37100,3309125
603026.SH,2026-03-27 11:09:00,89.82,90.0,89.82,90.0,90000,8093388
603026.SH,2026-03-27 11:10:00,89.94,89.99,89.94,89.97,85000,7647443
603026.SH,2026-03-27 11:11:00,89.97,89.97,89.94,89.94,35900,3229324
603026.SH,2026-03-27 11:12:00,89.93,89.94,89.82,89.85,54500,4898562
603026.SH,2026-03-27 11:13:00,89.83,89.83,89.48,89.78,72900,6537874
603026.SH,2026-03-27 11:14:00,89.8,89.95,89.77,89.93,38000,3414451
603026.SH,2026-03-27 11:15:00,89.93,90.99,89.93,90.93,206830,18698692
603026.SH,2026-03-27 11:16:00,90.87,91.25,90.68,91.2,112500,10224246
603026.SH,2026-03-27 11:17:00,91.19,91.2,90.5,90.52,96000,8710931
603026.SH,2026-03-27 11:18:00,90.5,90.5,90.1,90.1,29400,2652578
603026.SH,2026-03-27 11:19:00,90.1,90.27,90.06,90.09,24200,2180811
603026.SH,2026-03-27 11:20:00,90.11,90.11,90.01,90.01,48000,4321332
603026.SH,2026-03-27 11:21:00,90.02,90.5,90.02,90.41,32500,2931963
603026.SH,2026-03-27 11:22:00,90.49,90.76,90.3,90.7,48800,4415821
603026.SH,2026-03-27 11:23:00,90.7,90.8,90.59,90.63,74800,6784579
603026.SH,2026-03-27 11:24:00,90.62,90.62,90.2,90.5,25400,2295262
603026.SH,2026-03-27 11:25:00,90.5,90.5,90.1,90.1,27500,2481567
603026.SH,2026-03-27 11:26:00,90.1,90.21,90.1,90.11,21400,1928736
603026.SH,2026-03-27 11:27:00,90.18,90.18,90.1,90.16,21110,1902597
603026.SH,2026-03-27 11:28:00,90.16,90.71,90.16,90.71,39104,3536581
603026.SH,2026-03-27 11:29:00,90.78,91.15,90.73,91.15,44300,4030818
603026.SH,2026-03-27 11:30:00,91.15,91.21,90.99,91.09,67700,6169140
603026.SH,2026-03-27 13:01:00,91.0,91.29,90.96,91.28,121478,11064280
603026.SH,2026-03-27 13:02:00,91.3,91.5,91.3,91.47,153222,14007540
603026.SH,2026-03-27 13:03:00,91.44,91.44,90.89,91.05,68800,6270709
603026.SH,2026-03-27 13:04:00,91.3,91.57,91.3,91.57,137200,12556161
603026.SH,2026-03-27 13:05:00,91.58,91.6,91.56,91.6,100000,9156984
603026.SH,2026-03-27 13:06:00,91.6,91.6,91.55,91.58,131800,12071495
603026.SH,2026-03-27 13:07:00,91.57,92.37,91.57,92.26,271700,24968828
603026.SH,2026-03-27 13:08:00,92.46,93.6,92.46,93.5,308400,28676092
603026.SH,2026-03-27 13:09:00,93.5,93.85,93.5,93.85,1474622,138367280
603026.SH,2026-03-27 13:10:00,93.85,93.85,93.85,93.85,217841,20444378
603026.SH,2026-03-27 13:11:00,93.85,93.85,93.85,93.85,123433,11584187
603026.SH,2026-03-27 13:12:00,93.85,93.85,93.85,93.85,54100,5077285
603026.SH,2026-03-27 13:13:00,93.85,93.85,93.85,93.85,28749,2698094
603026.SH,2026-03-27 13:14:00,93.85,93.85,93.85,93.85,23600,2214860
603026.SH,2026-03-27 13:15:00,93.85,93.85,93.85,93.85,21800,2045930
603026.SH,2026-03-27 13:16:00,93.85,93.85,93.85,93.85,17000,1595450
603026.SH,2026-03-27 13:17:00,93.85,93.85,93.85,93.85,10600,994810
603026.SH,2026-03-27 13:18:00,93.85,93.85,93.85,93.85,23400,2196090
603026.SH,2026-03-27 13:19:00,93.85,93.85,93.85,93.85,12200,1144970
603026.SH,2026-03-27 13:20:00,93.85,93.85,93.85,93.85,6200,581870
603026.SH,2026-03-27 13:21:00,93.85,93.85,93.85,93.85,18000,1689300
603026.SH,2026-03-27 13:22:00,93.85,93.85,93.85,93.85,15500,1454675
603026.SH,2026-03-27 13:23:00,93.85,93.85,93.85,93.85,13300,1248205
603026.SH,2026-03-27 13:24:00,93.85,93.85,93.85,93.85,11939,1120475
603026.SH,2026-03-27 13:25:00,93.85,93.85,93.85,93.85,5500,516175
603026.SH,2026-03-27 13:26:00,93.85,93.85,93.85,93.85,10400,976040
603026.SH,2026-03-27 13:27:00,93.85,93.85,93.85,93.85,7400,694490
603026.SH,2026-03-27 13:28:00,93.85,93.85,93.85,93.85,7600,713260
603026.SH,2026-03-27 13:29:00,93.85,93.85,93.85,93.85,3000,281550
603026.SH,2026-03-27 13:30:00,93.85,93.85,93.85,93.85,10000,938500
603026.SH,2026-03-27 13:31:00,93.85,93.85,93.85,93.85,8500,797725
603026.SH,2026-03-27 13:32:00,93.85,93.85,93.85,93.85,21000,1970850
603026.SH,2026-03-27 13:33:00,93.85,93.85,93.85,93.85,220100,20656384
603026.SH,2026-03-27 13:34:00,93.85,93.85,93.85,93.85,7100,666335
603026.SH,2026-03-27 13:35:00,93.85,93.85,93.85,93.85,15100,1417135
603026.SH,2026-03-27 13:36:00,93.85,93.85,93.85,93.85,11700,1098045
603026.SH,2026-03-27 13:37:00,93.85,93.85,93.85,93.85,11200,1051120
603026.SH,2026-03-27 13:38:00,93.85,93.85,93.85,93.85,32200,3021970
603026.SH,2026-03-27 13:39:00,93.85,93.85,93.85,93.85,4100,384785
603026.SH,2026-03-27 13:40:00,93.85,93.85,93.85,93.85,10600,994810
603026.SH,2026-03-27 13:41:00,93.85,93.85,93.85,93.85,2100,197085
603026.SH,2026-03-27 13:42:00,93.85,93.85,93.85,93.85,4700,441095
603026.SH,2026-03-27 13:43:00,93.85,93.85,93.85,93.85,5400,506790
603026.SH,2026-03-27 13:44:00,93.85,93.85,93.85,93.85,7000,656950
603026.SH,2026-03-27 13:45:00,93.85,93.85,93.85,93.85,9100,854035
603026.SH,2026-03-27 13:46:00,93.85,93.85,93.85,93.85,2900,272165
603026.SH,2026-03-27 13:47:00,93.85,93.85,93.85,93.85,16300,1529755
603026.SH,2026-03-27 13:48:00,93.85,93.85,93.85,93.85,25300,2374405
603026.SH,2026-03-27 13:49:00,93.85,93.85,93.85,93.85,8100,760185
603026.SH,2026-03-27 13:50:00,93.85,93.85,93.85,93.85,5500,516175
603026.SH,2026-03-27 13:51:00,93.85,93.85,93.85,93.85,4900,459865
603026.SH,2026-03-27 13:52:00,93.85,93.85,93.85,93.85,5500,516175
603026.SH,2026-03-27 13:53:00,93.85,93.85,93.85,93.85,2000,187700
603026.SH,2026-03-27 13:54:00,93.85,93.85,93.85,93.85,1800,168930
603026.SH,2026-03-27 13:55:00,93.85,93.85,93.85,93.85,198312,18611580
603026.SH,2026-03-27 13:56:00,93.85,93.85,93.85,93.85,5300,497405
603026.SH,2026-03-27 13:57:00,93.85,93.85,93.85,93.85,9200,863420
603026.SH,2026-03-27 13:58:00,93.85,93.85,93.85,93.85,3300,309705
603026.SH,2026-03-27 13:59:00,93.85,93.85,93.85,93.85,6600,619410
603026.SH,2026-03-27 14:00:00,93.85,93.85,93.85,93.85,8000,750800
603026.SH,2026-03-27 14:01:00,93.85,93.85,93.85,93.85,6700,628795
603026.SH,2026-03-27 14:02:00,93.85,93.85,93.85,93.85,3900,366015
603026.SH,2026-03-27 14:03:00,93.85,93.85,93.85,93.85,7600,713260
603026.SH,2026-03-27 14:04:00,93.85,93.85,93.85,93.85,5100,478635
603026.SH,2026-03-27 14:05:00,93.85,93.85,93.85,93.85,4700,441095
603026.SH,2026-03-27 14:06:00,93.85,93.85,93.85,93.85,5400,506790
603026.SH,2026-03-27 14:07:00,93.85,93.85,93.85,93.85,42629,4000732
603026.SH,2026-03-27 14:08:00,93.85,93.85,93.85,93.85,3900,366015
603026.SH,2026-03-27 14:09:00,93.85,93.85,93.85,93.85,8200,769570
603026.SH,2026-03-27 14:10:00,93.85,93.85,93.85,93.85,16000,1501600
603026.SH,2026-03-27 14:11:00,93.85,93.85,93.85,93.85,12400,1163740
603026.SH,2026-03-27 14:12:00,93.85,93.85,93.85,93.85,8300,778955
603026.SH,2026-03-27 14:13:00,93.85,93.85,93.85,93.85,11400,1069890
603026.SH,2026-03-27 14:14:00,93.85,93.85,93.85,93.85,2700,253395
603026.SH,2026-03-27 14:15:00,93.85,93.85,93.85,93.85,8100,760185
603026.SH,2026-03-27 14:16:00,93.85,93.85,93.85,93.85,4800,450480
603026.SH,2026-03-27 14:17:00,93.85,93.85,93.85,93.85,18000,1689300
603026.SH,2026-03-27 14:18:00,93.85,93.85,93.85,93.85,3700,347245
603026.SH,2026-03-27 14:19:00,93.85,93.85,93.85,93.85,800,75080
603026.SH,2026-03-27 14:20:00,93.85,93.85,93.85,93.85,7300,685105
603026.SH,2026-03-27 14:21:00,93.85,93.85,93.85,93.85,2100,197085
603026.SH,2026-03-27 14:22:00,93.85,93.85,93.85,93.85,4900,459865
603026.SH,2026-03-27 14:23:00,93.85,93.85,93.85,93.85,5100,478635
603026.SH,2026-03-27 14:24:00,93.85,93.85,93.85,93.85,2100,197085
603026.SH,2026-03-27 14:25:00,93.85,93.85,93.85,93.85,5400,506790
603026.SH,2026-03-27 14:26:00,93.85,93.85,93.85,93.85,1700,159545
603026.SH,2026-03-27 14:27:00,93.85,93.85,93.85,93.85,9900,929115
603026.SH,2026-03-27 14:28:00,93.85,93.85,93.85,93.85,5100,478635
603026.SH,2026-03-27 14:29:00,93.85,93.85,93.85,93.85,3100,290935
603026.SH,2026-03-27 14:30:00,93.85,93.85,93.85,93.85,4500,422325
603026.SH,2026-03-27 14:31:00,93.85,93.85,93.85,93.85,1600,150160
603026.SH,2026-03-27 14:32:00,93.85,93.85,93.85,93.85,33500,3143975
603026.SH,2026-03-27 14:33:00,93.85,93.85,93.85,93.85,3185,298912
603026.SH,2026-03-27 14:34:00,93.85,93.85,93.85,93.85,6200,581870
603026.SH,2026-03-27 14:35:00,93.85,93.85,93.85,93.85,10600,994810
603026.SH,2026-03-27 14:36:00,93.85,93.85,93.85,93.85,4800,450480
603026.SH,2026-03-27 14:37:00,93.85,93.85,93.85,93.85,3200,300320
603026.SH,2026-03-27 14:38:00,93.85,93.85,93.85,93.85,1900,178315
603026.SH,2026-03-27 14:39:00,93.85,93.85,93.85,93.85,2300,215855
603026.SH,2026-03-27 14:40:00,93.85,93.85,93.85,93.85,9300,872805
603026.SH,2026-03-27 14:41:00,93.85,93.85,93.85,93.85,4100,384785
603026.SH,2026-03-27 14:42:00,93.85,93.85,93.85,93.85,2900,272165
603026.SH,2026-03-27 14:43:00,93.85,93.85,93.85,93.85,5800,544330
603026.SH,2026-03-27 14:44:00,93.85,93.85,93.85,93.85,2200,206470
603026.SH,2026-03-27 14:45:00,93.85,93.85,93.85,93.85,3100,290935
603026.SH,2026-03-27 14:46:00,93.85,93.85,93.85,93.85,5200,488020
603026.SH,2026-03-27 14:47:00,93.85,93.85,93.85,93.85,2700,253395
603026.SH,2026-03-27 14:48:00,93.85,93.85,93.85,93.85,4800,450480
603026.SH,2026-03-27 14:49:00,93.85,93.85,93.85,93.85,5000,469250
603026.SH,2026-03-27 14:50:00,93.85,93.85,93.85,93.85,13000,1220050
603026.SH,2026-03-27 14:51:00,93.85,93.85,93.85,93.85,30700,2881195
603026.SH,2026-03-27 14:52:00,93.85,93.85,93.85,93.85,9200,863420
603026.SH,2026-03-27 14:53:00,93.85,93.85,93.85,93.85,13800,1295130
603026.SH,2026-03-27 14:54:00,93.85,93.85,93.85,93.85,22000,2064700
603026.SH,2026-03-27 14:55:00,93.85,93.85,93.85,93.85,6300,591255
603026.SH,2026-03-27 14:56:00,93.85,93.85,93.85,93.85,34158,3205728
603026.SH,2026-03-27 14:57:00,93.85,93.85,93.85,93.85,14300,1342055
603026.SH,2026-03-27 14:58:00,93.85,93.85,93.85,93.85,0,0
603026.SH,2026-03-27 14:59:00,93.85,93.85,93.85,93.85,0,0
603026.SH,2026-03-27 15:00:00,93.85,93.85,93.85,93.85,24800,2327480
603026.SH,2026-03-30 09:30:00,94.79,94.79,94.79,94.79,678800,64343452
603026.SH,2026-03-30 09:31:00,94.85,95.77,93.88,95.65,1437169,136472160
603026.SH,2026-03-30 09:32:00,95.49,95.96,93.9,93.9,1003100,95368660
603026.SH,2026-03-30 09:33:00,93.87,93.87,90.9,90.96,1075500,99156480
603026.SH,2026-03-30 09:34:00,90.99,94.07,90.99,94.06,768703,71235304
603026.SH,2026-03-30 09:35:00,94.07,94.56,93.04,93.04,698500,65672040
603026.SH,2026-03-30 09:36:00,93.0,93.0,92.18,92.73,629700,58341116
603026.SH,2026-03-30 09:37:00,92.45,93.26,92.45,92.66,345283,32044044
603026.SH,2026-03-30 09:38:00,92.6,92.6,91.9,92.17,479733,44221004
603026.SH,2026-03-30 09:39:00,92.34,92.9,92.34,92.9,517000,47903084
603026.SH,2026-03-30 09:40:00,92.81,93.23,92.21,92.62,359100,33299866
603026.SH,2026-03-30 09:41:00,92.89,92.89,92.16,92.31,330784,30600252
603026.SH,2026-03-30 09:42:00,92.23,92.23,91.68,91.81,630246,57871228
603026.SH,2026-03-30 09:43:00,91.79,91.81,91.34,91.8,600425,54959720
603026.SH,2026-03-30 09:44:00,91.8,91.8,91.4,91.6,237800,21757206
603026.SH,2026-03-30 09:45:00,91.54,92.85,91.54,92.85,211400,19472616
603026.SH,2026-03-30 09:46:00,92.86,93.56,92.86,93.14,257900,24042572
603026.SH,2026-03-30 09:47:00,93.01,93.01,92.17,92.22,143300,13255184
603026.SH,2026-03-30 09:48:00,92.2,92.44,92.03,92.44,178600,16460066
603026.SH,2026-03-30 09:49:00,92.45,93.57,92.45,93.57,166121,15462345
603026.SH,2026-03-30 09:50:00,93.6,93.98,93.31,93.31,310500,29085154
603026.SH,2026-03-30 09:51:00,93.34,93.97,93.25,93.97,112500,10531109
603026.SH,2026-03-30 09:52:00,94.0,94.0,93.27,93.28,351600,32918886
603026.SH,2026-03-30 09:53:00,93.2,94.11,93.0,94.01,207600,19414104
603026.SH,2026-03-30 09:54:00,94.14,94.8,94.14,94.59,366630,34675908
603026.SH,2026-03-30 09:55:00,94.39,94.45,93.52,93.52,275400,25918978
603026.SH,2026-03-30 09:56:00,93.57,94.35,93.52,94.18,133875,12586029
603026.SH,2026-03-30 09:57:00,94.11,94.4,94.11,94.36,185800,17525764
603026.SH,2026-03-30 09:58:00,94.37,95.18,94.37,95.06,426880,40502164
603026.SH,2026-03-30 09:59:00,94.99,95.24,94.8,94.8,351800,33419544
603026.SH,2026-03-30 10:00:00,94.29,94.57,93.79,94.57,214400,20205616
603026.SH,2026-03-30 10:01:00,94.57,94.57,93.86,94.14,123200,11597849
603026.SH,2026-03-30 10:02:00,94.2,94.82,94.2,94.63,80100,7569395
603026.SH,2026-03-30 10:03:00,94.69,94.8,94.15,94.16,117400,11094267
603026.SH,2026-03-30 10:04:00,94.15,94.15,93.9,93.9,94900,8918811
603026.SH,2026-03-30 10:05:00,93.9,93.9,93.47,93.53,149100,13973868
603026.SH,2026-03-30 10:06:00,93.49,93.51,92.9,92.9,94800,8845059
603026.SH,2026-03-30 10:07:00,92.99,92.99,92.67,92.67,80000,7428400
603026.SH,2026-03-30 10:08:00,92.6,92.71,92.22,92.22,152300,14098490
603026.SH,2026-03-30 10:09:00,92.2,92.2,91.82,91.91,269400,24772220
603026.SH,2026-03-30 10:10:00,91.91,91.94,91.68,91.68,195505,17960548
603026.SH,2026-03-30 10:11:00,91.62,91.75,91.55,91.58,134200,12289530
603026.SH,2026-03-30 10:12:00,91.52,91.52,91.18,91.29,197295,18015948
603026.SH,2026-03-30 10:13:00,91.3,91.8,91.3,91.4,184205,16851804
603026.SH,2026-03-30 10:14:00,91.38,91.38,90.93,90.98,408102,37151456
603026.SH,2026-03-30 10:15:00,90.97,91.37,90.97,91.37,130385,11874468
603026.SH,2026-03-30 10:16:00,91.37,91.37,90.93,90.93,173798,15828757
603026.SH,2026-03-30 10:17:00,90.94,91.2,90.79,91.1,319702,29061536
603026.SH,2026-03-30 10:18:00,91.09,91.89,90.9,91.89,254700,23198428
603026.SH,2026-03-30 10:19:00,91.9,92.3,91.37,91.37,72300,6639680
603026.SH,2026-03-30 10:20:00,91.49,92.42,91.4,91.8,97200,8932673
603026.SH,2026-03-30 10:21:00,91.77,91.81,91.35,91.56,69900,6404201
603026.SH,2026-03-30 10:22:00,91.51,91.56,91.46,91.46,58000,5307613
603026.SH,2026-03-30 10:23:00,91.3,91.45,91.26,91.3,208400,19027346
603026.SH,2026-03-30 10:24:00,91.3,91.3,91.05,91.08,157300,14331602
603026.SH,2026-03-30 10:25:00,91.07,91.44,91.05,91.44,103300,9422986
603026.SH,2026-03-30 10:26:00,91.35,91.47,91.35,91.43,27600,2523687
603026.SH,2026-03-30 10:27:00,91.33,91.4,91.17,91.17,38600,3524394
603026.SH,2026-03-30 10:28:00,91.2,91.2,91.06,91.06,43900,4000615
603026.SH,2026-03-30 10:29:00,91.07,91.07,90.9,90.92,76400,6951732
603026.SH,2026-03-30 10:30:00,90.91,90.91,90.82,90.83,149900,13620570
603026.SH,2026-03-30 10:31:00,90.83,91.07,90.83,91.07,99600,9054328
603026.SH,2026-03-30 10:32:00,91.09,91.14,90.95,90.95,57900,5270725
603026.SH,2026-03-30 10:33:00,90.95,90.95,90.25,90.25,141700,12857328
603026.SH,2026-03-30 10:34:00,90.22,90.76,90.12,90.5,231500,20926020
603026.SH,2026-03-30 10:35:00,90.46,90.49,90.19,90.37,207511,18746128
603026.SH,2026-03-30 10:36:00,90.37,90.42,90.37,90.39,63700,5756474
603026.SH,2026-03-30 10:37:00,90.37,90.7,90.36,90.7,90300,8163335
603026.SH,2026-03-30 10:38:00,90.7,90.78,90.5,90.59,56400,5116147
603026.SH,2026-03-30 10:39:00,90.56,90.72,90.42,90.42,38400,3477091
603026.SH,2026-03-30 10:40:00,90.4,90.85,90.3,90.85,84200,7618307
603026.SH,2026-03-30 10:41:00,90.85,91.11,90.75,90.75,76900,6996591
603026.SH,2026-03-30 10:42:00,90.68,90.96,90.31,90.48,56900,5146671
603026.SH,2026-03-30 10:43:00,90.7,90.75,90.56,90.61,30600,2774441
603026.SH,2026-03-30 10:44:00,90.61,90.81,90.61,90.81,27600,2504624
603026.SH,2026-03-30 10:45:00,90.82,90.83,90.46,90.51,62200,5635744
603026.SH,2026-03-30 10:46:00,90.63,90.96,90.5,90.8,76800,6958928
603026.SH,2026-03-30 10:47:00,90.95,91.5,90.91,91.5,56100,5109379
603026.SH,2026-03-30 10:48:00,91.38,91.52,91.37,91.4,112500,10284500
603026.SH,2026-03-30 10:49:00,91.4,91.54,91.4,91.54,51500,4712706
603026.SH,2026-03-30 10:50:00,91.54,91.58,91.5,91.58,44400,4063771
603026.SH,2026-03-30 10:51:00,91.58,91.65,91.42,91.42,71900,6581731
603026.SH,2026-03-30 10:52:00,91.42,91.88,91.42,91.88,21300,1951772
603026.SH,2026-03-30 10:53:00,91.9,92.28,91.9,92.15,89800,8276269
603026.SH,2026-03-30 10:54:00,92.13,92.13,92.02,92.13,61500,5664543
603026.SH,2026-03-30 10:55:00,92.13,92.18,92.07,92.18,41900,3860431
603026.SH,2026-03-30 10:56:00,92.18,92.41,92.18,92.35,59558,5499264
603026.SH,2026-03-30 10:57:00,92.32,92.39,92.28,92.39,42000,3878139
603026.SH,2026-03-30 10:58:00,92.36,92.36,92.31,92.33,38600,3564681
603026.SH,2026-03-30 10:59:00,92.33,92.33,91.81,91.81,46200,4252184
603026.SH,2026-03-30 11:00:00,91.8,91.8,91.7,91.7,28300,2595814
603026.SH,2026-03-30 11:01:00,91.7,91.7,91.62,91.62,23400,2144562
603026.SH,2026-03-30 11:02:00,91.6,91.66,91.51,91.66,33100,3032155
603026.SH,2026-03-30 11:03:00,91.66,92.18,91.65,92.18,32000,2939612
603026.SH,2026-03-30 11:04:00,92.17,92.36,92.0,92.0,41800,3857166
603026.SH,2026-03-30 11:05:00,92.0,92.38,92.0,92.38,37700,3475675
603026.SH,2026-03-30 11:06:00,92.38,92.5,92.38,92.48,46600,4308273
603026.SH,2026-03-30 11:07:00,92.48,92.56,92.42,92.55,63500,5873014
603026.SH,2026-03-30 11:08:00,92.54,92.56,92.39,92.52,23200,2146243
603026.SH,2026-03-30 11:09:00,92.52,92.7,92.52,92.59,31100,2880057
603026.SH,2026-03-30 11:10:00,92.59,92.59,92.3,92.3,32900,3040324
603026.SH,2026-03-30 11:11:00,92.37,92.52,92.28,92.5,23500,2172329
603026.SH,2026-03-30 11:12:00,92.67,92.82,92.5,92.82,51000,4730216
603026.SH,2026-03-30 11:13:00,92.65,92.81,92.63,92.81,40100,3720078
603026.SH,2026-03-30 11:14:00,92.77,92.77,92.01,92.11,88800,8204251
603026.SH,2026-03-30 11:15:00,92.1,92.1,91.52,91.71,35100,3223814
603026.SH,2026-03-30 11:16:00,91.7,91.99,91.7,91.99,23100,2122674
603026.SH,2026-03-30 11:17:00,91.99,92.15,91.99,92.02,10000,920503
603026.SH,2026-03-30 11:18:00,92.12,92.5,92.07,92.5,8300,765217
603026.SH,2026-03-30 11:19:00,92.49,92.49,92.25,92.45,27700,2559167
603026.SH,2026-03-30 11:20:00,92.46,92.5,92.18,92.44,49800,4598130
603026.SH,2026-03-30 11:21:00,92.44,92.57,92.44,92.57,40400,3737841
603026.SH,2026-03-30 11:22:00,92.57,92.58,92.36,92.38,22900,2117486
603026.SH,2026-03-30 11:23:00,92.38,92.55,92.36,92.47,35800,3307935
603026.SH,2026-03-30 11:24:00,92.48,92.55,92.46,92.49,13100,1211622
603026.SH,2026-03-30 11:25:00,92.49,92.6,92.46,92.5,41900,3877138
603026.SH,2026-03-30 11:26:00,92.5,92.5,92.41,92.41,13700,1266894
603026.SH,2026-03-30 11:27:00,92.4,92.42,91.98,91.98,38800,3577303
603026.SH,2026-03-30 11:28:00,91.98,92.16,91.97,92.0,45400,4177392
603026.SH,2026-03-30 11:29:00,92.12,92.12,91.98,92.01,26700,2457835
603026.SH,2026-03-30 11:30:00,91.99,92.02,91.97,92.0,19200,1766160
603026.SH,2026-03-30 13:01:00,92.05,92.05,91.6,91.6,169200,15560816
603026.SH,2026-03-30 13:02:00,91.67,91.67,91.5,91.57,68400,6264650
603026.SH,2026-03-30 13:03:00,91.57,92.4,91.52,92.38,24926,2291911
603026.SH,2026-03-30 13:04:00,92.38,92.38,91.7,92.29,17800,1637623
603026.SH,2026-03-30 13:05:00,91.84,92.15,91.84,92.1,13400,1233230
603026.SH,2026-03-30 13:06:00,92.0,92.71,92.0,92.68,30500,2820769
603026.SH,2026-03-30 13:07:00,92.65,92.69,92.5,92.5,27900,2585182
603026.SH,2026-03-30 13:08:00,92.5,92.5,92.17,92.17,10700,987849
603026.SH,2026-03-30 13:09:00,92.39,92.41,92.13,92.22,30100,2777556
603026.SH,2026-03-30 13:10:00,92.32,92.46,92.22,92.46,18738,1729534
603026.SH,2026-03-30 13:11:00,92.46,92.68,92.46,92.65,32200,2979639
603026.SH,2026-03-30 13:12:00,92.67,93.37,92.63,93.35,113900,10593707
603026.SH,2026-03-30 13:13:00,93.22,93.35,92.71,92.72,45100,4199772
603026.SH,2026-03-30 13:14:00,92.76,92.99,92.76,92.8,39400,3658155
603026.SH,2026-03-30 13:15:00,92.77,92.77,92.51,92.51,34500,3196211
603026.SH,2026-03-30 13:16:00,92.5,92.53,92.44,92.52,26200,2423117
603026.SH,2026-03-30 13:17:00,92.53,92.67,92.52,92.67,14600,1351948
603026.SH,2026-03-30 13:18:00,92.67,92.67,92.63,92.65,10100,935816
603026.SH,2026-03-30 13:19:00,92.63,92.67,92.48,92.48,20000,1852348
603026.SH,2026-03-30 13:20:00,92.4,92.48,92.33,92.48,60800,5617254
603026.SH,2026-03-30 13:21:00,92.38,92.55,92.38,92.49,20700,1915495
603026.SH,2026-03-30 13:22:00,92.47,92.55,92.47,92.5,13600,1258293
603026.SH,2026-03-30 13:23:00,92.51,92.6,92.3,92.3,41200,3807480
603026.SH,2026-03-30 13:24:00,92.3,92.3,92.04,92.06,22000,2027388
603026.SH,2026-03-30 13:25:00,92.06,92.48,92.04,92.17,28900,2661662
603026.SH,2026-03-30 13:26:00,92.17,92.22,92.16,92.18,17100,1577049
603026.SH,2026-03-30 13:27:00,92.24,92.44,92.24,92.44,20500,1893862
603026.SH,2026-03-30 13:28:00,92.46,92.48,92.36,92.46,8400,776475
603026.SH,2026-03-30 13:29:00,92.48,92.5,92.46,92.48,11300,1044972
603026.SH,2026-03-30 13:30:00,92.48,92.48,92.24,92.24,42200,3897151
603026.SH,2026-03-30 13:31:00,92.2,92.2,92.08,92.09,19300,1778140
603026.SH,2026-03-30 13:32:00,92.09,92.09,92.01,92.04,48800,4491379
603026.SH,2026-03-30 13:33:00,92.02,92.5,92.01,92.5,37000,3407539
603026.SH,2026-03-30 13:34:00,92.5,92.55,92.45,92.55,36100,3339114
603026.SH,2026-03-30 13:35:00,92.48,92.69,92.46,92.69,40300,3730299
603026.SH,2026-03-30 13:36:00,92.66,92.97,92.63,92.97,20900,1937902
603026.SH,2026-03-30 13:37:00,92.99,93.0,92.82,92.83,34300,3188987
603026.SH,2026-03-30 13:38:00,92.7,92.85,92.63,92.85,41400,3837770
603026.SH,2026-03-30 13:39:00,92.88,92.9,92.73,92.73,34300,3186039
603026.SH,2026-03-30 13:40:00,92.8,92.89,92.37,92.56,70100,6476216
603026.SH,2026-03-30 13:41:00,92.56,92.79,92.56,92.78,12800,1186176
603026.SH,2026-03-30 13:42:00,92.79,92.91,92.64,92.91,45600,4230560
603026.SH,2026-03-30 13:43:00,92.89,93.0,92.88,93.0,37000,3438238
603026.SH,2026-03-30 13:44:00,93.0,93.29,93.0,93.25,54867,5109215
603026.SH,2026-03-30 13:45:00,93.25,93.25,92.8,92.8,43200,4014156
603026.SH,2026-03-30 13:46:00,92.66,92.66,92.4,92.48,24800,2294570
603026.SH,2026-03-30 13:47:00,92.52,92.7,92.52,92.67,7400,685428
603026.SH,2026-03-30 13:48:00,92.67,92.79,92.56,92.79,18700,1732747
603026.SH,2026-03-30 13:49:00,92.79,92.8,92.78,92.78,8000,742291
603026.SH,2026-03-30 13:50:00,92.78,93.0,92.78,93.0,25204,2341377
603026.SH,2026-03-30 13:51:00,93.0,93.16,92.99,93.16,23700,2205446
603026.SH,2026-03-30 13:52:00,93.17,93.36,93.16,93.36,35000,3264023
603026.SH,2026-03-30 13:53:00,93.36,93.38,93.21,93.24,46200,4313188
603026.SH,2026-03-30 13:54:00,93.24,93.33,93.11,93.12,30900,2880303
603026.SH,2026-03-30 13:55:00,93.18,93.18,93.12,93.18,18600,1732697
603026.SH,2026-03-30 13:56:00,93.21,93.34,93.21,93.34,32700,3049434
603026.SH,2026-03-30 13:57:00,93.34,93.74,93.33,93.74,65500,6121302
603026.SH,2026-03-30 13:58:00,93.8,94.0,93.73,93.73,106000,9957724
603026.SH,2026-03-30 13:59:00,93.65,93.8,93.35,93.4,35500,3321406
603026.SH,2026-03-30 14:00:00,93.39,93.49,93.3,93.35,47600,4445175
603026.SH,2026-03-30 14:01:00,93.35,93.49,93.25,93.25,31500,2940657
603026.SH,2026-03-30 14:02:00,93.24,93.29,93.0,93.0,34100,3177482
603026.SH,2026-03-30 14:03:00,93.0,93.05,92.9,92.9,27900,2593840
603026.SH,2026-03-30 14:04:00,92.95,92.95,92.85,92.87,28100,2610108
603026.SH,2026-03-30 14:05:00,92.94,93.2,92.86,93.2,36100,3355389
603026.SH,2026-03-30 14:06:00,93.25,93.39,93.25,93.32,28300,2641083
603026.SH,2026-03-30 14:07:00,93.33,93.84,93.33,93.84,27600,2580657
603026.SH,2026-03-30 14:08:00,93.85,94.2,93.85,94.2,64600,6070549
603026.SH,2026-03-30 14:09:00,94.2,94.43,93.91,93.91,158200,14898528
603026.SH,2026-03-30 14:10:00,93.91,94.4,93.9,94.4,102600,9659630
603026.SH,2026-03-30 14:11:00,94.4,94.4,93.7,93.7,94000,8846609
603026.SH,2026-03-30 14:12:00,93.7,93.97,93.67,93.97,31600,2961384
603026.SH,2026-03-30 14:13:00,93.96,94.01,93.81,93.95,42200,3964467
603026.SH,2026-03-30 14:14:00,93.95,93.95,93.82,93.82,31200,2929430
603026.SH,2026-03-30 14:15:00,93.88,93.88,93.7,93.7,22000,2063239
603026.SH,2026-03-30 14:16:00,93.78,94.07,93.78,94.07,80000,7513595
603026.SH,2026-03-30 14:17:00,94.1,94.13,94.04,94.1,37800,3556224
603026.SH,2026-03-30 14:18:00,94.12,94.17,93.88,93.9,35400,3328546
603026.SH,2026-03-30 14:19:00,93.92,94.03,93.92,94.03,33900,3185376
603026.SH,2026-03-30 14:20:00,94.03,94.2,94.03,94.2,41400,3897144
603026.SH,2026-03-30 14:21:00,94.2,94.27,94.2,94.24,35200,3317018
603026.SH,2026-03-30 14:22:00,94.24,94.24,94.2,94.2,80100,7547281
603026.SH,2026-03-30 14:23:00,94.2,94.2,94.03,94.03,46000,4330566
603026.SH,2026-03-30 14:24:00,94.0,94.0,93.84,93.84,32300,3033879
603026.SH,2026-03-30 14:25:00,93.82,93.86,93.76,93.77,44700,4193388
603026.SH,2026-03-30 14:26:00,93.76,93.81,93.76,93.8,38200,3582598
603026.SH,2026-03-30 14:27:00,93.8,93.88,93.77,93.88,24300,2279867
603026.SH,2026-03-30 14:28:00,93.9,93.94,93.82,93.82,28100,2638022
603026.SH,2026-03-30 14:29:00,93.82,93.82,93.67,93.72,41300,3868310
603026.SH,2026-03-30 14:30:00,93.67,93.7,93.3,93.5,22400,2092483
603026.SH,2026-03-30 14:31:00,93.5,93.55,93.32,93.52,33900,3169304
603026.SH,2026-03-30 14:32:00,93.52,93.8,93.49,93.8,32500,3041901
603026.SH,2026-03-30 14:33:00,93.82,93.82,93.75,93.8,20000,1875929
603026.SH,2026-03-30 14:34:00,93.8,93.9,93.8,93.87,26500,2487484
603026.SH,2026-03-30 14:35:00,93.88,93.88,93.82,93.82,38500,3613850
603026.SH,2026-03-30 14:36:00,93.83,93.85,93.7,93.7,42900,4022975
603026.SH,2026-03-30 14:37:00,93.68,93.7,93.61,93.61,24100,2257485
603026.SH,2026-03-30 14:38:00,93.61,93.61,93.48,93.48,28200,2637698
603026.SH,2026-03-30 14:39:00,93.47,93.48,93.3,93.3,32300,3016288
603026.SH,2026-03-30 14:40:00,93.29,93.3,93.19,93.26,39500,3683868
603026.SH,2026-03-30 14:41:00,93.24,93.45,93.24,93.4,47098,4394035
603026.SH,2026-03-30 14:42:00,93.45,93.45,93.28,93.28,23300,2175746
603026.SH,2026-03-30 14:43:00,93.27,93.3,93.27,93.29,36300,3386362
603026.SH,2026-03-30 14:44:00,93.28,93.39,93.28,93.39,77400,7222312
603026.SH,2026-03-30 14:45:00,93.4,93.45,93.4,93.42,91100,8509544
603026.SH,2026-03-30 14:46:00,93.45,93.59,93.43,93.59,43400,4056353
603026.SH,2026-03-30 14:47:00,93.6,93.68,93.59,93.68,33100,3099484
603026.SH,2026-03-30 14:48:00,93.69,93.69,93.31,93.31,128200,11985095
603026.SH,2026-03-30 14:49:00,93.28,93.28,92.92,93.01,127500,11864032
603026.SH,2026-03-30 14:50:00,93.01,93.07,92.95,93.07,64500,5999317
603026.SH,2026-03-30 14:51:00,93.05,93.07,92.82,92.82,108800,10113087
603026.SH,2026-03-30 14:52:00,92.81,92.99,92.81,92.98,202700,18833312
603026.SH,2026-03-30 14:53:00,92.96,93.18,92.96,93.18,129700,12066063
603026.SH,2026-03-30 14:54:00,93.29,93.3,93.15,93.15,94500,8812363
603026.SH,2026-03-30 14:55:00,93.14,93.14,92.9,92.91,176300,16388642
603026.SH,2026-03-30 14:56:00,92.92,93.25,92.91,93.24,225073,20952190
603026.SH,2026-03-30 14:57:00,93.24,93.24,93.1,93.18,168200,15681600
603026.SH,2026-03-30 14:58:00,93.18,93.18,93.18,93.18,0,0
603026.SH,2026-03-30 14:59:00,93.18,93.18,93.18,93.18,0,0
603026.SH,2026-03-30 15:00:00,93.06,93.06,93.06,93.06,214200,19933452
603026.SH,2026-03-31 09:30:00,92.62,92.62,92.62,92.62,288700,26739394
603026.SH,2026-03-31 09:31:00,92.88,93.0,90.88,91.0,748300,68948856
603026.SH,2026-03-31 09:32:00,90.41,92.57,90.12,92.47,908427,82964570
603026.SH,2026-03-31 09:33:00,92.5,94.8,92.5,94.62,731900,68700470
603026.SH,2026-03-31 09:34:00,94.0,94.0,92.47,93.34,496347,46531030
603026.SH,2026-03-31 09:35:00,93.29,93.29,92.5,92.5,286262,26581156
603026.SH,2026-03-31 09:36:00,92.5,92.59,92.25,92.3,236008,21812462
603026.SH,2026-03-31 09:37:00,92.24,92.24,91.71,91.71,208000,19132156
603026.SH,2026-03-31 09:38:00,91.71,91.71,91.43,91.44,250000,22883588
603026.SH,2026-03-31 09:39:00,91.49,91.9,91.49,91.71,227525,20860984
603026.SH,2026-03-31 09:40:00,91.58,91.82,91.28,91.28,205300,18809776
603026.SH,2026-03-31 09:41:00,91.2,92.23,91.0,91.81,237704,21779924
603026.SH,2026-03-31 09:42:00,91.94,91.94,91.4,91.42,152700,14002649
603026.SH,2026-03-31 09:43:00,91.41,91.71,91.15,91.48,211500,19316888
603026.SH,2026-03-31 09:44:00,91.67,91.67,90.5,90.55,281700,25603076
603026.SH,2026-03-31 09:45:00,90.5,90.73,90.26,90.42,452606,40953100
603026.SH,2026-03-31 09:46:00,90.43,90.44,90.35,90.37,284600,25734842
603026.SH,2026-03-31 09:47:00,90.37,90.5,90.21,90.21,184800,16699186
603026.SH,2026-03-31 09:48:00,90.17,90.22,90.01,90.2,367497,33131120
603026.SH,2026-03-31 09:49:00,90.21,90.53,90.21,90.36,183800,16604734
603026.SH,2026-03-31 09:50:00,90.37,90.51,90.25,90.5,257435,23258018
603026.SH,2026-03-31 09:51:00,90.49,90.49,89.7,89.71,252765,22771272
603026.SH,2026-03-31 09:52:00,89.71,90.08,89.69,89.76,340861,30620416
603026.SH,2026-03-31 09:53:00,89.73,90.5,89.73,90.5,261362,23529916
603026.SH,2026-03-31 09:54:00,90.44,90.6,90.2,90.4,187700,16978008
603026.SH,2026-03-31 09:55:00,90.4,90.4,90.27,90.28,175100,15817499
603026.SH,2026-03-31 09:56:00,90.29,91.0,90.28,90.5,198100,17940320
603026.SH,2026-03-31 09:57:00,90.57,90.57,90.28,90.36,130900,11833661
603026.SH,2026-03-31 09:58:00,90.48,90.49,89.9,89.9,108600,9789623
603026.SH,2026-03-31 09:59:00,89.89,89.9,89.66,89.66,149700,13438798
603026.SH,2026-03-31 10:00:00,89.66,89.81,89.6,89.67,172300,15453984
603026.SH,2026-03-31 10:01:00,89.66,89.69,89.28,89.28,147300,13190086
603026.SH,2026-03-31 10:02:00,89.26,89.26,88.88,88.93,362500,32286296
603026.SH,2026-03-31 10:03:00,88.93,88.93,88.69,88.73,353900,31427204
603026.SH,2026-03-31 10:04:00,88.71,88.88,88.6,88.88,277600,24623044
603026.SH,2026-03-31 10:05:00,88.91,89.26,88.88,89.05,214641,19117502
603026.SH,2026-03-31 10:06:00,89.02,89.05,88.33,88.33,289500,25668104
603026.SH,2026-03-31 10:07:00,88.41,88.46,88.18,88.19,429700,37947570
603026.SH,2026-03-31 10:08:00,88.19,88.46,88.11,88.39,230700,20375048
603026.SH,2026-03-31 10:09:00,88.42,88.63,88.0,88.04,288300,25430084
603026.SH,2026-03-31 10:10:00,88.15,88.5,88.06,88.27,149800,13219666
603026.SH,2026-03-31 10:11:00,88.28,88.9,88.1,88.9,180500,15955459
603026.SH,2026-03-31 10:12:00,88.86,88.9,88.72,88.86,162300,14412338
603026.SH,2026-03-31 10:13:00,88.77,88.77,88.52,88.71,148659,13181422
603026.SH,2026-03-31 10:14:00,88.71,88.88,88.43,88.52,166154,14717638
603026.SH,2026-03-31 10:15:00,88.52,88.52,88.23,88.23,106600,9420203
603026.SH,2026-03-31 10:16:00,88.28,88.56,88.21,88.51,87000,7689910
603026.SH,2026-03-31 10:17:00,88.36,88.36,88.28,88.34,110500,9762892
603026.SH,2026-03-31 10:18:00,88.35,88.88,88.35,88.81,137959,12209882
603026.SH,2026-03-31 10:19:00,88.81,88.92,88.81,88.92,119700,10634030
603026.SH,2026-03-31 10:20:00,88.95,89.07,88.48,88.48,161300,14337098
603026.SH,2026-03-31 10:21:00,88.45,88.51,88.44,88.51,67300,5955327
603026.SH,2026-03-31 10:22:00,88.53,88.56,88.22,88.23,127900,11310491
603026.SH,2026-03-31 10:23:00,88.24,88.5,88.2,88.48,154100,13600762
603026.SH,2026-03-31 10:24:00,88.43,88.46,88.39,88.39,64700,5720283
603026.SH,2026-03-31 10:25:00,88.37,88.45,88.3,88.43,80500,7113026
603026.SH,2026-03-31 10:26:00,88.44,88.66,88.44,88.55,53100,4701551
603026.SH,2026-03-31 10:27:00,88.55,88.78,88.55,88.78,83400,7390268
603026.SH,2026-03-31 10:28:00,88.8,88.92,88.8,88.92,60100,5341882
603026.SH,2026-03-31 10:29:00,88.91,88.91,88.49,88.49,86600,7681204
603026.SH,2026-03-31 10:30:00,88.35,88.49,88.25,88.43,104600,9240662
603026.SH,2026-03-31 10:31:00,88.43,88.77,88.43,88.77,42400,3751593
603026.SH,2026-03-31 10:32:00,88.77,89.02,88.65,88.98,152500,13550417
603026.SH,2026-03-31 10:33:00,89.0,89.01,88.48,88.55,58100,5159875
603026.SH,2026-03-31 10:34:00,88.55,88.59,88.28,88.31,77400,6846521
603026.SH,2026-03-31 10:35:00,88.31,88.39,88.22,88.24,83200,7346272
603026.SH,2026-03-31 10:36:00,88.21,88.36,88.11,88.24,91700,8089829
603026.SH,2026-03-31 10:37:00,88.23,88.24,88.0,88.02,181300,15960536
603026.SH,2026-03-31 10:38:00,88.0,88.17,87.88,88.04,165300,14544944
603026.SH,2026-03-31 10:39:00,88.06,88.15,87.9,87.9,52100,4584560
603026.SH,2026-03-31 10:40:00,87.89,88.31,87.88,88.31,123300,10852236
603026.SH,2026-03-31 10:41:00,88.31,88.31,87.79,87.79,113000,9941531
603026.SH,2026-03-31 10:42:00,87.75,87.96,87.65,87.66,163000,14303598
603026.SH,2026-03-31 10:43:00,87.67,87.91,87.62,87.77,174500,15306104
603026.SH,2026-03-31 10:44:00,87.73,87.73,87.5,87.65,185200,16220509
603026.SH,2026-03-31 10:45:00,87.63,87.68,87.22,87.36,193100,16883460
603026.SH,2026-03-31 10:46:00,87.5,87.5,87.25,87.36,181000,15812824
603026.SH,2026-03-31 10:47:00,87.42,87.43,86.88,87.03,302300,26323398
603026.SH,2026-03-31 10:48:00,87.0,87.02,86.76,86.8,330200,28694200
603026.SH,2026-03-31 10:49:00,86.84,86.87,86.6,86.74,257000,22302476
603026.SH,2026-03-31 10:50:00,86.74,86.8,86.5,86.59,205979,17850260
603026.SH,2026-03-31 10:51:00,86.52,86.79,86.36,86.79,292558,25341716
603026.SH,2026-03-31 10:52:00,86.82,86.82,86.3,86.39,163100,14121514
603026.SH,2026-03-31 10:53:00,86.36,86.66,86.3,86.58,251400,21726676
603026.SH,2026-03-31 10:54:00,86.57,86.72,86.5,86.7,151000,13081402
603026.SH,2026-03-31 10:55:00,86.7,86.72,86.68,86.7,66700,5783027
603026.SH,2026-03-31 10:56:00,86.75,86.85,86.7,86.84,64900,5631425
603026.SH,2026-03-31 10:57:00,86.82,87.07,86.82,87.02,97900,8513843
603026.SH,2026-03-31 10:58:00,86.93,87.04,86.9,87.04,80200,6972702
603026.SH,2026-03-31 10:59:00,87.04,87.21,87.03,87.21,43100,3753178
603026.SH,2026-03-31 11:00:00,87.33,87.33,87.06,87.08,111100,9682006
603026.SH,2026-03-31 11:01:00,87.08,87.12,86.85,86.87,91000,7917440
603026.SH,2026-03-31 11:02:00,86.91,87.9,86.91,87.9,71900,6291246
603026.SH,2026-03-31 11:03:00,87.9,87.9,87.53,87.53,92200,8093541
603026.SH,2026-03-31 11:04:00,87.54,87.72,87.35,87.35,88700,7773077
603026.SH,2026-03-31 11:05:00,87.34,87.45,87.28,87.45,24000,2096494
603026.SH,2026-03-31 11:06:00,87.42,87.45,87.14,87.39,68000,5931737
603026.SH,2026-03-31 11:07:00,87.42,87.42,87.0,87.0,31600,2755386
603026.SH,2026-03-31 11:08:00,87.1,87.29,87.01,87.29,85500,7445966
603026.SH,2026-03-31 11:09:00,87.28,87.38,87.21,87.38,26700,2330658
603026.SH,2026-03-31 11:10:00,87.38,87.4,87.16,87.26,30600,2671424
603026.SH,2026-03-31 11:11:00,87.26,87.26,87.0,87.04,48800,4252197
603026.SH,2026-03-31 11:12:00,87.04,87.65,87.04,87.53,167400,14591990
603026.SH,2026-03-31 11:13:00,87.59,87.7,87.42,87.51,53500,4683784
603026.SH,2026-03-31 11:14:00,87.59,87.65,87.41,87.55,70800,6199204
603026.SH,2026-03-31 11:15:00,87.57,87.66,87.4,87.5,42000,3677667
603026.SH,2026-03-31 11:16:00,87.52,87.86,87.52,87.71,38000,3334340
603026.SH,2026-03-31 11:17:00,87.86,87.86,87.4,87.47,45600,3993457
603026.SH,2026-03-31 11:18:00,87.33,87.41,87.18,87.29,67800,5916652
603026.SH,2026-03-31 11:19:00,87.49,87.69,87.47,87.48,30200,2643772
603026.SH,2026-03-31 11:20:00,87.55,87.8,87.55,87.6,66900,5863152
603026.SH,2026-03-31 11:21:00,87.6,87.85,87.6,87.85,51500,4517335
603026.SH,2026-03-31 11:22:00,87.8,87.86,87.64,87.64,37700,3310422
603026.SH,2026-03-31 11:23:00,87.57,87.6,87.4,87.4,49700,4351384
603026.SH,2026-03-31 11:24:00,87.56,87.64,87.42,87.53,37000,3237176
603026.SH,2026-03-31 11:25:00,87.5,87.53,87.4,87.4,47600,4162703
603026.SH,2026-03-31 11:26:00,87.4,87.4,87.06,87.12,37500,3268325
603026.SH,2026-03-31 11:27:00,87.07,87.2,87.0,87.0,33700,2934362
603026.SH,2026-03-31 11:28:00,87.0,87.06,86.97,87.05,36200,3149733
603026.SH,2026-03-31 11:29:00,87.05,87.06,87.02,87.04,21900,1906013
603026.SH,2026-03-31 11:30:00,87.04,87.29,87.04,87.27,35800,3120596
603026.SH,2026-03-31 13:01:00,87.28,87.28,86.96,86.96,75400,6572516
603026.SH,2026-03-31 13:02:00,86.96,87.55,86.96,87.55,73800,6437765
603026.SH,2026-03-31 13:03:00,87.58,87.65,87.35,87.36,59800,5238101
603026.SH,2026-03-31 13:04:00,87.36,87.68,87.36,87.68,39800,3485763
603026.SH,2026-03-31 13:05:00,87.71,88.0,87.71,87.98,81600,7170507
603026.SH,2026-03-31 13:06:00,87.99,88.02,87.7,87.7,76300,6707703
603026.SH,2026-03-31 13:07:00,87.63,87.89,87.5,87.75,55500,4867993
603026.SH,2026-03-31 13:08:00,87.7,87.85,87.7,87.8,49800,4372541
603026.SH,2026-03-31 13:09:00,87.83,87.89,87.79,87.88,33300,2924412
603026.SH,2026-03-31 13:10:00,87.86,88.2,87.84,88.2,66800,5877292
603026.SH,2026-03-31 13:11:00,88.14,88.26,88.0,88.08,54400,4795641
603026.SH,2026-03-31 13:12:00,88.07,88.07,87.5,87.61,44100,3867217
603026.SH,2026-03-31 13:13:00,87.64,87.64,87.5,87.5,36600,3204644
603026.SH,2026-03-31 13:14:00,87.5,87.5,87.2,87.27,37100,3238902
603026.SH,2026-03-31 13:15:00,87.29,87.4,87.25,87.3,32400,2828161
603026.SH,2026-03-31 13:16:00,87.3,87.3,87.08,87.2,59800,5211883
603026.SH,2026-03-31 13:17:00,87.15,87.25,87.12,87.22,20900,1822480
603026.SH,2026-03-31 13:18:00,87.22,87.3,87.15,87.26,25800,2250406
603026.SH,2026-03-31 13:19:00,87.24,87.24,87.14,87.16,22600,1970497
603026.SH,2026-03-31 13:20:00,87.16,87.24,87.15,87.2,24400,2127671
603026.SH,2026-03-31 13:21:00,87.2,87.2,87.05,87.06,20400,1776954
603026.SH,2026-03-31 13:22:00,87.06,87.07,87.0,87.01,27400,2384730
603026.SH,2026-03-31 13:23:00,87.0,87.2,87.0,87.2,31600,2750792
603026.SH,2026-03-31 13:24:00,87.2,87.26,87.15,87.18,31500,2746696
603026.SH,2026-03-31 13:25:00,87.18,87.23,87.12,87.21,23900,2083552
603026.SH,2026-03-31 13:26:00,87.21,87.25,87.19,87.19,26900,2346254
603026.SH,2026-03-31 13:27:00,87.17,87.44,87.15,87.41,16300,1422877
603026.SH,2026-03-31 13:28:00,87.39,87.42,87.31,87.39,30700,2682473
603026.SH,2026-03-31 13:29:00,87.38,87.39,87.32,87.32,49600,4334229
603026.SH,2026-03-31 13:30:00,87.31,87.32,87.19,87.19,20800,1814990
603026.SH,2026-03-31 13:31:00,87.2,87.32,87.18,87.32,71400,6225880
603026.SH,2026-03-31 13:32:00,87.32,87.43,87.32,87.42,31700,2768299
603026.SH,2026-03-31 13:33:00,87.42,88.1,87.42,88.08,60000,5270196
603026.SH,2026-03-31 13:34:00,88.3,88.56,88.1,88.56,110100,9734670
603026.SH,2026-03-31 13:35:00,88.49,88.53,88.25,88.38,70000,6191207
603026.SH,2026-03-31 13:36:00,88.39,88.39,88.25,88.25,24900,2198983
603026.SH,2026-03-31 13:37:00,88.26,88.57,88.26,88.57,37500,3316047
603026.SH,2026-03-31 13:38:00,88.57,88.6,88.47,88.57,53200,4710827
603026.SH,2026-03-31 13:39:00,88.56,88.57,88.1,88.1,32800,2897441
603026.SH,2026-03-31 13:40:00,88.09,88.23,88.09,88.1,19483,1717789
603026.SH,2026-03-31 13:41:00,88.1,88.26,88.06,88.15,36600,3226932
603026.SH,2026-03-31 13:42:00,88.12,88.12,88.0,88.1,31400,2764414
603026.SH,2026-03-31 13:43:00,88.1,88.2,88.08,88.2,39800,3506591
603026.SH,2026-03-31 13:44:00,88.2,88.23,88.11,88.11,26300,2319751
603026.SH,2026-03-31 13:45:00,88.11,88.11,87.65,87.98,30500,2681550
603026.SH,2026-03-31 13:46:00,87.97,87.99,87.73,87.9,20600,1810398
603026.SH,2026-03-31 13:47:00,87.9,88.23,87.82,88.23,79000,6950408
603026.SH,2026-03-31 13:48:00,88.12,88.31,88.1,88.25,31900,2813447
603026.SH,2026-03-31 13:49:00,88.22,88.22,88.1,88.2,21700,1913640
603026.SH,2026-03-31 13:50:00,88.2,88.5,88.15,88.47,55100,4865483
603026.SH,2026-03-31 13:51:00,88.51,88.51,88.27,88.27,30400,2686214
603026.SH,2026-03-31 13:52:00,88.26,88.28,88.19,88.26,32900,2902854
603026.SH,2026-03-31 13:53:00,88.26,88.4,88.21,88.4,19600,1730441
603026.SH,2026-03-31 13:54:00,88.38,88.39,88.02,88.04,31300,2760339
603026.SH,2026-03-31 13:55:00,88.04,88.37,88.04,88.19,20600,1817485
603026.SH,2026-03-31 13:56:00,88.2,88.3,88.2,88.3,17400,1535875
603026.SH,2026-03-31 13:57:00,88.29,88.4,88.29,88.4,20000,1766859
603026.SH,2026-03-31 13:58:00,88.39,88.41,88.3,88.35,27500,2430368
603026.SH,2026-03-31 13:59:00,88.33,88.33,88.04,88.16,43400,3827470
603026.SH,2026-03-31 14:00:00,88.01,88.18,88.01,88.15,19800,1745515
603026.SH,2026-03-31 14:01:00,88.09,88.1,87.8,87.8,24500,2153459
603026.SH,2026-03-31 14:02:00,87.81,87.99,87.8,87.92,26500,2328977
603026.SH,2026-03-31 14:03:00,87.93,87.93,87.78,87.78,15300,1343749
603026.SH,2026-03-31 14:04:00,87.78,87.89,87.7,87.7,30200,2652363
603026.SH,2026-03-31 14:05:00,87.7,87.7,87.5,87.66,25500,2234732
603026.SH,2026-03-31 14:06:00,87.66,87.66,87.51,87.54,20000,1751839
603026.SH,2026-03-31 14:07:00,87.57,87.61,87.44,87.44,31300,2740082
603026.SH,2026-03-31 14:08:00,87.5,87.58,87.43,87.44,67900,5939172
603026.SH,2026-03-31 14:09:00,87.46,87.5,87.4,87.5,24200,2116215
603026.SH,2026-03-31 14:10:00,87.5,87.5,87.36,87.36,44300,3871908
603026.SH,2026-03-31 14:11:00,87.36,87.36,87.11,87.11,81100,7071230
603026.SH,2026-03-31 14:12:00,87.1,87.16,87.04,87.16,119200,10378241
603026.SH,2026-03-31 14:13:00,87.16,87.16,87.07,87.07,36600,3187502
603026.SH,2026-03-31 14:14:00,87.07,87.19,87.07,87.12,24200,2107610
603026.SH,2026-03-31 14:15:00,87.12,87.16,87.09,87.1,16100,1402408
603026.SH,2026-03-31 14:16:00,87.09,87.09,87.06,87.06,42100,3665899
603026.SH,2026-03-31 14:17:00,87.06,87.15,87.02,87.15,59900,5215360
603026.SH,2026-03-31 14:18:00,87.15,87.15,87.1,87.15,17400,1516083
603026.SH,2026-03-31 14:19:00,87.15,87.15,87.07,87.07,22800,1986510
603026.SH,2026-03-31 14:20:00,87.06,87.11,87.0,87.09,36800,3203221
603026.SH,2026-03-31 14:21:00,87.09,87.09,86.92,87.0,50700,4411354
603026.SH,2026-03-31 14:22:00,87.0,87.0,86.92,86.92,21400,1861219
603026.SH,2026-03-31 14:23:00,86.92,86.92,86.87,86.92,46500,4040734
603026.SH,2026-03-31 14:24:00,86.93,86.93,86.78,86.8,102686,8914877
603026.SH,2026-03-31 14:25:00,86.8,86.91,86.7,86.82,72214,6267034
603026.SH,2026-03-31 14:26:00,86.91,86.98,86.84,86.98,25186,2189284
603026.SH,2026-03-31 14:27:00,86.98,86.99,86.88,86.88,31414,2731859
603026.SH,2026-03-31 14:28:00,86.84,86.94,86.71,86.94,89386,7756727
603026.SH,2026-03-31 14:29:00,86.84,86.94,86.83,86.83,32500,2822271
603026.SH,2026-03-31 14:30:00,86.82,86.9,86.8,86.9,63200,5490045
603026.SH,2026-03-31 14:31:00,86.89,87.19,86.89,87.16,45000,3915950
603026.SH,2026-03-31 14:32:00,87.16,87.39,87.16,87.35,20600,1797092
603026.SH,2026-03-31 14:33:00,87.41,87.41,87.15,87.17,52100,4545728
603026.SH,2026-03-31 14:34:00,87.17,87.25,87.06,87.1,46500,4051599
603026.SH,2026-03-31 14:35:00,87.11,87.21,87.05,87.12,35700,3109019
603026.SH,2026-03-31 14:36:00,87.14,87.14,86.94,86.94,35300,3071409
603026.SH,2026-03-31 14:37:00,86.98,87.17,86.97,87.05,53291,4639009
603026.SH,2026-03-31 14:38:00,87.04,87.05,86.93,86.93,103500,9001869
603026.SH,2026-03-31 14:39:00,86.94,87.0,86.9,86.9,58900,5122346
603026.SH,2026-03-31 14:40:00,86.9,86.94,86.84,86.94,64800,5629599
603026.SH,2026-03-31 14:41:00,86.92,87.02,86.92,86.97,56000,4871534
603026.SH,2026-03-31 14:42:00,86.97,86.97,86.79,86.79,37600,3266261
603026.SH,2026-03-31 14:43:00,86.79,86.87,86.74,86.74,100300,8705634
603026.SH,2026-03-31 14:44:00,86.71,86.73,86.6,86.6,104100,9022606
603026.SH,2026-03-31 14:45:00,86.6,86.76,86.59,86.6,159543,13825088
603026.SH,2026-03-31 14:46:00,86.6,86.8,86.6,86.77,145200,12591402
603026.SH,2026-03-31 14:47:00,86.78,86.98,86.78,86.98,56478,4906623
603026.SH,2026-03-31 14:48:00,86.98,86.98,86.66,86.67,71200,6177495
603026.SH,2026-03-31 14:49:00,86.66,86.67,86.5,86.58,96300,8338690
603026.SH,2026-03-31 14:50:00,86.59,86.63,86.56,86.61,167200,14479112
603026.SH,2026-03-31 14:51:00,86.61,86.88,86.6,86.82,139100,12060249
603026.SH,2026-03-31 14:52:00,86.82,86.83,86.64,86.65,92072,7985649
603026.SH,2026-03-31 14:53:00,86.66,86.8,86.66,86.78,97300,8438657
603026.SH,2026-03-31 14:54:00,86.78,86.78,86.64,86.66,92200,7993056
603026.SH,2026-03-31 14:55:00,86.69,86.75,86.69,86.69,117200,10162016
603026.SH,2026-03-31 14:56:00,86.68,86.7,86.65,86.65,123100,10670087
603026.SH,2026-03-31 14:57:00,86.68,86.8,86.65,86.78,213240,18489380
603026.SH,2026-03-31 14:58:00,86.77,86.77,86.77,86.77,1200,104138
603026.SH,2026-03-31 14:59:00,86.77,86.77,86.77,86.77,0,0
603026.SH,2026-03-31 15:00:00,86.65,86.65,86.65,86.65,237800,20605370
